path,1,2,3,4,5,6,7,8,9,10,11,12,13,14,15,16,17,18,19,20,21,22,23,24,25,26,27,28,29,30,31,32,33,34,35,36,37,38,39,40,41,42,43,44,45,46,47,48,49,50,51,52,53,54,55,56,57,58,59,60,61,62,63,64
101->105,257.355:270.201,256.991:265.618,252.303:260.983,245.377:255.931,244.804:252.182,246.002:247.443,254.126:241.349,259.282:236.454,267.250:233.225,272.979:230.361,276.312:228.590,281.103:222.601,285.440:216.278,288.446:211.872,292.873:204.894,295.831:199.530,287.395:193.229,273.541:183.542,263.170:177.010,253.540:169.247,244.948:162.321,239.844:158.207,233.022:153.415,222.971:147.010,213.369:138.991,197.616:127.354,194.916:125.425,185.207:118.610,172.199:111.308,155.794:103.027,142.814:97.329,,,,,,,,,,,,,,,,,,,,,,,,,,,,,,,,,
101->120,257.355:270.201,256.991:265.618,252.303:260.983,245.377:255.931,244.804:252.182,246.002:247.443,254.126:241.349,259.282:236.454,267.250:233.225,272.979:230.361,276.312:228.590,281.103:222.601,285.440:216.278,288.446:211.872,292.873:204.894,295.831:199.530,287.395:193.229,294.046:186.564,298.542:180.289,295.606:173.922,293.252:166.883,292.512:160.225,289.702:155.541,284.986:152.808,279.519:149.801,,,,,,,,,,,,,,,,,,,,,,,,,,,,,,,,,,,,,,,
101->20601,257.355:270.201,256.991:265.618,252.303:260.983,245.377:255.931,244.804:252.182,246.002:247.443,254.126:241.349,259.282:236.454,267.250:233.225,272.979:230.361,276.312:228.590,281.103:222.601,285.440:216.278,288.446:211.872,292.873:204.894,295.831:199.530,287.395:193.229,294.046:186.564,298.542:180.289,,,,,,,,,,,,,,,,,,,,,,,,,,,,,,,,,,,,,,,,,,,,,
101->21444,257.355:270.201,256.991:265.618,252.303:260.983,245.377:255.931,244.804:252.182,246.002:247.443,254.126:241.349,259.282:236.454,267.250:233.225,272.979:230.361,276.312:228.590,281.103:222.601,285.440:216.278,288.446:211.872,292.873:204.894,295.831:199.530,287.395:193.229,273.541:183.542,263.170:177.010,253.540:169.247,244.948:162.321,250.837:157.263,,,,,,,,,,,,,,,,,,,,,,,,,,,,,,,,,,,,,,,,,,
101->22,257.355:270.201,256.991:265.618,252.303:260.983,245.377:255.931,244.804:252.182,246.002:247.443,254.126:241.349,259.282:236.454,267.250:233.225,272.979:230.361,276.312:228.590,281.103:222.601,285.440:216.278,288.446:211.872,292.873:204.894,295.831:199.530,287.395:193.229,273.541:183.542,263.170:177.010,253.540:169.247,244.948:162.321,239.844:158.207,233.022:153.415,222.971:147.010,213.369:138.991,216.992:130.220,221.105:119.973,211.572:116.147,202.551:111.363,205.899:103.487,,,,,,,,,,,,,,,,,,,,,,,,,,,,,,,,,,
101->22615,257.355:270.201,256.991:265.618,252.303:260.983,245.377:255.931,244.804:252.182,246.002:247.443,254.126:241.349,259.282:236.454,267.250:233.225,272.979:230.361,277.165:234.213,280.995:236.462,284.216:236.645,290.842:240.474,294.611:242.967,298.441:243.818,295.444:246.775,293.130:249.975,,,,,,,,,,,,,,,,,,,,,,,,,,,,,,,,,,,,,,,,,,,,,,
101->2344,257.355:270.201,256.991:265.618,252.303:260.983,245.377:255.931,244.804:252.182,246.002:247.443,254.126:241.349,259.282:236.454,267.250:233.225,272.979:230.361,276.312:228.590,281.103:222.601,285.440:216.278,288.446:211.872,292.873:204.894,295.831:199.530,287.395:193.229,273.541:183.542,263.170:177.010,,,,,,,,,,,,,,,,,,,,,,,,,,,,,,,,,,,,,,,,,,,,,
101->2505,257.355:270.201,256.991:265.618,252.303:260.983,245.377:255.931,244.804:252.182,246.002:247.443,254.126:241.349,259.282:236.454,267.250:233.225,272.979:230.361,276.312:228.590,281.103:222.601,285.440:216.278,283.721:215.043,,,,,,,,,,,,,,,,,,,,,,,,,,,,,,,,,,,,,,,,,,,,,,,,,,
101->26858,257.355:270.201,256.991:265.618,252.303:260.983,245.377:255.931,244.804:252.182,246.002:247.443,254.126:241.349,259.282:236.454,267.250:233.225,272.979:230.361,276.312:228.590,281.103:222.601,285.440:216.278,288.446:211.872,292.873:204.894,295.831:199.530,309.789:205.728,323.589:208.748,335.464:209.478,341.921:209.634,347.233:210.050,,,,,,,,,,,,,,,,,,,,,,,,,,,,,,,,,,,,,,,,,,,
101->32,257.355:270.201,256.991:265.618,252.303:260.983,245.377:255.931,244.804:252.182,246.002:247.443,254.126:241.349,259.282:236.454,267.250:233.225,272.979:230.361,276.312:228.590,281.103:222.601,285.440:216.278,288.446:211.872,292.873:204.894,295.831:199.530,287.395:193.229,273.541:183.542,266.015:190.376,259.506:196.964,253.235:196.647,247.361:193.392,240.376:190.296,239.106:185.931,,,,,,,,,,,,,,,,,,,,,,,,,,,,,,,,,,,,,,,,
101->32446,257.355:270.201,256.991:265.618,252.303:260.983,245.377:255.931,244.804:252.182,246.002:247.443,254.126:241.349,259.282:236.454,267.250:233.225,272.979:230.361,276.312:228.590,281.103:222.601,285.440:216.278,288.446:211.872,294.565:214.523,297.421:215.607,299.489:219.408,303.034:220.186,303.034:224.470,301.553:226.935,,,,,,,,,,,,,,,,,,,,,,,,,,,,,,,,,,,,,,,,,,,,
101->44615,257.355:270.201,256.991:265.618,252.303:260.983,245.377:255.931,244.804:252.182,246.002:247.443,254.126:241.349,259.282:236.454,267.250:233.225,272.979:230.361,276.312:228.590,281.103:222.601,285.440:216.278,288.446:211.872,292.873:204.894,295.831:199.530,309.789:205.728,,,,,,,,,,,,,,,,,,,,,,,,,,,,,,,,,,,,,,,,,,,,,,,
101->49,257.355:270.201,260.428:274.263,260.324:280.669,264.282:284.939,267.823:284.002,271.312:281.138,276.468:281.138,282.770:280.773,287.092:277.492,293.810:275.357,301.987:272.753,307.924:268.482,310.951:262.358,,,,,,,,,,,,,,,,,,,,,,,,,,,,,,,,,,,,,,,,,,,,,,,,,,,
101->49024,257.355:270.201,256.991:265.618,252.303:260.983,245.377:255.931,244.804:252.182,246.002:247.443,254.126:241.349,259.282:236.454,267.250:233.225,272.979:230.361,276.312:228.590,281.103:222.601,285.440:216.278,288.446:211.872,292.873:204.894,295.831:199.530,287.395:193.229,273.541:183.542,266.015:190.376,259.506:196.964,253.235:196.647,247.361:193.392,,,,,,,,,,,,,,,,,,,,,,,,,,,,,,,,,,,,,,,,,,
101->5,257.355:270.201,256.991:265.618,252.303:260.983,245.377:255.931,244.804:252.182,246.002:247.443,254.126:241.349,259.282:236.454,267.250:233.225,272.979:230.361,276.312:228.590,281.103:222.601,285.440:216.278,288.446:211.872,292.873:204.894,295.831:199.530,287.395:193.229,,,,,,,,,,,,,,,,,,,,,,,,,,,,,,,,,,,,,,,,,,,,,,,
101->51552,257.355:270.201,256.991:265.618,252.303:260.983,245.377:255.931,244.804:252.182,246.002:247.443,254.126:241.349,259.282:236.454,267.250:233.225,272.979:230.361,277.165:234.213,280.995:236.462,,,,,,,,,,,,,,,,,,,,,,,,,,,,,,,,,,,,,,,,,,,,,,,,,,,,
101->52980,257.355:270.201,256.991:265.618,252.303:260.983,245.377:255.931,244.804:252.182,246.002:247.443,254.126:241.349,259.282:236.454,267.250:233.225,272.979:230.361,276.312:228.590,281.103:222.601,285.440:216.278,288.446:211.872,294.565:214.523,,,,,,,,,,,,,,,,,,,,,,,,,,,,,,,,,,,,,,,,,,,,,,,,,
101->54957,257.355:270.201,256.991:265.618,252.303:260.983,245.377:255.931,244.804:252.182,246.002:247.443,254.126:241.349,259.282:236.454,267.250:233.225,272.979:230.361,276.312:228.590,281.103:222.601,285.440:216.278,288.446:211.872,292.873:204.894,295.831:199.530,,,,,,,,,,,,,,,,,,,,,,,,,,,,,,,,,,,,,,,,,,,,,,,,
101->60450,257.355:270.201,256.991:265.618,252.303:260.983,245.377:255.931,244.804:252.182,246.002:247.443,254.126:241.349,259.282:236.454,267.250:233.225,272.979:230.361,276.312:228.590,281.103:222.601,285.440:216.278,288.446:211.872,292.873:204.894,295.831:199.530,287.395:193.229,273.541:183.542,263.170:177.010,253.540:169.247,244.948:162.321,239.844:158.207,233.022:153.415,,,,,,,,,,,,,,,,,,,,,,,,,,,,,,,,,,,,,,,,,
101->63790,257.355:270.201,256.991:265.618,252.303:260.983,245.377:255.931,244.804:252.182,246.002:247.443,254.126:241.349,259.282:236.454,267.250:233.225,272.979:230.361,277.165:234.213,280.995:236.462,284.216:236.645,290.842:240.474,294.611:242.967,298.441:243.818,295.444:246.775,,,,,,,,,,,,,,,,,,,,,,,,,,,,,,,,,,,,,,,,,,,,,,,
101->65385,257.355:270.201,256.991:265.618,252.303:260.983,245.377:255.931,244.804:252.182,246.002:247.443,254.126:241.349,259.282:236.454,267.250:233.225,272.979:230.361,276.312:228.590,281.103:222.601,285.440:216.278,288.446:211.872,294.565:214.523,297.421:215.607,299.489:219.408,,,,,,,,,,,,,,,,,,,,,,,,,,,,,,,,,,,,,,,,,,,,,,,
101->65673,257.355:270.201,256.991:265.618,252.303:260.983,245.377:255.931,244.804:252.182,246.002:247.443,254.126:241.349,259.282:236.454,267.250:233.225,272.979:230.361,276.312:228.590,281.103:222.601,285.440:216.278,288.446:211.872,292.873:204.894,295.831:199.530,309.789:205.728,323.589:208.748,335.464:209.478,341.921:209.634,342.238:205.594,339.156:200.382,337.035:194.274,337.420:188.101,340.700:181.672,344.595:175.542,,,,,,,,,,,,,,,,,,,,,,,,,,,,,,,,,,,,,,
101->71721,257.355:270.201,256.991:265.618,252.303:260.983,245.377:255.931,244.804:252.182,246.002:247.443,254.126:241.349,259.282:236.454,267.250:233.225,272.979:230.361,276.312:228.590,281.103:222.601,285.440:216.278,283.721:215.043,280.749:214.236,276.735:213.986,273.745:211.032,271.999:212.799,269.603:216.159,,,,,,,,,,,,,,,,,,,,,,,,,,,,,,,,,,,,,,,,,,,,,
101->73767,257.355:270.201,256.991:265.618,252.303:260.983,245.377:255.931,244.804:252.182,246.002:247.443,254.126:241.349,259.282:236.454,267.250:233.225,272.979:230.361,276.312:228.590,281.103:222.601,285.440:216.278,283.721:215.043,280.749:214.236,276.735:213.986,273.745:211.032,271.617:208.929,268.562:205.911,,,,,,,,,,,,,,,,,,,,,,,,,,,,,,,,,,,,,,,,,,,,,
101->75205,257.355:270.201,256.991:265.618,252.303:260.983,245.377:255.931,244.804:252.182,246.002:247.443,254.126:241.349,259.282:236.454,267.250:233.225,272.979:230.361,276.312:228.590,281.103:222.601,285.440:216.278,288.446:211.872,292.873:204.894,295.831:199.530,287.395:193.229,273.541:183.542,263.170:177.010,253.540:169.247,244.948:162.321,250.837:157.263,256.201:151.742,259.065:147.524,,,,,,,,,,,,,,,,,,,,,,,,,,,,,,,,,,,,,,,,
101->79100,257.355:270.201,256.991:265.618,252.303:260.983,245.377:255.931,244.804:252.182,246.002:247.443,254.126:241.349,259.282:236.454,267.250:233.225,272.979:230.361,276.312:228.590,281.103:222.601,279.812:220.553,,,,,,,,,,,,,,,,,,,,,,,,,,,,,,,,,,,,,,,,,,,,,,,,,,,
101->84,257.355:270.201,256.991:265.618,252.303:260.983,245.377:255.931,244.804:252.182,246.002:247.443,254.126:241.349,,,,,,,,,,,,,,,,,,,,,,,,,,,,,,,,,,,,,,,,,,,,,,,,,,,,,,,,,
101->88,257.355:270.201,256.991:265.618,252.303:260.983,245.377:255.931,244.804:252.182,246.002:247.443,254.126:241.349,259.282:236.454,267.250:233.225,272.979:230.361,276.312:228.590,281.103:222.601,285.440:216.278,288.446:211.872,292.873:204.894,295.831:199.530,309.789:205.728,323.589:208.748,335.464:209.478,341.921:209.634,347.233:210.050,362.972:211.453,376.773:212.234,,,,,,,,,,,,,,,,,,,,,,,,,,,,,,,,,,,,,,,,,
101->89653,257.355:270.201,256.991:265.618,252.303:260.983,245.377:255.931,244.804:252.182,246.002:247.443,254.126:241.349,259.282:236.454,267.250:233.225,272.979:230.361,276.312:228.590,281.103:222.601,285.440:216.278,288.446:211.872,292.873:204.894,295.831:199.530,299.242:195.278,302.353:188.697,304.946:184.788,306.078:181.726,,,,,,,,,,,,,,,,,,,,,,,,,,,,,,,,,,,,,,,,,,,,
101->9048,257.355:270.201,256.991:265.618,252.303:260.983,245.377:255.931,244.804:252.182,246.002:247.443,254.126:241.349,259.282:236.454,267.250:233.225,272.979:230.361,276.312:228.590,281.103:222.601,285.440:216.278,288.446:211.872,292.873:204.894,295.831:199.530,299.242:195.278,,,,,,,,,,,,,,,,,,,,,,,,,,,,,,,,,,,,,,,,,,,,,,,
101->91297,257.355:270.201,256.991:265.618,252.303:260.983,245.377:255.931,244.804:252.182,246.002:247.443,254.126:241.349,259.282:236.454,267.250:233.225,272.979:230.361,277.165:234.213,280.995:236.462,284.216:236.645,290.842:240.474,,,,,,,,,,,,,,,,,,,,,,,,,,,,,,,,,,,,,,,,,,,,,,,,,,
101->92071,257.355:270.201,256.991:265.618,252.303:260.983,245.377:255.931,244.804:252.182,246.002:247.443,254.126:241.349,259.282:236.454,267.250:233.225,272.979:230.361,277.165:234.213,280.995:236.462,284.216:236.645,290.842:240.474,294.611:242.967,298.441:243.818,295.444:246.775,293.130:249.975,289.092:249.828,284.759:248.203,,,,,,,,,,,,,,,,,,,,,,,,,,,,,,,,,,,,,,,,,,,,
101->95,257.355:270.201,256.991:265.618,252.303:260.983,245.377:255.931,244.804:252.182,246.002:247.443,254.126:241.349,259.282:236.454,267.250:233.225,272.979:230.361,276.312:228.590,281.103:222.601,285.440:216.278,288.446:211.872,292.873:204.894,295.831:199.530,309.789:205.728,323.589:208.748,,,,,,,,,,,,,,,,,,,,,,,,,,,,,,,,,,,,,,,,,,,,,,
101->97999,257.355:270.201,256.991:265.618,252.303:260.983,245.377:255.931,244.804:252.182,246.002:247.443,254.126:241.349,259.282:236.454,267.250:233.225,272.979:230.361,276.312:228.590,281.103:222.601,285.440:216.278,288.446:211.872,294.565:214.523,297.421:215.607,299.489:219.408,303.034:220.186,303.034:224.470,301.553:226.935,304.068:229.591,313.670:231.954,318.762:234.171,,,,,,,,,,,,,,,,,,,,,,,,,,,,,,,,,,,,,,,,,
101->99,257.355:270.201,256.991:265.618,252.303:260.983,245.377:255.931,244.804:252.182,246.002:247.443,254.126:241.349,259.282:236.454,267.250:233.225,272.979:230.361,276.312:228.590,281.103:222.601,285.440:216.278,288.446:211.872,292.873:204.894,295.831:199.530,287.395:193.229,273.541:183.542,263.170:177.010,253.540:169.247,244.948:162.321,239.844:158.207,,,,,,,,,,,,,,,,,,,,,,,,,,,,,,,,,,,,,,,,,,
105->101,142.814:97.329,155.794:103.027,172.199:111.308,185.207:118.610,194.916:125.425,197.616:127.354,213.369:138.991,222.971:147.010,233.022:153.415,239.844:158.207,244.948:162.321,253.540:169.247,263.170:177.010,273.541:183.542,287.395:193.229,295.831:199.530,292.873:204.894,288.446:211.872,285.440:216.278,281.103:222.601,276.312:228.590,272.979:230.361,267.250:233.225,259.282:236.454,254.126:241.349,246.002:247.443,244.804:252.182,245.377:255.931,252.303:260.983,256.991:265.618,257.355:270.201,,,,,,,,,,,,,,,,,,,,,,,,,,,,,,,,,
105->11881,142.814:97.329,155.794:103.027,172.199:111.308,185.207:118.610,194.916:125.425,197.616:127.354,213.369:138.991,222.971:147.010,,,,,,,,,,,,,,,,,,,,,,,,,,,,,,,,,,,,,,,,,,,,,,,,,,,,,,,,
105->120,142.814:97.329,155.794:103.027,172.199:111.308,185.207:118.610,194.916:125.425,197.616:127.354,213.369:138.991,222.971:147.010,233.022:153.415,239.844:158.207,244.948:162.321,250.837:157.263,256.201:151.742,259.065:147.524,262.142:140.680,269.223:140.680,273.596:142.477,278.802:146.350,279.519:149.801,,,,,,,,,,,,,,,,,,,,,,,,,,,,,,,,,,,,,,,,,,,,,
105->13,142.814:97.329,155.794:103.027,172.199:111.308,185.207:118.610,194.916:125.425,197.616:127.354,213.369:138.991,222.971:147.010,233.022:153.415,239.844:158.207,244.948:162.321,253.540:169.247,263.170:177.010,273.541:183.542,287.395:193.229,295.831:199.530,309.789:205.728,323.589:208.748,335.464:209.478,341.921:209.634,347.233:210.050,362.972:211.453,376.773:212.234,389.688:214.526,399.251:216.457,,,,,,,,,,,,,,,,,,,,,,,,,,,,,,,,,,,,,,,
105->13161,142.814:97.329,155.794:103.027,172.199:111.308,185.207:118.610,194.916:125.425,197.616:127.354,213.369:138.991,222.971:147.010,233.022:153.415,239.844:158.207,244.948:162.321,253.540:169.247,263.170:177.010,273.541:183.542,266.015:190.376,259.506:196.964,261.770:199.201,264.577:200.838,265.934:202.619,268.562:205.911,271.617:208.929,273.745:211.032,271.999:212.799,269.603:216.159,267.406:218.259,,,,,,,,,,,,,,,,,,,,,,,,,,,,,,,,,,,,,,,
105->13568,142.814:97.329,155.794:103.027,172.199:111.308,185.207:118.610,194.916:125.425,197.616:127.354,213.369:138.991,216.992:130.220,,,,,,,,,,,,,,,,,,,,,,,,,,,,,,,,,,,,,,,,,,,,,,,,,,,,,,,,
105->13702,142.814:97.329,155.794:103.027,172.199:111.308,185.207:118.610,194.916:125.425,197.616:127.354,213.369:138.991,222.971:147.010,233.022:153.415,239.844:158.207,244.948:162.321,253.540:169.247,263.170:177.010,273.541:183.542,,,,,,,,,,,,,,,,,,,,,,,,,,,,,,,,,,,,,,,,,,,,,,,,,,
105->14185,142.814:97.329,155.794:103.027,172.199:111.308,185.207:118.610,194.916:125.425,197.616:127.354,213.369:138.991,222.971:147.010,233.022:153.415,239.844:158.207,244.948:162.321,253.540:169.247,263.170:177.010,273.541:183.542,287.395:193.229,295.831:199.530,299.242:195.278,302.353:188.697,304.946:184.788,,,,,,,,,,,,,,,,,,,,,,,,,,,,,,,,,,,,,,,,,,,,,
105->14382,142.814:97.329,155.794:103.027,172.199:111.308,185.207:118.610,194.916:125.425,197.616:127.354,195.119:131.075,192.341:136.632,189.811:140.721,,,,,,,,,,,,,,,,,,,,,,,,,,,,,,,,,,,,,,,,,,,,,,,,,,,,,,,
105->19,142.814:97.329,147.227:87.002,149.967:78.863,143.639:73.379,135.818:65.494,132.016:63.775,126.340:58.359,121.601:55.651,112.643:49.610,102.488:48.308,,,,,,,,,,,,,,,,,,,,,,,,,,,,,,,,,,,,,,,,,,,,,,,,,,,,,,
105->21444,142.814:97.329,155.794:103.027,172.199:111.308,185.207:118.610,194.916:125.425,197.616:127.354,213.369:138.991,222.971:147.010,233.022:153.415,239.844:158.207,244.948:162.321,250.837:157.263,,,,,,,,,,,,,,,,,,,,,,,,,,,,,,,,,,,,,,,,,,,,,,,,,,,,
105->22,142.814:97.329,155.794:103.027,172.199:111.308,185.207:118.610,194.916:125.425,198.866:118.313,202.551:111.363,205.899:103.487,,,,,,,,,,,,,,,,,,,,,,,,,,,,,,,,,,,,,,,,,,,,,,,,,,,,,,,,
105->23254,142.814:97.329,155.794:103.027,172.199:111.308,185.207:118.610,194.916:125.425,197.616:127.354,213.369:138.991,222.971:147.010,233.022:153.415,239.844:158.207,244.948:162.321,253.540:169.247,263.170:177.010,273.541:183.542,287.395:193.229,295.831:199.530,309.789:205.728,323.589:208.748,335.464:209.478,341.921:209.634,347.233:210.050,346.414:220.501,,,,,,,,,,,,,,,,,,,,,,,,,,,,,,,,,,,,,,,,,,
105->2344,142.814:97.329,155.794:103.027,172.199:111.308,185.207:118.610,194.916:125.425,197.616:127.354,213.369:138.991,222.971:147.010,233.022:153.415,239.844:158.207,244.948:162.321,253.540:169.247,263.170:177.010,,,,,,,,,,,,,,,,,,,,,,,,,,,,,,,,,,,,,,,,,,,,,,,,,,,
105->23449,142.814:97.329,155.794:103.027,172.199:111.308,185.207:118.610,194.916:125.425,198.866:118.313,202.551:111.363,211.572:116.147,221.105:119.973,231.048:125.270,240.449:129.276,242.392:134.598,248.338:138.117,,,,,,,,,,,,,,,,,,,,,,,,,,,,,,,,,,,,,,,,,,,,,,,,,,,
105->24817,142.814:97.329,155.794:103.027,172.199:111.308,185.207:118.610,194.916:125.425,197.616:127.354,213.369:138.991,222.971:147.010,233.022:153.415,239.844:158.207,244.948:162.321,253.540:169.247,263.170:177.010,273.541:183.542,287.395:193.229,295.831:199.530,309.789:205.728,323.589:208.748,335.464:209.478,,,,,,,,,,,,,,,,,,,,,,,,,,,,,,,,,,,,,,,,,,,,,
105->2505,142.814:97.329,155.794:103.027,172.199:111.308,185.207:118.610,194.916:125.425,197.616:127.354,213.369:138.991,222.971:147.010,233.022:153.415,239.844:158.207,244.948:162.321,253.540:169.247,263.170:177.010,273.541:183.542,287.395:193.229,295.831:199.530,292.873:204.894,288.446:211.872,285.440:216.278,283.721:215.043,,,,,,,,,,,,,,,,,,,,,,,,,,,,,,,,,,,,,,,,,,,,
105->25121,142.814:97.329,155.794:103.027,172.199:111.308,185.207:118.610,194.916:125.425,197.616:127.354,213.369:138.991,216.992:130.220,221.105:119.973,231.048:125.270,,,,,,,,,,,,,,,,,,,,,,,,,,,,,,,,,,,,,,,,,,,,,,,,,,,,,,
105->2757,142.814:97.329,155.794:103.027,172.199:111.308,185.207:118.610,194.916:125.425,197.616:127.354,213.369:138.991,222.971:147.010,233.022:153.415,239.844:158.207,244.948:162.321,253.540:169.247,263.170:177.010,273.541:183.542,287.395:193.229,295.831:199.530,299.242:195.278,302.353:188.697,,,,,,,,,,,,,,,,,,,,,,,,,,,,,,,,,,,,,,,,,,,,,,
105->28385,142.814:97.329,155.794:103.027,172.199:111.308,185.207:118.610,194.916:125.425,197.616:127.354,213.369:138.991,222.971:147.010,233.022:153.415,239.844:158.207,244.948:162.321,253.540:169.247,263.170:177.010,273.541:183.542,287.395:193.229,295.831:199.530,309.789:205.728,323.589:208.748,335.464:209.478,341.921:209.634,342.238:205.594,339.156:200.382,337.035:194.274,,,,,,,,,,,,,,,,,,,,,,,,,,,,,,,,,,,,,,,,,
105->2894,142.814:97.329,155.794:103.027,172.199:111.308,185.207:118.610,194.916:125.425,197.616:127.354,213.369:138.991,211.594:141.393,210.584:143.939,,,,,,,,,,,,,,,,,,,,,,,,,,,,,,,,,,,,,,,,,,,,,,,,,,,,,,,
105->29230,142.814:97.329,155.794:103.027,172.199:111.308,185.207:118.610,194.916:125.425,197.616:127.354,213.369:138.991,216.992:130.220,221.105:119.973,231.048:125.270,240.449:129.276,241.499:125.514,,,,,,,,,,,,,,,,,,,,,,,,,,,,,,,,,,,,,,,,,,,,,,,,,,,,
105->29992,142.814:97.329,155.794:103.027,172.199:111.308,185.207:118.610,194.916:125.425,197.616:127.354,213.369:138.991,222.971:147.010,233.022:153.415,239.844:158.207,244.948:162.321,253.540:169.247,263.170:177.010,273.541:183.542,287.395:193.229,295.831:199.530,309.789:205.728,307.614:210.781,,,,,,,,,,,,,,,,,,,,,,,,,,,,,,,,,,,,,,,,,,,,,,
105->30620,142.814:97.329,155.794:103.027,172.199:111.308,185.207:118.610,194.916:125.425,197.616:127.354,213.369:138.991,222.971:147.010,233.022:153.415,239.844:158.207,244.948:162.321,253.540:169.247,263.170:177.010,273.541:183.542,287.395:193.229,295.831:199.530,309.789:205.728,323.589:208.748,335.464:209.478,341.921:209.634,342.238:205.594,339.156:200.382,,,,,,,,,,,,,,,,,,,,,,,,,,,,,,,,,,,,,,,,,,
105->30732,142.814:97.329,155.794:103.027,172.199:111.308,,,,,,,,,,,,,,,,,,,,,,,,,,,,,,,,,,,,,,,,,,,,,,,,,,,,,,,,,,,,,
105->31591,142.814:97.329,155.794:103.027,172.199:111.308,185.207:118.610,194.916:125.425,197.616:127.354,213.369:138.991,222.971:147.010,233.022:153.415,239.844:158.207,244.948:162.321,253.540:169.247,,,,,,,,,,,,,,,,,,,,,,,,,,,,,,,,,,,,,,,,,,,,,,,,,,,,
105->32,142.814:97.329,155.794:103.027,172.199:111.308,185.207:118.610,194.916:125.425,197.616:127.354,213.369:138.991,222.971:147.010,233.022:153.415,239.844:158.207,234.423:166.563,233.788:176.485,234.820:180.374,239.106:185.931,,,,,,,,,,,,,,,,,,,,,,,,,,,,,,,,,,,,,,,,,,,,,,,,,,
105->32446,142.814:97.329,155.794:103.027,172.199:111.308,185.207:118.610,194.916:125.425,197.616:127.354,213.369:138.991,222.971:147.010,233.022:153.415,239.844:158.207,244.948:162.321,253.540:169.247,263.170:177.010,273.541:183.542,287.395:193.229,295.831:199.530,309.789:205.728,307.614:210.781,303.921:217.527,303.034:220.186,303.034:224.470,301.553:226.935,,,,,,,,,,,,,,,,,,,,,,,,,,,,,,,,,,,,,,,,,,
105->33,142.814:97.329,155.794:103.027,172.199:111.308,185.207:118.610,194.916:125.425,,,,,,,,,,,,,,,,,,,,,,,,,,,,,,,,,,,,,,,,,,,,,,,,,,,,,,,,,,,
105->35213,142.814:97.329,155.794:103.027,172.199:111.308,185.207:118.610,194.916:125.425,197.616:127.354,213.369:138.991,222.971:147.010,233.022:153.415,239.844:158.207,244.948:162.321,253.540:169.247,263.170:177.010,273.541:183.542,287.395:193.229,295.831:199.530,292.873:204.894,288.446:211.872,294.565:214.523,297.421:215.607,,,,,,,,,,,,,,,,,,,,,,,,,,,,,,,,,,,,,,,,,,,,
105->40323,142.814:97.329,155.794:103.027,172.199:111.308,185.207:118.610,194.916:125.425,197.616:127.354,213.369:138.991,222.971:147.010,233.022:153.415,239.844:158.207,244.948:162.321,253.540:169.247,263.170:177.010,273.541:183.542,287.395:193.229,295.831:199.530,309.789:205.728,307.614:210.781,303.921:217.527,303.034:220.186,303.034:224.470,,,,,,,,,,,,,,,,,,,,,,,,,,,,,,,,,,,,,,,,,,,
105->41841,142.814:97.329,155.794:103.027,172.199:111.308,185.207:118.610,194.916:125.425,197.616:127.354,213.369:138.991,222.971:147.010,233.022:153.415,239.844:158.207,244.948:162.321,253.540:169.247,263.170:177.010,273.541:183.542,287.395:193.229,295.831:199.530,309.789:205.728,323.589:208.748,335.464:209.478,341.921:209.634,342.238:205.594,,,,,,,,,,,,,,,,,,,,,,,,,,,,,,,,,,,,,,,,,,,
105->48339,142.814:97.329,155.794:103.027,172.199:111.308,185.207:118.610,194.916:125.425,197.616:127.354,213.369:138.991,222.971:147.010,233.022:153.415,239.844:158.207,244.948:162.321,253.540:169.247,263.170:177.010,273.541:183.542,287.395:193.229,295.831:199.530,309.789:205.728,323.589:208.748,335.464:209.478,341.921:209.634,,,,,,,,,,,,,,,,,,,,,,,,,,,,,,,,,,,,,,,,,,,,
105->49,142.814:97.329,155.794:103.027,172.199:111.308,185.207:118.610,194.916:125.425,197.616:127.354,213.369:138.991,222.971:147.010,233.022:153.415,239.844:158.207,244.948:162.321,253.540:169.247,263.170:177.010,273.541:183.542,287.395:193.229,295.831:199.530,309.789:205.728,323.589:208.748,335.464:209.478,341.921:209.634,347.233:210.050,346.414:220.501,347.233:231.470,342.284:235.228,339.995:239.670,337.398:245.240,333.639:250.297,327.249:249.579,324.140:249.853,323.730:252.620,319.322:252.825,317.921:257.472,310.951:262.358,,,,,,,,,,,,,,,,,,,,,,,,,,,,,,,
105->49081,142.814:97.329,155.794:103.027,172.199:111.308,185.207:118.610,194.916:125.425,197.616:127.354,213.369:138.991,216.992:130.220,221.105:119.973,231.048:125.270,240.449:129.276,,,,,,,,,,,,,,,,,,,,,,,,,,,,,,,,,,,,,,,,,,,,,,,,,,,,,
105->5,142.814:97.329,155.794:103.027,172.199:111.308,185.207:118.610,194.916:125.425,197.616:127.354,213.369:138.991,222.971:147.010,233.022:153.415,239.844:158.207,244.948:162.321,253.540:169.247,263.170:177.010,273.541:183.542,287.395:193.229,,,,,,,,,,,,,,,,,,,,,,,,,,,,,,,,,,,,,,,,,,,,,,,,,
105->50132,142.814:97.329,155.794:103.027,172.199:111.308,185.207:118.610,194.916:125.425,197.616:127.354,213.369:138.991,222.971:147.010,233.022:153.415,239.844:158.207,244.948:162.321,253.540:169.247,263.170:177.010,273.541:183.542,287.395:193.229,295.831:199.530,309.789:205.728,307.614:210.781,303.921:217.527,303.034:220.186,,,,,,,,,,,,,,,,,,,,,,,,,,,,,,,,,,,,,,,,,,,,
105->51286,142.814:97.329,155.794:103.027,172.199:111.308,185.207:118.610,194.916:125.425,197.616:127.354,213.369:138.991,222.971:147.010,233.022:153.415,239.844:158.207,234.423:166.563,233.788:176.485,,,,,,,,,,,,,,,,,,,,,,,,,,,,,,,,,,,,,,,,,,,,,,,,,,,,
105->5135,142.814:97.329,155.794:103.027,172.199:111.308,185.207:118.610,,,,,,,,,,,,,,,,,,,,,,,,,,,,,,,,,,,,,,,,,,,,,,,,,,,,,,,,,,,,
105->51552,142.814:97.329,155.794:103.027,172.199:111.308,185.207:118.610,194.916:125.425,197.616:127.354,213.369:138.991,222.971:147.010,233.022:153.415,239.844:158.207,244.948:162.321,253.540:169.247,263.170:177.010,273.541:183.542,287.395:193.229,295.831:199.530,292.873:204.894,288.446:211.872,285.440:216.278,281.103:222.601,276.312:228.590,272.979:230.361,277.165:234.213,280.995:236.462,,,,,,,,,,,,,,,,,,,,,,,,,,,,,,,,,,,,,,,,
105->51952,142.814:97.329,155.794:103.027,172.199:111.308,185.207:118.610,194.916:125.425,197.616:127.354,213.369:138.991,222.971:147.010,220.826:151.867,,,,,,,,,,,,,,,,,,,,,,,,,,,,,,,,,,,,,,,,,,,,,,,,,,,,,,,
105->53940,142.814:97.329,155.794:103.027,172.199:111.308,185.207:118.610,194.916:125.425,197.616:127.354,213.369:138.991,222.971:147.010,233.022:153.415,239.844:158.207,244.948:162.321,250.837:157.263,256.201:151.742,259.065:147.524,262.142:140.680,269.223:140.680,273.596:142.477,278.802:146.350,279.519:149.801,284.986:152.808,,,,,,,,,,,,,,,,,,,,,,,,,,,,,,,,,,,,,,,,,,,,
105->54272,142.814:97.329,155.794:103.027,172.199:111.308,185.207:118.610,194.916:125.425,198.866:118.313,202.551:111.363,,,,,,,,,,,,,,,,,,,,,,,,,,,,,,,,,,,,,,,,,,,,,,,,,,,,,,,,,
105->60450,142.814:97.329,155.794:103.027,172.199:111.308,185.207:118.610,194.916:125.425,197.616:127.354,213.369:138.991,222.971:147.010,233.022:153.415,,,,,,,,,,,,,,,,,,,,,,,,,,,,,,,,,,,,,,,,,,,,,,,,,,,,,,,
105->63927,142.814:97.329,155.794:103.027,172.199:111.308,185.207:118.610,194.916:125.425,198.866:118.313,202.551:111.363,211.572:116.147,221.105:119.973,231.048:125.270,240.449:129.276,242.392:134.598,,,,,,,,,,,,,,,,,,,,,,,,,,,,,,,,,,,,,,,,,,,,,,,,,,,,
105->65385,142.814:97.329,155.794:103.027,172.199:111.308,185.207:118.610,194.916:125.425,197.616:127.354,213.369:138.991,222.971:147.010,233.022:153.415,239.844:158.207,244.948:162.321,253.540:169.247,263.170:177.010,273.541:183.542,287.395:193.229,295.831:199.530,309.789:205.728,307.614:210.781,303.921:217.527,303.034:220.186,299.489:219.408,,,,,,,,,,,,,,,,,,,,,,,,,,,,,,,,,,,,,,,,,,,
105->66,142.814:97.329,130.791:90.707,115.938:83.891,98.846:77.007,89.400:72.165,75.350:65.577,62.374:59.313,54.849:55.263,47.679:49.139,40.809:41.372,35.471:35.856,23.833:26.340,13.949:16.375,,,,,,,,,,,,,,,,,,,,,,,,,,,,,,,,,,,,,,,,,,,,,,,,,,,
105->66880,142.814:97.329,155.794:103.027,172.199:111.308,185.207:118.610,194.916:125.425,197.616:127.354,213.369:138.991,222.971:147.010,233.022:153.415,239.844:158.207,234.423:166.563,232.022:166.358,229.198:168.632,225.653:168.928,,,,,,,,,,,,,,,,,,,,,,,,,,,,,,,,,,,,,,,,,,,,,,,,,,
105->69933,142.814:97.329,155.794:103.027,172.199:111.308,185.207:118.610,194.916:125.425,198.866:118.313,,,,,,,,,,,,,,,,,,,,,,,,,,,,,,,,,,,,,,,,,,,,,,,,,,,,,,,,,,
105->71721,142.814:97.329,155.794:103.027,172.199:111.308,185.207:118.610,194.916:125.425,197.616:127.354,213.369:138.991,222.971:147.010,233.022:153.415,239.844:158.207,244.948:162.321,253.540:169.247,263.170:177.010,273.541:183.542,266.015:190.376,259.506:196.964,261.770:199.201,264.577:200.838,265.934:202.619,268.562:205.911,271.617:208.929,273.745:211.032,271.999:212.799,269.603:216.159,,,,,,,,,,,,,,,,,,,,,,,,,,,,,,,,,,,,,,,,
105->72897,142.814:97.329,155.794:103.027,172.199:111.308,185.207:118.610,194.916:125.425,197.616:127.354,213.369:138.991,222.971:147.010,233.022:153.415,239.844:158.207,244.948:162.321,253.540:169.247,263.170:177.010,273.541:183.542,287.395:193.229,295.831:199.530,309.789:205.728,323.589:208.748,335.464:209.478,341.921:209.634,347.233:210.050,362.972:211.453,376.773:212.234,377.269:207.599,376.158:201.725,370.983:196.328,367.109:189.263,368.141:182.992,370.983:179.262,,,,,,,,,,,,,,,,,,,,,,,,,,,,,,,,,,,
105->72974,142.814:97.329,155.794:103.027,172.199:111.308,185.207:118.610,194.916:125.425,197.616:127.354,213.369:138.991,222.971:147.010,233.022:153.415,239.844:158.207,244.948:162.321,250.837:157.263,256.201:151.742,,,,,,,,,,,,,,,,,,,,,,,,,,,,,,,,,,,,,,,,,,,,,,,,,,,
105->73767,142.814:97.329,155.794:103.027,172.199:111.308,185.207:118.610,194.916:125.425,197.616:127.354,213.369:138.991,222.971:147.010,233.022:153.415,239.844:158.207,244.948:162.321,253.540:169.247,263.170:177.010,273.541:183.542,266.015:190.376,259.506:196.964,261.770:199.201,264.577:200.838,265.934:202.619,268.562:205.911,,,,,,,,,,,,,,,,,,,,,,,,,,,,,,,,,,,,,,,,,,,,
105->74867,142.814:97.329,155.794:103.027,172.199:111.308,185.207:118.610,194.916:125.425,198.866:118.313,202.551:111.363,211.572:116.147,,,,,,,,,,,,,,,,,,,,,,,,,,,,,,,,,,,,,,,,,,,,,,,,,,,,,,,,
105->75205,142.814:97.329,155.794:103.027,172.199:111.308,185.207:118.610,194.916:125.425,197.616:127.354,213.369:138.991,222.971:147.010,233.022:153.415,239.844:158.207,244.948:162.321,250.837:157.263,256.201:151.742,259.065:147.524,,,,,,,,,,,,,,,,,,,,,,,,,,,,,,,,,,,,,,,,,,,,,,,,,,
105->76205,142.814:97.329,155.794:103.027,172.199:111.308,185.207:118.610,194.916:125.425,197.616:127.354,213.369:138.991,222.971:147.010,233.022:153.415,239.844:158.207,244.948:162.321,253.540:169.247,263.170:177.010,273.541:183.542,287.395:193.229,295.831:199.530,309.789:205.728,323.589:208.748,335.464:209.478,341.921:209.634,342.238:205.594,339.156:200.382,337.035:194.274,337.420:188.101,340.700:181.672,344.595:175.542,347.193:169.199,349.637:164.698,356.323:163.798,360.502:163.991,366.803:162.190,370.983:159.940,373.073:154.252,375.613:149.887,379.265:145.124,380.058:139.488,,,,,,,,,,,,,,,,,,,,,,,,,,,,
105->77272,142.814:97.329,155.794:103.027,172.199:111.308,185.207:118.610,194.916:125.425,197.616:127.354,213.369:138.991,222.971:147.010,233.022:153.415,239.844:158.207,244.948:162.321,253.540:169.247,263.170:177.010,273.541:183.542,287.395:193.229,295.831:199.530,292.873:204.894,288.446:211.872,285.440:216.278,281.103:222.601,276.312:228.590,272.979:230.361,277.165:234.213,,,,,,,,,,,,,,,,,,,,,,,,,,,,,,,,,,,,,,,,,
105->80824,142.814:97.329,155.794:103.027,172.199:111.308,185.207:118.610,194.916:125.425,197.616:127.354,213.369:138.991,216.992:130.220,221.105:119.973,,,,,,,,,,,,,,,,,,,,,,,,,,,,,,,,,,,,,,,,,,,,,,,,,,,,,,,
105->81533,142.814:97.329,155.794:103.027,172.199:111.308,185.207:118.610,194.916:125.425,197.616:127.354,213.369:138.991,222.971:147.010,233.022:153.415,239.844:158.207,244.948:162.321,253.540:169.247,263.170:177.010,273.541:183.542,287.395:193.229,295.831:199.530,309.789:205.728,323.589:208.748,335.464:209.478,341.921:209.634,342.238:205.594,339.156:200.382,337.035:194.274,337.420:188.101,,,,,,,,,,,,,,,,,,,,,,,,,,,,,,,,,,,,,,,,
105->82985,142.814:97.329,155.794:103.027,172.199:111.308,185.207:118.610,194.916:125.425,197.616:127.354,213.369:138.991,211.594:141.393,210.584:143.939,210.732:148.125,,,,,,,,,,,,,,,,,,,,,,,,,,,,,,,,,,,,,,,,,,,,,,,,,,,,,,
105->8318,142.814:97.329,155.794:103.027,172.199:111.308,185.207:118.610,194.916:125.425,197.616:127.354,213.369:138.991,222.971:147.010,233.022:153.415,239.844:158.207,244.948:162.321,,,,,,,,,,,,,,,,,,,,,,,,,,,,,,,,,,,,,,,,,,,,,,,,,,,,,
105->84,142.814:97.329,155.794:103.027,172.199:111.308,185.207:118.610,194.916:125.425,197.616:127.354,213.369:138.991,222.971:147.010,233.022:153.415,239.844:158.207,244.948:162.321,253.540:169.247,263.170:177.010,273.541:183.542,287.395:193.229,295.831:199.530,292.873:204.894,288.446:211.872,285.440:216.278,281.103:222.601,276.312:228.590,272.979:230.361,267.250:233.225,259.282:236.454,254.126:241.349,,,,,,,,,,,,,,,,,,,,,,,,,,,,,,,,,,,,,,,
105->87392,142.814:97.329,155.794:103.027,172.199:111.308,185.207:118.610,194.916:125.425,197.616:127.354,213.369:138.991,,,,,,,,,,,,,,,,,,,,,,,,,,,,,,,,,,,,,,,,,,,,,,,,,,,,,,,,,
105->88,142.814:97.329,155.794:103.027,172.199:111.308,185.207:118.610,194.916:125.425,197.616:127.354,213.369:138.991,222.971:147.010,233.022:153.415,239.844:158.207,244.948:162.321,253.540:169.247,263.170:177.010,273.541:183.542,287.395:193.229,295.831:199.530,309.789:205.728,323.589:208.748,335.464:209.478,341.921:209.634,347.233:210.050,362.972:211.453,376.773:212.234,,,,,,,,,,,,,,,,,,,,,,,,,,,,,,,,,,,,,,,,,
105->9048,142.814:97.329,155.794:103.027,172.199:111.308,185.207:118.610,194.916:125.425,197.616:127.354,213.369:138.991,222.971:147.010,233.022:153.415,239.844:158.207,244.948:162.321,253.540:169.247,263.170:177.010,273.541:183.542,287.395:193.229,295.831:199.530,299.242:195.278,,,,,,,,,,,,,,,,,,,,,,,,,,,,,,,,,,,,,,,,,,,,,,,
105->93162,142.814:97.329,155.794:103.027,172.199:111.308,185.207:118.610,194.916:125.425,197.616:127.354,,,,,,,,,,,,,,,,,,,,,,,,,,,,,,,,,,,,,,,,,,,,,,,,,,,,,,,,,,
105->95,142.814:97.329,155.794:103.027,172.199:111.308,185.207:118.610,194.916:125.425,197.616:127.354,213.369:138.991,222.971:147.010,233.022:153.415,239.844:158.207,244.948:162.321,253.540:169.247,263.170:177.010,273.541:183.542,287.395:193.229,295.831:199.530,309.789:205.728,323.589:208.748,,,,,,,,,,,,,,,,,,,,,,,,,,,,,,,,,,,,,,,,,,,,,,
105->95815,142.814:97.329,155.794:103.027,172.199:111.308,185.207:118.610,194.916:125.425,197.616:127.354,213.369:138.991,222.971:147.010,233.022:153.415,239.844:158.207,244.948:162.321,253.540:169.247,263.170:177.010,273.541:183.542,266.015:190.376,,,,,,,,,,,,,,,,,,,,,,,,,,,,,,,,,,,,,,,,,,,,,,,,,
105->96,142.814:97.329,130.791:90.707,115.938:83.891,98.846:77.007,89.400:72.165,75.350:65.577,62.374:59.313,,,,,,,,,,,,,,,,,,,,,,,,,,,,,,,,,,,,,,,,,,,,,,,,,,,,,,,,,
105->97999,142.814:97.329,155.794:103.027,172.199:111.308,185.207:118.610,194.916:125.425,197.616:127.354,213.369:138.991,222.971:147.010,233.022:153.415,239.844:158.207,244.948:162.321,253.540:169.247,263.170:177.010,273.541:183.542,287.395:193.229,295.831:199.530,309.789:205.728,307.614:210.781,303.921:217.527,303.034:220.186,303.034:224.470,301.553:226.935,304.068:229.591,313.670:231.954,318.762:234.171,,,,,,,,,,,,,,,,,,,,,,,,,,,,,,,,,,,,,,,
105->99,142.814:97.329,155.794:103.027,172.199:111.308,185.207:118.610,194.916:125.425,197.616:127.354,213.369:138.991,222.971:147.010,233.022:153.415,239.844:158.207,,,,,,,,,,,,,,,,,,,,,,,,,,,,,,,,,,,,,,,,,,,,,,,,,,,,,,
11404->120,295.606:173.922,293.252:166.883,292.512:160.225,289.702:155.541,284.986:152.808,279.519:149.801,,,,,,,,,,,,,,,,,,,,,,,,,,,,,,,,,,,,,,,,,,,,,,,,,,,,,,,,,,
11404->13651,295.606:173.922,298.542:180.289,294.046:186.564,287.395:193.229,295.831:199.530,292.873:204.894,,,,,,,,,,,,,,,,,,,,,,,,,,,,,,,,,,,,,,,,,,,,,,,,,,,,,,,,,,
11404->13702,295.606:173.922,298.542:180.289,294.046:186.564,287.395:193.229,273.541:183.542,,,,,,,,,,,,,,,,,,,,,,,,,,,,,,,,,,,,,,,,,,,,,,,,,,,,,,,,,,,
11404->14185,295.606:173.922,298.583:174.490,302.782:177.268,304.882:179.465,306.078:181.726,304.946:184.788,,,,,,,,,,,,,,,,,,,,,,,,,,,,,,,,,,,,,,,,,,,,,,,,,,,,,,,,,,
11404->22,295.606:173.922,298.542:180.289,294.046:186.564,287.395:193.229,273.541:183.542,263.170:177.010,253.540:169.247,244.948:162.321,239.844:158.207,233.022:153.415,222.971:147.010,213.369:138.991,216.992:130.220,221.105:119.973,211.572:116.147,202.551:111.363,205.899:103.487,,,,,,,,,,,,,,,,,,,,,,,,,,,,,,,,,,,,,,,,,,,,,,,
11404->2344,295.606:173.922,298.542:180.289,294.046:186.564,287.395:193.229,273.541:183.542,263.170:177.010,,,,,,,,,,,,,,,,,,,,,,,,,,,,,,,,,,,,,,,,,,,,,,,,,,,,,,,,,,
11404->23449,295.606:173.922,293.252:166.883,292.512:160.225,289.702:155.541,284.986:152.808,279.519:149.801,278.802:146.350,273.596:142.477,269.223:140.680,262.142:140.680,255.137:140.236,248.338:138.117,,,,,,,,,,,,,,,,,,,,,,,,,,,,,,,,,,,,,,,,,,,,,,,,,,,,
11404->26858,295.606:173.922,298.542:180.289,294.046:186.564,287.395:193.229,295.831:199.530,309.789:205.728,323.589:208.748,335.464:209.478,341.921:209.634,347.233:210.050,,,,,,,,,,,,,,,,,,,,,,,,,,,,,,,,,,,,,,,,,,,,,,,,,,,,,,
11404->28385,295.606:173.922,298.542:180.289,294.046:186.564,287.395:193.229,295.831:199.530,309.789:205.728,323.589:208.748,335.464:209.478,341.921:209.634,342.238:205.594,339.156:200.382,337.035:194.274,,,,,,,,,,,,,,,,,,,,,,,,,,,,,,,,,,,,,,,,,,,,,,,,,,,,
11404->29250,295.606:173.922,298.583:174.490,302.782:177.268,,,,,,,,,,,,,,,,,,,,,,,,,,,,,,,,,,,,,,,,,,,,,,,,,,,,,,,,,,,,,
11404->31591,295.606:173.922,298.542:180.289,294.046:186.564,287.395:193.229,273.541:183.542,263.170:177.010,253.540:169.247,,,,,,,,,,,,,,,,,,,,,,,,,,,,,,,,,,,,,,,,,,,,,,,,,,,,,,,,,
11404->32,295.606:173.922,298.542:180.289,294.046:186.564,287.395:193.229,273.541:183.542,266.015:190.376,259.506:196.964,253.235:196.647,247.361:193.392,240.376:190.296,239.106:185.931,,,,,,,,,,,,,,,,,,,,,,,,,,,,,,,,,,,,,,,,,,,,,,,,,,,,,
11404->32446,295.606:173.922,298.542:180.289,294.046:186.564,287.395:193.229,295.831:199.530,309.789:205.728,307.614:210.781,303.921:217.527,303.034:220.186,303.034:224.470,301.553:226.935,,,,,,,,,,,,,,,,,,,,,,,,,,,,,,,,,,,,,,,,,,,,,,,,,,,,,
11404->41841,295.606:173.922,298.542:180.289,294.046:186.564,287.395:193.229,295.831:199.530,309.789:205.728,323.589:208.748,335.464:209.478,341.921:209.634,342.238:205.594,,,,,,,,,,,,,,,,,,,,,,,,,,,,,,,,,,,,,,,,,,,,,,,,,,,,,,
11404->43270,295.606:173.922,293.252:166.883,292.512:160.225,289.702:155.541,284.986:152.808,279.519:149.801,278.802:146.350,273.596:142.477,269.223:140.680,262.142:140.680,255.137:140.236,248.338:138.117,242.392:134.598,240.449:129.276,241.499:125.514,243.600:117.709,,,,,,,,,,,,,,,,,,,,,,,,,,,,,,,,,,,,,,,,,,,,,,,,
11404->44615,295.606:173.922,298.542:180.289,294.046:186.564,287.395:193.229,295.831:199.530,309.789:205.728,,,,,,,,,,,,,,,,,,,,,,,,,,,,,,,,,,,,,,,,,,,,,,,,,,,,,,,,,,
11404->49,295.606:173.922,298.542:180.289,294.046:186.564,287.395:193.229,295.831:199.530,309.789:205.728,323.589:208.748,335.464:209.478,341.921:209.634,347.233:210.050,346.414:220.501,347.233:231.470,342.284:235.228,339.995:239.670,337.398:245.240,333.639:250.297,327.249:249.579,324.140:249.853,323.730:252.620,319.322:252.825,317.921:257.472,310.951:262.358,,,,,,,,,,,,,,,,,,,,,,,,,,,,,,,,,,,,,,,,,,
11404->52980,295.606:173.922,298.542:180.289,294.046:186.564,287.395:193.229,295.831:199.530,292.873:204.894,288.446:211.872,294.565:214.523,,,,,,,,,,,,,,,,,,,,,,,,,,,,,,,,,,,,,,,,,,,,,,,,,,,,,,,,
11404->74523,295.606:173.922,298.542:180.289,294.046:186.564,287.395:193.229,295.831:199.530,309.789:205.728,323.589:208.748,335.464:209.478,341.921:209.634,342.238:205.594,339.156:200.382,337.035:194.274,337.420:188.101,340.700:181.672,344.595:175.542,347.193:169.199,349.637:164.698,356.323:163.798,360.502:163.991,366.803:162.190,370.983:159.940,373.073:154.252,375.613:149.887,379.265:145.124,380.058:139.488,380.579:129.453,380.448:122.917,376.784:117.838,374.253:113.458,372.904:107.029,,,,,,,,,,,,,,,,,,,,,,,,,,,,,,,,,,
11404->79100,295.606:173.922,298.542:180.289,294.046:186.564,287.395:193.229,295.831:199.530,292.873:204.894,288.446:211.872,285.440:216.278,281.103:222.601,279.812:220.553,,,,,,,,,,,,,,,,,,,,,,,,,,,,,,,,,,,,,,,,,,,,,,,,,,,,,,
11404->80124,295.606:173.922,293.252:166.883,,,,,,,,,,,,,,,,,,,,,,,,,,,,,,,,,,,,,,,,,,,,,,,,,,,,,,,,,,,,,,
11404->81533,295.606:173.922,298.542:180.289,294.046:186.564,287.395:193.229,295.831:199.530,309.789:205.728,323.589:208.748,335.464:209.478,341.921:209.634,342.238:205.594,339.156:200.382,337.035:194.274,337.420:188.101,,,,,,,,,,,,,,,,,,,,,,,,,,,,,,,,,,,,,,,,,,,,,,,,,,,
11404->8318,295.606:173.922,298.542:180.289,294.046:186.564,287.395:193.229,273.541:183.542,263.170:177.010,253.540:169.247,244.948:162.321,,,,,,,,,,,,,,,,,,,,,,,,,,,,,,,,,,,,,,,,,,,,,,,,,,,,,,,,
11404->84,295.606:173.922,298.542:180.289,294.046:186.564,287.395:193.229,295.831:199.530,292.873:204.894,288.446:211.872,285.440:216.278,281.103:222.601,276.312:228.590,272.979:230.361,267.250:233.225,259.282:236.454,254.126:241.349,,,,,,,,,,,,,,,,,,,,,,,,,,,,,,,,,,,,,,,,,,,,,,,,,,
11404->88,295.606:173.922,298.542:180.289,294.046:186.564,287.395:193.229,295.831:199.530,309.789:205.728,323.589:208.748,335.464:209.478,341.921:209.634,347.233:210.050,362.972:211.453,376.773:212.234,,,,,,,,,,,,,,,,,,,,,,,,,,,,,,,,,,,,,,,,,,,,,,,,,,,,
11404->9048,295.606:173.922,298.542:180.289,294.046:186.564,287.395:193.229,295.831:199.530,299.242:195.278,,,,,,,,,,,,,,,,,,,,,,,,,,,,,,,,,,,,,,,,,,,,,,,,,,,,,,,,,,
11404->95,295.606:173.922,298.542:180.289,294.046:186.564,287.395:193.229,295.831:199.530,309.789:205.728,323.589:208.748,,,,,,,,,,,,,,,,,,,,,,,,,,,,,,,,,,,,,,,,,,,,,,,,,,,,,,,,,
11404->99,295.606:173.922,298.542:180.289,294.046:186.564,287.395:193.229,273.541:183.542,263.170:177.010,253.540:169.247,244.948:162.321,239.844:158.207,,,,,,,,,,,,,,,,,,,,,,,,,,,,,,,,,,,,,,,,,,,,,,,,,,,,,,,
11881->105,222.971:147.010,213.369:138.991,197.616:127.354,194.916:125.425,185.207:118.610,172.199:111.308,155.794:103.027,142.814:97.329,,,,,,,,,,,,,,,,,,,,,,,,,,,,,,,,,,,,,,,,,,,,,,,,,,,,,,,,
11881->120,222.971:147.010,233.022:153.415,239.844:158.207,244.948:162.321,250.837:157.263,256.201:151.742,259.065:147.524,262.142:140.680,269.223:140.680,273.596:142.477,278.802:146.350,279.519:149.801,,,,,,,,,,,,,,,,,,,,,,,,,,,,,,,,,,,,,,,,,,,,,,,,,,,,
11881->13,222.971:147.010,233.022:153.415,239.844:158.207,244.948:162.321,253.540:169.247,263.170:177.010,273.541:183.542,287.395:193.229,295.831:199.530,309.789:205.728,323.589:208.748,335.464:209.478,341.921:209.634,347.233:210.050,362.972:211.453,376.773:212.234,389.688:214.526,399.251:216.457,,,,,,,,,,,,,,,,,,,,,,,,,,,,,,,,,,,,,,,,,,,,,,
11881->13568,222.971:147.010,213.369:138.991,216.992:130.220,,,,,,,,,,,,,,,,,,,,,,,,,,,,,,,,,,,,,,,,,,,,,,,,,,,,,,,,,,,,,
11881->13702,222.971:147.010,233.022:153.415,239.844:158.207,244.948:162.321,253.540:169.247,263.170:177.010,273.541:183.542,,,,,,,,,,,,,,,,,,,,,,,,,,,,,,,,,,,,,,,,,,,,,,,,,,,,,,,,,
11881->14185,222.971:147.010,233.022:153.415,239.844:158.207,244.948:162.321,253.540:169.247,263.170:177.010,273.541:183.542,287.395:193.229,295.831:199.530,299.242:195.278,302.353:188.697,304.946:184.788,,,,,,,,,,,,,,,,,,,,,,,,,,,,,,,,,,,,,,,,,,,,,,,,,,,,
11881->21444,222.971:147.010,233.022:153.415,239.844:158.207,244.948:162.321,250.837:157.263,,,,,,,,,,,,,,,,,,,,,,,,,,,,,,,,,,,,,,,,,,,,,,,,,,,,,,,,,,,
11881->22,222.971:147.010,213.369:138.991,216.992:130.220,221.105:119.973,211.572:116.147,202.551:111.363,205.899:103.487,,,,,,,,,,,,,,,,,,,,,,,,,,,,,,,,,,,,,,,,,,,,,,,,,,,,,,,,,
11881->2344,222.971:147.010,233.022:153.415,239.844:158.207,244.948:162.321,253.540:169.247,263.170:177.010,,,,,,,,,,,,,,,,,,,,,,,,,,,,,,,,,,,,,,,,,,,,,,,,,,,,,,,,,,
11881->26858,222.971:147.010,233.022:153.415,239.844:158.207,244.948:162.321,253.540:169.247,263.170:177.010,273.541:183.542,287.395:193.229,295.831:199.530,309.789:205.728,323.589:208.748,335.464:209.478,341.921:209.634,347.233:210.050,,,,,,,,,,,,,,,,,,,,,,,,,,,,,,,,,,,,,,,,,,,,,,,,,,
11881->2757,222.971:147.010,233.022:153.415,239.844:158.207,244.948:162.321,253.540:169.247,263.170:177.010,273.541:183.542,287.395:193.229,295.831:199.530,299.242:195.278,302.353:188.697,,,,,,,,,,,,,,,,,,,,,,,,,,,,,,,,,,,,,,,,,,,,,,,,,,,,,
11881->31591,222.971:147.010,233.022:153.415,239.844:158.207,244.948:162.321,253.540:169.247,,,,,,,,,,,,,,,,,,,,,,,,,,,,,,,,,,,,,,,,,,,,,,,,,,,,,,,,,,,
11881->32,222.971:147.010,233.022:153.415,239.844:158.207,234.423:166.563,233.788:176.485,234.820:180.374,239.106:185.931,,,,,,,,,,,,,,,,,,,,,,,,,,,,,,,,,,,,,,,,,,,,,,,,,,,,,,,,,
11881->33,222.971:147.010,213.369:138.991,197.616:127.354,194.916:125.425,,,,,,,,,,,,,,,,,,,,,,,,,,,,,,,,,,,,,,,,,,,,,,,,,,,,,,,,,,,,
11881->5,222.971:147.010,233.022:153.415,239.844:158.207,244.948:162.321,253.540:169.247,263.170:177.010,273.541:183.542,287.395:193.229,,,,,,,,,,,,,,,,,,,,,,,,,,,,,,,,,,,,,,,,,,,,,,,,,,,,,,,,
11881->51286,222.971:147.010,233.022:153.415,239.844:158.207,234.423:166.563,233.788:176.485,,,,,,,,,,,,,,,,,,,,,,,,,,,,,,,,,,,,,,,,,,,,,,,,,,,,,,,,,,,
11881->5135,222.971:147.010,213.369:138.991,197.616:127.354,194.916:125.425,185.207:118.610,,,,,,,,,,,,,,,,,,,,,,,,,,,,,,,,,,,,,,,,,,,,,,,,,,,,,,,,,,,
11881->54272,222.971:147.010,213.369:138.991,216.992:130.220,221.105:119.973,211.572:116.147,202.551:111.363,,,,,,,,,,,,,,,,,,,,,,,,,,,,,,,,,,,,,,,,,,,,,,,,,,,,,,,,,,
11881->60450,222.971:147.010,233.022:153.415,,,,,,,,,,,,,,,,,,,,,,,,,,,,,,,,,,,,,,,,,,,,,,,,,,,,,,,,,,,,,,
11881->63927,222.971:147.010,213.369:138.991,216.992:130.220,221.105:119.973,231.048:125.270,240.449:129.276,242.392:134.598,,,,,,,,,,,,,,,,,,,,,,,,,,,,,,,,,,,,,,,,,,,,,,,,,,,,,,,,,
11881->66,222.971:147.010,213.369:138.991,197.616:127.354,194.916:125.425,185.207:118.610,172.199:111.308,155.794:103.027,142.814:97.329,130.791:90.707,115.938:83.891,98.846:77.007,89.400:72.165,75.350:65.577,62.374:59.313,54.849:55.263,47.679:49.139,40.809:41.372,35.471:35.856,23.833:26.340,13.949:16.375,,,,,,,,,,,,,,,,,,,,,,,,,,,,,,,,,,,,,,,,,,,,
11881->69933,222.971:147.010,213.369:138.991,197.616:127.354,194.916:125.425,198.866:118.313,,,,,,,,,,,,,,,,,,,,,,,,,,,,,,,,,,,,,,,,,,,,,,,,,,,,,,,,,,,
11881->72974,222.971:147.010,233.022:153.415,239.844:158.207,244.948:162.321,250.837:157.263,256.201:151.742,,,,,,,,,,,,,,,,,,,,,,,,,,,,,,,,,,,,,,,,,,,,,,,,,,,,,,,,,,
11881->73767,222.971:147.010,233.022:153.415,239.844:158.207,244.948:162.321,253.540:169.247,263.170:177.010,273.541:183.542,266.015:190.376,259.506:196.964,261.770:199.201,264.577:200.838,265.934:202.619,268.562:205.911,,,,,,,,,,,,,,,,,,,,,,,,,,,,,,,,,,,,,,,,,,,,,,,,,,,
11881->75205,222.971:147.010,233.022:153.415,239.844:158.207,244.948:162.321,250.837:157.263,256.201:151.742,259.065:147.524,,,,,,,,,,,,,,,,,,,,,,,,,,,,,,,,,,,,,,,,,,,,,,,,,,,,,,,,,
11881->80824,222.971:147.010,213.369:138.991,216.992:130.220,221.105:119.973,,,,,,,,,,,,,,,,,,,,,,,,,,,,,,,,,,,,,,,,,,,,,,,,,,,,,,,,,,,,
11881->8318,222.971:147.010,233.022:153.415,239.844:158.207,244.948:162.321,,,,,,,,,,,,,,,,,,,,,,,,,,,,,,,,,,,,,,,,,,,,,,,,,,,,,,,,,,,,
11881->84,222.971:147.010,233.022:153.415,239.844:158.207,244.948:162.321,253.540:169.247,263.170:177.010,273.541:183.542,287.395:193.229,295.831:199.530,292.873:204.894,288.446:211.872,285.440:216.278,281.103:222.601,276.312:228.590,272.979:230.361,267.250:233.225,259.282:236.454,254.126:241.349,,,,,,,,,,,,,,,,,,,,,,,,,,,,,,,,,,,,,,,,,,,,,,
11881->88,222.971:147.010,233.022:153.415,239.844:158.207,244.948:162.321,253.540:169.247,263.170:177.010,273.541:183.542,287.395:193.229,295.831:199.530,309.789:205.728,323.589:208.748,335.464:209.478,341.921:209.634,347.233:210.050,362.972:211.453,376.773:212.234,,,,,,,,,,,,,,,,,,,,,,,,,,,,,,,,,,,,,,,,,,,,,,,,
11881->9048,222.971:147.010,233.022:153.415,239.844:158.207,244.948:162.321,253.540:169.247,263.170:177.010,273.541:183.542,287.395:193.229,295.831:199.530,299.242:195.278,,,,,,,,,,,,,,,,,,,,,,,,,,,,,,,,,,,,,,,,,,,,,,,,,,,,,,
11881->95,222.971:147.010,233.022:153.415,239.844:158.207,244.948:162.321,253.540:169.247,263.170:177.010,273.541:183.542,287.395:193.229,295.831:199.530,309.789:205.728,323.589:208.748,,,,,,,,,,,,,,,,,,,,,,,,,,,,,,,,,,,,,,,,,,,,,,,,,,,,,
11881->96,222.971:147.010,213.369:138.991,197.616:127.354,194.916:125.425,185.207:118.610,172.199:111.308,155.794:103.027,142.814:97.329,130.791:90.707,115.938:83.891,98.846:77.007,89.400:72.165,75.350:65.577,62.374:59.313,,,,,,,,,,,,,,,,,,,,,,,,,,,,,,,,,,,,,,,,,,,,,,,,,,
11881->99,222.971:147.010,233.022:153.415,239.844:158.207,,,,,,,,,,,,,,,,,,,,,,,,,,,,,,,,,,,,,,,,,,,,,,,,,,,,,,,,,,,,,
120->101,279.519:149.801,284.986:152.808,289.702:155.541,292.512:160.225,293.252:166.883,295.606:173.922,298.542:180.289,294.046:186.564,287.395:193.229,295.831:199.530,292.873:204.894,288.446:211.872,285.440:216.278,281.103:222.601,276.312:228.590,272.979:230.361,267.250:233.225,259.282:236.454,254.126:241.349,246.002:247.443,244.804:252.182,245.377:255.931,252.303:260.983,256.991:265.618,257.355:270.201,,,,,,,,,,,,,,,,,,,,,,,,,,,,,,,,,,,,,,,
120->105,279.519:149.801,278.802:146.350,273.596:142.477,269.223:140.680,262.142:140.680,255.137:140.236,248.338:138.117,242.392:134.598,240.449:129.276,231.048:125.270,221.105:119.973,211.572:116.147,202.551:111.363,198.866:118.313,194.916:125.425,185.207:118.610,172.199:111.308,155.794:103.027,142.814:97.329,,,,,,,,,,,,,,,,,,,,,,,,,,,,,,,,,,,,,,,,,,,,,
120->11404,279.519:149.801,284.986:152.808,289.702:155.541,292.512:160.225,293.252:166.883,295.606:173.922,,,,,,,,,,,,,,,,,,,,,,,,,,,,,,,,,,,,,,,,,,,,,,,,,,,,,,,,,,
120->11881,279.519:149.801,278.802:146.350,273.596:142.477,269.223:140.680,262.142:140.680,259.065:147.524,256.201:151.742,250.837:157.263,244.948:162.321,239.844:158.207,233.022:153.415,222.971:147.010,,,,,,,,,,,,,,,,,,,,,,,,,,,,,,,,,,,,,,,,,,,,,,,,,,,,
120->13,279.519:149.801,284.986:152.808,289.702:155.541,292.512:160.225,293.252:166.883,295.606:173.922,298.542:180.289,294.046:186.564,287.395:193.229,295.831:199.530,309.789:205.728,323.589:208.748,335.464:209.478,341.921:209.634,347.233:210.050,362.972:211.453,376.773:212.234,389.688:214.526,399.251:216.457,,,,,,,,,,,,,,,,,,,,,,,,,,,,,,,,,,,,,,,,,,,,,
120->13568,279.519:149.801,278.802:146.350,273.596:142.477,269.223:140.680,262.142:140.680,255.137:140.236,248.338:138.117,242.392:134.598,240.449:129.276,231.048:125.270,221.105:119.973,216.992:130.220,,,,,,,,,,,,,,,,,,,,,,,,,,,,,,,,,,,,,,,,,,,,,,,,,,,,
120->13702,279.519:149.801,284.986:152.808,289.702:155.541,292.512:160.225,293.252:166.883,295.606:173.922,298.542:180.289,294.046:186.564,287.395:193.229,273.541:183.542,,,,,,,,,,,,,,,,,,,,,,,,,,,,,,,,,,,,,,,,,,,,,,,,,,,,,,
120->14185,279.519:149.801,284.986:152.808,289.702:155.541,292.512:160.225,293.252:166.883,295.606:173.922,298.583:174.490,302.782:177.268,304.882:179.465,306.078:181.726,304.946:184.788,,,,,,,,,,,,,,,,,,,,,,,,,,,,,,,,,,,,,,,,,,,,,,,,,,,,,
120->14382,279.519:149.801,278.802:146.350,273.596:142.477,269.223:140.680,262.142:140.680,259.065:147.524,256.201:151.742,250.837:157.263,244.948:162.321,239.844:158.207,233.022:153.415,222.971:147.010,213.369:138.991,197.616:127.354,195.119:131.075,192.341:136.632,189.811:140.721,,,,,,,,,,,,,,,,,,,,,,,,,,,,,,,,,,,,,,,,,,,,,,,
120->17795,279.519:149.801,284.986:152.808,289.702:155.541,292.512:160.225,293.252:166.883,295.606:173.922,298.542:180.289,294.046:186.564,287.395:193.229,295.831:199.530,309.789:205.728,323.589:208.748,335.464:209.478,341.921:209.634,342.238:205.594,339.156:200.382,337.035:194.274,337.420:188.101,340.700:181.672,344.595:175.542,347.193:169.199,349.637:164.698,356.323:163.798,360.502:163.991,366.803:162.190,370.983:159.940,373.073:154.252,,,,,,,,,,,,,,,,,,,,,,,,,,,,,,,,,,,,,
120->19448,279.519:149.801,284.986:152.808,289.702:155.541,292.512:160.225,293.252:166.883,295.606:173.922,298.542:180.289,294.046:186.564,287.395:193.229,295.831:199.530,292.873:204.894,288.446:211.872,285.440:216.278,,,,,,,,,,,,,,,,,,,,,,,,,,,,,,,,,,,,,,,,,,,,,,,,,,,
120->20601,279.519:149.801,284.986:152.808,289.702:155.541,292.512:160.225,293.252:166.883,295.606:173.922,298.542:180.289,,,,,,,,,,,,,,,,,,,,,,,,,,,,,,,,,,,,,,,,,,,,,,,,,,,,,,,,,
120->21444,279.519:149.801,278.802:146.350,273.596:142.477,269.223:140.680,262.142:140.680,259.065:147.524,256.201:151.742,250.837:157.263,,,,,,,,,,,,,,,,,,,,,,,,,,,,,,,,,,,,,,,,,,,,,,,,,,,,,,,,
120->22,279.519:149.801,278.802:146.350,273.596:142.477,269.223:140.680,262.142:140.680,255.137:140.236,248.338:138.117,242.392:134.598,240.449:129.276,231.048:125.270,221.105:119.973,211.572:116.147,202.551:111.363,205.899:103.487,,,,,,,,,,,,,,,,,,,,,,,,,,,,,,,,,,,,,,,,,,,,,,,,,,
120->2344,279.519:149.801,284.986:152.808,289.702:155.541,292.512:160.225,293.252:166.883,295.606:173.922,298.542:180.289,294.046:186.564,287.395:193.229,273.541:183.542,263.170:177.010,,,,,,,,,,,,,,,,,,,,,,,,,,,,,,,,,,,,,,,,,,,,,,,,,,,,,
120->23449,279.519:149.801,278.802:146.350,273.596:142.477,269.223:140.680,262.142:140.680,255.137:140.236,248.338:138.117,,,,,,,,,,,,,,,,,,,,,,,,,,,,,,,,,,,,,,,,,,,,,,,,,,,,,,,,,
120->2505,279.519:149.801,284.986:152.808,289.702:155.541,292.512:160.225,293.252:166.883,295.606:173.922,298.542:180.289,294.046:186.564,287.395:193.229,295.831:199.530,292.873:204.894,288.446:211.872,285.440:216.278,283.721:215.043,,,,,,,,,,,,,,,,,,,,,,,,,,,,,,,,,,,,,,,,,,,,,,,,,,
120->25121,279.519:149.801,278.802:146.350,273.596:142.477,269.223:140.680,262.142:140.680,255.137:140.236,248.338:138.117,242.392:134.598,240.449:129.276,231.048:125.270,,,,,,,,,,,,,,,,,,,,,,,,,,,,,,,,,,,,,,,,,,,,,,,,,,,,,,
120->2552,279.519:149.801,284.986:152.808,289.702:155.541,292.512:160.225,293.252:166.883,295.606:173.922,298.542:180.289,294.046:186.564,287.395:193.229,295.831:199.530,309.789:205.728,323.589:208.748,335.464:209.478,341.921:209.634,347.233:210.050,362.972:211.453,376.773:212.234,389.688:214.526,,,,,,,,,,,,,,,,,,,,,,,,,,,,,,,,,,,,,,,,,,,,,,
120->26858,279.519:149.801,284.986:152.808,289.702:155.541,292.512:160.225,293.252:166.883,295.606:173.922,298.542:180.289,294.046:186.564,287.395:193.229,295.831:199.530,309.789:205.728,323.589:208.748,335.464:209.478,341.921:209.634,347.233:210.050,,,,,,,,,,,,,,,,,,,,,,,,,,,,,,,,,,,,,,,,,,,,,,,,,
120->28385,279.519:149.801,284.986:152.808,289.702:155.541,292.512:160.225,293.252:166.883,295.606:173.922,298.542:180.289,294.046:186.564,287.395:193.229,295.831:199.530,309.789:205.728,323.589:208.748,335.464:209.478,341.921:209.634,342.238:205.594,339.156:200.382,337.035:194.274,,,,,,,,,,,,,,,,,,,,,,,,,,,,,,,,,,,,,,,,,,,,,,,
120->30620,279.519:149.801,284.986:152.808,289.702:155.541,292.512:160.225,293.252:166.883,295.606:173.922,298.542:180.289,294.046:186.564,287.395:193.229,295.831:199.530,309.789:205.728,323.589:208.748,335.464:209.478,341.921:209.634,342.238:205.594,339.156:200.382,,,,,,,,,,,,,,,,,,,,,,,,,,,,,,,,,,,,,,,,,,,,,,,,
120->30732,279.519:149.801,278.802:146.350,273.596:142.477,269.223:140.680,262.142:140.680,259.065:147.524,256.201:151.742,250.837:157.263,244.948:162.321,239.844:158.207,233.022:153.415,222.971:147.010,213.369:138.991,197.616:127.354,194.916:125.425,185.207:118.610,172.199:111.308,,,,,,,,,,,,,,,,,,,,,,,,,,,,,,,,,,,,,,,,,,,,,,,
120->31591,279.519:149.801,278.802:146.350,273.596:142.477,269.223:140.680,262.142:140.680,259.065:147.524,256.201:151.742,250.837:157.263,244.948:162.321,253.540:169.247,,,,,,,,,,,,,,,,,,,,,,,,,,,,,,,,,,,,,,,,,,,,,,,,,,,,,,
120->32,279.519:149.801,278.802:146.350,273.596:142.477,269.223:140.680,262.142:140.680,259.065:147.524,256.201:151.742,250.837:157.263,244.948:162.321,239.844:158.207,234.423:166.563,233.788:176.485,234.820:180.374,239.106:185.931,,,,,,,,,,,,,,,,,,,,,,,,,,,,,,,,,,,,,,,,,,,,,,,,,,
120->32446,279.519:149.801,284.986:152.808,289.702:155.541,292.512:160.225,293.252:166.883,295.606:173.922,298.542:180.289,294.046:186.564,287.395:193.229,295.831:199.530,309.789:205.728,307.614:210.781,303.921:217.527,303.034:220.186,303.034:224.470,301.553:226.935,,,,,,,,,,,,,,,,,,,,,,,,,,,,,,,,,,,,,,,,,,,,,,,,
120->33,279.519:149.801,278.802:146.350,273.596:142.477,269.223:140.680,262.142:140.680,259.065:147.524,256.201:151.742,250.837:157.263,244.948:162.321,239.844:158.207,233.022:153.415,222.971:147.010,213.369:138.991,197.616:127.354,194.916:125.425,,,,,,,,,,,,,,,,,,,,,,,,,,,,,,,,,,,,,,,,,,,,,,,,,
120->35213,279.519:149.801,284.986:152.808,289.702:155.541,292.512:160.225,293.252:166.883,295.606:173.922,298.542:180.289,294.046:186.564,287.395:193.229,295.831:199.530,292.873:204.894,288.446:211.872,294.565:214.523,297.421:215.607,,,,,,,,,,,,,,,,,,,,,,,,,,,,,,,,,,,,,,,,,,,,,,,,,,
120->37558,279.519:149.801,284.986:152.808,289.702:155.541,292.512:160.225,293.252:166.883,295.606:173.922,298.542:180.289,294.046:186.564,287.395:193.229,295.831:199.530,292.873:204.894,288.446:211.872,,,,,,,,,,,,,,,,,,,,,,,,,,,,,,,,,,,,,,,,,,,,,,,,,,,,
120->41841,279.519:149.801,284.986:152.808,289.702:155.541,292.512:160.225,293.252:166.883,295.606:173.922,298.542:180.289,294.046:186.564,287.395:193.229,295.831:199.530,309.789:205.728,323.589:208.748,335.464:209.478,341.921:209.634,342.238:205.594,,,,,,,,,,,,,,,,,,,,,,,,,,,,,,,,,,,,,,,,,,,,,,,,,
120->43270,279.519:149.801,278.802:146.350,273.596:142.477,269.223:140.680,262.142:140.680,255.137:140.236,248.338:138.117,242.392:134.598,240.449:129.276,241.499:125.514,243.600:117.709,,,,,,,,,,,,,,,,,,,,,,,,,,,,,,,,,,,,,,,,,,,,,,,,,,,,,
120->44615,279.519:149.801,284.986:152.808,289.702:155.541,292.512:160.225,293.252:166.883,295.606:173.922,298.542:180.289,294.046:186.564,287.395:193.229,295.831:199.530,309.789:205.728,,,,,,,,,,,,,,,,,,,,,,,,,,,,,,,,,,,,,,,,,,,,,,,,,,,,,
120->48339,279.519:149.801,284.986:152.808,289.702:155.541,292.512:160.225,293.252:166.883,295.606:173.922,298.542:180.289,294.046:186.564,287.395:193.229,295.831:199.530,309.789:205.728,323.589:208.748,335.464:209.478,341.921:209.634,,,,,,,,,,,,,,,,,,,,,,,,,,,,,,,,,,,,,,,,,,,,,,,,,,
120->49,279.519:149.801,284.986:152.808,289.702:155.541,292.512:160.225,293.252:166.883,295.606:173.922,298.542:180.289,294.046:186.564,287.395:193.229,295.831:199.530,309.789:205.728,323.589:208.748,335.464:209.478,341.921:209.634,347.233:210.050,346.414:220.501,347.233:231.470,342.284:235.228,339.995:239.670,337.398:245.240,333.639:250.297,327.249:249.579,324.140:249.853,323.730:252.620,319.322:252.825,317.921:257.472,310.951:262.358,,,,,,,,,,,,,,,,,,,,,,,,,,,,,,,,,,,,,
120->49024,279.519:149.801,284.986:152.808,289.702:155.541,292.512:160.225,293.252:166.883,295.606:173.922,298.542:180.289,294.046:186.564,287.395:193.229,273.541:183.542,266.015:190.376,259.506:196.964,253.235:196.647,247.361:193.392,,,,,,,,,,,,,,,,,,,,,,,,,,,,,,,,,,,,,,,,,,,,,,,,,,
120->5,279.519:149.801,284.986:152.808,289.702:155.541,292.512:160.225,293.252:166.883,295.606:173.922,298.542:180.289,294.046:186.564,287.395:193.229,,,,,,,,,,,,,,,,,,,,,,,,,,,,,,,,,,,,,,,,,,,,,,,,,,,,,,,
120->51286,279.519:149.801,278.802:146.350,273.596:142.477,269.223:140.680,262.142:140.680,259.065:147.524,256.201:151.742,250.837:157.263,244.948:162.321,239.844:158.207,234.423:166.563,233.788:176.485,,,,,,,,,,,,,,,,,,,,,,,,,,,,,,,,,,,,,,,,,,,,,,,,,,,,
120->5135,279.519:149.801,278.802:146.350,273.596:142.477,269.223:140.680,262.142:140.680,259.065:147.524,256.201:151.742,250.837:157.263,244.948:162.321,239.844:158.207,233.022:153.415,222.971:147.010,213.369:138.991,197.616:127.354,194.916:125.425,185.207:118.610,,,,,,,,,,,,,,,,,,,,,,,,,,,,,,,,,,,,,,,,,,,,,,,,
120->51552,279.519:149.801,284.986:152.808,289.702:155.541,292.512:160.225,293.252:166.883,295.606:173.922,298.542:180.289,294.046:186.564,287.395:193.229,295.831:199.530,292.873:204.894,288.446:211.872,285.440:216.278,281.103:222.601,276.312:228.590,272.979:230.361,277.165:234.213,280.995:236.462,,,,,,,,,,,,,,,,,,,,,,,,,,,,,,,,,,,,,,,,,,,,,,
120->51952,279.519:149.801,278.802:146.350,273.596:142.477,269.223:140.680,262.142:140.680,259.065:147.524,256.201:151.742,250.837:157.263,244.948:162.321,239.844:158.207,233.022:153.415,222.971:147.010,220.826:151.867,,,,,,,,,,,,,,,,,,,,,,,,,,,,,,,,,,,,,,,,,,,,,,,,,,,
120->52367,279.519:149.801,284.986:152.808,289.702:155.541,292.512:160.225,293.252:166.883,295.606:173.922,298.542:180.289,294.046:186.564,287.395:193.229,295.831:199.530,309.789:205.728,307.614:210.781,303.921:217.527,303.034:220.186,303.034:224.470,301.553:226.935,304.068:229.591,,,,,,,,,,,,,,,,,,,,,,,,,,,,,,,,,,,,,,,,,,,,,,,
120->52980,279.519:149.801,284.986:152.808,289.702:155.541,292.512:160.225,293.252:166.883,295.606:173.922,298.542:180.289,294.046:186.564,287.395:193.229,295.831:199.530,292.873:204.894,288.446:211.872,294.565:214.523,,,,,,,,,,,,,,,,,,,,,,,,,,,,,,,,,,,,,,,,,,,,,,,,,,,
120->53940,279.519:149.801,284.986:152.808,,,,,,,,,,,,,,,,,,,,,,,,,,,,,,,,,,,,,,,,,,,,,,,,,,,,,,,,,,,,,,
120->54272,279.519:149.801,278.802:146.350,273.596:142.477,269.223:140.680,262.142:140.680,255.137:140.236,248.338:138.117,242.392:134.598,240.449:129.276,231.048:125.270,221.105:119.973,211.572:116.147,202.551:111.363,,,,,,,,,,,,,,,,,,,,,,,,,,,,,,,,,,,,,,,,,,,,,,,,,,,
120->54957,279.519:149.801,284.986:152.808,289.702:155.541,292.512:160.225,293.252:166.883,295.606:173.922,298.542:180.289,294.046:186.564,287.395:193.229,295.831:199.530,,,,,,,,,,,,,,,,,,,,,,,,,,,,,,,,,,,,,,,,,,,,,,,,,,,,,,
120->58365,279.519:149.801,284.986:152.808,289.702:155.541,292.512:160.225,293.252:166.883,295.606:173.922,298.542:180.289,294.046:186.564,287.395:193.229,273.541:183.542,266.015:190.376,259.506:196.964,261.770:199.201,264.577:200.838,265.934:202.619,268.562:205.911,271.617:208.929,,,,,,,,,,,,,,,,,,,,,,,,,,,,,,,,,,,,,,,,,,,,,,,
120->60368,279.519:149.801,284.986:152.808,289.702:155.541,292.512:160.225,293.252:166.883,295.606:173.922,298.542:180.289,294.046:186.564,287.395:193.229,273.541:183.542,266.015:190.376,259.506:196.964,,,,,,,,,,,,,,,,,,,,,,,,,,,,,,,,,,,,,,,,,,,,,,,,,,,,
120->60450,279.519:149.801,278.802:146.350,273.596:142.477,269.223:140.680,262.142:140.680,259.065:147.524,256.201:151.742,250.837:157.263,244.948:162.321,239.844:158.207,233.022:153.415,,,,,,,,,,,,,,,,,,,,,,,,,,,,,,,,,,,,,,,,,,,,,,,,,,,,,
120->60800,279.519:149.801,284.986:152.808,289.702:155.541,292.512:160.225,293.252:166.883,295.606:173.922,298.542:180.289,294.046:186.564,287.395:193.229,273.541:183.542,266.015:190.376,259.506:196.964,261.770:199.201,264.577:200.838,265.934:202.619,264.693:203.237,264.143:205.369,261.236:210.021,258.781:213.446,257.144:211.297,255.017:208.227,,,,,,,,,,,,,,,,,,,,,,,,,,,,,,,,,,,,,,,,,,,
120->63253,279.519:149.801,284.986:152.808,289.702:155.541,292.512:160.225,,,,,,,,,,,,,,,,,,,,,,,,,,,,,,,,,,,,,,,,,,,,,,,,,,,,,,,,,,,,
120->63927,279.519:149.801,278.802:146.350,273.596:142.477,269.223:140.680,262.142:140.680,255.137:140.236,248.338:138.117,242.392:134.598,,,,,,,,,,,,,,,,,,,,,,,,,,,,,,,,,,,,,,,,,,,,,,,,,,,,,,,,
120->64018,279.519:149.801,284.986:152.808,289.702:155.541,292.512:160.225,293.252:166.883,295.606:173.922,298.542:180.289,294.046:186.564,,,,,,,,,,,,,,,,,,,,,,,,,,,,,,,,,,,,,,,,,,,,,,,,,,,,,,,,
120->65385,279.519:149.801,284.986:152.808,289.702:155.541,292.512:160.225,293.252:166.883,295.606:173.922,298.542:180.289,294.046:186.564,287.395:193.229,295.831:199.530,309.789:205.728,307.614:210.781,303.921:217.527,303.034:220.186,299.489:219.408,,,,,,,,,,,,,,,,,,,,,,,,,,,,,,,,,,,,,,,,,,,,,,,,,
120->66,279.519:149.801,278.802:146.350,273.596:142.477,269.223:140.680,262.142:140.680,259.065:147.524,256.201:151.742,250.837:157.263,244.948:162.321,239.844:158.207,233.022:153.415,222.971:147.010,213.369:138.991,197.616:127.354,194.916:125.425,185.207:118.610,172.199:111.308,155.794:103.027,142.814:97.329,130.791:90.707,115.938:83.891,98.846:77.007,89.400:72.165,75.350:65.577,62.374:59.313,54.849:55.263,47.679:49.139,40.809:41.372,35.471:35.856,23.833:26.340,13.949:16.375,,,,,,,,,,,,,,,,,,,,,,,,,,,,,,,,,
120->69933,279.519:149.801,278.802:146.350,273.596:142.477,269.223:140.680,262.142:140.680,255.137:140.236,248.338:138.117,242.392:134.598,240.449:129.276,231.048:125.270,221.105:119.973,211.572:116.147,202.551:111.363,198.866:118.313,,,,,,,,,,,,,,,,,,,,,,,,,,,,,,,,,,,,,,,,,,,,,,,,,,
120->71721,279.519:149.801,284.986:152.808,289.702:155.541,292.512:160.225,293.252:166.883,295.606:173.922,298.542:180.289,294.046:186.564,287.395:193.229,295.831:199.530,292.873:204.894,288.446:211.872,285.440:216.278,283.721:215.043,280.749:214.236,276.735:213.986,273.745:211.032,271.999:212.799,269.603:216.159,,,,,,,,,,,,,,,,,,,,,,,,,,,,,,,,,,,,,,,,,,,,,
120->72974,279.519:149.801,278.802:146.350,273.596:142.477,269.223:140.680,262.142:140.680,259.065:147.524,256.201:151.742,,,,,,,,,,,,,,,,,,,,,,,,,,,,,,,,,,,,,,,,,,,,,,,,,,,,,,,,,
120->74523,279.519:149.801,284.986:152.808,289.702:155.541,292.512:160.225,293.252:166.883,295.606:173.922,298.542:180.289,294.046:186.564,287.395:193.229,295.831:199.530,309.789:205.728,323.589:208.748,335.464:209.478,341.921:209.634,342.238:205.594,339.156:200.382,337.035:194.274,337.420:188.101,340.700:181.672,344.595:175.542,347.193:169.199,349.637:164.698,356.323:163.798,360.502:163.991,366.803:162.190,370.983:159.940,373.073:154.252,375.613:149.887,379.265:145.124,380.058:139.488,380.579:129.453,380.448:122.917,376.784:117.838,374.253:113.458,372.904:107.029,,,,,,,,,,,,,,,,,,,,,,,,,,,,,
120->74867,279.519:149.801,278.802:146.350,273.596:142.477,269.223:140.680,262.142:140.680,255.137:140.236,248.338:138.117,242.392:134.598,240.449:129.276,231.048:125.270,221.105:119.973,211.572:116.147,,,,,,,,,,,,,,,,,,,,,,,,,,,,,,,,,,,,,,,,,,,,,,,,,,,,
120->75205,279.519:149.801,278.802:146.350,273.596:142.477,269.223:140.680,262.142:140.680,259.065:147.524,,,,,,,,,,,,,,,,,,,,,,,,,,,,,,,,,,,,,,,,,,,,,,,,,,,,,,,,,,
120->79100,279.519:149.801,284.986:152.808,289.702:155.541,292.512:160.225,293.252:166.883,295.606:173.922,298.542:180.289,294.046:186.564,287.395:193.229,295.831:199.530,292.873:204.894,288.446:211.872,285.440:216.278,281.103:222.601,279.812:220.553,,,,,,,,,,,,,,,,,,,,,,,,,,,,,,,,,,,,,,,,,,,,,,,,,
120->80824,279.519:149.801,278.802:146.350,273.596:142.477,269.223:140.680,262.142:140.680,255.137:140.236,248.338:138.117,242.392:134.598,240.449:129.276,231.048:125.270,221.105:119.973,,,,,,,,,,,,,,,,,,,,,,,,,,,,,,,,,,,,,,,,,,,,,,,,,,,,,
120->81533,279.519:149.801,284.986:152.808,289.702:155.541,292.512:160.225,293.252:166.883,295.606:173.922,298.542:180.289,294.046:186.564,287.395:193.229,295.831:199.530,309.789:205.728,323.589:208.748,335.464:209.478,341.921:209.634,342.238:205.594,339.156:200.382,337.035:194.274,337.420:188.101,,,,,,,,,,,,,,,,,,,,,,,,,,,,,,,,,,,,,,,,,,,,,,
120->82106,279.519:149.801,278.802:146.350,273.596:142.477,269.223:140.680,262.142:140.680,259.065:147.524,256.201:151.742,250.837:157.263,244.948:162.321,239.844:158.207,234.423:166.563,,,,,,,,,,,,,,,,,,,,,,,,,,,,,,,,,,,,,,,,,,,,,,,,,,,,,
120->8318,279.519:149.801,278.802:146.350,273.596:142.477,269.223:140.680,262.142:140.680,259.065:147.524,256.201:151.742,250.837:157.263,244.948:162.321,,,,,,,,,,,,,,,,,,,,,,,,,,,,,,,,,,,,,,,,,,,,,,,,,,,,,,,
120->84,279.519:149.801,284.986:152.808,289.702:155.541,292.512:160.225,293.252:166.883,295.606:173.922,298.542:180.289,294.046:186.564,287.395:193.229,295.831:199.530,292.873:204.894,288.446:211.872,285.440:216.278,281.103:222.601,276.312:228.590,272.979:230.361,267.250:233.225,259.282:236.454,254.126:241.349,,,,,,,,,,,,,,,,,,,,,,,,,,,,,,,,,,,,,,,,,,,,,
120->85873,279.519:149.801,284.986:152.808,289.702:155.541,292.512:160.225,293.252:166.883,295.606:173.922,298.542:180.289,294.046:186.564,287.395:193.229,295.831:199.530,309.789:205.728,307.614:210.781,303.921:217.527,303.034:220.186,303.034:224.470,301.553:226.935,304.068:229.591,313.670:231.954,318.762:234.171,326.689:238.012,,,,,,,,,,,,,,,,,,,,,,,,,,,,,,,,,,,,,,,,,,,,
120->87392,279.519:149.801,278.802:146.350,273.596:142.477,269.223:140.680,262.142:140.680,259.065:147.524,256.201:151.742,250.837:157.263,244.948:162.321,239.844:158.207,233.022:153.415,222.971:147.010,213.369:138.991,,,,,,,,,,,,,,,,,,,,,,,,,,,,,,,,,,,,,,,,,,,,,,,,,,,
120->88,279.519:149.801,284.986:152.808,289.702:155.541,292.512:160.225,293.252:166.883,295.606:173.922,298.542:180.289,294.046:186.564,287.395:193.229,295.831:199.530,309.789:205.728,323.589:208.748,335.464:209.478,341.921:209.634,347.233:210.050,362.972:211.453,376.773:212.234,,,,,,,,,,,,,,,,,,,,,,,,,,,,,,,,,,,,,,,,,,,,,,,
120->89653,279.519:149.801,284.986:152.808,289.702:155.541,292.512:160.225,293.252:166.883,295.606:173.922,298.583:174.490,302.782:177.268,304.882:179.465,306.078:181.726,,,,,,,,,,,,,,,,,,,,,,,,,,,,,,,,,,,,,,,,,,,,,,,,,,,,,,
120->90040,279.519:149.801,284.986:152.808,289.702:155.541,292.512:160.225,293.252:166.883,295.606:173.922,298.542:180.289,294.046:186.564,287.395:193.229,295.831:199.530,309.789:205.728,323.589:208.748,335.464:209.478,341.921:209.634,342.238:205.594,339.156:200.382,337.035:194.274,337.420:188.101,340.700:181.672,344.595:175.542,347.193:169.199,349.637:164.698,356.323:163.798,360.502:163.991,366.803:162.190,370.983:159.940,373.073:154.252,375.613:149.887,,,,,,,,,,,,,,,,,,,,,,,,,,,,,,,,,,,,
120->9048,279.519:149.801,284.986:152.808,289.702:155.541,292.512:160.225,293.252:166.883,295.606:173.922,298.542:180.289,294.046:186.564,287.395:193.229,295.831:199.530,299.242:195.278,,,,,,,,,,,,,,,,,,,,,,,,,,,,,,,,,,,,,,,,,,,,,,,,,,,,,
120->91020,279.519:149.801,284.986:152.808,289.702:155.541,292.512:160.225,293.252:166.883,295.606:173.922,298.542:180.289,294.046:186.564,287.395:193.229,295.831:199.530,309.789:205.728,323.589:208.748,335.464:209.478,341.921:209.634,347.233:210.050,362.972:211.453,,,,,,,,,,,,,,,,,,,,,,,,,,,,,,,,,,,,,,,,,,,,,,,,
120->92674,279.519:149.801,278.802:146.350,273.596:142.477,269.223:140.680,262.142:140.680,259.065:147.524,256.201:151.742,250.837:157.263,244.948:162.321,239.844:158.207,234.423:166.563,232.022:166.358,,,,,,,,,,,,,,,,,,,,,,,,,,,,,,,,,,,,,,,,,,,,,,,,,,,,
120->93162,279.519:149.801,278.802:146.350,273.596:142.477,269.223:140.680,262.142:140.680,255.137:140.236,248.338:138.117,242.392:134.598,240.449:129.276,231.048:125.270,221.105:119.973,216.992:130.220,213.369:138.991,197.616:127.354,,,,,,,,,,,,,,,,,,,,,,,,,,,,,,,,,,,,,,,,,,,,,,,,,,
120->93266,279.519:149.801,284.986:152.808,289.702:155.541,292.512:160.225,293.252:166.883,295.606:173.922,298.542:180.289,294.046:186.564,287.395:193.229,295.831:199.530,309.789:205.728,307.614:210.781,303.921:217.527,,,,,,,,,,,,,,,,,,,,,,,,,,,,,,,,,,,,,,,,,,,,,,,,,,,
120->95,279.519:149.801,284.986:152.808,289.702:155.541,292.512:160.225,293.252:166.883,295.606:173.922,298.542:180.289,294.046:186.564,287.395:193.229,295.831:199.530,309.789:205.728,323.589:208.748,,,,,,,,,,,,,,,,,,,,,,,,,,,,,,,,,,,,,,,,,,,,,,,,,,,,
120->95138,279.519:149.801,284.986:152.808,289.702:155.541,292.512:160.225,293.252:166.883,295.606:173.922,298.542:180.289,294.046:186.564,287.395:193.229,295.831:199.530,292.873:204.894,288.446:211.872,285.440:216.278,283.721:215.043,280.749:214.236,276.735:213.986,273.745:211.032,271.999:212.799,,,,,,,,,,,,,,,,,,,,,,,,,,,,,,,,,,,,,,,,,,,,,,
120->95815,279.519:149.801,284.986:152.808,289.702:155.541,292.512:160.225,293.252:166.883,295.606:173.922,298.542:180.289,294.046:186.564,287.395:193.229,273.541:183.542,266.015:190.376,,,,,,,,,,,,,,,,,,,,,,,,,,,,,,,,,,,,,,,,,,,,,,,,,,,,,
120->96,279.519:149.801,278.802:146.350,273.596:142.477,269.223:140.680,262.142:140.680,259.065:147.524,256.201:151.742,250.837:157.263,244.948:162.321,239.844:158.207,233.022:153.415,222.971:147.010,213.369:138.991,197.616:127.354,194.916:125.425,185.207:118.610,172.199:111.308,155.794:103.027,142.814:97.329,130.791:90.707,115.938:83.891,98.846:77.007,89.400:72.165,75.350:65.577,62.374:59.313,,,,,,,,,,,,,,,,,,,,,,,,,,,,,,,,,,,,,,,
120->97999,279.519:149.801,284.986:152.808,289.702:155.541,292.512:160.225,293.252:166.883,295.606:173.922,298.542:180.289,294.046:186.564,287.395:193.229,295.831:199.530,309.789:205.728,307.614:210.781,303.921:217.527,303.034:220.186,303.034:224.470,301.553:226.935,304.068:229.591,313.670:231.954,318.762:234.171,,,,,,,,,,,,,,,,,,,,,,,,,,,,,,,,,,,,,,,,,,,,,
120->99,279.519:149.801,278.802:146.350,273.596:142.477,269.223:140.680,262.142:140.680,259.065:147.524,256.201:151.742,250.837:157.263,244.948:162.321,239.844:158.207,,,,,,,,,,,,,,,,,,,,,,,,,,,,,,,,,,,,,,,,,,,,,,,,,,,,,,
120->99658,279.519:149.801,278.802:146.350,273.596:142.477,269.223:140.680,262.142:140.680,,,,,,,,,,,,,,,,,,,,,,,,,,,,,,,,,,,,,,,,,,,,,,,,,,,,,,,,,,,
13->105,399.251:216.457,389.688:214.526,376.773:212.234,362.972:211.453,347.233:210.050,341.921:209.634,335.464:209.478,323.589:208.748,309.789:205.728,295.831:199.530,287.395:193.229,273.541:183.542,263.170:177.010,253.540:169.247,244.948:162.321,239.844:158.207,233.022:153.415,222.971:147.010,213.369:138.991,197.616:127.354,194.916:125.425,185.207:118.610,172.199:111.308,155.794:103.027,142.814:97.329,,,,,,,,,,,,,,,,,,,,,,,,,,,,,,,,,,,,,,,
13->11881,399.251:216.457,389.688:214.526,376.773:212.234,362.972:211.453,347.233:210.050,341.921:209.634,335.464:209.478,323.589:208.748,309.789:205.728,295.831:199.530,287.395:193.229,273.541:183.542,263.170:177.010,253.540:169.247,244.948:162.321,239.844:158.207,233.022:153.415,222.971:147.010,,,,,,,,,,,,,,,,,,,,,,,,,,,,,,,,,,,,,,,,,,,,,,
13->120,399.251:216.457,389.688:214.526,376.773:212.234,362.972:211.453,347.233:210.050,341.921:209.634,335.464:209.478,323.589:208.748,309.789:205.728,295.831:199.530,287.395:193.229,294.046:186.564,298.542:180.289,295.606:173.922,293.252:166.883,292.512:160.225,289.702:155.541,284.986:152.808,279.519:149.801,,,,,,,,,,,,,,,,,,,,,,,,,,,,,,,,,,,,,,,,,,,,,
13->13568,399.251:216.457,389.688:214.526,376.773:212.234,362.972:211.453,347.233:210.050,341.921:209.634,335.464:209.478,323.589:208.748,309.789:205.728,295.831:199.530,287.395:193.229,273.541:183.542,263.170:177.010,253.540:169.247,244.948:162.321,239.844:158.207,233.022:153.415,222.971:147.010,213.369:138.991,216.992:130.220,,,,,,,,,,,,,,,,,,,,,,,,,,,,,,,,,,,,,,,,,,,,
13->13702,399.251:216.457,389.688:214.526,376.773:212.234,362.972:211.453,347.233:210.050,341.921:209.634,335.464:209.478,323.589:208.748,309.789:205.728,295.831:199.530,287.395:193.229,273.541:183.542,,,,,,,,,,,,,,,,,,,,,,,,,,,,,,,,,,,,,,,,,,,,,,,,,,,,
13->13852,399.251:216.457,389.688:214.526,376.773:212.234,362.972:211.453,347.233:210.050,341.921:209.634,342.238:205.594,339.156:200.382,337.035:194.274,337.420:188.101,340.700:181.672,344.595:175.542,347.193:169.199,,,,,,,,,,,,,,,,,,,,,,,,,,,,,,,,,,,,,,,,,,,,,,,,,,,
13->14185,399.251:216.457,389.688:214.526,376.773:212.234,362.972:211.453,347.233:210.050,341.921:209.634,335.464:209.478,323.589:208.748,309.789:205.728,295.831:199.530,299.242:195.278,302.353:188.697,304.946:184.788,,,,,,,,,,,,,,,,,,,,,,,,,,,,,,,,,,,,,,,,,,,,,,,,,,,
13->15079,399.251:216.457,389.688:214.526,376.773:212.234,362.972:211.453,347.233:210.050,341.921:209.634,342.238:205.594,339.156:200.382,337.035:194.274,337.420:188.101,340.700:181.672,344.595:175.542,347.193:169.199,349.637:164.698,,,,,,,,,,,,,,,,,,,,,,,,,,,,,,,,,,,,,,,,,,,,,,,,,,
13->17795,399.251:216.457,389.688:214.526,376.773:212.234,377.269:207.599,376.158:201.725,370.983:196.328,367.109:189.263,368.141:182.992,370.983:179.262,374.094:172.594,373.541:164.692,370.983:159.940,373.073:154.252,,,,,,,,,,,,,,,,,,,,,,,,,,,,,,,,,,,,,,,,,,,,,,,,,,,
13->19448,399.251:216.457,389.688:214.526,376.773:212.234,362.972:211.453,347.233:210.050,341.921:209.634,335.464:209.478,323.589:208.748,309.789:205.728,295.831:199.530,292.873:204.894,288.446:211.872,285.440:216.278,,,,,,,,,,,,,,,,,,,,,,,,,,,,,,,,,,,,,,,,,,,,,,,,,,,
13->20601,399.251:216.457,389.688:214.526,376.773:212.234,362.972:211.453,347.233:210.050,341.921:209.634,335.464:209.478,323.589:208.748,309.789:205.728,295.831:199.530,287.395:193.229,294.046:186.564,298.542:180.289,,,,,,,,,,,,,,,,,,,,,,,,,,,,,,,,,,,,,,,,,,,,,,,,,,,
13->21444,399.251:216.457,389.688:214.526,376.773:212.234,362.972:211.453,347.233:210.050,341.921:209.634,335.464:209.478,323.589:208.748,309.789:205.728,295.831:199.530,287.395:193.229,273.541:183.542,263.170:177.010,253.540:169.247,244.948:162.321,250.837:157.263,,,,,,,,,,,,,,,,,,,,,,,,,,,,,,,,,,,,,,,,,,,,,,,,
13->22,399.251:216.457,389.688:214.526,376.773:212.234,362.972:211.453,347.233:210.050,341.921:209.634,335.464:209.478,323.589:208.748,309.789:205.728,295.831:199.530,287.395:193.229,273.541:183.542,263.170:177.010,253.540:169.247,244.948:162.321,239.844:158.207,233.022:153.415,222.971:147.010,213.369:138.991,216.992:130.220,221.105:119.973,211.572:116.147,202.551:111.363,205.899:103.487,,,,,,,,,,,,,,,,,,,,,,,,,,,,,,,,,,,,,,,,
13->2344,399.251:216.457,389.688:214.526,376.773:212.234,362.972:211.453,347.233:210.050,341.921:209.634,335.464:209.478,323.589:208.748,309.789:205.728,295.831:199.530,287.395:193.229,273.541:183.542,263.170:177.010,,,,,,,,,,,,,,,,,,,,,,,,,,,,,,,,,,,,,,,,,,,,,,,,,,,
13->23449,399.251:216.457,389.688:214.526,376.773:212.234,362.972:211.453,347.233:210.050,341.921:209.634,335.464:209.478,323.589:208.748,309.789:205.728,295.831:199.530,287.395:193.229,273.541:183.542,263.170:177.010,253.540:169.247,244.948:162.321,250.837:157.263,256.201:151.742,259.065:147.524,262.142:140.680,255.137:140.236,248.338:138.117,,,,,,,,,,,,,,,,,,,,,,,,,,,,,,,,,,,,,,,,,,,
13->24817,399.251:216.457,389.688:214.526,376.773:212.234,362.972:211.453,347.233:210.050,341.921:209.634,335.464:209.478,,,,,,,,,,,,,,,,,,,,,,,,,,,,,,,,,,,,,,,,,,,,,,,,,,,,,,,,,
13->2505,399.251:216.457,389.688:214.526,376.773:212.234,362.972:211.453,347.233:210.050,341.921:209.634,335.464:209.478,323.589:208.748,309.789:205.728,295.831:199.530,292.873:204.894,288.446:211.872,285.440:216.278,283.721:215.043,,,,,,,,,,,,,,,,,,,,,,,,,,,,,,,,,,,,,,,,,,,,,,,,,,
13->2552,399.251:216.457,389.688:214.526,,,,,,,,,,,,,,,,,,,,,,,,,,,,,,,,,,,,,,,,,,,,,,,,,,,,,,,,,,,,,,
13->26858,399.251:216.457,389.688:214.526,376.773:212.234,362.972:211.453,347.233:210.050,,,,,,,,,,,,,,,,,,,,,,,,,,,,,,,,,,,,,,,,,,,,,,,,,,,,,,,,,,,
13->28385,399.251:216.457,389.688:214.526,376.773:212.234,362.972:211.453,347.233:210.050,341.921:209.634,342.238:205.594,339.156:200.382,337.035:194.274,,,,,,,,,,,,,,,,,,,,,,,,,,,,,,,,,,,,,,,,,,,,,,,,,,,,,,,
13->29992,399.251:216.457,389.688:214.526,376.773:212.234,362.972:211.453,347.233:210.050,341.921:209.634,335.464:209.478,323.589:208.748,309.789:205.728,307.614:210.781,,,,,,,,,,,,,,,,,,,,,,,,,,,,,,,,,,,,,,,,,,,,,,,,,,,,,,
13->30620,399.251:216.457,389.688:214.526,376.773:212.234,362.972:211.453,347.233:210.050,341.921:209.634,342.238:205.594,339.156:200.382,,,,,,,,,,,,,,,,,,,,,,,,,,,,,,,,,,,,,,,,,,,,,,,,,,,,,,,,
13->30645,399.251:216.457,389.688:214.526,376.773:212.234,377.269:207.599,376.158:201.725,370.983:196.328,,,,,,,,,,,,,,,,,,,,,,,,,,,,,,,,,,,,,,,,,,,,,,,,,,,,,,,,,,
13->31591,399.251:216.457,389.688:214.526,376.773:212.234,362.972:211.453,347.233:210.050,341.921:209.634,335.464:209.478,323.589:208.748,309.789:205.728,295.831:199.530,287.395:193.229,273.541:183.542,263.170:177.010,253.540:169.247,,,,,,,,,,,,,,,,,,,,,,,,,,,,,,,,,,,,,,,,,,,,,,,,,,
13->32,399.251:216.457,389.688:214.526,376.773:212.234,362.972:211.453,347.233:210.050,341.921:209.634,335.464:209.478,323.589:208.748,309.789:205.728,295.831:199.530,287.395:193.229,273.541:183.542,266.015:190.376,259.506:196.964,253.235:196.647,247.361:193.392,240.376:190.296,239.106:185.931,,,,,,,,,,,,,,,,,,,,,,,,,,,,,,,,,,,,,,,,,,,,,,
13->32446,399.251:216.457,389.688:214.526,376.773:212.234,362.972:211.453,347.233:210.050,341.921:209.634,335.464:209.478,323.589:208.748,309.789:205.728,307.614:210.781,303.921:217.527,303.034:220.186,303.034:224.470,301.553:226.935,,,,,,,,,,,,,,,,,,,,,,,,,,,,,,,,,,,,,,,,,,,,,,,,,,
13->33,399.251:216.457,389.688:214.526,376.773:212.234,362.972:211.453,347.233:210.050,341.921:209.634,335.464:209.478,323.589:208.748,309.789:205.728,295.831:199.530,287.395:193.229,273.541:183.542,263.170:177.010,253.540:169.247,244.948:162.321,239.844:158.207,233.022:153.415,222.971:147.010,213.369:138.991,197.616:127.354,194.916:125.425,,,,,,,,,,,,,,,,,,,,,,,,,,,,,,,,,,,,,,,,,,,
13->40323,399.251:216.457,389.688:214.526,376.773:212.234,362.972:211.453,347.233:210.050,341.921:209.634,335.464:209.478,323.589:208.748,309.789:205.728,307.614:210.781,303.921:217.527,303.034:220.186,303.034:224.470,,,,,,,,,,,,,,,,,,,,,,,,,,,,,,,,,,,,,,,,,,,,,,,,,,,
13->41841,399.251:216.457,389.688:214.526,376.773:212.234,362.972:211.453,347.233:210.050,341.921:209.634,342.238:205.594,,,,,,,,,,,,,,,,,,,,,,,,,,,,,,,,,,,,,,,,,,,,,,,,,,,,,,,,,
13->44615,399.251:216.457,389.688:214.526,376.773:212.234,362.972:211.453,347.233:210.050,341.921:209.634,335.464:209.478,323.589:208.748,309.789:205.728,,,,,,,,,,,,,,,,,,,,,,,,,,,,,,,,,,,,,,,,,,,,,,,,,,,,,,,
13->45395,399.251:216.457,389.688:214.526,376.773:212.234,362.972:211.453,347.233:210.050,341.921:209.634,335.464:209.478,323.589:208.748,309.789:205.728,295.831:199.530,287.395:193.229,273.541:183.542,266.015:190.376,259.506:196.964,261.770:199.201,264.577:200.838,265.934:202.619,264.693:203.237,264.143:205.369,261.236:210.021,258.781:213.446,257.144:211.297,255.017:208.227,253.079:204.706,,,,,,,,,,,,,,,,,,,,,,,,,,,,,,,,,,,,,,,,
13->45476,399.251:216.457,389.688:214.526,376.773:212.234,362.972:211.453,347.233:210.050,341.921:209.634,335.464:209.478,323.589:208.748,309.789:205.728,295.831:199.530,299.242:195.278,302.353:188.697,304.946:184.788,306.078:181.726,304.882:179.465,,,,,,,,,,,,,,,,,,,,,,,,,,,,,,,,,,,,,,,,,,,,,,,,,
13->48339,399.251:216.457,389.688:214.526,376.773:212.234,362.972:211.453,347.233:210.050,341.921:209.634,,,,,,,,,,,,,,,,,,,,,,,,,,,,,,,,,,,,,,,,,,,,,,,,,,,,,,,,,,
13->48921,399.251:216.457,389.688:214.526,376.773:212.234,362.972:211.453,347.233:210.050,341.921:209.634,335.464:209.478,323.589:208.748,309.789:205.728,295.831:199.530,287.395:193.229,294.046:186.564,298.542:180.289,295.606:173.922,298.583:174.490,,,,,,,,,,,,,,,,,,,,,,,,,,,,,,,,,,,,,,,,,,,,,,,,,
13->49,399.251:216.457,389.688:214.526,376.773:212.234,362.972:211.453,347.233:210.050,346.414:220.501,347.233:231.470,342.284:235.228,339.995:239.670,337.398:245.240,333.639:250.297,327.249:249.579,324.140:249.853,323.730:252.620,319.322:252.825,317.921:257.472,310.951:262.358,,,,,,,,,,,,,,,,,,,,,,,,,,,,,,,,,,,,,,,,,,,,,,,
13->49081,399.251:216.457,389.688:214.526,376.773:212.234,362.972:211.453,347.233:210.050,341.921:209.634,335.464:209.478,323.589:208.748,309.789:205.728,295.831:199.530,287.395:193.229,273.541:183.542,263.170:177.010,253.540:169.247,244.948:162.321,250.837:157.263,256.201:151.742,259.065:147.524,262.142:140.680,255.137:140.236,248.338:138.117,242.392:134.598,240.449:129.276,,,,,,,,,,,,,,,,,,,,,,,,,,,,,,,,,,,,,,,,,
13->5,399.251:216.457,389.688:214.526,376.773:212.234,362.972:211.453,347.233:210.050,341.921:209.634,335.464:209.478,323.589:208.748,309.789:205.728,295.831:199.530,287.395:193.229,,,,,,,,,,,,,,,,,,,,,,,,,,,,,,,,,,,,,,,,,,,,,,,,,,,,,
13->50132,399.251:216.457,389.688:214.526,376.773:212.234,362.972:211.453,347.233:210.050,341.921:209.634,335.464:209.478,323.589:208.748,309.789:205.728,307.614:210.781,303.921:217.527,303.034:220.186,,,,,,,,,,,,,,,,,,,,,,,,,,,,,,,,,,,,,,,,,,,,,,,,,,,,
13->51552,399.251:216.457,389.688:214.526,376.773:212.234,362.972:211.453,347.233:210.050,341.921:209.634,335.464:209.478,323.589:208.748,309.789:205.728,295.831:199.530,292.873:204.894,288.446:211.872,285.440:216.278,281.103:222.601,276.312:228.590,272.979:230.361,277.165:234.213,280.995:236.462,,,,,,,,,,,,,,,,,,,,,,,,,,,,,,,,,,,,,,,,,,,,,,
13->52367,399.251:216.457,389.688:214.526,376.773:212.234,362.972:211.453,347.233:210.050,346.414:220.501,347.233:231.470,342.284:235.228,339.995:239.670,333.435:238.898,326.689:238.012,318.762:234.171,313.670:231.954,304.068:229.591,,,,,,,,,,,,,,,,,,,,,,,,,,,,,,,,,,,,,,,,,,,,,,,,,,
13->52980,399.251:216.457,389.688:214.526,376.773:212.234,362.972:211.453,347.233:210.050,341.921:209.634,335.464:209.478,323.589:208.748,309.789:205.728,295.831:199.530,292.873:204.894,288.446:211.872,294.565:214.523,,,,,,,,,,,,,,,,,,,,,,,,,,,,,,,,,,,,,,,,,,,,,,,,,,,
13->58365,399.251:216.457,389.688:214.526,376.773:212.234,362.972:211.453,347.233:210.050,341.921:209.634,335.464:209.478,323.589:208.748,309.789:205.728,295.831:199.530,292.873:204.894,288.446:211.872,285.440:216.278,283.721:215.043,280.749:214.236,276.735:213.986,273.745:211.032,271.617:208.929,,,,,,,,,,,,,,,,,,,,,,,,,,,,,,,,,,,,,,,,,,,,,,
13->60368,399.251:216.457,389.688:214.526,376.773:212.234,362.972:211.453,347.233:210.050,341.921:209.634,335.464:209.478,323.589:208.748,309.789:205.728,295.831:199.530,287.395:193.229,273.541:183.542,266.015:190.376,259.506:196.964,,,,,,,,,,,,,,,,,,,,,,,,,,,,,,,,,,,,,,,,,,,,,,,,,,
13->60450,399.251:216.457,389.688:214.526,376.773:212.234,362.972:211.453,347.233:210.050,341.921:209.634,335.464:209.478,323.589:208.748,309.789:205.728,295.831:199.530,287.395:193.229,273.541:183.542,263.170:177.010,253.540:169.247,244.948:162.321,239.844:158.207,233.022:153.415,,,,,,,,,,,,,,,,,,,,,,,,,,,,,,,,,,,,,,,,,,,,,,,
13->63927,399.251:216.457,389.688:214.526,376.773:212.234,362.972:211.453,347.233:210.050,341.921:209.634,335.464:209.478,323.589:208.748,309.789:205.728,295.831:199.530,287.395:193.229,273.541:183.542,263.170:177.010,253.540:169.247,244.948:162.321,250.837:157.263,256.201:151.742,259.065:147.524,262.142:140.680,255.137:140.236,248.338:138.117,242.392:134.598,,,,,,,,,,,,,,,,,,,,,,,,,,,,,,,,,,,,,,,,,,
13->66,399.251:216.457,389.688:214.526,376.773:212.234,362.972:211.453,347.233:210.050,341.921:209.634,335.464:209.478,323.589:208.748,309.789:205.728,295.831:199.530,287.395:193.229,273.541:183.542,263.170:177.010,253.540:169.247,244.948:162.321,239.844:158.207,233.022:153.415,222.971:147.010,213.369:138.991,197.616:127.354,194.916:125.425,185.207:118.610,172.199:111.308,155.794:103.027,142.814:97.329,130.791:90.707,115.938:83.891,98.846:77.007,89.400:72.165,75.350:65.577,62.374:59.313,54.849:55.263,47.679:49.139,40.809:41.372,35.471:35.856,23.833:26.340,13.949:16.375,,,,,,,,,,,,,,,,,,,,,,,,,,,
13->67331,399.251:216.457,389.688:214.526,376.773:212.234,362.972:211.453,347.233:210.050,341.921:209.634,335.464:209.478,323.589:208.748,309.789:205.728,295.831:199.530,292.873:204.894,288.446:211.872,285.440:216.278,281.103:222.601,279.812:220.553,276.953:219.281,274.514:219.099,272.511:221.038,270.508:222.104,268.214:220.295,265.242:218.679,261.914:216.256,,,,,,,,,,,,,,,,,,,,,,,,,,,,,,,,,,,,,,,,,,
13->69762,399.251:216.457,389.688:214.526,376.773:212.234,362.972:211.453,347.233:210.050,341.921:209.634,335.464:209.478,323.589:208.748,309.789:205.728,295.831:199.530,287.395:193.229,273.541:183.542,263.170:177.010,253.540:169.247,244.948:162.321,250.837:157.263,256.201:151.742,259.065:147.524,262.142:140.680,255.137:140.236,,,,,,,,,,,,,,,,,,,,,,,,,,,,,,,,,,,,,,,,,,,,
13->72974,399.251:216.457,389.688:214.526,376.773:212.234,362.972:211.453,347.233:210.050,341.921:209.634,335.464:209.478,323.589:208.748,309.789:205.728,295.831:199.530,287.395:193.229,273.541:183.542,263.170:177.010,253.540:169.247,244.948:162.321,250.837:157.263,256.201:151.742,,,,,,,,,,,,,,,,,,,,,,,,,,,,,,,,,,,,,,,,,,,,,,,
13->73767,399.251:216.457,389.688:214.526,376.773:212.234,362.972:211.453,347.233:210.050,341.921:209.634,335.464:209.478,323.589:208.748,309.789:205.728,295.831:199.530,287.395:193.229,273.541:183.542,266.015:190.376,259.506:196.964,261.770:199.201,264.577:200.838,265.934:202.619,268.562:205.911,,,,,,,,,,,,,,,,,,,,,,,,,,,,,,,,,,,,,,,,,,,,,,
13->75205,399.251:216.457,389.688:214.526,376.773:212.234,362.972:211.453,347.233:210.050,341.921:209.634,335.464:209.478,323.589:208.748,309.789:205.728,295.831:199.530,287.395:193.229,273.541:183.542,263.170:177.010,253.540:169.247,244.948:162.321,250.837:157.263,256.201:151.742,259.065:147.524,,,,,,,,,,,,,,,,,,,,,,,,,,,,,,,,,,,,,,,,,,,,,,
13->76205,399.251:216.457,389.688:214.526,376.773:212.234,377.269:207.599,376.158:201.725,370.983:196.328,367.109:189.263,368.141:182.992,370.983:179.262,374.094:172.594,373.541:164.692,370.983:159.940,373.073:154.252,375.613:149.887,379.265:145.124,380.058:139.488,,,,,,,,,,,,,,,,,,,,,,,,,,,,,,,,,,,,,,,,,,,,,,,,
13->80124,399.251:216.457,389.688:214.526,376.773:212.234,362.972:211.453,347.233:210.050,341.921:209.634,335.464:209.478,323.589:208.748,309.789:205.728,295.831:199.530,287.395:193.229,294.046:186.564,298.542:180.289,295.606:173.922,293.252:166.883,,,,,,,,,,,,,,,,,,,,,,,,,,,,,,,,,,,,,,,,,,,,,,,,,
13->81533,399.251:216.457,389.688:214.526,376.773:212.234,362.972:211.453,347.233:210.050,341.921:209.634,342.238:205.594,339.156:200.382,337.035:194.274,337.420:188.101,,,,,,,,,,,,,,,,,,,,,,,,,,,,,,,,,,,,,,,,,,,,,,,,,,,,,,
13->82985,399.251:216.457,389.688:214.526,376.773:212.234,362.972:211.453,347.233:210.050,341.921:209.634,335.464:209.478,323.589:208.748,309.789:205.728,295.831:199.530,287.395:193.229,273.541:183.542,263.170:177.010,253.540:169.247,244.948:162.321,239.844:158.207,233.022:153.415,222.971:147.010,213.369:138.991,211.594:141.393,210.584:143.939,210.732:148.125,,,,,,,,,,,,,,,,,,,,,,,,,,,,,,,,,,,,,,,,,,
13->8318,399.251:216.457,389.688:214.526,376.773:212.234,362.972:211.453,347.233:210.050,341.921:209.634,335.464:209.478,323.589:208.748,309.789:205.728,295.831:199.530,287.395:193.229,273.541:183.542,263.170:177.010,253.540:169.247,244.948:162.321,,,,,,,,,,,,,,,,,,,,,,,,,,,,,,,,,,,,,,,,,,,,,,,,,
13->84,399.251:216.457,389.688:214.526,376.773:212.234,362.972:211.453,347.233:210.050,341.921:209.634,335.464:209.478,323.589:208.748,309.789:205.728,295.831:199.530,292.873:204.894,288.446:211.872,285.440:216.278,281.103:222.601,276.312:228.590,272.979:230.361,267.250:233.225,259.282:236.454,254.126:241.349,,,,,,,,,,,,,,,,,,,,,,,,,,,,,,,,,,,,,,,,,,,,,
13->84156,399.251:216.457,389.688:214.526,376.773:212.234,362.972:211.453,347.233:210.050,341.921:209.634,335.464:209.478,323.589:208.748,309.789:205.728,295.831:199.530,287.395:193.229,273.541:183.542,263.170:177.010,253.540:169.247,244.948:162.321,239.844:158.207,233.022:153.415,222.971:147.010,213.369:138.991,211.594:141.393,,,,,,,,,,,,,,,,,,,,,,,,,,,,,,,,,,,,,,,,,,,,
13->85873,399.251:216.457,389.688:214.526,376.773:212.234,362.972:211.453,347.233:210.050,346.414:220.501,347.233:231.470,342.284:235.228,339.995:239.670,333.435:238.898,326.689:238.012,,,,,,,,,,,,,,,,,,,,,,,,,,,,,,,,,,,,,,,,,,,,,,,,,,,,,
13->88,399.251:216.457,389.688:214.526,376.773:212.234,,,,,,,,,,,,,,,,,,,,,,,,,,,,,,,,,,,,,,,,,,,,,,,,,,,,,,,,,,,,,
13->90040,399.251:216.457,389.688:214.526,376.773:212.234,377.269:207.599,376.158:201.725,370.983:196.328,367.109:189.263,368.141:182.992,370.983:179.262,374.094:172.594,373.541:164.692,370.983:159.940,373.073:154.252,375.613:149.887,,,,,,,,,,,,,,,,,,,,,,,,,,,,,,,,,,,,,,,,,,,,,,,,,,
13->9048,399.251:216.457,389.688:214.526,376.773:212.234,362.972:211.453,347.233:210.050,341.921:209.634,335.464:209.478,323.589:208.748,309.789:205.728,295.831:199.530,299.242:195.278,,,,,,,,,,,,,,,,,,,,,,,,,,,,,,,,,,,,,,,,,,,,,,,,,,,,,
13->91020,399.251:216.457,389.688:214.526,376.773:212.234,362.972:211.453,,,,,,,,,,,,,,,,,,,,,,,,,,,,,,,,,,,,,,,,,,,,,,,,,,,,,,,,,,,,
13->92,399.251:216.457,389.688:214.526,376.773:212.234,377.269:207.599,376.158:201.725,370.983:196.328,367.109:189.263,368.141:182.992,370.983:179.262,374.094:172.594,373.541:164.692,370.983:159.940,373.073:154.252,375.613:149.887,379.265:145.124,380.058:139.488,380.579:129.453,380.448:122.917,376.784:117.838,374.253:113.458,372.904:107.029,372.030:100.361,369.808:96.313,367.824:93.376,368.459:87.820,371.554:82.184,375.523:78.533,377.031:74.088,380.048:69.722,379.571:66.626,381.397:63.134,,,,,,,,,,,,,,,,,,,,,,,,,,,,,,,,,
13->93266,399.251:216.457,389.688:214.526,376.773:212.234,362.972:211.453,347.233:210.050,341.921:209.634,335.464:209.478,323.589:208.748,309.789:205.728,307.614:210.781,303.921:217.527,,,,,,,,,,,,,,,,,,,,,,,,,,,,,,,,,,,,,,,,,,,,,,,,,,,,,
13->95,399.251:216.457,389.688:214.526,376.773:212.234,362.972:211.453,347.233:210.050,341.921:209.634,335.464:209.478,323.589:208.748,,,,,,,,,,,,,,,,,,,,,,,,,,,,,,,,,,,,,,,,,,,,,,,,,,,,,,,,
13->95815,399.251:216.457,389.688:214.526,376.773:212.234,362.972:211.453,347.233:210.050,341.921:209.634,335.464:209.478,323.589:208.748,309.789:205.728,295.831:199.530,287.395:193.229,273.541:183.542,266.015:190.376,,,,,,,,,,,,,,,,,,,,,,,,,,,,,,,,,,,,,,,,,,,,,,,,,,,
13->96372,399.251:216.457,389.688:214.526,376.773:212.234,362.972:211.453,347.233:210.050,341.921:209.634,335.464:209.478,323.589:208.748,309.789:205.728,295.831:199.530,287.395:193.229,273.541:183.542,263.170:177.010,253.540:169.247,244.948:162.321,239.844:158.207,233.022:153.415,222.971:147.010,220.826:151.867,218.561:155.067,,,,,,,,,,,,,,,,,,,,,,,,,,,,,,,,,,,,,,,,,,,,
13->97999,399.251:216.457,389.688:214.526,376.773:212.234,362.972:211.453,347.233:210.050,346.414:220.501,347.233:231.470,342.284:235.228,339.995:239.670,333.435:238.898,326.689:238.012,318.762:234.171,,,,,,,,,,,,,,,,,,,,,,,,,,,,,,,,,,,,,,,,,,,,,,,,,,,,
13->99,399.251:216.457,389.688:214.526,376.773:212.234,362.972:211.453,347.233:210.050,341.921:209.634,335.464:209.478,323.589:208.748,309.789:205.728,295.831:199.530,287.395:193.229,273.541:183.542,263.170:177.010,253.540:169.247,244.948:162.321,239.844:158.207,,,,,,,,,,,,,,,,,,,,,,,,,,,,,,,,,,,,,,,,,,,,,,,,
13161->105,267.406:218.259,269.603:216.159,271.999:212.799,273.745:211.032,271.617:208.929,268.562:205.911,265.934:202.619,264.577:200.838,261.770:199.201,259.506:196.964,266.015:190.376,273.541:183.542,263.170:177.010,253.540:169.247,244.948:162.321,239.844:158.207,233.022:153.415,222.971:147.010,213.369:138.991,197.616:127.354,194.916:125.425,185.207:118.610,172.199:111.308,155.794:103.027,142.814:97.329,,,,,,,,,,,,,,,,,,,,,,,,,,,,,,,,,,,,,,,
13161->32,267.406:218.259,269.603:216.159,271.999:212.799,273.745:211.032,271.617:208.929,268.562:205.911,265.934:202.619,264.577:200.838,261.770:199.201,259.506:196.964,253.235:196.647,247.361:193.392,240.376:190.296,239.106:185.931,,,,,,,,,,,,,,,,,,,,,,,,,,,,,,,,,,,,,,,,,,,,,,,,,,
13568->101,216.992:130.220,213.369:138.991,222.971:147.010,233.022:153.415,239.844:158.207,244.948:162.321,253.540:169.247,263.170:177.010,273.541:183.542,287.395:193.229,295.831:199.530,292.873:204.894,288.446:211.872,285.440:216.278,281.103:222.601,276.312:228.590,272.979:230.361,267.250:233.225,259.282:236.454,254.126:241.349,246.002:247.443,244.804:252.182,245.377:255.931,252.303:260.983,256.991:265.618,257.355:270.201,,,,,,,,,,,,,,,,,,,,,,,,,,,,,,,,,,,,,,
13568->105,216.992:130.220,213.369:138.991,197.616:127.354,194.916:125.425,185.207:118.610,172.199:111.308,155.794:103.027,142.814:97.329,,,,,,,,,,,,,,,,,,,,,,,,,,,,,,,,,,,,,,,,,,,,,,,,,,,,,,,,
13568->11881,216.992:130.220,213.369:138.991,222.971:147.010,,,,,,,,,,,,,,,,,,,,,,,,,,,,,,,,,,,,,,,,,,,,,,,,,,,,,,,,,,,,,
13568->120,216.992:130.220,221.105:119.973,231.048:125.270,240.449:129.276,242.392:134.598,248.338:138.117,255.137:140.236,262.142:140.680,269.223:140.680,273.596:142.477,278.802:146.350,279.519:149.801,,,,,,,,,,,,,,,,,,,,,,,,,,,,,,,,,,,,,,,,,,,,,,,,,,,,
13568->13,216.992:130.220,213.369:138.991,222.971:147.010,233.022:153.415,239.844:158.207,244.948:162.321,253.540:169.247,263.170:177.010,273.541:183.542,287.395:193.229,295.831:199.530,309.789:205.728,323.589:208.748,335.464:209.478,341.921:209.634,347.233:210.050,362.972:211.453,376.773:212.234,389.688:214.526,399.251:216.457,,,,,,,,,,,,,,,,,,,,,,,,,,,,,,,,,,,,,,,,,,,,
13568->13702,216.992:130.220,213.369:138.991,222.971:147.010,233.022:153.415,239.844:158.207,244.948:162.321,253.540:169.247,263.170:177.010,273.541:183.542,,,,,,,,,,,,,,,,,,,,,,,,,,,,,,,,,,,,,,,,,,,,,,,,,,,,,,,
13568->19448,216.992:130.220,213.369:138.991,222.971:147.010,233.022:153.415,239.844:158.207,244.948:162.321,253.540:169.247,263.170:177.010,273.541:183.542,287.395:193.229,295.831:199.530,292.873:204.894,288.446:211.872,285.440:216.278,,,,,,,,,,,,,,,,,,,,,,,,,,,,,,,,,,,,,,,,,,,,,,,,,,
13568->21444,216.992:130.220,213.369:138.991,222.971:147.010,233.022:153.415,239.844:158.207,244.948:162.321,250.837:157.263,,,,,,,,,,,,,,,,,,,,,,,,,,,,,,,,,,,,,,,,,,,,,,,,,,,,,,,,,
13568->22,216.992:130.220,221.105:119.973,211.572:116.147,202.551:111.363,205.899:103.487,,,,,,,,,,,,,,,,,,,,,,,,,,,,,,,,,,,,,,,,,,,,,,,,,,,,,,,,,,,
13568->2344,216.992:130.220,213.369:138.991,222.971:147.010,233.022:153.415,239.844:158.207,244.948:162.321,253.540:169.247,263.170:177.010,,,,,,,,,,,,,,,,,,,,,,,,,,,,,,,,,,,,,,,,,,,,,,,,,,,,,,,,
13568->23449,216.992:130.220,221.105:119.973,231.048:125.270,240.449:129.276,242.392:134.598,248.338:138.117,,,,,,,,,,,,,,,,,,,,,,,,,,,,,,,,,,,,,,,,,,,,,,,,,,,,,,,,,,
13568->25121,216.992:130.220,221.105:119.973,231.048:125.270,,,,,,,,,,,,,,,,,,,,,,,,,,,,,,,,,,,,,,,,,,,,,,,,,,,,,,,,,,,,,
13568->26858,216.992:130.220,213.369:138.991,222.971:147.010,233.022:153.415,239.844:158.207,244.948:162.321,253.540:169.247,263.170:177.010,273.541:183.542,287.395:193.229,295.831:199.530,309.789:205.728,323.589:208.748,335.464:209.478,341.921:209.634,347.233:210.050,,,,,,,,,,,,,,,,,,,,,,,,,,,,,,,,,,,,,,,,,,,,,,,,
13568->29230,216.992:130.220,221.105:119.973,231.048:125.270,240.449:129.276,241.499:125.514,,,,,,,,,,,,,,,,,,,,,,,,,,,,,,,,,,,,,,,,,,,,,,,,,,,,,,,,,,,
13568->30732,216.992:130.220,213.369:138.991,197.616:127.354,194.916:125.425,185.207:118.610,172.199:111.308,,,,,,,,,,,,,,,,,,,,,,,,,,,,,,,,,,,,,,,,,,,,,,,,,,,,,,,,,,
13568->31591,216.992:130.220,213.369:138.991,222.971:147.010,233.022:153.415,239.844:158.207,244.948:162.321,253.540:169.247,,,,,,,,,,,,,,,,,,,,,,,,,,,,,,,,,,,,,,,,,,,,,,,,,,,,,,,,,
13568->32,216.992:130.220,213.369:138.991,222.971:147.010,233.022:153.415,239.844:158.207,234.423:166.563,233.788:176.485,234.820:180.374,239.106:185.931,,,,,,,,,,,,,,,,,,,,,,,,,,,,,,,,,,,,,,,,,,,,,,,,,,,,,,,
13568->33,216.992:130.220,213.369:138.991,197.616:127.354,194.916:125.425,,,,,,,,,,,,,,,,,,,,,,,,,,,,,,,,,,,,,,,,,,,,,,,,,,,,,,,,,,,,
13568->41841,216.992:130.220,213.369:138.991,222.971:147.010,233.022:153.415,239.844:158.207,244.948:162.321,253.540:169.247,263.170:177.010,273.541:183.542,287.395:193.229,295.831:199.530,309.789:205.728,323.589:208.748,335.464:209.478,341.921:209.634,342.238:205.594,,,,,,,,,,,,,,,,,,,,,,,,,,,,,,,,,,,,,,,,,,,,,,,,
13568->44615,216.992:130.220,213.369:138.991,222.971:147.010,233.022:153.415,239.844:158.207,244.948:162.321,253.540:169.247,263.170:177.010,273.541:183.542,287.395:193.229,295.831:199.530,309.789:205.728,,,,,,,,,,,,,,,,,,,,,,,,,,,,,,,,,,,,,,,,,,,,,,,,,,,,
13568->45923,216.992:130.220,213.369:138.991,222.971:147.010,233.022:153.415,239.844:158.207,244.948:162.321,253.540:169.247,263.170:177.010,273.541:183.542,287.395:193.229,295.831:199.530,309.789:205.728,323.589:208.748,335.464:209.478,341.921:209.634,342.238:205.594,339.156:200.382,337.035:194.274,337.420:188.101,340.700:181.672,344.595:175.542,347.193:169.199,349.637:164.698,356.323:163.798,360.502:163.991,366.803:162.190,370.983:159.940,373.073:154.252,375.613:149.887,379.265:145.124,380.058:139.488,380.579:129.453,380.448:122.917,376.784:117.838,374.253:113.458,372.904:107.029,372.030:100.361,369.808:96.313,367.824:93.376,,,,,,,,,,,,,,,,,,,,,,,,,
13568->48921,216.992:130.220,213.369:138.991,222.971:147.010,233.022:153.415,239.844:158.207,244.948:162.321,253.540:169.247,263.170:177.010,273.541:183.542,287.395:193.229,294.046:186.564,298.542:180.289,295.606:173.922,298.583:174.490,,,,,,,,,,,,,,,,,,,,,,,,,,,,,,,,,,,,,,,,,,,,,,,,,,
13568->49081,216.992:130.220,221.105:119.973,231.048:125.270,240.449:129.276,,,,,,,,,,,,,,,,,,,,,,,,,,,,,,,,,,,,,,,,,,,,,,,,,,,,,,,,,,,,
13568->5,216.992:130.220,213.369:138.991,222.971:147.010,233.022:153.415,239.844:158.207,244.948:162.321,253.540:169.247,263.170:177.010,273.541:183.542,287.395:193.229,,,,,,,,,,,,,,,,,,,,,,,,,,,,,,,,,,,,,,,,,,,,,,,,,,,,,,
13568->51286,216.992:130.220,213.369:138.991,222.971:147.010,233.022:153.415,239.844:158.207,234.423:166.563,233.788:176.485,,,,,,,,,,,,,,,,,,,,,,,,,,,,,,,,,,,,,,,,,,,,,,,,,,,,,,,,,
13568->5135,216.992:130.220,213.369:138.991,197.616:127.354,194.916:125.425,185.207:118.610,,,,,,,,,,,,,,,,,,,,,,,,,,,,,,,,,,,,,,,,,,,,,,,,,,,,,,,,,,,
13568->51952,216.992:130.220,213.369:138.991,222.971:147.010,220.826:151.867,,,,,,,,,,,,,,,,,,,,,,,,,,,,,,,,,,,,,,,,,,,,,,,,,,,,,,,,,,,,
13568->54272,216.992:130.220,221.105:119.973,211.572:116.147,202.551:111.363,,,,,,,,,,,,,,,,,,,,,,,,,,,,,,,,,,,,,,,,,,,,,,,,,,,,,,,,,,,,
13568->60450,216.992:130.220,213.369:138.991,222.971:147.010,233.022:153.415,,,,,,,,,,,,,,,,,,,,,,,,,,,,,,,,,,,,,,,,,,,,,,,,,,,,,,,,,,,,
13568->62572,216.992:130.220,213.369:138.991,222.971:147.010,220.826:151.867,218.561:155.067,215.656:159.450,213.737:162.379,208.912:162.083,206.893:165.973,204.726:170.060,208.715:170.946,213.440:171.932,217.133:175.526,222.648:180.401,224.568:183.109,225.454:186.851,227.236:189.679,231.274:192.038,235.861:194.202,240.061:195.688,242.979:197.781,246.269:200.091,,,,,,,,,,,,,,,,,,,,,,,,,,,,,,,,,,,,,,,,,,
13568->63927,216.992:130.220,221.105:119.973,231.048:125.270,240.449:129.276,242.392:134.598,,,,,,,,,,,,,,,,,,,,,,,,,,,,,,,,,,,,,,,,,,,,,,,,,,,,,,,,,,,
13568->69933,216.992:130.220,213.369:138.991,197.616:127.354,194.916:125.425,198.866:118.313,,,,,,,,,,,,,,,,,,,,,,,,,,,,,,,,,,,,,,,,,,,,,,,,,,,,,,,,,,,
13568->72974,216.992:130.220,213.369:138.991,222.971:147.010,233.022:153.415,239.844:158.207,244.948:162.321,250.837:157.263,256.201:151.742,,,,,,,,,,,,,,,,,,,,,,,,,,,,,,,,,,,,,,,,,,,,,,,,,,,,,,,,
13568->74867,216.992:130.220,221.105:119.973,211.572:116.147,,,,,,,,,,,,,,,,,,,,,,,,,,,,,,,,,,,,,,,,,,,,,,,,,,,,,,,,,,,,,
13568->75205,216.992:130.220,213.369:138.991,222.971:147.010,233.022:153.415,239.844:158.207,244.948:162.321,250.837:157.263,256.201:151.742,259.065:147.524,,,,,,,,,,,,,,,,,,,,,,,,,,,,,,,,,,,,,,,,,,,,,,,,,,,,,,,
13568->80124,216.992:130.220,213.369:138.991,222.971:147.010,233.022:153.415,239.844:158.207,244.948:162.321,253.540:169.247,263.170:177.010,273.541:183.542,287.395:193.229,294.046:186.564,298.542:180.289,295.606:173.922,293.252:166.883,,,,,,,,,,,,,,,,,,,,,,,,,,,,,,,,,,,,,,,,,,,,,,,,,,
13568->80824,216.992:130.220,221.105:119.973,,,,,,,,,,,,,,,,,,,,,,,,,,,,,,,,,,,,,,,,,,,,,,,,,,,,,,,,,,,,,,
13568->8318,216.992:130.220,213.369:138.991,222.971:147.010,233.022:153.415,239.844:158.207,244.948:162.321,,,,,,,,,,,,,,,,,,,,,,,,,,,,,,,,,,,,,,,,,,,,,,,,,,,,,,,,,,
13568->84,216.992:130.220,213.369:138.991,222.971:147.010,233.022:153.415,239.844:158.207,244.948:162.321,253.540:169.247,263.170:177.010,273.541:183.542,287.395:193.229,295.831:199.530,292.873:204.894,288.446:211.872,285.440:216.278,281.103:222.601,276.312:228.590,272.979:230.361,267.250:233.225,259.282:236.454,254.126:241.349,,,,,,,,,,,,,,,,,,,,,,,,,,,,,,,,,,,,,,,,,,,,
13568->87392,216.992:130.220,213.369:138.991,,,,,,,,,,,,,,,,,,,,,,,,,,,,,,,,,,,,,,,,,,,,,,,,,,,,,,,,,,,,,,
13568->88,216.992:130.220,213.369:138.991,222.971:147.010,233.022:153.415,239.844:158.207,244.948:162.321,253.540:169.247,263.170:177.010,273.541:183.542,287.395:193.229,295.831:199.530,309.789:205.728,323.589:208.748,335.464:209.478,341.921:209.634,347.233:210.050,362.972:211.453,376.773:212.234,,,,,,,,,,,,,,,,,,,,,,,,,,,,,,,,,,,,,,,,,,,,,,
13568->93162,216.992:130.220,213.369:138.991,197.616:127.354,,,,,,,,,,,,,,,,,,,,,,,,,,,,,,,,,,,,,,,,,,,,,,,,,,,,,,,,,,,,,
13568->95,216.992:130.220,213.369:138.991,222.971:147.010,233.022:153.415,239.844:158.207,244.948:162.321,253.540:169.247,263.170:177.010,273.541:183.542,287.395:193.229,295.831:199.530,309.789:205.728,323.589:208.748,,,,,,,,,,,,,,,,,,,,,,,,,,,,,,,,,,,,,,,,,,,,,,,,,,,
13568->96,216.992:130.220,213.369:138.991,197.616:127.354,194.916:125.425,185.207:118.610,172.199:111.308,155.794:103.027,142.814:97.329,130.791:90.707,115.938:83.891,98.846:77.007,89.400:72.165,75.350:65.577,62.374:59.313,,,,,,,,,,,,,,,,,,,,,,,,,,,,,,,,,,,,,,,,,,,,,,,,,,
13568->96372,216.992:130.220,213.369:138.991,222.971:147.010,220.826:151.867,218.561:155.067,,,,,,,,,,,,,,,,,,,,,,,,,,,,,,,,,,,,,,,,,,,,,,,,,,,,,,,,,,,
13568->98239,216.992:130.220,213.369:138.991,222.971:147.010,233.022:153.415,239.844:158.207,244.948:162.321,253.540:169.247,263.170:177.010,273.541:183.542,266.015:190.376,259.506:196.964,261.770:199.201,264.577:200.838,265.934:202.619,264.693:203.237,264.143:205.369,261.236:210.021,,,,,,,,,,,,,,,,,,,,,,,,,,,,,,,,,,,,,,,,,,,,,,,
13568->99,216.992:130.220,213.369:138.991,222.971:147.010,233.022:153.415,239.844:158.207,,,,,,,,,,,,,,,,,,,,,,,,,,,,,,,,,,,,,,,,,,,,,,,,,,,,,,,,,,,
13643->32,169.370:116.347,172.199:111.308,185.207:118.610,194.916:125.425,197.616:127.354,213.369:138.991,222.971:147.010,233.022:153.415,239.844:158.207,234.423:166.563,233.788:176.485,234.820:180.374,239.106:185.931,,,,,,,,,,,,,,,,,,,,,,,,,,,,,,,,,,,,,,,,,,,,,,,,,,,
13643->66,169.370:116.347,172.199:111.308,155.794:103.027,142.814:97.329,130.791:90.707,115.938:83.891,98.846:77.007,89.400:72.165,75.350:65.577,62.374:59.313,54.849:55.263,47.679:49.139,40.809:41.372,35.471:35.856,23.833:26.340,13.949:16.375,,,,,,,,,,,,,,,,,,,,,,,,,,,,,,,,,,,,,,,,,,,,,,,,
13643->67331,169.370:116.347,172.199:111.308,185.207:118.610,194.916:125.425,197.616:127.354,213.369:138.991,222.971:147.010,233.022:153.415,239.844:158.207,244.948:162.321,253.540:169.247,263.170:177.010,273.541:183.542,266.015:190.376,259.506:196.964,261.770:199.201,264.577:200.838,265.934:202.619,264.693:203.237,264.143:205.369,261.236:210.021,258.781:213.446,261.914:216.256,,,,,,,,,,,,,,,,,,,,,,,,,,,,,,,,,,,,,,,,,
13651->13,292.873:204.894,295.831:199.530,309.789:205.728,323.589:208.748,335.464:209.478,341.921:209.634,347.233:210.050,362.972:211.453,376.773:212.234,389.688:214.526,399.251:216.457,,,,,,,,,,,,,,,,,,,,,,,,,,,,,,,,,,,,,,,,,,,,,,,,,,,,,
13651->13702,292.873:204.894,295.831:199.530,287.395:193.229,273.541:183.542,,,,,,,,,,,,,,,,,,,,,,,,,,,,,,,,,,,,,,,,,,,,,,,,,,,,,,,,,,,,
13651->21444,292.873:204.894,295.831:199.530,287.395:193.229,273.541:183.542,263.170:177.010,253.540:169.247,244.948:162.321,250.837:157.263,,,,,,,,,,,,,,,,,,,,,,,,,,,,,,,,,,,,,,,,,,,,,,,,,,,,,,,,
13651->2505,292.873:204.894,288.446:211.872,285.440:216.278,283.721:215.043,,,,,,,,,,,,,,,,,,,,,,,,,,,,,,,,,,,,,,,,,,,,,,,,,,,,,,,,,,,,
13651->2757,292.873:204.894,295.831:199.530,299.242:195.278,302.353:188.697,,,,,,,,,,,,,,,,,,,,,,,,,,,,,,,,,,,,,,,,,,,,,,,,,,,,,,,,,,,,
13651->31591,292.873:204.894,295.831:199.530,287.395:193.229,273.541:183.542,263.170:177.010,253.540:169.247,,,,,,,,,,,,,,,,,,,,,,,,,,,,,,,,,,,,,,,,,,,,,,,,,,,,,,,,,,
13651->32,292.873:204.894,295.831:199.530,287.395:193.229,273.541:183.542,266.015:190.376,259.506:196.964,253.235:196.647,247.361:193.392,240.376:190.296,239.106:185.931,,,,,,,,,,,,,,,,,,,,,,,,,,,,,,,,,,,,,,,,,,,,,,,,,,,,,,
13651->33,292.873:204.894,295.831:199.530,287.395:193.229,273.541:183.542,263.170:177.010,253.540:169.247,244.948:162.321,239.844:158.207,233.022:153.415,222.971:147.010,213.369:138.991,197.616:127.354,194.916:125.425,,,,,,,,,,,,,,,,,,,,,,,,,,,,,,,,,,,,,,,,,,,,,,,,,,,
13651->48339,292.873:204.894,295.831:199.530,309.789:205.728,323.589:208.748,335.464:209.478,341.921:209.634,,,,,,,,,,,,,,,,,,,,,,,,,,,,,,,,,,,,,,,,,,,,,,,,,,,,,,,,,,
13651->53940,292.873:204.894,295.831:199.530,287.395:193.229,294.046:186.564,298.542:180.289,295.606:173.922,293.252:166.883,292.512:160.225,289.702:155.541,284.986:152.808,,,,,,,,,,,,,,,,,,,,,,,,,,,,,,,,,,,,,,,,,,,,,,,,,,,,,,
13651->60378,292.873:204.894,295.831:199.530,287.395:193.229,273.541:183.542,266.015:190.376,259.506:196.964,253.235:196.647,,,,,,,,,,,,,,,,,,,,,,,,,,,,,,,,,,,,,,,,,,,,,,,,,,,,,,,,,
13651->8318,292.873:204.894,295.831:199.530,287.395:193.229,273.541:183.542,263.170:177.010,253.540:169.247,244.948:162.321,,,,,,,,,,,,,,,,,,,,,,,,,,,,,,,,,,,,,,,,,,,,,,,,,,,,,,,,,
13651->85873,292.873:204.894,295.831:199.530,309.789:205.728,307.614:210.781,303.921:217.527,303.034:220.186,303.034:224.470,301.553:226.935,304.068:229.591,313.670:231.954,318.762:234.171,326.689:238.012,,,,,,,,,,,,,,,,,,,,,,,,,,,,,,,,,,,,,,,,,,,,,,,,,,,,
13651->9048,292.873:204.894,295.831:199.530,299.242:195.278,,,,,,,,,,,,,,,,,,,,,,,,,,,,,,,,,,,,,,,,,,,,,,,,,,,,,,,,,,,,,
13651->99,292.873:204.894,295.831:199.530,287.395:193.229,273.541:183.542,263.170:177.010,253.540:169.247,244.948:162.321,239.844:158.207,,,,,,,,,,,,,,,,,,,,,,,,,,,,,,,,,,,,,,,,,,,,,,,,,,,,,,,,
13702->105,273.541:183.542,263.170:177.010,253.540:169.247,244.948:162.321,239.844:158.207,233.022:153.415,222.971:147.010,213.369:138.991,197.616:127.354,194.916:125.425,185.207:118.610,172.199:111.308,155.794:103.027,142.814:97.329,,,,,,,,,,,,,,,,,,,,,,,,,,,,,,,,,,,,,,,,,,,,,,,,,,
13702->11881,273.541:183.542,263.170:177.010,253.540:169.247,244.948:162.321,239.844:158.207,233.022:153.415,222.971:147.010,,,,,,,,,,,,,,,,,,,,,,,,,,,,,,,,,,,,,,,,,,,,,,,,,,,,,,,,,
13702->120,273.541:183.542,287.395:193.229,294.046:186.564,298.542:180.289,295.606:173.922,293.252:166.883,292.512:160.225,289.702:155.541,284.986:152.808,279.519:149.801,,,,,,,,,,,,,,,,,,,,,,,,,,,,,,,,,,,,,,,,,,,,,,,,,,,,,,
13702->13,273.541:183.542,287.395:193.229,295.831:199.530,309.789:205.728,323.589:208.748,335.464:209.478,341.921:209.634,347.233:210.050,362.972:211.453,376.773:212.234,389.688:214.526,399.251:216.457,,,,,,,,,,,,,,,,,,,,,,,,,,,,,,,,,,,,,,,,,,,,,,,,,,,,
13702->13568,273.541:183.542,263.170:177.010,253.540:169.247,244.948:162.321,239.844:158.207,233.022:153.415,222.971:147.010,213.369:138.991,216.992:130.220,,,,,,,,,,,,,,,,,,,,,,,,,,,,,,,,,,,,,,,,,,,,,,,,,,,,,,,
13702->13651,273.541:183.542,287.395:193.229,295.831:199.530,292.873:204.894,,,,,,,,,,,,,,,,,,,,,,,,,,,,,,,,,,,,,,,,,,,,,,,,,,,,,,,,,,,,
13702->14185,273.541:183.542,287.395:193.229,295.831:199.530,299.242:195.278,302.353:188.697,304.946:184.788,,,,,,,,,,,,,,,,,,,,,,,,,,,,,,,,,,,,,,,,,,,,,,,,,,,,,,,,,,
13702->17830,273.541:183.542,287.395:193.229,295.831:199.530,292.873:204.894,288.446:211.872,285.440:216.278,283.721:215.043,280.749:214.236,,,,,,,,,,,,,,,,,,,,,,,,,,,,,,,,,,,,,,,,,,,,,,,,,,,,,,,,
13702->19,273.541:183.542,263.170:177.010,253.540:169.247,244.948:162.321,239.844:158.207,233.022:153.415,222.971:147.010,213.369:138.991,197.616:127.354,194.916:125.425,185.207:118.610,172.199:111.308,155.794:103.027,142.814:97.329,147.227:87.002,149.967:78.863,143.639:73.379,135.818:65.494,132.016:63.775,126.340:58.359,121.601:55.651,112.643:49.610,102.488:48.308,,,,,,,,,,,,,,,,,,,,,,,,,,,,,,,,,,,,,,,,,
13702->20601,273.541:183.542,287.395:193.229,294.046:186.564,298.542:180.289,,,,,,,,,,,,,,,,,,,,,,,,,,,,,,,,,,,,,,,,,,,,,,,,,,,,,,,,,,,,
13702->21444,273.541:183.542,263.170:177.010,253.540:169.247,244.948:162.321,250.837:157.263,,,,,,,,,,,,,,,,,,,,,,,,,,,,,,,,,,,,,,,,,,,,,,,,,,,,,,,,,,,
13702->22,273.541:183.542,263.170:177.010,253.540:169.247,244.948:162.321,239.844:158.207,233.022:153.415,222.971:147.010,213.369:138.991,216.992:130.220,221.105:119.973,211.572:116.147,202.551:111.363,205.899:103.487,,,,,,,,,,,,,,,,,,,,,,,,,,,,,,,,,,,,,,,,,,,,,,,,,,,
13702->23254,273.541:183.542,287.395:193.229,295.831:199.530,309.789:205.728,323.589:208.748,335.464:209.478,341.921:209.634,347.233:210.050,346.414:220.501,,,,,,,,,,,,,,,,,,,,,,,,,,,,,,,,,,,,,,,,,,,,,,,,,,,,,,,
13702->2344,273.541:183.542,263.170:177.010,,,,,,,,,,,,,,,,,,,,,,,,,,,,,,,,,,,,,,,,,,,,,,,,,,,,,,,,,,,,,,
13702->23449,273.541:183.542,263.170:177.010,253.540:169.247,244.948:162.321,250.837:157.263,256.201:151.742,259.065:147.524,262.142:140.680,255.137:140.236,248.338:138.117,,,,,,,,,,,,,,,,,,,,,,,,,,,,,,,,,,,,,,,,,,,,,,,,,,,,,,
13702->25121,273.541:183.542,263.170:177.010,253.540:169.247,244.948:162.321,239.844:158.207,233.022:153.415,222.971:147.010,213.369:138.991,216.992:130.220,221.105:119.973,231.048:125.270,,,,,,,,,,,,,,,,,,,,,,,,,,,,,,,,,,,,,,,,,,,,,,,,,,,,,
13702->26858,273.541:183.542,287.395:193.229,295.831:199.530,309.789:205.728,323.589:208.748,335.464:209.478,341.921:209.634,347.233:210.050,,,,,,,,,,,,,,,,,,,,,,,,,,,,,,,,,,,,,,,,,,,,,,,,,,,,,,,,
13702->2757,273.541:183.542,287.395:193.229,295.831:199.530,299.242:195.278,302.353:188.697,,,,,,,,,,,,,,,,,,,,,,,,,,,,,,,,,,,,,,,,,,,,,,,,,,,,,,,,,,,
13702->28385,273.541:183.542,287.395:193.229,295.831:199.530,309.789:205.728,323.589:208.748,335.464:209.478,341.921:209.634,342.238:205.594,339.156:200.382,337.035:194.274,,,,,,,,,,,,,,,,,,,,,,,,,,,,,,,,,,,,,,,,,,,,,,,,,,,,,,
13702->29250,273.541:183.542,287.395:193.229,294.046:186.564,298.542:180.289,295.606:173.922,298.583:174.490,302.782:177.268,,,,,,,,,,,,,,,,,,,,,,,,,,,,,,,,,,,,,,,,,,,,,,,,,,,,,,,,,
13702->29992,273.541:183.542,287.395:193.229,295.831:199.530,309.789:205.728,307.614:210.781,,,,,,,,,,,,,,,,,,,,,,,,,,,,,,,,,,,,,,,,,,,,,,,,,,,,,,,,,,,
13702->31591,273.541:183.542,263.170:177.010,253.540:169.247,,,,,,,,,,,,,,,,,,,,,,,,,,,,,,,,,,,,,,,,,,,,,,,,,,,,,,,,,,,,,
13702->32,273.541:183.542,266.015:190.376,259.506:196.964,253.235:196.647,247.361:193.392,240.376:190.296,239.106:185.931,,,,,,,,,,,,,,,,,,,,,,,,,,,,,,,,,,,,,,,,,,,,,,,,,,,,,,,,,
13702->32446,273.541:183.542,287.395:193.229,295.831:199.530,309.789:205.728,307.614:210.781,303.921:217.527,303.034:220.186,303.034:224.470,301.553:226.935,,,,,,,,,,,,,,,,,,,,,,,,,,,,,,,,,,,,,,,,,,,,,,,,,,,,,,,
13702->33,273.541:183.542,263.170:177.010,253.540:169.247,244.948:162.321,239.844:158.207,233.022:153.415,222.971:147.010,213.369:138.991,197.616:127.354,194.916:125.425,,,,,,,,,,,,,,,,,,,,,,,,,,,,,,,,,,,,,,,,,,,,,,,,,,,,,,
13702->37558,273.541:183.542,287.395:193.229,295.831:199.530,292.873:204.894,288.446:211.872,,,,,,,,,,,,,,,,,,,,,,,,,,,,,,,,,,,,,,,,,,,,,,,,,,,,,,,,,,,
13702->4,273.541:183.542,287.395:193.229,295.831:199.530,292.873:204.894,288.446:211.872,285.440:216.278,281.103:222.601,276.312:228.590,,,,,,,,,,,,,,,,,,,,,,,,,,,,,,,,,,,,,,,,,,,,,,,,,,,,,,,,
13702->45476,273.541:183.542,287.395:193.229,294.046:186.564,298.542:180.289,295.606:173.922,298.583:174.490,302.782:177.268,304.882:179.465,,,,,,,,,,,,,,,,,,,,,,,,,,,,,,,,,,,,,,,,,,,,,,,,,,,,,,,,
13702->49,273.541:183.542,287.395:193.229,295.831:199.530,309.789:205.728,323.589:208.748,335.464:209.478,341.921:209.634,347.233:210.050,346.414:220.501,347.233:231.470,342.284:235.228,339.995:239.670,337.398:245.240,333.639:250.297,327.249:249.579,324.140:249.853,323.730:252.620,319.322:252.825,317.921:257.472,310.951:262.358,,,,,,,,,,,,,,,,,,,,,,,,,,,,,,,,,,,,,,,,,,,,
13702->5,273.541:183.542,287.395:193.229,,,,,,,,,,,,,,,,,,,,,,,,,,,,,,,,,,,,,,,,,,,,,,,,,,,,,,,,,,,,,,
13702->50132,273.541:183.542,287.395:193.229,295.831:199.530,309.789:205.728,307.614:210.781,303.921:217.527,303.034:220.186,,,,,,,,,,,,,,,,,,,,,,,,,,,,,,,,,,,,,,,,,,,,,,,,,,,,,,,,,
13702->51286,273.541:183.542,263.170:177.010,253.540:169.247,244.948:162.321,239.844:158.207,234.423:166.563,233.788:176.485,,,,,,,,,,,,,,,,,,,,,,,,,,,,,,,,,,,,,,,,,,,,,,,,,,,,,,,,,
13702->51552,273.541:183.542,287.395:193.229,295.831:199.530,292.873:204.894,288.446:211.872,285.440:216.278,281.103:222.601,276.312:228.590,272.979:230.361,277.165:234.213,280.995:236.462,,,,,,,,,,,,,,,,,,,,,,,,,,,,,,,,,,,,,,,,,,,,,,,,,,,,,
13702->51952,273.541:183.542,263.170:177.010,253.540:169.247,244.948:162.321,239.844:158.207,233.022:153.415,222.971:147.010,220.826:151.867,,,,,,,,,,,,,,,,,,,,,,,,,,,,,,,,,,,,,,,,,,,,,,,,,,,,,,,,
13702->52367,273.541:183.542,287.395:193.229,295.831:199.530,309.789:205.728,307.614:210.781,303.921:217.527,303.034:220.186,303.034:224.470,301.553:226.935,304.068:229.591,,,,,,,,,,,,,,,,,,,,,,,,,,,,,,,,,,,,,,,,,,,,,,,,,,,,,,
13702->53940,273.541:183.542,287.395:193.229,294.046:186.564,298.542:180.289,295.606:173.922,293.252:166.883,292.512:160.225,289.702:155.541,284.986:152.808,,,,,,,,,,,,,,,,,,,,,,,,,,,,,,,,,,,,,,,,,,,,,,,,,,,,,,,
13702->54272,273.541:183.542,263.170:177.010,253.540:169.247,244.948:162.321,239.844:158.207,233.022:153.415,222.971:147.010,213.369:138.991,216.992:130.220,221.105:119.973,211.572:116.147,202.551:111.363,,,,,,,,,,,,,,,,,,,,,,,,,,,,,,,,,,,,,,,,,,,,,,,,,,,,
13702->5451,273.541:183.542,266.015:190.376,259.506:196.964,261.770:199.201,264.577:200.838,,,,,,,,,,,,,,,,,,,,,,,,,,,,,,,,,,,,,,,,,,,,,,,,,,,,,,,,,,,
13702->60368,273.541:183.542,266.015:190.376,259.506:196.964,,,,,,,,,,,,,,,,,,,,,,,,,,,,,,,,,,,,,,,,,,,,,,,,,,,,,,,,,,,,,
13702->60450,273.541:183.542,263.170:177.010,253.540:169.247,244.948:162.321,239.844:158.207,233.022:153.415,,,,,,,,,,,,,,,,,,,,,,,,,,,,,,,,,,,,,,,,,,,,,,,,,,,,,,,,,,
13702->63253,273.541:183.542,287.395:193.229,294.046:186.564,298.542:180.289,295.606:173.922,293.252:166.883,292.512:160.225,,,,,,,,,,,,,,,,,,,,,,,,,,,,,,,,,,,,,,,,,,,,,,,,,,,,,,,,,
13702->63927,273.541:183.542,263.170:177.010,253.540:169.247,244.948:162.321,250.837:157.263,256.201:151.742,259.065:147.524,262.142:140.680,255.137:140.236,248.338:138.117,242.392:134.598,,,,,,,,,,,,,,,,,,,,,,,,,,,,,,,,,,,,,,,,,,,,,,,,,,,,,
13702->64018,273.541:183.542,287.395:193.229,294.046:186.564,,,,,,,,,,,,,,,,,,,,,,,,,,,,,,,,,,,,,,,,,,,,,,,,,,,,,,,,,,,,,
13702->66,273.541:183.542,263.170:177.010,253.540:169.247,244.948:162.321,239.844:158.207,233.022:153.415,222.971:147.010,213.369:138.991,197.616:127.354,194.916:125.425,185.207:118.610,172.199:111.308,155.794:103.027,142.814:97.329,130.791:90.707,115.938:83.891,98.846:77.007,89.400:72.165,75.350:65.577,62.374:59.313,54.849:55.263,47.679:49.139,40.809:41.372,35.471:35.856,23.833:26.340,13.949:16.375,,,,,,,,,,,,,,,,,,,,,,,,,,,,,,,,,,,,,,
13702->67916,273.541:183.542,287.395:193.229,295.831:199.530,309.789:205.728,323.589:208.748,335.464:209.478,341.921:209.634,342.238:205.594,339.156:200.382,337.035:194.274,337.420:188.101,340.700:181.672,344.595:175.542,347.193:169.199,349.637:164.698,356.323:163.798,,,,,,,,,,,,,,,,,,,,,,,,,,,,,,,,,,,,,,,,,,,,,,,,
13702->69933,273.541:183.542,263.170:177.010,253.540:169.247,244.948:162.321,239.844:158.207,233.022:153.415,222.971:147.010,213.369:138.991,197.616:127.354,194.916:125.425,198.866:118.313,,,,,,,,,,,,,,,,,,,,,,,,,,,,,,,,,,,,,,,,,,,,,,,,,,,,,
13702->71721,273.541:183.542,266.015:190.376,259.506:196.964,261.770:199.201,264.577:200.838,265.934:202.619,268.562:205.911,271.617:208.929,273.745:211.032,271.999:212.799,269.603:216.159,,,,,,,,,,,,,,,,,,,,,,,,,,,,,,,,,,,,,,,,,,,,,,,,,,,,,
13702->72780,273.541:183.542,287.395:193.229,295.831:199.530,292.873:204.894,288.446:211.872,285.440:216.278,281.103:222.601,276.312:228.590,272.979:230.361,277.165:234.213,280.995:236.462,284.216:236.645,,,,,,,,,,,,,,,,,,,,,,,,,,,,,,,,,,,,,,,,,,,,,,,,,,,,
13702->72974,273.541:183.542,263.170:177.010,253.540:169.247,244.948:162.321,250.837:157.263,256.201:151.742,,,,,,,,,,,,,,,,,,,,,,,,,,,,,,,,,,,,,,,,,,,,,,,,,,,,,,,,,,
13702->75205,273.541:183.542,263.170:177.010,253.540:169.247,244.948:162.321,250.837:157.263,256.201:151.742,259.065:147.524,,,,,,,,,,,,,,,,,,,,,,,,,,,,,,,,,,,,,,,,,,,,,,,,,,,,,,,,,
13702->79100,273.541:183.542,287.395:193.229,295.831:199.530,292.873:204.894,288.446:211.872,285.440:216.278,281.103:222.601,279.812:220.553,,,,,,,,,,,,,,,,,,,,,,,,,,,,,,,,,,,,,,,,,,,,,,,,,,,,,,,,
13702->79694,273.541:183.542,287.395:193.229,295.831:199.530,309.789:205.728,307.614:210.781,303.921:217.527,303.034:220.186,303.034:224.470,301.553:226.935,304.068:229.591,313.670:231.954,,,,,,,,,,,,,,,,,,,,,,,,,,,,,,,,,,,,,,,,,,,,,,,,,,,,,
13702->80124,273.541:183.542,287.395:193.229,294.046:186.564,298.542:180.289,295.606:173.922,293.252:166.883,,,,,,,,,,,,,,,,,,,,,,,,,,,,,,,,,,,,,,,,,,,,,,,,,,,,,,,,,,
13702->81533,273.541:183.542,287.395:193.229,295.831:199.530,309.789:205.728,323.589:208.748,335.464:209.478,341.921:209.634,342.238:205.594,339.156:200.382,337.035:194.274,337.420:188.101,,,,,,,,,,,,,,,,,,,,,,,,,,,,,,,,,,,,,,,,,,,,,,,,,,,,,
13702->8318,273.541:183.542,263.170:177.010,253.540:169.247,244.948:162.321,,,,,,,,,,,,,,,,,,,,,,,,,,,,,,,,,,,,,,,,,,,,,,,,,,,,,,,,,,,,
13702->84,273.541:183.542,287.395:193.229,295.831:199.530,292.873:204.894,288.446:211.872,285.440:216.278,281.103:222.601,276.312:228.590,272.979:230.361,267.250:233.225,259.282:236.454,254.126:241.349,,,,,,,,,,,,,,,,,,,,,,,,,,,,,,,,,,,,,,,,,,,,,,,,,,,,
13702->86413,273.541:183.542,263.170:177.010,253.540:169.247,244.948:162.321,250.837:157.263,256.201:151.742,259.065:147.524,262.142:140.680,269.223:140.680,273.596:142.477,278.802:146.350,,,,,,,,,,,,,,,,,,,,,,,,,,,,,,,,,,,,,,,,,,,,,,,,,,,,,
13702->87392,273.541:183.542,263.170:177.010,253.540:169.247,244.948:162.321,239.844:158.207,233.022:153.415,222.971:147.010,213.369:138.991,,,,,,,,,,,,,,,,,,,,,,,,,,,,,,,,,,,,,,,,,,,,,,,,,,,,,,,,
13702->88,273.541:183.542,287.395:193.229,295.831:199.530,309.789:205.728,323.589:208.748,335.464:209.478,341.921:209.634,347.233:210.050,362.972:211.453,376.773:212.234,,,,,,,,,,,,,,,,,,,,,,,,,,,,,,,,,,,,,,,,,,,,,,,,,,,,,,
13702->89653,273.541:183.542,287.395:193.229,295.831:199.530,299.242:195.278,302.353:188.697,304.946:184.788,306.078:181.726,,,,,,,,,,,,,,,,,,,,,,,,,,,,,,,,,,,,,,,,,,,,,,,,,,,,,,,,,
13702->9048,273.541:183.542,287.395:193.229,295.831:199.530,299.242:195.278,,,,,,,,,,,,,,,,,,,,,,,,,,,,,,,,,,,,,,,,,,,,,,,,,,,,,,,,,,,,
13702->91020,273.541:183.542,287.395:193.229,295.831:199.530,309.789:205.728,323.589:208.748,335.464:209.478,341.921:209.634,347.233:210.050,362.972:211.453,,,,,,,,,,,,,,,,,,,,,,,,,,,,,,,,,,,,,,,,,,,,,,,,,,,,,,,
13702->92,273.541:183.542,287.395:193.229,295.831:199.530,309.789:205.728,323.589:208.748,335.464:209.478,341.921:209.634,342.238:205.594,339.156:200.382,337.035:194.274,337.420:188.101,340.700:181.672,344.595:175.542,347.193:169.199,349.637:164.698,356.323:163.798,360.502:163.991,366.803:162.190,370.983:159.940,373.073:154.252,375.613:149.887,379.265:145.124,380.058:139.488,380.579:129.453,380.448:122.917,376.784:117.838,374.253:113.458,372.904:107.029,372.030:100.361,369.808:96.313,367.824:93.376,368.459:87.820,371.554:82.184,375.523:78.533,377.031:74.088,380.048:69.722,379.571:66.626,381.397:63.134,,,,,,,,,,,,,,,,,,,,,,,,,,
13702->92674,273.541:183.542,263.170:177.010,253.540:169.247,244.948:162.321,239.844:158.207,234.423:166.563,232.022:166.358,,,,,,,,,,,,,,,,,,,,,,,,,,,,,,,,,,,,,,,,,,,,,,,,,,,,,,,,,
13702->95,273.541:183.542,287.395:193.229,295.831:199.530,309.789:205.728,323.589:208.748,,,,,,,,,,,,,,,,,,,,,,,,,,,,,,,,,,,,,,,,,,,,,,,,,,,,,,,,,,,
13702->95138,273.541:183.542,266.015:190.376,259.506:196.964,261.770:199.201,264.577:200.838,265.934:202.619,268.562:205.911,271.617:208.929,273.745:211.032,271.999:212.799,,,,,,,,,,,,,,,,,,,,,,,,,,,,,,,,,,,,,,,,,,,,,,,,,,,,,,
13702->95815,273.541:183.542,266.015:190.376,,,,,,,,,,,,,,,,,,,,,,,,,,,,,,,,,,,,,,,,,,,,,,,,,,,,,,,,,,,,,,
13702->96,273.541:183.542,263.170:177.010,253.540:169.247,244.948:162.321,239.844:158.207,233.022:153.415,222.971:147.010,213.369:138.991,197.616:127.354,194.916:125.425,185.207:118.610,172.199:111.308,155.794:103.027,142.814:97.329,130.791:90.707,115.938:83.891,98.846:77.007,89.400:72.165,75.350:65.577,62.374:59.313,,,,,,,,,,,,,,,,,,,,,,,,,,,,,,,,,,,,,,,,,,,,
13702->97999,273.541:183.542,287.395:193.229,295.831:199.530,309.789:205.728,307.614:210.781,303.921:217.527,303.034:220.186,303.034:224.470,301.553:226.935,304.068:229.591,313.670:231.954,318.762:234.171,,,,,,,,,,,,,,,,,,,,,,,,,,,,,,,,,,,,,,,,,,,,,,,,,,,,
13702->99,273.541:183.542,263.170:177.010,253.540:169.247,244.948:162.321,239.844:158.207,,,,,,,,,,,,,,,,,,,,,,,,,,,,,,,,,,,,,,,,,,,,,,,,,,,,,,,,,,,
13852->13,347.193:169.199,344.595:175.542,340.700:181.672,337.420:188.101,337.035:194.274,339.156:200.382,342.238:205.594,341.921:209.634,347.233:210.050,362.972:211.453,376.773:212.234,389.688:214.526,399.251:216.457,,,,,,,,,,,,,,,,,,,,,,,,,,,,,,,,,,,,,,,,,,,,,,,,,,,
13852->22,347.193:169.199,344.595:175.542,340.700:181.672,337.420:188.101,337.035:194.274,339.156:200.382,342.238:205.594,341.921:209.634,335.464:209.478,323.589:208.748,309.789:205.728,295.831:199.530,287.395:193.229,273.541:183.542,263.170:177.010,253.540:169.247,244.948:162.321,239.844:158.207,233.022:153.415,222.971:147.010,213.369:138.991,216.992:130.220,221.105:119.973,211.572:116.147,202.551:111.363,205.899:103.487,,,,,,,,,,,,,,,,,,,,,,,,,,,,,,,,,,,,,,
13852->26858,347.193:169.199,344.595:175.542,340.700:181.672,337.420:188.101,337.035:194.274,339.156:200.382,342.238:205.594,341.921:209.634,347.233:210.050,,,,,,,,,,,,,,,,,,,,,,,,,,,,,,,,,,,,,,,,,,,,,,,,,,,,,,,
13852->32446,347.193:169.199,344.595:175.542,340.700:181.672,337.420:188.101,337.035:194.274,339.156:200.382,342.238:205.594,341.921:209.634,335.464:209.478,323.589:208.748,309.789:205.728,307.614:210.781,303.921:217.527,303.034:220.186,303.034:224.470,301.553:226.935,,,,,,,,,,,,,,,,,,,,,,,,,,,,,,,,,,,,,,,,,,,,,,,,
13852->5,347.193:169.199,344.595:175.542,340.700:181.672,337.420:188.101,337.035:194.274,339.156:200.382,342.238:205.594,341.921:209.634,335.464:209.478,323.589:208.748,309.789:205.728,295.831:199.530,287.395:193.229,,,,,,,,,,,,,,,,,,,,,,,,,,,,,,,,,,,,,,,,,,,,,,,,,,,
13852->67916,347.193:169.199,349.637:164.698,356.323:163.798,,,,,,,,,,,,,,,,,,,,,,,,,,,,,,,,,,,,,,,,,,,,,,,,,,,,,,,,,,,,,
13852->88,347.193:169.199,344.595:175.542,340.700:181.672,337.420:188.101,337.035:194.274,339.156:200.382,342.238:205.594,341.921:209.634,347.233:210.050,362.972:211.453,376.773:212.234,,,,,,,,,,,,,,,,,,,,,,,,,,,,,,,,,,,,,,,,,,,,,,,,,,,,,
13852->95,347.193:169.199,344.595:175.542,340.700:181.672,337.420:188.101,337.035:194.274,339.156:200.382,342.238:205.594,341.921:209.634,335.464:209.478,323.589:208.748,,,,,,,,,,,,,,,,,,,,,,,,,,,,,,,,,,,,,,,,,,,,,,,,,,,,,,
14185->105,304.946:184.788,302.353:188.697,299.242:195.278,295.831:199.530,287.395:193.229,273.541:183.542,263.170:177.010,253.540:169.247,244.948:162.321,239.844:158.207,233.022:153.415,222.971:147.010,213.369:138.991,197.616:127.354,194.916:125.425,185.207:118.610,172.199:111.308,155.794:103.027,142.814:97.329,,,,,,,,,,,,,,,,,,,,,,,,,,,,,,,,,,,,,,,,,,,,,
14185->11881,304.946:184.788,302.353:188.697,299.242:195.278,295.831:199.530,287.395:193.229,273.541:183.542,263.170:177.010,253.540:169.247,244.948:162.321,239.844:158.207,233.022:153.415,222.971:147.010,,,,,,,,,,,,,,,,,,,,,,,,,,,,,,,,,,,,,,,,,,,,,,,,,,,,
14185->120,304.946:184.788,306.078:181.726,304.882:179.465,302.782:177.268,298.583:174.490,295.606:173.922,293.252:166.883,292.512:160.225,289.702:155.541,284.986:152.808,279.519:149.801,,,,,,,,,,,,,,,,,,,,,,,,,,,,,,,,,,,,,,,,,,,,,,,,,,,,,
14185->13,304.946:184.788,302.353:188.697,299.242:195.278,295.831:199.530,309.789:205.728,323.589:208.748,335.464:209.478,341.921:209.634,347.233:210.050,362.972:211.453,376.773:212.234,389.688:214.526,399.251:216.457,,,,,,,,,,,,,,,,,,,,,,,,,,,,,,,,,,,,,,,,,,,,,,,,,,,
14185->13702,304.946:184.788,302.353:188.697,299.242:195.278,295.831:199.530,287.395:193.229,273.541:183.542,,,,,,,,,,,,,,,,,,,,,,,,,,,,,,,,,,,,,,,,,,,,,,,,,,,,,,,,,,
14185->20601,304.946:184.788,302.353:188.697,299.242:195.278,295.831:199.530,287.395:193.229,294.046:186.564,298.542:180.289,,,,,,,,,,,,,,,,,,,,,,,,,,,,,,,,,,,,,,,,,,,,,,,,,,,,,,,,,
14185->21444,304.946:184.788,302.353:188.697,299.242:195.278,295.831:199.530,287.395:193.229,273.541:183.542,263.170:177.010,253.540:169.247,244.948:162.321,250.837:157.263,,,,,,,,,,,,,,,,,,,,,,,,,,,,,,,,,,,,,,,,,,,,,,,,,,,,,,
14185->23449,304.946:184.788,302.353:188.697,299.242:195.278,295.831:199.530,287.395:193.229,273.541:183.542,263.170:177.010,253.540:169.247,244.948:162.321,250.837:157.263,256.201:151.742,259.065:147.524,262.142:140.680,255.137:140.236,248.338:138.117,,,,,,,,,,,,,,,,,,,,,,,,,,,,,,,,,,,,,,,,,,,,,,,,,
14185->26858,304.946:184.788,302.353:188.697,299.242:195.278,295.831:199.530,309.789:205.728,323.589:208.748,335.464:209.478,341.921:209.634,347.233:210.050,,,,,,,,,,,,,,,,,,,,,,,,,,,,,,,,,,,,,,,,,,,,,,,,,,,,,,,
14185->2757,304.946:184.788,302.353:188.697,,,,,,,,,,,,,,,,,,,,,,,,,,,,,,,,,,,,,,,,,,,,,,,,,,,,,,,,,,,,,,
14185->30620,304.946:184.788,302.353:188.697,299.242:195.278,295.831:199.530,309.789:205.728,323.589:208.748,335.464:209.478,341.921:209.634,342.238:205.594,339.156:200.382,,,,,,,,,,,,,,,,,,,,,,,,,,,,,,,,,,,,,,,,,,,,,,,,,,,,,,
14185->30645,304.946:184.788,302.353:188.697,299.242:195.278,295.831:199.530,309.789:205.728,323.589:208.748,335.464:209.478,341.921:209.634,347.233:210.050,362.972:211.453,376.773:212.234,377.269:207.599,376.158:201.725,370.983:196.328,,,,,,,,,,,,,,,,,,,,,,,,,,,,,,,,,,,,,,,,,,,,,,,,,,
14185->31591,304.946:184.788,302.353:188.697,299.242:195.278,295.831:199.530,287.395:193.229,273.541:183.542,263.170:177.010,253.540:169.247,,,,,,,,,,,,,,,,,,,,,,,,,,,,,,,,,,,,,,,,,,,,,,,,,,,,,,,,
14185->32,304.946:184.788,302.353:188.697,299.242:195.278,295.831:199.530,287.395:193.229,273.541:183.542,266.015:190.376,259.506:196.964,253.235:196.647,247.361:193.392,240.376:190.296,239.106:185.931,,,,,,,,,,,,,,,,,,,,,,,,,,,,,,,,,,,,,,,,,,,,,,,,,,,,
14185->41841,304.946:184.788,302.353:188.697,299.242:195.278,295.831:199.530,309.789:205.728,323.589:208.748,335.464:209.478,341.921:209.634,342.238:205.594,,,,,,,,,,,,,,,,,,,,,,,,,,,,,,,,,,,,,,,,,,,,,,,,,,,,,,,
14185->49,304.946:184.788,302.353:188.697,299.242:195.278,295.831:199.530,309.789:205.728,323.589:208.748,335.464:209.478,341.921:209.634,347.233:210.050,346.414:220.501,347.233:231.470,342.284:235.228,339.995:239.670,337.398:245.240,333.639:250.297,327.249:249.579,324.140:249.853,323.730:252.620,319.322:252.825,317.921:257.472,310.951:262.358,,,,,,,,,,,,,,,,,,,,,,,,,,,,,,,,,,,,,,,,,,,
14185->5,304.946:184.788,302.353:188.697,299.242:195.278,295.831:199.530,287.395:193.229,,,,,,,,,,,,,,,,,,,,,,,,,,,,,,,,,,,,,,,,,,,,,,,,,,,,,,,,,,,
14185->51286,304.946:184.788,302.353:188.697,299.242:195.278,295.831:199.530,287.395:193.229,273.541:183.542,263.170:177.010,253.540:169.247,244.948:162.321,239.844:158.207,234.423:166.563,233.788:176.485,,,,,,,,,,,,,,,,,,,,,,,,,,,,,,,,,,,,,,,,,,,,,,,,,,,,
14185->53940,304.946:184.788,306.078:181.726,304.882:179.465,302.782:177.268,298.583:174.490,295.606:173.922,293.252:166.883,292.512:160.225,289.702:155.541,284.986:152.808,,,,,,,,,,,,,,,,,,,,,,,,,,,,,,,,,,,,,,,,,,,,,,,,,,,,,,
14185->54957,304.946:184.788,302.353:188.697,299.242:195.278,295.831:199.530,,,,,,,,,,,,,,,,,,,,,,,,,,,,,,,,,,,,,,,,,,,,,,,,,,,,,,,,,,,,
14185->60450,304.946:184.788,302.353:188.697,299.242:195.278,295.831:199.530,287.395:193.229,273.541:183.542,263.170:177.010,253.540:169.247,244.948:162.321,239.844:158.207,233.022:153.415,,,,,,,,,,,,,,,,,,,,,,,,,,,,,,,,,,,,,,,,,,,,,,,,,,,,,
14185->72974,304.946:184.788,302.353:188.697,299.242:195.278,295.831:199.530,287.395:193.229,273.541:183.542,263.170:177.010,253.540:169.247,244.948:162.321,250.837:157.263,256.201:151.742,,,,,,,,,,,,,,,,,,,,,,,,,,,,,,,,,,,,,,,,,,,,,,,,,,,,,
14185->74523,304.946:184.788,302.353:188.697,299.242:195.278,295.831:199.530,309.789:205.728,323.589:208.748,335.464:209.478,341.921:209.634,342.238:205.594,339.156:200.382,337.035:194.274,337.420:188.101,340.700:181.672,344.595:175.542,347.193:169.199,349.637:164.698,356.323:163.798,360.502:163.991,366.803:162.190,370.983:159.940,373.073:154.252,375.613:149.887,379.265:145.124,380.058:139.488,380.579:129.453,380.448:122.917,376.784:117.838,374.253:113.458,372.904:107.029,,,,,,,,,,,,,,,,,,,,,,,,,,,,,,,,,,,
14185->75646,304.946:184.788,302.353:188.697,299.242:195.278,295.831:199.530,309.789:205.728,323.589:208.748,335.464:209.478,341.921:209.634,342.238:205.594,339.156:200.382,337.035:194.274,337.420:188.101,340.700:181.672,344.595:175.542,347.193:169.199,349.637:164.698,356.323:163.798,360.502:163.991,,,,,,,,,,,,,,,,,,,,,,,,,,,,,,,,,,,,,,,,,,,,,,
14185->79694,304.946:184.788,302.353:188.697,299.242:195.278,295.831:199.530,309.789:205.728,307.614:210.781,303.921:217.527,303.034:220.186,303.034:224.470,301.553:226.935,304.068:229.591,313.670:231.954,,,,,,,,,,,,,,,,,,,,,,,,,,,,,,,,,,,,,,,,,,,,,,,,,,,,
14185->81533,304.946:184.788,302.353:188.697,299.242:195.278,295.831:199.530,309.789:205.728,323.589:208.748,335.464:209.478,341.921:209.634,342.238:205.594,339.156:200.382,337.035:194.274,337.420:188.101,,,,,,,,,,,,,,,,,,,,,,,,,,,,,,,,,,,,,,,,,,,,,,,,,,,,
14185->8318,304.946:184.788,302.353:188.697,299.242:195.278,295.831:199.530,287.395:193.229,273.541:183.542,263.170:177.010,253.540:169.247,244.948:162.321,,,,,,,,,,,,,,,,,,,,,,,,,,,,,,,,,,,,,,,,,,,,,,,,,,,,,,,
14185->88,304.946:184.788,302.353:188.697,299.242:195.278,295.831:199.530,309.789:205.728,323.589:208.748,335.464:209.478,341.921:209.634,347.233:210.050,362.972:211.453,376.773:212.234,,,,,,,,,,,,,,,,,,,,,,,,,,,,,,,,,,,,,,,,,,,,,,,,,,,,,
14185->89653,304.946:184.788,306.078:181.726,,,,,,,,,,,,,,,,,,,,,,,,,,,,,,,,,,,,,,,,,,,,,,,,,,,,,,,,,,,,,,
14185->9048,304.946:184.788,302.353:188.697,299.242:195.278,,,,,,,,,,,,,,,,,,,,,,,,,,,,,,,,,,,,,,,,,,,,,,,,,,,,,,,,,,,,,
14185->95,304.946:184.788,302.353:188.697,299.242:195.278,295.831:199.530,309.789:205.728,323.589:208.748,,,,,,,,,,,,,,,,,,,,,,,,,,,,,,,,,,,,,,,,,,,,,,,,,,,,,,,,,,
14185->96372,304.946:184.788,302.353:188.697,299.242:195.278,295.831:199.530,287.395:193.229,273.541:183.542,263.170:177.010,253.540:169.247,244.948:162.321,239.844:158.207,233.022:153.415,222.971:147.010,220.826:151.867,218.561:155.067,,,,,,,,,,,,,,,,,,,,,,,,,,,,,,,,,,,,,,,,,,,,,,,,,,
14185->99,304.946:184.788,302.353:188.697,299.242:195.278,295.831:199.530,287.395:193.229,273.541:183.542,263.170:177.010,253.540:169.247,244.948:162.321,239.844:158.207,,,,,,,,,,,,,,,,,,,,,,,,,,,,,,,,,,,,,,,,,,,,,,,,,,,,,,
14382->105,189.811:140.721,192.341:136.632,195.119:131.075,197.616:127.354,194.916:125.425,185.207:118.610,172.199:111.308,155.794:103.027,142.814:97.329,,,,,,,,,,,,,,,,,,,,,,,,,,,,,,,,,,,,,,,,,,,,,,,,,,,,,,,
14382->120,189.811:140.721,192.341:136.632,195.119:131.075,197.616:127.354,213.369:138.991,216.992:130.220,221.105:119.973,231.048:125.270,240.449:129.276,242.392:134.598,248.338:138.117,255.137:140.236,262.142:140.680,269.223:140.680,273.596:142.477,278.802:146.350,279.519:149.801,,,,,,,,,,,,,,,,,,,,,,,,,,,,,,,,,,,,,,,,,,,,,,,
14382->22,189.811:140.721,192.341:136.632,195.119:131.075,197.616:127.354,194.916:125.425,198.866:118.313,202.551:111.363,205.899:103.487,,,,,,,,,,,,,,,,,,,,,,,,,,,,,,,,,,,,,,,,,,,,,,,,,,,,,,,,
14382->32,189.811:140.721,192.341:136.632,195.119:131.075,197.616:127.354,213.369:138.991,222.971:147.010,233.022:153.415,239.844:158.207,234.423:166.563,233.788:176.485,234.820:180.374,239.106:185.931,,,,,,,,,,,,,,,,,,,,,,,,,,,,,,,,,,,,,,,,,,,,,,,,,,,,
14382->74867,189.811:140.721,192.341:136.632,195.119:131.075,197.616:127.354,194.916:125.425,198.866:118.313,202.551:111.363,211.572:116.147,,,,,,,,,,,,,,,,,,,,,,,,,,,,,,,,,,,,,,,,,,,,,,,,,,,,,,,,
14657->37558,261.770:199.201,259.506:196.964,266.015:190.376,273.541:183.542,287.395:193.229,295.831:199.530,292.873:204.894,288.446:211.872,,,,,,,,,,,,,,,,,,,,,,,,,,,,,,,,,,,,,,,,,,,,,,,,,,,,,,,,
15079->13,349.637:164.698,347.193:169.199,344.595:175.542,340.700:181.672,337.420:188.101,337.035:194.274,339.156:200.382,342.238:205.594,341.921:209.634,347.233:210.050,362.972:211.453,376.773:212.234,389.688:214.526,399.251:216.457,,,,,,,,,,,,,,,,,,,,,,,,,,,,,,,,,,,,,,,,,,,,,,,,,,
15079->22,349.637:164.698,347.193:169.199,344.595:175.542,340.700:181.672,337.420:188.101,337.035:194.274,339.156:200.382,342.238:205.594,341.921:209.634,335.464:209.478,323.589:208.748,309.789:205.728,295.831:199.530,287.395:193.229,273.541:183.542,263.170:177.010,253.540:169.247,244.948:162.321,239.844:158.207,233.022:153.415,222.971:147.010,213.369:138.991,216.992:130.220,221.105:119.973,211.572:116.147,202.551:111.363,205.899:103.487,,,,,,,,,,,,,,,,,,,,,,,,,,,,,,,,,,,,,
15079->23254,349.637:164.698,347.193:169.199,344.595:175.542,340.700:181.672,337.420:188.101,337.035:194.274,339.156:200.382,342.238:205.594,341.921:209.634,347.233:210.050,346.414:220.501,,,,,,,,,,,,,,,,,,,,,,,,,,,,,,,,,,,,,,,,,,,,,,,,,,,,,
15079->24817,349.637:164.698,347.193:169.199,344.595:175.542,340.700:181.672,337.420:188.101,337.035:194.274,339.156:200.382,342.238:205.594,341.921:209.634,335.464:209.478,,,,,,,,,,,,,,,,,,,,,,,,,,,,,,,,,,,,,,,,,,,,,,,,,,,,,,
15079->26858,349.637:164.698,347.193:169.199,344.595:175.542,340.700:181.672,337.420:188.101,337.035:194.274,339.156:200.382,342.238:205.594,341.921:209.634,347.233:210.050,,,,,,,,,,,,,,,,,,,,,,,,,,,,,,,,,,,,,,,,,,,,,,,,,,,,,,
15079->31591,349.637:164.698,347.193:169.199,344.595:175.542,340.700:181.672,337.420:188.101,337.035:194.274,339.156:200.382,342.238:205.594,341.921:209.634,335.464:209.478,323.589:208.748,309.789:205.728,295.831:199.530,287.395:193.229,273.541:183.542,263.170:177.010,253.540:169.247,,,,,,,,,,,,,,,,,,,,,,,,,,,,,,,,,,,,,,,,,,,,,,,
15079->33,349.637:164.698,347.193:169.199,344.595:175.542,340.700:181.672,337.420:188.101,337.035:194.274,339.156:200.382,342.238:205.594,341.921:209.634,335.464:209.478,323.589:208.748,309.789:205.728,295.831:199.530,287.395:193.229,273.541:183.542,263.170:177.010,253.540:169.247,244.948:162.321,239.844:158.207,233.022:153.415,222.971:147.010,213.369:138.991,197.616:127.354,194.916:125.425,,,,,,,,,,,,,,,,,,,,,,,,,,,,,,,,,,,,,,,,
15079->40323,349.637:164.698,347.193:169.199,344.595:175.542,340.700:181.672,337.420:188.101,337.035:194.274,339.156:200.382,342.238:205.594,341.921:209.634,335.464:209.478,323.589:208.748,309.789:205.728,307.614:210.781,303.921:217.527,303.034:220.186,303.034:224.470,,,,,,,,,,,,,,,,,,,,,,,,,,,,,,,,,,,,,,,,,,,,,,,,
15079->5,349.637:164.698,347.193:169.199,344.595:175.542,340.700:181.672,337.420:188.101,337.035:194.274,339.156:200.382,342.238:205.594,341.921:209.634,335.464:209.478,323.589:208.748,309.789:205.728,295.831:199.530,287.395:193.229,,,,,,,,,,,,,,,,,,,,,,,,,,,,,,,,,,,,,,,,,,,,,,,,,,
15079->51952,349.637:164.698,347.193:169.199,344.595:175.542,340.700:181.672,337.420:188.101,337.035:194.274,339.156:200.382,342.238:205.594,341.921:209.634,335.464:209.478,323.589:208.748,309.789:205.728,295.831:199.530,287.395:193.229,273.541:183.542,263.170:177.010,253.540:169.247,244.948:162.321,239.844:158.207,233.022:153.415,222.971:147.010,220.826:151.867,,,,,,,,,,,,,,,,,,,,,,,,,,,,,,,,,,,,,,,,,,
15079->84,349.637:164.698,347.193:169.199,344.595:175.542,340.700:181.672,337.420:188.101,337.035:194.274,339.156:200.382,342.238:205.594,341.921:209.634,335.464:209.478,323.589:208.748,309.789:205.728,295.831:199.530,292.873:204.894,288.446:211.872,285.440:216.278,281.103:222.601,276.312:228.590,272.979:230.361,267.250:233.225,259.282:236.454,254.126:241.349,,,,,,,,,,,,,,,,,,,,,,,,,,,,,,,,,,,,,,,,,,
15079->86413,349.637:164.698,347.193:169.199,344.595:175.542,340.700:181.672,337.420:188.101,337.035:194.274,339.156:200.382,342.238:205.594,341.921:209.634,335.464:209.478,323.589:208.748,309.789:205.728,295.831:199.530,287.395:193.229,294.046:186.564,298.542:180.289,295.606:173.922,293.252:166.883,292.512:160.225,289.702:155.541,284.986:152.808,279.519:149.801,278.802:146.350,,,,,,,,,,,,,,,,,,,,,,,,,,,,,,,,,,,,,,,,,
15079->90040,349.637:164.698,356.323:163.798,360.502:163.991,366.803:162.190,370.983:159.940,373.073:154.252,375.613:149.887,,,,,,,,,,,,,,,,,,,,,,,,,,,,,,,,,,,,,,,,,,,,,,,,,,,,,,,,,
15079->95815,349.637:164.698,347.193:169.199,344.595:175.542,340.700:181.672,337.420:188.101,337.035:194.274,339.156:200.382,342.238:205.594,341.921:209.634,335.464:209.478,323.589:208.748,309.789:205.728,295.831:199.530,287.395:193.229,273.541:183.542,266.015:190.376,,,,,,,,,,,,,,,,,,,,,,,,,,,,,,,,,,,,,,,,,,,,,,,,
15079->99,349.637:164.698,347.193:169.199,344.595:175.542,340.700:181.672,337.420:188.101,337.035:194.274,339.156:200.382,342.238:205.594,341.921:209.634,335.464:209.478,323.589:208.748,309.789:205.728,295.831:199.530,287.395:193.229,273.541:183.542,263.170:177.010,253.540:169.247,244.948:162.321,239.844:158.207,,,,,,,,,,,,,,,,,,,,,,,,,,,,,,,,,,,,,,,,,,,,,
17795->13,373.073:154.252,370.983:159.940,373.541:164.692,374.094:172.594,370.983:179.262,368.141:182.992,367.109:189.263,370.983:196.328,376.158:201.725,377.269:207.599,376.773:212.234,389.688:214.526,399.251:216.457,,,,,,,,,,,,,,,,,,,,,,,,,,,,,,,,,,,,,,,,,,,,,,,,,,,
17795->15079,373.073:154.252,370.983:159.940,366.803:162.190,360.502:163.991,356.323:163.798,349.637:164.698,,,,,,,,,,,,,,,,,,,,,,,,,,,,,,,,,,,,,,,,,,,,,,,,,,,,,,,,,,
17795->22,373.073:154.252,370.983:159.940,366.803:162.190,360.502:163.991,356.323:163.798,349.637:164.698,347.193:169.199,344.595:175.542,340.700:181.672,337.420:188.101,337.035:194.274,339.156:200.382,342.238:205.594,341.921:209.634,335.464:209.478,323.589:208.748,309.789:205.728,295.831:199.530,287.395:193.229,273.541:183.542,263.170:177.010,253.540:169.247,244.948:162.321,239.844:158.207,233.022:153.415,222.971:147.010,213.369:138.991,216.992:130.220,221.105:119.973,211.572:116.147,202.551:111.363,205.899:103.487,,,,,,,,,,,,,,,,,,,,,,,,,,,,,,,,
17795->2344,373.073:154.252,370.983:159.940,366.803:162.190,360.502:163.991,356.323:163.798,349.637:164.698,347.193:169.199,344.595:175.542,340.700:181.672,337.420:188.101,337.035:194.274,339.156:200.382,342.238:205.594,341.921:209.634,335.464:209.478,323.589:208.748,309.789:205.728,295.831:199.530,287.395:193.229,273.541:183.542,263.170:177.010,,,,,,,,,,,,,,,,,,,,,,,,,,,,,,,,,,,,,,,,,,,
17795->24817,373.073:154.252,370.983:159.940,373.541:164.692,374.094:172.594,370.983:179.262,368.141:182.992,367.109:189.263,370.983:196.328,376.158:201.725,377.269:207.599,376.773:212.234,362.972:211.453,347.233:210.050,341.921:209.634,335.464:209.478,,,,,,,,,,,,,,,,,,,,,,,,,,,,,,,,,,,,,,,,,,,,,,,,,
17795->5,373.073:154.252,370.983:159.940,366.803:162.190,360.502:163.991,356.323:163.798,349.637:164.698,347.193:169.199,344.595:175.542,340.700:181.672,337.420:188.101,337.035:194.274,339.156:200.382,342.238:205.594,341.921:209.634,335.464:209.478,323.589:208.748,309.789:205.728,295.831:199.530,287.395:193.229,,,,,,,,,,,,,,,,,,,,,,,,,,,,,,,,,,,,,,,,,,,,,
17795->51952,373.073:154.252,370.983:159.940,366.803:162.190,360.502:163.991,356.323:163.798,349.637:164.698,347.193:169.199,344.595:175.542,340.700:181.672,337.420:188.101,337.035:194.274,339.156:200.382,342.238:205.594,341.921:209.634,335.464:209.478,323.589:208.748,309.789:205.728,295.831:199.530,287.395:193.229,273.541:183.542,263.170:177.010,253.540:169.247,244.948:162.321,239.844:158.207,233.022:153.415,222.971:147.010,220.826:151.867,,,,,,,,,,,,,,,,,,,,,,,,,,,,,,,,,,,,,
17795->54272,373.073:154.252,370.983:159.940,366.803:162.190,360.502:163.991,356.323:163.798,349.637:164.698,347.193:169.199,344.595:175.542,340.700:181.672,337.420:188.101,337.035:194.274,339.156:200.382,342.238:205.594,341.921:209.634,335.464:209.478,323.589:208.748,309.789:205.728,295.831:199.530,287.395:193.229,273.541:183.542,263.170:177.010,253.540:169.247,244.948:162.321,239.844:158.207,233.022:153.415,222.971:147.010,213.369:138.991,216.992:130.220,221.105:119.973,211.572:116.147,202.551:111.363,,,,,,,,,,,,,,,,,,,,,,,,,,,,,,,,,
17795->83375,373.073:154.252,370.983:159.940,366.803:162.190,360.502:163.991,356.323:163.798,349.637:164.698,347.193:169.199,344.595:175.542,340.700:181.672,337.420:188.101,337.035:194.274,339.156:200.382,342.238:205.594,341.921:209.634,335.464:209.478,323.589:208.748,309.789:205.728,295.831:199.530,287.395:193.229,294.046:186.564,298.542:180.289,295.606:173.922,293.252:166.883,292.512:160.225,289.702:155.541,,,,,,,,,,,,,,,,,,,,,,,,,,,,,,,,,,,,,,,
17795->91020,373.073:154.252,370.983:159.940,373.541:164.692,374.094:172.594,370.983:179.262,368.141:182.992,367.109:189.263,370.983:196.328,376.158:201.725,377.269:207.599,376.773:212.234,362.972:211.453,,,,,,,,,,,,,,,,,,,,,,,,,,,,,,,,,,,,,,,,,,,,,,,,,,,,
17795->99,373.073:154.252,370.983:159.940,366.803:162.190,360.502:163.991,356.323:163.798,349.637:164.698,347.193:169.199,344.595:175.542,340.700:181.672,337.420:188.101,337.035:194.274,339.156:200.382,342.238:205.594,341.921:209.634,335.464:209.478,323.589:208.748,309.789:205.728,295.831:199.530,287.395:193.229,273.541:183.542,263.170:177.010,253.540:169.247,244.948:162.321,239.844:158.207,,,,,,,,,,,,,,,,,,,,,,,,,,,,,,,,,,,,,,,,
17830->13702,280.749:214.236,283.721:215.043,285.440:216.278,288.446:211.872,292.873:204.894,295.831:199.530,287.395:193.229,273.541:183.542,,,,,,,,,,,,,,,,,,,,,,,,,,,,,,,,,,,,,,,,,,,,,,,,,,,,,,,,
17830->32,280.749:214.236,276.735:213.986,273.745:211.032,271.617:208.929,268.562:205.911,265.934:202.619,264.577:200.838,261.770:199.201,259.506:196.964,253.235:196.647,247.361:193.392,240.376:190.296,239.106:185.931,,,,,,,,,,,,,,,,,,,,,,,,,,,,,,,,,,,,,,,,,,,,,,,,,,,
17830->8318,280.749:214.236,283.721:215.043,285.440:216.278,288.446:211.872,292.873:204.894,295.831:199.530,287.395:193.229,273.541:183.542,263.170:177.010,253.540:169.247,244.948:162.321,,,,,,,,,,,,,,,,,,,,,,,,,,,,,,,,,,,,,,,,,,,,,,,,,,,,,
18157->97999,289.092:249.828,293.130:249.975,295.444:246.775,298.441:243.818,304.155:246.128,305.371:250.930,303.183:255.307,302.149:258.225,306.405:261.082,310.951:262.358,317.921:257.472,319.322:252.825,323.730:252.620,324.140:249.853,327.249:249.579,333.639:250.297,337.398:245.240,339.995:239.670,333.435:238.898,326.689:238.012,318.762:234.171,,,,,,,,,,,,,,,,,,,,,,,,,,,,,,,,,,,,,,,,,,,
18562->28385,264.143:205.369,264.693:203.237,265.934:202.619,264.577:200.838,261.770:199.201,259.506:196.964,266.015:190.376,273.541:183.542,287.395:193.229,295.831:199.530,309.789:205.728,323.589:208.748,335.464:209.478,341.921:209.634,342.238:205.594,339.156:200.382,337.035:194.274,,,,,,,,,,,,,,,,,,,,,,,,,,,,,,,,,,,,,,,,,,,,,,,
19->105,102.488:48.308,112.643:49.610,121.601:55.651,126.340:58.359,132.016:63.775,135.818:65.494,143.639:73.379,149.967:78.863,147.227:87.002,142.814:97.329,,,,,,,,,,,,,,,,,,,,,,,,,,,,,,,,,,,,,,,,,,,,,,,,,,,,,,
19->30732,102.488:48.308,112.643:49.610,121.601:55.651,126.340:58.359,132.016:63.775,135.818:65.494,143.639:73.379,149.967:78.863,147.227:87.002,142.814:97.329,155.794:103.027,172.199:111.308,,,,,,,,,,,,,,,,,,,,,,,,,,,,,,,,,,,,,,,,,,,,,,,,,,,,
19->33,102.488:48.308,112.643:49.610,121.601:55.651,126.340:58.359,132.016:63.775,135.818:65.494,143.639:73.379,149.967:78.863,147.227:87.002,142.814:97.329,155.794:103.027,172.199:111.308,185.207:118.610,194.916:125.425,,,,,,,,,,,,,,,,,,,,,,,,,,,,,,,,,,,,,,,,,,,,,,,,,,
19->5,102.488:48.308,112.643:49.610,121.601:55.651,126.340:58.359,132.016:63.775,135.818:65.494,143.639:73.379,149.967:78.863,147.227:87.002,142.814:97.329,155.794:103.027,172.199:111.308,185.207:118.610,194.916:125.425,197.616:127.354,213.369:138.991,222.971:147.010,233.022:153.415,239.844:158.207,244.948:162.321,253.540:169.247,263.170:177.010,273.541:183.542,287.395:193.229,,,,,,,,,,,,,,,,,,,,,,,,,,,,,,,,,,,,,,,,
19->66,102.488:48.308,96.082:42.110,91.343:40.027,85.626:35.758,78.462:41.521,67.984:50.252,62.374:59.313,54.849:55.263,47.679:49.139,40.809:41.372,35.471:35.856,23.833:26.340,13.949:16.375,,,,,,,,,,,,,,,,,,,,,,,,,,,,,,,,,,,,,,,,,,,,,,,,,,,
19->96,102.488:48.308,96.082:42.110,91.343:40.027,85.626:35.758,78.462:41.521,67.984:50.252,62.374:59.313,,,,,,,,,,,,,,,,,,,,,,,,,,,,,,,,,,,,,,,,,,,,,,,,,,,,,,,,,
19448->120,285.440:216.278,288.446:211.872,292.873:204.894,295.831:199.530,287.395:193.229,294.046:186.564,298.542:180.289,295.606:173.922,293.252:166.883,292.512:160.225,289.702:155.541,284.986:152.808,279.519:149.801,,,,,,,,,,,,,,,,,,,,,,,,,,,,,,,,,,,,,,,,,,,,,,,,,,,
19448->13,285.440:216.278,288.446:211.872,292.873:204.894,295.831:199.530,309.789:205.728,323.589:208.748,335.464:209.478,341.921:209.634,347.233:210.050,362.972:211.453,376.773:212.234,389.688:214.526,399.251:216.457,,,,,,,,,,,,,,,,,,,,,,,,,,,,,,,,,,,,,,,,,,,,,,,,,,,
19448->13702,285.440:216.278,288.446:211.872,292.873:204.894,295.831:199.530,287.395:193.229,273.541:183.542,,,,,,,,,,,,,,,,,,,,,,,,,,,,,,,,,,,,,,,,,,,,,,,,,,,,,,,,,,
19448->20601,285.440:216.278,288.446:211.872,292.873:204.894,295.831:199.530,287.395:193.229,294.046:186.564,298.542:180.289,,,,,,,,,,,,,,,,,,,,,,,,,,,,,,,,,,,,,,,,,,,,,,,,,,,,,,,,,
19448->22,285.440:216.278,288.446:211.872,292.873:204.894,295.831:199.530,287.395:193.229,273.541:183.542,263.170:177.010,253.540:169.247,244.948:162.321,239.844:158.207,233.022:153.415,222.971:147.010,213.369:138.991,216.992:130.220,221.105:119.973,211.572:116.147,202.551:111.363,205.899:103.487,,,,,,,,,,,,,,,,,,,,,,,,,,,,,,,,,,,,,,,,,,,,,,
19448->26858,285.440:216.278,288.446:211.872,292.873:204.894,295.831:199.530,309.789:205.728,323.589:208.748,335.464:209.478,341.921:209.634,347.233:210.050,,,,,,,,,,,,,,,,,,,,,,,,,,,,,,,,,,,,,,,,,,,,,,,,,,,,,,,
19448->30620,285.440:216.278,288.446:211.872,292.873:204.894,295.831:199.530,309.789:205.728,323.589:208.748,335.464:209.478,341.921:209.634,342.238:205.594,339.156:200.382,,,,,,,,,,,,,,,,,,,,,,,,,,,,,,,,,,,,,,,,,,,,,,,,,,,,,,
19448->31591,285.440:216.278,288.446:211.872,292.873:204.894,295.831:199.530,287.395:193.229,273.541:183.542,263.170:177.010,253.540:169.247,,,,,,,,,,,,,,,,,,,,,,,,,,,,,,,,,,,,,,,,,,,,,,,,,,,,,,,,
19448->32,285.440:216.278,288.446:211.872,292.873:204.894,295.831:199.530,287.395:193.229,273.541:183.542,266.015:190.376,259.506:196.964,253.235:196.647,247.361:193.392,240.376:190.296,239.106:185.931,,,,,,,,,,,,,,,,,,,,,,,,,,,,,,,,,,,,,,,,,,,,,,,,,,,,
19448->44615,285.440:216.278,288.446:211.872,292.873:204.894,295.831:199.530,309.789:205.728,,,,,,,,,,,,,,,,,,,,,,,,,,,,,,,,,,,,,,,,,,,,,,,,,,,,,,,,,,,
19448->75205,285.440:216.278,288.446:211.872,292.873:204.894,295.831:199.530,287.395:193.229,273.541:183.542,263.170:177.010,253.540:169.247,244.948:162.321,250.837:157.263,256.201:151.742,259.065:147.524,,,,,,,,,,,,,,,,,,,,,,,,,,,,,,,,,,,,,,,,,,,,,,,,,,,,
19448->95,285.440:216.278,288.446:211.872,292.873:204.894,295.831:199.530,309.789:205.728,323.589:208.748,,,,,,,,,,,,,,,,,,,,,,,,,,,,,,,,,,,,,,,,,,,,,,,,,,,,,,,,,,
20601->101,298.542:180.289,294.046:186.564,287.395:193.229,295.831:199.530,292.873:204.894,288.446:211.872,285.440:216.278,281.103:222.601,276.312:228.590,272.979:230.361,267.250:233.225,259.282:236.454,254.126:241.349,246.002:247.443,244.804:252.182,245.377:255.931,252.303:260.983,256.991:265.618,257.355:270.201,,,,,,,,,,,,,,,,,,,,,,,,,,,,,,,,,,,,,,,,,,,,,
20601->105,298.542:180.289,294.046:186.564,287.395:193.229,273.541:183.542,263.170:177.010,253.540:169.247,244.948:162.321,239.844:158.207,233.022:153.415,222.971:147.010,213.369:138.991,197.616:127.354,194.916:125.425,185.207:118.610,172.199:111.308,155.794:103.027,142.814:97.329,,,,,,,,,,,,,,,,,,,,,,,,,,,,,,,,,,,,,,,,,,,,,,,
20601->13,298.542:180.289,294.046:186.564,287.395:193.229,295.831:199.530,309.789:205.728,323.589:208.748,335.464:209.478,341.921:209.634,347.233:210.050,362.972:211.453,376.773:212.234,389.688:214.526,399.251:216.457,,,,,,,,,,,,,,,,,,,,,,,,,,,,,,,,,,,,,,,,,,,,,,,,,,,
20601->13702,298.542:180.289,294.046:186.564,287.395:193.229,273.541:183.542,,,,,,,,,,,,,,,,,,,,,,,,,,,,,,,,,,,,,,,,,,,,,,,,,,,,,,,,,,,,
20601->19448,298.542:180.289,294.046:186.564,287.395:193.229,295.831:199.530,292.873:204.894,288.446:211.872,285.440:216.278,,,,,,,,,,,,,,,,,,,,,,,,,,,,,,,,,,,,,,,,,,,,,,,,,,,,,,,,,
20601->2505,298.542:180.289,294.046:186.564,287.395:193.229,295.831:199.530,292.873:204.894,288.446:211.872,285.440:216.278,283.721:215.043,,,,,,,,,,,,,,,,,,,,,,,,,,,,,,,,,,,,,,,,,,,,,,,,,,,,,,,,
20601->32,298.542:180.289,294.046:186.564,287.395:193.229,273.541:183.542,266.015:190.376,259.506:196.964,253.235:196.647,247.361:193.392,240.376:190.296,239.106:185.931,,,,,,,,,,,,,,,,,,,,,,,,,,,,,,,,,,,,,,,,,,,,,,,,,,,,,,
20601->41841,298.542:180.289,294.046:186.564,287.395:193.229,295.831:199.530,309.789:205.728,323.589:208.748,335.464:209.478,341.921:209.634,342.238:205.594,,,,,,,,,,,,,,,,,,,,,,,,,,,,,,,,,,,,,,,,,,,,,,,,,,,,,,,
20601->5,298.542:180.289,294.046:186.564,287.395:193.229,,,,,,,,,,,,,,,,,,,,,,,,,,,,,,,,,,,,,,,,,,,,,,,,,,,,,,,,,,,,,
20601->51552,298.542:180.289,294.046:186.564,287.395:193.229,295.831:199.530,292.873:204.894,288.446:211.872,285.440:216.278,281.103:222.601,276.312:228.590,272.979:230.361,277.165:234.213,280.995:236.462,,,,,,,,,,,,,,,,,,,,,,,,,,,,,,,,,,,,,,,,,,,,,,,,,,,,
20601->72974,298.542:180.289,294.046:186.564,287.395:193.229,273.541:183.542,263.170:177.010,253.540:169.247,244.948:162.321,250.837:157.263,256.201:151.742,,,,,,,,,,,,,,,,,,,,,,,,,,,,,,,,,,,,,,,,,,,,,,,,,,,,,,,
20601->75205,298.542:180.289,294.046:186.564,287.395:193.229,273.541:183.542,263.170:177.010,253.540:169.247,244.948:162.321,250.837:157.263,256.201:151.742,259.065:147.524,,,,,,,,,,,,,,,,,,,,,,,,,,,,,,,,,,,,,,,,,,,,,,,,,,,,,,
20601->80124,298.542:180.289,295.606:173.922,293.252:166.883,,,,,,,,,,,,,,,,,,,,,,,,,,,,,,,,,,,,,,,,,,,,,,,,,,,,,,,,,,,,,
20601->81533,298.542:180.289,294.046:186.564,287.395:193.229,295.831:199.530,309.789:205.728,323.589:208.748,335.464:209.478,341.921:209.634,342.238:205.594,339.156:200.382,337.035:194.274,337.420:188.101,,,,,,,,,,,,,,,,,,,,,,,,,,,,,,,,,,,,,,,,,,,,,,,,,,,,
20601->84,298.542:180.289,294.046:186.564,287.395:193.229,295.831:199.530,292.873:204.894,288.446:211.872,285.440:216.278,281.103:222.601,276.312:228.590,272.979:230.361,267.250:233.225,259.282:236.454,254.126:241.349,,,,,,,,,,,,,,,,,,,,,,,,,,,,,,,,,,,,,,,,,,,,,,,,,,,
20601->88,298.542:180.289,294.046:186.564,287.395:193.229,295.831:199.530,309.789:205.728,323.589:208.748,335.464:209.478,341.921:209.634,347.233:210.050,362.972:211.453,376.773:212.234,,,,,,,,,,,,,,,,,,,,,,,,,,,,,,,,,,,,,,,,,,,,,,,,,,,,,
20601->9048,298.542:180.289,294.046:186.564,287.395:193.229,295.831:199.530,299.242:195.278,,,,,,,,,,,,,,,,,,,,,,,,,,,,,,,,,,,,,,,,,,,,,,,,,,,,,,,,,,,
20601->95,298.542:180.289,294.046:186.564,287.395:193.229,295.831:199.530,309.789:205.728,323.589:208.748,,,,,,,,,,,,,,,,,,,,,,,,,,,,,,,,,,,,,,,,,,,,,,,,,,,,,,,,,,
21444->101,250.837:157.263,244.948:162.321,253.540:169.247,263.170:177.010,273.541:183.542,287.395:193.229,295.831:199.530,292.873:204.894,288.446:211.872,285.440:216.278,281.103:222.601,276.312:228.590,272.979:230.361,267.250:233.225,259.282:236.454,254.126:241.349,246.002:247.443,244.804:252.182,245.377:255.931,252.303:260.983,256.991:265.618,257.355:270.201,,,,,,,,,,,,,,,,,,,,,,,,,,,,,,,,,,,,,,,,,,
21444->105,250.837:157.263,244.948:162.321,239.844:158.207,233.022:153.415,222.971:147.010,213.369:138.991,197.616:127.354,194.916:125.425,185.207:118.610,172.199:111.308,155.794:103.027,142.814:97.329,,,,,,,,,,,,,,,,,,,,,,,,,,,,,,,,,,,,,,,,,,,,,,,,,,,,
21444->11881,250.837:157.263,244.948:162.321,239.844:158.207,233.022:153.415,222.971:147.010,,,,,,,,,,,,,,,,,,,,,,,,,,,,,,,,,,,,,,,,,,,,,,,,,,,,,,,,,,,
21444->120,250.837:157.263,256.201:151.742,259.065:147.524,262.142:140.680,269.223:140.680,273.596:142.477,278.802:146.350,279.519:149.801,,,,,,,,,,,,,,,,,,,,,,,,,,,,,,,,,,,,,,,,,,,,,,,,,,,,,,,,
21444->13,250.837:157.263,244.948:162.321,253.540:169.247,263.170:177.010,273.541:183.542,287.395:193.229,295.831:199.530,309.789:205.728,323.589:208.748,335.464:209.478,341.921:209.634,347.233:210.050,362.972:211.453,376.773:212.234,389.688:214.526,399.251:216.457,,,,,,,,,,,,,,,,,,,,,,,,,,,,,,,,,,,,,,,,,,,,,,,,
21444->13568,250.837:157.263,244.948:162.321,239.844:158.207,233.022:153.415,222.971:147.010,213.369:138.991,216.992:130.220,,,,,,,,,,,,,,,,,,,,,,,,,,,,,,,,,,,,,,,,,,,,,,,,,,,,,,,,,
21444->13651,250.837:157.263,244.948:162.321,253.540:169.247,263.170:177.010,273.541:183.542,287.395:193.229,295.831:199.530,292.873:204.894,,,,,,,,,,,,,,,,,,,,,,,,,,,,,,,,,,,,,,,,,,,,,,,,,,,,,,,,
21444->13702,250.837:157.263,244.948:162.321,253.540:169.247,263.170:177.010,273.541:183.542,,,,,,,,,,,,,,,,,,,,,,,,,,,,,,,,,,,,,,,,,,,,,,,,,,,,,,,,,,,
21444->14185,250.837:157.263,244.948:162.321,253.540:169.247,263.170:177.010,273.541:183.542,287.395:193.229,295.831:199.530,299.242:195.278,302.353:188.697,304.946:184.788,,,,,,,,,,,,,,,,,,,,,,,,,,,,,,,,,,,,,,,,,,,,,,,,,,,,,,
21444->22,250.837:157.263,244.948:162.321,239.844:158.207,233.022:153.415,222.971:147.010,213.369:138.991,216.992:130.220,221.105:119.973,211.572:116.147,202.551:111.363,205.899:103.487,,,,,,,,,,,,,,,,,,,,,,,,,,,,,,,,,,,,,,,,,,,,,,,,,,,,,
21444->2344,250.837:157.263,244.948:162.321,253.540:169.247,263.170:177.010,,,,,,,,,,,,,,,,,,,,,,,,,,,,,,,,,,,,,,,,,,,,,,,,,,,,,,,,,,,,
21444->25121,250.837:157.263,256.201:151.742,259.065:147.524,262.142:140.680,255.137:140.236,248.338:138.117,242.392:134.598,240.449:129.276,231.048:125.270,,,,,,,,,,,,,,,,,,,,,,,,,,,,,,,,,,,,,,,,,,,,,,,,,,,,,,,
21444->26858,250.837:157.263,244.948:162.321,253.540:169.247,263.170:177.010,273.541:183.542,287.395:193.229,295.831:199.530,309.789:205.728,323.589:208.748,335.464:209.478,341.921:209.634,347.233:210.050,,,,,,,,,,,,,,,,,,,,,,,,,,,,,,,,,,,,,,,,,,,,,,,,,,,,
21444->29992,250.837:157.263,244.948:162.321,253.540:169.247,263.170:177.010,273.541:183.542,287.395:193.229,295.831:199.530,309.789:205.728,307.614:210.781,,,,,,,,,,,,,,,,,,,,,,,,,,,,,,,,,,,,,,,,,,,,,,,,,,,,,,,
21444->30732,250.837:157.263,244.948:162.321,239.844:158.207,233.022:153.415,222.971:147.010,213.369:138.991,197.616:127.354,194.916:125.425,185.207:118.610,172.199:111.308,,,,,,,,,,,,,,,,,,,,,,,,,,,,,,,,,,,,,,,,,,,,,,,,,,,,,,
21444->32,250.837:157.263,244.948:162.321,239.844:158.207,234.423:166.563,233.788:176.485,234.820:180.374,239.106:185.931,,,,,,,,,,,,,,,,,,,,,,,,,,,,,,,,,,,,,,,,,,,,,,,,,,,,,,,,,
21444->33,250.837:157.263,244.948:162.321,239.844:158.207,233.022:153.415,222.971:147.010,213.369:138.991,197.616:127.354,194.916:125.425,,,,,,,,,,,,,,,,,,,,,,,,,,,,,,,,,,,,,,,,,,,,,,,,,,,,,,,,
21444->41841,250.837:157.263,244.948:162.321,253.540:169.247,263.170:177.010,273.541:183.542,287.395:193.229,295.831:199.530,309.789:205.728,323.589:208.748,335.464:209.478,341.921:209.634,342.238:205.594,,,,,,,,,,,,,,,,,,,,,,,,,,,,,,,,,,,,,,,,,,,,,,,,,,,,
21444->44615,250.837:157.263,244.948:162.321,253.540:169.247,263.170:177.010,273.541:183.542,287.395:193.229,295.831:199.530,309.789:205.728,,,,,,,,,,,,,,,,,,,,,,,,,,,,,,,,,,,,,,,,,,,,,,,,,,,,,,,,
21444->45923,250.837:157.263,244.948:162.321,253.540:169.247,263.170:177.010,273.541:183.542,287.395:193.229,295.831:199.530,309.789:205.728,323.589:208.748,335.464:209.478,341.921:209.634,342.238:205.594,339.156:200.382,337.035:194.274,337.420:188.101,340.700:181.672,344.595:175.542,347.193:169.199,349.637:164.698,356.323:163.798,360.502:163.991,366.803:162.190,370.983:159.940,373.073:154.252,375.613:149.887,379.265:145.124,380.058:139.488,380.579:129.453,380.448:122.917,376.784:117.838,374.253:113.458,372.904:107.029,372.030:100.361,369.808:96.313,367.824:93.376,,,,,,,,,,,,,,,,,,,,,,,,,,,,,
21444->49,250.837:157.263,244.948:162.321,253.540:169.247,263.170:177.010,273.541:183.542,287.395:193.229,295.831:199.530,309.789:205.728,323.589:208.748,335.464:209.478,341.921:209.634,347.233:210.050,346.414:220.501,347.233:231.470,342.284:235.228,339.995:239.670,337.398:245.240,333.639:250.297,327.249:249.579,324.140:249.853,323.730:252.620,319.322:252.825,317.921:257.472,310.951:262.358,,,,,,,,,,,,,,,,,,,,,,,,,,,,,,,,,,,,,,,,
21444->5,250.837:157.263,244.948:162.321,253.540:169.247,263.170:177.010,273.541:183.542,287.395:193.229,,,,,,,,,,,,,,,,,,,,,,,,,,,,,,,,,,,,,,,,,,,,,,,,,,,,,,,,,,
21444->52367,250.837:157.263,244.948:162.321,253.540:169.247,263.170:177.010,273.541:183.542,287.395:193.229,295.831:199.530,309.789:205.728,307.614:210.781,303.921:217.527,303.034:220.186,303.034:224.470,301.553:226.935,304.068:229.591,,,,,,,,,,,,,,,,,,,,,,,,,,,,,,,,,,,,,,,,,,,,,,,,,,
21444->60163,250.837:157.263,244.948:162.321,239.844:158.207,233.022:153.415,222.971:147.010,213.369:138.991,211.594:141.393,210.584:143.939,210.732:148.125,208.664:150.143,204.676:149.405,202.361:148.272,200.589:148.174,,,,,,,,,,,,,,,,,,,,,,,,,,,,,,,,,,,,,,,,,,,,,,,,,,,
21444->60450,250.837:157.263,244.948:162.321,239.844:158.207,233.022:153.415,,,,,,,,,,,,,,,,,,,,,,,,,,,,,,,,,,,,,,,,,,,,,,,,,,,,,,,,,,,,
21444->63927,250.837:157.263,256.201:151.742,259.065:147.524,262.142:140.680,255.137:140.236,248.338:138.117,242.392:134.598,,,,,,,,,,,,,,,,,,,,,,,,,,,,,,,,,,,,,,,,,,,,,,,,,,,,,,,,,
21444->64018,250.837:157.263,244.948:162.321,253.540:169.247,263.170:177.010,273.541:183.542,287.395:193.229,294.046:186.564,,,,,,,,,,,,,,,,,,,,,,,,,,,,,,,,,,,,,,,,,,,,,,,,,,,,,,,,,
21444->72974,250.837:157.263,256.201:151.742,,,,,,,,,,,,,,,,,,,,,,,,,,,,,,,,,,,,,,,,,,,,,,,,,,,,,,,,,,,,,,
21444->74867,250.837:157.263,244.948:162.321,239.844:158.207,233.022:153.415,222.971:147.010,213.369:138.991,216.992:130.220,221.105:119.973,211.572:116.147,,,,,,,,,,,,,,,,,,,,,,,,,,,,,,,,,,,,,,,,,,,,,,,,,,,,,,,
21444->75205,250.837:157.263,256.201:151.742,259.065:147.524,,,,,,,,,,,,,,,,,,,,,,,,,,,,,,,,,,,,,,,,,,,,,,,,,,,,,,,,,,,,,
21444->8318,250.837:157.263,244.948:162.321,,,,,,,,,,,,,,,,,,,,,,,,,,,,,,,,,,,,,,,,,,,,,,,,,,,,,,,,,,,,,,
21444->84,250.837:157.263,244.948:162.321,253.540:169.247,263.170:177.010,273.541:183.542,287.395:193.229,295.831:199.530,292.873:204.894,288.446:211.872,285.440:216.278,281.103:222.601,276.312:228.590,272.979:230.361,267.250:233.225,259.282:236.454,254.126:241.349,,,,,,,,,,,,,,,,,,,,,,,,,,,,,,,,,,,,,,,,,,,,,,,,
21444->88,250.837:157.263,244.948:162.321,253.540:169.247,263.170:177.010,273.541:183.542,287.395:193.229,295.831:199.530,309.789:205.728,323.589:208.748,335.464:209.478,341.921:209.634,347.233:210.050,362.972:211.453,376.773:212.234,,,,,,,,,,,,,,,,,,,,,,,,,,,,,,,,,,,,,,,,,,,,,,,,,,
21444->89653,250.837:157.263,244.948:162.321,253.540:169.247,263.170:177.010,273.541:183.542,287.395:193.229,295.831:199.530,299.242:195.278,302.353:188.697,304.946:184.788,306.078:181.726,,,,,,,,,,,,,,,,,,,,,,,,,,,,,,,,,,,,,,,,,,,,,,,,,,,,,
21444->9048,250.837:157.263,244.948:162.321,253.540:169.247,263.170:177.010,273.541:183.542,287.395:193.229,295.831:199.530,299.242:195.278,,,,,,,,,,,,,,,,,,,,,,,,,,,,,,,,,,,,,,,,,,,,,,,,,,,,,,,,
21444->92,250.837:157.263,244.948:162.321,253.540:169.247,263.170:177.010,273.541:183.542,287.395:193.229,295.831:199.530,309.789:205.728,323.589:208.748,335.464:209.478,341.921:209.634,342.238:205.594,339.156:200.382,337.035:194.274,337.420:188.101,340.700:181.672,344.595:175.542,347.193:169.199,349.637:164.698,356.323:163.798,360.502:163.991,366.803:162.190,370.983:159.940,373.073:154.252,375.613:149.887,379.265:145.124,380.058:139.488,380.579:129.453,380.448:122.917,376.784:117.838,374.253:113.458,372.904:107.029,372.030:100.361,369.808:96.313,367.824:93.376,368.459:87.820,371.554:82.184,375.523:78.533,377.031:74.088,380.048:69.722,379.571:66.626,381.397:63.134,,,,,,,,,,,,,,,,,,,,,,
21444->95,250.837:157.263,244.948:162.321,253.540:169.247,263.170:177.010,273.541:183.542,287.395:193.229,295.831:199.530,309.789:205.728,323.589:208.748,,,,,,,,,,,,,,,,,,,,,,,,,,,,,,,,,,,,,,,,,,,,,,,,,,,,,,,
21444->97999,250.837:157.263,244.948:162.321,253.540:169.247,263.170:177.010,273.541:183.542,287.395:193.229,295.831:199.530,309.789:205.728,307.614:210.781,303.921:217.527,303.034:220.186,303.034:224.470,301.553:226.935,304.068:229.591,313.670:231.954,318.762:234.171,,,,,,,,,,,,,,,,,,,,,,,,,,,,,,,,,,,,,,,,,,,,,,,,
21444->99,250.837:157.263,244.948:162.321,239.844:158.207,,,,,,,,,,,,,,,,,,,,,,,,,,,,,,,,,,,,,,,,,,,,,,,,,,,,,,,,,,,,,
22->101,205.899:103.487,202.551:111.363,211.572:116.147,221.105:119.973,216.992:130.220,213.369:138.991,222.971:147.010,233.022:153.415,239.844:158.207,244.948:162.321,253.540:169.247,263.170:177.010,273.541:183.542,287.395:193.229,295.831:199.530,292.873:204.894,288.446:211.872,285.440:216.278,281.103:222.601,276.312:228.590,272.979:230.361,267.250:233.225,259.282:236.454,254.126:241.349,246.002:247.443,244.804:252.182,245.377:255.931,252.303:260.983,256.991:265.618,257.355:270.201,,,,,,,,,,,,,,,,,,,,,,,,,,,,,,,,,,
22->105,205.899:103.487,202.551:111.363,198.866:118.313,194.916:125.425,185.207:118.610,172.199:111.308,155.794:103.027,142.814:97.329,,,,,,,,,,,,,,,,,,,,,,,,,,,,,,,,,,,,,,,,,,,,,,,,,,,,,,,,
22->11404,205.899:103.487,202.551:111.363,211.572:116.147,221.105:119.973,216.992:130.220,213.369:138.991,222.971:147.010,233.022:153.415,239.844:158.207,244.948:162.321,253.540:169.247,263.170:177.010,273.541:183.542,287.395:193.229,294.046:186.564,298.542:180.289,295.606:173.922,,,,,,,,,,,,,,,,,,,,,,,,,,,,,,,,,,,,,,,,,,,,,,,
22->11881,205.899:103.487,202.551:111.363,211.572:116.147,221.105:119.973,216.992:130.220,213.369:138.991,222.971:147.010,,,,,,,,,,,,,,,,,,,,,,,,,,,,,,,,,,,,,,,,,,,,,,,,,,,,,,,,,
22->120,205.899:103.487,202.551:111.363,211.572:116.147,221.105:119.973,231.048:125.270,240.449:129.276,242.392:134.598,248.338:138.117,255.137:140.236,262.142:140.680,269.223:140.680,273.596:142.477,278.802:146.350,279.519:149.801,,,,,,,,,,,,,,,,,,,,,,,,,,,,,,,,,,,,,,,,,,,,,,,,,,
22->13,205.899:103.487,202.551:111.363,211.572:116.147,221.105:119.973,216.992:130.220,213.369:138.991,222.971:147.010,233.022:153.415,239.844:158.207,244.948:162.321,253.540:169.247,263.170:177.010,273.541:183.542,287.395:193.229,295.831:199.530,309.789:205.728,323.589:208.748,335.464:209.478,341.921:209.634,347.233:210.050,362.972:211.453,376.773:212.234,389.688:214.526,399.251:216.457,,,,,,,,,,,,,,,,,,,,,,,,,,,,,,,,,,,,,,,,
22->13161,205.899:103.487,202.551:111.363,211.572:116.147,221.105:119.973,216.992:130.220,213.369:138.991,222.971:147.010,233.022:153.415,239.844:158.207,244.948:162.321,253.540:169.247,263.170:177.010,273.541:183.542,266.015:190.376,259.506:196.964,261.770:199.201,264.577:200.838,265.934:202.619,268.562:205.911,271.617:208.929,273.745:211.032,271.999:212.799,269.603:216.159,267.406:218.259,,,,,,,,,,,,,,,,,,,,,,,,,,,,,,,,,,,,,,,,
22->13568,205.899:103.487,202.551:111.363,211.572:116.147,221.105:119.973,216.992:130.220,,,,,,,,,,,,,,,,,,,,,,,,,,,,,,,,,,,,,,,,,,,,,,,,,,,,,,,,,,,
22->13702,205.899:103.487,202.551:111.363,211.572:116.147,221.105:119.973,216.992:130.220,213.369:138.991,222.971:147.010,233.022:153.415,239.844:158.207,244.948:162.321,253.540:169.247,263.170:177.010,273.541:183.542,,,,,,,,,,,,,,,,,,,,,,,,,,,,,,,,,,,,,,,,,,,,,,,,,,,
22->13852,205.899:103.487,202.551:111.363,211.572:116.147,221.105:119.973,216.992:130.220,213.369:138.991,222.971:147.010,233.022:153.415,239.844:158.207,244.948:162.321,253.540:169.247,263.170:177.010,273.541:183.542,287.395:193.229,295.831:199.530,309.789:205.728,323.589:208.748,335.464:209.478,341.921:209.634,342.238:205.594,339.156:200.382,337.035:194.274,337.420:188.101,340.700:181.672,344.595:175.542,347.193:169.199,,,,,,,,,,,,,,,,,,,,,,,,,,,,,,,,,,,,,,
22->14185,205.899:103.487,202.551:111.363,211.572:116.147,221.105:119.973,216.992:130.220,213.369:138.991,222.971:147.010,233.022:153.415,239.844:158.207,244.948:162.321,253.540:169.247,263.170:177.010,273.541:183.542,287.395:193.229,295.831:199.530,299.242:195.278,302.353:188.697,304.946:184.788,,,,,,,,,,,,,,,,,,,,,,,,,,,,,,,,,,,,,,,,,,,,,,
22->14382,205.899:103.487,202.551:111.363,198.866:118.313,194.916:125.425,197.616:127.354,195.119:131.075,192.341:136.632,189.811:140.721,,,,,,,,,,,,,,,,,,,,,,,,,,,,,,,,,,,,,,,,,,,,,,,,,,,,,,,,
22->15079,205.899:103.487,202.551:111.363,211.572:116.147,221.105:119.973,216.992:130.220,213.369:138.991,222.971:147.010,233.022:153.415,239.844:158.207,244.948:162.321,253.540:169.247,263.170:177.010,273.541:183.542,287.395:193.229,295.831:199.530,309.789:205.728,323.589:208.748,335.464:209.478,341.921:209.634,342.238:205.594,339.156:200.382,337.035:194.274,337.420:188.101,340.700:181.672,344.595:175.542,347.193:169.199,349.637:164.698,,,,,,,,,,,,,,,,,,,,,,,,,,,,,,,,,,,,,
22->17795,205.899:103.487,202.551:111.363,211.572:116.147,221.105:119.973,216.992:130.220,213.369:138.991,222.971:147.010,233.022:153.415,239.844:158.207,244.948:162.321,253.540:169.247,263.170:177.010,273.541:183.542,287.395:193.229,295.831:199.530,309.789:205.728,323.589:208.748,335.464:209.478,341.921:209.634,342.238:205.594,339.156:200.382,337.035:194.274,337.420:188.101,340.700:181.672,344.595:175.542,347.193:169.199,349.637:164.698,356.323:163.798,360.502:163.991,366.803:162.190,370.983:159.940,373.073:154.252,,,,,,,,,,,,,,,,,,,,,,,,,,,,,,,,
22->19,205.899:103.487,202.551:111.363,198.866:118.313,194.916:125.425,185.207:118.610,172.199:111.308,155.794:103.027,142.814:97.329,147.227:87.002,149.967:78.863,143.639:73.379,135.818:65.494,132.016:63.775,126.340:58.359,121.601:55.651,112.643:49.610,102.488:48.308,,,,,,,,,,,,,,,,,,,,,,,,,,,,,,,,,,,,,,,,,,,,,,,
22->19448,205.899:103.487,202.551:111.363,211.572:116.147,221.105:119.973,216.992:130.220,213.369:138.991,222.971:147.010,233.022:153.415,239.844:158.207,244.948:162.321,253.540:169.247,263.170:177.010,273.541:183.542,287.395:193.229,295.831:199.530,292.873:204.894,288.446:211.872,285.440:216.278,,,,,,,,,,,,,,,,,,,,,,,,,,,,,,,,,,,,,,,,,,,,,,
22->20601,205.899:103.487,202.551:111.363,211.572:116.147,221.105:119.973,216.992:130.220,213.369:138.991,222.971:147.010,233.022:153.415,239.844:158.207,244.948:162.321,253.540:169.247,263.170:177.010,273.541:183.542,287.395:193.229,294.046:186.564,298.542:180.289,,,,,,,,,,,,,,,,,,,,,,,,,,,,,,,,,,,,,,,,,,,,,,,,
22->21444,205.899:103.487,202.551:111.363,211.572:116.147,221.105:119.973,216.992:130.220,213.369:138.991,222.971:147.010,233.022:153.415,239.844:158.207,244.948:162.321,250.837:157.263,,,,,,,,,,,,,,,,,,,,,,,,,,,,,,,,,,,,,,,,,,,,,,,,,,,,,
22->22615,205.899:103.487,202.551:111.363,211.572:116.147,221.105:119.973,216.992:130.220,213.369:138.991,222.971:147.010,233.022:153.415,239.844:158.207,244.948:162.321,253.540:169.247,263.170:177.010,273.541:183.542,287.395:193.229,295.831:199.530,292.873:204.894,288.446:211.872,285.440:216.278,281.103:222.601,276.312:228.590,272.979:230.361,277.165:234.213,280.995:236.462,284.216:236.645,290.842:240.474,294.611:242.967,298.441:243.818,295.444:246.775,293.130:249.975,,,,,,,,,,,,,,,,,,,,,,,,,,,,,,,,,,,
22->23254,205.899:103.487,202.551:111.363,211.572:116.147,221.105:119.973,216.992:130.220,213.369:138.991,222.971:147.010,233.022:153.415,239.844:158.207,244.948:162.321,253.540:169.247,263.170:177.010,273.541:183.542,287.395:193.229,295.831:199.530,309.789:205.728,323.589:208.748,335.464:209.478,341.921:209.634,347.233:210.050,346.414:220.501,,,,,,,,,,,,,,,,,,,,,,,,,,,,,,,,,,,,,,,,,,,
22->2344,205.899:103.487,202.551:111.363,211.572:116.147,221.105:119.973,216.992:130.220,213.369:138.991,222.971:147.010,233.022:153.415,239.844:158.207,244.948:162.321,253.540:169.247,263.170:177.010,,,,,,,,,,,,,,,,,,,,,,,,,,,,,,,,,,,,,,,,,,,,,,,,,,,,
22->23449,205.899:103.487,202.551:111.363,211.572:116.147,221.105:119.973,231.048:125.270,240.449:129.276,242.392:134.598,248.338:138.117,,,,,,,,,,,,,,,,,,,,,,,,,,,,,,,,,,,,,,,,,,,,,,,,,,,,,,,,
22->24817,205.899:103.487,202.551:111.363,211.572:116.147,221.105:119.973,216.992:130.220,213.369:138.991,222.971:147.010,233.022:153.415,239.844:158.207,244.948:162.321,253.540:169.247,263.170:177.010,273.541:183.542,287.395:193.229,295.831:199.530,309.789:205.728,323.589:208.748,335.464:209.478,,,,,,,,,,,,,,,,,,,,,,,,,,,,,,,,,,,,,,,,,,,,,,
22->25121,205.899:103.487,202.551:111.363,211.572:116.147,221.105:119.973,231.048:125.270,,,,,,,,,,,,,,,,,,,,,,,,,,,,,,,,,,,,,,,,,,,,,,,,,,,,,,,,,,,
22->2552,205.899:103.487,202.551:111.363,211.572:116.147,221.105:119.973,216.992:130.220,213.369:138.991,222.971:147.010,233.022:153.415,239.844:158.207,244.948:162.321,253.540:169.247,263.170:177.010,273.541:183.542,287.395:193.229,295.831:199.530,309.789:205.728,323.589:208.748,335.464:209.478,341.921:209.634,347.233:210.050,362.972:211.453,376.773:212.234,389.688:214.526,,,,,,,,,,,,,,,,,,,,,,,,,,,,,,,,,,,,,,,,,
22->26858,205.899:103.487,202.551:111.363,211.572:116.147,221.105:119.973,216.992:130.220,213.369:138.991,222.971:147.010,233.022:153.415,239.844:158.207,244.948:162.321,253.540:169.247,263.170:177.010,273.541:183.542,287.395:193.229,295.831:199.530,309.789:205.728,323.589:208.748,335.464:209.478,341.921:209.634,347.233:210.050,,,,,,,,,,,,,,,,,,,,,,,,,,,,,,,,,,,,,,,,,,,,
22->28385,205.899:103.487,202.551:111.363,211.572:116.147,221.105:119.973,216.992:130.220,213.369:138.991,222.971:147.010,233.022:153.415,239.844:158.207,244.948:162.321,253.540:169.247,263.170:177.010,273.541:183.542,287.395:193.229,295.831:199.530,309.789:205.728,323.589:208.748,335.464:209.478,341.921:209.634,342.238:205.594,339.156:200.382,337.035:194.274,,,,,,,,,,,,,,,,,,,,,,,,,,,,,,,,,,,,,,,,,,
22->29250,205.899:103.487,202.551:111.363,211.572:116.147,221.105:119.973,216.992:130.220,213.369:138.991,222.971:147.010,233.022:153.415,239.844:158.207,244.948:162.321,253.540:169.247,263.170:177.010,273.541:183.542,287.395:193.229,294.046:186.564,298.542:180.289,295.606:173.922,298.583:174.490,302.782:177.268,,,,,,,,,,,,,,,,,,,,,,,,,,,,,,,,,,,,,,,,,,,,,
22->29992,205.899:103.487,202.551:111.363,211.572:116.147,221.105:119.973,216.992:130.220,213.369:138.991,222.971:147.010,233.022:153.415,239.844:158.207,244.948:162.321,253.540:169.247,263.170:177.010,273.541:183.542,287.395:193.229,295.831:199.530,309.789:205.728,307.614:210.781,,,,,,,,,,,,,,,,,,,,,,,,,,,,,,,,,,,,,,,,,,,,,,,
22->30620,205.899:103.487,202.551:111.363,211.572:116.147,221.105:119.973,216.992:130.220,213.369:138.991,222.971:147.010,233.022:153.415,239.844:158.207,244.948:162.321,253.540:169.247,263.170:177.010,273.541:183.542,287.395:193.229,295.831:199.530,309.789:205.728,323.589:208.748,335.464:209.478,341.921:209.634,342.238:205.594,339.156:200.382,,,,,,,,,,,,,,,,,,,,,,,,,,,,,,,,,,,,,,,,,,,
22->30645,205.899:103.487,202.551:111.363,211.572:116.147,221.105:119.973,216.992:130.220,213.369:138.991,222.971:147.010,233.022:153.415,239.844:158.207,244.948:162.321,253.540:169.247,263.170:177.010,273.541:183.542,287.395:193.229,295.831:199.530,309.789:205.728,323.589:208.748,335.464:209.478,341.921:209.634,347.233:210.050,362.972:211.453,376.773:212.234,377.269:207.599,376.158:201.725,370.983:196.328,,,,,,,,,,,,,,,,,,,,,,,,,,,,,,,,,,,,,,,
22->30732,205.899:103.487,202.551:111.363,198.866:118.313,194.916:125.425,185.207:118.610,172.199:111.308,,,,,,,,,,,,,,,,,,,,,,,,,,,,,,,,,,,,,,,,,,,,,,,,,,,,,,,,,,
22->31591,205.899:103.487,202.551:111.363,211.572:116.147,221.105:119.973,216.992:130.220,213.369:138.991,222.971:147.010,233.022:153.415,239.844:158.207,244.948:162.321,253.540:169.247,,,,,,,,,,,,,,,,,,,,,,,,,,,,,,,,,,,,,,,,,,,,,,,,,,,,,
22->32,205.899:103.487,202.551:111.363,211.572:116.147,221.105:119.973,216.992:130.220,213.369:138.991,222.971:147.010,233.022:153.415,239.844:158.207,234.423:166.563,233.788:176.485,234.820:180.374,239.106:185.931,,,,,,,,,,,,,,,,,,,,,,,,,,,,,,,,,,,,,,,,,,,,,,,,,,,
22->32446,205.899:103.487,202.551:111.363,211.572:116.147,221.105:119.973,216.992:130.220,213.369:138.991,222.971:147.010,233.022:153.415,239.844:158.207,244.948:162.321,253.540:169.247,263.170:177.010,273.541:183.542,287.395:193.229,295.831:199.530,309.789:205.728,307.614:210.781,303.921:217.527,303.034:220.186,303.034:224.470,301.553:226.935,,,,,,,,,,,,,,,,,,,,,,,,,,,,,,,,,,,,,,,,,,,
22->33,205.899:103.487,202.551:111.363,198.866:118.313,194.916:125.425,,,,,,,,,,,,,,,,,,,,,,,,,,,,,,,,,,,,,,,,,,,,,,,,,,,,,,,,,,,,
22->35213,205.899:103.487,202.551:111.363,211.572:116.147,221.105:119.973,216.992:130.220,213.369:138.991,222.971:147.010,233.022:153.415,239.844:158.207,244.948:162.321,253.540:169.247,263.170:177.010,273.541:183.542,287.395:193.229,295.831:199.530,292.873:204.894,288.446:211.872,294.565:214.523,297.421:215.607,,,,,,,,,,,,,,,,,,,,,,,,,,,,,,,,,,,,,,,,,,,,,
22->39313,205.899:103.487,202.551:111.363,211.572:116.147,221.105:119.973,216.992:130.220,213.369:138.991,222.971:147.010,233.022:153.415,239.844:158.207,244.948:162.321,253.540:169.247,263.170:177.010,273.541:183.542,287.395:193.229,295.831:199.530,292.873:204.894,288.446:211.872,285.440:216.278,281.103:222.601,276.312:228.590,272.979:230.361,267.250:233.225,259.282:236.454,254.126:241.349,246.002:247.443,244.804:252.182,245.377:255.931,252.303:260.983,256.991:265.618,257.355:270.201,260.428:274.263,260.324:280.669,264.282:284.939,267.823:284.002,271.312:281.138,273.364:276.841,274.276:272.403,274.519:267.601,275.066:264.683,,,,,,,,,,,,,,,,,,,,,,,,,
22->40323,205.899:103.487,202.551:111.363,211.572:116.147,221.105:119.973,216.992:130.220,213.369:138.991,222.971:147.010,233.022:153.415,239.844:158.207,244.948:162.321,253.540:169.247,263.170:177.010,273.541:183.542,287.395:193.229,295.831:199.530,309.789:205.728,307.614:210.781,303.921:217.527,303.034:220.186,303.034:224.470,,,,,,,,,,,,,,,,,,,,,,,,,,,,,,,,,,,,,,,,,,,,
22->41841,205.899:103.487,202.551:111.363,211.572:116.147,221.105:119.973,216.992:130.220,213.369:138.991,222.971:147.010,233.022:153.415,239.844:158.207,244.948:162.321,253.540:169.247,263.170:177.010,273.541:183.542,287.395:193.229,295.831:199.530,309.789:205.728,323.589:208.748,335.464:209.478,341.921:209.634,342.238:205.594,,,,,,,,,,,,,,,,,,,,,,,,,,,,,,,,,,,,,,,,,,,,
22->44615,205.899:103.487,202.551:111.363,211.572:116.147,221.105:119.973,216.992:130.220,213.369:138.991,222.971:147.010,233.022:153.415,239.844:158.207,244.948:162.321,253.540:169.247,263.170:177.010,273.541:183.542,287.395:193.229,295.831:199.530,309.789:205.728,,,,,,,,,,,,,,,,,,,,,,,,,,,,,,,,,,,,,,,,,,,,,,,,
22->45476,205.899:103.487,202.551:111.363,211.572:116.147,221.105:119.973,216.992:130.220,213.369:138.991,222.971:147.010,233.022:153.415,239.844:158.207,244.948:162.321,253.540:169.247,263.170:177.010,273.541:183.542,287.395:193.229,294.046:186.564,298.542:180.289,295.606:173.922,298.583:174.490,302.782:177.268,304.882:179.465,,,,,,,,,,,,,,,,,,,,,,,,,,,,,,,,,,,,,,,,,,,,
22->48339,205.899:103.487,202.551:111.363,211.572:116.147,221.105:119.973,216.992:130.220,213.369:138.991,222.971:147.010,233.022:153.415,239.844:158.207,244.948:162.321,253.540:169.247,263.170:177.010,273.541:183.542,287.395:193.229,295.831:199.530,309.789:205.728,323.589:208.748,335.464:209.478,341.921:209.634,,,,,,,,,,,,,,,,,,,,,,,,,,,,,,,,,,,,,,,,,,,,,
22->49,205.899:103.487,202.551:111.363,211.572:116.147,221.105:119.973,216.992:130.220,213.369:138.991,222.971:147.010,233.022:153.415,239.844:158.207,244.948:162.321,253.540:169.247,263.170:177.010,273.541:183.542,287.395:193.229,295.831:199.530,309.789:205.728,323.589:208.748,335.464:209.478,341.921:209.634,347.233:210.050,346.414:220.501,347.233:231.470,342.284:235.228,339.995:239.670,337.398:245.240,333.639:250.297,327.249:249.579,324.140:249.853,323.730:252.620,319.322:252.825,317.921:257.472,310.951:262.358,,,,,,,,,,,,,,,,,,,,,,,,,,,,,,,,
22->49081,205.899:103.487,202.551:111.363,211.572:116.147,221.105:119.973,231.048:125.270,240.449:129.276,,,,,,,,,,,,,,,,,,,,,,,,,,,,,,,,,,,,,,,,,,,,,,,,,,,,,,,,,,
22->5,205.899:103.487,202.551:111.363,211.572:116.147,221.105:119.973,216.992:130.220,213.369:138.991,222.971:147.010,233.022:153.415,239.844:158.207,244.948:162.321,253.540:169.247,263.170:177.010,273.541:183.542,287.395:193.229,,,,,,,,,,,,,,,,,,,,,,,,,,,,,,,,,,,,,,,,,,,,,,,,,,
22->51286,205.899:103.487,202.551:111.363,211.572:116.147,221.105:119.973,216.992:130.220,213.369:138.991,222.971:147.010,233.022:153.415,239.844:158.207,234.423:166.563,233.788:176.485,,,,,,,,,,,,,,,,,,,,,,,,,,,,,,,,,,,,,,,,,,,,,,,,,,,,,
22->5135,205.899:103.487,202.551:111.363,198.866:118.313,194.916:125.425,185.207:118.610,,,,,,,,,,,,,,,,,,,,,,,,,,,,,,,,,,,,,,,,,,,,,,,,,,,,,,,,,,,
22->51552,205.899:103.487,202.551:111.363,211.572:116.147,221.105:119.973,216.992:130.220,213.369:138.991,222.971:147.010,233.022:153.415,239.844:158.207,244.948:162.321,253.540:169.247,263.170:177.010,273.541:183.542,287.395:193.229,295.831:199.530,292.873:204.894,288.446:211.872,285.440:216.278,281.103:222.601,276.312:228.590,272.979:230.361,277.165:234.213,280.995:236.462,,,,,,,,,,,,,,,,,,,,,,,,,,,,,,,,,,,,,,,,,
22->51952,205.899:103.487,202.551:111.363,211.572:116.147,221.105:119.973,216.992:130.220,213.369:138.991,222.971:147.010,220.826:151.867,,,,,,,,,,,,,,,,,,,,,,,,,,,,,,,,,,,,,,,,,,,,,,,,,,,,,,,,
22->52367,205.899:103.487,202.551:111.363,211.572:116.147,221.105:119.973,216.992:130.220,213.369:138.991,222.971:147.010,233.022:153.415,239.844:158.207,244.948:162.321,253.540:169.247,263.170:177.010,273.541:183.542,287.395:193.229,295.831:199.530,309.789:205.728,307.614:210.781,303.921:217.527,303.034:220.186,303.034:224.470,301.553:226.935,304.068:229.591,,,,,,,,,,,,,,,,,,,,,,,,,,,,,,,,,,,,,,,,,,
22->52980,205.899:103.487,202.551:111.363,211.572:116.147,221.105:119.973,216.992:130.220,213.369:138.991,222.971:147.010,233.022:153.415,239.844:158.207,244.948:162.321,253.540:169.247,263.170:177.010,273.541:183.542,287.395:193.229,295.831:199.530,292.873:204.894,288.446:211.872,294.565:214.523,,,,,,,,,,,,,,,,,,,,,,,,,,,,,,,,,,,,,,,,,,,,,,
22->53303,205.899:103.487,202.551:111.363,211.572:116.147,221.105:119.973,216.992:130.220,213.369:138.991,222.971:147.010,233.022:153.415,239.844:158.207,244.948:162.321,253.540:169.247,263.170:177.010,273.541:183.542,266.015:190.376,259.506:196.964,261.770:199.201,264.577:200.838,265.934:202.619,264.693:203.237,264.143:205.369,261.236:210.021,258.781:213.446,257.144:211.297,255.017:208.227,253.079:204.706,250.817:201.831,248.310:201.033,,,,,,,,,,,,,,,,,,,,,,,,,,,,,,,,,,,,,
22->54272,205.899:103.487,202.551:111.363,,,,,,,,,,,,,,,,,,,,,,,,,,,,,,,,,,,,,,,,,,,,,,,,,,,,,,,,,,,,,,
22->5451,205.899:103.487,202.551:111.363,211.572:116.147,221.105:119.973,216.992:130.220,213.369:138.991,222.971:147.010,233.022:153.415,239.844:158.207,244.948:162.321,253.540:169.247,263.170:177.010,273.541:183.542,266.015:190.376,259.506:196.964,261.770:199.201,264.577:200.838,,,,,,,,,,,,,,,,,,,,,,,,,,,,,,,,,,,,,,,,,,,,,,,
22->54957,205.899:103.487,202.551:111.363,211.572:116.147,221.105:119.973,216.992:130.220,213.369:138.991,222.971:147.010,233.022:153.415,239.844:158.207,244.948:162.321,253.540:169.247,263.170:177.010,273.541:183.542,287.395:193.229,295.831:199.530,,,,,,,,,,,,,,,,,,,,,,,,,,,,,,,,,,,,,,,,,,,,,,,,,
22->60378,205.899:103.487,202.551:111.363,211.572:116.147,221.105:119.973,216.992:130.220,213.369:138.991,222.971:147.010,233.022:153.415,239.844:158.207,234.423:166.563,233.788:176.485,234.820:180.374,239.106:185.931,240.376:190.296,247.361:193.392,253.235:196.647,,,,,,,,,,,,,,,,,,,,,,,,,,,,,,,,,,,,,,,,,,,,,,,,
22->60450,205.899:103.487,202.551:111.363,198.866:118.313,194.916:125.425,197.616:127.354,213.369:138.991,222.971:147.010,233.022:153.415,,,,,,,,,,,,,,,,,,,,,,,,,,,,,,,,,,,,,,,,,,,,,,,,,,,,,,,,
22->62572,205.899:103.487,202.551:111.363,211.572:116.147,221.105:119.973,216.992:130.220,213.369:138.991,222.971:147.010,220.826:151.867,218.561:155.067,215.656:159.450,213.737:162.379,208.912:162.083,206.893:165.973,204.726:170.060,208.715:170.946,213.440:171.932,217.133:175.526,222.648:180.401,224.568:183.109,225.454:186.851,227.236:189.679,231.274:192.038,235.861:194.202,240.061:195.688,242.979:197.781,246.269:200.091,,,,,,,,,,,,,,,,,,,,,,,,,,,,,,,,,,,,,,
22->63927,205.899:103.487,202.551:111.363,211.572:116.147,221.105:119.973,231.048:125.270,240.449:129.276,242.392:134.598,,,,,,,,,,,,,,,,,,,,,,,,,,,,,,,,,,,,,,,,,,,,,,,,,,,,,,,,,
22->64018,205.899:103.487,202.551:111.363,211.572:116.147,221.105:119.973,216.992:130.220,213.369:138.991,222.971:147.010,233.022:153.415,239.844:158.207,244.948:162.321,253.540:169.247,263.170:177.010,273.541:183.542,287.395:193.229,294.046:186.564,,,,,,,,,,,,,,,,,,,,,,,,,,,,,,,,,,,,,,,,,,,,,,,,,
22->65385,205.899:103.487,202.551:111.363,211.572:116.147,221.105:119.973,216.992:130.220,213.369:138.991,222.971:147.010,233.022:153.415,239.844:158.207,244.948:162.321,253.540:169.247,263.170:177.010,273.541:183.542,287.395:193.229,295.831:199.530,309.789:205.728,307.614:210.781,303.921:217.527,303.034:220.186,299.489:219.408,,,,,,,,,,,,,,,,,,,,,,,,,,,,,,,,,,,,,,,,,,,,
22->65673,205.899:103.487,202.551:111.363,211.572:116.147,221.105:119.973,216.992:130.220,213.369:138.991,222.971:147.010,233.022:153.415,239.844:158.207,244.948:162.321,253.540:169.247,263.170:177.010,273.541:183.542,287.395:193.229,295.831:199.530,309.789:205.728,323.589:208.748,335.464:209.478,341.921:209.634,342.238:205.594,339.156:200.382,337.035:194.274,337.420:188.101,340.700:181.672,344.595:175.542,,,,,,,,,,,,,,,,,,,,,,,,,,,,,,,,,,,,,,,
22->66,205.899:103.487,202.551:111.363,198.866:118.313,194.916:125.425,185.207:118.610,172.199:111.308,155.794:103.027,142.814:97.329,130.791:90.707,115.938:83.891,98.846:77.007,89.400:72.165,75.350:65.577,62.374:59.313,54.849:55.263,47.679:49.139,40.809:41.372,35.471:35.856,23.833:26.340,13.949:16.375,,,,,,,,,,,,,,,,,,,,,,,,,,,,,,,,,,,,,,,,,,,,
22->67451,205.899:103.487,202.551:111.363,211.572:116.147,221.105:119.973,216.992:130.220,213.369:138.991,222.971:147.010,233.022:153.415,239.844:158.207,234.423:166.563,232.022:166.358,229.198:168.632,,,,,,,,,,,,,,,,,,,,,,,,,,,,,,,,,,,,,,,,,,,,,,,,,,,,
22->69933,205.899:103.487,202.551:111.363,198.866:118.313,,,,,,,,,,,,,,,,,,,,,,,,,,,,,,,,,,,,,,,,,,,,,,,,,,,,,,,,,,,,,
22->71721,205.899:103.487,202.551:111.363,211.572:116.147,221.105:119.973,216.992:130.220,213.369:138.991,222.971:147.010,233.022:153.415,239.844:158.207,244.948:162.321,253.540:169.247,263.170:177.010,273.541:183.542,266.015:190.376,259.506:196.964,261.770:199.201,264.577:200.838,265.934:202.619,268.562:205.911,271.617:208.929,273.745:211.032,271.999:212.799,269.603:216.159,,,,,,,,,,,,,,,,,,,,,,,,,,,,,,,,,,,,,,,,,
22->72974,205.899:103.487,202.551:111.363,211.572:116.147,221.105:119.973,231.048:125.270,240.449:129.276,242.392:134.598,248.338:138.117,255.137:140.236,262.142:140.680,259.065:147.524,256.201:151.742,,,,,,,,,,,,,,,,,,,,,,,,,,,,,,,,,,,,,,,,,,,,,,,,,,,,
22->73767,205.899:103.487,202.551:111.363,211.572:116.147,221.105:119.973,216.992:130.220,213.369:138.991,222.971:147.010,233.022:153.415,239.844:158.207,244.948:162.321,253.540:169.247,263.170:177.010,273.541:183.542,266.015:190.376,259.506:196.964,261.770:199.201,264.577:200.838,265.934:202.619,268.562:205.911,,,,,,,,,,,,,,,,,,,,,,,,,,,,,,,,,,,,,,,,,,,,,
22->74867,205.899:103.487,202.551:111.363,211.572:116.147,,,,,,,,,,,,,,,,,,,,,,,,,,,,,,,,,,,,,,,,,,,,,,,,,,,,,,,,,,,,,
22->75205,205.899:103.487,202.551:111.363,211.572:116.147,221.105:119.973,231.048:125.270,240.449:129.276,242.392:134.598,248.338:138.117,255.137:140.236,262.142:140.680,259.065:147.524,,,,,,,,,,,,,,,,,,,,,,,,,,,,,,,,,,,,,,,,,,,,,,,,,,,,,
22->76205,205.899:103.487,202.551:111.363,211.572:116.147,221.105:119.973,216.992:130.220,213.369:138.991,222.971:147.010,233.022:153.415,239.844:158.207,244.948:162.321,253.540:169.247,263.170:177.010,273.541:183.542,287.395:193.229,295.831:199.530,309.789:205.728,323.589:208.748,335.464:209.478,341.921:209.634,342.238:205.594,339.156:200.382,337.035:194.274,337.420:188.101,340.700:181.672,344.595:175.542,347.193:169.199,349.637:164.698,356.323:163.798,360.502:163.991,366.803:162.190,370.983:159.940,373.073:154.252,375.613:149.887,379.265:145.124,380.058:139.488,,,,,,,,,,,,,,,,,,,,,,,,,,,,,
22->78028,205.899:103.487,202.551:111.363,211.572:116.147,221.105:119.973,216.992:130.220,213.369:138.991,222.971:147.010,233.022:153.415,239.844:158.207,244.948:162.321,253.540:169.247,263.170:177.010,273.541:183.542,266.015:190.376,259.506:196.964,261.770:199.201,264.577:200.838,265.934:202.619,268.562:205.911,271.617:208.929,273.745:211.032,,,,,,,,,,,,,,,,,,,,,,,,,,,,,,,,,,,,,,,,,,,
22->79100,205.899:103.487,202.551:111.363,211.572:116.147,221.105:119.973,216.992:130.220,213.369:138.991,222.971:147.010,233.022:153.415,239.844:158.207,244.948:162.321,253.540:169.247,263.170:177.010,273.541:183.542,287.395:193.229,295.831:199.530,292.873:204.894,288.446:211.872,285.440:216.278,281.103:222.601,279.812:220.553,,,,,,,,,,,,,,,,,,,,,,,,,,,,,,,,,,,,,,,,,,,,
22->80824,205.899:103.487,202.551:111.363,211.572:116.147,221.105:119.973,,,,,,,,,,,,,,,,,,,,,,,,,,,,,,,,,,,,,,,,,,,,,,,,,,,,,,,,,,,,
22->82106,205.899:103.487,202.551:111.363,211.572:116.147,221.105:119.973,216.992:130.220,213.369:138.991,222.971:147.010,233.022:153.415,239.844:158.207,234.423:166.563,,,,,,,,,,,,,,,,,,,,,,,,,,,,,,,,,,,,,,,,,,,,,,,,,,,,,,
22->8318,205.899:103.487,202.551:111.363,211.572:116.147,221.105:119.973,216.992:130.220,213.369:138.991,222.971:147.010,233.022:153.415,239.844:158.207,244.948:162.321,,,,,,,,,,,,,,,,,,,,,,,,,,,,,,,,,,,,,,,,,,,,,,,,,,,,,,
22->84,205.899:103.487,202.551:111.363,211.572:116.147,221.105:119.973,216.992:130.220,213.369:138.991,222.971:147.010,233.022:153.415,239.844:158.207,244.948:162.321,253.540:169.247,263.170:177.010,273.541:183.542,287.395:193.229,295.831:199.530,292.873:204.894,288.446:211.872,285.440:216.278,281.103:222.601,276.312:228.590,272.979:230.361,267.250:233.225,259.282:236.454,254.126:241.349,,,,,,,,,,,,,,,,,,,,,,,,,,,,,,,,,,,,,,,,
22->87392,205.899:103.487,202.551:111.363,211.572:116.147,221.105:119.973,216.992:130.220,213.369:138.991,,,,,,,,,,,,,,,,,,,,,,,,,,,,,,,,,,,,,,,,,,,,,,,,,,,,,,,,,,
22->88,205.899:103.487,202.551:111.363,211.572:116.147,221.105:119.973,216.992:130.220,213.369:138.991,222.971:147.010,233.022:153.415,239.844:158.207,244.948:162.321,253.540:169.247,263.170:177.010,273.541:183.542,287.395:193.229,295.831:199.530,309.789:205.728,323.589:208.748,335.464:209.478,341.921:209.634,347.233:210.050,362.972:211.453,376.773:212.234,,,,,,,,,,,,,,,,,,,,,,,,,,,,,,,,,,,,,,,,,,
22->89653,205.899:103.487,202.551:111.363,211.572:116.147,221.105:119.973,216.992:130.220,213.369:138.991,222.971:147.010,233.022:153.415,239.844:158.207,244.948:162.321,253.540:169.247,263.170:177.010,273.541:183.542,287.395:193.229,295.831:199.530,299.242:195.278,302.353:188.697,304.946:184.788,306.078:181.726,,,,,,,,,,,,,,,,,,,,,,,,,,,,,,,,,,,,,,,,,,,,,
22->90040,205.899:103.487,202.551:111.363,211.572:116.147,221.105:119.973,216.992:130.220,213.369:138.991,222.971:147.010,233.022:153.415,239.844:158.207,244.948:162.321,253.540:169.247,263.170:177.010,273.541:183.542,287.395:193.229,295.831:199.530,309.789:205.728,323.589:208.748,335.464:209.478,341.921:209.634,342.238:205.594,339.156:200.382,337.035:194.274,337.420:188.101,340.700:181.672,344.595:175.542,347.193:169.199,349.637:164.698,356.323:163.798,360.502:163.991,366.803:162.190,370.983:159.940,373.073:154.252,375.613:149.887,,,,,,,,,,,,,,,,,,,,,,,,,,,,,,,
22->9048,205.899:103.487,202.551:111.363,211.572:116.147,221.105:119.973,216.992:130.220,213.369:138.991,222.971:147.010,233.022:153.415,239.844:158.207,244.948:162.321,253.540:169.247,263.170:177.010,273.541:183.542,287.395:193.229,295.831:199.530,299.242:195.278,,,,,,,,,,,,,,,,,,,,,,,,,,,,,,,,,,,,,,,,,,,,,,,,
22->91020,205.899:103.487,202.551:111.363,211.572:116.147,221.105:119.973,216.992:130.220,213.369:138.991,222.971:147.010,233.022:153.415,239.844:158.207,244.948:162.321,253.540:169.247,263.170:177.010,273.541:183.542,287.395:193.229,295.831:199.530,309.789:205.728,323.589:208.748,335.464:209.478,341.921:209.634,347.233:210.050,362.972:211.453,,,,,,,,,,,,,,,,,,,,,,,,,,,,,,,,,,,,,,,,,,,
22->91297,205.899:103.487,202.551:111.363,211.572:116.147,221.105:119.973,216.992:130.220,213.369:138.991,222.971:147.010,233.022:153.415,239.844:158.207,244.948:162.321,253.540:169.247,263.170:177.010,273.541:183.542,287.395:193.229,295.831:199.530,292.873:204.894,288.446:211.872,285.440:216.278,281.103:222.601,276.312:228.590,272.979:230.361,277.165:234.213,280.995:236.462,284.216:236.645,290.842:240.474,,,,,,,,,,,,,,,,,,,,,,,,,,,,,,,,,,,,,,,
22->92071,205.899:103.487,202.551:111.363,211.572:116.147,221.105:119.973,216.992:130.220,213.369:138.991,222.971:147.010,233.022:153.415,239.844:158.207,244.948:162.321,253.540:169.247,263.170:177.010,273.541:183.542,287.395:193.229,295.831:199.530,292.873:204.894,288.446:211.872,285.440:216.278,281.103:222.601,276.312:228.590,272.979:230.361,277.165:234.213,280.995:236.462,284.216:236.645,290.842:240.474,294.611:242.967,298.441:243.818,295.444:246.775,293.130:249.975,289.092:249.828,284.759:248.203,,,,,,,,,,,,,,,,,,,,,,,,,,,,,,,,,
22->92821,205.899:103.487,202.551:111.363,198.866:118.313,194.916:125.425,185.207:118.610,172.199:111.308,155.794:103.027,142.814:97.329,130.791:90.707,115.938:83.891,98.846:77.007,89.400:72.165,75.350:65.577,62.374:59.313,54.849:55.263,47.679:49.139,40.809:41.372,35.471:35.856,,,,,,,,,,,,,,,,,,,,,,,,,,,,,,,,,,,,,,,,,,,,,,
22->93266,205.899:103.487,202.551:111.363,211.572:116.147,221.105:119.973,216.992:130.220,213.369:138.991,222.971:147.010,233.022:153.415,239.844:158.207,244.948:162.321,253.540:169.247,263.170:177.010,273.541:183.542,287.395:193.229,295.831:199.530,309.789:205.728,307.614:210.781,303.921:217.527,,,,,,,,,,,,,,,,,,,,,,,,,,,,,,,,,,,,,,,,,,,,,,
22->95,205.899:103.487,202.551:111.363,211.572:116.147,221.105:119.973,216.992:130.220,213.369:138.991,222.971:147.010,233.022:153.415,239.844:158.207,244.948:162.321,253.540:169.247,263.170:177.010,273.541:183.542,287.395:193.229,295.831:199.530,309.789:205.728,323.589:208.748,,,,,,,,,,,,,,,,,,,,,,,,,,,,,,,,,,,,,,,,,,,,,,,
22->95815,205.899:103.487,202.551:111.363,211.572:116.147,221.105:119.973,216.992:130.220,213.369:138.991,222.971:147.010,233.022:153.415,239.844:158.207,244.948:162.321,253.540:169.247,263.170:177.010,273.541:183.542,266.015:190.376,,,,,,,,,,,,,,,,,,,,,,,,,,,,,,,,,,,,,,,,,,,,,,,,,,
22->96,205.899:103.487,202.551:111.363,198.866:118.313,194.916:125.425,185.207:118.610,172.199:111.308,155.794:103.027,142.814:97.329,130.791:90.707,115.938:83.891,98.846:77.007,89.400:72.165,75.350:65.577,62.374:59.313,,,,,,,,,,,,,,,,,,,,,,,,,,,,,,,,,,,,,,,,,,,,,,,,,,
22->97999,205.899:103.487,202.551:111.363,211.572:116.147,221.105:119.973,216.992:130.220,213.369:138.991,222.971:147.010,233.022:153.415,239.844:158.207,244.948:162.321,253.540:169.247,263.170:177.010,273.541:183.542,287.395:193.229,295.831:199.530,309.789:205.728,307.614:210.781,303.921:217.527,303.034:220.186,303.034:224.470,301.553:226.935,304.068:229.591,313.670:231.954,318.762:234.171,,,,,,,,,,,,,,,,,,,,,,,,,,,,,,,,,,,,,,,,
22->99,205.899:103.487,202.551:111.363,211.572:116.147,221.105:119.973,216.992:130.220,213.369:138.991,222.971:147.010,233.022:153.415,239.844:158.207,,,,,,,,,,,,,,,,,,,,,,,,,,,,,,,,,,,,,,,,,,,,,,,,,,,,,,,
22615->101,293.130:249.975,295.444:246.775,298.441:243.818,294.611:242.967,290.842:240.474,284.216:236.645,280.995:236.462,277.165:234.213,272.979:230.361,267.250:233.225,259.282:236.454,254.126:241.349,246.002:247.443,244.804:252.182,245.377:255.931,252.303:260.983,256.991:265.618,257.355:270.201,,,,,,,,,,,,,,,,,,,,,,,,,,,,,,,,,,,,,,,,,,,,,,
22615->22,293.130:249.975,295.444:246.775,298.441:243.818,294.611:242.967,290.842:240.474,284.216:236.645,280.995:236.462,277.165:234.213,272.979:230.361,276.312:228.590,281.103:222.601,285.440:216.278,288.446:211.872,292.873:204.894,295.831:199.530,287.395:193.229,273.541:183.542,263.170:177.010,253.540:169.247,244.948:162.321,239.844:158.207,233.022:153.415,222.971:147.010,213.369:138.991,216.992:130.220,221.105:119.973,211.572:116.147,202.551:111.363,205.899:103.487,,,,,,,,,,,,,,,,,,,,,,,,,,,,,,,,,,,
22615->2505,293.130:249.975,295.444:246.775,298.441:243.818,294.611:242.967,290.842:240.474,284.216:236.645,280.995:236.462,277.165:234.213,272.979:230.361,276.312:228.590,281.103:222.601,285.440:216.278,283.721:215.043,,,,,,,,,,,,,,,,,,,,,,,,,,,,,,,,,,,,,,,,,,,,,,,,,,,
22615->32,293.130:249.975,295.444:246.775,298.441:243.818,294.611:242.967,290.842:240.474,284.216:236.645,280.995:236.462,277.165:234.213,272.979:230.361,276.312:228.590,281.103:222.601,285.440:216.278,288.446:211.872,292.873:204.894,295.831:199.530,287.395:193.229,273.541:183.542,266.015:190.376,259.506:196.964,253.235:196.647,247.361:193.392,240.376:190.296,239.106:185.931,,,,,,,,,,,,,,,,,,,,,,,,,,,,,,,,,,,,,,,,,
22615->49,293.130:249.975,295.444:246.775,298.441:243.818,304.155:246.128,305.371:250.930,303.183:255.307,302.149:258.225,306.405:261.082,310.951:262.358,,,,,,,,,,,,,,,,,,,,,,,,,,,,,,,,,,,,,,,,,,,,,,,,,,,,,,,
22615->5,293.130:249.975,295.444:246.775,298.441:243.818,294.611:242.967,290.842:240.474,284.216:236.645,280.995:236.462,277.165:234.213,272.979:230.361,276.312:228.590,281.103:222.601,285.440:216.278,288.446:211.872,292.873:204.894,295.831:199.530,287.395:193.229,,,,,,,,,,,,,,,,,,,,,,,,,,,,,,,,,,,,,,,,,,,,,,,,
22615->51552,293.130:249.975,295.444:246.775,298.441:243.818,294.611:242.967,290.842:240.474,284.216:236.645,280.995:236.462,,,,,,,,,,,,,,,,,,,,,,,,,,,,,,,,,,,,,,,,,,,,,,,,,,,,,,,,,
22615->75205,293.130:249.975,295.444:246.775,298.441:243.818,294.611:242.967,290.842:240.474,284.216:236.645,280.995:236.462,277.165:234.213,272.979:230.361,276.312:228.590,281.103:222.601,285.440:216.278,288.446:211.872,292.873:204.894,295.831:199.530,287.395:193.229,273.541:183.542,263.170:177.010,253.540:169.247,244.948:162.321,250.837:157.263,256.201:151.742,259.065:147.524,,,,,,,,,,,,,,,,,,,,,,,,,,,,,,,,,,,,,,,,,
22615->84,293.130:249.975,295.444:246.775,298.441:243.818,294.611:242.967,290.842:240.474,284.216:236.645,280.995:236.462,277.165:234.213,272.979:230.361,267.250:233.225,259.282:236.454,254.126:241.349,,,,,,,,,,,,,,,,,,,,,,,,,,,,,,,,,,,,,,,,,,,,,,,,,,,,
22615->88,293.130:249.975,295.444:246.775,298.441:243.818,294.611:242.967,290.842:240.474,284.216:236.645,280.995:236.462,277.165:234.213,272.979:230.361,276.312:228.590,281.103:222.601,285.440:216.278,288.446:211.872,292.873:204.894,295.831:199.530,309.789:205.728,323.589:208.748,335.464:209.478,341.921:209.634,347.233:210.050,362.972:211.453,376.773:212.234,,,,,,,,,,,,,,,,,,,,,,,,,,,,,,,,,,,,,,,,,,
22615->9048,293.130:249.975,295.444:246.775,298.441:243.818,294.611:242.967,290.842:240.474,284.216:236.645,280.995:236.462,277.165:234.213,272.979:230.361,276.312:228.590,281.103:222.601,285.440:216.278,288.446:211.872,292.873:204.894,295.831:199.530,299.242:195.278,,,,,,,,,,,,,,,,,,,,,,,,,,,,,,,,,,,,,,,,,,,,,,,,
22615->92071,293.130:249.975,289.092:249.828,284.759:248.203,,,,,,,,,,,,,,,,,,,,,,,,,,,,,,,,,,,,,,,,,,,,,,,,,,,,,,,,,,,,,
22615->95,293.130:249.975,295.444:246.775,298.441:243.818,294.611:242.967,290.842:240.474,284.216:236.645,280.995:236.462,277.165:234.213,272.979:230.361,276.312:228.590,281.103:222.601,285.440:216.278,288.446:211.872,292.873:204.894,295.831:199.530,309.789:205.728,323.589:208.748,,,,,,,,,,,,,,,,,,,,,,,,,,,,,,,,,,,,,,,,,,,,,,,
22615->99,293.130:249.975,295.444:246.775,298.441:243.818,294.611:242.967,290.842:240.474,284.216:236.645,280.995:236.462,277.165:234.213,272.979:230.361,276.312:228.590,281.103:222.601,285.440:216.278,288.446:211.872,292.873:204.894,295.831:199.530,287.395:193.229,273.541:183.542,263.170:177.010,253.540:169.247,244.948:162.321,239.844:158.207,,,,,,,,,,,,,,,,,,,,,,,,,,,,,,,,,,,,,,,,,,,
23254->105,346.414:220.501,347.233:210.050,341.921:209.634,335.464:209.478,323.589:208.748,309.789:205.728,295.831:199.530,287.395:193.229,273.541:183.542,263.170:177.010,253.540:169.247,244.948:162.321,239.844:158.207,233.022:153.415,222.971:147.010,213.369:138.991,197.616:127.354,194.916:125.425,185.207:118.610,172.199:111.308,155.794:103.027,142.814:97.329,,,,,,,,,,,,,,,,,,,,,,,,,,,,,,,,,,,,,,,,,,
23254->120,346.414:220.501,347.233:210.050,341.921:209.634,335.464:209.478,323.589:208.748,309.789:205.728,295.831:199.530,287.395:193.229,294.046:186.564,298.542:180.289,295.606:173.922,293.252:166.883,292.512:160.225,289.702:155.541,284.986:152.808,279.519:149.801,,,,,,,,,,,,,,,,,,,,,,,,,,,,,,,,,,,,,,,,,,,,,,,,
23254->13702,346.414:220.501,347.233:210.050,341.921:209.634,335.464:209.478,323.589:208.748,309.789:205.728,295.831:199.530,287.395:193.229,273.541:183.542,,,,,,,,,,,,,,,,,,,,,,,,,,,,,,,,,,,,,,,,,,,,,,,,,,,,,,,
23254->14185,346.414:220.501,347.233:210.050,341.921:209.634,335.464:209.478,323.589:208.748,309.789:205.728,295.831:199.530,299.242:195.278,302.353:188.697,304.946:184.788,,,,,,,,,,,,,,,,,,,,,,,,,,,,,,,,,,,,,,,,,,,,,,,,,,,,,,
23254->22,346.414:220.501,347.233:210.050,341.921:209.634,335.464:209.478,323.589:208.748,309.789:205.728,295.831:199.530,287.395:193.229,273.541:183.542,263.170:177.010,253.540:169.247,244.948:162.321,239.844:158.207,233.022:153.415,222.971:147.010,213.369:138.991,216.992:130.220,221.105:119.973,211.572:116.147,202.551:111.363,205.899:103.487,,,,,,,,,,,,,,,,,,,,,,,,,,,,,,,,,,,,,,,,,,,
23254->26858,346.414:220.501,347.233:210.050,,,,,,,,,,,,,,,,,,,,,,,,,,,,,,,,,,,,,,,,,,,,,,,,,,,,,,,,,,,,,,
23254->30620,346.414:220.501,347.233:210.050,341.921:209.634,342.238:205.594,339.156:200.382,,,,,,,,,,,,,,,,,,,,,,,,,,,,,,,,,,,,,,,,,,,,,,,,,,,,,,,,,,,
23254->31591,346.414:220.501,347.233:210.050,341.921:209.634,335.464:209.478,323.589:208.748,309.789:205.728,295.831:199.530,287.395:193.229,273.541:183.542,263.170:177.010,253.540:169.247,,,,,,,,,,,,,,,,,,,,,,,,,,,,,,,,,,,,,,,,,,,,,,,,,,,,,
23254->32,346.414:220.501,347.233:210.050,341.921:209.634,335.464:209.478,323.589:208.748,309.789:205.728,295.831:199.530,287.395:193.229,273.541:183.542,266.015:190.376,259.506:196.964,253.235:196.647,247.361:193.392,240.376:190.296,239.106:185.931,,,,,,,,,,,,,,,,,,,,,,,,,,,,,,,,,,,,,,,,,,,,,,,,,
23254->40323,346.414:220.501,347.233:210.050,341.921:209.634,335.464:209.478,323.589:208.748,309.789:205.728,307.614:210.781,303.921:217.527,303.034:220.186,303.034:224.470,,,,,,,,,,,,,,,,,,,,,,,,,,,,,,,,,,,,,,,,,,,,,,,,,,,,,,
23254->44615,346.414:220.501,347.233:210.050,341.921:209.634,335.464:209.478,323.589:208.748,309.789:205.728,,,,,,,,,,,,,,,,,,,,,,,,,,,,,,,,,,,,,,,,,,,,,,,,,,,,,,,,,,
23254->48339,346.414:220.501,347.233:210.050,341.921:209.634,,,,,,,,,,,,,,,,,,,,,,,,,,,,,,,,,,,,,,,,,,,,,,,,,,,,,,,,,,,,,
23254->5,346.414:220.501,347.233:210.050,341.921:209.634,335.464:209.478,323.589:208.748,309.789:205.728,295.831:199.530,287.395:193.229,,,,,,,,,,,,,,,,,,,,,,,,,,,,,,,,,,,,,,,,,,,,,,,,,,,,,,,,
23254->50132,346.414:220.501,347.233:210.050,341.921:209.634,335.464:209.478,323.589:208.748,309.789:205.728,307.614:210.781,303.921:217.527,303.034:220.186,,,,,,,,,,,,,,,,,,,,,,,,,,,,,,,,,,,,,,,,,,,,,,,,,,,,,,,
23254->52367,346.414:220.501,347.233:231.470,342.284:235.228,339.995:239.670,333.435:238.898,326.689:238.012,318.762:234.171,313.670:231.954,304.068:229.591,,,,,,,,,,,,,,,,,,,,,,,,,,,,,,,,,,,,,,,,,,,,,,,,,,,,,,,
23254->73767,346.414:220.501,347.233:210.050,341.921:209.634,335.464:209.478,323.589:208.748,309.789:205.728,295.831:199.530,287.395:193.229,273.541:183.542,266.015:190.376,259.506:196.964,261.770:199.201,264.577:200.838,265.934:202.619,268.562:205.911,,,,,,,,,,,,,,,,,,,,,,,,,,,,,,,,,,,,,,,,,,,,,,,,,
23254->84,346.414:220.501,347.233:210.050,341.921:209.634,335.464:209.478,323.589:208.748,309.789:205.728,295.831:199.530,292.873:204.894,288.446:211.872,285.440:216.278,281.103:222.601,276.312:228.590,272.979:230.361,267.250:233.225,259.282:236.454,254.126:241.349,,,,,,,,,,,,,,,,,,,,,,,,,,,,,,,,,,,,,,,,,,,,,,,,
23254->88,346.414:220.501,347.233:210.050,362.972:211.453,376.773:212.234,,,,,,,,,,,,,,,,,,,,,,,,,,,,,,,,,,,,,,,,,,,,,,,,,,,,,,,,,,,,
23254->92,346.414:220.501,347.233:210.050,362.972:211.453,376.773:212.234,377.269:207.599,376.158:201.725,370.983:196.328,367.109:189.263,368.141:182.992,370.983:179.262,374.094:172.594,373.541:164.692,370.983:159.940,373.073:154.252,375.613:149.887,379.265:145.124,380.058:139.488,380.579:129.453,380.448:122.917,376.784:117.838,374.253:113.458,372.904:107.029,372.030:100.361,369.808:96.313,367.824:93.376,368.459:87.820,371.554:82.184,375.523:78.533,377.031:74.088,380.048:69.722,379.571:66.626,381.397:63.134,,,,,,,,,,,,,,,,,,,,,,,,,,,,,,,,
23254->93266,346.414:220.501,347.233:210.050,341.921:209.634,335.464:209.478,323.589:208.748,309.789:205.728,307.614:210.781,303.921:217.527,,,,,,,,,,,,,,,,,,,,,,,,,,,,,,,,,,,,,,,,,,,,,,,,,,,,,,,,
23254->95,346.414:220.501,347.233:210.050,341.921:209.634,335.464:209.478,323.589:208.748,,,,,,,,,,,,,,,,,,,,,,,,,,,,,,,,,,,,,,,,,,,,,,,,,,,,,,,,,,,
23254->95815,346.414:220.501,347.233:210.050,341.921:209.634,335.464:209.478,323.589:208.748,309.789:205.728,295.831:199.530,287.395:193.229,273.541:183.542,266.015:190.376,,,,,,,,,,,,,,,,,,,,,,,,,,,,,,,,,,,,,,,,,,,,,,,,,,,,,,
23254->96372,346.414:220.501,347.233:210.050,341.921:209.634,335.464:209.478,323.589:208.748,309.789:205.728,295.831:199.530,287.395:193.229,273.541:183.542,263.170:177.010,253.540:169.247,244.948:162.321,239.844:158.207,233.022:153.415,222.971:147.010,220.826:151.867,218.561:155.067,,,,,,,,,,,,,,,,,,,,,,,,,,,,,,,,,,,,,,,,,,,,,,,
23254->97999,346.414:220.501,347.233:231.470,342.284:235.228,339.995:239.670,333.435:238.898,326.689:238.012,318.762:234.171,,,,,,,,,,,,,,,,,,,,,,,,,,,,,,,,,,,,,,,,,,,,,,,,,,,,,,,,,
23254->99,346.414:220.501,347.233:210.050,341.921:209.634,335.464:209.478,323.589:208.748,309.789:205.728,295.831:199.530,287.395:193.229,273.541:183.542,263.170:177.010,253.540:169.247,244.948:162.321,239.844:158.207,,,,,,,,,,,,,,,,,,,,,,,,,,,,,,,,,,,,,,,,,,,,,,,,,,,
2344->105,263.170:177.010,253.540:169.247,244.948:162.321,239.844:158.207,233.022:153.415,222.971:147.010,213.369:138.991,197.616:127.354,194.916:125.425,185.207:118.610,172.199:111.308,155.794:103.027,142.814:97.329,,,,,,,,,,,,,,,,,,,,,,,,,,,,,,,,,,,,,,,,,,,,,,,,,,,
2344->11881,263.170:177.010,253.540:169.247,244.948:162.321,239.844:158.207,233.022:153.415,222.971:147.010,,,,,,,,,,,,,,,,,,,,,,,,,,,,,,,,,,,,,,,,,,,,,,,,,,,,,,,,,,
2344->120,263.170:177.010,273.541:183.542,287.395:193.229,294.046:186.564,298.542:180.289,295.606:173.922,293.252:166.883,292.512:160.225,289.702:155.541,284.986:152.808,279.519:149.801,,,,,,,,,,,,,,,,,,,,,,,,,,,,,,,,,,,,,,,,,,,,,,,,,,,,,
2344->13568,263.170:177.010,253.540:169.247,244.948:162.321,239.844:158.207,233.022:153.415,222.971:147.010,213.369:138.991,216.992:130.220,,,,,,,,,,,,,,,,,,,,,,,,,,,,,,,,,,,,,,,,,,,,,,,,,,,,,,,,
2344->13702,263.170:177.010,273.541:183.542,,,,,,,,,,,,,,,,,,,,,,,,,,,,,,,,,,,,,,,,,,,,,,,,,,,,,,,,,,,,,,
2344->14185,263.170:177.010,273.541:183.542,287.395:193.229,295.831:199.530,299.242:195.278,302.353:188.697,304.946:184.788,,,,,,,,,,,,,,,,,,,,,,,,,,,,,,,,,,,,,,,,,,,,,,,,,,,,,,,,,
2344->14657,263.170:177.010,273.541:183.542,266.015:190.376,259.506:196.964,261.770:199.201,,,,,,,,,,,,,,,,,,,,,,,,,,,,,,,,,,,,,,,,,,,,,,,,,,,,,,,,,,,
2344->17795,263.170:177.010,273.541:183.542,287.395:193.229,295.831:199.530,309.789:205.728,323.589:208.748,335.464:209.478,341.921:209.634,342.238:205.594,339.156:200.382,337.035:194.274,337.420:188.101,340.700:181.672,344.595:175.542,347.193:169.199,349.637:164.698,356.323:163.798,360.502:163.991,366.803:162.190,370.983:159.940,373.073:154.252,,,,,,,,,,,,,,,,,,,,,,,,,,,,,,,,,,,,,,,,,,,
2344->20601,263.170:177.010,273.541:183.542,287.395:193.229,294.046:186.564,298.542:180.289,,,,,,,,,,,,,,,,,,,,,,,,,,,,,,,,,,,,,,,,,,,,,,,,,,,,,,,,,,,
2344->21444,263.170:177.010,253.540:169.247,244.948:162.321,250.837:157.263,,,,,,,,,,,,,,,,,,,,,,,,,,,,,,,,,,,,,,,,,,,,,,,,,,,,,,,,,,,,
2344->22,263.170:177.010,253.540:169.247,244.948:162.321,239.844:158.207,233.022:153.415,222.971:147.010,213.369:138.991,216.992:130.220,221.105:119.973,211.572:116.147,202.551:111.363,205.899:103.487,,,,,,,,,,,,,,,,,,,,,,,,,,,,,,,,,,,,,,,,,,,,,,,,,,,,
2344->23254,263.170:177.010,273.541:183.542,287.395:193.229,295.831:199.530,309.789:205.728,323.589:208.748,335.464:209.478,341.921:209.634,347.233:210.050,346.414:220.501,,,,,,,,,,,,,,,,,,,,,,,,,,,,,,,,,,,,,,,,,,,,,,,,,,,,,,
2344->23449,263.170:177.010,253.540:169.247,244.948:162.321,250.837:157.263,256.201:151.742,259.065:147.524,262.142:140.680,255.137:140.236,248.338:138.117,,,,,,,,,,,,,,,,,,,,,,,,,,,,,,,,,,,,,,,,,,,,,,,,,,,,,,,
2344->26858,263.170:177.010,273.541:183.542,287.395:193.229,295.831:199.530,309.789:205.728,323.589:208.748,335.464:209.478,341.921:209.634,347.233:210.050,,,,,,,,,,,,,,,,,,,,,,,,,,,,,,,,,,,,,,,,,,,,,,,,,,,,,,,
2344->29230,263.170:177.010,253.540:169.247,244.948:162.321,250.837:157.263,256.201:151.742,259.065:147.524,262.142:140.680,255.137:140.236,248.338:138.117,242.392:134.598,240.449:129.276,241.499:125.514,,,,,,,,,,,,,,,,,,,,,,,,,,,,,,,,,,,,,,,,,,,,,,,,,,,,
2344->31591,263.170:177.010,253.540:169.247,,,,,,,,,,,,,,,,,,,,,,,,,,,,,,,,,,,,,,,,,,,,,,,,,,,,,,,,,,,,,,
2344->32,263.170:177.010,253.540:169.247,244.948:162.321,239.844:158.207,234.423:166.563,233.788:176.485,234.820:180.374,239.106:185.931,,,,,,,,,,,,,,,,,,,,,,,,,,,,,,,,,,,,,,,,,,,,,,,,,,,,,,,,
2344->33,263.170:177.010,253.540:169.247,244.948:162.321,239.844:158.207,233.022:153.415,222.971:147.010,213.369:138.991,197.616:127.354,194.916:125.425,,,,,,,,,,,,,,,,,,,,,,,,,,,,,,,,,,,,,,,,,,,,,,,,,,,,,,,
2344->37558,263.170:177.010,273.541:183.542,287.395:193.229,295.831:199.530,292.873:204.894,288.446:211.872,,,,,,,,,,,,,,,,,,,,,,,,,,,,,,,,,,,,,,,,,,,,,,,,,,,,,,,,,,
2344->41841,263.170:177.010,273.541:183.542,287.395:193.229,295.831:199.530,309.789:205.728,323.589:208.748,335.464:209.478,341.921:209.634,342.238:205.594,,,,,,,,,,,,,,,,,,,,,,,,,,,,,,,,,,,,,,,,,,,,,,,,,,,,,,,
2344->44615,263.170:177.010,273.541:183.542,287.395:193.229,295.831:199.530,309.789:205.728,,,,,,,,,,,,,,,,,,,,,,,,,,,,,,,,,,,,,,,,,,,,,,,,,,,,,,,,,,,
2344->45476,263.170:177.010,273.541:183.542,287.395:193.229,294.046:186.564,298.542:180.289,295.606:173.922,298.583:174.490,302.782:177.268,304.882:179.465,,,,,,,,,,,,,,,,,,,,,,,,,,,,,,,,,,,,,,,,,,,,,,,,,,,,,,,
2344->48339,263.170:177.010,273.541:183.542,287.395:193.229,295.831:199.530,309.789:205.728,323.589:208.748,335.464:209.478,341.921:209.634,,,,,,,,,,,,,,,,,,,,,,,,,,,,,,,,,,,,,,,,,,,,,,,,,,,,,,,,
2344->48921,263.170:177.010,273.541:183.542,287.395:193.229,294.046:186.564,298.542:180.289,295.606:173.922,298.583:174.490,,,,,,,,,,,,,,,,,,,,,,,,,,,,,,,,,,,,,,,,,,,,,,,,,,,,,,,,,
2344->49,263.170:177.010,273.541:183.542,287.395:193.229,295.831:199.530,309.789:205.728,323.589:208.748,335.464:209.478,341.921:209.634,347.233:210.050,346.414:220.501,347.233:231.470,342.284:235.228,339.995:239.670,337.398:245.240,333.639:250.297,327.249:249.579,324.140:249.853,323.730:252.620,319.322:252.825,317.921:257.472,310.951:262.358,,,,,,,,,,,,,,,,,,,,,,,,,,,,,,,,,,,,,,,,,,,
2344->5,263.170:177.010,273.541:183.542,287.395:193.229,,,,,,,,,,,,,,,,,,,,,,,,,,,,,,,,,,,,,,,,,,,,,,,,,,,,,,,,,,,,,
2344->51286,263.170:177.010,253.540:169.247,244.948:162.321,239.844:158.207,234.423:166.563,233.788:176.485,,,,,,,,,,,,,,,,,,,,,,,,,,,,,,,,,,,,,,,,,,,,,,,,,,,,,,,,,,
2344->53940,263.170:177.010,273.541:183.542,287.395:193.229,294.046:186.564,298.542:180.289,295.606:173.922,293.252:166.883,292.512:160.225,289.702:155.541,284.986:152.808,,,,,,,,,,,,,,,,,,,,,,,,,,,,,,,,,,,,,,,,,,,,,,,,,,,,,,
2344->54272,263.170:177.010,253.540:169.247,244.948:162.321,239.844:158.207,233.022:153.415,222.971:147.010,213.369:138.991,216.992:130.220,221.105:119.973,211.572:116.147,202.551:111.363,,,,,,,,,,,,,,,,,,,,,,,,,,,,,,,,,,,,,,,,,,,,,,,,,,,,,
2344->54957,263.170:177.010,273.541:183.542,287.395:193.229,295.831:199.530,,,,,,,,,,,,,,,,,,,,,,,,,,,,,,,,,,,,,,,,,,,,,,,,,,,,,,,,,,,,
2344->58365,263.170:177.010,273.541:183.542,266.015:190.376,259.506:196.964,261.770:199.201,264.577:200.838,265.934:202.619,268.562:205.911,271.617:208.929,,,,,,,,,,,,,,,,,,,,,,,,,,,,,,,,,,,,,,,,,,,,,,,,,,,,,,,
2344->60450,263.170:177.010,253.540:169.247,244.948:162.321,239.844:158.207,233.022:153.415,,,,,,,,,,,,,,,,,,,,,,,,,,,,,,,,,,,,,,,,,,,,,,,,,,,,,,,,,,,
2344->60800,263.170:177.010,273.541:183.542,266.015:190.376,259.506:196.964,261.770:199.201,264.577:200.838,265.934:202.619,264.693:203.237,264.143:205.369,261.236:210.021,258.781:213.446,257.144:211.297,255.017:208.227,,,,,,,,,,,,,,,,,,,,,,,,,,,,,,,,,,,,,,,,,,,,,,,,,,,
2344->63927,263.170:177.010,253.540:169.247,244.948:162.321,250.837:157.263,256.201:151.742,259.065:147.524,262.142:140.680,255.137:140.236,248.338:138.117,242.392:134.598,,,,,,,,,,,,,,,,,,,,,,,,,,,,,,,,,,,,,,,,,,,,,,,,,,,,,,
2344->64018,263.170:177.010,273.541:183.542,287.395:193.229,294.046:186.564,,,,,,,,,,,,,,,,,,,,,,,,,,,,,,,,,,,,,,,,,,,,,,,,,,,,,,,,,,,,
2344->67169,263.170:177.010,253.540:169.247,244.948:162.321,239.844:158.207,233.022:153.415,222.971:147.010,213.369:138.991,197.616:127.354,195.119:131.075,,,,,,,,,,,,,,,,,,,,,,,,,,,,,,,,,,,,,,,,,,,,,,,,,,,,,,,
2344->69933,263.170:177.010,253.540:169.247,244.948:162.321,239.844:158.207,233.022:153.415,222.971:147.010,213.369:138.991,197.616:127.354,194.916:125.425,198.866:118.313,,,,,,,,,,,,,,,,,,,,,,,,,,,,,,,,,,,,,,,,,,,,,,,,,,,,,,
2344->71721,263.170:177.010,273.541:183.542,266.015:190.376,259.506:196.964,261.770:199.201,264.577:200.838,265.934:202.619,268.562:205.911,271.617:208.929,273.745:211.032,271.999:212.799,269.603:216.159,,,,,,,,,,,,,,,,,,,,,,,,,,,,,,,,,,,,,,,,,,,,,,,,,,,,
2344->72974,263.170:177.010,253.540:169.247,244.948:162.321,250.837:157.263,256.201:151.742,,,,,,,,,,,,,,,,,,,,,,,,,,,,,,,,,,,,,,,,,,,,,,,,,,,,,,,,,,,
2344->73767,263.170:177.010,273.541:183.542,266.015:190.376,259.506:196.964,261.770:199.201,264.577:200.838,265.934:202.619,268.562:205.911,,,,,,,,,,,,,,,,,,,,,,,,,,,,,,,,,,,,,,,,,,,,,,,,,,,,,,,,
2344->74867,263.170:177.010,253.540:169.247,244.948:162.321,239.844:158.207,233.022:153.415,222.971:147.010,213.369:138.991,216.992:130.220,221.105:119.973,211.572:116.147,,,,,,,,,,,,,,,,,,,,,,,,,,,,,,,,,,,,,,,,,,,,,,,,,,,,,,
2344->75205,263.170:177.010,253.540:169.247,244.948:162.321,250.837:157.263,256.201:151.742,259.065:147.524,,,,,,,,,,,,,,,,,,,,,,,,,,,,,,,,,,,,,,,,,,,,,,,,,,,,,,,,,,
2344->80124,263.170:177.010,273.541:183.542,287.395:193.229,294.046:186.564,298.542:180.289,295.606:173.922,293.252:166.883,,,,,,,,,,,,,,,,,,,,,,,,,,,,,,,,,,,,,,,,,,,,,,,,,,,,,,,,,
2344->81533,263.170:177.010,273.541:183.542,287.395:193.229,295.831:199.530,309.789:205.728,323.589:208.748,335.464:209.478,341.921:209.634,342.238:205.594,339.156:200.382,337.035:194.274,337.420:188.101,,,,,,,,,,,,,,,,,,,,,,,,,,,,,,,,,,,,,,,,,,,,,,,,,,,,
2344->82676,263.170:177.010,273.541:183.542,287.395:193.229,295.831:199.530,292.873:204.894,288.446:211.872,285.440:216.278,281.103:222.601,276.312:228.590,272.979:230.361,,,,,,,,,,,,,,,,,,,,,,,,,,,,,,,,,,,,,,,,,,,,,,,,,,,,,,
2344->83111,263.170:177.010,273.541:183.542,266.015:190.376,259.506:196.964,261.770:199.201,264.577:200.838,265.934:202.619,264.693:203.237,264.143:205.369,261.236:210.021,258.781:213.446,257.144:211.297,,,,,,,,,,,,,,,,,,,,,,,,,,,,,,,,,,,,,,,,,,,,,,,,,,,,
2344->8318,263.170:177.010,253.540:169.247,244.948:162.321,,,,,,,,,,,,,,,,,,,,,,,,,,,,,,,,,,,,,,,,,,,,,,,,,,,,,,,,,,,,,
2344->83375,263.170:177.010,273.541:183.542,287.395:193.229,294.046:186.564,298.542:180.289,295.606:173.922,293.252:166.883,292.512:160.225,289.702:155.541,,,,,,,,,,,,,,,,,,,,,,,,,,,,,,,,,,,,,,,,,,,,,,,,,,,,,,,
2344->84,263.170:177.010,273.541:183.542,287.395:193.229,295.831:199.530,292.873:204.894,288.446:211.872,285.440:216.278,281.103:222.601,276.312:228.590,272.979:230.361,267.250:233.225,259.282:236.454,254.126:241.349,,,,,,,,,,,,,,,,,,,,,,,,,,,,,,,,,,,,,,,,,,,,,,,,,,,
2344->87392,263.170:177.010,253.540:169.247,244.948:162.321,239.844:158.207,233.022:153.415,222.971:147.010,213.369:138.991,,,,,,,,,,,,,,,,,,,,,,,,,,,,,,,,,,,,,,,,,,,,,,,,,,,,,,,,,
2344->88,263.170:177.010,273.541:183.542,287.395:193.229,295.831:199.530,309.789:205.728,323.589:208.748,335.464:209.478,341.921:209.634,347.233:210.050,362.972:211.453,376.773:212.234,,,,,,,,,,,,,,,,,,,,,,,,,,,,,,,,,,,,,,,,,,,,,,,,,,,,,
2344->9048,263.170:177.010,273.541:183.542,287.395:193.229,295.831:199.530,299.242:195.278,,,,,,,,,,,,,,,,,,,,,,,,,,,,,,,,,,,,,,,,,,,,,,,,,,,,,,,,,,,
2344->91020,263.170:177.010,273.541:183.542,287.395:193.229,295.831:199.530,309.789:205.728,323.589:208.748,335.464:209.478,341.921:209.634,347.233:210.050,362.972:211.453,,,,,,,,,,,,,,,,,,,,,,,,,,,,,,,,,,,,,,,,,,,,,,,,,,,,,,
2344->93266,263.170:177.010,273.541:183.542,287.395:193.229,295.831:199.530,309.789:205.728,307.614:210.781,303.921:217.527,,,,,,,,,,,,,,,,,,,,,,,,,,,,,,,,,,,,,,,,,,,,,,,,,,,,,,,,,
2344->95,263.170:177.010,273.541:183.542,287.395:193.229,295.831:199.530,309.789:205.728,323.589:208.748,,,,,,,,,,,,,,,,,,,,,,,,,,,,,,,,,,,,,,,,,,,,,,,,,,,,,,,,,,
2344->95815,263.170:177.010,273.541:183.542,266.015:190.376,,,,,,,,,,,,,,,,,,,,,,,,,,,,,,,,,,,,,,,,,,,,,,,,,,,,,,,,,,,,,
2344->99,263.170:177.010,253.540:169.247,244.948:162.321,239.844:158.207,,,,,,,,,,,,,,,,,,,,,,,,,,,,,,,,,,,,,,,,,,,,,,,,,,,,,,,,,,,,
23449->105,248.338:138.117,242.392:134.598,240.449:129.276,231.048:125.270,221.105:119.973,216.992:130.220,213.369:138.991,197.616:127.354,194.916:125.425,185.207:118.610,172.199:111.308,155.794:103.027,142.814:97.329,,,,,,,,,,,,,,,,,,,,,,,,,,,,,,,,,,,,,,,,,,,,,,,,,,,
23449->11404,248.338:138.117,255.137:140.236,262.142:140.680,269.223:140.680,273.596:142.477,278.802:146.350,279.519:149.801,284.986:152.808,289.702:155.541,292.512:160.225,293.252:166.883,295.606:173.922,,,,,,,,,,,,,,,,,,,,,,,,,,,,,,,,,,,,,,,,,,,,,,,,,,,,
23449->11881,248.338:138.117,242.392:134.598,240.449:129.276,231.048:125.270,221.105:119.973,216.992:130.220,213.369:138.991,222.971:147.010,,,,,,,,,,,,,,,,,,,,,,,,,,,,,,,,,,,,,,,,,,,,,,,,,,,,,,,,
23449->120,248.338:138.117,255.137:140.236,262.142:140.680,269.223:140.680,273.596:142.477,278.802:146.350,279.519:149.801,,,,,,,,,,,,,,,,,,,,,,,,,,,,,,,,,,,,,,,,,,,,,,,,,,,,,,,,,
23449->13,248.338:138.117,255.137:140.236,262.142:140.680,259.065:147.524,256.201:151.742,250.837:157.263,244.948:162.321,253.540:169.247,263.170:177.010,273.541:183.542,287.395:193.229,295.831:199.530,309.789:205.728,323.589:208.748,335.464:209.478,341.921:209.634,347.233:210.050,362.972:211.453,376.773:212.234,389.688:214.526,399.251:216.457,,,,,,,,,,,,,,,,,,,,,,,,,,,,,,,,,,,,,,,,,,,
23449->13568,248.338:138.117,242.392:134.598,240.449:129.276,231.048:125.270,221.105:119.973,216.992:130.220,,,,,,,,,,,,,,,,,,,,,,,,,,,,,,,,,,,,,,,,,,,,,,,,,,,,,,,,,,
23449->13702,248.338:138.117,255.137:140.236,262.142:140.680,259.065:147.524,256.201:151.742,250.837:157.263,244.948:162.321,253.540:169.247,263.170:177.010,273.541:183.542,,,,,,,,,,,,,,,,,,,,,,,,,,,,,,,,,,,,,,,,,,,,,,,,,,,,,,
23449->14185,248.338:138.117,255.137:140.236,262.142:140.680,259.065:147.524,256.201:151.742,250.837:157.263,244.948:162.321,253.540:169.247,263.170:177.010,273.541:183.542,287.395:193.229,295.831:199.530,299.242:195.278,302.353:188.697,304.946:184.788,,,,,,,,,,,,,,,,,,,,,,,,,,,,,,,,,,,,,,,,,,,,,,,,,
23449->21444,248.338:138.117,255.137:140.236,262.142:140.680,259.065:147.524,256.201:151.742,250.837:157.263,,,,,,,,,,,,,,,,,,,,,,,,,,,,,,,,,,,,,,,,,,,,,,,,,,,,,,,,,,
23449->22,248.338:138.117,242.392:134.598,240.449:129.276,231.048:125.270,221.105:119.973,211.572:116.147,202.551:111.363,205.899:103.487,,,,,,,,,,,,,,,,,,,,,,,,,,,,,,,,,,,,,,,,,,,,,,,,,,,,,,,,
23449->2344,248.338:138.117,255.137:140.236,262.142:140.680,259.065:147.524,256.201:151.742,250.837:157.263,244.948:162.321,253.540:169.247,263.170:177.010,,,,,,,,,,,,,,,,,,,,,,,,,,,,,,,,,,,,,,,,,,,,,,,,,,,,,,,
23449->25121,248.338:138.117,242.392:134.598,240.449:129.276,231.048:125.270,,,,,,,,,,,,,,,,,,,,,,,,,,,,,,,,,,,,,,,,,,,,,,,,,,,,,,,,,,,,
23449->30620,248.338:138.117,255.137:140.236,262.142:140.680,259.065:147.524,256.201:151.742,250.837:157.263,244.948:162.321,253.540:169.247,263.170:177.010,273.541:183.542,287.395:193.229,295.831:199.530,309.789:205.728,323.589:208.748,335.464:209.478,341.921:209.634,342.238:205.594,339.156:200.382,,,,,,,,,,,,,,,,,,,,,,,,,,,,,,,,,,,,,,,,,,,,,,
23449->30732,248.338:138.117,242.392:134.598,240.449:129.276,231.048:125.270,221.105:119.973,211.572:116.147,202.551:111.363,198.866:118.313,194.916:125.425,185.207:118.610,172.199:111.308,,,,,,,,,,,,,,,,,,,,,,,,,,,,,,,,,,,,,,,,,,,,,,,,,,,,,
23449->31591,248.338:138.117,255.137:140.236,262.142:140.680,259.065:147.524,256.201:151.742,250.837:157.263,244.948:162.321,253.540:169.247,,,,,,,,,,,,,,,,,,,,,,,,,,,,,,,,,,,,,,,,,,,,,,,,,,,,,,,,
23449->32,248.338:138.117,255.137:140.236,262.142:140.680,259.065:147.524,256.201:151.742,250.837:157.263,244.948:162.321,239.844:158.207,234.423:166.563,233.788:176.485,234.820:180.374,239.106:185.931,,,,,,,,,,,,,,,,,,,,,,,,,,,,,,,,,,,,,,,,,,,,,,,,,,,,
23449->33,248.338:138.117,242.392:134.598,240.449:129.276,231.048:125.270,221.105:119.973,216.992:130.220,213.369:138.991,197.616:127.354,194.916:125.425,,,,,,,,,,,,,,,,,,,,,,,,,,,,,,,,,,,,,,,,,,,,,,,,,,,,,,,
23449->44615,248.338:138.117,255.137:140.236,262.142:140.680,259.065:147.524,256.201:151.742,250.837:157.263,244.948:162.321,253.540:169.247,263.170:177.010,273.541:183.542,287.395:193.229,295.831:199.530,309.789:205.728,,,,,,,,,,,,,,,,,,,,,,,,,,,,,,,,,,,,,,,,,,,,,,,,,,,
23449->49,248.338:138.117,255.137:140.236,262.142:140.680,259.065:147.524,256.201:151.742,250.837:157.263,244.948:162.321,253.540:169.247,263.170:177.010,273.541:183.542,287.395:193.229,295.831:199.530,309.789:205.728,323.589:208.748,335.464:209.478,341.921:209.634,347.233:210.050,346.414:220.501,347.233:231.470,342.284:235.228,339.995:239.670,337.398:245.240,333.639:250.297,327.249:249.579,324.140:249.853,323.730:252.620,319.322:252.825,317.921:257.472,310.951:262.358,,,,,,,,,,,,,,,,,,,,,,,,,,,,,,,,,,,
23449->49081,248.338:138.117,242.392:134.598,240.449:129.276,,,,,,,,,,,,,,,,,,,,,,,,,,,,,,,,,,,,,,,,,,,,,,,,,,,,,,,,,,,,,
23449->5,248.338:138.117,255.137:140.236,262.142:140.680,259.065:147.524,256.201:151.742,250.837:157.263,244.948:162.321,253.540:169.247,263.170:177.010,273.541:183.542,287.395:193.229,,,,,,,,,,,,,,,,,,,,,,,,,,,,,,,,,,,,,,,,,,,,,,,,,,,,,
23449->51952,248.338:138.117,242.392:134.598,240.449:129.276,231.048:125.270,221.105:119.973,216.992:130.220,213.369:138.991,222.971:147.010,220.826:151.867,,,,,,,,,,,,,,,,,,,,,,,,,,,,,,,,,,,,,,,,,,,,,,,,,,,,,,,
23449->54272,248.338:138.117,242.392:134.598,240.449:129.276,231.048:125.270,221.105:119.973,211.572:116.147,202.551:111.363,,,,,,,,,,,,,,,,,,,,,,,,,,,,,,,,,,,,,,,,,,,,,,,,,,,,,,,,,
23449->5451,248.338:138.117,255.137:140.236,262.142:140.680,259.065:147.524,256.201:151.742,250.837:157.263,244.948:162.321,253.540:169.247,263.170:177.010,273.541:183.542,266.015:190.376,259.506:196.964,261.770:199.201,264.577:200.838,,,,,,,,,,,,,,,,,,,,,,,,,,,,,,,,,,,,,,,,,,,,,,,,,,
23449->54957,248.338:138.117,255.137:140.236,262.142:140.680,259.065:147.524,256.201:151.742,250.837:157.263,244.948:162.321,253.540:169.247,263.170:177.010,273.541:183.542,287.395:193.229,295.831:199.530,,,,,,,,,,,,,,,,,,,,,,,,,,,,,,,,,,,,,,,,,,,,,,,,,,,,
23449->58365,248.338:138.117,255.137:140.236,262.142:140.680,259.065:147.524,256.201:151.742,250.837:157.263,244.948:162.321,253.540:169.247,263.170:177.010,273.541:183.542,266.015:190.376,259.506:196.964,261.770:199.201,264.577:200.838,265.934:202.619,268.562:205.911,271.617:208.929,,,,,,,,,,,,,,,,,,,,,,,,,,,,,,,,,,,,,,,,,,,,,,,
23449->60450,248.338:138.117,242.392:134.598,240.449:129.276,231.048:125.270,221.105:119.973,216.992:130.220,213.369:138.991,222.971:147.010,233.022:153.415,,,,,,,,,,,,,,,,,,,,,,,,,,,,,,,,,,,,,,,,,,,,,,,,,,,,,,,
23449->63927,248.338:138.117,242.392:134.598,,,,,,,,,,,,,,,,,,,,,,,,,,,,,,,,,,,,,,,,,,,,,,,,,,,,,,,,,,,,,,
23449->64018,248.338:138.117,255.137:140.236,262.142:140.680,259.065:147.524,256.201:151.742,250.837:157.263,244.948:162.321,253.540:169.247,263.170:177.010,273.541:183.542,287.395:193.229,294.046:186.564,,,,,,,,,,,,,,,,,,,,,,,,,,,,,,,,,,,,,,,,,,,,,,,,,,,,
23449->71721,248.338:138.117,255.137:140.236,262.142:140.680,259.065:147.524,256.201:151.742,250.837:157.263,244.948:162.321,253.540:169.247,263.170:177.010,273.541:183.542,266.015:190.376,259.506:196.964,261.770:199.201,264.577:200.838,265.934:202.619,268.562:205.911,271.617:208.929,273.745:211.032,271.999:212.799,269.603:216.159,,,,,,,,,,,,,,,,,,,,,,,,,,,,,,,,,,,,,,,,,,,,
23449->72974,248.338:138.117,255.137:140.236,262.142:140.680,259.065:147.524,256.201:151.742,,,,,,,,,,,,,,,,,,,,,,,,,,,,,,,,,,,,,,,,,,,,,,,,,,,,,,,,,,,
23449->8318,248.338:138.117,255.137:140.236,262.142:140.680,259.065:147.524,256.201:151.742,250.837:157.263,244.948:162.321,,,,,,,,,,,,,,,,,,,,,,,,,,,,,,,,,,,,,,,,,,,,,,,,,,,,,,,,,
23449->84,248.338:138.117,255.137:140.236,262.142:140.680,259.065:147.524,256.201:151.742,250.837:157.263,244.948:162.321,253.540:169.247,263.170:177.010,273.541:183.542,287.395:193.229,295.831:199.530,292.873:204.894,288.446:211.872,285.440:216.278,281.103:222.601,276.312:228.590,272.979:230.361,267.250:233.225,259.282:236.454,254.126:241.349,,,,,,,,,,,,,,,,,,,,,,,,,,,,,,,,,,,,,,,,,,,
23449->88,248.338:138.117,255.137:140.236,262.142:140.680,259.065:147.524,256.201:151.742,250.837:157.263,244.948:162.321,253.540:169.247,263.170:177.010,273.541:183.542,287.395:193.229,295.831:199.530,309.789:205.728,323.589:208.748,335.464:209.478,341.921:209.634,347.233:210.050,362.972:211.453,376.773:212.234,,,,,,,,,,,,,,,,,,,,,,,,,,,,,,,,,,,,,,,,,,,,,
23449->89653,248.338:138.117,255.137:140.236,262.142:140.680,269.223:140.680,273.596:142.477,278.802:146.350,279.519:149.801,284.986:152.808,289.702:155.541,292.512:160.225,293.252:166.883,295.606:173.922,298.583:174.490,302.782:177.268,304.882:179.465,306.078:181.726,,,,,,,,,,,,,,,,,,,,,,,,,,,,,,,,,,,,,,,,,,,,,,,,
23449->9048,248.338:138.117,255.137:140.236,262.142:140.680,259.065:147.524,256.201:151.742,250.837:157.263,244.948:162.321,253.540:169.247,263.170:177.010,273.541:183.542,287.395:193.229,295.831:199.530,299.242:195.278,,,,,,,,,,,,,,,,,,,,,,,,,,,,,,,,,,,,,,,,,,,,,,,,,,,
23449->93162,248.338:138.117,242.392:134.598,240.449:129.276,231.048:125.270,221.105:119.973,216.992:130.220,213.369:138.991,197.616:127.354,,,,,,,,,,,,,,,,,,,,,,,,,,,,,,,,,,,,,,,,,,,,,,,,,,,,,,,,
23449->95,248.338:138.117,255.137:140.236,262.142:140.680,259.065:147.524,256.201:151.742,250.837:157.263,244.948:162.321,253.540:169.247,263.170:177.010,273.541:183.542,287.395:193.229,295.831:199.530,309.789:205.728,323.589:208.748,,,,,,,,,,,,,,,,,,,,,,,,,,,,,,,,,,,,,,,,,,,,,,,,,,
23449->95815,248.338:138.117,255.137:140.236,262.142:140.680,259.065:147.524,256.201:151.742,250.837:157.263,244.948:162.321,253.540:169.247,263.170:177.010,273.541:183.542,266.015:190.376,,,,,,,,,,,,,,,,,,,,,,,,,,,,,,,,,,,,,,,,,,,,,,,,,,,,,
23449->99,248.338:138.117,255.137:140.236,262.142:140.680,259.065:147.524,256.201:151.742,250.837:157.263,244.948:162.321,239.844:158.207,,,,,,,,,,,,,,,,,,,,,,,,,,,,,,,,,,,,,,,,,,,,,,,,,,,,,,,,
24143->13,374.094:172.594,370.983:179.262,368.141:182.992,367.109:189.263,370.983:196.328,376.158:201.725,377.269:207.599,376.773:212.234,389.688:214.526,399.251:216.457,,,,,,,,,,,,,,,,,,,,,,,,,,,,,,,,,,,,,,,,,,,,,,,,,,,,,,
24143->26858,374.094:172.594,370.983:179.262,368.141:182.992,367.109:189.263,370.983:196.328,376.158:201.725,377.269:207.599,376.773:212.234,362.972:211.453,347.233:210.050,,,,,,,,,,,,,,,,,,,,,,,,,,,,,,,,,,,,,,,,,,,,,,,,,,,,,,
24143->54272,374.094:172.594,370.983:179.262,368.141:182.992,367.109:189.263,370.983:196.328,376.158:201.725,377.269:207.599,376.773:212.234,362.972:211.453,347.233:210.050,341.921:209.634,335.464:209.478,323.589:208.748,309.789:205.728,295.831:199.530,287.395:193.229,273.541:183.542,263.170:177.010,253.540:169.247,244.948:162.321,239.844:158.207,233.022:153.415,222.971:147.010,213.369:138.991,216.992:130.220,221.105:119.973,211.572:116.147,202.551:111.363,,,,,,,,,,,,,,,,,,,,,,,,,,,,,,,,,,,,
24143->76205,374.094:172.594,373.541:164.692,370.983:159.940,373.073:154.252,375.613:149.887,379.265:145.124,380.058:139.488,,,,,,,,,,,,,,,,,,,,,,,,,,,,,,,,,,,,,,,,,,,,,,,,,,,,,,,,,
24143->88,374.094:172.594,370.983:179.262,368.141:182.992,367.109:189.263,370.983:196.328,376.158:201.725,377.269:207.599,376.773:212.234,,,,,,,,,,,,,,,,,,,,,,,,,,,,,,,,,,,,,,,,,,,,,,,,,,,,,,,,
24143->90040,374.094:172.594,373.541:164.692,370.983:159.940,373.073:154.252,375.613:149.887,,,,,,,,,,,,,,,,,,,,,,,,,,,,,,,,,,,,,,,,,,,,,,,,,,,,,,,,,,,
24143->92,374.094:172.594,373.541:164.692,370.983:159.940,373.073:154.252,375.613:149.887,379.265:145.124,380.058:139.488,380.579:129.453,380.448:122.917,376.784:117.838,374.253:113.458,372.904:107.029,372.030:100.361,369.808:96.313,367.824:93.376,368.459:87.820,371.554:82.184,375.523:78.533,377.031:74.088,380.048:69.722,379.571:66.626,381.397:63.134,,,,,,,,,,,,,,,,,,,,,,,,,,,,,,,,,,,,,,,,,,
24817->105,335.464:209.478,323.589:208.748,309.789:205.728,295.831:199.530,287.395:193.229,273.541:183.542,263.170:177.010,253.540:169.247,244.948:162.321,239.844:158.207,233.022:153.415,222.971:147.010,213.369:138.991,197.616:127.354,194.916:125.425,185.207:118.610,172.199:111.308,155.794:103.027,142.814:97.329,,,,,,,,,,,,,,,,,,,,,,,,,,,,,,,,,,,,,,,,,,,,,
24817->13,335.464:209.478,341.921:209.634,347.233:210.050,362.972:211.453,376.773:212.234,389.688:214.526,399.251:216.457,,,,,,,,,,,,,,,,,,,,,,,,,,,,,,,,,,,,,,,,,,,,,,,,,,,,,,,,,
24817->17795,335.464:209.478,341.921:209.634,342.238:205.594,339.156:200.382,337.035:194.274,337.420:188.101,340.700:181.672,344.595:175.542,347.193:169.199,349.637:164.698,356.323:163.798,360.502:163.991,366.803:162.190,370.983:159.940,373.073:154.252,,,,,,,,,,,,,,,,,,,,,,,,,,,,,,,,,,,,,,,,,,,,,,,,,
24817->22,335.464:209.478,323.589:208.748,309.789:205.728,295.831:199.530,287.395:193.229,273.541:183.542,263.170:177.010,253.540:169.247,244.948:162.321,239.844:158.207,233.022:153.415,222.971:147.010,213.369:138.991,216.992:130.220,221.105:119.973,211.572:116.147,202.551:111.363,205.899:103.487,,,,,,,,,,,,,,,,,,,,,,,,,,,,,,,,,,,,,,,,,,,,,,
24817->26858,335.464:209.478,341.921:209.634,347.233:210.050,,,,,,,,,,,,,,,,,,,,,,,,,,,,,,,,,,,,,,,,,,,,,,,,,,,,,,,,,,,,,
24817->32,335.464:209.478,323.589:208.748,309.789:205.728,295.831:199.530,287.395:193.229,273.541:183.542,266.015:190.376,259.506:196.964,253.235:196.647,247.361:193.392,240.376:190.296,239.106:185.931,,,,,,,,,,,,,,,,,,,,,,,,,,,,,,,,,,,,,,,,,,,,,,,,,,,,
24817->33,335.464:209.478,323.589:208.748,309.789:205.728,295.831:199.530,287.395:193.229,273.541:183.542,263.170:177.010,253.540:169.247,244.948:162.321,239.844:158.207,233.022:153.415,222.971:147.010,213.369:138.991,197.616:127.354,194.916:125.425,,,,,,,,,,,,,,,,,,,,,,,,,,,,,,,,,,,,,,,,,,,,,,,,,
24817->49,335.464:209.478,341.921:209.634,347.233:210.050,346.414:220.501,347.233:231.470,342.284:235.228,339.995:239.670,337.398:245.240,333.639:250.297,327.249:249.579,324.140:249.853,323.730:252.620,319.322:252.825,317.921:257.472,310.951:262.358,,,,,,,,,,,,,,,,,,,,,,,,,,,,,,,,,,,,,,,,,,,,,,,,,
24817->5,335.464:209.478,323.589:208.748,309.789:205.728,295.831:199.530,287.395:193.229,,,,,,,,,,,,,,,,,,,,,,,,,,,,,,,,,,,,,,,,,,,,,,,,,,,,,,,,,,,
24817->60450,335.464:209.478,323.589:208.748,309.789:205.728,295.831:199.530,287.395:193.229,273.541:183.542,263.170:177.010,253.540:169.247,244.948:162.321,239.844:158.207,233.022:153.415,,,,,,,,,,,,,,,,,,,,,,,,,,,,,,,,,,,,,,,,,,,,,,,,,,,,,
24817->66,335.464:209.478,323.589:208.748,309.789:205.728,295.831:199.530,287.395:193.229,273.541:183.542,263.170:177.010,253.540:169.247,244.948:162.321,239.844:158.207,233.022:153.415,222.971:147.010,213.369:138.991,197.616:127.354,194.916:125.425,185.207:118.610,172.199:111.308,155.794:103.027,142.814:97.329,130.791:90.707,115.938:83.891,98.846:77.007,89.400:72.165,75.350:65.577,62.374:59.313,54.849:55.263,47.679:49.139,40.809:41.372,35.471:35.856,23.833:26.340,13.949:16.375,,,,,,,,,,,,,,,,,,,,,,,,,,,,,,,,,
24817->72897,335.464:209.478,341.921:209.634,347.233:210.050,362.972:211.453,376.773:212.234,377.269:207.599,376.158:201.725,370.983:196.328,367.109:189.263,368.141:182.992,370.983:179.262,,,,,,,,,,,,,,,,,,,,,,,,,,,,,,,,,,,,,,,,,,,,,,,,,,,,,
24817->75205,335.464:209.478,323.589:208.748,309.789:205.728,295.831:199.530,287.395:193.229,273.541:183.542,263.170:177.010,253.540:169.247,244.948:162.321,250.837:157.263,256.201:151.742,259.065:147.524,,,,,,,,,,,,,,,,,,,,,,,,,,,,,,,,,,,,,,,,,,,,,,,,,,,,
24817->75646,335.464:209.478,341.921:209.634,342.238:205.594,339.156:200.382,337.035:194.274,337.420:188.101,340.700:181.672,344.595:175.542,347.193:169.199,349.637:164.698,356.323:163.798,360.502:163.991,,,,,,,,,,,,,,,,,,,,,,,,,,,,,,,,,,,,,,,,,,,,,,,,,,,,
24817->84,335.464:209.478,323.589:208.748,309.789:205.728,295.831:199.530,292.873:204.894,288.446:211.872,285.440:216.278,281.103:222.601,276.312:228.590,272.979:230.361,267.250:233.225,259.282:236.454,254.126:241.349,,,,,,,,,,,,,,,,,,,,,,,,,,,,,,,,,,,,,,,,,,,,,,,,,,,
24817->86413,335.464:209.478,323.589:208.748,309.789:205.728,295.831:199.530,287.395:193.229,294.046:186.564,298.542:180.289,295.606:173.922,293.252:166.883,292.512:160.225,289.702:155.541,284.986:152.808,279.519:149.801,278.802:146.350,,,,,,,,,,,,,,,,,,,,,,,,,,,,,,,,,,,,,,,,,,,,,,,,,,
24817->88,335.464:209.478,341.921:209.634,347.233:210.050,362.972:211.453,376.773:212.234,,,,,,,,,,,,,,,,,,,,,,,,,,,,,,,,,,,,,,,,,,,,,,,,,,,,,,,,,,,
24817->89653,335.464:209.478,323.589:208.748,309.789:205.728,295.831:199.530,299.242:195.278,302.353:188.697,304.946:184.788,306.078:181.726,,,,,,,,,,,,,,,,,,,,,,,,,,,,,,,,,,,,,,,,,,,,,,,,,,,,,,,,
24817->9048,335.464:209.478,323.589:208.748,309.789:205.728,295.831:199.530,299.242:195.278,,,,,,,,,,,,,,,,,,,,,,,,,,,,,,,,,,,,,,,,,,,,,,,,,,,,,,,,,,,
24817->91020,335.464:209.478,341.921:209.634,347.233:210.050,362.972:211.453,,,,,,,,,,,,,,,,,,,,,,,,,,,,,,,,,,,,,,,,,,,,,,,,,,,,,,,,,,,,
24817->92,335.464:209.478,341.921:209.634,347.233:210.050,362.972:211.453,376.773:212.234,377.269:207.599,376.158:201.725,370.983:196.328,367.109:189.263,368.141:182.992,370.983:179.262,374.094:172.594,373.541:164.692,370.983:159.940,373.073:154.252,375.613:149.887,379.265:145.124,380.058:139.488,380.579:129.453,380.448:122.917,376.784:117.838,374.253:113.458,372.904:107.029,372.030:100.361,369.808:96.313,367.824:93.376,368.459:87.820,371.554:82.184,375.523:78.533,377.031:74.088,380.048:69.722,379.571:66.626,381.397:63.134,,,,,,,,,,,,,,,,,,,,,,,,,,,,,,,
24817->93266,335.464:209.478,323.589:208.748,309.789:205.728,307.614:210.781,303.921:217.527,,,,,,,,,,,,,,,,,,,,,,,,,,,,,,,,,,,,,,,,,,,,,,,,,,,,,,,,,,,
24817->95,335.464:209.478,323.589:208.748,,,,,,,,,,,,,,,,,,,,,,,,,,,,,,,,,,,,,,,,,,,,,,,,,,,,,,,,,,,,,,
24817->99,335.464:209.478,323.589:208.748,309.789:205.728,295.831:199.530,287.395:193.229,273.541:183.542,263.170:177.010,253.540:169.247,244.948:162.321,239.844:158.207,,,,,,,,,,,,,,,,,,,,,,,,,,,,,,,,,,,,,,,,,,,,,,,,,,,,,,
2499->44615,376.784:117.838,380.448:122.917,380.579:129.453,380.058:139.488,379.265:145.124,375.613:149.887,373.073:154.252,370.983:159.940,366.803:162.190,360.502:163.991,356.323:163.798,349.637:164.698,347.193:169.199,344.595:175.542,340.700:181.672,337.420:188.101,337.035:194.274,339.156:200.382,342.238:205.594,341.921:209.634,335.464:209.478,323.589:208.748,309.789:205.728,,,,,,,,,,,,,,,,,,,,,,,,,,,,,,,,,,,,,,,,,
2499->91020,376.784:117.838,380.448:122.917,380.579:129.453,380.058:139.488,379.265:145.124,375.613:149.887,373.073:154.252,370.983:159.940,373.541:164.692,374.094:172.594,370.983:179.262,368.141:182.992,367.109:189.263,370.983:196.328,376.158:201.725,377.269:207.599,376.773:212.234,362.972:211.453,,,,,,,,,,,,,,,,,,,,,,,,,,,,,,,,,,,,,,,,,,,,,,
2499->97999,376.784:117.838,380.448:122.917,380.579:129.453,380.058:139.488,379.265:145.124,375.613:149.887,373.073:154.252,370.983:159.940,373.541:164.692,374.094:172.594,370.983:179.262,368.141:182.992,367.109:189.263,370.983:196.328,376.158:201.725,377.269:207.599,376.773:212.234,362.972:211.453,347.233:210.050,346.414:220.501,347.233:231.470,342.284:235.228,339.995:239.670,333.435:238.898,326.689:238.012,318.762:234.171,,,,,,,,,,,,,,,,,,,,,,,,,,,,,,,,,,,,,,
2505->105,283.721:215.043,285.440:216.278,288.446:211.872,292.873:204.894,295.831:199.530,287.395:193.229,273.541:183.542,263.170:177.010,253.540:169.247,244.948:162.321,239.844:158.207,233.022:153.415,222.971:147.010,213.369:138.991,197.616:127.354,194.916:125.425,185.207:118.610,172.199:111.308,155.794:103.027,142.814:97.329,,,,,,,,,,,,,,,,,,,,,,,,,,,,,,,,,,,,,,,,,,,,
2505->120,283.721:215.043,285.440:216.278,288.446:211.872,292.873:204.894,295.831:199.530,287.395:193.229,294.046:186.564,298.542:180.289,295.606:173.922,293.252:166.883,292.512:160.225,289.702:155.541,284.986:152.808,279.519:149.801,,,,,,,,,,,,,,,,,,,,,,,,,,,,,,,,,,,,,,,,,,,,,,,,,,
2505->13,283.721:215.043,285.440:216.278,288.446:211.872,292.873:204.894,295.831:199.530,309.789:205.728,323.589:208.748,335.464:209.478,341.921:209.634,347.233:210.050,362.972:211.453,376.773:212.234,389.688:214.526,399.251:216.457,,,,,,,,,,,,,,,,,,,,,,,,,,,,,,,,,,,,,,,,,,,,,,,,,,
2505->13651,283.721:215.043,285.440:216.278,288.446:211.872,292.873:204.894,,,,,,,,,,,,,,,,,,,,,,,,,,,,,,,,,,,,,,,,,,,,,,,,,,,,,,,,,,,,
2505->13702,283.721:215.043,285.440:216.278,288.446:211.872,292.873:204.894,295.831:199.530,287.395:193.229,273.541:183.542,,,,,,,,,,,,,,,,,,,,,,,,,,,,,,,,,,,,,,,,,,,,,,,,,,,,,,,,,
2505->14185,283.721:215.043,285.440:216.278,288.446:211.872,292.873:204.894,295.831:199.530,299.242:195.278,302.353:188.697,304.946:184.788,,,,,,,,,,,,,,,,,,,,,,,,,,,,,,,,,,,,,,,,,,,,,,,,,,,,,,,,
2505->20601,283.721:215.043,285.440:216.278,288.446:211.872,292.873:204.894,295.831:199.530,287.395:193.229,294.046:186.564,298.542:180.289,,,,,,,,,,,,,,,,,,,,,,,,,,,,,,,,,,,,,,,,,,,,,,,,,,,,,,,,
2505->22615,283.721:215.043,285.440:216.278,281.103:222.601,276.312:228.590,272.979:230.361,277.165:234.213,280.995:236.462,284.216:236.645,290.842:240.474,294.611:242.967,298.441:243.818,295.444:246.775,293.130:249.975,,,,,,,,,,,,,,,,,,,,,,,,,,,,,,,,,,,,,,,,,,,,,,,,,,,
2505->31591,283.721:215.043,285.440:216.278,288.446:211.872,292.873:204.894,295.831:199.530,287.395:193.229,273.541:183.542,263.170:177.010,253.540:169.247,,,,,,,,,,,,,,,,,,,,,,,,,,,,,,,,,,,,,,,,,,,,,,,,,,,,,,,
2505->33,283.721:215.043,285.440:216.278,288.446:211.872,292.873:204.894,295.831:199.530,287.395:193.229,273.541:183.542,263.170:177.010,253.540:169.247,244.948:162.321,239.844:158.207,233.022:153.415,222.971:147.010,213.369:138.991,197.616:127.354,194.916:125.425,,,,,,,,,,,,,,,,,,,,,,,,,,,,,,,,,,,,,,,,,,,,,,,,
2505->51552,283.721:215.043,285.440:216.278,281.103:222.601,276.312:228.590,272.979:230.361,277.165:234.213,280.995:236.462,,,,,,,,,,,,,,,,,,,,,,,,,,,,,,,,,,,,,,,,,,,,,,,,,,,,,,,,,
2505->58365,283.721:215.043,280.749:214.236,276.735:213.986,273.745:211.032,271.617:208.929,,,,,,,,,,,,,,,,,,,,,,,,,,,,,,,,,,,,,,,,,,,,,,,,,,,,,,,,,,,
2505->72974,283.721:215.043,285.440:216.278,288.446:211.872,292.873:204.894,295.831:199.530,287.395:193.229,273.541:183.542,263.170:177.010,253.540:169.247,244.948:162.321,250.837:157.263,256.201:151.742,,,,,,,,,,,,,,,,,,,,,,,,,,,,,,,,,,,,,,,,,,,,,,,,,,,,
2505->75205,283.721:215.043,285.440:216.278,288.446:211.872,292.873:204.894,295.831:199.530,287.395:193.229,273.541:183.542,263.170:177.010,253.540:169.247,244.948:162.321,250.837:157.263,256.201:151.742,259.065:147.524,,,,,,,,,,,,,,,,,,,,,,,,,,,,,,,,,,,,,,,,,,,,,,,,,,,
2505->88,283.721:215.043,285.440:216.278,288.446:211.872,292.873:204.894,295.831:199.530,309.789:205.728,323.589:208.748,335.464:209.478,341.921:209.634,347.233:210.050,362.972:211.453,376.773:212.234,,,,,,,,,,,,,,,,,,,,,,,,,,,,,,,,,,,,,,,,,,,,,,,,,,,,
2505->99,283.721:215.043,285.440:216.278,288.446:211.872,292.873:204.894,295.831:199.530,287.395:193.229,273.541:183.542,263.170:177.010,253.540:169.247,244.948:162.321,239.844:158.207,,,,,,,,,,,,,,,,,,,,,,,,,,,,,,,,,,,,,,,,,,,,,,,,,,,,,
25121->105,231.048:125.270,221.105:119.973,216.992:130.220,213.369:138.991,197.616:127.354,194.916:125.425,185.207:118.610,172.199:111.308,155.794:103.027,142.814:97.329,,,,,,,,,,,,,,,,,,,,,,,,,,,,,,,,,,,,,,,,,,,,,,,,,,,,,,
25121->120,231.048:125.270,240.449:129.276,242.392:134.598,248.338:138.117,255.137:140.236,262.142:140.680,269.223:140.680,273.596:142.477,278.802:146.350,279.519:149.801,,,,,,,,,,,,,,,,,,,,,,,,,,,,,,,,,,,,,,,,,,,,,,,,,,,,,,
25121->13,231.048:125.270,221.105:119.973,216.992:130.220,213.369:138.991,222.971:147.010,233.022:153.415,239.844:158.207,244.948:162.321,253.540:169.247,263.170:177.010,273.541:183.542,287.395:193.229,295.831:199.530,309.789:205.728,323.589:208.748,335.464:209.478,341.921:209.634,347.233:210.050,362.972:211.453,376.773:212.234,389.688:214.526,399.251:216.457,,,,,,,,,,,,,,,,,,,,,,,,,,,,,,,,,,,,,,,,,,
25121->13568,231.048:125.270,221.105:119.973,216.992:130.220,,,,,,,,,,,,,,,,,,,,,,,,,,,,,,,,,,,,,,,,,,,,,,,,,,,,,,,,,,,,,
25121->13702,231.048:125.270,221.105:119.973,216.992:130.220,213.369:138.991,222.971:147.010,233.022:153.415,239.844:158.207,244.948:162.321,253.540:169.247,263.170:177.010,273.541:183.542,,,,,,,,,,,,,,,,,,,,,,,,,,,,,,,,,,,,,,,,,,,,,,,,,,,,,
25121->14185,231.048:125.270,221.105:119.973,216.992:130.220,213.369:138.991,222.971:147.010,233.022:153.415,239.844:158.207,244.948:162.321,253.540:169.247,263.170:177.010,273.541:183.542,287.395:193.229,295.831:199.530,299.242:195.278,302.353:188.697,304.946:184.788,,,,,,,,,,,,,,,,,,,,,,,,,,,,,,,,,,,,,,,,,,,,,,,,
25121->21444,231.048:125.270,221.105:119.973,216.992:130.220,213.369:138.991,222.971:147.010,233.022:153.415,239.844:158.207,244.948:162.321,250.837:157.263,,,,,,,,,,,,,,,,,,,,,,,,,,,,,,,,,,,,,,,,,,,,,,,,,,,,,,,
25121->22,231.048:125.270,221.105:119.973,211.572:116.147,202.551:111.363,205.899:103.487,,,,,,,,,,,,,,,,,,,,,,,,,,,,,,,,,,,,,,,,,,,,,,,,,,,,,,,,,,,
25121->23449,231.048:125.270,240.449:129.276,242.392:134.598,248.338:138.117,,,,,,,,,,,,,,,,,,,,,,,,,,,,,,,,,,,,,,,,,,,,,,,,,,,,,,,,,,,,
25121->2757,231.048:125.270,221.105:119.973,216.992:130.220,213.369:138.991,222.971:147.010,233.022:153.415,239.844:158.207,244.948:162.321,253.540:169.247,263.170:177.010,273.541:183.542,287.395:193.229,295.831:199.530,299.242:195.278,302.353:188.697,,,,,,,,,,,,,,,,,,,,,,,,,,,,,,,,,,,,,,,,,,,,,,,,,
25121->2894,231.048:125.270,221.105:119.973,216.992:130.220,213.369:138.991,211.594:141.393,210.584:143.939,,,,,,,,,,,,,,,,,,,,,,,,,,,,,,,,,,,,,,,,,,,,,,,,,,,,,,,,,,
25121->30732,231.048:125.270,221.105:119.973,211.572:116.147,202.551:111.363,198.866:118.313,194.916:125.425,185.207:118.610,172.199:111.308,,,,,,,,,,,,,,,,,,,,,,,,,,,,,,,,,,,,,,,,,,,,,,,,,,,,,,,,
25121->31591,231.048:125.270,221.105:119.973,216.992:130.220,213.369:138.991,222.971:147.010,233.022:153.415,239.844:158.207,244.948:162.321,253.540:169.247,,,,,,,,,,,,,,,,,,,,,,,,,,,,,,,,,,,,,,,,,,,,,,,,,,,,,,,
25121->32,231.048:125.270,221.105:119.973,216.992:130.220,213.369:138.991,222.971:147.010,233.022:153.415,239.844:158.207,234.423:166.563,233.788:176.485,234.820:180.374,239.106:185.931,,,,,,,,,,,,,,,,,,,,,,,,,,,,,,,,,,,,,,,,,,,,,,,,,,,,,
25121->33,231.048:125.270,221.105:119.973,211.572:116.147,202.551:111.363,198.866:118.313,194.916:125.425,,,,,,,,,,,,,,,,,,,,,,,,,,,,,,,,,,,,,,,,,,,,,,,,,,,,,,,,,,
25121->49081,231.048:125.270,240.449:129.276,,,,,,,,,,,,,,,,,,,,,,,,,,,,,,,,,,,,,,,,,,,,,,,,,,,,,,,,,,,,,,
25121->5,231.048:125.270,221.105:119.973,216.992:130.220,213.369:138.991,222.971:147.010,233.022:153.415,239.844:158.207,244.948:162.321,253.540:169.247,263.170:177.010,273.541:183.542,287.395:193.229,,,,,,,,,,,,,,,,,,,,,,,,,,,,,,,,,,,,,,,,,,,,,,,,,,,,
25121->5135,231.048:125.270,221.105:119.973,211.572:116.147,202.551:111.363,198.866:118.313,194.916:125.425,185.207:118.610,,,,,,,,,,,,,,,,,,,,,,,,,,,,,,,,,,,,,,,,,,,,,,,,,,,,,,,,,
25121->60450,231.048:125.270,221.105:119.973,216.992:130.220,213.369:138.991,222.971:147.010,233.022:153.415,,,,,,,,,,,,,,,,,,,,,,,,,,,,,,,,,,,,,,,,,,,,,,,,,,,,,,,,,,
25121->63927,231.048:125.270,240.449:129.276,242.392:134.598,,,,,,,,,,,,,,,,,,,,,,,,,,,,,,,,,,,,,,,,,,,,,,,,,,,,,,,,,,,,,
25121->72974,231.048:125.270,240.449:129.276,242.392:134.598,248.338:138.117,255.137:140.236,262.142:140.680,259.065:147.524,256.201:151.742,,,,,,,,,,,,,,,,,,,,,,,,,,,,,,,,,,,,,,,,,,,,,,,,,,,,,,,,
25121->84,231.048:125.270,221.105:119.973,216.992:130.220,213.369:138.991,222.971:147.010,233.022:153.415,239.844:158.207,244.948:162.321,253.540:169.247,263.170:177.010,273.541:183.542,287.395:193.229,295.831:199.530,292.873:204.894,288.446:211.872,285.440:216.278,281.103:222.601,276.312:228.590,272.979:230.361,267.250:233.225,259.282:236.454,254.126:241.349,,,,,,,,,,,,,,,,,,,,,,,,,,,,,,,,,,,,,,,,,,
25121->87392,231.048:125.270,221.105:119.973,216.992:130.220,213.369:138.991,,,,,,,,,,,,,,,,,,,,,,,,,,,,,,,,,,,,,,,,,,,,,,,,,,,,,,,,,,,,
25121->93266,231.048:125.270,221.105:119.973,216.992:130.220,213.369:138.991,222.971:147.010,233.022:153.415,239.844:158.207,244.948:162.321,253.540:169.247,263.170:177.010,273.541:183.542,287.395:193.229,295.831:199.530,309.789:205.728,307.614:210.781,303.921:217.527,,,,,,,,,,,,,,,,,,,,,,,,,,,,,,,,,,,,,,,,,,,,,,,,
25121->95,231.048:125.270,221.105:119.973,216.992:130.220,213.369:138.991,222.971:147.010,233.022:153.415,239.844:158.207,244.948:162.321,253.540:169.247,263.170:177.010,273.541:183.542,287.395:193.229,295.831:199.530,309.789:205.728,323.589:208.748,,,,,,,,,,,,,,,,,,,,,,,,,,,,,,,,,,,,,,,,,,,,,,,,,
25121->96,231.048:125.270,221.105:119.973,216.992:130.220,213.369:138.991,197.616:127.354,194.916:125.425,185.207:118.610,172.199:111.308,155.794:103.027,142.814:97.329,130.791:90.707,115.938:83.891,98.846:77.007,89.400:72.165,75.350:65.577,62.374:59.313,,,,,,,,,,,,,,,,,,,,,,,,,,,,,,,,,,,,,,,,,,,,,,,,
25121->97999,231.048:125.270,221.105:119.973,216.992:130.220,213.369:138.991,222.971:147.010,233.022:153.415,239.844:158.207,244.948:162.321,253.540:169.247,263.170:177.010,273.541:183.542,287.395:193.229,295.831:199.530,309.789:205.728,307.614:210.781,303.921:217.527,303.034:220.186,303.034:224.470,301.553:226.935,304.068:229.591,313.670:231.954,318.762:234.171,,,,,,,,,,,,,,,,,,,,,,,,,,,,,,,,,,,,,,,,,,
25121->99,231.048:125.270,221.105:119.973,216.992:130.220,213.369:138.991,222.971:147.010,233.022:153.415,239.844:158.207,,,,,,,,,,,,,,,,,,,,,,,,,,,,,,,,,,,,,,,,,,,,,,,,,,,,,,,,,
2552->120,389.688:214.526,376.773:212.234,362.972:211.453,347.233:210.050,341.921:209.634,335.464:209.478,323.589:208.748,309.789:205.728,295.831:199.530,287.395:193.229,294.046:186.564,298.542:180.289,295.606:173.922,293.252:166.883,292.512:160.225,289.702:155.541,284.986:152.808,279.519:149.801,,,,,,,,,,,,,,,,,,,,,,,,,,,,,,,,,,,,,,,,,,,,,,
2552->13,389.688:214.526,399.251:216.457,,,,,,,,,,,,,,,,,,,,,,,,,,,,,,,,,,,,,,,,,,,,,,,,,,,,,,,,,,,,,,
2552->22,389.688:214.526,376.773:212.234,362.972:211.453,347.233:210.050,341.921:209.634,335.464:209.478,323.589:208.748,309.789:205.728,295.831:199.530,287.395:193.229,273.541:183.542,263.170:177.010,253.540:169.247,244.948:162.321,239.844:158.207,233.022:153.415,222.971:147.010,213.369:138.991,216.992:130.220,221.105:119.973,211.572:116.147,202.551:111.363,205.899:103.487,,,,,,,,,,,,,,,,,,,,,,,,,,,,,,,,,,,,,,,,,
2552->26858,389.688:214.526,376.773:212.234,362.972:211.453,347.233:210.050,,,,,,,,,,,,,,,,,,,,,,,,,,,,,,,,,,,,,,,,,,,,,,,,,,,,,,,,,,,,
2552->5,389.688:214.526,376.773:212.234,362.972:211.453,347.233:210.050,341.921:209.634,335.464:209.478,323.589:208.748,309.789:205.728,295.831:199.530,287.395:193.229,,,,,,,,,,,,,,,,,,,,,,,,,,,,,,,,,,,,,,,,,,,,,,,,,,,,,,
2552->52367,389.688:214.526,376.773:212.234,362.972:211.453,347.233:210.050,346.414:220.501,347.233:231.470,342.284:235.228,339.995:239.670,333.435:238.898,326.689:238.012,318.762:234.171,313.670:231.954,304.068:229.591,,,,,,,,,,,,,,,,,,,,,,,,,,,,,,,,,,,,,,,,,,,,,,,,,,,
2552->88,389.688:214.526,376.773:212.234,,,,,,,,,,,,,,,,,,,,,,,,,,,,,,,,,,,,,,,,,,,,,,,,,,,,,,,,,,,,,,
2552->9048,389.688:214.526,376.773:212.234,362.972:211.453,347.233:210.050,341.921:209.634,335.464:209.478,323.589:208.748,309.789:205.728,295.831:199.530,299.242:195.278,,,,,,,,,,,,,,,,,,,,,,,,,,,,,,,,,,,,,,,,,,,,,,,,,,,,,,
2552->91020,389.688:214.526,376.773:212.234,362.972:211.453,,,,,,,,,,,,,,,,,,,,,,,,,,,,,,,,,,,,,,,,,,,,,,,,,,,,,,,,,,,,,
2552->95,389.688:214.526,376.773:212.234,362.972:211.453,347.233:210.050,341.921:209.634,335.464:209.478,323.589:208.748,,,,,,,,,,,,,,,,,,,,,,,,,,,,,,,,,,,,,,,,,,,,,,,,,,,,,,,,,
26858->11404,347.233:210.050,341.921:209.634,335.464:209.478,323.589:208.748,309.789:205.728,295.831:199.530,287.395:193.229,294.046:186.564,298.542:180.289,295.606:173.922,,,,,,,,,,,,,,,,,,,,,,,,,,,,,,,,,,,,,,,,,,,,,,,,,,,,,,
26858->11881,347.233:210.050,341.921:209.634,335.464:209.478,323.589:208.748,309.789:205.728,295.831:199.530,287.395:193.229,273.541:183.542,263.170:177.010,253.540:169.247,244.948:162.321,239.844:158.207,233.022:153.415,222.971:147.010,,,,,,,,,,,,,,,,,,,,,,,,,,,,,,,,,,,,,,,,,,,,,,,,,,
26858->13,347.233:210.050,362.972:211.453,376.773:212.234,389.688:214.526,399.251:216.457,,,,,,,,,,,,,,,,,,,,,,,,,,,,,,,,,,,,,,,,,,,,,,,,,,,,,,,,,,,
26858->13702,347.233:210.050,341.921:209.634,335.464:209.478,323.589:208.748,309.789:205.728,295.831:199.530,287.395:193.229,273.541:183.542,,,,,,,,,,,,,,,,,,,,,,,,,,,,,,,,,,,,,,,,,,,,,,,,,,,,,,,,
26858->13852,347.233:210.050,341.921:209.634,342.238:205.594,339.156:200.382,337.035:194.274,337.420:188.101,340.700:181.672,344.595:175.542,347.193:169.199,,,,,,,,,,,,,,,,,,,,,,,,,,,,,,,,,,,,,,,,,,,,,,,,,,,,,,,
26858->14185,347.233:210.050,341.921:209.634,335.464:209.478,323.589:208.748,309.789:205.728,295.831:199.530,299.242:195.278,302.353:188.697,304.946:184.788,,,,,,,,,,,,,,,,,,,,,,,,,,,,,,,,,,,,,,,,,,,,,,,,,,,,,,,
26858->15079,347.233:210.050,341.921:209.634,342.238:205.594,339.156:200.382,337.035:194.274,337.420:188.101,340.700:181.672,344.595:175.542,347.193:169.199,349.637:164.698,,,,,,,,,,,,,,,,,,,,,,,,,,,,,,,,,,,,,,,,,,,,,,,,,,,,,,
26858->19448,347.233:210.050,341.921:209.634,335.464:209.478,323.589:208.748,309.789:205.728,295.831:199.530,292.873:204.894,288.446:211.872,285.440:216.278,,,,,,,,,,,,,,,,,,,,,,,,,,,,,,,,,,,,,,,,,,,,,,,,,,,,,,,
26858->22,347.233:210.050,341.921:209.634,335.464:209.478,323.589:208.748,309.789:205.728,295.831:199.530,287.395:193.229,273.541:183.542,263.170:177.010,253.540:169.247,244.948:162.321,239.844:158.207,233.022:153.415,222.971:147.010,213.369:138.991,216.992:130.220,221.105:119.973,211.572:116.147,202.551:111.363,205.899:103.487,,,,,,,,,,,,,,,,,,,,,,,,,,,,,,,,,,,,,,,,,,,,
26858->23254,347.233:210.050,346.414:220.501,,,,,,,,,,,,,,,,,,,,,,,,,,,,,,,,,,,,,,,,,,,,,,,,,,,,,,,,,,,,,,
26858->23449,347.233:210.050,341.921:209.634,335.464:209.478,323.589:208.748,309.789:205.728,295.831:199.530,287.395:193.229,273.541:183.542,263.170:177.010,253.540:169.247,244.948:162.321,250.837:157.263,256.201:151.742,259.065:147.524,262.142:140.680,255.137:140.236,248.338:138.117,,,,,,,,,,,,,,,,,,,,,,,,,,,,,,,,,,,,,,,,,,,,,,,
26858->24143,347.233:210.050,362.972:211.453,376.773:212.234,377.269:207.599,376.158:201.725,370.983:196.328,367.109:189.263,368.141:182.992,370.983:179.262,374.094:172.594,,,,,,,,,,,,,,,,,,,,,,,,,,,,,,,,,,,,,,,,,,,,,,,,,,,,,,
26858->24817,347.233:210.050,341.921:209.634,335.464:209.478,,,,,,,,,,,,,,,,,,,,,,,,,,,,,,,,,,,,,,,,,,,,,,,,,,,,,,,,,,,,,
26858->2552,347.233:210.050,362.972:211.453,376.773:212.234,389.688:214.526,,,,,,,,,,,,,,,,,,,,,,,,,,,,,,,,,,,,,,,,,,,,,,,,,,,,,,,,,,,,
26858->28385,347.233:210.050,341.921:209.634,342.238:205.594,339.156:200.382,337.035:194.274,,,,,,,,,,,,,,,,,,,,,,,,,,,,,,,,,,,,,,,,,,,,,,,,,,,,,,,,,,,
26858->30620,347.233:210.050,341.921:209.634,342.238:205.594,339.156:200.382,,,,,,,,,,,,,,,,,,,,,,,,,,,,,,,,,,,,,,,,,,,,,,,,,,,,,,,,,,,,
26858->32446,347.233:210.050,341.921:209.634,335.464:209.478,323.589:208.748,309.789:205.728,307.614:210.781,303.921:217.527,303.034:220.186,303.034:224.470,301.553:226.935,,,,,,,,,,,,,,,,,,,,,,,,,,,,,,,,,,,,,,,,,,,,,,,,,,,,,,
26858->33,347.233:210.050,341.921:209.634,335.464:209.478,323.589:208.748,309.789:205.728,295.831:199.530,287.395:193.229,273.541:183.542,263.170:177.010,253.540:169.247,244.948:162.321,239.844:158.207,233.022:153.415,222.971:147.010,213.369:138.991,197.616:127.354,194.916:125.425,,,,,,,,,,,,,,,,,,,,,,,,,,,,,,,,,,,,,,,,,,,,,,,
26858->41841,347.233:210.050,341.921:209.634,342.238:205.594,,,,,,,,,,,,,,,,,,,,,,,,,,,,,,,,,,,,,,,,,,,,,,,,,,,,,,,,,,,,,
26858->44615,347.233:210.050,341.921:209.634,335.464:209.478,323.589:208.748,309.789:205.728,,,,,,,,,,,,,,,,,,,,,,,,,,,,,,,,,,,,,,,,,,,,,,,,,,,,,,,,,,,
26858->49,347.233:210.050,346.414:220.501,347.233:231.470,342.284:235.228,339.995:239.670,337.398:245.240,333.639:250.297,327.249:249.579,324.140:249.853,323.730:252.620,319.322:252.825,317.921:257.472,310.951:262.358,,,,,,,,,,,,,,,,,,,,,,,,,,,,,,,,,,,,,,,,,,,,,,,,,,,
26858->5,347.233:210.050,341.921:209.634,335.464:209.478,323.589:208.748,309.789:205.728,295.831:199.530,287.395:193.229,,,,,,,,,,,,,,,,,,,,,,,,,,,,,,,,,,,,,,,,,,,,,,,,,,,,,,,,,
26858->52367,347.233:210.050,346.414:220.501,347.233:231.470,342.284:235.228,339.995:239.670,333.435:238.898,326.689:238.012,318.762:234.171,313.670:231.954,304.068:229.591,,,,,,,,,,,,,,,,,,,,,,,,,,,,,,,,,,,,,,,,,,,,,,,,,,,,,,
26858->61216,347.233:210.050,346.414:220.501,347.233:231.470,,,,,,,,,,,,,,,,,,,,,,,,,,,,,,,,,,,,,,,,,,,,,,,,,,,,,,,,,,,,,
26858->69762,347.233:210.050,341.921:209.634,335.464:209.478,323.589:208.748,309.789:205.728,295.831:199.530,287.395:193.229,273.541:183.542,263.170:177.010,253.540:169.247,244.948:162.321,250.837:157.263,256.201:151.742,259.065:147.524,262.142:140.680,255.137:140.236,,,,,,,,,,,,,,,,,,,,,,,,,,,,,,,,,,,,,,,,,,,,,,,,
26858->72897,347.233:210.050,362.972:211.453,376.773:212.234,377.269:207.599,376.158:201.725,370.983:196.328,367.109:189.263,368.141:182.992,370.983:179.262,,,,,,,,,,,,,,,,,,,,,,,,,,,,,,,,,,,,,,,,,,,,,,,,,,,,,,,
26858->72974,347.233:210.050,341.921:209.634,335.464:209.478,323.589:208.748,309.789:205.728,295.831:199.530,287.395:193.229,273.541:183.542,263.170:177.010,253.540:169.247,244.948:162.321,250.837:157.263,256.201:151.742,,,,,,,,,,,,,,,,,,,,,,,,,,,,,,,,,,,,,,,,,,,,,,,,,,,
26858->76205,347.233:210.050,362.972:211.453,376.773:212.234,377.269:207.599,376.158:201.725,370.983:196.328,367.109:189.263,368.141:182.992,370.983:179.262,374.094:172.594,373.541:164.692,370.983:159.940,373.073:154.252,375.613:149.887,379.265:145.124,380.058:139.488,,,,,,,,,,,,,,,,,,,,,,,,,,,,,,,,,,,,,,,,,,,,,,,,
26858->78028,347.233:210.050,341.921:209.634,335.464:209.478,323.589:208.748,309.789:205.728,295.831:199.530,292.873:204.894,288.446:211.872,285.440:216.278,283.721:215.043,280.749:214.236,276.735:213.986,273.745:211.032,,,,,,,,,,,,,,,,,,,,,,,,,,,,,,,,,,,,,,,,,,,,,,,,,,,
26858->79100,347.233:210.050,341.921:209.634,335.464:209.478,323.589:208.748,309.789:205.728,295.831:199.530,292.873:204.894,288.446:211.872,285.440:216.278,281.103:222.601,279.812:220.553,,,,,,,,,,,,,,,,,,,,,,,,,,,,,,,,,,,,,,,,,,,,,,,,,,,,,
26858->84,347.233:210.050,341.921:209.634,335.464:209.478,323.589:208.748,309.789:205.728,295.831:199.530,292.873:204.894,288.446:211.872,285.440:216.278,281.103:222.601,276.312:228.590,272.979:230.361,267.250:233.225,259.282:236.454,254.126:241.349,,,,,,,,,,,,,,,,,,,,,,,,,,,,,,,,,,,,,,,,,,,,,,,,,
26858->85873,347.233:210.050,346.414:220.501,347.233:231.470,342.284:235.228,339.995:239.670,333.435:238.898,326.689:238.012,,,,,,,,,,,,,,,,,,,,,,,,,,,,,,,,,,,,,,,,,,,,,,,,,,,,,,,,,
26858->88,347.233:210.050,362.972:211.453,376.773:212.234,,,,,,,,,,,,,,,,,,,,,,,,,,,,,,,,,,,,,,,,,,,,,,,,,,,,,,,,,,,,,
26858->90040,347.233:210.050,362.972:211.453,376.773:212.234,377.269:207.599,376.158:201.725,370.983:196.328,367.109:189.263,368.141:182.992,370.983:179.262,374.094:172.594,373.541:164.692,370.983:159.940,373.073:154.252,375.613:149.887,,,,,,,,,,,,,,,,,,,,,,,,,,,,,,,,,,,,,,,,,,,,,,,,,,
26858->9048,347.233:210.050,341.921:209.634,335.464:209.478,323.589:208.748,309.789:205.728,295.831:199.530,299.242:195.278,,,,,,,,,,,,,,,,,,,,,,,,,,,,,,,,,,,,,,,,,,,,,,,,,,,,,,,,,
26858->91020,347.233:210.050,362.972:211.453,,,,,,,,,,,,,,,,,,,,,,,,,,,,,,,,,,,,,,,,,,,,,,,,,,,,,,,,,,,,,,
26858->92,347.233:210.050,362.972:211.453,376.773:212.234,377.269:207.599,376.158:201.725,370.983:196.328,367.109:189.263,368.141:182.992,370.983:179.262,374.094:172.594,373.541:164.692,370.983:159.940,373.073:154.252,375.613:149.887,379.265:145.124,380.058:139.488,380.579:129.453,380.448:122.917,376.784:117.838,374.253:113.458,372.904:107.029,372.030:100.361,369.808:96.313,367.824:93.376,368.459:87.820,371.554:82.184,375.523:78.533,377.031:74.088,380.048:69.722,379.571:66.626,381.397:63.134,,,,,,,,,,,,,,,,,,,,,,,,,,,,,,,,,
26858->95,347.233:210.050,341.921:209.634,335.464:209.478,323.589:208.748,,,,,,,,,,,,,,,,,,,,,,,,,,,,,,,,,,,,,,,,,,,,,,,,,,,,,,,,,,,,
26858->95815,347.233:210.050,341.921:209.634,335.464:209.478,323.589:208.748,309.789:205.728,295.831:199.530,287.395:193.229,273.541:183.542,266.015:190.376,,,,,,,,,,,,,,,,,,,,,,,,,,,,,,,,,,,,,,,,,,,,,,,,,,,,,,,
26858->97999,347.233:210.050,346.414:220.501,347.233:231.470,342.284:235.228,339.995:239.670,333.435:238.898,326.689:238.012,318.762:234.171,,,,,,,,,,,,,,,,,,,,,,,,,,,,,,,,,,,,,,,,,,,,,,,,,,,,,,,,
26858->99,347.233:210.050,341.921:209.634,335.464:209.478,323.589:208.748,309.789:205.728,295.831:199.530,287.395:193.229,273.541:183.542,263.170:177.010,253.540:169.247,244.948:162.321,239.844:158.207,,,,,,,,,,,,,,,,,,,,,,,,,,,,,,,,,,,,,,,,,,,,,,,,,,,,
2757->105,302.353:188.697,299.242:195.278,295.831:199.530,287.395:193.229,273.541:183.542,263.170:177.010,253.540:169.247,244.948:162.321,239.844:158.207,233.022:153.415,222.971:147.010,213.369:138.991,197.616:127.354,194.916:125.425,185.207:118.610,172.199:111.308,155.794:103.027,142.814:97.329,,,,,,,,,,,,,,,,,,,,,,,,,,,,,,,,,,,,,,,,,,,,,,
2757->11404,302.353:188.697,299.242:195.278,295.831:199.530,287.395:193.229,294.046:186.564,298.542:180.289,295.606:173.922,,,,,,,,,,,,,,,,,,,,,,,,,,,,,,,,,,,,,,,,,,,,,,,,,,,,,,,,,
2757->11881,302.353:188.697,299.242:195.278,295.831:199.530,287.395:193.229,273.541:183.542,263.170:177.010,253.540:169.247,244.948:162.321,239.844:158.207,233.022:153.415,222.971:147.010,,,,,,,,,,,,,,,,,,,,,,,,,,,,,,,,,,,,,,,,,,,,,,,,,,,,,
2757->13651,302.353:188.697,299.242:195.278,295.831:199.530,292.873:204.894,,,,,,,,,,,,,,,,,,,,,,,,,,,,,,,,,,,,,,,,,,,,,,,,,,,,,,,,,,,,
2757->13702,302.353:188.697,299.242:195.278,295.831:199.530,287.395:193.229,273.541:183.542,,,,,,,,,,,,,,,,,,,,,,,,,,,,,,,,,,,,,,,,,,,,,,,,,,,,,,,,,,,
2757->14185,302.353:188.697,304.946:184.788,,,,,,,,,,,,,,,,,,,,,,,,,,,,,,,,,,,,,,,,,,,,,,,,,,,,,,,,,,,,,,
2757->25121,302.353:188.697,299.242:195.278,295.831:199.530,287.395:193.229,273.541:183.542,263.170:177.010,253.540:169.247,244.948:162.321,239.844:158.207,233.022:153.415,222.971:147.010,213.369:138.991,216.992:130.220,221.105:119.973,231.048:125.270,,,,,,,,,,,,,,,,,,,,,,,,,,,,,,,,,,,,,,,,,,,,,,,,,
2757->26858,302.353:188.697,299.242:195.278,295.831:199.530,309.789:205.728,323.589:208.748,335.464:209.478,341.921:209.634,347.233:210.050,,,,,,,,,,,,,,,,,,,,,,,,,,,,,,,,,,,,,,,,,,,,,,,,,,,,,,,,
2757->31591,302.353:188.697,299.242:195.278,295.831:199.530,287.395:193.229,273.541:183.542,263.170:177.010,253.540:169.247,,,,,,,,,,,,,,,,,,,,,,,,,,,,,,,,,,,,,,,,,,,,,,,,,,,,,,,,,
2757->33,302.353:188.697,299.242:195.278,295.831:199.530,287.395:193.229,273.541:183.542,263.170:177.010,253.540:169.247,244.948:162.321,239.844:158.207,233.022:153.415,222.971:147.010,213.369:138.991,197.616:127.354,194.916:125.425,,,,,,,,,,,,,,,,,,,,,,,,,,,,,,,,,,,,,,,,,,,,,,,,,,
2757->5,302.353:188.697,299.242:195.278,295.831:199.530,287.395:193.229,,,,,,,,,,,,,,,,,,,,,,,,,,,,,,,,,,,,,,,,,,,,,,,,,,,,,,,,,,,,
2757->54957,302.353:188.697,299.242:195.278,295.831:199.530,,,,,,,,,,,,,,,,,,,,,,,,,,,,,,,,,,,,,,,,,,,,,,,,,,,,,,,,,,,,,
2757->64018,302.353:188.697,299.242:195.278,295.831:199.530,287.395:193.229,294.046:186.564,,,,,,,,,,,,,,,,,,,,,,,,,,,,,,,,,,,,,,,,,,,,,,,,,,,,,,,,,,,
2757->81533,302.353:188.697,299.242:195.278,295.831:199.530,309.789:205.728,323.589:208.748,335.464:209.478,341.921:209.634,342.238:205.594,339.156:200.382,337.035:194.274,337.420:188.101,,,,,,,,,,,,,,,,,,,,,,,,,,,,,,,,,,,,,,,,,,,,,,,,,,,,,
2757->84,302.353:188.697,299.242:195.278,295.831:199.530,292.873:204.894,288.446:211.872,285.440:216.278,281.103:222.601,276.312:228.590,272.979:230.361,267.250:233.225,259.282:236.454,254.126:241.349,,,,,,,,,,,,,,,,,,,,,,,,,,,,,,,,,,,,,,,,,,,,,,,,,,,,
2757->9048,302.353:188.697,299.242:195.278,,,,,,,,,,,,,,,,,,,,,,,,,,,,,,,,,,,,,,,,,,,,,,,,,,,,,,,,,,,,,,
2757->95,302.353:188.697,299.242:195.278,295.831:199.530,309.789:205.728,323.589:208.748,,,,,,,,,,,,,,,,,,,,,,,,,,,,,,,,,,,,,,,,,,,,,,,,,,,,,,,,,,,
2757->99,302.353:188.697,299.242:195.278,295.831:199.530,287.395:193.229,273.541:183.542,263.170:177.010,253.540:169.247,244.948:162.321,239.844:158.207,,,,,,,,,,,,,,,,,,,,,,,,,,,,,,,,,,,,,,,,,,,,,,,,,,,,,,,
28385->105,337.035:194.274,339.156:200.382,342.238:205.594,341.921:209.634,335.464:209.478,323.589:208.748,309.789:205.728,295.831:199.530,287.395:193.229,273.541:183.542,263.170:177.010,253.540:169.247,244.948:162.321,239.844:158.207,233.022:153.415,222.971:147.010,213.369:138.991,197.616:127.354,194.916:125.425,185.207:118.610,172.199:111.308,155.794:103.027,142.814:97.329,,,,,,,,,,,,,,,,,,,,,,,,,,,,,,,,,,,,,,,,,
28385->11404,337.035:194.274,339.156:200.382,342.238:205.594,341.921:209.634,335.464:209.478,323.589:208.748,309.789:205.728,295.831:199.530,287.395:193.229,294.046:186.564,298.542:180.289,295.606:173.922,,,,,,,,,,,,,,,,,,,,,,,,,,,,,,,,,,,,,,,,,,,,,,,,,,,,
28385->120,337.035:194.274,339.156:200.382,342.238:205.594,341.921:209.634,335.464:209.478,323.589:208.748,309.789:205.728,295.831:199.530,287.395:193.229,294.046:186.564,298.542:180.289,295.606:173.922,293.252:166.883,292.512:160.225,289.702:155.541,284.986:152.808,279.519:149.801,,,,,,,,,,,,,,,,,,,,,,,,,,,,,,,,,,,,,,,,,,,,,,,
28385->13,337.035:194.274,339.156:200.382,342.238:205.594,341.921:209.634,347.233:210.050,362.972:211.453,376.773:212.234,389.688:214.526,399.251:216.457,,,,,,,,,,,,,,,,,,,,,,,,,,,,,,,,,,,,,,,,,,,,,,,,,,,,,,,
28385->13702,337.035:194.274,339.156:200.382,342.238:205.594,341.921:209.634,335.464:209.478,323.589:208.748,309.789:205.728,295.831:199.530,287.395:193.229,273.541:183.542,,,,,,,,,,,,,,,,,,,,,,,,,,,,,,,,,,,,,,,,,,,,,,,,,,,,,,
28385->14185,337.035:194.274,339.156:200.382,342.238:205.594,341.921:209.634,335.464:209.478,323.589:208.748,309.789:205.728,295.831:199.530,299.242:195.278,302.353:188.697,304.946:184.788,,,,,,,,,,,,,,,,,,,,,,,,,,,,,,,,,,,,,,,,,,,,,,,,,,,,,
28385->22,337.035:194.274,339.156:200.382,342.238:205.594,341.921:209.634,335.464:209.478,323.589:208.748,309.789:205.728,295.831:199.530,287.395:193.229,273.541:183.542,263.170:177.010,253.540:169.247,244.948:162.321,239.844:158.207,233.022:153.415,222.971:147.010,213.369:138.991,216.992:130.220,221.105:119.973,211.572:116.147,202.551:111.363,205.899:103.487,,,,,,,,,,,,,,,,,,,,,,,,,,,,,,,,,,,,,,,,,,
28385->22615,337.035:194.274,339.156:200.382,342.238:205.594,341.921:209.634,335.464:209.478,323.589:208.748,309.789:205.728,295.831:199.530,292.873:204.894,288.446:211.872,285.440:216.278,281.103:222.601,276.312:228.590,272.979:230.361,277.165:234.213,280.995:236.462,284.216:236.645,290.842:240.474,294.611:242.967,298.441:243.818,295.444:246.775,293.130:249.975,,,,,,,,,,,,,,,,,,,,,,,,,,,,,,,,,,,,,,,,,,
28385->26858,337.035:194.274,339.156:200.382,342.238:205.594,341.921:209.634,347.233:210.050,,,,,,,,,,,,,,,,,,,,,,,,,,,,,,,,,,,,,,,,,,,,,,,,,,,,,,,,,,,
28385->31591,337.035:194.274,339.156:200.382,342.238:205.594,341.921:209.634,335.464:209.478,323.589:208.748,309.789:205.728,295.831:199.530,287.395:193.229,273.541:183.542,263.170:177.010,253.540:169.247,,,,,,,,,,,,,,,,,,,,,,,,,,,,,,,,,,,,,,,,,,,,,,,,,,,,
28385->33,337.035:194.274,339.156:200.382,342.238:205.594,341.921:209.634,335.464:209.478,323.589:208.748,309.789:205.728,295.831:199.530,287.395:193.229,273.541:183.542,263.170:177.010,253.540:169.247,244.948:162.321,239.844:158.207,233.022:153.415,222.971:147.010,213.369:138.991,197.616:127.354,194.916:125.425,,,,,,,,,,,,,,,,,,,,,,,,,,,,,,,,,,,,,,,,,,,,,
28385->49,337.035:194.274,339.156:200.382,342.238:205.594,341.921:209.634,347.233:210.050,346.414:220.501,347.233:231.470,342.284:235.228,339.995:239.670,337.398:245.240,333.639:250.297,327.249:249.579,324.140:249.853,323.730:252.620,319.322:252.825,317.921:257.472,310.951:262.358,,,,,,,,,,,,,,,,,,,,,,,,,,,,,,,,,,,,,,,,,,,,,,,
28385->5,337.035:194.274,339.156:200.382,342.238:205.594,341.921:209.634,335.464:209.478,323.589:208.748,309.789:205.728,295.831:199.530,287.395:193.229,,,,,,,,,,,,,,,,,,,,,,,,,,,,,,,,,,,,,,,,,,,,,,,,,,,,,,,
28385->51552,337.035:194.274,339.156:200.382,342.238:205.594,341.921:209.634,335.464:209.478,323.589:208.748,309.789:205.728,295.831:199.530,292.873:204.894,288.446:211.872,285.440:216.278,281.103:222.601,276.312:228.590,272.979:230.361,277.165:234.213,280.995:236.462,,,,,,,,,,,,,,,,,,,,,,,,,,,,,,,,,,,,,,,,,,,,,,,,
28385->60450,337.035:194.274,339.156:200.382,342.238:205.594,341.921:209.634,335.464:209.478,323.589:208.748,309.789:205.728,295.831:199.530,287.395:193.229,273.541:183.542,263.170:177.010,253.540:169.247,244.948:162.321,239.844:158.207,233.022:153.415,,,,,,,,,,,,,,,,,,,,,,,,,,,,,,,,,,,,,,,,,,,,,,,,,
28385->63927,337.035:194.274,339.156:200.382,342.238:205.594,341.921:209.634,335.464:209.478,323.589:208.748,309.789:205.728,295.831:199.530,287.395:193.229,273.541:183.542,263.170:177.010,253.540:169.247,244.948:162.321,250.837:157.263,256.201:151.742,259.065:147.524,262.142:140.680,255.137:140.236,248.338:138.117,242.392:134.598,,,,,,,,,,,,,,,,,,,,,,,,,,,,,,,,,,,,,,,,,,,,
28385->64018,337.035:194.274,339.156:200.382,342.238:205.594,341.921:209.634,335.464:209.478,323.589:208.748,309.789:205.728,295.831:199.530,287.395:193.229,294.046:186.564,,,,,,,,,,,,,,,,,,,,,,,,,,,,,,,,,,,,,,,,,,,,,,,,,,,,,,
28385->73767,337.035:194.274,339.156:200.382,342.238:205.594,341.921:209.634,335.464:209.478,323.589:208.748,309.789:205.728,295.831:199.530,287.395:193.229,273.541:183.542,266.015:190.376,259.506:196.964,261.770:199.201,264.577:200.838,265.934:202.619,268.562:205.911,,,,,,,,,,,,,,,,,,,,,,,,,,,,,,,,,,,,,,,,,,,,,,,,
28385->79100,337.035:194.274,339.156:200.382,342.238:205.594,341.921:209.634,335.464:209.478,323.589:208.748,309.789:205.728,295.831:199.530,292.873:204.894,288.446:211.872,285.440:216.278,281.103:222.601,279.812:220.553,,,,,,,,,,,,,,,,,,,,,,,,,,,,,,,,,,,,,,,,,,,,,,,,,,,
28385->80124,337.035:194.274,339.156:200.382,342.238:205.594,341.921:209.634,335.464:209.478,323.589:208.748,309.789:205.728,295.831:199.530,287.395:193.229,294.046:186.564,298.542:180.289,295.606:173.922,293.252:166.883,,,,,,,,,,,,,,,,,,,,,,,,,,,,,,,,,,,,,,,,,,,,,,,,,,,
28385->84,337.035:194.274,339.156:200.382,342.238:205.594,341.921:209.634,335.464:209.478,323.589:208.748,309.789:205.728,295.831:199.530,292.873:204.894,288.446:211.872,285.440:216.278,281.103:222.601,276.312:228.590,272.979:230.361,267.250:233.225,259.282:236.454,254.126:241.349,,,,,,,,,,,,,,,,,,,,,,,,,,,,,,,,,,,,,,,,,,,,,,,
28385->9048,337.035:194.274,339.156:200.382,342.238:205.594,341.921:209.634,335.464:209.478,323.589:208.748,309.789:205.728,295.831:199.530,299.242:195.278,,,,,,,,,,,,,,,,,,,,,,,,,,,,,,,,,,,,,,,,,,,,,,,,,,,,,,,
28385->95,337.035:194.274,339.156:200.382,342.238:205.594,341.921:209.634,335.464:209.478,323.589:208.748,,,,,,,,,,,,,,,,,,,,,,,,,,,,,,,,,,,,,,,,,,,,,,,,,,,,,,,,,,
28385->99,337.035:194.274,339.156:200.382,342.238:205.594,341.921:209.634,335.464:209.478,323.589:208.748,309.789:205.728,295.831:199.530,287.395:193.229,273.541:183.542,263.170:177.010,253.540:169.247,244.948:162.321,239.844:158.207,,,,,,,,,,,,,,,,,,,,,,,,,,,,,,,,,,,,,,,,,,,,,,,,,,
2894->105,210.584:143.939,211.594:141.393,213.369:138.991,197.616:127.354,194.916:125.425,185.207:118.610,172.199:111.308,155.794:103.027,142.814:97.329,,,,,,,,,,,,,,,,,,,,,,,,,,,,,,,,,,,,,,,,,,,,,,,,,,,,,,,
2894->25121,210.584:143.939,211.594:141.393,213.369:138.991,216.992:130.220,221.105:119.973,231.048:125.270,,,,,,,,,,,,,,,,,,,,,,,,,,,,,,,,,,,,,,,,,,,,,,,,,,,,,,,,,,
2894->30620,210.584:143.939,211.594:141.393,213.369:138.991,222.971:147.010,233.022:153.415,239.844:158.207,244.948:162.321,253.540:169.247,263.170:177.010,273.541:183.542,287.395:193.229,295.831:199.530,309.789:205.728,323.589:208.748,335.464:209.478,341.921:209.634,342.238:205.594,339.156:200.382,,,,,,,,,,,,,,,,,,,,,,,,,,,,,,,,,,,,,,,,,,,,,,
2894->32,210.584:143.939,211.594:141.393,213.369:138.991,222.971:147.010,233.022:153.415,239.844:158.207,234.423:166.563,233.788:176.485,234.820:180.374,239.106:185.931,,,,,,,,,,,,,,,,,,,,,,,,,,,,,,,,,,,,,,,,,,,,,,,,,,,,,,
2894->45395,210.584:143.939,211.594:141.393,213.369:138.991,222.971:147.010,233.022:153.415,239.844:158.207,244.948:162.321,253.540:169.247,263.170:177.010,273.541:183.542,266.015:190.376,259.506:196.964,261.770:199.201,264.577:200.838,265.934:202.619,264.693:203.237,264.143:205.369,261.236:210.021,258.781:213.446,257.144:211.297,255.017:208.227,253.079:204.706,,,,,,,,,,,,,,,,,,,,,,,,,,,,,,,,,,,,,,,,,,
2894->60378,210.584:143.939,211.594:141.393,213.369:138.991,222.971:147.010,233.022:153.415,239.844:158.207,244.948:162.321,253.540:169.247,263.170:177.010,273.541:183.542,266.015:190.376,259.506:196.964,253.235:196.647,,,,,,,,,,,,,,,,,,,,,,,,,,,,,,,,,,,,,,,,,,,,,,,,,,,
2894->62572,210.584:143.939,211.594:141.393,213.369:138.991,222.971:147.010,220.826:151.867,218.561:155.067,215.656:159.450,213.737:162.379,208.912:162.083,206.893:165.973,204.726:170.060,208.715:170.946,213.440:171.932,217.133:175.526,222.648:180.401,224.568:183.109,225.454:186.851,227.236:189.679,231.274:192.038,235.861:194.202,240.061:195.688,242.979:197.781,246.269:200.091,,,,,,,,,,,,,,,,,,,,,,,,,,,,,,,,,,,,,,,,,
2894->67331,210.584:143.939,211.594:141.393,213.369:138.991,222.971:147.010,233.022:153.415,239.844:158.207,244.948:162.321,253.540:169.247,263.170:177.010,273.541:183.542,266.015:190.376,259.506:196.964,261.770:199.201,264.577:200.838,265.934:202.619,264.693:203.237,264.143:205.369,261.236:210.021,258.781:213.446,261.914:216.256,,,,,,,,,,,,,,,,,,,,,,,,,,,,,,,,,,,,,,,,,,,,
2894->8318,210.584:143.939,211.594:141.393,213.369:138.991,222.971:147.010,233.022:153.415,239.844:158.207,244.948:162.321,,,,,,,,,,,,,,,,,,,,,,,,,,,,,,,,,,,,,,,,,,,,,,,,,,,,,,,,,
2894->84,210.584:143.939,211.594:141.393,213.369:138.991,222.971:147.010,233.022:153.415,239.844:158.207,244.948:162.321,253.540:169.247,263.170:177.010,273.541:183.542,287.395:193.229,295.831:199.530,292.873:204.894,288.446:211.872,285.440:216.278,281.103:222.601,276.312:228.590,272.979:230.361,267.250:233.225,259.282:236.454,254.126:241.349,,,,,,,,,,,,,,,,,,,,,,,,,,,,,,,,,,,,,,,,,,,
2894->88,210.584:143.939,211.594:141.393,213.369:138.991,222.971:147.010,233.022:153.415,239.844:158.207,244.948:162.321,253.540:169.247,263.170:177.010,273.541:183.542,287.395:193.229,295.831:199.530,309.789:205.728,323.589:208.748,335.464:209.478,341.921:209.634,347.233:210.050,362.972:211.453,376.773:212.234,,,,,,,,,,,,,,,,,,,,,,,,,,,,,,,,,,,,,,,,,,,,,
2894->95,210.584:143.939,211.594:141.393,213.369:138.991,222.971:147.010,233.022:153.415,239.844:158.207,244.948:162.321,253.540:169.247,263.170:177.010,273.541:183.542,287.395:193.229,295.831:199.530,309.789:205.728,323.589:208.748,,,,,,,,,,,,,,,,,,,,,,,,,,,,,,,,,,,,,,,,,,,,,,,,,,
2894->95815,210.584:143.939,211.594:141.393,213.369:138.991,222.971:147.010,233.022:153.415,239.844:158.207,244.948:162.321,253.540:169.247,263.170:177.010,273.541:183.542,266.015:190.376,,,,,,,,,,,,,,,,,,,,,,,,,,,,,,,,,,,,,,,,,,,,,,,,,,,,,
29230->105,241.499:125.514,240.449:129.276,231.048:125.270,221.105:119.973,216.992:130.220,213.369:138.991,197.616:127.354,194.916:125.425,185.207:118.610,172.199:111.308,155.794:103.027,142.814:97.329,,,,,,,,,,,,,,,,,,,,,,,,,,,,,,,,,,,,,,,,,,,,,,,,,,,,
29230->120,241.499:125.514,240.449:129.276,242.392:134.598,248.338:138.117,255.137:140.236,262.142:140.680,269.223:140.680,273.596:142.477,278.802:146.350,279.519:149.801,,,,,,,,,,,,,,,,,,,,,,,,,,,,,,,,,,,,,,,,,,,,,,,,,,,,,,
29230->13568,241.499:125.514,240.449:129.276,231.048:125.270,221.105:119.973,216.992:130.220,,,,,,,,,,,,,,,,,,,,,,,,,,,,,,,,,,,,,,,,,,,,,,,,,,,,,,,,,,,
29230->22,241.499:125.514,240.449:129.276,231.048:125.270,221.105:119.973,211.572:116.147,202.551:111.363,205.899:103.487,,,,,,,,,,,,,,,,,,,,,,,,,,,,,,,,,,,,,,,,,,,,,,,,,,,,,,,,,
29230->2344,241.499:125.514,240.449:129.276,242.392:134.598,248.338:138.117,255.137:140.236,262.142:140.680,259.065:147.524,256.201:151.742,250.837:157.263,244.948:162.321,253.540:169.247,263.170:177.010,,,,,,,,,,,,,,,,,,,,,,,,,,,,,,,,,,,,,,,,,,,,,,,,,,,,
29230->25121,241.499:125.514,240.449:129.276,231.048:125.270,,,,,,,,,,,,,,,,,,,,,,,,,,,,,,,,,,,,,,,,,,,,,,,,,,,,,,,,,,,,,
29230->32,241.499:125.514,240.449:129.276,231.048:125.270,221.105:119.973,216.992:130.220,213.369:138.991,222.971:147.010,233.022:153.415,239.844:158.207,234.423:166.563,233.788:176.485,234.820:180.374,239.106:185.931,,,,,,,,,,,,,,,,,,,,,,,,,,,,,,,,,,,,,,,,,,,,,,,,,,,
29230->33,241.499:125.514,240.449:129.276,231.048:125.270,221.105:119.973,211.572:116.147,202.551:111.363,198.866:118.313,194.916:125.425,,,,,,,,,,,,,,,,,,,,,,,,,,,,,,,,,,,,,,,,,,,,,,,,,,,,,,,,
29230->44615,241.499:125.514,240.449:129.276,242.392:134.598,248.338:138.117,255.137:140.236,262.142:140.680,259.065:147.524,256.201:151.742,250.837:157.263,244.948:162.321,253.540:169.247,263.170:177.010,273.541:183.542,287.395:193.229,295.831:199.530,309.789:205.728,,,,,,,,,,,,,,,,,,,,,,,,,,,,,,,,,,,,,,,,,,,,,,,,
29230->49,241.499:125.514,240.449:129.276,242.392:134.598,248.338:138.117,255.137:140.236,262.142:140.680,259.065:147.524,256.201:151.742,250.837:157.263,244.948:162.321,253.540:169.247,263.170:177.010,273.541:183.542,287.395:193.229,295.831:199.530,309.789:205.728,323.589:208.748,335.464:209.478,341.921:209.634,347.233:210.050,346.414:220.501,347.233:231.470,342.284:235.228,339.995:239.670,337.398:245.240,333.639:250.297,327.249:249.579,324.140:249.853,323.730:252.620,319.322:252.825,317.921:257.472,310.951:262.358,,,,,,,,,,,,,,,,,,,,,,,,,,,,,,,,
29230->49081,241.499:125.514,240.449:129.276,,,,,,,,,,,,,,,,,,,,,,,,,,,,,,,,,,,,,,,,,,,,,,,,,,,,,,,,,,,,,,
29230->5,241.499:125.514,240.449:129.276,242.392:134.598,248.338:138.117,255.137:140.236,262.142:140.680,259.065:147.524,256.201:151.742,250.837:157.263,244.948:162.321,253.540:169.247,263.170:177.010,273.541:183.542,287.395:193.229,,,,,,,,,,,,,,,,,,,,,,,,,,,,,,,,,,,,,,,,,,,,,,,,,,
29230->54272,241.499:125.514,240.449:129.276,231.048:125.270,221.105:119.973,211.572:116.147,202.551:111.363,,,,,,,,,,,,,,,,,,,,,,,,,,,,,,,,,,,,,,,,,,,,,,,,,,,,,,,,,,
29230->60450,241.499:125.514,240.449:129.276,231.048:125.270,221.105:119.973,216.992:130.220,213.369:138.991,222.971:147.010,233.022:153.415,,,,,,,,,,,,,,,,,,,,,,,,,,,,,,,,,,,,,,,,,,,,,,,,,,,,,,,,
29230->63927,241.499:125.514,240.449:129.276,242.392:134.598,,,,,,,,,,,,,,,,,,,,,,,,,,,,,,,,,,,,,,,,,,,,,,,,,,,,,,,,,,,,,
29230->72974,241.499:125.514,240.449:129.276,242.392:134.598,248.338:138.117,255.137:140.236,262.142:140.680,259.065:147.524,256.201:151.742,,,,,,,,,,,,,,,,,,,,,,,,,,,,,,,,,,,,,,,,,,,,,,,,,,,,,,,,
29230->8318,241.499:125.514,240.449:129.276,231.048:125.270,221.105:119.973,216.992:130.220,213.369:138.991,222.971:147.010,233.022:153.415,239.844:158.207,244.948:162.321,,,,,,,,,,,,,,,,,,,,,,,,,,,,,,,,,,,,,,,,,,,,,,,,,,,,,,
29230->84,241.499:125.514,240.449:129.276,242.392:134.598,248.338:138.117,255.137:140.236,262.142:140.680,259.065:147.524,256.201:151.742,250.837:157.263,244.948:162.321,253.540:169.247,263.170:177.010,273.541:183.542,287.395:193.229,295.831:199.530,292.873:204.894,288.446:211.872,285.440:216.278,281.103:222.601,276.312:228.590,272.979:230.361,267.250:233.225,259.282:236.454,254.126:241.349,,,,,,,,,,,,,,,,,,,,,,,,,,,,,,,,,,,,,,,,
29230->84156,241.499:125.514,240.449:129.276,231.048:125.270,221.105:119.973,216.992:130.220,213.369:138.991,211.594:141.393,,,,,,,,,,,,,,,,,,,,,,,,,,,,,,,,,,,,,,,,,,,,,,,,,,,,,,,,,
29230->88,241.499:125.514,240.449:129.276,242.392:134.598,248.338:138.117,255.137:140.236,262.142:140.680,259.065:147.524,256.201:151.742,250.837:157.263,244.948:162.321,253.540:169.247,263.170:177.010,273.541:183.542,287.395:193.229,295.831:199.530,309.789:205.728,323.589:208.748,335.464:209.478,341.921:209.634,347.233:210.050,362.972:211.453,376.773:212.234,,,,,,,,,,,,,,,,,,,,,,,,,,,,,,,,,,,,,,,,,,
29230->9048,241.499:125.514,240.449:129.276,242.392:134.598,248.338:138.117,255.137:140.236,262.142:140.680,259.065:147.524,256.201:151.742,250.837:157.263,244.948:162.321,253.540:169.247,263.170:177.010,273.541:183.542,287.395:193.229,295.831:199.530,299.242:195.278,,,,,,,,,,,,,,,,,,,,,,,,,,,,,,,,,,,,,,,,,,,,,,,,
29230->91297,241.499:125.514,240.449:129.276,242.392:134.598,248.338:138.117,255.137:140.236,262.142:140.680,259.065:147.524,256.201:151.742,250.837:157.263,244.948:162.321,253.540:169.247,263.170:177.010,273.541:183.542,287.395:193.229,295.831:199.530,292.873:204.894,288.446:211.872,285.440:216.278,281.103:222.601,276.312:228.590,272.979:230.361,277.165:234.213,280.995:236.462,284.216:236.645,290.842:240.474,,,,,,,,,,,,,,,,,,,,,,,,,,,,,,,,,,,,,,,
29230->95,241.499:125.514,240.449:129.276,242.392:134.598,248.338:138.117,255.137:140.236,262.142:140.680,259.065:147.524,256.201:151.742,250.837:157.263,244.948:162.321,253.540:169.247,263.170:177.010,273.541:183.542,287.395:193.229,295.831:199.530,309.789:205.728,323.589:208.748,,,,,,,,,,,,,,,,,,,,,,,,,,,,,,,,,,,,,,,,,,,,,,,
29230->95815,241.499:125.514,240.449:129.276,242.392:134.598,248.338:138.117,255.137:140.236,262.142:140.680,259.065:147.524,256.201:151.742,250.837:157.263,244.948:162.321,253.540:169.247,263.170:177.010,273.541:183.542,266.015:190.376,,,,,,,,,,,,,,,,,,,,,,,,,,,,,,,,,,,,,,,,,,,,,,,,,,
29230->99,241.499:125.514,240.449:129.276,231.048:125.270,221.105:119.973,216.992:130.220,213.369:138.991,222.971:147.010,233.022:153.415,239.844:158.207,,,,,,,,,,,,,,,,,,,,,,,,,,,,,,,,,,,,,,,,,,,,,,,,,,,,,,,
29250->11404,302.782:177.268,298.583:174.490,295.606:173.922,,,,,,,,,,,,,,,,,,,,,,,,,,,,,,,,,,,,,,,,,,,,,,,,,,,,,,,,,,,,,
29250->13702,302.782:177.268,298.583:174.490,295.606:173.922,298.542:180.289,294.046:186.564,287.395:193.229,273.541:183.542,,,,,,,,,,,,,,,,,,,,,,,,,,,,,,,,,,,,,,,,,,,,,,,,,,,,,,,,,
29250->22,302.782:177.268,298.583:174.490,295.606:173.922,298.542:180.289,294.046:186.564,287.395:193.229,273.541:183.542,263.170:177.010,253.540:169.247,244.948:162.321,239.844:158.207,233.022:153.415,222.971:147.010,213.369:138.991,216.992:130.220,221.105:119.973,211.572:116.147,202.551:111.363,205.899:103.487,,,,,,,,,,,,,,,,,,,,,,,,,,,,,,,,,,,,,,,,,,,,,
29250->28385,302.782:177.268,298.583:174.490,295.606:173.922,298.542:180.289,294.046:186.564,287.395:193.229,295.831:199.530,309.789:205.728,323.589:208.748,335.464:209.478,341.921:209.634,342.238:205.594,339.156:200.382,337.035:194.274,,,,,,,,,,,,,,,,,,,,,,,,,,,,,,,,,,,,,,,,,,,,,,,,,,
29250->29992,302.782:177.268,298.583:174.490,295.606:173.922,298.542:180.289,294.046:186.564,287.395:193.229,295.831:199.530,309.789:205.728,307.614:210.781,,,,,,,,,,,,,,,,,,,,,,,,,,,,,,,,,,,,,,,,,,,,,,,,,,,,,,,
29250->32,302.782:177.268,298.583:174.490,295.606:173.922,298.542:180.289,294.046:186.564,287.395:193.229,273.541:183.542,266.015:190.376,259.506:196.964,253.235:196.647,247.361:193.392,240.376:190.296,239.106:185.931,,,,,,,,,,,,,,,,,,,,,,,,,,,,,,,,,,,,,,,,,,,,,,,,,,,
29250->34135,302.782:177.268,298.583:174.490,295.606:173.922,298.542:180.289,294.046:186.564,287.395:193.229,273.541:183.542,266.015:190.376,259.506:196.964,253.235:196.647,247.361:193.392,240.376:190.296,,,,,,,,,,,,,,,,,,,,,,,,,,,,,,,,,,,,,,,,,,,,,,,,,,,,
29250->5,302.782:177.268,298.583:174.490,295.606:173.922,298.542:180.289,294.046:186.564,287.395:193.229,,,,,,,,,,,,,,,,,,,,,,,,,,,,,,,,,,,,,,,,,,,,,,,,,,,,,,,,,,
29250->51552,302.782:177.268,298.583:174.490,295.606:173.922,298.542:180.289,294.046:186.564,287.395:193.229,295.831:199.530,292.873:204.894,288.446:211.872,285.440:216.278,281.103:222.601,276.312:228.590,272.979:230.361,277.165:234.213,280.995:236.462,,,,,,,,,,,,,,,,,,,,,,,,,,,,,,,,,,,,,,,,,,,,,,,,,
29250->75205,302.782:177.268,298.583:174.490,295.606:173.922,293.252:166.883,292.512:160.225,289.702:155.541,284.986:152.808,279.519:149.801,278.802:146.350,273.596:142.477,269.223:140.680,262.142:140.680,259.065:147.524,,,,,,,,,,,,,,,,,,,,,,,,,,,,,,,,,,,,,,,,,,,,,,,,,,,
29250->9048,302.782:177.268,304.882:179.465,306.078:181.726,304.946:184.788,302.353:188.697,299.242:195.278,,,,,,,,,,,,,,,,,,,,,,,,,,,,,,,,,,,,,,,,,,,,,,,,,,,,,,,,,,
29992->13,307.614:210.781,309.789:205.728,323.589:208.748,335.464:209.478,341.921:209.634,347.233:210.050,362.972:211.453,376.773:212.234,389.688:214.526,399.251:216.457,,,,,,,,,,,,,,,,,,,,,,,,,,,,,,,,,,,,,,,,,,,,,,,,,,,,,,
29992->13702,307.614:210.781,309.789:205.728,295.831:199.530,287.395:193.229,273.541:183.542,,,,,,,,,,,,,,,,,,,,,,,,,,,,,,,,,,,,,,,,,,,,,,,,,,,,,,,,,,,
29992->22,307.614:210.781,309.789:205.728,295.831:199.530,287.395:193.229,273.541:183.542,263.170:177.010,253.540:169.247,244.948:162.321,239.844:158.207,233.022:153.415,222.971:147.010,213.369:138.991,216.992:130.220,221.105:119.973,211.572:116.147,202.551:111.363,205.899:103.487,,,,,,,,,,,,,,,,,,,,,,,,,,,,,,,,,,,,,,,,,,,,,,,
29992->29250,307.614:210.781,309.789:205.728,295.831:199.530,287.395:193.229,294.046:186.564,298.542:180.289,295.606:173.922,298.583:174.490,302.782:177.268,,,,,,,,,,,,,,,,,,,,,,,,,,,,,,,,,,,,,,,,,,,,,,,,,,,,,,,
29992->32,307.614:210.781,309.789:205.728,295.831:199.530,287.395:193.229,273.541:183.542,266.015:190.376,259.506:196.964,253.235:196.647,247.361:193.392,240.376:190.296,239.106:185.931,,,,,,,,,,,,,,,,,,,,,,,,,,,,,,,,,,,,,,,,,,,,,,,,,,,,,
29992->49,307.614:210.781,309.789:205.728,323.589:208.748,335.464:209.478,341.921:209.634,347.233:210.050,346.414:220.501,347.233:231.470,342.284:235.228,339.995:239.670,337.398:245.240,333.639:250.297,327.249:249.579,324.140:249.853,323.730:252.620,319.322:252.825,317.921:257.472,310.951:262.358,,,,,,,,,,,,,,,,,,,,,,,,,,,,,,,,,,,,,,,,,,,,,,
29992->5,307.614:210.781,309.789:205.728,295.831:199.530,287.395:193.229,,,,,,,,,,,,,,,,,,,,,,,,,,,,,,,,,,,,,,,,,,,,,,,,,,,,,,,,,,,,
29992->52367,307.614:210.781,303.921:217.527,303.034:220.186,303.034:224.470,301.553:226.935,304.068:229.591,,,,,,,,,,,,,,,,,,,,,,,,,,,,,,,,,,,,,,,,,,,,,,,,,,,,,,,,,,
29992->53940,307.614:210.781,309.789:205.728,295.831:199.530,287.395:193.229,294.046:186.564,298.542:180.289,295.606:173.922,293.252:166.883,292.512:160.225,289.702:155.541,284.986:152.808,,,,,,,,,,,,,,,,,,,,,,,,,,,,,,,,,,,,,,,,,,,,,,,,,,,,,
29992->84,307.614:210.781,309.789:205.728,295.831:199.530,292.873:204.894,288.446:211.872,285.440:216.278,281.103:222.601,276.312:228.590,272.979:230.361,267.250:233.225,259.282:236.454,254.126:241.349,,,,,,,,,,,,,,,,,,,,,,,,,,,,,,,,,,,,,,,,,,,,,,,,,,,,
29992->88,307.614:210.781,309.789:205.728,323.589:208.748,335.464:209.478,341.921:209.634,347.233:210.050,362.972:211.453,376.773:212.234,,,,,,,,,,,,,,,,,,,,,,,,,,,,,,,,,,,,,,,,,,,,,,,,,,,,,,,,
29992->9048,307.614:210.781,309.789:205.728,295.831:199.530,299.242:195.278,,,,,,,,,,,,,,,,,,,,,,,,,,,,,,,,,,,,,,,,,,,,,,,,,,,,,,,,,,,,
29992->91020,307.614:210.781,309.789:205.728,323.589:208.748,335.464:209.478,341.921:209.634,347.233:210.050,362.972:211.453,,,,,,,,,,,,,,,,,,,,,,,,,,,,,,,,,,,,,,,,,,,,,,,,,,,,,,,,,
29992->95,307.614:210.781,309.789:205.728,323.589:208.748,,,,,,,,,,,,,,,,,,,,,,,,,,,,,,,,,,,,,,,,,,,,,,,,,,,,,,,,,,,,,
29992->97999,307.614:210.781,303.921:217.527,303.034:220.186,303.034:224.470,301.553:226.935,304.068:229.591,313.670:231.954,318.762:234.171,,,,,,,,,,,,,,,,,,,,,,,,,,,,,,,,,,,,,,,,,,,,,,,,,,,,,,,,
29992->99,307.614:210.781,309.789:205.728,295.831:199.530,287.395:193.229,273.541:183.542,263.170:177.010,253.540:169.247,244.948:162.321,239.844:158.207,,,,,,,,,,,,,,,,,,,,,,,,,,,,,,,,,,,,,,,,,,,,,,,,,,,,,,,
30539->54272,273.596:142.477,269.223:140.680,262.142:140.680,255.137:140.236,248.338:138.117,242.392:134.598,240.449:129.276,231.048:125.270,221.105:119.973,211.572:116.147,202.551:111.363,,,,,,,,,,,,,,,,,,,,,,,,,,,,,,,,,,,,,,,,,,,,,,,,,,,,,
30620->105,339.156:200.382,342.238:205.594,341.921:209.634,335.464:209.478,323.589:208.748,309.789:205.728,295.831:199.530,287.395:193.229,273.541:183.542,263.170:177.010,253.540:169.247,244.948:162.321,239.844:158.207,233.022:153.415,222.971:147.010,213.369:138.991,197.616:127.354,194.916:125.425,185.207:118.610,172.199:111.308,155.794:103.027,142.814:97.329,,,,,,,,,,,,,,,,,,,,,,,,,,,,,,,,,,,,,,,,,,
30620->120,339.156:200.382,342.238:205.594,341.921:209.634,335.464:209.478,323.589:208.748,309.789:205.728,295.831:199.530,287.395:193.229,294.046:186.564,298.542:180.289,295.606:173.922,293.252:166.883,292.512:160.225,289.702:155.541,284.986:152.808,279.519:149.801,,,,,,,,,,,,,,,,,,,,,,,,,,,,,,,,,,,,,,,,,,,,,,,,
30620->13702,339.156:200.382,342.238:205.594,341.921:209.634,335.464:209.478,323.589:208.748,309.789:205.728,295.831:199.530,287.395:193.229,273.541:183.542,,,,,,,,,,,,,,,,,,,,,,,,,,,,,,,,,,,,,,,,,,,,,,,,,,,,,,,
30620->19448,339.156:200.382,342.238:205.594,341.921:209.634,335.464:209.478,323.589:208.748,309.789:205.728,295.831:199.530,292.873:204.894,288.446:211.872,285.440:216.278,,,,,,,,,,,,,,,,,,,,,,,,,,,,,,,,,,,,,,,,,,,,,,,,,,,,,,
30620->22,339.156:200.382,342.238:205.594,341.921:209.634,335.464:209.478,323.589:208.748,309.789:205.728,295.831:199.530,287.395:193.229,273.541:183.542,263.170:177.010,253.540:169.247,244.948:162.321,239.844:158.207,233.022:153.415,222.971:147.010,213.369:138.991,216.992:130.220,221.105:119.973,211.572:116.147,202.551:111.363,205.899:103.487,,,,,,,,,,,,,,,,,,,,,,,,,,,,,,,,,,,,,,,,,,,
30620->23254,339.156:200.382,342.238:205.594,341.921:209.634,347.233:210.050,346.414:220.501,,,,,,,,,,,,,,,,,,,,,,,,,,,,,,,,,,,,,,,,,,,,,,,,,,,,,,,,,,,
30620->23449,339.156:200.382,342.238:205.594,341.921:209.634,335.464:209.478,323.589:208.748,309.789:205.728,295.831:199.530,287.395:193.229,273.541:183.542,263.170:177.010,253.540:169.247,244.948:162.321,250.837:157.263,256.201:151.742,259.065:147.524,262.142:140.680,255.137:140.236,248.338:138.117,,,,,,,,,,,,,,,,,,,,,,,,,,,,,,,,,,,,,,,,,,,,,,
30620->26858,339.156:200.382,342.238:205.594,341.921:209.634,347.233:210.050,,,,,,,,,,,,,,,,,,,,,,,,,,,,,,,,,,,,,,,,,,,,,,,,,,,,,,,,,,,,
30620->2894,339.156:200.382,342.238:205.594,341.921:209.634,335.464:209.478,323.589:208.748,309.789:205.728,295.831:199.530,287.395:193.229,273.541:183.542,263.170:177.010,253.540:169.247,244.948:162.321,239.844:158.207,233.022:153.415,222.971:147.010,213.369:138.991,211.594:141.393,210.584:143.939,,,,,,,,,,,,,,,,,,,,,,,,,,,,,,,,,,,,,,,,,,,,,,
30620->31591,339.156:200.382,342.238:205.594,341.921:209.634,335.464:209.478,323.589:208.748,309.789:205.728,295.831:199.530,287.395:193.229,273.541:183.542,263.170:177.010,253.540:169.247,,,,,,,,,,,,,,,,,,,,,,,,,,,,,,,,,,,,,,,,,,,,,,,,,,,,,
30620->32,339.156:200.382,342.238:205.594,341.921:209.634,335.464:209.478,323.589:208.748,309.789:205.728,295.831:199.530,287.395:193.229,273.541:183.542,266.015:190.376,259.506:196.964,253.235:196.647,247.361:193.392,240.376:190.296,239.106:185.931,,,,,,,,,,,,,,,,,,,,,,,,,,,,,,,,,,,,,,,,,,,,,,,,,
30620->4313,339.156:200.382,342.238:205.594,341.921:209.634,347.233:210.050,346.414:220.501,347.233:231.470,342.284:235.228,,,,,,,,,,,,,,,,,,,,,,,,,,,,,,,,,,,,,,,,,,,,,,,,,,,,,,,,,
30620->49,339.156:200.382,342.238:205.594,341.921:209.634,347.233:210.050,346.414:220.501,347.233:231.470,342.284:235.228,339.995:239.670,337.398:245.240,333.639:250.297,327.249:249.579,324.140:249.853,323.730:252.620,319.322:252.825,317.921:257.472,310.951:262.358,,,,,,,,,,,,,,,,,,,,,,,,,,,,,,,,,,,,,,,,,,,,,,,,
30620->5,339.156:200.382,342.238:205.594,341.921:209.634,335.464:209.478,323.589:208.748,309.789:205.728,295.831:199.530,287.395:193.229,,,,,,,,,,,,,,,,,,,,,,,,,,,,,,,,,,,,,,,,,,,,,,,,,,,,,,,,
30620->54957,339.156:200.382,342.238:205.594,341.921:209.634,335.464:209.478,323.589:208.748,309.789:205.728,295.831:199.530,,,,,,,,,,,,,,,,,,,,,,,,,,,,,,,,,,,,,,,,,,,,,,,,,,,,,,,,,
30620->67916,339.156:200.382,337.035:194.274,337.420:188.101,340.700:181.672,344.595:175.542,347.193:169.199,349.637:164.698,356.323:163.798,,,,,,,,,,,,,,,,,,,,,,,,,,,,,,,,,,,,,,,,,,,,,,,,,,,,,,,,
30620->71721,339.156:200.382,342.238:205.594,341.921:209.634,335.464:209.478,323.589:208.748,309.789:205.728,295.831:199.530,292.873:204.894,288.446:211.872,285.440:216.278,283.721:215.043,280.749:214.236,276.735:213.986,273.745:211.032,271.999:212.799,269.603:216.159,,,,,,,,,,,,,,,,,,,,,,,,,,,,,,,,,,,,,,,,,,,,,,,,
30620->72974,339.156:200.382,342.238:205.594,341.921:209.634,335.464:209.478,323.589:208.748,309.789:205.728,295.831:199.530,287.395:193.229,273.541:183.542,263.170:177.010,253.540:169.247,244.948:162.321,250.837:157.263,256.201:151.742,,,,,,,,,,,,,,,,,,,,,,,,,,,,,,,,,,,,,,,,,,,,,,,,,,
30620->83111,339.156:200.382,342.238:205.594,341.921:209.634,335.464:209.478,323.589:208.748,309.789:205.728,295.831:199.530,287.395:193.229,273.541:183.542,266.015:190.376,259.506:196.964,261.770:199.201,264.577:200.838,265.934:202.619,264.693:203.237,264.143:205.369,261.236:210.021,258.781:213.446,257.144:211.297,,,,,,,,,,,,,,,,,,,,,,,,,,,,,,,,,,,,,,,,,,,,,
30620->84,339.156:200.382,342.238:205.594,341.921:209.634,335.464:209.478,323.589:208.748,309.789:205.728,295.831:199.530,292.873:204.894,288.446:211.872,285.440:216.278,281.103:222.601,276.312:228.590,272.979:230.361,267.250:233.225,259.282:236.454,254.126:241.349,,,,,,,,,,,,,,,,,,,,,,,,,,,,,,,,,,,,,,,,,,,,,,,,
30620->88,339.156:200.382,342.238:205.594,341.921:209.634,347.233:210.050,362.972:211.453,376.773:212.234,,,,,,,,,,,,,,,,,,,,,,,,,,,,,,,,,,,,,,,,,,,,,,,,,,,,,,,,,,
30620->89653,339.156:200.382,342.238:205.594,341.921:209.634,335.464:209.478,323.589:208.748,309.789:205.728,295.831:199.530,299.242:195.278,302.353:188.697,304.946:184.788,306.078:181.726,,,,,,,,,,,,,,,,,,,,,,,,,,,,,,,,,,,,,,,,,,,,,,,,,,,,,
30620->9048,339.156:200.382,342.238:205.594,341.921:209.634,335.464:209.478,323.589:208.748,309.789:205.728,295.831:199.530,299.242:195.278,,,,,,,,,,,,,,,,,,,,,,,,,,,,,,,,,,,,,,,,,,,,,,,,,,,,,,,,
30620->91020,339.156:200.382,342.238:205.594,341.921:209.634,347.233:210.050,362.972:211.453,,,,,,,,,,,,,,,,,,,,,,,,,,,,,,,,,,,,,,,,,,,,,,,,,,,,,,,,,,,
30620->95,339.156:200.382,342.238:205.594,341.921:209.634,335.464:209.478,323.589:208.748,,,,,,,,,,,,,,,,,,,,,,,,,,,,,,,,,,,,,,,,,,,,,,,,,,,,,,,,,,,
30620->95815,339.156:200.382,342.238:205.594,341.921:209.634,335.464:209.478,323.589:208.748,309.789:205.728,295.831:199.530,287.395:193.229,273.541:183.542,266.015:190.376,,,,,,,,,,,,,,,,,,,,,,,,,,,,,,,,,,,,,,,,,,,,,,,,,,,,,,
30620->99,339.156:200.382,342.238:205.594,341.921:209.634,335.464:209.478,323.589:208.748,309.789:205.728,295.831:199.530,287.395:193.229,273.541:183.542,263.170:177.010,253.540:169.247,244.948:162.321,239.844:158.207,,,,,,,,,,,,,,,,,,,,,,,,,,,,,,,,,,,,,,,,,,,,,,,,,,,
30645->11404,370.983:196.328,376.158:201.725,377.269:207.599,376.773:212.234,362.972:211.453,347.233:210.050,341.921:209.634,335.464:209.478,323.589:208.748,309.789:205.728,295.831:199.530,287.395:193.229,294.046:186.564,298.542:180.289,295.606:173.922,,,,,,,,,,,,,,,,,,,,,,,,,,,,,,,,,,,,,,,,,,,,,,,,,
30645->14185,370.983:196.328,376.158:201.725,377.269:207.599,376.773:212.234,362.972:211.453,347.233:210.050,341.921:209.634,335.464:209.478,323.589:208.748,309.789:205.728,295.831:199.530,299.242:195.278,302.353:188.697,304.946:184.788,,,,,,,,,,,,,,,,,,,,,,,,,,,,,,,,,,,,,,,,,,,,,,,,,,
30645->28385,370.983:196.328,376.158:201.725,377.269:207.599,376.773:212.234,362.972:211.453,347.233:210.050,341.921:209.634,342.238:205.594,339.156:200.382,337.035:194.274,,,,,,,,,,,,,,,,,,,,,,,,,,,,,,,,,,,,,,,,,,,,,,,,,,,,,,
30645->65673,370.983:196.328,367.109:189.263,368.141:182.992,370.983:179.262,374.094:172.594,373.541:164.692,370.983:159.940,366.803:162.190,360.502:163.991,356.323:163.798,349.637:164.698,347.193:169.199,344.595:175.542,,,,,,,,,,,,,,,,,,,,,,,,,,,,,,,,,,,,,,,,,,,,,,,,,,,
30645->78345,370.983:196.328,367.109:189.263,,,,,,,,,,,,,,,,,,,,,,,,,,,,,,,,,,,,,,,,,,,,,,,,,,,,,,,,,,,,,,
30645->81533,370.983:196.328,376.158:201.725,377.269:207.599,376.773:212.234,362.972:211.453,347.233:210.050,341.921:209.634,342.238:205.594,339.156:200.382,337.035:194.274,337.420:188.101,,,,,,,,,,,,,,,,,,,,,,,,,,,,,,,,,,,,,,,,,,,,,,,,,,,,,
30645->88,370.983:196.328,376.158:201.725,377.269:207.599,376.773:212.234,,,,,,,,,,,,,,,,,,,,,,,,,,,,,,,,,,,,,,,,,,,,,,,,,,,,,,,,,,,,
30645->95,370.983:196.328,376.158:201.725,377.269:207.599,376.773:212.234,362.972:211.453,347.233:210.050,341.921:209.634,335.464:209.478,323.589:208.748,,,,,,,,,,,,,,,,,,,,,,,,,,,,,,,,,,,,,,,,,,,,,,,,,,,,,,,
30732->105,172.199:111.308,155.794:103.027,142.814:97.329,,,,,,,,,,,,,,,,,,,,,,,,,,,,,,,,,,,,,,,,,,,,,,,,,,,,,,,,,,,,,
30732->120,172.199:111.308,185.207:118.610,194.916:125.425,197.616:127.354,213.369:138.991,222.971:147.010,233.022:153.415,239.844:158.207,244.948:162.321,250.837:157.263,256.201:151.742,259.065:147.524,262.142:140.680,269.223:140.680,273.596:142.477,278.802:146.350,279.519:149.801,,,,,,,,,,,,,,,,,,,,,,,,,,,,,,,,,,,,,,,,,,,,,,,
30732->13568,172.199:111.308,185.207:118.610,194.916:125.425,197.616:127.354,213.369:138.991,216.992:130.220,,,,,,,,,,,,,,,,,,,,,,,,,,,,,,,,,,,,,,,,,,,,,,,,,,,,,,,,,,
30732->19,172.199:111.308,155.794:103.027,142.814:97.329,147.227:87.002,149.967:78.863,143.639:73.379,135.818:65.494,132.016:63.775,126.340:58.359,121.601:55.651,112.643:49.610,102.488:48.308,,,,,,,,,,,,,,,,,,,,,,,,,,,,,,,,,,,,,,,,,,,,,,,,,,,,
30732->21444,172.199:111.308,185.207:118.610,194.916:125.425,197.616:127.354,213.369:138.991,222.971:147.010,233.022:153.415,239.844:158.207,244.948:162.321,250.837:157.263,,,,,,,,,,,,,,,,,,,,,,,,,,,,,,,,,,,,,,,,,,,,,,,,,,,,,,
30732->22,172.199:111.308,185.207:118.610,194.916:125.425,198.866:118.313,202.551:111.363,205.899:103.487,,,,,,,,,,,,,,,,,,,,,,,,,,,,,,,,,,,,,,,,,,,,,,,,,,,,,,,,,,
30732->25121,172.199:111.308,185.207:118.610,194.916:125.425,198.866:118.313,202.551:111.363,211.572:116.147,221.105:119.973,231.048:125.270,,,,,,,,,,,,,,,,,,,,,,,,,,,,,,,,,,,,,,,,,,,,,,,,,,,,,,,,
30732->32,172.199:111.308,185.207:118.610,194.916:125.425,197.616:127.354,213.369:138.991,222.971:147.010,233.022:153.415,239.844:158.207,234.423:166.563,233.788:176.485,234.820:180.374,239.106:185.931,,,,,,,,,,,,,,,,,,,,,,,,,,,,,,,,,,,,,,,,,,,,,,,,,,,,
30732->33,172.199:111.308,185.207:118.610,194.916:125.425,,,,,,,,,,,,,,,,,,,,,,,,,,,,,,,,,,,,,,,,,,,,,,,,,,,,,,,,,,,,,
30732->5,172.199:111.308,185.207:118.610,194.916:125.425,197.616:127.354,213.369:138.991,222.971:147.010,233.022:153.415,239.844:158.207,244.948:162.321,253.540:169.247,263.170:177.010,273.541:183.542,287.395:193.229,,,,,,,,,,,,,,,,,,,,,,,,,,,,,,,,,,,,,,,,,,,,,,,,,,,
30732->51286,172.199:111.308,185.207:118.610,194.916:125.425,197.616:127.354,213.369:138.991,222.971:147.010,233.022:153.415,239.844:158.207,234.423:166.563,233.788:176.485,,,,,,,,,,,,,,,,,,,,,,,,,,,,,,,,,,,,,,,,,,,,,,,,,,,,,,
30732->5135,172.199:111.308,185.207:118.610,,,,,,,,,,,,,,,,,,,,,,,,,,,,,,,,,,,,,,,,,,,,,,,,,,,,,,,,,,,,,,
30732->54272,172.199:111.308,185.207:118.610,194.916:125.425,198.866:118.313,202.551:111.363,,,,,,,,,,,,,,,,,,,,,,,,,,,,,,,,,,,,,,,,,,,,,,,,,,,,,,,,,,,
30732->63927,172.199:111.308,185.207:118.610,194.916:125.425,198.866:118.313,202.551:111.363,211.572:116.147,221.105:119.973,231.048:125.270,240.449:129.276,242.392:134.598,,,,,,,,,,,,,,,,,,,,,,,,,,,,,,,,,,,,,,,,,,,,,,,,,,,,,,
30732->66,172.199:111.308,155.794:103.027,142.814:97.329,130.791:90.707,115.938:83.891,98.846:77.007,89.400:72.165,75.350:65.577,62.374:59.313,54.849:55.263,47.679:49.139,40.809:41.372,35.471:35.856,23.833:26.340,13.949:16.375,,,,,,,,,,,,,,,,,,,,,,,,,,,,,,,,,,,,,,,,,,,,,,,,,
30732->69933,172.199:111.308,185.207:118.610,194.916:125.425,198.866:118.313,,,,,,,,,,,,,,,,,,,,,,,,,,,,,,,,,,,,,,,,,,,,,,,,,,,,,,,,,,,,
30732->72974,172.199:111.308,185.207:118.610,194.916:125.425,197.616:127.354,213.369:138.991,222.971:147.010,233.022:153.415,239.844:158.207,244.948:162.321,250.837:157.263,256.201:151.742,,,,,,,,,,,,,,,,,,,,,,,,,,,,,,,,,,,,,,,,,,,,,,,,,,,,,
30732->74867,172.199:111.308,185.207:118.610,194.916:125.425,198.866:118.313,202.551:111.363,211.572:116.147,,,,,,,,,,,,,,,,,,,,,,,,,,,,,,,,,,,,,,,,,,,,,,,,,,,,,,,,,,
30732->80824,172.199:111.308,185.207:118.610,194.916:125.425,198.866:118.313,202.551:111.363,211.572:116.147,221.105:119.973,,,,,,,,,,,,,,,,,,,,,,,,,,,,,,,,,,,,,,,,,,,,,,,,,,,,,,,,,
30732->8318,172.199:111.308,185.207:118.610,194.916:125.425,197.616:127.354,213.369:138.991,222.971:147.010,233.022:153.415,239.844:158.207,244.948:162.321,,,,,,,,,,,,,,,,,,,,,,,,,,,,,,,,,,,,,,,,,,,,,,,,,,,,,,,
30732->93162,172.199:111.308,185.207:118.610,194.916:125.425,197.616:127.354,,,,,,,,,,,,,,,,,,,,,,,,,,,,,,,,,,,,,,,,,,,,,,,,,,,,,,,,,,,,
30732->95,172.199:111.308,185.207:118.610,194.916:125.425,197.616:127.354,213.369:138.991,222.971:147.010,233.022:153.415,239.844:158.207,244.948:162.321,253.540:169.247,263.170:177.010,273.541:183.542,287.395:193.229,295.831:199.530,309.789:205.728,323.589:208.748,,,,,,,,,,,,,,,,,,,,,,,,,,,,,,,,,,,,,,,,,,,,,,,,
30732->96,172.199:111.308,155.794:103.027,142.814:97.329,130.791:90.707,115.938:83.891,98.846:77.007,89.400:72.165,75.350:65.577,62.374:59.313,,,,,,,,,,,,,,,,,,,,,,,,,,,,,,,,,,,,,,,,,,,,,,,,,,,,,,,
30732->99,172.199:111.308,185.207:118.610,194.916:125.425,197.616:127.354,213.369:138.991,222.971:147.010,233.022:153.415,239.844:158.207,,,,,,,,,,,,,,,,,,,,,,,,,,,,,,,,,,,,,,,,,,,,,,,,,,,,,,,,
31591->105,253.540:169.247,244.948:162.321,239.844:158.207,233.022:153.415,222.971:147.010,213.369:138.991,197.616:127.354,194.916:125.425,185.207:118.610,172.199:111.308,155.794:103.027,142.814:97.329,,,,,,,,,,,,,,,,,,,,,,,,,,,,,,,,,,,,,,,,,,,,,,,,,,,,
31591->11404,253.540:169.247,263.170:177.010,273.541:183.542,287.395:193.229,294.046:186.564,298.542:180.289,295.606:173.922,,,,,,,,,,,,,,,,,,,,,,,,,,,,,,,,,,,,,,,,,,,,,,,,,,,,,,,,,
31591->11881,253.540:169.247,244.948:162.321,239.844:158.207,233.022:153.415,222.971:147.010,,,,,,,,,,,,,,,,,,,,,,,,,,,,,,,,,,,,,,,,,,,,,,,,,,,,,,,,,,,
31591->120,253.540:169.247,244.948:162.321,250.837:157.263,256.201:151.742,259.065:147.524,262.142:140.680,269.223:140.680,273.596:142.477,278.802:146.350,279.519:149.801,,,,,,,,,,,,,,,,,,,,,,,,,,,,,,,,,,,,,,,,,,,,,,,,,,,,,,
31591->13,253.540:169.247,263.170:177.010,273.541:183.542,287.395:193.229,295.831:199.530,309.789:205.728,323.589:208.748,335.464:209.478,341.921:209.634,347.233:210.050,362.972:211.453,376.773:212.234,389.688:214.526,399.251:216.457,,,,,,,,,,,,,,,,,,,,,,,,,,,,,,,,,,,,,,,,,,,,,,,,,,
31591->13568,253.540:169.247,244.948:162.321,239.844:158.207,233.022:153.415,222.971:147.010,213.369:138.991,216.992:130.220,,,,,,,,,,,,,,,,,,,,,,,,,,,,,,,,,,,,,,,,,,,,,,,,,,,,,,,,,
31591->13651,253.540:169.247,263.170:177.010,273.541:183.542,287.395:193.229,295.831:199.530,292.873:204.894,,,,,,,,,,,,,,,,,,,,,,,,,,,,,,,,,,,,,,,,,,,,,,,,,,,,,,,,,,
31591->13702,253.540:169.247,263.170:177.010,273.541:183.542,,,,,,,,,,,,,,,,,,,,,,,,,,,,,,,,,,,,,,,,,,,,,,,,,,,,,,,,,,,,,
31591->14185,253.540:169.247,263.170:177.010,273.541:183.542,287.395:193.229,295.831:199.530,299.242:195.278,302.353:188.697,304.946:184.788,,,,,,,,,,,,,,,,,,,,,,,,,,,,,,,,,,,,,,,,,,,,,,,,,,,,,,,,
31591->15079,253.540:169.247,263.170:177.010,273.541:183.542,287.395:193.229,295.831:199.530,309.789:205.728,323.589:208.748,335.464:209.478,341.921:209.634,342.238:205.594,339.156:200.382,337.035:194.274,337.420:188.101,340.700:181.672,344.595:175.542,347.193:169.199,349.637:164.698,,,,,,,,,,,,,,,,,,,,,,,,,,,,,,,,,,,,,,,,,,,,,,,
31591->22,253.540:169.247,244.948:162.321,239.844:158.207,233.022:153.415,222.971:147.010,213.369:138.991,216.992:130.220,221.105:119.973,211.572:116.147,202.551:111.363,205.899:103.487,,,,,,,,,,,,,,,,,,,,,,,,,,,,,,,,,,,,,,,,,,,,,,,,,,,,,
31591->23254,253.540:169.247,263.170:177.010,273.541:183.542,287.395:193.229,295.831:199.530,309.789:205.728,323.589:208.748,335.464:209.478,341.921:209.634,347.233:210.050,346.414:220.501,,,,,,,,,,,,,,,,,,,,,,,,,,,,,,,,,,,,,,,,,,,,,,,,,,,,,
31591->2344,253.540:169.247,263.170:177.010,,,,,,,,,,,,,,,,,,,,,,,,,,,,,,,,,,,,,,,,,,,,,,,,,,,,,,,,,,,,,,
31591->23449,253.540:169.247,244.948:162.321,250.837:157.263,256.201:151.742,259.065:147.524,262.142:140.680,255.137:140.236,248.338:138.117,,,,,,,,,,,,,,,,,,,,,,,,,,,,,,,,,,,,,,,,,,,,,,,,,,,,,,,,
31591->2757,253.540:169.247,263.170:177.010,273.541:183.542,287.395:193.229,295.831:199.530,299.242:195.278,302.353:188.697,,,,,,,,,,,,,,,,,,,,,,,,,,,,,,,,,,,,,,,,,,,,,,,,,,,,,,,,,
31591->28385,253.540:169.247,263.170:177.010,273.541:183.542,287.395:193.229,295.831:199.530,309.789:205.728,323.589:208.748,335.464:209.478,341.921:209.634,342.238:205.594,339.156:200.382,337.035:194.274,,,,,,,,,,,,,,,,,,,,,,,,,,,,,,,,,,,,,,,,,,,,,,,,,,,,
31591->30620,253.540:169.247,263.170:177.010,273.541:183.542,287.395:193.229,295.831:199.530,309.789:205.728,323.589:208.748,335.464:209.478,341.921:209.634,342.238:205.594,339.156:200.382,,,,,,,,,,,,,,,,,,,,,,,,,,,,,,,,,,,,,,,,,,,,,,,,,,,,,
31591->32,253.540:169.247,244.948:162.321,239.844:158.207,234.423:166.563,233.788:176.485,234.820:180.374,239.106:185.931,,,,,,,,,,,,,,,,,,,,,,,,,,,,,,,,,,,,,,,,,,,,,,,,,,,,,,,,,
31591->32446,253.540:169.247,263.170:177.010,273.541:183.542,287.395:193.229,295.831:199.530,309.789:205.728,307.614:210.781,303.921:217.527,303.034:220.186,303.034:224.470,301.553:226.935,,,,,,,,,,,,,,,,,,,,,,,,,,,,,,,,,,,,,,,,,,,,,,,,,,,,,
31591->33,253.540:169.247,244.948:162.321,239.844:158.207,233.022:153.415,222.971:147.010,213.369:138.991,197.616:127.354,194.916:125.425,,,,,,,,,,,,,,,,,,,,,,,,,,,,,,,,,,,,,,,,,,,,,,,,,,,,,,,,
31591->40323,253.540:169.247,263.170:177.010,273.541:183.542,287.395:193.229,295.831:199.530,309.789:205.728,307.614:210.781,303.921:217.527,303.034:220.186,303.034:224.470,,,,,,,,,,,,,,,,,,,,,,,,,,,,,,,,,,,,,,,,,,,,,,,,,,,,,,
31591->44615,253.540:169.247,263.170:177.010,273.541:183.542,287.395:193.229,295.831:199.530,309.789:205.728,,,,,,,,,,,,,,,,,,,,,,,,,,,,,,,,,,,,,,,,,,,,,,,,,,,,,,,,,,
31591->48339,253.540:169.247,263.170:177.010,273.541:183.542,287.395:193.229,295.831:199.530,309.789:205.728,323.589:208.748,335.464:209.478,341.921:209.634,,,,,,,,,,,,,,,,,,,,,,,,,,,,,,,,,,,,,,,,,,,,,,,,,,,,,,,
31591->48921,253.540:169.247,263.170:177.010,273.541:183.542,287.395:193.229,294.046:186.564,298.542:180.289,295.606:173.922,298.583:174.490,,,,,,,,,,,,,,,,,,,,,,,,,,,,,,,,,,,,,,,,,,,,,,,,,,,,,,,,
31591->49,253.540:169.247,263.170:177.010,273.541:183.542,287.395:193.229,295.831:199.530,309.789:205.728,323.589:208.748,335.464:209.478,341.921:209.634,347.233:210.050,346.414:220.501,347.233:231.470,342.284:235.228,339.995:239.670,337.398:245.240,333.639:250.297,327.249:249.579,324.140:249.853,323.730:252.620,319.322:252.825,317.921:257.472,310.951:262.358,,,,,,,,,,,,,,,,,,,,,,,,,,,,,,,,,,,,,,,,,,
31591->49081,253.540:169.247,244.948:162.321,239.844:158.207,233.022:153.415,222.971:147.010,213.369:138.991,216.992:130.220,221.105:119.973,231.048:125.270,240.449:129.276,,,,,,,,,,,,,,,,,,,,,,,,,,,,,,,,,,,,,,,,,,,,,,,,,,,,,,
31591->5,253.540:169.247,263.170:177.010,273.541:183.542,287.395:193.229,,,,,,,,,,,,,,,,,,,,,,,,,,,,,,,,,,,,,,,,,,,,,,,,,,,,,,,,,,,,
31591->51286,253.540:169.247,244.948:162.321,239.844:158.207,234.423:166.563,233.788:176.485,,,,,,,,,,,,,,,,,,,,,,,,,,,,,,,,,,,,,,,,,,,,,,,,,,,,,,,,,,,
31591->51952,253.540:169.247,244.948:162.321,239.844:158.207,233.022:153.415,222.971:147.010,220.826:151.867,,,,,,,,,,,,,,,,,,,,,,,,,,,,,,,,,,,,,,,,,,,,,,,,,,,,,,,,,,
31591->52980,253.540:169.247,263.170:177.010,273.541:183.542,287.395:193.229,295.831:199.530,292.873:204.894,288.446:211.872,294.565:214.523,,,,,,,,,,,,,,,,,,,,,,,,,,,,,,,,,,,,,,,,,,,,,,,,,,,,,,,,
31591->54272,253.540:169.247,244.948:162.321,239.844:158.207,233.022:153.415,222.971:147.010,213.369:138.991,216.992:130.220,221.105:119.973,211.572:116.147,202.551:111.363,,,,,,,,,,,,,,,,,,,,,,,,,,,,,,,,,,,,,,,,,,,,,,,,,,,,,,
31591->5451,253.540:169.247,263.170:177.010,273.541:183.542,266.015:190.376,259.506:196.964,261.770:199.201,264.577:200.838,,,,,,,,,,,,,,,,,,,,,,,,,,,,,,,,,,,,,,,,,,,,,,,,,,,,,,,,,
31591->54957,253.540:169.247,263.170:177.010,273.541:183.542,287.395:193.229,295.831:199.530,,,,,,,,,,,,,,,,,,,,,,,,,,,,,,,,,,,,,,,,,,,,,,,,,,,,,,,,,,,
31591->60368,253.540:169.247,263.170:177.010,273.541:183.542,266.015:190.376,259.506:196.964,,,,,,,,,,,,,,,,,,,,,,,,,,,,,,,,,,,,,,,,,,,,,,,,,,,,,,,,,,,
31591->60450,253.540:169.247,244.948:162.321,239.844:158.207,233.022:153.415,,,,,,,,,,,,,,,,,,,,,,,,,,,,,,,,,,,,,,,,,,,,,,,,,,,,,,,,,,,,
31591->63927,253.540:169.247,244.948:162.321,250.837:157.263,256.201:151.742,259.065:147.524,262.142:140.680,255.137:140.236,248.338:138.117,242.392:134.598,,,,,,,,,,,,,,,,,,,,,,,,,,,,,,,,,,,,,,,,,,,,,,,,,,,,,,,
31591->64018,253.540:169.247,263.170:177.010,273.541:183.542,287.395:193.229,294.046:186.564,,,,,,,,,,,,,,,,,,,,,,,,,,,,,,,,,,,,,,,,,,,,,,,,,,,,,,,,,,,
31591->67331,253.540:169.247,263.170:177.010,273.541:183.542,266.015:190.376,259.506:196.964,261.770:199.201,264.577:200.838,265.934:202.619,264.693:203.237,264.143:205.369,261.236:210.021,258.781:213.446,261.914:216.256,,,,,,,,,,,,,,,,,,,,,,,,,,,,,,,,,,,,,,,,,,,,,,,,,,,
31591->67916,253.540:169.247,263.170:177.010,273.541:183.542,287.395:193.229,295.831:199.530,309.789:205.728,323.589:208.748,335.464:209.478,341.921:209.634,342.238:205.594,339.156:200.382,337.035:194.274,337.420:188.101,340.700:181.672,344.595:175.542,347.193:169.199,349.637:164.698,356.323:163.798,,,,,,,,,,,,,,,,,,,,,,,,,,,,,,,,,,,,,,,,,,,,,,
31591->72974,253.540:169.247,244.948:162.321,250.837:157.263,256.201:151.742,,,,,,,,,,,,,,,,,,,,,,,,,,,,,,,,,,,,,,,,,,,,,,,,,,,,,,,,,,,,
31591->73767,253.540:169.247,263.170:177.010,273.541:183.542,266.015:190.376,259.506:196.964,261.770:199.201,264.577:200.838,265.934:202.619,268.562:205.911,,,,,,,,,,,,,,,,,,,,,,,,,,,,,,,,,,,,,,,,,,,,,,,,,,,,,,,
31591->75205,253.540:169.247,244.948:162.321,250.837:157.263,256.201:151.742,259.065:147.524,,,,,,,,,,,,,,,,,,,,,,,,,,,,,,,,,,,,,,,,,,,,,,,,,,,,,,,,,,,
31591->80124,253.540:169.247,263.170:177.010,273.541:183.542,287.395:193.229,294.046:186.564,298.542:180.289,295.606:173.922,293.252:166.883,,,,,,,,,,,,,,,,,,,,,,,,,,,,,,,,,,,,,,,,,,,,,,,,,,,,,,,,
31591->81533,253.540:169.247,263.170:177.010,273.541:183.542,287.395:193.229,295.831:199.530,309.789:205.728,323.589:208.748,335.464:209.478,341.921:209.634,342.238:205.594,339.156:200.382,337.035:194.274,337.420:188.101,,,,,,,,,,,,,,,,,,,,,,,,,,,,,,,,,,,,,,,,,,,,,,,,,,,
31591->82106,253.540:169.247,244.948:162.321,239.844:158.207,234.423:166.563,,,,,,,,,,,,,,,,,,,,,,,,,,,,,,,,,,,,,,,,,,,,,,,,,,,,,,,,,,,,
31591->8318,253.540:169.247,244.948:162.321,,,,,,,,,,,,,,,,,,,,,,,,,,,,,,,,,,,,,,,,,,,,,,,,,,,,,,,,,,,,,,
31591->84,253.540:169.247,263.170:177.010,273.541:183.542,287.395:193.229,295.831:199.530,292.873:204.894,288.446:211.872,285.440:216.278,281.103:222.601,276.312:228.590,272.979:230.361,267.250:233.225,259.282:236.454,254.126:241.349,,,,,,,,,,,,,,,,,,,,,,,,,,,,,,,,,,,,,,,,,,,,,,,,,,
31591->84156,253.540:169.247,244.948:162.321,239.844:158.207,233.022:153.415,222.971:147.010,213.369:138.991,211.594:141.393,,,,,,,,,,,,,,,,,,,,,,,,,,,,,,,,,,,,,,,,,,,,,,,,,,,,,,,,,
31591->87392,253.540:169.247,244.948:162.321,239.844:158.207,233.022:153.415,222.971:147.010,213.369:138.991,,,,,,,,,,,,,,,,,,,,,,,,,,,,,,,,,,,,,,,,,,,,,,,,,,,,,,,,,,
31591->88,253.540:169.247,263.170:177.010,273.541:183.542,287.395:193.229,295.831:199.530,309.789:205.728,323.589:208.748,335.464:209.478,341.921:209.634,347.233:210.050,362.972:211.453,376.773:212.234,,,,,,,,,,,,,,,,,,,,,,,,,,,,,,,,,,,,,,,,,,,,,,,,,,,,
31591->89653,253.540:169.247,263.170:177.010,273.541:183.542,287.395:193.229,295.831:199.530,299.242:195.278,302.353:188.697,304.946:184.788,306.078:181.726,,,,,,,,,,,,,,,,,,,,,,,,,,,,,,,,,,,,,,,,,,,,,,,,,,,,,,,
31591->9048,253.540:169.247,263.170:177.010,273.541:183.542,287.395:193.229,295.831:199.530,299.242:195.278,,,,,,,,,,,,,,,,,,,,,,,,,,,,,,,,,,,,,,,,,,,,,,,,,,,,,,,,,,
31591->95,253.540:169.247,263.170:177.010,273.541:183.542,287.395:193.229,295.831:199.530,309.789:205.728,323.589:208.748,,,,,,,,,,,,,,,,,,,,,,,,,,,,,,,,,,,,,,,,,,,,,,,,,,,,,,,,,
31591->95815,253.540:169.247,263.170:177.010,273.541:183.542,266.015:190.376,,,,,,,,,,,,,,,,,,,,,,,,,,,,,,,,,,,,,,,,,,,,,,,,,,,,,,,,,,,,
31591->96,253.540:169.247,244.948:162.321,239.844:158.207,233.022:153.415,222.971:147.010,213.369:138.991,197.616:127.354,194.916:125.425,185.207:118.610,172.199:111.308,155.794:103.027,142.814:97.329,130.791:90.707,115.938:83.891,98.846:77.007,89.400:72.165,75.350:65.577,62.374:59.313,,,,,,,,,,,,,,,,,,,,,,,,,,,,,,,,,,,,,,,,,,,,,,
31591->97999,253.540:169.247,263.170:177.010,273.541:183.542,287.395:193.229,295.831:199.530,309.789:205.728,307.614:210.781,303.921:217.527,303.034:220.186,303.034:224.470,301.553:226.935,304.068:229.591,313.670:231.954,318.762:234.171,,,,,,,,,,,,,,,,,,,,,,,,,,,,,,,,,,,,,,,,,,,,,,,,,,
31591->99,253.540:169.247,244.948:162.321,239.844:158.207,,,,,,,,,,,,,,,,,,,,,,,,,,,,,,,,,,,,,,,,,,,,,,,,,,,,,,,,,,,,,
32->101,239.106:185.931,240.376:190.296,247.361:193.392,253.235:196.647,259.506:196.964,266.015:190.376,273.541:183.542,287.395:193.229,295.831:199.530,292.873:204.894,288.446:211.872,285.440:216.278,281.103:222.601,276.312:228.590,272.979:230.361,267.250:233.225,259.282:236.454,254.126:241.349,246.002:247.443,244.804:252.182,245.377:255.931,252.303:260.983,256.991:265.618,257.355:270.201,,,,,,,,,,,,,,,,,,,,,,,,,,,,,,,,,,,,,,,,
32->105,239.106:185.931,234.820:180.374,233.788:176.485,234.423:166.563,239.844:158.207,233.022:153.415,222.971:147.010,213.369:138.991,197.616:127.354,194.916:125.425,185.207:118.610,172.199:111.308,155.794:103.027,142.814:97.329,,,,,,,,,,,,,,,,,,,,,,,,,,,,,,,,,,,,,,,,,,,,,,,,,,
32->11404,239.106:185.931,240.376:190.296,247.361:193.392,253.235:196.647,259.506:196.964,266.015:190.376,273.541:183.542,287.395:193.229,294.046:186.564,298.542:180.289,295.606:173.922,,,,,,,,,,,,,,,,,,,,,,,,,,,,,,,,,,,,,,,,,,,,,,,,,,,,,
32->11881,239.106:185.931,234.820:180.374,233.788:176.485,234.423:166.563,239.844:158.207,233.022:153.415,222.971:147.010,,,,,,,,,,,,,,,,,,,,,,,,,,,,,,,,,,,,,,,,,,,,,,,,,,,,,,,,,
32->120,239.106:185.931,234.820:180.374,233.788:176.485,234.423:166.563,239.844:158.207,244.948:162.321,250.837:157.263,256.201:151.742,259.065:147.524,262.142:140.680,269.223:140.680,273.596:142.477,278.802:146.350,279.519:149.801,,,,,,,,,,,,,,,,,,,,,,,,,,,,,,,,,,,,,,,,,,,,,,,,,,
32->13,239.106:185.931,240.376:190.296,247.361:193.392,253.235:196.647,259.506:196.964,266.015:190.376,273.541:183.542,287.395:193.229,295.831:199.530,309.789:205.728,323.589:208.748,335.464:209.478,341.921:209.634,347.233:210.050,362.972:211.453,376.773:212.234,389.688:214.526,399.251:216.457,,,,,,,,,,,,,,,,,,,,,,,,,,,,,,,,,,,,,,,,,,,,,,
32->13161,239.106:185.931,240.376:190.296,247.361:193.392,253.235:196.647,259.506:196.964,261.770:199.201,264.577:200.838,265.934:202.619,268.562:205.911,271.617:208.929,273.745:211.032,271.999:212.799,269.603:216.159,267.406:218.259,,,,,,,,,,,,,,,,,,,,,,,,,,,,,,,,,,,,,,,,,,,,,,,,,,
32->13568,239.106:185.931,234.820:180.374,233.788:176.485,234.423:166.563,239.844:158.207,233.022:153.415,222.971:147.010,213.369:138.991,216.992:130.220,,,,,,,,,,,,,,,,,,,,,,,,,,,,,,,,,,,,,,,,,,,,,,,,,,,,,,,
32->13651,239.106:185.931,240.376:190.296,247.361:193.392,253.235:196.647,259.506:196.964,266.015:190.376,273.541:183.542,287.395:193.229,295.831:199.530,292.873:204.894,,,,,,,,,,,,,,,,,,,,,,,,,,,,,,,,,,,,,,,,,,,,,,,,,,,,,,
32->13702,239.106:185.931,240.376:190.296,247.361:193.392,253.235:196.647,259.506:196.964,266.015:190.376,273.541:183.542,,,,,,,,,,,,,,,,,,,,,,,,,,,,,,,,,,,,,,,,,,,,,,,,,,,,,,,,,
32->14185,239.106:185.931,240.376:190.296,247.361:193.392,253.235:196.647,259.506:196.964,266.015:190.376,273.541:183.542,287.395:193.229,295.831:199.530,299.242:195.278,302.353:188.697,304.946:184.788,,,,,,,,,,,,,,,,,,,,,,,,,,,,,,,,,,,,,,,,,,,,,,,,,,,,
32->14382,239.106:185.931,234.820:180.374,233.788:176.485,234.423:166.563,239.844:158.207,233.022:153.415,222.971:147.010,213.369:138.991,197.616:127.354,195.119:131.075,192.341:136.632,189.811:140.721,,,,,,,,,,,,,,,,,,,,,,,,,,,,,,,,,,,,,,,,,,,,,,,,,,,,
32->15079,239.106:185.931,240.376:190.296,247.361:193.392,253.235:196.647,259.506:196.964,266.015:190.376,273.541:183.542,287.395:193.229,295.831:199.530,309.789:205.728,323.589:208.748,335.464:209.478,341.921:209.634,342.238:205.594,339.156:200.382,337.035:194.274,337.420:188.101,340.700:181.672,344.595:175.542,347.193:169.199,349.637:164.698,,,,,,,,,,,,,,,,,,,,,,,,,,,,,,,,,,,,,,,,,,,
32->17830,239.106:185.931,240.376:190.296,247.361:193.392,253.235:196.647,259.506:196.964,261.770:199.201,264.577:200.838,265.934:202.619,268.562:205.911,271.617:208.929,273.745:211.032,276.735:213.986,280.749:214.236,,,,,,,,,,,,,,,,,,,,,,,,,,,,,,,,,,,,,,,,,,,,,,,,,,,
32->19,239.106:185.931,234.820:180.374,233.788:176.485,234.423:166.563,239.844:158.207,233.022:153.415,222.971:147.010,213.369:138.991,197.616:127.354,194.916:125.425,185.207:118.610,172.199:111.308,155.794:103.027,142.814:97.329,147.227:87.002,149.967:78.863,143.639:73.379,135.818:65.494,132.016:63.775,126.340:58.359,121.601:55.651,112.643:49.610,102.488:48.308,,,,,,,,,,,,,,,,,,,,,,,,,,,,,,,,,,,,,,,,,
32->19448,239.106:185.931,240.376:190.296,247.361:193.392,253.235:196.647,259.506:196.964,266.015:190.376,273.541:183.542,287.395:193.229,295.831:199.530,292.873:204.894,288.446:211.872,285.440:216.278,,,,,,,,,,,,,,,,,,,,,,,,,,,,,,,,,,,,,,,,,,,,,,,,,,,,
32->20601,239.106:185.931,240.376:190.296,247.361:193.392,253.235:196.647,259.506:196.964,266.015:190.376,273.541:183.542,287.395:193.229,294.046:186.564,298.542:180.289,,,,,,,,,,,,,,,,,,,,,,,,,,,,,,,,,,,,,,,,,,,,,,,,,,,,,,
32->21444,239.106:185.931,234.820:180.374,233.788:176.485,234.423:166.563,239.844:158.207,244.948:162.321,250.837:157.263,,,,,,,,,,,,,,,,,,,,,,,,,,,,,,,,,,,,,,,,,,,,,,,,,,,,,,,,,
32->22,239.106:185.931,234.820:180.374,233.788:176.485,234.423:166.563,239.844:158.207,233.022:153.415,222.971:147.010,213.369:138.991,216.992:130.220,221.105:119.973,211.572:116.147,202.551:111.363,205.899:103.487,,,,,,,,,,,,,,,,,,,,,,,,,,,,,,,,,,,,,,,,,,,,,,,,,,,
32->22615,239.106:185.931,240.376:190.296,247.361:193.392,253.235:196.647,259.506:196.964,266.015:190.376,273.541:183.542,287.395:193.229,295.831:199.530,292.873:204.894,288.446:211.872,285.440:216.278,281.103:222.601,276.312:228.590,272.979:230.361,277.165:234.213,280.995:236.462,284.216:236.645,290.842:240.474,294.611:242.967,298.441:243.818,295.444:246.775,293.130:249.975,,,,,,,,,,,,,,,,,,,,,,,,,,,,,,,,,,,,,,,,,
32->23254,239.106:185.931,240.376:190.296,247.361:193.392,253.235:196.647,259.506:196.964,266.015:190.376,273.541:183.542,287.395:193.229,295.831:199.530,309.789:205.728,323.589:208.748,335.464:209.478,341.921:209.634,347.233:210.050,346.414:220.501,,,,,,,,,,,,,,,,,,,,,,,,,,,,,,,,,,,,,,,,,,,,,,,,,
32->2344,239.106:185.931,234.820:180.374,233.788:176.485,234.423:166.563,239.844:158.207,244.948:162.321,253.540:169.247,263.170:177.010,,,,,,,,,,,,,,,,,,,,,,,,,,,,,,,,,,,,,,,,,,,,,,,,,,,,,,,,
32->23449,239.106:185.931,234.820:180.374,233.788:176.485,234.423:166.563,239.844:158.207,244.948:162.321,250.837:157.263,256.201:151.742,259.065:147.524,262.142:140.680,255.137:140.236,248.338:138.117,,,,,,,,,,,,,,,,,,,,,,,,,,,,,,,,,,,,,,,,,,,,,,,,,,,,
32->24817,239.106:185.931,240.376:190.296,247.361:193.392,253.235:196.647,259.506:196.964,266.015:190.376,273.541:183.542,287.395:193.229,295.831:199.530,309.789:205.728,323.589:208.748,335.464:209.478,,,,,,,,,,,,,,,,,,,,,,,,,,,,,,,,,,,,,,,,,,,,,,,,,,,,
32->25121,239.106:185.931,234.820:180.374,233.788:176.485,234.423:166.563,239.844:158.207,233.022:153.415,222.971:147.010,213.369:138.991,216.992:130.220,221.105:119.973,231.048:125.270,,,,,,,,,,,,,,,,,,,,,,,,,,,,,,,,,,,,,,,,,,,,,,,,,,,,,
32->2894,239.106:185.931,234.820:180.374,233.788:176.485,234.423:166.563,239.844:158.207,233.022:153.415,222.971:147.010,213.369:138.991,211.594:141.393,210.584:143.939,,,,,,,,,,,,,,,,,,,,,,,,,,,,,,,,,,,,,,,,,,,,,,,,,,,,,,
32->29230,239.106:185.931,234.820:180.374,233.788:176.485,234.423:166.563,239.844:158.207,233.022:153.415,222.971:147.010,213.369:138.991,216.992:130.220,221.105:119.973,231.048:125.270,240.449:129.276,241.499:125.514,,,,,,,,,,,,,,,,,,,,,,,,,,,,,,,,,,,,,,,,,,,,,,,,,,,
32->29250,239.106:185.931,240.376:190.296,247.361:193.392,253.235:196.647,259.506:196.964,266.015:190.376,273.541:183.542,287.395:193.229,294.046:186.564,298.542:180.289,295.606:173.922,298.583:174.490,302.782:177.268,,,,,,,,,,,,,,,,,,,,,,,,,,,,,,,,,,,,,,,,,,,,,,,,,,,
32->29992,239.106:185.931,240.376:190.296,247.361:193.392,253.235:196.647,259.506:196.964,266.015:190.376,273.541:183.542,287.395:193.229,295.831:199.530,309.789:205.728,307.614:210.781,,,,,,,,,,,,,,,,,,,,,,,,,,,,,,,,,,,,,,,,,,,,,,,,,,,,,
32->30732,239.106:185.931,234.820:180.374,233.788:176.485,234.423:166.563,239.844:158.207,233.022:153.415,222.971:147.010,213.369:138.991,197.616:127.354,194.916:125.425,185.207:118.610,172.199:111.308,,,,,,,,,,,,,,,,,,,,,,,,,,,,,,,,,,,,,,,,,,,,,,,,,,,,
32->31591,239.106:185.931,234.820:180.374,233.788:176.485,234.423:166.563,239.844:158.207,244.948:162.321,253.540:169.247,,,,,,,,,,,,,,,,,,,,,,,,,,,,,,,,,,,,,,,,,,,,,,,,,,,,,,,,,
32->33,239.106:185.931,234.820:180.374,233.788:176.485,234.423:166.563,239.844:158.207,233.022:153.415,222.971:147.010,213.369:138.991,197.616:127.354,194.916:125.425,,,,,,,,,,,,,,,,,,,,,,,,,,,,,,,,,,,,,,,,,,,,,,,,,,,,,,
32->37558,239.106:185.931,240.376:190.296,247.361:193.392,253.235:196.647,259.506:196.964,266.015:190.376,273.541:183.542,287.395:193.229,295.831:199.530,292.873:204.894,288.446:211.872,,,,,,,,,,,,,,,,,,,,,,,,,,,,,,,,,,,,,,,,,,,,,,,,,,,,,
32->40323,239.106:185.931,240.376:190.296,247.361:193.392,253.235:196.647,259.506:196.964,266.015:190.376,273.541:183.542,287.395:193.229,295.831:199.530,309.789:205.728,307.614:210.781,303.921:217.527,303.034:220.186,303.034:224.470,,,,,,,,,,,,,,,,,,,,,,,,,,,,,,,,,,,,,,,,,,,,,,,,,,
32->41841,239.106:185.931,240.376:190.296,247.361:193.392,253.235:196.647,259.506:196.964,266.015:190.376,273.541:183.542,287.395:193.229,295.831:199.530,309.789:205.728,323.589:208.748,335.464:209.478,341.921:209.634,342.238:205.594,,,,,,,,,,,,,,,,,,,,,,,,,,,,,,,,,,,,,,,,,,,,,,,,,,
32->44615,239.106:185.931,240.376:190.296,247.361:193.392,253.235:196.647,259.506:196.964,266.015:190.376,273.541:183.542,287.395:193.229,295.831:199.530,309.789:205.728,,,,,,,,,,,,,,,,,,,,,,,,,,,,,,,,,,,,,,,,,,,,,,,,,,,,,,
32->45395,239.106:185.931,240.376:190.296,247.361:193.392,253.235:196.647,259.506:196.964,261.770:199.201,264.577:200.838,265.934:202.619,264.693:203.237,264.143:205.369,261.236:210.021,258.781:213.446,257.144:211.297,255.017:208.227,253.079:204.706,,,,,,,,,,,,,,,,,,,,,,,,,,,,,,,,,,,,,,,,,,,,,,,,,
32->48339,239.106:185.931,240.376:190.296,247.361:193.392,253.235:196.647,259.506:196.964,266.015:190.376,273.541:183.542,287.395:193.229,295.831:199.530,309.789:205.728,323.589:208.748,335.464:209.478,341.921:209.634,,,,,,,,,,,,,,,,,,,,,,,,,,,,,,,,,,,,,,,,,,,,,,,,,,,
32->48921,239.106:185.931,240.376:190.296,247.361:193.392,253.235:196.647,259.506:196.964,266.015:190.376,273.541:183.542,287.395:193.229,294.046:186.564,298.542:180.289,295.606:173.922,298.583:174.490,,,,,,,,,,,,,,,,,,,,,,,,,,,,,,,,,,,,,,,,,,,,,,,,,,,,
32->49,239.106:185.931,240.376:190.296,247.361:193.392,253.235:196.647,259.506:196.964,266.015:190.376,273.541:183.542,287.395:193.229,295.831:199.530,309.789:205.728,323.589:208.748,335.464:209.478,341.921:209.634,347.233:210.050,346.414:220.501,347.233:231.470,342.284:235.228,339.995:239.670,337.398:245.240,333.639:250.297,327.249:249.579,324.140:249.853,323.730:252.620,319.322:252.825,317.921:257.472,310.951:262.358,,,,,,,,,,,,,,,,,,,,,,,,,,,,,,,,,,,,,,
32->49024,239.106:185.931,240.376:190.296,247.361:193.392,,,,,,,,,,,,,,,,,,,,,,,,,,,,,,,,,,,,,,,,,,,,,,,,,,,,,,,,,,,,,
32->49081,239.106:185.931,234.820:180.374,233.788:176.485,234.423:166.563,239.844:158.207,233.022:153.415,222.971:147.010,213.369:138.991,216.992:130.220,221.105:119.973,231.048:125.270,240.449:129.276,,,,,,,,,,,,,,,,,,,,,,,,,,,,,,,,,,,,,,,,,,,,,,,,,,,,
32->5,239.106:185.931,240.376:190.296,247.361:193.392,253.235:196.647,259.506:196.964,266.015:190.376,273.541:183.542,287.395:193.229,,,,,,,,,,,,,,,,,,,,,,,,,,,,,,,,,,,,,,,,,,,,,,,,,,,,,,,,
32->50132,239.106:185.931,240.376:190.296,247.361:193.392,253.235:196.647,259.506:196.964,266.015:190.376,273.541:183.542,287.395:193.229,295.831:199.530,309.789:205.728,307.614:210.781,303.921:217.527,303.034:220.186,,,,,,,,,,,,,,,,,,,,,,,,,,,,,,,,,,,,,,,,,,,,,,,,,,,
32->51286,239.106:185.931,234.820:180.374,233.788:176.485,,,,,,,,,,,,,,,,,,,,,,,,,,,,,,,,,,,,,,,,,,,,,,,,,,,,,,,,,,,,,
32->5135,239.106:185.931,234.820:180.374,233.788:176.485,234.423:166.563,239.844:158.207,233.022:153.415,222.971:147.010,213.369:138.991,197.616:127.354,194.916:125.425,185.207:118.610,,,,,,,,,,,,,,,,,,,,,,,,,,,,,,,,,,,,,,,,,,,,,,,,,,,,,
32->51552,239.106:185.931,240.376:190.296,247.361:193.392,253.235:196.647,259.506:196.964,266.015:190.376,273.541:183.542,287.395:193.229,295.831:199.530,292.873:204.894,288.446:211.872,285.440:216.278,281.103:222.601,276.312:228.590,272.979:230.361,277.165:234.213,280.995:236.462,,,,,,,,,,,,,,,,,,,,,,,,,,,,,,,,,,,,,,,,,,,,,,,
32->51952,239.106:185.931,234.820:180.374,233.788:176.485,234.423:166.563,239.844:158.207,233.022:153.415,222.971:147.010,220.826:151.867,,,,,,,,,,,,,,,,,,,,,,,,,,,,,,,,,,,,,,,,,,,,,,,,,,,,,,,,
32->52367,239.106:185.931,240.376:190.296,247.361:193.392,253.235:196.647,259.506:196.964,266.015:190.376,273.541:183.542,287.395:193.229,295.831:199.530,309.789:205.728,307.614:210.781,303.921:217.527,303.034:220.186,303.034:224.470,301.553:226.935,304.068:229.591,,,,,,,,,,,,,,,,,,,,,,,,,,,,,,,,,,,,,,,,,,,,,,,,
32->52980,239.106:185.931,240.376:190.296,247.361:193.392,253.235:196.647,259.506:196.964,266.015:190.376,273.541:183.542,287.395:193.229,295.831:199.530,292.873:204.894,288.446:211.872,294.565:214.523,,,,,,,,,,,,,,,,,,,,,,,,,,,,,,,,,,,,,,,,,,,,,,,,,,,,
32->53012,239.106:185.931,234.820:180.374,233.788:176.485,234.423:166.563,239.844:158.207,233.022:153.415,222.971:147.010,213.369:138.991,211.594:141.393,210.584:143.939,210.732:148.125,208.664:150.143,204.676:149.405,,,,,,,,,,,,,,,,,,,,,,,,,,,,,,,,,,,,,,,,,,,,,,,,,,,
32->53940,239.106:185.931,234.820:180.374,233.788:176.485,234.423:166.563,239.844:158.207,244.948:162.321,250.837:157.263,256.201:151.742,259.065:147.524,262.142:140.680,269.223:140.680,273.596:142.477,278.802:146.350,279.519:149.801,284.986:152.808,,,,,,,,,,,,,,,,,,,,,,,,,,,,,,,,,,,,,,,,,,,,,,,,,
32->54272,239.106:185.931,234.820:180.374,233.788:176.485,234.423:166.563,239.844:158.207,233.022:153.415,222.971:147.010,213.369:138.991,216.992:130.220,221.105:119.973,211.572:116.147,202.551:111.363,,,,,,,,,,,,,,,,,,,,,,,,,,,,,,,,,,,,,,,,,,,,,,,,,,,,
32->5451,239.106:185.931,240.376:190.296,247.361:193.392,253.235:196.647,259.506:196.964,261.770:199.201,264.577:200.838,,,,,,,,,,,,,,,,,,,,,,,,,,,,,,,,,,,,,,,,,,,,,,,,,,,,,,,,,
32->58365,239.106:185.931,240.376:190.296,247.361:193.392,253.235:196.647,259.506:196.964,261.770:199.201,264.577:200.838,265.934:202.619,268.562:205.911,271.617:208.929,,,,,,,,,,,,,,,,,,,,,,,,,,,,,,,,,,,,,,,,,,,,,,,,,,,,,,
32->60368,239.106:185.931,240.376:190.296,247.361:193.392,253.235:196.647,259.506:196.964,,,,,,,,,,,,,,,,,,,,,,,,,,,,,,,,,,,,,,,,,,,,,,,,,,,,,,,,,,,
32->60450,239.106:185.931,234.820:180.374,233.788:176.485,234.423:166.563,239.844:158.207,233.022:153.415,,,,,,,,,,,,,,,,,,,,,,,,,,,,,,,,,,,,,,,,,,,,,,,,,,,,,,,,,,
32->60800,239.106:185.931,240.376:190.296,247.361:193.392,253.235:196.647,259.506:196.964,261.770:199.201,264.577:200.838,265.934:202.619,264.693:203.237,264.143:205.369,261.236:210.021,258.781:213.446,257.144:211.297,255.017:208.227,,,,,,,,,,,,,,,,,,,,,,,,,,,,,,,,,,,,,,,,,,,,,,,,,,
32->62572,239.106:185.931,240.376:190.296,247.361:193.392,253.235:196.647,259.506:196.964,261.770:199.201,264.577:200.838,265.934:202.619,264.693:203.237,264.143:205.369,261.236:210.021,258.781:213.446,257.144:211.297,255.017:208.227,253.079:204.706,250.817:201.831,248.310:201.033,246.269:200.091,,,,,,,,,,,,,,,,,,,,,,,,,,,,,,,,,,,,,,,,,,,,,,
32->63927,239.106:185.931,234.820:180.374,233.788:176.485,234.423:166.563,239.844:158.207,244.948:162.321,250.837:157.263,256.201:151.742,259.065:147.524,262.142:140.680,255.137:140.236,248.338:138.117,242.392:134.598,,,,,,,,,,,,,,,,,,,,,,,,,,,,,,,,,,,,,,,,,,,,,,,,,,,
32->64018,239.106:185.931,240.376:190.296,247.361:193.392,253.235:196.647,259.506:196.964,266.015:190.376,273.541:183.542,287.395:193.229,294.046:186.564,,,,,,,,,,,,,,,,,,,,,,,,,,,,,,,,,,,,,,,,,,,,,,,,,,,,,,,
32->65385,239.106:185.931,240.376:190.296,247.361:193.392,253.235:196.647,259.506:196.964,266.015:190.376,273.541:183.542,287.395:193.229,295.831:199.530,309.789:205.728,307.614:210.781,303.921:217.527,303.034:220.186,299.489:219.408,,,,,,,,,,,,,,,,,,,,,,,,,,,,,,,,,,,,,,,,,,,,,,,,,,
32->66,239.106:185.931,234.820:180.374,233.788:176.485,234.423:166.563,239.844:158.207,233.022:153.415,222.971:147.010,213.369:138.991,197.616:127.354,194.916:125.425,185.207:118.610,172.199:111.308,155.794:103.027,142.814:97.329,130.791:90.707,115.938:83.891,98.846:77.007,89.400:72.165,75.350:65.577,62.374:59.313,54.849:55.263,47.679:49.139,40.809:41.372,35.471:35.856,23.833:26.340,13.949:16.375,,,,,,,,,,,,,,,,,,,,,,,,,,,,,,,,,,,,,,
32->67331,239.106:185.931,240.376:190.296,247.361:193.392,253.235:196.647,259.506:196.964,261.770:199.201,264.577:200.838,265.934:202.619,264.693:203.237,264.143:205.369,261.236:210.021,258.781:213.446,261.914:216.256,,,,,,,,,,,,,,,,,,,,,,,,,,,,,,,,,,,,,,,,,,,,,,,,,,,
32->67451,239.106:185.931,234.820:180.374,233.788:176.485,234.423:166.563,232.022:166.358,229.198:168.632,,,,,,,,,,,,,,,,,,,,,,,,,,,,,,,,,,,,,,,,,,,,,,,,,,,,,,,,,,
32->69933,239.106:185.931,234.820:180.374,233.788:176.485,234.423:166.563,239.844:158.207,233.022:153.415,222.971:147.010,213.369:138.991,197.616:127.354,194.916:125.425,198.866:118.313,,,,,,,,,,,,,,,,,,,,,,,,,,,,,,,,,,,,,,,,,,,,,,,,,,,,,
32->71721,239.106:185.931,240.376:190.296,247.361:193.392,253.235:196.647,259.506:196.964,261.770:199.201,264.577:200.838,265.934:202.619,268.562:205.911,271.617:208.929,273.745:211.032,271.999:212.799,269.603:216.159,,,,,,,,,,,,,,,,,,,,,,,,,,,,,,,,,,,,,,,,,,,,,,,,,,,
32->72974,239.106:185.931,234.820:180.374,233.788:176.485,234.423:166.563,239.844:158.207,244.948:162.321,250.837:157.263,256.201:151.742,,,,,,,,,,,,,,,,,,,,,,,,,,,,,,,,,,,,,,,,,,,,,,,,,,,,,,,,
32->73767,239.106:185.931,240.376:190.296,247.361:193.392,253.235:196.647,259.506:196.964,261.770:199.201,264.577:200.838,265.934:202.619,268.562:205.911,,,,,,,,,,,,,,,,,,,,,,,,,,,,,,,,,,,,,,,,,,,,,,,,,,,,,,,
32->74867,239.106:185.931,234.820:180.374,233.788:176.485,234.423:166.563,239.844:158.207,233.022:153.415,222.971:147.010,213.369:138.991,216.992:130.220,221.105:119.973,211.572:116.147,,,,,,,,,,,,,,,,,,,,,,,,,,,,,,,,,,,,,,,,,,,,,,,,,,,,,
32->75205,239.106:185.931,234.820:180.374,233.788:176.485,234.423:166.563,239.844:158.207,244.948:162.321,250.837:157.263,256.201:151.742,259.065:147.524,,,,,,,,,,,,,,,,,,,,,,,,,,,,,,,,,,,,,,,,,,,,,,,,,,,,,,,
32->79100,239.106:185.931,240.376:190.296,247.361:193.392,253.235:196.647,259.506:196.964,266.015:190.376,273.541:183.542,287.395:193.229,295.831:199.530,292.873:204.894,288.446:211.872,285.440:216.278,281.103:222.601,279.812:220.553,,,,,,,,,,,,,,,,,,,,,,,,,,,,,,,,,,,,,,,,,,,,,,,,,,
32->80124,239.106:185.931,240.376:190.296,247.361:193.392,253.235:196.647,259.506:196.964,266.015:190.376,273.541:183.542,287.395:193.229,294.046:186.564,298.542:180.289,295.606:173.922,293.252:166.883,,,,,,,,,,,,,,,,,,,,,,,,,,,,,,,,,,,,,,,,,,,,,,,,,,,,
32->80824,239.106:185.931,234.820:180.374,233.788:176.485,234.423:166.563,239.844:158.207,233.022:153.415,222.971:147.010,213.369:138.991,216.992:130.220,221.105:119.973,,,,,,,,,,,,,,,,,,,,,,,,,,,,,,,,,,,,,,,,,,,,,,,,,,,,,,
32->81533,239.106:185.931,240.376:190.296,247.361:193.392,253.235:196.647,259.506:196.964,266.015:190.376,273.541:183.542,287.395:193.229,295.831:199.530,309.789:205.728,323.589:208.748,335.464:209.478,341.921:209.634,342.238:205.594,339.156:200.382,337.035:194.274,337.420:188.101,,,,,,,,,,,,,,,,,,,,,,,,,,,,,,,,,,,,,,,,,,,,,,,
32->82106,239.106:185.931,234.820:180.374,233.788:176.485,234.423:166.563,,,,,,,,,,,,,,,,,,,,,,,,,,,,,,,,,,,,,,,,,,,,,,,,,,,,,,,,,,,,
32->8318,239.106:185.931,234.820:180.374,233.788:176.485,234.423:166.563,239.844:158.207,244.948:162.321,,,,,,,,,,,,,,,,,,,,,,,,,,,,,,,,,,,,,,,,,,,,,,,,,,,,,,,,,,
32->84,239.106:185.931,240.376:190.296,247.361:193.392,253.235:196.647,259.506:196.964,266.015:190.376,273.541:183.542,287.395:193.229,295.831:199.530,292.873:204.894,288.446:211.872,285.440:216.278,281.103:222.601,276.312:228.590,272.979:230.361,267.250:233.225,259.282:236.454,254.126:241.349,,,,,,,,,,,,,,,,,,,,,,,,,,,,,,,,,,,,,,,,,,,,,,
32->84156,239.106:185.931,234.820:180.374,233.788:176.485,234.423:166.563,239.844:158.207,233.022:153.415,222.971:147.010,213.369:138.991,211.594:141.393,,,,,,,,,,,,,,,,,,,,,,,,,,,,,,,,,,,,,,,,,,,,,,,,,,,,,,,
32->87392,239.106:185.931,234.820:180.374,233.788:176.485,234.423:166.563,239.844:158.207,233.022:153.415,222.971:147.010,213.369:138.991,,,,,,,,,,,,,,,,,,,,,,,,,,,,,,,,,,,,,,,,,,,,,,,,,,,,,,,,
32->88,239.106:185.931,240.376:190.296,247.361:193.392,253.235:196.647,259.506:196.964,266.015:190.376,273.541:183.542,287.395:193.229,295.831:199.530,309.789:205.728,323.589:208.748,335.464:209.478,341.921:209.634,347.233:210.050,362.972:211.453,376.773:212.234,,,,,,,,,,,,,,,,,,,,,,,,,,,,,,,,,,,,,,,,,,,,,,,,
32->89653,239.106:185.931,240.376:190.296,247.361:193.392,253.235:196.647,259.506:196.964,266.015:190.376,273.541:183.542,287.395:193.229,295.831:199.530,299.242:195.278,302.353:188.697,304.946:184.788,306.078:181.726,,,,,,,,,,,,,,,,,,,,,,,,,,,,,,,,,,,,,,,,,,,,,,,,,,,
32->9048,239.106:185.931,240.376:190.296,247.361:193.392,253.235:196.647,259.506:196.964,266.015:190.376,273.541:183.542,287.395:193.229,295.831:199.530,299.242:195.278,,,,,,,,,,,,,,,,,,,,,,,,,,,,,,,,,,,,,,,,,,,,,,,,,,,,,,
32->91020,239.106:185.931,240.376:190.296,247.361:193.392,253.235:196.647,259.506:196.964,266.015:190.376,273.541:183.542,287.395:193.229,295.831:199.530,309.789:205.728,323.589:208.748,335.464:209.478,341.921:209.634,347.233:210.050,362.972:211.453,,,,,,,,,,,,,,,,,,,,,,,,,,,,,,,,,,,,,,,,,,,,,,,,,
32->92,239.106:185.931,240.376:190.296,247.361:193.392,253.235:196.647,259.506:196.964,266.015:190.376,273.541:183.542,287.395:193.229,295.831:199.530,309.789:205.728,323.589:208.748,335.464:209.478,341.921:209.634,342.238:205.594,339.156:200.382,337.035:194.274,337.420:188.101,340.700:181.672,344.595:175.542,347.193:169.199,349.637:164.698,356.323:163.798,360.502:163.991,366.803:162.190,370.983:159.940,373.073:154.252,375.613:149.887,379.265:145.124,380.058:139.488,380.579:129.453,380.448:122.917,376.784:117.838,374.253:113.458,372.904:107.029,372.030:100.361,369.808:96.313,367.824:93.376,368.459:87.820,371.554:82.184,375.523:78.533,377.031:74.088,380.048:69.722,379.571:66.626,381.397:63.134,,,,,,,,,,,,,,,,,,,,
32->92071,239.106:185.931,240.376:190.296,247.361:193.392,253.235:196.647,259.506:196.964,266.015:190.376,273.541:183.542,287.395:193.229,295.831:199.530,292.873:204.894,288.446:211.872,285.440:216.278,281.103:222.601,276.312:228.590,272.979:230.361,277.165:234.213,280.995:236.462,284.216:236.645,290.842:240.474,294.611:242.967,298.441:243.818,295.444:246.775,293.130:249.975,289.092:249.828,284.759:248.203,,,,,,,,,,,,,,,,,,,,,,,,,,,,,,,,,,,,,,,
32->93162,239.106:185.931,234.820:180.374,233.788:176.485,234.423:166.563,239.844:158.207,233.022:153.415,222.971:147.010,213.369:138.991,197.616:127.354,,,,,,,,,,,,,,,,,,,,,,,,,,,,,,,,,,,,,,,,,,,,,,,,,,,,,,,
32->95,239.106:185.931,240.376:190.296,247.361:193.392,253.235:196.647,259.506:196.964,266.015:190.376,273.541:183.542,287.395:193.229,295.831:199.530,309.789:205.728,323.589:208.748,,,,,,,,,,,,,,,,,,,,,,,,,,,,,,,,,,,,,,,,,,,,,,,,,,,,,
32->95815,239.106:185.931,240.376:190.296,247.361:193.392,253.235:196.647,259.506:196.964,266.015:190.376,,,,,,,,,,,,,,,,,,,,,,,,,,,,,,,,,,,,,,,,,,,,,,,,,,,,,,,,,,
32->96,239.106:185.931,234.820:180.374,233.788:176.485,234.423:166.563,239.844:158.207,233.022:153.415,222.971:147.010,213.369:138.991,197.616:127.354,194.916:125.425,185.207:118.610,172.199:111.308,155.794:103.027,142.814:97.329,130.791:90.707,115.938:83.891,98.846:77.007,89.400:72.165,75.350:65.577,62.374:59.313,,,,,,,,,,,,,,,,,,,,,,,,,,,,,,,,,,,,,,,,,,,,
32->96372,239.106:185.931,234.820:180.374,233.788:176.485,234.423:166.563,239.844:158.207,233.022:153.415,222.971:147.010,220.826:151.867,218.561:155.067,,,,,,,,,,,,,,,,,,,,,,,,,,,,,,,,,,,,,,,,,,,,,,,,,,,,,,,
32->97999,239.106:185.931,240.376:190.296,247.361:193.392,253.235:196.647,259.506:196.964,266.015:190.376,273.541:183.542,287.395:193.229,295.831:199.530,309.789:205.728,307.614:210.781,303.921:217.527,303.034:220.186,303.034:224.470,301.553:226.935,304.068:229.591,313.670:231.954,318.762:234.171,,,,,,,,,,,,,,,,,,,,,,,,,,,,,,,,,,,,,,,,,,,,,,
32->98239,239.106:185.931,240.376:190.296,247.361:193.392,253.235:196.647,259.506:196.964,261.770:199.201,264.577:200.838,265.934:202.619,264.693:203.237,264.143:205.369,261.236:210.021,,,,,,,,,,,,,,,,,,,,,,,,,,,,,,,,,,,,,,,,,,,,,,,,,,,,,
32->99,239.106:185.931,234.820:180.374,233.788:176.485,234.423:166.563,239.844:158.207,,,,,,,,,,,,,,,,,,,,,,,,,,,,,,,,,,,,,,,,,,,,,,,,,,,,,,,,,,,
32446->11404,301.553:226.935,303.034:224.470,303.034:220.186,303.921:217.527,307.614:210.781,309.789:205.728,295.831:199.530,287.395:193.229,294.046:186.564,298.542:180.289,295.606:173.922,,,,,,,,,,,,,,,,,,,,,,,,,,,,,,,,,,,,,,,,,,,,,,,,,,,,,
32446->120,301.553:226.935,303.034:224.470,303.034:220.186,303.921:217.527,307.614:210.781,309.789:205.728,295.831:199.530,287.395:193.229,294.046:186.564,298.542:180.289,295.606:173.922,293.252:166.883,292.512:160.225,289.702:155.541,284.986:152.808,279.519:149.801,,,,,,,,,,,,,,,,,,,,,,,,,,,,,,,,,,,,,,,,,,,,,,,,
32446->13,301.553:226.935,303.034:224.470,303.034:220.186,303.921:217.527,307.614:210.781,309.789:205.728,323.589:208.748,335.464:209.478,341.921:209.634,347.233:210.050,362.972:211.453,376.773:212.234,389.688:214.526,399.251:216.457,,,,,,,,,,,,,,,,,,,,,,,,,,,,,,,,,,,,,,,,,,,,,,,,,,
32446->13852,301.553:226.935,303.034:224.470,303.034:220.186,303.921:217.527,307.614:210.781,309.789:205.728,323.589:208.748,335.464:209.478,341.921:209.634,342.238:205.594,339.156:200.382,337.035:194.274,337.420:188.101,340.700:181.672,344.595:175.542,347.193:169.199,,,,,,,,,,,,,,,,,,,,,,,,,,,,,,,,,,,,,,,,,,,,,,,,
32446->22,301.553:226.935,303.034:224.470,303.034:220.186,303.921:217.527,307.614:210.781,309.789:205.728,295.831:199.530,287.395:193.229,273.541:183.542,263.170:177.010,253.540:169.247,244.948:162.321,239.844:158.207,233.022:153.415,222.971:147.010,213.369:138.991,216.992:130.220,221.105:119.973,211.572:116.147,202.551:111.363,205.899:103.487,,,,,,,,,,,,,,,,,,,,,,,,,,,,,,,,,,,,,,,,,,,
32446->28385,301.553:226.935,303.034:224.470,303.034:220.186,303.921:217.527,307.614:210.781,309.789:205.728,323.589:208.748,335.464:209.478,341.921:209.634,342.238:205.594,339.156:200.382,337.035:194.274,,,,,,,,,,,,,,,,,,,,,,,,,,,,,,,,,,,,,,,,,,,,,,,,,,,,
32446->31591,301.553:226.935,303.034:224.470,303.034:220.186,303.921:217.527,307.614:210.781,309.789:205.728,295.831:199.530,287.395:193.229,273.541:183.542,263.170:177.010,253.540:169.247,,,,,,,,,,,,,,,,,,,,,,,,,,,,,,,,,,,,,,,,,,,,,,,,,,,,,
32446->44615,301.553:226.935,303.034:224.470,303.034:220.186,303.921:217.527,307.614:210.781,309.789:205.728,,,,,,,,,,,,,,,,,,,,,,,,,,,,,,,,,,,,,,,,,,,,,,,,,,,,,,,,,,
32446->49,301.553:226.935,304.068:229.591,313.670:231.954,318.762:234.171,326.689:238.012,333.435:238.898,339.995:239.670,337.398:245.240,333.639:250.297,327.249:249.579,324.140:249.853,323.730:252.620,319.322:252.825,317.921:257.472,310.951:262.358,,,,,,,,,,,,,,,,,,,,,,,,,,,,,,,,,,,,,,,,,,,,,,,,,
32446->51552,301.553:226.935,303.034:224.470,303.034:220.186,299.489:219.408,297.421:215.607,294.565:214.523,288.446:211.872,285.440:216.278,281.103:222.601,276.312:228.590,272.979:230.361,277.165:234.213,280.995:236.462,,,,,,,,,,,,,,,,,,,,,,,,,,,,,,,,,,,,,,,,,,,,,,,,,,,
32446->51952,301.553:226.935,303.034:224.470,303.034:220.186,303.921:217.527,307.614:210.781,309.789:205.728,295.831:199.530,287.395:193.229,273.541:183.542,263.170:177.010,253.540:169.247,244.948:162.321,239.844:158.207,233.022:153.415,222.971:147.010,220.826:151.867,,,,,,,,,,,,,,,,,,,,,,,,,,,,,,,,,,,,,,,,,,,,,,,,
32446->59163,301.553:226.935,303.034:224.470,303.034:220.186,299.489:219.408,297.421:215.607,294.565:214.523,288.446:211.872,285.440:216.278,281.103:222.601,,,,,,,,,,,,,,,,,,,,,,,,,,,,,,,,,,,,,,,,,,,,,,,,,,,,,,,
32446->64018,301.553:226.935,303.034:224.470,303.034:220.186,303.921:217.527,307.614:210.781,309.789:205.728,295.831:199.530,287.395:193.229,294.046:186.564,,,,,,,,,,,,,,,,,,,,,,,,,,,,,,,,,,,,,,,,,,,,,,,,,,,,,,,
32446->9048,301.553:226.935,303.034:224.470,303.034:220.186,303.921:217.527,307.614:210.781,309.789:205.728,295.831:199.530,299.242:195.278,,,,,,,,,,,,,,,,,,,,,,,,,,,,,,,,,,,,,,,,,,,,,,,,,,,,,,,,
32446->92,301.553:226.935,303.034:224.470,303.034:220.186,303.921:217.527,307.614:210.781,309.789:205.728,323.589:208.748,335.464:209.478,341.921:209.634,342.238:205.594,339.156:200.382,337.035:194.274,337.420:188.101,340.700:181.672,344.595:175.542,347.193:169.199,349.637:164.698,356.323:163.798,360.502:163.991,366.803:162.190,370.983:159.940,373.073:154.252,375.613:149.887,379.265:145.124,380.058:139.488,380.579:129.453,380.448:122.917,376.784:117.838,374.253:113.458,372.904:107.029,372.030:100.361,369.808:96.313,367.824:93.376,368.459:87.820,371.554:82.184,375.523:78.533,377.031:74.088,380.048:69.722,379.571:66.626,381.397:63.134,,,,,,,,,,,,,,,,,,,,,,,,
32446->93266,301.553:226.935,303.034:224.470,303.034:220.186,303.921:217.527,,,,,,,,,,,,,,,,,,,,,,,,,,,,,,,,,,,,,,,,,,,,,,,,,,,,,,,,,,,,
32446->95,301.553:226.935,303.034:224.470,303.034:220.186,303.921:217.527,307.614:210.781,309.789:205.728,323.589:208.748,,,,,,,,,,,,,,,,,,,,,,,,,,,,,,,,,,,,,,,,,,,,,,,,,,,,,,,,,
32446->97999,301.553:226.935,304.068:229.591,313.670:231.954,318.762:234.171,,,,,,,,,,,,,,,,,,,,,,,,,,,,,,,,,,,,,,,,,,,,,,,,,,,,,,,,,,,,
32446->99,301.553:226.935,303.034:224.470,303.034:220.186,303.921:217.527,307.614:210.781,309.789:205.728,295.831:199.530,287.395:193.229,273.541:183.542,263.170:177.010,253.540:169.247,244.948:162.321,239.844:158.207,,,,,,,,,,,,,,,,,,,,,,,,,,,,,,,,,,,,,,,,,,,,,,,,,,,
33->101,194.916:125.425,197.616:127.354,213.369:138.991,222.971:147.010,233.022:153.415,239.844:158.207,244.948:162.321,253.540:169.247,263.170:177.010,273.541:183.542,287.395:193.229,295.831:199.530,292.873:204.894,288.446:211.872,285.440:216.278,281.103:222.601,276.312:228.590,272.979:230.361,267.250:233.225,259.282:236.454,254.126:241.349,246.002:247.443,244.804:252.182,245.377:255.931,252.303:260.983,256.991:265.618,257.355:270.201,,,,,,,,,,,,,,,,,,,,,,,,,,,,,,,,,,,,,
33->105,194.916:125.425,185.207:118.610,172.199:111.308,155.794:103.027,142.814:97.329,,,,,,,,,,,,,,,,,,,,,,,,,,,,,,,,,,,,,,,,,,,,,,,,,,,,,,,,,,,
33->120,194.916:125.425,197.616:127.354,213.369:138.991,222.971:147.010,233.022:153.415,239.844:158.207,244.948:162.321,250.837:157.263,256.201:151.742,259.065:147.524,262.142:140.680,269.223:140.680,273.596:142.477,278.802:146.350,279.519:149.801,,,,,,,,,,,,,,,,,,,,,,,,,,,,,,,,,,,,,,,,,,,,,,,,,
33->13,194.916:125.425,197.616:127.354,213.369:138.991,222.971:147.010,233.022:153.415,239.844:158.207,244.948:162.321,253.540:169.247,263.170:177.010,273.541:183.542,287.395:193.229,295.831:199.530,309.789:205.728,323.589:208.748,335.464:209.478,341.921:209.634,347.233:210.050,362.972:211.453,376.773:212.234,389.688:214.526,399.251:216.457,,,,,,,,,,,,,,,,,,,,,,,,,,,,,,,,,,,,,,,,,,,
33->13568,194.916:125.425,197.616:127.354,213.369:138.991,216.992:130.220,,,,,,,,,,,,,,,,,,,,,,,,,,,,,,,,,,,,,,,,,,,,,,,,,,,,,,,,,,,,
33->13651,194.916:125.425,197.616:127.354,213.369:138.991,222.971:147.010,233.022:153.415,239.844:158.207,244.948:162.321,253.540:169.247,263.170:177.010,273.541:183.542,287.395:193.229,295.831:199.530,292.873:204.894,,,,,,,,,,,,,,,,,,,,,,,,,,,,,,,,,,,,,,,,,,,,,,,,,,,
33->13702,194.916:125.425,197.616:127.354,213.369:138.991,222.971:147.010,233.022:153.415,239.844:158.207,244.948:162.321,253.540:169.247,263.170:177.010,273.541:183.542,,,,,,,,,,,,,,,,,,,,,,,,,,,,,,,,,,,,,,,,,,,,,,,,,,,,,,
33->14185,194.916:125.425,197.616:127.354,213.369:138.991,222.971:147.010,233.022:153.415,239.844:158.207,244.948:162.321,253.540:169.247,263.170:177.010,273.541:183.542,287.395:193.229,295.831:199.530,299.242:195.278,302.353:188.697,304.946:184.788,,,,,,,,,,,,,,,,,,,,,,,,,,,,,,,,,,,,,,,,,,,,,,,,,
33->19,194.916:125.425,185.207:118.610,172.199:111.308,155.794:103.027,142.814:97.329,147.227:87.002,149.967:78.863,143.639:73.379,135.818:65.494,132.016:63.775,126.340:58.359,121.601:55.651,112.643:49.610,102.488:48.308,,,,,,,,,,,,,,,,,,,,,,,,,,,,,,,,,,,,,,,,,,,,,,,,,,
33->19448,194.916:125.425,197.616:127.354,213.369:138.991,222.971:147.010,233.022:153.415,239.844:158.207,244.948:162.321,253.540:169.247,263.170:177.010,273.541:183.542,287.395:193.229,295.831:199.530,292.873:204.894,288.446:211.872,285.440:216.278,,,,,,,,,,,,,,,,,,,,,,,,,,,,,,,,,,,,,,,,,,,,,,,,,
33->21444,194.916:125.425,197.616:127.354,213.369:138.991,222.971:147.010,233.022:153.415,239.844:158.207,244.948:162.321,250.837:157.263,,,,,,,,,,,,,,,,,,,,,,,,,,,,,,,,,,,,,,,,,,,,,,,,,,,,,,,,
33->22,194.916:125.425,198.866:118.313,202.551:111.363,205.899:103.487,,,,,,,,,,,,,,,,,,,,,,,,,,,,,,,,,,,,,,,,,,,,,,,,,,,,,,,,,,,,
33->22615,194.916:125.425,197.616:127.354,213.369:138.991,222.971:147.010,233.022:153.415,239.844:158.207,244.948:162.321,253.540:169.247,263.170:177.010,273.541:183.542,287.395:193.229,295.831:199.530,292.873:204.894,288.446:211.872,285.440:216.278,281.103:222.601,276.312:228.590,272.979:230.361,277.165:234.213,280.995:236.462,284.216:236.645,290.842:240.474,294.611:242.967,298.441:243.818,295.444:246.775,293.130:249.975,,,,,,,,,,,,,,,,,,,,,,,,,,,,,,,,,,,,,,
33->2344,194.916:125.425,197.616:127.354,213.369:138.991,222.971:147.010,233.022:153.415,239.844:158.207,244.948:162.321,253.540:169.247,263.170:177.010,,,,,,,,,,,,,,,,,,,,,,,,,,,,,,,,,,,,,,,,,,,,,,,,,,,,,,,
33->23449,194.916:125.425,198.866:118.313,202.551:111.363,211.572:116.147,221.105:119.973,231.048:125.270,240.449:129.276,242.392:134.598,248.338:138.117,,,,,,,,,,,,,,,,,,,,,,,,,,,,,,,,,,,,,,,,,,,,,,,,,,,,,,,
33->24817,194.916:125.425,197.616:127.354,213.369:138.991,222.971:147.010,233.022:153.415,239.844:158.207,244.948:162.321,253.540:169.247,263.170:177.010,273.541:183.542,287.395:193.229,295.831:199.530,309.789:205.728,323.589:208.748,335.464:209.478,,,,,,,,,,,,,,,,,,,,,,,,,,,,,,,,,,,,,,,,,,,,,,,,,
33->2505,194.916:125.425,197.616:127.354,213.369:138.991,222.971:147.010,233.022:153.415,239.844:158.207,244.948:162.321,253.540:169.247,263.170:177.010,273.541:183.542,287.395:193.229,295.831:199.530,292.873:204.894,288.446:211.872,285.440:216.278,283.721:215.043,,,,,,,,,,,,,,,,,,,,,,,,,,,,,,,,,,,,,,,,,,,,,,,,
33->25121,194.916:125.425,197.616:127.354,213.369:138.991,216.992:130.220,221.105:119.973,231.048:125.270,,,,,,,,,,,,,,,,,,,,,,,,,,,,,,,,,,,,,,,,,,,,,,,,,,,,,,,,,,
33->26858,194.916:125.425,197.616:127.354,213.369:138.991,222.971:147.010,233.022:153.415,239.844:158.207,244.948:162.321,253.540:169.247,263.170:177.010,273.541:183.542,287.395:193.229,295.831:199.530,309.789:205.728,323.589:208.748,335.464:209.478,341.921:209.634,347.233:210.050,,,,,,,,,,,,,,,,,,,,,,,,,,,,,,,,,,,,,,,,,,,,,,,
33->2757,194.916:125.425,197.616:127.354,213.369:138.991,222.971:147.010,233.022:153.415,239.844:158.207,244.948:162.321,253.540:169.247,263.170:177.010,273.541:183.542,287.395:193.229,295.831:199.530,299.242:195.278,302.353:188.697,,,,,,,,,,,,,,,,,,,,,,,,,,,,,,,,,,,,,,,,,,,,,,,,,,
33->28385,194.916:125.425,197.616:127.354,213.369:138.991,222.971:147.010,233.022:153.415,239.844:158.207,244.948:162.321,253.540:169.247,263.170:177.010,273.541:183.542,287.395:193.229,295.831:199.530,309.789:205.728,323.589:208.748,335.464:209.478,341.921:209.634,342.238:205.594,339.156:200.382,337.035:194.274,,,,,,,,,,,,,,,,,,,,,,,,,,,,,,,,,,,,,,,,,,,,,
33->29230,194.916:125.425,197.616:127.354,213.369:138.991,216.992:130.220,221.105:119.973,231.048:125.270,240.449:129.276,241.499:125.514,,,,,,,,,,,,,,,,,,,,,,,,,,,,,,,,,,,,,,,,,,,,,,,,,,,,,,,,
33->30620,194.916:125.425,197.616:127.354,213.369:138.991,222.971:147.010,233.022:153.415,239.844:158.207,244.948:162.321,253.540:169.247,263.170:177.010,273.541:183.542,287.395:193.229,295.831:199.530,309.789:205.728,323.589:208.748,335.464:209.478,341.921:209.634,342.238:205.594,339.156:200.382,,,,,,,,,,,,,,,,,,,,,,,,,,,,,,,,,,,,,,,,,,,,,,
33->30732,194.916:125.425,185.207:118.610,172.199:111.308,,,,,,,,,,,,,,,,,,,,,,,,,,,,,,,,,,,,,,,,,,,,,,,,,,,,,,,,,,,,,
33->31591,194.916:125.425,197.616:127.354,213.369:138.991,222.971:147.010,233.022:153.415,239.844:158.207,244.948:162.321,253.540:169.247,,,,,,,,,,,,,,,,,,,,,,,,,,,,,,,,,,,,,,,,,,,,,,,,,,,,,,,,
33->32,194.916:125.425,197.616:127.354,213.369:138.991,222.971:147.010,233.022:153.415,239.844:158.207,234.423:166.563,233.788:176.485,234.820:180.374,239.106:185.931,,,,,,,,,,,,,,,,,,,,,,,,,,,,,,,,,,,,,,,,,,,,,,,,,,,,,,
33->41841,194.916:125.425,197.616:127.354,213.369:138.991,222.971:147.010,233.022:153.415,239.844:158.207,244.948:162.321,253.540:169.247,263.170:177.010,273.541:183.542,287.395:193.229,295.831:199.530,309.789:205.728,323.589:208.748,335.464:209.478,341.921:209.634,342.238:205.594,,,,,,,,,,,,,,,,,,,,,,,,,,,,,,,,,,,,,,,,,,,,,,,
33->43270,194.916:125.425,197.616:127.354,213.369:138.991,216.992:130.220,221.105:119.973,231.048:125.270,240.449:129.276,241.499:125.514,243.600:117.709,,,,,,,,,,,,,,,,,,,,,,,,,,,,,,,,,,,,,,,,,,,,,,,,,,,,,,,
33->44615,194.916:125.425,197.616:127.354,213.369:138.991,222.971:147.010,233.022:153.415,239.844:158.207,244.948:162.321,253.540:169.247,263.170:177.010,273.541:183.542,287.395:193.229,295.831:199.530,309.789:205.728,,,,,,,,,,,,,,,,,,,,,,,,,,,,,,,,,,,,,,,,,,,,,,,,,,,
33->45476,194.916:125.425,197.616:127.354,213.369:138.991,222.971:147.010,233.022:153.415,239.844:158.207,244.948:162.321,253.540:169.247,263.170:177.010,273.541:183.542,287.395:193.229,294.046:186.564,298.542:180.289,295.606:173.922,298.583:174.490,302.782:177.268,304.882:179.465,,,,,,,,,,,,,,,,,,,,,,,,,,,,,,,,,,,,,,,,,,,,,,,
33->48921,194.916:125.425,197.616:127.354,213.369:138.991,222.971:147.010,233.022:153.415,239.844:158.207,244.948:162.321,253.540:169.247,263.170:177.010,273.541:183.542,287.395:193.229,294.046:186.564,298.542:180.289,295.606:173.922,298.583:174.490,,,,,,,,,,,,,,,,,,,,,,,,,,,,,,,,,,,,,,,,,,,,,,,,,
33->49,194.916:125.425,197.616:127.354,213.369:138.991,222.971:147.010,233.022:153.415,239.844:158.207,244.948:162.321,253.540:169.247,263.170:177.010,273.541:183.542,287.395:193.229,295.831:199.530,309.789:205.728,323.589:208.748,335.464:209.478,341.921:209.634,347.233:210.050,346.414:220.501,347.233:231.470,342.284:235.228,339.995:239.670,337.398:245.240,333.639:250.297,327.249:249.579,324.140:249.853,323.730:252.620,319.322:252.825,317.921:257.472,310.951:262.358,,,,,,,,,,,,,,,,,,,,,,,,,,,,,,,,,,,
33->49024,194.916:125.425,197.616:127.354,213.369:138.991,222.971:147.010,233.022:153.415,239.844:158.207,234.423:166.563,233.788:176.485,234.820:180.374,239.106:185.931,240.376:190.296,247.361:193.392,,,,,,,,,,,,,,,,,,,,,,,,,,,,,,,,,,,,,,,,,,,,,,,,,,,,
33->49081,194.916:125.425,197.616:127.354,213.369:138.991,216.992:130.220,221.105:119.973,231.048:125.270,240.449:129.276,,,,,,,,,,,,,,,,,,,,,,,,,,,,,,,,,,,,,,,,,,,,,,,,,,,,,,,,,
33->5,194.916:125.425,197.616:127.354,213.369:138.991,222.971:147.010,233.022:153.415,239.844:158.207,244.948:162.321,253.540:169.247,263.170:177.010,273.541:183.542,287.395:193.229,,,,,,,,,,,,,,,,,,,,,,,,,,,,,,,,,,,,,,,,,,,,,,,,,,,,,
33->51286,194.916:125.425,197.616:127.354,213.369:138.991,222.971:147.010,233.022:153.415,239.844:158.207,234.423:166.563,233.788:176.485,,,,,,,,,,,,,,,,,,,,,,,,,,,,,,,,,,,,,,,,,,,,,,,,,,,,,,,,
33->5135,194.916:125.425,185.207:118.610,,,,,,,,,,,,,,,,,,,,,,,,,,,,,,,,,,,,,,,,,,,,,,,,,,,,,,,,,,,,,,
33->51552,194.916:125.425,197.616:127.354,213.369:138.991,222.971:147.010,233.022:153.415,239.844:158.207,244.948:162.321,253.540:169.247,263.170:177.010,273.541:183.542,287.395:193.229,295.831:199.530,292.873:204.894,288.446:211.872,285.440:216.278,281.103:222.601,276.312:228.590,272.979:230.361,277.165:234.213,280.995:236.462,,,,,,,,,,,,,,,,,,,,,,,,,,,,,,,,,,,,,,,,,,,,
33->51952,194.916:125.425,197.616:127.354,213.369:138.991,222.971:147.010,220.826:151.867,,,,,,,,,,,,,,,,,,,,,,,,,,,,,,,,,,,,,,,,,,,,,,,,,,,,,,,,,,,
33->52980,194.916:125.425,197.616:127.354,213.369:138.991,222.971:147.010,233.022:153.415,239.844:158.207,244.948:162.321,253.540:169.247,263.170:177.010,273.541:183.542,287.395:193.229,295.831:199.530,292.873:204.894,288.446:211.872,294.565:214.523,,,,,,,,,,,,,,,,,,,,,,,,,,,,,,,,,,,,,,,,,,,,,,,,,
33->54272,194.916:125.425,198.866:118.313,202.551:111.363,,,,,,,,,,,,,,,,,,,,,,,,,,,,,,,,,,,,,,,,,,,,,,,,,,,,,,,,,,,,,
33->5451,194.916:125.425,197.616:127.354,213.369:138.991,222.971:147.010,233.022:153.415,239.844:158.207,244.948:162.321,253.540:169.247,263.170:177.010,273.541:183.542,266.015:190.376,259.506:196.964,261.770:199.201,264.577:200.838,,,,,,,,,,,,,,,,,,,,,,,,,,,,,,,,,,,,,,,,,,,,,,,,,,
33->54957,194.916:125.425,197.616:127.354,213.369:138.991,222.971:147.010,233.022:153.415,239.844:158.207,244.948:162.321,253.540:169.247,263.170:177.010,273.541:183.542,287.395:193.229,295.831:199.530,,,,,,,,,,,,,,,,,,,,,,,,,,,,,,,,,,,,,,,,,,,,,,,,,,,,
33->58365,194.916:125.425,197.616:127.354,213.369:138.991,222.971:147.010,233.022:153.415,239.844:158.207,244.948:162.321,253.540:169.247,263.170:177.010,273.541:183.542,266.015:190.376,259.506:196.964,261.770:199.201,264.577:200.838,265.934:202.619,268.562:205.911,271.617:208.929,,,,,,,,,,,,,,,,,,,,,,,,,,,,,,,,,,,,,,,,,,,,,,,
33->60450,194.916:125.425,197.616:127.354,213.369:138.991,222.971:147.010,233.022:153.415,,,,,,,,,,,,,,,,,,,,,,,,,,,,,,,,,,,,,,,,,,,,,,,,,,,,,,,,,,,
33->63927,194.916:125.425,197.616:127.354,213.369:138.991,216.992:130.220,221.105:119.973,231.048:125.270,240.449:129.276,242.392:134.598,,,,,,,,,,,,,,,,,,,,,,,,,,,,,,,,,,,,,,,,,,,,,,,,,,,,,,,,
33->66,194.916:125.425,185.207:118.610,172.199:111.308,155.794:103.027,142.814:97.329,130.791:90.707,115.938:83.891,98.846:77.007,89.400:72.165,75.350:65.577,62.374:59.313,54.849:55.263,47.679:49.139,40.809:41.372,35.471:35.856,23.833:26.340,13.949:16.375,,,,,,,,,,,,,,,,,,,,,,,,,,,,,,,,,,,,,,,,,,,,,,,
33->69933,194.916:125.425,198.866:118.313,,,,,,,,,,,,,,,,,,,,,,,,,,,,,,,,,,,,,,,,,,,,,,,,,,,,,,,,,,,,,,
33->71721,194.916:125.425,197.616:127.354,213.369:138.991,222.971:147.010,233.022:153.415,239.844:158.207,244.948:162.321,253.540:169.247,263.170:177.010,273.541:183.542,266.015:190.376,259.506:196.964,261.770:199.201,264.577:200.838,265.934:202.619,268.562:205.911,271.617:208.929,273.745:211.032,271.999:212.799,269.603:216.159,,,,,,,,,,,,,,,,,,,,,,,,,,,,,,,,,,,,,,,,,,,,
33->72974,194.916:125.425,197.616:127.354,213.369:138.991,222.971:147.010,233.022:153.415,239.844:158.207,244.948:162.321,250.837:157.263,256.201:151.742,,,,,,,,,,,,,,,,,,,,,,,,,,,,,,,,,,,,,,,,,,,,,,,,,,,,,,,
33->74523,194.916:125.425,197.616:127.354,213.369:138.991,222.971:147.010,233.022:153.415,239.844:158.207,244.948:162.321,253.540:169.247,263.170:177.010,273.541:183.542,287.395:193.229,295.831:199.530,309.789:205.728,323.589:208.748,335.464:209.478,341.921:209.634,342.238:205.594,339.156:200.382,337.035:194.274,337.420:188.101,340.700:181.672,344.595:175.542,347.193:169.199,349.637:164.698,356.323:163.798,360.502:163.991,366.803:162.190,370.983:159.940,373.073:154.252,375.613:149.887,379.265:145.124,380.058:139.488,380.579:129.453,380.448:122.917,376.784:117.838,374.253:113.458,372.904:107.029,,,,,,,,,,,,,,,,,,,,,,,,,,,
33->74867,194.916:125.425,198.866:118.313,202.551:111.363,211.572:116.147,,,,,,,,,,,,,,,,,,,,,,,,,,,,,,,,,,,,,,,,,,,,,,,,,,,,,,,,,,,,
33->75205,194.916:125.425,197.616:127.354,213.369:138.991,222.971:147.010,233.022:153.415,239.844:158.207,244.948:162.321,250.837:157.263,256.201:151.742,259.065:147.524,,,,,,,,,,,,,,,,,,,,,,,,,,,,,,,,,,,,,,,,,,,,,,,,,,,,,,
33->80824,194.916:125.425,198.866:118.313,202.551:111.363,211.572:116.147,221.105:119.973,,,,,,,,,,,,,,,,,,,,,,,,,,,,,,,,,,,,,,,,,,,,,,,,,,,,,,,,,,,
33->8318,194.916:125.425,197.616:127.354,213.369:138.991,222.971:147.010,233.022:153.415,239.844:158.207,244.948:162.321,,,,,,,,,,,,,,,,,,,,,,,,,,,,,,,,,,,,,,,,,,,,,,,,,,,,,,,,,
33->84,194.916:125.425,197.616:127.354,213.369:138.991,222.971:147.010,233.022:153.415,239.844:158.207,244.948:162.321,253.540:169.247,263.170:177.010,273.541:183.542,287.395:193.229,295.831:199.530,292.873:204.894,288.446:211.872,285.440:216.278,281.103:222.601,276.312:228.590,272.979:230.361,267.250:233.225,259.282:236.454,254.126:241.349,,,,,,,,,,,,,,,,,,,,,,,,,,,,,,,,,,,,,,,,,,,
33->87392,194.916:125.425,197.616:127.354,213.369:138.991,,,,,,,,,,,,,,,,,,,,,,,,,,,,,,,,,,,,,,,,,,,,,,,,,,,,,,,,,,,,,
33->88,194.916:125.425,197.616:127.354,213.369:138.991,222.971:147.010,233.022:153.415,239.844:158.207,244.948:162.321,253.540:169.247,263.170:177.010,273.541:183.542,287.395:193.229,295.831:199.530,309.789:205.728,323.589:208.748,335.464:209.478,341.921:209.634,347.233:210.050,362.972:211.453,376.773:212.234,,,,,,,,,,,,,,,,,,,,,,,,,,,,,,,,,,,,,,,,,,,,,
33->89653,194.916:125.425,197.616:127.354,213.369:138.991,222.971:147.010,233.022:153.415,239.844:158.207,244.948:162.321,253.540:169.247,263.170:177.010,273.541:183.542,287.395:193.229,295.831:199.530,299.242:195.278,302.353:188.697,304.946:184.788,306.078:181.726,,,,,,,,,,,,,,,,,,,,,,,,,,,,,,,,,,,,,,,,,,,,,,,,
33->89797,194.916:125.425,197.616:127.354,213.369:138.991,222.971:147.010,233.022:153.415,239.844:158.207,244.948:162.321,253.540:169.247,263.170:177.010,273.541:183.542,287.395:193.229,295.831:199.530,292.873:204.894,288.446:211.872,285.440:216.278,281.103:222.601,276.312:228.590,272.979:230.361,277.165:234.213,280.995:236.462,284.216:236.645,290.842:240.474,294.611:242.967,,,,,,,,,,,,,,,,,,,,,,,,,,,,,,,,,,,,,,,,,
33->9048,194.916:125.425,197.616:127.354,213.369:138.991,222.971:147.010,233.022:153.415,239.844:158.207,244.948:162.321,253.540:169.247,263.170:177.010,273.541:183.542,287.395:193.229,295.831:199.530,299.242:195.278,,,,,,,,,,,,,,,,,,,,,,,,,,,,,,,,,,,,,,,,,,,,,,,,,,,
33->91020,194.916:125.425,197.616:127.354,213.369:138.991,222.971:147.010,233.022:153.415,239.844:158.207,244.948:162.321,253.540:169.247,263.170:177.010,273.541:183.542,287.395:193.229,295.831:199.530,309.789:205.728,323.589:208.748,335.464:209.478,341.921:209.634,347.233:210.050,362.972:211.453,,,,,,,,,,,,,,,,,,,,,,,,,,,,,,,,,,,,,,,,,,,,,,
33->92071,194.916:125.425,197.616:127.354,213.369:138.991,222.971:147.010,233.022:153.415,239.844:158.207,244.948:162.321,253.540:169.247,263.170:177.010,273.541:183.542,287.395:193.229,295.831:199.530,292.873:204.894,288.446:211.872,285.440:216.278,281.103:222.601,276.312:228.590,272.979:230.361,277.165:234.213,280.995:236.462,284.216:236.645,290.842:240.474,294.611:242.967,298.441:243.818,295.444:246.775,293.130:249.975,289.092:249.828,284.759:248.203,,,,,,,,,,,,,,,,,,,,,,,,,,,,,,,,,,,,
33->93162,194.916:125.425,197.616:127.354,,,,,,,,,,,,,,,,,,,,,,,,,,,,,,,,,,,,,,,,,,,,,,,,,,,,,,,,,,,,,,
33->95,194.916:125.425,197.616:127.354,213.369:138.991,222.971:147.010,233.022:153.415,239.844:158.207,244.948:162.321,253.540:169.247,263.170:177.010,273.541:183.542,287.395:193.229,295.831:199.530,309.789:205.728,323.589:208.748,,,,,,,,,,,,,,,,,,,,,,,,,,,,,,,,,,,,,,,,,,,,,,,,,,
33->95815,194.916:125.425,197.616:127.354,213.369:138.991,222.971:147.010,233.022:153.415,239.844:158.207,244.948:162.321,253.540:169.247,263.170:177.010,273.541:183.542,266.015:190.376,,,,,,,,,,,,,,,,,,,,,,,,,,,,,,,,,,,,,,,,,,,,,,,,,,,,,
33->96,194.916:125.425,185.207:118.610,172.199:111.308,155.794:103.027,142.814:97.329,130.791:90.707,115.938:83.891,98.846:77.007,89.400:72.165,75.350:65.577,62.374:59.313,,,,,,,,,,,,,,,,,,,,,,,,,,,,,,,,,,,,,,,,,,,,,,,,,,,,,
33->96372,194.916:125.425,197.616:127.354,213.369:138.991,222.971:147.010,220.826:151.867,218.561:155.067,,,,,,,,,,,,,,,,,,,,,,,,,,,,,,,,,,,,,,,,,,,,,,,,,,,,,,,,,,
33->97999,194.916:125.425,197.616:127.354,213.369:138.991,222.971:147.010,233.022:153.415,239.844:158.207,244.948:162.321,253.540:169.247,263.170:177.010,273.541:183.542,287.395:193.229,295.831:199.530,309.789:205.728,307.614:210.781,303.921:217.527,303.034:220.186,303.034:224.470,301.553:226.935,304.068:229.591,313.670:231.954,318.762:234.171,,,,,,,,,,,,,,,,,,,,,,,,,,,,,,,,,,,,,,,,,,,
33->99,194.916:125.425,197.616:127.354,213.369:138.991,222.971:147.010,233.022:153.415,239.844:158.207,,,,,,,,,,,,,,,,,,,,,,,,,,,,,,,,,,,,,,,,,,,,,,,,,,,,,,,,,,
34021->71721,250.817:201.831,253.079:204.706,255.017:208.227,257.144:211.297,258.781:213.446,261.914:216.256,265.242:218.679,267.406:218.259,269.603:216.159,,,,,,,,,,,,,,,,,,,,,,,,,,,,,,,,,,,,,,,,,,,,,,,,,,,,,,,
34021->99,250.817:201.831,253.079:204.706,255.017:208.227,257.144:211.297,258.781:213.446,261.236:210.021,264.143:205.369,264.693:203.237,265.934:202.619,264.577:200.838,261.770:199.201,259.506:196.964,266.015:190.376,273.541:183.542,263.170:177.010,253.540:169.247,244.948:162.321,239.844:158.207,,,,,,,,,,,,,,,,,,,,,,,,,,,,,,,,,,,,,,,,,,,,,,
34135->53303,240.376:190.296,247.361:193.392,253.235:196.647,259.506:196.964,261.770:199.201,264.577:200.838,265.934:202.619,264.693:203.237,264.143:205.369,261.236:210.021,258.781:213.446,257.144:211.297,255.017:208.227,253.079:204.706,250.817:201.831,248.310:201.033,,,,,,,,,,,,,,,,,,,,,,,,,,,,,,,,,,,,,,,,,,,,,,,,
34135->60450,240.376:190.296,239.106:185.931,234.820:180.374,233.788:176.485,234.423:166.563,239.844:158.207,233.022:153.415,,,,,,,,,,,,,,,,,,,,,,,,,,,,,,,,,,,,,,,,,,,,,,,,,,,,,,,,,
34135->88,240.376:190.296,247.361:193.392,253.235:196.647,259.506:196.964,266.015:190.376,273.541:183.542,287.395:193.229,295.831:199.530,309.789:205.728,323.589:208.748,335.464:209.478,341.921:209.634,347.233:210.050,362.972:211.453,376.773:212.234,,,,,,,,,,,,,,,,,,,,,,,,,,,,,,,,,,,,,,,,,,,,,,,,,
35213->105,297.421:215.607,294.565:214.523,288.446:211.872,292.873:204.894,295.831:199.530,287.395:193.229,273.541:183.542,263.170:177.010,253.540:169.247,244.948:162.321,239.844:158.207,233.022:153.415,222.971:147.010,213.369:138.991,197.616:127.354,194.916:125.425,185.207:118.610,172.199:111.308,155.794:103.027,142.814:97.329,,,,,,,,,,,,,,,,,,,,,,,,,,,,,,,,,,,,,,,,,,,,
35213->22,297.421:215.607,294.565:214.523,288.446:211.872,292.873:204.894,295.831:199.530,287.395:193.229,273.541:183.542,263.170:177.010,253.540:169.247,244.948:162.321,239.844:158.207,233.022:153.415,222.971:147.010,213.369:138.991,216.992:130.220,221.105:119.973,211.572:116.147,202.551:111.363,205.899:103.487,,,,,,,,,,,,,,,,,,,,,,,,,,,,,,,,,,,,,,,,,,,,,
35213->8318,297.421:215.607,294.565:214.523,288.446:211.872,292.873:204.894,295.831:199.530,287.395:193.229,273.541:183.542,263.170:177.010,253.540:169.247,244.948:162.321,,,,,,,,,,,,,,,,,,,,,,,,,,,,,,,,,,,,,,,,,,,,,,,,,,,,,,
35213->84,297.421:215.607,294.565:214.523,288.446:211.872,285.440:216.278,281.103:222.601,276.312:228.590,272.979:230.361,267.250:233.225,259.282:236.454,254.126:241.349,,,,,,,,,,,,,,,,,,,,,,,,,,,,,,,,,,,,,,,,,,,,,,,,,,,,,,
35647->95815,265.934:202.619,264.577:200.838,261.770:199.201,259.506:196.964,266.015:190.376,,,,,,,,,,,,,,,,,,,,,,,,,,,,,,,,,,,,,,,,,,,,,,,,,,,,,,,,,,,
37558->120,288.446:211.872,292.873:204.894,295.831:199.530,287.395:193.229,294.046:186.564,298.542:180.289,295.606:173.922,293.252:166.883,292.512:160.225,289.702:155.541,284.986:152.808,279.519:149.801,,,,,,,,,,,,,,,,,,,,,,,,,,,,,,,,,,,,,,,,,,,,,,,,,,,,
37558->13702,288.446:211.872,292.873:204.894,295.831:199.530,287.395:193.229,273.541:183.542,,,,,,,,,,,,,,,,,,,,,,,,,,,,,,,,,,,,,,,,,,,,,,,,,,,,,,,,,,,
37558->2344,288.446:211.872,292.873:204.894,295.831:199.530,287.395:193.229,273.541:183.542,263.170:177.010,,,,,,,,,,,,,,,,,,,,,,,,,,,,,,,,,,,,,,,,,,,,,,,,,,,,,,,,,,
37558->45923,288.446:211.872,292.873:204.894,295.831:199.530,309.789:205.728,323.589:208.748,335.464:209.478,341.921:209.634,342.238:205.594,339.156:200.382,337.035:194.274,337.420:188.101,340.700:181.672,344.595:175.542,347.193:169.199,349.637:164.698,356.323:163.798,360.502:163.991,366.803:162.190,370.983:159.940,373.073:154.252,375.613:149.887,379.265:145.124,380.058:139.488,380.579:129.453,380.448:122.917,376.784:117.838,374.253:113.458,372.904:107.029,372.030:100.361,369.808:96.313,367.824:93.376,,,,,,,,,,,,,,,,,,,,,,,,,,,,,,,,,
37558->49024,288.446:211.872,292.873:204.894,295.831:199.530,287.395:193.229,273.541:183.542,266.015:190.376,259.506:196.964,253.235:196.647,247.361:193.392,,,,,,,,,,,,,,,,,,,,,,,,,,,,,,,,,,,,,,,,,,,,,,,,,,,,,,,
37558->5,288.446:211.872,292.873:204.894,295.831:199.530,287.395:193.229,,,,,,,,,,,,,,,,,,,,,,,,,,,,,,,,,,,,,,,,,,,,,,,,,,,,,,,,,,,,
37558->54957,288.446:211.872,292.873:204.894,295.831:199.530,,,,,,,,,,,,,,,,,,,,,,,,,,,,,,,,,,,,,,,,,,,,,,,,,,,,,,,,,,,,,
37558->63253,288.446:211.872,292.873:204.894,295.831:199.530,287.395:193.229,294.046:186.564,298.542:180.289,295.606:173.922,293.252:166.883,292.512:160.225,,,,,,,,,,,,,,,,,,,,,,,,,,,,,,,,,,,,,,,,,,,,,,,,,,,,,,,
37558->9048,288.446:211.872,292.873:204.894,295.831:199.530,299.242:195.278,,,,,,,,,,,,,,,,,,,,,,,,,,,,,,,,,,,,,,,,,,,,,,,,,,,,,,,,,,,,
37558->99,288.446:211.872,292.873:204.894,295.831:199.530,287.395:193.229,273.541:183.542,263.170:177.010,253.540:169.247,244.948:162.321,239.844:158.207,,,,,,,,,,,,,,,,,,,,,,,,,,,,,,,,,,,,,,,,,,,,,,,,,,,,,,,
38321->29992,265.242:218.679,268.214:220.295,270.508:222.104,272.511:221.038,274.514:219.099,276.953:219.281,279.812:220.553,281.103:222.601,285.440:216.278,288.446:211.872,292.873:204.894,295.831:199.530,309.789:205.728,307.614:210.781,,,,,,,,,,,,,,,,,,,,,,,,,,,,,,,,,,,,,,,,,,,,,,,,,,
39216->120,269.223:140.680,273.596:142.477,278.802:146.350,279.519:149.801,,,,,,,,,,,,,,,,,,,,,,,,,,,,,,,,,,,,,,,,,,,,,,,,,,,,,,,,,,,,
39216->80124,269.223:140.680,273.596:142.477,278.802:146.350,279.519:149.801,284.986:152.808,289.702:155.541,292.512:160.225,293.252:166.883,,,,,,,,,,,,,,,,,,,,,,,,,,,,,,,,,,,,,,,,,,,,,,,,,,,,,,,,
39313->92071,275.066:264.683,277.315:262.798,281.266:263.832,286.373:264.865,292.573:265.169,296.768:265.655,301.570:267.905,307.924:268.482,310.951:262.358,306.405:261.082,302.149:258.225,303.183:255.307,305.371:250.930,304.155:246.128,298.441:243.818,295.444:246.775,293.130:249.975,289.092:249.828,284.759:248.203,,,,,,,,,,,,,,,,,,,,,,,,,,,,,,,,,,,,,,,,,,,,,
4->13702,276.312:228.590,281.103:222.601,285.440:216.278,288.446:211.872,292.873:204.894,295.831:199.530,287.395:193.229,273.541:183.542,,,,,,,,,,,,,,,,,,,,,,,,,,,,,,,,,,,,,,,,,,,,,,,,,,,,,,,,
40323->105,303.034:224.470,303.034:220.186,303.921:217.527,307.614:210.781,309.789:205.728,295.831:199.530,287.395:193.229,273.541:183.542,263.170:177.010,253.540:169.247,244.948:162.321,239.844:158.207,233.022:153.415,222.971:147.010,213.369:138.991,197.616:127.354,194.916:125.425,185.207:118.610,172.199:111.308,155.794:103.027,142.814:97.329,,,,,,,,,,,,,,,,,,,,,,,,,,,,,,,,,,,,,,,,,,,
40323->13,303.034:224.470,303.034:220.186,303.921:217.527,307.614:210.781,309.789:205.728,323.589:208.748,335.464:209.478,341.921:209.634,347.233:210.050,362.972:211.453,376.773:212.234,389.688:214.526,399.251:216.457,,,,,,,,,,,,,,,,,,,,,,,,,,,,,,,,,,,,,,,,,,,,,,,,,,,
40323->22,303.034:224.470,303.034:220.186,303.921:217.527,307.614:210.781,309.789:205.728,295.831:199.530,287.395:193.229,273.541:183.542,263.170:177.010,253.540:169.247,244.948:162.321,239.844:158.207,233.022:153.415,222.971:147.010,213.369:138.991,216.992:130.220,221.105:119.973,211.572:116.147,202.551:111.363,205.899:103.487,,,,,,,,,,,,,,,,,,,,,,,,,,,,,,,,,,,,,,,,,,,,
40323->31591,303.034:224.470,303.034:220.186,303.921:217.527,307.614:210.781,309.789:205.728,295.831:199.530,287.395:193.229,273.541:183.542,263.170:177.010,253.540:169.247,,,,,,,,,,,,,,,,,,,,,,,,,,,,,,,,,,,,,,,,,,,,,,,,,,,,,,
40323->32,303.034:224.470,303.034:220.186,303.921:217.527,307.614:210.781,309.789:205.728,295.831:199.530,287.395:193.229,273.541:183.542,266.015:190.376,259.506:196.964,253.235:196.647,247.361:193.392,240.376:190.296,239.106:185.931,,,,,,,,,,,,,,,,,,,,,,,,,,,,,,,,,,,,,,,,,,,,,,,,,,
40323->58365,303.034:224.470,303.034:220.186,299.489:219.408,297.421:215.607,294.565:214.523,288.446:211.872,285.440:216.278,283.721:215.043,280.749:214.236,276.735:213.986,273.745:211.032,271.617:208.929,,,,,,,,,,,,,,,,,,,,,,,,,,,,,,,,,,,,,,,,,,,,,,,,,,,,
40323->95,303.034:224.470,303.034:220.186,303.921:217.527,307.614:210.781,309.789:205.728,323.589:208.748,,,,,,,,,,,,,,,,,,,,,,,,,,,,,,,,,,,,,,,,,,,,,,,,,,,,,,,,,,
40323->95815,303.034:224.470,303.034:220.186,303.921:217.527,307.614:210.781,309.789:205.728,295.831:199.530,287.395:193.229,273.541:183.542,266.015:190.376,,,,,,,,,,,,,,,,,,,,,,,,,,,,,,,,,,,,,,,,,,,,,,,,,,,,,,,
41841->101,342.238:205.594,341.921:209.634,335.464:209.478,323.589:208.748,309.789:205.728,295.831:199.530,292.873:204.894,288.446:211.872,285.440:216.278,281.103:222.601,276.312:228.590,272.979:230.361,267.250:233.225,259.282:236.454,254.126:241.349,246.002:247.443,244.804:252.182,245.377:255.931,252.303:260.983,256.991:265.618,257.355:270.201,,,,,,,,,,,,,,,,,,,,,,,,,,,,,,,,,,,,,,,,,,,
41841->105,342.238:205.594,341.921:209.634,335.464:209.478,323.589:208.748,309.789:205.728,295.831:199.530,287.395:193.229,273.541:183.542,263.170:177.010,253.540:169.247,244.948:162.321,239.844:158.207,233.022:153.415,222.971:147.010,213.369:138.991,197.616:127.354,194.916:125.425,185.207:118.610,172.199:111.308,155.794:103.027,142.814:97.329,,,,,,,,,,,,,,,,,,,,,,,,,,,,,,,,,,,,,,,,,,,
41841->11404,342.238:205.594,341.921:209.634,335.464:209.478,323.589:208.748,309.789:205.728,295.831:199.530,287.395:193.229,294.046:186.564,298.542:180.289,295.606:173.922,,,,,,,,,,,,,,,,,,,,,,,,,,,,,,,,,,,,,,,,,,,,,,,,,,,,,,
41841->120,342.238:205.594,341.921:209.634,335.464:209.478,323.589:208.748,309.789:205.728,295.831:199.530,287.395:193.229,294.046:186.564,298.542:180.289,295.606:173.922,293.252:166.883,292.512:160.225,289.702:155.541,284.986:152.808,279.519:149.801,,,,,,,,,,,,,,,,,,,,,,,,,,,,,,,,,,,,,,,,,,,,,,,,,
41841->13,342.238:205.594,341.921:209.634,347.233:210.050,362.972:211.453,376.773:212.234,389.688:214.526,399.251:216.457,,,,,,,,,,,,,,,,,,,,,,,,,,,,,,,,,,,,,,,,,,,,,,,,,,,,,,,,,
41841->13568,342.238:205.594,341.921:209.634,335.464:209.478,323.589:208.748,309.789:205.728,295.831:199.530,287.395:193.229,273.541:183.542,263.170:177.010,253.540:169.247,244.948:162.321,239.844:158.207,233.022:153.415,222.971:147.010,213.369:138.991,216.992:130.220,,,,,,,,,,,,,,,,,,,,,,,,,,,,,,,,,,,,,,,,,,,,,,,,
41841->13702,342.238:205.594,341.921:209.634,335.464:209.478,323.589:208.748,309.789:205.728,295.831:199.530,287.395:193.229,273.541:183.542,,,,,,,,,,,,,,,,,,,,,,,,,,,,,,,,,,,,,,,,,,,,,,,,,,,,,,,,
41841->14185,342.238:205.594,341.921:209.634,335.464:209.478,323.589:208.748,309.789:205.728,295.831:199.530,299.242:195.278,302.353:188.697,304.946:184.788,,,,,,,,,,,,,,,,,,,,,,,,,,,,,,,,,,,,,,,,,,,,,,,,,,,,,,,
41841->20601,342.238:205.594,341.921:209.634,335.464:209.478,323.589:208.748,309.789:205.728,295.831:199.530,287.395:193.229,294.046:186.564,298.542:180.289,,,,,,,,,,,,,,,,,,,,,,,,,,,,,,,,,,,,,,,,,,,,,,,,,,,,,,,
41841->21444,342.238:205.594,341.921:209.634,335.464:209.478,323.589:208.748,309.789:205.728,295.831:199.530,287.395:193.229,273.541:183.542,263.170:177.010,253.540:169.247,244.948:162.321,250.837:157.263,,,,,,,,,,,,,,,,,,,,,,,,,,,,,,,,,,,,,,,,,,,,,,,,,,,,
41841->22,342.238:205.594,341.921:209.634,335.464:209.478,323.589:208.748,309.789:205.728,295.831:199.530,287.395:193.229,273.541:183.542,263.170:177.010,253.540:169.247,244.948:162.321,239.844:158.207,233.022:153.415,222.971:147.010,213.369:138.991,216.992:130.220,221.105:119.973,211.572:116.147,202.551:111.363,205.899:103.487,,,,,,,,,,,,,,,,,,,,,,,,,,,,,,,,,,,,,,,,,,,,
41841->2344,342.238:205.594,341.921:209.634,335.464:209.478,323.589:208.748,309.789:205.728,295.831:199.530,287.395:193.229,273.541:183.542,263.170:177.010,,,,,,,,,,,,,,,,,,,,,,,,,,,,,,,,,,,,,,,,,,,,,,,,,,,,,,,
41841->24817,342.238:205.594,341.921:209.634,335.464:209.478,,,,,,,,,,,,,,,,,,,,,,,,,,,,,,,,,,,,,,,,,,,,,,,,,,,,,,,,,,,,,
41841->26858,342.238:205.594,341.921:209.634,347.233:210.050,,,,,,,,,,,,,,,,,,,,,,,,,,,,,,,,,,,,,,,,,,,,,,,,,,,,,,,,,,,,,
41841->29992,342.238:205.594,341.921:209.634,335.464:209.478,323.589:208.748,309.789:205.728,307.614:210.781,,,,,,,,,,,,,,,,,,,,,,,,,,,,,,,,,,,,,,,,,,,,,,,,,,,,,,,,,,
41841->32,342.238:205.594,341.921:209.634,335.464:209.478,323.589:208.748,309.789:205.728,295.831:199.530,287.395:193.229,273.541:183.542,266.015:190.376,259.506:196.964,253.235:196.647,247.361:193.392,240.376:190.296,239.106:185.931,,,,,,,,,,,,,,,,,,,,,,,,,,,,,,,,,,,,,,,,,,,,,,,,,,
41841->33,342.238:205.594,341.921:209.634,335.464:209.478,323.589:208.748,309.789:205.728,295.831:199.530,287.395:193.229,273.541:183.542,263.170:177.010,253.540:169.247,244.948:162.321,239.844:158.207,233.022:153.415,222.971:147.010,213.369:138.991,197.616:127.354,194.916:125.425,,,,,,,,,,,,,,,,,,,,,,,,,,,,,,,,,,,,,,,,,,,,,,,
41841->44615,342.238:205.594,341.921:209.634,335.464:209.478,323.589:208.748,309.789:205.728,,,,,,,,,,,,,,,,,,,,,,,,,,,,,,,,,,,,,,,,,,,,,,,,,,,,,,,,,,,
41841->49,342.238:205.594,341.921:209.634,347.233:210.050,346.414:220.501,347.233:231.470,342.284:235.228,339.995:239.670,337.398:245.240,333.639:250.297,327.249:249.579,324.140:249.853,323.730:252.620,319.322:252.825,317.921:257.472,310.951:262.358,,,,,,,,,,,,,,,,,,,,,,,,,,,,,,,,,,,,,,,,,,,,,,,,,
41841->5,342.238:205.594,341.921:209.634,335.464:209.478,323.589:208.748,309.789:205.728,295.831:199.530,287.395:193.229,,,,,,,,,,,,,,,,,,,,,,,,,,,,,,,,,,,,,,,,,,,,,,,,,,,,,,,,,
41841->51552,342.238:205.594,341.921:209.634,335.464:209.478,323.589:208.748,309.789:205.728,295.831:199.530,292.873:204.894,288.446:211.872,285.440:216.278,281.103:222.601,276.312:228.590,272.979:230.361,277.165:234.213,280.995:236.462,,,,,,,,,,,,,,,,,,,,,,,,,,,,,,,,,,,,,,,,,,,,,,,,,,
41841->52367,342.238:205.594,341.921:209.634,335.464:209.478,323.589:208.748,309.789:205.728,307.614:210.781,303.921:217.527,303.034:220.186,303.034:224.470,301.553:226.935,304.068:229.591,,,,,,,,,,,,,,,,,,,,,,,,,,,,,,,,,,,,,,,,,,,,,,,,,,,,,
41841->60450,342.238:205.594,341.921:209.634,335.464:209.478,323.589:208.748,309.789:205.728,295.831:199.530,287.395:193.229,273.541:183.542,263.170:177.010,253.540:169.247,244.948:162.321,239.844:158.207,233.022:153.415,,,,,,,,,,,,,,,,,,,,,,,,,,,,,,,,,,,,,,,,,,,,,,,,,,,
41841->64018,342.238:205.594,341.921:209.634,335.464:209.478,323.589:208.748,309.789:205.728,295.831:199.530,287.395:193.229,294.046:186.564,,,,,,,,,,,,,,,,,,,,,,,,,,,,,,,,,,,,,,,,,,,,,,,,,,,,,,,,
41841->65385,342.238:205.594,341.921:209.634,335.464:209.478,323.589:208.748,309.789:205.728,307.614:210.781,303.921:217.527,303.034:220.186,299.489:219.408,,,,,,,,,,,,,,,,,,,,,,,,,,,,,,,,,,,,,,,,,,,,,,,,,,,,,,,
41841->66,342.238:205.594,341.921:209.634,335.464:209.478,323.589:208.748,309.789:205.728,295.831:199.530,287.395:193.229,273.541:183.542,263.170:177.010,253.540:169.247,244.948:162.321,239.844:158.207,233.022:153.415,222.971:147.010,213.369:138.991,197.616:127.354,194.916:125.425,185.207:118.610,172.199:111.308,155.794:103.027,142.814:97.329,130.791:90.707,115.938:83.891,98.846:77.007,89.400:72.165,75.350:65.577,62.374:59.313,54.849:55.263,47.679:49.139,40.809:41.372,35.471:35.856,23.833:26.340,13.949:16.375,,,,,,,,,,,,,,,,,,,,,,,,,,,,,,,
41841->72974,342.238:205.594,341.921:209.634,335.464:209.478,323.589:208.748,309.789:205.728,295.831:199.530,287.395:193.229,273.541:183.542,263.170:177.010,253.540:169.247,244.948:162.321,250.837:157.263,256.201:151.742,,,,,,,,,,,,,,,,,,,,,,,,,,,,,,,,,,,,,,,,,,,,,,,,,,,
41841->76205,342.238:205.594,339.156:200.382,337.035:194.274,337.420:188.101,340.700:181.672,344.595:175.542,347.193:169.199,349.637:164.698,356.323:163.798,360.502:163.991,366.803:162.190,370.983:159.940,373.073:154.252,375.613:149.887,379.265:145.124,380.058:139.488,,,,,,,,,,,,,,,,,,,,,,,,,,,,,,,,,,,,,,,,,,,,,,,,
41841->78345,342.238:205.594,341.921:209.634,347.233:210.050,362.972:211.453,376.773:212.234,377.269:207.599,376.158:201.725,370.983:196.328,367.109:189.263,,,,,,,,,,,,,,,,,,,,,,,,,,,,,,,,,,,,,,,,,,,,,,,,,,,,,,,
41841->79100,342.238:205.594,341.921:209.634,335.464:209.478,323.589:208.748,309.789:205.728,295.831:199.530,292.873:204.894,288.446:211.872,285.440:216.278,281.103:222.601,279.812:220.553,,,,,,,,,,,,,,,,,,,,,,,,,,,,,,,,,,,,,,,,,,,,,,,,,,,,,
41841->80124,342.238:205.594,341.921:209.634,335.464:209.478,323.589:208.748,309.789:205.728,295.831:199.530,287.395:193.229,294.046:186.564,298.542:180.289,295.606:173.922,293.252:166.883,,,,,,,,,,,,,,,,,,,,,,,,,,,,,,,,,,,,,,,,,,,,,,,,,,,,,
41841->8318,342.238:205.594,341.921:209.634,335.464:209.478,323.589:208.748,309.789:205.728,295.831:199.530,287.395:193.229,273.541:183.542,263.170:177.010,253.540:169.247,244.948:162.321,,,,,,,,,,,,,,,,,,,,,,,,,,,,,,,,,,,,,,,,,,,,,,,,,,,,,
41841->84,342.238:205.594,341.921:209.634,335.464:209.478,323.589:208.748,309.789:205.728,295.831:199.530,292.873:204.894,288.446:211.872,285.440:216.278,281.103:222.601,276.312:228.590,272.979:230.361,267.250:233.225,259.282:236.454,254.126:241.349,,,,,,,,,,,,,,,,,,,,,,,,,,,,,,,,,,,,,,,,,,,,,,,,,
41841->85873,342.238:205.594,341.921:209.634,347.233:210.050,346.414:220.501,347.233:231.470,342.284:235.228,339.995:239.670,333.435:238.898,326.689:238.012,,,,,,,,,,,,,,,,,,,,,,,,,,,,,,,,,,,,,,,,,,,,,,,,,,,,,,,
41841->88,342.238:205.594,341.921:209.634,347.233:210.050,362.972:211.453,376.773:212.234,,,,,,,,,,,,,,,,,,,,,,,,,,,,,,,,,,,,,,,,,,,,,,,,,,,,,,,,,,,
41841->9048,342.238:205.594,341.921:209.634,335.464:209.478,323.589:208.748,309.789:205.728,295.831:199.530,299.242:195.278,,,,,,,,,,,,,,,,,,,,,,,,,,,,,,,,,,,,,,,,,,,,,,,,,,,,,,,,,
41841->91020,342.238:205.594,341.921:209.634,347.233:210.050,362.972:211.453,,,,,,,,,,,,,,,,,,,,,,,,,,,,,,,,,,,,,,,,,,,,,,,,,,,,,,,,,,,,
41841->92,342.238:205.594,339.156:200.382,337.035:194.274,337.420:188.101,340.700:181.672,344.595:175.542,347.193:169.199,349.637:164.698,356.323:163.798,360.502:163.991,366.803:162.190,370.983:159.940,373.073:154.252,375.613:149.887,379.265:145.124,380.058:139.488,380.579:129.453,380.448:122.917,376.784:117.838,374.253:113.458,372.904:107.029,372.030:100.361,369.808:96.313,367.824:93.376,368.459:87.820,371.554:82.184,375.523:78.533,377.031:74.088,380.048:69.722,379.571:66.626,381.397:63.134,,,,,,,,,,,,,,,,,,,,,,,,,,,,,,,,,
41841->95,342.238:205.594,341.921:209.634,335.464:209.478,323.589:208.748,,,,,,,,,,,,,,,,,,,,,,,,,,,,,,,,,,,,,,,,,,,,,,,,,,,,,,,,,,,,
41841->97999,342.238:205.594,341.921:209.634,347.233:210.050,346.414:220.501,347.233:231.470,342.284:235.228,339.995:239.670,333.435:238.898,326.689:238.012,318.762:234.171,,,,,,,,,,,,,,,,,,,,,,,,,,,,,,,,,,,,,,,,,,,,,,,,,,,,,,
41841->99,342.238:205.594,341.921:209.634,335.464:209.478,323.589:208.748,309.789:205.728,295.831:199.530,287.395:193.229,273.541:183.542,263.170:177.010,253.540:169.247,244.948:162.321,239.844:158.207,,,,,,,,,,,,,,,,,,,,,,,,,,,,,,,,,,,,,,,,,,,,,,,,,,,,
4313->48339,342.284:235.228,347.233:231.470,346.414:220.501,347.233:210.050,341.921:209.634,,,,,,,,,,,,,,,,,,,,,,,,,,,,,,,,,,,,,,,,,,,,,,,,,,,,,,,,,,,
4313->49,342.284:235.228,339.995:239.670,337.398:245.240,333.639:250.297,327.249:249.579,324.140:249.853,323.730:252.620,319.322:252.825,317.921:257.472,310.951:262.358,,,,,,,,,,,,,,,,,,,,,,,,,,,,,,,,,,,,,,,,,,,,,,,,,,,,,,
4313->9048,342.284:235.228,347.233:231.470,346.414:220.501,347.233:210.050,341.921:209.634,335.464:209.478,323.589:208.748,309.789:205.728,295.831:199.530,299.242:195.278,,,,,,,,,,,,,,,,,,,,,,,,,,,,,,,,,,,,,,,,,,,,,,,,,,,,,,
4313->95,342.284:235.228,347.233:231.470,346.414:220.501,347.233:210.050,341.921:209.634,335.464:209.478,323.589:208.748,,,,,,,,,,,,,,,,,,,,,,,,,,,,,,,,,,,,,,,,,,,,,,,,,,,,,,,,,
43270->11404,243.600:117.709,241.499:125.514,240.449:129.276,242.392:134.598,248.338:138.117,255.137:140.236,262.142:140.680,269.223:140.680,273.596:142.477,278.802:146.350,279.519:149.801,284.986:152.808,289.702:155.541,292.512:160.225,293.252:166.883,295.606:173.922,,,,,,,,,,,,,,,,,,,,,,,,,,,,,,,,,,,,,,,,,,,,,,,,
43270->120,243.600:117.709,241.499:125.514,240.449:129.276,242.392:134.598,248.338:138.117,255.137:140.236,262.142:140.680,269.223:140.680,273.596:142.477,278.802:146.350,279.519:149.801,,,,,,,,,,,,,,,,,,,,,,,,,,,,,,,,,,,,,,,,,,,,,,,,,,,,,
43270->33,243.600:117.709,241.499:115.908,234.144:111.405,225.588:108.478,212.049:106.101,205.899:103.487,202.551:111.363,198.866:118.313,194.916:125.425,,,,,,,,,,,,,,,,,,,,,,,,,,,,,,,,,,,,,,,,,,,,,,,,,,,,,,,
43270->75646,243.600:117.709,241.499:125.514,240.449:129.276,242.392:134.598,248.338:138.117,255.137:140.236,262.142:140.680,259.065:147.524,256.201:151.742,250.837:157.263,244.948:162.321,253.540:169.247,263.170:177.010,273.541:183.542,287.395:193.229,295.831:199.530,309.789:205.728,323.589:208.748,335.464:209.478,341.921:209.634,342.238:205.594,339.156:200.382,337.035:194.274,337.420:188.101,340.700:181.672,344.595:175.542,347.193:169.199,349.637:164.698,356.323:163.798,360.502:163.991,,,,,,,,,,,,,,,,,,,,,,,,,,,,,,,,,,
43270->91020,243.600:117.709,241.499:125.514,240.449:129.276,242.392:134.598,248.338:138.117,255.137:140.236,262.142:140.680,259.065:147.524,256.201:151.742,250.837:157.263,244.948:162.321,253.540:169.247,263.170:177.010,273.541:183.542,287.395:193.229,295.831:199.530,309.789:205.728,323.589:208.748,335.464:209.478,341.921:209.634,347.233:210.050,362.972:211.453,,,,,,,,,,,,,,,,,,,,,,,,,,,,,,,,,,,,,,,,,,
43270->99,243.600:117.709,241.499:125.514,240.449:129.276,231.048:125.270,221.105:119.973,216.992:130.220,213.369:138.991,222.971:147.010,233.022:153.415,239.844:158.207,,,,,,,,,,,,,,,,,,,,,,,,,,,,,,,,,,,,,,,,,,,,,,,,,,,,,,
44615->105,309.789:205.728,295.831:199.530,287.395:193.229,273.541:183.542,263.170:177.010,253.540:169.247,244.948:162.321,239.844:158.207,233.022:153.415,222.971:147.010,213.369:138.991,197.616:127.354,194.916:125.425,185.207:118.610,172.199:111.308,155.794:103.027,142.814:97.329,,,,,,,,,,,,,,,,,,,,,,,,,,,,,,,,,,,,,,,,,,,,,,,
44615->11404,309.789:205.728,295.831:199.530,287.395:193.229,294.046:186.564,298.542:180.289,295.606:173.922,,,,,,,,,,,,,,,,,,,,,,,,,,,,,,,,,,,,,,,,,,,,,,,,,,,,,,,,,,
44615->120,309.789:205.728,295.831:199.530,287.395:193.229,294.046:186.564,298.542:180.289,295.606:173.922,293.252:166.883,292.512:160.225,289.702:155.541,284.986:152.808,279.519:149.801,,,,,,,,,,,,,,,,,,,,,,,,,,,,,,,,,,,,,,,,,,,,,,,,,,,,,
44615->13,309.789:205.728,323.589:208.748,335.464:209.478,341.921:209.634,347.233:210.050,362.972:211.453,376.773:212.234,389.688:214.526,399.251:216.457,,,,,,,,,,,,,,,,,,,,,,,,,,,,,,,,,,,,,,,,,,,,,,,,,,,,,,,
44615->13568,309.789:205.728,295.831:199.530,287.395:193.229,273.541:183.542,263.170:177.010,253.540:169.247,244.948:162.321,239.844:158.207,233.022:153.415,222.971:147.010,213.369:138.991,216.992:130.220,,,,,,,,,,,,,,,,,,,,,,,,,,,,,,,,,,,,,,,,,,,,,,,,,,,,
44615->13702,309.789:205.728,295.831:199.530,287.395:193.229,273.541:183.542,,,,,,,,,,,,,,,,,,,,,,,,,,,,,,,,,,,,,,,,,,,,,,,,,,,,,,,,,,,,
44615->15079,309.789:205.728,323.589:208.748,335.464:209.478,341.921:209.634,342.238:205.594,339.156:200.382,337.035:194.274,337.420:188.101,340.700:181.672,344.595:175.542,347.193:169.199,349.637:164.698,,,,,,,,,,,,,,,,,,,,,,,,,,,,,,,,,,,,,,,,,,,,,,,,,,,,
44615->19448,309.789:205.728,295.831:199.530,292.873:204.894,288.446:211.872,285.440:216.278,,,,,,,,,,,,,,,,,,,,,,,,,,,,,,,,,,,,,,,,,,,,,,,,,,,,,,,,,,,
44615->21444,309.789:205.728,295.831:199.530,287.395:193.229,273.541:183.542,263.170:177.010,253.540:169.247,244.948:162.321,250.837:157.263,,,,,,,,,,,,,,,,,,,,,,,,,,,,,,,,,,,,,,,,,,,,,,,,,,,,,,,,
44615->22,309.789:205.728,295.831:199.530,287.395:193.229,273.541:183.542,263.170:177.010,253.540:169.247,244.948:162.321,239.844:158.207,233.022:153.415,222.971:147.010,213.369:138.991,216.992:130.220,221.105:119.973,211.572:116.147,202.551:111.363,205.899:103.487,,,,,,,,,,,,,,,,,,,,,,,,,,,,,,,,,,,,,,,,,,,,,,,,
44615->23254,309.789:205.728,323.589:208.748,335.464:209.478,341.921:209.634,347.233:210.050,346.414:220.501,,,,,,,,,,,,,,,,,,,,,,,,,,,,,,,,,,,,,,,,,,,,,,,,,,,,,,,,,,
44615->2344,309.789:205.728,295.831:199.530,287.395:193.229,273.541:183.542,263.170:177.010,,,,,,,,,,,,,,,,,,,,,,,,,,,,,,,,,,,,,,,,,,,,,,,,,,,,,,,,,,,
44615->23449,309.789:205.728,295.831:199.530,287.395:193.229,273.541:183.542,263.170:177.010,253.540:169.247,244.948:162.321,250.837:157.263,256.201:151.742,259.065:147.524,262.142:140.680,255.137:140.236,248.338:138.117,,,,,,,,,,,,,,,,,,,,,,,,,,,,,,,,,,,,,,,,,,,,,,,,,,,
44615->24817,309.789:205.728,323.589:208.748,335.464:209.478,,,,,,,,,,,,,,,,,,,,,,,,,,,,,,,,,,,,,,,,,,,,,,,,,,,,,,,,,,,,,
44615->2499,309.789:205.728,323.589:208.748,335.464:209.478,341.921:209.634,342.238:205.594,339.156:200.382,337.035:194.274,337.420:188.101,340.700:181.672,344.595:175.542,347.193:169.199,349.637:164.698,356.323:163.798,360.502:163.991,366.803:162.190,370.983:159.940,373.073:154.252,375.613:149.887,379.265:145.124,380.058:139.488,380.579:129.453,380.448:122.917,376.784:117.838,,,,,,,,,,,,,,,,,,,,,,,,,,,,,,,,,,,,,,,,,
44615->26858,309.789:205.728,323.589:208.748,335.464:209.478,341.921:209.634,347.233:210.050,,,,,,,,,,,,,,,,,,,,,,,,,,,,,,,,,,,,,,,,,,,,,,,,,,,,,,,,,,,
44615->29230,309.789:205.728,295.831:199.530,287.395:193.229,273.541:183.542,263.170:177.010,253.540:169.247,244.948:162.321,250.837:157.263,256.201:151.742,259.065:147.524,262.142:140.680,255.137:140.236,248.338:138.117,242.392:134.598,240.449:129.276,241.499:125.514,,,,,,,,,,,,,,,,,,,,,,,,,,,,,,,,,,,,,,,,,,,,,,,,
44615->31591,309.789:205.728,295.831:199.530,287.395:193.229,273.541:183.542,263.170:177.010,253.540:169.247,,,,,,,,,,,,,,,,,,,,,,,,,,,,,,,,,,,,,,,,,,,,,,,,,,,,,,,,,,
44615->32,309.789:205.728,295.831:199.530,287.395:193.229,273.541:183.542,266.015:190.376,259.506:196.964,253.235:196.647,247.361:193.392,240.376:190.296,239.106:185.931,,,,,,,,,,,,,,,,,,,,,,,,,,,,,,,,,,,,,,,,,,,,,,,,,,,,,,
44615->32446,309.789:205.728,307.614:210.781,303.921:217.527,303.034:220.186,303.034:224.470,301.553:226.935,,,,,,,,,,,,,,,,,,,,,,,,,,,,,,,,,,,,,,,,,,,,,,,,,,,,,,,,,,
44615->33,309.789:205.728,295.831:199.530,287.395:193.229,273.541:183.542,263.170:177.010,253.540:169.247,244.948:162.321,239.844:158.207,233.022:153.415,222.971:147.010,213.369:138.991,197.616:127.354,194.916:125.425,,,,,,,,,,,,,,,,,,,,,,,,,,,,,,,,,,,,,,,,,,,,,,,,,,,
44615->48921,309.789:205.728,295.831:199.530,287.395:193.229,294.046:186.564,298.542:180.289,295.606:173.922,298.583:174.490,,,,,,,,,,,,,,,,,,,,,,,,,,,,,,,,,,,,,,,,,,,,,,,,,,,,,,,,,
44615->49,309.789:205.728,323.589:208.748,335.464:209.478,341.921:209.634,347.233:210.050,346.414:220.501,347.233:231.470,342.284:235.228,339.995:239.670,337.398:245.240,333.639:250.297,327.249:249.579,324.140:249.853,323.730:252.620,319.322:252.825,317.921:257.472,310.951:262.358,,,,,,,,,,,,,,,,,,,,,,,,,,,,,,,,,,,,,,,,,,,,,,,
44615->5,309.789:205.728,295.831:199.530,287.395:193.229,,,,,,,,,,,,,,,,,,,,,,,,,,,,,,,,,,,,,,,,,,,,,,,,,,,,,,,,,,,,,
44615->51286,309.789:205.728,295.831:199.530,287.395:193.229,273.541:183.542,263.170:177.010,253.540:169.247,244.948:162.321,239.844:158.207,234.423:166.563,233.788:176.485,,,,,,,,,,,,,,,,,,,,,,,,,,,,,,,,,,,,,,,,,,,,,,,,,,,,,,
44615->64018,309.789:205.728,295.831:199.530,287.395:193.229,294.046:186.564,,,,,,,,,,,,,,,,,,,,,,,,,,,,,,,,,,,,,,,,,,,,,,,,,,,,,,,,,,,,
44615->71721,309.789:205.728,295.831:199.530,292.873:204.894,288.446:211.872,285.440:216.278,283.721:215.043,280.749:214.236,276.735:213.986,273.745:211.032,271.999:212.799,269.603:216.159,,,,,,,,,,,,,,,,,,,,,,,,,,,,,,,,,,,,,,,,,,,,,,,,,,,,,
44615->75205,309.789:205.728,295.831:199.530,287.395:193.229,273.541:183.542,263.170:177.010,253.540:169.247,244.948:162.321,250.837:157.263,256.201:151.742,259.065:147.524,,,,,,,,,,,,,,,,,,,,,,,,,,,,,,,,,,,,,,,,,,,,,,,,,,,,,,
44615->76205,309.789:205.728,323.589:208.748,335.464:209.478,341.921:209.634,342.238:205.594,339.156:200.382,337.035:194.274,337.420:188.101,340.700:181.672,344.595:175.542,347.193:169.199,349.637:164.698,356.323:163.798,360.502:163.991,366.803:162.190,370.983:159.940,373.073:154.252,375.613:149.887,379.265:145.124,380.058:139.488,,,,,,,,,,,,,,,,,,,,,,,,,,,,,,,,,,,,,,,,,,,,
44615->79694,309.789:205.728,307.614:210.781,303.921:217.527,303.034:220.186,303.034:224.470,301.553:226.935,304.068:229.591,313.670:231.954,,,,,,,,,,,,,,,,,,,,,,,,,,,,,,,,,,,,,,,,,,,,,,,,,,,,,,,,
44615->80124,309.789:205.728,295.831:199.530,287.395:193.229,294.046:186.564,298.542:180.289,295.606:173.922,293.252:166.883,,,,,,,,,,,,,,,,,,,,,,,,,,,,,,,,,,,,,,,,,,,,,,,,,,,,,,,,,
44615->84,309.789:205.728,295.831:199.530,292.873:204.894,288.446:211.872,285.440:216.278,281.103:222.601,276.312:228.590,272.979:230.361,267.250:233.225,259.282:236.454,254.126:241.349,,,,,,,,,,,,,,,,,,,,,,,,,,,,,,,,,,,,,,,,,,,,,,,,,,,,,
44615->87392,309.789:205.728,295.831:199.530,287.395:193.229,273.541:183.542,263.170:177.010,253.540:169.247,244.948:162.321,239.844:158.207,233.022:153.415,222.971:147.010,213.369:138.991,,,,,,,,,,,,,,,,,,,,,,,,,,,,,,,,,,,,,,,,,,,,,,,,,,,,,
44615->88,309.789:205.728,323.589:208.748,335.464:209.478,341.921:209.634,347.233:210.050,362.972:211.453,376.773:212.234,,,,,,,,,,,,,,,,,,,,,,,,,,,,,,,,,,,,,,,,,,,,,,,,,,,,,,,,,
44615->89653,309.789:205.728,295.831:199.530,299.242:195.278,302.353:188.697,304.946:184.788,306.078:181.726,,,,,,,,,,,,,,,,,,,,,,,,,,,,,,,,,,,,,,,,,,,,,,,,,,,,,,,,,,
44615->90040,309.789:205.728,323.589:208.748,335.464:209.478,341.921:209.634,342.238:205.594,339.156:200.382,337.035:194.274,337.420:188.101,340.700:181.672,344.595:175.542,347.193:169.199,349.637:164.698,356.323:163.798,360.502:163.991,366.803:162.190,370.983:159.940,373.073:154.252,375.613:149.887,,,,,,,,,,,,,,,,,,,,,,,,,,,,,,,,,,,,,,,,,,,,,,
44615->9048,309.789:205.728,295.831:199.530,299.242:195.278,,,,,,,,,,,,,,,,,,,,,,,,,,,,,,,,,,,,,,,,,,,,,,,,,,,,,,,,,,,,,
44615->92,309.789:205.728,323.589:208.748,335.464:209.478,341.921:209.634,342.238:205.594,339.156:200.382,337.035:194.274,337.420:188.101,340.700:181.672,344.595:175.542,347.193:169.199,349.637:164.698,356.323:163.798,360.502:163.991,366.803:162.190,370.983:159.940,373.073:154.252,375.613:149.887,379.265:145.124,380.058:139.488,380.579:129.453,380.448:122.917,376.784:117.838,374.253:113.458,372.904:107.029,372.030:100.361,369.808:96.313,367.824:93.376,368.459:87.820,371.554:82.184,375.523:78.533,377.031:74.088,380.048:69.722,379.571:66.626,381.397:63.134,,,,,,,,,,,,,,,,,,,,,,,,,,,,,
44615->95,309.789:205.728,323.589:208.748,,,,,,,,,,,,,,,,,,,,,,,,,,,,,,,,,,,,,,,,,,,,,,,,,,,,,,,,,,,,,,
44615->95815,309.789:205.728,295.831:199.530,287.395:193.229,273.541:183.542,266.015:190.376,,,,,,,,,,,,,,,,,,,,,,,,,,,,,,,,,,,,,,,,,,,,,,,,,,,,,,,,,,,
44615->99,309.789:205.728,295.831:199.530,287.395:193.229,273.541:183.542,263.170:177.010,253.540:169.247,244.948:162.321,239.844:158.207,,,,,,,,,,,,,,,,,,,,,,,,,,,,,,,,,,,,,,,,,,,,,,,,,,,,,,,,
45395->13,253.079:204.706,255.017:208.227,257.144:211.297,258.781:213.446,261.236:210.021,264.143:205.369,264.693:203.237,265.934:202.619,264.577:200.838,261.770:199.201,259.506:196.964,266.015:190.376,273.541:183.542,287.395:193.229,295.831:199.530,309.789:205.728,323.589:208.748,335.464:209.478,341.921:209.634,347.233:210.050,362.972:211.453,376.773:212.234,389.688:214.526,399.251:216.457,,,,,,,,,,,,,,,,,,,,,,,,,,,,,,,,,,,,,,,,
45395->13643,253.079:204.706,255.017:208.227,257.144:211.297,258.781:213.446,261.236:210.021,264.143:205.369,264.693:203.237,265.934:202.619,264.577:200.838,261.770:199.201,259.506:196.964,266.015:190.376,273.541:183.542,263.170:177.010,253.540:169.247,244.948:162.321,239.844:158.207,233.022:153.415,222.971:147.010,213.369:138.991,197.616:127.354,194.916:125.425,185.207:118.610,172.199:111.308,169.370:116.347,,,,,,,,,,,,,,,,,,,,,,,,,,,,,,,,,,,,,,,
45395->2894,253.079:204.706,255.017:208.227,257.144:211.297,258.781:213.446,261.236:210.021,264.143:205.369,264.693:203.237,265.934:202.619,264.577:200.838,261.770:199.201,259.506:196.964,266.015:190.376,273.541:183.542,263.170:177.010,253.540:169.247,244.948:162.321,239.844:158.207,233.022:153.415,222.971:147.010,213.369:138.991,211.594:141.393,210.584:143.939,,,,,,,,,,,,,,,,,,,,,,,,,,,,,,,,,,,,,,,,,,
45395->32,253.079:204.706,255.017:208.227,257.144:211.297,258.781:213.446,261.236:210.021,264.143:205.369,264.693:203.237,265.934:202.619,264.577:200.838,261.770:199.201,259.506:196.964,253.235:196.647,247.361:193.392,240.376:190.296,239.106:185.931,,,,,,,,,,,,,,,,,,,,,,,,,,,,,,,,,,,,,,,,,,,,,,,,,
45395->89653,253.079:204.706,255.017:208.227,257.144:211.297,258.781:213.446,261.236:210.021,264.143:205.369,264.693:203.237,265.934:202.619,264.577:200.838,261.770:199.201,259.506:196.964,266.015:190.376,273.541:183.542,287.395:193.229,295.831:199.530,299.242:195.278,302.353:188.697,304.946:184.788,306.078:181.726,,,,,,,,,,,,,,,,,,,,,,,,,,,,,,,,,,,,,,,,,,,,,
45476->13,304.882:179.465,306.078:181.726,304.946:184.788,302.353:188.697,299.242:195.278,295.831:199.530,309.789:205.728,323.589:208.748,335.464:209.478,341.921:209.634,347.233:210.050,362.972:211.453,376.773:212.234,389.688:214.526,399.251:216.457,,,,,,,,,,,,,,,,,,,,,,,,,,,,,,,,,,,,,,,,,,,,,,,,,
45476->22,304.882:179.465,302.782:177.268,298.583:174.490,295.606:173.922,298.542:180.289,294.046:186.564,287.395:193.229,273.541:183.542,263.170:177.010,253.540:169.247,244.948:162.321,239.844:158.207,233.022:153.415,222.971:147.010,213.369:138.991,216.992:130.220,221.105:119.973,211.572:116.147,202.551:111.363,205.899:103.487,,,,,,,,,,,,,,,,,,,,,,,,,,,,,,,,,,,,,,,,,,,,
45476->22615,304.882:179.465,306.078:181.726,304.946:184.788,302.353:188.697,299.242:195.278,295.831:199.530,292.873:204.894,288.446:211.872,285.440:216.278,281.103:222.601,276.312:228.590,272.979:230.361,277.165:234.213,280.995:236.462,284.216:236.645,290.842:240.474,294.611:242.967,298.441:243.818,295.444:246.775,293.130:249.975,,,,,,,,,,,,,,,,,,,,,,,,,,,,,,,,,,,,,,,,,,,,
45476->2344,304.882:179.465,302.782:177.268,298.583:174.490,295.606:173.922,298.542:180.289,294.046:186.564,287.395:193.229,273.541:183.542,263.170:177.010,,,,,,,,,,,,,,,,,,,,,,,,,,,,,,,,,,,,,,,,,,,,,,,,,,,,,,,
45476->23449,304.882:179.465,302.782:177.268,298.583:174.490,295.606:173.922,293.252:166.883,292.512:160.225,289.702:155.541,284.986:152.808,279.519:149.801,278.802:146.350,273.596:142.477,269.223:140.680,262.142:140.680,255.137:140.236,248.338:138.117,,,,,,,,,,,,,,,,,,,,,,,,,,,,,,,,,,,,,,,,,,,,,,,,,
45476->2757,304.882:179.465,306.078:181.726,304.946:184.788,302.353:188.697,,,,,,,,,,,,,,,,,,,,,,,,,,,,,,,,,,,,,,,,,,,,,,,,,,,,,,,,,,,,
45476->33,304.882:179.465,302.782:177.268,298.583:174.490,295.606:173.922,298.542:180.289,294.046:186.564,287.395:193.229,273.541:183.542,263.170:177.010,253.540:169.247,244.948:162.321,239.844:158.207,233.022:153.415,222.971:147.010,213.369:138.991,197.616:127.354,194.916:125.425,,,,,,,,,,,,,,,,,,,,,,,,,,,,,,,,,,,,,,,,,,,,,,,
45476->49,304.882:179.465,306.078:181.726,304.946:184.788,302.353:188.697,299.242:195.278,295.831:199.530,309.789:205.728,323.589:208.748,335.464:209.478,341.921:209.634,347.233:210.050,346.414:220.501,347.233:231.470,342.284:235.228,339.995:239.670,337.398:245.240,333.639:250.297,327.249:249.579,324.140:249.853,323.730:252.620,319.322:252.825,317.921:257.472,310.951:262.358,,,,,,,,,,,,,,,,,,,,,,,,,,,,,,,,,,,,,,,,,
45476->5,304.882:179.465,302.782:177.268,298.583:174.490,295.606:173.922,298.542:180.289,294.046:186.564,287.395:193.229,,,,,,,,,,,,,,,,,,,,,,,,,,,,,,,,,,,,,,,,,,,,,,,,,,,,,,,,,
45476->51552,304.882:179.465,306.078:181.726,304.946:184.788,302.353:188.697,299.242:195.278,295.831:199.530,292.873:204.894,288.446:211.872,285.440:216.278,281.103:222.601,276.312:228.590,272.979:230.361,277.165:234.213,280.995:236.462,,,,,,,,,,,,,,,,,,,,,,,,,,,,,,,,,,,,,,,,,,,,,,,,,,
45476->69762,304.882:179.465,302.782:177.268,298.583:174.490,295.606:173.922,293.252:166.883,292.512:160.225,289.702:155.541,284.986:152.808,279.519:149.801,278.802:146.350,273.596:142.477,269.223:140.680,262.142:140.680,255.137:140.236,,,,,,,,,,,,,,,,,,,,,,,,,,,,,,,,,,,,,,,,,,,,,,,,,,
45476->72974,304.882:179.465,302.782:177.268,298.583:174.490,295.606:173.922,298.542:180.289,294.046:186.564,287.395:193.229,273.541:183.542,263.170:177.010,253.540:169.247,244.948:162.321,250.837:157.263,256.201:151.742,,,,,,,,,,,,,,,,,,,,,,,,,,,,,,,,,,,,,,,,,,,,,,,,,,,
45476->84,304.882:179.465,306.078:181.726,304.946:184.788,302.353:188.697,299.242:195.278,295.831:199.530,292.873:204.894,288.446:211.872,285.440:216.278,281.103:222.601,276.312:228.590,272.979:230.361,267.250:233.225,259.282:236.454,254.126:241.349,,,,,,,,,,,,,,,,,,,,,,,,,,,,,,,,,,,,,,,,,,,,,,,,,
45476->89653,304.882:179.465,306.078:181.726,,,,,,,,,,,,,,,,,,,,,,,,,,,,,,,,,,,,,,,,,,,,,,,,,,,,,,,,,,,,,,
45476->99,304.882:179.465,302.782:177.268,298.583:174.490,295.606:173.922,298.542:180.289,294.046:186.564,287.395:193.229,273.541:183.542,263.170:177.010,253.540:169.247,244.948:162.321,239.844:158.207,,,,,,,,,,,,,,,,,,,,,,,,,,,,,,,,,,,,,,,,,,,,,,,,,,,,
45923->13568,367.824:93.376,369.808:96.313,372.030:100.361,372.904:107.029,374.253:113.458,376.784:117.838,380.448:122.917,380.579:129.453,380.058:139.488,379.265:145.124,375.613:149.887,373.073:154.252,370.983:159.940,366.803:162.190,360.502:163.991,356.323:163.798,349.637:164.698,347.193:169.199,344.595:175.542,340.700:181.672,337.420:188.101,337.035:194.274,339.156:200.382,342.238:205.594,341.921:209.634,335.464:209.478,323.589:208.748,309.789:205.728,295.831:199.530,287.395:193.229,273.541:183.542,263.170:177.010,253.540:169.247,244.948:162.321,239.844:158.207,233.022:153.415,222.971:147.010,213.369:138.991,216.992:130.220,,,,,,,,,,,,,,,,,,,,,,,,,
45923->37558,367.824:93.376,369.808:96.313,372.030:100.361,372.904:107.029,374.253:113.458,376.784:117.838,380.448:122.917,380.579:129.453,380.058:139.488,379.265:145.124,375.613:149.887,373.073:154.252,370.983:159.940,366.803:162.190,360.502:163.991,356.323:163.798,349.637:164.698,347.193:169.199,344.595:175.542,340.700:181.672,337.420:188.101,337.035:194.274,339.156:200.382,342.238:205.594,341.921:209.634,335.464:209.478,323.589:208.748,309.789:205.728,295.831:199.530,292.873:204.894,288.446:211.872,,,,,,,,,,,,,,,,,,,,,,,,,,,,,,,,,
48335->76205,333.435:238.898,339.995:239.670,342.284:235.228,347.233:231.470,346.414:220.501,347.233:210.050,362.972:211.453,376.773:212.234,377.269:207.599,376.158:201.725,370.983:196.328,367.109:189.263,368.141:182.992,370.983:179.262,374.094:172.594,373.541:164.692,370.983:159.940,373.073:154.252,375.613:149.887,379.265:145.124,380.058:139.488,,,,,,,,,,,,,,,,,,,,,,,,,,,,,,,,,,,,,,,,,,,
48339->105,341.921:209.634,335.464:209.478,323.589:208.748,309.789:205.728,295.831:199.530,287.395:193.229,273.541:183.542,263.170:177.010,253.540:169.247,244.948:162.321,239.844:158.207,233.022:153.415,222.971:147.010,213.369:138.991,197.616:127.354,194.916:125.425,185.207:118.610,172.199:111.308,155.794:103.027,142.814:97.329,,,,,,,,,,,,,,,,,,,,,,,,,,,,,,,,,,,,,,,,,,,,
48339->13,341.921:209.634,347.233:210.050,362.972:211.453,376.773:212.234,389.688:214.526,399.251:216.457,,,,,,,,,,,,,,,,,,,,,,,,,,,,,,,,,,,,,,,,,,,,,,,,,,,,,,,,,,
48339->13651,341.921:209.634,335.464:209.478,323.589:208.748,309.789:205.728,295.831:199.530,292.873:204.894,,,,,,,,,,,,,,,,,,,,,,,,,,,,,,,,,,,,,,,,,,,,,,,,,,,,,,,,,,
48339->22,341.921:209.634,335.464:209.478,323.589:208.748,309.789:205.728,295.831:199.530,287.395:193.229,273.541:183.542,263.170:177.010,253.540:169.247,244.948:162.321,239.844:158.207,233.022:153.415,222.971:147.010,213.369:138.991,216.992:130.220,221.105:119.973,211.572:116.147,202.551:111.363,205.899:103.487,,,,,,,,,,,,,,,,,,,,,,,,,,,,,,,,,,,,,,,,,,,,,
48339->2344,341.921:209.634,335.464:209.478,323.589:208.748,309.789:205.728,295.831:199.530,287.395:193.229,273.541:183.542,263.170:177.010,,,,,,,,,,,,,,,,,,,,,,,,,,,,,,,,,,,,,,,,,,,,,,,,,,,,,,,,
48339->29992,341.921:209.634,335.464:209.478,323.589:208.748,309.789:205.728,307.614:210.781,,,,,,,,,,,,,,,,,,,,,,,,,,,,,,,,,,,,,,,,,,,,,,,,,,,,,,,,,,,
48339->31591,341.921:209.634,335.464:209.478,323.589:208.748,309.789:205.728,295.831:199.530,287.395:193.229,273.541:183.542,263.170:177.010,253.540:169.247,,,,,,,,,,,,,,,,,,,,,,,,,,,,,,,,,,,,,,,,,,,,,,,,,,,,,,,
48339->4313,341.921:209.634,347.233:210.050,346.414:220.501,347.233:231.470,342.284:235.228,,,,,,,,,,,,,,,,,,,,,,,,,,,,,,,,,,,,,,,,,,,,,,,,,,,,,,,,,,,
48339->49,341.921:209.634,347.233:210.050,346.414:220.501,347.233:231.470,342.284:235.228,339.995:239.670,337.398:245.240,333.639:250.297,327.249:249.579,324.140:249.853,323.730:252.620,319.322:252.825,317.921:257.472,310.951:262.358,,,,,,,,,,,,,,,,,,,,,,,,,,,,,,,,,,,,,,,,,,,,,,,,,,
48339->5,341.921:209.634,335.464:209.478,323.589:208.748,309.789:205.728,295.831:199.530,287.395:193.229,,,,,,,,,,,,,,,,,,,,,,,,,,,,,,,,,,,,,,,,,,,,,,,,,,,,,,,,,,
48339->54957,341.921:209.634,335.464:209.478,323.589:208.748,309.789:205.728,295.831:199.530,,,,,,,,,,,,,,,,,,,,,,,,,,,,,,,,,,,,,,,,,,,,,,,,,,,,,,,,,,,
48339->73767,341.921:209.634,335.464:209.478,323.589:208.748,309.789:205.728,295.831:199.530,287.395:193.229,273.541:183.542,266.015:190.376,259.506:196.964,261.770:199.201,264.577:200.838,265.934:202.619,268.562:205.911,,,,,,,,,,,,,,,,,,,,,,,,,,,,,,,,,,,,,,,,,,,,,,,,,,,
48339->84,341.921:209.634,335.464:209.478,323.589:208.748,309.789:205.728,295.831:199.530,292.873:204.894,288.446:211.872,285.440:216.278,281.103:222.601,276.312:228.590,272.979:230.361,267.250:233.225,259.282:236.454,254.126:241.349,,,,,,,,,,,,,,,,,,,,,,,,,,,,,,,,,,,,,,,,,,,,,,,,,,
48339->89653,341.921:209.634,335.464:209.478,323.589:208.748,309.789:205.728,295.831:199.530,299.242:195.278,302.353:188.697,304.946:184.788,306.078:181.726,,,,,,,,,,,,,,,,,,,,,,,,,,,,,,,,,,,,,,,,,,,,,,,,,,,,,,,
48339->91020,341.921:209.634,347.233:210.050,362.972:211.453,,,,,,,,,,,,,,,,,,,,,,,,,,,,,,,,,,,,,,,,,,,,,,,,,,,,,,,,,,,,,
48339->92,341.921:209.634,347.233:210.050,362.972:211.453,376.773:212.234,377.269:207.599,376.158:201.725,370.983:196.328,367.109:189.263,368.141:182.992,370.983:179.262,374.094:172.594,373.541:164.692,370.983:159.940,373.073:154.252,375.613:149.887,379.265:145.124,380.058:139.488,380.579:129.453,380.448:122.917,376.784:117.838,374.253:113.458,372.904:107.029,372.030:100.361,369.808:96.313,367.824:93.376,368.459:87.820,371.554:82.184,375.523:78.533,377.031:74.088,380.048:69.722,379.571:66.626,381.397:63.134,,,,,,,,,,,,,,,,,,,,,,,,,,,,,,,,
48339->9356,341.921:209.634,335.464:209.478,323.589:208.748,309.789:205.728,295.831:199.530,292.873:204.894,288.446:211.872,285.440:216.278,281.103:222.601,276.312:228.590,272.979:230.361,267.250:233.225,259.282:236.454,,,,,,,,,,,,,,,,,,,,,,,,,,,,,,,,,,,,,,,,,,,,,,,,,,,
48339->95,341.921:209.634,335.464:209.478,323.589:208.748,,,,,,,,,,,,,,,,,,,,,,,,,,,,,,,,,,,,,,,,,,,,,,,,,,,,,,,,,,,,,
48339->97999,341.921:209.634,347.233:210.050,346.414:220.501,347.233:231.470,342.284:235.228,339.995:239.670,333.435:238.898,326.689:238.012,318.762:234.171,,,,,,,,,,,,,,,,,,,,,,,,,,,,,,,,,,,,,,,,,,,,,,,,,,,,,,,
48339->99,341.921:209.634,335.464:209.478,323.589:208.748,309.789:205.728,295.831:199.530,287.395:193.229,273.541:183.542,263.170:177.010,253.540:169.247,244.948:162.321,239.844:158.207,,,,,,,,,,,,,,,,,,,,,,,,,,,,,,,,,,,,,,,,,,,,,,,,,,,,,
48921->11881,298.583:174.490,295.606:173.922,298.542:180.289,294.046:186.564,287.395:193.229,273.541:183.542,263.170:177.010,253.540:169.247,244.948:162.321,239.844:158.207,233.022:153.415,222.971:147.010,,,,,,,,,,,,,,,,,,,,,,,,,,,,,,,,,,,,,,,,,,,,,,,,,,,,
48921->13,298.583:174.490,295.606:173.922,298.542:180.289,294.046:186.564,287.395:193.229,295.831:199.530,309.789:205.728,323.589:208.748,335.464:209.478,341.921:209.634,347.233:210.050,362.972:211.453,376.773:212.234,389.688:214.526,399.251:216.457,,,,,,,,,,,,,,,,,,,,,,,,,,,,,,,,,,,,,,,,,,,,,,,,,
48921->13702,298.583:174.490,295.606:173.922,298.542:180.289,294.046:186.564,287.395:193.229,273.541:183.542,,,,,,,,,,,,,,,,,,,,,,,,,,,,,,,,,,,,,,,,,,,,,,,,,,,,,,,,,,
48921->31591,298.583:174.490,295.606:173.922,298.542:180.289,294.046:186.564,287.395:193.229,273.541:183.542,263.170:177.010,253.540:169.247,,,,,,,,,,,,,,,,,,,,,,,,,,,,,,,,,,,,,,,,,,,,,,,,,,,,,,,,
48921->32,298.583:174.490,295.606:173.922,298.542:180.289,294.046:186.564,287.395:193.229,273.541:183.542,266.015:190.376,259.506:196.964,253.235:196.647,247.361:193.392,240.376:190.296,239.106:185.931,,,,,,,,,,,,,,,,,,,,,,,,,,,,,,,,,,,,,,,,,,,,,,,,,,,,
48921->33,298.583:174.490,295.606:173.922,298.542:180.289,294.046:186.564,287.395:193.229,273.541:183.542,263.170:177.010,253.540:169.247,244.948:162.321,239.844:158.207,233.022:153.415,222.971:147.010,213.369:138.991,197.616:127.354,194.916:125.425,,,,,,,,,,,,,,,,,,,,,,,,,,,,,,,,,,,,,,,,,,,,,,,,,
48921->44615,298.583:174.490,295.606:173.922,298.542:180.289,294.046:186.564,287.395:193.229,295.831:199.530,309.789:205.728,,,,,,,,,,,,,,,,,,,,,,,,,,,,,,,,,,,,,,,,,,,,,,,,,,,,,,,,,
48921->5,298.583:174.490,295.606:173.922,298.542:180.289,294.046:186.564,287.395:193.229,,,,,,,,,,,,,,,,,,,,,,,,,,,,,,,,,,,,,,,,,,,,,,,,,,,,,,,,,,,
48921->72974,298.583:174.490,295.606:173.922,298.542:180.289,294.046:186.564,287.395:193.229,273.541:183.542,263.170:177.010,253.540:169.247,244.948:162.321,250.837:157.263,256.201:151.742,,,,,,,,,,,,,,,,,,,,,,,,,,,,,,,,,,,,,,,,,,,,,,,,,,,,,
48921->74867,298.583:174.490,295.606:173.922,298.542:180.289,294.046:186.564,287.395:193.229,273.541:183.542,263.170:177.010,253.540:169.247,244.948:162.321,239.844:158.207,233.022:153.415,222.971:147.010,213.369:138.991,216.992:130.220,221.105:119.973,211.572:116.147,,,,,,,,,,,,,,,,,,,,,,,,,,,,,,,,,,,,,,,,,,,,,,,,
48921->81533,298.583:174.490,295.606:173.922,298.542:180.289,294.046:186.564,287.395:193.229,295.831:199.530,309.789:205.728,323.589:208.748,335.464:209.478,341.921:209.634,342.238:205.594,339.156:200.382,337.035:194.274,337.420:188.101,,,,,,,,,,,,,,,,,,,,,,,,,,,,,,,,,,,,,,,,,,,,,,,,,,
48921->84,298.583:174.490,295.606:173.922,298.542:180.289,294.046:186.564,287.395:193.229,295.831:199.530,292.873:204.894,288.446:211.872,285.440:216.278,281.103:222.601,276.312:228.590,272.979:230.361,267.250:233.225,259.282:236.454,254.126:241.349,,,,,,,,,,,,,,,,,,,,,,,,,,,,,,,,,,,,,,,,,,,,,,,,,
49->101,310.951:262.358,307.924:268.482,301.987:272.753,293.810:275.357,287.092:277.492,282.770:280.773,276.468:281.138,271.312:281.138,267.823:284.002,264.282:284.939,260.324:280.669,260.428:274.263,257.355:270.201,,,,,,,,,,,,,,,,,,,,,,,,,,,,,,,,,,,,,,,,,,,,,,,,,,,
49->105,310.951:262.358,317.921:257.472,319.322:252.825,323.730:252.620,324.140:249.853,327.249:249.579,333.639:250.297,337.398:245.240,339.995:239.670,342.284:235.228,347.233:231.470,346.414:220.501,347.233:210.050,341.921:209.634,335.464:209.478,323.589:208.748,309.789:205.728,295.831:199.530,287.395:193.229,273.541:183.542,263.170:177.010,253.540:169.247,244.948:162.321,239.844:158.207,233.022:153.415,222.971:147.010,213.369:138.991,197.616:127.354,194.916:125.425,185.207:118.610,172.199:111.308,155.794:103.027,142.814:97.329,,,,,,,,,,,,,,,,,,,,,,,,,,,,,,,
49->11404,310.951:262.358,317.921:257.472,319.322:252.825,323.730:252.620,324.140:249.853,327.249:249.579,333.639:250.297,337.398:245.240,339.995:239.670,342.284:235.228,347.233:231.470,346.414:220.501,347.233:210.050,341.921:209.634,335.464:209.478,323.589:208.748,309.789:205.728,295.831:199.530,287.395:193.229,294.046:186.564,298.542:180.289,295.606:173.922,,,,,,,,,,,,,,,,,,,,,,,,,,,,,,,,,,,,,,,,,,
49->120,310.951:262.358,317.921:257.472,319.322:252.825,323.730:252.620,324.140:249.853,327.249:249.579,333.639:250.297,337.398:245.240,339.995:239.670,342.284:235.228,347.233:231.470,346.414:220.501,347.233:210.050,341.921:209.634,335.464:209.478,323.589:208.748,309.789:205.728,295.831:199.530,287.395:193.229,294.046:186.564,298.542:180.289,295.606:173.922,293.252:166.883,292.512:160.225,289.702:155.541,284.986:152.808,279.519:149.801,,,,,,,,,,,,,,,,,,,,,,,,,,,,,,,,,,,,,
49->13,310.951:262.358,317.921:257.472,319.322:252.825,323.730:252.620,324.140:249.853,327.249:249.579,333.639:250.297,337.398:245.240,339.995:239.670,342.284:235.228,347.233:231.470,346.414:220.501,347.233:210.050,362.972:211.453,376.773:212.234,389.688:214.526,399.251:216.457,,,,,,,,,,,,,,,,,,,,,,,,,,,,,,,,,,,,,,,,,,,,,,,
49->13568,310.951:262.358,317.921:257.472,319.322:252.825,323.730:252.620,324.140:249.853,327.249:249.579,333.639:250.297,337.398:245.240,339.995:239.670,342.284:235.228,347.233:231.470,346.414:220.501,347.233:210.050,341.921:209.634,335.464:209.478,323.589:208.748,309.789:205.728,295.831:199.530,287.395:193.229,273.541:183.542,263.170:177.010,253.540:169.247,244.948:162.321,239.844:158.207,233.022:153.415,222.971:147.010,213.369:138.991,216.992:130.220,,,,,,,,,,,,,,,,,,,,,,,,,,,,,,,,,,,,
49->13702,310.951:262.358,317.921:257.472,319.322:252.825,323.730:252.620,324.140:249.853,327.249:249.579,333.639:250.297,337.398:245.240,339.995:239.670,342.284:235.228,347.233:231.470,346.414:220.501,347.233:210.050,341.921:209.634,335.464:209.478,323.589:208.748,309.789:205.728,295.831:199.530,287.395:193.229,273.541:183.542,,,,,,,,,,,,,,,,,,,,,,,,,,,,,,,,,,,,,,,,,,,,
49->14185,310.951:262.358,317.921:257.472,319.322:252.825,323.730:252.620,324.140:249.853,327.249:249.579,333.639:250.297,337.398:245.240,339.995:239.670,342.284:235.228,347.233:231.470,346.414:220.501,347.233:210.050,341.921:209.634,335.464:209.478,323.589:208.748,309.789:205.728,295.831:199.530,299.242:195.278,302.353:188.697,304.946:184.788,,,,,,,,,,,,,,,,,,,,,,,,,,,,,,,,,,,,,,,,,,,
49->18562,310.951:262.358,306.405:261.082,302.149:258.225,303.183:255.307,305.371:250.930,304.155:246.128,298.441:243.818,294.611:242.967,290.842:240.474,284.216:236.645,280.995:236.462,277.165:234.213,272.979:230.361,276.312:228.590,281.103:222.601,285.440:216.278,283.721:215.043,280.749:214.236,276.735:213.986,273.745:211.032,271.617:208.929,268.562:205.911,265.934:202.619,264.693:203.237,264.143:205.369,,,,,,,,,,,,,,,,,,,,,,,,,,,,,,,,,,,,,,,
49->21444,310.951:262.358,317.921:257.472,319.322:252.825,323.730:252.620,324.140:249.853,327.249:249.579,333.639:250.297,337.398:245.240,339.995:239.670,342.284:235.228,347.233:231.470,346.414:220.501,347.233:210.050,341.921:209.634,335.464:209.478,323.589:208.748,309.789:205.728,295.831:199.530,287.395:193.229,273.541:183.542,263.170:177.010,253.540:169.247,244.948:162.321,250.837:157.263,,,,,,,,,,,,,,,,,,,,,,,,,,,,,,,,,,,,,,,,
49->22,310.951:262.358,317.921:257.472,319.322:252.825,323.730:252.620,324.140:249.853,327.249:249.579,333.639:250.297,337.398:245.240,339.995:239.670,342.284:235.228,347.233:231.470,346.414:220.501,347.233:210.050,341.921:209.634,335.464:209.478,323.589:208.748,309.789:205.728,295.831:199.530,287.395:193.229,273.541:183.542,263.170:177.010,253.540:169.247,244.948:162.321,239.844:158.207,233.022:153.415,222.971:147.010,213.369:138.991,216.992:130.220,221.105:119.973,211.572:116.147,202.551:111.363,205.899:103.487,,,,,,,,,,,,,,,,,,,,,,,,,,,,,,,,
49->22615,310.951:262.358,306.405:261.082,302.149:258.225,303.183:255.307,305.371:250.930,304.155:246.128,298.441:243.818,295.444:246.775,293.130:249.975,,,,,,,,,,,,,,,,,,,,,,,,,,,,,,,,,,,,,,,,,,,,,,,,,,,,,,,
49->23254,310.951:262.358,317.921:257.472,319.322:252.825,323.730:252.620,324.140:249.853,327.249:249.579,333.639:250.297,337.398:245.240,339.995:239.670,342.284:235.228,347.233:231.470,346.414:220.501,,,,,,,,,,,,,,,,,,,,,,,,,,,,,,,,,,,,,,,,,,,,,,,,,,,,
49->2344,310.951:262.358,317.921:257.472,319.322:252.825,323.730:252.620,324.140:249.853,327.249:249.579,333.639:250.297,337.398:245.240,339.995:239.670,342.284:235.228,347.233:231.470,346.414:220.501,347.233:210.050,341.921:209.634,335.464:209.478,323.589:208.748,309.789:205.728,295.831:199.530,287.395:193.229,273.541:183.542,263.170:177.010,,,,,,,,,,,,,,,,,,,,,,,,,,,,,,,,,,,,,,,,,,,
49->23449,310.951:262.358,317.921:257.472,319.322:252.825,323.730:252.620,324.140:249.853,327.249:249.579,333.639:250.297,337.398:245.240,339.995:239.670,342.284:235.228,347.233:231.470,346.414:220.501,347.233:210.050,341.921:209.634,335.464:209.478,323.589:208.748,309.789:205.728,295.831:199.530,287.395:193.229,273.541:183.542,263.170:177.010,253.540:169.247,244.948:162.321,250.837:157.263,256.201:151.742,259.065:147.524,262.142:140.680,255.137:140.236,248.338:138.117,,,,,,,,,,,,,,,,,,,,,,,,,,,,,,,,,,,
49->24817,310.951:262.358,317.921:257.472,319.322:252.825,323.730:252.620,324.140:249.853,327.249:249.579,333.639:250.297,337.398:245.240,339.995:239.670,342.284:235.228,347.233:231.470,346.414:220.501,347.233:210.050,341.921:209.634,335.464:209.478,,,,,,,,,,,,,,,,,,,,,,,,,,,,,,,,,,,,,,,,,,,,,,,,,
49->25121,310.951:262.358,317.921:257.472,319.322:252.825,323.730:252.620,324.140:249.853,327.249:249.579,333.639:250.297,337.398:245.240,339.995:239.670,342.284:235.228,347.233:231.470,346.414:220.501,347.233:210.050,341.921:209.634,335.464:209.478,323.589:208.748,309.789:205.728,295.831:199.530,287.395:193.229,273.541:183.542,263.170:177.010,253.540:169.247,244.948:162.321,239.844:158.207,233.022:153.415,222.971:147.010,213.369:138.991,216.992:130.220,221.105:119.973,231.048:125.270,,,,,,,,,,,,,,,,,,,,,,,,,,,,,,,,,,
49->2552,310.951:262.358,317.921:257.472,319.322:252.825,323.730:252.620,324.140:249.853,327.249:249.579,333.639:250.297,337.398:245.240,339.995:239.670,342.284:235.228,347.233:231.470,346.414:220.501,347.233:210.050,362.972:211.453,376.773:212.234,389.688:214.526,,,,,,,,,,,,,,,,,,,,,,,,,,,,,,,,,,,,,,,,,,,,,,,,
49->26858,310.951:262.358,317.921:257.472,319.322:252.825,323.730:252.620,324.140:249.853,327.249:249.579,333.639:250.297,337.398:245.240,339.995:239.670,342.284:235.228,347.233:231.470,346.414:220.501,347.233:210.050,,,,,,,,,,,,,,,,,,,,,,,,,,,,,,,,,,,,,,,,,,,,,,,,,,,
49->28385,310.951:262.358,317.921:257.472,319.322:252.825,323.730:252.620,324.140:249.853,327.249:249.579,333.639:250.297,337.398:245.240,339.995:239.670,342.284:235.228,347.233:231.470,346.414:220.501,347.233:210.050,341.921:209.634,342.238:205.594,339.156:200.382,337.035:194.274,,,,,,,,,,,,,,,,,,,,,,,,,,,,,,,,,,,,,,,,,,,,,,,
49->2894,310.951:262.358,317.921:257.472,319.322:252.825,323.730:252.620,324.140:249.853,327.249:249.579,333.639:250.297,337.398:245.240,339.995:239.670,342.284:235.228,347.233:231.470,346.414:220.501,347.233:210.050,341.921:209.634,335.464:209.478,323.589:208.748,309.789:205.728,295.831:199.530,287.395:193.229,273.541:183.542,263.170:177.010,253.540:169.247,244.948:162.321,239.844:158.207,233.022:153.415,222.971:147.010,213.369:138.991,211.594:141.393,210.584:143.939,,,,,,,,,,,,,,,,,,,,,,,,,,,,,,,,,,,
49->29992,310.951:262.358,317.921:257.472,319.322:252.825,323.730:252.620,324.140:249.853,327.249:249.579,333.639:250.297,337.398:245.240,339.995:239.670,342.284:235.228,347.233:231.470,346.414:220.501,347.233:210.050,341.921:209.634,335.464:209.478,323.589:208.748,309.789:205.728,307.614:210.781,,,,,,,,,,,,,,,,,,,,,,,,,,,,,,,,,,,,,,,,,,,,,,
49->30620,310.951:262.358,317.921:257.472,319.322:252.825,323.730:252.620,324.140:249.853,327.249:249.579,333.639:250.297,337.398:245.240,339.995:239.670,342.284:235.228,347.233:231.470,346.414:220.501,347.233:210.050,341.921:209.634,342.238:205.594,339.156:200.382,,,,,,,,,,,,,,,,,,,,,,,,,,,,,,,,,,,,,,,,,,,,,,,,
49->31591,310.951:262.358,317.921:257.472,319.322:252.825,323.730:252.620,324.140:249.853,327.249:249.579,333.639:250.297,337.398:245.240,339.995:239.670,342.284:235.228,347.233:231.470,346.414:220.501,347.233:210.050,341.921:209.634,335.464:209.478,323.589:208.748,309.789:205.728,295.831:199.530,287.395:193.229,273.541:183.542,263.170:177.010,253.540:169.247,,,,,,,,,,,,,,,,,,,,,,,,,,,,,,,,,,,,,,,,,,
49->32,310.951:262.358,317.921:257.472,319.322:252.825,323.730:252.620,324.140:249.853,327.249:249.579,333.639:250.297,337.398:245.240,339.995:239.670,342.284:235.228,347.233:231.470,346.414:220.501,347.233:210.050,341.921:209.634,335.464:209.478,323.589:208.748,309.789:205.728,295.831:199.530,287.395:193.229,273.541:183.542,266.015:190.376,259.506:196.964,253.235:196.647,247.361:193.392,240.376:190.296,239.106:185.931,,,,,,,,,,,,,,,,,,,,,,,,,,,,,,,,,,,,,,
49->32446,310.951:262.358,317.921:257.472,319.322:252.825,323.730:252.620,324.140:249.853,327.249:249.579,333.639:250.297,337.398:245.240,339.995:239.670,333.435:238.898,326.689:238.012,318.762:234.171,313.670:231.954,304.068:229.591,301.553:226.935,,,,,,,,,,,,,,,,,,,,,,,,,,,,,,,,,,,,,,,,,,,,,,,,,
49->33,310.951:262.358,317.921:257.472,319.322:252.825,323.730:252.620,324.140:249.853,327.249:249.579,333.639:250.297,337.398:245.240,339.995:239.670,342.284:235.228,347.233:231.470,346.414:220.501,347.233:210.050,341.921:209.634,335.464:209.478,323.589:208.748,309.789:205.728,295.831:199.530,287.395:193.229,273.541:183.542,263.170:177.010,253.540:169.247,244.948:162.321,239.844:158.207,233.022:153.415,222.971:147.010,213.369:138.991,197.616:127.354,194.916:125.425,,,,,,,,,,,,,,,,,,,,,,,,,,,,,,,,,,,
49->41841,310.951:262.358,317.921:257.472,319.322:252.825,323.730:252.620,324.140:249.853,327.249:249.579,333.639:250.297,337.398:245.240,339.995:239.670,342.284:235.228,347.233:231.470,346.414:220.501,347.233:210.050,341.921:209.634,342.238:205.594,,,,,,,,,,,,,,,,,,,,,,,,,,,,,,,,,,,,,,,,,,,,,,,,,
49->44615,310.951:262.358,317.921:257.472,319.322:252.825,323.730:252.620,324.140:249.853,327.249:249.579,333.639:250.297,337.398:245.240,339.995:239.670,342.284:235.228,347.233:231.470,346.414:220.501,347.233:210.050,341.921:209.634,335.464:209.478,323.589:208.748,309.789:205.728,,,,,,,,,,,,,,,,,,,,,,,,,,,,,,,,,,,,,,,,,,,,,,,
49->45476,310.951:262.358,317.921:257.472,319.322:252.825,323.730:252.620,324.140:249.853,327.249:249.579,333.639:250.297,337.398:245.240,339.995:239.670,342.284:235.228,347.233:231.470,346.414:220.501,347.233:210.050,341.921:209.634,335.464:209.478,323.589:208.748,309.789:205.728,295.831:199.530,299.242:195.278,302.353:188.697,304.946:184.788,306.078:181.726,304.882:179.465,,,,,,,,,,,,,,,,,,,,,,,,,,,,,,,,,,,,,,,,,
49->48339,310.951:262.358,317.921:257.472,319.322:252.825,323.730:252.620,324.140:249.853,327.249:249.579,333.639:250.297,337.398:245.240,339.995:239.670,342.284:235.228,347.233:231.470,346.414:220.501,347.233:210.050,341.921:209.634,,,,,,,,,,,,,,,,,,,,,,,,,,,,,,,,,,,,,,,,,,,,,,,,,,
49->49024,310.951:262.358,317.921:257.472,319.322:252.825,323.730:252.620,324.140:249.853,327.249:249.579,333.639:250.297,337.398:245.240,339.995:239.670,342.284:235.228,347.233:231.470,346.414:220.501,347.233:210.050,341.921:209.634,335.464:209.478,323.589:208.748,309.789:205.728,295.831:199.530,287.395:193.229,273.541:183.542,266.015:190.376,259.506:196.964,253.235:196.647,247.361:193.392,,,,,,,,,,,,,,,,,,,,,,,,,,,,,,,,,,,,,,,,
49->5,310.951:262.358,317.921:257.472,319.322:252.825,323.730:252.620,324.140:249.853,327.249:249.579,333.639:250.297,337.398:245.240,339.995:239.670,342.284:235.228,347.233:231.470,346.414:220.501,347.233:210.050,341.921:209.634,335.464:209.478,323.589:208.748,309.789:205.728,295.831:199.530,287.395:193.229,,,,,,,,,,,,,,,,,,,,,,,,,,,,,,,,,,,,,,,,,,,,,
49->50132,310.951:262.358,317.921:257.472,319.322:252.825,323.730:252.620,324.140:249.853,327.249:249.579,333.639:250.297,337.398:245.240,339.995:239.670,333.435:238.898,326.689:238.012,318.762:234.171,313.670:231.954,304.068:229.591,301.553:226.935,303.034:224.470,303.034:220.186,,,,,,,,,,,,,,,,,,,,,,,,,,,,,,,,,,,,,,,,,,,,,,,
49->51552,310.951:262.358,306.405:261.082,302.149:258.225,303.183:255.307,305.371:250.930,304.155:246.128,298.441:243.818,294.611:242.967,290.842:240.474,284.216:236.645,280.995:236.462,,,,,,,,,,,,,,,,,,,,,,,,,,,,,,,,,,,,,,,,,,,,,,,,,,,,,
49->51952,310.951:262.358,317.921:257.472,319.322:252.825,323.730:252.620,324.140:249.853,327.249:249.579,333.639:250.297,337.398:245.240,339.995:239.670,342.284:235.228,347.233:231.470,346.414:220.501,347.233:210.050,341.921:209.634,335.464:209.478,323.589:208.748,309.789:205.728,295.831:199.530,287.395:193.229,273.541:183.542,263.170:177.010,253.540:169.247,244.948:162.321,239.844:158.207,233.022:153.415,222.971:147.010,220.826:151.867,,,,,,,,,,,,,,,,,,,,,,,,,,,,,,,,,,,,,
49->52367,310.951:262.358,317.921:257.472,319.322:252.825,323.730:252.620,324.140:249.853,327.249:249.579,333.639:250.297,337.398:245.240,339.995:239.670,333.435:238.898,326.689:238.012,318.762:234.171,313.670:231.954,304.068:229.591,,,,,,,,,,,,,,,,,,,,,,,,,,,,,,,,,,,,,,,,,,,,,,,,,,
49->52980,310.951:262.358,306.405:261.082,302.149:258.225,303.183:255.307,305.371:250.930,304.155:246.128,298.441:243.818,294.611:242.967,290.842:240.474,284.216:236.645,280.995:236.462,277.165:234.213,272.979:230.361,276.312:228.590,281.103:222.601,285.440:216.278,288.446:211.872,294.565:214.523,,,,,,,,,,,,,,,,,,,,,,,,,,,,,,,,,,,,,,,,,,,,,,
49->53303,310.951:262.358,306.405:261.082,302.149:258.225,303.183:255.307,305.371:250.930,304.155:246.128,298.441:243.818,294.611:242.967,290.842:240.474,284.216:236.645,280.995:236.462,277.165:234.213,272.979:230.361,276.312:228.590,281.103:222.601,279.812:220.553,276.953:219.281,274.514:219.099,272.511:221.038,270.508:222.104,268.214:220.295,265.242:218.679,261.914:216.256,258.781:213.446,257.144:211.297,255.017:208.227,253.079:204.706,250.817:201.831,248.310:201.033,,,,,,,,,,,,,,,,,,,,,,,,,,,,,,,,,,,
49->53940,310.951:262.358,317.921:257.472,319.322:252.825,323.730:252.620,324.140:249.853,327.249:249.579,333.639:250.297,337.398:245.240,339.995:239.670,342.284:235.228,347.233:231.470,346.414:220.501,347.233:210.050,341.921:209.634,335.464:209.478,323.589:208.748,309.789:205.728,295.831:199.530,287.395:193.229,294.046:186.564,298.542:180.289,295.606:173.922,293.252:166.883,292.512:160.225,289.702:155.541,284.986:152.808,,,,,,,,,,,,,,,,,,,,,,,,,,,,,,,,,,,,,,
49->60368,310.951:262.358,317.921:257.472,319.322:252.825,323.730:252.620,324.140:249.853,327.249:249.579,333.639:250.297,337.398:245.240,339.995:239.670,342.284:235.228,347.233:231.470,346.414:220.501,347.233:210.050,341.921:209.634,335.464:209.478,323.589:208.748,309.789:205.728,295.831:199.530,287.395:193.229,273.541:183.542,266.015:190.376,259.506:196.964,,,,,,,,,,,,,,,,,,,,,,,,,,,,,,,,,,,,,,,,,,
49->60450,310.951:262.358,317.921:257.472,319.322:252.825,323.730:252.620,324.140:249.853,327.249:249.579,333.639:250.297,337.398:245.240,339.995:239.670,342.284:235.228,347.233:231.470,346.414:220.501,347.233:210.050,341.921:209.634,335.464:209.478,323.589:208.748,309.789:205.728,295.831:199.530,287.395:193.229,273.541:183.542,263.170:177.010,253.540:169.247,244.948:162.321,239.844:158.207,233.022:153.415,,,,,,,,,,,,,,,,,,,,,,,,,,,,,,,,,,,,,,,
49->63927,310.951:262.358,317.921:257.472,319.322:252.825,323.730:252.620,324.140:249.853,327.249:249.579,333.639:250.297,337.398:245.240,339.995:239.670,342.284:235.228,347.233:231.470,346.414:220.501,347.233:210.050,341.921:209.634,335.464:209.478,323.589:208.748,309.789:205.728,295.831:199.530,287.395:193.229,273.541:183.542,263.170:177.010,253.540:169.247,244.948:162.321,250.837:157.263,256.201:151.742,259.065:147.524,262.142:140.680,255.137:140.236,248.338:138.117,242.392:134.598,,,,,,,,,,,,,,,,,,,,,,,,,,,,,,,,,,
49->64018,310.951:262.358,317.921:257.472,319.322:252.825,323.730:252.620,324.140:249.853,327.249:249.579,333.639:250.297,337.398:245.240,339.995:239.670,342.284:235.228,347.233:231.470,346.414:220.501,347.233:210.050,341.921:209.634,335.464:209.478,323.589:208.748,309.789:205.728,295.831:199.530,287.395:193.229,294.046:186.564,,,,,,,,,,,,,,,,,,,,,,,,,,,,,,,,,,,,,,,,,,,,
49->65673,310.951:262.358,317.921:257.472,319.322:252.825,323.730:252.620,324.140:249.853,327.249:249.579,333.639:250.297,337.398:245.240,339.995:239.670,342.284:235.228,347.233:231.470,346.414:220.501,347.233:210.050,341.921:209.634,342.238:205.594,339.156:200.382,337.035:194.274,337.420:188.101,340.700:181.672,344.595:175.542,,,,,,,,,,,,,,,,,,,,,,,,,,,,,,,,,,,,,,,,,,,,
49->67331,310.951:262.358,306.405:261.082,302.149:258.225,303.183:255.307,305.371:250.930,304.155:246.128,298.441:243.818,294.611:242.967,290.842:240.474,284.216:236.645,280.995:236.462,277.165:234.213,272.979:230.361,276.312:228.590,281.103:222.601,279.812:220.553,276.953:219.281,274.514:219.099,272.511:221.038,270.508:222.104,268.214:220.295,265.242:218.679,261.914:216.256,,,,,,,,,,,,,,,,,,,,,,,,,,,,,,,,,,,,,,,,,
49->68566,310.951:262.358,307.924:268.482,301.987:272.753,293.810:275.357,287.092:277.492,282.770:280.773,276.468:281.138,271.312:281.138,267.823:284.002,264.282:284.939,260.324:280.669,260.428:274.263,257.355:270.201,256.991:265.618,252.303:260.983,,,,,,,,,,,,,,,,,,,,,,,,,,,,,,,,,,,,,,,,,,,,,,,,,
49->71721,310.951:262.358,306.405:261.082,302.149:258.225,303.183:255.307,305.371:250.930,304.155:246.128,298.441:243.818,294.611:242.967,290.842:240.474,284.216:236.645,280.995:236.462,277.165:234.213,272.979:230.361,276.312:228.590,281.103:222.601,285.440:216.278,283.721:215.043,280.749:214.236,276.735:213.986,273.745:211.032,271.999:212.799,269.603:216.159,,,,,,,,,,,,,,,,,,,,,,,,,,,,,,,,,,,,,,,,,,
49->72897,310.951:262.358,317.921:257.472,319.322:252.825,323.730:252.620,324.140:249.853,327.249:249.579,333.639:250.297,337.398:245.240,339.995:239.670,342.284:235.228,347.233:231.470,346.414:220.501,347.233:210.050,362.972:211.453,376.773:212.234,377.269:207.599,376.158:201.725,370.983:196.328,367.109:189.263,368.141:182.992,370.983:179.262,,,,,,,,,,,,,,,,,,,,,,,,,,,,,,,,,,,,,,,,,,,
49->72974,310.951:262.358,317.921:257.472,319.322:252.825,323.730:252.620,324.140:249.853,327.249:249.579,333.639:250.297,337.398:245.240,339.995:239.670,342.284:235.228,347.233:231.470,346.414:220.501,347.233:210.050,341.921:209.634,335.464:209.478,323.589:208.748,309.789:205.728,295.831:199.530,287.395:193.229,273.541:183.542,263.170:177.010,253.540:169.247,244.948:162.321,250.837:157.263,256.201:151.742,,,,,,,,,,,,,,,,,,,,,,,,,,,,,,,,,,,,,,,
49->73767,310.951:262.358,306.405:261.082,302.149:258.225,303.183:255.307,305.371:250.930,304.155:246.128,298.441:243.818,294.611:242.967,290.842:240.474,284.216:236.645,280.995:236.462,277.165:234.213,272.979:230.361,276.312:228.590,281.103:222.601,285.440:216.278,283.721:215.043,280.749:214.236,276.735:213.986,273.745:211.032,271.617:208.929,268.562:205.911,,,,,,,,,,,,,,,,,,,,,,,,,,,,,,,,,,,,,,,,,,
49->75205,310.951:262.358,317.921:257.472,319.322:252.825,323.730:252.620,324.140:249.853,327.249:249.579,333.639:250.297,337.398:245.240,339.995:239.670,342.284:235.228,347.233:231.470,346.414:220.501,347.233:210.050,341.921:209.634,335.464:209.478,323.589:208.748,309.789:205.728,295.831:199.530,287.395:193.229,273.541:183.542,263.170:177.010,253.540:169.247,244.948:162.321,250.837:157.263,256.201:151.742,259.065:147.524,,,,,,,,,,,,,,,,,,,,,,,,,,,,,,,,,,,,,,
49->76205,310.951:262.358,317.921:257.472,319.322:252.825,323.730:252.620,324.140:249.853,327.249:249.579,333.639:250.297,337.398:245.240,339.995:239.670,342.284:235.228,347.233:231.470,346.414:220.501,347.233:210.050,362.972:211.453,376.773:212.234,377.269:207.599,376.158:201.725,370.983:196.328,367.109:189.263,368.141:182.992,370.983:179.262,374.094:172.594,373.541:164.692,370.983:159.940,373.073:154.252,375.613:149.887,379.265:145.124,380.058:139.488,,,,,,,,,,,,,,,,,,,,,,,,,,,,,,,,,,,,
49->78345,310.951:262.358,317.921:257.472,319.322:252.825,323.730:252.620,324.140:249.853,327.249:249.579,333.639:250.297,337.398:245.240,339.995:239.670,342.284:235.228,347.233:231.470,346.414:220.501,347.233:210.050,362.972:211.453,376.773:212.234,377.269:207.599,376.158:201.725,370.983:196.328,367.109:189.263,,,,,,,,,,,,,,,,,,,,,,,,,,,,,,,,,,,,,,,,,,,,,
49->8318,310.951:262.358,317.921:257.472,319.322:252.825,323.730:252.620,324.140:249.853,327.249:249.579,333.639:250.297,337.398:245.240,339.995:239.670,342.284:235.228,347.233:231.470,346.414:220.501,347.233:210.050,341.921:209.634,335.464:209.478,323.589:208.748,309.789:205.728,295.831:199.530,287.395:193.229,273.541:183.542,263.170:177.010,253.540:169.247,244.948:162.321,,,,,,,,,,,,,,,,,,,,,,,,,,,,,,,,,,,,,,,,,
49->84,310.951:262.358,306.405:261.082,302.149:258.225,303.183:255.307,305.371:250.930,304.155:246.128,298.441:243.818,294.611:242.967,290.842:240.474,284.216:236.645,280.995:236.462,277.165:234.213,272.979:230.361,267.250:233.225,259.282:236.454,254.126:241.349,,,,,,,,,,,,,,,,,,,,,,,,,,,,,,,,,,,,,,,,,,,,,,,,
49->85873,310.951:262.358,317.921:257.472,319.322:252.825,323.730:252.620,324.140:249.853,327.249:249.579,333.639:250.297,337.398:245.240,339.995:239.670,333.435:238.898,326.689:238.012,,,,,,,,,,,,,,,,,,,,,,,,,,,,,,,,,,,,,,,,,,,,,,,,,,,,,
49->87392,310.951:262.358,317.921:257.472,319.322:252.825,323.730:252.620,324.140:249.853,327.249:249.579,333.639:250.297,337.398:245.240,339.995:239.670,342.284:235.228,347.233:231.470,346.414:220.501,347.233:210.050,341.921:209.634,335.464:209.478,323.589:208.748,309.789:205.728,295.831:199.530,287.395:193.229,273.541:183.542,263.170:177.010,253.540:169.247,244.948:162.321,239.844:158.207,233.022:153.415,222.971:147.010,213.369:138.991,,,,,,,,,,,,,,,,,,,,,,,,,,,,,,,,,,,,,
49->88,310.951:262.358,317.921:257.472,319.322:252.825,323.730:252.620,324.140:249.853,327.249:249.579,333.639:250.297,337.398:245.240,339.995:239.670,342.284:235.228,347.233:231.470,346.414:220.501,347.233:210.050,362.972:211.453,376.773:212.234,,,,,,,,,,,,,,,,,,,,,,,,,,,,,,,,,,,,,,,,,,,,,,,,,
49->89653,310.951:262.358,317.921:257.472,319.322:252.825,323.730:252.620,324.140:249.853,327.249:249.579,333.639:250.297,337.398:245.240,339.995:239.670,342.284:235.228,347.233:231.470,346.414:220.501,347.233:210.050,341.921:209.634,335.464:209.478,323.589:208.748,309.789:205.728,295.831:199.530,299.242:195.278,302.353:188.697,304.946:184.788,306.078:181.726,,,,,,,,,,,,,,,,,,,,,,,,,,,,,,,,,,,,,,,,,,
49->9048,310.951:262.358,317.921:257.472,319.322:252.825,323.730:252.620,324.140:249.853,327.249:249.579,333.639:250.297,337.398:245.240,339.995:239.670,342.284:235.228,347.233:231.470,346.414:220.501,347.233:210.050,341.921:209.634,335.464:209.478,323.589:208.748,309.789:205.728,295.831:199.530,299.242:195.278,,,,,,,,,,,,,,,,,,,,,,,,,,,,,,,,,,,,,,,,,,,,,
49->91020,310.951:262.358,317.921:257.472,319.322:252.825,323.730:252.620,324.140:249.853,327.249:249.579,333.639:250.297,337.398:245.240,339.995:239.670,342.284:235.228,347.233:231.470,346.414:220.501,347.233:210.050,362.972:211.453,,,,,,,,,,,,,,,,,,,,,,,,,,,,,,,,,,,,,,,,,,,,,,,,,,
49->92,310.951:262.358,317.921:257.472,319.322:252.825,323.730:252.620,324.140:249.853,327.249:249.579,333.639:250.297,337.398:245.240,339.995:239.670,342.284:235.228,347.233:231.470,346.414:220.501,347.233:210.050,362.972:211.453,376.773:212.234,377.269:207.599,376.158:201.725,370.983:196.328,367.109:189.263,368.141:182.992,370.983:179.262,374.094:172.594,373.541:164.692,370.983:159.940,373.073:154.252,375.613:149.887,379.265:145.124,380.058:139.488,380.579:129.453,380.448:122.917,376.784:117.838,374.253:113.458,372.904:107.029,372.030:100.361,369.808:96.313,367.824:93.376,368.459:87.820,371.554:82.184,375.523:78.533,377.031:74.088,380.048:69.722,379.571:66.626,381.397:63.134,,,,,,,,,,,,,,,,,,,,,
49->92071,310.951:262.358,306.405:261.082,302.149:258.225,303.183:255.307,305.371:250.930,304.155:246.128,298.441:243.818,295.444:246.775,293.130:249.975,289.092:249.828,284.759:248.203,,,,,,,,,,,,,,,,,,,,,,,,,,,,,,,,,,,,,,,,,,,,,,,,,,,,,
49->93162,310.951:262.358,317.921:257.472,319.322:252.825,323.730:252.620,324.140:249.853,327.249:249.579,333.639:250.297,337.398:245.240,339.995:239.670,342.284:235.228,347.233:231.470,346.414:220.501,347.233:210.050,341.921:209.634,335.464:209.478,323.589:208.748,309.789:205.728,295.831:199.530,287.395:193.229,273.541:183.542,263.170:177.010,253.540:169.247,244.948:162.321,239.844:158.207,233.022:153.415,222.971:147.010,213.369:138.991,197.616:127.354,,,,,,,,,,,,,,,,,,,,,,,,,,,,,,,,,,,,
49->93266,310.951:262.358,317.921:257.472,319.322:252.825,323.730:252.620,324.140:249.853,327.249:249.579,333.639:250.297,337.398:245.240,339.995:239.670,333.435:238.898,326.689:238.012,318.762:234.171,313.670:231.954,304.068:229.591,301.553:226.935,303.034:224.470,303.034:220.186,303.921:217.527,,,,,,,,,,,,,,,,,,,,,,,,,,,,,,,,,,,,,,,,,,,,,,
49->95,310.951:262.358,317.921:257.472,319.322:252.825,323.730:252.620,324.140:249.853,327.249:249.579,333.639:250.297,337.398:245.240,339.995:239.670,342.284:235.228,347.233:231.470,346.414:220.501,347.233:210.050,341.921:209.634,335.464:209.478,323.589:208.748,,,,,,,,,,,,,,,,,,,,,,,,,,,,,,,,,,,,,,,,,,,,,,,,
49->95815,310.951:262.358,317.921:257.472,319.322:252.825,323.730:252.620,324.140:249.853,327.249:249.579,333.639:250.297,337.398:245.240,339.995:239.670,342.284:235.228,347.233:231.470,346.414:220.501,347.233:210.050,341.921:209.634,335.464:209.478,323.589:208.748,309.789:205.728,295.831:199.530,287.395:193.229,273.541:183.542,266.015:190.376,,,,,,,,,,,,,,,,,,,,,,,,,,,,,,,,,,,,,,,,,,,
49->96,310.951:262.358,317.921:257.472,319.322:252.825,323.730:252.620,324.140:249.853,327.249:249.579,333.639:250.297,337.398:245.240,339.995:239.670,342.284:235.228,347.233:231.470,346.414:220.501,347.233:210.050,341.921:209.634,335.464:209.478,323.589:208.748,309.789:205.728,295.831:199.530,287.395:193.229,273.541:183.542,263.170:177.010,253.540:169.247,244.948:162.321,239.844:158.207,233.022:153.415,222.971:147.010,213.369:138.991,197.616:127.354,194.916:125.425,185.207:118.610,172.199:111.308,155.794:103.027,142.814:97.329,130.791:90.707,115.938:83.891,98.846:77.007,89.400:72.165,75.350:65.577,62.374:59.313,,,,,,,,,,,,,,,,,,,,,,,,,
49->96372,310.951:262.358,317.921:257.472,319.322:252.825,323.730:252.620,324.140:249.853,327.249:249.579,333.639:250.297,337.398:245.240,339.995:239.670,342.284:235.228,347.233:231.470,346.414:220.501,347.233:210.050,341.921:209.634,335.464:209.478,323.589:208.748,309.789:205.728,295.831:199.530,287.395:193.229,273.541:183.542,263.170:177.010,253.540:169.247,244.948:162.321,239.844:158.207,233.022:153.415,222.971:147.010,220.826:151.867,218.561:155.067,,,,,,,,,,,,,,,,,,,,,,,,,,,,,,,,,,,,
49->97999,310.951:262.358,317.921:257.472,319.322:252.825,323.730:252.620,324.140:249.853,327.249:249.579,333.639:250.297,337.398:245.240,339.995:239.670,333.435:238.898,326.689:238.012,318.762:234.171,,,,,,,,,,,,,,,,,,,,,,,,,,,,,,,,,,,,,,,,,,,,,,,,,,,,
49->99,310.951:262.358,317.921:257.472,319.322:252.825,323.730:252.620,324.140:249.853,327.249:249.579,333.639:250.297,337.398:245.240,339.995:239.670,342.284:235.228,347.233:231.470,346.414:220.501,347.233:210.050,341.921:209.634,335.464:209.478,323.589:208.748,309.789:205.728,295.831:199.530,287.395:193.229,273.541:183.542,263.170:177.010,253.540:169.247,244.948:162.321,239.844:158.207,,,,,,,,,,,,,,,,,,,,,,,,,,,,,,,,,,,,,,,,
49024->120,247.361:193.392,253.235:196.647,259.506:196.964,266.015:190.376,273.541:183.542,287.395:193.229,294.046:186.564,298.542:180.289,295.606:173.922,293.252:166.883,292.512:160.225,289.702:155.541,284.986:152.808,279.519:149.801,,,,,,,,,,,,,,,,,,,,,,,,,,,,,,,,,,,,,,,,,,,,,,,,,,
49024->13,247.361:193.392,253.235:196.647,259.506:196.964,266.015:190.376,273.541:183.542,287.395:193.229,295.831:199.530,309.789:205.728,323.589:208.748,335.464:209.478,341.921:209.634,347.233:210.050,362.972:211.453,376.773:212.234,389.688:214.526,399.251:216.457,,,,,,,,,,,,,,,,,,,,,,,,,,,,,,,,,,,,,,,,,,,,,,,,
49024->21444,247.361:193.392,240.376:190.296,239.106:185.931,234.820:180.374,233.788:176.485,234.423:166.563,239.844:158.207,244.948:162.321,250.837:157.263,,,,,,,,,,,,,,,,,,,,,,,,,,,,,,,,,,,,,,,,,,,,,,,,,,,,,,,
49024->22,247.361:193.392,240.376:190.296,239.106:185.931,234.820:180.374,233.788:176.485,234.423:166.563,239.844:158.207,233.022:153.415,222.971:147.010,213.369:138.991,216.992:130.220,221.105:119.973,211.572:116.147,202.551:111.363,205.899:103.487,,,,,,,,,,,,,,,,,,,,,,,,,,,,,,,,,,,,,,,,,,,,,,,,,
49024->32,247.361:193.392,240.376:190.296,239.106:185.931,,,,,,,,,,,,,,,,,,,,,,,,,,,,,,,,,,,,,,,,,,,,,,,,,,,,,,,,,,,,,
49024->32446,247.361:193.392,253.235:196.647,259.506:196.964,266.015:190.376,273.541:183.542,287.395:193.229,295.831:199.530,309.789:205.728,307.614:210.781,303.921:217.527,303.034:220.186,303.034:224.470,301.553:226.935,,,,,,,,,,,,,,,,,,,,,,,,,,,,,,,,,,,,,,,,,,,,,,,,,,,
49024->5,247.361:193.392,253.235:196.647,259.506:196.964,266.015:190.376,273.541:183.542,287.395:193.229,,,,,,,,,,,,,,,,,,,,,,,,,,,,,,,,,,,,,,,,,,,,,,,,,,,,,,,,,,
49024->53303,247.361:193.392,253.235:196.647,259.506:196.964,261.770:199.201,264.577:200.838,265.934:202.619,264.693:203.237,264.143:205.369,261.236:210.021,258.781:213.446,257.144:211.297,255.017:208.227,253.079:204.706,250.817:201.831,248.310:201.033,,,,,,,,,,,,,,,,,,,,,,,,,,,,,,,,,,,,,,,,,,,,,,,,,
49024->73767,247.361:193.392,253.235:196.647,259.506:196.964,261.770:199.201,264.577:200.838,265.934:202.619,268.562:205.911,,,,,,,,,,,,,,,,,,,,,,,,,,,,,,,,,,,,,,,,,,,,,,,,,,,,,,,,,
49024->79100,247.361:193.392,253.235:196.647,259.506:196.964,266.015:190.376,273.541:183.542,287.395:193.229,295.831:199.530,292.873:204.894,288.446:211.872,285.440:216.278,281.103:222.601,279.812:220.553,,,,,,,,,,,,,,,,,,,,,,,,,,,,,,,,,,,,,,,,,,,,,,,,,,,,
49024->8318,247.361:193.392,240.376:190.296,239.106:185.931,234.820:180.374,233.788:176.485,234.423:166.563,239.844:158.207,244.948:162.321,,,,,,,,,,,,,,,,,,,,,,,,,,,,,,,,,,,,,,,,,,,,,,,,,,,,,,,,
49024->89653,247.361:193.392,253.235:196.647,259.506:196.964,266.015:190.376,273.541:183.542,287.395:193.229,295.831:199.530,299.242:195.278,302.353:188.697,304.946:184.788,306.078:181.726,,,,,,,,,,,,,,,,,,,,,,,,,,,,,,,,,,,,,,,,,,,,,,,,,,,,,
49024->9048,247.361:193.392,253.235:196.647,259.506:196.964,266.015:190.376,273.541:183.542,287.395:193.229,295.831:199.530,299.242:195.278,,,,,,,,,,,,,,,,,,,,,,,,,,,,,,,,,,,,,,,,,,,,,,,,,,,,,,,,
49024->95,247.361:193.392,253.235:196.647,259.506:196.964,266.015:190.376,273.541:183.542,287.395:193.229,295.831:199.530,309.789:205.728,323.589:208.748,,,,,,,,,,,,,,,,,,,,,,,,,,,,,,,,,,,,,,,,,,,,,,,,,,,,,,,
49081->105,240.449:129.276,231.048:125.270,221.105:119.973,216.992:130.220,213.369:138.991,197.616:127.354,194.916:125.425,185.207:118.610,172.199:111.308,155.794:103.027,142.814:97.329,,,,,,,,,,,,,,,,,,,,,,,,,,,,,,,,,,,,,,,,,,,,,,,,,,,,,
49081->11881,240.449:129.276,231.048:125.270,221.105:119.973,216.992:130.220,213.369:138.991,222.971:147.010,,,,,,,,,,,,,,,,,,,,,,,,,,,,,,,,,,,,,,,,,,,,,,,,,,,,,,,,,,
49081->13,240.449:129.276,242.392:134.598,248.338:138.117,255.137:140.236,262.142:140.680,259.065:147.524,256.201:151.742,250.837:157.263,244.948:162.321,253.540:169.247,263.170:177.010,273.541:183.542,287.395:193.229,295.831:199.530,309.789:205.728,323.589:208.748,335.464:209.478,341.921:209.634,347.233:210.050,362.972:211.453,376.773:212.234,389.688:214.526,399.251:216.457,,,,,,,,,,,,,,,,,,,,,,,,,,,,,,,,,,,,,,,,,
49081->13568,240.449:129.276,231.048:125.270,221.105:119.973,216.992:130.220,,,,,,,,,,,,,,,,,,,,,,,,,,,,,,,,,,,,,,,,,,,,,,,,,,,,,,,,,,,,
49081->22,240.449:129.276,231.048:125.270,221.105:119.973,211.572:116.147,202.551:111.363,205.899:103.487,,,,,,,,,,,,,,,,,,,,,,,,,,,,,,,,,,,,,,,,,,,,,,,,,,,,,,,,,,
49081->23449,240.449:129.276,242.392:134.598,248.338:138.117,,,,,,,,,,,,,,,,,,,,,,,,,,,,,,,,,,,,,,,,,,,,,,,,,,,,,,,,,,,,,
49081->29230,240.449:129.276,241.499:125.514,,,,,,,,,,,,,,,,,,,,,,,,,,,,,,,,,,,,,,,,,,,,,,,,,,,,,,,,,,,,,,
49081->32,240.449:129.276,231.048:125.270,221.105:119.973,216.992:130.220,213.369:138.991,222.971:147.010,233.022:153.415,239.844:158.207,234.423:166.563,233.788:176.485,234.820:180.374,239.106:185.931,,,,,,,,,,,,,,,,,,,,,,,,,,,,,,,,,,,,,,,,,,,,,,,,,,,,
49081->33,240.449:129.276,231.048:125.270,221.105:119.973,211.572:116.147,202.551:111.363,198.866:118.313,194.916:125.425,,,,,,,,,,,,,,,,,,,,,,,,,,,,,,,,,,,,,,,,,,,,,,,,,,,,,,,,,
49081->5,240.449:129.276,242.392:134.598,248.338:138.117,255.137:140.236,262.142:140.680,259.065:147.524,256.201:151.742,250.837:157.263,244.948:162.321,253.540:169.247,263.170:177.010,273.541:183.542,287.395:193.229,,,,,,,,,,,,,,,,,,,,,,,,,,,,,,,,,,,,,,,,,,,,,,,,,,,
49081->51286,240.449:129.276,231.048:125.270,221.105:119.973,216.992:130.220,213.369:138.991,222.971:147.010,233.022:153.415,239.844:158.207,234.423:166.563,233.788:176.485,,,,,,,,,,,,,,,,,,,,,,,,,,,,,,,,,,,,,,,,,,,,,,,,,,,,,,
49081->51952,240.449:129.276,231.048:125.270,221.105:119.973,216.992:130.220,213.369:138.991,222.971:147.010,220.826:151.867,,,,,,,,,,,,,,,,,,,,,,,,,,,,,,,,,,,,,,,,,,,,,,,,,,,,,,,,,
49081->54272,240.449:129.276,231.048:125.270,221.105:119.973,211.572:116.147,202.551:111.363,,,,,,,,,,,,,,,,,,,,,,,,,,,,,,,,,,,,,,,,,,,,,,,,,,,,,,,,,,,
49081->63927,240.449:129.276,242.392:134.598,,,,,,,,,,,,,,,,,,,,,,,,,,,,,,,,,,,,,,,,,,,,,,,,,,,,,,,,,,,,,,
49081->69933,240.449:129.276,231.048:125.270,221.105:119.973,211.572:116.147,202.551:111.363,198.866:118.313,,,,,,,,,,,,,,,,,,,,,,,,,,,,,,,,,,,,,,,,,,,,,,,,,,,,,,,,,,
49081->71721,240.449:129.276,242.392:134.598,248.338:138.117,255.137:140.236,262.142:140.680,259.065:147.524,256.201:151.742,250.837:157.263,244.948:162.321,253.540:169.247,263.170:177.010,273.541:183.542,266.015:190.376,259.506:196.964,261.770:199.201,264.577:200.838,265.934:202.619,268.562:205.911,271.617:208.929,273.745:211.032,271.999:212.799,269.603:216.159,,,,,,,,,,,,,,,,,,,,,,,,,,,,,,,,,,,,,,,,,,
49081->72974,240.449:129.276,242.392:134.598,248.338:138.117,255.137:140.236,262.142:140.680,259.065:147.524,256.201:151.742,,,,,,,,,,,,,,,,,,,,,,,,,,,,,,,,,,,,,,,,,,,,,,,,,,,,,,,,,
49081->80824,240.449:129.276,231.048:125.270,221.105:119.973,,,,,,,,,,,,,,,,,,,,,,,,,,,,,,,,,,,,,,,,,,,,,,,,,,,,,,,,,,,,,
49081->8318,240.449:129.276,231.048:125.270,221.105:119.973,216.992:130.220,213.369:138.991,222.971:147.010,233.022:153.415,239.844:158.207,244.948:162.321,,,,,,,,,,,,,,,,,,,,,,,,,,,,,,,,,,,,,,,,,,,,,,,,,,,,,,,
49081->95,240.449:129.276,242.392:134.598,248.338:138.117,255.137:140.236,262.142:140.680,259.065:147.524,256.201:151.742,250.837:157.263,244.948:162.321,253.540:169.247,263.170:177.010,273.541:183.542,287.395:193.229,295.831:199.530,309.789:205.728,323.589:208.748,,,,,,,,,,,,,,,,,,,,,,,,,,,,,,,,,,,,,,,,,,,,,,,,
49081->96,240.449:129.276,231.048:125.270,221.105:119.973,216.992:130.220,213.369:138.991,197.616:127.354,194.916:125.425,185.207:118.610,172.199:111.308,155.794:103.027,142.814:97.329,130.791:90.707,115.938:83.891,98.846:77.007,89.400:72.165,75.350:65.577,62.374:59.313,,,,,,,,,,,,,,,,,,,,,,,,,,,,,,,,,,,,,,,,,,,,,,,
49081->99,240.449:129.276,231.048:125.270,221.105:119.973,216.992:130.220,213.369:138.991,222.971:147.010,233.022:153.415,239.844:158.207,,,,,,,,,,,,,,,,,,,,,,,,,,,,,,,,,,,,,,,,,,,,,,,,,,,,,,,,
5->101,287.395:193.229,295.831:199.530,292.873:204.894,288.446:211.872,285.440:216.278,281.103:222.601,276.312:228.590,272.979:230.361,267.250:233.225,259.282:236.454,254.126:241.349,246.002:247.443,244.804:252.182,245.377:255.931,252.303:260.983,256.991:265.618,257.355:270.201,,,,,,,,,,,,,,,,,,,,,,,,,,,,,,,,,,,,,,,,,,,,,,,
5->105,287.395:193.229,273.541:183.542,263.170:177.010,253.540:169.247,244.948:162.321,239.844:158.207,233.022:153.415,222.971:147.010,213.369:138.991,197.616:127.354,194.916:125.425,185.207:118.610,172.199:111.308,155.794:103.027,142.814:97.329,,,,,,,,,,,,,,,,,,,,,,,,,,,,,,,,,,,,,,,,,,,,,,,,,
5->11404,287.395:193.229,294.046:186.564,298.542:180.289,295.606:173.922,,,,,,,,,,,,,,,,,,,,,,,,,,,,,,,,,,,,,,,,,,,,,,,,,,,,,,,,,,,,
5->11881,287.395:193.229,273.541:183.542,263.170:177.010,253.540:169.247,244.948:162.321,239.844:158.207,233.022:153.415,222.971:147.010,,,,,,,,,,,,,,,,,,,,,,,,,,,,,,,,,,,,,,,,,,,,,,,,,,,,,,,,
5->120,287.395:193.229,294.046:186.564,298.542:180.289,295.606:173.922,293.252:166.883,292.512:160.225,289.702:155.541,284.986:152.808,279.519:149.801,,,,,,,,,,,,,,,,,,,,,,,,,,,,,,,,,,,,,,,,,,,,,,,,,,,,,,,
5->13,287.395:193.229,295.831:199.530,309.789:205.728,323.589:208.748,335.464:209.478,341.921:209.634,347.233:210.050,362.972:211.453,376.773:212.234,389.688:214.526,399.251:216.457,,,,,,,,,,,,,,,,,,,,,,,,,,,,,,,,,,,,,,,,,,,,,,,,,,,,,
5->13568,287.395:193.229,273.541:183.542,263.170:177.010,253.540:169.247,244.948:162.321,239.844:158.207,233.022:153.415,222.971:147.010,213.369:138.991,216.992:130.220,,,,,,,,,,,,,,,,,,,,,,,,,,,,,,,,,,,,,,,,,,,,,,,,,,,,,,
5->13702,287.395:193.229,273.541:183.542,,,,,,,,,,,,,,,,,,,,,,,,,,,,,,,,,,,,,,,,,,,,,,,,,,,,,,,,,,,,,,
5->13852,287.395:193.229,295.831:199.530,309.789:205.728,323.589:208.748,335.464:209.478,341.921:209.634,342.238:205.594,339.156:200.382,337.035:194.274,337.420:188.101,340.700:181.672,344.595:175.542,347.193:169.199,,,,,,,,,,,,,,,,,,,,,,,,,,,,,,,,,,,,,,,,,,,,,,,,,,,
5->14185,287.395:193.229,295.831:199.530,299.242:195.278,302.353:188.697,304.946:184.788,,,,,,,,,,,,,,,,,,,,,,,,,,,,,,,,,,,,,,,,,,,,,,,,,,,,,,,,,,,
5->15079,287.395:193.229,295.831:199.530,309.789:205.728,323.589:208.748,335.464:209.478,341.921:209.634,342.238:205.594,339.156:200.382,337.035:194.274,337.420:188.101,340.700:181.672,344.595:175.542,347.193:169.199,349.637:164.698,,,,,,,,,,,,,,,,,,,,,,,,,,,,,,,,,,,,,,,,,,,,,,,,,,
5->17795,287.395:193.229,295.831:199.530,309.789:205.728,323.589:208.748,335.464:209.478,341.921:209.634,342.238:205.594,339.156:200.382,337.035:194.274,337.420:188.101,340.700:181.672,344.595:175.542,347.193:169.199,349.637:164.698,356.323:163.798,360.502:163.991,366.803:162.190,370.983:159.940,373.073:154.252,,,,,,,,,,,,,,,,,,,,,,,,,,,,,,,,,,,,,,,,,,,,,
5->18562,287.395:193.229,273.541:183.542,266.015:190.376,259.506:196.964,261.770:199.201,264.577:200.838,265.934:202.619,264.693:203.237,264.143:205.369,,,,,,,,,,,,,,,,,,,,,,,,,,,,,,,,,,,,,,,,,,,,,,,,,,,,,,,
5->20601,287.395:193.229,294.046:186.564,298.542:180.289,,,,,,,,,,,,,,,,,,,,,,,,,,,,,,,,,,,,,,,,,,,,,,,,,,,,,,,,,,,,,
5->21444,287.395:193.229,273.541:183.542,263.170:177.010,253.540:169.247,244.948:162.321,250.837:157.263,,,,,,,,,,,,,,,,,,,,,,,,,,,,,,,,,,,,,,,,,,,,,,,,,,,,,,,,,,
5->22,287.395:193.229,273.541:183.542,263.170:177.010,253.540:169.247,244.948:162.321,239.844:158.207,233.022:153.415,222.971:147.010,213.369:138.991,216.992:130.220,221.105:119.973,211.572:116.147,202.551:111.363,205.899:103.487,,,,,,,,,,,,,,,,,,,,,,,,,,,,,,,,,,,,,,,,,,,,,,,,,,
5->22615,287.395:193.229,295.831:199.530,292.873:204.894,288.446:211.872,285.440:216.278,281.103:222.601,276.312:228.590,272.979:230.361,277.165:234.213,280.995:236.462,284.216:236.645,290.842:240.474,294.611:242.967,298.441:243.818,295.444:246.775,293.130:249.975,,,,,,,,,,,,,,,,,,,,,,,,,,,,,,,,,,,,,,,,,,,,,,,,
5->23254,287.395:193.229,295.831:199.530,309.789:205.728,323.589:208.748,335.464:209.478,341.921:209.634,347.233:210.050,346.414:220.501,,,,,,,,,,,,,,,,,,,,,,,,,,,,,,,,,,,,,,,,,,,,,,,,,,,,,,,,
5->2344,287.395:193.229,273.541:183.542,263.170:177.010,,,,,,,,,,,,,,,,,,,,,,,,,,,,,,,,,,,,,,,,,,,,,,,,,,,,,,,,,,,,,
5->23449,287.395:193.229,273.541:183.542,263.170:177.010,253.540:169.247,244.948:162.321,250.837:157.263,256.201:151.742,259.065:147.524,262.142:140.680,255.137:140.236,248.338:138.117,,,,,,,,,,,,,,,,,,,,,,,,,,,,,,,,,,,,,,,,,,,,,,,,,,,,,
5->24817,287.395:193.229,295.831:199.530,309.789:205.728,323.589:208.748,335.464:209.478,,,,,,,,,,,,,,,,,,,,,,,,,,,,,,,,,,,,,,,,,,,,,,,,,,,,,,,,,,,
5->25121,287.395:193.229,273.541:183.542,263.170:177.010,253.540:169.247,244.948:162.321,239.844:158.207,233.022:153.415,222.971:147.010,213.369:138.991,216.992:130.220,221.105:119.973,231.048:125.270,,,,,,,,,,,,,,,,,,,,,,,,,,,,,,,,,,,,,,,,,,,,,,,,,,,,
5->2552,287.395:193.229,295.831:199.530,309.789:205.728,323.589:208.748,335.464:209.478,341.921:209.634,347.233:210.050,362.972:211.453,376.773:212.234,389.688:214.526,,,,,,,,,,,,,,,,,,,,,,,,,,,,,,,,,,,,,,,,,,,,,,,,,,,,,,
5->26858,287.395:193.229,295.831:199.530,309.789:205.728,323.589:208.748,335.464:209.478,341.921:209.634,347.233:210.050,,,,,,,,,,,,,,,,,,,,,,,,,,,,,,,,,,,,,,,,,,,,,,,,,,,,,,,,,
5->28385,287.395:193.229,295.831:199.530,309.789:205.728,323.589:208.748,335.464:209.478,341.921:209.634,342.238:205.594,339.156:200.382,337.035:194.274,,,,,,,,,,,,,,,,,,,,,,,,,,,,,,,,,,,,,,,,,,,,,,,,,,,,,,,
5->29230,287.395:193.229,273.541:183.542,263.170:177.010,253.540:169.247,244.948:162.321,250.837:157.263,256.201:151.742,259.065:147.524,262.142:140.680,255.137:140.236,248.338:138.117,242.392:134.598,240.449:129.276,241.499:125.514,,,,,,,,,,,,,,,,,,,,,,,,,,,,,,,,,,,,,,,,,,,,,,,,,,
5->29992,287.395:193.229,295.831:199.530,309.789:205.728,307.614:210.781,,,,,,,,,,,,,,,,,,,,,,,,,,,,,,,,,,,,,,,,,,,,,,,,,,,,,,,,,,,,
5->30620,287.395:193.229,295.831:199.530,309.789:205.728,323.589:208.748,335.464:209.478,341.921:209.634,342.238:205.594,339.156:200.382,,,,,,,,,,,,,,,,,,,,,,,,,,,,,,,,,,,,,,,,,,,,,,,,,,,,,,,,
5->30732,287.395:193.229,273.541:183.542,263.170:177.010,253.540:169.247,244.948:162.321,239.844:158.207,233.022:153.415,222.971:147.010,213.369:138.991,197.616:127.354,194.916:125.425,185.207:118.610,172.199:111.308,,,,,,,,,,,,,,,,,,,,,,,,,,,,,,,,,,,,,,,,,,,,,,,,,,,
5->31591,287.395:193.229,273.541:183.542,263.170:177.010,253.540:169.247,,,,,,,,,,,,,,,,,,,,,,,,,,,,,,,,,,,,,,,,,,,,,,,,,,,,,,,,,,,,
5->32,287.395:193.229,273.541:183.542,266.015:190.376,259.506:196.964,253.235:196.647,247.361:193.392,240.376:190.296,239.106:185.931,,,,,,,,,,,,,,,,,,,,,,,,,,,,,,,,,,,,,,,,,,,,,,,,,,,,,,,,
5->33,287.395:193.229,273.541:183.542,263.170:177.010,253.540:169.247,244.948:162.321,239.844:158.207,233.022:153.415,222.971:147.010,213.369:138.991,197.616:127.354,194.916:125.425,,,,,,,,,,,,,,,,,,,,,,,,,,,,,,,,,,,,,,,,,,,,,,,,,,,,,
5->41841,287.395:193.229,295.831:199.530,309.789:205.728,323.589:208.748,335.464:209.478,341.921:209.634,342.238:205.594,,,,,,,,,,,,,,,,,,,,,,,,,,,,,,,,,,,,,,,,,,,,,,,,,,,,,,,,,
5->44615,287.395:193.229,295.831:199.530,309.789:205.728,,,,,,,,,,,,,,,,,,,,,,,,,,,,,,,,,,,,,,,,,,,,,,,,,,,,,,,,,,,,,
5->45476,287.395:193.229,295.831:199.530,299.242:195.278,302.353:188.697,304.946:184.788,306.078:181.726,304.882:179.465,,,,,,,,,,,,,,,,,,,,,,,,,,,,,,,,,,,,,,,,,,,,,,,,,,,,,,,,,
5->48339,287.395:193.229,295.831:199.530,309.789:205.728,323.589:208.748,335.464:209.478,341.921:209.634,,,,,,,,,,,,,,,,,,,,,,,,,,,,,,,,,,,,,,,,,,,,,,,,,,,,,,,,,,
5->48921,287.395:193.229,294.046:186.564,298.542:180.289,295.606:173.922,298.583:174.490,,,,,,,,,,,,,,,,,,,,,,,,,,,,,,,,,,,,,,,,,,,,,,,,,,,,,,,,,,,
5->49,287.395:193.229,295.831:199.530,309.789:205.728,323.589:208.748,335.464:209.478,341.921:209.634,347.233:210.050,346.414:220.501,347.233:231.470,342.284:235.228,339.995:239.670,337.398:245.240,333.639:250.297,327.249:249.579,324.140:249.853,323.730:252.620,319.322:252.825,317.921:257.472,310.951:262.358,,,,,,,,,,,,,,,,,,,,,,,,,,,,,,,,,,,,,,,,,,,,,
5->49024,287.395:193.229,273.541:183.542,266.015:190.376,259.506:196.964,253.235:196.647,247.361:193.392,,,,,,,,,,,,,,,,,,,,,,,,,,,,,,,,,,,,,,,,,,,,,,,,,,,,,,,,,,
5->49081,287.395:193.229,273.541:183.542,263.170:177.010,253.540:169.247,244.948:162.321,250.837:157.263,256.201:151.742,259.065:147.524,262.142:140.680,255.137:140.236,248.338:138.117,242.392:134.598,240.449:129.276,,,,,,,,,,,,,,,,,,,,,,,,,,,,,,,,,,,,,,,,,,,,,,,,,,,
5->50132,287.395:193.229,295.831:199.530,309.789:205.728,307.614:210.781,303.921:217.527,303.034:220.186,,,,,,,,,,,,,,,,,,,,,,,,,,,,,,,,,,,,,,,,,,,,,,,,,,,,,,,,,,
5->51286,287.395:193.229,273.541:183.542,263.170:177.010,253.540:169.247,244.948:162.321,239.844:158.207,234.423:166.563,233.788:176.485,,,,,,,,,,,,,,,,,,,,,,,,,,,,,,,,,,,,,,,,,,,,,,,,,,,,,,,,
5->5135,287.395:193.229,273.541:183.542,263.170:177.010,253.540:169.247,244.948:162.321,239.844:158.207,233.022:153.415,222.971:147.010,213.369:138.991,197.616:127.354,194.916:125.425,185.207:118.610,,,,,,,,,,,,,,,,,,,,,,,,,,,,,,,,,,,,,,,,,,,,,,,,,,,,
5->51552,287.395:193.229,295.831:199.530,292.873:204.894,288.446:211.872,285.440:216.278,281.103:222.601,276.312:228.590,272.979:230.361,277.165:234.213,280.995:236.462,,,,,,,,,,,,,,,,,,,,,,,,,,,,,,,,,,,,,,,,,,,,,,,,,,,,,,
5->51952,287.395:193.229,273.541:183.542,263.170:177.010,253.540:169.247,244.948:162.321,239.844:158.207,233.022:153.415,222.971:147.010,220.826:151.867,,,,,,,,,,,,,,,,,,,,,,,,,,,,,,,,,,,,,,,,,,,,,,,,,,,,,,,
5->52367,287.395:193.229,295.831:199.530,309.789:205.728,307.614:210.781,303.921:217.527,303.034:220.186,303.034:224.470,301.553:226.935,304.068:229.591,,,,,,,,,,,,,,,,,,,,,,,,,,,,,,,,,,,,,,,,,,,,,,,,,,,,,,,
5->52980,287.395:193.229,295.831:199.530,292.873:204.894,288.446:211.872,294.565:214.523,,,,,,,,,,,,,,,,,,,,,,,,,,,,,,,,,,,,,,,,,,,,,,,,,,,,,,,,,,,
5->53303,287.395:193.229,273.541:183.542,266.015:190.376,259.506:196.964,261.770:199.201,264.577:200.838,265.934:202.619,264.693:203.237,264.143:205.369,261.236:210.021,258.781:213.446,257.144:211.297,255.017:208.227,253.079:204.706,250.817:201.831,248.310:201.033,,,,,,,,,,,,,,,,,,,,,,,,,,,,,,,,,,,,,,,,,,,,,,,,
5->54272,287.395:193.229,273.541:183.542,263.170:177.010,253.540:169.247,244.948:162.321,239.844:158.207,233.022:153.415,222.971:147.010,213.369:138.991,216.992:130.220,221.105:119.973,211.572:116.147,202.551:111.363,,,,,,,,,,,,,,,,,,,,,,,,,,,,,,,,,,,,,,,,,,,,,,,,,,,
5->54957,287.395:193.229,295.831:199.530,,,,,,,,,,,,,,,,,,,,,,,,,,,,,,,,,,,,,,,,,,,,,,,,,,,,,,,,,,,,,,
5->58365,287.395:193.229,273.541:183.542,266.015:190.376,259.506:196.964,261.770:199.201,264.577:200.838,265.934:202.619,268.562:205.911,271.617:208.929,,,,,,,,,,,,,,,,,,,,,,,,,,,,,,,,,,,,,,,,,,,,,,,,,,,,,,,
5->59163,287.395:193.229,295.831:199.530,292.873:204.894,288.446:211.872,285.440:216.278,281.103:222.601,,,,,,,,,,,,,,,,,,,,,,,,,,,,,,,,,,,,,,,,,,,,,,,,,,,,,,,,,,
5->60450,287.395:193.229,273.541:183.542,263.170:177.010,253.540:169.247,244.948:162.321,239.844:158.207,233.022:153.415,,,,,,,,,,,,,,,,,,,,,,,,,,,,,,,,,,,,,,,,,,,,,,,,,,,,,,,,,
5->62572,287.395:193.229,273.541:183.542,266.015:190.376,259.506:196.964,261.770:199.201,264.577:200.838,265.934:202.619,264.693:203.237,264.143:205.369,261.236:210.021,258.781:213.446,257.144:211.297,255.017:208.227,253.079:204.706,250.817:201.831,248.310:201.033,246.269:200.091,,,,,,,,,,,,,,,,,,,,,,,,,,,,,,,,,,,,,,,,,,,,,,,
5->63927,287.395:193.229,273.541:183.542,263.170:177.010,253.540:169.247,244.948:162.321,250.837:157.263,256.201:151.742,259.065:147.524,262.142:140.680,255.137:140.236,248.338:138.117,242.392:134.598,,,,,,,,,,,,,,,,,,,,,,,,,,,,,,,,,,,,,,,,,,,,,,,,,,,,
5->64018,287.395:193.229,294.046:186.564,,,,,,,,,,,,,,,,,,,,,,,,,,,,,,,,,,,,,,,,,,,,,,,,,,,,,,,,,,,,,,
5->65673,287.395:193.229,295.831:199.530,309.789:205.728,323.589:208.748,335.464:209.478,341.921:209.634,342.238:205.594,339.156:200.382,337.035:194.274,337.420:188.101,340.700:181.672,344.595:175.542,,,,,,,,,,,,,,,,,,,,,,,,,,,,,,,,,,,,,,,,,,,,,,,,,,,,
5->66,287.395:193.229,273.541:183.542,263.170:177.010,253.540:169.247,244.948:162.321,239.844:158.207,233.022:153.415,222.971:147.010,213.369:138.991,197.616:127.354,194.916:125.425,185.207:118.610,172.199:111.308,155.794:103.027,142.814:97.329,130.791:90.707,115.938:83.891,98.846:77.007,89.400:72.165,75.350:65.577,62.374:59.313,54.849:55.263,47.679:49.139,40.809:41.372,35.471:35.856,23.833:26.340,13.949:16.375,,,,,,,,,,,,,,,,,,,,,,,,,,,,,,,,,,,,,
5->71721,287.395:193.229,295.831:199.530,292.873:204.894,288.446:211.872,285.440:216.278,283.721:215.043,280.749:214.236,276.735:213.986,273.745:211.032,271.999:212.799,269.603:216.159,,,,,,,,,,,,,,,,,,,,,,,,,,,,,,,,,,,,,,,,,,,,,,,,,,,,,
5->72780,287.395:193.229,295.831:199.530,292.873:204.894,288.446:211.872,285.440:216.278,281.103:222.601,276.312:228.590,272.979:230.361,277.165:234.213,280.995:236.462,284.216:236.645,,,,,,,,,,,,,,,,,,,,,,,,,,,,,,,,,,,,,,,,,,,,,,,,,,,,,
5->72974,287.395:193.229,273.541:183.542,263.170:177.010,253.540:169.247,244.948:162.321,250.837:157.263,256.201:151.742,,,,,,,,,,,,,,,,,,,,,,,,,,,,,,,,,,,,,,,,,,,,,,,,,,,,,,,,,
5->73767,287.395:193.229,273.541:183.542,266.015:190.376,259.506:196.964,261.770:199.201,264.577:200.838,265.934:202.619,268.562:205.911,,,,,,,,,,,,,,,,,,,,,,,,,,,,,,,,,,,,,,,,,,,,,,,,,,,,,,,,
5->74867,287.395:193.229,273.541:183.542,263.170:177.010,253.540:169.247,244.948:162.321,239.844:158.207,233.022:153.415,222.971:147.010,213.369:138.991,216.992:130.220,221.105:119.973,211.572:116.147,,,,,,,,,,,,,,,,,,,,,,,,,,,,,,,,,,,,,,,,,,,,,,,,,,,,
5->76205,287.395:193.229,295.831:199.530,309.789:205.728,323.589:208.748,335.464:209.478,341.921:209.634,342.238:205.594,339.156:200.382,337.035:194.274,337.420:188.101,340.700:181.672,344.595:175.542,347.193:169.199,349.637:164.698,356.323:163.798,360.502:163.991,366.803:162.190,370.983:159.940,373.073:154.252,375.613:149.887,379.265:145.124,380.058:139.488,,,,,,,,,,,,,,,,,,,,,,,,,,,,,,,,,,,,,,,,,,
5->79100,287.395:193.229,295.831:199.530,292.873:204.894,288.446:211.872,285.440:216.278,281.103:222.601,279.812:220.553,,,,,,,,,,,,,,,,,,,,,,,,,,,,,,,,,,,,,,,,,,,,,,,,,,,,,,,,,
5->79694,287.395:193.229,295.831:199.530,309.789:205.728,307.614:210.781,303.921:217.527,303.034:220.186,303.034:224.470,301.553:226.935,304.068:229.591,313.670:231.954,,,,,,,,,,,,,,,,,,,,,,,,,,,,,,,,,,,,,,,,,,,,,,,,,,,,,,
5->80124,287.395:193.229,294.046:186.564,298.542:180.289,295.606:173.922,293.252:166.883,,,,,,,,,,,,,,,,,,,,,,,,,,,,,,,,,,,,,,,,,,,,,,,,,,,,,,,,,,,
5->80824,287.395:193.229,273.541:183.542,263.170:177.010,253.540:169.247,244.948:162.321,239.844:158.207,233.022:153.415,222.971:147.010,213.369:138.991,216.992:130.220,221.105:119.973,,,,,,,,,,,,,,,,,,,,,,,,,,,,,,,,,,,,,,,,,,,,,,,,,,,,,
5->81533,287.395:193.229,295.831:199.530,309.789:205.728,323.589:208.748,335.464:209.478,341.921:209.634,342.238:205.594,339.156:200.382,337.035:194.274,337.420:188.101,,,,,,,,,,,,,,,,,,,,,,,,,,,,,,,,,,,,,,,,,,,,,,,,,,,,,,
5->82106,287.395:193.229,273.541:183.542,263.170:177.010,253.540:169.247,244.948:162.321,239.844:158.207,234.423:166.563,,,,,,,,,,,,,,,,,,,,,,,,,,,,,,,,,,,,,,,,,,,,,,,,,,,,,,,,,
5->8318,287.395:193.229,273.541:183.542,263.170:177.010,253.540:169.247,244.948:162.321,,,,,,,,,,,,,,,,,,,,,,,,,,,,,,,,,,,,,,,,,,,,,,,,,,,,,,,,,,,
5->84,287.395:193.229,295.831:199.530,292.873:204.894,288.446:211.872,285.440:216.278,281.103:222.601,276.312:228.590,272.979:230.361,267.250:233.225,259.282:236.454,254.126:241.349,,,,,,,,,,,,,,,,,,,,,,,,,,,,,,,,,,,,,,,,,,,,,,,,,,,,,
5->84156,287.395:193.229,273.541:183.542,263.170:177.010,253.540:169.247,244.948:162.321,239.844:158.207,233.022:153.415,222.971:147.010,213.369:138.991,211.594:141.393,,,,,,,,,,,,,,,,,,,,,,,,,,,,,,,,,,,,,,,,,,,,,,,,,,,,,,
5->85873,287.395:193.229,295.831:199.530,309.789:205.728,307.614:210.781,303.921:217.527,303.034:220.186,303.034:224.470,301.553:226.935,304.068:229.591,313.670:231.954,318.762:234.171,326.689:238.012,,,,,,,,,,,,,,,,,,,,,,,,,,,,,,,,,,,,,,,,,,,,,,,,,,,,
5->88,287.395:193.229,295.831:199.530,309.789:205.728,323.589:208.748,335.464:209.478,341.921:209.634,347.233:210.050,362.972:211.453,376.773:212.234,,,,,,,,,,,,,,,,,,,,,,,,,,,,,,,,,,,,,,,,,,,,,,,,,,,,,,,
5->90040,287.395:193.229,295.831:199.530,309.789:205.728,323.589:208.748,335.464:209.478,341.921:209.634,342.238:205.594,339.156:200.382,337.035:194.274,337.420:188.101,340.700:181.672,344.595:175.542,347.193:169.199,349.637:164.698,356.323:163.798,360.502:163.991,366.803:162.190,370.983:159.940,373.073:154.252,375.613:149.887,,,,,,,,,,,,,,,,,,,,,,,,,,,,,,,,,,,,,,,,,,,,
5->9048,287.395:193.229,295.831:199.530,299.242:195.278,,,,,,,,,,,,,,,,,,,,,,,,,,,,,,,,,,,,,,,,,,,,,,,,,,,,,,,,,,,,,
5->91020,287.395:193.229,295.831:199.530,309.789:205.728,323.589:208.748,335.464:209.478,341.921:209.634,347.233:210.050,362.972:211.453,,,,,,,,,,,,,,,,,,,,,,,,,,,,,,,,,,,,,,,,,,,,,,,,,,,,,,,,
5->92,287.395:193.229,295.831:199.530,309.789:205.728,323.589:208.748,335.464:209.478,341.921:209.634,342.238:205.594,339.156:200.382,337.035:194.274,337.420:188.101,340.700:181.672,344.595:175.542,347.193:169.199,349.637:164.698,356.323:163.798,360.502:163.991,366.803:162.190,370.983:159.940,373.073:154.252,375.613:149.887,379.265:145.124,380.058:139.488,380.579:129.453,380.448:122.917,376.784:117.838,374.253:113.458,372.904:107.029,372.030:100.361,369.808:96.313,367.824:93.376,368.459:87.820,371.554:82.184,375.523:78.533,377.031:74.088,380.048:69.722,379.571:66.626,381.397:63.134,,,,,,,,,,,,,,,,,,,,,,,,,,,
5->92071,287.395:193.229,295.831:199.530,292.873:204.894,288.446:211.872,285.440:216.278,281.103:222.601,276.312:228.590,272.979:230.361,277.165:234.213,280.995:236.462,284.216:236.645,290.842:240.474,294.611:242.967,298.441:243.818,295.444:246.775,293.130:249.975,289.092:249.828,284.759:248.203,,,,,,,,,,,,,,,,,,,,,,,,,,,,,,,,,,,,,,,,,,,,,,
5->92821,287.395:193.229,273.541:183.542,263.170:177.010,253.540:169.247,244.948:162.321,239.844:158.207,233.022:153.415,222.971:147.010,213.369:138.991,197.616:127.354,194.916:125.425,185.207:118.610,172.199:111.308,155.794:103.027,142.814:97.329,130.791:90.707,115.938:83.891,98.846:77.007,89.400:72.165,75.350:65.577,62.374:59.313,54.849:55.263,47.679:49.139,40.809:41.372,35.471:35.856,,,,,,,,,,,,,,,,,,,,,,,,,,,,,,,,,,,,,,,
5->93266,287.395:193.229,295.831:199.530,309.789:205.728,307.614:210.781,303.921:217.527,,,,,,,,,,,,,,,,,,,,,,,,,,,,,,,,,,,,,,,,,,,,,,,,,,,,,,,,,,,
5->95,287.395:193.229,295.831:199.530,309.789:205.728,323.589:208.748,,,,,,,,,,,,,,,,,,,,,,,,,,,,,,,,,,,,,,,,,,,,,,,,,,,,,,,,,,,,
5->95815,287.395:193.229,273.541:183.542,266.015:190.376,,,,,,,,,,,,,,,,,,,,,,,,,,,,,,,,,,,,,,,,,,,,,,,,,,,,,,,,,,,,,
5->96,287.395:193.229,273.541:183.542,263.170:177.010,253.540:169.247,244.948:162.321,239.844:158.207,233.022:153.415,222.971:147.010,213.369:138.991,197.616:127.354,194.916:125.425,185.207:118.610,172.199:111.308,155.794:103.027,142.814:97.329,130.791:90.707,115.938:83.891,98.846:77.007,89.400:72.165,75.350:65.577,62.374:59.313,,,,,,,,,,,,,,,,,,,,,,,,,,,,,,,,,,,,,,,,,,,
5->97999,287.395:193.229,295.831:199.530,309.789:205.728,307.614:210.781,303.921:217.527,303.034:220.186,303.034:224.470,301.553:226.935,304.068:229.591,313.670:231.954,318.762:234.171,,,,,,,,,,,,,,,,,,,,,,,,,,,,,,,,,,,,,,,,,,,,,,,,,,,,,
5->99,287.395:193.229,273.541:183.542,263.170:177.010,253.540:169.247,244.948:162.321,239.844:158.207,,,,,,,,,,,,,,,,,,,,,,,,,,,,,,,,,,,,,,,,,,,,,,,,,,,,,,,,,,
50132->105,303.034:220.186,303.921:217.527,307.614:210.781,309.789:205.728,295.831:199.530,287.395:193.229,273.541:183.542,263.170:177.010,253.540:169.247,244.948:162.321,239.844:158.207,233.022:153.415,222.971:147.010,213.369:138.991,197.616:127.354,194.916:125.425,185.207:118.610,172.199:111.308,155.794:103.027,142.814:97.329,,,,,,,,,,,,,,,,,,,,,,,,,,,,,,,,,,,,,,,,,,,,
50132->13,303.034:220.186,303.921:217.527,307.614:210.781,309.789:205.728,323.589:208.748,335.464:209.478,341.921:209.634,347.233:210.050,362.972:211.453,376.773:212.234,389.688:214.526,399.251:216.457,,,,,,,,,,,,,,,,,,,,,,,,,,,,,,,,,,,,,,,,,,,,,,,,,,,,
50132->13702,303.034:220.186,303.921:217.527,307.614:210.781,309.789:205.728,295.831:199.530,287.395:193.229,273.541:183.542,,,,,,,,,,,,,,,,,,,,,,,,,,,,,,,,,,,,,,,,,,,,,,,,,,,,,,,,,
50132->23254,303.034:220.186,303.921:217.527,307.614:210.781,309.789:205.728,323.589:208.748,335.464:209.478,341.921:209.634,347.233:210.050,346.414:220.501,,,,,,,,,,,,,,,,,,,,,,,,,,,,,,,,,,,,,,,,,,,,,,,,,,,,,,,
50132->32,303.034:220.186,303.921:217.527,307.614:210.781,309.789:205.728,295.831:199.530,287.395:193.229,273.541:183.542,266.015:190.376,259.506:196.964,253.235:196.647,247.361:193.392,240.376:190.296,239.106:185.931,,,,,,,,,,,,,,,,,,,,,,,,,,,,,,,,,,,,,,,,,,,,,,,,,,,
50132->48339,303.034:220.186,303.921:217.527,307.614:210.781,309.789:205.728,323.589:208.748,335.464:209.478,341.921:209.634,,,,,,,,,,,,,,,,,,,,,,,,,,,,,,,,,,,,,,,,,,,,,,,,,,,,,,,,,
50132->49,303.034:220.186,303.034:224.470,301.553:226.935,304.068:229.591,313.670:231.954,318.762:234.171,326.689:238.012,333.435:238.898,339.995:239.670,337.398:245.240,333.639:250.297,327.249:249.579,324.140:249.853,323.730:252.620,319.322:252.825,317.921:257.472,310.951:262.358,,,,,,,,,,,,,,,,,,,,,,,,,,,,,,,,,,,,,,,,,,,,,,,
50132->5,303.034:220.186,303.921:217.527,307.614:210.781,309.789:205.728,295.831:199.530,287.395:193.229,,,,,,,,,,,,,,,,,,,,,,,,,,,,,,,,,,,,,,,,,,,,,,,,,,,,,,,,,,
50132->77272,303.034:220.186,299.489:219.408,297.421:215.607,294.565:214.523,288.446:211.872,285.440:216.278,281.103:222.601,276.312:228.590,272.979:230.361,277.165:234.213,,,,,,,,,,,,,,,,,,,,,,,,,,,,,,,,,,,,,,,,,,,,,,,,,,,,,,
50132->86413,303.034:220.186,303.921:217.527,307.614:210.781,309.789:205.728,295.831:199.530,287.395:193.229,294.046:186.564,298.542:180.289,295.606:173.922,293.252:166.883,292.512:160.225,289.702:155.541,284.986:152.808,279.519:149.801,278.802:146.350,,,,,,,,,,,,,,,,,,,,,,,,,,,,,,,,,,,,,,,,,,,,,,,,,
50132->88,303.034:220.186,303.921:217.527,307.614:210.781,309.789:205.728,323.589:208.748,335.464:209.478,341.921:209.634,347.233:210.050,362.972:211.453,376.773:212.234,,,,,,,,,,,,,,,,,,,,,,,,,,,,,,,,,,,,,,,,,,,,,,,,,,,,,,
50132->92,303.034:220.186,303.921:217.527,307.614:210.781,309.789:205.728,323.589:208.748,335.464:209.478,341.921:209.634,342.238:205.594,339.156:200.382,337.035:194.274,337.420:188.101,340.700:181.672,344.595:175.542,347.193:169.199,349.637:164.698,356.323:163.798,360.502:163.991,366.803:162.190,370.983:159.940,373.073:154.252,375.613:149.887,379.265:145.124,380.058:139.488,380.579:129.453,380.448:122.917,376.784:117.838,374.253:113.458,372.904:107.029,372.030:100.361,369.808:96.313,367.824:93.376,368.459:87.820,371.554:82.184,375.523:78.533,377.031:74.088,380.048:69.722,379.571:66.626,381.397:63.134,,,,,,,,,,,,,,,,,,,,,,,,,,
50132->95,303.034:220.186,303.921:217.527,307.614:210.781,309.789:205.728,323.589:208.748,,,,,,,,,,,,,,,,,,,,,,,,,,,,,,,,,,,,,,,,,,,,,,,,,,,,,,,,,,,
50132->96372,303.034:220.186,303.921:217.527,307.614:210.781,309.789:205.728,295.831:199.530,287.395:193.229,273.541:183.542,263.170:177.010,253.540:169.247,244.948:162.321,239.844:158.207,233.022:153.415,222.971:147.010,220.826:151.867,218.561:155.067,,,,,,,,,,,,,,,,,,,,,,,,,,,,,,,,,,,,,,,,,,,,,,,,,
50132->97999,303.034:220.186,303.034:224.470,301.553:226.935,304.068:229.591,313.670:231.954,318.762:234.171,,,,,,,,,,,,,,,,,,,,,,,,,,,,,,,,,,,,,,,,,,,,,,,,,,,,,,,,,,
50132->99,303.034:220.186,303.921:217.527,307.614:210.781,309.789:205.728,295.831:199.530,287.395:193.229,273.541:183.542,263.170:177.010,253.540:169.247,244.948:162.321,239.844:158.207,,,,,,,,,,,,,,,,,,,,,,,,,,,,,,,,,,,,,,,,,,,,,,,,,,,,,
51286->105,233.788:176.485,234.423:166.563,239.844:158.207,233.022:153.415,222.971:147.010,213.369:138.991,197.616:127.354,194.916:125.425,185.207:118.610,172.199:111.308,155.794:103.027,142.814:97.329,,,,,,,,,,,,,,,,,,,,,,,,,,,,,,,,,,,,,,,,,,,,,,,,,,,,
51286->120,233.788:176.485,234.423:166.563,239.844:158.207,244.948:162.321,250.837:157.263,256.201:151.742,259.065:147.524,262.142:140.680,269.223:140.680,273.596:142.477,278.802:146.350,279.519:149.801,,,,,,,,,,,,,,,,,,,,,,,,,,,,,,,,,,,,,,,,,,,,,,,,,,,,
51286->13568,233.788:176.485,234.423:166.563,239.844:158.207,233.022:153.415,222.971:147.010,213.369:138.991,216.992:130.220,,,,,,,,,,,,,,,,,,,,,,,,,,,,,,,,,,,,,,,,,,,,,,,,,,,,,,,,,
51286->13702,233.788:176.485,234.423:166.563,239.844:158.207,244.948:162.321,253.540:169.247,263.170:177.010,273.541:183.542,,,,,,,,,,,,,,,,,,,,,,,,,,,,,,,,,,,,,,,,,,,,,,,,,,,,,,,,,
51286->14185,233.788:176.485,234.423:166.563,239.844:158.207,244.948:162.321,253.540:169.247,263.170:177.010,273.541:183.542,287.395:193.229,295.831:199.530,299.242:195.278,302.353:188.697,304.946:184.788,,,,,,,,,,,,,,,,,,,,,,,,,,,,,,,,,,,,,,,,,,,,,,,,,,,,
51286->19,233.788:176.485,234.423:166.563,239.844:158.207,233.022:153.415,222.971:147.010,213.369:138.991,197.616:127.354,194.916:125.425,185.207:118.610,172.199:111.308,155.794:103.027,142.814:97.329,147.227:87.002,149.967:78.863,143.639:73.379,135.818:65.494,132.016:63.775,126.340:58.359,121.601:55.651,112.643:49.610,102.488:48.308,,,,,,,,,,,,,,,,,,,,,,,,,,,,,,,,,,,,,,,,,,,
51286->21444,233.788:176.485,234.423:166.563,239.844:158.207,244.948:162.321,250.837:157.263,,,,,,,,,,,,,,,,,,,,,,,,,,,,,,,,,,,,,,,,,,,,,,,,,,,,,,,,,,,
51286->22,233.788:176.485,234.423:166.563,239.844:158.207,233.022:153.415,222.971:147.010,213.369:138.991,197.616:127.354,194.916:125.425,198.866:118.313,202.551:111.363,205.899:103.487,,,,,,,,,,,,,,,,,,,,,,,,,,,,,,,,,,,,,,,,,,,,,,,,,,,,,
51286->2344,233.788:176.485,234.423:166.563,239.844:158.207,244.948:162.321,253.540:169.247,263.170:177.010,,,,,,,,,,,,,,,,,,,,,,,,,,,,,,,,,,,,,,,,,,,,,,,,,,,,,,,,,,
51286->30732,233.788:176.485,234.423:166.563,239.844:158.207,233.022:153.415,222.971:147.010,213.369:138.991,197.616:127.354,194.916:125.425,185.207:118.610,172.199:111.308,,,,,,,,,,,,,,,,,,,,,,,,,,,,,,,,,,,,,,,,,,,,,,,,,,,,,,
51286->31591,233.788:176.485,234.423:166.563,239.844:158.207,244.948:162.321,253.540:169.247,,,,,,,,,,,,,,,,,,,,,,,,,,,,,,,,,,,,,,,,,,,,,,,,,,,,,,,,,,,
51286->32,233.788:176.485,234.820:180.374,239.106:185.931,,,,,,,,,,,,,,,,,,,,,,,,,,,,,,,,,,,,,,,,,,,,,,,,,,,,,,,,,,,,,
51286->34135,233.788:176.485,234.820:180.374,239.106:185.931,240.376:190.296,,,,,,,,,,,,,,,,,,,,,,,,,,,,,,,,,,,,,,,,,,,,,,,,,,,,,,,,,,,,
51286->44615,233.788:176.485,234.423:166.563,239.844:158.207,244.948:162.321,253.540:169.247,263.170:177.010,273.541:183.542,287.395:193.229,295.831:199.530,309.789:205.728,,,,,,,,,,,,,,,,,,,,,,,,,,,,,,,,,,,,,,,,,,,,,,,,,,,,,,
51286->49081,233.788:176.485,234.423:166.563,239.844:158.207,233.022:153.415,222.971:147.010,213.369:138.991,216.992:130.220,221.105:119.973,231.048:125.270,240.449:129.276,,,,,,,,,,,,,,,,,,,,,,,,,,,,,,,,,,,,,,,,,,,,,,,,,,,,,,
51286->5,233.788:176.485,234.423:166.563,239.844:158.207,244.948:162.321,253.540:169.247,263.170:177.010,273.541:183.542,287.395:193.229,,,,,,,,,,,,,,,,,,,,,,,,,,,,,,,,,,,,,,,,,,,,,,,,,,,,,,,,
51286->51952,233.788:176.485,234.423:166.563,239.844:158.207,233.022:153.415,222.971:147.010,220.826:151.867,,,,,,,,,,,,,,,,,,,,,,,,,,,,,,,,,,,,,,,,,,,,,,,,,,,,,,,,,,
51286->54272,233.788:176.485,234.423:166.563,239.844:158.207,233.022:153.415,222.971:147.010,213.369:138.991,197.616:127.354,194.916:125.425,198.866:118.313,202.551:111.363,,,,,,,,,,,,,,,,,,,,,,,,,,,,,,,,,,,,,,,,,,,,,,,,,,,,,,
51286->62572,233.788:176.485,234.820:180.374,239.106:185.931,240.376:190.296,247.361:193.392,253.235:196.647,259.506:196.964,261.770:199.201,264.577:200.838,265.934:202.619,264.693:203.237,264.143:205.369,261.236:210.021,258.781:213.446,257.144:211.297,255.017:208.227,253.079:204.706,250.817:201.831,248.310:201.033,246.269:200.091,,,,,,,,,,,,,,,,,,,,,,,,,,,,,,,,,,,,,,,,,,,,
51286->67169,233.788:176.485,234.423:166.563,239.844:158.207,233.022:153.415,222.971:147.010,213.369:138.991,197.616:127.354,195.119:131.075,,,,,,,,,,,,,,,,,,,,,,,,,,,,,,,,,,,,,,,,,,,,,,,,,,,,,,,,
51286->8318,233.788:176.485,234.423:166.563,239.844:158.207,244.948:162.321,,,,,,,,,,,,,,,,,,,,,,,,,,,,,,,,,,,,,,,,,,,,,,,,,,,,,,,,,,,,
51286->89653,233.788:176.485,234.423:166.563,239.844:158.207,244.948:162.321,253.540:169.247,263.170:177.010,273.541:183.542,287.395:193.229,295.831:199.530,299.242:195.278,302.353:188.697,304.946:184.788,306.078:181.726,,,,,,,,,,,,,,,,,,,,,,,,,,,,,,,,,,,,,,,,,,,,,,,,,,,
51286->95,233.788:176.485,234.423:166.563,239.844:158.207,244.948:162.321,253.540:169.247,263.170:177.010,273.541:183.542,287.395:193.229,295.831:199.530,309.789:205.728,323.589:208.748,,,,,,,,,,,,,,,,,,,,,,,,,,,,,,,,,,,,,,,,,,,,,,,,,,,,,
51286->95815,233.788:176.485,234.423:166.563,239.844:158.207,244.948:162.321,253.540:169.247,263.170:177.010,273.541:183.542,266.015:190.376,,,,,,,,,,,,,,,,,,,,,,,,,,,,,,,,,,,,,,,,,,,,,,,,,,,,,,,,
51286->99,233.788:176.485,234.423:166.563,239.844:158.207,,,,,,,,,,,,,,,,,,,,,,,,,,,,,,,,,,,,,,,,,,,,,,,,,,,,,,,,,,,,,
5135->105,185.207:118.610,172.199:111.308,155.794:103.027,142.814:97.329,,,,,,,,,,,,,,,,,,,,,,,,,,,,,,,,,,,,,,,,,,,,,,,,,,,,,,,,,,,,
5135->11881,185.207:118.610,194.916:125.425,197.616:127.354,213.369:138.991,222.971:147.010,,,,,,,,,,,,,,,,,,,,,,,,,,,,,,,,,,,,,,,,,,,,,,,,,,,,,,,,,,,
5135->120,185.207:118.610,194.916:125.425,197.616:127.354,213.369:138.991,222.971:147.010,233.022:153.415,239.844:158.207,244.948:162.321,250.837:157.263,256.201:151.742,259.065:147.524,262.142:140.680,269.223:140.680,273.596:142.477,278.802:146.350,279.519:149.801,,,,,,,,,,,,,,,,,,,,,,,,,,,,,,,,,,,,,,,,,,,,,,,,
5135->13568,185.207:118.610,194.916:125.425,197.616:127.354,213.369:138.991,216.992:130.220,,,,,,,,,,,,,,,,,,,,,,,,,,,,,,,,,,,,,,,,,,,,,,,,,,,,,,,,,,,
5135->25121,185.207:118.610,194.916:125.425,198.866:118.313,202.551:111.363,211.572:116.147,221.105:119.973,231.048:125.270,,,,,,,,,,,,,,,,,,,,,,,,,,,,,,,,,,,,,,,,,,,,,,,,,,,,,,,,,
5135->30732,185.207:118.610,172.199:111.308,,,,,,,,,,,,,,,,,,,,,,,,,,,,,,,,,,,,,,,,,,,,,,,,,,,,,,,,,,,,,,
5135->32,185.207:118.610,194.916:125.425,197.616:127.354,213.369:138.991,222.971:147.010,233.022:153.415,239.844:158.207,234.423:166.563,233.788:176.485,234.820:180.374,239.106:185.931,,,,,,,,,,,,,,,,,,,,,,,,,,,,,,,,,,,,,,,,,,,,,,,,,,,,,
5135->33,185.207:118.610,194.916:125.425,,,,,,,,,,,,,,,,,,,,,,,,,,,,,,,,,,,,,,,,,,,,,,,,,,,,,,,,,,,,,,
5135->5,185.207:118.610,194.916:125.425,197.616:127.354,213.369:138.991,222.971:147.010,233.022:153.415,239.844:158.207,244.948:162.321,253.540:169.247,263.170:177.010,273.541:183.542,287.395:193.229,,,,,,,,,,,,,,,,,,,,,,,,,,,,,,,,,,,,,,,,,,,,,,,,,,,,
5135->54272,185.207:118.610,194.916:125.425,198.866:118.313,202.551:111.363,,,,,,,,,,,,,,,,,,,,,,,,,,,,,,,,,,,,,,,,,,,,,,,,,,,,,,,,,,,,
5135->60450,185.207:118.610,194.916:125.425,197.616:127.354,213.369:138.991,222.971:147.010,233.022:153.415,,,,,,,,,,,,,,,,,,,,,,,,,,,,,,,,,,,,,,,,,,,,,,,,,,,,,,,,,,
5135->63927,185.207:118.610,194.916:125.425,197.616:127.354,213.369:138.991,216.992:130.220,221.105:119.973,231.048:125.270,240.449:129.276,242.392:134.598,,,,,,,,,,,,,,,,,,,,,,,,,,,,,,,,,,,,,,,,,,,,,,,,,,,,,,,
5135->66,185.207:118.610,172.199:111.308,155.794:103.027,142.814:97.329,130.791:90.707,115.938:83.891,98.846:77.007,89.400:72.165,75.350:65.577,62.374:59.313,54.849:55.263,47.679:49.139,40.809:41.372,35.471:35.856,23.833:26.340,13.949:16.375,,,,,,,,,,,,,,,,,,,,,,,,,,,,,,,,,,,,,,,,,,,,,,,,
5135->8318,185.207:118.610,194.916:125.425,197.616:127.354,213.369:138.991,222.971:147.010,233.022:153.415,239.844:158.207,244.948:162.321,,,,,,,,,,,,,,,,,,,,,,,,,,,,,,,,,,,,,,,,,,,,,,,,,,,,,,,,
5135->84,185.207:118.610,194.916:125.425,197.616:127.354,213.369:138.991,222.971:147.010,233.022:153.415,239.844:158.207,244.948:162.321,253.540:169.247,263.170:177.010,273.541:183.542,287.395:193.229,295.831:199.530,292.873:204.894,288.446:211.872,285.440:216.278,281.103:222.601,276.312:228.590,272.979:230.361,267.250:233.225,259.282:236.454,254.126:241.349,,,,,,,,,,,,,,,,,,,,,,,,,,,,,,,,,,,,,,,,,,
5135->87392,185.207:118.610,194.916:125.425,197.616:127.354,213.369:138.991,,,,,,,,,,,,,,,,,,,,,,,,,,,,,,,,,,,,,,,,,,,,,,,,,,,,,,,,,,,,
5135->92674,185.207:118.610,194.916:125.425,197.616:127.354,213.369:138.991,222.971:147.010,233.022:153.415,239.844:158.207,234.423:166.563,232.022:166.358,,,,,,,,,,,,,,,,,,,,,,,,,,,,,,,,,,,,,,,,,,,,,,,,,,,,,,,
5135->96,185.207:118.610,172.199:111.308,155.794:103.027,142.814:97.329,130.791:90.707,115.938:83.891,98.846:77.007,89.400:72.165,75.350:65.577,62.374:59.313,,,,,,,,,,,,,,,,,,,,,,,,,,,,,,,,,,,,,,,,,,,,,,,,,,,,,,
5135->99,185.207:118.610,194.916:125.425,197.616:127.354,213.369:138.991,222.971:147.010,233.022:153.415,239.844:158.207,,,,,,,,,,,,,,,,,,,,,,,,,,,,,,,,,,,,,,,,,,,,,,,,,,,,,,,,,
51552->101,280.995:236.462,277.165:234.213,272.979:230.361,267.250:233.225,259.282:236.454,254.126:241.349,246.002:247.443,244.804:252.182,245.377:255.931,252.303:260.983,256.991:265.618,257.355:270.201,,,,,,,,,,,,,,,,,,,,,,,,,,,,,,,,,,,,,,,,,,,,,,,,,,,,
51552->11404,280.995:236.462,277.165:234.213,272.979:230.361,276.312:228.590,281.103:222.601,285.440:216.278,288.446:211.872,292.873:204.894,295.831:199.530,287.395:193.229,294.046:186.564,298.542:180.289,295.606:173.922,,,,,,,,,,,,,,,,,,,,,,,,,,,,,,,,,,,,,,,,,,,,,,,,,,,
51552->120,280.995:236.462,277.165:234.213,272.979:230.361,276.312:228.590,281.103:222.601,285.440:216.278,288.446:211.872,292.873:204.894,295.831:199.530,287.395:193.229,294.046:186.564,298.542:180.289,295.606:173.922,293.252:166.883,292.512:160.225,289.702:155.541,284.986:152.808,279.519:149.801,,,,,,,,,,,,,,,,,,,,,,,,,,,,,,,,,,,,,,,,,,,,,,
51552->13702,280.995:236.462,277.165:234.213,272.979:230.361,276.312:228.590,281.103:222.601,285.440:216.278,288.446:211.872,292.873:204.894,295.831:199.530,287.395:193.229,273.541:183.542,,,,,,,,,,,,,,,,,,,,,,,,,,,,,,,,,,,,,,,,,,,,,,,,,,,,,
51552->20601,280.995:236.462,277.165:234.213,272.979:230.361,276.312:228.590,281.103:222.601,285.440:216.278,288.446:211.872,292.873:204.894,295.831:199.530,287.395:193.229,294.046:186.564,298.542:180.289,,,,,,,,,,,,,,,,,,,,,,,,,,,,,,,,,,,,,,,,,,,,,,,,,,,,
51552->22,280.995:236.462,277.165:234.213,272.979:230.361,276.312:228.590,281.103:222.601,285.440:216.278,288.446:211.872,292.873:204.894,295.831:199.530,287.395:193.229,273.541:183.542,263.170:177.010,253.540:169.247,244.948:162.321,239.844:158.207,233.022:153.415,222.971:147.010,213.369:138.991,216.992:130.220,221.105:119.973,211.572:116.147,202.551:111.363,205.899:103.487,,,,,,,,,,,,,,,,,,,,,,,,,,,,,,,,,,,,,,,,,
51552->22615,280.995:236.462,284.216:236.645,290.842:240.474,294.611:242.967,298.441:243.818,295.444:246.775,293.130:249.975,,,,,,,,,,,,,,,,,,,,,,,,,,,,,,,,,,,,,,,,,,,,,,,,,,,,,,,,,
51552->2505,280.995:236.462,277.165:234.213,272.979:230.361,276.312:228.590,281.103:222.601,285.440:216.278,283.721:215.043,,,,,,,,,,,,,,,,,,,,,,,,,,,,,,,,,,,,,,,,,,,,,,,,,,,,,,,,,
51552->28385,280.995:236.462,277.165:234.213,272.979:230.361,276.312:228.590,281.103:222.601,285.440:216.278,288.446:211.872,292.873:204.894,295.831:199.530,309.789:205.728,323.589:208.748,335.464:209.478,341.921:209.634,342.238:205.594,339.156:200.382,337.035:194.274,,,,,,,,,,,,,,,,,,,,,,,,,,,,,,,,,,,,,,,,,,,,,,,,
51552->29250,280.995:236.462,277.165:234.213,272.979:230.361,276.312:228.590,281.103:222.601,285.440:216.278,288.446:211.872,292.873:204.894,295.831:199.530,287.395:193.229,294.046:186.564,298.542:180.289,295.606:173.922,298.583:174.490,302.782:177.268,,,,,,,,,,,,,,,,,,,,,,,,,,,,,,,,,,,,,,,,,,,,,,,,,
51552->32,280.995:236.462,277.165:234.213,272.979:230.361,276.312:228.590,281.103:222.601,285.440:216.278,288.446:211.872,292.873:204.894,295.831:199.530,287.395:193.229,273.541:183.542,266.015:190.376,259.506:196.964,253.235:196.647,247.361:193.392,240.376:190.296,239.106:185.931,,,,,,,,,,,,,,,,,,,,,,,,,,,,,,,,,,,,,,,,,,,,,,,
51552->32446,280.995:236.462,277.165:234.213,272.979:230.361,276.312:228.590,281.103:222.601,285.440:216.278,288.446:211.872,294.565:214.523,297.421:215.607,299.489:219.408,303.034:220.186,303.034:224.470,301.553:226.935,,,,,,,,,,,,,,,,,,,,,,,,,,,,,,,,,,,,,,,,,,,,,,,,,,,
51552->33,280.995:236.462,277.165:234.213,272.979:230.361,276.312:228.590,281.103:222.601,285.440:216.278,288.446:211.872,292.873:204.894,295.831:199.530,287.395:193.229,273.541:183.542,263.170:177.010,253.540:169.247,244.948:162.321,239.844:158.207,233.022:153.415,222.971:147.010,213.369:138.991,197.616:127.354,194.916:125.425,,,,,,,,,,,,,,,,,,,,,,,,,,,,,,,,,,,,,,,,,,,,
51552->39313,280.995:236.462,284.216:236.645,290.842:240.474,294.611:242.967,298.441:243.818,304.155:246.128,305.371:250.930,303.183:255.307,302.149:258.225,306.405:261.082,310.951:262.358,307.924:268.482,301.570:267.905,296.768:265.655,292.573:265.169,286.373:264.865,281.266:263.832,277.315:262.798,275.066:264.683,,,,,,,,,,,,,,,,,,,,,,,,,,,,,,,,,,,,,,,,,,,,,
51552->45476,280.995:236.462,277.165:234.213,272.979:230.361,276.312:228.590,281.103:222.601,285.440:216.278,288.446:211.872,292.873:204.894,295.831:199.530,299.242:195.278,302.353:188.697,304.946:184.788,306.078:181.726,304.882:179.465,,,,,,,,,,,,,,,,,,,,,,,,,,,,,,,,,,,,,,,,,,,,,,,,,,
51552->49,280.995:236.462,284.216:236.645,290.842:240.474,294.611:242.967,298.441:243.818,304.155:246.128,305.371:250.930,303.183:255.307,302.149:258.225,306.405:261.082,310.951:262.358,,,,,,,,,,,,,,,,,,,,,,,,,,,,,,,,,,,,,,,,,,,,,,,,,,,,,
51552->5,280.995:236.462,277.165:234.213,272.979:230.361,276.312:228.590,281.103:222.601,285.440:216.278,288.446:211.872,292.873:204.894,295.831:199.530,287.395:193.229,,,,,,,,,,,,,,,,,,,,,,,,,,,,,,,,,,,,,,,,,,,,,,,,,,,,,,
51552->53940,280.995:236.462,277.165:234.213,272.979:230.361,276.312:228.590,281.103:222.601,285.440:216.278,288.446:211.872,292.873:204.894,295.831:199.530,287.395:193.229,294.046:186.564,298.542:180.289,295.606:173.922,293.252:166.883,292.512:160.225,289.702:155.541,284.986:152.808,,,,,,,,,,,,,,,,,,,,,,,,,,,,,,,,,,,,,,,,,,,,,,,
51552->66,280.995:236.462,277.165:234.213,272.979:230.361,276.312:228.590,281.103:222.601,285.440:216.278,288.446:211.872,292.873:204.894,295.831:199.530,287.395:193.229,273.541:183.542,263.170:177.010,253.540:169.247,244.948:162.321,239.844:158.207,233.022:153.415,222.971:147.010,213.369:138.991,197.616:127.354,194.916:125.425,185.207:118.610,172.199:111.308,155.794:103.027,142.814:97.329,130.791:90.707,115.938:83.891,98.846:77.007,89.400:72.165,75.350:65.577,62.374:59.313,54.849:55.263,47.679:49.139,40.809:41.372,35.471:35.856,23.833:26.340,13.949:16.375,,,,,,,,,,,,,,,,,,,,,,,,,,,,
51552->84,280.995:236.462,277.165:234.213,272.979:230.361,267.250:233.225,259.282:236.454,254.126:241.349,,,,,,,,,,,,,,,,,,,,,,,,,,,,,,,,,,,,,,,,,,,,,,,,,,,,,,,,,,
51552->88,280.995:236.462,277.165:234.213,272.979:230.361,276.312:228.590,281.103:222.601,285.440:216.278,288.446:211.872,292.873:204.894,295.831:199.530,309.789:205.728,323.589:208.748,335.464:209.478,341.921:209.634,347.233:210.050,362.972:211.453,376.773:212.234,,,,,,,,,,,,,,,,,,,,,,,,,,,,,,,,,,,,,,,,,,,,,,,,
51552->9048,280.995:236.462,277.165:234.213,272.979:230.361,276.312:228.590,281.103:222.601,285.440:216.278,288.446:211.872,292.873:204.894,295.831:199.530,299.242:195.278,,,,,,,,,,,,,,,,,,,,,,,,,,,,,,,,,,,,,,,,,,,,,,,,,,,,,,
51552->91297,280.995:236.462,284.216:236.645,290.842:240.474,,,,,,,,,,,,,,,,,,,,,,,,,,,,,,,,,,,,,,,,,,,,,,,,,,,,,,,,,,,,,
51552->92071,280.995:236.462,284.216:236.645,290.842:240.474,294.611:242.967,298.441:243.818,295.444:246.775,293.130:249.975,289.092:249.828,284.759:248.203,,,,,,,,,,,,,,,,,,,,,,,,,,,,,,,,,,,,,,,,,,,,,,,,,,,,,,,
51552->95,280.995:236.462,277.165:234.213,272.979:230.361,276.312:228.590,281.103:222.601,285.440:216.278,288.446:211.872,292.873:204.894,295.831:199.530,309.789:205.728,323.589:208.748,,,,,,,,,,,,,,,,,,,,,,,,,,,,,,,,,,,,,,,,,,,,,,,,,,,,,
51552->95815,280.995:236.462,277.165:234.213,272.979:230.361,276.312:228.590,281.103:222.601,285.440:216.278,288.446:211.872,292.873:204.894,295.831:199.530,287.395:193.229,273.541:183.542,266.015:190.376,,,,,,,,,,,,,,,,,,,,,,,,,,,,,,,,,,,,,,,,,,,,,,,,,,,,
51552->99,280.995:236.462,277.165:234.213,272.979:230.361,276.312:228.590,281.103:222.601,285.440:216.278,288.446:211.872,292.873:204.894,295.831:199.530,287.395:193.229,273.541:183.542,263.170:177.010,253.540:169.247,244.948:162.321,239.844:158.207,,,,,,,,,,,,,,,,,,,,,,,,,,,,,,,,,,,,,,,,,,,,,,,,,
51952->120,220.826:151.867,222.971:147.010,233.022:153.415,239.844:158.207,244.948:162.321,250.837:157.263,256.201:151.742,259.065:147.524,262.142:140.680,269.223:140.680,273.596:142.477,278.802:146.350,279.519:149.801,,,,,,,,,,,,,,,,,,,,,,,,,,,,,,,,,,,,,,,,,,,,,,,,,,,
51952->13568,220.826:151.867,222.971:147.010,213.369:138.991,216.992:130.220,,,,,,,,,,,,,,,,,,,,,,,,,,,,,,,,,,,,,,,,,,,,,,,,,,,,,,,,,,,,
51952->17795,220.826:151.867,222.971:147.010,233.022:153.415,239.844:158.207,244.948:162.321,253.540:169.247,263.170:177.010,273.541:183.542,287.395:193.229,295.831:199.530,309.789:205.728,323.589:208.748,335.464:209.478,341.921:209.634,342.238:205.594,339.156:200.382,337.035:194.274,337.420:188.101,340.700:181.672,344.595:175.542,347.193:169.199,349.637:164.698,356.323:163.798,360.502:163.991,366.803:162.190,370.983:159.940,373.073:154.252,,,,,,,,,,,,,,,,,,,,,,,,,,,,,,,,,,,,,
51952->23449,220.826:151.867,222.971:147.010,213.369:138.991,216.992:130.220,221.105:119.973,231.048:125.270,240.449:129.276,242.392:134.598,248.338:138.117,,,,,,,,,,,,,,,,,,,,,,,,,,,,,,,,,,,,,,,,,,,,,,,,,,,,,,,
51952->26858,220.826:151.867,222.971:147.010,233.022:153.415,239.844:158.207,244.948:162.321,253.540:169.247,263.170:177.010,273.541:183.542,287.395:193.229,295.831:199.530,309.789:205.728,323.589:208.748,335.464:209.478,341.921:209.634,347.233:210.050,,,,,,,,,,,,,,,,,,,,,,,,,,,,,,,,,,,,,,,,,,,,,,,,,
51952->2894,220.826:151.867,222.971:147.010,213.369:138.991,211.594:141.393,210.584:143.939,,,,,,,,,,,,,,,,,,,,,,,,,,,,,,,,,,,,,,,,,,,,,,,,,,,,,,,,,,,
51952->31591,220.826:151.867,222.971:147.010,233.022:153.415,239.844:158.207,244.948:162.321,253.540:169.247,,,,,,,,,,,,,,,,,,,,,,,,,,,,,,,,,,,,,,,,,,,,,,,,,,,,,,,,,,
51952->32,220.826:151.867,222.971:147.010,233.022:153.415,239.844:158.207,234.423:166.563,233.788:176.485,234.820:180.374,239.106:185.931,,,,,,,,,,,,,,,,,,,,,,,,,,,,,,,,,,,,,,,,,,,,,,,,,,,,,,,,
51952->32446,220.826:151.867,222.971:147.010,233.022:153.415,239.844:158.207,244.948:162.321,253.540:169.247,263.170:177.010,273.541:183.542,287.395:193.229,295.831:199.530,309.789:205.728,307.614:210.781,303.921:217.527,303.034:220.186,303.034:224.470,301.553:226.935,,,,,,,,,,,,,,,,,,,,,,,,,,,,,,,,,,,,,,,,,,,,,,,,
51952->33,220.826:151.867,222.971:147.010,213.369:138.991,197.616:127.354,194.916:125.425,,,,,,,,,,,,,,,,,,,,,,,,,,,,,,,,,,,,,,,,,,,,,,,,,,,,,,,,,,,
51952->49,220.826:151.867,222.971:147.010,233.022:153.415,239.844:158.207,244.948:162.321,253.540:169.247,263.170:177.010,273.541:183.542,287.395:193.229,295.831:199.530,309.789:205.728,323.589:208.748,335.464:209.478,341.921:209.634,347.233:210.050,346.414:220.501,347.233:231.470,342.284:235.228,339.995:239.670,337.398:245.240,333.639:250.297,327.249:249.579,324.140:249.853,323.730:252.620,319.322:252.825,317.921:257.472,310.951:262.358,,,,,,,,,,,,,,,,,,,,,,,,,,,,,,,,,,,,,
51952->49081,220.826:151.867,222.971:147.010,213.369:138.991,216.992:130.220,221.105:119.973,231.048:125.270,240.449:129.276,,,,,,,,,,,,,,,,,,,,,,,,,,,,,,,,,,,,,,,,,,,,,,,,,,,,,,,,,
51952->51286,220.826:151.867,222.971:147.010,233.022:153.415,239.844:158.207,234.423:166.563,233.788:176.485,,,,,,,,,,,,,,,,,,,,,,,,,,,,,,,,,,,,,,,,,,,,,,,,,,,,,,,,,,
51952->54272,220.826:151.867,222.971:147.010,213.369:138.991,216.992:130.220,221.105:119.973,211.572:116.147,202.551:111.363,,,,,,,,,,,,,,,,,,,,,,,,,,,,,,,,,,,,,,,,,,,,,,,,,,,,,,,,,
51952->60450,220.826:151.867,222.971:147.010,233.022:153.415,,,,,,,,,,,,,,,,,,,,,,,,,,,,,,,,,,,,,,,,,,,,,,,,,,,,,,,,,,,,,
51952->69933,220.826:151.867,222.971:147.010,213.369:138.991,197.616:127.354,194.916:125.425,198.866:118.313,,,,,,,,,,,,,,,,,,,,,,,,,,,,,,,,,,,,,,,,,,,,,,,,,,,,,,,,,,
51952->72897,220.826:151.867,222.971:147.010,233.022:153.415,239.844:158.207,244.948:162.321,253.540:169.247,263.170:177.010,273.541:183.542,287.395:193.229,295.831:199.530,309.789:205.728,323.589:208.748,335.464:209.478,341.921:209.634,347.233:210.050,362.972:211.453,376.773:212.234,377.269:207.599,376.158:201.725,370.983:196.328,367.109:189.263,368.141:182.992,370.983:179.262,,,,,,,,,,,,,,,,,,,,,,,,,,,,,,,,,,,,,,,,,
51952->73767,220.826:151.867,222.971:147.010,233.022:153.415,239.844:158.207,244.948:162.321,253.540:169.247,263.170:177.010,273.541:183.542,266.015:190.376,259.506:196.964,261.770:199.201,264.577:200.838,265.934:202.619,268.562:205.911,,,,,,,,,,,,,,,,,,,,,,,,,,,,,,,,,,,,,,,,,,,,,,,,,,
51952->80124,220.826:151.867,222.971:147.010,233.022:153.415,239.844:158.207,244.948:162.321,253.540:169.247,263.170:177.010,273.541:183.542,287.395:193.229,294.046:186.564,298.542:180.289,295.606:173.922,293.252:166.883,,,,,,,,,,,,,,,,,,,,,,,,,,,,,,,,,,,,,,,,,,,,,,,,,,,
51952->8318,220.826:151.867,222.971:147.010,233.022:153.415,239.844:158.207,244.948:162.321,,,,,,,,,,,,,,,,,,,,,,,,,,,,,,,,,,,,,,,,,,,,,,,,,,,,,,,,,,,
51952->92,220.826:151.867,222.971:147.010,233.022:153.415,239.844:158.207,244.948:162.321,253.540:169.247,263.170:177.010,273.541:183.542,287.395:193.229,295.831:199.530,309.789:205.728,323.589:208.748,335.464:209.478,341.921:209.634,342.238:205.594,339.156:200.382,337.035:194.274,337.420:188.101,340.700:181.672,344.595:175.542,347.193:169.199,349.637:164.698,356.323:163.798,360.502:163.991,366.803:162.190,370.983:159.940,373.073:154.252,375.613:149.887,379.265:145.124,380.058:139.488,380.579:129.453,380.448:122.917,376.784:117.838,374.253:113.458,372.904:107.029,372.030:100.361,369.808:96.313,367.824:93.376,368.459:87.820,371.554:82.184,375.523:78.533,377.031:74.088,380.048:69.722,379.571:66.626,381.397:63.134,,,,,,,,,,,,,,,,,,,
51952->93266,220.826:151.867,222.971:147.010,233.022:153.415,239.844:158.207,244.948:162.321,253.540:169.247,263.170:177.010,273.541:183.542,287.395:193.229,295.831:199.530,309.789:205.728,307.614:210.781,303.921:217.527,,,,,,,,,,,,,,,,,,,,,,,,,,,,,,,,,,,,,,,,,,,,,,,,,,,
51952->99,220.826:151.867,222.971:147.010,233.022:153.415,239.844:158.207,,,,,,,,,,,,,,,,,,,,,,,,,,,,,,,,,,,,,,,,,,,,,,,,,,,,,,,,,,,,
52367->120,304.068:229.591,301.553:226.935,303.034:224.470,303.034:220.186,303.921:217.527,307.614:210.781,309.789:205.728,295.831:199.530,287.395:193.229,294.046:186.564,298.542:180.289,295.606:173.922,293.252:166.883,292.512:160.225,289.702:155.541,284.986:152.808,279.519:149.801,,,,,,,,,,,,,,,,,,,,,,,,,,,,,,,,,,,,,,,,,,,,,,,
52367->13,304.068:229.591,313.670:231.954,318.762:234.171,326.689:238.012,333.435:238.898,339.995:239.670,342.284:235.228,347.233:231.470,346.414:220.501,347.233:210.050,362.972:211.453,376.773:212.234,389.688:214.526,399.251:216.457,,,,,,,,,,,,,,,,,,,,,,,,,,,,,,,,,,,,,,,,,,,,,,,,,,
52367->21444,304.068:229.591,301.553:226.935,303.034:224.470,303.034:220.186,303.921:217.527,307.614:210.781,309.789:205.728,295.831:199.530,287.395:193.229,273.541:183.542,263.170:177.010,253.540:169.247,244.948:162.321,250.837:157.263,,,,,,,,,,,,,,,,,,,,,,,,,,,,,,,,,,,,,,,,,,,,,,,,,,
52367->22,304.068:229.591,301.553:226.935,303.034:224.470,303.034:220.186,303.921:217.527,307.614:210.781,309.789:205.728,295.831:199.530,287.395:193.229,273.541:183.542,263.170:177.010,253.540:169.247,244.948:162.321,239.844:158.207,233.022:153.415,222.971:147.010,213.369:138.991,216.992:130.220,221.105:119.973,211.572:116.147,202.551:111.363,205.899:103.487,,,,,,,,,,,,,,,,,,,,,,,,,,,,,,,,,,,,,,,,,,
52367->23254,304.068:229.591,313.670:231.954,318.762:234.171,326.689:238.012,333.435:238.898,339.995:239.670,342.284:235.228,347.233:231.470,346.414:220.501,,,,,,,,,,,,,,,,,,,,,,,,,,,,,,,,,,,,,,,,,,,,,,,,,,,,,,,
52367->2552,304.068:229.591,313.670:231.954,318.762:234.171,326.689:238.012,333.435:238.898,339.995:239.670,342.284:235.228,347.233:231.470,346.414:220.501,347.233:210.050,362.972:211.453,376.773:212.234,389.688:214.526,,,,,,,,,,,,,,,,,,,,,,,,,,,,,,,,,,,,,,,,,,,,,,,,,,,
52367->26858,304.068:229.591,313.670:231.954,318.762:234.171,326.689:238.012,333.435:238.898,339.995:239.670,342.284:235.228,347.233:231.470,346.414:220.501,347.233:210.050,,,,,,,,,,,,,,,,,,,,,,,,,,,,,,,,,,,,,,,,,,,,,,,,,,,,,,
52367->32,304.068:229.591,301.553:226.935,303.034:224.470,303.034:220.186,303.921:217.527,307.614:210.781,309.789:205.728,295.831:199.530,287.395:193.229,273.541:183.542,266.015:190.376,259.506:196.964,253.235:196.647,247.361:193.392,240.376:190.296,239.106:185.931,,,,,,,,,,,,,,,,,,,,,,,,,,,,,,,,,,,,,,,,,,,,,,,,
52367->41841,304.068:229.591,301.553:226.935,303.034:224.470,303.034:220.186,303.921:217.527,307.614:210.781,309.789:205.728,323.589:208.748,335.464:209.478,341.921:209.634,342.238:205.594,,,,,,,,,,,,,,,,,,,,,,,,,,,,,,,,,,,,,,,,,,,,,,,,,,,,,
52367->49,304.068:229.591,313.670:231.954,318.762:234.171,326.689:238.012,333.435:238.898,339.995:239.670,337.398:245.240,333.639:250.297,327.249:249.579,324.140:249.853,323.730:252.620,319.322:252.825,317.921:257.472,310.951:262.358,,,,,,,,,,,,,,,,,,,,,,,,,,,,,,,,,,,,,,,,,,,,,,,,,,
52367->52980,304.068:229.591,301.553:226.935,303.034:224.470,303.034:220.186,299.489:219.408,297.421:215.607,294.565:214.523,,,,,,,,,,,,,,,,,,,,,,,,,,,,,,,,,,,,,,,,,,,,,,,,,,,,,,,,,
52367->60450,304.068:229.591,301.553:226.935,303.034:224.470,303.034:220.186,303.921:217.527,307.614:210.781,309.789:205.728,295.831:199.530,287.395:193.229,273.541:183.542,263.170:177.010,253.540:169.247,244.948:162.321,239.844:158.207,233.022:153.415,,,,,,,,,,,,,,,,,,,,,,,,,,,,,,,,,,,,,,,,,,,,,,,,,
52367->66,304.068:229.591,301.553:226.935,303.034:224.470,303.034:220.186,303.921:217.527,307.614:210.781,309.789:205.728,295.831:199.530,287.395:193.229,273.541:183.542,263.170:177.010,253.540:169.247,244.948:162.321,239.844:158.207,233.022:153.415,222.971:147.010,213.369:138.991,197.616:127.354,194.916:125.425,185.207:118.610,172.199:111.308,155.794:103.027,142.814:97.329,130.791:90.707,115.938:83.891,98.846:77.007,89.400:72.165,75.350:65.577,62.374:59.313,54.849:55.263,47.679:49.139,40.809:41.372,35.471:35.856,23.833:26.340,13.949:16.375,,,,,,,,,,,,,,,,,,,,,,,,,,,,,
52367->73767,304.068:229.591,301.553:226.935,303.034:224.470,303.034:220.186,299.489:219.408,297.421:215.607,294.565:214.523,288.446:211.872,285.440:216.278,283.721:215.043,280.749:214.236,276.735:213.986,273.745:211.032,271.617:208.929,268.562:205.911,,,,,,,,,,,,,,,,,,,,,,,,,,,,,,,,,,,,,,,,,,,,,,,,,
52367->84,304.068:229.591,301.553:226.935,303.034:224.470,303.034:220.186,299.489:219.408,297.421:215.607,294.565:214.523,288.446:211.872,285.440:216.278,281.103:222.601,276.312:228.590,272.979:230.361,267.250:233.225,259.282:236.454,254.126:241.349,,,,,,,,,,,,,,,,,,,,,,,,,,,,,,,,,,,,,,,,,,,,,,,,,
52367->9048,304.068:229.591,301.553:226.935,303.034:224.470,303.034:220.186,303.921:217.527,307.614:210.781,309.789:205.728,295.831:199.530,299.242:195.278,,,,,,,,,,,,,,,,,,,,,,,,,,,,,,,,,,,,,,,,,,,,,,,,,,,,,,,
52367->92,304.068:229.591,313.670:231.954,318.762:234.171,326.689:238.012,333.435:238.898,339.995:239.670,342.284:235.228,347.233:231.470,346.414:220.501,347.233:210.050,362.972:211.453,376.773:212.234,377.269:207.599,376.158:201.725,370.983:196.328,367.109:189.263,368.141:182.992,370.983:179.262,374.094:172.594,373.541:164.692,370.983:159.940,373.073:154.252,375.613:149.887,379.265:145.124,380.058:139.488,380.579:129.453,380.448:122.917,376.784:117.838,374.253:113.458,372.904:107.029,372.030:100.361,369.808:96.313,367.824:93.376,368.459:87.820,371.554:82.184,375.523:78.533,377.031:74.088,380.048:69.722,379.571:66.626,381.397:63.134,,,,,,,,,,,,,,,,,,,,,,,,
52367->95,304.068:229.591,301.553:226.935,303.034:224.470,303.034:220.186,303.921:217.527,307.614:210.781,309.789:205.728,323.589:208.748,,,,,,,,,,,,,,,,,,,,,,,,,,,,,,,,,,,,,,,,,,,,,,,,,,,,,,,,
52367->95815,304.068:229.591,301.553:226.935,303.034:224.470,303.034:220.186,303.921:217.527,307.614:210.781,309.789:205.728,295.831:199.530,287.395:193.229,273.541:183.542,266.015:190.376,,,,,,,,,,,,,,,,,,,,,,,,,,,,,,,,,,,,,,,,,,,,,,,,,,,,,
52367->96,304.068:229.591,301.553:226.935,303.034:224.470,303.034:220.186,303.921:217.527,307.614:210.781,309.789:205.728,295.831:199.530,287.395:193.229,273.541:183.542,263.170:177.010,253.540:169.247,244.948:162.321,239.844:158.207,233.022:153.415,222.971:147.010,213.369:138.991,197.616:127.354,194.916:125.425,185.207:118.610,172.199:111.308,155.794:103.027,142.814:97.329,130.791:90.707,115.938:83.891,98.846:77.007,89.400:72.165,75.350:65.577,62.374:59.313,,,,,,,,,,,,,,,,,,,,,,,,,,,,,,,,,,,
52367->99,304.068:229.591,301.553:226.935,303.034:224.470,303.034:220.186,303.921:217.527,307.614:210.781,309.789:205.728,295.831:199.530,287.395:193.229,273.541:183.542,263.170:177.010,253.540:169.247,244.948:162.321,239.844:158.207,,,,,,,,,,,,,,,,,,,,,,,,,,,,,,,,,,,,,,,,,,,,,,,,,,
52980->101,294.565:214.523,288.446:211.872,285.440:216.278,281.103:222.601,276.312:228.590,272.979:230.361,267.250:233.225,259.282:236.454,254.126:241.349,246.002:247.443,244.804:252.182,245.377:255.931,252.303:260.983,256.991:265.618,257.355:270.201,,,,,,,,,,,,,,,,,,,,,,,,,,,,,,,,,,,,,,,,,,,,,,,,,
52980->120,294.565:214.523,288.446:211.872,292.873:204.894,295.831:199.530,287.395:193.229,294.046:186.564,298.542:180.289,295.606:173.922,293.252:166.883,292.512:160.225,289.702:155.541,284.986:152.808,279.519:149.801,,,,,,,,,,,,,,,,,,,,,,,,,,,,,,,,,,,,,,,,,,,,,,,,,,,
52980->13,294.565:214.523,288.446:211.872,292.873:204.894,295.831:199.530,309.789:205.728,323.589:208.748,335.464:209.478,341.921:209.634,347.233:210.050,362.972:211.453,376.773:212.234,389.688:214.526,399.251:216.457,,,,,,,,,,,,,,,,,,,,,,,,,,,,,,,,,,,,,,,,,,,,,,,,,,,
52980->13702,294.565:214.523,288.446:211.872,292.873:204.894,295.831:199.530,287.395:193.229,273.541:183.542,,,,,,,,,,,,,,,,,,,,,,,,,,,,,,,,,,,,,,,,,,,,,,,,,,,,,,,,,,
52980->14185,294.565:214.523,288.446:211.872,292.873:204.894,295.831:199.530,299.242:195.278,302.353:188.697,304.946:184.788,,,,,,,,,,,,,,,,,,,,,,,,,,,,,,,,,,,,,,,,,,,,,,,,,,,,,,,,,
52980->22,294.565:214.523,288.446:211.872,292.873:204.894,295.831:199.530,287.395:193.229,273.541:183.542,263.170:177.010,253.540:169.247,244.948:162.321,239.844:158.207,233.022:153.415,222.971:147.010,213.369:138.991,216.992:130.220,221.105:119.973,211.572:116.147,202.551:111.363,205.899:103.487,,,,,,,,,,,,,,,,,,,,,,,,,,,,,,,,,,,,,,,,,,,,,,
52980->31591,294.565:214.523,288.446:211.872,292.873:204.894,295.831:199.530,287.395:193.229,273.541:183.542,263.170:177.010,253.540:169.247,,,,,,,,,,,,,,,,,,,,,,,,,,,,,,,,,,,,,,,,,,,,,,,,,,,,,,,,
52980->32,294.565:214.523,288.446:211.872,292.873:204.894,295.831:199.530,287.395:193.229,273.541:183.542,266.015:190.376,259.506:196.964,253.235:196.647,247.361:193.392,240.376:190.296,239.106:185.931,,,,,,,,,,,,,,,,,,,,,,,,,,,,,,,,,,,,,,,,,,,,,,,,,,,,
52980->33,294.565:214.523,288.446:211.872,292.873:204.894,295.831:199.530,287.395:193.229,273.541:183.542,263.170:177.010,253.540:169.247,244.948:162.321,239.844:158.207,233.022:153.415,222.971:147.010,213.369:138.991,197.616:127.354,194.916:125.425,,,,,,,,,,,,,,,,,,,,,,,,,,,,,,,,,,,,,,,,,,,,,,,,,
52980->49,294.565:214.523,288.446:211.872,285.440:216.278,281.103:222.601,276.312:228.590,272.979:230.361,277.165:234.213,280.995:236.462,284.216:236.645,290.842:240.474,294.611:242.967,298.441:243.818,304.155:246.128,305.371:250.930,303.183:255.307,302.149:258.225,306.405:261.082,310.951:262.358,,,,,,,,,,,,,,,,,,,,,,,,,,,,,,,,,,,,,,,,,,,,,,
52980->5,294.565:214.523,288.446:211.872,292.873:204.894,295.831:199.530,287.395:193.229,,,,,,,,,,,,,,,,,,,,,,,,,,,,,,,,,,,,,,,,,,,,,,,,,,,,,,,,,,,
52980->54272,294.565:214.523,288.446:211.872,292.873:204.894,295.831:199.530,287.395:193.229,273.541:183.542,263.170:177.010,253.540:169.247,244.948:162.321,239.844:158.207,233.022:153.415,222.971:147.010,213.369:138.991,216.992:130.220,221.105:119.973,211.572:116.147,202.551:111.363,,,,,,,,,,,,,,,,,,,,,,,,,,,,,,,,,,,,,,,,,,,,,,,
52980->63927,294.565:214.523,288.446:211.872,292.873:204.894,295.831:199.530,287.395:193.229,273.541:183.542,263.170:177.010,253.540:169.247,244.948:162.321,250.837:157.263,256.201:151.742,259.065:147.524,262.142:140.680,255.137:140.236,248.338:138.117,242.392:134.598,,,,,,,,,,,,,,,,,,,,,,,,,,,,,,,,,,,,,,,,,,,,,,,,
52980->72780,294.565:214.523,288.446:211.872,285.440:216.278,281.103:222.601,276.312:228.590,272.979:230.361,277.165:234.213,280.995:236.462,284.216:236.645,,,,,,,,,,,,,,,,,,,,,,,,,,,,,,,,,,,,,,,,,,,,,,,,,,,,,,,
52980->79100,294.565:214.523,288.446:211.872,285.440:216.278,281.103:222.601,279.812:220.553,,,,,,,,,,,,,,,,,,,,,,,,,,,,,,,,,,,,,,,,,,,,,,,,,,,,,,,,,,,
52980->80124,294.565:214.523,288.446:211.872,292.873:204.894,295.831:199.530,287.395:193.229,294.046:186.564,298.542:180.289,295.606:173.922,293.252:166.883,,,,,,,,,,,,,,,,,,,,,,,,,,,,,,,,,,,,,,,,,,,,,,,,,,,,,,,
52980->9356,294.565:214.523,288.446:211.872,285.440:216.278,281.103:222.601,276.312:228.590,272.979:230.361,267.250:233.225,259.282:236.454,,,,,,,,,,,,,,,,,,,,,,,,,,,,,,,,,,,,,,,,,,,,,,,,,,,,,,,,
52980->95,294.565:214.523,288.446:211.872,292.873:204.894,295.831:199.530,309.789:205.728,323.589:208.748,,,,,,,,,,,,,,,,,,,,,,,,,,,,,,,,,,,,,,,,,,,,,,,,,,,,,,,,,,
52980->99,294.565:214.523,288.446:211.872,292.873:204.894,295.831:199.530,287.395:193.229,273.541:183.542,263.170:177.010,253.540:169.247,244.948:162.321,239.844:158.207,,,,,,,,,,,,,,,,,,,,,,,,,,,,,,,,,,,,,,,,,,,,,,,,,,,,,,
53012->32,204.676:149.405,208.664:150.143,210.732:148.125,210.584:143.939,211.594:141.393,213.369:138.991,222.971:147.010,233.022:153.415,239.844:158.207,234.423:166.563,233.788:176.485,234.820:180.374,239.106:185.931,,,,,,,,,,,,,,,,,,,,,,,,,,,,,,,,,,,,,,,,,,,,,,,,,,,
53012->5451,204.676:149.405,208.664:150.143,210.732:148.125,210.584:143.939,211.594:141.393,213.369:138.991,222.971:147.010,233.022:153.415,239.844:158.207,244.948:162.321,253.540:169.247,263.170:177.010,273.541:183.542,266.015:190.376,259.506:196.964,261.770:199.201,264.577:200.838,,,,,,,,,,,,,,,,,,,,,,,,,,,,,,,,,,,,,,,,,,,,,,,
53012->95815,204.676:149.405,208.664:150.143,210.732:148.125,210.584:143.939,211.594:141.393,213.369:138.991,222.971:147.010,233.022:153.415,239.844:158.207,244.948:162.321,253.540:169.247,263.170:177.010,273.541:183.542,266.015:190.376,,,,,,,,,,,,,,,,,,,,,,,,,,,,,,,,,,,,,,,,,,,,,,,,,,
53303->22,248.310:201.033,250.817:201.831,253.079:204.706,255.017:208.227,257.144:211.297,258.781:213.446,261.236:210.021,264.143:205.369,264.693:203.237,265.934:202.619,264.577:200.838,261.770:199.201,259.506:196.964,266.015:190.376,273.541:183.542,263.170:177.010,253.540:169.247,244.948:162.321,239.844:158.207,233.022:153.415,222.971:147.010,213.369:138.991,216.992:130.220,221.105:119.973,211.572:116.147,202.551:111.363,205.899:103.487,,,,,,,,,,,,,,,,,,,,,,,,,,,,,,,,,,,,,
53303->2344,248.310:201.033,250.817:201.831,253.079:204.706,255.017:208.227,257.144:211.297,258.781:213.446,261.236:210.021,264.143:205.369,264.693:203.237,265.934:202.619,264.577:200.838,261.770:199.201,259.506:196.964,266.015:190.376,273.541:183.542,263.170:177.010,,,,,,,,,,,,,,,,,,,,,,,,,,,,,,,,,,,,,,,,,,,,,,,,
53303->32,248.310:201.033,250.817:201.831,253.079:204.706,255.017:208.227,257.144:211.297,258.781:213.446,261.236:210.021,264.143:205.369,264.693:203.237,265.934:202.619,264.577:200.838,261.770:199.201,259.506:196.964,253.235:196.647,247.361:193.392,240.376:190.296,239.106:185.931,,,,,,,,,,,,,,,,,,,,,,,,,,,,,,,,,,,,,,,,,,,,,,,
53303->34135,248.310:201.033,250.817:201.831,253.079:204.706,255.017:208.227,257.144:211.297,258.781:213.446,261.236:210.021,264.143:205.369,264.693:203.237,265.934:202.619,264.577:200.838,261.770:199.201,259.506:196.964,253.235:196.647,247.361:193.392,240.376:190.296,,,,,,,,,,,,,,,,,,,,,,,,,,,,,,,,,,,,,,,,,,,,,,,,
53303->51286,248.310:201.033,250.817:201.831,253.079:204.706,255.017:208.227,257.144:211.297,258.781:213.446,261.236:210.021,264.143:205.369,264.693:203.237,265.934:202.619,264.577:200.838,261.770:199.201,259.506:196.964,253.235:196.647,247.361:193.392,240.376:190.296,239.106:185.931,234.820:180.374,233.788:176.485,,,,,,,,,,,,,,,,,,,,,,,,,,,,,,,,,,,,,,,,,,,,,
53303->82106,248.310:201.033,250.817:201.831,253.079:204.706,255.017:208.227,257.144:211.297,258.781:213.446,261.236:210.021,264.143:205.369,264.693:203.237,265.934:202.619,264.577:200.838,261.770:199.201,259.506:196.964,253.235:196.647,247.361:193.392,240.376:190.296,239.106:185.931,234.820:180.374,233.788:176.485,234.423:166.563,,,,,,,,,,,,,,,,,,,,,,,,,,,,,,,,,,,,,,,,,,,,
53303->8318,248.310:201.033,250.817:201.831,253.079:204.706,255.017:208.227,257.144:211.297,258.781:213.446,261.236:210.021,264.143:205.369,264.693:203.237,265.934:202.619,264.577:200.838,261.770:199.201,259.506:196.964,266.015:190.376,273.541:183.542,263.170:177.010,253.540:169.247,244.948:162.321,,,,,,,,,,,,,,,,,,,,,,,,,,,,,,,,,,,,,,,,,,,,,,
53303->84,248.310:201.033,250.817:201.831,253.079:204.706,255.017:208.227,257.144:211.297,258.781:213.446,261.914:216.256,265.242:218.679,268.214:220.295,270.508:222.104,272.511:221.038,274.514:219.099,276.953:219.281,279.812:220.553,281.103:222.601,276.312:228.590,272.979:230.361,267.250:233.225,259.282:236.454,254.126:241.349,,,,,,,,,,,,,,,,,,,,,,,,,,,,,,,,,,,,,,,,,,,,
53303->99,248.310:201.033,250.817:201.831,253.079:204.706,255.017:208.227,257.144:211.297,258.781:213.446,261.236:210.021,264.143:205.369,264.693:203.237,265.934:202.619,264.577:200.838,261.770:199.201,259.506:196.964,266.015:190.376,273.541:183.542,263.170:177.010,253.540:169.247,244.948:162.321,239.844:158.207,,,,,,,,,,,,,,,,,,,,,,,,,,,,,,,,,,,,,,,,,,,,,
53940->120,284.986:152.808,279.519:149.801,,,,,,,,,,,,,,,,,,,,,,,,,,,,,,,,,,,,,,,,,,,,,,,,,,,,,,,,,,,,,,
53940->13651,284.986:152.808,289.702:155.541,292.512:160.225,293.252:166.883,295.606:173.922,298.542:180.289,294.046:186.564,287.395:193.229,295.831:199.530,292.873:204.894,,,,,,,,,,,,,,,,,,,,,,,,,,,,,,,,,,,,,,,,,,,,,,,,,,,,,,
53940->13702,284.986:152.808,289.702:155.541,292.512:160.225,293.252:166.883,295.606:173.922,298.542:180.289,294.046:186.564,287.395:193.229,273.541:183.542,,,,,,,,,,,,,,,,,,,,,,,,,,,,,,,,,,,,,,,,,,,,,,,,,,,,,,,
53940->22,284.986:152.808,279.519:149.801,278.802:146.350,273.596:142.477,269.223:140.680,262.142:140.680,255.137:140.236,248.338:138.117,242.392:134.598,240.449:129.276,231.048:125.270,221.105:119.973,211.572:116.147,202.551:111.363,205.899:103.487,,,,,,,,,,,,,,,,,,,,,,,,,,,,,,,,,,,,,,,,,,,,,,,,,
53940->2344,284.986:152.808,289.702:155.541,292.512:160.225,293.252:166.883,295.606:173.922,298.542:180.289,294.046:186.564,287.395:193.229,273.541:183.542,263.170:177.010,,,,,,,,,,,,,,,,,,,,,,,,,,,,,,,,,,,,,,,,,,,,,,,,,,,,,,
53940->32,284.986:152.808,289.702:155.541,292.512:160.225,293.252:166.883,295.606:173.922,298.542:180.289,294.046:186.564,287.395:193.229,273.541:183.542,266.015:190.376,259.506:196.964,253.235:196.647,247.361:193.392,240.376:190.296,239.106:185.931,,,,,,,,,,,,,,,,,,,,,,,,,,,,,,,,,,,,,,,,,,,,,,,,,
53940->45395,284.986:152.808,289.702:155.541,292.512:160.225,293.252:166.883,295.606:173.922,298.542:180.289,294.046:186.564,287.395:193.229,273.541:183.542,266.015:190.376,259.506:196.964,261.770:199.201,264.577:200.838,265.934:202.619,264.693:203.237,264.143:205.369,261.236:210.021,258.781:213.446,257.144:211.297,255.017:208.227,253.079:204.706,,,,,,,,,,,,,,,,,,,,,,,,,,,,,,,,,,,,,,,,,,,
53940->45476,284.986:152.808,289.702:155.541,292.512:160.225,293.252:166.883,295.606:173.922,298.583:174.490,302.782:177.268,304.882:179.465,,,,,,,,,,,,,,,,,,,,,,,,,,,,,,,,,,,,,,,,,,,,,,,,,,,,,,,,
53940->49,284.986:152.808,289.702:155.541,292.512:160.225,293.252:166.883,295.606:173.922,298.542:180.289,294.046:186.564,287.395:193.229,295.831:199.530,309.789:205.728,323.589:208.748,335.464:209.478,341.921:209.634,347.233:210.050,346.414:220.501,347.233:231.470,342.284:235.228,339.995:239.670,337.398:245.240,333.639:250.297,327.249:249.579,324.140:249.853,323.730:252.620,319.322:252.825,317.921:257.472,310.951:262.358,,,,,,,,,,,,,,,,,,,,,,,,,,,,,,,,,,,,,,
53940->51552,284.986:152.808,289.702:155.541,292.512:160.225,293.252:166.883,295.606:173.922,298.542:180.289,294.046:186.564,287.395:193.229,295.831:199.530,292.873:204.894,288.446:211.872,285.440:216.278,281.103:222.601,276.312:228.590,272.979:230.361,277.165:234.213,280.995:236.462,,,,,,,,,,,,,,,,,,,,,,,,,,,,,,,,,,,,,,,,,,,,,,,
53940->54272,284.986:152.808,279.519:149.801,278.802:146.350,273.596:142.477,269.223:140.680,262.142:140.680,255.137:140.236,248.338:138.117,242.392:134.598,240.449:129.276,231.048:125.270,221.105:119.973,211.572:116.147,202.551:111.363,,,,,,,,,,,,,,,,,,,,,,,,,,,,,,,,,,,,,,,,,,,,,,,,,,
53940->63927,284.986:152.808,279.519:149.801,278.802:146.350,273.596:142.477,269.223:140.680,262.142:140.680,255.137:140.236,248.338:138.117,242.392:134.598,,,,,,,,,,,,,,,,,,,,,,,,,,,,,,,,,,,,,,,,,,,,,,,,,,,,,,,
53940->72974,284.986:152.808,279.519:149.801,278.802:146.350,273.596:142.477,269.223:140.680,262.142:140.680,259.065:147.524,256.201:151.742,,,,,,,,,,,,,,,,,,,,,,,,,,,,,,,,,,,,,,,,,,,,,,,,,,,,,,,,
53940->80124,284.986:152.808,289.702:155.541,292.512:160.225,293.252:166.883,,,,,,,,,,,,,,,,,,,,,,,,,,,,,,,,,,,,,,,,,,,,,,,,,,,,,,,,,,,,
53940->84,284.986:152.808,289.702:155.541,292.512:160.225,293.252:166.883,295.606:173.922,298.542:180.289,294.046:186.564,287.395:193.229,295.831:199.530,292.873:204.894,288.446:211.872,285.440:216.278,281.103:222.601,276.312:228.590,272.979:230.361,267.250:233.225,259.282:236.454,254.126:241.349,,,,,,,,,,,,,,,,,,,,,,,,,,,,,,,,,,,,,,,,,,,,,,
53940->88,284.986:152.808,289.702:155.541,292.512:160.225,293.252:166.883,295.606:173.922,298.542:180.289,294.046:186.564,287.395:193.229,295.831:199.530,309.789:205.728,323.589:208.748,335.464:209.478,341.921:209.634,347.233:210.050,362.972:211.453,376.773:212.234,,,,,,,,,,,,,,,,,,,,,,,,,,,,,,,,,,,,,,,,,,,,,,,,
53940->9048,284.986:152.808,289.702:155.541,292.512:160.225,293.252:166.883,295.606:173.922,298.542:180.289,294.046:186.564,287.395:193.229,295.831:199.530,299.242:195.278,,,,,,,,,,,,,,,,,,,,,,,,,,,,,,,,,,,,,,,,,,,,,,,,,,,,,,
53940->91020,284.986:152.808,289.702:155.541,292.512:160.225,293.252:166.883,295.606:173.922,298.542:180.289,294.046:186.564,287.395:193.229,295.831:199.530,309.789:205.728,323.589:208.748,335.464:209.478,341.921:209.634,347.233:210.050,362.972:211.453,,,,,,,,,,,,,,,,,,,,,,,,,,,,,,,,,,,,,,,,,,,,,,,,,
53940->92,284.986:152.808,289.702:155.541,292.512:160.225,293.252:166.883,295.606:173.922,298.542:180.289,294.046:186.564,287.395:193.229,295.831:199.530,309.789:205.728,323.589:208.748,335.464:209.478,341.921:209.634,342.238:205.594,339.156:200.382,337.035:194.274,337.420:188.101,340.700:181.672,344.595:175.542,347.193:169.199,349.637:164.698,356.323:163.798,360.502:163.991,366.803:162.190,370.983:159.940,373.073:154.252,375.613:149.887,379.265:145.124,380.058:139.488,380.579:129.453,380.448:122.917,376.784:117.838,374.253:113.458,372.904:107.029,372.030:100.361,369.808:96.313,367.824:93.376,368.459:87.820,371.554:82.184,375.523:78.533,377.031:74.088,380.048:69.722,379.571:66.626,381.397:63.134,,,,,,,,,,,,,,,,,,,,
54272->105,202.551:111.363,198.866:118.313,194.916:125.425,185.207:118.610,172.199:111.308,155.794:103.027,142.814:97.329,,,,,,,,,,,,,,,,,,,,,,,,,,,,,,,,,,,,,,,,,,,,,,,,,,,,,,,,,
54272->11881,202.551:111.363,211.572:116.147,221.105:119.973,216.992:130.220,213.369:138.991,222.971:147.010,,,,,,,,,,,,,,,,,,,,,,,,,,,,,,,,,,,,,,,,,,,,,,,,,,,,,,,,,,
54272->120,202.551:111.363,211.572:116.147,221.105:119.973,231.048:125.270,240.449:129.276,242.392:134.598,248.338:138.117,255.137:140.236,262.142:140.680,269.223:140.680,273.596:142.477,278.802:146.350,279.519:149.801,,,,,,,,,,,,,,,,,,,,,,,,,,,,,,,,,,,,,,,,,,,,,,,,,,,
54272->13568,202.551:111.363,211.572:116.147,221.105:119.973,216.992:130.220,,,,,,,,,,,,,,,,,,,,,,,,,,,,,,,,,,,,,,,,,,,,,,,,,,,,,,,,,,,,
54272->13702,202.551:111.363,211.572:116.147,221.105:119.973,216.992:130.220,213.369:138.991,222.971:147.010,233.022:153.415,239.844:158.207,244.948:162.321,253.540:169.247,263.170:177.010,273.541:183.542,,,,,,,,,,,,,,,,,,,,,,,,,,,,,,,,,,,,,,,,,,,,,,,,,,,,
54272->22,202.551:111.363,205.899:103.487,,,,,,,,,,,,,,,,,,,,,,,,,,,,,,,,,,,,,,,,,,,,,,,,,,,,,,,,,,,,,,
54272->23449,202.551:111.363,211.572:116.147,221.105:119.973,231.048:125.270,240.449:129.276,242.392:134.598,248.338:138.117,,,,,,,,,,,,,,,,,,,,,,,,,,,,,,,,,,,,,,,,,,,,,,,,,,,,,,,,,
54272->24143,202.551:111.363,211.572:116.147,221.105:119.973,216.992:130.220,213.369:138.991,222.971:147.010,233.022:153.415,239.844:158.207,244.948:162.321,253.540:169.247,263.170:177.010,273.541:183.542,287.395:193.229,295.831:199.530,309.789:205.728,323.589:208.748,335.464:209.478,341.921:209.634,347.233:210.050,362.972:211.453,376.773:212.234,377.269:207.599,376.158:201.725,370.983:196.328,367.109:189.263,368.141:182.992,370.983:179.262,374.094:172.594,,,,,,,,,,,,,,,,,,,,,,,,,,,,,,,,,,,,
54272->24817,202.551:111.363,211.572:116.147,221.105:119.973,216.992:130.220,213.369:138.991,222.971:147.010,233.022:153.415,239.844:158.207,244.948:162.321,253.540:169.247,263.170:177.010,273.541:183.542,287.395:193.229,295.831:199.530,309.789:205.728,323.589:208.748,335.464:209.478,,,,,,,,,,,,,,,,,,,,,,,,,,,,,,,,,,,,,,,,,,,,,,,
54272->25121,202.551:111.363,211.572:116.147,221.105:119.973,231.048:125.270,,,,,,,,,,,,,,,,,,,,,,,,,,,,,,,,,,,,,,,,,,,,,,,,,,,,,,,,,,,,
54272->29230,202.551:111.363,211.572:116.147,221.105:119.973,231.048:125.270,240.449:129.276,241.499:125.514,,,,,,,,,,,,,,,,,,,,,,,,,,,,,,,,,,,,,,,,,,,,,,,,,,,,,,,,,,
54272->30732,202.551:111.363,198.866:118.313,194.916:125.425,185.207:118.610,172.199:111.308,,,,,,,,,,,,,,,,,,,,,,,,,,,,,,,,,,,,,,,,,,,,,,,,,,,,,,,,,,,
54272->31591,202.551:111.363,211.572:116.147,221.105:119.973,216.992:130.220,213.369:138.991,222.971:147.010,233.022:153.415,239.844:158.207,244.948:162.321,253.540:169.247,,,,,,,,,,,,,,,,,,,,,,,,,,,,,,,,,,,,,,,,,,,,,,,,,,,,,,
54272->32,202.551:111.363,211.572:116.147,221.105:119.973,216.992:130.220,213.369:138.991,222.971:147.010,233.022:153.415,239.844:158.207,234.423:166.563,233.788:176.485,234.820:180.374,239.106:185.931,,,,,,,,,,,,,,,,,,,,,,,,,,,,,,,,,,,,,,,,,,,,,,,,,,,,
54272->33,202.551:111.363,198.866:118.313,194.916:125.425,,,,,,,,,,,,,,,,,,,,,,,,,,,,,,,,,,,,,,,,,,,,,,,,,,,,,,,,,,,,,
54272->41841,202.551:111.363,211.572:116.147,221.105:119.973,216.992:130.220,213.369:138.991,222.971:147.010,233.022:153.415,239.844:158.207,244.948:162.321,253.540:169.247,263.170:177.010,273.541:183.542,287.395:193.229,295.831:199.530,309.789:205.728,323.589:208.748,335.464:209.478,341.921:209.634,342.238:205.594,,,,,,,,,,,,,,,,,,,,,,,,,,,,,,,,,,,,,,,,,,,,,
54272->49081,202.551:111.363,211.572:116.147,221.105:119.973,231.048:125.270,240.449:129.276,,,,,,,,,,,,,,,,,,,,,,,,,,,,,,,,,,,,,,,,,,,,,,,,,,,,,,,,,,,
54272->5,202.551:111.363,211.572:116.147,221.105:119.973,216.992:130.220,213.369:138.991,222.971:147.010,233.022:153.415,239.844:158.207,244.948:162.321,253.540:169.247,263.170:177.010,273.541:183.542,287.395:193.229,,,,,,,,,,,,,,,,,,,,,,,,,,,,,,,,,,,,,,,,,,,,,,,,,,,
54272->51286,202.551:111.363,211.572:116.147,221.105:119.973,216.992:130.220,213.369:138.991,222.971:147.010,233.022:153.415,239.844:158.207,234.423:166.563,233.788:176.485,,,,,,,,,,,,,,,,,,,,,,,,,,,,,,,,,,,,,,,,,,,,,,,,,,,,,,
54272->5135,202.551:111.363,198.866:118.313,194.916:125.425,185.207:118.610,,,,,,,,,,,,,,,,,,,,,,,,,,,,,,,,,,,,,,,,,,,,,,,,,,,,,,,,,,,,
54272->58365,202.551:111.363,211.572:116.147,221.105:119.973,216.992:130.220,213.369:138.991,222.971:147.010,233.022:153.415,239.844:158.207,244.948:162.321,253.540:169.247,263.170:177.010,273.541:183.542,266.015:190.376,259.506:196.964,261.770:199.201,264.577:200.838,265.934:202.619,268.562:205.911,271.617:208.929,,,,,,,,,,,,,,,,,,,,,,,,,,,,,,,,,,,,,,,,,,,,,
54272->60450,202.551:111.363,198.866:118.313,194.916:125.425,197.616:127.354,213.369:138.991,222.971:147.010,233.022:153.415,,,,,,,,,,,,,,,,,,,,,,,,,,,,,,,,,,,,,,,,,,,,,,,,,,,,,,,,,
54272->63927,202.551:111.363,211.572:116.147,221.105:119.973,231.048:125.270,240.449:129.276,242.392:134.598,,,,,,,,,,,,,,,,,,,,,,,,,,,,,,,,,,,,,,,,,,,,,,,,,,,,,,,,,,
54272->65385,202.551:111.363,211.572:116.147,221.105:119.973,216.992:130.220,213.369:138.991,222.971:147.010,233.022:153.415,239.844:158.207,244.948:162.321,253.540:169.247,263.170:177.010,273.541:183.542,287.395:193.229,295.831:199.530,309.789:205.728,307.614:210.781,303.921:217.527,303.034:220.186,299.489:219.408,,,,,,,,,,,,,,,,,,,,,,,,,,,,,,,,,,,,,,,,,,,,,
54272->66,202.551:111.363,198.866:118.313,194.916:125.425,185.207:118.610,172.199:111.308,155.794:103.027,142.814:97.329,130.791:90.707,115.938:83.891,98.846:77.007,89.400:72.165,75.350:65.577,62.374:59.313,54.849:55.263,47.679:49.139,40.809:41.372,35.471:35.856,23.833:26.340,13.949:16.375,,,,,,,,,,,,,,,,,,,,,,,,,,,,,,,,,,,,,,,,,,,,,
54272->69933,202.551:111.363,198.866:118.313,,,,,,,,,,,,,,,,,,,,,,,,,,,,,,,,,,,,,,,,,,,,,,,,,,,,,,,,,,,,,,
54272->72974,202.551:111.363,211.572:116.147,221.105:119.973,231.048:125.270,240.449:129.276,242.392:134.598,248.338:138.117,255.137:140.236,262.142:140.680,259.065:147.524,256.201:151.742,,,,,,,,,,,,,,,,,,,,,,,,,,,,,,,,,,,,,,,,,,,,,,,,,,,,,
54272->80124,202.551:111.363,211.572:116.147,221.105:119.973,231.048:125.270,240.449:129.276,242.392:134.598,248.338:138.117,255.137:140.236,262.142:140.680,269.223:140.680,273.596:142.477,278.802:146.350,279.519:149.801,284.986:152.808,289.702:155.541,292.512:160.225,293.252:166.883,,,,,,,,,,,,,,,,,,,,,,,,,,,,,,,,,,,,,,,,,,,,,,,
54272->8318,202.551:111.363,211.572:116.147,221.105:119.973,216.992:130.220,213.369:138.991,222.971:147.010,233.022:153.415,239.844:158.207,244.948:162.321,,,,,,,,,,,,,,,,,,,,,,,,,,,,,,,,,,,,,,,,,,,,,,,,,,,,,,,
54272->83375,202.551:111.363,211.572:116.147,221.105:119.973,231.048:125.270,240.449:129.276,242.392:134.598,248.338:138.117,255.137:140.236,262.142:140.680,269.223:140.680,273.596:142.477,278.802:146.350,279.519:149.801,284.986:152.808,289.702:155.541,,,,,,,,,,,,,,,,,,,,,,,,,,,,,,,,,,,,,,,,,,,,,,,,,
54272->84,202.551:111.363,211.572:116.147,221.105:119.973,216.992:130.220,213.369:138.991,222.971:147.010,233.022:153.415,239.844:158.207,244.948:162.321,253.540:169.247,263.170:177.010,273.541:183.542,287.395:193.229,295.831:199.530,292.873:204.894,288.446:211.872,285.440:216.278,281.103:222.601,276.312:228.590,272.979:230.361,267.250:233.225,259.282:236.454,254.126:241.349,,,,,,,,,,,,,,,,,,,,,,,,,,,,,,,,,,,,,,,,,
54272->87392,202.551:111.363,211.572:116.147,221.105:119.973,216.992:130.220,213.369:138.991,,,,,,,,,,,,,,,,,,,,,,,,,,,,,,,,,,,,,,,,,,,,,,,,,,,,,,,,,,,
54272->88,202.551:111.363,211.572:116.147,221.105:119.973,216.992:130.220,213.369:138.991,222.971:147.010,233.022:153.415,239.844:158.207,244.948:162.321,253.540:169.247,263.170:177.010,273.541:183.542,287.395:193.229,295.831:199.530,309.789:205.728,323.589:208.748,335.464:209.478,341.921:209.634,347.233:210.050,362.972:211.453,376.773:212.234,,,,,,,,,,,,,,,,,,,,,,,,,,,,,,,,,,,,,,,,,,,
54272->90040,202.551:111.363,211.572:116.147,221.105:119.973,216.992:130.220,213.369:138.991,222.971:147.010,233.022:153.415,239.844:158.207,244.948:162.321,253.540:169.247,263.170:177.010,273.541:183.542,287.395:193.229,295.831:199.530,309.789:205.728,323.589:208.748,335.464:209.478,341.921:209.634,342.238:205.594,339.156:200.382,337.035:194.274,337.420:188.101,340.700:181.672,344.595:175.542,347.193:169.199,349.637:164.698,356.323:163.798,360.502:163.991,366.803:162.190,370.983:159.940,373.073:154.252,375.613:149.887,,,,,,,,,,,,,,,,,,,,,,,,,,,,,,,,
54272->9048,202.551:111.363,211.572:116.147,221.105:119.973,216.992:130.220,213.369:138.991,222.971:147.010,233.022:153.415,239.844:158.207,244.948:162.321,253.540:169.247,263.170:177.010,273.541:183.542,287.395:193.229,295.831:199.530,299.242:195.278,,,,,,,,,,,,,,,,,,,,,,,,,,,,,,,,,,,,,,,,,,,,,,,,,
54272->95,202.551:111.363,211.572:116.147,221.105:119.973,216.992:130.220,213.369:138.991,222.971:147.010,233.022:153.415,239.844:158.207,244.948:162.321,253.540:169.247,263.170:177.010,273.541:183.542,287.395:193.229,295.831:199.530,309.789:205.728,323.589:208.748,,,,,,,,,,,,,,,,,,,,,,,,,,,,,,,,,,,,,,,,,,,,,,,,
54272->96,202.551:111.363,198.866:118.313,194.916:125.425,185.207:118.610,172.199:111.308,155.794:103.027,142.814:97.329,130.791:90.707,115.938:83.891,98.846:77.007,89.400:72.165,75.350:65.577,62.374:59.313,,,,,,,,,,,,,,,,,,,,,,,,,,,,,,,,,,,,,,,,,,,,,,,,,,,
54272->97999,202.551:111.363,211.572:116.147,221.105:119.973,216.992:130.220,213.369:138.991,222.971:147.010,233.022:153.415,239.844:158.207,244.948:162.321,253.540:169.247,263.170:177.010,273.541:183.542,287.395:193.229,295.831:199.530,309.789:205.728,307.614:210.781,303.921:217.527,303.034:220.186,303.034:224.470,301.553:226.935,304.068:229.591,313.670:231.954,318.762:234.171,,,,,,,,,,,,,,,,,,,,,,,,,,,,,,,,,,,,,,,,,
54272->99,202.551:111.363,211.572:116.147,221.105:119.973,216.992:130.220,213.369:138.991,222.971:147.010,233.022:153.415,239.844:158.207,,,,,,,,,,,,,,,,,,,,,,,,,,,,,,,,,,,,,,,,,,,,,,,,,,,,,,,,
5451->13702,264.577:200.838,261.770:199.201,259.506:196.964,266.015:190.376,273.541:183.542,,,,,,,,,,,,,,,,,,,,,,,,,,,,,,,,,,,,,,,,,,,,,,,,,,,,,,,,,,,
5451->2344,264.577:200.838,261.770:199.201,259.506:196.964,266.015:190.376,273.541:183.542,263.170:177.010,,,,,,,,,,,,,,,,,,,,,,,,,,,,,,,,,,,,,,,,,,,,,,,,,,,,,,,,,,
5451->31591,264.577:200.838,261.770:199.201,259.506:196.964,266.015:190.376,273.541:183.542,263.170:177.010,253.540:169.247,,,,,,,,,,,,,,,,,,,,,,,,,,,,,,,,,,,,,,,,,,,,,,,,,,,,,,,,,
5451->32,264.577:200.838,261.770:199.201,259.506:196.964,253.235:196.647,247.361:193.392,240.376:190.296,239.106:185.931,,,,,,,,,,,,,,,,,,,,,,,,,,,,,,,,,,,,,,,,,,,,,,,,,,,,,,,,,
5451->52980,264.577:200.838,261.770:199.201,259.506:196.964,266.015:190.376,273.541:183.542,287.395:193.229,295.831:199.530,292.873:204.894,288.446:211.872,294.565:214.523,,,,,,,,,,,,,,,,,,,,,,,,,,,,,,,,,,,,,,,,,,,,,,,,,,,,,,
5451->53012,264.577:200.838,261.770:199.201,259.506:196.964,266.015:190.376,273.541:183.542,263.170:177.010,253.540:169.247,244.948:162.321,239.844:158.207,233.022:153.415,222.971:147.010,213.369:138.991,211.594:141.393,210.584:143.939,210.732:148.125,208.664:150.143,204.676:149.405,,,,,,,,,,,,,,,,,,,,,,,,,,,,,,,,,,,,,,,,,,,,,,,
5451->84,264.577:200.838,265.934:202.619,268.562:205.911,271.617:208.929,273.745:211.032,276.735:213.986,280.749:214.236,283.721:215.043,285.440:216.278,281.103:222.601,276.312:228.590,272.979:230.361,267.250:233.225,259.282:236.454,254.126:241.349,,,,,,,,,,,,,,,,,,,,,,,,,,,,,,,,,,,,,,,,,,,,,,,,,
5451->87392,264.577:200.838,261.770:199.201,259.506:196.964,266.015:190.376,273.541:183.542,263.170:177.010,253.540:169.247,244.948:162.321,239.844:158.207,233.022:153.415,222.971:147.010,213.369:138.991,,,,,,,,,,,,,,,,,,,,,,,,,,,,,,,,,,,,,,,,,,,,,,,,,,,,
5451->95,264.577:200.838,261.770:199.201,259.506:196.964,266.015:190.376,273.541:183.542,287.395:193.229,295.831:199.530,309.789:205.728,323.589:208.748,,,,,,,,,,,,,,,,,,,,,,,,,,,,,,,,,,,,,,,,,,,,,,,,,,,,,,,
5451->95815,264.577:200.838,261.770:199.201,259.506:196.964,266.015:190.376,,,,,,,,,,,,,,,,,,,,,,,,,,,,,,,,,,,,,,,,,,,,,,,,,,,,,,,,,,,,
5451->99,264.577:200.838,261.770:199.201,259.506:196.964,266.015:190.376,273.541:183.542,263.170:177.010,253.540:169.247,244.948:162.321,239.844:158.207,,,,,,,,,,,,,,,,,,,,,,,,,,,,,,,,,,,,,,,,,,,,,,,,,,,,,,,
54957->101,295.831:199.530,292.873:204.894,288.446:211.872,285.440:216.278,281.103:222.601,276.312:228.590,272.979:230.361,267.250:233.225,259.282:236.454,254.126:241.349,246.002:247.443,244.804:252.182,245.377:255.931,252.303:260.983,256.991:265.618,257.355:270.201,,,,,,,,,,,,,,,,,,,,,,,,,,,,,,,,,,,,,,,,,,,,,,,,
54957->14185,295.831:199.530,299.242:195.278,302.353:188.697,304.946:184.788,,,,,,,,,,,,,,,,,,,,,,,,,,,,,,,,,,,,,,,,,,,,,,,,,,,,,,,,,,,,
54957->22,295.831:199.530,287.395:193.229,273.541:183.542,263.170:177.010,253.540:169.247,244.948:162.321,239.844:158.207,233.022:153.415,222.971:147.010,213.369:138.991,216.992:130.220,221.105:119.973,211.572:116.147,202.551:111.363,205.899:103.487,,,,,,,,,,,,,,,,,,,,,,,,,,,,,,,,,,,,,,,,,,,,,,,,,
54957->23449,295.831:199.530,287.395:193.229,273.541:183.542,263.170:177.010,253.540:169.247,244.948:162.321,250.837:157.263,256.201:151.742,259.065:147.524,262.142:140.680,255.137:140.236,248.338:138.117,,,,,,,,,,,,,,,,,,,,,,,,,,,,,,,,,,,,,,,,,,,,,,,,,,,,
54957->30620,295.831:199.530,309.789:205.728,323.589:208.748,335.464:209.478,341.921:209.634,342.238:205.594,339.156:200.382,,,,,,,,,,,,,,,,,,,,,,,,,,,,,,,,,,,,,,,,,,,,,,,,,,,,,,,,,
54957->31591,295.831:199.530,287.395:193.229,273.541:183.542,263.170:177.010,253.540:169.247,,,,,,,,,,,,,,,,,,,,,,,,,,,,,,,,,,,,,,,,,,,,,,,,,,,,,,,,,,,
54957->32,295.831:199.530,287.395:193.229,273.541:183.542,266.015:190.376,259.506:196.964,253.235:196.647,247.361:193.392,240.376:190.296,239.106:185.931,,,,,,,,,,,,,,,,,,,,,,,,,,,,,,,,,,,,,,,,,,,,,,,,,,,,,,,
54957->33,295.831:199.530,287.395:193.229,273.541:183.542,263.170:177.010,253.540:169.247,244.948:162.321,239.844:158.207,233.022:153.415,222.971:147.010,213.369:138.991,197.616:127.354,194.916:125.425,,,,,,,,,,,,,,,,,,,,,,,,,,,,,,,,,,,,,,,,,,,,,,,,,,,,
54957->44615,295.831:199.530,309.789:205.728,,,,,,,,,,,,,,,,,,,,,,,,,,,,,,,,,,,,,,,,,,,,,,,,,,,,,,,,,,,,,,
54957->45395,295.831:199.530,287.395:193.229,273.541:183.542,266.015:190.376,259.506:196.964,261.770:199.201,264.577:200.838,265.934:202.619,264.693:203.237,264.143:205.369,261.236:210.021,258.781:213.446,257.144:211.297,255.017:208.227,253.079:204.706,,,,,,,,,,,,,,,,,,,,,,,,,,,,,,,,,,,,,,,,,,,,,,,,,
54957->48339,295.831:199.530,309.789:205.728,323.589:208.748,335.464:209.478,341.921:209.634,,,,,,,,,,,,,,,,,,,,,,,,,,,,,,,,,,,,,,,,,,,,,,,,,,,,,,,,,,,
54957->5,295.831:199.530,287.395:193.229,,,,,,,,,,,,,,,,,,,,,,,,,,,,,,,,,,,,,,,,,,,,,,,,,,,,,,,,,,,,,,
54957->71721,295.831:199.530,292.873:204.894,288.446:211.872,285.440:216.278,283.721:215.043,280.749:214.236,276.735:213.986,273.745:211.032,271.999:212.799,269.603:216.159,,,,,,,,,,,,,,,,,,,,,,,,,,,,,,,,,,,,,,,,,,,,,,,,,,,,,,
54957->89653,295.831:199.530,299.242:195.278,302.353:188.697,304.946:184.788,306.078:181.726,,,,,,,,,,,,,,,,,,,,,,,,,,,,,,,,,,,,,,,,,,,,,,,,,,,,,,,,,,,
54957->95,295.831:199.530,309.789:205.728,323.589:208.748,,,,,,,,,,,,,,,,,,,,,,,,,,,,,,,,,,,,,,,,,,,,,,,,,,,,,,,,,,,,,
54957->97999,295.831:199.530,309.789:205.728,307.614:210.781,303.921:217.527,303.034:220.186,303.034:224.470,301.553:226.935,304.068:229.591,313.670:231.954,318.762:234.171,,,,,,,,,,,,,,,,,,,,,,,,,,,,,,,,,,,,,,,,,,,,,,,,,,,,,,
58365->2344,271.617:208.929,268.562:205.911,265.934:202.619,264.577:200.838,261.770:199.201,259.506:196.964,266.015:190.376,273.541:183.542,263.170:177.010,,,,,,,,,,,,,,,,,,,,,,,,,,,,,,,,,,,,,,,,,,,,,,,,,,,,,,,
58365->2505,271.617:208.929,273.745:211.032,276.735:213.986,280.749:214.236,283.721:215.043,,,,,,,,,,,,,,,,,,,,,,,,,,,,,,,,,,,,,,,,,,,,,,,,,,,,,,,,,,,
58365->31591,271.617:208.929,268.562:205.911,265.934:202.619,264.577:200.838,261.770:199.201,259.506:196.964,266.015:190.376,273.541:183.542,263.170:177.010,253.540:169.247,,,,,,,,,,,,,,,,,,,,,,,,,,,,,,,,,,,,,,,,,,,,,,,,,,,,,,
58365->32,271.617:208.929,268.562:205.911,265.934:202.619,264.577:200.838,261.770:199.201,259.506:196.964,253.235:196.647,247.361:193.392,240.376:190.296,239.106:185.931,,,,,,,,,,,,,,,,,,,,,,,,,,,,,,,,,,,,,,,,,,,,,,,,,,,,,,
58365->33,271.617:208.929,268.562:205.911,265.934:202.619,264.577:200.838,261.770:199.201,259.506:196.964,266.015:190.376,273.541:183.542,263.170:177.010,253.540:169.247,244.948:162.321,239.844:158.207,233.022:153.415,222.971:147.010,213.369:138.991,197.616:127.354,194.916:125.425,,,,,,,,,,,,,,,,,,,,,,,,,,,,,,,,,,,,,,,,,,,,,,,
58365->40323,271.617:208.929,273.745:211.032,276.735:213.986,280.749:214.236,283.721:215.043,285.440:216.278,288.446:211.872,294.565:214.523,297.421:215.607,299.489:219.408,303.034:220.186,303.034:224.470,,,,,,,,,,,,,,,,,,,,,,,,,,,,,,,,,,,,,,,,,,,,,,,,,,,,
58365->5,271.617:208.929,268.562:205.911,265.934:202.619,264.577:200.838,261.770:199.201,259.506:196.964,266.015:190.376,273.541:183.542,287.395:193.229,,,,,,,,,,,,,,,,,,,,,,,,,,,,,,,,,,,,,,,,,,,,,,,,,,,,,,,
58365->52367,271.617:208.929,273.745:211.032,276.735:213.986,280.749:214.236,283.721:215.043,285.440:216.278,288.446:211.872,294.565:214.523,297.421:215.607,299.489:219.408,303.034:220.186,303.034:224.470,301.553:226.935,304.068:229.591,,,,,,,,,,,,,,,,,,,,,,,,,,,,,,,,,,,,,,,,,,,,,,,,,,
58365->54272,271.617:208.929,268.562:205.911,265.934:202.619,264.577:200.838,261.770:199.201,259.506:196.964,266.015:190.376,273.541:183.542,263.170:177.010,253.540:169.247,244.948:162.321,239.844:158.207,233.022:153.415,222.971:147.010,213.369:138.991,216.992:130.220,221.105:119.973,211.572:116.147,202.551:111.363,,,,,,,,,,,,,,,,,,,,,,,,,,,,,,,,,,,,,,,,,,,,,
58365->74867,271.617:208.929,268.562:205.911,265.934:202.619,264.577:200.838,261.770:199.201,259.506:196.964,266.015:190.376,273.541:183.542,263.170:177.010,253.540:169.247,244.948:162.321,239.844:158.207,233.022:153.415,222.971:147.010,213.369:138.991,216.992:130.220,221.105:119.973,211.572:116.147,,,,,,,,,,,,,,,,,,,,,,,,,,,,,,,,,,,,,,,,,,,,,,
58365->8318,271.617:208.929,268.562:205.911,265.934:202.619,264.577:200.838,261.770:199.201,259.506:196.964,266.015:190.376,273.541:183.542,263.170:177.010,253.540:169.247,244.948:162.321,,,,,,,,,,,,,,,,,,,,,,,,,,,,,,,,,,,,,,,,,,,,,,,,,,,,,
58365->84,271.617:208.929,273.745:211.032,276.735:213.986,280.749:214.236,283.721:215.043,285.440:216.278,281.103:222.601,276.312:228.590,272.979:230.361,267.250:233.225,259.282:236.454,254.126:241.349,,,,,,,,,,,,,,,,,,,,,,,,,,,,,,,,,,,,,,,,,,,,,,,,,,,,
58365->9048,271.617:208.929,273.745:211.032,276.735:213.986,280.749:214.236,283.721:215.043,285.440:216.278,288.446:211.872,292.873:204.894,295.831:199.530,299.242:195.278,,,,,,,,,,,,,,,,,,,,,,,,,,,,,,,,,,,,,,,,,,,,,,,,,,,,,,
58365->91297,271.617:208.929,273.745:211.032,276.735:213.986,280.749:214.236,283.721:215.043,285.440:216.278,281.103:222.601,276.312:228.590,272.979:230.361,277.165:234.213,280.995:236.462,284.216:236.645,290.842:240.474,,,,,,,,,,,,,,,,,,,,,,,,,,,,,,,,,,,,,,,,,,,,,,,,,,,
58365->95,271.617:208.929,273.745:211.032,276.735:213.986,280.749:214.236,283.721:215.043,285.440:216.278,288.446:211.872,292.873:204.894,295.831:199.530,309.789:205.728,323.589:208.748,,,,,,,,,,,,,,,,,,,,,,,,,,,,,,,,,,,,,,,,,,,,,,,,,,,,,
58365->95815,271.617:208.929,268.562:205.911,265.934:202.619,264.577:200.838,261.770:199.201,259.506:196.964,266.015:190.376,,,,,,,,,,,,,,,,,,,,,,,,,,,,,,,,,,,,,,,,,,,,,,,,,,,,,,,,,
58365->96372,271.617:208.929,268.562:205.911,265.934:202.619,264.577:200.838,261.770:199.201,259.506:196.964,266.015:190.376,273.541:183.542,263.170:177.010,253.540:169.247,244.948:162.321,239.844:158.207,233.022:153.415,222.971:147.010,220.826:151.867,218.561:155.067,,,,,,,,,,,,,,,,,,,,,,,,,,,,,,,,,,,,,,,,,,,,,,,,
58826->26858,340.700:181.672,337.420:188.101,337.035:194.274,339.156:200.382,342.238:205.594,341.921:209.634,347.233:210.050,,,,,,,,,,,,,,,,,,,,,,,,,,,,,,,,,,,,,,,,,,,,,,,,,,,,,,,,,
58826->73767,340.700:181.672,337.420:188.101,337.035:194.274,339.156:200.382,342.238:205.594,341.921:209.634,335.464:209.478,323.589:208.748,309.789:205.728,295.831:199.530,287.395:193.229,273.541:183.542,266.015:190.376,259.506:196.964,261.770:199.201,264.577:200.838,265.934:202.619,268.562:205.911,,,,,,,,,,,,,,,,,,,,,,,,,,,,,,,,,,,,,,,,,,,,,,
59163->5,281.103:222.601,285.440:216.278,288.446:211.872,292.873:204.894,295.831:199.530,287.395:193.229,,,,,,,,,,,,,,,,,,,,,,,,,,,,,,,,,,,,,,,,,,,,,,,,,,,,,,,,,,
59163->60368,281.103:222.601,285.440:216.278,288.446:211.872,292.873:204.894,295.831:199.530,287.395:193.229,273.541:183.542,266.015:190.376,259.506:196.964,,,,,,,,,,,,,,,,,,,,,,,,,,,,,,,,,,,,,,,,,,,,,,,,,,,,,,,
59163->67331,281.103:222.601,279.812:220.553,276.953:219.281,274.514:219.099,272.511:221.038,270.508:222.104,268.214:220.295,265.242:218.679,261.914:216.256,,,,,,,,,,,,,,,,,,,,,,,,,,,,,,,,,,,,,,,,,,,,,,,,,,,,,,,
59163->83111,281.103:222.601,279.812:220.553,276.953:219.281,274.514:219.099,272.511:221.038,270.508:222.104,268.214:220.295,265.242:218.679,261.914:216.256,258.781:213.446,257.144:211.297,,,,,,,,,,,,,,,,,,,,,,,,,,,,,,,,,,,,,,,,,,,,,,,,,,,,,
59163->88,281.103:222.601,285.440:216.278,288.446:211.872,292.873:204.894,295.831:199.530,309.789:205.728,323.589:208.748,335.464:209.478,341.921:209.634,347.233:210.050,362.972:211.453,376.773:212.234,,,,,,,,,,,,,,,,,,,,,,,,,,,,,,,,,,,,,,,,,,,,,,,,,,,,
59163->95815,281.103:222.601,285.440:216.278,288.446:211.872,292.873:204.894,295.831:199.530,287.395:193.229,273.541:183.542,266.015:190.376,,,,,,,,,,,,,,,,,,,,,,,,,,,,,,,,,,,,,,,,,,,,,,,,,,,,,,,,
60163->88,200.589:148.174,202.361:148.272,204.676:149.405,208.664:150.143,210.732:148.125,210.584:143.939,211.594:141.393,213.369:138.991,222.971:147.010,233.022:153.415,239.844:158.207,244.948:162.321,253.540:169.247,263.170:177.010,273.541:183.542,287.395:193.229,295.831:199.530,309.789:205.728,323.589:208.748,335.464:209.478,341.921:209.634,347.233:210.050,362.972:211.453,376.773:212.234,,,,,,,,,,,,,,,,,,,,,,,,,,,,,,,,,,,,,,,,
60368->13702,259.506:196.964,266.015:190.376,273.541:183.542,,,,,,,,,,,,,,,,,,,,,,,,,,,,,,,,,,,,,,,,,,,,,,,,,,,,,,,,,,,,,
60368->22,259.506:196.964,266.015:190.376,273.541:183.542,263.170:177.010,253.540:169.247,244.948:162.321,239.844:158.207,233.022:153.415,222.971:147.010,213.369:138.991,216.992:130.220,221.105:119.973,211.572:116.147,202.551:111.363,205.899:103.487,,,,,,,,,,,,,,,,,,,,,,,,,,,,,,,,,,,,,,,,,,,,,,,,,
60368->32,259.506:196.964,253.235:196.647,247.361:193.392,240.376:190.296,239.106:185.931,,,,,,,,,,,,,,,,,,,,,,,,,,,,,,,,,,,,,,,,,,,,,,,,,,,,,,,,,,,
60368->49,259.506:196.964,266.015:190.376,273.541:183.542,287.395:193.229,295.831:199.530,309.789:205.728,323.589:208.748,335.464:209.478,341.921:209.634,347.233:210.050,346.414:220.501,347.233:231.470,342.284:235.228,339.995:239.670,337.398:245.240,333.639:250.297,327.249:249.579,324.140:249.853,323.730:252.620,319.322:252.825,317.921:257.472,310.951:262.358,,,,,,,,,,,,,,,,,,,,,,,,,,,,,,,,,,,,,,,,,,
60368->54957,259.506:196.964,266.015:190.376,273.541:183.542,287.395:193.229,295.831:199.530,,,,,,,,,,,,,,,,,,,,,,,,,,,,,,,,,,,,,,,,,,,,,,,,,,,,,,,,,,,
60368->59163,259.506:196.964,266.015:190.376,273.541:183.542,287.395:193.229,295.831:199.530,292.873:204.894,288.446:211.872,285.440:216.278,281.103:222.601,,,,,,,,,,,,,,,,,,,,,,,,,,,,,,,,,,,,,,,,,,,,,,,,,,,,,,,
60368->72974,259.506:196.964,266.015:190.376,273.541:183.542,263.170:177.010,253.540:169.247,244.948:162.321,250.837:157.263,256.201:151.742,,,,,,,,,,,,,,,,,,,,,,,,,,,,,,,,,,,,,,,,,,,,,,,,,,,,,,,,
60368->80124,259.506:196.964,266.015:190.376,273.541:183.542,287.395:193.229,294.046:186.564,298.542:180.289,295.606:173.922,293.252:166.883,,,,,,,,,,,,,,,,,,,,,,,,,,,,,,,,,,,,,,,,,,,,,,,,,,,,,,,,
60368->87392,259.506:196.964,266.015:190.376,273.541:183.542,263.170:177.010,253.540:169.247,244.948:162.321,239.844:158.207,233.022:153.415,222.971:147.010,213.369:138.991,,,,,,,,,,,,,,,,,,,,,,,,,,,,,,,,,,,,,,,,,,,,,,,,,,,,,,
60368->88,259.506:196.964,266.015:190.376,273.541:183.542,287.395:193.229,295.831:199.530,309.789:205.728,323.589:208.748,335.464:209.478,341.921:209.634,347.233:210.050,362.972:211.453,376.773:212.234,,,,,,,,,,,,,,,,,,,,,,,,,,,,,,,,,,,,,,,,,,,,,,,,,,,,
60368->97999,259.506:196.964,266.015:190.376,273.541:183.542,287.395:193.229,295.831:199.530,309.789:205.728,307.614:210.781,303.921:217.527,303.034:220.186,303.034:224.470,301.553:226.935,304.068:229.591,313.670:231.954,318.762:234.171,,,,,,,,,,,,,,,,,,,,,,,,,,,,,,,,,,,,,,,,,,,,,,,,,,
60368->99,259.506:196.964,266.015:190.376,273.541:183.542,263.170:177.010,253.540:169.247,244.948:162.321,239.844:158.207,,,,,,,,,,,,,,,,,,,,,,,,,,,,,,,,,,,,,,,,,,,,,,,,,,,,,,,,,
60378->22,253.235:196.647,247.361:193.392,240.376:190.296,239.106:185.931,234.820:180.374,233.788:176.485,234.423:166.563,239.844:158.207,233.022:153.415,222.971:147.010,213.369:138.991,216.992:130.220,221.105:119.973,211.572:116.147,202.551:111.363,205.899:103.487,,,,,,,,,,,,,,,,,,,,,,,,,,,,,,,,,,,,,,,,,,,,,,,,
60378->23449,253.235:196.647,259.506:196.964,266.015:190.376,273.541:183.542,263.170:177.010,253.540:169.247,244.948:162.321,250.837:157.263,256.201:151.742,259.065:147.524,262.142:140.680,255.137:140.236,248.338:138.117,,,,,,,,,,,,,,,,,,,,,,,,,,,,,,,,,,,,,,,,,,,,,,,,,,,
60378->24817,253.235:196.647,259.506:196.964,266.015:190.376,273.541:183.542,287.395:193.229,295.831:199.530,309.789:205.728,323.589:208.748,335.464:209.478,,,,,,,,,,,,,,,,,,,,,,,,,,,,,,,,,,,,,,,,,,,,,,,,,,,,,,,
60378->2894,253.235:196.647,247.361:193.392,240.376:190.296,239.106:185.931,234.820:180.374,233.788:176.485,234.423:166.563,239.844:158.207,233.022:153.415,222.971:147.010,213.369:138.991,211.594:141.393,210.584:143.939,,,,,,,,,,,,,,,,,,,,,,,,,,,,,,,,,,,,,,,,,,,,,,,,,,,
60378->67331,253.235:196.647,259.506:196.964,261.770:199.201,264.577:200.838,265.934:202.619,264.693:203.237,264.143:205.369,261.236:210.021,258.781:213.446,261.914:216.256,,,,,,,,,,,,,,,,,,,,,,,,,,,,,,,,,,,,,,,,,,,,,,,,,,,,,,
60378->73767,253.235:196.647,259.506:196.964,261.770:199.201,264.577:200.838,265.934:202.619,268.562:205.911,,,,,,,,,,,,,,,,,,,,,,,,,,,,,,,,,,,,,,,,,,,,,,,,,,,,,,,,,,
60378->95815,253.235:196.647,259.506:196.964,266.015:190.376,,,,,,,,,,,,,,,,,,,,,,,,,,,,,,,,,,,,,,,,,,,,,,,,,,,,,,,,,,,,,
60450->101,233.022:153.415,239.844:158.207,244.948:162.321,253.540:169.247,263.170:177.010,273.541:183.542,287.395:193.229,295.831:199.530,292.873:204.894,288.446:211.872,285.440:216.278,281.103:222.601,276.312:228.590,272.979:230.361,267.250:233.225,259.282:236.454,254.126:241.349,246.002:247.443,244.804:252.182,245.377:255.931,252.303:260.983,256.991:265.618,257.355:270.201,,,,,,,,,,,,,,,,,,,,,,,,,,,,,,,,,,,,,,,,,
60450->105,233.022:153.415,222.971:147.010,213.369:138.991,197.616:127.354,194.916:125.425,185.207:118.610,172.199:111.308,155.794:103.027,142.814:97.329,,,,,,,,,,,,,,,,,,,,,,,,,,,,,,,,,,,,,,,,,,,,,,,,,,,,,,,
60450->11881,233.022:153.415,222.971:147.010,,,,,,,,,,,,,,,,,,,,,,,,,,,,,,,,,,,,,,,,,,,,,,,,,,,,,,,,,,,,,,
60450->120,233.022:153.415,239.844:158.207,244.948:162.321,250.837:157.263,256.201:151.742,259.065:147.524,262.142:140.680,269.223:140.680,273.596:142.477,278.802:146.350,279.519:149.801,,,,,,,,,,,,,,,,,,,,,,,,,,,,,,,,,,,,,,,,,,,,,,,,,,,,,
60450->13,233.022:153.415,239.844:158.207,244.948:162.321,253.540:169.247,263.170:177.010,273.541:183.542,287.395:193.229,295.831:199.530,309.789:205.728,323.589:208.748,335.464:209.478,341.921:209.634,347.233:210.050,362.972:211.453,376.773:212.234,389.688:214.526,399.251:216.457,,,,,,,,,,,,,,,,,,,,,,,,,,,,,,,,,,,,,,,,,,,,,,,
60450->13568,233.022:153.415,222.971:147.010,213.369:138.991,216.992:130.220,,,,,,,,,,,,,,,,,,,,,,,,,,,,,,,,,,,,,,,,,,,,,,,,,,,,,,,,,,,,
60450->13702,233.022:153.415,239.844:158.207,244.948:162.321,253.540:169.247,263.170:177.010,273.541:183.542,,,,,,,,,,,,,,,,,,,,,,,,,,,,,,,,,,,,,,,,,,,,,,,,,,,,,,,,,,
60450->14185,233.022:153.415,239.844:158.207,244.948:162.321,253.540:169.247,263.170:177.010,273.541:183.542,287.395:193.229,295.831:199.530,299.242:195.278,302.353:188.697,304.946:184.788,,,,,,,,,,,,,,,,,,,,,,,,,,,,,,,,,,,,,,,,,,,,,,,,,,,,,
60450->21444,233.022:153.415,239.844:158.207,244.948:162.321,250.837:157.263,,,,,,,,,,,,,,,,,,,,,,,,,,,,,,,,,,,,,,,,,,,,,,,,,,,,,,,,,,,,
60450->22,233.022:153.415,222.971:147.010,213.369:138.991,216.992:130.220,221.105:119.973,211.572:116.147,202.551:111.363,205.899:103.487,,,,,,,,,,,,,,,,,,,,,,,,,,,,,,,,,,,,,,,,,,,,,,,,,,,,,,,,
60450->2344,233.022:153.415,239.844:158.207,244.948:162.321,253.540:169.247,263.170:177.010,,,,,,,,,,,,,,,,,,,,,,,,,,,,,,,,,,,,,,,,,,,,,,,,,,,,,,,,,,,
60450->23449,233.022:153.415,239.844:158.207,244.948:162.321,250.837:157.263,256.201:151.742,259.065:147.524,262.142:140.680,255.137:140.236,248.338:138.117,,,,,,,,,,,,,,,,,,,,,,,,,,,,,,,,,,,,,,,,,,,,,,,,,,,,,,,
60450->25121,233.022:153.415,222.971:147.010,213.369:138.991,216.992:130.220,221.105:119.973,231.048:125.270,,,,,,,,,,,,,,,,,,,,,,,,,,,,,,,,,,,,,,,,,,,,,,,,,,,,,,,,,,
60450->28385,233.022:153.415,239.844:158.207,244.948:162.321,253.540:169.247,263.170:177.010,273.541:183.542,287.395:193.229,295.831:199.530,309.789:205.728,323.589:208.748,335.464:209.478,341.921:209.634,342.238:205.594,339.156:200.382,337.035:194.274,,,,,,,,,,,,,,,,,,,,,,,,,,,,,,,,,,,,,,,,,,,,,,,,,
60450->29230,233.022:153.415,222.971:147.010,213.369:138.991,216.992:130.220,221.105:119.973,231.048:125.270,240.449:129.276,241.499:125.514,,,,,,,,,,,,,,,,,,,,,,,,,,,,,,,,,,,,,,,,,,,,,,,,,,,,,,,,
60450->31591,233.022:153.415,239.844:158.207,244.948:162.321,253.540:169.247,,,,,,,,,,,,,,,,,,,,,,,,,,,,,,,,,,,,,,,,,,,,,,,,,,,,,,,,,,,,
60450->32,233.022:153.415,239.844:158.207,234.423:166.563,233.788:176.485,234.820:180.374,239.106:185.931,,,,,,,,,,,,,,,,,,,,,,,,,,,,,,,,,,,,,,,,,,,,,,,,,,,,,,,,,,
60450->33,233.022:153.415,222.971:147.010,213.369:138.991,197.616:127.354,194.916:125.425,,,,,,,,,,,,,,,,,,,,,,,,,,,,,,,,,,,,,,,,,,,,,,,,,,,,,,,,,,,
60450->41841,233.022:153.415,239.844:158.207,244.948:162.321,253.540:169.247,263.170:177.010,273.541:183.542,287.395:193.229,295.831:199.530,309.789:205.728,323.589:208.748,335.464:209.478,341.921:209.634,342.238:205.594,,,,,,,,,,,,,,,,,,,,,,,,,,,,,,,,,,,,,,,,,,,,,,,,,,,
60450->45476,233.022:153.415,239.844:158.207,244.948:162.321,253.540:169.247,263.170:177.010,273.541:183.542,287.395:193.229,294.046:186.564,298.542:180.289,295.606:173.922,298.583:174.490,302.782:177.268,304.882:179.465,,,,,,,,,,,,,,,,,,,,,,,,,,,,,,,,,,,,,,,,,,,,,,,,,,,
60450->49,233.022:153.415,239.844:158.207,244.948:162.321,253.540:169.247,263.170:177.010,273.541:183.542,287.395:193.229,295.831:199.530,309.789:205.728,323.589:208.748,335.464:209.478,341.921:209.634,347.233:210.050,346.414:220.501,347.233:231.470,342.284:235.228,339.995:239.670,337.398:245.240,333.639:250.297,327.249:249.579,324.140:249.853,323.730:252.620,319.322:252.825,317.921:257.472,310.951:262.358,,,,,,,,,,,,,,,,,,,,,,,,,,,,,,,,,,,,,,,
60450->5,233.022:153.415,239.844:158.207,244.948:162.321,253.540:169.247,263.170:177.010,273.541:183.542,287.395:193.229,,,,,,,,,,,,,,,,,,,,,,,,,,,,,,,,,,,,,,,,,,,,,,,,,,,,,,,,,
60450->5135,233.022:153.415,222.971:147.010,213.369:138.991,197.616:127.354,194.916:125.425,185.207:118.610,,,,,,,,,,,,,,,,,,,,,,,,,,,,,,,,,,,,,,,,,,,,,,,,,,,,,,,,,,
60450->51952,233.022:153.415,222.971:147.010,220.826:151.867,,,,,,,,,,,,,,,,,,,,,,,,,,,,,,,,,,,,,,,,,,,,,,,,,,,,,,,,,,,,,
60450->52367,233.022:153.415,239.844:158.207,244.948:162.321,253.540:169.247,263.170:177.010,273.541:183.542,287.395:193.229,295.831:199.530,309.789:205.728,307.614:210.781,303.921:217.527,303.034:220.186,303.034:224.470,301.553:226.935,304.068:229.591,,,,,,,,,,,,,,,,,,,,,,,,,,,,,,,,,,,,,,,,,,,,,,,,,
60450->54272,233.022:153.415,222.971:147.010,213.369:138.991,216.992:130.220,221.105:119.973,211.572:116.147,202.551:111.363,,,,,,,,,,,,,,,,,,,,,,,,,,,,,,,,,,,,,,,,,,,,,,,,,,,,,,,,,
60450->63927,233.022:153.415,222.971:147.010,213.369:138.991,216.992:130.220,221.105:119.973,231.048:125.270,240.449:129.276,242.392:134.598,,,,,,,,,,,,,,,,,,,,,,,,,,,,,,,,,,,,,,,,,,,,,,,,,,,,,,,,
60450->64018,233.022:153.415,239.844:158.207,244.948:162.321,253.540:169.247,263.170:177.010,273.541:183.542,287.395:193.229,294.046:186.564,,,,,,,,,,,,,,,,,,,,,,,,,,,,,,,,,,,,,,,,,,,,,,,,,,,,,,,,
60450->65673,233.022:153.415,239.844:158.207,244.948:162.321,253.540:169.247,263.170:177.010,273.541:183.542,287.395:193.229,295.831:199.530,309.789:205.728,323.589:208.748,335.464:209.478,341.921:209.634,342.238:205.594,339.156:200.382,337.035:194.274,337.420:188.101,340.700:181.672,344.595:175.542,,,,,,,,,,,,,,,,,,,,,,,,,,,,,,,,,,,,,,,,,,,,,,
60450->66,233.022:153.415,222.971:147.010,213.369:138.991,197.616:127.354,194.916:125.425,185.207:118.610,172.199:111.308,155.794:103.027,142.814:97.329,130.791:90.707,115.938:83.891,98.846:77.007,89.400:72.165,75.350:65.577,62.374:59.313,54.849:55.263,47.679:49.139,40.809:41.372,35.471:35.856,23.833:26.340,13.949:16.375,,,,,,,,,,,,,,,,,,,,,,,,,,,,,,,,,,,,,,,,,,,
60450->67916,233.022:153.415,239.844:158.207,244.948:162.321,253.540:169.247,263.170:177.010,273.541:183.542,287.395:193.229,295.831:199.530,309.789:205.728,323.589:208.748,335.464:209.478,341.921:209.634,342.238:205.594,339.156:200.382,337.035:194.274,337.420:188.101,340.700:181.672,344.595:175.542,347.193:169.199,349.637:164.698,356.323:163.798,,,,,,,,,,,,,,,,,,,,,,,,,,,,,,,,,,,,,,,,,,,
60450->69762,233.022:153.415,239.844:158.207,244.948:162.321,250.837:157.263,256.201:151.742,259.065:147.524,262.142:140.680,255.137:140.236,,,,,,,,,,,,,,,,,,,,,,,,,,,,,,,,,,,,,,,,,,,,,,,,,,,,,,,,
60450->69933,233.022:153.415,222.971:147.010,213.369:138.991,197.616:127.354,194.916:125.425,198.866:118.313,,,,,,,,,,,,,,,,,,,,,,,,,,,,,,,,,,,,,,,,,,,,,,,,,,,,,,,,,,
60450->72974,233.022:153.415,239.844:158.207,244.948:162.321,250.837:157.263,256.201:151.742,,,,,,,,,,,,,,,,,,,,,,,,,,,,,,,,,,,,,,,,,,,,,,,,,,,,,,,,,,,
60450->74867,233.022:153.415,222.971:147.010,213.369:138.991,216.992:130.220,221.105:119.973,211.572:116.147,,,,,,,,,,,,,,,,,,,,,,,,,,,,,,,,,,,,,,,,,,,,,,,,,,,,,,,,,,
60450->80124,233.022:153.415,239.844:158.207,244.948:162.321,253.540:169.247,263.170:177.010,273.541:183.542,287.395:193.229,294.046:186.564,298.542:180.289,295.606:173.922,293.252:166.883,,,,,,,,,,,,,,,,,,,,,,,,,,,,,,,,,,,,,,,,,,,,,,,,,,,,,
60450->80824,233.022:153.415,222.971:147.010,213.369:138.991,216.992:130.220,221.105:119.973,,,,,,,,,,,,,,,,,,,,,,,,,,,,,,,,,,,,,,,,,,,,,,,,,,,,,,,,,,,
60450->81533,233.022:153.415,239.844:158.207,244.948:162.321,253.540:169.247,263.170:177.010,273.541:183.542,287.395:193.229,295.831:199.530,309.789:205.728,323.589:208.748,335.464:209.478,341.921:209.634,342.238:205.594,339.156:200.382,337.035:194.274,337.420:188.101,,,,,,,,,,,,,,,,,,,,,,,,,,,,,,,,,,,,,,,,,,,,,,,,
60450->82106,233.022:153.415,239.844:158.207,234.423:166.563,,,,,,,,,,,,,,,,,,,,,,,,,,,,,,,,,,,,,,,,,,,,,,,,,,,,,,,,,,,,,
60450->82985,233.022:153.415,222.971:147.010,213.369:138.991,211.594:141.393,210.584:143.939,210.732:148.125,,,,,,,,,,,,,,,,,,,,,,,,,,,,,,,,,,,,,,,,,,,,,,,,,,,,,,,,,,
60450->8318,233.022:153.415,239.844:158.207,244.948:162.321,,,,,,,,,,,,,,,,,,,,,,,,,,,,,,,,,,,,,,,,,,,,,,,,,,,,,,,,,,,,,
60450->84,233.022:153.415,239.844:158.207,244.948:162.321,253.540:169.247,263.170:177.010,273.541:183.542,287.395:193.229,295.831:199.530,292.873:204.894,288.446:211.872,285.440:216.278,281.103:222.601,276.312:228.590,272.979:230.361,267.250:233.225,259.282:236.454,254.126:241.349,,,,,,,,,,,,,,,,,,,,,,,,,,,,,,,,,,,,,,,,,,,,,,,
60450->87392,233.022:153.415,222.971:147.010,213.369:138.991,,,,,,,,,,,,,,,,,,,,,,,,,,,,,,,,,,,,,,,,,,,,,,,,,,,,,,,,,,,,,
60450->89653,233.022:153.415,239.844:158.207,244.948:162.321,253.540:169.247,263.170:177.010,273.541:183.542,287.395:193.229,295.831:199.530,299.242:195.278,302.353:188.697,304.946:184.788,306.078:181.726,,,,,,,,,,,,,,,,,,,,,,,,,,,,,,,,,,,,,,,,,,,,,,,,,,,,
60450->90040,233.022:153.415,239.844:158.207,244.948:162.321,253.540:169.247,263.170:177.010,273.541:183.542,287.395:193.229,295.831:199.530,309.789:205.728,323.589:208.748,335.464:209.478,341.921:209.634,342.238:205.594,339.156:200.382,337.035:194.274,337.420:188.101,340.700:181.672,344.595:175.542,347.193:169.199,349.637:164.698,356.323:163.798,360.502:163.991,366.803:162.190,370.983:159.940,373.073:154.252,375.613:149.887,,,,,,,,,,,,,,,,,,,,,,,,,,,,,,,,,,,,,,
60450->9048,233.022:153.415,239.844:158.207,244.948:162.321,253.540:169.247,263.170:177.010,273.541:183.542,287.395:193.229,295.831:199.530,299.242:195.278,,,,,,,,,,,,,,,,,,,,,,,,,,,,,,,,,,,,,,,,,,,,,,,,,,,,,,,
60450->91020,233.022:153.415,239.844:158.207,244.948:162.321,253.540:169.247,263.170:177.010,273.541:183.542,287.395:193.229,295.831:199.530,309.789:205.728,323.589:208.748,335.464:209.478,341.921:209.634,347.233:210.050,362.972:211.453,,,,,,,,,,,,,,,,,,,,,,,,,,,,,,,,,,,,,,,,,,,,,,,,,,
60450->92674,233.022:153.415,239.844:158.207,234.423:166.563,232.022:166.358,,,,,,,,,,,,,,,,,,,,,,,,,,,,,,,,,,,,,,,,,,,,,,,,,,,,,,,,,,,,
60450->95,233.022:153.415,239.844:158.207,244.948:162.321,253.540:169.247,263.170:177.010,273.541:183.542,287.395:193.229,295.831:199.530,309.789:205.728,323.589:208.748,,,,,,,,,,,,,,,,,,,,,,,,,,,,,,,,,,,,,,,,,,,,,,,,,,,,,,
60450->95815,233.022:153.415,239.844:158.207,244.948:162.321,253.540:169.247,263.170:177.010,273.541:183.542,266.015:190.376,,,,,,,,,,,,,,,,,,,,,,,,,,,,,,,,,,,,,,,,,,,,,,,,,,,,,,,,,
60450->96372,233.022:153.415,222.971:147.010,220.826:151.867,218.561:155.067,,,,,,,,,,,,,,,,,,,,,,,,,,,,,,,,,,,,,,,,,,,,,,,,,,,,,,,,,,,,
60450->99,233.022:153.415,239.844:158.207,,,,,,,,,,,,,,,,,,,,,,,,,,,,,,,,,,,,,,,,,,,,,,,,,,,,,,,,,,,,,,
60800->120,255.017:208.227,257.144:211.297,258.781:213.446,261.236:210.021,264.143:205.369,264.693:203.237,265.934:202.619,264.577:200.838,261.770:199.201,259.506:196.964,266.015:190.376,273.541:183.542,287.395:193.229,294.046:186.564,298.542:180.289,295.606:173.922,293.252:166.883,292.512:160.225,289.702:155.541,284.986:152.808,279.519:149.801,,,,,,,,,,,,,,,,,,,,,,,,,,,,,,,,,,,,,,,,,,,
60800->2344,255.017:208.227,257.144:211.297,258.781:213.446,261.236:210.021,264.143:205.369,264.693:203.237,265.934:202.619,264.577:200.838,261.770:199.201,259.506:196.964,266.015:190.376,273.541:183.542,263.170:177.010,,,,,,,,,,,,,,,,,,,,,,,,,,,,,,,,,,,,,,,,,,,,,,,,,,,
60800->32,255.017:208.227,257.144:211.297,258.781:213.446,261.236:210.021,264.143:205.369,264.693:203.237,265.934:202.619,264.577:200.838,261.770:199.201,259.506:196.964,253.235:196.647,247.361:193.392,240.376:190.296,239.106:185.931,,,,,,,,,,,,,,,,,,,,,,,,,,,,,,,,,,,,,,,,,,,,,,,,,,
60800->5,255.017:208.227,257.144:211.297,258.781:213.446,261.236:210.021,264.143:205.369,264.693:203.237,265.934:202.619,264.577:200.838,261.770:199.201,259.506:196.964,266.015:190.376,273.541:183.542,287.395:193.229,,,,,,,,,,,,,,,,,,,,,,,,,,,,,,,,,,,,,,,,,,,,,,,,,,,
60800->63790,255.017:208.227,257.144:211.297,258.781:213.446,261.914:216.256,265.242:218.679,268.214:220.295,270.508:222.104,272.511:221.038,274.514:219.099,276.953:219.281,279.812:220.553,281.103:222.601,276.312:228.590,272.979:230.361,277.165:234.213,280.995:236.462,284.216:236.645,290.842:240.474,294.611:242.967,298.441:243.818,295.444:246.775,,,,,,,,,,,,,,,,,,,,,,,,,,,,,,,,,,,,,,,,,,,
60800->64018,255.017:208.227,257.144:211.297,258.781:213.446,261.236:210.021,264.143:205.369,264.693:203.237,265.934:202.619,264.577:200.838,261.770:199.201,259.506:196.964,266.015:190.376,273.541:183.542,287.395:193.229,294.046:186.564,,,,,,,,,,,,,,,,,,,,,,,,,,,,,,,,,,,,,,,,,,,,,,,,,,
60800->71721,255.017:208.227,257.144:211.297,258.781:213.446,261.914:216.256,265.242:218.679,267.406:218.259,269.603:216.159,,,,,,,,,,,,,,,,,,,,,,,,,,,,,,,,,,,,,,,,,,,,,,,,,,,,,,,,,
60800->72974,255.017:208.227,257.144:211.297,258.781:213.446,261.236:210.021,264.143:205.369,264.693:203.237,265.934:202.619,264.577:200.838,261.770:199.201,259.506:196.964,266.015:190.376,273.541:183.542,263.170:177.010,253.540:169.247,244.948:162.321,250.837:157.263,256.201:151.742,,,,,,,,,,,,,,,,,,,,,,,,,,,,,,,,,,,,,,,,,,,,,,,
60800->84,255.017:208.227,257.144:211.297,258.781:213.446,261.914:216.256,265.242:218.679,268.214:220.295,270.508:222.104,272.511:221.038,274.514:219.099,276.953:219.281,279.812:220.553,281.103:222.601,276.312:228.590,272.979:230.361,267.250:233.225,259.282:236.454,254.126:241.349,,,,,,,,,,,,,,,,,,,,,,,,,,,,,,,,,,,,,,,,,,,,,,,
61216->58826,347.233:231.470,346.414:220.501,347.233:210.050,341.921:209.634,342.238:205.594,339.156:200.382,337.035:194.274,337.420:188.101,340.700:181.672,,,,,,,,,,,,,,,,,,,,,,,,,,,,,,,,,,,,,,,,,,,,,,,,,,,,,,,
61637->72897,368.141:182.992,370.983:179.262,,,,,,,,,,,,,,,,,,,,,,,,,,,,,,,,,,,,,,,,,,,,,,,,,,,,,,,,,,,,,,
62572->120,246.269:200.091,248.310:201.033,250.817:201.831,253.079:204.706,255.017:208.227,257.144:211.297,258.781:213.446,261.236:210.021,264.143:205.369,264.693:203.237,265.934:202.619,264.577:200.838,261.770:199.201,259.506:196.964,266.015:190.376,273.541:183.542,287.395:193.229,294.046:186.564,298.542:180.289,295.606:173.922,293.252:166.883,292.512:160.225,289.702:155.541,284.986:152.808,279.519:149.801,,,,,,,,,,,,,,,,,,,,,,,,,,,,,,,,,,,,,,,
62572->13568,246.269:200.091,242.979:197.781,240.061:195.688,235.861:194.202,231.274:192.038,227.236:189.679,225.454:186.851,224.568:183.109,222.648:180.401,217.133:175.526,213.440:171.932,208.715:170.946,204.726:170.060,206.893:165.973,208.912:162.083,213.737:162.379,215.656:159.450,218.561:155.067,220.826:151.867,222.971:147.010,213.369:138.991,216.992:130.220,,,,,,,,,,,,,,,,,,,,,,,,,,,,,,,,,,,,,,,,,,
62572->22,246.269:200.091,242.979:197.781,240.061:195.688,235.861:194.202,231.274:192.038,227.236:189.679,225.454:186.851,224.568:183.109,222.648:180.401,217.133:175.526,213.440:171.932,208.715:170.946,204.726:170.060,206.893:165.973,208.912:162.083,213.737:162.379,215.656:159.450,218.561:155.067,220.826:151.867,222.971:147.010,213.369:138.991,216.992:130.220,221.105:119.973,211.572:116.147,202.551:111.363,205.899:103.487,,,,,,,,,,,,,,,,,,,,,,,,,,,,,,,,,,,,,,
62572->51286,246.269:200.091,248.310:201.033,250.817:201.831,253.079:204.706,255.017:208.227,257.144:211.297,258.781:213.446,261.236:210.021,264.143:205.369,264.693:203.237,265.934:202.619,264.577:200.838,261.770:199.201,259.506:196.964,253.235:196.647,247.361:193.392,240.376:190.296,239.106:185.931,234.820:180.374,233.788:176.485,,,,,,,,,,,,,,,,,,,,,,,,,,,,,,,,,,,,,,,,,,,,
62572->8318,246.269:200.091,248.310:201.033,250.817:201.831,253.079:204.706,255.017:208.227,257.144:211.297,258.781:213.446,261.236:210.021,264.143:205.369,264.693:203.237,265.934:202.619,264.577:200.838,261.770:199.201,259.506:196.964,266.015:190.376,273.541:183.542,263.170:177.010,253.540:169.247,244.948:162.321,,,,,,,,,,,,,,,,,,,,,,,,,,,,,,,,,,,,,,,,,,,,,
62572->95,246.269:200.091,248.310:201.033,250.817:201.831,253.079:204.706,255.017:208.227,257.144:211.297,258.781:213.446,261.236:210.021,264.143:205.369,264.693:203.237,265.934:202.619,264.577:200.838,261.770:199.201,259.506:196.964,266.015:190.376,273.541:183.542,287.395:193.229,295.831:199.530,309.789:205.728,323.589:208.748,,,,,,,,,,,,,,,,,,,,,,,,,,,,,,,,,,,,,,,,,,,,
62572->99,246.269:200.091,248.310:201.033,250.817:201.831,253.079:204.706,255.017:208.227,257.144:211.297,258.781:213.446,261.236:210.021,264.143:205.369,264.693:203.237,265.934:202.619,264.577:200.838,261.770:199.201,259.506:196.964,266.015:190.376,273.541:183.542,263.170:177.010,253.540:169.247,244.948:162.321,239.844:158.207,,,,,,,,,,,,,,,,,,,,,,,,,,,,,,,,,,,,,,,,,,,,
63253->120,292.512:160.225,289.702:155.541,284.986:152.808,279.519:149.801,,,,,,,,,,,,,,,,,,,,,,,,,,,,,,,,,,,,,,,,,,,,,,,,,,,,,,,,,,,,
63253->13702,292.512:160.225,293.252:166.883,295.606:173.922,298.542:180.289,294.046:186.564,287.395:193.229,273.541:183.542,,,,,,,,,,,,,,,,,,,,,,,,,,,,,,,,,,,,,,,,,,,,,,,,,,,,,,,,,
63253->31591,292.512:160.225,293.252:166.883,295.606:173.922,298.542:180.289,294.046:186.564,287.395:193.229,273.541:183.542,263.170:177.010,253.540:169.247,,,,,,,,,,,,,,,,,,,,,,,,,,,,,,,,,,,,,,,,,,,,,,,,,,,,,,,
63253->37558,292.512:160.225,293.252:166.883,295.606:173.922,298.542:180.289,294.046:186.564,287.395:193.229,295.831:199.530,292.873:204.894,288.446:211.872,,,,,,,,,,,,,,,,,,,,,,,,,,,,,,,,,,,,,,,,,,,,,,,,,,,,,,,
63253->84,292.512:160.225,293.252:166.883,295.606:173.922,298.542:180.289,294.046:186.564,287.395:193.229,295.831:199.530,292.873:204.894,288.446:211.872,285.440:216.278,281.103:222.601,276.312:228.590,272.979:230.361,267.250:233.225,259.282:236.454,254.126:241.349,,,,,,,,,,,,,,,,,,,,,,,,,,,,,,,,,,,,,,,,,,,,,,,,
63790->101,295.444:246.775,298.441:243.818,294.611:242.967,290.842:240.474,284.216:236.645,280.995:236.462,277.165:234.213,272.979:230.361,267.250:233.225,259.282:236.454,254.126:241.349,246.002:247.443,244.804:252.182,245.377:255.931,252.303:260.983,256.991:265.618,257.355:270.201,,,,,,,,,,,,,,,,,,,,,,,,,,,,,,,,,,,,,,,,,,,,,,,
63790->5,295.444:246.775,298.441:243.818,294.611:242.967,290.842:240.474,284.216:236.645,280.995:236.462,277.165:234.213,272.979:230.361,276.312:228.590,281.103:222.601,285.440:216.278,288.446:211.872,292.873:204.894,295.831:199.530,287.395:193.229,,,,,,,,,,,,,,,,,,,,,,,,,,,,,,,,,,,,,,,,,,,,,,,,,
63790->71721,295.444:246.775,298.441:243.818,294.611:242.967,290.842:240.474,284.216:236.645,280.995:236.462,277.165:234.213,272.979:230.361,276.312:228.590,281.103:222.601,285.440:216.278,283.721:215.043,280.749:214.236,276.735:213.986,273.745:211.032,271.999:212.799,269.603:216.159,,,,,,,,,,,,,,,,,,,,,,,,,,,,,,,,,,,,,,,,,,,,,,,
63790->84,295.444:246.775,298.441:243.818,294.611:242.967,290.842:240.474,284.216:236.645,280.995:236.462,277.165:234.213,272.979:230.361,267.250:233.225,259.282:236.454,254.126:241.349,,,,,,,,,,,,,,,,,,,,,,,,,,,,,,,,,,,,,,,,,,,,,,,,,,,,,
63790->95,295.444:246.775,298.441:243.818,294.611:242.967,290.842:240.474,284.216:236.645,280.995:236.462,277.165:234.213,272.979:230.361,276.312:228.590,281.103:222.601,285.440:216.278,288.446:211.872,292.873:204.894,295.831:199.530,309.789:205.728,323.589:208.748,,,,,,,,,,,,,,,,,,,,,,,,,,,,,,,,,,,,,,,,,,,,,,,,
63927->105,242.392:134.598,240.449:129.276,231.048:125.270,221.105:119.973,216.992:130.220,213.369:138.991,197.616:127.354,194.916:125.425,185.207:118.610,172.199:111.308,155.794:103.027,142.814:97.329,,,,,,,,,,,,,,,,,,,,,,,,,,,,,,,,,,,,,,,,,,,,,,,,,,,,
63927->11881,242.392:134.598,240.449:129.276,231.048:125.270,221.105:119.973,216.992:130.220,213.369:138.991,222.971:147.010,,,,,,,,,,,,,,,,,,,,,,,,,,,,,,,,,,,,,,,,,,,,,,,,,,,,,,,,,
63927->120,242.392:134.598,248.338:138.117,255.137:140.236,262.142:140.680,269.223:140.680,273.596:142.477,278.802:146.350,279.519:149.801,,,,,,,,,,,,,,,,,,,,,,,,,,,,,,,,,,,,,,,,,,,,,,,,,,,,,,,,
63927->13,242.392:134.598,248.338:138.117,255.137:140.236,262.142:140.680,259.065:147.524,256.201:151.742,250.837:157.263,244.948:162.321,253.540:169.247,263.170:177.010,273.541:183.542,287.395:193.229,295.831:199.530,309.789:205.728,323.589:208.748,335.464:209.478,341.921:209.634,347.233:210.050,362.972:211.453,376.773:212.234,389.688:214.526,399.251:216.457,,,,,,,,,,,,,,,,,,,,,,,,,,,,,,,,,,,,,,,,,,
63927->13568,242.392:134.598,240.449:129.276,231.048:125.270,221.105:119.973,216.992:130.220,,,,,,,,,,,,,,,,,,,,,,,,,,,,,,,,,,,,,,,,,,,,,,,,,,,,,,,,,,,
63927->13702,242.392:134.598,248.338:138.117,255.137:140.236,262.142:140.680,259.065:147.524,256.201:151.742,250.837:157.263,244.948:162.321,253.540:169.247,263.170:177.010,273.541:183.542,,,,,,,,,,,,,,,,,,,,,,,,,,,,,,,,,,,,,,,,,,,,,,,,,,,,,
63927->14185,242.392:134.598,248.338:138.117,255.137:140.236,262.142:140.680,259.065:147.524,256.201:151.742,250.837:157.263,244.948:162.321,253.540:169.247,263.170:177.010,273.541:183.542,287.395:193.229,295.831:199.530,299.242:195.278,302.353:188.697,304.946:184.788,,,,,,,,,,,,,,,,,,,,,,,,,,,,,,,,,,,,,,,,,,,,,,,,
63927->19448,242.392:134.598,248.338:138.117,255.137:140.236,262.142:140.680,259.065:147.524,256.201:151.742,250.837:157.263,244.948:162.321,253.540:169.247,263.170:177.010,273.541:183.542,287.395:193.229,295.831:199.530,292.873:204.894,288.446:211.872,285.440:216.278,,,,,,,,,,,,,,,,,,,,,,,,,,,,,,,,,,,,,,,,,,,,,,,,
63927->21444,242.392:134.598,248.338:138.117,255.137:140.236,262.142:140.680,259.065:147.524,256.201:151.742,250.837:157.263,,,,,,,,,,,,,,,,,,,,,,,,,,,,,,,,,,,,,,,,,,,,,,,,,,,,,,,,,
63927->22,242.392:134.598,240.449:129.276,231.048:125.270,221.105:119.973,211.572:116.147,202.551:111.363,205.899:103.487,,,,,,,,,,,,,,,,,,,,,,,,,,,,,,,,,,,,,,,,,,,,,,,,,,,,,,,,,
63927->2344,242.392:134.598,248.338:138.117,255.137:140.236,262.142:140.680,259.065:147.524,256.201:151.742,250.837:157.263,244.948:162.321,253.540:169.247,263.170:177.010,,,,,,,,,,,,,,,,,,,,,,,,,,,,,,,,,,,,,,,,,,,,,,,,,,,,,,
63927->23449,242.392:134.598,248.338:138.117,,,,,,,,,,,,,,,,,,,,,,,,,,,,,,,,,,,,,,,,,,,,,,,,,,,,,,,,,,,,,,
63927->25121,242.392:134.598,240.449:129.276,231.048:125.270,,,,,,,,,,,,,,,,,,,,,,,,,,,,,,,,,,,,,,,,,,,,,,,,,,,,,,,,,,,,,
63927->26858,242.392:134.598,248.338:138.117,255.137:140.236,262.142:140.680,259.065:147.524,256.201:151.742,250.837:157.263,244.948:162.321,253.540:169.247,263.170:177.010,273.541:183.542,287.395:193.229,295.831:199.530,309.789:205.728,323.589:208.748,335.464:209.478,341.921:209.634,347.233:210.050,,,,,,,,,,,,,,,,,,,,,,,,,,,,,,,,,,,,,,,,,,,,,,
63927->28385,242.392:134.598,248.338:138.117,255.137:140.236,262.142:140.680,259.065:147.524,256.201:151.742,250.837:157.263,244.948:162.321,253.540:169.247,263.170:177.010,273.541:183.542,287.395:193.229,295.831:199.530,309.789:205.728,323.589:208.748,335.464:209.478,341.921:209.634,342.238:205.594,339.156:200.382,337.035:194.274,,,,,,,,,,,,,,,,,,,,,,,,,,,,,,,,,,,,,,,,,,,,
63927->29230,242.392:134.598,240.449:129.276,241.499:125.514,,,,,,,,,,,,,,,,,,,,,,,,,,,,,,,,,,,,,,,,,,,,,,,,,,,,,,,,,,,,,
63927->30732,242.392:134.598,240.449:129.276,231.048:125.270,221.105:119.973,211.572:116.147,202.551:111.363,198.866:118.313,194.916:125.425,185.207:118.610,172.199:111.308,,,,,,,,,,,,,,,,,,,,,,,,,,,,,,,,,,,,,,,,,,,,,,,,,,,,,,
63927->31591,242.392:134.598,248.338:138.117,255.137:140.236,262.142:140.680,259.065:147.524,256.201:151.742,250.837:157.263,244.948:162.321,253.540:169.247,,,,,,,,,,,,,,,,,,,,,,,,,,,,,,,,,,,,,,,,,,,,,,,,,,,,,,,
63927->32,242.392:134.598,240.449:129.276,231.048:125.270,221.105:119.973,216.992:130.220,213.369:138.991,222.971:147.010,233.022:153.415,239.844:158.207,234.423:166.563,233.788:176.485,234.820:180.374,239.106:185.931,,,,,,,,,,,,,,,,,,,,,,,,,,,,,,,,,,,,,,,,,,,,,,,,,,,
63927->33,242.392:134.598,240.449:129.276,231.048:125.270,221.105:119.973,216.992:130.220,213.369:138.991,197.616:127.354,194.916:125.425,,,,,,,,,,,,,,,,,,,,,,,,,,,,,,,,,,,,,,,,,,,,,,,,,,,,,,,,
63927->34021,242.392:134.598,248.338:138.117,255.137:140.236,262.142:140.680,259.065:147.524,256.201:151.742,250.837:157.263,244.948:162.321,253.540:169.247,263.170:177.010,273.541:183.542,266.015:190.376,259.506:196.964,261.770:199.201,264.577:200.838,265.934:202.619,264.693:203.237,264.143:205.369,261.236:210.021,258.781:213.446,257.144:211.297,255.017:208.227,253.079:204.706,250.817:201.831,,,,,,,,,,,,,,,,,,,,,,,,,,,,,,,,,,,,,,,,
63927->49,242.392:134.598,248.338:138.117,255.137:140.236,262.142:140.680,259.065:147.524,256.201:151.742,250.837:157.263,244.948:162.321,253.540:169.247,263.170:177.010,273.541:183.542,287.395:193.229,295.831:199.530,309.789:205.728,323.589:208.748,335.464:209.478,341.921:209.634,347.233:210.050,346.414:220.501,347.233:231.470,342.284:235.228,339.995:239.670,337.398:245.240,333.639:250.297,327.249:249.579,324.140:249.853,323.730:252.620,319.322:252.825,317.921:257.472,310.951:262.358,,,,,,,,,,,,,,,,,,,,,,,,,,,,,,,,,,
63927->49081,242.392:134.598,240.449:129.276,,,,,,,,,,,,,,,,,,,,,,,,,,,,,,,,,,,,,,,,,,,,,,,,,,,,,,,,,,,,,,
63927->5,242.392:134.598,248.338:138.117,255.137:140.236,262.142:140.680,259.065:147.524,256.201:151.742,250.837:157.263,244.948:162.321,253.540:169.247,263.170:177.010,273.541:183.542,287.395:193.229,,,,,,,,,,,,,,,,,,,,,,,,,,,,,,,,,,,,,,,,,,,,,,,,,,,,
63927->5135,242.392:134.598,240.449:129.276,231.048:125.270,221.105:119.973,211.572:116.147,202.551:111.363,198.866:118.313,194.916:125.425,185.207:118.610,,,,,,,,,,,,,,,,,,,,,,,,,,,,,,,,,,,,,,,,,,,,,,,,,,,,,,,
63927->53940,242.392:134.598,248.338:138.117,255.137:140.236,262.142:140.680,269.223:140.680,273.596:142.477,278.802:146.350,279.519:149.801,284.986:152.808,,,,,,,,,,,,,,,,,,,,,,,,,,,,,,,,,,,,,,,,,,,,,,,,,,,,,,,
63927->54272,242.392:134.598,240.449:129.276,231.048:125.270,221.105:119.973,211.572:116.147,202.551:111.363,,,,,,,,,,,,,,,,,,,,,,,,,,,,,,,,,,,,,,,,,,,,,,,,,,,,,,,,,,
63927->5451,242.392:134.598,248.338:138.117,255.137:140.236,262.142:140.680,259.065:147.524,256.201:151.742,250.837:157.263,244.948:162.321,253.540:169.247,263.170:177.010,273.541:183.542,266.015:190.376,259.506:196.964,261.770:199.201,264.577:200.838,,,,,,,,,,,,,,,,,,,,,,,,,,,,,,,,,,,,,,,,,,,,,,,,,
63927->60450,242.392:134.598,240.449:129.276,231.048:125.270,221.105:119.973,216.992:130.220,213.369:138.991,222.971:147.010,233.022:153.415,,,,,,,,,,,,,,,,,,,,,,,,,,,,,,,,,,,,,,,,,,,,,,,,,,,,,,,,
63927->64018,242.392:134.598,248.338:138.117,255.137:140.236,262.142:140.680,259.065:147.524,256.201:151.742,250.837:157.263,244.948:162.321,253.540:169.247,263.170:177.010,273.541:183.542,287.395:193.229,294.046:186.564,,,,,,,,,,,,,,,,,,,,,,,,,,,,,,,,,,,,,,,,,,,,,,,,,,,
63927->66,242.392:134.598,240.449:129.276,231.048:125.270,221.105:119.973,216.992:130.220,213.369:138.991,197.616:127.354,194.916:125.425,185.207:118.610,172.199:111.308,155.794:103.027,142.814:97.329,130.791:90.707,115.938:83.891,98.846:77.007,89.400:72.165,75.350:65.577,62.374:59.313,54.849:55.263,47.679:49.139,40.809:41.372,35.471:35.856,23.833:26.340,13.949:16.375,,,,,,,,,,,,,,,,,,,,,,,,,,,,,,,,,,,,,,,,
63927->69762,242.392:134.598,248.338:138.117,255.137:140.236,,,,,,,,,,,,,,,,,,,,,,,,,,,,,,,,,,,,,,,,,,,,,,,,,,,,,,,,,,,,,
63927->69933,242.392:134.598,240.449:129.276,231.048:125.270,221.105:119.973,211.572:116.147,202.551:111.363,198.866:118.313,,,,,,,,,,,,,,,,,,,,,,,,,,,,,,,,,,,,,,,,,,,,,,,,,,,,,,,,,
63927->72974,242.392:134.598,248.338:138.117,255.137:140.236,262.142:140.680,259.065:147.524,256.201:151.742,,,,,,,,,,,,,,,,,,,,,,,,,,,,,,,,,,,,,,,,,,,,,,,,,,,,,,,,,,
63927->74867,242.392:134.598,240.449:129.276,231.048:125.270,221.105:119.973,211.572:116.147,,,,,,,,,,,,,,,,,,,,,,,,,,,,,,,,,,,,,,,,,,,,,,,,,,,,,,,,,,,
63927->80824,242.392:134.598,240.449:129.276,231.048:125.270,221.105:119.973,,,,,,,,,,,,,,,,,,,,,,,,,,,,,,,,,,,,,,,,,,,,,,,,,,,,,,,,,,,,
63927->8318,242.392:134.598,248.338:138.117,255.137:140.236,262.142:140.680,259.065:147.524,256.201:151.742,250.837:157.263,244.948:162.321,,,,,,,,,,,,,,,,,,,,,,,,,,,,,,,,,,,,,,,,,,,,,,,,,,,,,,,,
63927->84,242.392:134.598,248.338:138.117,255.137:140.236,262.142:140.680,259.065:147.524,256.201:151.742,250.837:157.263,244.948:162.321,253.540:169.247,263.170:177.010,273.541:183.542,287.395:193.229,295.831:199.530,292.873:204.894,288.446:211.872,285.440:216.278,281.103:222.601,276.312:228.590,272.979:230.361,267.250:233.225,259.282:236.454,254.126:241.349,,,,,,,,,,,,,,,,,,,,,,,,,,,,,,,,,,,,,,,,,,
63927->87392,242.392:134.598,240.449:129.276,231.048:125.270,221.105:119.973,216.992:130.220,213.369:138.991,,,,,,,,,,,,,,,,,,,,,,,,,,,,,,,,,,,,,,,,,,,,,,,,,,,,,,,,,,
63927->88,242.392:134.598,248.338:138.117,255.137:140.236,262.142:140.680,259.065:147.524,256.201:151.742,250.837:157.263,244.948:162.321,253.540:169.247,263.170:177.010,273.541:183.542,287.395:193.229,295.831:199.530,309.789:205.728,323.589:208.748,335.464:209.478,341.921:209.634,347.233:210.050,362.972:211.453,376.773:212.234,,,,,,,,,,,,,,,,,,,,,,,,,,,,,,,,,,,,,,,,,,,,
63927->9048,242.392:134.598,248.338:138.117,255.137:140.236,262.142:140.680,259.065:147.524,256.201:151.742,250.837:157.263,244.948:162.321,253.540:169.247,263.170:177.010,273.541:183.542,287.395:193.229,295.831:199.530,299.242:195.278,,,,,,,,,,,,,,,,,,,,,,,,,,,,,,,,,,,,,,,,,,,,,,,,,,
63927->91020,242.392:134.598,248.338:138.117,255.137:140.236,262.142:140.680,259.065:147.524,256.201:151.742,250.837:157.263,244.948:162.321,253.540:169.247,263.170:177.010,273.541:183.542,287.395:193.229,295.831:199.530,309.789:205.728,323.589:208.748,335.464:209.478,341.921:209.634,347.233:210.050,362.972:211.453,,,,,,,,,,,,,,,,,,,,,,,,,,,,,,,,,,,,,,,,,,,,,
63927->95,242.392:134.598,248.338:138.117,255.137:140.236,262.142:140.680,259.065:147.524,256.201:151.742,250.837:157.263,244.948:162.321,253.540:169.247,263.170:177.010,273.541:183.542,287.395:193.229,295.831:199.530,309.789:205.728,323.589:208.748,,,,,,,,,,,,,,,,,,,,,,,,,,,,,,,,,,,,,,,,,,,,,,,,,
63927->95815,242.392:134.598,248.338:138.117,255.137:140.236,262.142:140.680,259.065:147.524,256.201:151.742,250.837:157.263,244.948:162.321,253.540:169.247,263.170:177.010,273.541:183.542,266.015:190.376,,,,,,,,,,,,,,,,,,,,,,,,,,,,,,,,,,,,,,,,,,,,,,,,,,,,
63927->96372,242.392:134.598,240.449:129.276,231.048:125.270,221.105:119.973,216.992:130.220,213.369:138.991,222.971:147.010,220.826:151.867,218.561:155.067,,,,,,,,,,,,,,,,,,,,,,,,,,,,,,,,,,,,,,,,,,,,,,,,,,,,,,,
63927->99,242.392:134.598,248.338:138.117,255.137:140.236,262.142:140.680,259.065:147.524,256.201:151.742,250.837:157.263,244.948:162.321,239.844:158.207,,,,,,,,,,,,,,,,,,,,,,,,,,,,,,,,,,,,,,,,,,,,,,,,,,,,,,,
64018->120,294.046:186.564,298.542:180.289,295.606:173.922,293.252:166.883,292.512:160.225,289.702:155.541,284.986:152.808,279.519:149.801,,,,,,,,,,,,,,,,,,,,,,,,,,,,,,,,,,,,,,,,,,,,,,,,,,,,,,,,
64018->13,294.046:186.564,287.395:193.229,295.831:199.530,309.789:205.728,323.589:208.748,335.464:209.478,341.921:209.634,347.233:210.050,362.972:211.453,376.773:212.234,389.688:214.526,399.251:216.457,,,,,,,,,,,,,,,,,,,,,,,,,,,,,,,,,,,,,,,,,,,,,,,,,,,,
64018->13702,294.046:186.564,287.395:193.229,273.541:183.542,,,,,,,,,,,,,,,,,,,,,,,,,,,,,,,,,,,,,,,,,,,,,,,,,,,,,,,,,,,,,
64018->22,294.046:186.564,287.395:193.229,273.541:183.542,263.170:177.010,253.540:169.247,244.948:162.321,239.844:158.207,233.022:153.415,222.971:147.010,213.369:138.991,216.992:130.220,221.105:119.973,211.572:116.147,202.551:111.363,205.899:103.487,,,,,,,,,,,,,,,,,,,,,,,,,,,,,,,,,,,,,,,,,,,,,,,,,
64018->2344,294.046:186.564,287.395:193.229,273.541:183.542,263.170:177.010,,,,,,,,,,,,,,,,,,,,,,,,,,,,,,,,,,,,,,,,,,,,,,,,,,,,,,,,,,,,
64018->23449,294.046:186.564,287.395:193.229,273.541:183.542,263.170:177.010,253.540:169.247,244.948:162.321,250.837:157.263,256.201:151.742,259.065:147.524,262.142:140.680,255.137:140.236,248.338:138.117,,,,,,,,,,,,,,,,,,,,,,,,,,,,,,,,,,,,,,,,,,,,,,,,,,,,
64018->24817,294.046:186.564,287.395:193.229,295.831:199.530,309.789:205.728,323.589:208.748,335.464:209.478,,,,,,,,,,,,,,,,,,,,,,,,,,,,,,,,,,,,,,,,,,,,,,,,,,,,,,,,,,
64018->2757,294.046:186.564,287.395:193.229,295.831:199.530,299.242:195.278,302.353:188.697,,,,,,,,,,,,,,,,,,,,,,,,,,,,,,,,,,,,,,,,,,,,,,,,,,,,,,,,,,,
64018->28385,294.046:186.564,287.395:193.229,295.831:199.530,309.789:205.728,323.589:208.748,335.464:209.478,341.921:209.634,342.238:205.594,339.156:200.382,337.035:194.274,,,,,,,,,,,,,,,,,,,,,,,,,,,,,,,,,,,,,,,,,,,,,,,,,,,,,,
64018->31591,294.046:186.564,287.395:193.229,273.541:183.542,263.170:177.010,253.540:169.247,,,,,,,,,,,,,,,,,,,,,,,,,,,,,,,,,,,,,,,,,,,,,,,,,,,,,,,,,,,
64018->32,294.046:186.564,287.395:193.229,273.541:183.542,266.015:190.376,259.506:196.964,253.235:196.647,247.361:193.392,240.376:190.296,239.106:185.931,,,,,,,,,,,,,,,,,,,,,,,,,,,,,,,,,,,,,,,,,,,,,,,,,,,,,,,
64018->33,294.046:186.564,287.395:193.229,273.541:183.542,263.170:177.010,253.540:169.247,244.948:162.321,239.844:158.207,233.022:153.415,222.971:147.010,213.369:138.991,197.616:127.354,194.916:125.425,,,,,,,,,,,,,,,,,,,,,,,,,,,,,,,,,,,,,,,,,,,,,,,,,,,,
64018->41841,294.046:186.564,287.395:193.229,295.831:199.530,309.789:205.728,323.589:208.748,335.464:209.478,341.921:209.634,342.238:205.594,,,,,,,,,,,,,,,,,,,,,,,,,,,,,,,,,,,,,,,,,,,,,,,,,,,,,,,,
64018->44615,294.046:186.564,287.395:193.229,295.831:199.530,309.789:205.728,,,,,,,,,,,,,,,,,,,,,,,,,,,,,,,,,,,,,,,,,,,,,,,,,,,,,,,,,,,,
64018->49,294.046:186.564,287.395:193.229,295.831:199.530,309.789:205.728,323.589:208.748,335.464:209.478,341.921:209.634,347.233:210.050,346.414:220.501,347.233:231.470,342.284:235.228,339.995:239.670,337.398:245.240,333.639:250.297,327.249:249.579,324.140:249.853,323.730:252.620,319.322:252.825,317.921:257.472,310.951:262.358,,,,,,,,,,,,,,,,,,,,,,,,,,,,,,,,,,,,,,,,,,,,
64018->54272,294.046:186.564,287.395:193.229,273.541:183.542,263.170:177.010,253.540:169.247,244.948:162.321,239.844:158.207,233.022:153.415,222.971:147.010,213.369:138.991,216.992:130.220,221.105:119.973,211.572:116.147,202.551:111.363,,,,,,,,,,,,,,,,,,,,,,,,,,,,,,,,,,,,,,,,,,,,,,,,,,
64018->60450,294.046:186.564,287.395:193.229,273.541:183.542,263.170:177.010,253.540:169.247,244.948:162.321,239.844:158.207,233.022:153.415,,,,,,,,,,,,,,,,,,,,,,,,,,,,,,,,,,,,,,,,,,,,,,,,,,,,,,,,
64018->60800,294.046:186.564,287.395:193.229,273.541:183.542,266.015:190.376,259.506:196.964,261.770:199.201,264.577:200.838,265.934:202.619,264.693:203.237,264.143:205.369,261.236:210.021,258.781:213.446,257.144:211.297,255.017:208.227,,,,,,,,,,,,,,,,,,,,,,,,,,,,,,,,,,,,,,,,,,,,,,,,,,
64018->63927,294.046:186.564,287.395:193.229,273.541:183.542,263.170:177.010,253.540:169.247,244.948:162.321,250.837:157.263,256.201:151.742,259.065:147.524,262.142:140.680,255.137:140.236,248.338:138.117,242.392:134.598,,,,,,,,,,,,,,,,,,,,,,,,,,,,,,,,,,,,,,,,,,,,,,,,,,,
64018->71721,294.046:186.564,287.395:193.229,295.831:199.530,292.873:204.894,288.446:211.872,285.440:216.278,283.721:215.043,280.749:214.236,276.735:213.986,273.745:211.032,271.999:212.799,269.603:216.159,,,,,,,,,,,,,,,,,,,,,,,,,,,,,,,,,,,,,,,,,,,,,,,,,,,,
64018->73767,294.046:186.564,287.395:193.229,273.541:183.542,266.015:190.376,259.506:196.964,261.770:199.201,264.577:200.838,265.934:202.619,268.562:205.911,,,,,,,,,,,,,,,,,,,,,,,,,,,,,,,,,,,,,,,,,,,,,,,,,,,,,,,
64018->75205,294.046:186.564,287.395:193.229,273.541:183.542,263.170:177.010,253.540:169.247,244.948:162.321,250.837:157.263,256.201:151.742,259.065:147.524,,,,,,,,,,,,,,,,,,,,,,,,,,,,,,,,,,,,,,,,,,,,,,,,,,,,,,,
64018->81533,294.046:186.564,287.395:193.229,295.831:199.530,309.789:205.728,323.589:208.748,335.464:209.478,341.921:209.634,342.238:205.594,339.156:200.382,337.035:194.274,337.420:188.101,,,,,,,,,,,,,,,,,,,,,,,,,,,,,,,,,,,,,,,,,,,,,,,,,,,,,
64018->8318,294.046:186.564,287.395:193.229,273.541:183.542,263.170:177.010,253.540:169.247,244.948:162.321,,,,,,,,,,,,,,,,,,,,,,,,,,,,,,,,,,,,,,,,,,,,,,,,,,,,,,,,,,
64018->84,294.046:186.564,287.395:193.229,295.831:199.530,292.873:204.894,288.446:211.872,285.440:216.278,281.103:222.601,276.312:228.590,272.979:230.361,267.250:233.225,259.282:236.454,254.126:241.349,,,,,,,,,,,,,,,,,,,,,,,,,,,,,,,,,,,,,,,,,,,,,,,,,,,,
64018->85873,294.046:186.564,287.395:193.229,295.831:199.530,309.789:205.728,307.614:210.781,303.921:217.527,303.034:220.186,303.034:224.470,301.553:226.935,304.068:229.591,313.670:231.954,318.762:234.171,326.689:238.012,,,,,,,,,,,,,,,,,,,,,,,,,,,,,,,,,,,,,,,,,,,,,,,,,,,
64018->88,294.046:186.564,287.395:193.229,295.831:199.530,309.789:205.728,323.589:208.748,335.464:209.478,341.921:209.634,347.233:210.050,362.972:211.453,376.773:212.234,,,,,,,,,,,,,,,,,,,,,,,,,,,,,,,,,,,,,,,,,,,,,,,,,,,,,,
64018->9048,294.046:186.564,287.395:193.229,295.831:199.530,299.242:195.278,,,,,,,,,,,,,,,,,,,,,,,,,,,,,,,,,,,,,,,,,,,,,,,,,,,,,,,,,,,,
64018->91020,294.046:186.564,287.395:193.229,295.831:199.530,309.789:205.728,323.589:208.748,335.464:209.478,341.921:209.634,347.233:210.050,362.972:211.453,,,,,,,,,,,,,,,,,,,,,,,,,,,,,,,,,,,,,,,,,,,,,,,,,,,,,,,
64018->92,294.046:186.564,287.395:193.229,295.831:199.530,309.789:205.728,323.589:208.748,335.464:209.478,341.921:209.634,342.238:205.594,339.156:200.382,337.035:194.274,337.420:188.101,340.700:181.672,344.595:175.542,347.193:169.199,349.637:164.698,356.323:163.798,360.502:163.991,366.803:162.190,370.983:159.940,373.073:154.252,375.613:149.887,379.265:145.124,380.058:139.488,380.579:129.453,380.448:122.917,376.784:117.838,374.253:113.458,372.904:107.029,372.030:100.361,369.808:96.313,367.824:93.376,368.459:87.820,371.554:82.184,375.523:78.533,377.031:74.088,380.048:69.722,379.571:66.626,381.397:63.134,,,,,,,,,,,,,,,,,,,,,,,,,,
64018->92674,294.046:186.564,287.395:193.229,273.541:183.542,263.170:177.010,253.540:169.247,244.948:162.321,239.844:158.207,234.423:166.563,232.022:166.358,,,,,,,,,,,,,,,,,,,,,,,,,,,,,,,,,,,,,,,,,,,,,,,,,,,,,,,
64018->95,294.046:186.564,287.395:193.229,295.831:199.530,309.789:205.728,323.589:208.748,,,,,,,,,,,,,,,,,,,,,,,,,,,,,,,,,,,,,,,,,,,,,,,,,,,,,,,,,,,
64018->99,294.046:186.564,287.395:193.229,273.541:183.542,263.170:177.010,253.540:169.247,244.948:162.321,239.844:158.207,,,,,,,,,,,,,,,,,,,,,,,,,,,,,,,,,,,,,,,,,,,,,,,,,,,,,,,,,
65385->101,299.489:219.408,297.421:215.607,294.565:214.523,288.446:211.872,285.440:216.278,281.103:222.601,276.312:228.590,272.979:230.361,267.250:233.225,259.282:236.454,254.126:241.349,246.002:247.443,244.804:252.182,245.377:255.931,252.303:260.983,256.991:265.618,257.355:270.201,,,,,,,,,,,,,,,,,,,,,,,,,,,,,,,,,,,,,,,,,,,,,,,
65385->105,299.489:219.408,303.034:220.186,303.921:217.527,307.614:210.781,309.789:205.728,295.831:199.530,287.395:193.229,273.541:183.542,263.170:177.010,253.540:169.247,244.948:162.321,239.844:158.207,233.022:153.415,222.971:147.010,213.369:138.991,197.616:127.354,194.916:125.425,185.207:118.610,172.199:111.308,155.794:103.027,142.814:97.329,,,,,,,,,,,,,,,,,,,,,,,,,,,,,,,,,,,,,,,,,,,
65385->22,299.489:219.408,303.034:220.186,303.921:217.527,307.614:210.781,309.789:205.728,295.831:199.530,287.395:193.229,273.541:183.542,263.170:177.010,253.540:169.247,244.948:162.321,239.844:158.207,233.022:153.415,222.971:147.010,213.369:138.991,216.992:130.220,221.105:119.973,211.572:116.147,202.551:111.363,205.899:103.487,,,,,,,,,,,,,,,,,,,,,,,,,,,,,,,,,,,,,,,,,,,,
65385->32,299.489:219.408,303.034:220.186,303.921:217.527,307.614:210.781,309.789:205.728,295.831:199.530,287.395:193.229,273.541:183.542,266.015:190.376,259.506:196.964,253.235:196.647,247.361:193.392,240.376:190.296,239.106:185.931,,,,,,,,,,,,,,,,,,,,,,,,,,,,,,,,,,,,,,,,,,,,,,,,,,
65385->41841,299.489:219.408,303.034:220.186,303.921:217.527,307.614:210.781,309.789:205.728,323.589:208.748,335.464:209.478,341.921:209.634,342.238:205.594,,,,,,,,,,,,,,,,,,,,,,,,,,,,,,,,,,,,,,,,,,,,,,,,,,,,,,,
65385->5,299.489:219.408,303.034:220.186,303.921:217.527,307.614:210.781,309.789:205.728,295.831:199.530,287.395:193.229,,,,,,,,,,,,,,,,,,,,,,,,,,,,,,,,,,,,,,,,,,,,,,,,,,,,,,,,,
65385->64018,299.489:219.408,303.034:220.186,303.921:217.527,307.614:210.781,309.789:205.728,295.831:199.530,287.395:193.229,294.046:186.564,,,,,,,,,,,,,,,,,,,,,,,,,,,,,,,,,,,,,,,,,,,,,,,,,,,,,,,,
65385->95815,299.489:219.408,303.034:220.186,303.921:217.527,307.614:210.781,309.789:205.728,295.831:199.530,287.395:193.229,273.541:183.542,266.015:190.376,,,,,,,,,,,,,,,,,,,,,,,,,,,,,,,,,,,,,,,,,,,,,,,,,,,,,,,
65673->101,344.595:175.542,340.700:181.672,337.420:188.101,337.035:194.274,339.156:200.382,342.238:205.594,341.921:209.634,335.464:209.478,323.589:208.748,309.789:205.728,295.831:199.530,292.873:204.894,288.446:211.872,285.440:216.278,281.103:222.601,276.312:228.590,272.979:230.361,267.250:233.225,259.282:236.454,254.126:241.349,246.002:247.443,244.804:252.182,245.377:255.931,252.303:260.983,256.991:265.618,257.355:270.201,,,,,,,,,,,,,,,,,,,,,,,,,,,,,,,,,,,,,,
65673->22,344.595:175.542,340.700:181.672,337.420:188.101,337.035:194.274,339.156:200.382,342.238:205.594,341.921:209.634,335.464:209.478,323.589:208.748,309.789:205.728,295.831:199.530,287.395:193.229,273.541:183.542,263.170:177.010,253.540:169.247,244.948:162.321,239.844:158.207,233.022:153.415,222.971:147.010,213.369:138.991,216.992:130.220,221.105:119.973,211.572:116.147,202.551:111.363,205.899:103.487,,,,,,,,,,,,,,,,,,,,,,,,,,,,,,,,,,,,,,,
65673->26858,344.595:175.542,340.700:181.672,337.420:188.101,337.035:194.274,339.156:200.382,342.238:205.594,341.921:209.634,347.233:210.050,,,,,,,,,,,,,,,,,,,,,,,,,,,,,,,,,,,,,,,,,,,,,,,,,,,,,,,,
65673->30645,344.595:175.542,347.193:169.199,349.637:164.698,356.323:163.798,360.502:163.991,366.803:162.190,370.983:159.940,373.541:164.692,374.094:172.594,370.983:179.262,368.141:182.992,367.109:189.263,370.983:196.328,,,,,,,,,,,,,,,,,,,,,,,,,,,,,,,,,,,,,,,,,,,,,,,,,,,
65673->5,344.595:175.542,340.700:181.672,337.420:188.101,337.035:194.274,339.156:200.382,342.238:205.594,341.921:209.634,335.464:209.478,323.589:208.748,309.789:205.728,295.831:199.530,287.395:193.229,,,,,,,,,,,,,,,,,,,,,,,,,,,,,,,,,,,,,,,,,,,,,,,,,,,,
65673->95,344.595:175.542,340.700:181.672,337.420:188.101,337.035:194.274,339.156:200.382,342.238:205.594,341.921:209.634,335.464:209.478,323.589:208.748,,,,,,,,,,,,,,,,,,,,,,,,,,,,,,,,,,,,,,,,,,,,,,,,,,,,,,,
66->105,13.949:16.375,23.833:26.340,35.471:35.856,40.809:41.372,47.679:49.139,54.849:55.263,62.374:59.313,75.350:65.577,89.400:72.165,98.846:77.007,115.938:83.891,130.791:90.707,142.814:97.329,,,,,,,,,,,,,,,,,,,,,,,,,,,,,,,,,,,,,,,,,,,,,,,,,,,
66->11881,13.949:16.375,23.833:26.340,35.471:35.856,40.809:41.372,47.679:49.139,54.849:55.263,62.374:59.313,75.350:65.577,89.400:72.165,98.846:77.007,115.938:83.891,130.791:90.707,142.814:97.329,155.794:103.027,172.199:111.308,185.207:118.610,194.916:125.425,197.616:127.354,213.369:138.991,222.971:147.010,,,,,,,,,,,,,,,,,,,,,,,,,,,,,,,,,,,,,,,,,,,,
66->120,13.949:16.375,23.833:26.340,35.471:35.856,40.809:41.372,47.679:49.139,54.849:55.263,62.374:59.313,75.350:65.577,89.400:72.165,98.846:77.007,115.938:83.891,130.791:90.707,142.814:97.329,155.794:103.027,172.199:111.308,185.207:118.610,194.916:125.425,197.616:127.354,213.369:138.991,222.971:147.010,233.022:153.415,239.844:158.207,244.948:162.321,250.837:157.263,256.201:151.742,259.065:147.524,262.142:140.680,269.223:140.680,273.596:142.477,278.802:146.350,279.519:149.801,,,,,,,,,,,,,,,,,,,,,,,,,,,,,,,,,
66->13568,13.949:16.375,23.833:26.340,35.471:35.856,40.809:41.372,47.679:49.139,54.849:55.263,62.374:59.313,75.350:65.577,89.400:72.165,98.846:77.007,115.938:83.891,130.791:90.707,142.814:97.329,155.794:103.027,172.199:111.308,185.207:118.610,194.916:125.425,197.616:127.354,213.369:138.991,216.992:130.220,,,,,,,,,,,,,,,,,,,,,,,,,,,,,,,,,,,,,,,,,,,,
66->13643,13.949:16.375,23.833:26.340,35.471:35.856,40.809:41.372,47.679:49.139,54.849:55.263,62.374:59.313,75.350:65.577,89.400:72.165,98.846:77.007,115.938:83.891,130.791:90.707,142.814:97.329,155.794:103.027,172.199:111.308,169.370:116.347,,,,,,,,,,,,,,,,,,,,,,,,,,,,,,,,,,,,,,,,,,,,,,,,
66->22,13.949:16.375,23.833:26.340,35.471:35.856,40.809:41.372,47.679:49.139,54.849:55.263,62.374:59.313,75.350:65.577,89.400:72.165,98.846:77.007,115.938:83.891,130.791:90.707,142.814:97.329,155.794:103.027,172.199:111.308,185.207:118.610,194.916:125.425,198.866:118.313,202.551:111.363,205.899:103.487,,,,,,,,,,,,,,,,,,,,,,,,,,,,,,,,,,,,,,,,,,,,
66->2344,13.949:16.375,23.833:26.340,35.471:35.856,40.809:41.372,47.679:49.139,54.849:55.263,62.374:59.313,75.350:65.577,89.400:72.165,98.846:77.007,115.938:83.891,130.791:90.707,142.814:97.329,155.794:103.027,172.199:111.308,185.207:118.610,194.916:125.425,197.616:127.354,213.369:138.991,222.971:147.010,233.022:153.415,239.844:158.207,244.948:162.321,253.540:169.247,263.170:177.010,,,,,,,,,,,,,,,,,,,,,,,,,,,,,,,,,,,,,,,
66->23449,13.949:16.375,23.833:26.340,35.471:35.856,40.809:41.372,47.679:49.139,54.849:55.263,62.374:59.313,75.350:65.577,89.400:72.165,98.846:77.007,115.938:83.891,130.791:90.707,142.814:97.329,155.794:103.027,172.199:111.308,185.207:118.610,194.916:125.425,197.616:127.354,213.369:138.991,216.992:130.220,221.105:119.973,231.048:125.270,240.449:129.276,242.392:134.598,248.338:138.117,,,,,,,,,,,,,,,,,,,,,,,,,,,,,,,,,,,,,,,
66->2894,13.949:16.375,23.833:26.340,35.471:35.856,40.809:41.372,47.679:49.139,54.849:55.263,62.374:59.313,75.350:65.577,89.400:72.165,98.846:77.007,115.938:83.891,130.791:90.707,142.814:97.329,155.794:103.027,172.199:111.308,185.207:118.610,194.916:125.425,197.616:127.354,213.369:138.991,211.594:141.393,210.584:143.939,,,,,,,,,,,,,,,,,,,,,,,,,,,,,,,,,,,,,,,,,,,
66->30732,13.949:16.375,23.833:26.340,35.471:35.856,40.809:41.372,47.679:49.139,54.849:55.263,62.374:59.313,75.350:65.577,89.400:72.165,98.846:77.007,115.938:83.891,130.791:90.707,142.814:97.329,155.794:103.027,172.199:111.308,,,,,,,,,,,,,,,,,,,,,,,,,,,,,,,,,,,,,,,,,,,,,,,,,
66->31591,13.949:16.375,23.833:26.340,35.471:35.856,40.809:41.372,47.679:49.139,54.849:55.263,62.374:59.313,75.350:65.577,89.400:72.165,98.846:77.007,115.938:83.891,130.791:90.707,142.814:97.329,155.794:103.027,172.199:111.308,185.207:118.610,194.916:125.425,197.616:127.354,213.369:138.991,222.971:147.010,233.022:153.415,239.844:158.207,244.948:162.321,253.540:169.247,,,,,,,,,,,,,,,,,,,,,,,,,,,,,,,,,,,,,,,,
66->32,13.949:16.375,23.833:26.340,35.471:35.856,40.809:41.372,47.679:49.139,54.849:55.263,62.374:59.313,75.350:65.577,89.400:72.165,98.846:77.007,115.938:83.891,130.791:90.707,142.814:97.329,155.794:103.027,172.199:111.308,185.207:118.610,194.916:125.425,197.616:127.354,213.369:138.991,222.971:147.010,233.022:153.415,239.844:158.207,234.423:166.563,233.788:176.485,234.820:180.374,239.106:185.931,,,,,,,,,,,,,,,,,,,,,,,,,,,,,,,,,,,,,,
66->33,13.949:16.375,23.833:26.340,35.471:35.856,40.809:41.372,47.679:49.139,54.849:55.263,62.374:59.313,75.350:65.577,89.400:72.165,98.846:77.007,115.938:83.891,130.791:90.707,142.814:97.329,155.794:103.027,172.199:111.308,185.207:118.610,194.916:125.425,,,,,,,,,,,,,,,,,,,,,,,,,,,,,,,,,,,,,,,,,,,,,,,
66->39313,13.949:16.375,23.833:26.340,35.471:35.856,40.809:41.372,47.679:49.139,54.849:55.263,62.374:59.313,75.350:65.577,89.400:72.165,98.846:77.007,115.938:83.891,130.791:90.707,142.814:97.329,155.794:103.027,172.199:111.308,185.207:118.610,194.916:125.425,197.616:127.354,213.369:138.991,222.971:147.010,233.022:153.415,239.844:158.207,244.948:162.321,253.540:169.247,263.170:177.010,273.541:183.542,287.395:193.229,295.831:199.530,292.873:204.894,288.446:211.872,285.440:216.278,281.103:222.601,276.312:228.590,272.979:230.361,267.250:233.225,259.282:236.454,254.126:241.349,246.002:247.443,244.804:252.182,245.377:255.931,252.303:260.983,256.991:265.618,257.355:270.201,260.428:274.263,260.324:280.669,264.282:284.939,267.823:284.002,271.312:281.138,273.364:276.841,274.276:272.403,274.519:267.601,275.066:264.683,,,,,,,,,,,,
66->41841,13.949:16.375,23.833:26.340,35.471:35.856,40.809:41.372,47.679:49.139,54.849:55.263,62.374:59.313,75.350:65.577,89.400:72.165,98.846:77.007,115.938:83.891,130.791:90.707,142.814:97.329,155.794:103.027,172.199:111.308,185.207:118.610,194.916:125.425,197.616:127.354,213.369:138.991,222.971:147.010,233.022:153.415,239.844:158.207,244.948:162.321,253.540:169.247,263.170:177.010,273.541:183.542,287.395:193.229,295.831:199.530,309.789:205.728,323.589:208.748,335.464:209.478,341.921:209.634,342.238:205.594,,,,,,,,,,,,,,,,,,,,,,,,,,,,,,,
66->49,13.949:16.375,23.833:26.340,35.471:35.856,40.809:41.372,47.679:49.139,54.849:55.263,62.374:59.313,75.350:65.577,89.400:72.165,98.846:77.007,115.938:83.891,130.791:90.707,142.814:97.329,155.794:103.027,172.199:111.308,185.207:118.610,194.916:125.425,197.616:127.354,213.369:138.991,222.971:147.010,233.022:153.415,239.844:158.207,244.948:162.321,253.540:169.247,263.170:177.010,273.541:183.542,287.395:193.229,295.831:199.530,309.789:205.728,323.589:208.748,335.464:209.478,341.921:209.634,347.233:210.050,346.414:220.501,347.233:231.470,342.284:235.228,339.995:239.670,337.398:245.240,333.639:250.297,327.249:249.579,324.140:249.853,323.730:252.620,319.322:252.825,317.921:257.472,310.951:262.358,,,,,,,,,,,,,,,,,,,
66->49081,13.949:16.375,23.833:26.340,35.471:35.856,40.809:41.372,47.679:49.139,54.849:55.263,62.374:59.313,75.350:65.577,89.400:72.165,98.846:77.007,115.938:83.891,130.791:90.707,142.814:97.329,155.794:103.027,172.199:111.308,185.207:118.610,194.916:125.425,197.616:127.354,213.369:138.991,216.992:130.220,221.105:119.973,231.048:125.270,240.449:129.276,,,,,,,,,,,,,,,,,,,,,,,,,,,,,,,,,,,,,,,,,
66->5,13.949:16.375,23.833:26.340,35.471:35.856,40.809:41.372,47.679:49.139,54.849:55.263,62.374:59.313,75.350:65.577,89.400:72.165,98.846:77.007,115.938:83.891,130.791:90.707,142.814:97.329,155.794:103.027,172.199:111.308,185.207:118.610,194.916:125.425,197.616:127.354,213.369:138.991,222.971:147.010,233.022:153.415,239.844:158.207,244.948:162.321,253.540:169.247,263.170:177.010,273.541:183.542,287.395:193.229,,,,,,,,,,,,,,,,,,,,,,,,,,,,,,,,,,,,,
66->5135,13.949:16.375,23.833:26.340,35.471:35.856,40.809:41.372,47.679:49.139,54.849:55.263,62.374:59.313,75.350:65.577,89.400:72.165,98.846:77.007,115.938:83.891,130.791:90.707,142.814:97.329,155.794:103.027,172.199:111.308,185.207:118.610,,,,,,,,,,,,,,,,,,,,,,,,,,,,,,,,,,,,,,,,,,,,,,,,
66->54272,13.949:16.375,23.833:26.340,35.471:35.856,40.809:41.372,47.679:49.139,54.849:55.263,62.374:59.313,75.350:65.577,89.400:72.165,98.846:77.007,115.938:83.891,130.791:90.707,142.814:97.329,155.794:103.027,172.199:111.308,185.207:118.610,194.916:125.425,198.866:118.313,202.551:111.363,,,,,,,,,,,,,,,,,,,,,,,,,,,,,,,,,,,,,,,,,,,,,
66->67916,13.949:16.375,23.833:26.340,35.471:35.856,40.809:41.372,47.679:49.139,54.849:55.263,62.374:59.313,75.350:65.577,89.400:72.165,98.846:77.007,115.938:83.891,130.791:90.707,142.814:97.329,155.794:103.027,172.199:111.308,185.207:118.610,194.916:125.425,197.616:127.354,213.369:138.991,222.971:147.010,233.022:153.415,239.844:158.207,244.948:162.321,253.540:169.247,263.170:177.010,273.541:183.542,287.395:193.229,295.831:199.530,309.789:205.728,323.589:208.748,335.464:209.478,341.921:209.634,342.238:205.594,339.156:200.382,337.035:194.274,337.420:188.101,340.700:181.672,344.595:175.542,347.193:169.199,349.637:164.698,356.323:163.798,,,,,,,,,,,,,,,,,,,,,,,
66->72974,13.949:16.375,23.833:26.340,35.471:35.856,40.809:41.372,47.679:49.139,54.849:55.263,62.374:59.313,75.350:65.577,89.400:72.165,98.846:77.007,115.938:83.891,130.791:90.707,142.814:97.329,155.794:103.027,172.199:111.308,185.207:118.610,194.916:125.425,197.616:127.354,213.369:138.991,222.971:147.010,233.022:153.415,239.844:158.207,244.948:162.321,250.837:157.263,256.201:151.742,,,,,,,,,,,,,,,,,,,,,,,,,,,,,,,,,,,,,,,
66->8318,13.949:16.375,23.833:26.340,35.471:35.856,40.809:41.372,47.679:49.139,54.849:55.263,62.374:59.313,75.350:65.577,89.400:72.165,98.846:77.007,115.938:83.891,130.791:90.707,142.814:97.329,155.794:103.027,172.199:111.308,185.207:118.610,194.916:125.425,197.616:127.354,213.369:138.991,222.971:147.010,233.022:153.415,239.844:158.207,244.948:162.321,,,,,,,,,,,,,,,,,,,,,,,,,,,,,,,,,,,,,,,,,
66->84,13.949:16.375,23.833:26.340,35.471:35.856,40.809:41.372,47.679:49.139,54.849:55.263,62.374:59.313,75.350:65.577,89.400:72.165,98.846:77.007,115.938:83.891,130.791:90.707,142.814:97.329,155.794:103.027,172.199:111.308,185.207:118.610,194.916:125.425,197.616:127.354,213.369:138.991,222.971:147.010,233.022:153.415,239.844:158.207,244.948:162.321,253.540:169.247,263.170:177.010,273.541:183.542,287.395:193.229,295.831:199.530,292.873:204.894,288.446:211.872,285.440:216.278,281.103:222.601,276.312:228.590,272.979:230.361,267.250:233.225,259.282:236.454,254.126:241.349,,,,,,,,,,,,,,,,,,,,,,,,,,,
66->88,13.949:16.375,23.833:26.340,35.471:35.856,40.809:41.372,47.679:49.139,54.849:55.263,62.374:59.313,75.350:65.577,89.400:72.165,98.846:77.007,115.938:83.891,130.791:90.707,142.814:97.329,155.794:103.027,172.199:111.308,185.207:118.610,194.916:125.425,197.616:127.354,213.369:138.991,222.971:147.010,233.022:153.415,239.844:158.207,244.948:162.321,253.540:169.247,263.170:177.010,273.541:183.542,287.395:193.229,295.831:199.530,309.789:205.728,323.589:208.748,335.464:209.478,341.921:209.634,347.233:210.050,362.972:211.453,376.773:212.234,,,,,,,,,,,,,,,,,,,,,,,,,,,,,
66->9048,13.949:16.375,23.833:26.340,35.471:35.856,40.809:41.372,47.679:49.139,54.849:55.263,62.374:59.313,75.350:65.577,89.400:72.165,98.846:77.007,115.938:83.891,130.791:90.707,142.814:97.329,155.794:103.027,172.199:111.308,185.207:118.610,194.916:125.425,197.616:127.354,213.369:138.991,222.971:147.010,233.022:153.415,239.844:158.207,244.948:162.321,253.540:169.247,263.170:177.010,273.541:183.542,287.395:193.229,295.831:199.530,299.242:195.278,,,,,,,,,,,,,,,,,,,,,,,,,,,,,,,,,,,
66->92071,13.949:16.375,23.833:26.340,35.471:35.856,40.809:41.372,47.679:49.139,54.849:55.263,62.374:59.313,75.350:65.577,89.400:72.165,98.846:77.007,115.938:83.891,130.791:90.707,142.814:97.329,155.794:103.027,172.199:111.308,185.207:118.610,194.916:125.425,197.616:127.354,213.369:138.991,222.971:147.010,233.022:153.415,239.844:158.207,244.948:162.321,253.540:169.247,263.170:177.010,273.541:183.542,287.395:193.229,295.831:199.530,292.873:204.894,288.446:211.872,285.440:216.278,281.103:222.601,276.312:228.590,272.979:230.361,277.165:234.213,280.995:236.462,284.216:236.645,290.842:240.474,294.611:242.967,298.441:243.818,295.444:246.775,293.130:249.975,289.092:249.828,284.759:248.203,,,,,,,,,,,,,,,,,,,,
66->92821,13.949:16.375,23.833:26.340,35.471:35.856,,,,,,,,,,,,,,,,,,,,,,,,,,,,,,,,,,,,,,,,,,,,,,,,,,,,,,,,,,,,,
66->95,13.949:16.375,23.833:26.340,35.471:35.856,40.809:41.372,47.679:49.139,54.849:55.263,62.374:59.313,75.350:65.577,89.400:72.165,98.846:77.007,115.938:83.891,130.791:90.707,142.814:97.329,155.794:103.027,172.199:111.308,185.207:118.610,194.916:125.425,197.616:127.354,213.369:138.991,222.971:147.010,233.022:153.415,239.844:158.207,244.948:162.321,253.540:169.247,263.170:177.010,273.541:183.542,287.395:193.229,295.831:199.530,309.789:205.728,323.589:208.748,,,,,,,,,,,,,,,,,,,,,,,,,,,,,,,,,,
66->96,13.949:16.375,23.833:26.340,35.471:35.856,40.809:41.372,47.679:49.139,54.849:55.263,62.374:59.313,,,,,,,,,,,,,,,,,,,,,,,,,,,,,,,,,,,,,,,,,,,,,,,,,,,,,,,,,
66->99,13.949:16.375,23.833:26.340,35.471:35.856,40.809:41.372,47.679:49.139,54.849:55.263,62.374:59.313,75.350:65.577,89.400:72.165,98.846:77.007,115.938:83.891,130.791:90.707,142.814:97.329,155.794:103.027,172.199:111.308,185.207:118.610,194.916:125.425,197.616:127.354,213.369:138.991,222.971:147.010,233.022:153.415,239.844:158.207,,,,,,,,,,,,,,,,,,,,,,,,,,,,,,,,,,,,,,,,,,
66880->99,225.653:168.928,229.198:168.632,232.022:166.358,234.423:166.563,239.844:158.207,,,,,,,,,,,,,,,,,,,,,,,,,,,,,,,,,,,,,,,,,,,,,,,,,,,,,,,,,,,
67169->2344,195.119:131.075,197.616:127.354,213.369:138.991,222.971:147.010,233.022:153.415,239.844:158.207,244.948:162.321,253.540:169.247,263.170:177.010,,,,,,,,,,,,,,,,,,,,,,,,,,,,,,,,,,,,,,,,,,,,,,,,,,,,,,,
67169->32,195.119:131.075,197.616:127.354,213.369:138.991,222.971:147.010,233.022:153.415,239.844:158.207,234.423:166.563,233.788:176.485,234.820:180.374,239.106:185.931,,,,,,,,,,,,,,,,,,,,,,,,,,,,,,,,,,,,,,,,,,,,,,,,,,,,,,
67169->33,195.119:131.075,197.616:127.354,194.916:125.425,,,,,,,,,,,,,,,,,,,,,,,,,,,,,,,,,,,,,,,,,,,,,,,,,,,,,,,,,,,,,
67169->87392,195.119:131.075,197.616:127.354,213.369:138.991,,,,,,,,,,,,,,,,,,,,,,,,,,,,,,,,,,,,,,,,,,,,,,,,,,,,,,,,,,,,,
67331->13,261.914:216.256,258.781:213.446,261.236:210.021,264.143:205.369,264.693:203.237,265.934:202.619,264.577:200.838,261.770:199.201,259.506:196.964,266.015:190.376,273.541:183.542,287.395:193.229,295.831:199.530,309.789:205.728,323.589:208.748,335.464:209.478,341.921:209.634,347.233:210.050,362.972:211.453,376.773:212.234,389.688:214.526,399.251:216.457,,,,,,,,,,,,,,,,,,,,,,,,,,,,,,,,,,,,,,,,,,
67331->13643,261.914:216.256,258.781:213.446,261.236:210.021,264.143:205.369,264.693:203.237,265.934:202.619,264.577:200.838,261.770:199.201,259.506:196.964,266.015:190.376,273.541:183.542,263.170:177.010,253.540:169.247,244.948:162.321,239.844:158.207,233.022:153.415,222.971:147.010,213.369:138.991,197.616:127.354,194.916:125.425,185.207:118.610,172.199:111.308,169.370:116.347,,,,,,,,,,,,,,,,,,,,,,,,,,,,,,,,,,,,,,,,,
67331->2894,261.914:216.256,258.781:213.446,261.236:210.021,264.143:205.369,264.693:203.237,265.934:202.619,264.577:200.838,261.770:199.201,259.506:196.964,266.015:190.376,273.541:183.542,263.170:177.010,253.540:169.247,244.948:162.321,239.844:158.207,233.022:153.415,222.971:147.010,213.369:138.991,211.594:141.393,210.584:143.939,,,,,,,,,,,,,,,,,,,,,,,,,,,,,,,,,,,,,,,,,,,,
67331->31591,261.914:216.256,258.781:213.446,261.236:210.021,264.143:205.369,264.693:203.237,265.934:202.619,264.577:200.838,261.770:199.201,259.506:196.964,266.015:190.376,273.541:183.542,263.170:177.010,253.540:169.247,,,,,,,,,,,,,,,,,,,,,,,,,,,,,,,,,,,,,,,,,,,,,,,,,,,
67331->32,261.914:216.256,258.781:213.446,261.236:210.021,264.143:205.369,264.693:203.237,265.934:202.619,264.577:200.838,261.770:199.201,259.506:196.964,253.235:196.647,247.361:193.392,240.376:190.296,239.106:185.931,,,,,,,,,,,,,,,,,,,,,,,,,,,,,,,,,,,,,,,,,,,,,,,,,,,
67331->49,261.914:216.256,265.242:218.679,268.214:220.295,270.508:222.104,272.511:221.038,274.514:219.099,276.953:219.281,279.812:220.553,281.103:222.601,276.312:228.590,272.979:230.361,277.165:234.213,280.995:236.462,284.216:236.645,290.842:240.474,294.611:242.967,298.441:243.818,304.155:246.128,305.371:250.930,303.183:255.307,302.149:258.225,306.405:261.082,310.951:262.358,,,,,,,,,,,,,,,,,,,,,,,,,,,,,,,,,,,,,,,,,
67331->60378,261.914:216.256,258.781:213.446,261.236:210.021,264.143:205.369,264.693:203.237,265.934:202.619,264.577:200.838,261.770:199.201,259.506:196.964,253.235:196.647,,,,,,,,,,,,,,,,,,,,,,,,,,,,,,,,,,,,,,,,,,,,,,,,,,,,,,
67331->73767,261.914:216.256,258.781:213.446,261.236:210.021,264.143:205.369,264.693:203.237,265.934:202.619,268.562:205.911,,,,,,,,,,,,,,,,,,,,,,,,,,,,,,,,,,,,,,,,,,,,,,,,,,,,,,,,,
67331->99,261.914:216.256,258.781:213.446,261.236:210.021,264.143:205.369,264.693:203.237,265.934:202.619,264.577:200.838,261.770:199.201,259.506:196.964,266.015:190.376,273.541:183.542,263.170:177.010,253.540:169.247,244.948:162.321,239.844:158.207,,,,,,,,,,,,,,,,,,,,,,,,,,,,,,,,,,,,,,,,,,,,,,,,,
67451->32,229.198:168.632,232.022:166.358,234.423:166.563,233.788:176.485,234.820:180.374,239.106:185.931,,,,,,,,,,,,,,,,,,,,,,,,,,,,,,,,,,,,,,,,,,,,,,,,,,,,,,,,,,
67451->52980,229.198:168.632,232.022:166.358,234.423:166.563,239.844:158.207,244.948:162.321,253.540:169.247,263.170:177.010,273.541:183.542,287.395:193.229,295.831:199.530,292.873:204.894,288.446:211.872,294.565:214.523,,,,,,,,,,,,,,,,,,,,,,,,,,,,,,,,,,,,,,,,,,,,,,,,,,,
67451->79100,229.198:168.632,232.022:166.358,234.423:166.563,239.844:158.207,244.948:162.321,253.540:169.247,263.170:177.010,273.541:183.542,287.395:193.229,295.831:199.530,292.873:204.894,288.446:211.872,285.440:216.278,281.103:222.601,279.812:220.553,,,,,,,,,,,,,,,,,,,,,,,,,,,,,,,,,,,,,,,,,,,,,,,,,
67916->11881,356.323:163.798,349.637:164.698,347.193:169.199,344.595:175.542,340.700:181.672,337.420:188.101,337.035:194.274,339.156:200.382,342.238:205.594,341.921:209.634,335.464:209.478,323.589:208.748,309.789:205.728,295.831:199.530,287.395:193.229,273.541:183.542,263.170:177.010,253.540:169.247,244.948:162.321,239.844:158.207,233.022:153.415,222.971:147.010,,,,,,,,,,,,,,,,,,,,,,,,,,,,,,,,,,,,,,,,,,
67916->13702,356.323:163.798,349.637:164.698,347.193:169.199,344.595:175.542,340.700:181.672,337.420:188.101,337.035:194.274,339.156:200.382,342.238:205.594,341.921:209.634,335.464:209.478,323.589:208.748,309.789:205.728,295.831:199.530,287.395:193.229,273.541:183.542,,,,,,,,,,,,,,,,,,,,,,,,,,,,,,,,,,,,,,,,,,,,,,,,
67916->30620,356.323:163.798,349.637:164.698,347.193:169.199,344.595:175.542,340.700:181.672,337.420:188.101,337.035:194.274,339.156:200.382,,,,,,,,,,,,,,,,,,,,,,,,,,,,,,,,,,,,,,,,,,,,,,,,,,,,,,,,
67916->33,356.323:163.798,349.637:164.698,347.193:169.199,344.595:175.542,340.700:181.672,337.420:188.101,337.035:194.274,339.156:200.382,342.238:205.594,341.921:209.634,335.464:209.478,323.589:208.748,309.789:205.728,295.831:199.530,287.395:193.229,273.541:183.542,263.170:177.010,253.540:169.247,244.948:162.321,239.844:158.207,233.022:153.415,222.971:147.010,213.369:138.991,197.616:127.354,194.916:125.425,,,,,,,,,,,,,,,,,,,,,,,,,,,,,,,,,,,,,,,
67916->60450,356.323:163.798,349.637:164.698,347.193:169.199,344.595:175.542,340.700:181.672,337.420:188.101,337.035:194.274,339.156:200.382,342.238:205.594,341.921:209.634,335.464:209.478,323.589:208.748,309.789:205.728,295.831:199.530,287.395:193.229,273.541:183.542,263.170:177.010,253.540:169.247,244.948:162.321,239.844:158.207,233.022:153.415,,,,,,,,,,,,,,,,,,,,,,,,,,,,,,,,,,,,,,,,,,,
67916->72974,356.323:163.798,349.637:164.698,347.193:169.199,344.595:175.542,340.700:181.672,337.420:188.101,337.035:194.274,339.156:200.382,342.238:205.594,341.921:209.634,335.464:209.478,323.589:208.748,309.789:205.728,295.831:199.530,287.395:193.229,273.541:183.542,263.170:177.010,253.540:169.247,244.948:162.321,250.837:157.263,256.201:151.742,,,,,,,,,,,,,,,,,,,,,,,,,,,,,,,,,,,,,,,,,,,
67916->76205,356.323:163.798,360.502:163.991,366.803:162.190,370.983:159.940,373.073:154.252,375.613:149.887,379.265:145.124,380.058:139.488,,,,,,,,,,,,,,,,,,,,,,,,,,,,,,,,,,,,,,,,,,,,,,,,,,,,,,,,
67916->80124,356.323:163.798,349.637:164.698,347.193:169.199,344.595:175.542,340.700:181.672,337.420:188.101,337.035:194.274,339.156:200.382,342.238:205.594,341.921:209.634,335.464:209.478,323.589:208.748,309.789:205.728,295.831:199.530,287.395:193.229,294.046:186.564,298.542:180.289,295.606:173.922,293.252:166.883,,,,,,,,,,,,,,,,,,,,,,,,,,,,,,,,,,,,,,,,,,,,,
67916->91020,356.323:163.798,349.637:164.698,347.193:169.199,344.595:175.542,340.700:181.672,337.420:188.101,337.035:194.274,339.156:200.382,342.238:205.594,341.921:209.634,347.233:210.050,362.972:211.453,,,,,,,,,,,,,,,,,,,,,,,,,,,,,,,,,,,,,,,,,,,,,,,,,,,,
67916->92,356.323:163.798,360.502:163.991,366.803:162.190,370.983:159.940,373.073:154.252,375.613:149.887,379.265:145.124,380.058:139.488,380.579:129.453,380.448:122.917,376.784:117.838,374.253:113.458,372.904:107.029,372.030:100.361,369.808:96.313,367.824:93.376,368.459:87.820,371.554:82.184,375.523:78.533,377.031:74.088,380.048:69.722,379.571:66.626,381.397:63.134,,,,,,,,,,,,,,,,,,,,,,,,,,,,,,,,,,,,,,,,,
67916->95,356.323:163.798,349.637:164.698,347.193:169.199,344.595:175.542,340.700:181.672,337.420:188.101,337.035:194.274,339.156:200.382,342.238:205.594,341.921:209.634,335.464:209.478,323.589:208.748,,,,,,,,,,,,,,,,,,,,,,,,,,,,,,,,,,,,,,,,,,,,,,,,,,,,
68566->49,252.303:260.983,256.991:265.618,257.355:270.201,260.428:274.263,260.324:280.669,264.282:284.939,267.823:284.002,271.312:281.138,276.468:281.138,282.770:280.773,287.092:277.492,293.810:275.357,301.987:272.753,307.924:268.482,310.951:262.358,,,,,,,,,,,,,,,,,,,,,,,,,,,,,,,,,,,,,,,,,,,,,,,,,
68566->75205,252.303:260.983,245.377:255.931,244.804:252.182,246.002:247.443,254.126:241.349,259.282:236.454,267.250:233.225,272.979:230.361,276.312:228.590,281.103:222.601,285.440:216.278,288.446:211.872,292.873:204.894,295.831:199.530,287.395:193.229,273.541:183.542,263.170:177.010,253.540:169.247,244.948:162.321,250.837:157.263,256.201:151.742,259.065:147.524,,,,,,,,,,,,,,,,,,,,,,,,,,,,,,,,,,,,,,,,,,
68566->80124,252.303:260.983,245.377:255.931,244.804:252.182,246.002:247.443,254.126:241.349,259.282:236.454,267.250:233.225,272.979:230.361,276.312:228.590,281.103:222.601,285.440:216.278,288.446:211.872,292.873:204.894,295.831:199.530,287.395:193.229,294.046:186.564,298.542:180.289,295.606:173.922,293.252:166.883,,,,,,,,,,,,,,,,,,,,,,,,,,,,,,,,,,,,,,,,,,,,,
69762->13,255.137:140.236,262.142:140.680,259.065:147.524,256.201:151.742,250.837:157.263,244.948:162.321,253.540:169.247,263.170:177.010,273.541:183.542,287.395:193.229,295.831:199.530,309.789:205.728,323.589:208.748,335.464:209.478,341.921:209.634,347.233:210.050,362.972:211.453,376.773:212.234,389.688:214.526,399.251:216.457,,,,,,,,,,,,,,,,,,,,,,,,,,,,,,,,,,,,,,,,,,,,
69762->45476,255.137:140.236,262.142:140.680,269.223:140.680,273.596:142.477,278.802:146.350,279.519:149.801,284.986:152.808,289.702:155.541,292.512:160.225,293.252:166.883,295.606:173.922,298.583:174.490,302.782:177.268,304.882:179.465,,,,,,,,,,,,,,,,,,,,,,,,,,,,,,,,,,,,,,,,,,,,,,,,,,
69762->5,255.137:140.236,262.142:140.680,259.065:147.524,256.201:151.742,250.837:157.263,244.948:162.321,253.540:169.247,263.170:177.010,273.541:183.542,287.395:193.229,,,,,,,,,,,,,,,,,,,,,,,,,,,,,,,,,,,,,,,,,,,,,,,,,,,,,,
69762->60450,255.137:140.236,262.142:140.680,259.065:147.524,256.201:151.742,250.837:157.263,244.948:162.321,239.844:158.207,233.022:153.415,,,,,,,,,,,,,,,,,,,,,,,,,,,,,,,,,,,,,,,,,,,,,,,,,,,,,,,,
69762->63927,255.137:140.236,248.338:138.117,242.392:134.598,,,,,,,,,,,,,,,,,,,,,,,,,,,,,,,,,,,,,,,,,,,,,,,,,,,,,,,,,,,,,
69762->95,255.137:140.236,262.142:140.680,259.065:147.524,256.201:151.742,250.837:157.263,244.948:162.321,253.540:169.247,263.170:177.010,273.541:183.542,287.395:193.229,295.831:199.530,309.789:205.728,323.589:208.748,,,,,,,,,,,,,,,,,,,,,,,,,,,,,,,,,,,,,,,,,,,,,,,,,,,
69762->99,255.137:140.236,262.142:140.680,259.065:147.524,256.201:151.742,250.837:157.263,244.948:162.321,239.844:158.207,,,,,,,,,,,,,,,,,,,,,,,,,,,,,,,,,,,,,,,,,,,,,,,,,,,,,,,,,
69933->105,198.866:118.313,194.916:125.425,185.207:118.610,172.199:111.308,155.794:103.027,142.814:97.329,,,,,,,,,,,,,,,,,,,,,,,,,,,,,,,,,,,,,,,,,,,,,,,,,,,,,,,,,,
69933->11881,198.866:118.313,194.916:125.425,197.616:127.354,213.369:138.991,222.971:147.010,,,,,,,,,,,,,,,,,,,,,,,,,,,,,,,,,,,,,,,,,,,,,,,,,,,,,,,,,,,
69933->13568,198.866:118.313,194.916:125.425,197.616:127.354,213.369:138.991,216.992:130.220,,,,,,,,,,,,,,,,,,,,,,,,,,,,,,,,,,,,,,,,,,,,,,,,,,,,,,,,,,,
69933->23449,198.866:118.313,202.551:111.363,211.572:116.147,221.105:119.973,231.048:125.270,240.449:129.276,242.392:134.598,248.338:138.117,,,,,,,,,,,,,,,,,,,,,,,,,,,,,,,,,,,,,,,,,,,,,,,,,,,,,,,,
69933->30732,198.866:118.313,194.916:125.425,185.207:118.610,172.199:111.308,,,,,,,,,,,,,,,,,,,,,,,,,,,,,,,,,,,,,,,,,,,,,,,,,,,,,,,,,,,,
69933->32,198.866:118.313,194.916:125.425,197.616:127.354,213.369:138.991,222.971:147.010,233.022:153.415,239.844:158.207,234.423:166.563,233.788:176.485,234.820:180.374,239.106:185.931,,,,,,,,,,,,,,,,,,,,,,,,,,,,,,,,,,,,,,,,,,,,,,,,,,,,,
69933->33,198.866:118.313,194.916:125.425,,,,,,,,,,,,,,,,,,,,,,,,,,,,,,,,,,,,,,,,,,,,,,,,,,,,,,,,,,,,,,
69933->51952,198.866:118.313,194.916:125.425,197.616:127.354,213.369:138.991,222.971:147.010,220.826:151.867,,,,,,,,,,,,,,,,,,,,,,,,,,,,,,,,,,,,,,,,,,,,,,,,,,,,,,,,,,
69933->54272,198.866:118.313,202.551:111.363,,,,,,,,,,,,,,,,,,,,,,,,,,,,,,,,,,,,,,,,,,,,,,,,,,,,,,,,,,,,,,
69933->60450,198.866:118.313,194.916:125.425,197.616:127.354,213.369:138.991,222.971:147.010,233.022:153.415,,,,,,,,,,,,,,,,,,,,,,,,,,,,,,,,,,,,,,,,,,,,,,,,,,,,,,,,,,
69933->74867,198.866:118.313,202.551:111.363,211.572:116.147,,,,,,,,,,,,,,,,,,,,,,,,,,,,,,,,,,,,,,,,,,,,,,,,,,,,,,,,,,,,,
69933->75205,198.866:118.313,194.916:125.425,197.616:127.354,213.369:138.991,222.971:147.010,233.022:153.415,239.844:158.207,244.948:162.321,250.837:157.263,256.201:151.742,259.065:147.524,,,,,,,,,,,,,,,,,,,,,,,,,,,,,,,,,,,,,,,,,,,,,,,,,,,,,
69933->8318,198.866:118.313,194.916:125.425,197.616:127.354,213.369:138.991,222.971:147.010,233.022:153.415,239.844:158.207,244.948:162.321,,,,,,,,,,,,,,,,,,,,,,,,,,,,,,,,,,,,,,,,,,,,,,,,,,,,,,,,
69933->87392,198.866:118.313,194.916:125.425,197.616:127.354,213.369:138.991,,,,,,,,,,,,,,,,,,,,,,,,,,,,,,,,,,,,,,,,,,,,,,,,,,,,,,,,,,,,
71721->101,269.603:216.159,271.999:212.799,273.745:211.032,276.735:213.986,280.749:214.236,283.721:215.043,285.440:216.278,281.103:222.601,276.312:228.590,272.979:230.361,267.250:233.225,259.282:236.454,254.126:241.349,246.002:247.443,244.804:252.182,245.377:255.931,252.303:260.983,256.991:265.618,257.355:270.201,,,,,,,,,,,,,,,,,,,,,,,,,,,,,,,,,,,,,,,,,,,,,
71721->105,269.603:216.159,271.999:212.799,273.745:211.032,271.617:208.929,268.562:205.911,265.934:202.619,264.577:200.838,261.770:199.201,259.506:196.964,266.015:190.376,273.541:183.542,263.170:177.010,253.540:169.247,244.948:162.321,239.844:158.207,233.022:153.415,222.971:147.010,213.369:138.991,197.616:127.354,194.916:125.425,185.207:118.610,172.199:111.308,155.794:103.027,142.814:97.329,,,,,,,,,,,,,,,,,,,,,,,,,,,,,,,,,,,,,,,,
71721->120,269.603:216.159,271.999:212.799,273.745:211.032,276.735:213.986,280.749:214.236,283.721:215.043,285.440:216.278,288.446:211.872,292.873:204.894,295.831:199.530,287.395:193.229,294.046:186.564,298.542:180.289,295.606:173.922,293.252:166.883,292.512:160.225,289.702:155.541,284.986:152.808,279.519:149.801,,,,,,,,,,,,,,,,,,,,,,,,,,,,,,,,,,,,,,,,,,,,,
71721->13702,269.603:216.159,271.999:212.799,273.745:211.032,271.617:208.929,268.562:205.911,265.934:202.619,264.577:200.838,261.770:199.201,259.506:196.964,266.015:190.376,273.541:183.542,,,,,,,,,,,,,,,,,,,,,,,,,,,,,,,,,,,,,,,,,,,,,,,,,,,,,
71721->22,269.603:216.159,271.999:212.799,273.745:211.032,271.617:208.929,268.562:205.911,265.934:202.619,264.577:200.838,261.770:199.201,259.506:196.964,266.015:190.376,273.541:183.542,263.170:177.010,253.540:169.247,244.948:162.321,239.844:158.207,233.022:153.415,222.971:147.010,213.369:138.991,216.992:130.220,221.105:119.973,211.572:116.147,202.551:111.363,205.899:103.487,,,,,,,,,,,,,,,,,,,,,,,,,,,,,,,,,,,,,,,,,
71721->2344,269.603:216.159,271.999:212.799,273.745:211.032,271.617:208.929,268.562:205.911,265.934:202.619,264.577:200.838,261.770:199.201,259.506:196.964,266.015:190.376,273.541:183.542,263.170:177.010,,,,,,,,,,,,,,,,,,,,,,,,,,,,,,,,,,,,,,,,,,,,,,,,,,,,
71721->23449,269.603:216.159,271.999:212.799,273.745:211.032,271.617:208.929,268.562:205.911,265.934:202.619,264.577:200.838,261.770:199.201,259.506:196.964,266.015:190.376,273.541:183.542,263.170:177.010,253.540:169.247,244.948:162.321,250.837:157.263,256.201:151.742,259.065:147.524,262.142:140.680,255.137:140.236,248.338:138.117,,,,,,,,,,,,,,,,,,,,,,,,,,,,,,,,,,,,,,,,,,,,
71721->30620,269.603:216.159,271.999:212.799,273.745:211.032,276.735:213.986,280.749:214.236,283.721:215.043,285.440:216.278,288.446:211.872,292.873:204.894,295.831:199.530,309.789:205.728,323.589:208.748,335.464:209.478,341.921:209.634,342.238:205.594,339.156:200.382,,,,,,,,,,,,,,,,,,,,,,,,,,,,,,,,,,,,,,,,,,,,,,,,
71721->32,269.603:216.159,271.999:212.799,273.745:211.032,271.617:208.929,268.562:205.911,265.934:202.619,264.577:200.838,261.770:199.201,259.506:196.964,253.235:196.647,247.361:193.392,240.376:190.296,239.106:185.931,,,,,,,,,,,,,,,,,,,,,,,,,,,,,,,,,,,,,,,,,,,,,,,,,,,
71721->37558,269.603:216.159,271.999:212.799,273.745:211.032,276.735:213.986,280.749:214.236,283.721:215.043,285.440:216.278,288.446:211.872,,,,,,,,,,,,,,,,,,,,,,,,,,,,,,,,,,,,,,,,,,,,,,,,,,,,,,,,
71721->44615,269.603:216.159,271.999:212.799,273.745:211.032,276.735:213.986,280.749:214.236,283.721:215.043,285.440:216.278,288.446:211.872,292.873:204.894,295.831:199.530,309.789:205.728,,,,,,,,,,,,,,,,,,,,,,,,,,,,,,,,,,,,,,,,,,,,,,,,,,,,,
71721->49,269.603:216.159,271.999:212.799,273.745:211.032,276.735:213.986,280.749:214.236,283.721:215.043,285.440:216.278,281.103:222.601,276.312:228.590,272.979:230.361,277.165:234.213,280.995:236.462,284.216:236.645,290.842:240.474,294.611:242.967,298.441:243.818,304.155:246.128,305.371:250.930,303.183:255.307,302.149:258.225,306.405:261.082,310.951:262.358,,,,,,,,,,,,,,,,,,,,,,,,,,,,,,,,,,,,,,,,,,
71721->5,269.603:216.159,271.999:212.799,273.745:211.032,276.735:213.986,280.749:214.236,283.721:215.043,285.440:216.278,288.446:211.872,292.873:204.894,295.831:199.530,287.395:193.229,,,,,,,,,,,,,,,,,,,,,,,,,,,,,,,,,,,,,,,,,,,,,,,,,,,,,
71721->54957,269.603:216.159,271.999:212.799,273.745:211.032,276.735:213.986,280.749:214.236,283.721:215.043,285.440:216.278,288.446:211.872,292.873:204.894,295.831:199.530,,,,,,,,,,,,,,,,,,,,,,,,,,,,,,,,,,,,,,,,,,,,,,,,,,,,,,
71721->63927,269.603:216.159,271.999:212.799,273.745:211.032,271.617:208.929,268.562:205.911,265.934:202.619,264.577:200.838,261.770:199.201,259.506:196.964,266.015:190.376,273.541:183.542,263.170:177.010,253.540:169.247,244.948:162.321,250.837:157.263,256.201:151.742,259.065:147.524,262.142:140.680,255.137:140.236,248.338:138.117,242.392:134.598,,,,,,,,,,,,,,,,,,,,,,,,,,,,,,,,,,,,,,,,,,,
71721->64018,269.603:216.159,271.999:212.799,273.745:211.032,276.735:213.986,280.749:214.236,283.721:215.043,285.440:216.278,288.446:211.872,292.873:204.894,295.831:199.530,287.395:193.229,294.046:186.564,,,,,,,,,,,,,,,,,,,,,,,,,,,,,,,,,,,,,,,,,,,,,,,,,,,,
71721->72974,269.603:216.159,271.999:212.799,273.745:211.032,271.617:208.929,268.562:205.911,265.934:202.619,264.577:200.838,261.770:199.201,259.506:196.964,266.015:190.376,273.541:183.542,263.170:177.010,253.540:169.247,244.948:162.321,250.837:157.263,256.201:151.742,,,,,,,,,,,,,,,,,,,,,,,,,,,,,,,,,,,,,,,,,,,,,,,,
71721->73767,269.603:216.159,271.999:212.799,273.745:211.032,271.617:208.929,268.562:205.911,,,,,,,,,,,,,,,,,,,,,,,,,,,,,,,,,,,,,,,,,,,,,,,,,,,,,,,,,,,
71721->75205,269.603:216.159,271.999:212.799,273.745:211.032,271.617:208.929,268.562:205.911,265.934:202.619,264.577:200.838,261.770:199.201,259.506:196.964,266.015:190.376,273.541:183.542,263.170:177.010,253.540:169.247,244.948:162.321,250.837:157.263,256.201:151.742,259.065:147.524,,,,,,,,,,,,,,,,,,,,,,,,,,,,,,,,,,,,,,,,,,,,,,,
71721->8318,269.603:216.159,271.999:212.799,273.745:211.032,271.617:208.929,268.562:205.911,265.934:202.619,264.577:200.838,261.770:199.201,259.506:196.964,266.015:190.376,273.541:183.542,263.170:177.010,253.540:169.247,244.948:162.321,,,,,,,,,,,,,,,,,,,,,,,,,,,,,,,,,,,,,,,,,,,,,,,,,,
71721->84,269.603:216.159,271.999:212.799,273.745:211.032,276.735:213.986,280.749:214.236,283.721:215.043,285.440:216.278,281.103:222.601,276.312:228.590,272.979:230.361,267.250:233.225,259.282:236.454,254.126:241.349,,,,,,,,,,,,,,,,,,,,,,,,,,,,,,,,,,,,,,,,,,,,,,,,,,,
71721->88,269.603:216.159,271.999:212.799,273.745:211.032,276.735:213.986,280.749:214.236,283.721:215.043,285.440:216.278,288.446:211.872,292.873:204.894,295.831:199.530,309.789:205.728,323.589:208.748,335.464:209.478,341.921:209.634,347.233:210.050,362.972:211.453,376.773:212.234,,,,,,,,,,,,,,,,,,,,,,,,,,,,,,,,,,,,,,,,,,,,,,,
71721->9048,269.603:216.159,271.999:212.799,273.745:211.032,276.735:213.986,280.749:214.236,283.721:215.043,285.440:216.278,288.446:211.872,292.873:204.894,295.831:199.530,299.242:195.278,,,,,,,,,,,,,,,,,,,,,,,,,,,,,,,,,,,,,,,,,,,,,,,,,,,,,
71721->92071,269.603:216.159,271.999:212.799,273.745:211.032,276.735:213.986,280.749:214.236,283.721:215.043,285.440:216.278,281.103:222.601,276.312:228.590,272.979:230.361,277.165:234.213,280.995:236.462,284.216:236.645,290.842:240.474,294.611:242.967,298.441:243.818,295.444:246.775,293.130:249.975,289.092:249.828,284.759:248.203,,,,,,,,,,,,,,,,,,,,,,,,,,,,,,,,,,,,,,,,,,,,
71721->93266,269.603:216.159,271.999:212.799,273.745:211.032,276.735:213.986,280.749:214.236,283.721:215.043,285.440:216.278,288.446:211.872,294.565:214.523,297.421:215.607,299.489:219.408,303.034:220.186,303.921:217.527,,,,,,,,,,,,,,,,,,,,,,,,,,,,,,,,,,,,,,,,,,,,,,,,,,,
71721->95,269.603:216.159,271.999:212.799,273.745:211.032,276.735:213.986,280.749:214.236,283.721:215.043,285.440:216.278,288.446:211.872,292.873:204.894,295.831:199.530,309.789:205.728,323.589:208.748,,,,,,,,,,,,,,,,,,,,,,,,,,,,,,,,,,,,,,,,,,,,,,,,,,,,
71721->99,269.603:216.159,271.999:212.799,273.745:211.032,271.617:208.929,268.562:205.911,265.934:202.619,264.577:200.838,261.770:199.201,259.506:196.964,266.015:190.376,273.541:183.542,263.170:177.010,253.540:169.247,244.948:162.321,239.844:158.207,,,,,,,,,,,,,,,,,,,,,,,,,,,,,,,,,,,,,,,,,,,,,,,,,
72780->13702,284.216:236.645,280.995:236.462,277.165:234.213,272.979:230.361,276.312:228.590,281.103:222.601,285.440:216.278,288.446:211.872,292.873:204.894,295.831:199.530,287.395:193.229,273.541:183.542,,,,,,,,,,,,,,,,,,,,,,,,,,,,,,,,,,,,,,,,,,,,,,,,,,,,
72780->5,284.216:236.645,280.995:236.462,277.165:234.213,272.979:230.361,276.312:228.590,281.103:222.601,285.440:216.278,288.446:211.872,292.873:204.894,295.831:199.530,287.395:193.229,,,,,,,,,,,,,,,,,,,,,,,,,,,,,,,,,,,,,,,,,,,,,,,,,,,,,
72780->95,284.216:236.645,280.995:236.462,277.165:234.213,272.979:230.361,276.312:228.590,281.103:222.601,285.440:216.278,288.446:211.872,292.873:204.894,295.831:199.530,309.789:205.728,323.589:208.748,,,,,,,,,,,,,,,,,,,,,,,,,,,,,,,,,,,,,,,,,,,,,,,,,,,,
72780->97999,284.216:236.645,280.995:236.462,277.165:234.213,272.979:230.361,276.312:228.590,281.103:222.601,285.440:216.278,288.446:211.872,294.565:214.523,297.421:215.607,299.489:219.408,303.034:220.186,303.034:224.470,301.553:226.935,304.068:229.591,313.670:231.954,318.762:234.171,,,,,,,,,,,,,,,,,,,,,,,,,,,,,,,,,,,,,,,,,,,,,,,
72897->105,370.983:179.262,368.141:182.992,367.109:189.263,370.983:196.328,376.158:201.725,377.269:207.599,376.773:212.234,362.972:211.453,347.233:210.050,341.921:209.634,335.464:209.478,323.589:208.748,309.789:205.728,295.831:199.530,287.395:193.229,273.541:183.542,263.170:177.010,253.540:169.247,244.948:162.321,239.844:158.207,233.022:153.415,222.971:147.010,213.369:138.991,197.616:127.354,194.916:125.425,185.207:118.610,172.199:111.308,155.794:103.027,142.814:97.329,,,,,,,,,,,,,,,,,,,,,,,,,,,,,,,,,,,
72897->13,370.983:179.262,368.141:182.992,367.109:189.263,370.983:196.328,376.158:201.725,377.269:207.599,376.773:212.234,389.688:214.526,399.251:216.457,,,,,,,,,,,,,,,,,,,,,,,,,,,,,,,,,,,,,,,,,,,,,,,,,,,,,,,
72897->17795,370.983:179.262,374.094:172.594,373.541:164.692,370.983:159.940,373.073:154.252,,,,,,,,,,,,,,,,,,,,,,,,,,,,,,,,,,,,,,,,,,,,,,,,,,,,,,,,,,,
72897->49,370.983:179.262,368.141:182.992,367.109:189.263,370.983:196.328,376.158:201.725,377.269:207.599,376.773:212.234,362.972:211.453,347.233:210.050,346.414:220.501,347.233:231.470,342.284:235.228,339.995:239.670,337.398:245.240,333.639:250.297,327.249:249.579,324.140:249.853,323.730:252.620,319.322:252.825,317.921:257.472,310.951:262.358,,,,,,,,,,,,,,,,,,,,,,,,,,,,,,,,,,,,,,,,,,,
72897->51952,370.983:179.262,368.141:182.992,367.109:189.263,370.983:196.328,376.158:201.725,377.269:207.599,376.773:212.234,362.972:211.453,347.233:210.050,341.921:209.634,335.464:209.478,323.589:208.748,309.789:205.728,295.831:199.530,287.395:193.229,273.541:183.542,263.170:177.010,253.540:169.247,244.948:162.321,239.844:158.207,233.022:153.415,222.971:147.010,220.826:151.867,,,,,,,,,,,,,,,,,,,,,,,,,,,,,,,,,,,,,,,,,
72897->80124,370.983:179.262,368.141:182.992,367.109:189.263,370.983:196.328,376.158:201.725,377.269:207.599,376.773:212.234,362.972:211.453,347.233:210.050,341.921:209.634,335.464:209.478,323.589:208.748,309.789:205.728,295.831:199.530,287.395:193.229,294.046:186.564,298.542:180.289,295.606:173.922,293.252:166.883,,,,,,,,,,,,,,,,,,,,,,,,,,,,,,,,,,,,,,,,,,,,,
72897->83375,370.983:179.262,368.141:182.992,367.109:189.263,370.983:196.328,376.158:201.725,377.269:207.599,376.773:212.234,362.972:211.453,347.233:210.050,341.921:209.634,335.464:209.478,323.589:208.748,309.789:205.728,295.831:199.530,287.395:193.229,294.046:186.564,298.542:180.289,295.606:173.922,293.252:166.883,292.512:160.225,289.702:155.541,,,,,,,,,,,,,,,,,,,,,,,,,,,,,,,,,,,,,,,,,,,
72897->90040,370.983:179.262,374.094:172.594,373.541:164.692,370.983:159.940,373.073:154.252,375.613:149.887,,,,,,,,,,,,,,,,,,,,,,,,,,,,,,,,,,,,,,,,,,,,,,,,,,,,,,,,,,
72897->9048,370.983:179.262,368.141:182.992,367.109:189.263,370.983:196.328,376.158:201.725,377.269:207.599,376.773:212.234,362.972:211.453,347.233:210.050,341.921:209.634,335.464:209.478,323.589:208.748,309.789:205.728,295.831:199.530,299.242:195.278,,,,,,,,,,,,,,,,,,,,,,,,,,,,,,,,,,,,,,,,,,,,,,,,,
72897->92,370.983:179.262,374.094:172.594,373.541:164.692,370.983:159.940,373.073:154.252,375.613:149.887,379.265:145.124,380.058:139.488,380.579:129.453,380.448:122.917,376.784:117.838,374.253:113.458,372.904:107.029,372.030:100.361,369.808:96.313,367.824:93.376,368.459:87.820,371.554:82.184,375.523:78.533,377.031:74.088,380.048:69.722,379.571:66.626,381.397:63.134,,,,,,,,,,,,,,,,,,,,,,,,,,,,,,,,,,,,,,,,,
72897->95,370.983:179.262,368.141:182.992,367.109:189.263,370.983:196.328,376.158:201.725,377.269:207.599,376.773:212.234,362.972:211.453,347.233:210.050,341.921:209.634,335.464:209.478,323.589:208.748,,,,,,,,,,,,,,,,,,,,,,,,,,,,,,,,,,,,,,,,,,,,,,,,,,,,
72974->105,256.201:151.742,250.837:157.263,244.948:162.321,239.844:158.207,233.022:153.415,222.971:147.010,213.369:138.991,197.616:127.354,194.916:125.425,185.207:118.610,172.199:111.308,155.794:103.027,142.814:97.329,,,,,,,,,,,,,,,,,,,,,,,,,,,,,,,,,,,,,,,,,,,,,,,,,,,
72974->11881,256.201:151.742,250.837:157.263,244.948:162.321,239.844:158.207,233.022:153.415,222.971:147.010,,,,,,,,,,,,,,,,,,,,,,,,,,,,,,,,,,,,,,,,,,,,,,,,,,,,,,,,,,
72974->120,256.201:151.742,259.065:147.524,262.142:140.680,269.223:140.680,273.596:142.477,278.802:146.350,279.519:149.801,,,,,,,,,,,,,,,,,,,,,,,,,,,,,,,,,,,,,,,,,,,,,,,,,,,,,,,,,
72974->13,256.201:151.742,250.837:157.263,244.948:162.321,253.540:169.247,263.170:177.010,273.541:183.542,287.395:193.229,295.831:199.530,309.789:205.728,323.589:208.748,335.464:209.478,341.921:209.634,347.233:210.050,362.972:211.453,376.773:212.234,389.688:214.526,399.251:216.457,,,,,,,,,,,,,,,,,,,,,,,,,,,,,,,,,,,,,,,,,,,,,,,
72974->13568,256.201:151.742,250.837:157.263,244.948:162.321,239.844:158.207,233.022:153.415,222.971:147.010,213.369:138.991,216.992:130.220,,,,,,,,,,,,,,,,,,,,,,,,,,,,,,,,,,,,,,,,,,,,,,,,,,,,,,,,
72974->13702,256.201:151.742,250.837:157.263,244.948:162.321,253.540:169.247,263.170:177.010,273.541:183.542,,,,,,,,,,,,,,,,,,,,,,,,,,,,,,,,,,,,,,,,,,,,,,,,,,,,,,,,,,
72974->14185,256.201:151.742,250.837:157.263,244.948:162.321,253.540:169.247,263.170:177.010,273.541:183.542,287.395:193.229,295.831:199.530,299.242:195.278,302.353:188.697,304.946:184.788,,,,,,,,,,,,,,,,,,,,,,,,,,,,,,,,,,,,,,,,,,,,,,,,,,,,,
72974->20601,256.201:151.742,250.837:157.263,244.948:162.321,253.540:169.247,263.170:177.010,273.541:183.542,287.395:193.229,294.046:186.564,298.542:180.289,,,,,,,,,,,,,,,,,,,,,,,,,,,,,,,,,,,,,,,,,,,,,,,,,,,,,,,
72974->21444,256.201:151.742,250.837:157.263,,,,,,,,,,,,,,,,,,,,,,,,,,,,,,,,,,,,,,,,,,,,,,,,,,,,,,,,,,,,,,
72974->22,256.201:151.742,259.065:147.524,262.142:140.680,255.137:140.236,248.338:138.117,242.392:134.598,240.449:129.276,231.048:125.270,221.105:119.973,211.572:116.147,202.551:111.363,205.899:103.487,,,,,,,,,,,,,,,,,,,,,,,,,,,,,,,,,,,,,,,,,,,,,,,,,,,,
72974->2344,256.201:151.742,250.837:157.263,244.948:162.321,253.540:169.247,263.170:177.010,,,,,,,,,,,,,,,,,,,,,,,,,,,,,,,,,,,,,,,,,,,,,,,,,,,,,,,,,,,
72974->23449,256.201:151.742,259.065:147.524,262.142:140.680,255.137:140.236,248.338:138.117,,,,,,,,,,,,,,,,,,,,,,,,,,,,,,,,,,,,,,,,,,,,,,,,,,,,,,,,,,,
72974->2505,256.201:151.742,250.837:157.263,244.948:162.321,253.540:169.247,263.170:177.010,273.541:183.542,287.395:193.229,295.831:199.530,292.873:204.894,288.446:211.872,285.440:216.278,283.721:215.043,,,,,,,,,,,,,,,,,,,,,,,,,,,,,,,,,,,,,,,,,,,,,,,,,,,,
72974->25121,256.201:151.742,259.065:147.524,262.142:140.680,255.137:140.236,248.338:138.117,242.392:134.598,240.449:129.276,231.048:125.270,,,,,,,,,,,,,,,,,,,,,,,,,,,,,,,,,,,,,,,,,,,,,,,,,,,,,,,,
72974->26858,256.201:151.742,250.837:157.263,244.948:162.321,253.540:169.247,263.170:177.010,273.541:183.542,287.395:193.229,295.831:199.530,309.789:205.728,323.589:208.748,335.464:209.478,341.921:209.634,347.233:210.050,,,,,,,,,,,,,,,,,,,,,,,,,,,,,,,,,,,,,,,,,,,,,,,,,,,
72974->29230,256.201:151.742,259.065:147.524,262.142:140.680,255.137:140.236,248.338:138.117,242.392:134.598,240.449:129.276,241.499:125.514,,,,,,,,,,,,,,,,,,,,,,,,,,,,,,,,,,,,,,,,,,,,,,,,,,,,,,,,
72974->29250,256.201:151.742,250.837:157.263,244.948:162.321,253.540:169.247,263.170:177.010,273.541:183.542,287.395:193.229,294.046:186.564,298.542:180.289,295.606:173.922,298.583:174.490,302.782:177.268,,,,,,,,,,,,,,,,,,,,,,,,,,,,,,,,,,,,,,,,,,,,,,,,,,,,
72974->30732,256.201:151.742,250.837:157.263,244.948:162.321,239.844:158.207,233.022:153.415,222.971:147.010,213.369:138.991,197.616:127.354,194.916:125.425,185.207:118.610,172.199:111.308,,,,,,,,,,,,,,,,,,,,,,,,,,,,,,,,,,,,,,,,,,,,,,,,,,,,,
72974->31591,256.201:151.742,250.837:157.263,244.948:162.321,253.540:169.247,,,,,,,,,,,,,,,,,,,,,,,,,,,,,,,,,,,,,,,,,,,,,,,,,,,,,,,,,,,,
72974->32,256.201:151.742,250.837:157.263,244.948:162.321,239.844:158.207,234.423:166.563,233.788:176.485,234.820:180.374,239.106:185.931,,,,,,,,,,,,,,,,,,,,,,,,,,,,,,,,,,,,,,,,,,,,,,,,,,,,,,,,
72974->33,256.201:151.742,250.837:157.263,244.948:162.321,239.844:158.207,233.022:153.415,222.971:147.010,213.369:138.991,197.616:127.354,194.916:125.425,,,,,,,,,,,,,,,,,,,,,,,,,,,,,,,,,,,,,,,,,,,,,,,,,,,,,,,
72974->38321,256.201:151.742,250.837:157.263,244.948:162.321,253.540:169.247,263.170:177.010,273.541:183.542,266.015:190.376,259.506:196.964,261.770:199.201,264.577:200.838,265.934:202.619,264.693:203.237,264.143:205.369,261.236:210.021,258.781:213.446,261.914:216.256,265.242:218.679,,,,,,,,,,,,,,,,,,,,,,,,,,,,,,,,,,,,,,,,,,,,,,,
72974->41841,256.201:151.742,250.837:157.263,244.948:162.321,253.540:169.247,263.170:177.010,273.541:183.542,287.395:193.229,295.831:199.530,309.789:205.728,323.589:208.748,335.464:209.478,341.921:209.634,342.238:205.594,,,,,,,,,,,,,,,,,,,,,,,,,,,,,,,,,,,,,,,,,,,,,,,,,,,
72974->45476,256.201:151.742,250.837:157.263,244.948:162.321,253.540:169.247,263.170:177.010,273.541:183.542,287.395:193.229,294.046:186.564,298.542:180.289,295.606:173.922,298.583:174.490,302.782:177.268,304.882:179.465,,,,,,,,,,,,,,,,,,,,,,,,,,,,,,,,,,,,,,,,,,,,,,,,,,,
72974->48921,256.201:151.742,250.837:157.263,244.948:162.321,253.540:169.247,263.170:177.010,273.541:183.542,287.395:193.229,294.046:186.564,298.542:180.289,295.606:173.922,298.583:174.490,,,,,,,,,,,,,,,,,,,,,,,,,,,,,,,,,,,,,,,,,,,,,,,,,,,,,
72974->49,256.201:151.742,250.837:157.263,244.948:162.321,253.540:169.247,263.170:177.010,273.541:183.542,287.395:193.229,295.831:199.530,309.789:205.728,323.589:208.748,335.464:209.478,341.921:209.634,347.233:210.050,346.414:220.501,347.233:231.470,342.284:235.228,339.995:239.670,337.398:245.240,333.639:250.297,327.249:249.579,324.140:249.853,323.730:252.620,319.322:252.825,317.921:257.472,310.951:262.358,,,,,,,,,,,,,,,,,,,,,,,,,,,,,,,,,,,,,,,
72974->49081,256.201:151.742,259.065:147.524,262.142:140.680,255.137:140.236,248.338:138.117,242.392:134.598,240.449:129.276,,,,,,,,,,,,,,,,,,,,,,,,,,,,,,,,,,,,,,,,,,,,,,,,,,,,,,,,,
72974->5,256.201:151.742,250.837:157.263,244.948:162.321,253.540:169.247,263.170:177.010,273.541:183.542,287.395:193.229,,,,,,,,,,,,,,,,,,,,,,,,,,,,,,,,,,,,,,,,,,,,,,,,,,,,,,,,,
72974->51552,256.201:151.742,250.837:157.263,244.948:162.321,253.540:169.247,263.170:177.010,273.541:183.542,287.395:193.229,295.831:199.530,292.873:204.894,288.446:211.872,285.440:216.278,281.103:222.601,276.312:228.590,272.979:230.361,277.165:234.213,280.995:236.462,,,,,,,,,,,,,,,,,,,,,,,,,,,,,,,,,,,,,,,,,,,,,,,,
72974->51952,256.201:151.742,250.837:157.263,244.948:162.321,239.844:158.207,233.022:153.415,222.971:147.010,220.826:151.867,,,,,,,,,,,,,,,,,,,,,,,,,,,,,,,,,,,,,,,,,,,,,,,,,,,,,,,,,
72974->53940,256.201:151.742,259.065:147.524,262.142:140.680,269.223:140.680,273.596:142.477,278.802:146.350,279.519:149.801,284.986:152.808,,,,,,,,,,,,,,,,,,,,,,,,,,,,,,,,,,,,,,,,,,,,,,,,,,,,,,,,
72974->60368,256.201:151.742,250.837:157.263,244.948:162.321,253.540:169.247,263.170:177.010,273.541:183.542,266.015:190.376,259.506:196.964,,,,,,,,,,,,,,,,,,,,,,,,,,,,,,,,,,,,,,,,,,,,,,,,,,,,,,,,
72974->60450,256.201:151.742,250.837:157.263,244.948:162.321,239.844:158.207,233.022:153.415,,,,,,,,,,,,,,,,,,,,,,,,,,,,,,,,,,,,,,,,,,,,,,,,,,,,,,,,,,,
72974->60800,256.201:151.742,250.837:157.263,244.948:162.321,253.540:169.247,263.170:177.010,273.541:183.542,266.015:190.376,259.506:196.964,261.770:199.201,264.577:200.838,265.934:202.619,264.693:203.237,264.143:205.369,261.236:210.021,258.781:213.446,257.144:211.297,255.017:208.227,,,,,,,,,,,,,,,,,,,,,,,,,,,,,,,,,,,,,,,,,,,,,,,
72974->63927,256.201:151.742,259.065:147.524,262.142:140.680,255.137:140.236,248.338:138.117,242.392:134.598,,,,,,,,,,,,,,,,,,,,,,,,,,,,,,,,,,,,,,,,,,,,,,,,,,,,,,,,,,
72974->66,256.201:151.742,250.837:157.263,244.948:162.321,239.844:158.207,233.022:153.415,222.971:147.010,213.369:138.991,197.616:127.354,194.916:125.425,185.207:118.610,172.199:111.308,155.794:103.027,142.814:97.329,130.791:90.707,115.938:83.891,98.846:77.007,89.400:72.165,75.350:65.577,62.374:59.313,54.849:55.263,47.679:49.139,40.809:41.372,35.471:35.856,23.833:26.340,13.949:16.375,,,,,,,,,,,,,,,,,,,,,,,,,,,,,,,,,,,,,,,
72974->67916,256.201:151.742,250.837:157.263,244.948:162.321,253.540:169.247,263.170:177.010,273.541:183.542,287.395:193.229,295.831:199.530,309.789:205.728,323.589:208.748,335.464:209.478,341.921:209.634,342.238:205.594,339.156:200.382,337.035:194.274,337.420:188.101,340.700:181.672,344.595:175.542,347.193:169.199,349.637:164.698,356.323:163.798,,,,,,,,,,,,,,,,,,,,,,,,,,,,,,,,,,,,,,,,,,,
72974->69933,256.201:151.742,250.837:157.263,244.948:162.321,239.844:158.207,233.022:153.415,222.971:147.010,213.369:138.991,197.616:127.354,194.916:125.425,198.866:118.313,,,,,,,,,,,,,,,,,,,,,,,,,,,,,,,,,,,,,,,,,,,,,,,,,,,,,,
72974->71721,256.201:151.742,250.837:157.263,244.948:162.321,253.540:169.247,263.170:177.010,273.541:183.542,266.015:190.376,259.506:196.964,261.770:199.201,264.577:200.838,265.934:202.619,268.562:205.911,271.617:208.929,273.745:211.032,271.999:212.799,269.603:216.159,,,,,,,,,,,,,,,,,,,,,,,,,,,,,,,,,,,,,,,,,,,,,,,,
72974->74867,256.201:151.742,259.065:147.524,262.142:140.680,255.137:140.236,248.338:138.117,242.392:134.598,240.449:129.276,231.048:125.270,221.105:119.973,211.572:116.147,,,,,,,,,,,,,,,,,,,,,,,,,,,,,,,,,,,,,,,,,,,,,,,,,,,,,,
72974->75205,256.201:151.742,259.065:147.524,,,,,,,,,,,,,,,,,,,,,,,,,,,,,,,,,,,,,,,,,,,,,,,,,,,,,,,,,,,,,,
72974->79100,256.201:151.742,250.837:157.263,244.948:162.321,253.540:169.247,263.170:177.010,273.541:183.542,287.395:193.229,295.831:199.530,292.873:204.894,288.446:211.872,285.440:216.278,281.103:222.601,279.812:220.553,,,,,,,,,,,,,,,,,,,,,,,,,,,,,,,,,,,,,,,,,,,,,,,,,,,
72974->80124,256.201:151.742,250.837:157.263,244.948:162.321,253.540:169.247,263.170:177.010,273.541:183.542,287.395:193.229,294.046:186.564,298.542:180.289,295.606:173.922,293.252:166.883,,,,,,,,,,,,,,,,,,,,,,,,,,,,,,,,,,,,,,,,,,,,,,,,,,,,,
72974->8318,256.201:151.742,250.837:157.263,244.948:162.321,,,,,,,,,,,,,,,,,,,,,,,,,,,,,,,,,,,,,,,,,,,,,,,,,,,,,,,,,,,,,
72974->84,256.201:151.742,250.837:157.263,244.948:162.321,253.540:169.247,263.170:177.010,273.541:183.542,287.395:193.229,295.831:199.530,292.873:204.894,288.446:211.872,285.440:216.278,281.103:222.601,276.312:228.590,272.979:230.361,267.250:233.225,259.282:236.454,254.126:241.349,,,,,,,,,,,,,,,,,,,,,,,,,,,,,,,,,,,,,,,,,,,,,,,
72974->87392,256.201:151.742,250.837:157.263,244.948:162.321,239.844:158.207,233.022:153.415,222.971:147.010,213.369:138.991,,,,,,,,,,,,,,,,,,,,,,,,,,,,,,,,,,,,,,,,,,,,,,,,,,,,,,,,,
72974->88,256.201:151.742,250.837:157.263,244.948:162.321,253.540:169.247,263.170:177.010,273.541:183.542,287.395:193.229,295.831:199.530,309.789:205.728,323.589:208.748,335.464:209.478,341.921:209.634,347.233:210.050,362.972:211.453,376.773:212.234,,,,,,,,,,,,,,,,,,,,,,,,,,,,,,,,,,,,,,,,,,,,,,,,,
72974->89653,256.201:151.742,250.837:157.263,244.948:162.321,253.540:169.247,263.170:177.010,273.541:183.542,287.395:193.229,295.831:199.530,299.242:195.278,302.353:188.697,304.946:184.788,306.078:181.726,,,,,,,,,,,,,,,,,,,,,,,,,,,,,,,,,,,,,,,,,,,,,,,,,,,,
72974->9048,256.201:151.742,250.837:157.263,244.948:162.321,253.540:169.247,263.170:177.010,273.541:183.542,287.395:193.229,295.831:199.530,299.242:195.278,,,,,,,,,,,,,,,,,,,,,,,,,,,,,,,,,,,,,,,,,,,,,,,,,,,,,,,
72974->91020,256.201:151.742,250.837:157.263,244.948:162.321,253.540:169.247,263.170:177.010,273.541:183.542,287.395:193.229,295.831:199.530,309.789:205.728,323.589:208.748,335.464:209.478,341.921:209.634,347.233:210.050,362.972:211.453,,,,,,,,,,,,,,,,,,,,,,,,,,,,,,,,,,,,,,,,,,,,,,,,,,
72974->91297,256.201:151.742,250.837:157.263,244.948:162.321,253.540:169.247,263.170:177.010,273.541:183.542,287.395:193.229,295.831:199.530,292.873:204.894,288.446:211.872,285.440:216.278,281.103:222.601,276.312:228.590,272.979:230.361,277.165:234.213,280.995:236.462,284.216:236.645,290.842:240.474,,,,,,,,,,,,,,,,,,,,,,,,,,,,,,,,,,,,,,,,,,,,,,
72974->92,256.201:151.742,250.837:157.263,244.948:162.321,253.540:169.247,263.170:177.010,273.541:183.542,287.395:193.229,295.831:199.530,309.789:205.728,323.589:208.748,335.464:209.478,341.921:209.634,342.238:205.594,339.156:200.382,337.035:194.274,337.420:188.101,340.700:181.672,344.595:175.542,347.193:169.199,349.637:164.698,356.323:163.798,360.502:163.991,366.803:162.190,370.983:159.940,373.073:154.252,375.613:149.887,379.265:145.124,380.058:139.488,380.579:129.453,380.448:122.917,376.784:117.838,374.253:113.458,372.904:107.029,372.030:100.361,369.808:96.313,367.824:93.376,368.459:87.820,371.554:82.184,375.523:78.533,377.031:74.088,380.048:69.722,379.571:66.626,381.397:63.134,,,,,,,,,,,,,,,,,,,,,
72974->93162,256.201:151.742,250.837:157.263,244.948:162.321,239.844:158.207,233.022:153.415,222.971:147.010,213.369:138.991,197.616:127.354,,,,,,,,,,,,,,,,,,,,,,,,,,,,,,,,,,,,,,,,,,,,,,,,,,,,,,,,
72974->95,256.201:151.742,250.837:157.263,244.948:162.321,253.540:169.247,263.170:177.010,273.541:183.542,287.395:193.229,295.831:199.530,309.789:205.728,323.589:208.748,,,,,,,,,,,,,,,,,,,,,,,,,,,,,,,,,,,,,,,,,,,,,,,,,,,,,,
72974->96,256.201:151.742,250.837:157.263,244.948:162.321,239.844:158.207,233.022:153.415,222.971:147.010,213.369:138.991,197.616:127.354,194.916:125.425,185.207:118.610,172.199:111.308,155.794:103.027,142.814:97.329,130.791:90.707,115.938:83.891,98.846:77.007,89.400:72.165,75.350:65.577,62.374:59.313,,,,,,,,,,,,,,,,,,,,,,,,,,,,,,,,,,,,,,,,,,,,,
72974->99,256.201:151.742,250.837:157.263,244.948:162.321,239.844:158.207,,,,,,,,,,,,,,,,,,,,,,,,,,,,,,,,,,,,,,,,,,,,,,,,,,,,,,,,,,,,
73767->101,268.562:205.911,271.617:208.929,273.745:211.032,276.735:213.986,280.749:214.236,283.721:215.043,285.440:216.278,281.103:222.601,276.312:228.590,272.979:230.361,267.250:233.225,259.282:236.454,254.126:241.349,246.002:247.443,244.804:252.182,245.377:255.931,252.303:260.983,256.991:265.618,257.355:270.201,,,,,,,,,,,,,,,,,,,,,,,,,,,,,,,,,,,,,,,,,,,,,
73767->13,268.562:205.911,265.934:202.619,264.577:200.838,261.770:199.201,259.506:196.964,266.015:190.376,273.541:183.542,287.395:193.229,295.831:199.530,309.789:205.728,323.589:208.748,335.464:209.478,341.921:209.634,347.233:210.050,362.972:211.453,376.773:212.234,389.688:214.526,399.251:216.457,,,,,,,,,,,,,,,,,,,,,,,,,,,,,,,,,,,,,,,,,,,,,,
73767->13702,268.562:205.911,265.934:202.619,264.577:200.838,261.770:199.201,259.506:196.964,266.015:190.376,273.541:183.542,,,,,,,,,,,,,,,,,,,,,,,,,,,,,,,,,,,,,,,,,,,,,,,,,,,,,,,,,
73767->21444,268.562:205.911,265.934:202.619,264.577:200.838,261.770:199.201,259.506:196.964,266.015:190.376,273.541:183.542,263.170:177.010,253.540:169.247,244.948:162.321,250.837:157.263,,,,,,,,,,,,,,,,,,,,,,,,,,,,,,,,,,,,,,,,,,,,,,,,,,,,,
73767->22,268.562:205.911,265.934:202.619,264.577:200.838,261.770:199.201,259.506:196.964,266.015:190.376,273.541:183.542,263.170:177.010,253.540:169.247,244.948:162.321,239.844:158.207,233.022:153.415,222.971:147.010,213.369:138.991,216.992:130.220,221.105:119.973,211.572:116.147,202.551:111.363,205.899:103.487,,,,,,,,,,,,,,,,,,,,,,,,,,,,,,,,,,,,,,,,,,,,,
73767->23254,268.562:205.911,265.934:202.619,264.577:200.838,261.770:199.201,259.506:196.964,266.015:190.376,273.541:183.542,287.395:193.229,295.831:199.530,309.789:205.728,323.589:208.748,335.464:209.478,341.921:209.634,347.233:210.050,346.414:220.501,,,,,,,,,,,,,,,,,,,,,,,,,,,,,,,,,,,,,,,,,,,,,,,,,
73767->24817,268.562:205.911,265.934:202.619,264.577:200.838,261.770:199.201,259.506:196.964,266.015:190.376,273.541:183.542,287.395:193.229,295.831:199.530,309.789:205.728,323.589:208.748,335.464:209.478,,,,,,,,,,,,,,,,,,,,,,,,,,,,,,,,,,,,,,,,,,,,,,,,,,,,
73767->32,268.562:205.911,265.934:202.619,264.577:200.838,261.770:199.201,259.506:196.964,253.235:196.647,247.361:193.392,240.376:190.296,239.106:185.931,,,,,,,,,,,,,,,,,,,,,,,,,,,,,,,,,,,,,,,,,,,,,,,,,,,,,,,
73767->49,268.562:205.911,271.617:208.929,273.745:211.032,276.735:213.986,280.749:214.236,283.721:215.043,285.440:216.278,281.103:222.601,276.312:228.590,272.979:230.361,277.165:234.213,280.995:236.462,284.216:236.645,290.842:240.474,294.611:242.967,298.441:243.818,304.155:246.128,305.371:250.930,303.183:255.307,302.149:258.225,306.405:261.082,310.951:262.358,,,,,,,,,,,,,,,,,,,,,,,,,,,,,,,,,,,,,,,,,,
73767->49024,268.562:205.911,265.934:202.619,264.577:200.838,261.770:199.201,259.506:196.964,253.235:196.647,247.361:193.392,,,,,,,,,,,,,,,,,,,,,,,,,,,,,,,,,,,,,,,,,,,,,,,,,,,,,,,,,
73767->5,268.562:205.911,265.934:202.619,264.577:200.838,261.770:199.201,259.506:196.964,266.015:190.376,273.541:183.542,287.395:193.229,,,,,,,,,,,,,,,,,,,,,,,,,,,,,,,,,,,,,,,,,,,,,,,,,,,,,,,,
73767->50132,268.562:205.911,271.617:208.929,273.745:211.032,276.735:213.986,280.749:214.236,283.721:215.043,285.440:216.278,288.446:211.872,294.565:214.523,297.421:215.607,299.489:219.408,303.034:220.186,,,,,,,,,,,,,,,,,,,,,,,,,,,,,,,,,,,,,,,,,,,,,,,,,,,,
73767->51952,268.562:205.911,265.934:202.619,264.577:200.838,261.770:199.201,259.506:196.964,266.015:190.376,273.541:183.542,263.170:177.010,253.540:169.247,244.948:162.321,239.844:158.207,233.022:153.415,222.971:147.010,220.826:151.867,,,,,,,,,,,,,,,,,,,,,,,,,,,,,,,,,,,,,,,,,,,,,,,,,,
73767->52367,268.562:205.911,271.617:208.929,273.745:211.032,276.735:213.986,280.749:214.236,283.721:215.043,285.440:216.278,288.446:211.872,294.565:214.523,297.421:215.607,299.489:219.408,303.034:220.186,303.034:224.470,301.553:226.935,304.068:229.591,,,,,,,,,,,,,,,,,,,,,,,,,,,,,,,,,,,,,,,,,,,,,,,,,
73767->60378,268.562:205.911,265.934:202.619,264.577:200.838,261.770:199.201,259.506:196.964,253.235:196.647,,,,,,,,,,,,,,,,,,,,,,,,,,,,,,,,,,,,,,,,,,,,,,,,,,,,,,,,,,
73767->60450,268.562:205.911,265.934:202.619,264.577:200.838,261.770:199.201,259.506:196.964,266.015:190.376,273.541:183.542,263.170:177.010,253.540:169.247,244.948:162.321,239.844:158.207,233.022:153.415,,,,,,,,,,,,,,,,,,,,,,,,,,,,,,,,,,,,,,,,,,,,,,,,,,,,
73767->65385,268.562:205.911,271.617:208.929,273.745:211.032,276.735:213.986,280.749:214.236,283.721:215.043,285.440:216.278,288.446:211.872,294.565:214.523,297.421:215.607,299.489:219.408,,,,,,,,,,,,,,,,,,,,,,,,,,,,,,,,,,,,,,,,,,,,,,,,,,,,,
73767->67331,268.562:205.911,265.934:202.619,264.693:203.237,264.143:205.369,261.236:210.021,258.781:213.446,261.914:216.256,,,,,,,,,,,,,,,,,,,,,,,,,,,,,,,,,,,,,,,,,,,,,,,,,,,,,,,,,
73767->71721,268.562:205.911,271.617:208.929,273.745:211.032,271.999:212.799,269.603:216.159,,,,,,,,,,,,,,,,,,,,,,,,,,,,,,,,,,,,,,,,,,,,,,,,,,,,,,,,,,,
73767->80824,268.562:205.911,265.934:202.619,264.577:200.838,261.770:199.201,259.506:196.964,266.015:190.376,273.541:183.542,263.170:177.010,253.540:169.247,244.948:162.321,239.844:158.207,233.022:153.415,222.971:147.010,213.369:138.991,216.992:130.220,221.105:119.973,,,,,,,,,,,,,,,,,,,,,,,,,,,,,,,,,,,,,,,,,,,,,,,,
73767->8228,268.562:205.911,271.617:208.929,273.745:211.032,276.735:213.986,,,,,,,,,,,,,,,,,,,,,,,,,,,,,,,,,,,,,,,,,,,,,,,,,,,,,,,,,,,,
73767->88,268.562:205.911,265.934:202.619,264.577:200.838,261.770:199.201,259.506:196.964,266.015:190.376,273.541:183.542,287.395:193.229,295.831:199.530,309.789:205.728,323.589:208.748,335.464:209.478,341.921:209.634,347.233:210.050,362.972:211.453,376.773:212.234,,,,,,,,,,,,,,,,,,,,,,,,,,,,,,,,,,,,,,,,,,,,,,,,
73767->92,268.562:205.911,265.934:202.619,264.577:200.838,261.770:199.201,259.506:196.964,266.015:190.376,273.541:183.542,287.395:193.229,295.831:199.530,309.789:205.728,323.589:208.748,335.464:209.478,341.921:209.634,342.238:205.594,339.156:200.382,337.035:194.274,337.420:188.101,340.700:181.672,344.595:175.542,347.193:169.199,349.637:164.698,356.323:163.798,360.502:163.991,366.803:162.190,370.983:159.940,373.073:154.252,375.613:149.887,379.265:145.124,380.058:139.488,380.579:129.453,380.448:122.917,376.784:117.838,374.253:113.458,372.904:107.029,372.030:100.361,369.808:96.313,367.824:93.376,368.459:87.820,371.554:82.184,375.523:78.533,377.031:74.088,380.048:69.722,379.571:66.626,381.397:63.134,,,,,,,,,,,,,,,,,,,,
73767->95,268.562:205.911,265.934:202.619,264.577:200.838,261.770:199.201,259.506:196.964,266.015:190.376,273.541:183.542,287.395:193.229,295.831:199.530,309.789:205.728,323.589:208.748,,,,,,,,,,,,,,,,,,,,,,,,,,,,,,,,,,,,,,,,,,,,,,,,,,,,,
74523->120,372.904:107.029,374.253:113.458,376.784:117.838,380.448:122.917,380.579:129.453,380.058:139.488,379.265:145.124,375.613:149.887,373.073:154.252,370.983:159.940,366.803:162.190,360.502:163.991,356.323:163.798,349.637:164.698,347.193:169.199,344.595:175.542,340.700:181.672,337.420:188.101,337.035:194.274,339.156:200.382,342.238:205.594,341.921:209.634,335.464:209.478,323.589:208.748,309.789:205.728,295.831:199.530,287.395:193.229,294.046:186.564,298.542:180.289,295.606:173.922,293.252:166.883,292.512:160.225,289.702:155.541,284.986:152.808,279.519:149.801,,,,,,,,,,,,,,,,,,,,,,,,,,,,,
74523->22,372.904:107.029,374.253:113.458,376.784:117.838,380.448:122.917,380.579:129.453,380.058:139.488,379.265:145.124,375.613:149.887,373.073:154.252,370.983:159.940,366.803:162.190,360.502:163.991,356.323:163.798,349.637:164.698,347.193:169.199,344.595:175.542,340.700:181.672,337.420:188.101,337.035:194.274,339.156:200.382,342.238:205.594,341.921:209.634,335.464:209.478,323.589:208.748,309.789:205.728,295.831:199.530,287.395:193.229,273.541:183.542,263.170:177.010,253.540:169.247,244.948:162.321,239.844:158.207,233.022:153.415,222.971:147.010,213.369:138.991,216.992:130.220,221.105:119.973,211.572:116.147,202.551:111.363,205.899:103.487,,,,,,,,,,,,,,,,,,,,,,,,
74523->33,372.904:107.029,374.253:113.458,376.784:117.838,380.448:122.917,380.579:129.453,380.058:139.488,379.265:145.124,375.613:149.887,373.073:154.252,370.983:159.940,366.803:162.190,360.502:163.991,356.323:163.798,349.637:164.698,347.193:169.199,344.595:175.542,340.700:181.672,337.420:188.101,337.035:194.274,339.156:200.382,342.238:205.594,341.921:209.634,335.464:209.478,323.589:208.748,309.789:205.728,295.831:199.530,287.395:193.229,273.541:183.542,263.170:177.010,253.540:169.247,244.948:162.321,239.844:158.207,233.022:153.415,222.971:147.010,213.369:138.991,197.616:127.354,194.916:125.425,,,,,,,,,,,,,,,,,,,,,,,,,,,
74523->84,372.904:107.029,374.253:113.458,376.784:117.838,380.448:122.917,380.579:129.453,380.058:139.488,379.265:145.124,375.613:149.887,373.073:154.252,370.983:159.940,366.803:162.190,360.502:163.991,356.323:163.798,349.637:164.698,347.193:169.199,344.595:175.542,340.700:181.672,337.420:188.101,337.035:194.274,339.156:200.382,342.238:205.594,341.921:209.634,335.464:209.478,323.589:208.748,309.789:205.728,295.831:199.530,292.873:204.894,288.446:211.872,285.440:216.278,281.103:222.601,276.312:228.590,272.979:230.361,267.250:233.225,259.282:236.454,254.126:241.349,,,,,,,,,,,,,,,,,,,,,,,,,,,,,
74523->95,372.904:107.029,374.253:113.458,376.784:117.838,380.448:122.917,380.579:129.453,380.058:139.488,379.265:145.124,375.613:149.887,373.073:154.252,370.983:159.940,366.803:162.190,360.502:163.991,356.323:163.798,349.637:164.698,347.193:169.199,344.595:175.542,340.700:181.672,337.420:188.101,337.035:194.274,339.156:200.382,342.238:205.594,341.921:209.634,335.464:209.478,323.589:208.748,,,,,,,,,,,,,,,,,,,,,,,,,,,,,,,,,,,,,,,,
74867->105,211.572:116.147,202.551:111.363,198.866:118.313,194.916:125.425,185.207:118.610,172.199:111.308,155.794:103.027,142.814:97.329,,,,,,,,,,,,,,,,,,,,,,,,,,,,,,,,,,,,,,,,,,,,,,,,,,,,,,,,
74867->120,211.572:116.147,221.105:119.973,231.048:125.270,240.449:129.276,242.392:134.598,248.338:138.117,255.137:140.236,262.142:140.680,269.223:140.680,273.596:142.477,278.802:146.350,279.519:149.801,,,,,,,,,,,,,,,,,,,,,,,,,,,,,,,,,,,,,,,,,,,,,,,,,,,,
74867->13568,211.572:116.147,221.105:119.973,216.992:130.220,,,,,,,,,,,,,,,,,,,,,,,,,,,,,,,,,,,,,,,,,,,,,,,,,,,,,,,,,,,,,
74867->14382,211.572:116.147,202.551:111.363,198.866:118.313,194.916:125.425,197.616:127.354,195.119:131.075,192.341:136.632,189.811:140.721,,,,,,,,,,,,,,,,,,,,,,,,,,,,,,,,,,,,,,,,,,,,,,,,,,,,,,,,
74867->21444,211.572:116.147,221.105:119.973,216.992:130.220,213.369:138.991,222.971:147.010,233.022:153.415,239.844:158.207,244.948:162.321,250.837:157.263,,,,,,,,,,,,,,,,,,,,,,,,,,,,,,,,,,,,,,,,,,,,,,,,,,,,,,,
74867->22,211.572:116.147,202.551:111.363,205.899:103.487,,,,,,,,,,,,,,,,,,,,,,,,,,,,,,,,,,,,,,,,,,,,,,,,,,,,,,,,,,,,,
74867->2344,211.572:116.147,221.105:119.973,216.992:130.220,213.369:138.991,222.971:147.010,233.022:153.415,239.844:158.207,244.948:162.321,253.540:169.247,263.170:177.010,,,,,,,,,,,,,,,,,,,,,,,,,,,,,,,,,,,,,,,,,,,,,,,,,,,,,,
74867->32,211.572:116.147,221.105:119.973,216.992:130.220,213.369:138.991,222.971:147.010,233.022:153.415,239.844:158.207,234.423:166.563,233.788:176.485,234.820:180.374,239.106:185.931,,,,,,,,,,,,,,,,,,,,,,,,,,,,,,,,,,,,,,,,,,,,,,,,,,,,,
74867->33,211.572:116.147,202.551:111.363,198.866:118.313,194.916:125.425,,,,,,,,,,,,,,,,,,,,,,,,,,,,,,,,,,,,,,,,,,,,,,,,,,,,,,,,,,,,
74867->48921,211.572:116.147,221.105:119.973,216.992:130.220,213.369:138.991,222.971:147.010,233.022:153.415,239.844:158.207,244.948:162.321,253.540:169.247,263.170:177.010,273.541:183.542,287.395:193.229,294.046:186.564,298.542:180.289,295.606:173.922,298.583:174.490,,,,,,,,,,,,,,,,,,,,,,,,,,,,,,,,,,,,,,,,,,,,,,,,
74867->54272,211.572:116.147,202.551:111.363,,,,,,,,,,,,,,,,,,,,,,,,,,,,,,,,,,,,,,,,,,,,,,,,,,,,,,,,,,,,,,
74867->60450,211.572:116.147,221.105:119.973,216.992:130.220,213.369:138.991,222.971:147.010,233.022:153.415,,,,,,,,,,,,,,,,,,,,,,,,,,,,,,,,,,,,,,,,,,,,,,,,,,,,,,,,,,
74867->63927,211.572:116.147,221.105:119.973,231.048:125.270,240.449:129.276,242.392:134.598,,,,,,,,,,,,,,,,,,,,,,,,,,,,,,,,,,,,,,,,,,,,,,,,,,,,,,,,,,,
74867->69762,211.572:116.147,221.105:119.973,231.048:125.270,240.449:129.276,242.392:134.598,248.338:138.117,255.137:140.236,,,,,,,,,,,,,,,,,,,,,,,,,,,,,,,,,,,,,,,,,,,,,,,,,,,,,,,,,
74867->72974,211.572:116.147,221.105:119.973,231.048:125.270,240.449:129.276,242.392:134.598,248.338:138.117,255.137:140.236,262.142:140.680,259.065:147.524,256.201:151.742,,,,,,,,,,,,,,,,,,,,,,,,,,,,,,,,,,,,,,,,,,,,,,,,,,,,,,
74867->8318,211.572:116.147,221.105:119.973,216.992:130.220,213.369:138.991,222.971:147.010,233.022:153.415,239.844:158.207,244.948:162.321,,,,,,,,,,,,,,,,,,,,,,,,,,,,,,,,,,,,,,,,,,,,,,,,,,,,,,,,
74867->87392,211.572:116.147,221.105:119.973,216.992:130.220,213.369:138.991,,,,,,,,,,,,,,,,,,,,,,,,,,,,,,,,,,,,,,,,,,,,,,,,,,,,,,,,,,,,
74867->99,211.572:116.147,221.105:119.973,216.992:130.220,213.369:138.991,222.971:147.010,233.022:153.415,239.844:158.207,,,,,,,,,,,,,,,,,,,,,,,,,,,,,,,,,,,,,,,,,,,,,,,,,,,,,,,,,
75205->105,259.065:147.524,256.201:151.742,250.837:157.263,244.948:162.321,239.844:158.207,233.022:153.415,222.971:147.010,213.369:138.991,197.616:127.354,194.916:125.425,185.207:118.610,172.199:111.308,155.794:103.027,142.814:97.329,,,,,,,,,,,,,,,,,,,,,,,,,,,,,,,,,,,,,,,,,,,,,,,,,,
75205->11404,259.065:147.524,256.201:151.742,250.837:157.263,244.948:162.321,253.540:169.247,263.170:177.010,273.541:183.542,287.395:193.229,294.046:186.564,298.542:180.289,295.606:173.922,,,,,,,,,,,,,,,,,,,,,,,,,,,,,,,,,,,,,,,,,,,,,,,,,,,,,
75205->11881,259.065:147.524,256.201:151.742,250.837:157.263,244.948:162.321,239.844:158.207,233.022:153.415,222.971:147.010,,,,,,,,,,,,,,,,,,,,,,,,,,,,,,,,,,,,,,,,,,,,,,,,,,,,,,,,,
75205->120,259.065:147.524,262.142:140.680,269.223:140.680,273.596:142.477,278.802:146.350,279.519:149.801,,,,,,,,,,,,,,,,,,,,,,,,,,,,,,,,,,,,,,,,,,,,,,,,,,,,,,,,,,
75205->13,259.065:147.524,256.201:151.742,250.837:157.263,244.948:162.321,253.540:169.247,263.170:177.010,273.541:183.542,287.395:193.229,295.831:199.530,309.789:205.728,323.589:208.748,335.464:209.478,341.921:209.634,347.233:210.050,362.972:211.453,376.773:212.234,389.688:214.526,399.251:216.457,,,,,,,,,,,,,,,,,,,,,,,,,,,,,,,,,,,,,,,,,,,,,,
75205->13568,259.065:147.524,262.142:140.680,255.137:140.236,248.338:138.117,242.392:134.598,240.449:129.276,231.048:125.270,221.105:119.973,216.992:130.220,,,,,,,,,,,,,,,,,,,,,,,,,,,,,,,,,,,,,,,,,,,,,,,,,,,,,,,
75205->13702,259.065:147.524,256.201:151.742,250.837:157.263,244.948:162.321,253.540:169.247,263.170:177.010,273.541:183.542,,,,,,,,,,,,,,,,,,,,,,,,,,,,,,,,,,,,,,,,,,,,,,,,,,,,,,,,,
75205->14185,259.065:147.524,256.201:151.742,250.837:157.263,244.948:162.321,253.540:169.247,263.170:177.010,273.541:183.542,287.395:193.229,295.831:199.530,299.242:195.278,302.353:188.697,304.946:184.788,,,,,,,,,,,,,,,,,,,,,,,,,,,,,,,,,,,,,,,,,,,,,,,,,,,,
75205->2344,259.065:147.524,256.201:151.742,250.837:157.263,244.948:162.321,253.540:169.247,263.170:177.010,,,,,,,,,,,,,,,,,,,,,,,,,,,,,,,,,,,,,,,,,,,,,,,,,,,,,,,,,,
75205->2505,259.065:147.524,256.201:151.742,250.837:157.263,244.948:162.321,253.540:169.247,263.170:177.010,273.541:183.542,287.395:193.229,295.831:199.530,292.873:204.894,288.446:211.872,285.440:216.278,283.721:215.043,,,,,,,,,,,,,,,,,,,,,,,,,,,,,,,,,,,,,,,,,,,,,,,,,,,
75205->28385,259.065:147.524,256.201:151.742,250.837:157.263,244.948:162.321,253.540:169.247,263.170:177.010,273.541:183.542,287.395:193.229,295.831:199.530,309.789:205.728,323.589:208.748,335.464:209.478,341.921:209.634,342.238:205.594,339.156:200.382,337.035:194.274,,,,,,,,,,,,,,,,,,,,,,,,,,,,,,,,,,,,,,,,,,,,,,,,
75205->29250,259.065:147.524,262.142:140.680,269.223:140.680,273.596:142.477,278.802:146.350,279.519:149.801,284.986:152.808,289.702:155.541,292.512:160.225,293.252:166.883,295.606:173.922,298.583:174.490,302.782:177.268,,,,,,,,,,,,,,,,,,,,,,,,,,,,,,,,,,,,,,,,,,,,,,,,,,,
75205->30620,259.065:147.524,256.201:151.742,250.837:157.263,244.948:162.321,253.540:169.247,263.170:177.010,273.541:183.542,287.395:193.229,295.831:199.530,309.789:205.728,323.589:208.748,335.464:209.478,341.921:209.634,342.238:205.594,339.156:200.382,,,,,,,,,,,,,,,,,,,,,,,,,,,,,,,,,,,,,,,,,,,,,,,,,
75205->31591,259.065:147.524,256.201:151.742,250.837:157.263,244.948:162.321,253.540:169.247,,,,,,,,,,,,,,,,,,,,,,,,,,,,,,,,,,,,,,,,,,,,,,,,,,,,,,,,,,,
75205->32,259.065:147.524,256.201:151.742,250.837:157.263,244.948:162.321,239.844:158.207,234.423:166.563,233.788:176.485,234.820:180.374,239.106:185.931,,,,,,,,,,,,,,,,,,,,,,,,,,,,,,,,,,,,,,,,,,,,,,,,,,,,,,,
75205->33,259.065:147.524,256.201:151.742,250.837:157.263,244.948:162.321,239.844:158.207,233.022:153.415,222.971:147.010,213.369:138.991,197.616:127.354,194.916:125.425,,,,,,,,,,,,,,,,,,,,,,,,,,,,,,,,,,,,,,,,,,,,,,,,,,,,,,
75205->53940,259.065:147.524,262.142:140.680,269.223:140.680,273.596:142.477,278.802:146.350,279.519:149.801,284.986:152.808,,,,,,,,,,,,,,,,,,,,,,,,,,,,,,,,,,,,,,,,,,,,,,,,,,,,,,,,,
75205->64018,259.065:147.524,256.201:151.742,250.837:157.263,244.948:162.321,253.540:169.247,263.170:177.010,273.541:183.542,287.395:193.229,294.046:186.564,,,,,,,,,,,,,,,,,,,,,,,,,,,,,,,,,,,,,,,,,,,,,,,,,,,,,,,
75205->68566,259.065:147.524,256.201:151.742,250.837:157.263,244.948:162.321,253.540:169.247,263.170:177.010,273.541:183.542,287.395:193.229,295.831:199.530,292.873:204.894,288.446:211.872,285.440:216.278,281.103:222.601,276.312:228.590,272.979:230.361,267.250:233.225,259.282:236.454,254.126:241.349,246.002:247.443,244.804:252.182,245.377:255.931,252.303:260.983,,,,,,,,,,,,,,,,,,,,,,,,,,,,,,,,,,,,,,,,,,
75205->71721,259.065:147.524,256.201:151.742,250.837:157.263,244.948:162.321,253.540:169.247,263.170:177.010,273.541:183.542,266.015:190.376,259.506:196.964,261.770:199.201,264.577:200.838,265.934:202.619,268.562:205.911,271.617:208.929,273.745:211.032,271.999:212.799,269.603:216.159,,,,,,,,,,,,,,,,,,,,,,,,,,,,,,,,,,,,,,,,,,,,,,,
75205->72974,259.065:147.524,256.201:151.742,,,,,,,,,,,,,,,,,,,,,,,,,,,,,,,,,,,,,,,,,,,,,,,,,,,,,,,,,,,,,,
75205->80124,259.065:147.524,262.142:140.680,269.223:140.680,273.596:142.477,278.802:146.350,279.519:149.801,284.986:152.808,289.702:155.541,292.512:160.225,293.252:166.883,,,,,,,,,,,,,,,,,,,,,,,,,,,,,,,,,,,,,,,,,,,,,,,,,,,,,,
75205->87392,259.065:147.524,256.201:151.742,250.837:157.263,244.948:162.321,239.844:158.207,233.022:153.415,222.971:147.010,213.369:138.991,,,,,,,,,,,,,,,,,,,,,,,,,,,,,,,,,,,,,,,,,,,,,,,,,,,,,,,,
75205->88,259.065:147.524,256.201:151.742,250.837:157.263,244.948:162.321,253.540:169.247,263.170:177.010,273.541:183.542,287.395:193.229,295.831:199.530,309.789:205.728,323.589:208.748,335.464:209.478,341.921:209.634,347.233:210.050,362.972:211.453,376.773:212.234,,,,,,,,,,,,,,,,,,,,,,,,,,,,,,,,,,,,,,,,,,,,,,,,
75205->9048,259.065:147.524,256.201:151.742,250.837:157.263,244.948:162.321,253.540:169.247,263.170:177.010,273.541:183.542,287.395:193.229,295.831:199.530,299.242:195.278,,,,,,,,,,,,,,,,,,,,,,,,,,,,,,,,,,,,,,,,,,,,,,,,,,,,,,
75205->95,259.065:147.524,256.201:151.742,250.837:157.263,244.948:162.321,253.540:169.247,263.170:177.010,273.541:183.542,287.395:193.229,295.831:199.530,309.789:205.728,323.589:208.748,,,,,,,,,,,,,,,,,,,,,,,,,,,,,,,,,,,,,,,,,,,,,,,,,,,,,
75205->99,259.065:147.524,256.201:151.742,250.837:157.263,244.948:162.321,239.844:158.207,,,,,,,,,,,,,,,,,,,,,,,,,,,,,,,,,,,,,,,,,,,,,,,,,,,,,,,,,,,
75646->43270,360.502:163.991,356.323:163.798,349.637:164.698,347.193:169.199,344.595:175.542,340.700:181.672,337.420:188.101,337.035:194.274,339.156:200.382,342.238:205.594,341.921:209.634,335.464:209.478,323.589:208.748,309.789:205.728,295.831:199.530,287.395:193.229,273.541:183.542,263.170:177.010,253.540:169.247,244.948:162.321,250.837:157.263,256.201:151.742,259.065:147.524,262.142:140.680,255.137:140.236,248.338:138.117,242.392:134.598,240.449:129.276,241.499:125.514,243.600:117.709,,,,,,,,,,,,,,,,,,,,,,,,,,,,,,,,,,
75646->74523,360.502:163.991,366.803:162.190,370.983:159.940,373.073:154.252,375.613:149.887,379.265:145.124,380.058:139.488,380.579:129.453,380.448:122.917,376.784:117.838,374.253:113.458,372.904:107.029,,,,,,,,,,,,,,,,,,,,,,,,,,,,,,,,,,,,,,,,,,,,,,,,,,,,
75646->91020,360.502:163.991,366.803:162.190,370.983:159.940,373.541:164.692,374.094:172.594,370.983:179.262,368.141:182.992,367.109:189.263,370.983:196.328,376.158:201.725,377.269:207.599,376.773:212.234,362.972:211.453,,,,,,,,,,,,,,,,,,,,,,,,,,,,,,,,,,,,,,,,,,,,,,,,,,,
75646->92,360.502:163.991,366.803:162.190,370.983:159.940,373.073:154.252,375.613:149.887,379.265:145.124,380.058:139.488,380.579:129.453,380.448:122.917,376.784:117.838,374.253:113.458,372.904:107.029,372.030:100.361,369.808:96.313,367.824:93.376,368.459:87.820,371.554:82.184,375.523:78.533,377.031:74.088,380.048:69.722,379.571:66.626,381.397:63.134,,,,,,,,,,,,,,,,,,,,,,,,,,,,,,,,,,,,,,,,,,
76205->105,380.058:139.488,379.265:145.124,375.613:149.887,373.073:154.252,370.983:159.940,366.803:162.190,360.502:163.991,356.323:163.798,349.637:164.698,347.193:169.199,344.595:175.542,340.700:181.672,337.420:188.101,337.035:194.274,339.156:200.382,342.238:205.594,341.921:209.634,335.464:209.478,323.589:208.748,309.789:205.728,295.831:199.530,287.395:193.229,273.541:183.542,263.170:177.010,253.540:169.247,244.948:162.321,239.844:158.207,233.022:153.415,222.971:147.010,213.369:138.991,197.616:127.354,194.916:125.425,185.207:118.610,172.199:111.308,155.794:103.027,142.814:97.329,,,,,,,,,,,,,,,,,,,,,,,,,,,,
76205->13,380.058:139.488,379.265:145.124,375.613:149.887,373.073:154.252,370.983:159.940,373.541:164.692,374.094:172.594,370.983:179.262,368.141:182.992,367.109:189.263,370.983:196.328,376.158:201.725,377.269:207.599,376.773:212.234,389.688:214.526,399.251:216.457,,,,,,,,,,,,,,,,,,,,,,,,,,,,,,,,,,,,,,,,,,,,,,,,
76205->22,380.058:139.488,379.265:145.124,375.613:149.887,373.073:154.252,370.983:159.940,366.803:162.190,360.502:163.991,356.323:163.798,349.637:164.698,347.193:169.199,344.595:175.542,340.700:181.672,337.420:188.101,337.035:194.274,339.156:200.382,342.238:205.594,341.921:209.634,335.464:209.478,323.589:208.748,309.789:205.728,295.831:199.530,287.395:193.229,273.541:183.542,263.170:177.010,253.540:169.247,244.948:162.321,239.844:158.207,233.022:153.415,222.971:147.010,213.369:138.991,216.992:130.220,221.105:119.973,211.572:116.147,202.551:111.363,205.899:103.487,,,,,,,,,,,,,,,,,,,,,,,,,,,,,
76205->24143,380.058:139.488,379.265:145.124,375.613:149.887,373.073:154.252,370.983:159.940,373.541:164.692,374.094:172.594,,,,,,,,,,,,,,,,,,,,,,,,,,,,,,,,,,,,,,,,,,,,,,,,,,,,,,,,,
76205->26858,380.058:139.488,379.265:145.124,375.613:149.887,373.073:154.252,370.983:159.940,373.541:164.692,374.094:172.594,370.983:179.262,368.141:182.992,367.109:189.263,370.983:196.328,376.158:201.725,377.269:207.599,376.773:212.234,362.972:211.453,347.233:210.050,,,,,,,,,,,,,,,,,,,,,,,,,,,,,,,,,,,,,,,,,,,,,,,,
76205->32446,380.058:139.488,379.265:145.124,375.613:149.887,373.073:154.252,370.983:159.940,366.803:162.190,360.502:163.991,356.323:163.798,349.637:164.698,347.193:169.199,344.595:175.542,340.700:181.672,337.420:188.101,337.035:194.274,339.156:200.382,342.238:205.594,341.921:209.634,335.464:209.478,323.589:208.748,309.789:205.728,307.614:210.781,303.921:217.527,303.034:220.186,303.034:224.470,301.553:226.935,,,,,,,,,,,,,,,,,,,,,,,,,,,,,,,,,,,,,,,
76205->43270,380.058:139.488,379.265:145.124,375.613:149.887,373.073:154.252,370.983:159.940,366.803:162.190,360.502:163.991,356.323:163.798,349.637:164.698,347.193:169.199,344.595:175.542,340.700:181.672,337.420:188.101,337.035:194.274,339.156:200.382,342.238:205.594,341.921:209.634,335.464:209.478,323.589:208.748,309.789:205.728,295.831:199.530,287.395:193.229,273.541:183.542,263.170:177.010,253.540:169.247,244.948:162.321,250.837:157.263,256.201:151.742,259.065:147.524,262.142:140.680,255.137:140.236,248.338:138.117,242.392:134.598,240.449:129.276,241.499:125.514,243.600:117.709,,,,,,,,,,,,,,,,,,,,,,,,,,,,
76205->44615,380.058:139.488,379.265:145.124,375.613:149.887,373.073:154.252,370.983:159.940,366.803:162.190,360.502:163.991,356.323:163.798,349.637:164.698,347.193:169.199,344.595:175.542,340.700:181.672,337.420:188.101,337.035:194.274,339.156:200.382,342.238:205.594,341.921:209.634,335.464:209.478,323.589:208.748,309.789:205.728,,,,,,,,,,,,,,,,,,,,,,,,,,,,,,,,,,,,,,,,,,,,
76205->49,380.058:139.488,379.265:145.124,375.613:149.887,373.073:154.252,370.983:159.940,373.541:164.692,374.094:172.594,370.983:179.262,368.141:182.992,367.109:189.263,370.983:196.328,376.158:201.725,377.269:207.599,376.773:212.234,362.972:211.453,347.233:210.050,346.414:220.501,347.233:231.470,342.284:235.228,339.995:239.670,337.398:245.240,333.639:250.297,327.249:249.579,324.140:249.853,323.730:252.620,319.322:252.825,317.921:257.472,310.951:262.358,,,,,,,,,,,,,,,,,,,,,,,,,,,,,,,,,,,,
76205->5,380.058:139.488,379.265:145.124,375.613:149.887,373.073:154.252,370.983:159.940,366.803:162.190,360.502:163.991,356.323:163.798,349.637:164.698,347.193:169.199,344.595:175.542,340.700:181.672,337.420:188.101,337.035:194.274,339.156:200.382,342.238:205.594,341.921:209.634,335.464:209.478,323.589:208.748,309.789:205.728,295.831:199.530,287.395:193.229,,,,,,,,,,,,,,,,,,,,,,,,,,,,,,,,,,,,,,,,,,
76205->79694,380.058:139.488,379.265:145.124,375.613:149.887,373.073:154.252,370.983:159.940,373.541:164.692,374.094:172.594,370.983:179.262,368.141:182.992,367.109:189.263,370.983:196.328,376.158:201.725,377.269:207.599,376.773:212.234,362.972:211.453,347.233:210.050,346.414:220.501,347.233:231.470,342.284:235.228,339.995:239.670,333.435:238.898,326.689:238.012,318.762:234.171,313.670:231.954,,,,,,,,,,,,,,,,,,,,,,,,,,,,,,,,,,,,,,,,
76205->8318,380.058:139.488,379.265:145.124,375.613:149.887,373.073:154.252,370.983:159.940,366.803:162.190,360.502:163.991,356.323:163.798,349.637:164.698,347.193:169.199,344.595:175.542,340.700:181.672,337.420:188.101,337.035:194.274,339.156:200.382,342.238:205.594,341.921:209.634,335.464:209.478,323.589:208.748,309.789:205.728,295.831:199.530,287.395:193.229,273.541:183.542,263.170:177.010,253.540:169.247,244.948:162.321,,,,,,,,,,,,,,,,,,,,,,,,,,,,,,,,,,,,,,
76205->84,380.058:139.488,379.265:145.124,375.613:149.887,373.073:154.252,370.983:159.940,366.803:162.190,360.502:163.991,356.323:163.798,349.637:164.698,347.193:169.199,344.595:175.542,340.700:181.672,337.420:188.101,337.035:194.274,339.156:200.382,342.238:205.594,341.921:209.634,335.464:209.478,323.589:208.748,309.789:205.728,295.831:199.530,292.873:204.894,288.446:211.872,285.440:216.278,281.103:222.601,276.312:228.590,272.979:230.361,267.250:233.225,259.282:236.454,254.126:241.349,,,,,,,,,,,,,,,,,,,,,,,,,,,,,,,,,,
76205->85873,380.058:139.488,379.265:145.124,375.613:149.887,373.073:154.252,370.983:159.940,373.541:164.692,374.094:172.594,370.983:179.262,368.141:182.992,367.109:189.263,370.983:196.328,376.158:201.725,377.269:207.599,376.773:212.234,362.972:211.453,347.233:210.050,346.414:220.501,347.233:231.470,342.284:235.228,339.995:239.670,333.435:238.898,326.689:238.012,,,,,,,,,,,,,,,,,,,,,,,,,,,,,,,,,,,,,,,,,,
76205->88,380.058:139.488,379.265:145.124,375.613:149.887,373.073:154.252,370.983:159.940,373.541:164.692,374.094:172.594,370.983:179.262,368.141:182.992,367.109:189.263,370.983:196.328,376.158:201.725,377.269:207.599,376.773:212.234,,,,,,,,,,,,,,,,,,,,,,,,,,,,,,,,,,,,,,,,,,,,,,,,,,
76205->9048,380.058:139.488,379.265:145.124,375.613:149.887,373.073:154.252,370.983:159.940,366.803:162.190,360.502:163.991,356.323:163.798,349.637:164.698,347.193:169.199,344.595:175.542,340.700:181.672,337.420:188.101,337.035:194.274,339.156:200.382,342.238:205.594,341.921:209.634,335.464:209.478,323.589:208.748,309.789:205.728,295.831:199.530,299.242:195.278,,,,,,,,,,,,,,,,,,,,,,,,,,,,,,,,,,,,,,,,,,
76205->91020,380.058:139.488,379.265:145.124,375.613:149.887,373.073:154.252,370.983:159.940,373.541:164.692,374.094:172.594,370.983:179.262,368.141:182.992,367.109:189.263,370.983:196.328,376.158:201.725,377.269:207.599,376.773:212.234,362.972:211.453,,,,,,,,,,,,,,,,,,,,,,,,,,,,,,,,,,,,,,,,,,,,,,,,,
76205->92,380.058:139.488,380.579:129.453,380.448:122.917,376.784:117.838,374.253:113.458,372.904:107.029,372.030:100.361,369.808:96.313,367.824:93.376,368.459:87.820,371.554:82.184,375.523:78.533,377.031:74.088,380.048:69.722,379.571:66.626,381.397:63.134,,,,,,,,,,,,,,,,,,,,,,,,,,,,,,,,,,,,,,,,,,,,,,,,
76205->95,380.058:139.488,379.265:145.124,375.613:149.887,373.073:154.252,370.983:159.940,366.803:162.190,360.502:163.991,356.323:163.798,349.637:164.698,347.193:169.199,344.595:175.542,340.700:181.672,337.420:188.101,337.035:194.274,339.156:200.382,342.238:205.594,341.921:209.634,335.464:209.478,323.589:208.748,,,,,,,,,,,,,,,,,,,,,,,,,,,,,,,,,,,,,,,,,,,,,
76205->97999,380.058:139.488,379.265:145.124,375.613:149.887,373.073:154.252,370.983:159.940,373.541:164.692,374.094:172.594,370.983:179.262,368.141:182.992,367.109:189.263,370.983:196.328,376.158:201.725,377.269:207.599,376.773:212.234,362.972:211.453,347.233:210.050,346.414:220.501,347.233:231.470,342.284:235.228,339.995:239.670,333.435:238.898,326.689:238.012,318.762:234.171,,,,,,,,,,,,,,,,,,,,,,,,,,,,,,,,,,,,,,,,,
77272->105,277.165:234.213,272.979:230.361,276.312:228.590,281.103:222.601,285.440:216.278,288.446:211.872,292.873:204.894,295.831:199.530,287.395:193.229,273.541:183.542,263.170:177.010,253.540:169.247,244.948:162.321,239.844:158.207,233.022:153.415,222.971:147.010,213.369:138.991,197.616:127.354,194.916:125.425,185.207:118.610,172.199:111.308,155.794:103.027,142.814:97.329,,,,,,,,,,,,,,,,,,,,,,,,,,,,,,,,,,,,,,,,,
77272->58365,277.165:234.213,272.979:230.361,276.312:228.590,281.103:222.601,285.440:216.278,283.721:215.043,280.749:214.236,276.735:213.986,273.745:211.032,271.617:208.929,,,,,,,,,,,,,,,,,,,,,,,,,,,,,,,,,,,,,,,,,,,,,,,,,,,,,,
77272->73767,277.165:234.213,272.979:230.361,276.312:228.590,281.103:222.601,285.440:216.278,283.721:215.043,280.749:214.236,276.735:213.986,273.745:211.032,271.617:208.929,268.562:205.911,,,,,,,,,,,,,,,,,,,,,,,,,,,,,,,,,,,,,,,,,,,,,,,,,,,,,
77272->8318,277.165:234.213,272.979:230.361,276.312:228.590,281.103:222.601,285.440:216.278,288.446:211.872,292.873:204.894,295.831:199.530,287.395:193.229,273.541:183.542,263.170:177.010,253.540:169.247,244.948:162.321,,,,,,,,,,,,,,,,,,,,,,,,,,,,,,,,,,,,,,,,,,,,,,,,,,,
77272->96372,277.165:234.213,272.979:230.361,276.312:228.590,281.103:222.601,285.440:216.278,288.446:211.872,292.873:204.894,295.831:199.530,287.395:193.229,273.541:183.542,263.170:177.010,253.540:169.247,244.948:162.321,239.844:158.207,233.022:153.415,222.971:147.010,220.826:151.867,218.561:155.067,,,,,,,,,,,,,,,,,,,,,,,,,,,,,,,,,,,,,,,,,,,,,,
78028->22,273.745:211.032,271.617:208.929,268.562:205.911,265.934:202.619,264.577:200.838,261.770:199.201,259.506:196.964,266.015:190.376,273.541:183.542,263.170:177.010,253.540:169.247,244.948:162.321,239.844:158.207,233.022:153.415,222.971:147.010,213.369:138.991,216.992:130.220,221.105:119.973,211.572:116.147,202.551:111.363,205.899:103.487,,,,,,,,,,,,,,,,,,,,,,,,,,,,,,,,,,,,,,,,,,,
78028->26858,273.745:211.032,276.735:213.986,280.749:214.236,283.721:215.043,285.440:216.278,288.446:211.872,292.873:204.894,295.831:199.530,309.789:205.728,323.589:208.748,335.464:209.478,341.921:209.634,347.233:210.050,,,,,,,,,,,,,,,,,,,,,,,,,,,,,,,,,,,,,,,,,,,,,,,,,,,
78028->92,273.745:211.032,276.735:213.986,280.749:214.236,283.721:215.043,285.440:216.278,288.446:211.872,292.873:204.894,295.831:199.530,309.789:205.728,323.589:208.748,335.464:209.478,341.921:209.634,342.238:205.594,339.156:200.382,337.035:194.274,337.420:188.101,340.700:181.672,344.595:175.542,347.193:169.199,349.637:164.698,356.323:163.798,360.502:163.991,366.803:162.190,370.983:159.940,373.073:154.252,375.613:149.887,379.265:145.124,380.058:139.488,380.579:129.453,380.448:122.917,376.784:117.838,374.253:113.458,372.904:107.029,372.030:100.361,369.808:96.313,367.824:93.376,368.459:87.820,371.554:82.184,375.523:78.533,377.031:74.088,380.048:69.722,379.571:66.626,381.397:63.134,,,,,,,,,,,,,,,,,,,,,
78028->95815,273.745:211.032,271.617:208.929,268.562:205.911,265.934:202.619,264.577:200.838,261.770:199.201,259.506:196.964,266.015:190.376,,,,,,,,,,,,,,,,,,,,,,,,,,,,,,,,,,,,,,,,,,,,,,,,,,,,,,,,
78345->49,367.109:189.263,370.983:196.328,376.158:201.725,377.269:207.599,376.773:212.234,362.972:211.453,347.233:210.050,346.414:220.501,347.233:231.470,342.284:235.228,339.995:239.670,337.398:245.240,333.639:250.297,327.249:249.579,324.140:249.853,323.730:252.620,319.322:252.825,317.921:257.472,310.951:262.358,,,,,,,,,,,,,,,,,,,,,,,,,,,,,,,,,,,,,,,,,,,,,
78345->65673,367.109:189.263,368.141:182.992,370.983:179.262,374.094:172.594,373.541:164.692,370.983:159.940,366.803:162.190,360.502:163.991,356.323:163.798,349.637:164.698,347.193:169.199,344.595:175.542,,,,,,,,,,,,,,,,,,,,,,,,,,,,,,,,,,,,,,,,,,,,,,,,,,,,
78345->75646,367.109:189.263,368.141:182.992,370.983:179.262,374.094:172.594,373.541:164.692,370.983:159.940,366.803:162.190,360.502:163.991,,,,,,,,,,,,,,,,,,,,,,,,,,,,,,,,,,,,,,,,,,,,,,,,,,,,,,,,
79100->11404,279.812:220.553,281.103:222.601,285.440:216.278,288.446:211.872,292.873:204.894,295.831:199.530,287.395:193.229,294.046:186.564,298.542:180.289,295.606:173.922,,,,,,,,,,,,,,,,,,,,,,,,,,,,,,,,,,,,,,,,,,,,,,,,,,,,,,
79100->120,279.812:220.553,281.103:222.601,285.440:216.278,288.446:211.872,292.873:204.894,295.831:199.530,287.395:193.229,294.046:186.564,298.542:180.289,295.606:173.922,293.252:166.883,292.512:160.225,289.702:155.541,284.986:152.808,279.519:149.801,,,,,,,,,,,,,,,,,,,,,,,,,,,,,,,,,,,,,,,,,,,,,,,,,
79100->13702,279.812:220.553,281.103:222.601,285.440:216.278,288.446:211.872,292.873:204.894,295.831:199.530,287.395:193.229,273.541:183.542,,,,,,,,,,,,,,,,,,,,,,,,,,,,,,,,,,,,,,,,,,,,,,,,,,,,,,,,
79100->20601,279.812:220.553,281.103:222.601,285.440:216.278,288.446:211.872,292.873:204.894,295.831:199.530,287.395:193.229,294.046:186.564,298.542:180.289,,,,,,,,,,,,,,,,,,,,,,,,,,,,,,,,,,,,,,,,,,,,,,,,,,,,,,,
79100->22,279.812:220.553,281.103:222.601,285.440:216.278,288.446:211.872,292.873:204.894,295.831:199.530,287.395:193.229,273.541:183.542,263.170:177.010,253.540:169.247,244.948:162.321,239.844:158.207,233.022:153.415,222.971:147.010,213.369:138.991,216.992:130.220,221.105:119.973,211.572:116.147,202.551:111.363,205.899:103.487,,,,,,,,,,,,,,,,,,,,,,,,,,,,,,,,,,,,,,,,,,,,
79100->26858,279.812:220.553,281.103:222.601,285.440:216.278,288.446:211.872,292.873:204.894,295.831:199.530,309.789:205.728,323.589:208.748,335.464:209.478,341.921:209.634,347.233:210.050,,,,,,,,,,,,,,,,,,,,,,,,,,,,,,,,,,,,,,,,,,,,,,,,,,,,,
79100->28385,279.812:220.553,281.103:222.601,285.440:216.278,288.446:211.872,292.873:204.894,295.831:199.530,309.789:205.728,323.589:208.748,335.464:209.478,341.921:209.634,342.238:205.594,339.156:200.382,337.035:194.274,,,,,,,,,,,,,,,,,,,,,,,,,,,,,,,,,,,,,,,,,,,,,,,,,,,
79100->32,279.812:220.553,281.103:222.601,285.440:216.278,288.446:211.872,292.873:204.894,295.831:199.530,287.395:193.229,273.541:183.542,266.015:190.376,259.506:196.964,253.235:196.647,247.361:193.392,240.376:190.296,239.106:185.931,,,,,,,,,,,,,,,,,,,,,,,,,,,,,,,,,,,,,,,,,,,,,,,,,,
79100->33,279.812:220.553,281.103:222.601,285.440:216.278,288.446:211.872,292.873:204.894,295.831:199.530,287.395:193.229,273.541:183.542,263.170:177.010,253.540:169.247,244.948:162.321,239.844:158.207,233.022:153.415,222.971:147.010,213.369:138.991,197.616:127.354,194.916:125.425,,,,,,,,,,,,,,,,,,,,,,,,,,,,,,,,,,,,,,,,,,,,,,,
79100->41841,279.812:220.553,281.103:222.601,285.440:216.278,288.446:211.872,292.873:204.894,295.831:199.530,309.789:205.728,323.589:208.748,335.464:209.478,341.921:209.634,342.238:205.594,,,,,,,,,,,,,,,,,,,,,,,,,,,,,,,,,,,,,,,,,,,,,,,,,,,,,
79100->49,279.812:220.553,281.103:222.601,276.312:228.590,272.979:230.361,277.165:234.213,280.995:236.462,284.216:236.645,290.842:240.474,294.611:242.967,298.441:243.818,304.155:246.128,305.371:250.930,303.183:255.307,302.149:258.225,306.405:261.082,310.951:262.358,,,,,,,,,,,,,,,,,,,,,,,,,,,,,,,,,,,,,,,,,,,,,,,,
79100->49024,279.812:220.553,281.103:222.601,285.440:216.278,288.446:211.872,292.873:204.894,295.831:199.530,287.395:193.229,273.541:183.542,266.015:190.376,259.506:196.964,253.235:196.647,247.361:193.392,,,,,,,,,,,,,,,,,,,,,,,,,,,,,,,,,,,,,,,,,,,,,,,,,,,,
79100->5,279.812:220.553,281.103:222.601,285.440:216.278,288.446:211.872,292.873:204.894,295.831:199.530,287.395:193.229,,,,,,,,,,,,,,,,,,,,,,,,,,,,,,,,,,,,,,,,,,,,,,,,,,,,,,,,,
79100->60378,279.812:220.553,281.103:222.601,285.440:216.278,288.446:211.872,292.873:204.894,295.831:199.530,287.395:193.229,273.541:183.542,266.015:190.376,259.506:196.964,253.235:196.647,,,,,,,,,,,,,,,,,,,,,,,,,,,,,,,,,,,,,,,,,,,,,,,,,,,,,
79100->67451,279.812:220.553,281.103:222.601,285.440:216.278,288.446:211.872,292.873:204.894,295.831:199.530,287.395:193.229,273.541:183.542,263.170:177.010,253.540:169.247,244.948:162.321,239.844:158.207,234.423:166.563,232.022:166.358,229.198:168.632,,,,,,,,,,,,,,,,,,,,,,,,,,,,,,,,,,,,,,,,,,,,,,,,,
79100->72974,279.812:220.553,281.103:222.601,285.440:216.278,288.446:211.872,292.873:204.894,295.831:199.530,287.395:193.229,273.541:183.542,263.170:177.010,253.540:169.247,244.948:162.321,250.837:157.263,256.201:151.742,,,,,,,,,,,,,,,,,,,,,,,,,,,,,,,,,,,,,,,,,,,,,,,,,,,
79100->8318,279.812:220.553,281.103:222.601,285.440:216.278,288.446:211.872,292.873:204.894,295.831:199.530,287.395:193.229,273.541:183.542,263.170:177.010,253.540:169.247,244.948:162.321,,,,,,,,,,,,,,,,,,,,,,,,,,,,,,,,,,,,,,,,,,,,,,,,,,,,,
79100->84,279.812:220.553,281.103:222.601,276.312:228.590,272.979:230.361,267.250:233.225,259.282:236.454,254.126:241.349,,,,,,,,,,,,,,,,,,,,,,,,,,,,,,,,,,,,,,,,,,,,,,,,,,,,,,,,,
79100->88,279.812:220.553,281.103:222.601,285.440:216.278,288.446:211.872,292.873:204.894,295.831:199.530,309.789:205.728,323.589:208.748,335.464:209.478,341.921:209.634,347.233:210.050,362.972:211.453,376.773:212.234,,,,,,,,,,,,,,,,,,,,,,,,,,,,,,,,,,,,,,,,,,,,,,,,,,,
79100->9048,279.812:220.553,281.103:222.601,285.440:216.278,288.446:211.872,292.873:204.894,295.831:199.530,299.242:195.278,,,,,,,,,,,,,,,,,,,,,,,,,,,,,,,,,,,,,,,,,,,,,,,,,,,,,,,,,
79100->95,279.812:220.553,281.103:222.601,285.440:216.278,288.446:211.872,292.873:204.894,295.831:199.530,309.789:205.728,323.589:208.748,,,,,,,,,,,,,,,,,,,,,,,,,,,,,,,,,,,,,,,,,,,,,,,,,,,,,,,,
79100->99,279.812:220.553,281.103:222.601,285.440:216.278,288.446:211.872,292.873:204.894,295.831:199.530,287.395:193.229,273.541:183.542,263.170:177.010,253.540:169.247,244.948:162.321,239.844:158.207,,,,,,,,,,,,,,,,,,,,,,,,,,,,,,,,,,,,,,,,,,,,,,,,,,,,
79694->13702,313.670:231.954,304.068:229.591,301.553:226.935,303.034:224.470,303.034:220.186,303.921:217.527,307.614:210.781,309.789:205.728,295.831:199.530,287.395:193.229,273.541:183.542,,,,,,,,,,,,,,,,,,,,,,,,,,,,,,,,,,,,,,,,,,,,,,,,,,,,,
79694->22,313.670:231.954,304.068:229.591,301.553:226.935,303.034:224.470,303.034:220.186,303.921:217.527,307.614:210.781,309.789:205.728,295.831:199.530,287.395:193.229,273.541:183.542,263.170:177.010,253.540:169.247,244.948:162.321,239.844:158.207,233.022:153.415,222.971:147.010,213.369:138.991,216.992:130.220,221.105:119.973,211.572:116.147,202.551:111.363,205.899:103.487,,,,,,,,,,,,,,,,,,,,,,,,,,,,,,,,,,,,,,,,,
79694->2499,313.670:231.954,318.762:234.171,326.689:238.012,333.435:238.898,339.995:239.670,342.284:235.228,347.233:231.470,346.414:220.501,347.233:210.050,362.972:211.453,376.773:212.234,377.269:207.599,376.158:201.725,370.983:196.328,367.109:189.263,368.141:182.992,370.983:179.262,374.094:172.594,373.541:164.692,370.983:159.940,373.073:154.252,375.613:149.887,379.265:145.124,380.058:139.488,380.579:129.453,380.448:122.917,376.784:117.838,,,,,,,,,,,,,,,,,,,,,,,,,,,,,,,,,,,,,
79694->26858,313.670:231.954,318.762:234.171,326.689:238.012,333.435:238.898,339.995:239.670,342.284:235.228,347.233:231.470,346.414:220.501,347.233:210.050,,,,,,,,,,,,,,,,,,,,,,,,,,,,,,,,,,,,,,,,,,,,,,,,,,,,,,,
79694->44615,313.670:231.954,304.068:229.591,301.553:226.935,303.034:224.470,303.034:220.186,303.921:217.527,307.614:210.781,309.789:205.728,,,,,,,,,,,,,,,,,,,,,,,,,,,,,,,,,,,,,,,,,,,,,,,,,,,,,,,,
79694->63927,313.670:231.954,304.068:229.591,301.553:226.935,303.034:224.470,303.034:220.186,303.921:217.527,307.614:210.781,309.789:205.728,295.831:199.530,287.395:193.229,273.541:183.542,263.170:177.010,253.540:169.247,244.948:162.321,250.837:157.263,256.201:151.742,259.065:147.524,262.142:140.680,255.137:140.236,248.338:138.117,242.392:134.598,,,,,,,,,,,,,,,,,,,,,,,,,,,,,,,,,,,,,,,,,,,
79694->76205,313.670:231.954,318.762:234.171,326.689:238.012,333.435:238.898,339.995:239.670,342.284:235.228,347.233:231.470,346.414:220.501,347.233:210.050,362.972:211.453,376.773:212.234,377.269:207.599,376.158:201.725,370.983:196.328,367.109:189.263,368.141:182.992,370.983:179.262,374.094:172.594,373.541:164.692,370.983:159.940,373.073:154.252,375.613:149.887,379.265:145.124,380.058:139.488,,,,,,,,,,,,,,,,,,,,,,,,,,,,,,,,,,,,,,,,
79694->83375,313.670:231.954,304.068:229.591,301.553:226.935,303.034:224.470,303.034:220.186,303.921:217.527,307.614:210.781,309.789:205.728,295.831:199.530,287.395:193.229,294.046:186.564,298.542:180.289,295.606:173.922,293.252:166.883,292.512:160.225,289.702:155.541,,,,,,,,,,,,,,,,,,,,,,,,,,,,,,,,,,,,,,,,,,,,,,,,
79694->92,313.670:231.954,318.762:234.171,326.689:238.012,333.435:238.898,339.995:239.670,342.284:235.228,347.233:231.470,346.414:220.501,347.233:210.050,362.972:211.453,376.773:212.234,377.269:207.599,376.158:201.725,370.983:196.328,367.109:189.263,368.141:182.992,370.983:179.262,374.094:172.594,373.541:164.692,370.983:159.940,373.073:154.252,375.613:149.887,379.265:145.124,380.058:139.488,380.579:129.453,380.448:122.917,376.784:117.838,374.253:113.458,372.904:107.029,372.030:100.361,369.808:96.313,367.824:93.376,368.459:87.820,371.554:82.184,375.523:78.533,377.031:74.088,380.048:69.722,379.571:66.626,381.397:63.134,,,,,,,,,,,,,,,,,,,,,,,,,
79694->99,313.670:231.954,304.068:229.591,301.553:226.935,303.034:224.470,303.034:220.186,303.921:217.527,307.614:210.781,309.789:205.728,295.831:199.530,287.395:193.229,273.541:183.542,263.170:177.010,253.540:169.247,244.948:162.321,239.844:158.207,,,,,,,,,,,,,,,,,,,,,,,,,,,,,,,,,,,,,,,,,,,,,,,,,
80124->11404,293.252:166.883,295.606:173.922,,,,,,,,,,,,,,,,,,,,,,,,,,,,,,,,,,,,,,,,,,,,,,,,,,,,,,,,,,,,,,
80124->13,293.252:166.883,295.606:173.922,298.542:180.289,294.046:186.564,287.395:193.229,295.831:199.530,309.789:205.728,323.589:208.748,335.464:209.478,341.921:209.634,347.233:210.050,362.972:211.453,376.773:212.234,389.688:214.526,399.251:216.457,,,,,,,,,,,,,,,,,,,,,,,,,,,,,,,,,,,,,,,,,,,,,,,,,
80124->13568,293.252:166.883,295.606:173.922,298.542:180.289,294.046:186.564,287.395:193.229,273.541:183.542,263.170:177.010,253.540:169.247,244.948:162.321,239.844:158.207,233.022:153.415,222.971:147.010,213.369:138.991,216.992:130.220,,,,,,,,,,,,,,,,,,,,,,,,,,,,,,,,,,,,,,,,,,,,,,,,,,
80124->13651,293.252:166.883,295.606:173.922,298.542:180.289,294.046:186.564,287.395:193.229,295.831:199.530,292.873:204.894,,,,,,,,,,,,,,,,,,,,,,,,,,,,,,,,,,,,,,,,,,,,,,,,,,,,,,,,,
80124->13702,293.252:166.883,295.606:173.922,298.542:180.289,294.046:186.564,287.395:193.229,273.541:183.542,,,,,,,,,,,,,,,,,,,,,,,,,,,,,,,,,,,,,,,,,,,,,,,,,,,,,,,,,,
80124->13852,293.252:166.883,295.606:173.922,298.542:180.289,294.046:186.564,287.395:193.229,295.831:199.530,309.789:205.728,323.589:208.748,335.464:209.478,341.921:209.634,342.238:205.594,339.156:200.382,337.035:194.274,337.420:188.101,340.700:181.672,344.595:175.542,347.193:169.199,,,,,,,,,,,,,,,,,,,,,,,,,,,,,,,,,,,,,,,,,,,,,,,
80124->14185,293.252:166.883,295.606:173.922,298.583:174.490,302.782:177.268,304.882:179.465,306.078:181.726,304.946:184.788,,,,,,,,,,,,,,,,,,,,,,,,,,,,,,,,,,,,,,,,,,,,,,,,,,,,,,,,,
80124->2505,293.252:166.883,295.606:173.922,298.542:180.289,294.046:186.564,287.395:193.229,295.831:199.530,292.873:204.894,288.446:211.872,285.440:216.278,283.721:215.043,,,,,,,,,,,,,,,,,,,,,,,,,,,,,,,,,,,,,,,,,,,,,,,,,,,,,,
80124->28385,293.252:166.883,295.606:173.922,298.542:180.289,294.046:186.564,287.395:193.229,295.831:199.530,309.789:205.728,323.589:208.748,335.464:209.478,341.921:209.634,342.238:205.594,339.156:200.382,337.035:194.274,,,,,,,,,,,,,,,,,,,,,,,,,,,,,,,,,,,,,,,,,,,,,,,,,,,
80124->30539,293.252:166.883,292.512:160.225,289.702:155.541,284.986:152.808,279.519:149.801,278.802:146.350,273.596:142.477,,,,,,,,,,,,,,,,,,,,,,,,,,,,,,,,,,,,,,,,,,,,,,,,,,,,,,,,,
80124->32,293.252:166.883,295.606:173.922,298.542:180.289,294.046:186.564,287.395:193.229,273.541:183.542,266.015:190.376,259.506:196.964,253.235:196.647,247.361:193.392,240.376:190.296,239.106:185.931,,,,,,,,,,,,,,,,,,,,,,,,,,,,,,,,,,,,,,,,,,,,,,,,,,,,
80124->39216,293.252:166.883,292.512:160.225,289.702:155.541,284.986:152.808,279.519:149.801,278.802:146.350,273.596:142.477,269.223:140.680,,,,,,,,,,,,,,,,,,,,,,,,,,,,,,,,,,,,,,,,,,,,,,,,,,,,,,,,
80124->41841,293.252:166.883,295.606:173.922,298.542:180.289,294.046:186.564,287.395:193.229,295.831:199.530,309.789:205.728,323.589:208.748,335.464:209.478,341.921:209.634,342.238:205.594,,,,,,,,,,,,,,,,,,,,,,,,,,,,,,,,,,,,,,,,,,,,,,,,,,,,,
80124->44615,293.252:166.883,295.606:173.922,298.542:180.289,294.046:186.564,287.395:193.229,295.831:199.530,309.789:205.728,,,,,,,,,,,,,,,,,,,,,,,,,,,,,,,,,,,,,,,,,,,,,,,,,,,,,,,,,
80124->5,293.252:166.883,295.606:173.922,298.542:180.289,294.046:186.564,287.395:193.229,,,,,,,,,,,,,,,,,,,,,,,,,,,,,,,,,,,,,,,,,,,,,,,,,,,,,,,,,,,
80124->54272,293.252:166.883,292.512:160.225,289.702:155.541,284.986:152.808,279.519:149.801,278.802:146.350,273.596:142.477,269.223:140.680,262.142:140.680,255.137:140.236,248.338:138.117,242.392:134.598,240.449:129.276,231.048:125.270,221.105:119.973,211.572:116.147,202.551:111.363,,,,,,,,,,,,,,,,,,,,,,,,,,,,,,,,,,,,,,,,,,,,,,,
80124->60368,293.252:166.883,295.606:173.922,298.542:180.289,294.046:186.564,287.395:193.229,273.541:183.542,266.015:190.376,259.506:196.964,,,,,,,,,,,,,,,,,,,,,,,,,,,,,,,,,,,,,,,,,,,,,,,,,,,,,,,,
80124->60450,293.252:166.883,295.606:173.922,298.542:180.289,294.046:186.564,287.395:193.229,273.541:183.542,263.170:177.010,253.540:169.247,244.948:162.321,239.844:158.207,233.022:153.415,,,,,,,,,,,,,,,,,,,,,,,,,,,,,,,,,,,,,,,,,,,,,,,,,,,,,
80124->68566,293.252:166.883,295.606:173.922,298.542:180.289,294.046:186.564,287.395:193.229,295.831:199.530,292.873:204.894,288.446:211.872,285.440:216.278,281.103:222.601,276.312:228.590,272.979:230.361,267.250:233.225,259.282:236.454,254.126:241.349,246.002:247.443,244.804:252.182,245.377:255.931,252.303:260.983,,,,,,,,,,,,,,,,,,,,,,,,,,,,,,,,,,,,,,,,,,,,,
80124->72897,293.252:166.883,295.606:173.922,298.542:180.289,294.046:186.564,287.395:193.229,295.831:199.530,309.789:205.728,323.589:208.748,335.464:209.478,341.921:209.634,347.233:210.050,362.972:211.453,376.773:212.234,377.269:207.599,376.158:201.725,370.983:196.328,367.109:189.263,368.141:182.992,370.983:179.262,,,,,,,,,,,,,,,,,,,,,,,,,,,,,,,,,,,,,,,,,,,,,
80124->75205,293.252:166.883,292.512:160.225,289.702:155.541,284.986:152.808,279.519:149.801,278.802:146.350,273.596:142.477,269.223:140.680,262.142:140.680,259.065:147.524,,,,,,,,,,,,,,,,,,,,,,,,,,,,,,,,,,,,,,,,,,,,,,,,,,,,,,
80124->84,293.252:166.883,295.606:173.922,298.542:180.289,294.046:186.564,287.395:193.229,295.831:199.530,292.873:204.894,288.446:211.872,285.440:216.278,281.103:222.601,276.312:228.590,272.979:230.361,267.250:233.225,259.282:236.454,254.126:241.349,,,,,,,,,,,,,,,,,,,,,,,,,,,,,,,,,,,,,,,,,,,,,,,,,
80124->86413,293.252:166.883,292.512:160.225,289.702:155.541,284.986:152.808,279.519:149.801,278.802:146.350,,,,,,,,,,,,,,,,,,,,,,,,,,,,,,,,,,,,,,,,,,,,,,,,,,,,,,,,,,
80124->88,293.252:166.883,295.606:173.922,298.542:180.289,294.046:186.564,287.395:193.229,295.831:199.530,309.789:205.728,323.589:208.748,335.464:209.478,341.921:209.634,347.233:210.050,362.972:211.453,376.773:212.234,,,,,,,,,,,,,,,,,,,,,,,,,,,,,,,,,,,,,,,,,,,,,,,,,,,
80124->95,293.252:166.883,295.606:173.922,298.542:180.289,294.046:186.564,287.395:193.229,295.831:199.530,309.789:205.728,323.589:208.748,,,,,,,,,,,,,,,,,,,,,,,,,,,,,,,,,,,,,,,,,,,,,,,,,,,,,,,,
80124->95815,293.252:166.883,295.606:173.922,298.542:180.289,294.046:186.564,287.395:193.229,273.541:183.542,266.015:190.376,,,,,,,,,,,,,,,,,,,,,,,,,,,,,,,,,,,,,,,,,,,,,,,,,,,,,,,,,
80124->99,293.252:166.883,295.606:173.922,298.542:180.289,294.046:186.564,287.395:193.229,273.541:183.542,263.170:177.010,253.540:169.247,244.948:162.321,239.844:158.207,,,,,,,,,,,,,,,,,,,,,,,,,,,,,,,,,,,,,,,,,,,,,,,,,,,,,,
80824->105,221.105:119.973,216.992:130.220,213.369:138.991,197.616:127.354,194.916:125.425,185.207:118.610,172.199:111.308,155.794:103.027,142.814:97.329,,,,,,,,,,,,,,,,,,,,,,,,,,,,,,,,,,,,,,,,,,,,,,,,,,,,,,,
80824->11881,221.105:119.973,216.992:130.220,213.369:138.991,222.971:147.010,,,,,,,,,,,,,,,,,,,,,,,,,,,,,,,,,,,,,,,,,,,,,,,,,,,,,,,,,,,,
80824->120,221.105:119.973,231.048:125.270,240.449:129.276,242.392:134.598,248.338:138.117,255.137:140.236,262.142:140.680,269.223:140.680,273.596:142.477,278.802:146.350,279.519:149.801,,,,,,,,,,,,,,,,,,,,,,,,,,,,,,,,,,,,,,,,,,,,,,,,,,,,,
80824->13568,221.105:119.973,216.992:130.220,,,,,,,,,,,,,,,,,,,,,,,,,,,,,,,,,,,,,,,,,,,,,,,,,,,,,,,,,,,,,,
80824->22,221.105:119.973,211.572:116.147,202.551:111.363,205.899:103.487,,,,,,,,,,,,,,,,,,,,,,,,,,,,,,,,,,,,,,,,,,,,,,,,,,,,,,,,,,,,
80824->25121,221.105:119.973,231.048:125.270,,,,,,,,,,,,,,,,,,,,,,,,,,,,,,,,,,,,,,,,,,,,,,,,,,,,,,,,,,,,,,
80824->30732,221.105:119.973,216.992:130.220,213.369:138.991,197.616:127.354,194.916:125.425,185.207:118.610,172.199:111.308,,,,,,,,,,,,,,,,,,,,,,,,,,,,,,,,,,,,,,,,,,,,,,,,,,,,,,,,,
80824->33,221.105:119.973,211.572:116.147,202.551:111.363,198.866:118.313,194.916:125.425,,,,,,,,,,,,,,,,,,,,,,,,,,,,,,,,,,,,,,,,,,,,,,,,,,,,,,,,,,,
80824->49081,221.105:119.973,231.048:125.270,240.449:129.276,,,,,,,,,,,,,,,,,,,,,,,,,,,,,,,,,,,,,,,,,,,,,,,,,,,,,,,,,,,,,
80824->5,221.105:119.973,216.992:130.220,213.369:138.991,222.971:147.010,233.022:153.415,239.844:158.207,244.948:162.321,253.540:169.247,263.170:177.010,273.541:183.542,287.395:193.229,,,,,,,,,,,,,,,,,,,,,,,,,,,,,,,,,,,,,,,,,,,,,,,,,,,,,
80824->63927,221.105:119.973,231.048:125.270,240.449:129.276,242.392:134.598,,,,,,,,,,,,,,,,,,,,,,,,,,,,,,,,,,,,,,,,,,,,,,,,,,,,,,,,,,,,
80824->73767,221.105:119.973,216.992:130.220,213.369:138.991,222.971:147.010,233.022:153.415,239.844:158.207,244.948:162.321,253.540:169.247,263.170:177.010,273.541:183.542,266.015:190.376,259.506:196.964,261.770:199.201,264.577:200.838,265.934:202.619,268.562:205.911,,,,,,,,,,,,,,,,,,,,,,,,,,,,,,,,,,,,,,,,,,,,,,,,
80824->89653,221.105:119.973,216.992:130.220,213.369:138.991,222.971:147.010,233.022:153.415,239.844:158.207,244.948:162.321,253.540:169.247,263.170:177.010,273.541:183.542,287.395:193.229,295.831:199.530,299.242:195.278,302.353:188.697,304.946:184.788,306.078:181.726,,,,,,,,,,,,,,,,,,,,,,,,,,,,,,,,,,,,,,,,,,,,,,,,
80824->99,221.105:119.973,216.992:130.220,213.369:138.991,222.971:147.010,233.022:153.415,239.844:158.207,,,,,,,,,,,,,,,,,,,,,,,,,,,,,,,,,,,,,,,,,,,,,,,,,,,,,,,,,,
81533->105,337.420:188.101,337.035:194.274,339.156:200.382,342.238:205.594,341.921:209.634,335.464:209.478,323.589:208.748,309.789:205.728,295.831:199.530,287.395:193.229,273.541:183.542,263.170:177.010,253.540:169.247,244.948:162.321,239.844:158.207,233.022:153.415,222.971:147.010,213.369:138.991,197.616:127.354,194.916:125.425,185.207:118.610,172.199:111.308,155.794:103.027,142.814:97.329,,,,,,,,,,,,,,,,,,,,,,,,,,,,,,,,,,,,,,,,
81533->11404,337.420:188.101,337.035:194.274,339.156:200.382,342.238:205.594,341.921:209.634,335.464:209.478,323.589:208.748,309.789:205.728,295.831:199.530,287.395:193.229,294.046:186.564,298.542:180.289,295.606:173.922,,,,,,,,,,,,,,,,,,,,,,,,,,,,,,,,,,,,,,,,,,,,,,,,,,,
81533->120,337.420:188.101,337.035:194.274,339.156:200.382,342.238:205.594,341.921:209.634,335.464:209.478,323.589:208.748,309.789:205.728,295.831:199.530,287.395:193.229,294.046:186.564,298.542:180.289,295.606:173.922,293.252:166.883,292.512:160.225,289.702:155.541,284.986:152.808,279.519:149.801,,,,,,,,,,,,,,,,,,,,,,,,,,,,,,,,,,,,,,,,,,,,,,
81533->13,337.420:188.101,337.035:194.274,339.156:200.382,342.238:205.594,341.921:209.634,347.233:210.050,362.972:211.453,376.773:212.234,389.688:214.526,399.251:216.457,,,,,,,,,,,,,,,,,,,,,,,,,,,,,,,,,,,,,,,,,,,,,,,,,,,,,,
81533->13702,337.420:188.101,337.035:194.274,339.156:200.382,342.238:205.594,341.921:209.634,335.464:209.478,323.589:208.748,309.789:205.728,295.831:199.530,287.395:193.229,273.541:183.542,,,,,,,,,,,,,,,,,,,,,,,,,,,,,,,,,,,,,,,,,,,,,,,,,,,,,
81533->14185,337.420:188.101,337.035:194.274,339.156:200.382,342.238:205.594,341.921:209.634,335.464:209.478,323.589:208.748,309.789:205.728,295.831:199.530,299.242:195.278,302.353:188.697,304.946:184.788,,,,,,,,,,,,,,,,,,,,,,,,,,,,,,,,,,,,,,,,,,,,,,,,,,,,
81533->20601,337.420:188.101,337.035:194.274,339.156:200.382,342.238:205.594,341.921:209.634,335.464:209.478,323.589:208.748,309.789:205.728,295.831:199.530,287.395:193.229,294.046:186.564,298.542:180.289,,,,,,,,,,,,,,,,,,,,,,,,,,,,,,,,,,,,,,,,,,,,,,,,,,,,
81533->21444,337.420:188.101,337.035:194.274,339.156:200.382,342.238:205.594,341.921:209.634,335.464:209.478,323.589:208.748,309.789:205.728,295.831:199.530,287.395:193.229,273.541:183.542,263.170:177.010,253.540:169.247,244.948:162.321,250.837:157.263,,,,,,,,,,,,,,,,,,,,,,,,,,,,,,,,,,,,,,,,,,,,,,,,,
81533->2344,337.420:188.101,337.035:194.274,339.156:200.382,342.238:205.594,341.921:209.634,335.464:209.478,323.589:208.748,309.789:205.728,295.831:199.530,287.395:193.229,273.541:183.542,263.170:177.010,,,,,,,,,,,,,,,,,,,,,,,,,,,,,,,,,,,,,,,,,,,,,,,,,,,,
81533->2505,337.420:188.101,337.035:194.274,339.156:200.382,342.238:205.594,341.921:209.634,335.464:209.478,323.589:208.748,309.789:205.728,295.831:199.530,292.873:204.894,288.446:211.872,285.440:216.278,283.721:215.043,,,,,,,,,,,,,,,,,,,,,,,,,,,,,,,,,,,,,,,,,,,,,,,,,,,
81533->28385,337.420:188.101,337.035:194.274,,,,,,,,,,,,,,,,,,,,,,,,,,,,,,,,,,,,,,,,,,,,,,,,,,,,,,,,,,,,,,
81533->31591,337.420:188.101,337.035:194.274,339.156:200.382,342.238:205.594,341.921:209.634,335.464:209.478,323.589:208.748,309.789:205.728,295.831:199.530,287.395:193.229,273.541:183.542,263.170:177.010,253.540:169.247,,,,,,,,,,,,,,,,,,,,,,,,,,,,,,,,,,,,,,,,,,,,,,,,,,,
81533->32,337.420:188.101,337.035:194.274,339.156:200.382,342.238:205.594,341.921:209.634,335.464:209.478,323.589:208.748,309.789:205.728,295.831:199.530,287.395:193.229,273.541:183.542,266.015:190.376,259.506:196.964,253.235:196.647,247.361:193.392,240.376:190.296,239.106:185.931,,,,,,,,,,,,,,,,,,,,,,,,,,,,,,,,,,,,,,,,,,,,,,,
81533->33,337.420:188.101,337.035:194.274,339.156:200.382,342.238:205.594,341.921:209.634,335.464:209.478,323.589:208.748,309.789:205.728,295.831:199.530,287.395:193.229,273.541:183.542,263.170:177.010,253.540:169.247,244.948:162.321,239.844:158.207,233.022:153.415,222.971:147.010,213.369:138.991,197.616:127.354,194.916:125.425,,,,,,,,,,,,,,,,,,,,,,,,,,,,,,,,,,,,,,,,,,,,
81533->37558,337.420:188.101,337.035:194.274,339.156:200.382,342.238:205.594,341.921:209.634,335.464:209.478,323.589:208.748,309.789:205.728,295.831:199.530,292.873:204.894,288.446:211.872,,,,,,,,,,,,,,,,,,,,,,,,,,,,,,,,,,,,,,,,,,,,,,,,,,,,,
81533->5,337.420:188.101,337.035:194.274,339.156:200.382,342.238:205.594,341.921:209.634,335.464:209.478,323.589:208.748,309.789:205.728,295.831:199.530,287.395:193.229,,,,,,,,,,,,,,,,,,,,,,,,,,,,,,,,,,,,,,,,,,,,,,,,,,,,,,
81533->60450,337.420:188.101,337.035:194.274,339.156:200.382,342.238:205.594,341.921:209.634,335.464:209.478,323.589:208.748,309.789:205.728,295.831:199.530,287.395:193.229,273.541:183.542,263.170:177.010,253.540:169.247,244.948:162.321,239.844:158.207,233.022:153.415,,,,,,,,,,,,,,,,,,,,,,,,,,,,,,,,,,,,,,,,,,,,,,,,
81533->64018,337.420:188.101,337.035:194.274,339.156:200.382,342.238:205.594,341.921:209.634,335.464:209.478,323.589:208.748,309.789:205.728,295.831:199.530,287.395:193.229,294.046:186.564,,,,,,,,,,,,,,,,,,,,,,,,,,,,,,,,,,,,,,,,,,,,,,,,,,,,,
81533->84,337.420:188.101,337.035:194.274,339.156:200.382,342.238:205.594,341.921:209.634,335.464:209.478,323.589:208.748,309.789:205.728,295.831:199.530,292.873:204.894,288.446:211.872,285.440:216.278,281.103:222.601,276.312:228.590,272.979:230.361,267.250:233.225,259.282:236.454,254.126:241.349,,,,,,,,,,,,,,,,,,,,,,,,,,,,,,,,,,,,,,,,,,,,,,
81533->88,337.420:188.101,337.035:194.274,339.156:200.382,342.238:205.594,341.921:209.634,347.233:210.050,362.972:211.453,376.773:212.234,,,,,,,,,,,,,,,,,,,,,,,,,,,,,,,,,,,,,,,,,,,,,,,,,,,,,,,,
81533->95,337.420:188.101,337.035:194.274,339.156:200.382,342.238:205.594,341.921:209.634,335.464:209.478,323.589:208.748,,,,,,,,,,,,,,,,,,,,,,,,,,,,,,,,,,,,,,,,,,,,,,,,,,,,,,,,,
81533->97999,337.420:188.101,337.035:194.274,339.156:200.382,342.238:205.594,341.921:209.634,347.233:210.050,346.414:220.501,347.233:231.470,342.284:235.228,339.995:239.670,333.435:238.898,326.689:238.012,318.762:234.171,,,,,,,,,,,,,,,,,,,,,,,,,,,,,,,,,,,,,,,,,,,,,,,,,,,
82106->120,234.423:166.563,239.844:158.207,244.948:162.321,250.837:157.263,256.201:151.742,259.065:147.524,262.142:140.680,269.223:140.680,273.596:142.477,278.802:146.350,279.519:149.801,,,,,,,,,,,,,,,,,,,,,,,,,,,,,,,,,,,,,,,,,,,,,,,,,,,,,
82106->13,234.423:166.563,239.844:158.207,244.948:162.321,253.540:169.247,263.170:177.010,273.541:183.542,287.395:193.229,295.831:199.530,309.789:205.728,323.589:208.748,335.464:209.478,341.921:209.634,347.233:210.050,362.972:211.453,376.773:212.234,389.688:214.526,399.251:216.457,,,,,,,,,,,,,,,,,,,,,,,,,,,,,,,,,,,,,,,,,,,,,,,
82106->13568,234.423:166.563,239.844:158.207,233.022:153.415,222.971:147.010,213.369:138.991,216.992:130.220,,,,,,,,,,,,,,,,,,,,,,,,,,,,,,,,,,,,,,,,,,,,,,,,,,,,,,,,,,
82106->22,234.423:166.563,239.844:158.207,233.022:153.415,222.971:147.010,213.369:138.991,197.616:127.354,194.916:125.425,198.866:118.313,202.551:111.363,205.899:103.487,,,,,,,,,,,,,,,,,,,,,,,,,,,,,,,,,,,,,,,,,,,,,,,,,,,,,,
82106->32,234.423:166.563,233.788:176.485,234.820:180.374,239.106:185.931,,,,,,,,,,,,,,,,,,,,,,,,,,,,,,,,,,,,,,,,,,,,,,,,,,,,,,,,,,,,
82106->33,234.423:166.563,239.844:158.207,233.022:153.415,222.971:147.010,213.369:138.991,197.616:127.354,194.916:125.425,,,,,,,,,,,,,,,,,,,,,,,,,,,,,,,,,,,,,,,,,,,,,,,,,,,,,,,,,
82106->5,234.423:166.563,239.844:158.207,244.948:162.321,253.540:169.247,263.170:177.010,273.541:183.542,287.395:193.229,,,,,,,,,,,,,,,,,,,,,,,,,,,,,,,,,,,,,,,,,,,,,,,,,,,,,,,,,
82106->51552,234.423:166.563,239.844:158.207,244.948:162.321,253.540:169.247,263.170:177.010,273.541:183.542,287.395:193.229,295.831:199.530,292.873:204.894,288.446:211.872,285.440:216.278,281.103:222.601,276.312:228.590,272.979:230.361,277.165:234.213,280.995:236.462,,,,,,,,,,,,,,,,,,,,,,,,,,,,,,,,,,,,,,,,,,,,,,,,
82106->84,234.423:166.563,239.844:158.207,244.948:162.321,253.540:169.247,263.170:177.010,273.541:183.542,287.395:193.229,295.831:199.530,292.873:204.894,288.446:211.872,285.440:216.278,281.103:222.601,276.312:228.590,272.979:230.361,267.250:233.225,259.282:236.454,254.126:241.349,,,,,,,,,,,,,,,,,,,,,,,,,,,,,,,,,,,,,,,,,,,,,,,
82106->88,234.423:166.563,239.844:158.207,244.948:162.321,253.540:169.247,263.170:177.010,273.541:183.542,287.395:193.229,295.831:199.530,309.789:205.728,323.589:208.748,335.464:209.478,341.921:209.634,347.233:210.050,362.972:211.453,376.773:212.234,,,,,,,,,,,,,,,,,,,,,,,,,,,,,,,,,,,,,,,,,,,,,,,,,
82106->95,234.423:166.563,239.844:158.207,244.948:162.321,253.540:169.247,263.170:177.010,273.541:183.542,287.395:193.229,295.831:199.530,309.789:205.728,323.589:208.748,,,,,,,,,,,,,,,,,,,,,,,,,,,,,,,,,,,,,,,,,,,,,,,,,,,,,,
8228->95815,276.735:213.986,273.745:211.032,271.617:208.929,268.562:205.911,265.934:202.619,264.577:200.838,261.770:199.201,259.506:196.964,266.015:190.376,,,,,,,,,,,,,,,,,,,,,,,,,,,,,,,,,,,,,,,,,,,,,,,,,,,,,,,
82676->37558,272.979:230.361,276.312:228.590,281.103:222.601,285.440:216.278,288.446:211.872,,,,,,,,,,,,,,,,,,,,,,,,,,,,,,,,,,,,,,,,,,,,,,,,,,,,,,,,,,,
82676->5,272.979:230.361,276.312:228.590,281.103:222.601,285.440:216.278,288.446:211.872,292.873:204.894,295.831:199.530,287.395:193.229,,,,,,,,,,,,,,,,,,,,,,,,,,,,,,,,,,,,,,,,,,,,,,,,,,,,,,,,
82676->95815,272.979:230.361,276.312:228.590,281.103:222.601,285.440:216.278,288.446:211.872,292.873:204.894,295.831:199.530,287.395:193.229,273.541:183.542,266.015:190.376,,,,,,,,,,,,,,,,,,,,,,,,,,,,,,,,,,,,,,,,,,,,,,,,,,,,,,
82985->13,210.732:148.125,210.584:143.939,211.594:141.393,213.369:138.991,222.971:147.010,233.022:153.415,239.844:158.207,244.948:162.321,253.540:169.247,263.170:177.010,273.541:183.542,287.395:193.229,295.831:199.530,309.789:205.728,323.589:208.748,335.464:209.478,341.921:209.634,347.233:210.050,362.972:211.453,376.773:212.234,389.688:214.526,399.251:216.457,,,,,,,,,,,,,,,,,,,,,,,,,,,,,,,,,,,,,,,,,,
82985->29230,210.732:148.125,210.584:143.939,211.594:141.393,213.369:138.991,216.992:130.220,221.105:119.973,231.048:125.270,240.449:129.276,241.499:125.514,,,,,,,,,,,,,,,,,,,,,,,,,,,,,,,,,,,,,,,,,,,,,,,,,,,,,,,
82985->5,210.732:148.125,210.584:143.939,211.594:141.393,213.369:138.991,222.971:147.010,233.022:153.415,239.844:158.207,244.948:162.321,253.540:169.247,263.170:177.010,273.541:183.542,287.395:193.229,,,,,,,,,,,,,,,,,,,,,,,,,,,,,,,,,,,,,,,,,,,,,,,,,,,,
82985->84156,210.732:148.125,210.584:143.939,211.594:141.393,,,,,,,,,,,,,,,,,,,,,,,,,,,,,,,,,,,,,,,,,,,,,,,,,,,,,,,,,,,,,
82985->95815,210.732:148.125,210.584:143.939,211.594:141.393,213.369:138.991,222.971:147.010,233.022:153.415,239.844:158.207,244.948:162.321,253.540:169.247,263.170:177.010,273.541:183.542,266.015:190.376,,,,,,,,,,,,,,,,,,,,,,,,,,,,,,,,,,,,,,,,,,,,,,,,,,,,
83111->2344,257.144:211.297,258.781:213.446,261.236:210.021,264.143:205.369,264.693:203.237,265.934:202.619,264.577:200.838,261.770:199.201,259.506:196.964,266.015:190.376,273.541:183.542,263.170:177.010,,,,,,,,,,,,,,,,,,,,,,,,,,,,,,,,,,,,,,,,,,,,,,,,,,,,
83111->30620,257.144:211.297,258.781:213.446,261.236:210.021,264.143:205.369,264.693:203.237,265.934:202.619,264.577:200.838,261.770:199.201,259.506:196.964,266.015:190.376,273.541:183.542,287.395:193.229,295.831:199.530,309.789:205.728,323.589:208.748,335.464:209.478,341.921:209.634,342.238:205.594,339.156:200.382,,,,,,,,,,,,,,,,,,,,,,,,,,,,,,,,,,,,,,,,,,,,,
83111->59163,257.144:211.297,258.781:213.446,261.914:216.256,265.242:218.679,268.214:220.295,270.508:222.104,272.511:221.038,274.514:219.099,276.953:219.281,279.812:220.553,281.103:222.601,,,,,,,,,,,,,,,,,,,,,,,,,,,,,,,,,,,,,,,,,,,,,,,,,,,,,
83111->95815,257.144:211.297,258.781:213.446,261.236:210.021,264.143:205.369,264.693:203.237,265.934:202.619,264.577:200.838,261.770:199.201,259.506:196.964,266.015:190.376,,,,,,,,,,,,,,,,,,,,,,,,,,,,,,,,,,,,,,,,,,,,,,,,,,,,,,
8318->105,244.948:162.321,239.844:158.207,233.022:153.415,222.971:147.010,213.369:138.991,197.616:127.354,194.916:125.425,185.207:118.610,172.199:111.308,155.794:103.027,142.814:97.329,,,,,,,,,,,,,,,,,,,,,,,,,,,,,,,,,,,,,,,,,,,,,,,,,,,,,
8318->11404,244.948:162.321,253.540:169.247,263.170:177.010,273.541:183.542,287.395:193.229,294.046:186.564,298.542:180.289,295.606:173.922,,,,,,,,,,,,,,,,,,,,,,,,,,,,,,,,,,,,,,,,,,,,,,,,,,,,,,,,
8318->11881,244.948:162.321,239.844:158.207,233.022:153.415,222.971:147.010,,,,,,,,,,,,,,,,,,,,,,,,,,,,,,,,,,,,,,,,,,,,,,,,,,,,,,,,,,,,
8318->120,244.948:162.321,250.837:157.263,256.201:151.742,259.065:147.524,262.142:140.680,269.223:140.680,273.596:142.477,278.802:146.350,279.519:149.801,,,,,,,,,,,,,,,,,,,,,,,,,,,,,,,,,,,,,,,,,,,,,,,,,,,,,,,
8318->13,244.948:162.321,253.540:169.247,263.170:177.010,273.541:183.542,287.395:193.229,295.831:199.530,309.789:205.728,323.589:208.748,335.464:209.478,341.921:209.634,347.233:210.050,362.972:211.453,376.773:212.234,389.688:214.526,399.251:216.457,,,,,,,,,,,,,,,,,,,,,,,,,,,,,,,,,,,,,,,,,,,,,,,,,
8318->13568,244.948:162.321,239.844:158.207,233.022:153.415,222.971:147.010,213.369:138.991,216.992:130.220,,,,,,,,,,,,,,,,,,,,,,,,,,,,,,,,,,,,,,,,,,,,,,,,,,,,,,,,,,
8318->13651,244.948:162.321,253.540:169.247,263.170:177.010,273.541:183.542,287.395:193.229,295.831:199.530,292.873:204.894,,,,,,,,,,,,,,,,,,,,,,,,,,,,,,,,,,,,,,,,,,,,,,,,,,,,,,,,,
8318->13702,244.948:162.321,253.540:169.247,263.170:177.010,273.541:183.542,,,,,,,,,,,,,,,,,,,,,,,,,,,,,,,,,,,,,,,,,,,,,,,,,,,,,,,,,,,,
8318->14185,244.948:162.321,253.540:169.247,263.170:177.010,273.541:183.542,287.395:193.229,295.831:199.530,299.242:195.278,302.353:188.697,304.946:184.788,,,,,,,,,,,,,,,,,,,,,,,,,,,,,,,,,,,,,,,,,,,,,,,,,,,,,,,
8318->14382,244.948:162.321,239.844:158.207,233.022:153.415,222.971:147.010,213.369:138.991,197.616:127.354,195.119:131.075,192.341:136.632,189.811:140.721,,,,,,,,,,,,,,,,,,,,,,,,,,,,,,,,,,,,,,,,,,,,,,,,,,,,,,,
8318->21444,244.948:162.321,250.837:157.263,,,,,,,,,,,,,,,,,,,,,,,,,,,,,,,,,,,,,,,,,,,,,,,,,,,,,,,,,,,,,,
8318->22,244.948:162.321,239.844:158.207,233.022:153.415,222.971:147.010,213.369:138.991,216.992:130.220,221.105:119.973,211.572:116.147,202.551:111.363,205.899:103.487,,,,,,,,,,,,,,,,,,,,,,,,,,,,,,,,,,,,,,,,,,,,,,,,,,,,,,
8318->2344,244.948:162.321,253.540:169.247,263.170:177.010,,,,,,,,,,,,,,,,,,,,,,,,,,,,,,,,,,,,,,,,,,,,,,,,,,,,,,,,,,,,,
8318->23449,244.948:162.321,250.837:157.263,256.201:151.742,259.065:147.524,262.142:140.680,255.137:140.236,248.338:138.117,,,,,,,,,,,,,,,,,,,,,,,,,,,,,,,,,,,,,,,,,,,,,,,,,,,,,,,,,
8318->26858,244.948:162.321,253.540:169.247,263.170:177.010,273.541:183.542,287.395:193.229,295.831:199.530,309.789:205.728,323.589:208.748,335.464:209.478,341.921:209.634,347.233:210.050,,,,,,,,,,,,,,,,,,,,,,,,,,,,,,,,,,,,,,,,,,,,,,,,,,,,,
8318->28385,244.948:162.321,253.540:169.247,263.170:177.010,273.541:183.542,287.395:193.229,295.831:199.530,309.789:205.728,323.589:208.748,335.464:209.478,341.921:209.634,342.238:205.594,339.156:200.382,337.035:194.274,,,,,,,,,,,,,,,,,,,,,,,,,,,,,,,,,,,,,,,,,,,,,,,,,,,
8318->2894,244.948:162.321,239.844:158.207,233.022:153.415,222.971:147.010,213.369:138.991,211.594:141.393,210.584:143.939,,,,,,,,,,,,,,,,,,,,,,,,,,,,,,,,,,,,,,,,,,,,,,,,,,,,,,,,,
8318->29230,244.948:162.321,250.837:157.263,256.201:151.742,259.065:147.524,262.142:140.680,255.137:140.236,248.338:138.117,242.392:134.598,240.449:129.276,241.499:125.514,,,,,,,,,,,,,,,,,,,,,,,,,,,,,,,,,,,,,,,,,,,,,,,,,,,,,,
8318->30732,244.948:162.321,239.844:158.207,233.022:153.415,222.971:147.010,213.369:138.991,197.616:127.354,194.916:125.425,185.207:118.610,172.199:111.308,,,,,,,,,,,,,,,,,,,,,,,,,,,,,,,,,,,,,,,,,,,,,,,,,,,,,,,
8318->31591,244.948:162.321,253.540:169.247,,,,,,,,,,,,,,,,,,,,,,,,,,,,,,,,,,,,,,,,,,,,,,,,,,,,,,,,,,,,,,
8318->32,244.948:162.321,239.844:158.207,234.423:166.563,233.788:176.485,234.820:180.374,239.106:185.931,,,,,,,,,,,,,,,,,,,,,,,,,,,,,,,,,,,,,,,,,,,,,,,,,,,,,,,,,,
8318->33,244.948:162.321,239.844:158.207,233.022:153.415,222.971:147.010,213.369:138.991,197.616:127.354,194.916:125.425,,,,,,,,,,,,,,,,,,,,,,,,,,,,,,,,,,,,,,,,,,,,,,,,,,,,,,,,,
8318->35213,244.948:162.321,253.540:169.247,263.170:177.010,273.541:183.542,287.395:193.229,295.831:199.530,292.873:204.894,288.446:211.872,294.565:214.523,297.421:215.607,,,,,,,,,,,,,,,,,,,,,,,,,,,,,,,,,,,,,,,,,,,,,,,,,,,,,,
8318->41841,244.948:162.321,253.540:169.247,263.170:177.010,273.541:183.542,287.395:193.229,295.831:199.530,309.789:205.728,323.589:208.748,335.464:209.478,341.921:209.634,342.238:205.594,,,,,,,,,,,,,,,,,,,,,,,,,,,,,,,,,,,,,,,,,,,,,,,,,,,,,
8318->44615,244.948:162.321,253.540:169.247,263.170:177.010,273.541:183.542,287.395:193.229,295.831:199.530,309.789:205.728,,,,,,,,,,,,,,,,,,,,,,,,,,,,,,,,,,,,,,,,,,,,,,,,,,,,,,,,,
8318->49,244.948:162.321,253.540:169.247,263.170:177.010,273.541:183.542,287.395:193.229,295.831:199.530,309.789:205.728,323.589:208.748,335.464:209.478,341.921:209.634,347.233:210.050,346.414:220.501,347.233:231.470,342.284:235.228,339.995:239.670,337.398:245.240,333.639:250.297,327.249:249.579,324.140:249.853,323.730:252.620,319.322:252.825,317.921:257.472,310.951:262.358,,,,,,,,,,,,,,,,,,,,,,,,,,,,,,,,,,,,,,,,,
8318->49024,244.948:162.321,239.844:158.207,234.423:166.563,233.788:176.485,234.820:180.374,239.106:185.931,240.376:190.296,247.361:193.392,,,,,,,,,,,,,,,,,,,,,,,,,,,,,,,,,,,,,,,,,,,,,,,,,,,,,,,,
8318->49081,244.948:162.321,250.837:157.263,256.201:151.742,259.065:147.524,262.142:140.680,255.137:140.236,248.338:138.117,242.392:134.598,240.449:129.276,,,,,,,,,,,,,,,,,,,,,,,,,,,,,,,,,,,,,,,,,,,,,,,,,,,,,,,
8318->5,244.948:162.321,253.540:169.247,263.170:177.010,273.541:183.542,287.395:193.229,,,,,,,,,,,,,,,,,,,,,,,,,,,,,,,,,,,,,,,,,,,,,,,,,,,,,,,,,,,
8318->51286,244.948:162.321,239.844:158.207,234.423:166.563,233.788:176.485,,,,,,,,,,,,,,,,,,,,,,,,,,,,,,,,,,,,,,,,,,,,,,,,,,,,,,,,,,,,
8318->5135,244.948:162.321,239.844:158.207,233.022:153.415,222.971:147.010,213.369:138.991,197.616:127.354,194.916:125.425,185.207:118.610,,,,,,,,,,,,,,,,,,,,,,,,,,,,,,,,,,,,,,,,,,,,,,,,,,,,,,,,
8318->51952,244.948:162.321,239.844:158.207,233.022:153.415,222.971:147.010,220.826:151.867,,,,,,,,,,,,,,,,,,,,,,,,,,,,,,,,,,,,,,,,,,,,,,,,,,,,,,,,,,,
8318->53303,244.948:162.321,253.540:169.247,263.170:177.010,273.541:183.542,266.015:190.376,259.506:196.964,261.770:199.201,264.577:200.838,265.934:202.619,264.693:203.237,264.143:205.369,261.236:210.021,258.781:213.446,257.144:211.297,255.017:208.227,253.079:204.706,250.817:201.831,248.310:201.033,,,,,,,,,,,,,,,,,,,,,,,,,,,,,,,,,,,,,,,,,,,,,,
8318->54272,244.948:162.321,239.844:158.207,233.022:153.415,222.971:147.010,213.369:138.991,216.992:130.220,221.105:119.973,211.572:116.147,202.551:111.363,,,,,,,,,,,,,,,,,,,,,,,,,,,,,,,,,,,,,,,,,,,,,,,,,,,,,,,
8318->58365,244.948:162.321,253.540:169.247,263.170:177.010,273.541:183.542,266.015:190.376,259.506:196.964,261.770:199.201,264.577:200.838,265.934:202.619,268.562:205.911,271.617:208.929,,,,,,,,,,,,,,,,,,,,,,,,,,,,,,,,,,,,,,,,,,,,,,,,,,,,,
8318->60378,244.948:162.321,253.540:169.247,263.170:177.010,273.541:183.542,266.015:190.376,259.506:196.964,253.235:196.647,,,,,,,,,,,,,,,,,,,,,,,,,,,,,,,,,,,,,,,,,,,,,,,,,,,,,,,,,
8318->60450,244.948:162.321,239.844:158.207,233.022:153.415,,,,,,,,,,,,,,,,,,,,,,,,,,,,,,,,,,,,,,,,,,,,,,,,,,,,,,,,,,,,,
8318->62572,244.948:162.321,253.540:169.247,263.170:177.010,273.541:183.542,266.015:190.376,259.506:196.964,261.770:199.201,264.577:200.838,265.934:202.619,264.693:203.237,264.143:205.369,261.236:210.021,258.781:213.446,257.144:211.297,255.017:208.227,253.079:204.706,250.817:201.831,248.310:201.033,246.269:200.091,,,,,,,,,,,,,,,,,,,,,,,,,,,,,,,,,,,,,,,,,,,,,
8318->63927,244.948:162.321,250.837:157.263,256.201:151.742,259.065:147.524,262.142:140.680,255.137:140.236,248.338:138.117,242.392:134.598,,,,,,,,,,,,,,,,,,,,,,,,,,,,,,,,,,,,,,,,,,,,,,,,,,,,,,,,
8318->64018,244.948:162.321,253.540:169.247,263.170:177.010,273.541:183.542,287.395:193.229,294.046:186.564,,,,,,,,,,,,,,,,,,,,,,,,,,,,,,,,,,,,,,,,,,,,,,,,,,,,,,,,,,
8318->66,244.948:162.321,239.844:158.207,233.022:153.415,222.971:147.010,213.369:138.991,197.616:127.354,194.916:125.425,185.207:118.610,172.199:111.308,155.794:103.027,142.814:97.329,130.791:90.707,115.938:83.891,98.846:77.007,89.400:72.165,75.350:65.577,62.374:59.313,54.849:55.263,47.679:49.139,40.809:41.372,35.471:35.856,23.833:26.340,13.949:16.375,,,,,,,,,,,,,,,,,,,,,,,,,,,,,,,,,,,,,,,,,
8318->69762,244.948:162.321,250.837:157.263,256.201:151.742,259.065:147.524,262.142:140.680,255.137:140.236,,,,,,,,,,,,,,,,,,,,,,,,,,,,,,,,,,,,,,,,,,,,,,,,,,,,,,,,,,
8318->69933,244.948:162.321,239.844:158.207,233.022:153.415,222.971:147.010,213.369:138.991,197.616:127.354,194.916:125.425,198.866:118.313,,,,,,,,,,,,,,,,,,,,,,,,,,,,,,,,,,,,,,,,,,,,,,,,,,,,,,,,
8318->71721,244.948:162.321,253.540:169.247,263.170:177.010,273.541:183.542,266.015:190.376,259.506:196.964,261.770:199.201,264.577:200.838,265.934:202.619,268.562:205.911,271.617:208.929,273.745:211.032,271.999:212.799,269.603:216.159,,,,,,,,,,,,,,,,,,,,,,,,,,,,,,,,,,,,,,,,,,,,,,,,,,
8318->72974,244.948:162.321,250.837:157.263,256.201:151.742,,,,,,,,,,,,,,,,,,,,,,,,,,,,,,,,,,,,,,,,,,,,,,,,,,,,,,,,,,,,,
8318->74867,244.948:162.321,239.844:158.207,233.022:153.415,222.971:147.010,213.369:138.991,216.992:130.220,221.105:119.973,211.572:116.147,,,,,,,,,,,,,,,,,,,,,,,,,,,,,,,,,,,,,,,,,,,,,,,,,,,,,,,,
8318->76205,244.948:162.321,253.540:169.247,263.170:177.010,273.541:183.542,287.395:193.229,295.831:199.530,309.789:205.728,323.589:208.748,335.464:209.478,341.921:209.634,342.238:205.594,339.156:200.382,337.035:194.274,337.420:188.101,340.700:181.672,344.595:175.542,347.193:169.199,349.637:164.698,356.323:163.798,360.502:163.991,366.803:162.190,370.983:159.940,373.073:154.252,375.613:149.887,379.265:145.124,380.058:139.488,,,,,,,,,,,,,,,,,,,,,,,,,,,,,,,,,,,,,,
8318->77272,244.948:162.321,253.540:169.247,263.170:177.010,273.541:183.542,287.395:193.229,295.831:199.530,292.873:204.894,288.446:211.872,285.440:216.278,281.103:222.601,276.312:228.590,272.979:230.361,277.165:234.213,,,,,,,,,,,,,,,,,,,,,,,,,,,,,,,,,,,,,,,,,,,,,,,,,,,
8318->79100,244.948:162.321,253.540:169.247,263.170:177.010,273.541:183.542,287.395:193.229,295.831:199.530,292.873:204.894,288.446:211.872,285.440:216.278,281.103:222.601,279.812:220.553,,,,,,,,,,,,,,,,,,,,,,,,,,,,,,,,,,,,,,,,,,,,,,,,,,,,,
8318->81533,244.948:162.321,253.540:169.247,263.170:177.010,273.541:183.542,287.395:193.229,295.831:199.530,309.789:205.728,323.589:208.748,335.464:209.478,341.921:209.634,342.238:205.594,339.156:200.382,337.035:194.274,337.420:188.101,,,,,,,,,,,,,,,,,,,,,,,,,,,,,,,,,,,,,,,,,,,,,,,,,,
8318->84,244.948:162.321,253.540:169.247,263.170:177.010,273.541:183.542,287.395:193.229,295.831:199.530,292.873:204.894,288.446:211.872,285.440:216.278,281.103:222.601,276.312:228.590,272.979:230.361,267.250:233.225,259.282:236.454,254.126:241.349,,,,,,,,,,,,,,,,,,,,,,,,,,,,,,,,,,,,,,,,,,,,,,,,,
8318->87392,244.948:162.321,239.844:158.207,233.022:153.415,222.971:147.010,213.369:138.991,,,,,,,,,,,,,,,,,,,,,,,,,,,,,,,,,,,,,,,,,,,,,,,,,,,,,,,,,,,
8318->88,244.948:162.321,253.540:169.247,263.170:177.010,273.541:183.542,287.395:193.229,295.831:199.530,309.789:205.728,323.589:208.748,335.464:209.478,341.921:209.634,347.233:210.050,362.972:211.453,376.773:212.234,,,,,,,,,,,,,,,,,,,,,,,,,,,,,,,,,,,,,,,,,,,,,,,,,,,
8318->89653,244.948:162.321,253.540:169.247,263.170:177.010,273.541:183.542,287.395:193.229,295.831:199.530,299.242:195.278,302.353:188.697,304.946:184.788,306.078:181.726,,,,,,,,,,,,,,,,,,,,,,,,,,,,,,,,,,,,,,,,,,,,,,,,,,,,,,
8318->9048,244.948:162.321,253.540:169.247,263.170:177.010,273.541:183.542,287.395:193.229,295.831:199.530,299.242:195.278,,,,,,,,,,,,,,,,,,,,,,,,,,,,,,,,,,,,,,,,,,,,,,,,,,,,,,,,,
8318->92674,244.948:162.321,239.844:158.207,234.423:166.563,232.022:166.358,,,,,,,,,,,,,,,,,,,,,,,,,,,,,,,,,,,,,,,,,,,,,,,,,,,,,,,,,,,,
8318->95,244.948:162.321,253.540:169.247,263.170:177.010,273.541:183.542,287.395:193.229,295.831:199.530,309.789:205.728,323.589:208.748,,,,,,,,,,,,,,,,,,,,,,,,,,,,,,,,,,,,,,,,,,,,,,,,,,,,,,,,
8318->95815,244.948:162.321,253.540:169.247,263.170:177.010,273.541:183.542,266.015:190.376,,,,,,,,,,,,,,,,,,,,,,,,,,,,,,,,,,,,,,,,,,,,,,,,,,,,,,,,,,,
8318->97999,244.948:162.321,253.540:169.247,263.170:177.010,273.541:183.542,287.395:193.229,295.831:199.530,309.789:205.728,307.614:210.781,303.921:217.527,303.034:220.186,303.034:224.470,301.553:226.935,304.068:229.591,313.670:231.954,318.762:234.171,,,,,,,,,,,,,,,,,,,,,,,,,,,,,,,,,,,,,,,,,,,,,,,,,
8318->99,244.948:162.321,239.844:158.207,,,,,,,,,,,,,,,,,,,,,,,,,,,,,,,,,,,,,,,,,,,,,,,,,,,,,,,,,,,,,,
83375->13702,289.702:155.541,292.512:160.225,293.252:166.883,295.606:173.922,298.542:180.289,294.046:186.564,287.395:193.229,273.541:183.542,,,,,,,,,,,,,,,,,,,,,,,,,,,,,,,,,,,,,,,,,,,,,,,,,,,,,,,,
83375->17795,289.702:155.541,292.512:160.225,293.252:166.883,295.606:173.922,298.542:180.289,294.046:186.564,287.395:193.229,295.831:199.530,309.789:205.728,323.589:208.748,335.464:209.478,341.921:209.634,342.238:205.594,339.156:200.382,337.035:194.274,337.420:188.101,340.700:181.672,344.595:175.542,347.193:169.199,349.637:164.698,356.323:163.798,360.502:163.991,366.803:162.190,370.983:159.940,373.073:154.252,,,,,,,,,,,,,,,,,,,,,,,,,,,,,,,,,,,,,,,
83375->2344,289.702:155.541,292.512:160.225,293.252:166.883,295.606:173.922,298.542:180.289,294.046:186.564,287.395:193.229,273.541:183.542,263.170:177.010,,,,,,,,,,,,,,,,,,,,,,,,,,,,,,,,,,,,,,,,,,,,,,,,,,,,,,,
83375->86413,289.702:155.541,284.986:152.808,279.519:149.801,278.802:146.350,,,,,,,,,,,,,,,,,,,,,,,,,,,,,,,,,,,,,,,,,,,,,,,,,,,,,,,,,,,,
83375->95,289.702:155.541,292.512:160.225,293.252:166.883,295.606:173.922,298.542:180.289,294.046:186.564,287.395:193.229,295.831:199.530,309.789:205.728,323.589:208.748,,,,,,,,,,,,,,,,,,,,,,,,,,,,,,,,,,,,,,,,,,,,,,,,,,,,,,
84->101,254.126:241.349,246.002:247.443,244.804:252.182,245.377:255.931,252.303:260.983,256.991:265.618,257.355:270.201,,,,,,,,,,,,,,,,,,,,,,,,,,,,,,,,,,,,,,,,,,,,,,,,,,,,,,,,,
84->105,254.126:241.349,259.282:236.454,267.250:233.225,272.979:230.361,276.312:228.590,281.103:222.601,285.440:216.278,288.446:211.872,292.873:204.894,295.831:199.530,287.395:193.229,273.541:183.542,263.170:177.010,253.540:169.247,244.948:162.321,239.844:158.207,233.022:153.415,222.971:147.010,213.369:138.991,197.616:127.354,194.916:125.425,185.207:118.610,172.199:111.308,155.794:103.027,142.814:97.329,,,,,,,,,,,,,,,,,,,,,,,,,,,,,,,,,,,,,,,
84->11404,254.126:241.349,259.282:236.454,267.250:233.225,272.979:230.361,276.312:228.590,281.103:222.601,285.440:216.278,288.446:211.872,292.873:204.894,295.831:199.530,287.395:193.229,294.046:186.564,298.542:180.289,295.606:173.922,,,,,,,,,,,,,,,,,,,,,,,,,,,,,,,,,,,,,,,,,,,,,,,,,,
84->120,254.126:241.349,259.282:236.454,267.250:233.225,272.979:230.361,276.312:228.590,281.103:222.601,285.440:216.278,288.446:211.872,292.873:204.894,295.831:199.530,287.395:193.229,294.046:186.564,298.542:180.289,295.606:173.922,293.252:166.883,292.512:160.225,289.702:155.541,284.986:152.808,279.519:149.801,,,,,,,,,,,,,,,,,,,,,,,,,,,,,,,,,,,,,,,,,,,,,
84->13,254.126:241.349,259.282:236.454,267.250:233.225,272.979:230.361,276.312:228.590,281.103:222.601,285.440:216.278,288.446:211.872,292.873:204.894,295.831:199.530,309.789:205.728,323.589:208.748,335.464:209.478,341.921:209.634,347.233:210.050,362.972:211.453,376.773:212.234,389.688:214.526,399.251:216.457,,,,,,,,,,,,,,,,,,,,,,,,,,,,,,,,,,,,,,,,,,,,,
84->13568,254.126:241.349,259.282:236.454,267.250:233.225,272.979:230.361,276.312:228.590,281.103:222.601,285.440:216.278,288.446:211.872,292.873:204.894,295.831:199.530,287.395:193.229,273.541:183.542,263.170:177.010,253.540:169.247,244.948:162.321,239.844:158.207,233.022:153.415,222.971:147.010,213.369:138.991,216.992:130.220,,,,,,,,,,,,,,,,,,,,,,,,,,,,,,,,,,,,,,,,,,,,
84->13702,254.126:241.349,259.282:236.454,267.250:233.225,272.979:230.361,276.312:228.590,281.103:222.601,285.440:216.278,288.446:211.872,292.873:204.894,295.831:199.530,287.395:193.229,273.541:183.542,,,,,,,,,,,,,,,,,,,,,,,,,,,,,,,,,,,,,,,,,,,,,,,,,,,,
84->14185,254.126:241.349,259.282:236.454,267.250:233.225,272.979:230.361,276.312:228.590,281.103:222.601,285.440:216.278,288.446:211.872,292.873:204.894,295.831:199.530,299.242:195.278,302.353:188.697,304.946:184.788,,,,,,,,,,,,,,,,,,,,,,,,,,,,,,,,,,,,,,,,,,,,,,,,,,,
84->15079,254.126:241.349,259.282:236.454,267.250:233.225,272.979:230.361,276.312:228.590,281.103:222.601,285.440:216.278,288.446:211.872,292.873:204.894,295.831:199.530,309.789:205.728,323.589:208.748,335.464:209.478,341.921:209.634,342.238:205.594,339.156:200.382,337.035:194.274,337.420:188.101,340.700:181.672,344.595:175.542,347.193:169.199,349.637:164.698,,,,,,,,,,,,,,,,,,,,,,,,,,,,,,,,,,,,,,,,,,
84->20601,254.126:241.349,259.282:236.454,267.250:233.225,272.979:230.361,276.312:228.590,281.103:222.601,285.440:216.278,288.446:211.872,292.873:204.894,295.831:199.530,287.395:193.229,294.046:186.564,298.542:180.289,,,,,,,,,,,,,,,,,,,,,,,,,,,,,,,,,,,,,,,,,,,,,,,,,,,
84->21444,254.126:241.349,259.282:236.454,267.250:233.225,272.979:230.361,276.312:228.590,281.103:222.601,285.440:216.278,288.446:211.872,292.873:204.894,295.831:199.530,287.395:193.229,273.541:183.542,263.170:177.010,253.540:169.247,244.948:162.321,250.837:157.263,,,,,,,,,,,,,,,,,,,,,,,,,,,,,,,,,,,,,,,,,,,,,,,,
84->22,254.126:241.349,259.282:236.454,267.250:233.225,272.979:230.361,276.312:228.590,281.103:222.601,285.440:216.278,288.446:211.872,292.873:204.894,295.831:199.530,287.395:193.229,273.541:183.542,263.170:177.010,253.540:169.247,244.948:162.321,239.844:158.207,233.022:153.415,222.971:147.010,213.369:138.991,216.992:130.220,221.105:119.973,211.572:116.147,202.551:111.363,205.899:103.487,,,,,,,,,,,,,,,,,,,,,,,,,,,,,,,,,,,,,,,,
84->22615,254.126:241.349,259.282:236.454,267.250:233.225,272.979:230.361,277.165:234.213,280.995:236.462,284.216:236.645,290.842:240.474,294.611:242.967,298.441:243.818,295.444:246.775,293.130:249.975,,,,,,,,,,,,,,,,,,,,,,,,,,,,,,,,,,,,,,,,,,,,,,,,,,,,
84->23254,254.126:241.349,259.282:236.454,267.250:233.225,272.979:230.361,276.312:228.590,281.103:222.601,285.440:216.278,288.446:211.872,292.873:204.894,295.831:199.530,309.789:205.728,323.589:208.748,335.464:209.478,341.921:209.634,347.233:210.050,346.414:220.501,,,,,,,,,,,,,,,,,,,,,,,,,,,,,,,,,,,,,,,,,,,,,,,,
84->2344,254.126:241.349,259.282:236.454,267.250:233.225,272.979:230.361,276.312:228.590,281.103:222.601,285.440:216.278,288.446:211.872,292.873:204.894,295.831:199.530,287.395:193.229,273.541:183.542,263.170:177.010,,,,,,,,,,,,,,,,,,,,,,,,,,,,,,,,,,,,,,,,,,,,,,,,,,,
84->23449,254.126:241.349,259.282:236.454,267.250:233.225,272.979:230.361,276.312:228.590,281.103:222.601,285.440:216.278,288.446:211.872,292.873:204.894,295.831:199.530,287.395:193.229,273.541:183.542,263.170:177.010,253.540:169.247,244.948:162.321,250.837:157.263,256.201:151.742,259.065:147.524,262.142:140.680,255.137:140.236,248.338:138.117,,,,,,,,,,,,,,,,,,,,,,,,,,,,,,,,,,,,,,,,,,,
84->24817,254.126:241.349,259.282:236.454,267.250:233.225,272.979:230.361,276.312:228.590,281.103:222.601,285.440:216.278,288.446:211.872,292.873:204.894,295.831:199.530,309.789:205.728,323.589:208.748,335.464:209.478,,,,,,,,,,,,,,,,,,,,,,,,,,,,,,,,,,,,,,,,,,,,,,,,,,,
84->25121,254.126:241.349,259.282:236.454,267.250:233.225,272.979:230.361,276.312:228.590,281.103:222.601,285.440:216.278,288.446:211.872,292.873:204.894,295.831:199.530,287.395:193.229,273.541:183.542,263.170:177.010,253.540:169.247,244.948:162.321,239.844:158.207,233.022:153.415,222.971:147.010,213.369:138.991,216.992:130.220,221.105:119.973,231.048:125.270,,,,,,,,,,,,,,,,,,,,,,,,,,,,,,,,,,,,,,,,,,
84->2552,254.126:241.349,259.282:236.454,267.250:233.225,272.979:230.361,276.312:228.590,281.103:222.601,285.440:216.278,288.446:211.872,292.873:204.894,295.831:199.530,309.789:205.728,323.589:208.748,335.464:209.478,341.921:209.634,347.233:210.050,362.972:211.453,376.773:212.234,389.688:214.526,,,,,,,,,,,,,,,,,,,,,,,,,,,,,,,,,,,,,,,,,,,,,,
84->26858,254.126:241.349,259.282:236.454,267.250:233.225,272.979:230.361,276.312:228.590,281.103:222.601,285.440:216.278,288.446:211.872,292.873:204.894,295.831:199.530,309.789:205.728,323.589:208.748,335.464:209.478,341.921:209.634,347.233:210.050,,,,,,,,,,,,,,,,,,,,,,,,,,,,,,,,,,,,,,,,,,,,,,,,,
84->2757,254.126:241.349,259.282:236.454,267.250:233.225,272.979:230.361,276.312:228.590,281.103:222.601,285.440:216.278,288.446:211.872,292.873:204.894,295.831:199.530,299.242:195.278,302.353:188.697,,,,,,,,,,,,,,,,,,,,,,,,,,,,,,,,,,,,,,,,,,,,,,,,,,,,
84->28385,254.126:241.349,259.282:236.454,267.250:233.225,272.979:230.361,276.312:228.590,281.103:222.601,285.440:216.278,288.446:211.872,292.873:204.894,295.831:199.530,309.789:205.728,323.589:208.748,335.464:209.478,341.921:209.634,342.238:205.594,339.156:200.382,337.035:194.274,,,,,,,,,,,,,,,,,,,,,,,,,,,,,,,,,,,,,,,,,,,,,,,
84->2894,254.126:241.349,259.282:236.454,267.250:233.225,272.979:230.361,276.312:228.590,281.103:222.601,285.440:216.278,288.446:211.872,292.873:204.894,295.831:199.530,287.395:193.229,273.541:183.542,263.170:177.010,253.540:169.247,244.948:162.321,239.844:158.207,233.022:153.415,222.971:147.010,213.369:138.991,211.594:141.393,210.584:143.939,,,,,,,,,,,,,,,,,,,,,,,,,,,,,,,,,,,,,,,,,,,
84->29230,254.126:241.349,259.282:236.454,267.250:233.225,272.979:230.361,276.312:228.590,281.103:222.601,285.440:216.278,288.446:211.872,292.873:204.894,295.831:199.530,287.395:193.229,273.541:183.542,263.170:177.010,253.540:169.247,244.948:162.321,250.837:157.263,256.201:151.742,259.065:147.524,262.142:140.680,255.137:140.236,248.338:138.117,242.392:134.598,240.449:129.276,241.499:125.514,,,,,,,,,,,,,,,,,,,,,,,,,,,,,,,,,,,,,,,,
84->29992,254.126:241.349,259.282:236.454,267.250:233.225,272.979:230.361,276.312:228.590,281.103:222.601,285.440:216.278,288.446:211.872,292.873:204.894,295.831:199.530,309.789:205.728,307.614:210.781,,,,,,,,,,,,,,,,,,,,,,,,,,,,,,,,,,,,,,,,,,,,,,,,,,,,
84->31591,254.126:241.349,259.282:236.454,267.250:233.225,272.979:230.361,276.312:228.590,281.103:222.601,285.440:216.278,288.446:211.872,292.873:204.894,295.831:199.530,287.395:193.229,273.541:183.542,263.170:177.010,253.540:169.247,,,,,,,,,,,,,,,,,,,,,,,,,,,,,,,,,,,,,,,,,,,,,,,,,,
84->32,254.126:241.349,259.282:236.454,267.250:233.225,272.979:230.361,276.312:228.590,281.103:222.601,285.440:216.278,288.446:211.872,292.873:204.894,295.831:199.530,287.395:193.229,273.541:183.542,266.015:190.376,259.506:196.964,253.235:196.647,247.361:193.392,240.376:190.296,239.106:185.931,,,,,,,,,,,,,,,,,,,,,,,,,,,,,,,,,,,,,,,,,,,,,,
84->33,254.126:241.349,259.282:236.454,267.250:233.225,272.979:230.361,276.312:228.590,281.103:222.601,285.440:216.278,288.446:211.872,292.873:204.894,295.831:199.530,287.395:193.229,273.541:183.542,263.170:177.010,253.540:169.247,244.948:162.321,239.844:158.207,233.022:153.415,222.971:147.010,213.369:138.991,197.616:127.354,194.916:125.425,,,,,,,,,,,,,,,,,,,,,,,,,,,,,,,,,,,,,,,,,,,
84->34021,254.126:241.349,259.282:236.454,267.250:233.225,272.979:230.361,276.312:228.590,281.103:222.601,279.812:220.553,276.953:219.281,274.514:219.099,272.511:221.038,270.508:222.104,268.214:220.295,265.242:218.679,261.914:216.256,258.781:213.446,257.144:211.297,255.017:208.227,253.079:204.706,250.817:201.831,,,,,,,,,,,,,,,,,,,,,,,,,,,,,,,,,,,,,,,,,,,,,
84->39313,254.126:241.349,246.002:247.443,244.804:252.182,245.377:255.931,252.303:260.983,256.991:265.618,257.355:270.201,260.428:274.263,260.324:280.669,264.282:284.939,267.823:284.002,271.312:281.138,273.364:276.841,274.276:272.403,274.519:267.601,275.066:264.683,,,,,,,,,,,,,,,,,,,,,,,,,,,,,,,,,,,,,,,,,,,,,,,,
84->41841,254.126:241.349,259.282:236.454,267.250:233.225,272.979:230.361,276.312:228.590,281.103:222.601,285.440:216.278,288.446:211.872,292.873:204.894,295.831:199.530,309.789:205.728,323.589:208.748,335.464:209.478,341.921:209.634,342.238:205.594,,,,,,,,,,,,,,,,,,,,,,,,,,,,,,,,,,,,,,,,,,,,,,,,,
84->44615,254.126:241.349,259.282:236.454,267.250:233.225,272.979:230.361,276.312:228.590,281.103:222.601,285.440:216.278,288.446:211.872,292.873:204.894,295.831:199.530,309.789:205.728,,,,,,,,,,,,,,,,,,,,,,,,,,,,,,,,,,,,,,,,,,,,,,,,,,,,,
84->48339,254.126:241.349,259.282:236.454,267.250:233.225,272.979:230.361,276.312:228.590,281.103:222.601,285.440:216.278,288.446:211.872,292.873:204.894,295.831:199.530,309.789:205.728,323.589:208.748,335.464:209.478,341.921:209.634,,,,,,,,,,,,,,,,,,,,,,,,,,,,,,,,,,,,,,,,,,,,,,,,,,
84->49,254.126:241.349,259.282:236.454,267.250:233.225,272.979:230.361,277.165:234.213,280.995:236.462,284.216:236.645,290.842:240.474,294.611:242.967,298.441:243.818,304.155:246.128,305.371:250.930,303.183:255.307,302.149:258.225,306.405:261.082,310.951:262.358,,,,,,,,,,,,,,,,,,,,,,,,,,,,,,,,,,,,,,,,,,,,,,,,
84->5,254.126:241.349,259.282:236.454,267.250:233.225,272.979:230.361,276.312:228.590,281.103:222.601,285.440:216.278,288.446:211.872,292.873:204.894,295.831:199.530,287.395:193.229,,,,,,,,,,,,,,,,,,,,,,,,,,,,,,,,,,,,,,,,,,,,,,,,,,,,,
84->5135,254.126:241.349,259.282:236.454,267.250:233.225,272.979:230.361,276.312:228.590,281.103:222.601,285.440:216.278,288.446:211.872,292.873:204.894,295.831:199.530,287.395:193.229,273.541:183.542,263.170:177.010,253.540:169.247,244.948:162.321,239.844:158.207,233.022:153.415,222.971:147.010,213.369:138.991,197.616:127.354,194.916:125.425,185.207:118.610,,,,,,,,,,,,,,,,,,,,,,,,,,,,,,,,,,,,,,,,,,
84->51552,254.126:241.349,259.282:236.454,267.250:233.225,272.979:230.361,277.165:234.213,280.995:236.462,,,,,,,,,,,,,,,,,,,,,,,,,,,,,,,,,,,,,,,,,,,,,,,,,,,,,,,,,,
84->52367,254.126:241.349,259.282:236.454,267.250:233.225,272.979:230.361,276.312:228.590,281.103:222.601,285.440:216.278,288.446:211.872,294.565:214.523,297.421:215.607,299.489:219.408,303.034:220.186,303.034:224.470,301.553:226.935,304.068:229.591,,,,,,,,,,,,,,,,,,,,,,,,,,,,,,,,,,,,,,,,,,,,,,,,,
84->53303,254.126:241.349,259.282:236.454,267.250:233.225,272.979:230.361,276.312:228.590,281.103:222.601,279.812:220.553,276.953:219.281,274.514:219.099,272.511:221.038,270.508:222.104,268.214:220.295,265.242:218.679,261.914:216.256,258.781:213.446,257.144:211.297,255.017:208.227,253.079:204.706,250.817:201.831,248.310:201.033,,,,,,,,,,,,,,,,,,,,,,,,,,,,,,,,,,,,,,,,,,,,
84->53940,254.126:241.349,259.282:236.454,267.250:233.225,272.979:230.361,276.312:228.590,281.103:222.601,285.440:216.278,288.446:211.872,292.873:204.894,295.831:199.530,287.395:193.229,294.046:186.564,298.542:180.289,295.606:173.922,293.252:166.883,292.512:160.225,289.702:155.541,284.986:152.808,,,,,,,,,,,,,,,,,,,,,,,,,,,,,,,,,,,,,,,,,,,,,,
84->58365,254.126:241.349,259.282:236.454,267.250:233.225,272.979:230.361,276.312:228.590,281.103:222.601,285.440:216.278,283.721:215.043,280.749:214.236,276.735:213.986,273.745:211.032,271.617:208.929,,,,,,,,,,,,,,,,,,,,,,,,,,,,,,,,,,,,,,,,,,,,,,,,,,,,
84->60450,254.126:241.349,259.282:236.454,267.250:233.225,272.979:230.361,276.312:228.590,281.103:222.601,285.440:216.278,288.446:211.872,292.873:204.894,295.831:199.530,287.395:193.229,273.541:183.542,263.170:177.010,253.540:169.247,244.948:162.321,239.844:158.207,233.022:153.415,,,,,,,,,,,,,,,,,,,,,,,,,,,,,,,,,,,,,,,,,,,,,,,
84->60800,254.126:241.349,259.282:236.454,267.250:233.225,272.979:230.361,276.312:228.590,281.103:222.601,279.812:220.553,276.953:219.281,274.514:219.099,272.511:221.038,270.508:222.104,268.214:220.295,265.242:218.679,261.914:216.256,258.781:213.446,257.144:211.297,255.017:208.227,,,,,,,,,,,,,,,,,,,,,,,,,,,,,,,,,,,,,,,,,,,,,,,
84->63253,254.126:241.349,259.282:236.454,267.250:233.225,272.979:230.361,276.312:228.590,281.103:222.601,285.440:216.278,288.446:211.872,292.873:204.894,295.831:199.530,287.395:193.229,294.046:186.564,298.542:180.289,295.606:173.922,293.252:166.883,292.512:160.225,,,,,,,,,,,,,,,,,,,,,,,,,,,,,,,,,,,,,,,,,,,,,,,,
84->63790,254.126:241.349,259.282:236.454,267.250:233.225,272.979:230.361,277.165:234.213,280.995:236.462,284.216:236.645,290.842:240.474,294.611:242.967,298.441:243.818,295.444:246.775,,,,,,,,,,,,,,,,,,,,,,,,,,,,,,,,,,,,,,,,,,,,,,,,,,,,,
84->63927,254.126:241.349,259.282:236.454,267.250:233.225,272.979:230.361,276.312:228.590,281.103:222.601,285.440:216.278,288.446:211.872,292.873:204.894,295.831:199.530,287.395:193.229,273.541:183.542,263.170:177.010,253.540:169.247,244.948:162.321,250.837:157.263,256.201:151.742,259.065:147.524,262.142:140.680,255.137:140.236,248.338:138.117,242.392:134.598,,,,,,,,,,,,,,,,,,,,,,,,,,,,,,,,,,,,,,,,,,
84->64018,254.126:241.349,259.282:236.454,267.250:233.225,272.979:230.361,276.312:228.590,281.103:222.601,285.440:216.278,288.446:211.872,292.873:204.894,295.831:199.530,287.395:193.229,294.046:186.564,,,,,,,,,,,,,,,,,,,,,,,,,,,,,,,,,,,,,,,,,,,,,,,,,,,,
84->66,254.126:241.349,259.282:236.454,267.250:233.225,272.979:230.361,276.312:228.590,281.103:222.601,285.440:216.278,288.446:211.872,292.873:204.894,295.831:199.530,287.395:193.229,273.541:183.542,263.170:177.010,253.540:169.247,244.948:162.321,239.844:158.207,233.022:153.415,222.971:147.010,213.369:138.991,197.616:127.354,194.916:125.425,185.207:118.610,172.199:111.308,155.794:103.027,142.814:97.329,130.791:90.707,115.938:83.891,98.846:77.007,89.400:72.165,75.350:65.577,62.374:59.313,54.849:55.263,47.679:49.139,40.809:41.372,35.471:35.856,23.833:26.340,13.949:16.375,,,,,,,,,,,,,,,,,,,,,,,,,,,
84->69762,254.126:241.349,259.282:236.454,267.250:233.225,272.979:230.361,276.312:228.590,281.103:222.601,285.440:216.278,288.446:211.872,292.873:204.894,295.831:199.530,287.395:193.229,273.541:183.542,263.170:177.010,253.540:169.247,244.948:162.321,250.837:157.263,256.201:151.742,259.065:147.524,262.142:140.680,255.137:140.236,,,,,,,,,,,,,,,,,,,,,,,,,,,,,,,,,,,,,,,,,,,,
84->71721,254.126:241.349,259.282:236.454,267.250:233.225,272.979:230.361,276.312:228.590,281.103:222.601,285.440:216.278,283.721:215.043,280.749:214.236,276.735:213.986,273.745:211.032,271.999:212.799,269.603:216.159,,,,,,,,,,,,,,,,,,,,,,,,,,,,,,,,,,,,,,,,,,,,,,,,,,,
84->72974,254.126:241.349,259.282:236.454,267.250:233.225,272.979:230.361,276.312:228.590,281.103:222.601,285.440:216.278,288.446:211.872,292.873:204.894,295.831:199.530,287.395:193.229,273.541:183.542,263.170:177.010,253.540:169.247,244.948:162.321,250.837:157.263,256.201:151.742,,,,,,,,,,,,,,,,,,,,,,,,,,,,,,,,,,,,,,,,,,,,,,,
84->74523,254.126:241.349,259.282:236.454,267.250:233.225,272.979:230.361,276.312:228.590,281.103:222.601,285.440:216.278,288.446:211.872,292.873:204.894,295.831:199.530,309.789:205.728,323.589:208.748,335.464:209.478,341.921:209.634,342.238:205.594,339.156:200.382,337.035:194.274,337.420:188.101,340.700:181.672,344.595:175.542,347.193:169.199,349.637:164.698,356.323:163.798,360.502:163.991,366.803:162.190,370.983:159.940,373.073:154.252,375.613:149.887,379.265:145.124,380.058:139.488,380.579:129.453,380.448:122.917,376.784:117.838,374.253:113.458,372.904:107.029,,,,,,,,,,,,,,,,,,,,,,,,,,,,,
84->76205,254.126:241.349,259.282:236.454,267.250:233.225,272.979:230.361,276.312:228.590,281.103:222.601,285.440:216.278,288.446:211.872,292.873:204.894,295.831:199.530,309.789:205.728,323.589:208.748,335.464:209.478,341.921:209.634,342.238:205.594,339.156:200.382,337.035:194.274,337.420:188.101,340.700:181.672,344.595:175.542,347.193:169.199,349.637:164.698,356.323:163.798,360.502:163.991,366.803:162.190,370.983:159.940,373.073:154.252,375.613:149.887,379.265:145.124,380.058:139.488,,,,,,,,,,,,,,,,,,,,,,,,,,,,,,,,,,
84->80124,254.126:241.349,259.282:236.454,267.250:233.225,272.979:230.361,276.312:228.590,281.103:222.601,285.440:216.278,288.446:211.872,292.873:204.894,295.831:199.530,287.395:193.229,294.046:186.564,298.542:180.289,295.606:173.922,293.252:166.883,,,,,,,,,,,,,,,,,,,,,,,,,,,,,,,,,,,,,,,,,,,,,,,,,
84->8318,254.126:241.349,259.282:236.454,267.250:233.225,272.979:230.361,276.312:228.590,281.103:222.601,285.440:216.278,288.446:211.872,292.873:204.894,295.831:199.530,287.395:193.229,273.541:183.542,263.170:177.010,253.540:169.247,244.948:162.321,,,,,,,,,,,,,,,,,,,,,,,,,,,,,,,,,,,,,,,,,,,,,,,,,
84->87392,254.126:241.349,259.282:236.454,267.250:233.225,272.979:230.361,276.312:228.590,281.103:222.601,285.440:216.278,288.446:211.872,292.873:204.894,295.831:199.530,287.395:193.229,273.541:183.542,263.170:177.010,253.540:169.247,244.948:162.321,239.844:158.207,233.022:153.415,222.971:147.010,213.369:138.991,,,,,,,,,,,,,,,,,,,,,,,,,,,,,,,,,,,,,,,,,,,,,
84->88,254.126:241.349,259.282:236.454,267.250:233.225,272.979:230.361,276.312:228.590,281.103:222.601,285.440:216.278,288.446:211.872,292.873:204.894,295.831:199.530,309.789:205.728,323.589:208.748,335.464:209.478,341.921:209.634,347.233:210.050,362.972:211.453,376.773:212.234,,,,,,,,,,,,,,,,,,,,,,,,,,,,,,,,,,,,,,,,,,,,,,,
84->9048,254.126:241.349,259.282:236.454,267.250:233.225,272.979:230.361,276.312:228.590,281.103:222.601,285.440:216.278,288.446:211.872,292.873:204.894,295.831:199.530,299.242:195.278,,,,,,,,,,,,,,,,,,,,,,,,,,,,,,,,,,,,,,,,,,,,,,,,,,,,,
84->92071,254.126:241.349,259.282:236.454,267.250:233.225,272.979:230.361,277.165:234.213,280.995:236.462,284.216:236.645,290.842:240.474,294.611:242.967,298.441:243.818,295.444:246.775,293.130:249.975,289.092:249.828,284.759:248.203,,,,,,,,,,,,,,,,,,,,,,,,,,,,,,,,,,,,,,,,,,,,,,,,,,
84->93266,254.126:241.349,259.282:236.454,267.250:233.225,272.979:230.361,276.312:228.590,281.103:222.601,285.440:216.278,288.446:211.872,294.565:214.523,297.421:215.607,299.489:219.408,303.034:220.186,303.921:217.527,,,,,,,,,,,,,,,,,,,,,,,,,,,,,,,,,,,,,,,,,,,,,,,,,,,
84->95,254.126:241.349,259.282:236.454,267.250:233.225,272.979:230.361,276.312:228.590,281.103:222.601,285.440:216.278,288.446:211.872,292.873:204.894,295.831:199.530,309.789:205.728,323.589:208.748,,,,,,,,,,,,,,,,,,,,,,,,,,,,,,,,,,,,,,,,,,,,,,,,,,,,
84->96,254.126:241.349,259.282:236.454,267.250:233.225,272.979:230.361,276.312:228.590,281.103:222.601,285.440:216.278,288.446:211.872,292.873:204.894,295.831:199.530,287.395:193.229,273.541:183.542,263.170:177.010,253.540:169.247,244.948:162.321,239.844:158.207,233.022:153.415,222.971:147.010,213.369:138.991,197.616:127.354,194.916:125.425,185.207:118.610,172.199:111.308,155.794:103.027,142.814:97.329,130.791:90.707,115.938:83.891,98.846:77.007,89.400:72.165,75.350:65.577,62.374:59.313,,,,,,,,,,,,,,,,,,,,,,,,,,,,,,,,,
84->97999,254.126:241.349,259.282:236.454,267.250:233.225,272.979:230.361,276.312:228.590,281.103:222.601,285.440:216.278,288.446:211.872,294.565:214.523,297.421:215.607,299.489:219.408,303.034:220.186,303.034:224.470,301.553:226.935,304.068:229.591,313.670:231.954,318.762:234.171,,,,,,,,,,,,,,,,,,,,,,,,,,,,,,,,,,,,,,,,,,,,,,,
84->99,254.126:241.349,259.282:236.454,267.250:233.225,272.979:230.361,276.312:228.590,281.103:222.601,285.440:216.278,288.446:211.872,292.873:204.894,295.831:199.530,287.395:193.229,273.541:183.542,263.170:177.010,253.540:169.247,244.948:162.321,239.844:158.207,,,,,,,,,,,,,,,,,,,,,,,,,,,,,,,,,,,,,,,,,,,,,,,,
84156->13,211.594:141.393,213.369:138.991,222.971:147.010,233.022:153.415,239.844:158.207,244.948:162.321,253.540:169.247,263.170:177.010,273.541:183.542,287.395:193.229,295.831:199.530,309.789:205.728,323.589:208.748,335.464:209.478,341.921:209.634,347.233:210.050,362.972:211.453,376.773:212.234,389.688:214.526,399.251:216.457,,,,,,,,,,,,,,,,,,,,,,,,,,,,,,,,,,,,,,,,,,,,
84156->29230,211.594:141.393,213.369:138.991,216.992:130.220,221.105:119.973,231.048:125.270,240.449:129.276,241.499:125.514,,,,,,,,,,,,,,,,,,,,,,,,,,,,,,,,,,,,,,,,,,,,,,,,,,,,,,,,,
84156->31591,211.594:141.393,213.369:138.991,222.971:147.010,233.022:153.415,239.844:158.207,244.948:162.321,253.540:169.247,,,,,,,,,,,,,,,,,,,,,,,,,,,,,,,,,,,,,,,,,,,,,,,,,,,,,,,,,
84156->32,211.594:141.393,213.369:138.991,222.971:147.010,233.022:153.415,239.844:158.207,234.423:166.563,233.788:176.485,234.820:180.374,239.106:185.931,,,,,,,,,,,,,,,,,,,,,,,,,,,,,,,,,,,,,,,,,,,,,,,,,,,,,,,
84156->5,211.594:141.393,213.369:138.991,222.971:147.010,233.022:153.415,239.844:158.207,244.948:162.321,253.540:169.247,263.170:177.010,273.541:183.542,287.395:193.229,,,,,,,,,,,,,,,,,,,,,,,,,,,,,,,,,,,,,,,,,,,,,,,,,,,,,,
84156->82985,211.594:141.393,210.584:143.939,210.732:148.125,,,,,,,,,,,,,,,,,,,,,,,,,,,,,,,,,,,,,,,,,,,,,,,,,,,,,,,,,,,,,
84156->95815,211.594:141.393,213.369:138.991,222.971:147.010,233.022:153.415,239.844:158.207,244.948:162.321,253.540:169.247,263.170:177.010,273.541:183.542,266.015:190.376,,,,,,,,,,,,,,,,,,,,,,,,,,,,,,,,,,,,,,,,,,,,,,,,,,,,,,
85873->120,326.689:238.012,318.762:234.171,313.670:231.954,304.068:229.591,301.553:226.935,303.034:224.470,303.034:220.186,303.921:217.527,307.614:210.781,309.789:205.728,295.831:199.530,287.395:193.229,294.046:186.564,298.542:180.289,295.606:173.922,293.252:166.883,292.512:160.225,289.702:155.541,284.986:152.808,279.519:149.801,,,,,,,,,,,,,,,,,,,,,,,,,,,,,,,,,,,,,,,,,,,,
85873->13,326.689:238.012,333.435:238.898,339.995:239.670,342.284:235.228,347.233:231.470,346.414:220.501,347.233:210.050,362.972:211.453,376.773:212.234,389.688:214.526,399.251:216.457,,,,,,,,,,,,,,,,,,,,,,,,,,,,,,,,,,,,,,,,,,,,,,,,,,,,,
85873->26858,326.689:238.012,333.435:238.898,339.995:239.670,342.284:235.228,347.233:231.470,346.414:220.501,347.233:210.050,,,,,,,,,,,,,,,,,,,,,,,,,,,,,,,,,,,,,,,,,,,,,,,,,,,,,,,,,
85873->41841,326.689:238.012,333.435:238.898,339.995:239.670,342.284:235.228,347.233:231.470,346.414:220.501,347.233:210.050,341.921:209.634,342.238:205.594,,,,,,,,,,,,,,,,,,,,,,,,,,,,,,,,,,,,,,,,,,,,,,,,,,,,,,,
85873->44615,326.689:238.012,318.762:234.171,313.670:231.954,304.068:229.591,301.553:226.935,303.034:224.470,303.034:220.186,303.921:217.527,307.614:210.781,309.789:205.728,,,,,,,,,,,,,,,,,,,,,,,,,,,,,,,,,,,,,,,,,,,,,,,,,,,,,,
85873->49,326.689:238.012,333.435:238.898,339.995:239.670,337.398:245.240,333.639:250.297,327.249:249.579,324.140:249.853,323.730:252.620,319.322:252.825,317.921:257.472,310.951:262.358,,,,,,,,,,,,,,,,,,,,,,,,,,,,,,,,,,,,,,,,,,,,,,,,,,,,,
85873->5,326.689:238.012,318.762:234.171,313.670:231.954,304.068:229.591,301.553:226.935,303.034:224.470,303.034:220.186,303.921:217.527,307.614:210.781,309.789:205.728,295.831:199.530,287.395:193.229,,,,,,,,,,,,,,,,,,,,,,,,,,,,,,,,,,,,,,,,,,,,,,,,,,,,
85873->58826,326.689:238.012,333.435:238.898,339.995:239.670,342.284:235.228,347.233:231.470,346.414:220.501,347.233:210.050,341.921:209.634,342.238:205.594,339.156:200.382,337.035:194.274,337.420:188.101,340.700:181.672,,,,,,,,,,,,,,,,,,,,,,,,,,,,,,,,,,,,,,,,,,,,,,,,,,,
85873->76205,326.689:238.012,333.435:238.898,339.995:239.670,342.284:235.228,347.233:231.470,346.414:220.501,347.233:210.050,362.972:211.453,376.773:212.234,377.269:207.599,376.158:201.725,370.983:196.328,367.109:189.263,368.141:182.992,370.983:179.262,374.094:172.594,373.541:164.692,370.983:159.940,373.073:154.252,375.613:149.887,379.265:145.124,380.058:139.488,,,,,,,,,,,,,,,,,,,,,,,,,,,,,,,,,,,,,,,,,,
85873->9048,326.689:238.012,318.762:234.171,313.670:231.954,304.068:229.591,301.553:226.935,303.034:224.470,303.034:220.186,303.921:217.527,307.614:210.781,309.789:205.728,295.831:199.530,299.242:195.278,,,,,,,,,,,,,,,,,,,,,,,,,,,,,,,,,,,,,,,,,,,,,,,,,,,,
85873->91020,326.689:238.012,333.435:238.898,339.995:239.670,342.284:235.228,347.233:231.470,346.414:220.501,347.233:210.050,362.972:211.453,,,,,,,,,,,,,,,,,,,,,,,,,,,,,,,,,,,,,,,,,,,,,,,,,,,,,,,,
85873->95,326.689:238.012,333.435:238.898,339.995:239.670,342.284:235.228,347.233:231.470,346.414:220.501,347.233:210.050,341.921:209.634,335.464:209.478,323.589:208.748,,,,,,,,,,,,,,,,,,,,,,,,,,,,,,,,,,,,,,,,,,,,,,,,,,,,,,
86413->13702,278.802:146.350,279.519:149.801,284.986:152.808,289.702:155.541,292.512:160.225,293.252:166.883,295.606:173.922,298.542:180.289,294.046:186.564,287.395:193.229,273.541:183.542,,,,,,,,,,,,,,,,,,,,,,,,,,,,,,,,,,,,,,,,,,,,,,,,,,,,,
86413->24817,278.802:146.350,279.519:149.801,284.986:152.808,289.702:155.541,292.512:160.225,293.252:166.883,295.606:173.922,298.542:180.289,294.046:186.564,287.395:193.229,295.831:199.530,309.789:205.728,323.589:208.748,335.464:209.478,,,,,,,,,,,,,,,,,,,,,,,,,,,,,,,,,,,,,,,,,,,,,,,,,,
86413->60450,278.802:146.350,273.596:142.477,269.223:140.680,262.142:140.680,259.065:147.524,256.201:151.742,250.837:157.263,244.948:162.321,239.844:158.207,233.022:153.415,,,,,,,,,,,,,,,,,,,,,,,,,,,,,,,,,,,,,,,,,,,,,,,,,,,,,,
86413->63253,278.802:146.350,279.519:149.801,284.986:152.808,289.702:155.541,292.512:160.225,,,,,,,,,,,,,,,,,,,,,,,,,,,,,,,,,,,,,,,,,,,,,,,,,,,,,,,,,,,
86413->72897,278.802:146.350,279.519:149.801,284.986:152.808,289.702:155.541,292.512:160.225,293.252:166.883,295.606:173.922,298.542:180.289,294.046:186.564,287.395:193.229,295.831:199.530,309.789:205.728,323.589:208.748,335.464:209.478,341.921:209.634,347.233:210.050,362.972:211.453,376.773:212.234,377.269:207.599,376.158:201.725,370.983:196.328,367.109:189.263,368.141:182.992,370.983:179.262,,,,,,,,,,,,,,,,,,,,,,,,,,,,,,,,,,,,,,,,
86413->80124,278.802:146.350,279.519:149.801,284.986:152.808,289.702:155.541,292.512:160.225,293.252:166.883,,,,,,,,,,,,,,,,,,,,,,,,,,,,,,,,,,,,,,,,,,,,,,,,,,,,,,,,,,
86413->89653,278.802:146.350,279.519:149.801,284.986:152.808,289.702:155.541,292.512:160.225,293.252:166.883,295.606:173.922,298.583:174.490,302.782:177.268,304.882:179.465,306.078:181.726,,,,,,,,,,,,,,,,,,,,,,,,,,,,,,,,,,,,,,,,,,,,,,,,,,,,,
86413->96,278.802:146.350,273.596:142.477,269.223:140.680,262.142:140.680,255.137:140.236,248.338:138.117,242.392:134.598,240.449:129.276,231.048:125.270,221.105:119.973,211.572:116.147,202.551:111.363,198.866:118.313,194.916:125.425,185.207:118.610,172.199:111.308,155.794:103.027,142.814:97.329,130.791:90.707,115.938:83.891,98.846:77.007,89.400:72.165,75.350:65.577,62.374:59.313,,,,,,,,,,,,,,,,,,,,,,,,,,,,,,,,,,,,,,,,
87392->105,213.369:138.991,197.616:127.354,194.916:125.425,185.207:118.610,172.199:111.308,155.794:103.027,142.814:97.329,,,,,,,,,,,,,,,,,,,,,,,,,,,,,,,,,,,,,,,,,,,,,,,,,,,,,,,,,
87392->11404,213.369:138.991,222.971:147.010,233.022:153.415,239.844:158.207,244.948:162.321,253.540:169.247,263.170:177.010,273.541:183.542,287.395:193.229,294.046:186.564,298.542:180.289,295.606:173.922,,,,,,,,,,,,,,,,,,,,,,,,,,,,,,,,,,,,,,,,,,,,,,,,,,,,
87392->11881,213.369:138.991,222.971:147.010,,,,,,,,,,,,,,,,,,,,,,,,,,,,,,,,,,,,,,,,,,,,,,,,,,,,,,,,,,,,,,
87392->120,213.369:138.991,222.971:147.010,233.022:153.415,239.844:158.207,244.948:162.321,250.837:157.263,256.201:151.742,259.065:147.524,262.142:140.680,269.223:140.680,273.596:142.477,278.802:146.350,279.519:149.801,,,,,,,,,,,,,,,,,,,,,,,,,,,,,,,,,,,,,,,,,,,,,,,,,,,
87392->13568,213.369:138.991,216.992:130.220,,,,,,,,,,,,,,,,,,,,,,,,,,,,,,,,,,,,,,,,,,,,,,,,,,,,,,,,,,,,,,
87392->22,213.369:138.991,216.992:130.220,221.105:119.973,211.572:116.147,202.551:111.363,205.899:103.487,,,,,,,,,,,,,,,,,,,,,,,,,,,,,,,,,,,,,,,,,,,,,,,,,,,,,,,,,,
87392->2344,213.369:138.991,222.971:147.010,233.022:153.415,239.844:158.207,244.948:162.321,253.540:169.247,263.170:177.010,,,,,,,,,,,,,,,,,,,,,,,,,,,,,,,,,,,,,,,,,,,,,,,,,,,,,,,,,
87392->25121,213.369:138.991,216.992:130.220,221.105:119.973,231.048:125.270,,,,,,,,,,,,,,,,,,,,,,,,,,,,,,,,,,,,,,,,,,,,,,,,,,,,,,,,,,,,
87392->30732,213.369:138.991,197.616:127.354,194.916:125.425,185.207:118.610,172.199:111.308,,,,,,,,,,,,,,,,,,,,,,,,,,,,,,,,,,,,,,,,,,,,,,,,,,,,,,,,,,,
87392->31591,213.369:138.991,222.971:147.010,233.022:153.415,239.844:158.207,244.948:162.321,253.540:169.247,,,,,,,,,,,,,,,,,,,,,,,,,,,,,,,,,,,,,,,,,,,,,,,,,,,,,,,,,,
87392->32,213.369:138.991,222.971:147.010,233.022:153.415,239.844:158.207,234.423:166.563,233.788:176.485,234.820:180.374,239.106:185.931,,,,,,,,,,,,,,,,,,,,,,,,,,,,,,,,,,,,,,,,,,,,,,,,,,,,,,,,
87392->33,213.369:138.991,197.616:127.354,194.916:125.425,,,,,,,,,,,,,,,,,,,,,,,,,,,,,,,,,,,,,,,,,,,,,,,,,,,,,,,,,,,,,
87392->44615,213.369:138.991,222.971:147.010,233.022:153.415,239.844:158.207,244.948:162.321,253.540:169.247,263.170:177.010,273.541:183.542,287.395:193.229,295.831:199.530,309.789:205.728,,,,,,,,,,,,,,,,,,,,,,,,,,,,,,,,,,,,,,,,,,,,,,,,,,,,,
87392->49,213.369:138.991,222.971:147.010,233.022:153.415,239.844:158.207,244.948:162.321,253.540:169.247,263.170:177.010,273.541:183.542,287.395:193.229,295.831:199.530,309.789:205.728,323.589:208.748,335.464:209.478,341.921:209.634,347.233:210.050,346.414:220.501,347.233:231.470,342.284:235.228,339.995:239.670,337.398:245.240,333.639:250.297,327.249:249.579,324.140:249.853,323.730:252.620,319.322:252.825,317.921:257.472,310.951:262.358,,,,,,,,,,,,,,,,,,,,,,,,,,,,,,,,,,,,,
87392->5135,213.369:138.991,197.616:127.354,194.916:125.425,185.207:118.610,,,,,,,,,,,,,,,,,,,,,,,,,,,,,,,,,,,,,,,,,,,,,,,,,,,,,,,,,,,,
87392->54272,213.369:138.991,197.616:127.354,194.916:125.425,198.866:118.313,202.551:111.363,,,,,,,,,,,,,,,,,,,,,,,,,,,,,,,,,,,,,,,,,,,,,,,,,,,,,,,,,,,
87392->5451,213.369:138.991,222.971:147.010,233.022:153.415,239.844:158.207,244.948:162.321,253.540:169.247,263.170:177.010,273.541:183.542,266.015:190.376,259.506:196.964,261.770:199.201,264.577:200.838,,,,,,,,,,,,,,,,,,,,,,,,,,,,,,,,,,,,,,,,,,,,,,,,,,,,
87392->60450,213.369:138.991,222.971:147.010,233.022:153.415,,,,,,,,,,,,,,,,,,,,,,,,,,,,,,,,,,,,,,,,,,,,,,,,,,,,,,,,,,,,,
87392->63927,213.369:138.991,216.992:130.220,221.105:119.973,231.048:125.270,240.449:129.276,242.392:134.598,,,,,,,,,,,,,,,,,,,,,,,,,,,,,,,,,,,,,,,,,,,,,,,,,,,,,,,,,,
87392->67169,213.369:138.991,197.616:127.354,195.119:131.075,,,,,,,,,,,,,,,,,,,,,,,,,,,,,,,,,,,,,,,,,,,,,,,,,,,,,,,,,,,,,
87392->72974,213.369:138.991,222.971:147.010,233.022:153.415,239.844:158.207,244.948:162.321,250.837:157.263,256.201:151.742,,,,,,,,,,,,,,,,,,,,,,,,,,,,,,,,,,,,,,,,,,,,,,,,,,,,,,,,,
87392->74867,213.369:138.991,216.992:130.220,221.105:119.973,211.572:116.147,,,,,,,,,,,,,,,,,,,,,,,,,,,,,,,,,,,,,,,,,,,,,,,,,,,,,,,,,,,,
87392->75205,213.369:138.991,222.971:147.010,233.022:153.415,239.844:158.207,244.948:162.321,250.837:157.263,256.201:151.742,259.065:147.524,,,,,,,,,,,,,,,,,,,,,,,,,,,,,,,,,,,,,,,,,,,,,,,,,,,,,,,,
87392->8318,213.369:138.991,222.971:147.010,233.022:153.415,239.844:158.207,244.948:162.321,,,,,,,,,,,,,,,,,,,,,,,,,,,,,,,,,,,,,,,,,,,,,,,,,,,,,,,,,,,
87392->93162,213.369:138.991,197.616:127.354,,,,,,,,,,,,,,,,,,,,,,,,,,,,,,,,,,,,,,,,,,,,,,,,,,,,,,,,,,,,,,
87392->95,213.369:138.991,222.971:147.010,233.022:153.415,239.844:158.207,244.948:162.321,253.540:169.247,263.170:177.010,273.541:183.542,287.395:193.229,295.831:199.530,309.789:205.728,323.589:208.748,,,,,,,,,,,,,,,,,,,,,,,,,,,,,,,,,,,,,,,,,,,,,,,,,,,,
87392->99,213.369:138.991,222.971:147.010,233.022:153.415,239.844:158.207,,,,,,,,,,,,,,,,,,,,,,,,,,,,,,,,,,,,,,,,,,,,,,,,,,,,,,,,,,,,
88->101,376.773:212.234,362.972:211.453,347.233:210.050,341.921:209.634,335.464:209.478,323.589:208.748,309.789:205.728,295.831:199.530,292.873:204.894,288.446:211.872,285.440:216.278,281.103:222.601,276.312:228.590,272.979:230.361,267.250:233.225,259.282:236.454,254.126:241.349,246.002:247.443,244.804:252.182,245.377:255.931,252.303:260.983,256.991:265.618,257.355:270.201,,,,,,,,,,,,,,,,,,,,,,,,,,,,,,,,,,,,,,,,,
88->105,376.773:212.234,362.972:211.453,347.233:210.050,341.921:209.634,335.464:209.478,323.589:208.748,309.789:205.728,295.831:199.530,287.395:193.229,273.541:183.542,263.170:177.010,253.540:169.247,244.948:162.321,239.844:158.207,233.022:153.415,222.971:147.010,213.369:138.991,197.616:127.354,194.916:125.425,185.207:118.610,172.199:111.308,155.794:103.027,142.814:97.329,,,,,,,,,,,,,,,,,,,,,,,,,,,,,,,,,,,,,,,,,
88->11881,376.773:212.234,362.972:211.453,347.233:210.050,341.921:209.634,335.464:209.478,323.589:208.748,309.789:205.728,295.831:199.530,287.395:193.229,273.541:183.542,263.170:177.010,253.540:169.247,244.948:162.321,239.844:158.207,233.022:153.415,222.971:147.010,,,,,,,,,,,,,,,,,,,,,,,,,,,,,,,,,,,,,,,,,,,,,,,,
88->120,376.773:212.234,362.972:211.453,347.233:210.050,341.921:209.634,335.464:209.478,323.589:208.748,309.789:205.728,295.831:199.530,287.395:193.229,294.046:186.564,298.542:180.289,295.606:173.922,293.252:166.883,292.512:160.225,289.702:155.541,284.986:152.808,279.519:149.801,,,,,,,,,,,,,,,,,,,,,,,,,,,,,,,,,,,,,,,,,,,,,,,
88->13,376.773:212.234,389.688:214.526,399.251:216.457,,,,,,,,,,,,,,,,,,,,,,,,,,,,,,,,,,,,,,,,,,,,,,,,,,,,,,,,,,,,,
88->13568,376.773:212.234,362.972:211.453,347.233:210.050,341.921:209.634,335.464:209.478,323.589:208.748,309.789:205.728,295.831:199.530,287.395:193.229,273.541:183.542,263.170:177.010,253.540:169.247,244.948:162.321,239.844:158.207,233.022:153.415,222.971:147.010,213.369:138.991,216.992:130.220,,,,,,,,,,,,,,,,,,,,,,,,,,,,,,,,,,,,,,,,,,,,,,
88->13702,376.773:212.234,362.972:211.453,347.233:210.050,341.921:209.634,335.464:209.478,323.589:208.748,309.789:205.728,295.831:199.530,287.395:193.229,273.541:183.542,,,,,,,,,,,,,,,,,,,,,,,,,,,,,,,,,,,,,,,,,,,,,,,,,,,,,,
88->13852,376.773:212.234,362.972:211.453,347.233:210.050,341.921:209.634,342.238:205.594,339.156:200.382,337.035:194.274,337.420:188.101,340.700:181.672,344.595:175.542,347.193:169.199,,,,,,,,,,,,,,,,,,,,,,,,,,,,,,,,,,,,,,,,,,,,,,,,,,,,,
88->14185,376.773:212.234,362.972:211.453,347.233:210.050,341.921:209.634,335.464:209.478,323.589:208.748,309.789:205.728,295.831:199.530,299.242:195.278,302.353:188.697,304.946:184.788,,,,,,,,,,,,,,,,,,,,,,,,,,,,,,,,,,,,,,,,,,,,,,,,,,,,,
88->21444,376.773:212.234,362.972:211.453,347.233:210.050,341.921:209.634,335.464:209.478,323.589:208.748,309.789:205.728,295.831:199.530,287.395:193.229,273.541:183.542,263.170:177.010,253.540:169.247,244.948:162.321,250.837:157.263,,,,,,,,,,,,,,,,,,,,,,,,,,,,,,,,,,,,,,,,,,,,,,,,,,
88->22,376.773:212.234,362.972:211.453,347.233:210.050,341.921:209.634,335.464:209.478,323.589:208.748,309.789:205.728,295.831:199.530,287.395:193.229,273.541:183.542,263.170:177.010,253.540:169.247,244.948:162.321,239.844:158.207,233.022:153.415,222.971:147.010,213.369:138.991,216.992:130.220,221.105:119.973,211.572:116.147,202.551:111.363,205.899:103.487,,,,,,,,,,,,,,,,,,,,,,,,,,,,,,,,,,,,,,,,,,
88->22615,376.773:212.234,362.972:211.453,347.233:210.050,341.921:209.634,335.464:209.478,323.589:208.748,309.789:205.728,295.831:199.530,292.873:204.894,288.446:211.872,285.440:216.278,281.103:222.601,276.312:228.590,272.979:230.361,277.165:234.213,280.995:236.462,284.216:236.645,290.842:240.474,294.611:242.967,298.441:243.818,295.444:246.775,293.130:249.975,,,,,,,,,,,,,,,,,,,,,,,,,,,,,,,,,,,,,,,,,,
88->23254,376.773:212.234,362.972:211.453,347.233:210.050,346.414:220.501,,,,,,,,,,,,,,,,,,,,,,,,,,,,,,,,,,,,,,,,,,,,,,,,,,,,,,,,,,,,
88->2344,376.773:212.234,362.972:211.453,347.233:210.050,341.921:209.634,335.464:209.478,323.589:208.748,309.789:205.728,295.831:199.530,287.395:193.229,273.541:183.542,263.170:177.010,,,,,,,,,,,,,,,,,,,,,,,,,,,,,,,,,,,,,,,,,,,,,,,,,,,,,
88->23449,376.773:212.234,362.972:211.453,347.233:210.050,341.921:209.634,335.464:209.478,323.589:208.748,309.789:205.728,295.831:199.530,287.395:193.229,273.541:183.542,263.170:177.010,253.540:169.247,244.948:162.321,250.837:157.263,256.201:151.742,259.065:147.524,262.142:140.680,255.137:140.236,248.338:138.117,,,,,,,,,,,,,,,,,,,,,,,,,,,,,,,,,,,,,,,,,,,,,
88->24143,376.773:212.234,377.269:207.599,376.158:201.725,370.983:196.328,367.109:189.263,368.141:182.992,370.983:179.262,374.094:172.594,,,,,,,,,,,,,,,,,,,,,,,,,,,,,,,,,,,,,,,,,,,,,,,,,,,,,,,,
88->24817,376.773:212.234,362.972:211.453,347.233:210.050,341.921:209.634,335.464:209.478,,,,,,,,,,,,,,,,,,,,,,,,,,,,,,,,,,,,,,,,,,,,,,,,,,,,,,,,,,,
88->2505,376.773:212.234,362.972:211.453,347.233:210.050,341.921:209.634,335.464:209.478,323.589:208.748,309.789:205.728,295.831:199.530,292.873:204.894,288.446:211.872,285.440:216.278,283.721:215.043,,,,,,,,,,,,,,,,,,,,,,,,,,,,,,,,,,,,,,,,,,,,,,,,,,,,
88->2552,376.773:212.234,389.688:214.526,,,,,,,,,,,,,,,,,,,,,,,,,,,,,,,,,,,,,,,,,,,,,,,,,,,,,,,,,,,,,,
88->26858,376.773:212.234,362.972:211.453,347.233:210.050,,,,,,,,,,,,,,,,,,,,,,,,,,,,,,,,,,,,,,,,,,,,,,,,,,,,,,,,,,,,,
88->2894,376.773:212.234,362.972:211.453,347.233:210.050,341.921:209.634,335.464:209.478,323.589:208.748,309.789:205.728,295.831:199.530,287.395:193.229,273.541:183.542,263.170:177.010,253.540:169.247,244.948:162.321,239.844:158.207,233.022:153.415,222.971:147.010,213.369:138.991,211.594:141.393,210.584:143.939,,,,,,,,,,,,,,,,,,,,,,,,,,,,,,,,,,,,,,,,,,,,,
88->29230,376.773:212.234,362.972:211.453,347.233:210.050,341.921:209.634,335.464:209.478,323.589:208.748,309.789:205.728,295.831:199.530,287.395:193.229,273.541:183.542,263.170:177.010,253.540:169.247,244.948:162.321,250.837:157.263,256.201:151.742,259.065:147.524,262.142:140.680,255.137:140.236,248.338:138.117,242.392:134.598,240.449:129.276,241.499:125.514,,,,,,,,,,,,,,,,,,,,,,,,,,,,,,,,,,,,,,,,,,
88->29250,376.773:212.234,362.972:211.453,347.233:210.050,341.921:209.634,335.464:209.478,323.589:208.748,309.789:205.728,295.831:199.530,287.395:193.229,294.046:186.564,298.542:180.289,295.606:173.922,298.583:174.490,302.782:177.268,,,,,,,,,,,,,,,,,,,,,,,,,,,,,,,,,,,,,,,,,,,,,,,,,,
88->29992,376.773:212.234,362.972:211.453,347.233:210.050,341.921:209.634,335.464:209.478,323.589:208.748,309.789:205.728,307.614:210.781,,,,,,,,,,,,,,,,,,,,,,,,,,,,,,,,,,,,,,,,,,,,,,,,,,,,,,,,
88->30620,376.773:212.234,362.972:211.453,347.233:210.050,341.921:209.634,342.238:205.594,339.156:200.382,,,,,,,,,,,,,,,,,,,,,,,,,,,,,,,,,,,,,,,,,,,,,,,,,,,,,,,,,,
88->30645,376.773:212.234,377.269:207.599,376.158:201.725,370.983:196.328,,,,,,,,,,,,,,,,,,,,,,,,,,,,,,,,,,,,,,,,,,,,,,,,,,,,,,,,,,,,
88->31591,376.773:212.234,362.972:211.453,347.233:210.050,341.921:209.634,335.464:209.478,323.589:208.748,309.789:205.728,295.831:199.530,287.395:193.229,273.541:183.542,263.170:177.010,253.540:169.247,,,,,,,,,,,,,,,,,,,,,,,,,,,,,,,,,,,,,,,,,,,,,,,,,,,,
88->32,376.773:212.234,362.972:211.453,347.233:210.050,341.921:209.634,335.464:209.478,323.589:208.748,309.789:205.728,295.831:199.530,287.395:193.229,273.541:183.542,266.015:190.376,259.506:196.964,253.235:196.647,247.361:193.392,240.376:190.296,239.106:185.931,,,,,,,,,,,,,,,,,,,,,,,,,,,,,,,,,,,,,,,,,,,,,,,,
88->32446,376.773:212.234,362.972:211.453,347.233:210.050,341.921:209.634,335.464:209.478,323.589:208.748,309.789:205.728,307.614:210.781,303.921:217.527,303.034:220.186,303.034:224.470,301.553:226.935,,,,,,,,,,,,,,,,,,,,,,,,,,,,,,,,,,,,,,,,,,,,,,,,,,,,
88->33,376.773:212.234,362.972:211.453,347.233:210.050,341.921:209.634,335.464:209.478,323.589:208.748,309.789:205.728,295.831:199.530,287.395:193.229,273.541:183.542,263.170:177.010,253.540:169.247,244.948:162.321,239.844:158.207,233.022:153.415,222.971:147.010,213.369:138.991,197.616:127.354,194.916:125.425,,,,,,,,,,,,,,,,,,,,,,,,,,,,,,,,,,,,,,,,,,,,,
88->34135,376.773:212.234,362.972:211.453,347.233:210.050,341.921:209.634,335.464:209.478,323.589:208.748,309.789:205.728,295.831:199.530,287.395:193.229,273.541:183.542,266.015:190.376,259.506:196.964,253.235:196.647,247.361:193.392,240.376:190.296,,,,,,,,,,,,,,,,,,,,,,,,,,,,,,,,,,,,,,,,,,,,,,,,,
88->41841,376.773:212.234,362.972:211.453,347.233:210.050,341.921:209.634,342.238:205.594,,,,,,,,,,,,,,,,,,,,,,,,,,,,,,,,,,,,,,,,,,,,,,,,,,,,,,,,,,,
88->44615,376.773:212.234,362.972:211.453,347.233:210.050,341.921:209.634,335.464:209.478,323.589:208.748,309.789:205.728,,,,,,,,,,,,,,,,,,,,,,,,,,,,,,,,,,,,,,,,,,,,,,,,,,,,,,,,,
88->45923,376.773:212.234,377.269:207.599,376.158:201.725,370.983:196.328,367.109:189.263,368.141:182.992,370.983:179.262,374.094:172.594,373.541:164.692,370.983:159.940,373.073:154.252,375.613:149.887,379.265:145.124,380.058:139.488,380.579:129.453,380.448:122.917,376.784:117.838,374.253:113.458,372.904:107.029,372.030:100.361,369.808:96.313,367.824:93.376,,,,,,,,,,,,,,,,,,,,,,,,,,,,,,,,,,,,,,,,,,
88->49,376.773:212.234,362.972:211.453,347.233:210.050,346.414:220.501,347.233:231.470,342.284:235.228,339.995:239.670,337.398:245.240,333.639:250.297,327.249:249.579,324.140:249.853,323.730:252.620,319.322:252.825,317.921:257.472,310.951:262.358,,,,,,,,,,,,,,,,,,,,,,,,,,,,,,,,,,,,,,,,,,,,,,,,,
88->5,376.773:212.234,362.972:211.453,347.233:210.050,341.921:209.634,335.464:209.478,323.589:208.748,309.789:205.728,295.831:199.530,287.395:193.229,,,,,,,,,,,,,,,,,,,,,,,,,,,,,,,,,,,,,,,,,,,,,,,,,,,,,,,
88->50132,376.773:212.234,362.972:211.453,347.233:210.050,341.921:209.634,335.464:209.478,323.589:208.748,309.789:205.728,307.614:210.781,303.921:217.527,303.034:220.186,,,,,,,,,,,,,,,,,,,,,,,,,,,,,,,,,,,,,,,,,,,,,,,,,,,,,,
88->51552,376.773:212.234,362.972:211.453,347.233:210.050,341.921:209.634,335.464:209.478,323.589:208.748,309.789:205.728,295.831:199.530,292.873:204.894,288.446:211.872,285.440:216.278,281.103:222.601,276.312:228.590,272.979:230.361,277.165:234.213,280.995:236.462,,,,,,,,,,,,,,,,,,,,,,,,,,,,,,,,,,,,,,,,,,,,,,,,
88->52367,376.773:212.234,362.972:211.453,347.233:210.050,346.414:220.501,347.233:231.470,342.284:235.228,339.995:239.670,333.435:238.898,326.689:238.012,318.762:234.171,313.670:231.954,304.068:229.591,,,,,,,,,,,,,,,,,,,,,,,,,,,,,,,,,,,,,,,,,,,,,,,,,,,,
88->52980,376.773:212.234,362.972:211.453,347.233:210.050,341.921:209.634,335.464:209.478,323.589:208.748,309.789:205.728,295.831:199.530,292.873:204.894,288.446:211.872,294.565:214.523,,,,,,,,,,,,,,,,,,,,,,,,,,,,,,,,,,,,,,,,,,,,,,,,,,,,,
88->53303,376.773:212.234,362.972:211.453,347.233:210.050,341.921:209.634,335.464:209.478,323.589:208.748,309.789:205.728,295.831:199.530,287.395:193.229,273.541:183.542,266.015:190.376,259.506:196.964,261.770:199.201,264.577:200.838,265.934:202.619,264.693:203.237,264.143:205.369,261.236:210.021,258.781:213.446,257.144:211.297,255.017:208.227,253.079:204.706,250.817:201.831,248.310:201.033,,,,,,,,,,,,,,,,,,,,,,,,,,,,,,,,,,,,,,,,
88->59163,376.773:212.234,362.972:211.453,347.233:210.050,341.921:209.634,335.464:209.478,323.589:208.748,309.789:205.728,295.831:199.530,292.873:204.894,288.446:211.872,285.440:216.278,281.103:222.601,,,,,,,,,,,,,,,,,,,,,,,,,,,,,,,,,,,,,,,,,,,,,,,,,,,,
88->60163,376.773:212.234,362.972:211.453,347.233:210.050,341.921:209.634,335.464:209.478,323.589:208.748,309.789:205.728,295.831:199.530,287.395:193.229,273.541:183.542,263.170:177.010,253.540:169.247,244.948:162.321,239.844:158.207,233.022:153.415,222.971:147.010,213.369:138.991,211.594:141.393,210.584:143.939,210.732:148.125,208.664:150.143,204.676:149.405,202.361:148.272,200.589:148.174,,,,,,,,,,,,,,,,,,,,,,,,,,,,,,,,,,,,,,,,
88->60368,376.773:212.234,362.972:211.453,347.233:210.050,341.921:209.634,335.464:209.478,323.589:208.748,309.789:205.728,295.831:199.530,287.395:193.229,273.541:183.542,266.015:190.376,259.506:196.964,,,,,,,,,,,,,,,,,,,,,,,,,,,,,,,,,,,,,,,,,,,,,,,,,,,,
88->60450,376.773:212.234,362.972:211.453,347.233:210.050,341.921:209.634,335.464:209.478,323.589:208.748,309.789:205.728,295.831:199.530,287.395:193.229,273.541:183.542,263.170:177.010,253.540:169.247,244.948:162.321,239.844:158.207,233.022:153.415,,,,,,,,,,,,,,,,,,,,,,,,,,,,,,,,,,,,,,,,,,,,,,,,,
88->63927,376.773:212.234,362.972:211.453,347.233:210.050,341.921:209.634,335.464:209.478,323.589:208.748,309.789:205.728,295.831:199.530,287.395:193.229,273.541:183.542,263.170:177.010,253.540:169.247,244.948:162.321,250.837:157.263,256.201:151.742,259.065:147.524,262.142:140.680,255.137:140.236,248.338:138.117,242.392:134.598,,,,,,,,,,,,,,,,,,,,,,,,,,,,,,,,,,,,,,,,,,,,
88->64018,376.773:212.234,362.972:211.453,347.233:210.050,341.921:209.634,335.464:209.478,323.589:208.748,309.789:205.728,295.831:199.530,287.395:193.229,294.046:186.564,,,,,,,,,,,,,,,,,,,,,,,,,,,,,,,,,,,,,,,,,,,,,,,,,,,,,,
88->66,376.773:212.234,362.972:211.453,347.233:210.050,341.921:209.634,335.464:209.478,323.589:208.748,309.789:205.728,295.831:199.530,287.395:193.229,273.541:183.542,263.170:177.010,253.540:169.247,244.948:162.321,239.844:158.207,233.022:153.415,222.971:147.010,213.369:138.991,197.616:127.354,194.916:125.425,185.207:118.610,172.199:111.308,155.794:103.027,142.814:97.329,130.791:90.707,115.938:83.891,98.846:77.007,89.400:72.165,75.350:65.577,62.374:59.313,54.849:55.263,47.679:49.139,40.809:41.372,35.471:35.856,23.833:26.340,13.949:16.375,,,,,,,,,,,,,,,,,,,,,,,,,,,,,
88->67916,376.773:212.234,377.269:207.599,376.158:201.725,370.983:196.328,367.109:189.263,368.141:182.992,370.983:179.262,374.094:172.594,373.541:164.692,370.983:159.940,366.803:162.190,360.502:163.991,356.323:163.798,,,,,,,,,,,,,,,,,,,,,,,,,,,,,,,,,,,,,,,,,,,,,,,,,,,
88->71721,376.773:212.234,362.972:211.453,347.233:210.050,341.921:209.634,335.464:209.478,323.589:208.748,309.789:205.728,295.831:199.530,292.873:204.894,288.446:211.872,285.440:216.278,283.721:215.043,280.749:214.236,276.735:213.986,273.745:211.032,271.999:212.799,269.603:216.159,,,,,,,,,,,,,,,,,,,,,,,,,,,,,,,,,,,,,,,,,,,,,,,
88->72897,376.773:212.234,377.269:207.599,376.158:201.725,370.983:196.328,367.109:189.263,368.141:182.992,370.983:179.262,,,,,,,,,,,,,,,,,,,,,,,,,,,,,,,,,,,,,,,,,,,,,,,,,,,,,,,,,
88->72974,376.773:212.234,362.972:211.453,347.233:210.050,341.921:209.634,335.464:209.478,323.589:208.748,309.789:205.728,295.831:199.530,287.395:193.229,273.541:183.542,263.170:177.010,253.540:169.247,244.948:162.321,250.837:157.263,256.201:151.742,,,,,,,,,,,,,,,,,,,,,,,,,,,,,,,,,,,,,,,,,,,,,,,,,
88->73767,376.773:212.234,362.972:211.453,347.233:210.050,341.921:209.634,335.464:209.478,323.589:208.748,309.789:205.728,295.831:199.530,287.395:193.229,273.541:183.542,266.015:190.376,259.506:196.964,261.770:199.201,264.577:200.838,265.934:202.619,268.562:205.911,,,,,,,,,,,,,,,,,,,,,,,,,,,,,,,,,,,,,,,,,,,,,,,,
88->75205,376.773:212.234,362.972:211.453,347.233:210.050,341.921:209.634,335.464:209.478,323.589:208.748,309.789:205.728,295.831:199.530,287.395:193.229,273.541:183.542,263.170:177.010,253.540:169.247,244.948:162.321,250.837:157.263,256.201:151.742,259.065:147.524,,,,,,,,,,,,,,,,,,,,,,,,,,,,,,,,,,,,,,,,,,,,,,,,
88->76205,376.773:212.234,377.269:207.599,376.158:201.725,370.983:196.328,367.109:189.263,368.141:182.992,370.983:179.262,374.094:172.594,373.541:164.692,370.983:159.940,373.073:154.252,375.613:149.887,379.265:145.124,380.058:139.488,,,,,,,,,,,,,,,,,,,,,,,,,,,,,,,,,,,,,,,,,,,,,,,,,,
88->79100,376.773:212.234,362.972:211.453,347.233:210.050,341.921:209.634,335.464:209.478,323.589:208.748,309.789:205.728,295.831:199.530,292.873:204.894,288.446:211.872,285.440:216.278,281.103:222.601,279.812:220.553,,,,,,,,,,,,,,,,,,,,,,,,,,,,,,,,,,,,,,,,,,,,,,,,,,,
88->82106,376.773:212.234,362.972:211.453,347.233:210.050,341.921:209.634,335.464:209.478,323.589:208.748,309.789:205.728,295.831:199.530,287.395:193.229,273.541:183.542,263.170:177.010,253.540:169.247,244.948:162.321,239.844:158.207,234.423:166.563,,,,,,,,,,,,,,,,,,,,,,,,,,,,,,,,,,,,,,,,,,,,,,,,,
88->8318,376.773:212.234,362.972:211.453,347.233:210.050,341.921:209.634,335.464:209.478,323.589:208.748,309.789:205.728,295.831:199.530,287.395:193.229,273.541:183.542,263.170:177.010,253.540:169.247,244.948:162.321,,,,,,,,,,,,,,,,,,,,,,,,,,,,,,,,,,,,,,,,,,,,,,,,,,,
88->84,376.773:212.234,362.972:211.453,347.233:210.050,341.921:209.634,335.464:209.478,323.589:208.748,309.789:205.728,295.831:199.530,292.873:204.894,288.446:211.872,285.440:216.278,281.103:222.601,276.312:228.590,272.979:230.361,267.250:233.225,259.282:236.454,254.126:241.349,,,,,,,,,,,,,,,,,,,,,,,,,,,,,,,,,,,,,,,,,,,,,,,
88->85873,376.773:212.234,362.972:211.453,347.233:210.050,346.414:220.501,347.233:231.470,342.284:235.228,339.995:239.670,333.435:238.898,326.689:238.012,,,,,,,,,,,,,,,,,,,,,,,,,,,,,,,,,,,,,,,,,,,,,,,,,,,,,,,
88->89653,376.773:212.234,362.972:211.453,347.233:210.050,341.921:209.634,335.464:209.478,323.589:208.748,309.789:205.728,295.831:199.530,299.242:195.278,302.353:188.697,304.946:184.788,306.078:181.726,,,,,,,,,,,,,,,,,,,,,,,,,,,,,,,,,,,,,,,,,,,,,,,,,,,,
88->90040,376.773:212.234,377.269:207.599,376.158:201.725,370.983:196.328,367.109:189.263,368.141:182.992,370.983:179.262,374.094:172.594,373.541:164.692,370.983:159.940,373.073:154.252,375.613:149.887,,,,,,,,,,,,,,,,,,,,,,,,,,,,,,,,,,,,,,,,,,,,,,,,,,,,
88->9048,376.773:212.234,362.972:211.453,347.233:210.050,341.921:209.634,335.464:209.478,323.589:208.748,309.789:205.728,295.831:199.530,299.242:195.278,,,,,,,,,,,,,,,,,,,,,,,,,,,,,,,,,,,,,,,,,,,,,,,,,,,,,,,
88->91020,376.773:212.234,362.972:211.453,,,,,,,,,,,,,,,,,,,,,,,,,,,,,,,,,,,,,,,,,,,,,,,,,,,,,,,,,,,,,,
88->91297,376.773:212.234,362.972:211.453,347.233:210.050,341.921:209.634,335.464:209.478,323.589:208.748,309.789:205.728,295.831:199.530,292.873:204.894,288.446:211.872,285.440:216.278,281.103:222.601,276.312:228.590,272.979:230.361,277.165:234.213,280.995:236.462,284.216:236.645,290.842:240.474,,,,,,,,,,,,,,,,,,,,,,,,,,,,,,,,,,,,,,,,,,,,,,
88->92,376.773:212.234,377.269:207.599,376.158:201.725,370.983:196.328,367.109:189.263,368.141:182.992,370.983:179.262,374.094:172.594,373.541:164.692,370.983:159.940,373.073:154.252,375.613:149.887,379.265:145.124,380.058:139.488,380.579:129.453,380.448:122.917,376.784:117.838,374.253:113.458,372.904:107.029,372.030:100.361,369.808:96.313,367.824:93.376,368.459:87.820,371.554:82.184,375.523:78.533,377.031:74.088,380.048:69.722,379.571:66.626,381.397:63.134,,,,,,,,,,,,,,,,,,,,,,,,,,,,,,,,,,,
88->93266,376.773:212.234,362.972:211.453,347.233:210.050,341.921:209.634,335.464:209.478,323.589:208.748,309.789:205.728,307.614:210.781,303.921:217.527,,,,,,,,,,,,,,,,,,,,,,,,,,,,,,,,,,,,,,,,,,,,,,,,,,,,,,,
88->95,376.773:212.234,362.972:211.453,347.233:210.050,341.921:209.634,335.464:209.478,323.589:208.748,,,,,,,,,,,,,,,,,,,,,,,,,,,,,,,,,,,,,,,,,,,,,,,,,,,,,,,,,,
88->96,376.773:212.234,362.972:211.453,347.233:210.050,341.921:209.634,335.464:209.478,323.589:208.748,309.789:205.728,295.831:199.530,287.395:193.229,273.541:183.542,263.170:177.010,253.540:169.247,244.948:162.321,239.844:158.207,233.022:153.415,222.971:147.010,213.369:138.991,197.616:127.354,194.916:125.425,185.207:118.610,172.199:111.308,155.794:103.027,142.814:97.329,130.791:90.707,115.938:83.891,98.846:77.007,89.400:72.165,75.350:65.577,62.374:59.313,,,,,,,,,,,,,,,,,,,,,,,,,,,,,,,,,,,
88->97999,376.773:212.234,362.972:211.453,347.233:210.050,346.414:220.501,347.233:231.470,342.284:235.228,339.995:239.670,333.435:238.898,326.689:238.012,318.762:234.171,,,,,,,,,,,,,,,,,,,,,,,,,,,,,,,,,,,,,,,,,,,,,,,,,,,,,,
88->99,376.773:212.234,362.972:211.453,347.233:210.050,341.921:209.634,335.464:209.478,323.589:208.748,309.789:205.728,295.831:199.530,287.395:193.229,273.541:183.542,263.170:177.010,253.540:169.247,244.948:162.321,239.844:158.207,,,,,,,,,,,,,,,,,,,,,,,,,,,,,,,,,,,,,,,,,,,,,,,,,,
89653->101,306.078:181.726,304.946:184.788,302.353:188.697,299.242:195.278,295.831:199.530,292.873:204.894,288.446:211.872,285.440:216.278,281.103:222.601,276.312:228.590,272.979:230.361,267.250:233.225,259.282:236.454,254.126:241.349,246.002:247.443,244.804:252.182,245.377:255.931,252.303:260.983,256.991:265.618,257.355:270.201,,,,,,,,,,,,,,,,,,,,,,,,,,,,,,,,,,,,,,,,,,,,
89653->120,306.078:181.726,304.882:179.465,302.782:177.268,298.583:174.490,295.606:173.922,293.252:166.883,292.512:160.225,289.702:155.541,284.986:152.808,279.519:149.801,,,,,,,,,,,,,,,,,,,,,,,,,,,,,,,,,,,,,,,,,,,,,,,,,,,,,,
89653->13702,306.078:181.726,304.946:184.788,302.353:188.697,299.242:195.278,295.831:199.530,287.395:193.229,273.541:183.542,,,,,,,,,,,,,,,,,,,,,,,,,,,,,,,,,,,,,,,,,,,,,,,,,,,,,,,,,
89653->14185,306.078:181.726,304.946:184.788,,,,,,,,,,,,,,,,,,,,,,,,,,,,,,,,,,,,,,,,,,,,,,,,,,,,,,,,,,,,,,
89653->21444,306.078:181.726,304.946:184.788,302.353:188.697,299.242:195.278,295.831:199.530,287.395:193.229,273.541:183.542,263.170:177.010,253.540:169.247,244.948:162.321,250.837:157.263,,,,,,,,,,,,,,,,,,,,,,,,,,,,,,,,,,,,,,,,,,,,,,,,,,,,,
89653->23449,306.078:181.726,304.882:179.465,302.782:177.268,298.583:174.490,295.606:173.922,293.252:166.883,292.512:160.225,289.702:155.541,284.986:152.808,279.519:149.801,278.802:146.350,273.596:142.477,269.223:140.680,262.142:140.680,255.137:140.236,248.338:138.117,,,,,,,,,,,,,,,,,,,,,,,,,,,,,,,,,,,,,,,,,,,,,,,,
89653->24817,306.078:181.726,304.946:184.788,302.353:188.697,299.242:195.278,295.831:199.530,309.789:205.728,323.589:208.748,335.464:209.478,,,,,,,,,,,,,,,,,,,,,,,,,,,,,,,,,,,,,,,,,,,,,,,,,,,,,,,,
89653->2894,306.078:181.726,304.946:184.788,302.353:188.697,299.242:195.278,295.831:199.530,287.395:193.229,273.541:183.542,263.170:177.010,253.540:169.247,244.948:162.321,239.844:158.207,233.022:153.415,222.971:147.010,213.369:138.991,211.594:141.393,210.584:143.939,,,,,,,,,,,,,,,,,,,,,,,,,,,,,,,,,,,,,,,,,,,,,,,,
89653->29230,306.078:181.726,304.882:179.465,302.782:177.268,298.583:174.490,295.606:173.922,293.252:166.883,292.512:160.225,289.702:155.541,284.986:152.808,279.519:149.801,278.802:146.350,273.596:142.477,269.223:140.680,262.142:140.680,255.137:140.236,248.338:138.117,242.392:134.598,240.449:129.276,241.499:125.514,,,,,,,,,,,,,,,,,,,,,,,,,,,,,,,,,,,,,,,,,,,,,
89653->30645,306.078:181.726,304.946:184.788,302.353:188.697,299.242:195.278,295.831:199.530,309.789:205.728,323.589:208.748,335.464:209.478,341.921:209.634,347.233:210.050,362.972:211.453,376.773:212.234,377.269:207.599,376.158:201.725,370.983:196.328,,,,,,,,,,,,,,,,,,,,,,,,,,,,,,,,,,,,,,,,,,,,,,,,,
89653->31591,306.078:181.726,304.946:184.788,302.353:188.697,299.242:195.278,295.831:199.530,287.395:193.229,273.541:183.542,263.170:177.010,253.540:169.247,,,,,,,,,,,,,,,,,,,,,,,,,,,,,,,,,,,,,,,,,,,,,,,,,,,,,,,
89653->32,306.078:181.726,304.946:184.788,302.353:188.697,299.242:195.278,295.831:199.530,287.395:193.229,273.541:183.542,266.015:190.376,259.506:196.964,253.235:196.647,247.361:193.392,240.376:190.296,239.106:185.931,,,,,,,,,,,,,,,,,,,,,,,,,,,,,,,,,,,,,,,,,,,,,,,,,,,
89653->33,306.078:181.726,304.946:184.788,302.353:188.697,299.242:195.278,295.831:199.530,287.395:193.229,273.541:183.542,263.170:177.010,253.540:169.247,244.948:162.321,239.844:158.207,233.022:153.415,222.971:147.010,213.369:138.991,197.616:127.354,194.916:125.425,,,,,,,,,,,,,,,,,,,,,,,,,,,,,,,,,,,,,,,,,,,,,,,,
89653->44615,306.078:181.726,304.946:184.788,302.353:188.697,299.242:195.278,295.831:199.530,309.789:205.728,,,,,,,,,,,,,,,,,,,,,,,,,,,,,,,,,,,,,,,,,,,,,,,,,,,,,,,,,,
89653->45476,306.078:181.726,304.882:179.465,,,,,,,,,,,,,,,,,,,,,,,,,,,,,,,,,,,,,,,,,,,,,,,,,,,,,,,,,,,,,,
89653->49,306.078:181.726,304.946:184.788,302.353:188.697,299.242:195.278,295.831:199.530,309.789:205.728,323.589:208.748,335.464:209.478,341.921:209.634,347.233:210.050,346.414:220.501,347.233:231.470,342.284:235.228,339.995:239.670,337.398:245.240,333.639:250.297,327.249:249.579,324.140:249.853,323.730:252.620,319.322:252.825,317.921:257.472,310.951:262.358,,,,,,,,,,,,,,,,,,,,,,,,,,,,,,,,,,,,,,,,,,
89653->49024,306.078:181.726,304.946:184.788,302.353:188.697,299.242:195.278,295.831:199.530,287.395:193.229,273.541:183.542,266.015:190.376,259.506:196.964,253.235:196.647,247.361:193.392,,,,,,,,,,,,,,,,,,,,,,,,,,,,,,,,,,,,,,,,,,,,,,,,,,,,,
89653->54957,306.078:181.726,304.946:184.788,302.353:188.697,299.242:195.278,295.831:199.530,,,,,,,,,,,,,,,,,,,,,,,,,,,,,,,,,,,,,,,,,,,,,,,,,,,,,,,,,,,
89653->60450,306.078:181.726,304.946:184.788,302.353:188.697,299.242:195.278,295.831:199.530,287.395:193.229,273.541:183.542,263.170:177.010,253.540:169.247,244.948:162.321,239.844:158.207,233.022:153.415,,,,,,,,,,,,,,,,,,,,,,,,,,,,,,,,,,,,,,,,,,,,,,,,,,,,
89653->66,306.078:181.726,304.946:184.788,302.353:188.697,299.242:195.278,295.831:199.530,287.395:193.229,273.541:183.542,263.170:177.010,253.540:169.247,244.948:162.321,239.844:158.207,233.022:153.415,222.971:147.010,213.369:138.991,197.616:127.354,194.916:125.425,185.207:118.610,172.199:111.308,155.794:103.027,142.814:97.329,130.791:90.707,115.938:83.891,98.846:77.007,89.400:72.165,75.350:65.577,62.374:59.313,54.849:55.263,47.679:49.139,40.809:41.372,35.471:35.856,23.833:26.340,13.949:16.375,,,,,,,,,,,,,,,,,,,,,,,,,,,,,,,,
89653->72974,306.078:181.726,304.946:184.788,302.353:188.697,299.242:195.278,295.831:199.530,287.395:193.229,273.541:183.542,263.170:177.010,253.540:169.247,244.948:162.321,250.837:157.263,256.201:151.742,,,,,,,,,,,,,,,,,,,,,,,,,,,,,,,,,,,,,,,,,,,,,,,,,,,,
89653->73767,306.078:181.726,304.946:184.788,302.353:188.697,299.242:195.278,295.831:199.530,287.395:193.229,273.541:183.542,266.015:190.376,259.506:196.964,261.770:199.201,264.577:200.838,265.934:202.619,268.562:205.911,,,,,,,,,,,,,,,,,,,,,,,,,,,,,,,,,,,,,,,,,,,,,,,,,,,
89653->80824,306.078:181.726,304.946:184.788,302.353:188.697,299.242:195.278,295.831:199.530,287.395:193.229,273.541:183.542,263.170:177.010,253.540:169.247,244.948:162.321,239.844:158.207,233.022:153.415,222.971:147.010,213.369:138.991,216.992:130.220,221.105:119.973,,,,,,,,,,,,,,,,,,,,,,,,,,,,,,,,,,,,,,,,,,,,,,,,
89653->8318,306.078:181.726,304.946:184.788,302.353:188.697,299.242:195.278,295.831:199.530,287.395:193.229,273.541:183.542,263.170:177.010,253.540:169.247,244.948:162.321,,,,,,,,,,,,,,,,,,,,,,,,,,,,,,,,,,,,,,,,,,,,,,,,,,,,,,
89653->84,306.078:181.726,304.946:184.788,302.353:188.697,299.242:195.278,295.831:199.530,292.873:204.894,288.446:211.872,285.440:216.278,281.103:222.601,276.312:228.590,272.979:230.361,267.250:233.225,259.282:236.454,254.126:241.349,,,,,,,,,,,,,,,,,,,,,,,,,,,,,,,,,,,,,,,,,,,,,,,,,,
89653->86413,306.078:181.726,304.882:179.465,302.782:177.268,298.583:174.490,295.606:173.922,293.252:166.883,292.512:160.225,289.702:155.541,284.986:152.808,279.519:149.801,278.802:146.350,,,,,,,,,,,,,,,,,,,,,,,,,,,,,,,,,,,,,,,,,,,,,,,,,,,,,
89653->88,306.078:181.726,304.946:184.788,302.353:188.697,299.242:195.278,295.831:199.530,309.789:205.728,323.589:208.748,335.464:209.478,341.921:209.634,347.233:210.050,362.972:211.453,376.773:212.234,,,,,,,,,,,,,,,,,,,,,,,,,,,,,,,,,,,,,,,,,,,,,,,,,,,,
89653->9048,306.078:181.726,304.946:184.788,302.353:188.697,299.242:195.278,,,,,,,,,,,,,,,,,,,,,,,,,,,,,,,,,,,,,,,,,,,,,,,,,,,,,,,,,,,,
89653->95,306.078:181.726,304.946:184.788,302.353:188.697,299.242:195.278,295.831:199.530,309.789:205.728,323.589:208.748,,,,,,,,,,,,,,,,,,,,,,,,,,,,,,,,,,,,,,,,,,,,,,,,,,,,,,,,,
89653->96,306.078:181.726,304.946:184.788,302.353:188.697,299.242:195.278,295.831:199.530,287.395:193.229,273.541:183.542,263.170:177.010,253.540:169.247,244.948:162.321,239.844:158.207,233.022:153.415,222.971:147.010,213.369:138.991,197.616:127.354,194.916:125.425,185.207:118.610,172.199:111.308,155.794:103.027,142.814:97.329,130.791:90.707,115.938:83.891,98.846:77.007,89.400:72.165,75.350:65.577,62.374:59.313,,,,,,,,,,,,,,,,,,,,,,,,,,,,,,,,,,,,,,
89653->99,306.078:181.726,304.946:184.788,302.353:188.697,299.242:195.278,295.831:199.530,287.395:193.229,273.541:183.542,263.170:177.010,253.540:169.247,244.948:162.321,239.844:158.207,,,,,,,,,,,,,,,,,,,,,,,,,,,,,,,,,,,,,,,,,,,,,,,,,,,,,
89797->72974,294.611:242.967,290.842:240.474,284.216:236.645,280.995:236.462,277.165:234.213,272.979:230.361,276.312:228.590,281.103:222.601,285.440:216.278,288.446:211.872,292.873:204.894,295.831:199.530,287.395:193.229,273.541:183.542,263.170:177.010,253.540:169.247,244.948:162.321,250.837:157.263,256.201:151.742,,,,,,,,,,,,,,,,,,,,,,,,,,,,,,,,,,,,,,,,,,,,,
90040->120,375.613:149.887,373.073:154.252,370.983:159.940,366.803:162.190,360.502:163.991,356.323:163.798,349.637:164.698,347.193:169.199,344.595:175.542,340.700:181.672,337.420:188.101,337.035:194.274,339.156:200.382,342.238:205.594,341.921:209.634,335.464:209.478,323.589:208.748,309.789:205.728,295.831:199.530,287.395:193.229,294.046:186.564,298.542:180.289,295.606:173.922,293.252:166.883,292.512:160.225,289.702:155.541,284.986:152.808,279.519:149.801,,,,,,,,,,,,,,,,,,,,,,,,,,,,,,,,,,,,
90040->13,375.613:149.887,373.073:154.252,370.983:159.940,373.541:164.692,374.094:172.594,370.983:179.262,368.141:182.992,367.109:189.263,370.983:196.328,376.158:201.725,377.269:207.599,376.773:212.234,389.688:214.526,399.251:216.457,,,,,,,,,,,,,,,,,,,,,,,,,,,,,,,,,,,,,,,,,,,,,,,,,,
90040->15079,375.613:149.887,373.073:154.252,370.983:159.940,366.803:162.190,360.502:163.991,356.323:163.798,349.637:164.698,,,,,,,,,,,,,,,,,,,,,,,,,,,,,,,,,,,,,,,,,,,,,,,,,,,,,,,,,
90040->22,375.613:149.887,373.073:154.252,370.983:159.940,366.803:162.190,360.502:163.991,356.323:163.798,349.637:164.698,347.193:169.199,344.595:175.542,340.700:181.672,337.420:188.101,337.035:194.274,339.156:200.382,342.238:205.594,341.921:209.634,335.464:209.478,323.589:208.748,309.789:205.728,295.831:199.530,287.395:193.229,273.541:183.542,263.170:177.010,253.540:169.247,244.948:162.321,239.844:158.207,233.022:153.415,222.971:147.010,213.369:138.991,216.992:130.220,221.105:119.973,211.572:116.147,202.551:111.363,205.899:103.487,,,,,,,,,,,,,,,,,,,,,,,,,,,,,,,
90040->24143,375.613:149.887,373.073:154.252,370.983:159.940,373.541:164.692,374.094:172.594,,,,,,,,,,,,,,,,,,,,,,,,,,,,,,,,,,,,,,,,,,,,,,,,,,,,,,,,,,,
90040->26858,375.613:149.887,373.073:154.252,370.983:159.940,373.541:164.692,374.094:172.594,370.983:179.262,368.141:182.992,367.109:189.263,370.983:196.328,376.158:201.725,377.269:207.599,376.773:212.234,362.972:211.453,347.233:210.050,,,,,,,,,,,,,,,,,,,,,,,,,,,,,,,,,,,,,,,,,,,,,,,,,,
90040->44615,375.613:149.887,373.073:154.252,370.983:159.940,366.803:162.190,360.502:163.991,356.323:163.798,349.637:164.698,347.193:169.199,344.595:175.542,340.700:181.672,337.420:188.101,337.035:194.274,339.156:200.382,342.238:205.594,341.921:209.634,335.464:209.478,323.589:208.748,309.789:205.728,,,,,,,,,,,,,,,,,,,,,,,,,,,,,,,,,,,,,,,,,,,,,,
90040->45476,375.613:149.887,373.073:154.252,370.983:159.940,366.803:162.190,360.502:163.991,356.323:163.798,349.637:164.698,347.193:169.199,344.595:175.542,340.700:181.672,337.420:188.101,337.035:194.274,339.156:200.382,342.238:205.594,341.921:209.634,335.464:209.478,323.589:208.748,309.789:205.728,295.831:199.530,299.242:195.278,302.353:188.697,304.946:184.788,306.078:181.726,304.882:179.465,,,,,,,,,,,,,,,,,,,,,,,,,,,,,,,,,,,,,,,,
90040->5,375.613:149.887,373.073:154.252,370.983:159.940,366.803:162.190,360.502:163.991,356.323:163.798,349.637:164.698,347.193:169.199,344.595:175.542,340.700:181.672,337.420:188.101,337.035:194.274,339.156:200.382,342.238:205.594,341.921:209.634,335.464:209.478,323.589:208.748,309.789:205.728,295.831:199.530,287.395:193.229,,,,,,,,,,,,,,,,,,,,,,,,,,,,,,,,,,,,,,,,,,,,
90040->54272,375.613:149.887,373.073:154.252,370.983:159.940,366.803:162.190,360.502:163.991,356.323:163.798,349.637:164.698,347.193:169.199,344.595:175.542,340.700:181.672,337.420:188.101,337.035:194.274,339.156:200.382,342.238:205.594,341.921:209.634,335.464:209.478,323.589:208.748,309.789:205.728,295.831:199.530,287.395:193.229,273.541:183.542,263.170:177.010,253.540:169.247,244.948:162.321,239.844:158.207,233.022:153.415,222.971:147.010,213.369:138.991,216.992:130.220,221.105:119.973,211.572:116.147,202.551:111.363,,,,,,,,,,,,,,,,,,,,,,,,,,,,,,,,
90040->60450,375.613:149.887,373.073:154.252,370.983:159.940,366.803:162.190,360.502:163.991,356.323:163.798,349.637:164.698,347.193:169.199,344.595:175.542,340.700:181.672,337.420:188.101,337.035:194.274,339.156:200.382,342.238:205.594,341.921:209.634,335.464:209.478,323.589:208.748,309.789:205.728,295.831:199.530,287.395:193.229,273.541:183.542,263.170:177.010,253.540:169.247,244.948:162.321,239.844:158.207,233.022:153.415,,,,,,,,,,,,,,,,,,,,,,,,,,,,,,,,,,,,,,
90040->76205,375.613:149.887,379.265:145.124,380.058:139.488,,,,,,,,,,,,,,,,,,,,,,,,,,,,,,,,,,,,,,,,,,,,,,,,,,,,,,,,,,,,,
90040->88,375.613:149.887,373.073:154.252,370.983:159.940,373.541:164.692,374.094:172.594,370.983:179.262,368.141:182.992,367.109:189.263,370.983:196.328,376.158:201.725,377.269:207.599,376.773:212.234,,,,,,,,,,,,,,,,,,,,,,,,,,,,,,,,,,,,,,,,,,,,,,,,,,,,
90040->89653,375.613:149.887,373.073:154.252,370.983:159.940,366.803:162.190,360.502:163.991,356.323:163.798,349.637:164.698,347.193:169.199,344.595:175.542,340.700:181.672,337.420:188.101,337.035:194.274,339.156:200.382,342.238:205.594,341.921:209.634,335.464:209.478,323.589:208.748,309.789:205.728,295.831:199.530,299.242:195.278,302.353:188.697,304.946:184.788,306.078:181.726,,,,,,,,,,,,,,,,,,,,,,,,,,,,,,,,,,,,,,,,,
90040->92,375.613:149.887,379.265:145.124,380.058:139.488,380.579:129.453,380.448:122.917,376.784:117.838,374.253:113.458,372.904:107.029,372.030:100.361,369.808:96.313,367.824:93.376,368.459:87.820,371.554:82.184,375.523:78.533,377.031:74.088,380.048:69.722,379.571:66.626,381.397:63.134,,,,,,,,,,,,,,,,,,,,,,,,,,,,,,,,,,,,,,,,,,,,,,
90040->95,375.613:149.887,373.073:154.252,370.983:159.940,366.803:162.190,360.502:163.991,356.323:163.798,349.637:164.698,347.193:169.199,344.595:175.542,340.700:181.672,337.420:188.101,337.035:194.274,339.156:200.382,342.238:205.594,341.921:209.634,335.464:209.478,323.589:208.748,,,,,,,,,,,,,,,,,,,,,,,,,,,,,,,,,,,,,,,,,,,,,,,
90040->97999,375.613:149.887,373.073:154.252,370.983:159.940,373.541:164.692,374.094:172.594,370.983:179.262,368.141:182.992,367.109:189.263,370.983:196.328,376.158:201.725,377.269:207.599,376.773:212.234,362.972:211.453,347.233:210.050,346.414:220.501,347.233:231.470,342.284:235.228,339.995:239.670,333.435:238.898,326.689:238.012,318.762:234.171,,,,,,,,,,,,,,,,,,,,,,,,,,,,,,,,,,,,,,,,,,,
90040->99,375.613:149.887,373.073:154.252,370.983:159.940,366.803:162.190,360.502:163.991,356.323:163.798,349.637:164.698,347.193:169.199,344.595:175.542,340.700:181.672,337.420:188.101,337.035:194.274,339.156:200.382,342.238:205.594,341.921:209.634,335.464:209.478,323.589:208.748,309.789:205.728,295.831:199.530,287.395:193.229,273.541:183.542,263.170:177.010,253.540:169.247,244.948:162.321,239.844:158.207,,,,,,,,,,,,,,,,,,,,,,,,,,,,,,,,,,,,,,,
9048->101,299.242:195.278,295.831:199.530,292.873:204.894,288.446:211.872,285.440:216.278,281.103:222.601,276.312:228.590,272.979:230.361,267.250:233.225,259.282:236.454,254.126:241.349,246.002:247.443,244.804:252.182,245.377:255.931,252.303:260.983,256.991:265.618,257.355:270.201,,,,,,,,,,,,,,,,,,,,,,,,,,,,,,,,,,,,,,,,,,,,,,,
9048->105,299.242:195.278,295.831:199.530,287.395:193.229,273.541:183.542,263.170:177.010,253.540:169.247,244.948:162.321,239.844:158.207,233.022:153.415,222.971:147.010,213.369:138.991,197.616:127.354,194.916:125.425,185.207:118.610,172.199:111.308,155.794:103.027,142.814:97.329,,,,,,,,,,,,,,,,,,,,,,,,,,,,,,,,,,,,,,,,,,,,,,,
9048->11404,299.242:195.278,295.831:199.530,287.395:193.229,294.046:186.564,298.542:180.289,295.606:173.922,,,,,,,,,,,,,,,,,,,,,,,,,,,,,,,,,,,,,,,,,,,,,,,,,,,,,,,,,,
9048->11881,299.242:195.278,295.831:199.530,287.395:193.229,273.541:183.542,263.170:177.010,253.540:169.247,244.948:162.321,239.844:158.207,233.022:153.415,222.971:147.010,,,,,,,,,,,,,,,,,,,,,,,,,,,,,,,,,,,,,,,,,,,,,,,,,,,,,,
9048->120,299.242:195.278,295.831:199.530,287.395:193.229,294.046:186.564,298.542:180.289,295.606:173.922,293.252:166.883,292.512:160.225,289.702:155.541,284.986:152.808,279.519:149.801,,,,,,,,,,,,,,,,,,,,,,,,,,,,,,,,,,,,,,,,,,,,,,,,,,,,,
9048->13,299.242:195.278,295.831:199.530,309.789:205.728,323.589:208.748,335.464:209.478,341.921:209.634,347.233:210.050,362.972:211.453,376.773:212.234,389.688:214.526,399.251:216.457,,,,,,,,,,,,,,,,,,,,,,,,,,,,,,,,,,,,,,,,,,,,,,,,,,,,,
9048->13651,299.242:195.278,295.831:199.530,292.873:204.894,,,,,,,,,,,,,,,,,,,,,,,,,,,,,,,,,,,,,,,,,,,,,,,,,,,,,,,,,,,,,
9048->13702,299.242:195.278,295.831:199.530,287.395:193.229,273.541:183.542,,,,,,,,,,,,,,,,,,,,,,,,,,,,,,,,,,,,,,,,,,,,,,,,,,,,,,,,,,,,
9048->14185,299.242:195.278,302.353:188.697,304.946:184.788,,,,,,,,,,,,,,,,,,,,,,,,,,,,,,,,,,,,,,,,,,,,,,,,,,,,,,,,,,,,,
9048->20601,299.242:195.278,295.831:199.530,287.395:193.229,294.046:186.564,298.542:180.289,,,,,,,,,,,,,,,,,,,,,,,,,,,,,,,,,,,,,,,,,,,,,,,,,,,,,,,,,,,
9048->21444,299.242:195.278,295.831:199.530,287.395:193.229,273.541:183.542,263.170:177.010,253.540:169.247,244.948:162.321,250.837:157.263,,,,,,,,,,,,,,,,,,,,,,,,,,,,,,,,,,,,,,,,,,,,,,,,,,,,,,,,
9048->22,299.242:195.278,295.831:199.530,287.395:193.229,273.541:183.542,263.170:177.010,253.540:169.247,244.948:162.321,239.844:158.207,233.022:153.415,222.971:147.010,213.369:138.991,216.992:130.220,221.105:119.973,211.572:116.147,202.551:111.363,205.899:103.487,,,,,,,,,,,,,,,,,,,,,,,,,,,,,,,,,,,,,,,,,,,,,,,,
9048->2344,299.242:195.278,295.831:199.530,287.395:193.229,273.541:183.542,263.170:177.010,,,,,,,,,,,,,,,,,,,,,,,,,,,,,,,,,,,,,,,,,,,,,,,,,,,,,,,,,,,
9048->23449,299.242:195.278,295.831:199.530,287.395:193.229,273.541:183.542,263.170:177.010,253.540:169.247,244.948:162.321,250.837:157.263,256.201:151.742,259.065:147.524,262.142:140.680,255.137:140.236,248.338:138.117,,,,,,,,,,,,,,,,,,,,,,,,,,,,,,,,,,,,,,,,,,,,,,,,,,,
9048->24817,299.242:195.278,295.831:199.530,309.789:205.728,323.589:208.748,335.464:209.478,,,,,,,,,,,,,,,,,,,,,,,,,,,,,,,,,,,,,,,,,,,,,,,,,,,,,,,,,,,
9048->2552,299.242:195.278,295.831:199.530,309.789:205.728,323.589:208.748,335.464:209.478,341.921:209.634,347.233:210.050,362.972:211.453,376.773:212.234,389.688:214.526,,,,,,,,,,,,,,,,,,,,,,,,,,,,,,,,,,,,,,,,,,,,,,,,,,,,,,
9048->26858,299.242:195.278,295.831:199.530,309.789:205.728,323.589:208.748,335.464:209.478,341.921:209.634,347.233:210.050,,,,,,,,,,,,,,,,,,,,,,,,,,,,,,,,,,,,,,,,,,,,,,,,,,,,,,,,,
9048->2757,299.242:195.278,302.353:188.697,,,,,,,,,,,,,,,,,,,,,,,,,,,,,,,,,,,,,,,,,,,,,,,,,,,,,,,,,,,,,,
9048->28385,299.242:195.278,295.831:199.530,309.789:205.728,323.589:208.748,335.464:209.478,341.921:209.634,342.238:205.594,339.156:200.382,337.035:194.274,,,,,,,,,,,,,,,,,,,,,,,,,,,,,,,,,,,,,,,,,,,,,,,,,,,,,,,
9048->29230,299.242:195.278,295.831:199.530,287.395:193.229,273.541:183.542,263.170:177.010,253.540:169.247,244.948:162.321,250.837:157.263,256.201:151.742,259.065:147.524,262.142:140.680,255.137:140.236,248.338:138.117,242.392:134.598,240.449:129.276,241.499:125.514,,,,,,,,,,,,,,,,,,,,,,,,,,,,,,,,,,,,,,,,,,,,,,,,
9048->29250,299.242:195.278,302.353:188.697,304.946:184.788,306.078:181.726,304.882:179.465,302.782:177.268,,,,,,,,,,,,,,,,,,,,,,,,,,,,,,,,,,,,,,,,,,,,,,,,,,,,,,,,,,
9048->29992,299.242:195.278,295.831:199.530,309.789:205.728,307.614:210.781,,,,,,,,,,,,,,,,,,,,,,,,,,,,,,,,,,,,,,,,,,,,,,,,,,,,,,,,,,,,
9048->30620,299.242:195.278,295.831:199.530,309.789:205.728,323.589:208.748,335.464:209.478,341.921:209.634,342.238:205.594,339.156:200.382,,,,,,,,,,,,,,,,,,,,,,,,,,,,,,,,,,,,,,,,,,,,,,,,,,,,,,,,
9048->32,299.242:195.278,295.831:199.530,287.395:193.229,273.541:183.542,266.015:190.376,259.506:196.964,253.235:196.647,247.361:193.392,240.376:190.296,239.106:185.931,,,,,,,,,,,,,,,,,,,,,,,,,,,,,,,,,,,,,,,,,,,,,,,,,,,,,,
9048->33,299.242:195.278,295.831:199.530,287.395:193.229,273.541:183.542,263.170:177.010,253.540:169.247,244.948:162.321,239.844:158.207,233.022:153.415,222.971:147.010,213.369:138.991,197.616:127.354,194.916:125.425,,,,,,,,,,,,,,,,,,,,,,,,,,,,,,,,,,,,,,,,,,,,,,,,,,,
9048->37558,299.242:195.278,295.831:199.530,292.873:204.894,288.446:211.872,,,,,,,,,,,,,,,,,,,,,,,,,,,,,,,,,,,,,,,,,,,,,,,,,,,,,,,,,,,,
9048->41841,299.242:195.278,295.831:199.530,309.789:205.728,323.589:208.748,335.464:209.478,341.921:209.634,342.238:205.594,,,,,,,,,,,,,,,,,,,,,,,,,,,,,,,,,,,,,,,,,,,,,,,,,,,,,,,,,
9048->44615,299.242:195.278,295.831:199.530,309.789:205.728,,,,,,,,,,,,,,,,,,,,,,,,,,,,,,,,,,,,,,,,,,,,,,,,,,,,,,,,,,,,,
9048->49,299.242:195.278,295.831:199.530,309.789:205.728,323.589:208.748,335.464:209.478,341.921:209.634,347.233:210.050,346.414:220.501,347.233:231.470,342.284:235.228,339.995:239.670,337.398:245.240,333.639:250.297,327.249:249.579,324.140:249.853,323.730:252.620,319.322:252.825,317.921:257.472,310.951:262.358,,,,,,,,,,,,,,,,,,,,,,,,,,,,,,,,,,,,,,,,,,,,,
9048->5,299.242:195.278,295.831:199.530,287.395:193.229,,,,,,,,,,,,,,,,,,,,,,,,,,,,,,,,,,,,,,,,,,,,,,,,,,,,,,,,,,,,,
9048->50132,299.242:195.278,295.831:199.530,309.789:205.728,307.614:210.781,303.921:217.527,303.034:220.186,,,,,,,,,,,,,,,,,,,,,,,,,,,,,,,,,,,,,,,,,,,,,,,,,,,,,,,,,,
9048->51552,299.242:195.278,295.831:199.530,292.873:204.894,288.446:211.872,285.440:216.278,281.103:222.601,276.312:228.590,272.979:230.361,277.165:234.213,280.995:236.462,,,,,,,,,,,,,,,,,,,,,,,,,,,,,,,,,,,,,,,,,,,,,,,,,,,,,,
9048->52367,299.242:195.278,295.831:199.530,309.789:205.728,307.614:210.781,303.921:217.527,303.034:220.186,303.034:224.470,301.553:226.935,304.068:229.591,,,,,,,,,,,,,,,,,,,,,,,,,,,,,,,,,,,,,,,,,,,,,,,,,,,,,,,
9048->53940,299.242:195.278,295.831:199.530,287.395:193.229,294.046:186.564,298.542:180.289,295.606:173.922,293.252:166.883,292.512:160.225,289.702:155.541,284.986:152.808,,,,,,,,,,,,,,,,,,,,,,,,,,,,,,,,,,,,,,,,,,,,,,,,,,,,,,
9048->54272,299.242:195.278,295.831:199.530,287.395:193.229,273.541:183.542,263.170:177.010,253.540:169.247,244.948:162.321,239.844:158.207,233.022:153.415,222.971:147.010,213.369:138.991,216.992:130.220,221.105:119.973,211.572:116.147,202.551:111.363,,,,,,,,,,,,,,,,,,,,,,,,,,,,,,,,,,,,,,,,,,,,,,,,,
9048->60450,299.242:195.278,295.831:199.530,287.395:193.229,273.541:183.542,263.170:177.010,253.540:169.247,244.948:162.321,239.844:158.207,233.022:153.415,,,,,,,,,,,,,,,,,,,,,,,,,,,,,,,,,,,,,,,,,,,,,,,,,,,,,,,
9048->63927,299.242:195.278,295.831:199.530,287.395:193.229,273.541:183.542,263.170:177.010,253.540:169.247,244.948:162.321,250.837:157.263,256.201:151.742,259.065:147.524,262.142:140.680,255.137:140.236,248.338:138.117,242.392:134.598,,,,,,,,,,,,,,,,,,,,,,,,,,,,,,,,,,,,,,,,,,,,,,,,,,
9048->64018,299.242:195.278,295.831:199.530,287.395:193.229,294.046:186.564,,,,,,,,,,,,,,,,,,,,,,,,,,,,,,,,,,,,,,,,,,,,,,,,,,,,,,,,,,,,
9048->66,299.242:195.278,295.831:199.530,287.395:193.229,273.541:183.542,263.170:177.010,253.540:169.247,244.948:162.321,239.844:158.207,233.022:153.415,222.971:147.010,213.369:138.991,197.616:127.354,194.916:125.425,185.207:118.610,172.199:111.308,155.794:103.027,142.814:97.329,130.791:90.707,115.938:83.891,98.846:77.007,89.400:72.165,75.350:65.577,62.374:59.313,54.849:55.263,47.679:49.139,40.809:41.372,35.471:35.856,23.833:26.340,13.949:16.375,,,,,,,,,,,,,,,,,,,,,,,,,,,,,,,,,,,
9048->71721,299.242:195.278,295.831:199.530,292.873:204.894,288.446:211.872,285.440:216.278,283.721:215.043,280.749:214.236,276.735:213.986,273.745:211.032,271.999:212.799,269.603:216.159,,,,,,,,,,,,,,,,,,,,,,,,,,,,,,,,,,,,,,,,,,,,,,,,,,,,,
9048->72974,299.242:195.278,295.831:199.530,287.395:193.229,273.541:183.542,263.170:177.010,253.540:169.247,244.948:162.321,250.837:157.263,256.201:151.742,,,,,,,,,,,,,,,,,,,,,,,,,,,,,,,,,,,,,,,,,,,,,,,,,,,,,,,
9048->75205,299.242:195.278,295.831:199.530,287.395:193.229,273.541:183.542,263.170:177.010,253.540:169.247,244.948:162.321,250.837:157.263,256.201:151.742,259.065:147.524,,,,,,,,,,,,,,,,,,,,,,,,,,,,,,,,,,,,,,,,,,,,,,,,,,,,,,
9048->76205,299.242:195.278,295.831:199.530,309.789:205.728,323.589:208.748,335.464:209.478,341.921:209.634,342.238:205.594,339.156:200.382,337.035:194.274,337.420:188.101,340.700:181.672,344.595:175.542,347.193:169.199,349.637:164.698,356.323:163.798,360.502:163.991,366.803:162.190,370.983:159.940,373.073:154.252,375.613:149.887,379.265:145.124,380.058:139.488,,,,,,,,,,,,,,,,,,,,,,,,,,,,,,,,,,,,,,,,,,
9048->78028,299.242:195.278,295.831:199.530,292.873:204.894,288.446:211.872,285.440:216.278,283.721:215.043,280.749:214.236,276.735:213.986,273.745:211.032,,,,,,,,,,,,,,,,,,,,,,,,,,,,,,,,,,,,,,,,,,,,,,,,,,,,,,,
9048->79100,299.242:195.278,295.831:199.530,292.873:204.894,288.446:211.872,285.440:216.278,281.103:222.601,279.812:220.553,,,,,,,,,,,,,,,,,,,,,,,,,,,,,,,,,,,,,,,,,,,,,,,,,,,,,,,,,
9048->80124,299.242:195.278,295.831:199.530,287.395:193.229,294.046:186.564,298.542:180.289,295.606:173.922,293.252:166.883,,,,,,,,,,,,,,,,,,,,,,,,,,,,,,,,,,,,,,,,,,,,,,,,,,,,,,,,,
9048->8318,299.242:195.278,295.831:199.530,287.395:193.229,273.541:183.542,263.170:177.010,253.540:169.247,244.948:162.321,,,,,,,,,,,,,,,,,,,,,,,,,,,,,,,,,,,,,,,,,,,,,,,,,,,,,,,,,
9048->84,299.242:195.278,295.831:199.530,292.873:204.894,288.446:211.872,285.440:216.278,281.103:222.601,276.312:228.590,272.979:230.361,267.250:233.225,259.282:236.454,254.126:241.349,,,,,,,,,,,,,,,,,,,,,,,,,,,,,,,,,,,,,,,,,,,,,,,,,,,,,
9048->84156,299.242:195.278,295.831:199.530,287.395:193.229,273.541:183.542,263.170:177.010,253.540:169.247,244.948:162.321,239.844:158.207,233.022:153.415,222.971:147.010,213.369:138.991,211.594:141.393,,,,,,,,,,,,,,,,,,,,,,,,,,,,,,,,,,,,,,,,,,,,,,,,,,,,
9048->85873,299.242:195.278,295.831:199.530,309.789:205.728,307.614:210.781,303.921:217.527,303.034:220.186,303.034:224.470,301.553:226.935,304.068:229.591,313.670:231.954,318.762:234.171,326.689:238.012,,,,,,,,,,,,,,,,,,,,,,,,,,,,,,,,,,,,,,,,,,,,,,,,,,,,
9048->88,299.242:195.278,295.831:199.530,309.789:205.728,323.589:208.748,335.464:209.478,341.921:209.634,347.233:210.050,362.972:211.453,376.773:212.234,,,,,,,,,,,,,,,,,,,,,,,,,,,,,,,,,,,,,,,,,,,,,,,,,,,,,,,
9048->89653,299.242:195.278,302.353:188.697,304.946:184.788,306.078:181.726,,,,,,,,,,,,,,,,,,,,,,,,,,,,,,,,,,,,,,,,,,,,,,,,,,,,,,,,,,,,
9048->91020,299.242:195.278,295.831:199.530,309.789:205.728,323.589:208.748,335.464:209.478,341.921:209.634,347.233:210.050,362.972:211.453,,,,,,,,,,,,,,,,,,,,,,,,,,,,,,,,,,,,,,,,,,,,,,,,,,,,,,,,
9048->95,299.242:195.278,295.831:199.530,309.789:205.728,323.589:208.748,,,,,,,,,,,,,,,,,,,,,,,,,,,,,,,,,,,,,,,,,,,,,,,,,,,,,,,,,,,,
9048->95815,299.242:195.278,295.831:199.530,287.395:193.229,273.541:183.542,266.015:190.376,,,,,,,,,,,,,,,,,,,,,,,,,,,,,,,,,,,,,,,,,,,,,,,,,,,,,,,,,,,
9048->96,299.242:195.278,295.831:199.530,287.395:193.229,273.541:183.542,263.170:177.010,253.540:169.247,244.948:162.321,239.844:158.207,233.022:153.415,222.971:147.010,213.369:138.991,197.616:127.354,194.916:125.425,185.207:118.610,172.199:111.308,155.794:103.027,142.814:97.329,130.791:90.707,115.938:83.891,98.846:77.007,89.400:72.165,75.350:65.577,62.374:59.313,,,,,,,,,,,,,,,,,,,,,,,,,,,,,,,,,,,,,,,,,
9048->97999,299.242:195.278,295.831:199.530,309.789:205.728,307.614:210.781,303.921:217.527,303.034:220.186,303.034:224.470,301.553:226.935,304.068:229.591,313.670:231.954,318.762:234.171,,,,,,,,,,,,,,,,,,,,,,,,,,,,,,,,,,,,,,,,,,,,,,,,,,,,,
9048->99,299.242:195.278,295.831:199.530,287.395:193.229,273.541:183.542,263.170:177.010,253.540:169.247,244.948:162.321,239.844:158.207,,,,,,,,,,,,,,,,,,,,,,,,,,,,,,,,,,,,,,,,,,,,,,,,,,,,,,,,
91020->101,362.972:211.453,347.233:210.050,341.921:209.634,335.464:209.478,323.589:208.748,309.789:205.728,295.831:199.530,292.873:204.894,288.446:211.872,285.440:216.278,281.103:222.601,276.312:228.590,272.979:230.361,267.250:233.225,259.282:236.454,254.126:241.349,246.002:247.443,244.804:252.182,245.377:255.931,252.303:260.983,256.991:265.618,257.355:270.201,,,,,,,,,,,,,,,,,,,,,,,,,,,,,,,,,,,,,,,,,,
91020->120,362.972:211.453,347.233:210.050,341.921:209.634,335.464:209.478,323.589:208.748,309.789:205.728,295.831:199.530,287.395:193.229,294.046:186.564,298.542:180.289,295.606:173.922,293.252:166.883,292.512:160.225,289.702:155.541,284.986:152.808,279.519:149.801,,,,,,,,,,,,,,,,,,,,,,,,,,,,,,,,,,,,,,,,,,,,,,,,
91020->13,362.972:211.453,376.773:212.234,389.688:214.526,399.251:216.457,,,,,,,,,,,,,,,,,,,,,,,,,,,,,,,,,,,,,,,,,,,,,,,,,,,,,,,,,,,,
91020->13702,362.972:211.453,347.233:210.050,341.921:209.634,335.464:209.478,323.589:208.748,309.789:205.728,295.831:199.530,287.395:193.229,273.541:183.542,,,,,,,,,,,,,,,,,,,,,,,,,,,,,,,,,,,,,,,,,,,,,,,,,,,,,,,
91020->14185,362.972:211.453,347.233:210.050,341.921:209.634,335.464:209.478,323.589:208.748,309.789:205.728,295.831:199.530,299.242:195.278,302.353:188.697,304.946:184.788,,,,,,,,,,,,,,,,,,,,,,,,,,,,,,,,,,,,,,,,,,,,,,,,,,,,,,
91020->17795,362.972:211.453,376.773:212.234,377.269:207.599,376.158:201.725,370.983:196.328,367.109:189.263,368.141:182.992,370.983:179.262,374.094:172.594,373.541:164.692,370.983:159.940,373.073:154.252,,,,,,,,,,,,,,,,,,,,,,,,,,,,,,,,,,,,,,,,,,,,,,,,,,,,
91020->22,362.972:211.453,347.233:210.050,341.921:209.634,335.464:209.478,323.589:208.748,309.789:205.728,295.831:199.530,287.395:193.229,273.541:183.542,263.170:177.010,253.540:169.247,244.948:162.321,239.844:158.207,233.022:153.415,222.971:147.010,213.369:138.991,216.992:130.220,221.105:119.973,211.572:116.147,202.551:111.363,205.899:103.487,,,,,,,,,,,,,,,,,,,,,,,,,,,,,,,,,,,,,,,,,,,
91020->23254,362.972:211.453,347.233:210.050,346.414:220.501,,,,,,,,,,,,,,,,,,,,,,,,,,,,,,,,,,,,,,,,,,,,,,,,,,,,,,,,,,,,,
91020->2344,362.972:211.453,347.233:210.050,341.921:209.634,335.464:209.478,323.589:208.748,309.789:205.728,295.831:199.530,287.395:193.229,273.541:183.542,263.170:177.010,,,,,,,,,,,,,,,,,,,,,,,,,,,,,,,,,,,,,,,,,,,,,,,,,,,,,,
91020->24817,362.972:211.453,347.233:210.050,341.921:209.634,335.464:209.478,,,,,,,,,,,,,,,,,,,,,,,,,,,,,,,,,,,,,,,,,,,,,,,,,,,,,,,,,,,,
91020->2499,362.972:211.453,376.773:212.234,377.269:207.599,376.158:201.725,370.983:196.328,367.109:189.263,368.141:182.992,370.983:179.262,374.094:172.594,373.541:164.692,370.983:159.940,373.073:154.252,375.613:149.887,379.265:145.124,380.058:139.488,380.579:129.453,380.448:122.917,376.784:117.838,,,,,,,,,,,,,,,,,,,,,,,,,,,,,,,,,,,,,,,,,,,,,,
91020->2552,362.972:211.453,376.773:212.234,389.688:214.526,,,,,,,,,,,,,,,,,,,,,,,,,,,,,,,,,,,,,,,,,,,,,,,,,,,,,,,,,,,,,
91020->26858,362.972:211.453,347.233:210.050,,,,,,,,,,,,,,,,,,,,,,,,,,,,,,,,,,,,,,,,,,,,,,,,,,,,,,,,,,,,,,
91020->30620,362.972:211.453,347.233:210.050,341.921:209.634,342.238:205.594,339.156:200.382,,,,,,,,,,,,,,,,,,,,,,,,,,,,,,,,,,,,,,,,,,,,,,,,,,,,,,,,,,,
91020->31591,362.972:211.453,347.233:210.050,341.921:209.634,335.464:209.478,323.589:208.748,309.789:205.728,295.831:199.530,287.395:193.229,273.541:183.542,263.170:177.010,253.540:169.247,,,,,,,,,,,,,,,,,,,,,,,,,,,,,,,,,,,,,,,,,,,,,,,,,,,,,
91020->32,362.972:211.453,347.233:210.050,341.921:209.634,335.464:209.478,323.589:208.748,309.789:205.728,295.831:199.530,287.395:193.229,273.541:183.542,266.015:190.376,259.506:196.964,253.235:196.647,247.361:193.392,240.376:190.296,239.106:185.931,,,,,,,,,,,,,,,,,,,,,,,,,,,,,,,,,,,,,,,,,,,,,,,,,
91020->41841,362.972:211.453,347.233:210.050,341.921:209.634,342.238:205.594,,,,,,,,,,,,,,,,,,,,,,,,,,,,,,,,,,,,,,,,,,,,,,,,,,,,,,,,,,,,
91020->49,362.972:211.453,347.233:210.050,346.414:220.501,347.233:231.470,342.284:235.228,339.995:239.670,337.398:245.240,333.639:250.297,327.249:249.579,324.140:249.853,323.730:252.620,319.322:252.825,317.921:257.472,310.951:262.358,,,,,,,,,,,,,,,,,,,,,,,,,,,,,,,,,,,,,,,,,,,,,,,,,,
91020->5,362.972:211.453,347.233:210.050,341.921:209.634,335.464:209.478,323.589:208.748,309.789:205.728,295.831:199.530,287.395:193.229,,,,,,,,,,,,,,,,,,,,,,,,,,,,,,,,,,,,,,,,,,,,,,,,,,,,,,,,
91020->53940,362.972:211.453,347.233:210.050,341.921:209.634,335.464:209.478,323.589:208.748,309.789:205.728,295.831:199.530,287.395:193.229,294.046:186.564,298.542:180.289,295.606:173.922,293.252:166.883,292.512:160.225,289.702:155.541,284.986:152.808,,,,,,,,,,,,,,,,,,,,,,,,,,,,,,,,,,,,,,,,,,,,,,,,,
91020->60450,362.972:211.453,347.233:210.050,341.921:209.634,335.464:209.478,323.589:208.748,309.789:205.728,295.831:199.530,287.395:193.229,273.541:183.542,263.170:177.010,253.540:169.247,244.948:162.321,239.844:158.207,233.022:153.415,,,,,,,,,,,,,,,,,,,,,,,,,,,,,,,,,,,,,,,,,,,,,,,,,,
91020->63927,362.972:211.453,347.233:210.050,341.921:209.634,335.464:209.478,323.589:208.748,309.789:205.728,295.831:199.530,287.395:193.229,273.541:183.542,263.170:177.010,253.540:169.247,244.948:162.321,250.837:157.263,256.201:151.742,259.065:147.524,262.142:140.680,255.137:140.236,248.338:138.117,242.392:134.598,,,,,,,,,,,,,,,,,,,,,,,,,,,,,,,,,,,,,,,,,,,,,
91020->64018,362.972:211.453,347.233:210.050,341.921:209.634,335.464:209.478,323.589:208.748,309.789:205.728,295.831:199.530,287.395:193.229,294.046:186.564,,,,,,,,,,,,,,,,,,,,,,,,,,,,,,,,,,,,,,,,,,,,,,,,,,,,,,,
91020->72974,362.972:211.453,347.233:210.050,341.921:209.634,335.464:209.478,323.589:208.748,309.789:205.728,295.831:199.530,287.395:193.229,273.541:183.542,263.170:177.010,253.540:169.247,244.948:162.321,250.837:157.263,256.201:151.742,,,,,,,,,,,,,,,,,,,,,,,,,,,,,,,,,,,,,,,,,,,,,,,,,,
91020->75646,362.972:211.453,376.773:212.234,377.269:207.599,376.158:201.725,370.983:196.328,367.109:189.263,368.141:182.992,370.983:179.262,374.094:172.594,373.541:164.692,370.983:159.940,366.803:162.190,360.502:163.991,,,,,,,,,,,,,,,,,,,,,,,,,,,,,,,,,,,,,,,,,,,,,,,,,,,
91020->76205,362.972:211.453,376.773:212.234,377.269:207.599,376.158:201.725,370.983:196.328,367.109:189.263,368.141:182.992,370.983:179.262,374.094:172.594,373.541:164.692,370.983:159.940,373.073:154.252,375.613:149.887,379.265:145.124,380.058:139.488,,,,,,,,,,,,,,,,,,,,,,,,,,,,,,,,,,,,,,,,,,,,,,,,,
91020->79694,362.972:211.453,347.233:210.050,346.414:220.501,347.233:231.470,342.284:235.228,339.995:239.670,333.435:238.898,326.689:238.012,318.762:234.171,313.670:231.954,,,,,,,,,,,,,,,,,,,,,,,,,,,,,,,,,,,,,,,,,,,,,,,,,,,,,,
91020->85873,362.972:211.453,347.233:210.050,346.414:220.501,347.233:231.470,342.284:235.228,339.995:239.670,333.435:238.898,326.689:238.012,,,,,,,,,,,,,,,,,,,,,,,,,,,,,,,,,,,,,,,,,,,,,,,,,,,,,,,,
91020->88,362.972:211.453,376.773:212.234,,,,,,,,,,,,,,,,,,,,,,,,,,,,,,,,,,,,,,,,,,,,,,,,,,,,,,,,,,,,,,
91020->9048,362.972:211.453,347.233:210.050,341.921:209.634,335.464:209.478,323.589:208.748,309.789:205.728,295.831:199.530,299.242:195.278,,,,,,,,,,,,,,,,,,,,,,,,,,,,,,,,,,,,,,,,,,,,,,,,,,,,,,,,
91020->92,362.972:211.453,376.773:212.234,377.269:207.599,376.158:201.725,370.983:196.328,367.109:189.263,368.141:182.992,370.983:179.262,374.094:172.594,373.541:164.692,370.983:159.940,373.073:154.252,375.613:149.887,379.265:145.124,380.058:139.488,380.579:129.453,380.448:122.917,376.784:117.838,374.253:113.458,372.904:107.029,372.030:100.361,369.808:96.313,367.824:93.376,368.459:87.820,371.554:82.184,375.523:78.533,377.031:74.088,380.048:69.722,379.571:66.626,381.397:63.134,,,,,,,,,,,,,,,,,,,,,,,,,,,,,,,,,,
91020->95,362.972:211.453,347.233:210.050,341.921:209.634,335.464:209.478,323.589:208.748,,,,,,,,,,,,,,,,,,,,,,,,,,,,,,,,,,,,,,,,,,,,,,,,,,,,,,,,,,,
91020->97999,362.972:211.453,347.233:210.050,346.414:220.501,347.233:231.470,342.284:235.228,339.995:239.670,333.435:238.898,326.689:238.012,318.762:234.171,,,,,,,,,,,,,,,,,,,,,,,,,,,,,,,,,,,,,,,,,,,,,,,,,,,,,,,
91020->99,362.972:211.453,347.233:210.050,341.921:209.634,335.464:209.478,323.589:208.748,309.789:205.728,295.831:199.530,287.395:193.229,273.541:183.542,263.170:177.010,253.540:169.247,244.948:162.321,239.844:158.207,,,,,,,,,,,,,,,,,,,,,,,,,,,,,,,,,,,,,,,,,,,,,,,,,,,
91297->22,290.842:240.474,284.216:236.645,280.995:236.462,277.165:234.213,272.979:230.361,276.312:228.590,281.103:222.601,285.440:216.278,288.446:211.872,292.873:204.894,295.831:199.530,287.395:193.229,273.541:183.542,263.170:177.010,253.540:169.247,244.948:162.321,239.844:158.207,233.022:153.415,222.971:147.010,213.369:138.991,216.992:130.220,221.105:119.973,211.572:116.147,202.551:111.363,205.899:103.487,,,,,,,,,,,,,,,,,,,,,,,,,,,,,,,,,,,,,,,
91297->51552,290.842:240.474,284.216:236.645,280.995:236.462,,,,,,,,,,,,,,,,,,,,,,,,,,,,,,,,,,,,,,,,,,,,,,,,,,,,,,,,,,,,,
91297->58365,290.842:240.474,284.216:236.645,280.995:236.462,277.165:234.213,272.979:230.361,276.312:228.590,281.103:222.601,285.440:216.278,283.721:215.043,280.749:214.236,276.735:213.986,273.745:211.032,271.617:208.929,,,,,,,,,,,,,,,,,,,,,,,,,,,,,,,,,,,,,,,,,,,,,,,,,,,
91297->72974,290.842:240.474,284.216:236.645,280.995:236.462,277.165:234.213,272.979:230.361,276.312:228.590,281.103:222.601,285.440:216.278,288.446:211.872,292.873:204.894,295.831:199.530,287.395:193.229,273.541:183.542,263.170:177.010,253.540:169.247,244.948:162.321,250.837:157.263,256.201:151.742,,,,,,,,,,,,,,,,,,,,,,,,,,,,,,,,,,,,,,,,,,,,,,
91297->88,290.842:240.474,284.216:236.645,280.995:236.462,277.165:234.213,272.979:230.361,276.312:228.590,281.103:222.601,285.440:216.278,288.446:211.872,292.873:204.894,295.831:199.530,309.789:205.728,323.589:208.748,335.464:209.478,341.921:209.634,347.233:210.050,362.972:211.453,376.773:212.234,,,,,,,,,,,,,,,,,,,,,,,,,,,,,,,,,,,,,,,,,,,,,,
92->120,381.397:63.134,379.571:66.626,380.048:69.722,377.031:74.088,375.523:78.533,371.554:82.184,368.459:87.820,367.824:93.376,369.808:96.313,372.030:100.361,372.904:107.029,374.253:113.458,376.784:117.838,380.448:122.917,380.579:129.453,380.058:139.488,379.265:145.124,375.613:149.887,373.073:154.252,370.983:159.940,366.803:162.190,360.502:163.991,356.323:163.798,349.637:164.698,347.193:169.199,344.595:175.542,340.700:181.672,337.420:188.101,337.035:194.274,339.156:200.382,342.238:205.594,341.921:209.634,335.464:209.478,323.589:208.748,309.789:205.728,295.831:199.530,287.395:193.229,294.046:186.564,298.542:180.289,295.606:173.922,293.252:166.883,292.512:160.225,289.702:155.541,284.986:152.808,279.519:149.801,,,,,,,,,,,,,,,,,,,
92->13,381.397:63.134,379.571:66.626,380.048:69.722,377.031:74.088,375.523:78.533,371.554:82.184,368.459:87.820,367.824:93.376,369.808:96.313,372.030:100.361,372.904:107.029,374.253:113.458,376.784:117.838,380.448:122.917,380.579:129.453,380.058:139.488,379.265:145.124,375.613:149.887,373.073:154.252,370.983:159.940,373.541:164.692,374.094:172.594,370.983:179.262,368.141:182.992,367.109:189.263,370.983:196.328,376.158:201.725,377.269:207.599,376.773:212.234,389.688:214.526,399.251:216.457,,,,,,,,,,,,,,,,,,,,,,,,,,,,,,,,,
92->13651,381.397:63.134,379.571:66.626,380.048:69.722,377.031:74.088,375.523:78.533,371.554:82.184,368.459:87.820,367.824:93.376,369.808:96.313,372.030:100.361,372.904:107.029,374.253:113.458,376.784:117.838,380.448:122.917,380.579:129.453,380.058:139.488,379.265:145.124,375.613:149.887,373.073:154.252,370.983:159.940,366.803:162.190,360.502:163.991,356.323:163.798,349.637:164.698,347.193:169.199,344.595:175.542,340.700:181.672,337.420:188.101,337.035:194.274,339.156:200.382,342.238:205.594,341.921:209.634,335.464:209.478,323.589:208.748,309.789:205.728,295.831:199.530,292.873:204.894,,,,,,,,,,,,,,,,,,,,,,,,,,,
92->21444,381.397:63.134,379.571:66.626,380.048:69.722,377.031:74.088,375.523:78.533,371.554:82.184,368.459:87.820,367.824:93.376,369.808:96.313,372.030:100.361,372.904:107.029,374.253:113.458,376.784:117.838,380.448:122.917,380.579:129.453,380.058:139.488,379.265:145.124,375.613:149.887,373.073:154.252,370.983:159.940,366.803:162.190,360.502:163.991,356.323:163.798,349.637:164.698,347.193:169.199,344.595:175.542,340.700:181.672,337.420:188.101,337.035:194.274,339.156:200.382,342.238:205.594,341.921:209.634,335.464:209.478,323.589:208.748,309.789:205.728,295.831:199.530,287.395:193.229,273.541:183.542,263.170:177.010,253.540:169.247,244.948:162.321,250.837:157.263,,,,,,,,,,,,,,,,,,,,,,
92->22,381.397:63.134,379.571:66.626,380.048:69.722,377.031:74.088,375.523:78.533,371.554:82.184,368.459:87.820,367.824:93.376,369.808:96.313,372.030:100.361,372.904:107.029,374.253:113.458,376.784:117.838,380.448:122.917,380.579:129.453,380.058:139.488,379.265:145.124,375.613:149.887,373.073:154.252,370.983:159.940,366.803:162.190,360.502:163.991,356.323:163.798,349.637:164.698,347.193:169.199,344.595:175.542,340.700:181.672,337.420:188.101,337.035:194.274,339.156:200.382,342.238:205.594,341.921:209.634,335.464:209.478,323.589:208.748,309.789:205.728,295.831:199.530,287.395:193.229,273.541:183.542,263.170:177.010,253.540:169.247,244.948:162.321,239.844:158.207,233.022:153.415,222.971:147.010,213.369:138.991,216.992:130.220,221.105:119.973,211.572:116.147,202.551:111.363,205.899:103.487,,,,,,,,,,,,,,
92->23254,381.397:63.134,379.571:66.626,380.048:69.722,377.031:74.088,375.523:78.533,371.554:82.184,368.459:87.820,367.824:93.376,369.808:96.313,372.030:100.361,372.904:107.029,374.253:113.458,376.784:117.838,380.448:122.917,380.579:129.453,380.058:139.488,379.265:145.124,375.613:149.887,373.073:154.252,370.983:159.940,373.541:164.692,374.094:172.594,370.983:179.262,368.141:182.992,367.109:189.263,370.983:196.328,376.158:201.725,377.269:207.599,376.773:212.234,362.972:211.453,347.233:210.050,346.414:220.501,,,,,,,,,,,,,,,,,,,,,,,,,,,,,,,,
92->24143,381.397:63.134,379.571:66.626,380.048:69.722,377.031:74.088,375.523:78.533,371.554:82.184,368.459:87.820,367.824:93.376,369.808:96.313,372.030:100.361,372.904:107.029,374.253:113.458,376.784:117.838,380.448:122.917,380.579:129.453,380.058:139.488,379.265:145.124,375.613:149.887,373.073:154.252,370.983:159.940,373.541:164.692,374.094:172.594,,,,,,,,,,,,,,,,,,,,,,,,,,,,,,,,,,,,,,,,,,
92->24817,381.397:63.134,379.571:66.626,380.048:69.722,377.031:74.088,375.523:78.533,371.554:82.184,368.459:87.820,367.824:93.376,369.808:96.313,372.030:100.361,372.904:107.029,374.253:113.458,376.784:117.838,380.448:122.917,380.579:129.453,380.058:139.488,379.265:145.124,375.613:149.887,373.073:154.252,370.983:159.940,366.803:162.190,360.502:163.991,356.323:163.798,349.637:164.698,347.193:169.199,344.595:175.542,340.700:181.672,337.420:188.101,337.035:194.274,339.156:200.382,342.238:205.594,341.921:209.634,335.464:209.478,,,,,,,,,,,,,,,,,,,,,,,,,,,,,,,
92->26858,381.397:63.134,379.571:66.626,380.048:69.722,377.031:74.088,375.523:78.533,371.554:82.184,368.459:87.820,367.824:93.376,369.808:96.313,372.030:100.361,372.904:107.029,374.253:113.458,376.784:117.838,380.448:122.917,380.579:129.453,380.058:139.488,379.265:145.124,375.613:149.887,373.073:154.252,370.983:159.940,373.541:164.692,374.094:172.594,370.983:179.262,368.141:182.992,367.109:189.263,370.983:196.328,376.158:201.725,377.269:207.599,376.773:212.234,362.972:211.453,347.233:210.050,,,,,,,,,,,,,,,,,,,,,,,,,,,,,,,,,
92->28385,381.397:63.134,379.571:66.626,380.048:69.722,377.031:74.088,375.523:78.533,371.554:82.184,368.459:87.820,367.824:93.376,369.808:96.313,372.030:100.361,372.904:107.029,374.253:113.458,376.784:117.838,380.448:122.917,380.579:129.453,380.058:139.488,379.265:145.124,375.613:149.887,373.073:154.252,370.983:159.940,366.803:162.190,360.502:163.991,356.323:163.798,349.637:164.698,347.193:169.199,344.595:175.542,340.700:181.672,337.420:188.101,337.035:194.274,,,,,,,,,,,,,,,,,,,,,,,,,,,,,,,,,,,
92->41841,381.397:63.134,379.571:66.626,380.048:69.722,377.031:74.088,375.523:78.533,371.554:82.184,368.459:87.820,367.824:93.376,369.808:96.313,372.030:100.361,372.904:107.029,374.253:113.458,376.784:117.838,380.448:122.917,380.579:129.453,380.058:139.488,379.265:145.124,375.613:149.887,373.073:154.252,370.983:159.940,366.803:162.190,360.502:163.991,356.323:163.798,349.637:164.698,347.193:169.199,344.595:175.542,340.700:181.672,337.420:188.101,337.035:194.274,339.156:200.382,342.238:205.594,,,,,,,,,,,,,,,,,,,,,,,,,,,,,,,,,
92->44615,381.397:63.134,379.571:66.626,380.048:69.722,377.031:74.088,375.523:78.533,371.554:82.184,368.459:87.820,367.824:93.376,369.808:96.313,372.030:100.361,372.904:107.029,374.253:113.458,376.784:117.838,380.448:122.917,380.579:129.453,380.058:139.488,379.265:145.124,375.613:149.887,373.073:154.252,370.983:159.940,366.803:162.190,360.502:163.991,356.323:163.798,349.637:164.698,347.193:169.199,344.595:175.542,340.700:181.672,337.420:188.101,337.035:194.274,339.156:200.382,342.238:205.594,341.921:209.634,335.464:209.478,323.589:208.748,309.789:205.728,,,,,,,,,,,,,,,,,,,,,,,,,,,,,
92->48339,381.397:63.134,379.571:66.626,380.048:69.722,377.031:74.088,375.523:78.533,371.554:82.184,368.459:87.820,367.824:93.376,369.808:96.313,372.030:100.361,372.904:107.029,374.253:113.458,376.784:117.838,380.448:122.917,380.579:129.453,380.058:139.488,379.265:145.124,375.613:149.887,373.073:154.252,370.983:159.940,366.803:162.190,360.502:163.991,356.323:163.798,349.637:164.698,347.193:169.199,344.595:175.542,340.700:181.672,337.420:188.101,337.035:194.274,339.156:200.382,342.238:205.594,341.921:209.634,,,,,,,,,,,,,,,,,,,,,,,,,,,,,,,,
92->49,381.397:63.134,379.571:66.626,380.048:69.722,377.031:74.088,375.523:78.533,371.554:82.184,368.459:87.820,367.824:93.376,369.808:96.313,372.030:100.361,372.904:107.029,374.253:113.458,376.784:117.838,380.448:122.917,380.579:129.453,380.058:139.488,379.265:145.124,375.613:149.887,373.073:154.252,370.983:159.940,373.541:164.692,374.094:172.594,370.983:179.262,368.141:182.992,367.109:189.263,370.983:196.328,376.158:201.725,377.269:207.599,376.773:212.234,362.972:211.453,347.233:210.050,346.414:220.501,347.233:231.470,342.284:235.228,339.995:239.670,337.398:245.240,333.639:250.297,327.249:249.579,324.140:249.853,323.730:252.620,319.322:252.825,317.921:257.472,310.951:262.358,,,,,,,,,,,,,,,,,,,,,
92->49024,381.397:63.134,379.571:66.626,380.048:69.722,377.031:74.088,375.523:78.533,371.554:82.184,368.459:87.820,367.824:93.376,369.808:96.313,372.030:100.361,372.904:107.029,374.253:113.458,376.784:117.838,380.448:122.917,380.579:129.453,380.058:139.488,379.265:145.124,375.613:149.887,373.073:154.252,370.983:159.940,366.803:162.190,360.502:163.991,356.323:163.798,349.637:164.698,347.193:169.199,344.595:175.542,340.700:181.672,337.420:188.101,337.035:194.274,339.156:200.382,342.238:205.594,341.921:209.634,335.464:209.478,323.589:208.748,309.789:205.728,295.831:199.530,287.395:193.229,273.541:183.542,266.015:190.376,259.506:196.964,253.235:196.647,247.361:193.392,,,,,,,,,,,,,,,,,,,,,,
92->5,381.397:63.134,379.571:66.626,380.048:69.722,377.031:74.088,375.523:78.533,371.554:82.184,368.459:87.820,367.824:93.376,369.808:96.313,372.030:100.361,372.904:107.029,374.253:113.458,376.784:117.838,380.448:122.917,380.579:129.453,380.058:139.488,379.265:145.124,375.613:149.887,373.073:154.252,370.983:159.940,366.803:162.190,360.502:163.991,356.323:163.798,349.637:164.698,347.193:169.199,344.595:175.542,340.700:181.672,337.420:188.101,337.035:194.274,339.156:200.382,342.238:205.594,341.921:209.634,335.464:209.478,323.589:208.748,309.789:205.728,295.831:199.530,287.395:193.229,,,,,,,,,,,,,,,,,,,,,,,,,,,
92->50132,381.397:63.134,379.571:66.626,380.048:69.722,377.031:74.088,375.523:78.533,371.554:82.184,368.459:87.820,367.824:93.376,369.808:96.313,372.030:100.361,372.904:107.029,374.253:113.458,376.784:117.838,380.448:122.917,380.579:129.453,380.058:139.488,379.265:145.124,375.613:149.887,373.073:154.252,370.983:159.940,366.803:162.190,360.502:163.991,356.323:163.798,349.637:164.698,347.193:169.199,344.595:175.542,340.700:181.672,337.420:188.101,337.035:194.274,339.156:200.382,342.238:205.594,341.921:209.634,335.464:209.478,323.589:208.748,309.789:205.728,307.614:210.781,303.921:217.527,303.034:220.186,,,,,,,,,,,,,,,,,,,,,,,,,,
92->51952,381.397:63.134,379.571:66.626,380.048:69.722,377.031:74.088,375.523:78.533,371.554:82.184,368.459:87.820,367.824:93.376,369.808:96.313,372.030:100.361,372.904:107.029,374.253:113.458,376.784:117.838,380.448:122.917,380.579:129.453,380.058:139.488,379.265:145.124,375.613:149.887,373.073:154.252,370.983:159.940,366.803:162.190,360.502:163.991,356.323:163.798,349.637:164.698,347.193:169.199,344.595:175.542,340.700:181.672,337.420:188.101,337.035:194.274,339.156:200.382,342.238:205.594,341.921:209.634,335.464:209.478,323.589:208.748,309.789:205.728,295.831:199.530,287.395:193.229,273.541:183.542,263.170:177.010,253.540:169.247,244.948:162.321,239.844:158.207,233.022:153.415,222.971:147.010,220.826:151.867,,,,,,,,,,,,,,,,,,,
92->52367,381.397:63.134,379.571:66.626,380.048:69.722,377.031:74.088,375.523:78.533,371.554:82.184,368.459:87.820,367.824:93.376,369.808:96.313,372.030:100.361,372.904:107.029,374.253:113.458,376.784:117.838,380.448:122.917,380.579:129.453,380.058:139.488,379.265:145.124,375.613:149.887,373.073:154.252,370.983:159.940,373.541:164.692,374.094:172.594,370.983:179.262,368.141:182.992,367.109:189.263,370.983:196.328,376.158:201.725,377.269:207.599,376.773:212.234,362.972:211.453,347.233:210.050,346.414:220.501,347.233:231.470,342.284:235.228,339.995:239.670,333.435:238.898,326.689:238.012,318.762:234.171,313.670:231.954,304.068:229.591,,,,,,,,,,,,,,,,,,,,,,,,
92->53940,381.397:63.134,379.571:66.626,380.048:69.722,377.031:74.088,375.523:78.533,371.554:82.184,368.459:87.820,367.824:93.376,369.808:96.313,372.030:100.361,372.904:107.029,374.253:113.458,376.784:117.838,380.448:122.917,380.579:129.453,380.058:139.488,379.265:145.124,375.613:149.887,373.073:154.252,370.983:159.940,366.803:162.190,360.502:163.991,356.323:163.798,349.637:164.698,347.193:169.199,344.595:175.542,340.700:181.672,337.420:188.101,337.035:194.274,339.156:200.382,342.238:205.594,341.921:209.634,335.464:209.478,323.589:208.748,309.789:205.728,295.831:199.530,287.395:193.229,294.046:186.564,298.542:180.289,295.606:173.922,293.252:166.883,292.512:160.225,289.702:155.541,284.986:152.808,,,,,,,,,,,,,,,,,,,,
92->60450,381.397:63.134,379.571:66.626,380.048:69.722,377.031:74.088,375.523:78.533,371.554:82.184,368.459:87.820,367.824:93.376,369.808:96.313,372.030:100.361,372.904:107.029,374.253:113.458,376.784:117.838,380.448:122.917,380.579:129.453,380.058:139.488,379.265:145.124,375.613:149.887,373.073:154.252,370.983:159.940,366.803:162.190,360.502:163.991,356.323:163.798,349.637:164.698,347.193:169.199,344.595:175.542,340.700:181.672,337.420:188.101,337.035:194.274,339.156:200.382,342.238:205.594,341.921:209.634,335.464:209.478,323.589:208.748,309.789:205.728,295.831:199.530,287.395:193.229,273.541:183.542,263.170:177.010,253.540:169.247,244.948:162.321,239.844:158.207,233.022:153.415,,,,,,,,,,,,,,,,,,,,,
92->63927,381.397:63.134,379.571:66.626,380.048:69.722,377.031:74.088,375.523:78.533,371.554:82.184,368.459:87.820,367.824:93.376,369.808:96.313,372.030:100.361,372.904:107.029,374.253:113.458,376.784:117.838,380.448:122.917,380.579:129.453,380.058:139.488,379.265:145.124,375.613:149.887,373.073:154.252,370.983:159.940,366.803:162.190,360.502:163.991,356.323:163.798,349.637:164.698,347.193:169.199,344.595:175.542,340.700:181.672,337.420:188.101,337.035:194.274,339.156:200.382,342.238:205.594,341.921:209.634,335.464:209.478,323.589:208.748,309.789:205.728,295.831:199.530,287.395:193.229,273.541:183.542,263.170:177.010,253.540:169.247,244.948:162.321,250.837:157.263,256.201:151.742,259.065:147.524,262.142:140.680,255.137:140.236,248.338:138.117,242.392:134.598,,,,,,,,,,,,,,,,
92->64018,381.397:63.134,379.571:66.626,380.048:69.722,377.031:74.088,375.523:78.533,371.554:82.184,368.459:87.820,367.824:93.376,369.808:96.313,372.030:100.361,372.904:107.029,374.253:113.458,376.784:117.838,380.448:122.917,380.579:129.453,380.058:139.488,379.265:145.124,375.613:149.887,373.073:154.252,370.983:159.940,366.803:162.190,360.502:163.991,356.323:163.798,349.637:164.698,347.193:169.199,344.595:175.542,340.700:181.672,337.420:188.101,337.035:194.274,339.156:200.382,342.238:205.594,341.921:209.634,335.464:209.478,323.589:208.748,309.789:205.728,295.831:199.530,287.395:193.229,294.046:186.564,,,,,,,,,,,,,,,,,,,,,,,,,,
92->67916,381.397:63.134,379.571:66.626,380.048:69.722,377.031:74.088,375.523:78.533,371.554:82.184,368.459:87.820,367.824:93.376,369.808:96.313,372.030:100.361,372.904:107.029,374.253:113.458,376.784:117.838,380.448:122.917,380.579:129.453,380.058:139.488,379.265:145.124,375.613:149.887,373.073:154.252,370.983:159.940,366.803:162.190,360.502:163.991,356.323:163.798,,,,,,,,,,,,,,,,,,,,,,,,,,,,,,,,,,,,,,,,,
92->72897,381.397:63.134,379.571:66.626,380.048:69.722,377.031:74.088,375.523:78.533,371.554:82.184,368.459:87.820,367.824:93.376,369.808:96.313,372.030:100.361,372.904:107.029,374.253:113.458,376.784:117.838,380.448:122.917,380.579:129.453,380.058:139.488,379.265:145.124,375.613:149.887,373.073:154.252,370.983:159.940,373.541:164.692,374.094:172.594,370.983:179.262,,,,,,,,,,,,,,,,,,,,,,,,,,,,,,,,,,,,,,,,,
92->72974,381.397:63.134,379.571:66.626,380.048:69.722,377.031:74.088,375.523:78.533,371.554:82.184,368.459:87.820,367.824:93.376,369.808:96.313,372.030:100.361,372.904:107.029,374.253:113.458,376.784:117.838,380.448:122.917,380.579:129.453,380.058:139.488,379.265:145.124,375.613:149.887,373.073:154.252,370.983:159.940,366.803:162.190,360.502:163.991,356.323:163.798,349.637:164.698,347.193:169.199,344.595:175.542,340.700:181.672,337.420:188.101,337.035:194.274,339.156:200.382,342.238:205.594,341.921:209.634,335.464:209.478,323.589:208.748,309.789:205.728,295.831:199.530,287.395:193.229,273.541:183.542,263.170:177.010,253.540:169.247,244.948:162.321,250.837:157.263,256.201:151.742,,,,,,,,,,,,,,,,,,,,,
92->75646,381.397:63.134,379.571:66.626,380.048:69.722,377.031:74.088,375.523:78.533,371.554:82.184,368.459:87.820,367.824:93.376,369.808:96.313,372.030:100.361,372.904:107.029,374.253:113.458,376.784:117.838,380.448:122.917,380.579:129.453,380.058:139.488,379.265:145.124,375.613:149.887,373.073:154.252,370.983:159.940,366.803:162.190,360.502:163.991,,,,,,,,,,,,,,,,,,,,,,,,,,,,,,,,,,,,,,,,,,
92->76205,381.397:63.134,379.571:66.626,380.048:69.722,377.031:74.088,375.523:78.533,371.554:82.184,368.459:87.820,367.824:93.376,369.808:96.313,372.030:100.361,372.904:107.029,374.253:113.458,376.784:117.838,380.448:122.917,380.579:129.453,380.058:139.488,,,,,,,,,,,,,,,,,,,,,,,,,,,,,,,,,,,,,,,,,,,,,,,,
92->88,381.397:63.134,379.571:66.626,380.048:69.722,377.031:74.088,375.523:78.533,371.554:82.184,368.459:87.820,367.824:93.376,369.808:96.313,372.030:100.361,372.904:107.029,374.253:113.458,376.784:117.838,380.448:122.917,380.579:129.453,380.058:139.488,379.265:145.124,375.613:149.887,373.073:154.252,370.983:159.940,373.541:164.692,374.094:172.594,370.983:179.262,368.141:182.992,367.109:189.263,370.983:196.328,376.158:201.725,377.269:207.599,376.773:212.234,,,,,,,,,,,,,,,,,,,,,,,,,,,,,,,,,,,
92->91020,381.397:63.134,379.571:66.626,380.048:69.722,377.031:74.088,375.523:78.533,371.554:82.184,368.459:87.820,367.824:93.376,369.808:96.313,372.030:100.361,372.904:107.029,374.253:113.458,376.784:117.838,380.448:122.917,380.579:129.453,380.058:139.488,379.265:145.124,375.613:149.887,373.073:154.252,370.983:159.940,373.541:164.692,374.094:172.594,370.983:179.262,368.141:182.992,367.109:189.263,370.983:196.328,376.158:201.725,377.269:207.599,376.773:212.234,362.972:211.453,,,,,,,,,,,,,,,,,,,,,,,,,,,,,,,,,,
92->93266,381.397:63.134,379.571:66.626,380.048:69.722,377.031:74.088,375.523:78.533,371.554:82.184,368.459:87.820,367.824:93.376,369.808:96.313,372.030:100.361,372.904:107.029,374.253:113.458,376.784:117.838,380.448:122.917,380.579:129.453,380.058:139.488,379.265:145.124,375.613:149.887,373.073:154.252,370.983:159.940,366.803:162.190,360.502:163.991,356.323:163.798,349.637:164.698,347.193:169.199,344.595:175.542,340.700:181.672,337.420:188.101,337.035:194.274,339.156:200.382,342.238:205.594,341.921:209.634,335.464:209.478,323.589:208.748,309.789:205.728,307.614:210.781,303.921:217.527,,,,,,,,,,,,,,,,,,,,,,,,,,,
92->95,381.397:63.134,379.571:66.626,380.048:69.722,377.031:74.088,375.523:78.533,371.554:82.184,368.459:87.820,367.824:93.376,369.808:96.313,372.030:100.361,372.904:107.029,374.253:113.458,376.784:117.838,380.448:122.917,380.579:129.453,380.058:139.488,379.265:145.124,375.613:149.887,373.073:154.252,370.983:159.940,366.803:162.190,360.502:163.991,356.323:163.798,349.637:164.698,347.193:169.199,344.595:175.542,340.700:181.672,337.420:188.101,337.035:194.274,339.156:200.382,342.238:205.594,341.921:209.634,335.464:209.478,323.589:208.748,,,,,,,,,,,,,,,,,,,,,,,,,,,,,,
92->95815,381.397:63.134,379.571:66.626,380.048:69.722,377.031:74.088,375.523:78.533,371.554:82.184,368.459:87.820,367.824:93.376,369.808:96.313,372.030:100.361,372.904:107.029,374.253:113.458,376.784:117.838,380.448:122.917,380.579:129.453,380.058:139.488,379.265:145.124,375.613:149.887,373.073:154.252,370.983:159.940,366.803:162.190,360.502:163.991,356.323:163.798,349.637:164.698,347.193:169.199,344.595:175.542,340.700:181.672,337.420:188.101,337.035:194.274,339.156:200.382,342.238:205.594,341.921:209.634,335.464:209.478,323.589:208.748,309.789:205.728,295.831:199.530,287.395:193.229,273.541:183.542,266.015:190.376,,,,,,,,,,,,,,,,,,,,,,,,,
92->97999,381.397:63.134,379.571:66.626,380.048:69.722,377.031:74.088,375.523:78.533,371.554:82.184,368.459:87.820,367.824:93.376,369.808:96.313,372.030:100.361,372.904:107.029,374.253:113.458,376.784:117.838,380.448:122.917,380.579:129.453,380.058:139.488,379.265:145.124,375.613:149.887,373.073:154.252,370.983:159.940,373.541:164.692,374.094:172.594,370.983:179.262,368.141:182.992,367.109:189.263,370.983:196.328,376.158:201.725,377.269:207.599,376.773:212.234,362.972:211.453,347.233:210.050,346.414:220.501,347.233:231.470,342.284:235.228,339.995:239.670,333.435:238.898,326.689:238.012,318.762:234.171,,,,,,,,,,,,,,,,,,,,,,,,,,
92->99,381.397:63.134,379.571:66.626,380.048:69.722,377.031:74.088,375.523:78.533,371.554:82.184,368.459:87.820,367.824:93.376,369.808:96.313,372.030:100.361,372.904:107.029,374.253:113.458,376.784:117.838,380.448:122.917,380.579:129.453,380.058:139.488,379.265:145.124,375.613:149.887,373.073:154.252,370.983:159.940,366.803:162.190,360.502:163.991,356.323:163.798,349.637:164.698,347.193:169.199,344.595:175.542,340.700:181.672,337.420:188.101,337.035:194.274,339.156:200.382,342.238:205.594,341.921:209.634,335.464:209.478,323.589:208.748,309.789:205.728,295.831:199.530,287.395:193.229,273.541:183.542,263.170:177.010,253.540:169.247,244.948:162.321,239.844:158.207,,,,,,,,,,,,,,,,,,,,,,
92071->101,284.759:248.203,289.092:249.828,293.130:249.975,295.444:246.775,298.441:243.818,294.611:242.967,290.842:240.474,284.216:236.645,280.995:236.462,277.165:234.213,272.979:230.361,267.250:233.225,259.282:236.454,254.126:241.349,246.002:247.443,244.804:252.182,245.377:255.931,252.303:260.983,256.991:265.618,257.355:270.201,,,,,,,,,,,,,,,,,,,,,,,,,,,,,,,,,,,,,,,,,,,,
92071->120,284.759:248.203,289.092:249.828,293.130:249.975,295.444:246.775,298.441:243.818,294.611:242.967,290.842:240.474,284.216:236.645,280.995:236.462,277.165:234.213,272.979:230.361,276.312:228.590,281.103:222.601,285.440:216.278,288.446:211.872,292.873:204.894,295.831:199.530,287.395:193.229,294.046:186.564,298.542:180.289,295.606:173.922,293.252:166.883,292.512:160.225,289.702:155.541,284.986:152.808,279.519:149.801,,,,,,,,,,,,,,,,,,,,,,,,,,,,,,,,,,,,,,
92071->22,284.759:248.203,289.092:249.828,293.130:249.975,295.444:246.775,298.441:243.818,294.611:242.967,290.842:240.474,284.216:236.645,280.995:236.462,277.165:234.213,272.979:230.361,276.312:228.590,281.103:222.601,285.440:216.278,288.446:211.872,292.873:204.894,295.831:199.530,287.395:193.229,273.541:183.542,263.170:177.010,253.540:169.247,244.948:162.321,239.844:158.207,233.022:153.415,222.971:147.010,213.369:138.991,216.992:130.220,221.105:119.973,211.572:116.147,202.551:111.363,205.899:103.487,,,,,,,,,,,,,,,,,,,,,,,,,,,,,,,,,
92071->22615,284.759:248.203,289.092:249.828,293.130:249.975,,,,,,,,,,,,,,,,,,,,,,,,,,,,,,,,,,,,,,,,,,,,,,,,,,,,,,,,,,,,,
92071->33,284.759:248.203,289.092:249.828,293.130:249.975,295.444:246.775,298.441:243.818,294.611:242.967,290.842:240.474,284.216:236.645,280.995:236.462,277.165:234.213,272.979:230.361,276.312:228.590,281.103:222.601,285.440:216.278,288.446:211.872,292.873:204.894,295.831:199.530,287.395:193.229,273.541:183.542,263.170:177.010,253.540:169.247,244.948:162.321,239.844:158.207,233.022:153.415,222.971:147.010,213.369:138.991,197.616:127.354,194.916:125.425,,,,,,,,,,,,,,,,,,,,,,,,,,,,,,,,,,,,
92071->39313,284.759:248.203,289.092:249.828,293.130:249.975,295.444:246.775,298.441:243.818,304.155:246.128,305.371:250.930,303.183:255.307,302.149:258.225,306.405:261.082,310.951:262.358,307.924:268.482,301.570:267.905,296.768:265.655,292.573:265.169,286.373:264.865,281.266:263.832,277.315:262.798,275.066:264.683,,,,,,,,,,,,,,,,,,,,,,,,,,,,,,,,,,,,,,,,,,,,,
92071->49,284.759:248.203,289.092:249.828,293.130:249.975,295.444:246.775,298.441:243.818,304.155:246.128,305.371:250.930,303.183:255.307,302.149:258.225,306.405:261.082,310.951:262.358,,,,,,,,,,,,,,,,,,,,,,,,,,,,,,,,,,,,,,,,,,,,,,,,,,,,,
92071->5,284.759:248.203,289.092:249.828,293.130:249.975,295.444:246.775,298.441:243.818,294.611:242.967,290.842:240.474,284.216:236.645,280.995:236.462,277.165:234.213,272.979:230.361,276.312:228.590,281.103:222.601,285.440:216.278,288.446:211.872,292.873:204.894,295.831:199.530,287.395:193.229,,,,,,,,,,,,,,,,,,,,,,,,,,,,,,,,,,,,,,,,,,,,,,
92071->51552,284.759:248.203,289.092:249.828,293.130:249.975,295.444:246.775,298.441:243.818,294.611:242.967,290.842:240.474,284.216:236.645,280.995:236.462,,,,,,,,,,,,,,,,,,,,,,,,,,,,,,,,,,,,,,,,,,,,,,,,,,,,,,,
92071->66,284.759:248.203,289.092:249.828,293.130:249.975,295.444:246.775,298.441:243.818,294.611:242.967,290.842:240.474,284.216:236.645,280.995:236.462,277.165:234.213,272.979:230.361,276.312:228.590,281.103:222.601,285.440:216.278,288.446:211.872,292.873:204.894,295.831:199.530,287.395:193.229,273.541:183.542,263.170:177.010,253.540:169.247,244.948:162.321,239.844:158.207,233.022:153.415,222.971:147.010,213.369:138.991,197.616:127.354,194.916:125.425,185.207:118.610,172.199:111.308,155.794:103.027,142.814:97.329,130.791:90.707,115.938:83.891,98.846:77.007,89.400:72.165,75.350:65.577,62.374:59.313,54.849:55.263,47.679:49.139,40.809:41.372,35.471:35.856,23.833:26.340,13.949:16.375,,,,,,,,,,,,,,,,,,,,
92071->84,284.759:248.203,289.092:249.828,293.130:249.975,295.444:246.775,298.441:243.818,294.611:242.967,290.842:240.474,284.216:236.645,280.995:236.462,277.165:234.213,272.979:230.361,267.250:233.225,259.282:236.454,254.126:241.349,,,,,,,,,,,,,,,,,,,,,,,,,,,,,,,,,,,,,,,,,,,,,,,,,,
92071->95,284.759:248.203,289.092:249.828,293.130:249.975,295.444:246.775,298.441:243.818,294.611:242.967,290.842:240.474,284.216:236.645,280.995:236.462,277.165:234.213,272.979:230.361,276.312:228.590,281.103:222.601,285.440:216.278,288.446:211.872,292.873:204.894,295.831:199.530,309.789:205.728,323.589:208.748,,,,,,,,,,,,,,,,,,,,,,,,,,,,,,,,,,,,,,,,,,,,,
92071->99,284.759:248.203,289.092:249.828,293.130:249.975,295.444:246.775,298.441:243.818,294.611:242.967,290.842:240.474,284.216:236.645,280.995:236.462,277.165:234.213,272.979:230.361,276.312:228.590,281.103:222.601,285.440:216.278,288.446:211.872,292.873:204.894,295.831:199.530,287.395:193.229,273.541:183.542,263.170:177.010,253.540:169.247,244.948:162.321,239.844:158.207,,,,,,,,,,,,,,,,,,,,,,,,,,,,,,,,,,,,,,,,,
92674->120,232.022:166.358,234.423:166.563,239.844:158.207,244.948:162.321,250.837:157.263,256.201:151.742,259.065:147.524,262.142:140.680,269.223:140.680,273.596:142.477,278.802:146.350,279.519:149.801,,,,,,,,,,,,,,,,,,,,,,,,,,,,,,,,,,,,,,,,,,,,,,,,,,,,
92674->5135,232.022:166.358,234.423:166.563,239.844:158.207,233.022:153.415,222.971:147.010,213.369:138.991,197.616:127.354,194.916:125.425,185.207:118.610,,,,,,,,,,,,,,,,,,,,,,,,,,,,,,,,,,,,,,,,,,,,,,,,,,,,,,,
92674->60450,232.022:166.358,234.423:166.563,239.844:158.207,233.022:153.415,,,,,,,,,,,,,,,,,,,,,,,,,,,,,,,,,,,,,,,,,,,,,,,,,,,,,,,,,,,,
92674->8318,232.022:166.358,234.423:166.563,239.844:158.207,244.948:162.321,,,,,,,,,,,,,,,,,,,,,,,,,,,,,,,,,,,,,,,,,,,,,,,,,,,,,,,,,,,,
92674->88,232.022:166.358,234.423:166.563,239.844:158.207,244.948:162.321,253.540:169.247,263.170:177.010,273.541:183.542,287.395:193.229,295.831:199.530,309.789:205.728,323.589:208.748,335.464:209.478,341.921:209.634,347.233:210.050,362.972:211.453,376.773:212.234,,,,,,,,,,,,,,,,,,,,,,,,,,,,,,,,,,,,,,,,,,,,,,,,
92821->22,35.471:35.856,40.809:41.372,47.679:49.139,54.849:55.263,62.374:59.313,75.350:65.577,89.400:72.165,98.846:77.007,115.938:83.891,130.791:90.707,142.814:97.329,155.794:103.027,172.199:111.308,185.207:118.610,194.916:125.425,198.866:118.313,202.551:111.363,205.899:103.487,,,,,,,,,,,,,,,,,,,,,,,,,,,,,,,,,,,,,,,,,,,,,,
93162->105,197.616:127.354,194.916:125.425,185.207:118.610,172.199:111.308,155.794:103.027,142.814:97.329,,,,,,,,,,,,,,,,,,,,,,,,,,,,,,,,,,,,,,,,,,,,,,,,,,,,,,,,,,
93162->120,197.616:127.354,213.369:138.991,222.971:147.010,233.022:153.415,239.844:158.207,244.948:162.321,250.837:157.263,256.201:151.742,259.065:147.524,262.142:140.680,269.223:140.680,273.596:142.477,278.802:146.350,279.519:149.801,,,,,,,,,,,,,,,,,,,,,,,,,,,,,,,,,,,,,,,,,,,,,,,,,,
93162->13568,197.616:127.354,213.369:138.991,216.992:130.220,,,,,,,,,,,,,,,,,,,,,,,,,,,,,,,,,,,,,,,,,,,,,,,,,,,,,,,,,,,,,
93162->21444,197.616:127.354,213.369:138.991,222.971:147.010,233.022:153.415,239.844:158.207,244.948:162.321,250.837:157.263,,,,,,,,,,,,,,,,,,,,,,,,,,,,,,,,,,,,,,,,,,,,,,,,,,,,,,,,,
93162->22,197.616:127.354,194.916:125.425,198.866:118.313,202.551:111.363,205.899:103.487,,,,,,,,,,,,,,,,,,,,,,,,,,,,,,,,,,,,,,,,,,,,,,,,,,,,,,,,,,,
93162->30732,197.616:127.354,194.916:125.425,185.207:118.610,172.199:111.308,,,,,,,,,,,,,,,,,,,,,,,,,,,,,,,,,,,,,,,,,,,,,,,,,,,,,,,,,,,,
93162->31591,197.616:127.354,213.369:138.991,222.971:147.010,233.022:153.415,239.844:158.207,244.948:162.321,253.540:169.247,,,,,,,,,,,,,,,,,,,,,,,,,,,,,,,,,,,,,,,,,,,,,,,,,,,,,,,,,
93162->33,197.616:127.354,194.916:125.425,,,,,,,,,,,,,,,,,,,,,,,,,,,,,,,,,,,,,,,,,,,,,,,,,,,,,,,,,,,,,,
93162->49,197.616:127.354,213.369:138.991,222.971:147.010,233.022:153.415,239.844:158.207,244.948:162.321,253.540:169.247,263.170:177.010,273.541:183.542,287.395:193.229,295.831:199.530,309.789:205.728,323.589:208.748,335.464:209.478,341.921:209.634,347.233:210.050,346.414:220.501,347.233:231.470,342.284:235.228,339.995:239.670,337.398:245.240,333.639:250.297,327.249:249.579,324.140:249.853,323.730:252.620,319.322:252.825,317.921:257.472,310.951:262.358,,,,,,,,,,,,,,,,,,,,,,,,,,,,,,,,,,,,
93162->5,197.616:127.354,213.369:138.991,222.971:147.010,233.022:153.415,239.844:158.207,244.948:162.321,253.540:169.247,263.170:177.010,273.541:183.542,287.395:193.229,,,,,,,,,,,,,,,,,,,,,,,,,,,,,,,,,,,,,,,,,,,,,,,,,,,,,,
93162->63253,197.616:127.354,213.369:138.991,222.971:147.010,233.022:153.415,239.844:158.207,244.948:162.321,253.540:169.247,263.170:177.010,273.541:183.542,287.395:193.229,294.046:186.564,298.542:180.289,295.606:173.922,293.252:166.883,292.512:160.225,,,,,,,,,,,,,,,,,,,,,,,,,,,,,,,,,,,,,,,,,,,,,,,,,
93162->72974,197.616:127.354,213.369:138.991,222.971:147.010,233.022:153.415,239.844:158.207,244.948:162.321,250.837:157.263,256.201:151.742,,,,,,,,,,,,,,,,,,,,,,,,,,,,,,,,,,,,,,,,,,,,,,,,,,,,,,,,
93162->87392,197.616:127.354,213.369:138.991,,,,,,,,,,,,,,,,,,,,,,,,,,,,,,,,,,,,,,,,,,,,,,,,,,,,,,,,,,,,,,
93162->95,197.616:127.354,213.369:138.991,222.971:147.010,233.022:153.415,239.844:158.207,244.948:162.321,253.540:169.247,263.170:177.010,273.541:183.542,287.395:193.229,295.831:199.530,309.789:205.728,323.589:208.748,,,,,,,,,,,,,,,,,,,,,,,,,,,,,,,,,,,,,,,,,,,,,,,,,,,
93162->99,197.616:127.354,213.369:138.991,222.971:147.010,233.022:153.415,239.844:158.207,,,,,,,,,,,,,,,,,,,,,,,,,,,,,,,,,,,,,,,,,,,,,,,,,,,,,,,,,,,
93266->120,303.921:217.527,307.614:210.781,309.789:205.728,295.831:199.530,287.395:193.229,294.046:186.564,298.542:180.289,295.606:173.922,293.252:166.883,292.512:160.225,289.702:155.541,284.986:152.808,279.519:149.801,,,,,,,,,,,,,,,,,,,,,,,,,,,,,,,,,,,,,,,,,,,,,,,,,,,
93266->13,303.921:217.527,307.614:210.781,309.789:205.728,323.589:208.748,335.464:209.478,341.921:209.634,347.233:210.050,362.972:211.453,376.773:212.234,389.688:214.526,399.251:216.457,,,,,,,,,,,,,,,,,,,,,,,,,,,,,,,,,,,,,,,,,,,,,,,,,,,,,
93266->22,303.921:217.527,307.614:210.781,309.789:205.728,295.831:199.530,287.395:193.229,273.541:183.542,263.170:177.010,253.540:169.247,244.948:162.321,239.844:158.207,233.022:153.415,222.971:147.010,213.369:138.991,216.992:130.220,221.105:119.973,211.572:116.147,202.551:111.363,205.899:103.487,,,,,,,,,,,,,,,,,,,,,,,,,,,,,,,,,,,,,,,,,,,,,,
93266->23254,303.921:217.527,307.614:210.781,309.789:205.728,323.589:208.748,335.464:209.478,341.921:209.634,347.233:210.050,346.414:220.501,,,,,,,,,,,,,,,,,,,,,,,,,,,,,,,,,,,,,,,,,,,,,,,,,,,,,,,,
93266->2344,303.921:217.527,307.614:210.781,309.789:205.728,295.831:199.530,287.395:193.229,273.541:183.542,263.170:177.010,,,,,,,,,,,,,,,,,,,,,,,,,,,,,,,,,,,,,,,,,,,,,,,,,,,,,,,,,
93266->25121,303.921:217.527,307.614:210.781,309.789:205.728,295.831:199.530,287.395:193.229,273.541:183.542,263.170:177.010,253.540:169.247,244.948:162.321,239.844:158.207,233.022:153.415,222.971:147.010,213.369:138.991,216.992:130.220,221.105:119.973,231.048:125.270,,,,,,,,,,,,,,,,,,,,,,,,,,,,,,,,,,,,,,,,,,,,,,,,
93266->32446,303.921:217.527,303.034:220.186,303.034:224.470,301.553:226.935,,,,,,,,,,,,,,,,,,,,,,,,,,,,,,,,,,,,,,,,,,,,,,,,,,,,,,,,,,,,
93266->49,303.921:217.527,303.034:220.186,303.034:224.470,301.553:226.935,304.068:229.591,313.670:231.954,318.762:234.171,326.689:238.012,333.435:238.898,339.995:239.670,337.398:245.240,333.639:250.297,327.249:249.579,324.140:249.853,323.730:252.620,319.322:252.825,317.921:257.472,310.951:262.358,,,,,,,,,,,,,,,,,,,,,,,,,,,,,,,,,,,,,,,,,,,,,,
93266->5,303.921:217.527,307.614:210.781,309.789:205.728,295.831:199.530,287.395:193.229,,,,,,,,,,,,,,,,,,,,,,,,,,,,,,,,,,,,,,,,,,,,,,,,,,,,,,,,,,,
93266->51952,303.921:217.527,307.614:210.781,309.789:205.728,295.831:199.530,287.395:193.229,273.541:183.542,263.170:177.010,253.540:169.247,244.948:162.321,239.844:158.207,233.022:153.415,222.971:147.010,220.826:151.867,,,,,,,,,,,,,,,,,,,,,,,,,,,,,,,,,,,,,,,,,,,,,,,,,,,
93266->52367,303.921:217.527,303.034:220.186,303.034:224.470,301.553:226.935,304.068:229.591,,,,,,,,,,,,,,,,,,,,,,,,,,,,,,,,,,,,,,,,,,,,,,,,,,,,,,,,,,,
93266->71721,303.921:217.527,303.034:220.186,299.489:219.408,297.421:215.607,294.565:214.523,288.446:211.872,285.440:216.278,283.721:215.043,280.749:214.236,276.735:213.986,273.745:211.032,271.999:212.799,269.603:216.159,,,,,,,,,,,,,,,,,,,,,,,,,,,,,,,,,,,,,,,,,,,,,,,,,,,
93266->72780,303.921:217.527,303.034:220.186,299.489:219.408,297.421:215.607,294.565:214.523,288.446:211.872,285.440:216.278,281.103:222.601,276.312:228.590,272.979:230.361,277.165:234.213,280.995:236.462,284.216:236.645,,,,,,,,,,,,,,,,,,,,,,,,,,,,,,,,,,,,,,,,,,,,,,,,,,,
93266->84,303.921:217.527,303.034:220.186,299.489:219.408,297.421:215.607,294.565:214.523,288.446:211.872,285.440:216.278,281.103:222.601,276.312:228.590,272.979:230.361,267.250:233.225,259.282:236.454,254.126:241.349,,,,,,,,,,,,,,,,,,,,,,,,,,,,,,,,,,,,,,,,,,,,,,,,,,,
93266->87392,303.921:217.527,307.614:210.781,309.789:205.728,295.831:199.530,287.395:193.229,273.541:183.542,263.170:177.010,253.540:169.247,244.948:162.321,239.844:158.207,233.022:153.415,222.971:147.010,213.369:138.991,,,,,,,,,,,,,,,,,,,,,,,,,,,,,,,,,,,,,,,,,,,,,,,,,,,
93266->88,303.921:217.527,307.614:210.781,309.789:205.728,323.589:208.748,335.464:209.478,341.921:209.634,347.233:210.050,362.972:211.453,376.773:212.234,,,,,,,,,,,,,,,,,,,,,,,,,,,,,,,,,,,,,,,,,,,,,,,,,,,,,,,
93266->92,303.921:217.527,307.614:210.781,309.789:205.728,323.589:208.748,335.464:209.478,341.921:209.634,342.238:205.594,339.156:200.382,337.035:194.274,337.420:188.101,340.700:181.672,344.595:175.542,347.193:169.199,349.637:164.698,356.323:163.798,360.502:163.991,366.803:162.190,370.983:159.940,373.073:154.252,375.613:149.887,379.265:145.124,380.058:139.488,380.579:129.453,380.448:122.917,376.784:117.838,374.253:113.458,372.904:107.029,372.030:100.361,369.808:96.313,367.824:93.376,368.459:87.820,371.554:82.184,375.523:78.533,377.031:74.088,380.048:69.722,379.571:66.626,381.397:63.134,,,,,,,,,,,,,,,,,,,,,,,,,,,
93266->95,303.921:217.527,307.614:210.781,309.789:205.728,323.589:208.748,,,,,,,,,,,,,,,,,,,,,,,,,,,,,,,,,,,,,,,,,,,,,,,,,,,,,,,,,,,,
93266->95815,303.921:217.527,307.614:210.781,309.789:205.728,295.831:199.530,287.395:193.229,273.541:183.542,266.015:190.376,,,,,,,,,,,,,,,,,,,,,,,,,,,,,,,,,,,,,,,,,,,,,,,,,,,,,,,,,
93266->97999,303.921:217.527,303.034:220.186,303.034:224.470,301.553:226.935,304.068:229.591,313.670:231.954,318.762:234.171,,,,,,,,,,,,,,,,,,,,,,,,,,,,,,,,,,,,,,,,,,,,,,,,,,,,,,,,,
93266->99,303.921:217.527,307.614:210.781,309.789:205.728,295.831:199.530,287.395:193.229,273.541:183.542,263.170:177.010,253.540:169.247,244.948:162.321,239.844:158.207,,,,,,,,,,,,,,,,,,,,,,,,,,,,,,,,,,,,,,,,,,,,,,,,,,,,,,
9356->48339,259.282:236.454,267.250:233.225,272.979:230.361,276.312:228.590,281.103:222.601,285.440:216.278,288.446:211.872,292.873:204.894,295.831:199.530,309.789:205.728,323.589:208.748,335.464:209.478,341.921:209.634,,,,,,,,,,,,,,,,,,,,,,,,,,,,,,,,,,,,,,,,,,,,,,,,,,,
9356->49,259.282:236.454,267.250:233.225,272.979:230.361,277.165:234.213,280.995:236.462,284.216:236.645,290.842:240.474,294.611:242.967,298.441:243.818,304.155:246.128,305.371:250.930,303.183:255.307,302.149:258.225,306.405:261.082,310.951:262.358,,,,,,,,,,,,,,,,,,,,,,,,,,,,,,,,,,,,,,,,,,,,,,,,,
95->101,323.589:208.748,309.789:205.728,295.831:199.530,292.873:204.894,288.446:211.872,285.440:216.278,281.103:222.601,276.312:228.590,272.979:230.361,267.250:233.225,259.282:236.454,254.126:241.349,246.002:247.443,244.804:252.182,245.377:255.931,252.303:260.983,256.991:265.618,257.355:270.201,,,,,,,,,,,,,,,,,,,,,,,,,,,,,,,,,,,,,,,,,,,,,,
95->105,323.589:208.748,309.789:205.728,295.831:199.530,287.395:193.229,273.541:183.542,263.170:177.010,253.540:169.247,244.948:162.321,239.844:158.207,233.022:153.415,222.971:147.010,213.369:138.991,197.616:127.354,194.916:125.425,185.207:118.610,172.199:111.308,155.794:103.027,142.814:97.329,,,,,,,,,,,,,,,,,,,,,,,,,,,,,,,,,,,,,,,,,,,,,,
95->11404,323.589:208.748,309.789:205.728,295.831:199.530,287.395:193.229,294.046:186.564,298.542:180.289,295.606:173.922,,,,,,,,,,,,,,,,,,,,,,,,,,,,,,,,,,,,,,,,,,,,,,,,,,,,,,,,,
95->11881,323.589:208.748,309.789:205.728,295.831:199.530,287.395:193.229,273.541:183.542,263.170:177.010,253.540:169.247,244.948:162.321,239.844:158.207,233.022:153.415,222.971:147.010,,,,,,,,,,,,,,,,,,,,,,,,,,,,,,,,,,,,,,,,,,,,,,,,,,,,,
95->120,323.589:208.748,309.789:205.728,295.831:199.530,287.395:193.229,294.046:186.564,298.542:180.289,295.606:173.922,293.252:166.883,292.512:160.225,289.702:155.541,284.986:152.808,279.519:149.801,,,,,,,,,,,,,,,,,,,,,,,,,,,,,,,,,,,,,,,,,,,,,,,,,,,,
95->13,323.589:208.748,335.464:209.478,341.921:209.634,347.233:210.050,362.972:211.453,376.773:212.234,389.688:214.526,399.251:216.457,,,,,,,,,,,,,,,,,,,,,,,,,,,,,,,,,,,,,,,,,,,,,,,,,,,,,,,,
95->13568,323.589:208.748,309.789:205.728,295.831:199.530,287.395:193.229,273.541:183.542,263.170:177.010,253.540:169.247,244.948:162.321,239.844:158.207,233.022:153.415,222.971:147.010,213.369:138.991,216.992:130.220,,,,,,,,,,,,,,,,,,,,,,,,,,,,,,,,,,,,,,,,,,,,,,,,,,,
95->13651,323.589:208.748,309.789:205.728,295.831:199.530,292.873:204.894,,,,,,,,,,,,,,,,,,,,,,,,,,,,,,,,,,,,,,,,,,,,,,,,,,,,,,,,,,,,
95->13702,323.589:208.748,309.789:205.728,295.831:199.530,287.395:193.229,273.541:183.542,,,,,,,,,,,,,,,,,,,,,,,,,,,,,,,,,,,,,,,,,,,,,,,,,,,,,,,,,,,
95->13852,323.589:208.748,335.464:209.478,341.921:209.634,342.238:205.594,339.156:200.382,337.035:194.274,337.420:188.101,340.700:181.672,344.595:175.542,347.193:169.199,,,,,,,,,,,,,,,,,,,,,,,,,,,,,,,,,,,,,,,,,,,,,,,,,,,,,,
95->14185,323.589:208.748,309.789:205.728,295.831:199.530,299.242:195.278,302.353:188.697,304.946:184.788,,,,,,,,,,,,,,,,,,,,,,,,,,,,,,,,,,,,,,,,,,,,,,,,,,,,,,,,,,
95->18157,323.589:208.748,309.789:205.728,295.831:199.530,292.873:204.894,288.446:211.872,285.440:216.278,281.103:222.601,276.312:228.590,272.979:230.361,277.165:234.213,280.995:236.462,284.216:236.645,290.842:240.474,294.611:242.967,298.441:243.818,295.444:246.775,293.130:249.975,289.092:249.828,,,,,,,,,,,,,,,,,,,,,,,,,,,,,,,,,,,,,,,,,,,,,,
95->19448,323.589:208.748,309.789:205.728,295.831:199.530,292.873:204.894,288.446:211.872,285.440:216.278,,,,,,,,,,,,,,,,,,,,,,,,,,,,,,,,,,,,,,,,,,,,,,,,,,,,,,,,,,
95->20601,323.589:208.748,309.789:205.728,295.831:199.530,287.395:193.229,294.046:186.564,298.542:180.289,,,,,,,,,,,,,,,,,,,,,,,,,,,,,,,,,,,,,,,,,,,,,,,,,,,,,,,,,,
95->21444,323.589:208.748,309.789:205.728,295.831:199.530,287.395:193.229,273.541:183.542,263.170:177.010,253.540:169.247,244.948:162.321,250.837:157.263,,,,,,,,,,,,,,,,,,,,,,,,,,,,,,,,,,,,,,,,,,,,,,,,,,,,,,,
95->22,323.589:208.748,309.789:205.728,295.831:199.530,287.395:193.229,273.541:183.542,263.170:177.010,253.540:169.247,244.948:162.321,239.844:158.207,233.022:153.415,222.971:147.010,213.369:138.991,216.992:130.220,221.105:119.973,211.572:116.147,202.551:111.363,205.899:103.487,,,,,,,,,,,,,,,,,,,,,,,,,,,,,,,,,,,,,,,,,,,,,,,
95->22615,323.589:208.748,309.789:205.728,295.831:199.530,292.873:204.894,288.446:211.872,285.440:216.278,281.103:222.601,276.312:228.590,272.979:230.361,277.165:234.213,280.995:236.462,284.216:236.645,290.842:240.474,294.611:242.967,298.441:243.818,295.444:246.775,293.130:249.975,,,,,,,,,,,,,,,,,,,,,,,,,,,,,,,,,,,,,,,,,,,,,,,
95->23254,323.589:208.748,335.464:209.478,341.921:209.634,347.233:210.050,346.414:220.501,,,,,,,,,,,,,,,,,,,,,,,,,,,,,,,,,,,,,,,,,,,,,,,,,,,,,,,,,,,
95->2344,323.589:208.748,309.789:205.728,295.831:199.530,287.395:193.229,273.541:183.542,263.170:177.010,,,,,,,,,,,,,,,,,,,,,,,,,,,,,,,,,,,,,,,,,,,,,,,,,,,,,,,,,,
95->23449,323.589:208.748,309.789:205.728,295.831:199.530,287.395:193.229,273.541:183.542,263.170:177.010,253.540:169.247,244.948:162.321,250.837:157.263,256.201:151.742,259.065:147.524,262.142:140.680,255.137:140.236,248.338:138.117,,,,,,,,,,,,,,,,,,,,,,,,,,,,,,,,,,,,,,,,,,,,,,,,,,
95->24143,323.589:208.748,335.464:209.478,341.921:209.634,347.233:210.050,362.972:211.453,376.773:212.234,377.269:207.599,376.158:201.725,370.983:196.328,367.109:189.263,368.141:182.992,370.983:179.262,374.094:172.594,,,,,,,,,,,,,,,,,,,,,,,,,,,,,,,,,,,,,,,,,,,,,,,,,,,
95->24817,323.589:208.748,335.464:209.478,,,,,,,,,,,,,,,,,,,,,,,,,,,,,,,,,,,,,,,,,,,,,,,,,,,,,,,,,,,,,,
95->25121,323.589:208.748,309.789:205.728,295.831:199.530,287.395:193.229,273.541:183.542,263.170:177.010,253.540:169.247,244.948:162.321,239.844:158.207,233.022:153.415,222.971:147.010,213.369:138.991,216.992:130.220,221.105:119.973,231.048:125.270,,,,,,,,,,,,,,,,,,,,,,,,,,,,,,,,,,,,,,,,,,,,,,,,,
95->2552,323.589:208.748,335.464:209.478,341.921:209.634,347.233:210.050,362.972:211.453,376.773:212.234,389.688:214.526,,,,,,,,,,,,,,,,,,,,,,,,,,,,,,,,,,,,,,,,,,,,,,,,,,,,,,,,,
95->26858,323.589:208.748,335.464:209.478,341.921:209.634,347.233:210.050,,,,,,,,,,,,,,,,,,,,,,,,,,,,,,,,,,,,,,,,,,,,,,,,,,,,,,,,,,,,
95->2757,323.589:208.748,309.789:205.728,295.831:199.530,299.242:195.278,302.353:188.697,,,,,,,,,,,,,,,,,,,,,,,,,,,,,,,,,,,,,,,,,,,,,,,,,,,,,,,,,,,
95->28385,323.589:208.748,335.464:209.478,341.921:209.634,342.238:205.594,339.156:200.382,337.035:194.274,,,,,,,,,,,,,,,,,,,,,,,,,,,,,,,,,,,,,,,,,,,,,,,,,,,,,,,,,,
95->2894,323.589:208.748,309.789:205.728,295.831:199.530,287.395:193.229,273.541:183.542,263.170:177.010,253.540:169.247,244.948:162.321,239.844:158.207,233.022:153.415,222.971:147.010,213.369:138.991,211.594:141.393,210.584:143.939,,,,,,,,,,,,,,,,,,,,,,,,,,,,,,,,,,,,,,,,,,,,,,,,,,
95->29230,323.589:208.748,309.789:205.728,295.831:199.530,287.395:193.229,273.541:183.542,263.170:177.010,253.540:169.247,244.948:162.321,250.837:157.263,256.201:151.742,259.065:147.524,262.142:140.680,255.137:140.236,248.338:138.117,242.392:134.598,240.449:129.276,241.499:125.514,,,,,,,,,,,,,,,,,,,,,,,,,,,,,,,,,,,,,,,,,,,,,,,
95->29992,323.589:208.748,309.789:205.728,307.614:210.781,,,,,,,,,,,,,,,,,,,,,,,,,,,,,,,,,,,,,,,,,,,,,,,,,,,,,,,,,,,,,
95->30620,323.589:208.748,335.464:209.478,341.921:209.634,342.238:205.594,339.156:200.382,,,,,,,,,,,,,,,,,,,,,,,,,,,,,,,,,,,,,,,,,,,,,,,,,,,,,,,,,,,
95->30645,323.589:208.748,335.464:209.478,341.921:209.634,347.233:210.050,362.972:211.453,376.773:212.234,377.269:207.599,376.158:201.725,370.983:196.328,,,,,,,,,,,,,,,,,,,,,,,,,,,,,,,,,,,,,,,,,,,,,,,,,,,,,,,
95->30732,323.589:208.748,309.789:205.728,295.831:199.530,287.395:193.229,273.541:183.542,263.170:177.010,253.540:169.247,244.948:162.321,239.844:158.207,233.022:153.415,222.971:147.010,213.369:138.991,197.616:127.354,194.916:125.425,185.207:118.610,172.199:111.308,,,,,,,,,,,,,,,,,,,,,,,,,,,,,,,,,,,,,,,,,,,,,,,,
95->31591,323.589:208.748,309.789:205.728,295.831:199.530,287.395:193.229,273.541:183.542,263.170:177.010,253.540:169.247,,,,,,,,,,,,,,,,,,,,,,,,,,,,,,,,,,,,,,,,,,,,,,,,,,,,,,,,,
95->32,323.589:208.748,309.789:205.728,295.831:199.530,287.395:193.229,273.541:183.542,266.015:190.376,259.506:196.964,253.235:196.647,247.361:193.392,240.376:190.296,239.106:185.931,,,,,,,,,,,,,,,,,,,,,,,,,,,,,,,,,,,,,,,,,,,,,,,,,,,,,
95->32446,323.589:208.748,309.789:205.728,307.614:210.781,303.921:217.527,303.034:220.186,303.034:224.470,301.553:226.935,,,,,,,,,,,,,,,,,,,,,,,,,,,,,,,,,,,,,,,,,,,,,,,,,,,,,,,,,
95->33,323.589:208.748,309.789:205.728,295.831:199.530,287.395:193.229,273.541:183.542,263.170:177.010,253.540:169.247,244.948:162.321,239.844:158.207,233.022:153.415,222.971:147.010,213.369:138.991,197.616:127.354,194.916:125.425,,,,,,,,,,,,,,,,,,,,,,,,,,,,,,,,,,,,,,,,,,,,,,,,,,
95->35213,323.589:208.748,309.789:205.728,295.831:199.530,292.873:204.894,288.446:211.872,294.565:214.523,297.421:215.607,,,,,,,,,,,,,,,,,,,,,,,,,,,,,,,,,,,,,,,,,,,,,,,,,,,,,,,,,
95->38321,323.589:208.748,309.789:205.728,295.831:199.530,292.873:204.894,288.446:211.872,285.440:216.278,281.103:222.601,279.812:220.553,276.953:219.281,274.514:219.099,272.511:221.038,270.508:222.104,268.214:220.295,265.242:218.679,,,,,,,,,,,,,,,,,,,,,,,,,,,,,,,,,,,,,,,,,,,,,,,,,,
95->4,323.589:208.748,309.789:205.728,295.831:199.530,292.873:204.894,288.446:211.872,285.440:216.278,281.103:222.601,276.312:228.590,,,,,,,,,,,,,,,,,,,,,,,,,,,,,,,,,,,,,,,,,,,,,,,,,,,,,,,,
95->41841,323.589:208.748,335.464:209.478,341.921:209.634,342.238:205.594,,,,,,,,,,,,,,,,,,,,,,,,,,,,,,,,,,,,,,,,,,,,,,,,,,,,,,,,,,,,
95->4313,323.589:208.748,335.464:209.478,341.921:209.634,347.233:210.050,346.414:220.501,347.233:231.470,342.284:235.228,,,,,,,,,,,,,,,,,,,,,,,,,,,,,,,,,,,,,,,,,,,,,,,,,,,,,,,,,
95->44615,323.589:208.748,309.789:205.728,,,,,,,,,,,,,,,,,,,,,,,,,,,,,,,,,,,,,,,,,,,,,,,,,,,,,,,,,,,,,,
95->45395,323.589:208.748,309.789:205.728,295.831:199.530,287.395:193.229,273.541:183.542,266.015:190.376,259.506:196.964,261.770:199.201,264.577:200.838,265.934:202.619,264.693:203.237,264.143:205.369,261.236:210.021,258.781:213.446,257.144:211.297,255.017:208.227,253.079:204.706,,,,,,,,,,,,,,,,,,,,,,,,,,,,,,,,,,,,,,,,,,,,,,,
95->48335,323.589:208.748,335.464:209.478,341.921:209.634,347.233:210.050,346.414:220.501,347.233:231.470,342.284:235.228,339.995:239.670,333.435:238.898,,,,,,,,,,,,,,,,,,,,,,,,,,,,,,,,,,,,,,,,,,,,,,,,,,,,,,,
95->48339,323.589:208.748,335.464:209.478,341.921:209.634,,,,,,,,,,,,,,,,,,,,,,,,,,,,,,,,,,,,,,,,,,,,,,,,,,,,,,,,,,,,,
95->48921,323.589:208.748,309.789:205.728,295.831:199.530,287.395:193.229,294.046:186.564,298.542:180.289,295.606:173.922,298.583:174.490,,,,,,,,,,,,,,,,,,,,,,,,,,,,,,,,,,,,,,,,,,,,,,,,,,,,,,,,
95->49,323.589:208.748,335.464:209.478,341.921:209.634,347.233:210.050,346.414:220.501,347.233:231.470,342.284:235.228,339.995:239.670,337.398:245.240,333.639:250.297,327.249:249.579,324.140:249.853,323.730:252.620,319.322:252.825,317.921:257.472,310.951:262.358,,,,,,,,,,,,,,,,,,,,,,,,,,,,,,,,,,,,,,,,,,,,,,,,
95->49024,323.589:208.748,309.789:205.728,295.831:199.530,287.395:193.229,273.541:183.542,266.015:190.376,259.506:196.964,253.235:196.647,247.361:193.392,,,,,,,,,,,,,,,,,,,,,,,,,,,,,,,,,,,,,,,,,,,,,,,,,,,,,,,
95->49081,323.589:208.748,309.789:205.728,295.831:199.530,287.395:193.229,273.541:183.542,263.170:177.010,253.540:169.247,244.948:162.321,250.837:157.263,256.201:151.742,259.065:147.524,262.142:140.680,255.137:140.236,248.338:138.117,242.392:134.598,240.449:129.276,,,,,,,,,,,,,,,,,,,,,,,,,,,,,,,,,,,,,,,,,,,,,,,,
95->5,323.589:208.748,309.789:205.728,295.831:199.530,287.395:193.229,,,,,,,,,,,,,,,,,,,,,,,,,,,,,,,,,,,,,,,,,,,,,,,,,,,,,,,,,,,,
95->50132,323.589:208.748,309.789:205.728,307.614:210.781,303.921:217.527,303.034:220.186,,,,,,,,,,,,,,,,,,,,,,,,,,,,,,,,,,,,,,,,,,,,,,,,,,,,,,,,,,,
95->51286,323.589:208.748,309.789:205.728,295.831:199.530,287.395:193.229,273.541:183.542,263.170:177.010,253.540:169.247,244.948:162.321,239.844:158.207,234.423:166.563,233.788:176.485,,,,,,,,,,,,,,,,,,,,,,,,,,,,,,,,,,,,,,,,,,,,,,,,,,,,,
95->51552,323.589:208.748,309.789:205.728,295.831:199.530,292.873:204.894,288.446:211.872,285.440:216.278,281.103:222.601,276.312:228.590,272.979:230.361,277.165:234.213,280.995:236.462,,,,,,,,,,,,,,,,,,,,,,,,,,,,,,,,,,,,,,,,,,,,,,,,,,,,,
95->52367,323.589:208.748,309.789:205.728,307.614:210.781,303.921:217.527,303.034:220.186,303.034:224.470,301.553:226.935,304.068:229.591,,,,,,,,,,,,,,,,,,,,,,,,,,,,,,,,,,,,,,,,,,,,,,,,,,,,,,,,
95->52980,323.589:208.748,309.789:205.728,295.831:199.530,292.873:204.894,288.446:211.872,294.565:214.523,,,,,,,,,,,,,,,,,,,,,,,,,,,,,,,,,,,,,,,,,,,,,,,,,,,,,,,,,,
95->53940,323.589:208.748,309.789:205.728,295.831:199.530,287.395:193.229,294.046:186.564,298.542:180.289,295.606:173.922,293.252:166.883,292.512:160.225,289.702:155.541,284.986:152.808,,,,,,,,,,,,,,,,,,,,,,,,,,,,,,,,,,,,,,,,,,,,,,,,,,,,,
95->54272,323.589:208.748,309.789:205.728,295.831:199.530,287.395:193.229,273.541:183.542,263.170:177.010,253.540:169.247,244.948:162.321,239.844:158.207,233.022:153.415,222.971:147.010,213.369:138.991,216.992:130.220,221.105:119.973,211.572:116.147,202.551:111.363,,,,,,,,,,,,,,,,,,,,,,,,,,,,,,,,,,,,,,,,,,,,,,,,
95->5451,323.589:208.748,309.789:205.728,295.831:199.530,287.395:193.229,273.541:183.542,266.015:190.376,259.506:196.964,261.770:199.201,264.577:200.838,,,,,,,,,,,,,,,,,,,,,,,,,,,,,,,,,,,,,,,,,,,,,,,,,,,,,,,
95->54957,323.589:208.748,309.789:205.728,295.831:199.530,,,,,,,,,,,,,,,,,,,,,,,,,,,,,,,,,,,,,,,,,,,,,,,,,,,,,,,,,,,,,
95->58365,323.589:208.748,309.789:205.728,295.831:199.530,292.873:204.894,288.446:211.872,285.440:216.278,283.721:215.043,280.749:214.236,276.735:213.986,273.745:211.032,271.617:208.929,,,,,,,,,,,,,,,,,,,,,,,,,,,,,,,,,,,,,,,,,,,,,,,,,,,,,
95->59163,323.589:208.748,309.789:205.728,295.831:199.530,292.873:204.894,288.446:211.872,285.440:216.278,281.103:222.601,,,,,,,,,,,,,,,,,,,,,,,,,,,,,,,,,,,,,,,,,,,,,,,,,,,,,,,,,
95->60450,323.589:208.748,309.789:205.728,295.831:199.530,287.395:193.229,273.541:183.542,263.170:177.010,253.540:169.247,244.948:162.321,239.844:158.207,233.022:153.415,,,,,,,,,,,,,,,,,,,,,,,,,,,,,,,,,,,,,,,,,,,,,,,,,,,,,,
95->60800,323.589:208.748,309.789:205.728,295.831:199.530,287.395:193.229,273.541:183.542,266.015:190.376,259.506:196.964,261.770:199.201,264.577:200.838,265.934:202.619,264.693:203.237,264.143:205.369,261.236:210.021,258.781:213.446,257.144:211.297,255.017:208.227,,,,,,,,,,,,,,,,,,,,,,,,,,,,,,,,,,,,,,,,,,,,,,,,
95->62572,323.589:208.748,309.789:205.728,295.831:199.530,287.395:193.229,273.541:183.542,266.015:190.376,259.506:196.964,261.770:199.201,264.577:200.838,265.934:202.619,264.693:203.237,264.143:205.369,261.236:210.021,258.781:213.446,257.144:211.297,255.017:208.227,253.079:204.706,250.817:201.831,248.310:201.033,246.269:200.091,,,,,,,,,,,,,,,,,,,,,,,,,,,,,,,,,,,,,,,,,,,,
95->63253,323.589:208.748,309.789:205.728,295.831:199.530,287.395:193.229,294.046:186.564,298.542:180.289,295.606:173.922,293.252:166.883,292.512:160.225,,,,,,,,,,,,,,,,,,,,,,,,,,,,,,,,,,,,,,,,,,,,,,,,,,,,,,,
95->63790,323.589:208.748,309.789:205.728,295.831:199.530,292.873:204.894,288.446:211.872,285.440:216.278,281.103:222.601,276.312:228.590,272.979:230.361,277.165:234.213,280.995:236.462,284.216:236.645,290.842:240.474,294.611:242.967,298.441:243.818,295.444:246.775,,,,,,,,,,,,,,,,,,,,,,,,,,,,,,,,,,,,,,,,,,,,,,,,
95->63927,323.589:208.748,309.789:205.728,295.831:199.530,287.395:193.229,273.541:183.542,263.170:177.010,253.540:169.247,244.948:162.321,250.837:157.263,256.201:151.742,259.065:147.524,262.142:140.680,255.137:140.236,248.338:138.117,242.392:134.598,,,,,,,,,,,,,,,,,,,,,,,,,,,,,,,,,,,,,,,,,,,,,,,,,
95->64018,323.589:208.748,309.789:205.728,295.831:199.530,287.395:193.229,294.046:186.564,,,,,,,,,,,,,,,,,,,,,,,,,,,,,,,,,,,,,,,,,,,,,,,,,,,,,,,,,,,
95->65385,323.589:208.748,309.789:205.728,307.614:210.781,303.921:217.527,303.034:220.186,299.489:219.408,,,,,,,,,,,,,,,,,,,,,,,,,,,,,,,,,,,,,,,,,,,,,,,,,,,,,,,,,,
95->66,323.589:208.748,309.789:205.728,295.831:199.530,287.395:193.229,273.541:183.542,263.170:177.010,253.540:169.247,244.948:162.321,239.844:158.207,233.022:153.415,222.971:147.010,213.369:138.991,197.616:127.354,194.916:125.425,185.207:118.610,172.199:111.308,155.794:103.027,142.814:97.329,130.791:90.707,115.938:83.891,98.846:77.007,89.400:72.165,75.350:65.577,62.374:59.313,54.849:55.263,47.679:49.139,40.809:41.372,35.471:35.856,23.833:26.340,13.949:16.375,,,,,,,,,,,,,,,,,,,,,,,,,,,,,,,,,,
95->67916,323.589:208.748,335.464:209.478,341.921:209.634,342.238:205.594,339.156:200.382,337.035:194.274,337.420:188.101,340.700:181.672,344.595:175.542,347.193:169.199,349.637:164.698,356.323:163.798,,,,,,,,,,,,,,,,,,,,,,,,,,,,,,,,,,,,,,,,,,,,,,,,,,,,
95->68566,323.589:208.748,309.789:205.728,295.831:199.530,292.873:204.894,288.446:211.872,285.440:216.278,281.103:222.601,276.312:228.590,272.979:230.361,267.250:233.225,259.282:236.454,254.126:241.349,246.002:247.443,244.804:252.182,245.377:255.931,252.303:260.983,,,,,,,,,,,,,,,,,,,,,,,,,,,,,,,,,,,,,,,,,,,,,,,,
95->69762,323.589:208.748,309.789:205.728,295.831:199.530,287.395:193.229,273.541:183.542,263.170:177.010,253.540:169.247,244.948:162.321,250.837:157.263,256.201:151.742,259.065:147.524,262.142:140.680,255.137:140.236,,,,,,,,,,,,,,,,,,,,,,,,,,,,,,,,,,,,,,,,,,,,,,,,,,,
95->71721,323.589:208.748,309.789:205.728,295.831:199.530,292.873:204.894,288.446:211.872,285.440:216.278,283.721:215.043,280.749:214.236,276.735:213.986,273.745:211.032,271.999:212.799,269.603:216.159,,,,,,,,,,,,,,,,,,,,,,,,,,,,,,,,,,,,,,,,,,,,,,,,,,,,
95->72780,323.589:208.748,309.789:205.728,295.831:199.530,292.873:204.894,288.446:211.872,285.440:216.278,281.103:222.601,276.312:228.590,272.979:230.361,277.165:234.213,280.995:236.462,284.216:236.645,,,,,,,,,,,,,,,,,,,,,,,,,,,,,,,,,,,,,,,,,,,,,,,,,,,,
95->72897,323.589:208.748,335.464:209.478,341.921:209.634,347.233:210.050,362.972:211.453,376.773:212.234,377.269:207.599,376.158:201.725,370.983:196.328,367.109:189.263,368.141:182.992,370.983:179.262,,,,,,,,,,,,,,,,,,,,,,,,,,,,,,,,,,,,,,,,,,,,,,,,,,,,
95->72974,323.589:208.748,309.789:205.728,295.831:199.530,287.395:193.229,273.541:183.542,263.170:177.010,253.540:169.247,244.948:162.321,250.837:157.263,256.201:151.742,,,,,,,,,,,,,,,,,,,,,,,,,,,,,,,,,,,,,,,,,,,,,,,,,,,,,,
95->73767,323.589:208.748,309.789:205.728,295.831:199.530,287.395:193.229,273.541:183.542,266.015:190.376,259.506:196.964,261.770:199.201,264.577:200.838,265.934:202.619,268.562:205.911,,,,,,,,,,,,,,,,,,,,,,,,,,,,,,,,,,,,,,,,,,,,,,,,,,,,,
95->75205,323.589:208.748,309.789:205.728,295.831:199.530,287.395:193.229,273.541:183.542,263.170:177.010,253.540:169.247,244.948:162.321,250.837:157.263,256.201:151.742,259.065:147.524,,,,,,,,,,,,,,,,,,,,,,,,,,,,,,,,,,,,,,,,,,,,,,,,,,,,,
95->75646,323.589:208.748,335.464:209.478,341.921:209.634,342.238:205.594,339.156:200.382,337.035:194.274,337.420:188.101,340.700:181.672,344.595:175.542,347.193:169.199,349.637:164.698,356.323:163.798,360.502:163.991,,,,,,,,,,,,,,,,,,,,,,,,,,,,,,,,,,,,,,,,,,,,,,,,,,,
95->76205,323.589:208.748,335.464:209.478,341.921:209.634,342.238:205.594,339.156:200.382,337.035:194.274,337.420:188.101,340.700:181.672,344.595:175.542,347.193:169.199,349.637:164.698,356.323:163.798,360.502:163.991,366.803:162.190,370.983:159.940,373.073:154.252,375.613:149.887,379.265:145.124,380.058:139.488,,,,,,,,,,,,,,,,,,,,,,,,,,,,,,,,,,,,,,,,,,,,,
95->78028,323.589:208.748,309.789:205.728,295.831:199.530,292.873:204.894,288.446:211.872,285.440:216.278,283.721:215.043,280.749:214.236,276.735:213.986,273.745:211.032,,,,,,,,,,,,,,,,,,,,,,,,,,,,,,,,,,,,,,,,,,,,,,,,,,,,,,
95->79100,323.589:208.748,309.789:205.728,295.831:199.530,292.873:204.894,288.446:211.872,285.440:216.278,281.103:222.601,279.812:220.553,,,,,,,,,,,,,,,,,,,,,,,,,,,,,,,,,,,,,,,,,,,,,,,,,,,,,,,,
95->80124,323.589:208.748,309.789:205.728,295.831:199.530,287.395:193.229,294.046:186.564,298.542:180.289,295.606:173.922,293.252:166.883,,,,,,,,,,,,,,,,,,,,,,,,,,,,,,,,,,,,,,,,,,,,,,,,,,,,,,,,
95->81533,323.589:208.748,335.464:209.478,341.921:209.634,342.238:205.594,339.156:200.382,337.035:194.274,337.420:188.101,,,,,,,,,,,,,,,,,,,,,,,,,,,,,,,,,,,,,,,,,,,,,,,,,,,,,,,,,
95->82106,323.589:208.748,309.789:205.728,295.831:199.530,287.395:193.229,273.541:183.542,263.170:177.010,253.540:169.247,244.948:162.321,239.844:158.207,234.423:166.563,,,,,,,,,,,,,,,,,,,,,,,,,,,,,,,,,,,,,,,,,,,,,,,,,,,,,,
95->82985,323.589:208.748,309.789:205.728,295.831:199.530,287.395:193.229,273.541:183.542,263.170:177.010,253.540:169.247,244.948:162.321,239.844:158.207,233.022:153.415,222.971:147.010,213.369:138.991,211.594:141.393,210.584:143.939,210.732:148.125,,,,,,,,,,,,,,,,,,,,,,,,,,,,,,,,,,,,,,,,,,,,,,,,,
95->8318,323.589:208.748,309.789:205.728,295.831:199.530,287.395:193.229,273.541:183.542,263.170:177.010,253.540:169.247,244.948:162.321,,,,,,,,,,,,,,,,,,,,,,,,,,,,,,,,,,,,,,,,,,,,,,,,,,,,,,,,
95->84,323.589:208.748,309.789:205.728,295.831:199.530,292.873:204.894,288.446:211.872,285.440:216.278,281.103:222.601,276.312:228.590,272.979:230.361,267.250:233.225,259.282:236.454,254.126:241.349,,,,,,,,,,,,,,,,,,,,,,,,,,,,,,,,,,,,,,,,,,,,,,,,,,,,
95->84156,323.589:208.748,309.789:205.728,295.831:199.530,287.395:193.229,273.541:183.542,263.170:177.010,253.540:169.247,244.948:162.321,239.844:158.207,233.022:153.415,222.971:147.010,213.369:138.991,211.594:141.393,,,,,,,,,,,,,,,,,,,,,,,,,,,,,,,,,,,,,,,,,,,,,,,,,,,
95->85873,323.589:208.748,335.464:209.478,341.921:209.634,347.233:210.050,346.414:220.501,347.233:231.470,342.284:235.228,339.995:239.670,333.435:238.898,326.689:238.012,,,,,,,,,,,,,,,,,,,,,,,,,,,,,,,,,,,,,,,,,,,,,,,,,,,,,,
95->87392,323.589:208.748,309.789:205.728,295.831:199.530,287.395:193.229,273.541:183.542,263.170:177.010,253.540:169.247,244.948:162.321,239.844:158.207,233.022:153.415,222.971:147.010,213.369:138.991,,,,,,,,,,,,,,,,,,,,,,,,,,,,,,,,,,,,,,,,,,,,,,,,,,,,
95->88,323.589:208.748,335.464:209.478,341.921:209.634,347.233:210.050,362.972:211.453,376.773:212.234,,,,,,,,,,,,,,,,,,,,,,,,,,,,,,,,,,,,,,,,,,,,,,,,,,,,,,,,,,
95->89653,323.589:208.748,309.789:205.728,295.831:199.530,299.242:195.278,302.353:188.697,304.946:184.788,306.078:181.726,,,,,,,,,,,,,,,,,,,,,,,,,,,,,,,,,,,,,,,,,,,,,,,,,,,,,,,,,
95->90040,323.589:208.748,335.464:209.478,341.921:209.634,342.238:205.594,339.156:200.382,337.035:194.274,337.420:188.101,340.700:181.672,344.595:175.542,347.193:169.199,349.637:164.698,356.323:163.798,360.502:163.991,366.803:162.190,370.983:159.940,373.073:154.252,375.613:149.887,,,,,,,,,,,,,,,,,,,,,,,,,,,,,,,,,,,,,,,,,,,,,,,
95->9048,323.589:208.748,309.789:205.728,295.831:199.530,299.242:195.278,,,,,,,,,,,,,,,,,,,,,,,,,,,,,,,,,,,,,,,,,,,,,,,,,,,,,,,,,,,,
95->91020,323.589:208.748,335.464:209.478,341.921:209.634,347.233:210.050,362.972:211.453,,,,,,,,,,,,,,,,,,,,,,,,,,,,,,,,,,,,,,,,,,,,,,,,,,,,,,,,,,,
95->92,323.589:208.748,335.464:209.478,341.921:209.634,342.238:205.594,339.156:200.382,337.035:194.274,337.420:188.101,340.700:181.672,344.595:175.542,347.193:169.199,349.637:164.698,356.323:163.798,360.502:163.991,366.803:162.190,370.983:159.940,373.073:154.252,375.613:149.887,379.265:145.124,380.058:139.488,380.579:129.453,380.448:122.917,376.784:117.838,374.253:113.458,372.904:107.029,372.030:100.361,369.808:96.313,367.824:93.376,368.459:87.820,371.554:82.184,375.523:78.533,377.031:74.088,380.048:69.722,379.571:66.626,381.397:63.134,,,,,,,,,,,,,,,,,,,,,,,,,,,,,,
95->92071,323.589:208.748,309.789:205.728,295.831:199.530,292.873:204.894,288.446:211.872,285.440:216.278,281.103:222.601,276.312:228.590,272.979:230.361,277.165:234.213,280.995:236.462,284.216:236.645,290.842:240.474,294.611:242.967,298.441:243.818,295.444:246.775,293.130:249.975,289.092:249.828,284.759:248.203,,,,,,,,,,,,,,,,,,,,,,,,,,,,,,,,,,,,,,,,,,,,,
95->93162,323.589:208.748,309.789:205.728,295.831:199.530,287.395:193.229,273.541:183.542,263.170:177.010,253.540:169.247,244.948:162.321,239.844:158.207,233.022:153.415,222.971:147.010,213.369:138.991,197.616:127.354,,,,,,,,,,,,,,,,,,,,,,,,,,,,,,,,,,,,,,,,,,,,,,,,,,,
95->93266,323.589:208.748,309.789:205.728,307.614:210.781,303.921:217.527,,,,,,,,,,,,,,,,,,,,,,,,,,,,,,,,,,,,,,,,,,,,,,,,,,,,,,,,,,,,
95->95815,323.589:208.748,309.789:205.728,295.831:199.530,287.395:193.229,273.541:183.542,266.015:190.376,,,,,,,,,,,,,,,,,,,,,,,,,,,,,,,,,,,,,,,,,,,,,,,,,,,,,,,,,,
95->96,323.589:208.748,309.789:205.728,295.831:199.530,287.395:193.229,273.541:183.542,263.170:177.010,253.540:169.247,244.948:162.321,239.844:158.207,233.022:153.415,222.971:147.010,213.369:138.991,197.616:127.354,194.916:125.425,185.207:118.610,172.199:111.308,155.794:103.027,142.814:97.329,130.791:90.707,115.938:83.891,98.846:77.007,89.400:72.165,75.350:65.577,62.374:59.313,,,,,,,,,,,,,,,,,,,,,,,,,,,,,,,,,,,,,,,,
95->96372,323.589:208.748,309.789:205.728,295.831:199.530,287.395:193.229,273.541:183.542,263.170:177.010,253.540:169.247,244.948:162.321,239.844:158.207,233.022:153.415,222.971:147.010,220.826:151.867,218.561:155.067,,,,,,,,,,,,,,,,,,,,,,,,,,,,,,,,,,,,,,,,,,,,,,,,,,,
95->97999,323.589:208.748,309.789:205.728,307.614:210.781,303.921:217.527,303.034:220.186,303.034:224.470,301.553:226.935,304.068:229.591,313.670:231.954,318.762:234.171,,,,,,,,,,,,,,,,,,,,,,,,,,,,,,,,,,,,,,,,,,,,,,,,,,,,,,
95->99,323.589:208.748,309.789:205.728,295.831:199.530,287.395:193.229,273.541:183.542,263.170:177.010,253.540:169.247,244.948:162.321,239.844:158.207,,,,,,,,,,,,,,,,,,,,,,,,,,,,,,,,,,,,,,,,,,,,,,,,,,,,,,,
95138->13702,271.999:212.799,273.745:211.032,271.617:208.929,268.562:205.911,265.934:202.619,264.577:200.838,261.770:199.201,259.506:196.964,266.015:190.376,273.541:183.542,,,,,,,,,,,,,,,,,,,,,,,,,,,,,,,,,,,,,,,,,,,,,,,,,,,,,,
95138->23254,271.999:212.799,273.745:211.032,276.735:213.986,280.749:214.236,283.721:215.043,285.440:216.278,288.446:211.872,292.873:204.894,295.831:199.530,309.789:205.728,323.589:208.748,335.464:209.478,341.921:209.634,347.233:210.050,346.414:220.501,,,,,,,,,,,,,,,,,,,,,,,,,,,,,,,,,,,,,,,,,,,,,,,,,
95138->8318,271.999:212.799,273.745:211.032,271.617:208.929,268.562:205.911,265.934:202.619,264.577:200.838,261.770:199.201,259.506:196.964,266.015:190.376,273.541:183.542,263.170:177.010,253.540:169.247,244.948:162.321,,,,,,,,,,,,,,,,,,,,,,,,,,,,,,,,,,,,,,,,,,,,,,,,,,,
95138->88,271.999:212.799,273.745:211.032,276.735:213.986,280.749:214.236,283.721:215.043,285.440:216.278,288.446:211.872,292.873:204.894,295.831:199.530,309.789:205.728,323.589:208.748,335.464:209.478,341.921:209.634,347.233:210.050,362.972:211.453,376.773:212.234,,,,,,,,,,,,,,,,,,,,,,,,,,,,,,,,,,,,,,,,,,,,,,,,
95138->95815,271.999:212.799,273.745:211.032,271.617:208.929,268.562:205.911,265.934:202.619,264.577:200.838,261.770:199.201,259.506:196.964,266.015:190.376,,,,,,,,,,,,,,,,,,,,,,,,,,,,,,,,,,,,,,,,,,,,,,,,,,,,,,,
95815->105,266.015:190.376,273.541:183.542,263.170:177.010,253.540:169.247,244.948:162.321,239.844:158.207,233.022:153.415,222.971:147.010,213.369:138.991,197.616:127.354,194.916:125.425,185.207:118.610,172.199:111.308,155.794:103.027,142.814:97.329,,,,,,,,,,,,,,,,,,,,,,,,,,,,,,,,,,,,,,,,,,,,,,,,,
95815->120,266.015:190.376,273.541:183.542,287.395:193.229,294.046:186.564,298.542:180.289,295.606:173.922,293.252:166.883,292.512:160.225,289.702:155.541,284.986:152.808,279.519:149.801,,,,,,,,,,,,,,,,,,,,,,,,,,,,,,,,,,,,,,,,,,,,,,,,,,,,,
95815->13,266.015:190.376,273.541:183.542,287.395:193.229,295.831:199.530,309.789:205.728,323.589:208.748,335.464:209.478,341.921:209.634,347.233:210.050,362.972:211.453,376.773:212.234,389.688:214.526,399.251:216.457,,,,,,,,,,,,,,,,,,,,,,,,,,,,,,,,,,,,,,,,,,,,,,,,,,,
95815->13702,266.015:190.376,273.541:183.542,,,,,,,,,,,,,,,,,,,,,,,,,,,,,,,,,,,,,,,,,,,,,,,,,,,,,,,,,,,,,,
95815->15079,266.015:190.376,273.541:183.542,287.395:193.229,295.831:199.530,309.789:205.728,323.589:208.748,335.464:209.478,341.921:209.634,342.238:205.594,339.156:200.382,337.035:194.274,337.420:188.101,340.700:181.672,344.595:175.542,347.193:169.199,349.637:164.698,,,,,,,,,,,,,,,,,,,,,,,,,,,,,,,,,,,,,,,,,,,,,,,,
95815->21444,266.015:190.376,273.541:183.542,263.170:177.010,253.540:169.247,244.948:162.321,250.837:157.263,,,,,,,,,,,,,,,,,,,,,,,,,,,,,,,,,,,,,,,,,,,,,,,,,,,,,,,,,,
95815->22,266.015:190.376,273.541:183.542,263.170:177.010,253.540:169.247,244.948:162.321,239.844:158.207,233.022:153.415,222.971:147.010,213.369:138.991,216.992:130.220,221.105:119.973,211.572:116.147,202.551:111.363,205.899:103.487,,,,,,,,,,,,,,,,,,,,,,,,,,,,,,,,,,,,,,,,,,,,,,,,,,
95815->2344,266.015:190.376,273.541:183.542,263.170:177.010,,,,,,,,,,,,,,,,,,,,,,,,,,,,,,,,,,,,,,,,,,,,,,,,,,,,,,,,,,,,,
95815->26858,266.015:190.376,273.541:183.542,287.395:193.229,295.831:199.530,309.789:205.728,323.589:208.748,335.464:209.478,341.921:209.634,347.233:210.050,,,,,,,,,,,,,,,,,,,,,,,,,,,,,,,,,,,,,,,,,,,,,,,,,,,,,,,
95815->29230,266.015:190.376,273.541:183.542,263.170:177.010,253.540:169.247,244.948:162.321,250.837:157.263,256.201:151.742,259.065:147.524,262.142:140.680,255.137:140.236,248.338:138.117,242.392:134.598,240.449:129.276,241.499:125.514,,,,,,,,,,,,,,,,,,,,,,,,,,,,,,,,,,,,,,,,,,,,,,,,,,
95815->30620,266.015:190.376,273.541:183.542,287.395:193.229,295.831:199.530,309.789:205.728,323.589:208.748,335.464:209.478,341.921:209.634,342.238:205.594,339.156:200.382,,,,,,,,,,,,,,,,,,,,,,,,,,,,,,,,,,,,,,,,,,,,,,,,,,,,,,
95815->31591,266.015:190.376,273.541:183.542,263.170:177.010,253.540:169.247,,,,,,,,,,,,,,,,,,,,,,,,,,,,,,,,,,,,,,,,,,,,,,,,,,,,,,,,,,,,
95815->32,266.015:190.376,259.506:196.964,253.235:196.647,247.361:193.392,240.376:190.296,239.106:185.931,,,,,,,,,,,,,,,,,,,,,,,,,,,,,,,,,,,,,,,,,,,,,,,,,,,,,,,,,,
95815->33,266.015:190.376,273.541:183.542,263.170:177.010,253.540:169.247,244.948:162.321,239.844:158.207,233.022:153.415,222.971:147.010,213.369:138.991,197.616:127.354,194.916:125.425,,,,,,,,,,,,,,,,,,,,,,,,,,,,,,,,,,,,,,,,,,,,,,,,,,,,,
95815->35647,266.015:190.376,259.506:196.964,261.770:199.201,264.577:200.838,265.934:202.619,,,,,,,,,,,,,,,,,,,,,,,,,,,,,,,,,,,,,,,,,,,,,,,,,,,,,,,,,,,
95815->37558,266.015:190.376,273.541:183.542,287.395:193.229,295.831:199.530,292.873:204.894,288.446:211.872,,,,,,,,,,,,,,,,,,,,,,,,,,,,,,,,,,,,,,,,,,,,,,,,,,,,,,,,,,
95815->40323,266.015:190.376,273.541:183.542,287.395:193.229,295.831:199.530,309.789:205.728,307.614:210.781,303.921:217.527,303.034:220.186,303.034:224.470,,,,,,,,,,,,,,,,,,,,,,,,,,,,,,,,,,,,,,,,,,,,,,,,,,,,,,,
95815->44615,266.015:190.376,273.541:183.542,287.395:193.229,295.831:199.530,309.789:205.728,,,,,,,,,,,,,,,,,,,,,,,,,,,,,,,,,,,,,,,,,,,,,,,,,,,,,,,,,,,
95815->49,266.015:190.376,273.541:183.542,287.395:193.229,295.831:199.530,309.789:205.728,323.589:208.748,335.464:209.478,341.921:209.634,347.233:210.050,346.414:220.501,347.233:231.470,342.284:235.228,339.995:239.670,337.398:245.240,333.639:250.297,327.249:249.579,324.140:249.853,323.730:252.620,319.322:252.825,317.921:257.472,310.951:262.358,,,,,,,,,,,,,,,,,,,,,,,,,,,,,,,,,,,,,,,,,,,
95815->5,266.015:190.376,273.541:183.542,287.395:193.229,,,,,,,,,,,,,,,,,,,,,,,,,,,,,,,,,,,,,,,,,,,,,,,,,,,,,,,,,,,,,
95815->51552,266.015:190.376,273.541:183.542,287.395:193.229,295.831:199.530,292.873:204.894,288.446:211.872,285.440:216.278,281.103:222.601,276.312:228.590,272.979:230.361,277.165:234.213,280.995:236.462,,,,,,,,,,,,,,,,,,,,,,,,,,,,,,,,,,,,,,,,,,,,,,,,,,,,
95815->52367,266.015:190.376,273.541:183.542,287.395:193.229,295.831:199.530,309.789:205.728,307.614:210.781,303.921:217.527,303.034:220.186,303.034:224.470,301.553:226.935,304.068:229.591,,,,,,,,,,,,,,,,,,,,,,,,,,,,,,,,,,,,,,,,,,,,,,,,,,,,,
95815->53012,266.015:190.376,273.541:183.542,263.170:177.010,253.540:169.247,244.948:162.321,239.844:158.207,233.022:153.415,222.971:147.010,213.369:138.991,211.594:141.393,210.584:143.939,210.732:148.125,208.664:150.143,204.676:149.405,,,,,,,,,,,,,,,,,,,,,,,,,,,,,,,,,,,,,,,,,,,,,,,,,,
95815->5451,266.015:190.376,259.506:196.964,261.770:199.201,264.577:200.838,,,,,,,,,,,,,,,,,,,,,,,,,,,,,,,,,,,,,,,,,,,,,,,,,,,,,,,,,,,,
95815->58365,266.015:190.376,259.506:196.964,261.770:199.201,264.577:200.838,265.934:202.619,268.562:205.911,271.617:208.929,,,,,,,,,,,,,,,,,,,,,,,,,,,,,,,,,,,,,,,,,,,,,,,,,,,,,,,,,
95815->59163,266.015:190.376,273.541:183.542,287.395:193.229,295.831:199.530,292.873:204.894,288.446:211.872,285.440:216.278,281.103:222.601,,,,,,,,,,,,,,,,,,,,,,,,,,,,,,,,,,,,,,,,,,,,,,,,,,,,,,,,
95815->60378,266.015:190.376,259.506:196.964,253.235:196.647,,,,,,,,,,,,,,,,,,,,,,,,,,,,,,,,,,,,,,,,,,,,,,,,,,,,,,,,,,,,,
95815->60450,266.015:190.376,273.541:183.542,263.170:177.010,253.540:169.247,244.948:162.321,239.844:158.207,233.022:153.415,,,,,,,,,,,,,,,,,,,,,,,,,,,,,,,,,,,,,,,,,,,,,,,,,,,,,,,,,
95815->63927,266.015:190.376,273.541:183.542,263.170:177.010,253.540:169.247,244.948:162.321,250.837:157.263,256.201:151.742,259.065:147.524,262.142:140.680,255.137:140.236,248.338:138.117,242.392:134.598,,,,,,,,,,,,,,,,,,,,,,,,,,,,,,,,,,,,,,,,,,,,,,,,,,,,
95815->65385,266.015:190.376,273.541:183.542,287.395:193.229,295.831:199.530,309.789:205.728,307.614:210.781,303.921:217.527,303.034:220.186,299.489:219.408,,,,,,,,,,,,,,,,,,,,,,,,,,,,,,,,,,,,,,,,,,,,,,,,,,,,,,,
95815->67331,266.015:190.376,259.506:196.964,261.770:199.201,264.577:200.838,265.934:202.619,264.693:203.237,264.143:205.369,261.236:210.021,258.781:213.446,261.914:216.256,,,,,,,,,,,,,,,,,,,,,,,,,,,,,,,,,,,,,,,,,,,,,,,,,,,,,,
95815->73767,266.015:190.376,259.506:196.964,261.770:199.201,264.577:200.838,265.934:202.619,268.562:205.911,,,,,,,,,,,,,,,,,,,,,,,,,,,,,,,,,,,,,,,,,,,,,,,,,,,,,,,,,,
95815->78028,266.015:190.376,259.506:196.964,261.770:199.201,264.577:200.838,265.934:202.619,268.562:205.911,271.617:208.929,273.745:211.032,,,,,,,,,,,,,,,,,,,,,,,,,,,,,,,,,,,,,,,,,,,,,,,,,,,,,,,,
95815->79694,266.015:190.376,273.541:183.542,287.395:193.229,295.831:199.530,309.789:205.728,307.614:210.781,303.921:217.527,303.034:220.186,303.034:224.470,301.553:226.935,304.068:229.591,313.670:231.954,,,,,,,,,,,,,,,,,,,,,,,,,,,,,,,,,,,,,,,,,,,,,,,,,,,,
95815->82676,266.015:190.376,273.541:183.542,287.395:193.229,295.831:199.530,292.873:204.894,288.446:211.872,285.440:216.278,281.103:222.601,276.312:228.590,272.979:230.361,,,,,,,,,,,,,,,,,,,,,,,,,,,,,,,,,,,,,,,,,,,,,,,,,,,,,,
95815->83375,266.015:190.376,273.541:183.542,287.395:193.229,294.046:186.564,298.542:180.289,295.606:173.922,293.252:166.883,292.512:160.225,289.702:155.541,,,,,,,,,,,,,,,,,,,,,,,,,,,,,,,,,,,,,,,,,,,,,,,,,,,,,,,
95815->84156,266.015:190.376,273.541:183.542,263.170:177.010,253.540:169.247,244.948:162.321,239.844:158.207,233.022:153.415,222.971:147.010,213.369:138.991,211.594:141.393,,,,,,,,,,,,,,,,,,,,,,,,,,,,,,,,,,,,,,,,,,,,,,,,,,,,,,
95815->88,266.015:190.376,273.541:183.542,287.395:193.229,295.831:199.530,309.789:205.728,323.589:208.748,335.464:209.478,341.921:209.634,347.233:210.050,362.972:211.453,376.773:212.234,,,,,,,,,,,,,,,,,,,,,,,,,,,,,,,,,,,,,,,,,,,,,,,,,,,,,
95815->9048,266.015:190.376,273.541:183.542,287.395:193.229,295.831:199.530,299.242:195.278,,,,,,,,,,,,,,,,,,,,,,,,,,,,,,,,,,,,,,,,,,,,,,,,,,,,,,,,,,,
95815->92,266.015:190.376,273.541:183.542,287.395:193.229,295.831:199.530,309.789:205.728,323.589:208.748,335.464:209.478,341.921:209.634,342.238:205.594,339.156:200.382,337.035:194.274,337.420:188.101,340.700:181.672,344.595:175.542,347.193:169.199,349.637:164.698,356.323:163.798,360.502:163.991,366.803:162.190,370.983:159.940,373.073:154.252,375.613:149.887,379.265:145.124,380.058:139.488,380.579:129.453,380.448:122.917,376.784:117.838,374.253:113.458,372.904:107.029,372.030:100.361,369.808:96.313,367.824:93.376,368.459:87.820,371.554:82.184,375.523:78.533,377.031:74.088,380.048:69.722,379.571:66.626,381.397:63.134,,,,,,,,,,,,,,,,,,,,,,,,,
95815->93266,266.015:190.376,273.541:183.542,287.395:193.229,295.831:199.530,309.789:205.728,307.614:210.781,303.921:217.527,,,,,,,,,,,,,,,,,,,,,,,,,,,,,,,,,,,,,,,,,,,,,,,,,,,,,,,,,
95815->95,266.015:190.376,273.541:183.542,287.395:193.229,295.831:199.530,309.789:205.728,323.589:208.748,,,,,,,,,,,,,,,,,,,,,,,,,,,,,,,,,,,,,,,,,,,,,,,,,,,,,,,,,,
95815->95138,266.015:190.376,259.506:196.964,261.770:199.201,264.577:200.838,265.934:202.619,268.562:205.911,271.617:208.929,273.745:211.032,271.999:212.799,,,,,,,,,,,,,,,,,,,,,,,,,,,,,,,,,,,,,,,,,,,,,,,,,,,,,,,
95815->99,266.015:190.376,273.541:183.542,263.170:177.010,253.540:169.247,244.948:162.321,239.844:158.207,,,,,,,,,,,,,,,,,,,,,,,,,,,,,,,,,,,,,,,,,,,,,,,,,,,,,,,,,,
96->105,62.374:59.313,75.350:65.577,89.400:72.165,98.846:77.007,115.938:83.891,130.791:90.707,142.814:97.329,,,,,,,,,,,,,,,,,,,,,,,,,,,,,,,,,,,,,,,,,,,,,,,,,,,,,,,,,
96->11881,62.374:59.313,75.350:65.577,89.400:72.165,98.846:77.007,115.938:83.891,130.791:90.707,142.814:97.329,155.794:103.027,172.199:111.308,185.207:118.610,194.916:125.425,197.616:127.354,213.369:138.991,222.971:147.010,,,,,,,,,,,,,,,,,,,,,,,,,,,,,,,,,,,,,,,,,,,,,,,,,,
96->120,62.374:59.313,75.350:65.577,89.400:72.165,98.846:77.007,115.938:83.891,130.791:90.707,142.814:97.329,155.794:103.027,172.199:111.308,185.207:118.610,194.916:125.425,197.616:127.354,213.369:138.991,222.971:147.010,233.022:153.415,239.844:158.207,244.948:162.321,250.837:157.263,256.201:151.742,259.065:147.524,262.142:140.680,269.223:140.680,273.596:142.477,278.802:146.350,279.519:149.801,,,,,,,,,,,,,,,,,,,,,,,,,,,,,,,,,,,,,,,
96->13568,62.374:59.313,75.350:65.577,89.400:72.165,98.846:77.007,115.938:83.891,130.791:90.707,142.814:97.329,155.794:103.027,172.199:111.308,185.207:118.610,194.916:125.425,197.616:127.354,213.369:138.991,216.992:130.220,,,,,,,,,,,,,,,,,,,,,,,,,,,,,,,,,,,,,,,,,,,,,,,,,,
96->13702,62.374:59.313,75.350:65.577,89.400:72.165,98.846:77.007,115.938:83.891,130.791:90.707,142.814:97.329,155.794:103.027,172.199:111.308,185.207:118.610,194.916:125.425,197.616:127.354,213.369:138.991,222.971:147.010,233.022:153.415,239.844:158.207,244.948:162.321,253.540:169.247,263.170:177.010,273.541:183.542,,,,,,,,,,,,,,,,,,,,,,,,,,,,,,,,,,,,,,,,,,,,
96->19,62.374:59.313,67.984:50.252,78.462:41.521,85.626:35.758,91.343:40.027,96.082:42.110,102.488:48.308,,,,,,,,,,,,,,,,,,,,,,,,,,,,,,,,,,,,,,,,,,,,,,,,,,,,,,,,,
96->22,62.374:59.313,75.350:65.577,89.400:72.165,98.846:77.007,115.938:83.891,130.791:90.707,142.814:97.329,155.794:103.027,172.199:111.308,185.207:118.610,194.916:125.425,198.866:118.313,202.551:111.363,205.899:103.487,,,,,,,,,,,,,,,,,,,,,,,,,,,,,,,,,,,,,,,,,,,,,,,,,,
96->25121,62.374:59.313,75.350:65.577,89.400:72.165,98.846:77.007,115.938:83.891,130.791:90.707,142.814:97.329,155.794:103.027,172.199:111.308,185.207:118.610,194.916:125.425,197.616:127.354,213.369:138.991,216.992:130.220,221.105:119.973,231.048:125.270,,,,,,,,,,,,,,,,,,,,,,,,,,,,,,,,,,,,,,,,,,,,,,,,
96->30732,62.374:59.313,75.350:65.577,89.400:72.165,98.846:77.007,115.938:83.891,130.791:90.707,142.814:97.329,155.794:103.027,172.199:111.308,,,,,,,,,,,,,,,,,,,,,,,,,,,,,,,,,,,,,,,,,,,,,,,,,,,,,,,
96->31591,62.374:59.313,75.350:65.577,89.400:72.165,98.846:77.007,115.938:83.891,130.791:90.707,142.814:97.329,155.794:103.027,172.199:111.308,185.207:118.610,194.916:125.425,197.616:127.354,213.369:138.991,222.971:147.010,233.022:153.415,239.844:158.207,244.948:162.321,253.540:169.247,,,,,,,,,,,,,,,,,,,,,,,,,,,,,,,,,,,,,,,,,,,,,,
96->32,62.374:59.313,75.350:65.577,89.400:72.165,98.846:77.007,115.938:83.891,130.791:90.707,142.814:97.329,155.794:103.027,172.199:111.308,185.207:118.610,194.916:125.425,197.616:127.354,213.369:138.991,222.971:147.010,233.022:153.415,239.844:158.207,234.423:166.563,233.788:176.485,234.820:180.374,239.106:185.931,,,,,,,,,,,,,,,,,,,,,,,,,,,,,,,,,,,,,,,,,,,,
96->33,62.374:59.313,75.350:65.577,89.400:72.165,98.846:77.007,115.938:83.891,130.791:90.707,142.814:97.329,155.794:103.027,172.199:111.308,185.207:118.610,194.916:125.425,,,,,,,,,,,,,,,,,,,,,,,,,,,,,,,,,,,,,,,,,,,,,,,,,,,,,
96->49,62.374:59.313,75.350:65.577,89.400:72.165,98.846:77.007,115.938:83.891,130.791:90.707,142.814:97.329,155.794:103.027,172.199:111.308,185.207:118.610,194.916:125.425,197.616:127.354,213.369:138.991,222.971:147.010,233.022:153.415,239.844:158.207,244.948:162.321,253.540:169.247,263.170:177.010,273.541:183.542,287.395:193.229,295.831:199.530,309.789:205.728,323.589:208.748,335.464:209.478,341.921:209.634,347.233:210.050,346.414:220.501,347.233:231.470,342.284:235.228,339.995:239.670,337.398:245.240,333.639:250.297,327.249:249.579,324.140:249.853,323.730:252.620,319.322:252.825,317.921:257.472,310.951:262.358,,,,,,,,,,,,,,,,,,,,,,,,,
96->5,62.374:59.313,75.350:65.577,89.400:72.165,98.846:77.007,115.938:83.891,130.791:90.707,142.814:97.329,155.794:103.027,172.199:111.308,185.207:118.610,194.916:125.425,197.616:127.354,213.369:138.991,222.971:147.010,233.022:153.415,239.844:158.207,244.948:162.321,253.540:169.247,263.170:177.010,273.541:183.542,287.395:193.229,,,,,,,,,,,,,,,,,,,,,,,,,,,,,,,,,,,,,,,,,,,
96->5135,62.374:59.313,75.350:65.577,89.400:72.165,98.846:77.007,115.938:83.891,130.791:90.707,142.814:97.329,155.794:103.027,172.199:111.308,185.207:118.610,,,,,,,,,,,,,,,,,,,,,,,,,,,,,,,,,,,,,,,,,,,,,,,,,,,,,,
96->51552,62.374:59.313,75.350:65.577,89.400:72.165,98.846:77.007,115.938:83.891,130.791:90.707,142.814:97.329,155.794:103.027,172.199:111.308,185.207:118.610,194.916:125.425,197.616:127.354,213.369:138.991,222.971:147.010,233.022:153.415,239.844:158.207,244.948:162.321,253.540:169.247,263.170:177.010,273.541:183.542,287.395:193.229,295.831:199.530,292.873:204.894,288.446:211.872,285.440:216.278,281.103:222.601,276.312:228.590,272.979:230.361,277.165:234.213,280.995:236.462,,,,,,,,,,,,,,,,,,,,,,,,,,,,,,,,,,
96->54272,62.374:59.313,75.350:65.577,89.400:72.165,98.846:77.007,115.938:83.891,130.791:90.707,142.814:97.329,155.794:103.027,172.199:111.308,185.207:118.610,194.916:125.425,198.866:118.313,202.551:111.363,,,,,,,,,,,,,,,,,,,,,,,,,,,,,,,,,,,,,,,,,,,,,,,,,,,
96->66,62.374:59.313,54.849:55.263,47.679:49.139,40.809:41.372,35.471:35.856,23.833:26.340,13.949:16.375,,,,,,,,,,,,,,,,,,,,,,,,,,,,,,,,,,,,,,,,,,,,,,,,,,,,,,,,,
96->72974,62.374:59.313,75.350:65.577,89.400:72.165,98.846:77.007,115.938:83.891,130.791:90.707,142.814:97.329,155.794:103.027,172.199:111.308,185.207:118.610,194.916:125.425,197.616:127.354,213.369:138.991,222.971:147.010,233.022:153.415,239.844:158.207,244.948:162.321,250.837:157.263,256.201:151.742,,,,,,,,,,,,,,,,,,,,,,,,,,,,,,,,,,,,,,,,,,,,,
96->8318,62.374:59.313,75.350:65.577,89.400:72.165,98.846:77.007,115.938:83.891,130.791:90.707,142.814:97.329,155.794:103.027,172.199:111.308,185.207:118.610,194.916:125.425,197.616:127.354,213.369:138.991,222.971:147.010,233.022:153.415,239.844:158.207,244.948:162.321,,,,,,,,,,,,,,,,,,,,,,,,,,,,,,,,,,,,,,,,,,,,,,,
96->84,62.374:59.313,75.350:65.577,89.400:72.165,98.846:77.007,115.938:83.891,130.791:90.707,142.814:97.329,155.794:103.027,172.199:111.308,185.207:118.610,194.916:125.425,197.616:127.354,213.369:138.991,222.971:147.010,233.022:153.415,239.844:158.207,244.948:162.321,253.540:169.247,263.170:177.010,273.541:183.542,287.395:193.229,295.831:199.530,292.873:204.894,288.446:211.872,285.440:216.278,281.103:222.601,276.312:228.590,272.979:230.361,267.250:233.225,259.282:236.454,254.126:241.349,,,,,,,,,,,,,,,,,,,,,,,,,,,,,,,,,
96->88,62.374:59.313,75.350:65.577,89.400:72.165,98.846:77.007,115.938:83.891,130.791:90.707,142.814:97.329,155.794:103.027,172.199:111.308,185.207:118.610,194.916:125.425,197.616:127.354,213.369:138.991,222.971:147.010,233.022:153.415,239.844:158.207,244.948:162.321,253.540:169.247,263.170:177.010,273.541:183.542,287.395:193.229,295.831:199.530,309.789:205.728,323.589:208.748,335.464:209.478,341.921:209.634,347.233:210.050,362.972:211.453,376.773:212.234,,,,,,,,,,,,,,,,,,,,,,,,,,,,,,,,,,,
96->89653,62.374:59.313,75.350:65.577,89.400:72.165,98.846:77.007,115.938:83.891,130.791:90.707,142.814:97.329,155.794:103.027,172.199:111.308,185.207:118.610,194.916:125.425,197.616:127.354,213.369:138.991,222.971:147.010,233.022:153.415,239.844:158.207,244.948:162.321,253.540:169.247,263.170:177.010,273.541:183.542,287.395:193.229,295.831:199.530,299.242:195.278,302.353:188.697,304.946:184.788,306.078:181.726,,,,,,,,,,,,,,,,,,,,,,,,,,,,,,,,,,,,,,
96->92821,62.374:59.313,54.849:55.263,47.679:49.139,40.809:41.372,35.471:35.856,,,,,,,,,,,,,,,,,,,,,,,,,,,,,,,,,,,,,,,,,,,,,,,,,,,,,,,,,,,
96->95,62.374:59.313,75.350:65.577,89.400:72.165,98.846:77.007,115.938:83.891,130.791:90.707,142.814:97.329,155.794:103.027,172.199:111.308,185.207:118.610,194.916:125.425,197.616:127.354,213.369:138.991,222.971:147.010,233.022:153.415,239.844:158.207,244.948:162.321,253.540:169.247,263.170:177.010,273.541:183.542,287.395:193.229,295.831:199.530,309.789:205.728,323.589:208.748,,,,,,,,,,,,,,,,,,,,,,,,,,,,,,,,,,,,,,,,
96->99,62.374:59.313,75.350:65.577,89.400:72.165,98.846:77.007,115.938:83.891,130.791:90.707,142.814:97.329,155.794:103.027,172.199:111.308,185.207:118.610,194.916:125.425,197.616:127.354,213.369:138.991,222.971:147.010,233.022:153.415,239.844:158.207,,,,,,,,,,,,,,,,,,,,,,,,,,,,,,,,,,,,,,,,,,,,,,,,
96372->13,218.561:155.067,220.826:151.867,222.971:147.010,233.022:153.415,239.844:158.207,244.948:162.321,253.540:169.247,263.170:177.010,273.541:183.542,287.395:193.229,295.831:199.530,309.789:205.728,323.589:208.748,335.464:209.478,341.921:209.634,347.233:210.050,362.972:211.453,376.773:212.234,389.688:214.526,399.251:216.457,,,,,,,,,,,,,,,,,,,,,,,,,,,,,,,,,,,,,,,,,,,,
96372->13568,218.561:155.067,220.826:151.867,222.971:147.010,213.369:138.991,216.992:130.220,,,,,,,,,,,,,,,,,,,,,,,,,,,,,,,,,,,,,,,,,,,,,,,,,,,,,,,,,,,
96372->23254,218.561:155.067,220.826:151.867,222.971:147.010,233.022:153.415,239.844:158.207,244.948:162.321,253.540:169.247,263.170:177.010,273.541:183.542,287.395:193.229,295.831:199.530,309.789:205.728,323.589:208.748,335.464:209.478,341.921:209.634,347.233:210.050,346.414:220.501,,,,,,,,,,,,,,,,,,,,,,,,,,,,,,,,,,,,,,,,,,,,,,,
96372->33,218.561:155.067,220.826:151.867,222.971:147.010,213.369:138.991,197.616:127.354,194.916:125.425,,,,,,,,,,,,,,,,,,,,,,,,,,,,,,,,,,,,,,,,,,,,,,,,,,,,,,,,,,
96372->5,218.561:155.067,220.826:151.867,222.971:147.010,233.022:153.415,239.844:158.207,244.948:162.321,253.540:169.247,263.170:177.010,273.541:183.542,287.395:193.229,,,,,,,,,,,,,,,,,,,,,,,,,,,,,,,,,,,,,,,,,,,,,,,,,,,,,,
96372->50132,218.561:155.067,220.826:151.867,222.971:147.010,233.022:153.415,239.844:158.207,244.948:162.321,253.540:169.247,263.170:177.010,273.541:183.542,287.395:193.229,295.831:199.530,309.789:205.728,307.614:210.781,303.921:217.527,303.034:220.186,,,,,,,,,,,,,,,,,,,,,,,,,,,,,,,,,,,,,,,,,,,,,,,,,
96372->60450,218.561:155.067,220.826:151.867,222.971:147.010,233.022:153.415,,,,,,,,,,,,,,,,,,,,,,,,,,,,,,,,,,,,,,,,,,,,,,,,,,,,,,,,,,,,
96372->63927,218.561:155.067,220.826:151.867,222.971:147.010,213.369:138.991,216.992:130.220,221.105:119.973,231.048:125.270,240.449:129.276,242.392:134.598,,,,,,,,,,,,,,,,,,,,,,,,,,,,,,,,,,,,,,,,,,,,,,,,,,,,,,,
96372->77272,218.561:155.067,220.826:151.867,222.971:147.010,233.022:153.415,239.844:158.207,244.948:162.321,253.540:169.247,263.170:177.010,273.541:183.542,287.395:193.229,295.831:199.530,292.873:204.894,288.446:211.872,285.440:216.278,281.103:222.601,276.312:228.590,272.979:230.361,277.165:234.213,,,,,,,,,,,,,,,,,,,,,,,,,,,,,,,,,,,,,,,,,,,,,,
96372->84,218.561:155.067,220.826:151.867,222.971:147.010,233.022:153.415,239.844:158.207,244.948:162.321,253.540:169.247,263.170:177.010,273.541:183.542,287.395:193.229,295.831:199.530,292.873:204.894,288.446:211.872,285.440:216.278,281.103:222.601,276.312:228.590,272.979:230.361,267.250:233.225,259.282:236.454,254.126:241.349,,,,,,,,,,,,,,,,,,,,,,,,,,,,,,,,,,,,,,,,,,,,
96372->99,218.561:155.067,220.826:151.867,222.971:147.010,233.022:153.415,239.844:158.207,,,,,,,,,,,,,,,,,,,,,,,,,,,,,,,,,,,,,,,,,,,,,,,,,,,,,,,,,,,
97999->105,318.762:234.171,313.670:231.954,304.068:229.591,301.553:226.935,303.034:224.470,303.034:220.186,303.921:217.527,307.614:210.781,309.789:205.728,295.831:199.530,287.395:193.229,273.541:183.542,263.170:177.010,253.540:169.247,244.948:162.321,239.844:158.207,233.022:153.415,222.971:147.010,213.369:138.991,197.616:127.354,194.916:125.425,185.207:118.610,172.199:111.308,155.794:103.027,142.814:97.329,,,,,,,,,,,,,,,,,,,,,,,,,,,,,,,,,,,,,,,
97999->120,318.762:234.171,313.670:231.954,304.068:229.591,301.553:226.935,303.034:224.470,303.034:220.186,303.921:217.527,307.614:210.781,309.789:205.728,295.831:199.530,287.395:193.229,294.046:186.564,298.542:180.289,295.606:173.922,293.252:166.883,292.512:160.225,289.702:155.541,284.986:152.808,279.519:149.801,,,,,,,,,,,,,,,,,,,,,,,,,,,,,,,,,,,,,,,,,,,,,
97999->13,318.762:234.171,326.689:238.012,333.435:238.898,339.995:239.670,342.284:235.228,347.233:231.470,346.414:220.501,347.233:210.050,362.972:211.453,376.773:212.234,389.688:214.526,399.251:216.457,,,,,,,,,,,,,,,,,,,,,,,,,,,,,,,,,,,,,,,,,,,,,,,,,,,,
97999->13702,318.762:234.171,313.670:231.954,304.068:229.591,301.553:226.935,303.034:224.470,303.034:220.186,303.921:217.527,307.614:210.781,309.789:205.728,295.831:199.530,287.395:193.229,273.541:183.542,,,,,,,,,,,,,,,,,,,,,,,,,,,,,,,,,,,,,,,,,,,,,,,,,,,,
97999->21444,318.762:234.171,313.670:231.954,304.068:229.591,301.553:226.935,303.034:224.470,303.034:220.186,303.921:217.527,307.614:210.781,309.789:205.728,295.831:199.530,287.395:193.229,273.541:183.542,263.170:177.010,253.540:169.247,244.948:162.321,250.837:157.263,,,,,,,,,,,,,,,,,,,,,,,,,,,,,,,,,,,,,,,,,,,,,,,,
97999->22,318.762:234.171,313.670:231.954,304.068:229.591,301.553:226.935,303.034:224.470,303.034:220.186,303.921:217.527,307.614:210.781,309.789:205.728,295.831:199.530,287.395:193.229,273.541:183.542,263.170:177.010,253.540:169.247,244.948:162.321,239.844:158.207,233.022:153.415,222.971:147.010,213.369:138.991,216.992:130.220,221.105:119.973,211.572:116.147,202.551:111.363,205.899:103.487,,,,,,,,,,,,,,,,,,,,,,,,,,,,,,,,,,,,,,,,
97999->23254,318.762:234.171,326.689:238.012,333.435:238.898,339.995:239.670,342.284:235.228,347.233:231.470,346.414:220.501,,,,,,,,,,,,,,,,,,,,,,,,,,,,,,,,,,,,,,,,,,,,,,,,,,,,,,,,,
97999->2499,318.762:234.171,326.689:238.012,333.435:238.898,339.995:239.670,342.284:235.228,347.233:231.470,346.414:220.501,347.233:210.050,362.972:211.453,376.773:212.234,377.269:207.599,376.158:201.725,370.983:196.328,367.109:189.263,368.141:182.992,370.983:179.262,374.094:172.594,373.541:164.692,370.983:159.940,373.073:154.252,375.613:149.887,379.265:145.124,380.058:139.488,380.579:129.453,380.448:122.917,376.784:117.838,,,,,,,,,,,,,,,,,,,,,,,,,,,,,,,,,,,,,,
97999->29230,318.762:234.171,313.670:231.954,304.068:229.591,301.553:226.935,303.034:224.470,303.034:220.186,303.921:217.527,307.614:210.781,309.789:205.728,295.831:199.530,287.395:193.229,273.541:183.542,263.170:177.010,253.540:169.247,244.948:162.321,250.837:157.263,256.201:151.742,259.065:147.524,262.142:140.680,255.137:140.236,248.338:138.117,242.392:134.598,240.449:129.276,241.499:125.514,,,,,,,,,,,,,,,,,,,,,,,,,,,,,,,,,,,,,,,,
97999->29992,318.762:234.171,313.670:231.954,304.068:229.591,301.553:226.935,303.034:224.470,303.034:220.186,303.921:217.527,307.614:210.781,,,,,,,,,,,,,,,,,,,,,,,,,,,,,,,,,,,,,,,,,,,,,,,,,,,,,,,,
97999->31591,318.762:234.171,313.670:231.954,304.068:229.591,301.553:226.935,303.034:224.470,303.034:220.186,303.921:217.527,307.614:210.781,309.789:205.728,295.831:199.530,287.395:193.229,273.541:183.542,263.170:177.010,253.540:169.247,,,,,,,,,,,,,,,,,,,,,,,,,,,,,,,,,,,,,,,,,,,,,,,,,,
97999->32446,318.762:234.171,313.670:231.954,304.068:229.591,301.553:226.935,,,,,,,,,,,,,,,,,,,,,,,,,,,,,,,,,,,,,,,,,,,,,,,,,,,,,,,,,,,,
97999->41841,318.762:234.171,326.689:238.012,333.435:238.898,339.995:239.670,342.284:235.228,347.233:231.470,346.414:220.501,347.233:210.050,341.921:209.634,342.238:205.594,,,,,,,,,,,,,,,,,,,,,,,,,,,,,,,,,,,,,,,,,,,,,,,,,,,,,,
97999->49,318.762:234.171,326.689:238.012,333.435:238.898,339.995:239.670,337.398:245.240,333.639:250.297,327.249:249.579,324.140:249.853,323.730:252.620,319.322:252.825,317.921:257.472,310.951:262.358,,,,,,,,,,,,,,,,,,,,,,,,,,,,,,,,,,,,,,,,,,,,,,,,,,,,
97999->5,318.762:234.171,313.670:231.954,304.068:229.591,301.553:226.935,303.034:224.470,303.034:220.186,303.921:217.527,307.614:210.781,309.789:205.728,295.831:199.530,287.395:193.229,,,,,,,,,,,,,,,,,,,,,,,,,,,,,,,,,,,,,,,,,,,,,,,,,,,,,
97999->60450,318.762:234.171,313.670:231.954,304.068:229.591,301.553:226.935,303.034:224.470,303.034:220.186,303.921:217.527,307.614:210.781,309.789:205.728,295.831:199.530,287.395:193.229,273.541:183.542,263.170:177.010,253.540:169.247,244.948:162.321,239.844:158.207,233.022:153.415,,,,,,,,,,,,,,,,,,,,,,,,,,,,,,,,,,,,,,,,,,,,,,,
97999->66,318.762:234.171,313.670:231.954,304.068:229.591,301.553:226.935,303.034:224.470,303.034:220.186,303.921:217.527,307.614:210.781,309.789:205.728,295.831:199.530,287.395:193.229,273.541:183.542,263.170:177.010,253.540:169.247,244.948:162.321,239.844:158.207,233.022:153.415,222.971:147.010,213.369:138.991,197.616:127.354,194.916:125.425,185.207:118.610,172.199:111.308,155.794:103.027,142.814:97.329,130.791:90.707,115.938:83.891,98.846:77.007,89.400:72.165,75.350:65.577,62.374:59.313,54.849:55.263,47.679:49.139,40.809:41.372,35.471:35.856,23.833:26.340,13.949:16.375,,,,,,,,,,,,,,,,,,,,,,,,,,,
97999->72780,318.762:234.171,313.670:231.954,304.068:229.591,301.553:226.935,303.034:224.470,303.034:220.186,299.489:219.408,297.421:215.607,294.565:214.523,288.446:211.872,285.440:216.278,281.103:222.601,276.312:228.590,272.979:230.361,277.165:234.213,280.995:236.462,284.216:236.645,,,,,,,,,,,,,,,,,,,,,,,,,,,,,,,,,,,,,,,,,,,,,,,
97999->81533,318.762:234.171,326.689:238.012,333.435:238.898,339.995:239.670,342.284:235.228,347.233:231.470,346.414:220.501,347.233:210.050,341.921:209.634,342.238:205.594,339.156:200.382,337.035:194.274,337.420:188.101,,,,,,,,,,,,,,,,,,,,,,,,,,,,,,,,,,,,,,,,,,,,,,,,,,,
97999->8318,318.762:234.171,313.670:231.954,304.068:229.591,301.553:226.935,303.034:224.470,303.034:220.186,303.921:217.527,307.614:210.781,309.789:205.728,295.831:199.530,287.395:193.229,273.541:183.542,263.170:177.010,253.540:169.247,244.948:162.321,,,,,,,,,,,,,,,,,,,,,,,,,,,,,,,,,,,,,,,,,,,,,,,,,
97999->84,318.762:234.171,313.670:231.954,304.068:229.591,301.553:226.935,303.034:224.470,303.034:220.186,299.489:219.408,297.421:215.607,294.565:214.523,288.446:211.872,285.440:216.278,281.103:222.601,276.312:228.590,272.979:230.361,267.250:233.225,259.282:236.454,254.126:241.349,,,,,,,,,,,,,,,,,,,,,,,,,,,,,,,,,,,,,,,,,,,,,,,
97999->88,318.762:234.171,326.689:238.012,333.435:238.898,339.995:239.670,342.284:235.228,347.233:231.470,346.414:220.501,347.233:210.050,362.972:211.453,376.773:212.234,,,,,,,,,,,,,,,,,,,,,,,,,,,,,,,,,,,,,,,,,,,,,,,,,,,,,,
97999->90040,318.762:234.171,326.689:238.012,333.435:238.898,339.995:239.670,342.284:235.228,347.233:231.470,346.414:220.501,347.233:210.050,362.972:211.453,376.773:212.234,377.269:207.599,376.158:201.725,370.983:196.328,367.109:189.263,368.141:182.992,370.983:179.262,374.094:172.594,373.541:164.692,370.983:159.940,373.073:154.252,375.613:149.887,,,,,,,,,,,,,,,,,,,,,,,,,,,,,,,,,,,,,,,,,,,
97999->9048,318.762:234.171,313.670:231.954,304.068:229.591,301.553:226.935,303.034:224.470,303.034:220.186,303.921:217.527,307.614:210.781,309.789:205.728,295.831:199.530,299.242:195.278,,,,,,,,,,,,,,,,,,,,,,,,,,,,,,,,,,,,,,,,,,,,,,,,,,,,,
97999->93266,318.762:234.171,313.670:231.954,304.068:229.591,301.553:226.935,303.034:224.470,303.034:220.186,303.921:217.527,,,,,,,,,,,,,,,,,,,,,,,,,,,,,,,,,,,,,,,,,,,,,,,,,,,,,,,,,
97999->95,318.762:234.171,313.670:231.954,304.068:229.591,301.553:226.935,303.034:224.470,303.034:220.186,303.921:217.527,307.614:210.781,309.789:205.728,323.589:208.748,,,,,,,,,,,,,,,,,,,,,,,,,,,,,,,,,,,,,,,,,,,,,,,,,,,,,,
97999->99,318.762:234.171,313.670:231.954,304.068:229.591,301.553:226.935,303.034:224.470,303.034:220.186,303.921:217.527,307.614:210.781,309.789:205.728,295.831:199.530,287.395:193.229,273.541:183.542,263.170:177.010,253.540:169.247,244.948:162.321,239.844:158.207,,,,,,,,,,,,,,,,,,,,,,,,,,,,,,,,,,,,,,,,,,,,,,,,
98239->22,261.236:210.021,264.143:205.369,264.693:203.237,265.934:202.619,264.577:200.838,261.770:199.201,259.506:196.964,266.015:190.376,273.541:183.542,263.170:177.010,253.540:169.247,244.948:162.321,239.844:158.207,233.022:153.415,222.971:147.010,213.369:138.991,216.992:130.220,221.105:119.973,211.572:116.147,202.551:111.363,205.899:103.487,,,,,,,,,,,,,,,,,,,,,,,,,,,,,,,,,,,,,,,,,,,
98239->32,261.236:210.021,264.143:205.369,264.693:203.237,265.934:202.619,264.577:200.838,261.770:199.201,259.506:196.964,253.235:196.647,247.361:193.392,240.376:190.296,239.106:185.931,,,,,,,,,,,,,,,,,,,,,,,,,,,,,,,,,,,,,,,,,,,,,,,,,,,,,
99->101,239.844:158.207,244.948:162.321,253.540:169.247,263.170:177.010,273.541:183.542,287.395:193.229,295.831:199.530,292.873:204.894,288.446:211.872,285.440:216.278,281.103:222.601,276.312:228.590,272.979:230.361,267.250:233.225,259.282:236.454,254.126:241.349,246.002:247.443,244.804:252.182,245.377:255.931,252.303:260.983,256.991:265.618,257.355:270.201,,,,,,,,,,,,,,,,,,,,,,,,,,,,,,,,,,,,,,,,,,
99->105,239.844:158.207,233.022:153.415,222.971:147.010,213.369:138.991,197.616:127.354,194.916:125.425,185.207:118.610,172.199:111.308,155.794:103.027,142.814:97.329,,,,,,,,,,,,,,,,,,,,,,,,,,,,,,,,,,,,,,,,,,,,,,,,,,,,,,
99->11404,239.844:158.207,244.948:162.321,253.540:169.247,263.170:177.010,273.541:183.542,287.395:193.229,294.046:186.564,298.542:180.289,295.606:173.922,,,,,,,,,,,,,,,,,,,,,,,,,,,,,,,,,,,,,,,,,,,,,,,,,,,,,,,
99->11881,239.844:158.207,233.022:153.415,222.971:147.010,,,,,,,,,,,,,,,,,,,,,,,,,,,,,,,,,,,,,,,,,,,,,,,,,,,,,,,,,,,,,
99->120,239.844:158.207,244.948:162.321,250.837:157.263,256.201:151.742,259.065:147.524,262.142:140.680,269.223:140.680,273.596:142.477,278.802:146.350,279.519:149.801,,,,,,,,,,,,,,,,,,,,,,,,,,,,,,,,,,,,,,,,,,,,,,,,,,,,,,
99->13,239.844:158.207,244.948:162.321,253.540:169.247,263.170:177.010,273.541:183.542,287.395:193.229,295.831:199.530,309.789:205.728,323.589:208.748,335.464:209.478,341.921:209.634,347.233:210.050,362.972:211.453,376.773:212.234,389.688:214.526,399.251:216.457,,,,,,,,,,,,,,,,,,,,,,,,,,,,,,,,,,,,,,,,,,,,,,,,
99->13568,239.844:158.207,233.022:153.415,222.971:147.010,213.369:138.991,216.992:130.220,,,,,,,,,,,,,,,,,,,,,,,,,,,,,,,,,,,,,,,,,,,,,,,,,,,,,,,,,,,
99->13651,239.844:158.207,244.948:162.321,253.540:169.247,263.170:177.010,273.541:183.542,287.395:193.229,295.831:199.530,292.873:204.894,,,,,,,,,,,,,,,,,,,,,,,,,,,,,,,,,,,,,,,,,,,,,,,,,,,,,,,,
99->13702,239.844:158.207,244.948:162.321,253.540:169.247,263.170:177.010,273.541:183.542,,,,,,,,,,,,,,,,,,,,,,,,,,,,,,,,,,,,,,,,,,,,,,,,,,,,,,,,,,,
99->14185,239.844:158.207,244.948:162.321,253.540:169.247,263.170:177.010,273.541:183.542,287.395:193.229,295.831:199.530,299.242:195.278,302.353:188.697,304.946:184.788,,,,,,,,,,,,,,,,,,,,,,,,,,,,,,,,,,,,,,,,,,,,,,,,,,,,,,
99->15079,239.844:158.207,244.948:162.321,253.540:169.247,263.170:177.010,273.541:183.542,287.395:193.229,295.831:199.530,309.789:205.728,323.589:208.748,335.464:209.478,341.921:209.634,342.238:205.594,339.156:200.382,337.035:194.274,337.420:188.101,340.700:181.672,344.595:175.542,347.193:169.199,349.637:164.698,,,,,,,,,,,,,,,,,,,,,,,,,,,,,,,,,,,,,,,,,,,,,
99->17795,239.844:158.207,244.948:162.321,253.540:169.247,263.170:177.010,273.541:183.542,287.395:193.229,295.831:199.530,309.789:205.728,323.589:208.748,335.464:209.478,341.921:209.634,342.238:205.594,339.156:200.382,337.035:194.274,337.420:188.101,340.700:181.672,344.595:175.542,347.193:169.199,349.637:164.698,356.323:163.798,360.502:163.991,366.803:162.190,370.983:159.940,373.073:154.252,,,,,,,,,,,,,,,,,,,,,,,,,,,,,,,,,,,,,,,,
99->20601,239.844:158.207,244.948:162.321,253.540:169.247,263.170:177.010,273.541:183.542,287.395:193.229,294.046:186.564,298.542:180.289,,,,,,,,,,,,,,,,,,,,,,,,,,,,,,,,,,,,,,,,,,,,,,,,,,,,,,,,
99->21444,239.844:158.207,244.948:162.321,250.837:157.263,,,,,,,,,,,,,,,,,,,,,,,,,,,,,,,,,,,,,,,,,,,,,,,,,,,,,,,,,,,,,
99->22,239.844:158.207,233.022:153.415,222.971:147.010,213.369:138.991,197.616:127.354,194.916:125.425,198.866:118.313,202.551:111.363,205.899:103.487,,,,,,,,,,,,,,,,,,,,,,,,,,,,,,,,,,,,,,,,,,,,,,,,,,,,,,,
99->22615,239.844:158.207,244.948:162.321,253.540:169.247,263.170:177.010,273.541:183.542,287.395:193.229,295.831:199.530,292.873:204.894,288.446:211.872,285.440:216.278,281.103:222.601,276.312:228.590,272.979:230.361,277.165:234.213,280.995:236.462,284.216:236.645,290.842:240.474,294.611:242.967,298.441:243.818,295.444:246.775,293.130:249.975,,,,,,,,,,,,,,,,,,,,,,,,,,,,,,,,,,,,,,,,,,,
99->23254,239.844:158.207,244.948:162.321,253.540:169.247,263.170:177.010,273.541:183.542,287.395:193.229,295.831:199.530,309.789:205.728,323.589:208.748,335.464:209.478,341.921:209.634,347.233:210.050,346.414:220.501,,,,,,,,,,,,,,,,,,,,,,,,,,,,,,,,,,,,,,,,,,,,,,,,,,,
99->2344,239.844:158.207,244.948:162.321,253.540:169.247,263.170:177.010,,,,,,,,,,,,,,,,,,,,,,,,,,,,,,,,,,,,,,,,,,,,,,,,,,,,,,,,,,,,
99->23449,239.844:158.207,244.948:162.321,250.837:157.263,256.201:151.742,259.065:147.524,262.142:140.680,255.137:140.236,248.338:138.117,,,,,,,,,,,,,,,,,,,,,,,,,,,,,,,,,,,,,,,,,,,,,,,,,,,,,,,,
99->24817,239.844:158.207,244.948:162.321,253.540:169.247,263.170:177.010,273.541:183.542,287.395:193.229,295.831:199.530,309.789:205.728,323.589:208.748,335.464:209.478,,,,,,,,,,,,,,,,,,,,,,,,,,,,,,,,,,,,,,,,,,,,,,,,,,,,,,
99->2505,239.844:158.207,244.948:162.321,253.540:169.247,263.170:177.010,273.541:183.542,287.395:193.229,295.831:199.530,292.873:204.894,288.446:211.872,285.440:216.278,283.721:215.043,,,,,,,,,,,,,,,,,,,,,,,,,,,,,,,,,,,,,,,,,,,,,,,,,,,,,
99->25121,239.844:158.207,233.022:153.415,222.971:147.010,213.369:138.991,216.992:130.220,221.105:119.973,231.048:125.270,,,,,,,,,,,,,,,,,,,,,,,,,,,,,,,,,,,,,,,,,,,,,,,,,,,,,,,,,
99->2552,239.844:158.207,244.948:162.321,253.540:169.247,263.170:177.010,273.541:183.542,287.395:193.229,295.831:199.530,309.789:205.728,323.589:208.748,335.464:209.478,341.921:209.634,347.233:210.050,362.972:211.453,376.773:212.234,389.688:214.526,,,,,,,,,,,,,,,,,,,,,,,,,,,,,,,,,,,,,,,,,,,,,,,,,
99->26858,239.844:158.207,244.948:162.321,253.540:169.247,263.170:177.010,273.541:183.542,287.395:193.229,295.831:199.530,309.789:205.728,323.589:208.748,335.464:209.478,341.921:209.634,347.233:210.050,,,,,,,,,,,,,,,,,,,,,,,,,,,,,,,,,,,,,,,,,,,,,,,,,,,,
99->2757,239.844:158.207,244.948:162.321,253.540:169.247,263.170:177.010,273.541:183.542,287.395:193.229,295.831:199.530,299.242:195.278,302.353:188.697,,,,,,,,,,,,,,,,,,,,,,,,,,,,,,,,,,,,,,,,,,,,,,,,,,,,,,,
99->28385,239.844:158.207,244.948:162.321,253.540:169.247,263.170:177.010,273.541:183.542,287.395:193.229,295.831:199.530,309.789:205.728,323.589:208.748,335.464:209.478,341.921:209.634,342.238:205.594,339.156:200.382,337.035:194.274,,,,,,,,,,,,,,,,,,,,,,,,,,,,,,,,,,,,,,,,,,,,,,,,,,
99->2894,239.844:158.207,233.022:153.415,222.971:147.010,213.369:138.991,211.594:141.393,210.584:143.939,,,,,,,,,,,,,,,,,,,,,,,,,,,,,,,,,,,,,,,,,,,,,,,,,,,,,,,,,,
99->29230,239.844:158.207,233.022:153.415,222.971:147.010,213.369:138.991,216.992:130.220,221.105:119.973,231.048:125.270,240.449:129.276,241.499:125.514,,,,,,,,,,,,,,,,,,,,,,,,,,,,,,,,,,,,,,,,,,,,,,,,,,,,,,,
99->29992,239.844:158.207,244.948:162.321,253.540:169.247,263.170:177.010,273.541:183.542,287.395:193.229,295.831:199.530,309.789:205.728,307.614:210.781,,,,,,,,,,,,,,,,,,,,,,,,,,,,,,,,,,,,,,,,,,,,,,,,,,,,,,,
99->30620,239.844:158.207,244.948:162.321,253.540:169.247,263.170:177.010,273.541:183.542,287.395:193.229,295.831:199.530,309.789:205.728,323.589:208.748,335.464:209.478,341.921:209.634,342.238:205.594,339.156:200.382,,,,,,,,,,,,,,,,,,,,,,,,,,,,,,,,,,,,,,,,,,,,,,,,,,,
99->30732,239.844:158.207,233.022:153.415,222.971:147.010,213.369:138.991,197.616:127.354,194.916:125.425,185.207:118.610,172.199:111.308,,,,,,,,,,,,,,,,,,,,,,,,,,,,,,,,,,,,,,,,,,,,,,,,,,,,,,,,
99->31591,239.844:158.207,244.948:162.321,253.540:169.247,,,,,,,,,,,,,,,,,,,,,,,,,,,,,,,,,,,,,,,,,,,,,,,,,,,,,,,,,,,,,
99->32,239.844:158.207,234.423:166.563,233.788:176.485,234.820:180.374,239.106:185.931,,,,,,,,,,,,,,,,,,,,,,,,,,,,,,,,,,,,,,,,,,,,,,,,,,,,,,,,,,,
99->33,239.844:158.207,233.022:153.415,222.971:147.010,213.369:138.991,197.616:127.354,194.916:125.425,,,,,,,,,,,,,,,,,,,,,,,,,,,,,,,,,,,,,,,,,,,,,,,,,,,,,,,,,,
99->34021,239.844:158.207,244.948:162.321,253.540:169.247,263.170:177.010,273.541:183.542,266.015:190.376,259.506:196.964,261.770:199.201,264.577:200.838,265.934:202.619,264.693:203.237,264.143:205.369,261.236:210.021,258.781:213.446,257.144:211.297,255.017:208.227,253.079:204.706,250.817:201.831,,,,,,,,,,,,,,,,,,,,,,,,,,,,,,,,,,,,,,,,,,,,,,
99->37558,239.844:158.207,244.948:162.321,253.540:169.247,263.170:177.010,273.541:183.542,287.395:193.229,295.831:199.530,292.873:204.894,288.446:211.872,,,,,,,,,,,,,,,,,,,,,,,,,,,,,,,,,,,,,,,,,,,,,,,,,,,,,,,
99->39216,239.844:158.207,244.948:162.321,250.837:157.263,256.201:151.742,259.065:147.524,262.142:140.680,269.223:140.680,,,,,,,,,,,,,,,,,,,,,,,,,,,,,,,,,,,,,,,,,,,,,,,,,,,,,,,,,
99->41841,239.844:158.207,244.948:162.321,253.540:169.247,263.170:177.010,273.541:183.542,287.395:193.229,295.831:199.530,309.789:205.728,323.589:208.748,335.464:209.478,341.921:209.634,342.238:205.594,,,,,,,,,,,,,,,,,,,,,,,,,,,,,,,,,,,,,,,,,,,,,,,,,,,,
99->43270,239.844:158.207,233.022:153.415,222.971:147.010,213.369:138.991,216.992:130.220,221.105:119.973,231.048:125.270,240.449:129.276,241.499:125.514,243.600:117.709,,,,,,,,,,,,,,,,,,,,,,,,,,,,,,,,,,,,,,,,,,,,,,,,,,,,,,
99->44615,239.844:158.207,244.948:162.321,253.540:169.247,263.170:177.010,273.541:183.542,287.395:193.229,295.831:199.530,309.789:205.728,,,,,,,,,,,,,,,,,,,,,,,,,,,,,,,,,,,,,,,,,,,,,,,,,,,,,,,,
99->45476,239.844:158.207,244.948:162.321,253.540:169.247,263.170:177.010,273.541:183.542,287.395:193.229,294.046:186.564,298.542:180.289,295.606:173.922,298.583:174.490,302.782:177.268,304.882:179.465,,,,,,,,,,,,,,,,,,,,,,,,,,,,,,,,,,,,,,,,,,,,,,,,,,,,
99->48339,239.844:158.207,244.948:162.321,253.540:169.247,263.170:177.010,273.541:183.542,287.395:193.229,295.831:199.530,309.789:205.728,323.589:208.748,335.464:209.478,341.921:209.634,,,,,,,,,,,,,,,,,,,,,,,,,,,,,,,,,,,,,,,,,,,,,,,,,,,,,
99->49,239.844:158.207,244.948:162.321,253.540:169.247,263.170:177.010,273.541:183.542,287.395:193.229,295.831:199.530,309.789:205.728,323.589:208.748,335.464:209.478,341.921:209.634,347.233:210.050,346.414:220.501,347.233:231.470,342.284:235.228,339.995:239.670,337.398:245.240,333.639:250.297,327.249:249.579,324.140:249.853,323.730:252.620,319.322:252.825,317.921:257.472,310.951:262.358,,,,,,,,,,,,,,,,,,,,,,,,,,,,,,,,,,,,,,,,
99->49024,239.844:158.207,234.423:166.563,233.788:176.485,234.820:180.374,239.106:185.931,240.376:190.296,247.361:193.392,,,,,,,,,,,,,,,,,,,,,,,,,,,,,,,,,,,,,,,,,,,,,,,,,,,,,,,,,
99->49081,239.844:158.207,233.022:153.415,222.971:147.010,213.369:138.991,216.992:130.220,221.105:119.973,231.048:125.270,240.449:129.276,,,,,,,,,,,,,,,,,,,,,,,,,,,,,,,,,,,,,,,,,,,,,,,,,,,,,,,,
99->5,239.844:158.207,244.948:162.321,253.540:169.247,263.170:177.010,273.541:183.542,287.395:193.229,,,,,,,,,,,,,,,,,,,,,,,,,,,,,,,,,,,,,,,,,,,,,,,,,,,,,,,,,,
99->50132,239.844:158.207,244.948:162.321,253.540:169.247,263.170:177.010,273.541:183.542,287.395:193.229,295.831:199.530,309.789:205.728,307.614:210.781,303.921:217.527,303.034:220.186,,,,,,,,,,,,,,,,,,,,,,,,,,,,,,,,,,,,,,,,,,,,,,,,,,,,,
99->51286,239.844:158.207,234.423:166.563,233.788:176.485,,,,,,,,,,,,,,,,,,,,,,,,,,,,,,,,,,,,,,,,,,,,,,,,,,,,,,,,,,,,,
99->5135,239.844:158.207,233.022:153.415,222.971:147.010,213.369:138.991,197.616:127.354,194.916:125.425,185.207:118.610,,,,,,,,,,,,,,,,,,,,,,,,,,,,,,,,,,,,,,,,,,,,,,,,,,,,,,,,,
99->51552,239.844:158.207,244.948:162.321,253.540:169.247,263.170:177.010,273.541:183.542,287.395:193.229,295.831:199.530,292.873:204.894,288.446:211.872,285.440:216.278,281.103:222.601,276.312:228.590,272.979:230.361,277.165:234.213,280.995:236.462,,,,,,,,,,,,,,,,,,,,,,,,,,,,,,,,,,,,,,,,,,,,,,,,,
99->51952,239.844:158.207,233.022:153.415,222.971:147.010,220.826:151.867,,,,,,,,,,,,,,,,,,,,,,,,,,,,,,,,,,,,,,,,,,,,,,,,,,,,,,,,,,,,
99->52367,239.844:158.207,244.948:162.321,253.540:169.247,263.170:177.010,273.541:183.542,287.395:193.229,295.831:199.530,309.789:205.728,307.614:210.781,303.921:217.527,303.034:220.186,303.034:224.470,301.553:226.935,304.068:229.591,,,,,,,,,,,,,,,,,,,,,,,,,,,,,,,,,,,,,,,,,,,,,,,,,,
99->52980,239.844:158.207,244.948:162.321,253.540:169.247,263.170:177.010,273.541:183.542,287.395:193.229,295.831:199.530,292.873:204.894,288.446:211.872,294.565:214.523,,,,,,,,,,,,,,,,,,,,,,,,,,,,,,,,,,,,,,,,,,,,,,,,,,,,,,
99->53303,239.844:158.207,244.948:162.321,253.540:169.247,263.170:177.010,273.541:183.542,266.015:190.376,259.506:196.964,261.770:199.201,264.577:200.838,265.934:202.619,264.693:203.237,264.143:205.369,261.236:210.021,258.781:213.446,257.144:211.297,255.017:208.227,253.079:204.706,250.817:201.831,248.310:201.033,,,,,,,,,,,,,,,,,,,,,,,,,,,,,,,,,,,,,,,,,,,,,
99->54272,239.844:158.207,233.022:153.415,222.971:147.010,213.369:138.991,197.616:127.354,194.916:125.425,198.866:118.313,202.551:111.363,,,,,,,,,,,,,,,,,,,,,,,,,,,,,,,,,,,,,,,,,,,,,,,,,,,,,,,,
99->5451,239.844:158.207,244.948:162.321,253.540:169.247,263.170:177.010,273.541:183.542,266.015:190.376,259.506:196.964,261.770:199.201,264.577:200.838,,,,,,,,,,,,,,,,,,,,,,,,,,,,,,,,,,,,,,,,,,,,,,,,,,,,,,,
99->60368,239.844:158.207,244.948:162.321,253.540:169.247,263.170:177.010,273.541:183.542,266.015:190.376,259.506:196.964,,,,,,,,,,,,,,,,,,,,,,,,,,,,,,,,,,,,,,,,,,,,,,,,,,,,,,,,,
99->60450,239.844:158.207,233.022:153.415,,,,,,,,,,,,,,,,,,,,,,,,,,,,,,,,,,,,,,,,,,,,,,,,,,,,,,,,,,,,,,
99->63790,239.844:158.207,244.948:162.321,253.540:169.247,263.170:177.010,273.541:183.542,287.395:193.229,295.831:199.530,292.873:204.894,288.446:211.872,285.440:216.278,281.103:222.601,276.312:228.590,272.979:230.361,277.165:234.213,280.995:236.462,284.216:236.645,290.842:240.474,294.611:242.967,298.441:243.818,295.444:246.775,,,,,,,,,,,,,,,,,,,,,,,,,,,,,,,,,,,,,,,,,,,,
99->63927,239.844:158.207,244.948:162.321,250.837:157.263,256.201:151.742,259.065:147.524,262.142:140.680,255.137:140.236,248.338:138.117,242.392:134.598,,,,,,,,,,,,,,,,,,,,,,,,,,,,,,,,,,,,,,,,,,,,,,,,,,,,,,,
99->64018,239.844:158.207,244.948:162.321,253.540:169.247,263.170:177.010,273.541:183.542,287.395:193.229,294.046:186.564,,,,,,,,,,,,,,,,,,,,,,,,,,,,,,,,,,,,,,,,,,,,,,,,,,,,,,,,,
99->66,239.844:158.207,233.022:153.415,222.971:147.010,213.369:138.991,197.616:127.354,194.916:125.425,185.207:118.610,172.199:111.308,155.794:103.027,142.814:97.329,130.791:90.707,115.938:83.891,98.846:77.007,89.400:72.165,75.350:65.577,62.374:59.313,54.849:55.263,47.679:49.139,40.809:41.372,35.471:35.856,23.833:26.340,13.949:16.375,,,,,,,,,,,,,,,,,,,,,,,,,,,,,,,,,,,,,,,,,,
99->66880,239.844:158.207,234.423:166.563,232.022:166.358,229.198:168.632,225.653:168.928,,,,,,,,,,,,,,,,,,,,,,,,,,,,,,,,,,,,,,,,,,,,,,,,,,,,,,,,,,,
99->69933,239.844:158.207,233.022:153.415,222.971:147.010,213.369:138.991,197.616:127.354,194.916:125.425,198.866:118.313,,,,,,,,,,,,,,,,,,,,,,,,,,,,,,,,,,,,,,,,,,,,,,,,,,,,,,,,,
99->71721,239.844:158.207,244.948:162.321,253.540:169.247,263.170:177.010,273.541:183.542,266.015:190.376,259.506:196.964,261.770:199.201,264.577:200.838,265.934:202.619,268.562:205.911,271.617:208.929,273.745:211.032,271.999:212.799,269.603:216.159,,,,,,,,,,,,,,,,,,,,,,,,,,,,,,,,,,,,,,,,,,,,,,,,,
99->72897,239.844:158.207,244.948:162.321,253.540:169.247,263.170:177.010,273.541:183.542,287.395:193.229,295.831:199.530,309.789:205.728,323.589:208.748,335.464:209.478,341.921:209.634,347.233:210.050,362.972:211.453,376.773:212.234,377.269:207.599,376.158:201.725,370.983:196.328,367.109:189.263,368.141:182.992,370.983:179.262,,,,,,,,,,,,,,,,,,,,,,,,,,,,,,,,,,,,,,,,,,,,
99->72974,239.844:158.207,244.948:162.321,250.837:157.263,256.201:151.742,,,,,,,,,,,,,,,,,,,,,,,,,,,,,,,,,,,,,,,,,,,,,,,,,,,,,,,,,,,,
99->74867,239.844:158.207,233.022:153.415,222.971:147.010,213.369:138.991,216.992:130.220,221.105:119.973,211.572:116.147,,,,,,,,,,,,,,,,,,,,,,,,,,,,,,,,,,,,,,,,,,,,,,,,,,,,,,,,,
99->75205,239.844:158.207,244.948:162.321,250.837:157.263,256.201:151.742,259.065:147.524,,,,,,,,,,,,,,,,,,,,,,,,,,,,,,,,,,,,,,,,,,,,,,,,,,,,,,,,,,,
99->76205,239.844:158.207,244.948:162.321,253.540:169.247,263.170:177.010,273.541:183.542,287.395:193.229,295.831:199.530,309.789:205.728,323.589:208.748,335.464:209.478,341.921:209.634,342.238:205.594,339.156:200.382,337.035:194.274,337.420:188.101,340.700:181.672,344.595:175.542,347.193:169.199,349.637:164.698,356.323:163.798,360.502:163.991,366.803:162.190,370.983:159.940,373.073:154.252,375.613:149.887,379.265:145.124,380.058:139.488,,,,,,,,,,,,,,,,,,,,,,,,,,,,,,,,,,,,,
99->79100,239.844:158.207,244.948:162.321,253.540:169.247,263.170:177.010,273.541:183.542,287.395:193.229,295.831:199.530,292.873:204.894,288.446:211.872,285.440:216.278,281.103:222.601,279.812:220.553,,,,,,,,,,,,,,,,,,,,,,,,,,,,,,,,,,,,,,,,,,,,,,,,,,,,
99->79694,239.844:158.207,244.948:162.321,253.540:169.247,263.170:177.010,273.541:183.542,287.395:193.229,295.831:199.530,309.789:205.728,307.614:210.781,303.921:217.527,303.034:220.186,303.034:224.470,301.553:226.935,304.068:229.591,313.670:231.954,,,,,,,,,,,,,,,,,,,,,,,,,,,,,,,,,,,,,,,,,,,,,,,,,
99->80124,239.844:158.207,244.948:162.321,253.540:169.247,263.170:177.010,273.541:183.542,287.395:193.229,294.046:186.564,298.542:180.289,295.606:173.922,293.252:166.883,,,,,,,,,,,,,,,,,,,,,,,,,,,,,,,,,,,,,,,,,,,,,,,,,,,,,,
99->80824,239.844:158.207,233.022:153.415,222.971:147.010,213.369:138.991,216.992:130.220,221.105:119.973,,,,,,,,,,,,,,,,,,,,,,,,,,,,,,,,,,,,,,,,,,,,,,,,,,,,,,,,,,
99->81533,239.844:158.207,244.948:162.321,253.540:169.247,263.170:177.010,273.541:183.542,287.395:193.229,295.831:199.530,309.789:205.728,323.589:208.748,335.464:209.478,341.921:209.634,342.238:205.594,339.156:200.382,337.035:194.274,337.420:188.101,,,,,,,,,,,,,,,,,,,,,,,,,,,,,,,,,,,,,,,,,,,,,,,,,
99->82676,239.844:158.207,244.948:162.321,253.540:169.247,263.170:177.010,273.541:183.542,287.395:193.229,295.831:199.530,292.873:204.894,288.446:211.872,285.440:216.278,281.103:222.601,276.312:228.590,272.979:230.361,,,,,,,,,,,,,,,,,,,,,,,,,,,,,,,,,,,,,,,,,,,,,,,,,,,
99->8318,239.844:158.207,244.948:162.321,,,,,,,,,,,,,,,,,,,,,,,,,,,,,,,,,,,,,,,,,,,,,,,,,,,,,,,,,,,,,,
99->84,239.844:158.207,244.948:162.321,253.540:169.247,263.170:177.010,273.541:183.542,287.395:193.229,295.831:199.530,292.873:204.894,288.446:211.872,285.440:216.278,281.103:222.601,276.312:228.590,272.979:230.361,267.250:233.225,259.282:236.454,254.126:241.349,,,,,,,,,,,,,,,,,,,,,,,,,,,,,,,,,,,,,,,,,,,,,,,,
99->87392,239.844:158.207,233.022:153.415,222.971:147.010,213.369:138.991,,,,,,,,,,,,,,,,,,,,,,,,,,,,,,,,,,,,,,,,,,,,,,,,,,,,,,,,,,,,
99->88,239.844:158.207,244.948:162.321,253.540:169.247,263.170:177.010,273.541:183.542,287.395:193.229,295.831:199.530,309.789:205.728,323.589:208.748,335.464:209.478,341.921:209.634,347.233:210.050,362.972:211.453,376.773:212.234,,,,,,,,,,,,,,,,,,,,,,,,,,,,,,,,,,,,,,,,,,,,,,,,,,
99->89653,239.844:158.207,244.948:162.321,253.540:169.247,263.170:177.010,273.541:183.542,287.395:193.229,295.831:199.530,299.242:195.278,302.353:188.697,304.946:184.788,306.078:181.726,,,,,,,,,,,,,,,,,,,,,,,,,,,,,,,,,,,,,,,,,,,,,,,,,,,,,
99->9048,239.844:158.207,244.948:162.321,253.540:169.247,263.170:177.010,273.541:183.542,287.395:193.229,295.831:199.530,299.242:195.278,,,,,,,,,,,,,,,,,,,,,,,,,,,,,,,,,,,,,,,,,,,,,,,,,,,,,,,,
99->91020,239.844:158.207,244.948:162.321,253.540:169.247,263.170:177.010,273.541:183.542,287.395:193.229,295.831:199.530,309.789:205.728,323.589:208.748,335.464:209.478,341.921:209.634,347.233:210.050,362.972:211.453,,,,,,,,,,,,,,,,,,,,,,,,,,,,,,,,,,,,,,,,,,,,,,,,,,,
99->92,239.844:158.207,244.948:162.321,253.540:169.247,263.170:177.010,273.541:183.542,287.395:193.229,295.831:199.530,309.789:205.728,323.589:208.748,335.464:209.478,341.921:209.634,342.238:205.594,339.156:200.382,337.035:194.274,337.420:188.101,340.700:181.672,344.595:175.542,347.193:169.199,349.637:164.698,356.323:163.798,360.502:163.991,366.803:162.190,370.983:159.940,373.073:154.252,375.613:149.887,379.265:145.124,380.058:139.488,380.579:129.453,380.448:122.917,376.784:117.838,374.253:113.458,372.904:107.029,372.030:100.361,369.808:96.313,367.824:93.376,368.459:87.820,371.554:82.184,375.523:78.533,377.031:74.088,380.048:69.722,379.571:66.626,381.397:63.134,,,,,,,,,,,,,,,,,,,,,,
99->92071,239.844:158.207,244.948:162.321,253.540:169.247,263.170:177.010,273.541:183.542,287.395:193.229,295.831:199.530,292.873:204.894,288.446:211.872,285.440:216.278,281.103:222.601,276.312:228.590,272.979:230.361,277.165:234.213,280.995:236.462,284.216:236.645,290.842:240.474,294.611:242.967,298.441:243.818,295.444:246.775,293.130:249.975,289.092:249.828,284.759:248.203,,,,,,,,,,,,,,,,,,,,,,,,,,,,,,,,,,,,,,,,,
99->93162,239.844:158.207,233.022:153.415,222.971:147.010,213.369:138.991,197.616:127.354,,,,,,,,,,,,,,,,,,,,,,,,,,,,,,,,,,,,,,,,,,,,,,,,,,,,,,,,,,,
99->95,239.844:158.207,244.948:162.321,253.540:169.247,263.170:177.010,273.541:183.542,287.395:193.229,295.831:199.530,309.789:205.728,323.589:208.748,,,,,,,,,,,,,,,,,,,,,,,,,,,,,,,,,,,,,,,,,,,,,,,,,,,,,,,
99->95138,239.844:158.207,244.948:162.321,253.540:169.247,263.170:177.010,273.541:183.542,266.015:190.376,259.506:196.964,261.770:199.201,264.577:200.838,265.934:202.619,268.562:205.911,271.617:208.929,273.745:211.032,271.999:212.799,,,,,,,,,,,,,,,,,,,,,,,,,,,,,,,,,,,,,,,,,,,,,,,,,,
99->95815,239.844:158.207,244.948:162.321,253.540:169.247,263.170:177.010,273.541:183.542,266.015:190.376,,,,,,,,,,,,,,,,,,,,,,,,,,,,,,,,,,,,,,,,,,,,,,,,,,,,,,,,,,
99->96,239.844:158.207,233.022:153.415,222.971:147.010,213.369:138.991,197.616:127.354,194.916:125.425,185.207:118.610,172.199:111.308,155.794:103.027,142.814:97.329,130.791:90.707,115.938:83.891,98.846:77.007,89.400:72.165,75.350:65.577,62.374:59.313,,,,,,,,,,,,,,,,,,,,,,,,,,,,,,,,,,,,,,,,,,,,,,,,
99->96372,239.844:158.207,233.022:153.415,222.971:147.010,220.826:151.867,218.561:155.067,,,,,,,,,,,,,,,,,,,,,,,,,,,,,,,,,,,,,,,,,,,,,,,,,,,,,,,,,,,
99->97999,239.844:158.207,244.948:162.321,253.540:169.247,263.170:177.010,273.541:183.542,287.395:193.229,295.831:199.530,309.789:205.728,307.614:210.781,303.921:217.527,303.034:220.186,303.034:224.470,301.553:226.935,304.068:229.591,313.670:231.954,318.762:234.171,,,,,,,,,,,,,,,,,,,,,,,,,,,,,,,,,,,,,,,,,,,,,,,,
99658->32,262.142:140.680,259.065:147.524,256.201:151.742,250.837:157.263,244.948:162.321,239.844:158.207,234.423:166.563,233.788:176.485,234.820:180.374,239.106:185.931,,,,,,,,,,,,,,,,,,,,,,,,,,,,,,,,,,,,,,,,,,,,,,,,,,,,,,
