wifi_a,wifi_b,count,distance,meanTime,maxSpeed
22.0,88.0,1.0,202.54,14628.0,0.01384604867377632
88.0,95.0,1.0,53.3,10556.0,0.005049261083743842
95.0,13.0,2.0,76.05,6.5,15.209999999999999
95.0,5.0,2.0,39.38,6.5,6.5633333333333335
22.0,88.0,1.0,202.54,14628.0,0.01384604867377632
88.0,99.0,1.0,147.2,7548.0,0.019501854795972443
99.0,40516.0,1.0,24.26,212.0,0.11443396226415095
40516.0,27617.0,6.0,86.98,5.0,28.993333333333336
40516.0,28352.0,3.0,49.98,4.666666666666667,16.66
28352.0,45527.0,5.0,23.35,4.0,23.35
30962.0,49.0,6.0,124.62,14.0,15.5775
95.0,75858.0,1.0,54.69,7.0,7.812857142857142
75858.0,5.0,2.0,23.35,8757.5,4.67
95.0,49351.0,1.0,14.06,7.0,2.0085714285714285
49351.0,38805.0,7.0,63.25,3.4285714285714284,31.625
49351.0,99.0,2.0,94.48,3.5,47.24
38805.0,49.0,8.0,102.16,95.375,204.32
38805.0,93376.0,1.0,39.81,50618.0,0.0007864791181002806
93376.0,5.0,2.0,34.47,8836.5,0.40552941176470586
95.0,38972.0,1.0,27.76,767.0,0.03619295958279009
38972.0,43255.0,8.0,41.4,800.25,20.7
38972.0,99.0,2.0,99.04,3.5,33.013333333333335
38972.0,92.0,4.0,183.61,1006.0,367.22
95.0,55554.0,1.0,65.74,7.0,9.391428571428571
55554.0,8508.0,1.0,27.66,7.0,3.9514285714285715
8508.0,1539.0,7.0,29.73,2.7142857142857144,29.73
1539.0,62938.0,2.0,85.15,410.0,170.3
1539.0,89661.0,3.0,64.38,2.0,64.38
89661.0,55847.0,1.0,28.28,1.0,28.28
55847.0,68202.0,6.0,54.2,0.8333333333333334,108.4
55847.0,60734.0,1.0,3.61,2.0,1.805
60734.0,68202.0,2.0,50.61,1.5,50.61
68202.0,120.0,2.0,82.05,2.0,82.05
60734.0,120.0,2.0,39.28,4.0,39.28
60734.0,70591.0,2.0,57.8,2.0,115.6
60734.0,71177.0,1.0,31.89,1.0,31.89
71177.0,120.0,4.0,23.96,3.25,47.92
71177.0,33.0,1.0,77.03,4.0,19.2575
33.0,60989.0,5.0,155.58,2.0,311.16
60989.0,70591.0,2.0,31.02,1.0,31.02
60989.0,93178.0,1.0,25.0,414.0,0.06038647342995169
93178.0,70591.0,2.0,16.64,1.5,16.64
93178.0,33.0,2.0,148.06,3.5,49.35333333333333
93178.0,33978.0,1.0,4.24,1985.0,0.0021360201511335013
33978.0,33.0,2.0,152.29,2.0,152.29
33978.0,4772.0,3.0,12.81,194.0,25.62
4772.0,60989.0,1.0,29.41,35040.0,0.0008393264840182649
60989.0,5.0,1.0,42.57,7391.0,0.005759707752672169
5.0,10183.0,1.0,4.74,1202.0,0.003943427620632279
95.0,18751.0,1.0,9.27,300.0,0.030899999999999997
18751.0,38972.0,2.0,20.62,5643.5,0.06873333333333334
18751.0,16442.0,1.0,25.46,61051.0,0.00041702838610342176
95.0,43255.0,1.0,16.64,2732.0,0.006090775988286969
43255.0,56960.0,1.0,73.16,13206.0,0.0055399061032863845
56960.0,74116.0,1.0,49.58,52.0,0.9534615384615385
74116.0,120.0,6.0,44.68,46.166666666666664,89.36
74116.0,32.0,5.0,40.14,16.2,10.035
74116.0,27870.0,4.0,84.6,2.0,169.2
74116.0,38972.0,2.0,111.4,2.0,222.8
74116.0,54934.0,2.0,99.98,2.5,99.98
54934.0,32.0,2.0,82.64,14.0,165.28
54934.0,33.0,3.0,144.98,10.666666666666666,36.245
33.0,22.0,1.0,24.53,0.0,49.06
22.0,54934.0,1.0,148.3,7.0,21.185714285714287
32.0,22.0,1.0,88.88,4.0,22.22
22.0,27870.0,1.0,133.62,33.0,4.049090909090909
27870.0,33.0,1.0,129.51,6.0,21.584999999999997
33.0,29159.0,1.0,171.7,1831.0,0.09377389404696887
29159.0,52690.0,1.0,16.12,8.0,2.015
52690.0,27870.0,6.0,43.19,2.5,43.19
52690.0,92.0,4.0,163.72,2.5,163.72
52690.0,99.0,6.0,116.52,2.8333333333333335,116.52
52690.0,56960.0,1.0,78.23,4.0,19.5575
56960.0,29159.0,2.0,79.12,3.0,39.56
56960.0,90107.0,2.0,81.34,3.5,27.113333333333333
56960.0,88.0,3.0,109.92,1.6666666666666667,219.84
56960.0,13.0,2.0,132.65,0.5,265.3
56960.0,49.0,1.0,92.01,3.0,30.67
49.0,88.0,1.0,82.73,4.0,20.6825
56960.0,16442.0,1.0,39.12,1.0,39.12
16442.0,49.0,4.0,62.64,5.0,20.88
16442.0,88.0,4.0,72.81,88.0,36.405
49.0,95439.0,1.0,51.12,26.0,1.9661538461538461
95439.0,99.0,8.0,119.06,25.625,39.68666666666667
95439.0,92.0,2.0,162.95,71.0,325.9
49.0,12452.0,1.0,49.18,235.0,0.20927659574468085
12452.0,5.0,2.0,25.39,29881.0,0.5904651162790698
12452.0,88.0,3.0,74.79,9.666666666666666,24.930000000000003
12452.0,22.0,4.0,146.45,9.25,48.81666666666666
49.0,81662.0,1.0,85.01,9.0,9.445555555555556
81662.0,99364.0,1.0,13.6,67544.0,0.00020135023096055904
99364.0,5.0,2.0,9.2,8770.5,1.8399999999999999
5.0,7985.0,1.0,16.05,962.0,0.016683991683991685
7985.0,22.0,6.0,134.81,2.6666666666666665,67.405
7985.0,52173.0,1.0,22.83,66911.0,0.00034119950381850513
22.0,19821.0,1.0,34.13,27.0,1.2640740740740741
19821.0,120.0,4.0,62.3,6.5,31.15
22.0,95323.0,1.0,51.44,97.0,0.5303092783505154
95323.0,33.0,4.0,48.03,21.25,8.005
32.0,31006.0,1.0,24.23,274.0,0.08843065693430657
31006.0,51683.0,1.0,6.32,1352.0,0.004674556213017752
51683.0,74000.0,6.0,21.0,46.333333333333336,1.4
51683.0,38302.0,2.0,54.2,34.0,3.1882352941176473
51683.0,95590.0,3.0,13.45,14.0,4.483333333333333
95590.0,38302.0,4.0,51.62,26.5,10.324
38302.0,74000.0,2.0,73.16,6.5,36.58
74000.0,95590.0,2.0,32.28,6.5,5.38
95590.0,72601.0,5.0,20.62,166.6,2.5775
72601.0,120.0,8.0,34.68,35.125,69.36
72601.0,13.0,4.0,156.92,23.25,156.92
72601.0,44013.0,1.0,49.16,20.0,2.4579999999999997
44013.0,13.0,4.0,109.67,12.25,21.934
44013.0,99.0,6.0,60.74,4.0,60.74
44013.0,51787.0,1.0,19.24,20.0,0.962
51787.0,72601.0,4.0,30.81,105.75,61.62
51787.0,120.0,1.0,25.2,13.0,1.9384615384615385
120.0,22623.0,1.0,60.01,2.0,30.005
22623.0,99.0,8.0,87.29,12.375,43.645
22623.0,31006.0,1.0,59.48,60239.0,0.0009874001892461693
31006.0,99.0,4.0,29.71,69.0,14.855
5.0,16442.0,1.0,18.86,332.0,0.05680722891566265
16442.0,99.0,8.0,77.41,158.25,25.80333333333333
16442.0,22.0,2.0,138.33,182.5,1.080703125
33673.0,95.0,2.0,59.29,13.0,5.929
33673.0,101.0,6.0,31.24,282.3333333333333,0.97625
101.0,95.0,2.0,90.35,39.0,2.5814285714285714
33673.0,49.0,1.0,31.1,2030.0,0.015320197044334976
49.0,95.0,4.0,55.08,378.0,0.5296153846153846
61079.0,63399.0,5.0,51.2,209.6,10.24
63399.0,95.0,2.0,50.59,91.0,2.8105555555555557
63399.0,63749.0,2.0,13.04,2194.0,0.016675191815856777
63749.0,13.0,1.0,38.51,2323.0,0.016577701248385708
13.0,5.0,1.0,114.24,39.0,2.9292307692307693
5.0,63749.0,4.0,75.96,169.25,151.92
5.0,63399.0,5.0,88.83,34.8,88.83
63399.0,88.0,2.0,2.88,98.0,0.576
63749.0,88.0,3.0,15.77,15.666666666666666,3.154
88.0,13.0,2.0,22.87,11.5,4.574
13.0,95.0,1.0,76.05,7.0,10.864285714285714
95.0,88.0,1.0,53.3,1.0,53.3
5.0,16442.0,1.0,18.86,6.0,3.143333333333333
16442.0,49.0,2.0,62.64,427.0,0.14949880668257756
16442.0,58352.0,6.0,84.17,145.5,28.05666666666667
95.0,95695.0,1.0,26.44,1756.0,0.015056947608200456
95695.0,88.0,2.0,26.87,1620.5,0.07402203856749312
95695.0,92.0,4.0,150.18,22.75,75.09
95695.0,49.0,4.0,65.32,6.5,16.33
33673.0,95.0,4.0,59.29,380.75,1.5202564102564102
33673.0,49.0,1.0,31.1,5129.0,0.006063560148177033
49.0,101.0,2.0,54.17,429.0,0.660609756097561
49.0,95.0,1.0,55.08,795.0,0.06928301886792453
95.0,84.0,1.0,76.73,23590.0,0.003252649427723612
95.0,22.0,3.0,157.9,519.6666666666666,52.63333333333333
22.0,32.0,5.0,88.88,614.0,177.76
22.0,5.0,3.0,121.22,840.3333333333334,1.0101666666666667
5.0,32.0,2.0,48.84,46.0,16.28
32.0,95.0,2.0,87.51,22592.5,0.09299681190223168
95.0,5.0,4.0,39.38,596.0,5.625714285714286
5.0,99.0,5.0,59.06,815.6,14.765
99.0,120.0,2.0,40.56,2.0,20.28
120.0,22.0,2.0,86.98,4.5,21.745
22.0,99.0,1.0,64.39,6.0,10.731666666666667
32.0,99.0,2.0,27.73,187.0,0.5437254901960784
95.0,88.0,2.0,53.3,136.5,0.6922077922077922
97081.0,49.0,2.0,59.56,13.0,29.78
97081.0,88.0,6.0,50.3,34.5,16.766666666666666
97081.0,16442.0,1.0,22.56,794.0,0.028413098236775815
16442.0,49.0,4.0,62.64,19.5,62.64
22.0,5.0,1.0,121.22,778.0,0.15580976863753213
5.0,5411.0,5.0,85.58,4.0,85.58
5411.0,22.0,2.0,35.81,1741.0,0.021650544135429262
5411.0,33.0,2.0,37.17,7.0,6.195
58352.0,63749.0,1.0,27.07,9995.0,0.0027083541770885444
63749.0,20032.0,1.0,5.0,190.0,0.02631578947368421
20032.0,95695.0,1.0,16.12,52.0,0.31
95695.0,63749.0,1.0,11.18,0.0,22.36
63749.0,20197.0,3.0,13.04,4.666666666666667,13.04
20197.0,95.0,2.0,50.59,22.0,2.8105555555555557
20197.0,5.0,1.0,88.83,28.0,3.1725
5.0,58352.0,1.0,102.73,66137.0,0.0015532908961700712
58352.0,95.0,1.0,64.62,1.0,64.62
84.0,22.0,1.0,146.05,1561.0,0.09356181934657272
22.0,33.0,5.0,24.53,106.6,49.06
33.0,120.0,1.0,88.04,515.0,0.17095145631067962
120.0,99.0,1.0,40.56,533.0,0.07609756097560975
99.0,5.0,4.0,59.06,6.5,19.686666666666667
49.0,101.0,3.0,54.17,114.0,18.05666666666667
101.0,5.0,1.0,82.63,46.0,1.796304347826087
5.0,95.0,1.0,39.38,7.0,5.625714285714286
99.0,22.0,3.0,64.39,185.0,1.0555737704918033
22.0,120.0,1.0,86.98,568.0,0.15313380281690142
120.0,99.0,3.0,40.56,142.66666666666666,40.56
99.0,31646.0,3.0,59.51,97.0,8.501428571428571
31646.0,5.0,2.0,117.96,6.5,39.32
95.0,49.0,4.0,55.08,23.0,18.36
95.0,88.0,2.0,53.3,0.0,106.6
88.0,99.0,1.0,147.2,5.0,29.439999999999998
99.0,5.0,2.0,59.06,1.0,59.06
5.0,22.0,5.0,121.22,10.2,30.305
22.0,88.0,1.0,202.54,3.0,67.51333333333334
95.0,99.0,1.0,97.82,5.0,19.564
5.0,95.0,5.0,39.38,14.2,7.876
22.0,84.0,2.0,146.05,3.0,48.68333333333334
84.0,95.0,3.0,76.73,5.333333333333333,76.73
95.0,120.0,2.0,73.6,4.0,18.4
120.0,5.0,2.0,44.14,1.0,44.14
5.0,84.0,1.0,58.5,7.0,8.357142857142858
88.0,49246.0,1.0,24.97,1.0,24.97
49246.0,17391.0,1.0,47.13,23880.0,0.0019736180904522615
17391.0,95.0,2.0,25.36,16500.5,0.2370093457943925
88.0,20032.0,1.0,10.78,1.0,10.78
20032.0,99.0,2.0,137.15,19.5,15.238888888888889
20032.0,5.0,1.0,80.82,3.0,26.939999999999998
88.0,16706.0,1.0,83.98,1.0,83.98
16706.0,54549.0,1.0,51.24,5.0,10.248000000000001
54549.0,45414.0,1.0,85.42,0.0,170.84
45414.0,72389.0,1.0,44.41,2.0,22.205
72389.0,16706.0,1.0,32.45,1.0,32.45
16706.0,52173.0,1.0,22.47,3.0,7.489999999999999
52173.0,72389.0,1.0,10.0,1.0,10.0
72389.0,2641.0,5.0,49.66,1.8,49.66
2641.0,26473.0,3.0,20.25,15.0,40.5
26473.0,22973.0,4.0,55.95,486.25,111.9
26473.0,120.0,2.0,64.87,1.5,64.87
26473.0,9358.0,2.0,119.87,1.5,119.87
26473.0,74746.0,1.0,9.22,2198.0,0.0041947224749772525
74746.0,9358.0,4.0,128.36,2.0,256.72
74746.0,14099.0,2.0,2.0,1551.5,0.019801980198019802
14099.0,9358.0,2.0,129.29,1.5,258.58
14099.0,120.0,2.0,75.43,1.0,75.43
74746.0,71580.0,1.0,55.15,2509.0,0.02198086887206058
71580.0,9358.0,2.0,73.57,2.0,147.14
71580.0,120.0,2.0,30.3,1.0,30.3
71580.0,26997.0,5.0,25.5,0.8,51.0
26997.0,74746.0,1.0,79.65,29573.0,0.0026933351367801712
74746.0,84.0,1.0,88.6,18370.0,0.00482308111050626
84.0,101.0,1.0,29.03,10036.0,0.0028925866879234755
101.0,74746.0,1.0,102.52,1.0,102.52
95.0,16442.0,1.0,20.55,861.0,0.023867595818815333
16442.0,88.0,4.0,72.81,5.0,72.81
16442.0,49.0,4.0,62.64,4.5,62.64
95.0,16442.0,1.0,20.55,10897.0,0.0018858401394879324
16442.0,22.0,8.0,138.33,3048.0,69.165
22.0,88.0,2.0,202.54,3.0,67.51333333333334
88.0,16442.0,2.0,72.81,2.0,36.405
16442.0,31646.0,8.0,135.72,2.5,67.86
31646.0,120.0,2.0,87.21,2.0,43.605
31646.0,32.0,4.0,81.87,488.0,27.290000000000003
32.0,16442.0,5.0,67.38,109.6,22.459999999999997
32.0,99.0,2.0,27.73,6.5,5.546
32.0,84.0,3.0,57.42,14.666666666666666,14.355
16442.0,84.0,1.0,65.56,1.0,65.56
16442.0,13.0,1.0,95.68,2.0,47.84
13.0,22.0,1.0,223.94,2.0,111.97
16442.0,99.0,2.0,77.41,145.5,25.80333333333333
22.0,5.0,1.0,121.22,33122.0,0.003659803151983576
5.0,16442.0,1.0,18.86,9.0,2.0955555555555554
95.0,33120.0,1.0,26.29,26.0,1.011153846153846
33120.0,71255.0,1.0,5.1,4330.0,0.0011778290993071593
71255.0,19301.0,1.0,10.0,2696.0,0.00370919881305638
19301.0,99.0,6.0,114.24,3.6666666666666665,114.24
5.0,13386.0,1.0,26.4,11.0,2.4
13386.0,40390.0,1.0,30.81,3.0,10.27
40390.0,96821.0,1.0,30.15,58050.0,0.0005193798449612402
52173.0,88.0,2.0,97.37,13.0,13.91
52173.0,7985.0,1.0,22.83,2368.0,0.009641047297297296
7985.0,43007.0,3.0,38.59,5.666666666666667,19.295
43007.0,22.0,5.0,130.36,4.0,65.18
22.0,88.0,1.0,202.54,3.0,67.51333333333334
88.0,7985.0,3.0,75.33,3.6666666666666665,37.665
7985.0,49146.0,2.0,38.48,3047.0,0.02094719651605879
7985.0,96154.0,1.0,19.7,798.0,0.024686716791979948
96154.0,22.0,6.0,128.69,16.5,64.345
96154.0,43007.0,3.0,19.21,43.666666666666664,1.372142857142857
22.0,5.0,1.0,121.22,9.0,13.46888888888889
5.0,43007.0,1.0,29.46,13.0,2.266153846153846
43007.0,120.0,1.0,67.87,0.0,135.74
120.0,99.0,1.0,40.56,5739.0,0.007067433350757972
99.0,43007.0,3.0,66.08,5.0,33.04
22.0,95.0,1.0,157.9,5.0,31.580000000000002
95.0,43007.0,1.0,54.22,6.0,9.036666666666667
95.0,23204.0,1.0,18.86,5.0,3.772
23204.0,91516.0,3.0,58.67,47.666666666666664,29.335
91516.0,17068.0,5.0,17.12,12.2,8.56
91516.0,92.0,2.0,153.94,110.5,307.88
23204.0,17068.0,3.0,73.16,5048.333333333333,36.58
23204.0,92.0,2.0,158.11,13.0,31.622000000000003
99.0,63835.0,1.0,21.73,7.0,3.1042857142857145
63835.0,32.0,4.0,48.18,14.5,96.36
63835.0,10197.0,1.0,29.41,57142.0,0.0005146827202408037
37114.0,27106.0,2.0,28.6,20.0,7.15
37114.0,9271.0,1.0,32.39,24.0,1.3495833333333334
9271.0,27106.0,5.0,56.44,10.8,18.813333333333333
27106.0,24217.0,3.0,10.44,19.333333333333332,10.44
9271.0,24217.0,1.0,49.4,2.0,24.7
9271.0,90663.0,1.0,11.4,55.0,0.20727272727272728
90663.0,24217.0,4.0,53.76,10.5,17.919999999999998
90663.0,27106.0,1.0,59.14,2694.0,0.021952487008166297
27106.0,99.0,3.0,28.86,22.666666666666668,14.43
99.0,90663.0,3.0,87.38,11.333333333333334,43.69
90663.0,38190.0,1.0,5.83,5.0,1.166
38190.0,95.0,5.0,12.83,504.0,6.415
38190.0,120.0,2.0,64.83,2.0,32.415
95.0,56726.0,1.0,56.83,203.0,0.27995073891625616
88.0,95695.0,1.0,26.87,939.0,0.02861554845580405
95695.0,95.0,2.0,26.44,2455.0,0.020737254901960784
95695.0,13.0,3.0,49.67,14.666666666666666,8.278333333333334
95695.0,5.0,1.0,64.81,5.0,12.962
5.0,13.0,1.0,114.24,235.0,0.4861276595744681
95695.0,99.0,2.0,121.72,6.5,60.86
95695.0,22.0,1.0,179.19,517.0,0.3465957446808511
63749.0,60122.0,2.0,6.08,255.5,2.026666666666667
63749.0,21546.0,3.0,41.23,96.0,20.615
21546.0,60122.0,1.0,35.17,57256.0,0.0006142587676400727
95.0,97472.0,1.0,45.99,312.0,0.14740384615384616
97472.0,56960.0,6.0,41.59,998.6666666666666,13.863333333333335
97472.0,99.0,4.0,73.15,47.25,7.315
97472.0,16442.0,1.0,32.8,5651.0,0.0058042824278888685
16442.0,22.0,1.0,138.33,451.0,0.3067184035476719
22.0,97472.0,5.0,137.55,148.4,17.19375
97472.0,49.0,1.0,53.06,56648.0,0.0009366614884903263
49.0,95.0,1.0,55.08,184.0,0.29934782608695654
95695.0,95.0,1.0,26.44,10218.0,0.0025875905265218243
95.0,61079.0,1.0,6.76,7.0,0.9657142857142856
61079.0,49.0,2.0,61.75,2.0,30.875
61079.0,99.0,3.0,94.87,1.6666666666666667,94.87
61079.0,22.0,2.0,153.79,4.5,38.4475
99.0,80366.0,1.0,89.1,4.0,22.275
80366.0,22.0,1.0,148.58,3.0,49.52666666666667
22.0,32.0,1.0,88.88,1.0,88.88
32.0,80366.0,1.0,80.32,35.0,2.2948571428571425
80366.0,92.0,2.0,151.74,96.0,75.87
80366.0,84930.0,1.0,19.65,1576.0,0.012468274111675125
84930.0,49.0,4.0,62.09,2.5,62.09
84930.0,99.0,4.0,108.27,14.0,108.27
84930.0,66.0,1.0,374.59,69.0,5.428840579710145
66.0,95.0,1.0,364.53,62127.0,0.005867497223429426
99.0,5.0,5.0,59.06,89.2,19.686666666666667
5.0,95.0,6.0,39.38,6.5,7.876
5.0,22.0,8.0,121.22,58.5,40.406666666666666
97537.0,14961.0,2.0,30.23,2.5,15.115
97537.0,53961.0,2.0,52.81,13.0,10.562000000000001
97537.0,52173.0,3.0,59.41,1.6666666666666667,59.41
52173.0,53961.0,2.0,52.04,2.5,26.02
52173.0,74467.0,5.0,59.2,4.6,19.733333333333334
74467.0,55506.0,7.0,103.41,24.714285714285715,34.47
55506.0,22975.0,3.0,13.15,28.0,1.0958333333333334
22975.0,93215.0,7.0,85.15,5.714285714285714,42.575
93215.0,92.0,4.0,166.95,135.75,333.9
93215.0,14638.0,1.0,85.09,89.0,0.9560674157303372
14638.0,92.0,4.0,162.42,2.25,162.42
14638.0,99.0,7.0,136.11,2.142857142857143,272.22
14638.0,22.0,5.0,194.84,4.0,97.42
99.0,22.0,1.0,64.39,6.0,10.731666666666667
14638.0,120.0,1.0,108.73,8.0,13.59125
120.0,50051.0,3.0,45.13,2.3333333333333335,90.26
50051.0,22.0,4.0,101.51,4.0,203.02
50051.0,84.0,2.0,51.58,1.5,103.16
50051.0,92.0,2.0,176.28,1.5,352.56
50051.0,74467.0,1.0,73.82,56638.0,0.0013033652318231576
95.0,95695.0,1.0,26.44,14320.0,0.001846368715083799
95695.0,92.0,6.0,150.18,12.833333333333334,30.036
95695.0,13.0,5.0,49.67,24.4,12.4175
13.0,5.0,1.0,114.24,0.0,228.48
5.0,95695.0,4.0,64.81,261.5,16.2025
95695.0,99.0,1.0,121.72,1.0,121.72
99.0,5.0,1.0,59.06,3.0,19.686666666666667
33673.0,101.0,2.0,31.24,6.5,10.413333333333332
33673.0,99.0,1.0,101.92,37.0,2.7545945945945944
99.0,120.0,1.0,40.56,4.0,10.14
120.0,22.0,1.0,86.98,1.0,86.98
22.0,49.0,1.0,190.46,68440.0,0.002782875511396844
95.0,88.0,6.0,53.3,1835.8333333333333,53.3
95.0,5.0,4.0,39.38,16877.75,9.845
95.0,49.0,4.0,55.08,673.0,5.508
49.0,88.0,1.0,82.73,9.0,9.192222222222222
49.0,5.0,1.0,73.03,2.0,36.515
5.0,88.0,1.0,91.38,6.0,15.229999999999999
12452.0,88.0,6.0,74.79,323.3333333333333,37.395
88.0,92.0,2.0,149.17,1695.0,0.2203397341211226
88.0,95.0,2.0,53.3,559.5,53.3
12452.0,99.0,4.0,83.52,2.5,41.76
12452.0,95.0,2.0,22.22,7680.5,4.444
12452.0,92.0,3.0,170.48,36.0,85.24
12452.0,33584.0,5.0,57.07,7.2,57.07
33584.0,92.0,2.0,163.55,13.0,16.355
33584.0,38972.0,3.0,51.35,3.0,51.35
38972.0,92.0,5.0,183.61,2.2,91.805
12452.0,38972.0,1.0,17.72,8.0,2.215
38972.0,84973.0,1.0,19.42,27.0,0.7192592592592594
84973.0,92.0,8.0,181.05,2.5,362.1
84973.0,33584.0,2.0,67.19,4.0,67.19
84973.0,49.0,1.0,46.82,56250.0,0.0008323555555555556
49.0,5.0,1.0,73.03,175.0,0.4173142857142857
120.0,8892.0,1.0,60.21,275.0,0.21894545454545455
8892.0,63835.0,3.0,28.86,11215.333333333334,0.03738341968911917
63835.0,99.0,1.0,21.73,2023.0,0.01074147305981216
99.0,42320.0,1.0,19.61,862.0,0.02274941995359629
42320.0,63835.0,1.0,17.49,612.0,0.028578431372549017
8892.0,42320.0,2.0,43.05,78.0,7.175
8892.0,5.0,8.0,89.59,3.125,179.18
92221.0,4673.0,1.0,48.08,2925.0,0.01643760683760684
4673.0,95.0,2.0,12.03,1512.5,24.06
4673.0,5.0,2.0,41.88,5.0,13.96
4673.0,99.0,5.0,97.63,1463.0,19.526
99.0,22.0,1.0,64.39,5.0,12.878
22.0,4673.0,3.0,155.2,1626.6666666666667,51.73333333333333
4673.0,120.0,3.0,69.08,128.33333333333334,1.1910344827586206
120.0,92221.0,5.0,34.38,54.4,8.595
92221.0,5.0,2.0,10.22,58.5,0.63875
95.0,5.0,4.0,39.38,371.25,1.8752380952380954
95.0,84.0,6.0,76.73,342.6666666666667,12.788333333333334
84.0,5.0,2.0,58.5,6.5,58.5
95.0,22899.0,1.0,93.33,5.0,18.666
22899.0,99.0,2.0,4.53,612.0,0.41181818181818186
31646.0,66611.0,2.0,19.85,16.0,1.417857142857143
66611.0,32.0,2.0,62.63,6.5,10.438333333333334
31646.0,10197.0,5.0,27.2,32.8,13.6
10197.0,2037.0,1.0,6.71,301.0,0.022292358803986712
2037.0,7033.0,5.0,5.39,5.8,2.695
7033.0,10197.0,2.0,12.08,6.5,2.013333333333333
7033.0,68034.0,3.0,16.64,5.333333333333333,5.546666666666667
68034.0,32.0,6.0,66.64,5.833333333333333,66.64
68034.0,99.0,6.0,44.59,21.333333333333332,22.295
99.0,22.0,8.0,64.39,14.625,10.731666666666667
99.0,32.0,2.0,27.73,6.5,5.546
99.0,120.0,4.0,40.56,123.5,4.056
68034.0,22.0,2.0,23.61,9.5,7.87
95.0,26980.0,1.0,23.42,3.0,7.8066666666666675
26980.0,62639.0,1.0,4.47,31582.0,0.00014153631815591158
62639.0,13.0,2.0,89.38,4.5,178.76
62639.0,7450.0,1.0,5.83,36400.0,0.00016016483516483518
7450.0,95.0,1.0,13.16,3733.0,0.0035253147602464507
95.0,62639.0,1.0,18.98,399.0,0.04756892230576441
95.0,94371.0,1.0,7.2,26.0,0.27692307692307694
94371.0,97340.0,1.0,36.67,4.0,9.1675
97340.0,78484.0,1.0,53.45,60859.0,0.0008782595836277297
78484.0,99.0,2.0,37.2,54.5,1.7714285714285716
95.0,69914.0,1.0,46.84,0.0,93.68
69914.0,54442.0,2.0,6.4,1.5,6.4
69914.0,83201.0,1.0,6.0,2545.0,0.002357563850687623
83201.0,13.0,1.0,128.58,4986.0,0.025788206979542722
13.0,74707.0,3.0,114.94,1.6666666666666667,229.88
74707.0,120.0,6.0,79.39,2.0,79.39
74707.0,59233.0,1.0,24.02,4.0,6.005
59233.0,23025.0,3.0,13.0,1.0,26.0
23025.0,80905.0,1.0,17.69,5.0,3.5380000000000003
80905.0,99.0,2.0,73.53,1609.0,147.06
80905.0,42910.0,1.0,11.0,3733.0,0.0029466916688990086
42910.0,95.0,1.0,39.69,0.0,79.38
95.0,80905.0,1.0,40.44,6958.0,0.0058120149468238
5.0,55554.0,1.0,29.56,4.0,7.39
55554.0,24673.0,1.0,59.0,8.0,7.375
24673.0,65572.0,1.0,30.89,8042.0,0.003841084307386222
65572.0,95630.0,5.0,26.08,12.4,6.52
95630.0,24673.0,7.0,41.59,15.0,6.9316666666666675
95630.0,99.0,3.0,37.49,9.333333333333334,74.98
99.0,24673.0,1.0,75.94,1.0,75.94
24673.0,69473.0,1.0,23.02,2985.0,0.007711892797319933
69473.0,99.0,2.0,75.7,10760.5,0.02495878667985493
95630.0,69473.0,1.0,38.21,7813.0,0.004890567003711763
13.0,83173.0,1.0,42.11,39.0,1.0797435897435896
83173.0,6617.0,1.0,28.44,15582.0,0.0018251829033500194
6617.0,63399.0,1.0,45.12,50619.0,0.0008913649025069638
49.0,12452.0,1.0,49.18,175.0,0.2810285714285714
12452.0,81134.0,8.0,44.91,492.5,22.455
12452.0,13.0,2.0,97.28,3.0,97.28
5.0,95.0,2.0,39.38,13.0,4.375555555555556
5.0,84.0,7.0,58.5,7.0,29.25
5.0,32.0,1.0,48.84,11.0,4.44
32.0,84.0,1.0,57.42,5.0,11.484
23286.0,31646.0,1.0,43.68,182.0,0.24
31646.0,95389.0,1.0,42.54,430.0,0.09893023255813953
95389.0,23286.0,2.0,5.83,45.5,0.1494871794871795
95389.0,2037.0,3.0,20.62,75.66666666666667,0.7930769230769231
2037.0,120.0,2.0,62.07,114.5,0.5694495412844037
2037.0,99.0,2.0,30.46,10718.5,60.92
95.0,70591.0,1.0,27.07,1301.0,0.02080707148347425
70591.0,18461.0,2.0,96.9,30195.5,0.02918674698795181
32.0,20521.0,1.0,50.14,860.0,0.05830232558139535
20521.0,44013.0,3.0,13.45,90.66666666666667,0.4203125
44013.0,33.0,2.0,114.03,28.0,19.005
44013.0,22623.0,1.0,30.48,45584.0,0.0006686556686556687
22623.0,32.0,2.0,80.41,7269.0,6.185384615384615
95.0,16442.0,2.0,20.55,839.0,41.1
16442.0,25610.0,1.0,68.25,16837.0,0.004053572489160777
25610.0,70481.0,1.0,39.0,5.0,7.8
70481.0,72081.0,5.0,33.62,16.4,8.405
72081.0,52910.0,1.0,34.71,2219.0,0.015642181162685894
52910.0,97472.0,2.0,42.54,7.5,85.08
52910.0,92516.0,1.0,10.05,6.0,1.675
92516.0,32.0,4.0,57.85,2.25,115.7
92516.0,84.0,2.0,81.36,722.0,0.946046511627907
92516.0,43255.0,2.0,57.01,2030.5,0.6552873563218391
43255.0,13.0,2.0,60.17,3.5,30.085
92516.0,13.0,2.0,113.73,5.0,113.73
92516.0,43826.0,1.0,28.6,4.0,7.15
43826.0,13.0,4.0,141.75,3.75,70.875
43826.0,75474.0,1.0,26.0,2868.0,0.00906555090655509
75474.0,62476.0,5.0,28.32,3.8,28.32
62476.0,32345.0,2.0,14.56,6.5,4.8533333333333335
62476.0,43826.0,3.0,31.4,4.333333333333333,7.85
43826.0,43255.0,1.0,85.6,947.0,0.09039070749736008
43255.0,99.0,2.0,110.97,80.0,2.5806976744186048
43255.0,16442.0,1.0,35.51,27667.0,0.0012834785123070807
16442.0,5.0,1.0,18.86,9263.0,0.00203605743279715
5.0,95.0,1.0,39.38,3733.0,0.010549156174658453
88.0,95695.0,1.0,26.87,79.0,0.340126582278481
95695.0,13.0,3.0,49.67,10.666666666666666,8.278333333333334
95695.0,5.0,1.0,64.81,3.0,21.603333333333335
5.0,13.0,1.0,114.24,0.0,228.48
70591.0,74467.0,3.0,2.83,88.33333333333333,1.415
74467.0,13.0,4.0,81.94,17.5,20.485
74467.0,92.0,2.0,180.96,4.5,45.24
74467.0,84.0,1.0,65.41,3.0,21.80333333333333
84.0,22.0,1.0,146.05,1.0,146.05
22.0,74467.0,1.0,171.95,9.0,19.105555555555554
74467.0,120.0,1.0,92.09,1.0,92.09
120.0,22.0,1.0,86.98,3.0,28.993333333333336
22.0,22899.0,3.0,68.16,14.666666666666666,9.737142857142857
22899.0,31646.0,2.0,63.66,25978.0,0.7669879518072289
22899.0,74467.0,3.0,104.66,21.666666666666668,209.32
22899.0,22.0,7.0,68.16,52.714285714285715,8.52
22.0,120.0,4.0,86.98,29.5,21.745
22.0,99.0,6.0,64.39,366.6666666666667,10.731666666666667
22.0,33.0,2.0,24.53,58.5,4.088333333333334
33.0,31646.0,1.0,12.51,1945.0,0.006431876606683804
31646.0,22.0,2.0,12.05,1169.0,0.35441176470588237
31646.0,32.0,3.0,81.87,380.3333333333333,81.87
31646.0,99.0,2.0,59.51,332.0,0.32519125683060107
32.0,99.0,1.0,27.73,22439.0,0.0012357948215161103
95.0,88.0,7.0,53.3,770.7142857142857,13.325
95.0,5.0,8.0,39.38,562.875,13.126666666666667
95.0,49.0,5.0,55.08,704.8,13.77
49.0,88.0,1.0,82.73,897.0,0.09222965440356745
5.0,88.0,2.0,91.38,454.5,22.845
95.0,95695.0,2.0,26.44,1991.5,0.40676923076923077
95.0,88.0,1.0,53.3,3954.0,0.01348002023267577
88.0,51259.0,1.0,77.14,706.0,0.10926345609065156
51259.0,20197.0,5.0,77.52,5.2,19.38
20197.0,5.0,3.0,88.83,1.3333333333333333,177.66
5.0,49.0,1.0,73.03,4.0,18.2575
49.0,20197.0,4.0,80.07,9.0,80.07
20197.0,92.0,2.0,150.05,10.5,16.672222222222224
49.0,95695.0,3.0,65.32,5.0,65.32
95695.0,92.0,3.0,150.18,16054.333333333334,7.509
95695.0,99.0,2.0,121.72,2.5,243.44
95695.0,13.0,1.0,49.67,3.0,16.55666666666667
13.0,5.0,1.0,114.24,1.0,114.24
5.0,95695.0,3.0,64.81,5.666666666666667,16.2025
92.0,95.0,1.0,156.67,2686.0,0.058328369322412504
31646.0,66.0,1.0,210.11,754.0,0.2786604774535809
66.0,96.0,1.0,64.72,4.0,16.18
96.0,31646.0,1.0,148.09,6095.0,0.02429696472518458
63749.0,63399.0,1.0,13.04,4.0,3.26
63399.0,5.0,4.0,88.83,3.5,44.415
63399.0,95.0,1.0,50.59,39526.0,0.0012799170166472701
95.0,13.0,1.0,76.05,11153.0,0.006818793149825159
120.0,55906.0,1.0,18.04,3201.0,0.00563573883161512
55906.0,23286.0,5.0,39.66,13386.6,4.406666666666666
23286.0,33.0,4.0,47.09,6.0,9.418000000000001
55906.0,33.0,2.0,76.81,390.5,12.801666666666668
95.0,11426.0,1.0,43.63,974.0,0.0447946611909651
11426.0,92522.0,1.0,33.14,40246.0,0.0008234358694031705
95.0,53460.0,4.0,28.42,426.25,0.2929896907216495
53460.0,49.0,4.0,68.12,364.0,0.9205405405405406
53460.0,16442.0,3.0,47.68,3041.6666666666665,0.023326810176125243
16442.0,95.0,1.0,20.55,1991.0,0.010321446509291813
95.0,88.0,7.0,53.3,171.14285714285714,0.5793478260869565
95.0,13.0,3.0,76.05,180.66666666666666,10.864285714285714
13.0,88.0,1.0,22.87,183.0,0.12497267759562843
16442.0,88.0,2.0,72.81,351.5,0.24109271523178807
53460.0,88.0,2.0,25.13,210.0,0.1419774011299435
53460.0,5.0,1.0,66.27,50379.0,0.001315429047817543
5.0,99.0,1.0,59.06,10.0,5.906000000000001
25143.0,31646.0,3.0,43.57,75.66666666666667,21.785
31646.0,95389.0,1.0,42.54,156.0,0.2726923076923077
95389.0,25143.0,2.0,6.32,59.0,0.26333333333333336
95389.0,32.0,2.0,54.93,3.0,54.93
95389.0,22899.0,7.0,29.43,107.85714285714286,14.715
22899.0,95.0,2.0,93.33,6.5,31.11
22899.0,99.0,1.0,4.53,90.0,0.050333333333333334
95.0,20197.0,1.0,50.59,673.0,0.07517087667161962
20197.0,88.0,2.0,2.88,903.0,0.72
20197.0,5.0,4.0,88.83,16290.25,22.2075
88.0,95.0,1.0,53.3,4.0,13.325
95.0,32.0,5.0,87.51,1105.6,29.17
95.0,22.0,3.0,157.9,523.0,2.1930555555555555
22.0,32.0,2.0,88.88,379.0,8.888
32.0,120.0,2.0,54.21,1227.5,0.3543137254901961
120.0,22.0,1.0,86.98,2973.0,0.02925664312142617
120.0,88.0,2.0,115.57,559.5,9.630833333333333
120.0,95.0,1.0,73.6,2.0,36.8
32.0,88.0,2.0,140.16,682.5,28.032
88.0,22.0,2.0,202.54,358.0,405.08
32.0,5.0,4.0,48.84,15135.75,0.028831168831168832
32.0,99.0,2.0,27.73,123.5,2.520909090909091
52711.0,49.0,3.0,39.82,78.33333333333333,79.64
49.0,84.0,1.0,60.58,1898.0,0.031917808219178084
84.0,5.0,2.0,58.5,6.5,14.625
84.0,33.0,2.0,130.17,34470.5,3.9445454545454544
95.0,46754.0,1.0,45.53,91.0,0.5003296703296704
46754.0,5.0,2.0,83.74,2.0,83.74
43255.0,84.0,2.0,92.86,52.0,4.421904761904762
43255.0,22.0,2.0,168.8,2.0,168.8
43255.0,16442.0,1.0,35.51,3488.0,0.010180619266055044
16442.0,5.0,1.0,18.86,4586.0,0.0041125163541212385
5.0,22.0,2.0,121.22,312.5,30.305
84.0,101.0,2.0,29.03,6.5,7.2575
84.0,5.0,2.0,58.5,11.5,5.85
84.0,32.0,1.0,57.42,8.0,7.1775
32.0,5.0,3.0,48.84,5.0,24.42
32.0,41941.0,4.0,38.55,5.75,19.275
32.0,21949.0,2.0,47.03,166.5,2.044782608695652
21949.0,96.0,5.0,185.13,100.4,185.13
96.0,32.0,1.0,217.41,129.0,1.6853488372093024
21949.0,31646.0,1.0,38.95,6.0,6.491666666666667
31646.0,41941.0,2.0,57.2,3.0,28.6
31646.0,71118.0,1.0,72.86,34.0,2.1429411764705883
71118.0,41941.0,2.0,17.46,2.5,8.73
71118.0,32.0,2.0,25.96,1.5,25.96
71118.0,120.0,2.0,30.08,1.5,30.08
71118.0,32714.0,1.0,43.28,10.0,4.328
32714.0,5.0,3.0,88.42,10.666666666666666,29.473333333333333
5.0,120.0,1.0,44.14,1.0,44.14
120.0,32714.0,4.0,61.1,1.5,61.1
120.0,32.0,1.0,54.21,127.0,0.4268503937007874
32.0,32714.0,1.0,53.46,38.0,1.406842105263158
32714.0,96377.0,2.0,48.02,3.5,48.02
32714.0,21778.0,1.0,87.98,20.0,4.399
21778.0,32.0,6.0,36.77,11.333333333333334,36.77
21778.0,120.0,4.0,62.67,1.75,125.34
21778.0,22.0,1.0,123.17,2980.0,0.04133221476510067
22.0,95.0,1.0,157.9,6.0,26.316666666666666
95.0,32.0,1.0,87.51,1.0,87.51
5.0,22.0,1.0,121.22,4.0,30.305
22.0,84.0,1.0,146.05,51874.0,0.0028154759609823805
95.0,84.0,2.0,76.73,26.0,15.346
84.0,5.0,4.0,58.5,6.25,19.5
95.0,5.0,1.0,39.38,5.0,7.876
5.0,22.0,1.0,121.22,2.0,60.61
22.0,84.0,1.0,146.05,1.0,146.05
84.0,88.0,1.0,126.06,1.0,126.06
88.0,95.0,1.0,53.3,4.0,13.325
95.0,22899.0,1.0,93.33,3361.0,0.027768521273430526
22899.0,99.0,1.0,4.53,27111.0,0.00016709084873298662
99.0,22.0,1.0,64.39,6511.0,0.009889417908155429
52711.0,95.0,1.0,55.27,340.0,0.16255882352941178
95.0,5.0,1.0,39.38,3.0,13.126666666666667
16442.0,84.0,5.0,65.56,3.0,21.853333333333335
84.0,88.0,7.0,126.06,2.4285714285714284,252.12
88.0,16442.0,4.0,72.81,9.25,14.562000000000001
84.0,32.0,1.0,57.42,8.0,7.1775
32.0,16442.0,3.0,67.38,15.0,33.69
16442.0,99169.0,4.0,67.48,9.75,22.493333333333336
16442.0,48701.0,1.0,30.41,23.0,1.3221739130434782
48701.0,99169.0,8.0,37.2,626.125,74.4
99169.0,88.0,2.0,131.53,19.5,26.306
48701.0,33.0,1.0,103.44,8.0,12.93
33.0,120.0,1.0,88.04,2.0,44.02
120.0,48701.0,3.0,28.55,1.0,57.1
48701.0,95.0,1.0,50.13,10.0,5.013
95.0,41941.0,7.0,98.54,11.571428571428571,32.84666666666667
41941.0,120.0,2.0,33.57,11.0,33.57
41941.0,88.0,2.0,145.7,45.5,18.2125
41941.0,22.0,1.0,59.91,56.0,1.0698214285714285
22.0,5.0,5.0,121.22,5.4,60.61
5.0,95.0,8.0,39.38,48.0,13.126666666666667
5.0,84.0,8.0,58.5,15.25,19.5
84.0,22.0,3.0,146.05,0.6666666666666666,292.1
22.0,88.0,1.0,202.54,1.0,202.54
88.0,5.0,4.0,91.38,6.25,22.845
84.0,95.0,2.0,76.73,6.5,12.788333333333334
22.0,95.0,2.0,157.9,787.0,31.580000000000002
95.0,32.0,1.0,87.51,2.0,43.755
32.0,5.0,1.0,48.84,1.0,48.84
95.0,120.0,1.0,73.6,2.0,36.8
120.0,5.0,1.0,44.14,1.0,44.14
95.0,88.0,2.0,53.3,13.0,10.66
95.0,13.0,1.0,76.05,5.0,15.209999999999999
13.0,33.0,1.0,223.7,62.0,3.608064516129032
33.0,22.0,3.0,24.53,6.0,4.906000000000001
22.0,5.0,1.0,121.22,7.0,17.31714285714286
5.0,33.0,1.0,114.67,1.0,114.67
33.0,32.0,1.0,74.92,78.0,0.9605128205128205
13.0,88.0,1.0,22.87,4.0,5.7175
88.0,95.0,1.0,53.3,4.0,13.325
95.0,5.0,2.0,39.38,11.5,4.375555555555556
95.0,33.0,1.0,153.3,40.0,3.8325000000000005
33.0,66.0,1.0,211.28,65.0,3.2504615384615385
48701.0,99169.0,5.0,37.2,4.8,18.6
99169.0,95.0,3.0,86.51,4.666666666666667,28.83666666666667
99169.0,94580.0,3.0,43.68,48.333333333333336,21.84
99169.0,88.0,1.0,131.53,2.0,65.765
88.0,95.0,2.0,53.3,4.5,13.325
95.0,94580.0,7.0,126.58,3.7142857142857144,126.58
95.0,41941.0,8.0,98.54,6.125,32.84666666666667
95.0,33.0,3.0,153.3,0.6666666666666666,306.6
33.0,41941.0,5.0,55.85,3.6,27.925
41941.0,120.0,2.0,33.57,1.5,33.57
41941.0,49.0,1.0,131.52,1.0,131.52
49.0,95.0,1.0,55.08,5.0,11.016
41941.0,88.0,1.0,145.7,2.0,72.85
66.0,96.0,2.0,64.72,6.5,21.573333333333334
66.0,33.0,1.0,211.28,15.0,14.085333333333333
33.0,22.0,1.0,24.53,6.0,4.088333333333334
22.0,5.0,2.0,121.22,6.5,30.305
22.0,95.0,1.0,157.9,6.0,26.316666666666666
95.0,33.0,1.0,153.3,1.0,153.3
33.0,88.0,1.0,201.51,7.0,28.787142857142857
88.0,95.0,1.0,53.3,5.0,10.66
95.0,5.0,1.0,39.38,3.0,13.126666666666667
5.0,13.0,1.0,114.24,1.0,114.24
13.0,88.0,3.0,22.87,6.0,4.574
88.0,95.0,2.0,53.3,5.5,10.66
95.0,5.0,3.0,39.38,3.3333333333333335,13.126666666666667
5.0,84.0,1.0,58.5,3.0,19.5
84.0,95.0,1.0,76.73,7.0,10.961428571428572
5.0,33.0,1.0,114.67,10.0,11.467
33.0,22.0,4.0,24.53,6.5,4.088333333333334
33.0,96.0,2.0,148.12,13.5,12.343333333333334
96.0,66.0,2.0,64.72,3208.5,4.622857142857143
33.0,95.0,1.0,153.3,13.0,11.792307692307693
5.0,88.0,1.0,91.38,3.0,30.459999999999997
95.0,13.0,1.0,76.05,2.0,38.025
95.0,84.0,3.0,76.73,15.333333333333334,10.961428571428572
95.0,5.0,5.0,39.38,11.0,13.126666666666667
5.0,84.0,4.0,58.5,13.25,5.318181818181818
84.0,88.0,1.0,126.06,1.0,126.06
88.0,95.0,1.0,53.3,6.0,8.883333333333333
95.0,52173.0,1.0,46.53,4.0,11.6325
52173.0,55554.0,4.0,21.1,1.5,42.2
52173.0,45819.0,4.0,12.08,6.75,24.16
52173.0,23579.0,1.0,38.42,1.0,38.42
23579.0,33.0,2.0,68.64,2.5,68.64
23579.0,35579.0,3.0,26.91,2.0,26.91
35579.0,40054.0,1.0,22.36,6.0,3.7266666666666666
40054.0,12054.0,3.0,12.65,2.0,12.65
12054.0,84395.0,1.0,24.19,0.0,48.38
84395.0,40054.0,5.0,33.96,2.0,33.96
40054.0,62655.0,1.0,54.56,0.0,109.12
62655.0,98474.0,6.0,43.68,381.5,87.36
62655.0,120.0,7.0,36.29,3.7142857142857144,72.58
120.0,73093.0,3.0,49.99,3.3333333333333335,24.995
73093.0,62655.0,2.0,62.43,5126.0,0.13454741379310345
73093.0,22.0,2.0,129.86,2455.5,0.2607630522088354
73093.0,105.0,2.0,182.76,607.0,2.8116923076923075
95.0,98863.0,1.0,23.68,4.0,5.92
98863.0,25190.0,1.0,63.16,2917.0,0.021652382584847446
25190.0,95.0,2.0,80.32,1975.0,0.08645855758880516
25190.0,5.0,2.0,42.95,2030.5,0.0665891472868217
95.0,7930.0,1.0,15.18,4.0,3.795
7930.0,38203.0,1.0,31.76,3600.0,0.008822222222222223
38203.0,59980.0,1.0,21.93,4700.0,0.00466595744680851
59980.0,52173.0,8.0,29.07,5.125,58.14
59980.0,65444.0,2.0,39.92,13189.0,0.2348235294117647
65444.0,52173.0,2.0,15.26,10.5,1.526
59980.0,5.0,2.0,25.15,2084.5,0.24417475728155338
95.0,29473.0,1.0,23.62,4.0,5.905
29473.0,83211.0,1.0,72.25,20871.0,0.003461741171961094
83211.0,65833.0,2.0,14.42,4.5,3.605
83211.0,88.0,6.0,136.86,477.3333333333333,273.72
83211.0,58294.0,6.0,88.39,8.833333333333334,176.78
83211.0,9876.0,1.0,7.62,3.0,2.54
9876.0,29473.0,3.0,75.01,11.0,10.715714285714286
29473.0,32955.0,1.0,26.93,1.0,26.93
32955.0,52173.0,2.0,27.02,59.0,13.51
32955.0,70591.0,1.0,50.49,50836.0,0.0009931937996695255
32.0,99.0,6.0,27.73,811.1666666666666,55.46
32.0,5.0,6.0,48.84,56.5,5.426666666666667
32.0,120.0,2.0,54.21,6.5,13.5525
32.0,33.0,1.0,74.92,273.0,0.2744322344322344
33.0,96.0,1.0,148.12,26.0,5.696923076923077
32.0,20140.0,1.0,25.2,44.0,0.5727272727272728
20140.0,38492.0,5.0,6.32,12.2,12.64
38492.0,120.0,2.0,39.02,28.5,5.574285714285715
38492.0,91338.0,1.0,36.4,4739.0,0.007680945347119645
91338.0,96460.0,5.0,34.71,9.4,11.57
96460.0,120.0,2.0,50.8,4.0,16.933333333333334
96460.0,10897.0,1.0,101.08,3163.0,0.031957002845399936
10897.0,20202.0,1.0,35.23,17322.0,0.002033829811800023
20202.0,120.0,1.0,31.86,33690.0,0.0009456812110418522
120.0,95.0,1.0,73.6,9641.0,0.00763406285655015
95.0,20202.0,1.0,85.27,28.0,3.0453571428571427
95.0,95695.0,3.0,26.44,10998.333333333334,0.018437935843793586
95695.0,92.0,1.0,150.18,265.0,0.5667169811320755
92.0,20197.0,6.0,150.05,48.833333333333336,75.025
20197.0,5.0,6.0,88.83,35.5,177.66
20197.0,49.0,1.0,80.07,2.0,40.035
49.0,92.0,1.0,211.31,1.0,211.31
20197.0,84.0,2.0,123.18,5.0,123.18
20197.0,22.0,1.0,200.63,3.0,66.87666666666667
22.0,95695.0,1.0,179.19,11645.0,0.01538772005152426
95695.0,88.0,2.0,26.87,1457.5,0.02467401285583104
85990.0,2037.0,1.0,7.81,16226.0,0.0004813262664858868
2037.0,95389.0,1.0,20.62,17487.0,0.0011791616629496199
95389.0,31646.0,1.0,42.54,47974.0,0.00088673031225247
49.0,78046.0,1.0,102.37,0.0,204.74
78046.0,86286.0,1.0,36.35,4.0,9.0875
86286.0,32.0,2.0,28.59,28.5,4.765
86286.0,67071.0,1.0,32.14,4313.0,0.007451889635984234
67071.0,49.0,2.0,99.92,21618.5,3.9968
101.0,52711.0,2.0,36.58,682.5,36.58
52711.0,20602.0,2.0,19.42,10470.0,0.0046271146056707175
20602.0,101.0,2.0,41.37,2529.5,1.1491666666666667
52711.0,5.0,2.0,47.71,7872.5,0.2083406113537118
52711.0,95.0,1.0,55.27,2547.0,0.02170003926187672
95.0,101.0,1.0,90.35,2937.0,0.03076268300987402
52711.0,22.0,2.0,154.38,772.5,0.3327155172413793
33673.0,101.0,1.0,31.24,1803.0,0.01732667775929007
101.0,49.0,3.0,54.17,332.0,0.742054794520548
49.0,5.0,1.0,73.03,2604.0,0.02804531490015361
5.0,22.0,1.0,121.22,3.0,40.406666666666666
22.0,33673.0,1.0,165.99,32953.0,0.005037174157132887
33673.0,84.0,2.0,29.5,17874.5,0.09365079365079365
91906.0,99.0,4.0,30.76,112.0,2.197142857142857
91906.0,75824.0,1.0,13.0,3866.0,0.003362648732540093
75824.0,99.0,1.0,40.52,67.0,0.6047761194029851
99.0,50986.0,1.0,93.17,63.0,1.478888888888889
50986.0,120.0,4.0,64.83,150.5,3.087142857142857
50986.0,75824.0,1.0,53.45,21061.0,0.002537866198186221
75824.0,5.0,2.0,18.83,13608.5,0.017402957486136784
80285.0,63749.0,1.0,19.7,26.0,0.7576923076923077
63749.0,61079.0,2.0,38.33,3195.5,0.023558696988322064
61079.0,80285.0,2.0,19.1,32.5,2.3875
63749.0,50181.0,3.0,3.61,813.0,3.61
50181.0,5.0,6.0,73.32,213.5,1.3577777777777778
50181.0,11776.0,1.0,9.49,2629.0,0.003609737542791936
11776.0,5.0,1.0,82.76,30655.0,0.0026997227206002287
5.0,88.0,1.0,91.38,3370.0,0.027115727002967358
88.0,11776.0,1.0,8.78,1580.0,0.005556962025316455
11776.0,63749.0,1.0,7.0,4799.0,0.0014586372160866848
63749.0,5.0,2.0,75.96,2838.5,0.08365638766519823
95.0,88.0,8.0,53.3,388.875,1.615151515151515
95.0,55506.0,1.0,79.03,92.0,0.8590217391304348
55506.0,88.0,2.0,81.11,65.0,2.6164516129032256
55506.0,13.0,2.0,94.17,1.5,94.17
55506.0,5.0,7.0,86.97,4.142857142857143,173.94
5.0,49.0,4.0,73.03,0.0,146.06
49.0,55506.0,4.0,133.81,4.0,267.62
5.0,22.0,3.0,121.22,4.0,30.305
22.0,55506.0,3.0,149.46,10.666666666666666,24.91
22.0,33.0,1.0,24.53,3.0,8.176666666666668
33.0,55506.0,1.0,157.38,3.0,52.46
22.0,32.0,3.0,88.88,14.0,8.08
32.0,92.0,1.0,187.95,59143.0,0.0031778908746597227
99.0,39978.0,1.0,14.37,5376.0,0.0026729910714285714
39978.0,10197.0,2.0,46.01,1834.5,1.2780555555555555
39978.0,9032.0,2.0,22.36,58.5,11.18
39978.0,93778.0,1.0,12.17,2408.0,0.0050539867109634555
93778.0,69310.0,2.0,12.17,2965.5,0.006776169265033408
93778.0,120.0,6.0,40.4,35.0,20.2
93778.0,95.0,2.0,94.9,6.5,47.45
93778.0,32.0,1.0,24.01,11.0,2.182727272727273
32.0,19821.0,4.0,54.76,19.5,27.38
19821.0,120.0,8.0,62.3,6.875,31.15
19821.0,5.0,1.0,89.82,4.0,22.455
5.0,120.0,1.0,44.14,6.0,7.3566666666666665
32.0,120.0,2.0,54.21,1210.5,4.5175
32.0,33.0,1.0,74.92,7853.0,0.00954030306889087
33.0,120.0,1.0,88.04,44.0,2.000909090909091
99.0,12813.0,1.0,41.93,90.0,0.4658888888888889
12813.0,5411.0,1.0,19.1,16540.0,0.0011547762998790811
5411.0,33.0,1.0,37.17,6674.0,0.005569373688942164
33.0,22.0,1.0,24.53,15594.0,0.0015730409131717328
22.0,12813.0,1.0,23.61,645.0,0.0366046511627907
17013.0,70429.0,3.0,31.26,7815.0,2.4046153846153846
70429.0,68034.0,1.0,36.69,3645.0,0.010065843621399177
95.0,95695.0,1.0,26.44,10805.0,0.002447015270708006
95695.0,88.0,3.0,26.87,1692.6666666666667,0.02467401285583104
88.0,51259.0,1.0,77.14,0.0,154.28
51259.0,95695.0,1.0,75.5,10342.0,0.007300328756526784
95695.0,13.0,1.0,49.67,6.0,8.278333333333334
13.0,5.0,1.0,114.24,4.0,28.56
5.0,95695.0,1.0,64.81,23906.0,0.0027110348866393377
41941.0,99.0,5.0,11.92,16.0,3.973333333333333
99.0,43007.0,1.0,66.08,1.0,66.08
43007.0,41941.0,6.0,73.05,11.166666666666666,36.525
41941.0,84.0,3.0,93.7,55.333333333333336,3.231034482758621
84.0,16442.0,4.0,65.56,59.5,65.56
16442.0,41941.0,4.0,78.64,4239.0,0.983
16442.0,99.0,4.0,77.41,16.25,19.3525
16442.0,22.0,1.0,138.33,5.0,27.666000000000004
22.0,84.0,1.0,146.05,7.0,20.864285714285717
43007.0,95.0,4.0,54.22,56.0,54.22
43007.0,120.0,2.0,67.87,6.5,11.311666666666667
43007.0,16442.0,3.0,38.91,790.6666666666666,77.82
41941.0,5.0,2.0,61.31,14796.5,20.436666666666667
84.0,56960.0,4.0,64.86,126.0,1.752972972972973
56960.0,22.0,8.0,100.36,273.25,1.1807058823529413
56960.0,88.0,1.0,109.92,7.0,15.702857142857143
88.0,84.0,1.0,126.06,176.0,0.71625
56960.0,16442.0,1.0,39.12,39881.0,0.0009809182317394246
16442.0,5.0,2.0,18.86,8224.5,0.018822355289421156
95.0,16442.0,2.0,20.55,8346.0,0.011108108108108108
95.0,38972.0,1.0,27.76,2.0,13.88
38972.0,16442.0,3.0,31.06,13407.666666666666,0.08774011299435028
16442.0,88.0,2.0,72.81,11.5,36.405
38972.0,88.0,4.0,72.25,6.25,18.0625
16442.0,5.0,2.0,18.86,3932.5,0.01746296296296296
95.0,59668.0,1.0,52.7,472.0,0.11165254237288136
59668.0,73198.0,1.0,55.15,1.0,55.15
73198.0,39472.0,1.0,83.68,2539.0,0.03295785742418275
39472.0,92.0,2.0,126.76,1224.0,253.52
39472.0,87403.0,3.0,77.41,191.0,8.601111111111111
87403.0,95439.0,5.0,13.04,32.2,4.346666666666667
95439.0,38972.0,1.0,35.44,4181.0,0.008476441042812723
38972.0,25737.0,1.0,91.79,25.0,3.6716
25737.0,95439.0,1.0,74.06,1538.0,0.048153446033810145
95439.0,13.0,2.0,58.43,6.5,58.43
95439.0,84.0,3.0,89.23,13.666666666666666,89.23
95439.0,22.0,6.0,179.06,5.0,179.06
22.0,120.0,2.0,86.98,2.0,43.49
120.0,84.0,1.0,95.0,5.0,19.0
120.0,32.0,1.0,54.21,2.0,27.105
32.0,95439.0,2.0,107.76,72.0,21.552
32.0,88.0,2.0,140.16,24474.0,0.008703968204682357
32.0,25737.0,1.0,111.89,7740.0,0.01445607235142119
33.0,10197.0,5.0,27.47,706.0,3.052222222222222
10197.0,99.0,2.0,33.38,1637.0,0.023741109530583216
10197.0,22.0,5.0,31.02,1177.0,4.4314285714285715
10197.0,120.0,8.0,60.83,803.375,60.83
22.0,120.0,2.0,86.98,1571.0,0.1854584221748401
120.0,99.0,1.0,40.56,2453.0,0.0165348552792499
99.0,22.0,1.0,64.39,1998.0,0.03222722722722723
120.0,5.0,1.0,44.14,16417.0,0.0026886763720533596
5.0,22.0,2.0,121.22,11698.0,0.025301607180129408
95.0,56960.0,1.0,59.55,1432.0,0.04158519553072625
56960.0,13.0,3.0,132.65,27.333333333333332,66.325
13.0,22.0,1.0,223.94,1.0,223.94
22.0,56960.0,1.0,100.36,7.0,14.337142857142856
56960.0,45009.0,1.0,32.56,3.0,10.853333333333333
45009.0,2037.0,3.0,35.81,823.3333333333334,11.936666666666667
2037.0,56960.0,4.0,68.25,115.75,17.0625
56960.0,120.0,2.0,30.15,11.0,7.5375
120.0,2037.0,6.0,62.07,1.0,124.14
2037.0,32.0,2.0,53.83,1.5,53.83
32.0,56960.0,1.0,33.62,3.0,11.206666666666665
56960.0,88.0,1.0,109.92,2.0,54.96
88.0,2037.0,1.0,175.23,2.0,87.615
32.0,16442.0,3.0,67.38,5.0,33.69
16442.0,120.0,1.0,56.3,4.0,14.075
120.0,31646.0,1.0,87.21,13.0,6.708461538461538
31646.0,16442.0,1.0,135.72,4327.0,0.03136584238502427
16442.0,5.0,2.0,18.86,8131.0,37.72
38972.0,92.0,2.0,183.61,13.0,183.61
38972.0,95.0,2.0,27.76,1189.5,0.056080808080808085
95.0,49.0,7.0,55.08,11.428571428571429,55.08
49.0,88.0,1.0,82.73,69.0,1.1989855072463769
88.0,95.0,1.0,53.3,9.0,5.922222222222222
38972.0,88.0,2.0,72.25,6.5,24.083333333333332
38972.0,49.0,1.0,31.61,19620.0,0.0016111111111111111
49.0,5.0,1.0,73.03,6390.0,0.011428794992175273
5.0,92.0,1.0,160.5,334.0,0.4805389221556886
95.0,5.0,1.0,39.38,1838.0,0.02142546245919478
5.0,88.0,1.0,91.38,4.0,22.845
88.0,95.0,6.0,53.3,7401.333333333333,8.883333333333333
95.0,49.0,2.0,55.08,1621.0,0.061336302895322936
95.0,64169.0,1.0,15.05,1.0,15.05
64169.0,88.0,1.0,65.95,12352.0,0.005339216321243524
88.0,95.0,1.0,53.3,5273.0,0.010108097857007396
95.0,6652.0,1.0,74.14,1027.0,0.07219084712755598
6652.0,60368.0,1.0,18.79,5244.0,0.0035831426392067124
60368.0,96.0,2.0,211.96,2.0,211.96
60368.0,32.0,6.0,36.67,5.666666666666667,18.335
60368.0,15371.0,7.0,109.29,4.571428571428571,54.645
60368.0,84.0,2.0,89.36,3.0,178.72
15371.0,6652.0,2.0,93.54,5.5,46.77
15371.0,13.0,6.0,56.3,17.5,112.6
15371.0,18132.0,2.0,125.88,6.0,41.96
15371.0,64169.0,1.0,32.14,20400.0,0.0015754901960784314
64169.0,49.0,2.0,45.36,13069.0,3.4892307692307694
64169.0,92.0,4.0,169.21,4.75,169.21
13.0,63399.0,2.0,25.49,1292.0,50.98
63399.0,63749.0,4.0,13.04,1638.5,2.6079999999999997
63399.0,5.0,4.0,88.83,3332.75,44.415
63399.0,88.0,1.0,2.88,13079.0,0.0002202003211254683
88.0,13.0,1.0,22.87,2744.0,0.008334548104956268
5.0,33.0,2.0,114.67,7326.5,6.370555555555556
5.0,95.0,5.0,39.38,23.0,19.69
5.0,120.0,6.0,44.14,84.5,8.828
5.0,88.0,2.0,91.38,26.0,91.38
95.0,32.0,1.0,87.51,48.0,1.823125
32.0,5.0,1.0,48.84,46.0,1.0617391304347827
101.0,5.0,3.0,82.63,5049.666666666667,0.13545901639344263
5.0,84.0,1.0,58.5,2817.0,0.020766773162939296
84.0,22.0,1.0,146.05,1713.0,0.08525977816695855
22.0,101.0,1.0,174.47,2831.0,0.06162839985870717
101.0,95.0,2.0,90.35,461.5,0.30217391304347824
32.0,88.0,1.0,140.16,7599.0,0.018444532175286223
88.0,49.0,1.0,82.73,4108.0,0.02013875365141188
49.0,84.0,5.0,60.58,5470.0,4.038666666666667
84.0,99.0,2.0,84.36,1868.0,0.8190291262135923
84.0,88.0,1.0,126.06,5374.0,0.02345738742091552
88.0,105.0,1.0,260.65,22931.0,0.01136670882211853
84.0,5.0,2.0,58.5,897.5,0.37261146496815284
5.0,13.0,1.0,114.24,2.0,57.12
13.0,22.0,1.0,223.94,3.0,74.64666666666666
22.0,99.0,2.0,64.39,5.0,12.878
99.0,5.0,4.0,59.06,4.75,19.686666666666667
5.0,22.0,1.0,121.22,5.0,24.244
84.0,22.0,1.0,146.05,9759.0,0.014965672712368072
22.0,95.0,1.0,157.9,14013.0,0.011268108185256549
95.0,5.0,5.0,39.38,7.0,19.69
5.0,88.0,4.0,91.38,4.0,22.845
88.0,95.0,3.0,53.3,7.333333333333333,7.614285714285714
88.0,120.0,1.0,115.57,1.0,115.57
120.0,95.0,1.0,73.6,6.0,12.266666666666666
5.0,120.0,4.0,44.14,6.5,11.035
95.0,5.0,6.0,39.38,1598.8333333333333,39.38
95.0,84.0,2.0,76.73,475.0,2.841851851851852
84.0,5.0,1.0,58.5,183.0,0.319672131147541
5.0,22.0,6.0,121.22,4.833333333333333,30.305
22.0,33.0,1.0,24.53,3.0,8.176666666666668
33.0,32.0,1.0,74.92,2.0,37.46
32.0,99.0,2.0,27.73,2.0,13.865
99.0,95.0,2.0,97.82,1.0,97.82
22.0,32.0,2.0,88.88,5.0,17.776
99.0,5.0,7.0,59.06,5.857142857142857,29.53
32.0,5.0,2.0,48.84,1618.5,12.21
22.0,99.0,1.0,64.39,7.0,9.198571428571428
95.0,32.0,4.0,87.51,107.75,21.8775
84.0,32.0,1.0,57.42,2952.0,0.019451219512195122
31646.0,99.0,4.0,59.51,119.0,19.836666666666666
31646.0,120.0,2.0,87.21,251.5,0.47917582417582416
31646.0,33.0,1.0,12.51,44585.0,0.00028058764158349223
22.0,31646.0,1.0,12.05,13.0,0.926923076923077
31646.0,19.0,2.0,117.58,6.5,29.395
31646.0,96.0,4.0,148.09,1309.0,0.8510919540229885
31646.0,33.0,1.0,12.51,4104.0,0.0030482456140350877
99.0,95.0,1.0,97.82,1.0,97.82
95.0,5.0,1.0,39.38,2.0,19.69
5.0,22.0,1.0,121.22,5.0,24.244
22.0,99.0,3.0,64.39,15.666666666666666,8.04875
99.0,84.0,1.0,84.36,1.0,84.36
84.0,5.0,1.0,58.5,2.0,29.25
5.0,99.0,1.0,59.06,23.0,2.5678260869565217
22.0,120.0,2.0,86.98,0.0,173.96
120.0,32.0,1.0,54.21,3.0,18.07
32.0,99.0,1.0,27.73,2.0,13.865
120.0,99.0,1.0,40.56,5.0,8.112
99.0,33.0,1.0,55.62,11.0,5.056363636363636
33.0,22.0,1.0,24.53,23.0,1.066521739130435
22.0,105.0,1.0,63.38,54748.0,0.0011576678600131512
5.0,33.0,1.0,114.67,605.0,0.18953719008264464
33.0,22.0,1.0,24.53,205.0,0.11965853658536586
22.0,5.0,1.0,121.22,803.0,0.15095890410958904
5.0,95.0,1.0,39.38,609.0,0.06466338259441708
33.0,2037.0,1.0,26.3,10.0,2.63
2037.0,120.0,6.0,62.07,3.1666666666666665,124.14
33.0,1347.0,1.0,12.44,13.0,0.9569230769230769
1347.0,8230.0,1.0,57.45,19553.0,0.0029381680560527797
8230.0,95389.0,1.0,13.0,13500.0,0.000962962962962963
13.0,20032.0,1.0,33.55,13.0,2.5807692307692305
20032.0,5.0,4.0,80.82,6.0,40.41
13.0,28138.0,1.0,53.72,1496.0,0.03590909090909091
49.0,70151.0,1.0,83.01,3.0,27.67
70151.0,13028.0,2.0,12.17,4.5,4.056666666666667
70151.0,99.0,2.0,120.01,3.5,40.00333333333334
70151.0,63112.0,1.0,28.28,34346.0,0.0008233855470797182
63112.0,5.0,2.0,52.12,4393.0,0.03399869536855838
63112.0,22.0,2.0,146.15,78.0,5.2196428571428575
63112.0,13028.0,2.0,38.83,4238.0,0.009649602385685884
13028.0,120.0,2.0,98.01,1.0,98.01
95.0,34395.0,1.0,46.6,0.0,93.2
34395.0,120.0,2.0,58.25,4.0,29.125
34395.0,48608.0,3.0,41.23,4.0,20.615
48608.0,8684.0,4.0,64.66,4.0,32.33
48608.0,42042.0,1.0,84.39,5.0,16.878
42042.0,63866.0,1.0,99.4,1.0,99.4
63866.0,48608.0,1.0,16.49,4.0,4.1225
48608.0,57075.0,1.0,17.26,0.0,34.52
57075.0,17981.0,1.0,73.74,1163.0,0.06340498710232158
17981.0,97737.0,2.0,60.31,168.0,120.62
17981.0,120.0,2.0,54.52,4.0,18.173333333333336
17981.0,49875.0,5.0,17.46,3.2,8.73
49875.0,98857.0,2.0,22.8,4.0,11.4
49875.0,97279.0,2.0,31.02,2.5,31.02
49875.0,15809.0,3.0,10.0,1.6666666666666667,20.0
15809.0,97279.0,1.0,25.96,3603.0,0.007205106855398279
97279.0,97737.0,1.0,68.96,5174.0,0.013328179358330111
97737.0,39552.0,1.0,33.24,8010.0,0.004149812734082397
39552.0,13.0,2.0,182.93,4.0,91.465
39552.0,97279.0,1.0,97.72,3116.0,0.031360718870346596
97279.0,38366.0,3.0,100.0,397.0,20.0
38366.0,57969.0,3.0,45.97,4.333333333333333,91.94
57969.0,97737.0,3.0,73.74,5823.333333333333,24.58
97737.0,8842.0,1.0,25.06,18307.0,0.0013688752936035396
95.0,66131.0,1.0,14.82,1.0,14.82
66131.0,32722.0,1.0,25.3,15848.0,0.0015964159515396265
32722.0,13551.0,1.0,26.08,2095.0,0.01244868735083532
13551.0,47006.0,1.0,42.72,47816.0,0.0008934247950476827
47006.0,120.0,2.0,54.24,6.5,10.848
95.0,9261.0,1.0,29.23,1.0,29.23
9261.0,80285.0,2.0,43.08,6.0,10.77
9261.0,49.0,2.0,74.78,31.0,18.695
101.0,4411.0,1.0,59.54,195.0,0.30533333333333335
4411.0,88.0,2.0,94.85,119.5,6.323333333333333
4411.0,52711.0,1.0,24.33,11939.0,0.002037859117178993
52711.0,22.0,1.0,154.38,190.0,0.8125263157894737
22.0,99.0,1.0,64.39,9.0,7.154444444444445
99.0,52711.0,1.0,90.26,14.0,6.4471428571428575
52711.0,49.0,8.0,39.82,21.375,39.82
52711.0,16442.0,3.0,48.26,48.333333333333336,16.086666666666666
16442.0,42227.0,1.0,19.24,1.0,19.24
42227.0,52711.0,4.0,59.77,12.25,29.885
42227.0,4411.0,2.0,35.85,13.0,7.17
42227.0,58082.0,1.0,17.69,131.0,0.1350381679389313
58082.0,4411.0,1.0,45.01,43.0,1.0467441860465116
4411.0,61388.0,1.0,9.9,6.0,1.6500000000000001
61388.0,83695.0,2.0,48.7,2.5,48.7
83695.0,4411.0,2.0,53.76,6.5,8.959999999999999
83695.0,55492.0,3.0,41.05,7.666666666666667,10.2625
55492.0,4411.0,8.0,13.89,6.625,6.945
55492.0,5.0,7.0,16.42,8.428571428571429,2.736666666666667
5.0,83695.0,3.0,33.48,8.666666666666666,66.96
83695.0,96135.0,3.0,11.18,4.333333333333333,22.36
96135.0,32267.0,2.0,8.06,66.5,4.03
32267.0,88.0,2.0,110.87,6.5,36.95666666666667
32267.0,61388.0,4.0,44.92,14.75,6.417142857142857
96135.0,66699.0,3.0,13.15,4.333333333333333,13.15
66699.0,99.0,2.0,37.26,108.0,0.77625
66699.0,5.0,2.0,33.86,53.5,2.6046153846153848
5.0,99.0,2.0,59.06,13.0,19.686666666666667
66699.0,61388.0,2.0,49.48,32.5,2.7488888888888887
66699.0,88.0,4.0,112.16,6.5,56.08
66699.0,17806.0,1.0,0.0,1.0,0.0
17806.0,5.0,4.0,33.86,41.5,67.72
17806.0,52711.0,6.0,79.01,6.166666666666667,15.802000000000001
17806.0,61388.0,3.0,49.48,8.333333333333334,9.895999999999999
61388.0,16442.0,1.0,18.36,0.0,36.72
16442.0,83695.0,1.0,48.92,0.0,97.84
83695.0,42227.0,6.0,30.48,11.5,7.62
83695.0,17806.0,4.0,4.47,17.0,1.49
61388.0,88.0,8.0,87.83,10.75,87.83
61388.0,41941.0,7.0,74.63,33.42857142857143,74.63
41941.0,92033.0,4.0,63.13,6.5,63.13
41941.0,95.0,2.0,98.54,6.5,98.54
41941.0,5.0,1.0,61.31,26.0,2.358076923076923
5.0,92033.0,1.0,19.69,25.0,0.7876000000000001
92033.0,52711.0,3.0,65.19,32.666666666666664,9.312857142857142
92033.0,22.0,8.0,121.43,11.125,30.3575
92033.0,32.0,2.0,62.28,116.0,2.4912
5.0,48701.0,1.0,15.6,117.0,0.13333333333333333
48701.0,73355.0,3.0,27.07,9.0,13.535
73355.0,84.0,1.0,83.66,2.0,41.83
84.0,99.0,2.0,84.36,69.0,21.09
99.0,48701.0,4.0,48.39,5.0,16.13
48701.0,84.0,6.0,70.04,39.833333333333336,140.08
48701.0,88.0,7.0,98.89,177.85714285714286,32.96333333333333
48701.0,41941.0,1.0,48.41,5923.0,0.008173223028870504
41941.0,88.0,8.0,145.7,1823.875,36.425
84.0,88.0,1.0,126.06,0.0,252.12
41941.0,5.0,2.0,61.31,10872.0,2.358076923076923
5.0,54628.0,1.0,47.91,23.0,2.0830434782608696
54628.0,57036.0,4.0,36.36,28.0,3.305454545454545
54628.0,55414.0,3.0,28.18,147.33333333333334,9.393333333333333
55414.0,2811.0,3.0,6.32,65.66666666666667,2.106666666666667
55414.0,42503.0,6.0,34.54,43.0,11.513333333333334
42503.0,2811.0,2.0,40.85,10.5,10.2125
2811.0,24962.0,6.0,40.72,20.833333333333332,13.573333333333332
2811.0,99485.0,1.0,13.6,6.0,2.2666666666666666
99485.0,24962.0,1.0,54.12,32.0,1.69125
24962.0,67482.0,1.0,23.19,13.0,1.7838461538461539
67482.0,72511.0,2.0,22.02,26.5,1.468
67482.0,81052.0,11.0,10.77,24.636363636363637,0.8975
81052.0,24962.0,1.0,29.97,26.0,1.1526923076923077
24962.0,72511.0,3.0,2.24,30.0,0.0973913043478261
72511.0,99485.0,4.0,55.95,14.75,7.992857142857143
72511.0,54543.0,1.0,18.44,18.0,1.0244444444444445
54543.0,80759.0,1.0,38.08,6340.0,0.006006309148264984
80759.0,34993.0,2.0,101.07,3.5,50.535
80759.0,81855.0,2.0,11.18,1.5,11.18
80759.0,29525.0,3.0,100.65,143.0,25.1625
29525.0,57391.0,1.0,74.85,108.0,0.6930555555555555
57391.0,80759.0,2.0,26.08,7.0,26.08
57391.0,65506.0,7.0,11.18,1275.5714285714287,11.18
33.0,67348.0,1.0,40.1,143.0,0.2804195804195804
67348.0,31857.0,1.0,6.0,8564.0,0.0007006071929005138
31857.0,74000.0,2.0,20.25,365.5,0.10657894736842105
31857.0,48085.0,7.0,4.12,150.85714285714286,1.03
48085.0,57157.0,1.0,9.0,125.0,0.072
57157.0,95.0,5.0,104.83,5.4,52.415
95.0,22899.0,1.0,93.33,1.0,93.33
22899.0,57157.0,2.0,11.7,4.0,2.925
57157.0,45014.0,1.0,13.6,3.0,4.533333333333333
45014.0,95.0,5.0,92.54,3.6,185.08
45014.0,22899.0,1.0,7.62,10570.0,0.0007209082308420057
22899.0,31857.0,6.0,16.76,10.5,2.7933333333333334
57157.0,95317.0,3.0,26.08,7.0,5.215999999999999
95317.0,45014.0,5.0,14.32,6.2,28.64
45014.0,52173.0,4.0,46.1,4.5,15.366666666666667
45014.0,95263.0,3.0,24.6,23.333333333333332,4.92
95263.0,95.0,3.0,67.95,4.0,135.9
45014.0,34660.0,1.0,4.24,5.0,0.8480000000000001
34660.0,95263.0,1.0,20.62,0.0,41.24
95263.0,99.0,2.0,30.46,3.0,30.46
95263.0,57157.0,1.0,37.2,0.0,74.4
57157.0,31857.0,1.0,5.1,671.0,0.007600596125186289
31857.0,95.0,2.0,109.66,6.0,27.415
31857.0,5.0,2.0,70.63,908.5,0.10557548579970104
33.0,2037.0,1.0,26.3,13.0,2.023076923076923
2037.0,50942.0,2.0,57.14,15981.0,0.005358717058989028
2037.0,31646.0,1.0,29.07,13303.0,0.0021852213786363976
13.0,66317.0,1.0,74.66,378.0,0.1975132275132275
66317.0,22.0,4.0,155.34,5.75,77.67
66317.0,49.0,2.0,62.21,5.0,31.105
66317.0,20032.0,1.0,41.23,6660.0,0.00619069069069069
95.0,1739.0,1.0,71.53,4.0,17.8825
95.0,16442.0,5.0,20.55,5498.2,0.09879807692307693
16442.0,32.0,3.0,67.38,338.6666666666667,1.773157894736842
32.0,22899.0,1.0,26.39,2199.0,0.012000909504320145
22899.0,95.0,4.0,93.33,757.25,11.66625
22899.0,99.0,6.0,4.53,6.5,2.265
22899.0,33.0,2.0,60.04,5.0,12.008
33.0,22.0,1.0,24.53,0.0,49.06
22.0,99.0,1.0,64.39,6.0,10.731666666666667
33.0,120.0,1.0,88.04,5.0,17.608
120.0,16442.0,1.0,56.3,3.0,18.766666666666666
16442.0,22899.0,2.0,72.95,1004.0,145.9
99.0,16442.0,1.0,77.41,41.0,1.8880487804878048
16442.0,22.0,6.0,138.33,156.5,34.5825
95.0,5.0,1.0,39.38,2005.0,0.019640897755610974
5.0,22899.0,1.0,54.66,402.0,0.13597014925373133
120.0,44346.0,1.0,49.7,58.0,0.856896551724138
44346.0,105.0,4.0,103.99,205.5,17.331666666666667
44346.0,86606.0,1.0,32.28,10010.0,0.003224775224775225
101.0,49.0,7.0,54.17,840.4285714285714,108.34
101.0,84.0,8.0,29.03,2082.75,2.639090909090909
84.0,32.0,1.0,57.42,47.0,1.2217021276595745
32.0,101.0,1.0,86.22,8.0,10.7775
84.0,49.0,1.0,60.58,2.0,30.29
95.0,38972.0,1.0,27.76,4660.0,0.005957081545064378
38972.0,16442.0,2.0,31.06,2201.0,1.0019354838709678
16442.0,95.0,2.0,20.55,1257.5,1.580769230769231
16442.0,95695.0,1.0,46.1,2.0,23.05
95695.0,70591.0,1.0,41.4,8.0,5.175
70591.0,18751.0,1.0,18.03,2.0,9.015
18751.0,88.0,2.0,54.08,6.5,13.52
18751.0,43255.0,3.0,20.81,73.66666666666667,6.9366666666666665
43255.0,38972.0,2.0,41.4,224.0,2.3
43255.0,73025.0,1.0,35.36,10.0,3.536
73025.0,16442.0,1.0,21.47,28679.0,0.0007486314027685762
95.0,38360.0,2.0,74.64,124.0,1.1309090909090909
38360.0,32.0,2.0,125.81,6.5,62.905
38360.0,22.0,4.0,155.93,19.5,15.593
38360.0,99.0,1.0,118.27,9.0,13.14111111111111
99.0,33924.0,1.0,48.67,4.0,12.1675
33924.0,86965.0,1.0,22.67,1693.0,0.013390431187241585
86965.0,120.0,2.0,17.2,6.5,34.4
86965.0,99485.0,2.0,22.36,4.0,44.72
86965.0,31646.0,4.0,70.21,5.5,23.403333333333332
86965.0,32.0,1.0,47.39,13.0,3.6453846153846152
32.0,53605.0,4.0,25.9,13.25,2.59
32.0,31646.0,2.0,81.87,32.0,4.093500000000001
31646.0,38360.0,4.0,159.48,19.5,318.96
32.0,120.0,2.0,54.21,6.5,54.21
32.0,99.0,2.0,27.73,260.5,0.12490990990990991
32.0,95.0,1.0,87.51,11874.0,0.007369883779686711
38360.0,120.0,2.0,77.87,46.0,1.7304444444444445
38360.0,53525.0,2.0,42.54,5929.0,0.01390650539391958
53525.0,31646.0,2.0,189.5,39.0,23.6875
41376.0,120.0,4.0,58.62,158.75,1.3632558139534883
41376.0,21655.0,4.0,38.95,3246.0,0.022619047619047622
21655.0,120.0,6.0,27.48,260.3333333333333,13.74
41376.0,88.0,2.0,173.03,410.0,1.0882389937106918
41376.0,92221.0,2.0,79.31,3054.0,0.03188982710092481
92221.0,21655.0,2.0,40.36,13708.0,0.007489330116904806
21655.0,88.0,4.0,135.54,113.75,2.464363636363636
92221.0,120.0,2.0,34.38,0.5,68.76
92221.0,22899.0,1.0,45.79,2121.0,0.021588873173031587
22899.0,88.0,2.0,142.68,559.5,1.74
22899.0,22.0,1.0,68.16,2544.0,0.02679245283018868
22.0,5.0,1.0,121.22,2533.0,0.047856296881168575
5.0,92221.0,1.0,10.22,182.0,0.05615384615384616
92221.0,88.0,2.0,97.93,260.0,2.2774418604651165
41376.0,5.0,2.0,88.83,1665.0,0.7724347826086957
41376.0,22899.0,1.0,35.23,2121.0,0.01661008958038661
95.0,65544.0,1.0,27.18,417.0,0.06517985611510792
65544.0,68331.0,1.0,16.03,8230.0,0.0019477521263669504
5.0,90062.0,5.0,50.18,1842.8,100.36
90062.0,95.0,2.0,24.89,2152.0,0.11470046082949309
5.0,95.0,8.0,39.38,5.125,78.76
95.0,22.0,1.0,157.9,4.0,39.475
22.0,5.0,1.0,121.22,8.0,15.1525
95.0,84.0,1.0,76.73,1.0,76.73
84.0,5.0,1.0,58.5,2.0,29.25
95.0,94898.0,1.0,53.95,7368.0,0.007322204125950055
94898.0,92.0,2.0,111.23,1186.0,0.42780769230769233
94898.0,55506.0,1.0,39.85,6646.0,0.005996087872404454
55506.0,49.0,2.0,133.81,6.5,26.762
95.0,53460.0,1.0,28.42,1522.0,0.018672798948751644
53460.0,30962.0,5.0,112.51,531.2,5.114090909090909
30962.0,88.0,2.0,136.3,143.0,12.390909090909092
30962.0,56960.0,9.0,32.76,261.3333333333333,0.9927272727272727
56960.0,88.0,4.0,109.92,134.0,1.9985454545454546
56960.0,99.0,1.0,38.29,244.0,0.1569262295081967
99.0,30962.0,1.0,16.78,3.0,5.593333333333334
30962.0,16442.0,1.0,70.01,39875.0,0.0017557366771159876
16442.0,99.0,2.0,77.41,215.0,0.4324581005586592
16442.0,13.0,8.0,95.68,81.25,191.36
101.0,52711.0,1.0,36.58,60.0,0.6096666666666667
52711.0,84.0,2.0,23.91,2083.0,0.016861777150916784
52711.0,5.0,3.0,47.71,368.0,1.3631428571428572
5.0,95.0,1.0,39.38,0.0,78.76
95.0,52711.0,1.0,55.27,10589.0,0.005219567475682312
95.0,65544.0,1.0,27.18,419.0,0.06486873508353222
65544.0,68331.0,3.0,16.03,4810.0,0.6165384615384616
68331.0,95.0,1.0,19.3,2043.0,0.009446891825746451
95.0,95695.0,1.0,26.44,2100.0,0.012590476190476192
95695.0,88.0,1.0,26.87,0.0,53.74
88.0,68331.0,1.0,61.9,900.0,0.06877777777777777
65544.0,92.0,2.0,149.99,1462.5,1.2194308943089431
95.0,95695.0,1.0,26.44,3243.0,0.008152944804193648
95695.0,13.0,2.0,49.67,4.5,12.4175
95695.0,92.0,6.0,150.18,892.5,50.06
95695.0,5.0,6.0,64.81,6.5,64.81
95695.0,49.0,2.0,65.32,5.5,13.063999999999998
55506.0,95695.0,3.0,75.03,1010.3333333333334,0.6820909090909091
95695.0,95.0,1.0,26.44,5612.0,0.004711332858161083
95.0,55506.0,1.0,79.03,10.0,7.9030000000000005
55506.0,51259.0,1.0,13.04,3.0,4.346666666666667
51259.0,80366.0,2.0,80.21,1621.0,40.105
51259.0,95695.0,3.0,75.5,6384.0,0.06291666666666666
51259.0,20197.0,1.0,77.52,16820.0,0.004608799048751486
20197.0,21171.0,1.0,46.1,6691.0,0.006889852040053804
21171.0,92.0,4.0,111.05,62.0,27.7625
21171.0,51259.0,1.0,36.4,3.0,12.133333333333333
51259.0,49370.0,2.0,73.5,13.0,24.5
84.0,20602.0,2.0,41.03,5061.0,0.00905739514348786
20602.0,52711.0,1.0,19.42,5444.0,0.0035672299779573847
52711.0,84.0,1.0,23.91,29195.0,0.0008189758520294571
84.0,5.0,1.0,58.5,591.0,0.09898477157360407
5.0,22.0,1.0,121.22,5.0,24.244
22.0,33.0,1.0,24.53,0.0,49.06
33.0,99.0,1.0,55.62,5.0,11.123999999999999
99.0,20602.0,1.0,107.44,1880.0,0.057148936170212765
84.0,49.0,1.0,60.58,4747.0,0.012761744259532335
49.0,20602.0,1.0,20.4,571.0,0.03572679509632224
33.0,21066.0,1.0,5.91,626.0,0.009440894568690097
21066.0,33484.0,1.0,55.46,35995.0,0.0015407695513265731
59190.0,6653.0,1.0,85.09,19249.0,0.004420489376071484
6653.0,49.0,2.0,92.51,2242.0,30.83666666666667
6653.0,8873.0,1.0,51.24,47125.0,0.001087320954907162
8873.0,22.0,2.0,155.14,3.0,310.28
8873.0,32.0,2.0,96.92,3.5,48.46
8873.0,84.0,2.0,97.72,6.5,24.43
8873.0,120.0,1.0,68.19,6.0,11.365
120.0,22.0,1.0,86.98,0.0,173.96
22.0,59190.0,1.0,188.83,1520.0,0.12423026315789475
5.0,95.0,4.0,39.38,3445.5,0.1121937321937322
95.0,84.0,1.0,76.73,7919.0,0.00968935471650461
84.0,88.0,1.0,126.06,3683.0,0.03422753190333967
88.0,5.0,2.0,91.38,1737.5,0.0547513481126423
88.0,120.0,1.0,115.57,216.0,0.5350462962962963
120.0,5.0,1.0,44.14,5457.0,0.00808869342129375
95.0,88.0,3.0,53.3,1411.0,0.08514376996805112
88.0,22.0,1.0,202.54,1148.0,0.17642857142857143
22.0,95.0,1.0,157.9,5414.0,0.0291651274473587
52711.0,33673.0,4.0,11.7,203.0,0.2127272727272727
52711.0,80763.0,1.0,21.93,336.0,0.06526785714285714
80763.0,33673.0,1.0,15.81,13042.0,0.0012122373869038491
33673.0,22.0,2.0,165.99,9704.5,1.168943661971831
22.0,33.0,2.0,24.53,65.0,0.662972972972973
22.0,120.0,1.0,86.98,38.0,2.2889473684210526
120.0,5.0,1.0,44.14,10.0,4.414
5.0,22.0,1.0,121.22,44.0,2.755
33673.0,84.0,1.0,29.5,21009.0,0.0014041601218525393
84.0,96.0,1.0,264.4,304.0,0.869736842105263
96.0,66.0,1.0,64.72,0.0,129.44
66.0,22.0,1.0,210.79,36.0,5.855277777777777
22.0,80763.0,1.0,168.75,130.0,1.2980769230769231
88.0,68331.0,1.0,61.9,0.0,123.8
68331.0,95.0,4.0,19.3,2652.75,3.8600000000000003
68331.0,63749.0,2.0,47.41,1663.5,0.17690298507462685
68331.0,5.0,4.0,31.77,2306.5,10.59
95.0,49504.0,1.0,25.29,2721.0,0.009294377067254686
49504.0,16442.0,2.0,39.45,2519.0,7.890000000000001
49504.0,44331.0,1.0,49.65,5766.0,0.008610822060353797
44331.0,43826.0,7.0,112.51,53.857142857142854,112.51
43826.0,13.0,4.0,141.75,73.0,47.25
43826.0,49504.0,2.0,95.96,1922.0,23.99
43826.0,49.0,8.0,115.15,31.0,19.191666666666666
43826.0,120.0,1.0,8.61,33.0,0.26090909090909087
120.0,32.0,1.0,54.21,92.0,0.5892391304347826
32.0,54539.0,1.0,69.92,668.0,0.10467065868263473
54539.0,76794.0,1.0,41.23,2070.0,0.019917874396135266
76794.0,31646.0,1.0,112.0,160.0,0.7
31646.0,120.0,2.0,87.21,6.5,29.069999999999997
31646.0,54539.0,1.0,146.51,47.0,3.1172340425531915
54539.0,43255.0,5.0,44.01,4939.2,0.16062043795620437
95695.0,11776.0,5.0,18.11,361.0,3.018333333333333
11776.0,5.0,2.0,82.76,3.5,82.76
22.0,95.0,4.0,157.9,3600.0,0.174090407938258
95.0,5.0,2.0,39.38,8266.0,0.027751937984496124
5.0,22.0,3.0,121.22,4185.0,0.20972318339100346
22.0,99.0,2.0,64.39,2493.0,0.035205030071077094
5.0,101.0,1.0,82.63,2950.0,0.028010169491525422
101.0,49.0,1.0,54.17,455.0,0.11905494505494506
49.0,5.0,1.0,73.03,3144.0,0.023228371501272264
88.0,101.0,4.0,132.74,1145.5,0.3697493036211699
88.0,84.0,3.0,126.06,1814.6666666666667,0.07714810281517748
84.0,49.0,1.0,60.58,2109.0,0.028724513987671882
49.0,88.0,2.0,82.73,3595.5,0.026644122383252818
101.0,84.0,2.0,29.03,420.0,0.2992783505154639
84.0,105.0,1.0,182.02,2364.0,0.07699661590524536
105.0,49.0,2.0,235.59,1205.5,0.27979809976247033
49.0,101.0,2.0,54.17,1445.0,0.26043269230769234
84.0,32.0,1.0,57.42,2315.0,0.024803455723542117
32.0,49.0,1.0,104.89,229.0,0.45803493449781657
105.0,32.0,1.0,130.85,182.0,0.718956043956044
32.0,88.0,3.0,140.16,7178.333333333333,0.05590745911447945
88.0,22.0,1.0,202.54,9297.0,0.021785522211466065
88.0,101.0,2.0,132.74,1895.5,0.17127741935483873
88.0,95.0,1.0,53.3,1816.0,0.02935022026431718
95.0,101.0,3.0,90.35,1488.0,0.478042328042328
101.0,22.0,2.0,174.47,1257.5,0.43185643564356435
101.0,5.0,2.0,82.63,931.5,0.109734395750332
22.0,78694.0,1.0,57.8,403.0,0.143424317617866
78694.0,2037.0,2.0,30.59,12435.5,0.0070257234726688106
2037.0,5.0,2.0,89.18,1669.5,0.9193814432989691
2037.0,10197.0,4.0,6.71,605.5,0.21645161290322582
2037.0,22.0,1.0,35.05,5494.0,0.00637968693119767
22.0,10197.0,1.0,31.02,396.0,0.07833333333333334
10197.0,78694.0,1.0,29.55,919.0,0.03215451577801959
78694.0,5.0,3.0,64.02,48.666666666666664,21.34
78694.0,32.0,1.0,45.03,7.0,6.432857142857143
32.0,5.0,1.0,48.84,3.0,16.28
5.0,95.0,2.0,39.38,157.0,78.76
95.0,78694.0,2.0,100.09,3.0,33.36333333333334
95.0,5.0,3.0,39.38,8465.333333333334,0.015714285714285715
95.0,40516.0,1.0,79.58,0.0,159.16
40516.0,5.0,1.0,43.97,3012.0,0.014598273572377158
95.0,11061.0,1.0,30.63,5.0,6.1259999999999994
11061.0,88.0,1.0,75.65,13.0,5.81923076923077
88.0,16442.0,1.0,72.81,88.0,0.8273863636363636
16442.0,11061.0,7.0,17.12,33.857142857142854,17.12
11061.0,80366.0,7.0,21.1,27.285714285714285,21.1
80366.0,22.0,2.0,148.58,37.0,74.29
80366.0,33.0,1.0,144.43,18.0,8.023888888888889
33.0,32.0,2.0,74.92,6.5,12.486666666666666
33.0,120.0,1.0,88.04,21961.0,0.004008924912344611
120.0,27828.0,1.0,64.35,216.0,0.29791666666666666
27828.0,35269.0,5.0,82.07,2.4,41.035
35269.0,32.0,6.0,33.94,3.0,33.94
32.0,27828.0,2.0,62.58,4.0,20.86
35269.0,84.0,5.0,90.46,3.4,45.23
35269.0,33.0,3.0,52.33,2.0,104.66
84.0,33.0,1.0,130.17,1.0,130.17
35269.0,52173.0,1.0,54.82,107.0,0.5123364485981309
52173.0,16442.0,1.0,26.08,5493.0,0.004747860913890406
16442.0,22.0,3.0,138.33,6.666666666666667,23.055000000000003
16442.0,120.0,1.0,56.3,5.0,11.26
120.0,22.0,1.0,86.98,0.0,173.96
16442.0,33.0,2.0,132.97,6.0,33.2425
16442.0,32.0,5.0,67.38,170.4,6.125454545454545
95.0,22.0,7.0,157.9,1904.142857142857,2.770175438596491
22.0,5.0,3.0,121.22,137.33333333333334,15.1525
5.0,49.0,1.0,73.03,32.0,2.2821875
49.0,22.0,2.0,190.46,2245.0,0.1189631480324797
22.0,88.0,2.0,202.54,91.0,202.54
88.0,120.0,1.0,115.57,2.0,57.785
120.0,95.0,1.0,73.6,7.0,10.514285714285714
95.0,5.0,5.0,39.38,52.6,78.76
5.0,13.0,1.0,114.24,3.0,38.08
13.0,88.0,2.0,22.87,1.0,22.87
88.0,5.0,1.0,91.38,9.0,10.153333333333332
95.0,13.0,1.0,76.05,2.0,38.025
95.0,84.0,1.0,76.73,120.0,0.6394166666666667
84.0,32.0,1.0,57.42,34.0,1.6888235294117648
32.0,5.0,2.0,48.84,13.0,4.07
32.0,120.0,2.0,54.21,468.5,0.1627927927927928
32.0,22.0,1.0,88.88,204.0,0.4356862745098039
22.0,33.0,2.0,24.53,97.5,12.265
22.0,120.0,1.0,86.98,195.0,0.4460512820512821
120.0,5.0,1.0,44.14,410.0,0.10765853658536585
95.0,49.0,1.0,55.08,122.0,0.45147540983606554
49.0,92.0,2.0,211.31,397.0,0.5404347826086957
95.0,5.0,5.0,39.38,1614.2,0.23301775147928996
95.0,88.0,5.0,53.3,688.8,26.65
95.0,49.0,6.0,55.08,1350.5,6.885
49.0,88.0,2.0,82.73,5934.5,0.04596111111111111
5.0,88.0,1.0,91.38,2.0,45.69
43007.0,22.0,3.0,130.36,100.0,26.072000000000003
22.0,95.0,2.0,157.9,8.5,19.7375
95.0,32.0,1.0,87.51,0.0,175.02
32.0,43007.0,3.0,43.81,13.0,87.62
22.0,33.0,2.0,24.53,6.5,24.53
43007.0,84.0,2.0,29.07,9281.5,0.015833333333333335
84.0,22.0,5.0,146.05,179.6,73.025
95.0,43007.0,1.0,54.22,13903.0,0.00389987772423218
95.0,22.0,5.0,157.9,4164.8,1.6447916666666667
95.0,32.0,2.0,87.51,20188.5,0.5682467532467533
32.0,22.0,1.0,88.88,5747.0,0.015465460240125283
95.0,120.0,2.0,73.6,924.0,0.16428571428571428
120.0,31646.0,3.0,87.21,625.3333333333334,87.21
31646.0,96.0,2.0,148.09,182.5,0.9372784810126582
31646.0,19.0,1.0,117.58,542.0,0.21693726937269373
19.0,66.0,1.0,94.12,215.0,0.4377674418604651
66.0,31646.0,1.0,210.11,1196.0,0.17567725752508362
31646.0,99.0,2.0,59.51,937.0,0.4408148148148148
99.0,120.0,2.0,40.56,6.5,6.760000000000001
95.0,22.0,2.0,157.9,9150.0,0.19047044632086851
22.0,5.0,2.0,121.22,1920.0,0.1683611111111111
5.0,95.0,4.0,39.38,2307.5,0.3006106870229008
95.0,84.0,2.0,76.73,2733.5,0.04083555082490687
88.0,101.0,3.0,132.74,2353.0,0.36267759562841534
101.0,99.0,3.0,113.35,8186.666666666667,0.045632045088566824
99.0,88.0,3.0,147.2,1451.6666666666667,0.37171717171717167
88.0,105.0,2.0,260.65,566.5,0.6205952380952381
88.0,22.0,1.0,202.54,15996.0,0.012661915478869717
88.0,51259.0,1.0,77.14,10611.0,0.007269814343605692
51259.0,95.0,2.0,83.71,4408.5,1.2310294117647058
51259.0,49.0,3.0,137.43,17.666666666666668,45.81
51259.0,97081.0,3.0,78.77,863.6666666666666,19.6925
97081.0,53460.0,5.0,25.18,527.8,12.59
53460.0,38972.0,6.0,50.54,4.666666666666667,16.846666666666668
53460.0,51259.0,3.0,73.16,4.0,36.58
38972.0,92.0,1.0,183.61,4.0,45.9025
92.0,13.0,1.0,154.36,2.0,77.18
13.0,38972.0,5.0,93.39,5.8,31.13
53460.0,49.0,6.0,68.12,4.5,22.706666666666667
49.0,40173.0,1.0,97.37,4.0,24.3425
40173.0,53460.0,1.0,43.46,6.0,7.243333333333333
51259.0,16442.0,8.0,87.73,306.5,29.243333333333336
97081.0,84.0,2.0,81.44,25.5,81.44
97081.0,78744.0,1.0,52.24,24873.0,0.0021002693683914286
78744.0,22.0,3.0,126.96,2.6666666666666665,253.92
78744.0,92.0,1.0,181.36,145.0,1.2507586206896553
92.0,97081.0,5.0,151.94,51.0,6.3308333333333335
53460.0,78744.0,4.0,77.03,4.0,77.03
53460.0,13.0,1.0,48.0,1.0,48.0
13.0,22.0,1.0,223.94,3.0,74.64666666666666
78744.0,73336.0,7.0,18.25,30.285714285714285,18.25
73336.0,84.0,2.0,52.49,12.5,5.832222222222223
73336.0,22.0,5.0,110.47,4.0,36.82333333333333
73336.0,13.0,6.0,129.58,2.1666666666666665,259.16
73336.0,33.0,1.0,101.85,3.0,33.949999999999996
33.0,22.0,2.0,24.53,0.0,49.06
22.0,120.0,1.0,86.98,1.0,86.98
120.0,73336.0,2.0,42.86,6.0,7.1433333333333335
33.0,120.0,1.0,88.04,1.0,88.04
73336.0,16442.0,1.0,33.96,2041.0,0.016638902498775112
5.0,96135.0,1.0,22.88,3515.0,0.006509246088193457
96135.0,95.0,2.0,59.74,13821.0,14.935
96135.0,40516.0,3.0,21.1,2725.6666666666665,0.1715447154471545
40516.0,88.0,4.0,126.02,174.5,7.001111111111111
96135.0,88.0,2.0,108.72,6.5,36.24
40516.0,95.0,1.0,79.58,3125.0,0.025465599999999998
5.0,49.0,5.0,73.03,6180.2,0.04508024691358025
49.0,95.0,3.0,55.08,1216.6666666666667,13.77
95.0,5.0,6.0,39.38,4059.0,0.09771712158808933
95.0,92.0,1.0,156.67,3755.0,0.04172303595206391
92.0,49.0,4.0,211.31,2602.75,105.655
92.0,5.0,1.0,160.5,9.0,17.833333333333332
99.0,22.0,1.0,64.39,16740.0,0.0038464755077658305
22.0,95.0,2.0,157.9,6892.5,0.0923391812865497
22.0,5.0,3.0,121.22,5938.333333333333,0.057233238904627004
22.0,49.0,1.0,190.46,303.0,0.6285808580858087
49.0,32.0,1.0,104.89,6655.0,0.015761081893313298
32.0,101.0,1.0,86.22,581.0,0.14839931153184166
101.0,95.0,1.0,90.35,176.0,0.5133522727272727
95.0,5.0,2.0,39.38,3150.0,0.02700960219478738
95.0,32.0,1.0,87.51,4346.0,0.02013575701794754
32.0,5.0,1.0,48.84,7968.0,0.006129518072289157
88.0,22.0,4.0,202.54,5460.75,1.7460344827586207
22.0,95.0,3.0,157.9,2032.6666666666667,0.15095602294455068
95.0,88.0,2.0,53.3,2414.5,0.10554455445544554
88.0,101.0,1.0,132.74,1047.0,0.12678127984718243
101.0,95.0,1.0,90.35,408.0,0.22144607843137254
22.0,49.0,1.0,190.46,2256.0,0.08442375886524824
49.0,95.0,1.0,55.08,4196.0,0.013126787416587226
95.0,5.0,1.0,39.38,1549.0,0.02542285345384119
5.0,22.0,2.0,121.22,9737.5,0.043432461483339305
52711.0,5.0,1.0,47.71,32.0,1.4909375
5.0,95.0,1.0,39.38,1.0,39.38
49.0,5.0,1.0,73.03,10239.0,0.007132532473874402
5.0,95.0,5.0,39.38,1632.4,0.05401920438957476
95.0,101.0,3.0,90.35,2718.3333333333335,0.047106360792492176
95.0,49.0,1.0,55.08,544.0,0.10124999999999999
49.0,22.0,1.0,190.46,138.0,1.3801449275362319
22.0,88.0,2.0,202.54,167.5,1.212814371257485
88.0,101.0,1.0,132.74,500.0,0.26548
101.0,5.0,2.0,82.63,2908.5,0.05966064981949458
101.0,22.0,1.0,174.47,1235.0,0.14127125506072874
88.0,32.0,1.0,140.16,2457.0,0.057045177045177045
32.0,120.0,1.0,54.21,375.0,0.14456
120.0,101.0,1.0,122.42,1417.0,0.08639378969654199
95.0,84.0,2.0,76.73,409.5,0.19327455919395467
95.0,5.0,1.0,39.38,1.0,39.38
5.0,37992.0,1.0,38.99,6.0,6.498333333333334
37992.0,95.0,4.0,75.1,6.5,75.1
37992.0,32.0,1.0,17.2,3094.0,0.005559146735617324
32.0,22899.0,2.0,26.39,38.5,2.0300000000000002
22899.0,95.0,3.0,93.33,2591.0,0.37633064516129033
95.0,32.0,2.0,87.51,6613.5,0.10817058096415329
22899.0,37992.0,1.0,40.31,547.0,0.0736928702010969
37992.0,22.0,2.0,105.7,6.5,21.14
37992.0,84.0,1.0,41.67,3268.0,0.012750917992656059
84.0,32.0,1.0,57.42,3458.0,0.016604973973395026
95.0,49.0,1.0,55.08,786.0,0.07007633587786259
49.0,37992.0,1.0,87.9,655.0,0.13419847328244275
37992.0,120.0,1.0,58.75,2320.0,0.025323275862068964
120.0,22.0,1.0,86.98,0.0,173.96
22.0,99.0,1.0,64.39,5.0,12.878
99.0,22899.0,3.0,4.53,386.3333333333333,9.06
22899.0,120.0,2.0,36.95,5.0,7.390000000000001
120.0,99.0,2.0,40.56,5.0,8.112
101.0,5.0,1.0,82.63,17726.0,0.004661514159990974
5.0,22.0,1.0,121.22,7724.0,0.015693940963231488
22.0,95.0,2.0,157.9,1517.5,2.722413793103448
22.0,101.0,1.0,174.47,4141.0,0.04213233518473799
101.0,95.0,2.0,90.35,633.0,4.755263157894737
101.0,99.0,1.0,113.35,2135.0,0.05309133489461358
99.0,95.0,1.0,97.82,225.0,0.4347555555555555
95.0,5.0,1.0,39.38,1314.0,0.02996955859969559
49.0,32.0,1.0,104.89,23305.0,0.004500750911821497
32.0,95.0,1.0,87.51,1081.0,0.08095282146160962
95.0,101.0,2.0,90.35,859.0,0.20722477064220182
95.0,84.0,1.0,76.73,564.0,0.13604609929078015
84.0,22.0,1.0,146.05,2643.0,0.05525917517972002
22.0,95.0,2.0,157.9,1471.0,0.14148745519713263
22.0,5.0,1.0,121.22,8340.0,0.014534772182254196
5.0,95.0,2.0,39.38,3221.5,0.05127604166666667
5.0,101.0,2.0,82.63,2401.5,0.039783341357727486
88.0,5.0,1.0,91.38,14057.0,0.006500675819876218
5.0,101.0,3.0,82.63,2133.0,0.11638028169014084
101.0,95.0,1.0,90.35,5538.0,0.01631455399061033
95.0,5.0,2.0,39.38,4198.0,0.010357706470278802
5.0,22.0,1.0,121.22,839.0,0.14448152562574493
22.0,95.0,4.0,157.9,2008.0,1.462037037037037
95.0,105.0,1.0,212.35,1927.0,0.11019719771665802
105.0,5.0,1.0,173.49,3163.0,0.05484982611444831
101.0,84.0,3.0,29.03,6955.666666666667,0.017362440191387562
84.0,22.0,1.0,146.05,2532.0,0.05768167456556082
22.0,101.0,1.0,174.47,12148.0,0.01436203490286467
84.0,49.0,2.0,60.58,2310.5,0.12542443064182193
84.0,95.0,2.0,76.73,2894.5,0.046084084084084084
84.0,5.0,8.0,58.5,65.0,19.5
5.0,120.0,3.0,44.14,15.333333333333334,6.305714285714286
5.0,31646.0,7.0,117.96,50.714285714285715,29.49
31646.0,120.0,1.0,87.21,14.0,6.229285714285714
5.0,88.0,2.0,91.38,71.5,2.538333333333333
84.0,101.0,4.0,29.03,6.5,7.2575
2037.0,33.0,2.0,26.3,1096.0,0.1060483870967742
2037.0,31646.0,3.0,29.07,2439.6666666666665,29.07
31646.0,105.0,4.0,59.57,836.25,14.8925
2037.0,105.0,2.0,85.44,19.0,10.68
31646.0,120.0,2.0,87.21,6.5,174.42
84.0,101.0,3.0,29.03,3259.3333333333335,0.22858267716535435
101.0,105.0,2.0,207.37,383.5,0.8228968253968254
101.0,5.0,1.0,82.63,409.0,0.2020293398533007
5.0,22.0,1.0,121.22,291.0,0.4165635738831615
22.0,95.0,1.0,157.9,2665.0,0.05924953095684803
95.0,101.0,4.0,90.35,1949.5,0.2352864583333333
95.0,32.0,1.0,87.51,1861.0,0.047023105857066094
58352.0,63749.0,2.0,27.07,30.5,9.023333333333333
58352.0,95305.0,1.0,42.58,330.0,0.12903030303030302
95305.0,95.0,2.0,22.48,4.0,11.24
95305.0,38972.0,5.0,45.79,5.4,45.79
38972.0,58352.0,2.0,82.76,19.5,27.58666666666667
38972.0,16442.0,1.0,31.06,7082.0,0.004385766732561423
16442.0,58352.0,6.0,84.17,983.6666666666666,42.085
58352.0,88.0,2.0,11.37,3786.0,0.026441860465116276
58352.0,13.0,1.0,11.52,8747.0,0.001317022979307191
13.0,5.0,2.0,114.24,994.0,10.385454545454545
5.0,58352.0,1.0,102.73,2.0,51.365
16442.0,13.0,6.0,95.68,47.5,95.68
16442.0,22.0,2.0,138.33,13.0,23.055000000000003
16442.0,33.0,1.0,132.97,71.0,1.8728169014084506
33.0,22.0,6.0,24.53,6.833333333333333,24.53
22.0,32.0,2.0,88.88,64.5,1.5324137931034483
32.0,33.0,1.0,74.92,6.0,12.486666666666666
32.0,120.0,1.0,54.21,72.0,0.7529166666666667
120.0,33.0,1.0,88.04,115.0,0.7655652173913045
33.0,13.0,1.0,223.7,5282.0,0.04235138205225293
5.0,38972.0,1.0,42.56,5.0,8.512
38972.0,13.0,1.0,93.39,27.0,3.458888888888889
95.0,88.0,4.0,53.3,1900.5,0.6580246913580247
95.0,5.0,2.0,39.38,2194.0,0.035192135835567476
95.0,49.0,1.0,55.08,6969.0,0.00790357296599225
31646.0,66.0,1.0,210.11,52.0,4.040576923076923
66.0,88.0,1.0,412.31,14252.0,0.028929974740387315
88.0,31646.0,1.0,202.23,473.0,0.42754756871035937
31646.0,120.0,4.0,87.21,1401.25,12.458571428571428
120.0,5.0,2.0,44.14,127.5,88.28
5.0,31646.0,7.0,117.96,29.0,29.49
5.0,95.0,3.0,39.38,9.0,78.76
95.0,84.0,1.0,76.73,3.0,25.576666666666668
84.0,22.0,2.0,146.05,32.5,73.025
22.0,95.0,2.0,157.9,8.0,19.7375
5.0,22.0,2.0,121.22,5.0,24.244
84.0,5.0,1.0,58.5,115.0,0.508695652173913
5.0,99.0,5.0,59.06,104.4,14.765
99.0,31646.0,5.0,59.51,17.4,11.902
95.0,22.0,4.0,157.9,2578.5,0.39573934837092734
95.0,88.0,3.0,53.3,617.0,17.766666666666666
88.0,22.0,1.0,202.54,2.0,101.27
95.0,49.0,4.0,55.08,2022.25,0.09304054054054053
22.0,33.0,2.0,24.53,98.0,24.53
22.0,5.0,1.0,121.22,399.0,0.3038095238095238
5.0,95.0,3.0,39.38,603.6666666666666,39.38
95.0,92.0,2.0,156.67,201.5,0.779452736318408
88.0,95695.0,1.0,26.87,235.0,0.1143404255319149
95695.0,49.0,2.0,65.32,5.0,13.063999999999998
95695.0,92.0,2.0,150.18,6.5,25.03
95695.0,13.0,4.0,49.67,12.5,9.934000000000001
95695.0,95.0,1.0,26.44,4101.0,0.006447207998049257
99.0,5.0,1.0,59.06,7385.0,0.007997291807718349
5.0,22.0,2.0,121.22,247.0,0.5270434782608696
5.0,88.0,3.0,91.38,2028.0,0.057652996845425866
88.0,101.0,3.0,132.74,1377.0,1.276346153846154
101.0,32.0,1.0,86.22,656.0,0.1314329268292683
32.0,95.0,3.0,87.51,1481.0,0.07137846655791191
95.0,88.0,2.0,53.3,1109.5,0.048631386861313866
88.0,32.0,2.0,140.16,425.0,0.3631088082901554
95.0,5.0,2.0,39.38,5637.5,0.010017807173747138
99.0,95.0,1.0,97.82,9807.0,0.00997450800448659
95.0,5.0,2.0,39.38,201.5,0.23301775147928996
5.0,105.0,3.0,173.49,989.0,0.6354945054945055
5.0,88.0,1.0,91.38,3570.0,0.025596638655462182
88.0,22.0,2.0,202.54,1783.0,0.23606060606060605
22.0,95.0,4.0,157.9,2061.0,0.8267015706806283
95.0,105.0,1.0,212.35,1499.0,0.14166110740493662
5.0,22.0,2.0,121.22,2373.5,0.2429258517034068
88.0,95.0,1.0,53.3,1208.0,0.04412251655629139
99.0,95.0,2.0,97.82,1774.5,0.15260530421216847
95.0,22.0,1.0,157.9,3493.0,0.04520469510449471
22.0,88.0,2.0,202.54,5117.0,0.05500814774579033
88.0,5.0,1.0,91.38,1560.0,0.058576923076923075
5.0,22.0,2.0,121.22,2629.0,0.0658804347826087
22.0,84.0,1.0,146.05,1535.0,0.09514657980456027
84.0,95.0,1.0,76.73,22.0,3.487727272727273
95.0,88.0,1.0,53.3,2490.0,0.02140562248995984
88.0,105.0,1.0,260.65,485.0,0.5374226804123711
105.0,32.0,1.0,130.85,2035.0,0.06429975429975429
32.0,22.0,1.0,88.88,2063.0,0.04308288899660688
22.0,99.0,1.0,64.39,1086.0,0.05929097605893186
95.0,101.0,1.0,90.35,320.0,0.28234375
101.0,5.0,1.0,82.63,214.0,0.38612149532710277
5.0,32.0,1.0,48.84,4840.0,0.010090909090909091
32.0,88.0,1.0,140.16,4274.0,0.03279363593823116
5.0,95.0,1.0,39.38,7238.0,0.005440729483282675
95.0,31646.0,3.0,155.73,7252.0,31.145999999999997
31646.0,32.0,2.0,81.87,3396.5,4.548333333333334
31646.0,5.0,3.0,117.96,20.0,23.592
5.0,32.0,7.0,48.84,7.285714285714286,48.84
95.0,5.0,2.0,39.38,5751.0,0.017827071072883657
5.0,88.0,2.0,91.38,2107.5,0.6870676691729323
95.0,101.0,3.0,90.35,2133.3333333333335,0.8288990825688073
95.0,49.0,2.0,55.08,2448.0,0.08040875912408758
101.0,88.0,1.0,132.74,1260.0,0.10534920634920636
88.0,22.0,3.0,202.54,4587.0,0.2437304452466907
22.0,5.0,2.0,121.22,1732.0,0.126008316008316
22.0,84.0,2.0,146.05,3019.5,0.08150111607142858
22.0,120.0,1.0,86.98,1294.0,0.06721792890262751
120.0,101.0,1.0,122.42,4841.0,0.025288163602561455
101.0,95.0,1.0,90.35,488.0,0.18514344262295082
95.0,88.0,1.0,53.3,11523.0,0.004625531545604443
88.0,66.0,1.0,412.31,286.0,1.4416433566433566
66.0,5.0,1.0,325.65,18.0,18.091666666666665
5.0,120.0,1.0,44.14,19.0,2.323157894736842
120.0,95.0,1.0,73.6,12.0,6.133333333333333
95.0,32.0,1.0,87.51,1.0,87.51
32.0,13.0,1.0,163.03,19.0,8.580526315789474
13.0,5.0,1.0,114.24,7.0,16.32
5.0,49.0,3.0,73.03,12.0,8.114444444444445
49.0,95.0,1.0,55.08,3.0,18.36
95.0,5.0,5.0,39.38,5.4,78.76
95.0,22.0,2.0,157.9,6.0,26.316666666666666
22.0,5.0,1.0,121.22,7.0,17.31714285714286
22.0,33.0,1.0,24.53,0.0,49.06
33.0,66.0,1.0,211.28,23.0,9.18608695652174
101.0,99.0,1.0,113.35,809.0,0.14011124845488257
99.0,22.0,1.0,64.39,242.0,0.2660743801652893
22.0,95.0,1.0,157.9,3823.0,0.04130264190426367
95.0,101.0,2.0,90.35,2243.5,0.04718015665796344
95.0,5.0,2.0,39.38,5534.5,0.024551122194513716
5.0,22.0,2.0,121.22,3228.0,0.10281594571670907
22.0,95.0,1.0,157.9,373.0,0.42332439678284184
95.0,101.0,3.0,90.35,2133.6666666666665,0.6023333333333333
101.0,22.0,1.0,174.47,2965.0,0.058843170320404724
22.0,5.0,2.0,121.22,3147.0,0.0808672448298866
5.0,95.0,2.0,39.38,435.5,1.0363157894736843
5.0,101.0,2.0,82.63,4212.0,0.03245483110761979
88.0,22.0,2.0,202.54,1218.5,0.5737677053824363
22.0,5.0,2.0,121.22,508.0,1.3933333333333333
22.0,95.0,3.0,157.9,1243.6666666666667,0.19987341772151898
95.0,101.0,2.0,90.35,1868.5,0.11856955380577427
95.0,88.0,1.0,53.3,966.0,0.055175983436852996
5.0,120.0,1.0,44.14,10106.0,0.004367702355036612
120.0,22.0,3.0,86.98,1695.6666666666667,0.08985537190082644
120.0,99.0,2.0,40.56,2831.0,0.019594202898550725
66.0,22.0,1.0,210.79,209.0,1.0085645933014353
22.0,33.0,1.0,24.53,2.0,12.265
33.0,120.0,1.0,88.04,7.0,12.577142857142858
120.0,22.0,1.0,86.98,409.0,0.21266503667481665
22.0,96.0,1.0,150.17,389.0,0.38604113110539845
96.0,66.0,4.0,64.72,403.5,129.44
96.0,5.0,1.0,261.85,611.0,0.4285597381342063
5.0,95.0,1.0,39.38,2200.0,0.017900000000000003
5.0,95.0,7.0,39.38,2062.714285714286,0.5877611940298508
95.0,22.0,6.0,157.9,1210.8333333333333,0.27750439367311075
95.0,32.0,1.0,87.51,443.0,0.19753950338600454
32.0,22.0,1.0,88.88,850.0,0.10456470588235293
22.0,84.0,1.0,146.05,990.0,0.14752525252525253
84.0,95.0,1.0,76.73,4304.0,0.017827602230483273
105.0,33.0,1.0,59.19,11656.0,0.0050780713795470145
33.0,22.0,1.0,24.53,196.0,0.1251530612244898
22.0,96.0,1.0,150.17,15.0,10.011333333333333
96.0,66.0,1.0,64.72,1.0,64.72
33.0,105.0,1.0,59.19,8.0,7.39875
105.0,16442.0,1.0,191.95,195.0,0.9843589743589743
16442.0,13.0,2.0,95.68,3601.0,4.34909090909091
16442.0,84.0,1.0,65.56,3997.0,0.01640230172629472
84.0,99.0,1.0,84.36,1911.0,0.044144427001569855
99.0,5.0,1.0,59.06,1968.0,0.030010162601626016
5.0,16442.0,1.0,18.86,26.0,0.7253846153846154
16442.0,33.0,1.0,132.97,18.0,7.387222222222222
33.0,66.0,1.0,211.28,236.0,0.8952542372881356
95.0,66.0,1.0,364.53,145.0,2.514
66.0,22.0,1.0,210.79,33.0,6.387575757575758
22.0,120.0,3.0,86.98,6.666666666666667,14.496666666666668
120.0,88.0,1.0,115.57,17.0,6.798235294117647
88.0,13.0,6.0,22.87,12.833333333333334,11.435
5.0,95.0,3.0,39.38,56.666666666666664,78.76
95.0,84.0,7.0,76.73,6.285714285714286,15.346
84.0,88.0,1.0,126.06,440.0,0.28650000000000003
88.0,5.0,1.0,91.38,10.0,9.138
33.0,2037.0,1.0,26.3,1.0,26.3
2037.0,5.0,2.0,89.18,4.0,22.295
16442.0,84.0,2.0,65.56,19.5,21.853333333333335
16442.0,99.0,4.0,77.41,13.25,19.3525
80285.0,12747.0,3.0,18.36,4.333333333333333,36.72
12747.0,22.0,2.0,188.24,6.5,188.24
12747.0,5352.0,1.0,94.34,26981.0,0.003496534598421111
5352.0,92.0,2.0,143.03,45.5,17.87875
5352.0,31646.0,2.0,92.96,8221.0,0.04432999523128278
31646.0,105.0,5.0,59.57,103.0,11.914
105.0,5352.0,1.0,151.19,30.0,5.039666666666666
5352.0,35872.0,5.0,41.18,5.6,41.18
35872.0,84.0,2.0,61.7,36.0,30.85
35872.0,70325.0,1.0,47.17,3.0,15.723333333333334
70325.0,105.0,2.0,139.2,18.0,46.4
70325.0,5352.0,1.0,22.83,5055.0,0.004516320474777448
31646.0,120.0,2.0,87.21,5.5,21.8025
31646.0,55314.0,3.0,83.49,4.333333333333333,41.745
55314.0,99.0,2.0,29.29,6.5,7.3225
55314.0,5352.0,1.0,10.2,522.0,0.01954022988505747
5352.0,32.0,3.0,46.01,8.666666666666666,92.02
32.0,12747.0,3.0,122.91,378.3333333333333,9.454615384615384
12747.0,92.0,6.0,151.53,6.833333333333333,303.06
41941.0,16442.0,1.0,78.64,5151.0,0.015266938458551737
16442.0,88.0,7.0,72.81,36.285714285714285,72.81
88.0,84.0,4.0,126.06,8.0,15.7575
84.0,16442.0,4.0,65.56,3.25,65.56
88.0,48701.0,7.0,98.89,1.5714285714285714,197.78
48701.0,84.0,4.0,70.04,5.0,17.51
48701.0,5.0,1.0,15.6,37010.0,0.00042150770062145365
5.0,65029.0,1.0,32.64,1.0,32.64
65029.0,4716.0,1.0,18.03,27052.0,0.0006664941593967175
4716.0,74985.0,1.0,6.32,23631.0,0.00026744530489611107
5.0,55554.0,1.0,29.56,1.0,29.56
55554.0,49.0,6.0,102.08,3.5,204.16
55554.0,33.0,4.0,88.06,3.25,176.12
55554.0,94234.0,1.0,40.82,1.0,40.82
94234.0,13.0,2.0,96.25,7.5,13.75
94234.0,33244.0,1.0,34.06,6677.0,0.005101093305376667
33244.0,84.0,2.0,57.53,11.5,19.176666666666666
33244.0,13.0,2.0,129.64,3.5,43.21333333333333
33244.0,105.0,2.0,158.08,5.0,52.693333333333335
33244.0,33.0,2.0,99.44,0.5,198.88
33244.0,33938.0,4.0,51.66,887.5,25.83
33938.0,33.0,2.0,150.68,2.0,150.68
33244.0,95108.0,7.0,42.95,1.7142857142857142,42.95
95.0,94371.0,1.0,7.2,91.0,0.07912087912087912
94371.0,61345.0,1.0,71.56,17.0,4.209411764705883
61345.0,37794.0,1.0,30.81,2205.0,0.013972789115646258
37794.0,49.0,8.0,91.14,4.25,91.14
95.0,95695.0,3.0,26.44,6106.666666666667,26.44
95695.0,92.0,3.0,150.18,221.0,21.454285714285714
92.0,20197.0,5.0,150.05,15.8,37.5125
20197.0,5.0,3.0,88.83,0.6666666666666666,177.66
5.0,99.0,2.0,59.06,6.5,19.686666666666667
20197.0,95695.0,2.0,24.19,9434.0,0.007559375
95695.0,5.0,1.0,64.81,0.0,129.62
22.0,87997.0,1.0,64.51,496.0,0.13006048387096775
87997.0,105.0,2.0,113.13,26.0,5.954210526315789
32.0,90874.0,1.0,34.36,133.0,0.25834586466165416
90874.0,22.0,2.0,98.12,13.0,10.902222222222223
90874.0,62761.0,1.0,12.17,11597.0,0.0010494093299991377
62761.0,64136.0,3.0,35.51,22.666666666666668,35.51
64136.0,45783.0,2.0,106.04,6.5,106.04
64136.0,95.0,2.0,25.17,2022.0,12.585
64136.0,83453.0,1.0,62.24,2456.0,0.025342019543973943
83453.0,96011.0,1.0,19.24,93.0,0.2068817204301075
96011.0,34526.0,3.0,82.76,4.333333333333333,41.38
34526.0,64136.0,1.0,7.07,3.0,2.356666666666667
64136.0,48638.0,1.0,10.0,0.0,20.0
48638.0,36148.0,1.0,62.59,6.0,10.431666666666667
36148.0,88.0,6.0,129.56,8.666666666666666,259.12
36148.0,96011.0,1.0,42.3,11094.0,0.003812871822606814
33.0,50942.0,1.0,31.45,143.0,0.21993006993006992
50942.0,31646.0,3.0,30.36,10982.666666666666,0.11632183908045977
31646.0,96.0,2.0,148.09,727.0,6.170416666666667
31646.0,99.0,6.0,59.51,23.5,9.918333333333333
50942.0,99.0,2.0,87.01,13.0,12.430000000000001
5.0,37114.0,2.0,7.42,410.0,0.14549019607843136
5.0,86382.0,2.0,28.26,3046.0,0.017520148791072537
86382.0,37114.0,2.0,26.4,163.0,0.34736842105263155
86382.0,95.0,2.0,67.12,227.5,0.49718518518518523
86382.0,92221.0,8.0,19.7,183.625,3.94
5.0,120.0,4.0,44.14,348.0,0.9595652173913044
120.0,92221.0,2.0,34.38,432.0,1.3223076923076924
92221.0,5.0,7.0,10.22,282.85714285714283,10.22
5.0,88.0,3.0,91.38,226.66666666666666,0.6922727272727273
88.0,120.0,2.0,115.57,4.0,38.52333333333333
120.0,22899.0,4.0,36.95,208.25,36.95
22899.0,5.0,1.0,54.66,2630.0,0.020783269961977185
22899.0,92221.0,1.0,45.79,79.0,0.5796202531645569
92221.0,88.0,3.0,97.93,603.6666666666666,97.93
5.0,32.0,3.0,48.84,2776.0,4.44
32.0,92221.0,3.0,43.94,2544.3333333333335,43.94
92221.0,22.0,1.0,111.48,12787.0,0.008718229451786972
22.0,5.0,1.0,121.22,7.0,17.31714285714286
92221.0,95.0,1.0,47.54,2136.0,0.022256554307116105
95.0,32.0,1.0,87.51,1743.0,0.050206540447504305
22.0,22626.0,1.0,21.71,248.0,0.08754032258064516
22626.0,94417.0,7.0,7.07,84.85714285714286,7.07
94417.0,49714.0,7.0,22.14,5.571428571428571,22.14
49714.0,64219.0,1.0,60.84,4831.0,0.01259366590767957
95.0,16442.0,1.0,20.55,23293.0,0.0008822392993603228
16442.0,22.0,2.0,138.33,6.5,34.5825
16442.0,38972.0,2.0,31.06,11417.0,0.0069361322018758375
38972.0,22.0,2.0,162.73,436.0,0.39306763285024154
95.0,30962.0,1.0,89.66,7864.0,0.011401322482197355
30962.0,16442.0,1.0,70.01,10284.0,0.006807662388175807
16442.0,33.0,1.0,132.97,158.0,0.8415822784810126
33.0,30962.0,1.0,65.3,1.0,65.3
30962.0,43255.0,1.0,101.24,6126.0,0.01652628142344107
43255.0,13.0,4.0,60.17,5.0,20.05666666666667
43255.0,38972.0,6.0,41.4,1.5,41.4
43255.0,8224.0,1.0,51.31,10.0,5.131
8224.0,38972.0,2.0,53.94,1.5,53.94
8224.0,88.0,4.0,86.81,393.5,173.62
8224.0,56960.0,3.0,25.02,20.333333333333332,8.34
56960.0,30962.0,2.0,32.76,1610.0,10.92
56960.0,22.0,5.0,100.36,383.8,50.18
56960.0,16442.0,2.0,39.12,19117.0,0.5358904109589041
56960.0,32.0,4.0,33.62,1.0,33.62
56960.0,120.0,5.0,30.15,16.4,60.3
22.0,120.0,1.0,86.98,6.0,14.496666666666668
56960.0,49.0,1.0,92.01,8.0,11.50125
49.0,16442.0,1.0,62.64,46.0,1.3617391304347826
16442.0,88.0,2.0,72.81,2.0,72.81
95.0,81107.0,1.0,9.88,131.0,0.07541984732824428
81107.0,13.0,2.0,79.2,4602.0,15.84
81107.0,20032.0,4.0,45.88,3318.5,22.94
81107.0,88.0,2.0,56.35,1104.5,11.27
81107.0,99.0,4.0,91.73,15.0,45.865
95.0,53525.0,1.0,62.01,0.0,124.02
53525.0,120.0,2.0,102.72,6.5,25.68
53525.0,45060.0,1.0,88.6,2.0,44.3
45060.0,120.0,2.0,14.12,3.0,14.12
45060.0,31646.0,3.0,101.24,828.3333333333334,9.203636363636363
31646.0,120.0,4.0,87.21,6.0,87.21
31646.0,96.0,2.0,148.09,6.5,148.09
31646.0,35753.0,1.0,104.4,23481.0,0.004446147949405903
35753.0,38360.0,2.0,59.54,4066.5,29.77
35753.0,53525.0,3.0,85.09,3.3333333333333335,42.545
35753.0,3927.0,6.0,14.87,2.3333333333333335,14.87
3927.0,53525.0,1.0,98.49,1.0,98.49
3927.0,12674.0,8.0,52.2,2.125,52.2
3927.0,69604.0,1.0,19.1,1.0,19.1
69604.0,23015.0,1.0,23.43,3.0,7.81
23015.0,99.0,4.0,56.87,5.25,28.435
23015.0,2037.0,8.0,74.03,3.875,37.015
23015.0,52170.0,2.0,25.5,1.5,51.0
23015.0,71162.0,1.0,71.12,16.0,4.445
71162.0,52170.0,2.0,53.74,1.0,107.48
71162.0,53525.0,1.0,120.03,3.0,40.01
53525.0,23015.0,4.0,94.37,2.5,94.37
53525.0,38360.0,3.0,42.54,4633.0,2.65875
38360.0,99.0,5.0,118.27,4.6,39.42333333333333
38360.0,31646.0,1.0,159.48,1.0,159.48
31646.0,99.0,1.0,59.51,6.0,9.918333333333333
53525.0,31646.0,4.0,189.5,5.0,94.75
101.0,52711.0,1.0,36.58,287.0,0.12745644599303135
52711.0,5.0,1.0,47.71,954.0,0.050010482180293504
5.0,22.0,1.0,121.22,4.0,30.305
22.0,120.0,1.0,86.98,5.0,17.396
120.0,5.0,1.0,44.14,4.0,11.035
5.0,33.0,1.0,114.67,4.0,28.6675
33.0,52711.0,1.0,141.53,176.0,0.8041477272727273
52711.0,22.0,2.0,154.38,10176.5,0.1445505617977528
95.0,22.0,1.0,157.9,393.0,0.40178117048346057
22.0,33.0,1.0,24.53,12.0,2.044166666666667
33.0,95.0,1.0,153.3,4541.0,0.03375908390222418
95.0,32.0,2.0,87.51,1804.5,0.05462546816479401
32.0,16442.0,4.0,67.38,1158.0,0.3239423076923077
16442.0,95.0,1.0,20.55,6822.0,0.0030123131046613898
32.0,5.0,4.0,48.84,553.25,0.4246956521739131
16442.0,22.0,6.0,138.33,134.0,276.66
33.0,2037.0,1.0,26.3,273.0,0.09633699633699634
2037.0,105.0,2.0,85.44,71.5,17.088
2037.0,31646.0,1.0,29.07,3618.0,0.008034825870646765
22.0,95389.0,1.0,43.04,235.0,0.18314893617021277
95389.0,31646.0,1.0,42.54,11911.0,0.0035714885400050375
31646.0,2037.0,5.0,29.07,2359.4,4.845
31646.0,33.0,1.0,12.51,2420.0,0.005169421487603305
33.0,22.0,1.0,24.53,2306.0,0.010637467476149177
22.0,31646.0,1.0,12.05,12.0,1.0041666666666667
31646.0,8230.0,3.0,49.2,761.3333333333334,7.028571428571429
8230.0,2037.0,1.0,21.54,33.0,0.6527272727272727
16442.0,40516.0,3.0,60.14,7445.666666666667,0.08399441340782123
40516.0,88.0,8.0,126.02,121.625,126.02
16442.0,95.0,2.0,20.55,1554.0,0.3261904761904762
40516.0,95.0,1.0,79.58,11183.0,0.00711615845479746
13.0,28138.0,1.0,53.72,13.0,4.132307692307692
33.0,69812.0,1.0,80.49,39.0,2.063846153846154
69812.0,50635.0,1.0,24.33,126.0,0.19309523809523807
50635.0,44948.0,3.0,17.8,2056.3333333333335,0.35600000000000004
44948.0,95.0,4.0,79.15,82.5,79.15
44948.0,5.0,2.0,39.81,65.0,6.635000000000001
44948.0,68191.0,1.0,38.08,10788.0,0.0035298479792361882
95.0,22.0,2.0,157.9,317.5,1.2632
95.0,16442.0,2.0,20.55,13944.0,0.0028391820945012436
16442.0,22.0,2.0,138.33,892.0,0.1902751031636864
16442.0,88.0,2.0,72.81,91.5,6.0675
95.0,97472.0,1.0,45.99,1005.0,0.045761194029850745
97472.0,30962.0,1.0,73.05,8020.0,0.009108478802992518
30962.0,99.0,2.0,16.78,220.5,8.39
30962.0,88.0,2.0,136.3,161.5,0.9598591549295775
30962.0,53460.0,1.0,112.51,4400.0,0.025570454545454546
53460.0,97472.0,6.0,73.98,2063.6666666666665,73.98
97472.0,5.0,2.0,28.06,1529.0,0.10240875912408759
53460.0,99.0,4.0,122.71,507.25,0.5358515283842794
97472.0,99.0,2.0,73.15,26.0,10.450000000000001
53460.0,16442.0,1.0,47.68,2109.0,0.02260787102892366
33.0,31646.0,3.0,12.51,833.6666666666666,6.255
31646.0,105.0,8.0,59.57,147.875,14.8925
31646.0,120.0,2.0,87.21,548.0,9.69
5.0,27828.0,2.0,20.65,12.0,2.2944444444444443
27828.0,84696.0,3.0,27.07,13595.666666666666,0.0033812140894329255
84696.0,99.0,2.0,100.14,5.0,200.28
84696.0,5.0,1.0,41.22,3827.0,0.010770838777110008
27828.0,59358.0,3.0,78.64,9.0,19.66
59358.0,43007.0,1.0,65.86,4651.0,0.014160395613846485
43007.0,95.0,1.0,54.22,3.0,18.073333333333334
95.0,59358.0,5.0,99.37,5.0,49.685
59358.0,99.0,2.0,3.36,2.5,6.72
59358.0,5.0,1.0,60.36,3592.0,0.01680400890868597
95.0,20032.0,3.0,42.53,4175.666666666667,85.06
20032.0,5.0,4.0,80.82,3.25,80.82
88.0,95695.0,1.0,26.87,0.0,53.74
95695.0,95.0,1.0,26.44,3030.0,0.008726072607260726
95.0,5.0,1.0,39.38,7.0,5.625714285714286
5.0,95695.0,3.0,64.81,89.66666666666667,64.81
95695.0,92.0,6.0,150.18,113.16666666666667,300.36
88.0,76126.0,1.0,37.8,2099.0,0.018008575512148642
76126.0,16442.0,1.0,65.55,14173.0,0.004624991180413462
16442.0,49.0,1.0,62.64,5492.0,0.011405680990531682
49.0,12762.0,1.0,132.68,26.0,5.103076923076923
12762.0,13.0,4.0,171.11,5.5,57.03666666666667
12762.0,76126.0,1.0,126.91,14882.0,0.008527751646284101
76126.0,92.0,2.0,113.91,39.0,28.4775
76126.0,105.0,8.0,236.65,9.25,473.3
33673.0,52711.0,5.0,11.7,133.6,11.7
52711.0,20602.0,2.0,19.42,2428.0,0.010818941504178274
20602.0,33673.0,2.0,12.0,26.0,0.48
52711.0,5.0,1.0,47.71,1.0,47.71
5.0,99.0,2.0,59.06,6.5,19.686666666666667
5.0,33.0,2.0,114.67,16.0,57.335
33.0,22.0,1.0,24.53,6041.0,0.004060585995696077
22.0,120.0,1.0,86.98,1.0,86.98
120.0,52711.0,1.0,90.21,5577.0,0.01617536309844002
52711.0,84.0,1.0,23.91,11283.0,0.002119117256048923
84.0,96.0,1.0,264.4,81.0,3.2641975308641973
96.0,66.0,2.0,64.72,15309.0,32.36
96.0,5.0,1.0,261.85,120.0,2.1820833333333334
33.0,20602.0,1.0,159.96,124.0,1.29
13.0,11776.0,1.0,31.57,1.0,31.57
11776.0,5.0,2.0,82.76,450.0,20.69
11776.0,88.0,2.0,8.78,1030.5,0.03512
11776.0,63749.0,1.0,7.0,2720.0,0.002573529411764706
95.0,55506.0,2.0,79.03,9244.0,0.015717979315831344
55506.0,95695.0,2.0,75.03,1801.5,0.18036057692307692
95.0,95695.0,1.0,26.44,170.0,0.1555294117647059
95695.0,94898.0,1.0,39.56,286.0,0.13832167832167833
94898.0,49.0,8.0,103.92,10.25,51.96
94898.0,88.0,1.0,41.26,11.0,3.7509090909090905
88.0,55506.0,7.0,81.11,5.857142857142857,40.555
95.0,70591.0,1.0,27.07,38939.0,0.0006951899124271296
70591.0,49.0,1.0,28.02,9040.0,0.0030995575221238938
49.0,13.0,1.0,99.52,100.0,0.9952
13.0,70591.0,3.0,84.32,5.666666666666667,21.08
70591.0,5.0,2.0,51.2,4.0,12.8
49.0,16442.0,1.0,62.64,894.0,0.07006711409395973
16442.0,95.0,3.0,20.55,3874.6666666666665,0.022582417582417583
95.0,5.0,2.0,39.38,8540.5,0.010951056729699668
16442.0,88.0,5.0,72.81,1236.8,72.81
95.0,88.0,1.0,53.3,1912.0,0.027876569037656902
95.0,20032.0,1.0,42.53,19441.0,0.0021876446684841316
20032.0,5.0,2.0,80.82,1533.0,3.8485714285714283
70591.0,49.0,2.0,28.02,4849.0,0.08980769230769231
70591.0,5.0,2.0,51.2,137.0,25.6
70591.0,84.0,2.0,63.19,4081.5,0.355
70591.0,95.0,3.0,27.07,2336.6666666666665,4.511666666666667
5.0,95.0,3.0,39.38,5261.0,0.013454048513836693
95.0,56960.0,1.0,59.55,0.0,119.1
56960.0,16442.0,1.0,39.12,5059.0,0.007732753508598537
16442.0,13.0,2.0,95.68,49.0,7.973333333333334
33.0,31646.0,3.0,12.51,2478.6666666666665,12.51
31646.0,22.0,1.0,12.05,1889.0,0.006379036527263102
22.0,33.0,1.0,24.53,2577.0,0.009518820333721381
33.0,45849.0,1.0,30.54,27.0,1.1311111111111112
45849.0,31646.0,4.0,32.14,21.0,6.428
45849.0,50942.0,5.0,6.71,62.4,1.342
50942.0,31646.0,1.0,30.36,2252.0,0.013481349911190052
31646.0,120.0,8.0,87.21,342.125,17.442
31646.0,99.0,3.0,59.51,6.333333333333333,11.902
99.0,5.0,1.0,59.06,3.0,19.686666666666667
5.0,31646.0,1.0,117.96,3479.0,0.03390629491233113
5.0,22.0,1.0,121.22,31773.0,0.003815188996947093
22.0,95.0,1.0,157.9,270.0,0.5848148148148148
95.0,5.0,1.0,39.38,245.0,0.16073469387755104
5.0,96.0,1.0,261.85,1318.0,0.1986722306525038
96.0,19.0,2.0,41.6,19.5,10.4
96.0,22.0,1.0,150.17,1030.0,0.14579611650485436
22.0,33.0,2.0,24.53,91.0,0.38936507936507936
22.0,32.0,1.0,88.88,261.0,0.34053639846743294
84.0,120.0,4.0,95.0,1455.25,47.5
84.0,52173.0,1.0,62.43,1460.0,0.04276027397260274
52173.0,5.0,1.0,8.46,4598.0,0.0018399304045237062
5.0,22.0,4.0,121.22,6.5,24.244
22.0,84.0,2.0,146.05,6.5,73.025
5.0,84.0,6.0,58.5,196.5,29.25
84.0,32.0,2.0,57.42,3625.0,0.028355555555555557
120.0,5.0,2.0,44.14,1.0,44.14
5.0,95389.0,3.0,78.83,4.666666666666667,78.83
5.0,32.0,2.0,48.84,3.0,24.42
32.0,95389.0,4.0,54.93,2.0,54.93
5.0,95.0,1.0,39.38,2.0,19.69
95.0,32.0,1.0,87.51,0.0,175.02
95389.0,50666.0,2.0,19.1,6.5,3.1833333333333336
95389.0,63997.0,1.0,12.65,6.0,2.1083333333333334
63997.0,56467.0,1.0,20.02,1.0,20.02
56467.0,27349.0,4.0,7.81,5.75,7.81
56467.0,95.0,2.0,95.71,1.5,191.42
56467.0,42999.0,1.0,7.07,26.0,0.27192307692307693
42999.0,95.0,8.0,100.18,5.75,200.36
42999.0,5.0,1.0,63.84,1.0,63.84
32.0,52173.0,4.0,43.89,6.5,10.9725
32.0,42999.0,1.0,43.84,8.0,5.48
42999.0,5877.0,1.0,11.7,3.0,3.9
5877.0,32.0,2.0,34.44,2.0,34.44
5877.0,84.0,3.0,87.37,7.666666666666667,29.123333333333335
95.0,5.0,3.0,39.38,22473.666666666668,13.126666666666667
95.0,49.0,3.0,55.08,1937.0,7.868571428571428
49.0,99.0,1.0,126.11,2.0,63.055
99.0,5.0,1.0,59.06,3.0,19.686666666666667
95.0,84.0,1.0,76.73,129.0,0.5948062015503877
84.0,95695.0,2.0,100.87,717.5,0.9987128712871287
95695.0,33.0,2.0,176.65,9968.0,4.774324324324325
84.0,88.0,1.0,126.06,2400.0,0.052525
88.0,44315.0,2.0,38.28,47.5,9.57
44315.0,22.0,3.0,168.0,10.333333333333334,84.0
44315.0,5.0,1.0,53.16,6.0,8.86
5.0,84.0,2.0,58.5,1074.0,0.34210526315789475
84.0,101.0,2.0,29.03,65.0,2.073571428571429
5.0,88.0,1.0,91.38,40.0,2.2845
84.0,37911.0,1.0,133.1,1340.0,0.09932835820895522
37911.0,77138.0,4.0,90.24,900.75,18.048
37911.0,33.0,3.0,155.73,19.666666666666668,311.46
33.0,77138.0,3.0,78.61,0.6666666666666666,157.22
77138.0,32.0,3.0,28.3,44.0,28.3
37911.0,50482.0,1.0,76.53,3636.0,0.021047854785478548
50482.0,88.0,2.0,22.16,1113.5,0.11364102564102564
50482.0,77138.0,8.0,112.0,339.375,112.0
77138.0,16442.0,1.0,54.41,8240.0,0.006603155339805824
16442.0,98746.0,1.0,5.66,1.0,5.66
98746.0,32.0,6.0,70.62,2.8333333333333335,70.62
98746.0,120.0,3.0,54.8,6.333333333333333,18.266666666666666
120.0,32.0,1.0,54.21,4.0,13.5525
98746.0,37911.0,1.0,62.48,8388.0,0.007448736289938006
37911.0,99.0,6.0,109.63,52.0,54.815
77138.0,99.0,2.0,23.31,5.0,11.655
77138.0,98746.0,1.0,55.57,1692.0,0.03284278959810875
98746.0,33.0,2.0,134.15,1.0,134.15
98746.0,84.0,2.0,71.19,1.5,71.19
77138.0,84.0,2.0,73.67,4.5,36.835
50482.0,22.0,2.0,194.06,1.5,194.06
50482.0,92.0,4.0,162.56,3.75,162.56
84.0,95.0,1.0,76.73,27307.0,0.0028099022228732563
95.0,52711.0,1.0,55.27,31.0,1.7829032258064517
52711.0,49.0,4.0,39.82,6.5,39.82
52711.0,5.0,3.0,47.71,552.0,2.271904761904762
5.0,22.0,2.0,121.22,24.0,30.305
22.0,52711.0,2.0,154.38,232.5,0.8436065573770491
5.0,33.0,1.0,114.67,43.0,2.6667441860465115
33.0,66.0,1.0,211.28,51.0,4.1427450980392155
33.0,31646.0,2.0,12.51,17121.5,0.003786319612590799
31646.0,22.0,1.0,12.05,2907.0,0.004145166838665291
22.0,105.0,1.0,63.38,5.0,12.676
105.0,31646.0,7.0,59.57,251.85714285714286,11.914
31646.0,99.0,2.0,59.51,573.0,0.31486772486772485
5.0,22.0,2.0,121.22,1946.0,24.244
22.0,32.0,3.0,88.88,23075.333333333332,44.44
32.0,5.0,1.0,48.84,11.0,4.44
5.0,120.0,2.0,44.14,494.5,22.07
5.0,95.0,1.0,39.38,2.0,19.69
95.0,32.0,1.0,87.51,0.0,175.02
32.0,88.0,1.0,140.16,0.0,280.32
88.0,22.0,1.0,202.54,3.0,67.51333333333334
40516.0,22.0,2.0,78.32,3370.0,0.11602962962962962
22.0,95.0,4.0,157.9,1095.25,2.0243589743589743
95.0,40516.0,2.0,79.58,1987.0,0.04542237442922374
40516.0,64184.0,1.0,27.46,2265.0,0.012123620309050773
64184.0,88.0,1.0,132.02,4209.0,0.031366120218579235
88.0,22.0,1.0,202.54,2118.0,0.09562795089707271
40516.0,88.0,3.0,126.02,551.6666666666666,63.01
40516.0,49.0,7.0,116.26,216.42857142857142,29.065
40516.0,46276.0,7.0,42.3,333.42857142857144,2.488235294117647
95.0,49.0,2.0,55.08,6.5,11.016
95.0,88.0,3.0,53.3,204.0,0.2733333333333333
88.0,92.0,1.0,149.17,799.0,0.1866958698372966
92.0,95.0,2.0,156.67,98.0,39.1675
92.0,13.0,1.0,154.36,193.0,0.7997927461139898
13.0,88.0,1.0,22.87,9.0,2.5411111111111113
88.0,5.0,2.0,91.38,98.0,91.38
49.0,99.0,1.0,126.11,2.0,63.055
99.0,46276.0,2.0,44.16,3.0,14.719999999999999
46276.0,32.0,5.0,23.27,364.0,23.27
32.0,120.0,1.0,54.21,11.0,4.928181818181819
120.0,86448.0,3.0,49.67,3.3333333333333335,49.67
86448.0,32.0,1.0,56.98,1.0,56.98
32.0,40516.0,2.0,38.93,403.0,0.097325
40516.0,33.0,2.0,75.55,98.0,25.183333333333334
33.0,86448.0,2.0,123.04,104.0,12.304
40516.0,99.0,1.0,24.26,6.0,4.043333333333334
46276.0,88.0,1.0,118.63,0.0,237.26
88.0,99.0,2.0,147.2,97.5,49.06666666666666
88.0,32.0,1.0,140.16,939.0,0.14926517571884984
46276.0,86448.0,1.0,36.01,8.0,4.50125
86448.0,43007.0,7.0,32.02,5.142857142857143,16.01
43007.0,101.0,1.0,54.68,4.0,13.67
101.0,86448.0,3.0,82.31,15.666666666666666,27.436666666666667
86448.0,36592.0,2.0,9.85,24.0,3.283333333333333
36592.0,43007.0,2.0,28.84,6.5,14.42
36592.0,101.0,6.0,82.34,5.666666666666667,20.585
86448.0,64184.0,6.0,49.4,151.83333333333334,0.6098765432098765
86448.0,22.0,3.0,129.17,31.0,258.34
95.0,51259.0,1.0,83.71,6802.0,0.012306674507497794
51259.0,95695.0,2.0,75.5,3501.5,0.02180190586196939
95695.0,29692.0,1.0,40.71,10.0,4.071
29692.0,92.0,2.0,111.56,12328.0,0.3998566308243728
29692.0,51259.0,1.0,38.21,9344.0,0.004089255136986302
95.0,43255.0,1.0,16.64,52248.0,0.00031848109018527024
43255.0,99.0,2.0,110.97,13.0,13.87125
43255.0,49.0,2.0,63.4,31.0,2.4384615384615382
13.0,21546.0,1.0,79.58,13711.0,0.005804098898694479
21546.0,14294.0,3.0,35.74,14674.666666666666,35.74
14294.0,57674.0,1.0,105.34,4.0,26.335
57674.0,21546.0,2.0,80.21,5.0,20.0525
57674.0,98706.0,5.0,108.78,4.4,36.26
98706.0,99.0,6.0,105.33,1.8333333333333333,105.33
98706.0,92.0,2.0,181.45,2.5,90.725
98706.0,60122.0,1.0,45.18,7030.0,0.0064267425320056895
60122.0,92.0,7.0,150.2,241.28571428571428,75.1
60122.0,49.0,3.0,67.66,6.666666666666667,13.532
49.0,92.0,1.0,211.31,7.0,30.187142857142856
95.0,84.0,2.0,76.73,12328.0,0.008759132420091324
95.0,5.0,2.0,39.38,4815.0,1.7121739130434783
5.0,40516.0,6.0,43.97,77.0,14.656666666666666
5.0,88.0,1.0,91.38,2.0,45.69
88.0,40516.0,3.0,126.02,4.666666666666667,63.01
40516.0,95.0,1.0,79.58,10610.0,0.007500471253534402
40516.0,99.0,2.0,24.26,5.5,4.852
99.0,5.0,2.0,59.06,3.0,19.686666666666667
5.0,13.0,1.0,114.24,3.0,38.08
13.0,40516.0,1.0,148.15,0.0,296.3
40516.0,84.0,1.0,85.92,31.0,2.7716129032258063
95.0,49.0,2.0,55.08,11494.5,0.006060072615249202
95.0,22.0,3.0,157.9,1202.6666666666667,10.526666666666667
22.0,5.0,1.0,121.22,34.0,3.565294117647059
5.0,95.0,1.0,39.38,224.0,0.17580357142857145
88.0,84.0,1.0,126.06,10199.0,0.012360035297578195
84.0,101.0,2.0,29.03,71.5,0.6597727272727273
84.0,43007.0,1.0,29.07,9398.0,0.0030932113215577785
43007.0,101.0,2.0,54.68,52.0,7.811428571428571
43007.0,16442.0,1.0,38.91,24306.0,0.0016008392989385336
16442.0,99.0,4.0,77.41,5.5,38.705
16442.0,55554.0,1.0,45.97,3.0,15.323333333333332
55554.0,99.0,3.0,33.61,3.6666666666666665,16.805
55554.0,43007.0,6.0,49.04,260.0,12.26
43007.0,99.0,1.0,66.08,1.0,66.08
43007.0,54110.0,1.0,63.79,1.0,63.79
54110.0,94371.0,1.0,3.61,2.0,1.805
94371.0,41941.0,1.0,100.12,2.0,50.06
41941.0,49.0,2.0,131.52,5.0,26.304000000000002
49.0,94371.0,1.0,61.09,3.0,20.363333333333333
94371.0,33.0,1.0,155.41,1.0,155.41
33.0,41941.0,1.0,55.85,1.0,55.85
49.0,43007.0,1.0,61.11,1.0,61.11
43007.0,94371.0,1.0,60.42,2.0,30.21
94371.0,2566.0,1.0,34.13,3.0,11.376666666666667
2566.0,41941.0,2.0,66.03,5.5,33.015
2566.0,49.0,4.0,77.14,4.5,19.285
2566.0,33.0,2.0,121.29,1.0,121.29
2566.0,84.0,4.0,71.89,266.25,17.9725
2566.0,16442.0,2.0,14.87,0.5,29.74
2566.0,95695.0,1.0,55.46,1.0,55.46
95695.0,41941.0,1.0,121.08,3.0,40.36
41941.0,120.0,1.0,33.57,7.0,4.795714285714285
120.0,16442.0,1.0,56.3,1.0,56.3
16442.0,32.0,1.0,67.38,2.0,33.69
32.0,54110.0,1.0,94.27,0.0,188.54
54110.0,41941.0,1.0,101.55,3.0,33.85
41941.0,84.0,3.0,93.7,99.66666666666667,23.425
84.0,16442.0,4.0,65.56,5.25,16.39
16442.0,41941.0,4.0,78.64,5.75,15.728
33.0,84.0,1.0,130.17,3808.0,0.034183298319327725
84.0,95.0,3.0,76.73,12966.0,0.3585514018691589
95.0,22.0,1.0,157.9,2.0,78.95
22.0,84.0,1.0,146.05,6.0,24.34166666666667
84.0,120.0,1.0,95.0,0.0,190.0
22899.0,95.0,3.0,93.33,2593.6666666666665,186.66
95.0,32.0,1.0,87.51,1851.0,0.04727714748784441
32.0,22899.0,2.0,26.39,1737.5,2.0300000000000002
32.0,84.0,1.0,57.42,21.0,2.7342857142857144
84.0,22899.0,3.0,81.98,701.3333333333334,1.4382456140350879
95695.0,88.0,2.0,26.87,15949.5,13.435
95695.0,63749.0,8.0,11.18,18.25,3.7266666666666666
63749.0,92.0,1.0,150.26,1.0,150.26
92.0,95695.0,1.0,150.18,9.0,16.686666666666667
63749.0,5.0,4.0,75.96,18.5,25.319999999999997
63749.0,11776.0,1.0,7.0,13.0,0.5384615384615384
11776.0,5.0,6.0,82.76,22.0,41.38
11776.0,95.0,5.0,44.53,302.4,3.7108333333333334
95.0,52711.0,2.0,55.27,2775.5,0.9211666666666667
52711.0,5.0,2.0,47.71,241.5,0.7573015873015874
5.0,88.0,3.0,91.38,56.666666666666664,91.38
88.0,22.0,1.0,202.54,328.0,0.6174999999999999
22.0,33.0,1.0,24.53,38.0,0.6455263157894737
33.0,52711.0,1.0,141.53,126.0,1.1232539682539682
52711.0,99.0,1.0,90.26,1192.0,0.07572147651006712
99.0,88.0,1.0,147.2,4.0,36.8
88.0,95.0,1.0,53.3,1.0,53.3
95.0,5.0,2.0,39.38,5.0,19.69
5.0,99.0,2.0,59.06,14.5,19.686666666666667
5.0,49.0,1.0,73.03,113.0,0.646283185840708
49.0,95.0,1.0,55.08,58.0,0.949655172413793
95.0,32.0,1.0,87.51,143.0,0.611958041958042
32.0,120.0,1.0,54.21,127.0,0.4268503937007874
33.0,32.0,2.0,74.92,22286.5,0.004784163473818646
32.0,22.0,1.0,88.88,4247.0,0.02092771368024488
22.0,33.0,1.0,24.53,23.0,1.066521739130435
33.0,99.0,2.0,55.62,1061.5,9.27
95.0,88.0,2.0,53.3,632.0,0.09761904761904762
88.0,5.0,2.0,91.38,3052.0,0.22618811881188117
5.0,99.0,1.0,59.06,4149.0,0.01423475536273801
99.0,95.0,1.0,97.82,201.0,0.48666666666666664
95.0,5.0,2.0,39.38,5126.5,0.008026905829596413
84.0,88.0,2.0,126.06,7329.0,14.006666666666668
88.0,22.0,1.0,202.54,8648.0,0.023420444033302498
22.0,84.0,1.0,146.05,8362.0,0.017465917244678306
84.0,5.0,5.0,58.5,65.4,19.5
5.0,88.0,5.0,91.38,1284.8,91.38
84.0,95.0,1.0,76.73,31.0,2.4751612903225806
95.0,22.0,1.0,157.9,2.0,78.95
22.0,99.0,1.0,64.39,163.0,0.3950306748466258
99.0,5.0,1.0,59.06,289.0,0.2043598615916955
5.0,99.0,3.0,59.06,9.666666666666666,19.686666666666667
5.0,95.0,3.0,39.38,5.333333333333333,13.126666666666667
95.0,99.0,1.0,97.82,20.0,4.891
5.0,22.0,1.0,121.22,18.0,6.734444444444445
22.0,33.0,1.0,24.53,23.0,1.066521739130435
33.0,66.0,1.0,211.28,40.0,5.282
22.0,66.0,1.0,210.79,72.0,2.9276388888888887
66.0,33.0,1.0,211.28,30.0,7.042666666666666
33.0,95.0,1.0,153.3,12.0,12.775
95.0,88.0,1.0,53.3,3072.0,0.017350260416666666
88.0,33.0,1.0,201.51,15.0,13.434
33.0,22.0,1.0,24.53,1.0,24.53
31646.0,96.0,2.0,148.09,156.0,5.695769230769231
31646.0,120.0,1.0,87.21,101.0,0.8634653465346535
120.0,5.0,3.0,44.14,2.0,44.14
5.0,31646.0,3.0,117.96,1642.6666666666667,39.32
5.0,99.0,5.0,59.06,419.6,29.53
99.0,95.0,3.0,97.82,49.333333333333336,19.564
95.0,5.0,3.0,39.38,3.6666666666666665,19.69
95.0,13.0,1.0,76.05,145.0,0.5244827586206896
13.0,99.0,1.0,169.72,6.0,28.286666666666665
99.0,120.0,1.0,40.56,1.0,40.56
95.0,120.0,1.0,73.6,372.0,0.1978494623655914
5.0,32.0,1.0,48.84,1.0,48.84
32.0,31646.0,1.0,81.87,2.0,40.935
5.0,22.0,6.0,121.22,26.166666666666668,24.244
43007.0,88.0,2.0,106.88,44.5,106.88
43007.0,32.0,1.0,43.81,146.0,0.30006849315068496
32.0,94907.0,1.0,32.64,310.0,0.10529032258064516
94907.0,88.0,4.0,110.87,7.0,110.87
94907.0,43007.0,2.0,38.01,1333.5,12.67
94907.0,99.0,2.0,37.46,2.0,37.46
95.0,84.0,1.0,76.73,3145.0,0.024397456279809222
84.0,88.0,1.0,126.06,4.0,31.515
88.0,95.0,3.0,53.3,43.666666666666664,53.3
95.0,5.0,1.0,39.38,11.0,3.58
5.0,99.0,2.0,59.06,91.5,19.686666666666667
5.0,84.0,1.0,58.5,218.0,0.268348623853211
84.0,22.0,1.0,146.05,294.0,0.49676870748299323
22.0,5.0,2.0,121.22,182.0,2.579148936170213
88.0,95.0,3.0,53.3,9.0,53.3
95.0,92.0,4.0,156.67,175.5,9.215882352941176
95.0,13.0,1.0,76.05,3.0,25.349999999999998
13.0,5.0,1.0,114.24,21.0,5.4399999999999995
5.0,95.0,1.0,39.38,2.0,19.69
66.0,96.0,2.0,64.72,13.0,8.09
96.0,33.0,2.0,148.12,38.5,5.9248
33.0,22.0,4.0,24.53,17.0,8.176666666666668
22.0,99.0,4.0,64.39,266.5,9.198571428571428
19240.0,41941.0,4.0,60.9,5.5,15.225
19240.0,55554.0,6.0,33.24,5.0,16.62
19240.0,95.0,4.0,48.22,29.25,24.11
19240.0,66556.0,7.0,17.49,5.285714285714286,8.745
19240.0,57346.0,4.0,18.11,13.0,6.036666666666666
66556.0,57346.0,4.0,7.62,6.5,15.24
66556.0,95.0,2.0,60.99,6.0,12.198
66556.0,32.0,7.0,27.89,3.0,55.78
66556.0,59000.0,8.0,59.67,3.875,119.34
66556.0,59358.0,2.0,39.7,13.0,7.94
66556.0,120.0,8.0,38.3,6.875,76.6
66556.0,22.0,8.0,102.67,8.625,51.335
66556.0,33.0,1.0,94.16,2.0,47.08
33.0,32.0,3.0,74.92,0.0,149.84
66556.0,96135.0,7.0,14.42,11.285714285714286,7.21
120.0,96135.0,1.0,24.62,3.0,8.206666666666667
120.0,32090.0,1.0,45.82,146.0,0.31383561643835617
32090.0,88.0,1.0,106.18,2.0,53.09
88.0,38818.0,1.0,117.29,1.0,117.29
38818.0,120.0,5.0,33.95,6.2,67.9
38818.0,32.0,2.0,25.59,2.0,12.795
33.0,38818.0,8.0,88.04,2.0,44.02
120.0,46156.0,1.0,27.74,4.0,6.935
46156.0,22.0,1.0,80.74,121.0,0.6672727272727272
5.0,60895.0,1.0,19.28,4.0,4.82
60895.0,49.0,2.0,91.81,6.5,15.301666666666668
43007.0,70953.0,1.0,19.24,3216.0,0.005982587064676617
70953.0,16442.0,1.0,19.7,14567.0,0.0013523717992723278
16442.0,41941.0,1.0,78.64,1.0,78.64
41941.0,10648.0,2.0,84.96,34.5,28.319999999999997
10648.0,16442.0,1.0,6.4,13947.0,0.0004588800458880046
16442.0,54110.0,2.0,27.07,9.5,3.0077777777777777
16442.0,64428.0,3.0,29.68,23.333333333333332,59.36
64428.0,10648.0,4.0,36.06,83.5,9.015
10648.0,99169.0,1.0,73.88,5.0,14.776
99169.0,43007.0,6.0,69.46,20.5,17.365
43007.0,10648.0,2.0,40.8,19.5,3.4
99169.0,64428.0,1.0,38.18,270.0,0.1414074074074074
64428.0,120.0,8.0,26.92,14.625,26.92
64428.0,84.0,6.0,74.96,9.333333333333334,74.96
64428.0,41941.0,1.0,50.77,156.0,0.325448717948718
10648.0,84.0,2.0,65.82,45.5,65.82
64428.0,22.0,8.0,109.64,13.0,27.41
64428.0,95.0,7.0,48.33,11.714285714285714,12.0825
95.0,54110.0,1.0,10.78,9.0,1.1977777777777776
54110.0,84.0,1.0,87.25,470.0,0.18563829787234043
84.0,120.0,1.0,95.0,72.0,1.3194444444444444
92304.0,75150.0,4.0,28.6,1.0,28.6
92304.0,74564.0,5.0,20.62,1.8,20.62
74564.0,32.0,4.0,65.77,1.0,131.54
74564.0,75150.0,3.0,42.95,1.3333333333333333,85.9
75150.0,120.0,2.0,39.23,1.0,78.46
75150.0,13.0,2.0,124.32,2.0,124.32
75150.0,84.0,1.0,57.54,4.0,14.385
84.0,55400.0,3.0,80.11,4.333333333333333,26.703333333333333
55400.0,13.0,2.0,84.57,1.5,84.57
55400.0,101.0,2.0,98.17,4.5,98.17
55400.0,32.0,4.0,79.21,4.0,79.21
55400.0,33.0,2.0,140.41,1.5,140.41
55400.0,95.0,1.0,16.71,8007.0,0.0020869239415511427
95.0,5.0,1.0,39.38,27746.0,0.0014193036834138255
5.0,55400.0,1.0,30.61,513.0,0.059668615984405454
88466.0,101.0,6.0,45.93,5177.833333333333,1.701111111111111
101.0,84.0,1.0,29.03,5309.0,0.00546807308344321
84.0,88466.0,1.0,43.24,195.0,0.22174358974358976
88466.0,95.0,2.0,46.59,1242.0,3.8825000000000003
95.0,30962.0,1.0,89.66,10583.0,0.008472077860720023
30962.0,88.0,2.0,136.3,155.0,1.70375
30962.0,16442.0,1.0,70.01,11956.0,0.0058556373369019745
95.0,59980.0,1.0,23.77,364.0,0.0653021978021978
59980.0,99.0,8.0,78.06,84.75,78.06
59980.0,49.0,8.0,74.37,3.375,74.37
95.0,47677.0,1.0,108.38,4087.0,0.02651822852948373
47677.0,16442.0,2.0,88.53,7617.5,2.951
47677.0,99.0,2.0,17.23,6.5,4.3075
47677.0,10089.0,5.0,102.08,691.4,34.026666666666664
47677.0,13.0,1.0,177.13,136.0,1.3024264705882354
13.0,10089.0,3.0,77.02,100.66666666666667,15.404
47677.0,33.0,4.0,46.75,15.5,15.583333333333334
47677.0,84.0,6.0,101.48,7.166666666666667,50.74
47677.0,99089.0,4.0,43.57,316.0,0.33775193798449615
47677.0,80051.0,3.0,52.4,2865.6666666666665,104.8
80051.0,99.0,2.0,40.52,13.0,20.26
80051.0,99089.0,2.0,16.12,3340.0,0.597037037037037
99089.0,99.0,2.0,36.62,6.0,18.31
80051.0,88.0,3.0,107.71,12.666666666666666,13.46375
88.0,33.0,1.0,201.51,1.0,201.51
33.0,80051.0,1.0,96.09,0.0,192.18
47677.0,88.0,2.0,155.1,4.5,155.1
95.0,66317.0,1.0,7.17,416.0,0.017235576923076923
66317.0,92.0,2.0,149.51,4.5,74.755
66317.0,20032.0,1.0,41.23,43566.0,0.0009463802047468209
13.0,11776.0,1.0,31.57,908.0,0.034768722466960354
11776.0,5.0,4.0,82.76,451.5,82.76
11776.0,95.0,2.0,44.53,1353.5,0.049258849557522126
11776.0,88.0,2.0,8.78,1357.0,0.009755555555555556
22.0,62658.0,1.0,67.77,338.0,0.20050295857988165
62658.0,11599.0,3.0,27.46,42.333333333333336,3.051111111111111
22.0,31646.0,1.0,12.05,9.0,1.338888888888889
31646.0,33401.0,1.0,28.64,4.0,7.16
33401.0,99.0,8.0,35.06,136.5,35.06
84.0,20602.0,1.0,41.03,14838.0,0.002765197465965764
20602.0,99.0,2.0,107.44,9569.0,21.488
99.0,5.0,1.0,59.06,2.0,29.53
5.0,20602.0,3.0,58.15,6.333333333333333,9.691666666666666
20602.0,32.0,1.0,85.13,32.0,2.6603125
32.0,99.0,1.0,27.73,0.0,55.46
20602.0,49.0,2.0,20.4,17792.0,0.060895522388059696
20602.0,52711.0,1.0,19.42,2760.0,0.007036231884057971
38135.0,80763.0,5.0,18.6,1124.2,0.7153846153846154
80763.0,33673.0,4.0,15.81,2711.5,0.12448818897637795
33673.0,84.0,1.0,29.5,9661.0,0.003053514128972156
84.0,38135.0,1.0,26.13,7.0,3.7328571428571427
38135.0,33673.0,1.0,6.32,5363.0,0.0011784449002424017
33673.0,49.0,1.0,31.1,3412.0,0.009114888628370458
49.0,84.0,1.0,60.58,4317.0,0.014032893212879314
84.0,80763.0,1.0,23.86,901.0,0.026481687014428414
33673.0,99.0,2.0,101.92,26.0,16.986666666666668
33673.0,95.0,1.0,59.29,1.0,59.29
95.0,5.0,1.0,39.38,60.0,0.6563333333333333
5.0,120.0,1.0,44.14,1.0,44.14
120.0,66.0,1.0,297.2,1091.0,0.2724106324472961
66.0,80763.0,1.0,352.71,9301.0,0.0379217288463606
33.0,31646.0,1.0,12.51,118.0,0.10601694915254237
31646.0,5.0,2.0,117.96,32.5,29.49
31646.0,99.0,2.0,59.51,11.0,29.755
52711.0,101.0,3.0,36.58,4798.333333333333,0.13399267399267398
101.0,84.0,1.0,29.03,3869.0,0.007503230808994572
84.0,5.0,1.0,58.5,463.0,0.1263498920086393
5.0,120.0,2.0,44.14,6.5,44.14
5.0,52711.0,1.0,47.71,25248.0,0.0018896546261089988
33.0,66611.0,4.0,18.43,727.5,4.6075
66611.0,120.0,4.0,69.7,180.5,4.1000000000000005
66611.0,22.0,1.0,26.48,2007.0,0.013193821624314898
22.0,33.0,1.0,24.53,1989.0,0.012332830568124686
16442.0,95.0,3.0,20.55,11252.666666666666,0.005502008032128514
95.0,5.0,2.0,39.38,5586.5,0.011875753920386008
5.0,16442.0,3.0,18.86,2465.0,1.4507692307692308
16442.0,88.0,3.0,72.81,78.66666666666667,2.8003846153846155
16442.0,22.0,6.0,138.33,6.5,46.11000000000001
5.0,88.0,1.0,91.38,2315.0,0.039473002159827214
88.0,95.0,2.0,53.3,229.5,2.317391304347826
51259.0,95695.0,2.0,75.5,9188.5,0.009416313295086057
95695.0,88.0,2.0,26.87,1759.0,0.04354943273905997
88.0,41650.0,1.0,52.46,144.0,0.36430555555555555
41650.0,95.0,1.0,28.0,2230.0,0.012556053811659192
95.0,49.0,1.0,55.08,3966.0,0.01388804841149773
49.0,41650.0,1.0,32.52,5.0,6.5040000000000004
41650.0,52163.0,1.0,2.83,8.0,0.35375
52163.0,65271.0,1.0,14.32,2.0,7.16
65271.0,41650.0,1.0,16.76,3.0,5.586666666666667
41650.0,46262.0,1.0,36.72,8.0,4.59
46262.0,95695.0,1.0,6.32,10479.0,0.0006031109838725069
95695.0,95.0,1.0,26.44,2825.0,0.009359292035398231
95.0,88.0,1.0,53.3,2547.0,0.020926580290537886
51259.0,95.0,2.0,83.71,1828.5,0.9733720930232558
51259.0,20197.0,1.0,77.52,3736.0,0.020749464668094218
20197.0,49.0,1.0,80.07,1.0,80.07
49.0,5.0,1.0,73.03,8.0,9.12875
5.0,20197.0,1.0,88.83,4.0,22.2075
20197.0,46262.0,1.0,27.51,2.0,13.755
46262.0,5.0,2.0,61.55,5.5,12.309999999999999
46262.0,51259.0,1.0,70.09,10576.0,0.006627269288956127
95.0,58086.0,1.0,62.78,25.0,2.5112
58086.0,25656.0,2.0,2.0,2172.5,4.0
95.0,20197.0,1.0,50.59,208.0,0.24322115384615386
20197.0,51259.0,4.0,77.52,5260.25,9.69
20197.0,5.0,2.0,88.83,6.5,88.83
20197.0,92.0,3.0,150.05,12.666666666666666,75.025
92.0,95695.0,7.0,150.18,5.428571428571429,75.09
95695.0,13.0,8.0,49.67,51.0,24.835
95695.0,5.0,2.0,64.81,8.0,32.405
5.0,33.0,2.0,114.67,6.5,57.335
95695.0,22.0,2.0,179.19,209.5,179.19
95.0,81753.0,1.0,27.55,62.0,0.44435483870967746
81753.0,63399.0,2.0,24.04,1049.0,8.013333333333334
81753.0,93994.0,2.0,22.8,1622.0,0.02043010752688172
95.0,20032.0,3.0,42.53,1103.3333333333333,0.1466551724137931
20032.0,13.0,2.0,33.55,1817.5,0.020748299319727888
20032.0,5.0,2.0,80.82,7.0,26.939999999999998
95.0,82342.0,3.0,47.52,1207.6666666666667,95.04
82342.0,5.0,4.0,71.25,1556.0,0.7579787234042553
82342.0,13148.0,2.0,77.83,44.0,77.83
82342.0,88.0,2.0,43.51,2050.5,0.4066355140186916
82342.0,22.0,2.0,165.84,13.0,41.46
82342.0,93532.0,1.0,2.83,6227.0,0.000454472458647824
93532.0,54110.0,2.0,39.7,1759.5,0.033277451802179385
93532.0,24587.0,1.0,61.29,3698.0,0.01657382368848026
24587.0,82342.0,1.0,59.54,2178.0,0.02733700642791552
95.0,52711.0,8.0,55.27,1065.375,6.90875
95.0,20602.0,1.0,51.58,1099.0,0.046933575978161966
20602.0,30962.0,3.0,107.34,1126.6666666666667,17.89
30962.0,32.0,2.0,38.38,6.5,76.76
30962.0,95.0,5.0,89.66,3357.4,0.312404181184669
52711.0,99.0,1.0,90.26,151.0,0.597748344370861
99.0,30962.0,3.0,16.78,68.33333333333333,5.593333333333334
30962.0,52711.0,3.0,91.92,697.6666666666666,11.49
95.0,22.0,6.0,157.9,130.33333333333334,6.073076923076924
95.0,5.0,1.0,39.38,1993.0,0.019759157049673858
5.0,16442.0,1.0,18.86,26.0,0.7253846153846154
16442.0,88.0,6.0,72.81,3.6666666666666665,145.62
16442.0,49.0,2.0,62.64,5.0,62.64
16442.0,99.0,3.0,77.41,3.6666666666666665,25.80333333333333
99.0,88.0,1.0,147.2,3.0,49.06666666666666
88.0,30962.0,2.0,136.3,0.5,272.6
88.0,20602.0,1.0,91.4,54.0,1.6925925925925926
95.0,41354.0,1.0,73.08,0.0,146.16
41354.0,92618.0,1.0,123.02,27250.0,0.004514495412844036
92618.0,66.0,1.0,248.7,19.0,13.089473684210526
66.0,16644.0,1.0,284.12,98.0,2.8991836734693877
16644.0,92618.0,4.0,37.8,258.25,37.8
92618.0,50188.0,4.0,94.89,3801.25,9.489
50188.0,64123.0,1.0,55.57,14793.0,0.003756506455756101
64123.0,41354.0,1.0,90.24,0.0,180.48
41354.0,3194.0,1.0,76.53,2384.0,0.03210151006711409
3194.0,50188.0,1.0,56.44,1039.0,0.05432146294513956
50188.0,13.0,4.0,92.42,4.75,23.105
92618.0,120.0,2.0,51.97,1.5,51.97
16644.0,33.0,4.0,73.54,3.25,147.08
16644.0,120.0,2.0,36.76,1.0,73.52
16644.0,95306.0,1.0,84.6,12238.0,0.00691289426376859
95306.0,99.0,3.0,102.2,3.3333333333333335,34.06666666666667
95306.0,13.0,6.0,77.29,2.6666666666666665,77.29
13.0,99.0,1.0,169.72,3.0,56.57333333333333
13.0,41354.0,7.0,89.57,3.857142857142857,89.57
95.0,74467.0,1.0,24.68,3986.0,0.0061916708479678876
74467.0,94371.0,4.0,30.68,6737.25,1.534
74467.0,99.0,6.0,108.9,49.333333333333336,54.45
95.0,120.0,1.0,73.6,447.0,0.16465324384787472
120.0,67103.0,2.0,60.2,10096.0,0.06688888888888889
120.0,5.0,1.0,44.14,2680.0,0.016470149253731345
5.0,39534.0,1.0,14.96,0.0,29.92
39534.0,85024.0,2.0,65.3,6.5,16.325
39534.0,67103.0,1.0,72.72,2761.0,0.026338283230713508
67103.0,97081.0,1.0,88.05,4772.0,0.01845138306789606
97081.0,73879.0,1.0,75.96,189.0,0.4019047619047619
73879.0,85024.0,1.0,92.91,98.0,0.9480612244897959
85024.0,72202.0,7.0,111.49,55.857142857142854,37.163333333333334
85024.0,120.0,6.0,33.71,1266.5,67.42
85024.0,99.0,2.0,43.3,6.5,21.65
72202.0,99.0,2.0,124.4,4.0,62.2
72202.0,39534.0,6.0,73.16,6.5,146.32
72202.0,79872.0,1.0,112.0,1.0,112.0
79872.0,39534.0,1.0,73.39,12.0,6.115833333333334
39534.0,33.0,2.0,110.89,128.0,221.78
39534.0,22.0,5.0,114.52,11.0,229.04
22.0,85024.0,5.0,58.77,106.2,6.53
85024.0,84.0,8.0,120.61,1.5,120.61
85024.0,27305.0,1.0,126.37,214.0,0.5905140186915888
27305.0,72202.0,2.0,36.35,10.0,18.175
27305.0,67818.0,1.0,41.11,32.0,1.2846875
67818.0,85024.0,2.0,89.38,5.5,22.345
67818.0,72202.0,3.0,49.65,8.666666666666666,49.65
72202.0,67103.0,1.0,59.64,2604.0,0.022903225806451613
67103.0,33.0,2.0,135.35,0.0,270.7
67103.0,22.0,1.0,124.83,2.0,62.415
22.0,84.0,2.0,146.05,0.0,292.1
84.0,67103.0,2.0,145.67,2.0,72.835
22.0,67818.0,1.0,142.59,2.0,71.295
67818.0,67103.0,1.0,72.69,5427.0,0.013394140409065782
95.0,43255.0,1.0,16.64,9115.0,0.001825562260010971
43255.0,16442.0,2.0,35.51,1716.5,0.11956228956228955
43255.0,56960.0,5.0,73.16,1248.6,73.16
56960.0,25610.0,3.0,29.73,3.3333333333333335,29.73
25610.0,76089.0,1.0,22.47,8.0,2.80875
76089.0,84.0,2.0,66.09,3.0,22.03
76089.0,43255.0,4.0,81.71,12.0,27.236666666666665
43255.0,13.0,2.0,60.17,6.5,60.17
76089.0,89013.0,1.0,17.0,1.0,17.0
89013.0,43255.0,2.0,95.29,6.0,31.763333333333335
89013.0,13.0,1.0,153.61,22.0,6.982272727272728
13.0,88.0,1.0,22.87,14.0,1.6335714285714287
88.0,120.0,1.0,115.57,2257.0,0.0512051395657953
120.0,56960.0,1.0,30.15,799.0,0.037734668335419275
56960.0,32.0,6.0,33.62,8.0,67.24
56960.0,16442.0,2.0,39.12,3482.0,0.014225454545454545
16442.0,95.0,3.0,20.55,2856.0,0.10484693877551021
16442.0,40516.0,6.0,60.14,56.333333333333336,120.28
16442.0,49.0,2.0,62.64,5.0,31.32
16442.0,8224.0,1.0,23.41,4299.0,0.00544545243079786
8224.0,95.0,2.0,40.65,3096.5,4.516666666666667
8224.0,49.0,6.0,85.5,5.333333333333333,21.375
8224.0,56960.0,1.0,25.02,2034.0,0.012300884955752212
16442.0,88.0,7.0,72.81,57.714285714285715,72.81
95.0,40516.0,1.0,79.58,118.0,0.6744067796610169
40516.0,10148.0,1.0,33.29,221.0,0.15063348416289593
10148.0,95695.0,1.0,134.83,61.0,2.2103278688524592
95695.0,84.0,1.0,100.87,94.0,1.0730851063829787
84.0,10148.0,1.0,104.93,75.0,1.3990666666666667
10148.0,40964.0,4.0,29.68,7.0,29.68
40964.0,88.0,2.0,129.59,20.0,259.18
40964.0,38843.0,3.0,21.02,1.0,42.04
10148.0,38843.0,1.0,17.46,1.0,17.46
40964.0,75752.0,1.0,16.03,3.0,5.343333333333334
75752.0,10148.0,3.0,41.23,2.0,41.23
75752.0,97600.0,4.0,11.18,3.25,22.36
10148.0,97600.0,3.0,45.0,6.666666666666667,90.0
97600.0,39993.0,2.0,18.36,0.5,36.72
97600.0,41338.0,1.0,17.26,520.0,0.033192307692307695
41338.0,25143.0,4.0,30.81,3.0,61.62
41338.0,16442.0,5.0,62.8,9.2,62.8
16442.0,23286.0,6.0,97.19,5.333333333333333,97.19
23286.0,41338.0,4.0,38.28,0.0,76.56
16442.0,25143.0,4.0,92.7,1.0,185.4
25143.0,70435.0,1.0,25.0,0.0,50.0
70435.0,16442.0,1.0,77.9,3.0,25.96666666666667
88.0,25143.0,1.0,158.73,1.0,158.73
16442.0,32312.0,2.0,92.1,1.5,184.2
16442.0,30962.0,1.0,70.01,3.0,23.33666666666667
30962.0,25143.0,2.0,22.8,5.0,45.6
95.0,99.0,1.0,97.82,3311.0,0.029543944427665357
99.0,32.0,2.0,27.73,9396.0,0.00421300516560316
32.0,5.0,1.0,48.84,17529.0,0.002786239945233613
5.0,120.0,1.0,44.14,4495.0,0.009819799777530589
120.0,32.0,1.0,54.21,1399.0,0.03874910650464618
99.0,5.0,1.0,59.06,344.0,0.17168604651162792
5.0,88.0,1.0,91.38,9785.0,0.009338783852835974
88.0,32.0,1.0,140.16,13420.0,0.010444113263785394
73330.0,32304.0,1.0,13.15,2454.0,0.0053585982070089655
32304.0,58839.0,1.0,29.61,2715.0,0.010906077348066298
84.0,5.0,2.0,58.5,5874.5,0.07195571955719557
84.0,120.0,1.0,95.0,149.0,0.6375838926174496
120.0,5.0,1.0,44.14,2.0,22.07
5.0,33.0,1.0,114.67,0.0,229.34
33.0,22.0,1.0,24.53,4.0,6.1325
22.0,84.0,1.0,146.05,3532.0,0.04135050962627407
95.0,16442.0,1.0,20.55,169.0,0.12159763313609467
16442.0,22.0,8.0,138.33,471.5,1.7077777777777778
16442.0,84.0,2.0,65.56,131.5,0.7623255813953489
16442.0,56960.0,3.0,39.12,2009.0,0.05008962868117797
56960.0,22.0,8.0,100.36,114.625,10.036
56960.0,84.0,6.0,64.86,130.0,0.7814457831325301
56960.0,13.0,6.0,132.65,131.33333333333334,44.21666666666667
56960.0,88.0,2.0,109.92,662.0,0.24052516411378555
16442.0,13.0,2.0,95.68,423.0,2.278095238095238
16442.0,49.0,2.0,62.64,449.0,1.6061538461538463
30620.0,25143.0,2.0,18.03,211.0,9.015
25143.0,9358.0,2.0,18.68,280.0,0.0902415458937198
30620.0,9358.0,3.0,11.05,43.666666666666664,22.1
9358.0,66611.0,1.0,14.32,75.0,0.19093333333333334
66611.0,73911.0,3.0,22.2,87.0,0.5285714285714286
73911.0,16031.0,1.0,29.15,195.0,0.1494871794871795
16031.0,7033.0,1.0,19.92,8.0,2.49
7033.0,9358.0,6.0,2.24,318.3333333333333,0.22400000000000003
9358.0,99.0,2.0,26.4,439.0,6.6
7033.0,120.0,4.0,63.14,30.25,63.14
120.0,9358.0,1.0,61.02,1.0,61.02
7033.0,93841.0,1.0,19.65,16.0,1.228125
93841.0,16031.0,10.0,1.0,1403.7,0.5
93841.0,99.0,3.0,45.68,71.66666666666667,15.226666666666667
99.0,120.0,1.0,40.56,2.0,20.28
120.0,93841.0,1.0,73.02,10.0,7.302
16031.0,33.0,1.0,16.44,2929.0,0.005612837145783544
33.0,120.0,1.0,88.04,10.0,8.804
120.0,31646.0,4.0,87.21,12.0,29.069999999999997
31646.0,7033.0,4.0,31.91,14.5,5.318333333333333
9358.0,31646.0,1.0,33.84,225.0,0.1504
31646.0,95.0,3.0,155.73,4.333333333333333,311.46
95.0,84.0,1.0,76.73,2.0,38.365
84.0,9358.0,1.0,105.38,307.0,0.343257328990228
9358.0,22899.0,1.0,30.81,6067.0,0.0050782924015164
22899.0,99.0,4.0,4.53,175.25,2.265
22899.0,120.0,4.0,36.95,198.75,2.8423076923076924
22899.0,93841.0,1.0,49.68,18.0,2.76
16031.0,120.0,2.0,73.94,1.5,73.94
16031.0,2328.0,1.0,7.21,10.0,0.721
2328.0,120.0,2.0,81.02,1.5,81.02
33.0,31646.0,1.0,12.51,716.0,0.017472067039106146
31646.0,96.0,5.0,148.09,2138.6,0.4792556634304207
31646.0,99.0,4.0,59.51,28.25,29.755
96.0,66.0,1.0,64.72,2.0,32.36
66.0,31646.0,1.0,210.11,2923.0,0.07188162846390694
92221.0,120.0,7.0,34.38,373.2857142857143,34.38
92221.0,22899.0,2.0,45.79,3644.5,0.02195110258868648
22899.0,95.0,1.0,93.33,2062.0,0.04526188166828322
95.0,32.0,1.0,87.51,2808.0,0.031164529914529917
32.0,120.0,1.0,54.21,593.0,0.09141652613827993
92221.0,88.0,2.0,97.93,6.0,32.64333333333334
22899.0,5.0,1.0,54.66,23.0,2.3765217391304345
5.0,88.0,1.0,91.38,2.0,45.69
88.0,22899.0,2.0,142.68,1.0,142.68
22899.0,32.0,2.0,26.39,3852.0,0.0075702811244979925
32.0,88.0,1.0,140.16,25.0,5.6064
95.0,29692.0,1.0,57.18,13864.0,0.004124350836699365
29692.0,95695.0,3.0,40.71,5646.0,20.355
95695.0,88.0,2.0,26.87,1129.5,8.956666666666667
95695.0,51259.0,2.0,75.5,7798.5,0.05272346368715084
51259.0,88.0,1.0,77.14,3672.0,0.021007625272331156
88.0,29692.0,1.0,39.02,60.0,0.6503333333333334
29692.0,20197.0,2.0,39.32,2644.5,3.0246153846153847
29692.0,13.0,5.0,52.13,5.0,17.37666666666667
13.0,51259.0,1.0,87.44,5.0,17.488
95.0,70591.0,2.0,27.07,12698.0,0.006417733522996681
70591.0,5.0,2.0,51.2,6.5,25.6
95.0,49.0,1.0,55.08,4402.0,0.012512494320763288
49.0,70591.0,1.0,28.02,441.0,0.06353741496598639
70591.0,88.0,2.0,63.96,6.5,10.66
88.0,95695.0,1.0,26.87,2577.0,0.010426852929763291
95695.0,5.0,6.0,64.81,474.0,129.62
95695.0,99.0,2.0,121.72,4.5,60.86
95695.0,22.0,1.0,179.19,13.0,13.783846153846154
22.0,99.0,1.0,64.39,7.0,9.198571428571428
99.0,120.0,1.0,40.56,1.0,40.56
120.0,5.0,1.0,44.14,1.0,44.14
5.0,33.0,1.0,114.67,0.0,229.34
33.0,22.0,1.0,24.53,4.0,6.1325
95.0,10761.0,1.0,22.58,10154.0,0.002223754185542643
10761.0,95695.0,2.0,43.83,2366.5,6.261428571428572
10761.0,59190.0,5.0,57.27,3662.4,11.454
59190.0,88.0,2.0,14.15,11478.0,2.83
59190.0,34919.0,1.0,28.64,5011.0,0.005715426062662144
34919.0,49.0,4.0,72.04,8.0,144.08
34919.0,33.0,1.0,160.44,14.0,11.459999999999999
33.0,22.0,1.0,24.53,3.0,8.176666666666668
22.0,120.0,2.0,86.98,6.5,43.49
120.0,34919.0,2.0,75.31,6.5,37.655
22.0,34919.0,1.0,162.09,9.0,18.01
34919.0,13.0,2.0,63.63,4.0,21.21
34919.0,10761.0,1.0,28.64,5.0,5.728
10761.0,13.0,3.0,92.13,3.6666666666666665,30.709999999999997
13.0,59190.0,1.0,35.34,13.0,2.718461538461539
59190.0,8873.0,1.0,34.01,8311.0,0.004092167007580315
88.0,95.0,1.0,53.3,3595.0,0.014826147426981918
95.0,5.0,2.0,39.38,1246.5,0.04332233223322333
5.0,95695.0,6.0,64.81,1048.8333333333333,129.62
95695.0,49.0,2.0,65.32,1795.0,0.03643056330172894
95695.0,88.0,2.0,26.87,1705.5,6.7175
95695.0,95.0,1.0,26.44,2917.0,0.009064106959204662
71052.0,120.0,7.0,33.79,5.0,6.758
120.0,49.0,1.0,116.86,1.0,116.86
49.0,71052.0,1.0,102.67,4.0,25.6675
71052.0,94639.0,1.0,23.09,1.0,23.09
94639.0,1706.0,3.0,46.17,8.333333333333334,46.17
1706.0,32.0,2.0,37.47,6.5,9.3675
1706.0,96135.0,1.0,29.73,96.0,0.3096875
96135.0,94639.0,3.0,28.84,40.0,9.613333333333333
94639.0,120.0,1.0,52.38,7.0,7.482857142857143
120.0,96135.0,3.0,24.62,18.666666666666668,4.924
96135.0,84.0,8.0,70.51,5.375,17.6275
84.0,120.0,4.0,95.0,2.0,47.5
96135.0,41941.0,2.0,38.95,6.5,19.475
96135.0,48701.0,7.0,9.85,7.0,4.925
48701.0,84.0,5.0,70.04,1.8,70.04
120.0,48701.0,2.0,28.55,5.0,5.71
84.0,5.0,1.0,58.5,6372.0,0.009180790960451978
5.0,33.0,1.0,114.67,15.0,7.644666666666667
33.0,66.0,2.0,211.28,221.0,3.6427586206896554
33.0,95.0,1.0,153.3,122.0,1.2565573770491805
95.0,88.0,1.0,53.3,477.0,0.11174004192872117
88.0,13.0,1.0,22.87,34.0,0.6726470588235295
13.0,22.0,1.0,223.94,48.0,4.665416666666666
84.0,55678.0,3.0,37.97,5563.0,0.15690082644628098
55678.0,5.0,2.0,23.22,2677.0,0.014175824175824175
55678.0,13277.0,5.0,28.86,756.2,7.215
13277.0,33.0,4.0,84.45,5.0,168.9
33.0,41941.0,3.0,55.85,2.6666666666666665,27.925
41941.0,13277.0,7.0,33.54,23.714285714285715,8.385
55678.0,41941.0,2.0,62.03,6.5,31.015
41941.0,84.0,1.0,93.7,2.0,46.85
84.0,13277.0,1.0,63.72,7.0,9.102857142857143
41941.0,60279.0,1.0,70.21,0.0,140.42
60279.0,13277.0,1.0,43.42,7.0,6.202857142857143
33.0,30827.0,1.0,89.62,3.0,29.873333333333335
30827.0,13277.0,3.0,5.39,6.666666666666667,1.3475
13277.0,24231.0,3.0,6.08,10.0,1.52
24231.0,33.0,2.0,79.18,296.5,158.36
24231.0,84.0,1.0,64.35,2592.0,0.024826388888888887
84.0,99.0,2.0,84.36,1304.0,0.07291270527225584
84.0,37988.0,3.0,104.84,3074.6666666666665,2.758947368421053
37988.0,33.0,2.0,50.43,13.0,100.86
37988.0,32.0,3.0,49.18,20.333333333333332,12.295
32.0,84.0,1.0,57.42,1111.0,0.05168316831683169
95.0,40516.0,3.0,79.58,2957.3333333333335,6.631666666666667
40516.0,22.0,2.0,78.32,10127.0,0.08008179959100203
22.0,95.0,4.0,157.9,4388.0,78.95
95.0,84.0,6.0,76.73,479.1666666666667,76.73
84.0,22.0,1.0,146.05,2702.0,0.05405255366395263
40516.0,120.0,2.0,16.71,612.5,0.14530434782608698
120.0,84.0,1.0,95.0,27.0,3.5185185185185186
84.0,40516.0,1.0,85.92,352.0,0.2440909090909091
40516.0,5.0,7.0,43.97,79.28571428571429,10.9925
5.0,120.0,1.0,44.14,261.0,0.16911877394636016
40516.0,49.0,3.0,116.26,84.33333333333333,116.26
40516.0,13.0,1.0,148.15,4.0,37.0375
13.0,88.0,1.0,22.87,6.0,3.811666666666667
88.0,40516.0,3.0,126.02,600.3333333333334,25.204
49.0,95.0,2.0,55.08,102.0,27.54
49.0,5.0,1.0,73.03,241.0,0.3030290456431535
5.0,84.0,2.0,58.5,100.5,14.625
95.0,5.0,3.0,39.38,888.6666666666666,0.19495049504950496
5.0,32.0,1.0,48.84,0.0,97.68
32.0,120.0,1.0,54.21,1.0,54.21
120.0,95.0,1.0,73.6,9871.0,0.007456184783709857
5.0,22.0,3.0,121.22,5.666666666666667,30.305
5.0,99.0,4.0,59.06,65.25,19.686666666666667
84.0,101.0,6.0,29.03,6.5,14.515
95.0,37058.0,1.0,47.71,91.0,0.5242857142857142
37058.0,78361.0,3.0,55.08,7890.333333333333,2.6228571428571428
78361.0,88.0,1.0,39.96,10212.0,0.00391304347826087
88.0,13.0,1.0,22.87,14815.0,0.001543705703678704
13.0,95.0,1.0,76.05,4049.0,0.018782415411212644
95.0,78361.0,1.0,29.81,3.0,9.936666666666666
78361.0,55506.0,6.0,53.46,2.5,53.46
37058.0,55506.0,2.0,71.02,2.5,71.02
52173.0,5.0,2.0,8.46,7917.5,0.031217712177121774
52173.0,41941.0,3.0,53.04,5.666666666666667,13.26
41941.0,95.0,2.0,98.54,2.0,197.08
95.0,95825.0,6.0,98.82,15.666666666666666,32.94
95825.0,41941.0,1.0,6.4,7137.0,0.0008967353229648312
95825.0,5.0,2.0,60.66,14810.0,0.08355371900826446
5.0,22899.0,1.0,54.66,41895.0,0.0013046902971715001
22899.0,33.0,1.0,60.04,5599.0,0.010723343454188248
33.0,32.0,1.0,74.92,7058.0,0.010614905072258431
32.0,22899.0,1.0,26.39,13.0,2.0300000000000002
22899.0,31646.0,1.0,63.66,0.0,127.32
31646.0,95.0,1.0,155.73,0.0,311.46
95.0,99.0,1.0,97.82,7.0,13.974285714285713
99.0,22899.0,1.0,4.53,29.0,0.15620689655172415
22899.0,82591.0,2.0,19.24,1175.5,2.405
82591.0,95.0,2.0,110.32,13.0,12.257777777777777
82591.0,5.0,6.0,72.58,6.833333333333333,145.16
22899.0,33401.0,1.0,38.47,0.0,76.94
33401.0,99.0,7.0,35.06,48.857142857142854,11.686666666666667
99.0,31646.0,4.0,59.51,776.0,9.918333333333333
31646.0,33.0,2.0,12.51,1708.0,0.009484457922668688
31646.0,5.0,1.0,117.96,0.0,235.92
5.0,33401.0,1.0,91.04,1.0,91.04
33401.0,22.0,1.0,30.18,1958.0,0.015413687436159345
22.0,99.0,3.0,64.39,514.3333333333334,10.731666666666667
31646.0,33401.0,1.0,28.64,10.0,2.864
33401.0,22081.0,1.0,13.93,10.0,1.393
22081.0,32.0,4.0,54.93,4.5,109.86
22081.0,33.0,1.0,44.44,5858.0,0.007586206896551723
5.0,99.0,1.0,59.06,4989.0,0.01183804369613149
99.0,22899.0,1.0,4.53,20.0,0.2265
22899.0,32.0,2.0,26.39,3333.5,0.00894273127753304
32.0,92221.0,2.0,43.94,1403.0,0.03293853073463268
92221.0,99.0,2.0,50.28,889.5,5.586666666666667
99.0,88.0,1.0,147.2,4.0,36.8
88.0,92221.0,1.0,97.93,0.0,195.86
92221.0,84.0,4.0,64.21,859.5,21.403333333333332
84.0,99.0,1.0,84.36,3.0,28.12
84.0,22899.0,1.0,81.98,15737.0,0.005209379170108662
92221.0,120.0,4.0,34.38,4.5,34.38
92221.0,13.0,4.0,120.7,4.0,40.233333333333334
32.0,22899.0,2.0,26.39,6880.5,0.08826086956521739
22899.0,5.0,1.0,54.66,26248.0,0.0020824443767144163
5.0,32.0,1.0,48.84,21378.0,0.0022845916362615776
22899.0,22.0,5.0,68.16,5.6,22.72
22.0,48880.0,2.0,54.2,7.0,10.84
22.0,18097.0,1.0,100.14,467.0,0.21443254817987153
18097.0,15362.0,2.0,48.84,6.0,97.68
18097.0,95389.0,1.0,57.38,1.0,57.38
95389.0,99.0,1.0,27.22,349.0,0.07799426934097421
99.0,69669.0,1.0,13.26,614.0,0.021596091205211727
69669.0,120.0,2.0,38.82,6.5,38.82
69669.0,31646.0,7.0,51.4,33.57142857142857,51.4
31646.0,120.0,6.0,87.21,6.5,87.21
95.0,70591.0,2.0,27.07,3697.0,0.007384069830878342
95.0,33584.0,1.0,38.05,101.0,0.3767326732673267
33584.0,5.0,2.0,77.42,191.0,0.4349438202247191
33584.0,70591.0,1.0,42.2,18199.0,0.0023188087257541624
70591.0,5.0,1.0,51.2,204.0,0.25098039215686274
99.0,31646.0,1.0,59.51,13100.0,0.004542748091603053
31646.0,5.0,5.0,117.96,519.4,23.592
5.0,32.0,1.0,48.84,2118.0,0.023059490084985836
32.0,33.0,1.0,74.92,8719.0,0.008592728523913294
33.0,31646.0,1.0,12.51,1.0,12.51
31646.0,120.0,2.0,87.21,502.5,87.21
31646.0,2037.0,1.0,29.07,411.0,0.07072992700729927
2037.0,5.0,2.0,89.18,100.0,22.295
99.0,12847.0,1.0,20.24,10323.0,0.001960670347767122
12847.0,22.0,1.0,49.23,2093.0,0.0235212613473483
22.0,22899.0,1.0,68.16,145.0,0.47006896551724137
22899.0,12847.0,1.0,22.2,2298.0,0.009660574412532636
12847.0,86606.0,1.0,25.0,2599.0,0.009619084263178146
86606.0,12762.0,1.0,33.42,11684.0,0.0028603218076001372
12762.0,22899.0,3.0,11.18,3024.3333333333335,22.36
22899.0,86606.0,1.0,43.57,3481.0,0.012516518241884517
86606.0,31646.0,1.0,22.85,0.0,45.7
31646.0,12847.0,1.0,47.51,5952.0,0.007982190860215054
12847.0,96.0,3.0,195.19,8.333333333333334,390.38
96.0,12762.0,1.0,200.77,0.0,401.54
12762.0,95.0,2.0,101.13,6.5,25.2825
12762.0,90105.0,4.0,18.97,2123.75,18.97
90105.0,95.0,2.0,91.47,4.5,91.47
12762.0,12847.0,1.0,11.05,2356.0,0.0046901528013582345
99.0,22899.0,1.0,4.53,9435.0,0.000480127186009539
22899.0,120.0,3.0,36.95,3848.3333333333335,73.9
120.0,32.0,1.0,54.21,8175.0,0.006631192660550459
32.0,22899.0,1.0,26.39,0.0,52.78
22899.0,80693.0,1.0,18.03,6541.0,0.0027564592569943435
80693.0,32.0,2.0,38.72,8046.5,0.09902813299232736
80693.0,15362.0,1.0,23.85,1.0,23.85
15362.0,95389.0,1.0,10.2,26.0,0.3923076923076923
95389.0,2037.0,2.0,20.62,465.0,0.10683937823834197
2037.0,69669.0,6.0,23.77,151.33333333333334,11.885
69669.0,99.0,6.0,13.26,11.833333333333334,2.21
69669.0,95034.0,1.0,20.62,13.0,1.5861538461538462
95034.0,2037.0,1.0,3.16,7.0,0.45142857142857146
69669.0,22899.0,2.0,15.3,2837.0,1.176923076923077
69669.0,120.0,2.0,38.82,0.0,77.64
69669.0,95.0,2.0,104.33,6.5,26.0825
69669.0,95389.0,1.0,14.14,2230.0,0.006340807174887893
2037.0,99.0,1.0,30.46,156.0,0.19525641025641027
99.0,31646.0,1.0,59.51,2072.0,0.02872104247104247
31646.0,33.0,2.0,12.51,1467.0,2.502
88.0,60122.0,1.0,21.81,3853.0,0.005660524266805087
60122.0,58352.0,1.0,33.14,50284.0,0.0006590565587463209
58352.0,13.0,1.0,11.52,4208.0,0.0027376425855513307
13.0,60122.0,1.0,44.59,6.0,7.4316666666666675
60122.0,39985.0,3.0,19.7,0.0,39.4
39985.0,5602.0,7.0,25.81,5.0,51.62
60122.0,5602.0,5.0,13.34,8.8,3.335
60122.0,11244.0,2.0,85.62,2727.5,0.0822478386167147
60122.0,95.0,2.0,31.49,1722.0,0.9542424242424242
60122.0,46615.0,3.0,37.22,4.333333333333333,74.44
46615.0,61334.0,1.0,39.41,0.0,78.82
61334.0,4294.0,1.0,8.06,1.0,8.06
4294.0,94672.0,5.0,46.53,1.2,93.06
94672.0,58765.0,1.0,49.93,3.0,16.643333333333334
58765.0,4294.0,1.0,20.4,3.0,6.8
94672.0,63019.0,2.0,33.11,6.5,66.22
4294.0,87438.0,1.0,19.72,6.0,3.2866666666666666
87438.0,46615.0,1.0,16.76,1.0,16.76
46615.0,95879.0,1.0,50.09,5.0,10.018
95879.0,99.0,1.0,57.38,7.0,8.197142857142858
99.0,5.0,1.0,59.06,2.0,29.53
5.0,33.0,1.0,114.67,0.0,229.34
33.0,95879.0,1.0,110.48,11.0,10.043636363636365
95879.0,5.0,6.0,24.77,266.5,24.77
95879.0,87438.0,1.0,39.62,8.0,4.9525
87438.0,11244.0,1.0,71.85,1.0,71.85
11244.0,32192.0,1.0,108.0,5.0,21.6
32192.0,5.0,4.0,62.52,2.5,62.52
95.0,5.0,2.0,39.38,5700.5,7.876
5.0,84.0,3.0,58.5,3264.3333333333335,8.357142857142858
84.0,120.0,3.0,95.0,3548.6666666666665,47.5
120.0,22.0,1.0,86.98,1.0,86.98
22.0,84.0,2.0,146.05,19.5,12.170833333333334
22.0,5.0,1.0,121.22,3928.0,0.03086048879837067
95.0,22.0,3.0,157.9,9164.333333333334,1.9737500000000001
5.0,120.0,1.0,44.14,629.0,0.07017488076311605
120.0,84.0,1.0,95.0,1477.0,0.06431956668923494
84.0,43255.0,1.0,92.86,10.0,9.286
43255.0,95.0,1.0,16.64,0.0,33.28
95.0,84.0,1.0,76.73,3.0,25.576666666666668
84.0,73563.0,1.0,78.07,0.0,156.14
99.0,84.0,1.0,84.36,921.0,0.09159609120521173
84.0,22.0,1.0,146.05,4361.0,0.03349002522357258
22.0,120.0,1.0,86.98,3509.0,0.024787688800227987
120.0,5.0,1.0,44.14,8845.0,0.004990390050876202
5.0,95.0,1.0,39.38,8908.0,0.0044207453973956
95.0,16442.0,1.0,20.55,61.0,0.3368852459016394
16442.0,75452.0,1.0,22.02,4.0,5.505
75452.0,32337.0,1.0,38.29,5.0,7.6579999999999995
32337.0,48701.0,2.0,27.31,6.0,6.8275
32337.0,41941.0,6.0,43.01,2.1666666666666665,43.01
32337.0,94371.0,1.0,71.59,10.0,7.159000000000001
94371.0,86609.0,1.0,19.42,39.0,0.497948717948718
86609.0,32337.0,5.0,66.65,8.6,22.21666666666667
32337.0,24732.0,5.0,55.32,3.0,18.44
24732.0,82698.0,1.0,44.05,3694.0,0.011924742826204655
82698.0,27377.0,1.0,13.0,0.0,26.0
27377.0,41941.0,3.0,82.15,5.333333333333333,164.3
41941.0,24732.0,7.0,94.63,5.285714285714286,47.315
24732.0,27377.0,4.0,37.16,1.0,74.32
24732.0,60279.0,1.0,36.06,1.0,36.06
60279.0,58082.0,1.0,26.91,1.0,26.91
58082.0,24732.0,2.0,56.92,1.5,56.92
58082.0,98213.0,1.0,54.23,2.0,27.115
98213.0,48701.0,1.0,47.17,1.0,47.17
48701.0,58082.0,3.0,7.07,7.666666666666667,2.356666666666667
58082.0,88.0,2.0,102.44,6.5,102.44
58082.0,44210.0,1.0,35.74,3.0,11.913333333333334
44210.0,120.0,7.0,32.18,5.0,64.36
120.0,94985.0,1.0,68.74,3.0,22.91333333333333
94985.0,22.0,2.0,143.69,4.0,287.38
94985.0,88.0,1.0,82.91,0.0,165.82
88.0,120.0,2.0,115.57,1.0,115.57
120.0,56954.0,2.0,59.67,12.0,4.9725
56954.0,88.0,4.0,89.83,3.25,179.66
88.0,98213.0,2.0,89.69,19.0,29.896666666666665
88.0,5.0,1.0,91.38,0.0,182.76
5.0,98213.0,4.0,31.78,16.25,10.593333333333334
99.0,33.0,3.0,55.62,896.3333333333334,18.54
33.0,22.0,7.0,24.53,1640.4285714285713,8.176666666666668
33.0,66.0,2.0,211.28,3331.0,3.8414545454545457
22.0,99.0,2.0,64.39,20.0,9.198571428571428
22.0,120.0,3.0,86.98,14.333333333333334,28.993333333333336
120.0,33.0,2.0,88.04,13.0,88.04
22.0,5.0,1.0,121.22,335.0,0.3618507462686567
5.0,120.0,2.0,44.14,1.0,44.14
120.0,95.0,1.0,73.6,4.0,18.4
95.0,5.0,3.0,39.38,419.0,4.9225
22.0,95.0,1.0,157.9,221.0,0.7144796380090498
95.0,33.0,1.0,153.3,152.0,1.0085526315789475
99.0,5.0,4.0,59.06,9632.5,29.53
99.0,95.0,3.0,97.82,28.333333333333332,13.974285714285713
99.0,54110.0,2.0,102.03,3.0,34.01
54110.0,95.0,8.0,10.78,8.125,3.5933333333333333
95.0,22.0,8.0,157.9,0.75,315.8
22.0,54110.0,5.0,160.02,181.4,40.005
54110.0,84.0,6.0,87.25,3.0,29.083333333333332
84.0,95.0,1.0,76.73,1.0,76.73
84.0,22.0,5.0,146.05,1.0,146.05
31646.0,120.0,1.0,87.21,15398.0,0.005663722561371607
120.0,5.0,1.0,44.14,15262.0,0.002892150438998821
5.0,33.0,1.0,114.67,3557.0,0.03223784087714366
33.0,95389.0,1.0,44.44,3.0,14.813333333333333
95389.0,96.0,1.0,190.62,62.0,3.0745161290322582
96.0,32298.0,1.0,203.48,3739.0,0.05442096817330837
32298.0,95.0,4.0,97.99,34.0,97.99
32298.0,66905.0,1.0,12.04,104.0,0.11576923076923076
66905.0,58082.0,1.0,33.84,52.0,0.6507692307692309
58082.0,95.0,4.0,55.43,8.5,13.8575
95.0,13.0,1.0,76.05,5.0,15.209999999999999
13.0,58082.0,2.0,124.82,4.0,31.205
95.0,95389.0,1.0,114.89,26.0,4.418846153846154
95389.0,13.0,1.0,181.61,5.0,36.322
58082.0,31646.0,2.0,100.69,19.5,25.1725
58082.0,83617.0,1.0,67.68,26.0,2.6030769230769235
83617.0,98488.0,5.0,45.88,31.2,45.88
98488.0,80767.0,3.0,24.33,25.0,6.0825
80767.0,22.0,7.0,63.78,37.285714285714285,21.26
22.0,33.0,3.0,24.53,10.0,8.176666666666668
33.0,99.0,5.0,55.62,10.8,18.54
22.0,99.0,1.0,64.39,7.0,9.198571428571428
99.0,33.0,6.0,55.62,12.166666666666666,13.905
99.0,22.0,4.0,64.39,3475.25,10.731666666666667
33.0,22.0,6.0,24.53,10.0,8.176666666666668
33.0,32.0,2.0,74.92,13.0,6.243333333333333
33.0,120.0,2.0,88.04,26.0,8.804
84.0,5.0,3.0,58.5,7535.666666666667,14.625
84.0,54110.0,1.0,87.25,9.0,9.694444444444445
54110.0,93136.0,1.0,43.42,352.0,0.12335227272727273
93136.0,41941.0,1.0,58.59,3.0,19.53
41941.0,94371.0,1.0,100.12,1.0,100.12
94371.0,93136.0,2.0,42.45,2.0,42.45
94371.0,99.0,2.0,100.23,4.5,50.115
94371.0,52886.0,5.0,44.28,182.0,44.28
52886.0,98213.0,2.0,40.01,5.0,40.01
52886.0,76000.0,4.0,34.93,16.25,69.86
52886.0,120.0,1.0,36.45,0.0,72.9
120.0,93136.0,4.0,31.25,3.25,62.5
93136.0,80324.0,1.0,17.46,117.0,0.14923076923076925
80324.0,10382.0,1.0,17.12,78.0,0.2194871794871795
10382.0,87681.0,2.0,20.22,2.5,20.22
10382.0,84.0,2.0,59.17,2.5,59.17
10382.0,93136.0,2.0,33.38,26.5,66.76
10382.0,54110.0,1.0,29.61,0.0,59.22
54110.0,80324.0,1.0,29.15,52.0,0.5605769230769231
80324.0,120.0,2.0,48.44,6.5,96.88
80324.0,37769.0,1.0,14.04,0.0,28.08
37769.0,63644.0,1.0,11.05,3.0,3.6833333333333336
63644.0,93136.0,4.0,34.41,3.0,68.82
93136.0,5.0,1.0,21.09,13.0,1.6223076923076922
5.0,63644.0,1.0,32.13,0.0,64.26
63644.0,33.0,3.0,145.49,4.0,290.98
33.0,120.0,1.0,88.04,0.0,176.08
63644.0,11061.0,6.0,22.83,3.8333333333333335,22.83
11061.0,5.0,1.0,22.11,8.0,2.76375
84.0,11061.0,6.0,78.74,0.8333333333333334,157.48
84.0,22.0,1.0,146.05,1.0,146.05
22.0,63644.0,1.0,149.9,8.0,18.7375
84.0,16442.0,1.0,65.56,47739.0,0.0013733006556484217
16442.0,22.0,5.0,138.33,3.4,276.66
16442.0,88.0,3.0,72.81,2.6666666666666665,145.62
22.0,49.0,1.0,190.46,1.0,190.46
49.0,88.0,1.0,82.73,8.0,10.34125
84.0,99.0,1.0,84.36,22221.0,0.0037964088024841367
99.0,5.0,1.0,59.06,7228.0,0.008171001660210293
5.0,95.0,2.0,39.38,500.5,9.845
95.0,84.0,1.0,76.73,13344.0,0.005750149880095924
84.0,5.0,2.0,58.5,792.5,0.14698492462311558
5.0,88.0,4.0,91.38,792.0,182.76
88.0,95.0,1.0,53.3,82.0,0.6499999999999999
84.0,88.0,1.0,126.06,9.0,14.006666666666668
5.0,22.0,1.0,121.22,4.0,30.305
22.0,95.0,1.0,157.9,598.0,0.26404682274247493
22.0,37775.0,1.0,131.35,12354.0,0.010632183908045977
37775.0,54110.0,1.0,37.05,5871.0,0.006310679611650485
54110.0,40516.0,1.0,82.1,3037.0,0.027033256503128086
40516.0,84.0,1.0,85.92,17213.0,0.004991576134317086
84.0,38622.0,1.0,63.66,8.0,7.9575
38622.0,37775.0,1.0,35.0,5799.0,0.006035523366097603
13.0,5.0,2.0,114.24,13.0,114.24
13.0,88.0,1.0,22.87,28.0,0.8167857142857143
88.0,95.0,4.0,53.3,19.25,13.325
95.0,33.0,1.0,153.3,10.0,15.330000000000002
33.0,120.0,2.0,88.04,13.0,8.804
33.0,66.0,1.0,211.28,59.0,3.5810169491525423
66.0,5.0,1.0,325.65,92.0,3.5396739130434782
5.0,95.0,1.0,39.38,16.0,2.46125
66.0,96.0,1.0,64.72,148.0,0.43729729729729727
96.0,22.0,1.0,150.17,317.0,0.47372239747634065
22.0,33.0,3.0,24.53,11.666666666666666,6.1325
33.0,5.0,1.0,114.67,78.0,1.4701282051282052
5.0,22.0,1.0,121.22,3.0,40.406666666666666
22.0,32.0,1.0,88.88,113.0,0.7865486725663716
32.0,5.0,1.0,48.84,1158.0,0.04217616580310881
33.0,22.0,1.0,24.53,446.0,0.055
22.0,32.0,4.0,88.88,1954.25,9.875555555555556
32.0,120.0,2.0,54.21,5321.0,0.018835997220291868
120.0,22.0,3.0,86.98,3357.6666666666665,0.4392929292929293
95.0,88.0,2.0,53.3,3805.0,0.015280963302752294
88.0,5.0,2.0,91.38,3885.0,0.10983173076923076
5.0,13.0,1.0,114.24,1350.0,0.08462222222222222
13.0,95.0,1.0,76.05,8732.0,0.008709344938158498
5.0,95.0,1.0,39.38,7113.0,0.005536341909180374
84.0,16442.0,1.0,65.56,15694.0,0.0041773926341276925
16442.0,95.0,2.0,20.55,11788.0,0.3368852459016394
16442.0,120.0,2.0,56.3,21.5,14.075
16442.0,27828.0,4.0,15.0,4.5,30.0
16442.0,88.0,3.0,72.81,1.6666666666666667,72.81
88.0,97472.0,3.0,98.08,2.3333333333333335,98.08
97472.0,120.0,4.0,70.2,4.25,70.2
97472.0,33.0,6.0,126.55,4.0,253.1
97472.0,13.0,4.0,120.3,4.25,40.1
97472.0,22.0,8.0,137.55,11.875,275.1
97472.0,27828.0,7.0,18.79,31.428571428571427,6.263333333333333
27828.0,22.0,7.0,141.04,4.0,141.04
27828.0,32.0,5.0,62.58,7.6,125.16
33.0,27828.0,7.0,133.09,5.571428571428571,266.18
33.0,32.0,1.0,74.92,1.0,74.92
27828.0,120.0,3.0,64.35,3.0,64.35
22.0,120.0,1.0,86.98,49.0,1.7751020408163267
27828.0,88.0,2.0,80.77,4.5,80.77
27828.0,5.0,3.0,20.65,46.666666666666664,20.65
5.0,22.0,2.0,121.22,6.5,30.305
5.0,32.0,1.0,48.84,393.0,0.12427480916030535
95.0,5.0,2.0,39.38,5689.0,0.009173072443512696
95.0,88.0,1.0,53.3,1950.0,0.02733333333333333
88.0,5.0,2.0,91.38,168.5,182.76
88.0,49.0,1.0,82.73,1165.0,0.0710128755364807
49.0,95.0,1.0,55.08,988.0,0.05574898785425101
95.0,13.0,1.0,76.05,316.0,0.2406645569620253
13.0,5.0,1.0,114.24,4848.0,0.023564356435643564
5.0,49.0,1.0,73.03,2218.0,0.03292605951307484
96.0,99.0,1.0,203.16,28.0,7.255714285714285
99.0,33.0,1.0,55.62,3.0,18.54
33.0,88.0,1.0,201.51,26.0,7.750384615384615
88.0,95.0,2.0,53.3,13.0,106.6
88.0,92.0,1.0,149.17,20815.0,0.007166466490511649
92.0,22.0,1.0,180.08,159.0,1.1325786163522014
22.0,33.0,6.0,24.53,9.0,8.176666666666668
33.0,5.0,2.0,114.67,7882.5,4.410384615384616
22.0,96.0,1.0,150.17,17.0,8.833529411764705
96.0,66.0,1.0,64.72,14.0,4.622857142857143
22.0,120.0,3.0,86.98,908.6666666666666,0.1536749116607774
120.0,99.0,2.0,40.56,605.0,0.0672636815920398
120.0,5.0,1.0,44.14,7354.0,0.0060021756867011155
5.0,22.0,1.0,121.22,20184.0,0.006005747126436782
22.0,43007.0,3.0,130.36,3.6666666666666665,130.36
43007.0,95.0,2.0,54.22,8.0,13.555
95.0,22.0,3.0,157.9,0.0,315.8
43007.0,91181.0,1.0,32.02,8.0,4.0025
91181.0,10412.0,4.0,26.31,4.5,26.31
91181.0,95.0,6.0,22.59,208.33333333333334,7.53
91181.0,22.0,1.0,142.05,3.0,47.35
95.0,54110.0,1.0,10.78,22.0,0.49
54110.0,98583.0,1.0,26.83,56.0,0.47910714285714284
98583.0,22.0,2.0,150.46,13.0,300.92
98583.0,120.0,6.0,70.23,21.0,70.23
98583.0,18462.0,1.0,83.49,74.0,1.1282432432432432
18462.0,1600.0,6.0,100.7,10.166666666666666,201.4
18462.0,120.0,3.0,28.7,26.333333333333332,28.7
18462.0,88.0,5.0,139.02,20.8,278.04
120.0,88.0,1.0,115.57,52.0,2.2224999999999997
18462.0,84.0,2.0,88.4,6.5,29.46666666666667
18462.0,42212.0,1.0,67.94,4.0,16.985
42212.0,31646.0,4.0,131.64,2.5,263.28
42212.0,120.0,1.0,56.0,0.0,112.0
120.0,31646.0,3.0,87.21,26.0,17.442
31646.0,32.0,2.0,81.87,6.0,163.74
32.0,66.0,2.0,281.86,13.0,28.186
120.0,32.0,2.0,54.21,26.0,4.17
95.0,5.0,1.0,39.38,164.0,0.24012195121951221
5.0,32.0,3.0,48.84,8.666666666666666,97.68
32.0,31646.0,3.0,81.87,3.3333333333333335,163.74
31646.0,120.0,3.0,87.21,1.0,174.42
31646.0,5.0,5.0,117.96,4090.8,235.92
120.0,5.0,1.0,44.14,10.0,4.414
5.0,96.0,2.0,261.85,3696.5,0.17959533607681757
5.0,99.0,1.0,59.06,1586.0,0.037238335435056745
99.0,33.0,1.0,55.62,16.0,3.47625
95.0,66.0,1.0,364.53,14636.0,0.024906395189942605
66.0,96.0,1.0,64.72,12.0,5.3933333333333335
96.0,5.0,1.0,261.85,97.0,2.6994845360824744
5.0,99.0,5.0,59.06,223.6,29.53
99.0,120.0,3.0,40.56,26.333333333333332,40.56
99.0,33.0,1.0,55.62,1.0,55.62
33.0,5.0,1.0,114.67,1.0,114.67
5.0,22.0,1.0,121.22,4.0,30.305
22.0,99.0,1.0,64.39,7.0,9.198571428571428
32.0,5.0,7.0,48.84,571.0,97.68
5.0,120.0,2.0,44.14,1.0,44.14
120.0,31646.0,3.0,87.21,2.3333333333333335,87.21
31646.0,5.0,3.0,117.96,3.0,235.92
120.0,32.0,1.0,54.21,0.0,108.42
32.0,31646.0,1.0,81.87,195.0,0.41984615384615387
95.0,5.0,8.0,39.38,5.375,13.126666666666667
95.0,49.0,2.0,55.08,6.5,55.08
95.0,88.0,4.0,53.3,7.75,13.325
88.0,5.0,2.0,91.38,0.5,182.76
95.0,22.0,1.0,157.9,0.0,315.8
33.0,32.0,1.0,74.92,1.0,74.92
32.0,120.0,1.0,54.21,0.0,108.42
120.0,22.0,1.0,86.98,4.0,21.745
22.0,33.0,3.0,24.53,1738.6666666666667,12.265
49.0,95.0,2.0,55.08,6130.0,5.508
95.0,5.0,1.0,39.38,7612.0,0.0051734104046242775
5.0,92.0,1.0,160.5,83.0,1.9337349397590362
92.0,95.0,1.0,156.67,1864.0,0.08405042918454934
95.0,33.0,1.0,153.3,11735.0,0.01306348530038347
33.0,49.0,1.0,179.48,3125.0,0.057433599999999994
120.0,32.0,1.0,54.21,6953.0,0.007796634546239033
32.0,22.0,5.0,88.88,963.8,44.44
22.0,5.0,1.0,121.22,2555.0,0.047444227005870844
5.0,32.0,5.0,48.84,2445.0,48.84
32.0,95.0,2.0,87.51,32.5,4.861666666666667
120.0,5.0,1.0,44.14,16725.0,0.0026391629297458892
5.0,13.0,1.0,114.24,3508.0,0.03256556442417332
13.0,33.0,1.0,223.7,9393.0,0.02381560736718833
33.0,22.0,1.0,24.53,1105.0,0.022199095022624436
22.0,96.0,1.0,150.17,1170.0,0.12835042735042734
96.0,120.0,1.0,235.24,51.0,4.612549019607843
120.0,22.0,1.0,86.98,442.0,0.1967873303167421
120.0,22.0,5.0,86.98,1526.4,0.20275058275058275
120.0,5.0,2.0,44.14,1947.0,0.146158940397351
120.0,99.0,2.0,40.56,1979.5,0.025161290322580646
22.0,5.0,2.0,121.22,19.5,7.57625
88.0,95.0,1.0,53.3,2170.0,0.024562211981566818
95.0,5.0,1.0,39.38,4070.0,0.009675675675675677
5.0,16442.0,1.0,18.86,483.0,0.039047619047619046
16442.0,88.0,4.0,72.81,1129.0,0.2822093023255814
16442.0,99.0,2.0,77.41,270.0,0.5691911764705883
95.0,5.0,1.0,39.38,4070.0,0.009675675675675677
5.0,88.0,1.0,91.38,971.0,0.0941091658084449
88.0,16442.0,3.0,72.81,603.3333333333334,0.2822093023255814
16442.0,22.0,2.0,138.33,626.5,0.9673426573426575
95.0,5.0,6.0,39.38,2030.6666666666667,6.5633333333333335
95.0,88.0,2.0,53.3,924.5,0.30457142857142855
95.0,49.0,6.0,55.08,11.0,18.36
95.0,88.0,1.0,53.3,1825.0,0.029205479452054792
88.0,99.0,1.0,147.2,394.0,0.37360406091370557
99.0,95.0,1.0,97.82,2104.0,0.04649239543726236
95.0,22.0,1.0,157.9,144.0,1.0965277777777778
22.0,5.0,1.0,121.22,32.0,3.788125
5.0,95.0,1.0,39.38,7.0,5.625714285714286
88.0,95.0,1.0,53.3,1446.0,0.03686030428769018
95.0,5.0,1.0,39.38,6211.0,0.0063403638705522465
5.0,49.0,1.0,73.03,214.0,0.34126168224299064
49.0,95.0,1.0,55.08,883.0,0.062378255945639866
95.0,99.0,2.0,97.82,1336.5,0.07965798045602605
95.0,92.0,1.0,156.67,1085.0,0.14439631336405528
33.0,46482.0,1.0,52.86,195.0,0.27107692307692305
46482.0,66611.0,1.0,34.48,35302.0,0.0009767152002719392
5.0,58082.0,2.0,22.66,3087.0,0.011005342399222923
58082.0,84.0,2.0,76.04,13.0,19.01
5.0,84.0,2.0,58.5,26.0,2.925
5.0,99.0,5.0,59.06,42.0,118.12
99.0,16442.0,4.0,77.41,134.5,154.82
16442.0,23286.0,3.0,97.19,7.666666666666667,97.19
99.0,23286.0,1.0,32.28,1.0,32.28
16442.0,58082.0,1.0,36.4,52.0,0.7
58082.0,99.0,1.0,45.01,13.0,3.462307692307692
99.0,80366.0,1.0,89.1,268.0,0.33246268656716416
80366.0,58082.0,2.0,46.1,4325.0,0.19208333333333333
80366.0,64184.0,2.0,72.42,26.5,8.046666666666667
80366.0,23286.0,2.0,106.78,240.5,26.695
80366.0,48402.0,3.0,39.66,4.333333333333333,39.66
48402.0,11949.0,3.0,29.73,4.0,7.4325
11949.0,54110.0,3.0,20.0,6.0,4.0
54110.0,24193.0,1.0,24.76,153.0,0.16183006535947714
24193.0,11949.0,4.0,5.39,17.25,2.695
11949.0,23286.0,4.0,97.84,4.75,32.61333333333334
24193.0,23286.0,3.0,93.09,4.0,23.2725
23286.0,95695.0,3.0,136.82,4.666666666666667,45.60666666666666
95695.0,67302.0,1.0,105.51,8.0,13.18875
67302.0,60472.0,7.0,68.41,1.7142857142857142,68.41
67302.0,30185.0,1.0,35.17,1.0,35.17
30185.0,31812.0,2.0,47.3,4.0,11.825
30185.0,60472.0,1.0,38.59,0.0,77.18
60472.0,5.0,6.0,34.97,2.5,17.485
5.0,67302.0,5.0,40.7,1.4,40.7
5.0,22.0,2.0,121.22,13.0,20.203333333333333
5.0,88.0,2.0,91.38,19.5,30.459999999999997
5.0,120.0,1.0,44.14,272.0,0.1622794117647059
120.0,95.0,1.0,73.6,1776.0,0.04144144144144144
95.0,5.0,3.0,39.38,40.666666666666664,9.845
5.0,64975.0,1.0,51.62,7.0,7.374285714285714
64975.0,8167.0,3.0,64.26,16736.333333333332,0.1825568181818182
8167.0,49.0,4.0,98.67,3.0,197.34
8167.0,99.0,6.0,40.62,7.5,20.31
64975.0,99.0,2.0,104.76,6.5,20.952
5.0,95306.0,4.0,43.15,2010.5,6.164285714285714
5.0,88.0,1.0,91.38,3527.0,0.025908704281258858
88.0,95306.0,1.0,55.19,428.0,0.1289485981308411
95306.0,95.0,2.0,10.37,4070.0,0.7976923076923076
5.0,50610.0,1.0,54.2,2.0,27.1
50610.0,60597.0,2.0,72.45,18.0,5.175
50610.0,29686.0,1.0,8.06,18731.0,0.00043030270674283274
29686.0,60597.0,1.0,65.92,10.0,6.5920000000000005
60597.0,80753.0,3.0,17.49,542.6666666666666,0.5465625
80753.0,21994.0,1.0,83.26,2573.0,0.03235911387485426
21994.0,105.0,5.0,93.15,11.8,13.307142857142859
105.0,29686.0,1.0,128.13,1119.0,0.11450402144772118
29686.0,32.0,2.0,29.04,1318.5,0.15204188481675393
22.0,50942.0,1.0,34.93,190.0,0.1838421052631579
50942.0,31646.0,3.0,30.36,11586.333333333334,0.004421788523157588
31646.0,5.0,4.0,117.96,47.25,23.592
31646.0,66.0,1.0,210.11,32.0,6.5659375
66.0,96.0,1.0,64.72,8.0,8.09
96.0,50942.0,3.0,117.84,1960.3333333333333,2.5617391304347827
50942.0,105.0,2.0,29.21,1124.0,0.3436470588235294
31646.0,99.0,6.0,59.51,5.0,29.755
99.0,120.0,2.0,40.56,2.0,20.28
120.0,31646.0,1.0,87.21,4.0,21.8025
120.0,50942.0,1.0,117.4,4.0,29.35
31646.0,22.0,2.0,12.05,1419.0,2.41
49.0,23680.0,1.0,104.52,0.0,209.04
23680.0,88095.0,2.0,5.83,5876.5,0.0010540589405170855
88095.0,38360.0,1.0,98.98,4609.0,0.021475374267737036
38360.0,23680.0,3.0,94.64,46.333333333333336,5.567058823529412
88095.0,11426.0,6.0,112.81,1323.0,225.62
11426.0,38360.0,6.0,77.52,2120.5,155.04
38360.0,92522.0,1.0,83.52,3926.0,0.021273560876209883
92522.0,99.0,1.0,112.91,2194.0,0.05146308113035551
99.0,31646.0,1.0,59.51,230.0,0.2587391304347826
31646.0,33.0,2.0,12.51,3109.0,0.008847241867043847
33.0,95.0,2.0,153.3,1360.5,0.17661290322580647
31646.0,105.0,5.0,59.57,9.4,29.785
105.0,4065.0,1.0,164.06,3.0,54.68666666666667
4065.0,22.0,3.0,119.97,9.666666666666666,39.99
22.0,88095.0,1.0,89.96,6.0,14.993333333333332
88095.0,4065.0,1.0,36.0,23.0,1.565217391304348
4065.0,11426.0,2.0,103.48,13.0,25.87
4065.0,38360.0,1.0,115.43,6401.0,0.018033119825027342
38360.0,99.0,2.0,118.27,7.0,29.5675
11426.0,32.0,2.0,131.13,3172.5,0.11697591436217662
95.0,49328.0,1.0,25.03,6.0,4.171666666666667
49328.0,105.0,2.0,188.53,6.5,94.265
70591.0,16442.0,3.0,37.0,26.0,37.0
16442.0,43255.0,4.0,35.51,7785.25,35.51
43255.0,70591.0,2.0,37.01,3.0,18.505
43255.0,38972.0,3.0,41.4,186.0,1.7249999999999999
38972.0,16442.0,1.0,31.06,17841.0,0.0017409338041589595
43255.0,13.0,1.0,60.17,431.0,0.13960556844547564
13.0,16442.0,1.0,95.68,1830.0,0.05228415300546448
95.0,43255.0,2.0,16.64,429.5,0.05333333333333334
43255.0,33.0,1.0,165.96,29.0,5.722758620689655
33.0,46656.0,3.0,117.01,5.666666666666667,39.00333333333334
46656.0,84.0,3.0,58.0,9.666666666666666,58.0
46656.0,43255.0,3.0,52.17,2872.6666666666665,0.2508173076923077
43255.0,5.0,3.0,54.13,2440.0,0.09770758122743682
46656.0,54110.0,2.0,43.57,71.5,14.523333333333333
5.0,88.0,1.0,91.38,3622.0,0.025229155162893428
88.0,43826.0,1.0,119.87,26.0,4.610384615384616
43826.0,84.0,4.0,89.16,18.25,14.86
46656.0,55509.0,1.0,62.29,79.0,0.7884810126582278
55509.0,84.0,2.0,92.62,2.5,46.31
55509.0,120.0,4.0,32.53,9.0,65.06
55509.0,13.0,2.0,166.53,1.5,166.53
55509.0,76794.0,1.0,53.41,5.0,10.681999999999999
76794.0,43826.0,6.0,32.76,1387.1666666666667,10.92
43826.0,33.0,2.0,82.21,72.0,1.6777551020408161
43826.0,120.0,2.0,8.61,0.0,17.22
120.0,32.0,2.0,54.21,1.0,54.21
32.0,43826.0,1.0,45.84,4.0,11.46
32.0,84.0,1.0,57.42,2.0,28.71
76794.0,84.0,2.0,68.84,4.5,22.94666666666667
76794.0,13.0,1.0,115.51,167.0,0.6916766467065869
13.0,32.0,1.0,163.03,4418.0,0.0369013128112268
32.0,95.0,1.0,87.51,2211.0,0.03957937584803257
13.0,6617.0,2.0,70.55,85.0,141.1
6617.0,63399.0,2.0,45.12,2481.5,0.019013906447534767
63399.0,58352.0,1.0,14.04,2002.0,0.0070129870129870125
58352.0,13.0,1.0,11.52,2197.0,0.0052435138825671366
63399.0,13.0,1.0,25.49,3470.0,0.007345821325648414
13.0,80285.0,1.0,57.61,10.0,5.761
80285.0,6617.0,1.0,13.04,3.0,4.346666666666667
52711.0,33673.0,4.0,11.7,857.0,0.03333333333333333
33673.0,49.0,1.0,31.1,3154.0,0.009860494610019024
49.0,84.0,1.0,60.58,8628.0,0.007021325915623551
84.0,33673.0,1.0,29.5,79.0,0.37341772151898733
52711.0,120.0,1.0,90.21,32.0,2.8190625
120.0,96.0,1.0,235.24,50.0,4.7048000000000005
96.0,52711.0,1.0,281.32,1593.0,0.17659761456371625
52711.0,84.0,1.0,23.91,14211.0,0.0016824994722398142
49.0,70591.0,1.0,28.02,780.0,0.035923076923076926
70591.0,120.0,2.0,93.08,435.5,0.44966183574879226
70591.0,84.0,1.0,63.19,52.0,1.2151923076923077
84.0,32.0,1.0,57.42,140.0,0.41014285714285714
32.0,22.0,4.0,88.88,2.0,44.44
22.0,33.0,5.0,24.53,5.6,4.906000000000001
33.0,5.0,1.0,114.67,4.0,28.6675
5.0,32.0,1.0,48.84,2.0,24.42
33.0,32.0,2.0,74.92,6.0,12.486666666666666
22.0,70591.0,1.0,172.16,3371.0,0.051070898843073274
70591.0,5.0,2.0,51.2,3.5,17.066666666666666
29092.0,5.0,4.0,24.23,1510.25,4.038333333333333
29092.0,16442.0,2.0,37.11,2529.0,1.1245454545454545
29092.0,20172.0,7.0,46.24,2.4285714285714284,23.12
20172.0,95.0,1.0,20.37,50824.0,0.0004007949000472218
5.0,94530.0,1.0,69.75,43.0,1.622093023255814
94530.0,35437.0,7.0,13.6,11.285714285714286,2.2666666666666666
35437.0,87341.0,3.0,30.36,8848.333333333334,7.59
87341.0,6106.0,1.0,64.5,10545.0,0.006116642958748222
31646.0,99.0,4.0,59.51,6.5,59.51
31646.0,105.0,3.0,59.57,35.333333333333336,8.51
7033.0,99.0,2.0,28.6,7153.0,1.1440000000000001
7033.0,120.0,4.0,63.14,6.5,12.628
7033.0,32.0,1.0,50.07,30.0,1.669
32.0,52173.0,1.0,43.89,48.0,0.914375
52173.0,120.0,1.0,36.37,8.0,4.54625
120.0,73911.0,1.0,53.59,9.0,5.954444444444444
73911.0,52173.0,2.0,69.07,6.5,138.14
73911.0,97969.0,1.0,12.53,39.0,0.3212820512820513
97969.0,95.0,2.0,126.58,3.0,42.193333333333335
97969.0,120.0,3.0,61.1,90.33333333333333,15.275
97969.0,54143.0,4.0,77.8,70.0,77.8
54143.0,95.0,1.0,48.92,7.0,6.988571428571428
95.0,22899.0,1.0,93.33,6.0,15.555
22899.0,120.0,1.0,36.95,4.0,9.2375
120.0,54143.0,2.0,33.29,2.0,66.58
13.0,11776.0,3.0,31.57,1652.6666666666667,63.14
11776.0,5.0,4.0,82.76,449.25,27.58666666666667
52689.0,42171.0,8.0,16.12,14.625,4.03
52689.0,96485.0,1.0,54.92,14660.0,0.0037462482946794
96485.0,22899.0,1.0,22.0,0.0,44.0
22899.0,2189.0,1.0,19.24,5786.0,0.0033252678880055305
2189.0,99.0,2.0,23.19,1832.0,0.5153333333333333
2189.0,42171.0,1.0,65.74,23249.0,0.002827648501010796
42171.0,13.0,2.0,214.35,4.0,214.35
42171.0,96485.0,1.0,69.77,3132.0,0.0222765006385696
96485.0,10197.0,2.0,53.25,3590.5,10.65
96485.0,56802.0,2.0,36.25,2.5,36.25
10197.0,105.0,2.0,85.66,96.5,2.1414999999999997
10197.0,22.0,2.0,31.02,27262.5,0.001227008425299632
22.0,33.0,2.0,24.53,6.5,4.088333333333334
10197.0,99.0,2.0,33.38,1267.0,5.5633333333333335
33.0,22.0,6.0,24.53,4330.5,4.088333333333334
33.0,32.0,1.0,74.92,161.0,0.4653416149068323
32.0,99.0,1.0,27.73,31826.0,0.0008713001948092755
95.0,43255.0,3.0,16.64,6731.333333333333,0.4266666666666667
43255.0,16442.0,1.0,35.51,6711.0,0.005291312770078975
16442.0,30962.0,1.0,70.01,3.0,23.33666666666667
30962.0,43255.0,6.0,101.24,10.0,50.62
43255.0,38972.0,2.0,41.4,41.5,82.8
30962.0,120.0,1.0,24.55,96.0,0.2557291666666667
120.0,43255.0,3.0,82.56,3.3333333333333335,41.28
43255.0,32.0,1.0,102.87,2.0,51.435
32.0,30962.0,1.0,38.38,3.0,12.793333333333335
30962.0,44331.0,1.0,128.83,2.0,64.415
44331.0,32.0,2.0,132.29,16.0,14.698888888888888
44331.0,49504.0,1.0,49.65,0.0,99.3
49504.0,43826.0,7.0,95.96,4.0,31.986666666666665
49504.0,13.0,2.0,76.3,3.5,76.3
43826.0,95073.0,1.0,73.39,7094.0,0.010345362277981393
95073.0,13.0,2.0,102.46,3.5,102.46
95073.0,75175.0,8.0,65.3,3.0,21.766666666666666
95073.0,22.0,4.0,150.28,8.25,50.093333333333334
95073.0,101.0,2.0,61.64,45.5,1.9883870967741937
95073.0,32.0,1.0,68.74,4.0,17.185
32.0,22.0,1.0,88.88,1.0,88.88
22.0,75175.0,1.0,86.7,8.0,10.8375
75175.0,32.0,1.0,34.87,4.0,8.7175
32.0,43826.0,1.0,45.84,1.0,45.84
43826.0,13.0,3.0,141.75,2.3333333333333335,141.75
13.0,120.0,1.0,137.04,1.0,137.04
120.0,33.0,1.0,88.04,5.0,17.608
33.0,43826.0,3.0,82.21,1.6666666666666667,82.21
43826.0,43255.0,3.0,85.6,5745.333333333333,0.14242928452579035
43255.0,49.0,4.0,63.4,34.5,63.4
43255.0,101.0,2.0,104.65,3.5,104.65
43255.0,76794.0,1.0,56.36,9191.0,0.006132085736046132
76794.0,49.0,2.0,83.3,351.5,0.6664
76794.0,33.0,4.0,109.78,6.5,54.89
76794.0,2669.0,1.0,57.57,1419.0,0.0405708245243129
2669.0,49.0,2.0,71.46,89.0,0.8609638554216866
2669.0,99.0,1.0,111.86,30.0,3.728666666666667
99.0,43255.0,5.0,110.97,6.2,55.485
99.0,84.0,2.0,84.36,5.0,16.872
84.0,43255.0,4.0,92.86,15.0,23.215
43826.0,2669.0,2.0,84.91,1.0,84.91
43826.0,120.0,2.0,8.61,42.0,17.22
43826.0,84.0,2.0,89.16,3.5,29.72
43826.0,99.0,2.0,32.43,17.0,5.405
2037.0,42704.0,5.0,57.63,1248.6,57.63
42704.0,22.0,5.0,32.09,5584.8,0.022839857651245556
22.0,99.0,8.0,64.39,501.875,16.0975
42704.0,99.0,6.0,87.88,236.33333333333334,14.646666666666667
22.0,33.0,1.0,24.53,6.0,4.088333333333334
33.0,99.0,1.0,55.62,2.0,27.81
10197.0,105.0,6.0,85.66,81.5,3.059285714285714
10197.0,33.0,2.0,27.47,6.5,6.8675
10197.0,22.0,1.0,31.02,3827.0,0.008105565717272015
22.0,105.0,2.0,63.38,26.0,9.054285714285715
22.0,69620.0,1.0,29.59,847.0,0.03493506493506494
69620.0,39522.0,5.0,32.56,5242.0,1.162857142857143
39522.0,26962.0,1.0,65.12,2028.0,0.03211045364891519
26962.0,32.0,1.0,93.01,78.0,1.1924358974358975
32.0,69620.0,1.0,61.39,694.0,0.08845821325648415
69620.0,85185.0,1.0,19.7,10739.0,0.0018344352360554986
5.0,22899.0,2.0,54.66,1971.5,0.028262668045501548
5.0,99.0,1.0,59.06,147.0,0.4017687074829932
99.0,22899.0,1.0,4.53,4199.0,0.0010788282924505835
22899.0,32.0,4.0,26.39,1138.25,52.78
22899.0,14457.0,4.0,3.16,3749.5,0.24307692307692308
14457.0,32.0,2.0,27.0,8861.5,2.4545454545454546
14457.0,101.0,2.0,112.4,19.5,14.05
22899.0,120.0,5.0,36.95,8.6,12.316666666666668
22899.0,22.0,3.0,68.16,436.0,17.04
120.0,22.0,1.0,86.98,1.0,86.98
22.0,33.0,3.0,24.53,6.0,4.088333333333334
33.0,22899.0,2.0,60.04,17.5,20.013333333333332
22.0,95.0,1.0,157.9,5.0,31.580000000000002
95.0,33.0,1.0,153.3,2.0,76.65
22899.0,84.0,4.0,81.98,6.5,40.99
14457.0,95.0,2.0,96.42,6.5,16.07
95.0,95695.0,1.0,26.44,720.0,0.036722222222222226
95695.0,92.0,2.0,150.18,1707.5,0.28605714285714284
95695.0,88.0,2.0,26.87,3118.5,0.0627803738317757
95695.0,13.0,4.0,49.67,926.5,49.67
95695.0,5.0,4.0,64.81,4.5,32.405
95695.0,41650.0,2.0,32.8,15805.5,2.523076923076923
41650.0,5.0,4.0,60.37,5.5,20.12333333333333
41650.0,13.0,4.0,71.96,126.25,35.98
95.0,49119.0,1.0,104.83,2108.0,0.049729601518026564
49119.0,35721.0,7.0,120.21,1465.142857142857,40.07
49119.0,22.0,2.0,59.09,26.0,3.1100000000000003
49119.0,55501.0,2.0,140.94,9.5,281.88
49119.0,35389.0,1.0,50.92,5.0,10.184000000000001
35389.0,66.0,2.0,309.59,14.5,103.19666666666666
35389.0,35721.0,1.0,78.72,0.0,157.44
35721.0,55501.0,3.0,76.53,2299.0,25.51
55501.0,33.0,2.0,188.7,69.5,18.869999999999997
33.0,83617.0,2.0,33.7,6.5,6.74
55501.0,83617.0,4.0,156.59,71.5,22.37
55501.0,90208.0,1.0,112.7,14.0,8.05
90208.0,4605.0,3.0,7.07,3.6666666666666665,3.535
4605.0,7981.0,1.0,22.63,2.0,11.315
7981.0,71073.0,4.0,30.89,639.75,30.89
7981.0,89724.0,2.0,20.4,4621.0,0.005579868708971553
89724.0,84.0,2.0,75.63,475.0,0.45287425149700594
7981.0,63439.0,1.0,51.87,2645.0,0.019610586011342156
63439.0,22.0,2.0,162.43,6.5,27.07166666666667
63439.0,13.0,5.0,75.27,5.6,18.8175
13.0,7981.0,3.0,122.11,3.6666666666666665,244.22
7981.0,22.0,3.0,111.57,4.0,111.57
22.0,84.0,1.0,146.05,0.0,292.1
84.0,63342.0,1.0,68.46,2.0,34.23
63342.0,4605.0,1.0,7.81,5.0,1.5619999999999998
4605.0,50470.0,2.0,28.65,3.0,14.325
4605.0,120.0,2.0,24.88,4.0,8.293333333333333
4605.0,50327.0,5.0,6.71,5.0,3.355
50327.0,59184.0,1.0,2.24,2.0,1.12
59184.0,42567.0,1.0,13.45,7.0,1.9214285714285713
42567.0,90208.0,2.0,13.45,2.5,6.725
42567.0,13.0,2.0,155.17,5.5,155.17
42567.0,35721.0,3.0,107.84,2.0,107.84
49119.0,63439.0,1.0,108.45,7084.0,0.015309147374364765
95.0,8224.0,1.0,40.65,2773.0,0.014659213847818247
8224.0,43255.0,3.0,51.31,691.6666666666666,25.655
43255.0,84.0,2.0,92.86,433.5,0.23508860759493672
84.0,8224.0,1.0,76.49,663.0,0.11536953242835594
8224.0,16442.0,1.0,23.41,8129.0,0.0028798130151310125
16442.0,5.0,2.0,18.86,4159.0,37.72
5.0,95.0,2.0,39.38,4639.5,0.009957016434892541
16442.0,101.0,4.0,84.84,1118.75,0.1279638009049774
16442.0,84.0,1.0,65.56,599.0,0.10944908180300501
84.0,101.0,6.0,29.03,8.833333333333334,58.06
101.0,8224.0,3.0,100.36,146.0,1.393888888888889
8224.0,88.0,1.0,86.81,33.0,2.630606060606061
88.0,43255.0,1.0,37.3,0.0,74.6
95.0,99.0,1.0,97.82,3799.0,0.025748881284548563
99.0,16442.0,1.0,77.41,0.0,154.82
16442.0,92.0,2.0,156.74,6.5,26.123333333333335
16442.0,5.0,2.0,18.86,1381.0,0.05949526813880126
16442.0,21324.0,1.0,85.63,3.0,28.543333333333333
21324.0,41941.0,3.0,7.21,4.666666666666667,7.21
21324.0,33.0,2.0,49.92,4.5,16.64
41941.0,33.0,2.0,55.85,7.0,9.308333333333334
41941.0,65425.0,1.0,3.61,52.0,0.06942307692307692
65425.0,33.0,2.0,55.35,32.0,11.07
65425.0,21324.0,1.0,9.22,1818.0,0.005071507150715072
21324.0,11949.0,1.0,88.2,4421.0,0.019950237502827414
11949.0,66466.0,1.0,36.12,598.0,0.06040133779264214
66466.0,21324.0,1.0,109.99,45.0,2.4442222222222223
21324.0,19904.0,3.0,130.18,200.66666666666666,1.9144117647058825
19904.0,101.0,1.0,120.19,4.0,30.0475
101.0,52012.0,1.0,124.23,254.0,0.4890944881889764
52012.0,63571.0,1.0,26.25,146.0,0.1797945205479452
63571.0,22908.0,2.0,44.38,6.5,14.793333333333335
63571.0,64512.0,2.0,53.08,4355.0,0.021013460015835313
63571.0,33.0,4.0,58.69,242.75,1.0480357142857142
63571.0,92185.0,3.0,81.58,3.3333333333333335,40.79
92185.0,9903.0,1.0,24.6,893.0,0.027547592385218367
9903.0,101.0,2.0,89.91,52.0,9.99
9903.0,64512.0,2.0,25.06,2121.0,0.01470657276995305
64512.0,101.0,2.0,70.7,13.0,17.675
9903.0,84.0,2.0,67.54,473.5,0.649423076923077
9903.0,81275.0,2.0,88.96,1.5,88.96
9903.0,32.0,2.0,59.03,3.5,118.06
9903.0,63571.0,2.0,63.98,6.5,127.96
9903.0,42913.0,1.0,70.66,0.0,141.32
42913.0,22.0,5.0,61.79,8.0,15.4475
22.0,33.0,3.0,24.53,5.0,4.906000000000001
33.0,42913.0,2.0,51.65,3.0,17.216666666666665
33.0,40298.0,4.0,27.09,6.5,5.418
33.0,77334.0,1.0,51.35,2.0,25.675
77334.0,84.0,1.0,92.43,4.0,23.1075
84.0,101.0,1.0,29.03,1.0,29.03
101.0,40298.0,2.0,148.47,6.0,37.1175
40298.0,12543.0,5.0,112.51,30.6,225.02
40298.0,92185.0,2.0,111.41,23.0,222.82
40298.0,77334.0,1.0,30.0,2.0,15.0
77334.0,64512.0,2.0,63.25,49.5,2.1810344827586206
77334.0,92185.0,1.0,85.09,1824.0,0.046650219298245615
92185.0,22.0,4.0,136.83,5.5,34.2075
92185.0,64512.0,4.0,49.65,4.5,12.4125
92185.0,49.0,6.0,83.85,12.833333333333334,20.9625
92185.0,21324.0,1.0,86.33,6.0,14.388333333333334
21324.0,49.0,4.0,138.71,132.0,34.6775
21324.0,12543.0,1.0,87.24,2.0,43.62
12543.0,101.0,2.0,106.79,6.5,21.358
40298.0,13.0,4.0,199.0,3.5,398.0
101.0,49.0,1.0,54.17,0.0,108.34
49.0,77334.0,2.0,132.88,4.0,33.22
77334.0,13.0,7.0,172.56,2.5714285714285716,345.12
77334.0,92.0,3.0,165.95,3.6666666666666665,55.31666666666666
49.0,92.0,1.0,211.31,1.0,211.31
13.0,21324.0,1.0,173.99,0.0,347.98
21324.0,92.0,8.0,160.16,6.0,40.04
95.0,95695.0,1.0,26.44,285.0,0.09277192982456141
95695.0,20197.0,2.0,24.19,9179.5,0.0027460551708479966
20197.0,88.0,2.0,2.88,1953.5,0.004931506849315068
20197.0,92.0,6.0,150.05,221.16666666666666,50.01666666666667
95.0,51259.0,1.0,83.71,79.0,1.0596202531645569
51259.0,20197.0,1.0,77.52,7226.0,0.010727926930528646
20197.0,88.0,2.0,2.88,4349.0,0.32
20197.0,49.0,1.0,80.07,20.0,4.0035
49.0,29692.0,6.0,105.72,4.666666666666667,105.72
29692.0,5.0,5.0,83.84,247.8,41.92
5.0,49.0,1.0,73.03,4.0,18.2575
29692.0,13.0,1.0,52.13,2.0,26.065
13.0,95695.0,1.0,49.67,11.0,4.515454545454546
95695.0,92.0,4.0,150.18,2561.0,7.151428571428572
95.0,97081.0,1.0,5.07,202.0,0.0250990099009901
97081.0,5.0,2.0,41.32,1262.0,82.64
97081.0,48363.0,1.0,36.35,4613.0,0.00787990461738565
48363.0,95.0,2.0,39.43,1051.5,1.6429166666666666
48363.0,70591.0,1.0,52.35,7.0,7.478571428571429
70591.0,84.0,1.0,63.19,1.0,63.19
84.0,48363.0,3.0,113.3,299.3333333333333,226.6
48363.0,55506.0,4.0,75.8,179.0,151.6
48363.0,90062.0,1.0,50.54,30124.0,0.001677732040897623
90062.0,97081.0,1.0,29.41,1897.0,0.015503426462836057
97081.0,95695.0,1.0,23.54,5311.0,0.004432310299378648
95695.0,51259.0,1.0,75.5,0.0,151.0
51259.0,79500.0,3.0,91.79,7.0,183.58
79500.0,90062.0,5.0,16.4,12.0,3.28
90062.0,78107.0,3.0,62.68,2512.3333333333335,15.67
78107.0,22.0,2.0,109.33,4.0,36.443333333333335
78107.0,48363.0,5.0,85.09,9.4,170.18
48363.0,35839.0,3.0,107.3,3.3333333333333335,214.6
35839.0,97081.0,1.0,71.06,2861.0,0.024837469416288012
33.0,27349.0,1.0,56.09,208.0,0.26966346153846155
27349.0,99.0,2.0,24.42,1362.5,0.053086956521739136
52711.0,5.0,4.0,47.71,3652.75,0.13289693593314764
5.0,22.0,2.0,121.22,6.5,30.305
52711.0,84.0,3.0,23.91,10329.0,0.9196153846153846
84.0,101.0,1.0,29.03,8005.0,0.003626483447845097
101.0,52711.0,2.0,36.58,4952.0,0.7172549019607842
52711.0,99.0,2.0,90.26,130.0,6.017333333333334
101.0,99.0,1.0,113.35,88.0,1.2880681818181818
101.0,52711.0,1.0,36.58,286.0,0.1279020979020979
52711.0,88.0,2.0,102.6,97.5,1.14
52711.0,49.0,4.0,39.82,9.75,19.91
52711.0,5.0,1.0,47.71,176.0,0.27107954545454543
5.0,74798.0,6.0,51.45,79.33333333333333,12.8625
74798.0,95.0,3.0,90.81,5.666666666666667,90.81
95.0,88.0,3.0,53.3,3.0,17.766666666666666
88.0,74798.0,5.0,141.9,8.0,47.300000000000004
74798.0,120.0,5.0,43.97,1.6,43.97
120.0,95.0,2.0,73.6,2.0,36.8
74798.0,33.0,1.0,64.81,3.0,21.603333333333335
33.0,32.0,1.0,74.92,4.0,18.73
32.0,74798.0,1.0,15.05,2.0,7.525
5.0,120.0,1.0,44.14,3.0,14.713333333333333
88.0,5.0,2.0,91.38,3.0,30.459999999999997
74798.0,52711.0,1.0,78.29,32998.0,0.0023725680344263292
22.0,31646.0,2.0,12.05,323.5,24.1
31646.0,99.0,2.0,59.51,3634.0,0.016968919304248646
99.0,22.0,1.0,64.39,2080.0,0.03095673076923077
99.0,5.0,1.0,59.06,7248.0,0.008148454746136865
5.0,33.0,1.0,114.67,1961.0,0.05847526772055074
33.0,99.0,2.0,55.62,2768.0,0.023389402859545837
33.0,105.0,1.0,59.19,1948.0,0.03038501026694045
105.0,120.0,1.0,146.43,9710.0,0.01508032955715757
120.0,22.0,1.0,86.98,2815.0,0.030898756660746006
22.0,86606.0,1.0,24.67,19.0,1.2984210526315791
86606.0,95389.0,7.0,19.7,28.857142857142858,3.283333333333333
95389.0,10197.0,7.0,17.03,29.857142857142858,0.9461111111111111
10197.0,52989.0,3.0,22.47,13.333333333333334,22.47
52989.0,95.0,1.0,106.19,15.0,7.0793333333333335
95.0,2037.0,1.0,127.4,31.0,4.109677419354839
2037.0,52989.0,4.0,22.8,154.0,22.8
52989.0,66.0,1.0,259.49,95.0,2.7314736842105263
66.0,2037.0,1.0,237.39,2966.0,0.08003708698583951
2037.0,32298.0,2.0,29.41,32.5,3.267777777777778
52989.0,98488.0,5.0,29.73,27.8,7.4325
98488.0,2037.0,3.0,51.11,11.666666666666666,102.22
2037.0,120.0,6.0,62.07,324.5,0.5350862068965517
22.0,33.0,1.0,24.53,19254.0,0.0012740209826529554
33.0,95.0,2.0,153.3,14031.0,0.012275784753363229
33.0,31646.0,1.0,12.51,156.0,0.08019230769230769
31646.0,5.0,3.0,117.96,14.0,39.32
31646.0,120.0,4.0,87.21,25.0,43.605
31646.0,32.0,2.0,81.87,240.5,27.290000000000003
32.0,5.0,4.0,48.84,64.5,48.84
5.0,120.0,1.0,44.14,3.0,14.713333333333333
22.0,31646.0,1.0,12.05,6234.0,0.001932948347770292
31646.0,33.0,1.0,12.51,6157.0,0.0020318336852363163
33.0,5.0,2.0,114.67,7581.5,0.05515632515632516
33.0,95389.0,1.0,44.44,22.0,2.02
95389.0,8789.0,2.0,28.07,3.5,9.356666666666667
95389.0,15362.0,1.0,10.2,18.0,0.5666666666666667
15362.0,8789.0,2.0,18.0,2.5,9.0
15362.0,95.0,4.0,106.82,17.5,213.64
15362.0,95034.0,1.0,19.42,2.0,9.71
95034.0,120.0,8.0,58.93,33.25,58.93
95034.0,32.0,1.0,51.83,15784.0,0.003283705017739483
32.0,120.0,5.0,54.21,5.4,54.21
120.0,22899.0,4.0,36.95,6.5,36.95
95034.0,31646.0,2.0,31.83,5164.0,0.014435374149659863
31646.0,105.0,2.0,59.57,202.0,14.8925
31646.0,120.0,3.0,87.21,14.666666666666666,21.8025
31646.0,2037.0,1.0,29.07,169.0,0.17201183431952663
2037.0,32.0,2.0,53.83,6.5,8.971666666666666
2037.0,105.0,1.0,85.44,479.0,0.17837160751565762
22.0,99.0,1.0,64.39,3507.0,0.018360422013116624
99.0,33.0,1.0,55.62,9209.0,0.006039743728960799
33.0,2037.0,1.0,26.3,99.0,0.26565656565656565
2037.0,120.0,2.0,62.07,1628.0,0.1312262156448203
2037.0,31646.0,1.0,29.07,4907.0,0.005924189932749134
31646.0,22.0,2.0,12.05,2301.0,0.0082365003417635
23286.0,27349.0,1.0,12.81,501.0,0.025568862275449102
27349.0,76365.0,1.0,33.29,808.0,0.04120049504950495
76365.0,23286.0,2.0,46.04,602.0,2.708235294117647
76365.0,49487.0,1.0,24.33,3169.0,0.007677500788892394
49487.0,32.0,2.0,26.39,1074.0,0.18075342465753425
49487.0,72617.0,6.0,13.45,86.33333333333333,4.483333333333333
72617.0,95.0,2.0,90.43,383.5,45.215
72617.0,48523.0,6.0,9.9,69.66666666666667,3.3000000000000003
48523.0,95.0,2.0,80.58,65.0,26.86
48523.0,49487.0,1.0,17.12,4256.0,0.004022556390977444
49487.0,61987.0,8.0,16.64,1094.75,8.32
61987.0,48523.0,1.0,17.89,0.0,35.78
48523.0,72195.0,1.0,25.06,5271.0,0.004754316069057104
72195.0,32.0,1.0,34.41,7213.0,0.004770553167891307
32.0,48523.0,3.0,35.49,391.6666666666667,0.7098
72617.0,32.0,2.0,37.97,27.5,5.424285714285714
61987.0,5.0,1.0,39.41,12.0,3.2841666666666662
5.0,49487.0,2.0,54.66,0.0,109.32
49487.0,105.0,5.0,119.02,20.4,238.04
105.0,5.0,3.0,173.49,19.666666666666668,28.915000000000003
49487.0,27349.0,1.0,24.74,10700.0,0.0023121495327102803
95.0,49.0,3.0,55.08,600.0,27.54
95.0,5.0,4.0,39.38,1344.5,4.9225
95.0,88.0,7.0,53.3,1659.0,0.06383233532934131
88.0,49.0,1.0,82.73,7193.0,0.01150145975253719
95.0,35033.0,1.0,88.03,26319.0,0.0033447319427029904
35033.0,30962.0,5.0,12.53,12.8,4.176666666666667
30962.0,13.0,3.0,158.41,52.0,316.82
13.0,92.0,1.0,154.36,1.0,154.36
92.0,30962.0,1.0,153.94,1.0,153.94
30962.0,120.0,1.0,24.55,5.0,4.91
120.0,16442.0,2.0,56.3,2.0,28.15
16442.0,33.0,4.0,132.97,3.0,44.32333333333333
16442.0,22.0,3.0,138.33,3.6666666666666665,46.11000000000001
22.0,120.0,1.0,86.98,1.0,86.98
16442.0,43255.0,2.0,35.51,3264.5,5.918333333333333
43255.0,66.0,2.0,377.18,732.0,94.295
43255.0,13.0,4.0,60.17,5.25,30.085
43255.0,92.0,2.0,148.74,4.0,49.580000000000005
13.0,49.0,2.0,99.52,13.0,99.52
43255.0,5.0,2.0,54.13,1054.0,0.18043333333333333
43255.0,22.0,2.0,168.8,292.0,3.591489361702128
16442.0,95.0,1.0,20.55,11052.0,0.0018593919652551574
84.0,5.0,5.0,58.5,1231.2,11.7
5.0,22.0,4.0,121.22,4.0,40.406666666666666
22.0,95.0,3.0,157.9,3.0,52.63333333333333
95.0,120.0,1.0,73.6,0.0,147.2
120.0,84.0,1.0,95.0,0.0,190.0
84.0,33.0,2.0,130.17,4.0,32.5425
33.0,5.0,2.0,114.67,1.0,114.67
95.0,84.0,1.0,76.73,0.0,153.46
95.0,101.0,1.0,90.35,1.0,90.35
101.0,84.0,1.0,29.03,0.0,58.06
84.0,99.0,1.0,84.36,3.0,28.12
99.0,5.0,1.0,59.06,3.0,19.686666666666667
22.0,84.0,1.0,146.05,3816.0,0.038273060796645705
84.0,32.0,1.0,57.42,519.0,0.11063583815028902
32.0,120.0,1.0,54.21,1.0,54.21
88.0,95695.0,1.0,26.87,0.0,53.74
95695.0,95.0,1.0,26.44,3860.0,0.0068497409326424875
95.0,88.0,2.0,53.3,2949.0,0.02165786265745632
95.0,20197.0,1.0,50.59,951.0,0.053196635120925345
20197.0,95695.0,2.0,24.19,26793.0,0.002345810705973623
95695.0,5.0,1.0,64.81,3.0,21.603333333333335
5.0,20197.0,3.0,88.83,7.666666666666667,29.61
88.0,13.0,2.0,22.87,13840.5,0.002611028656239297
13.0,95.0,6.0,76.05,1893.6666666666667,76.05
13.0,78887.0,1.0,41.13,13.0,3.163846153846154
78887.0,88.0,1.0,18.27,2269.0,0.008052005288673425
88.0,95.0,1.0,53.3,5478.0,0.0097298284045272
95.0,78887.0,5.0,35.42,1113.0,0.3979775280898877
78887.0,80285.0,1.0,16.49,7496.0,0.002199839914621131
80285.0,88.0,1.0,34.76,2161.0,0.016085145765849143
13.0,80285.0,1.0,57.61,13.0,4.431538461538461
88.0,19994.0,1.0,34.65,791.0,0.04380530973451327
19994.0,58286.0,1.0,36.01,7686.0,0.004685141816289357
58286.0,95.0,1.0,20.62,3747.0,0.005503069121964238
95.0,22364.0,1.0,77.88,36.0,2.163333333333333
22364.0,85939.0,3.0,121.2,1732.3333333333333,30.3
85939.0,99.0,4.0,2.17,15.5,0.5425
85939.0,76952.0,6.0,40.26,69.16666666666667,20.13
85939.0,19994.0,3.0,118.51,7040.0,0.1096299722479186
19994.0,92.0,5.0,161.5,7.0,161.5
92.0,53888.0,1.0,145.3,12.0,12.108333333333334
53888.0,120.0,5.0,12.49,2.2,24.98
120.0,32.0,3.0,54.21,1.0,54.21
32.0,53888.0,6.0,42.89,2.1666666666666665,42.89
53888.0,84.0,2.0,82.77,7.0,165.54
53888.0,33.0,2.0,86.72,17.0,14.453333333333333
32.0,22.0,1.0,88.88,3.0,29.626666666666665
22.0,19994.0,1.0,179.92,0.0,359.84
19994.0,95.0,2.0,22.44,1092.0,0.40071428571428575
33.0,95.0,1.0,153.3,38333.0,0.003999165210132262
95.0,96.0,1.0,300.94,1259.0,0.2390309769658459
96.0,33.0,1.0,148.12,45.0,3.2915555555555556
33.0,5.0,1.0,114.67,4311.0,0.026599396891672466
5.0,66.0,1.0,325.65,260.0,1.2525
66.0,22.0,1.0,210.79,162.0,1.3011728395061728
22.0,95.0,3.0,157.9,44.0,14.354545454545455
95.0,5.0,5.0,39.38,71.6,7.876
5.0,22.0,3.0,121.22,23.333333333333332,6.734444444444445
22.0,96.0,1.0,150.17,37.0,4.058648648648648
96.0,5.0,1.0,261.85,22.0,11.90227272727273
22899.0,36426.0,1.0,49.65,7020.0,0.007072649572649572
36426.0,32.0,1.0,45.94,3452.0,0.013308227114716105
32.0,120.0,1.0,54.21,149.0,0.3638255033557047
120.0,36426.0,7.0,38.59,216.14285714285714,0.9894871794871796
36426.0,99.0,8.0,54.1,1988.625,27.05
36426.0,22.0,1.0,115.76,7275.0,0.015912027491408937
22.0,88.0,1.0,202.54,2881.0,0.07030197847969455
88.0,36426.0,5.0,94.92,194.4,4.5200000000000005
95.0,20032.0,3.0,42.53,856.6666666666666,85.06
20032.0,5.0,2.0,80.82,2703.0,4.0409999999999995
20032.0,13.0,2.0,33.55,2316.5,0.11529209621993126
22.0,96.0,1.0,150.17,34744.0,0.004322185125489293
96.0,33.0,1.0,148.12,578.0,0.25626297577854673
33.0,32.0,1.0,74.92,81.0,0.9249382716049382
32.0,22.0,4.0,88.88,271.25,44.44
32.0,5.0,1.0,48.84,115.0,0.4246956521739131
5.0,33.0,5.0,114.67,41.2,38.223333333333336
120.0,22.0,4.0,86.98,8976.0,0.0968596881959911
120.0,105.0,1.0,146.43,3258.0,0.044944751381215474
105.0,33.0,1.0,59.19,4833.0,0.012247051520794538
33.0,120.0,1.0,88.04,3231.0,0.02724852986691427
49.0,88.0,1.0,82.73,839.0,0.09860548271752086
88.0,5.0,1.0,91.38,1766.0,0.0517440543601359
5.0,95.0,1.0,39.38,18292.0,0.0021528537065383774
95.0,49.0,1.0,55.08,4236.0,0.0130028328611898
49.0,99.0,1.0,126.11,1595.0,0.07906583072100314
5.0,95.0,2.0,39.38,3650.0,0.01313542361574383
5.0,66.0,1.0,325.65,30598.0,0.01064285247401791
66.0,84.0,1.0,329.09,7.0,47.012857142857136
84.0,68034.0,1.0,123.3,28.0,4.4035714285714285
68034.0,120.0,1.0,75.07,37.0,2.0289189189189187
120.0,76411.0,1.0,27.87,10.0,2.787
76411.0,16442.0,1.0,64.2,21.0,3.0571428571428574
16442.0,84.0,6.0,65.56,147.66666666666666,10.926666666666668
16442.0,5.0,1.0,18.86,78.0,0.24179487179487177
5.0,68034.0,5.0,103.39,8.0,103.39
68034.0,10197.0,1.0,14.32,7.0,2.045714285714286
10197.0,5.0,4.0,90.96,9.75,90.96
10197.0,33.0,1.0,27.47,11.0,2.497272727272727
99.0,31646.0,5.0,59.51,4010.8,29.755
31646.0,33.0,2.0,12.51,16336.0,1.56375
31646.0,105.0,2.0,59.57,32.5,29.785
31646.0,32.0,6.0,81.87,12.166666666666666,40.935
31646.0,120.0,1.0,87.21,4.0,21.8025
99.0,5.0,1.0,59.06,57.0,1.036140350877193
5.0,95.0,2.0,39.38,11991.5,0.004553127529194127
95.0,33.0,2.0,153.3,3059.5,153.3
33.0,5.0,1.0,114.67,1533.0,0.0748010437051533
95.0,66.0,1.0,364.53,29.0,12.569999999999999
66.0,33.0,2.0,211.28,31.5,17.606666666666666
33.0,120.0,1.0,88.04,18.0,4.891111111111112
120.0,58352.0,4.0,126.05,209.25,31.5125
58352.0,95.0,7.0,64.62,107.42857142857143,64.62
95.0,22.0,4.0,157.9,92.5,52.63333333333333
22.0,105.0,2.0,63.38,2.0,31.69
105.0,95.0,2.0,212.35,8.5,106.175
33.0,22.0,5.0,24.53,6.8,4.906000000000001
22.0,5.0,2.0,121.22,13.0,24.244
22.0,58352.0,2.0,213.01,632.5,0.5489948453608248
95.0,96.0,1.0,300.94,84.0,3.5826190476190476
96.0,66.0,3.0,64.72,10.666666666666666,7.191111111111111
66.0,120.0,1.0,297.2,58.0,5.124137931034483
120.0,5.0,1.0,44.14,23.0,1.9191304347826088
5.0,84.0,1.0,58.5,7.0,8.357142857142858
84.0,58352.0,1.0,136.64,3.0,45.54666666666666
58352.0,5.0,2.0,102.73,787.5,0.14975218658892128
120.0,22.0,2.0,86.98,11.5,17.396
95.0,120.0,1.0,73.6,5.0,14.719999999999999
22.0,96.0,1.0,150.17,4.0,37.5425
96.0,33.0,1.0,148.12,1.0,148.12
99.0,5.0,2.0,59.06,21396.0,0.0027950780880265026
99.0,66.0,1.0,266.73,6069.0,0.043949579831932775
66.0,5.0,1.0,325.65,4702.0,0.0692577626541897
5.0,95.0,7.0,39.38,43.714285714285715,6.5633333333333335
95.0,99.0,1.0,97.82,174.0,0.562183908045977
99.0,32.0,4.0,27.73,4.75,9.243333333333334
32.0,22.0,1.0,88.88,4.0,22.22
22.0,99.0,3.0,64.39,6.333333333333333,10.731666666666667
32.0,96.0,1.0,217.41,163.0,1.333803680981595
5.0,88.0,4.0,91.38,11013.75,0.4230555555555555
5.0,95.0,1.0,39.38,17010.0,0.002315108759553204
95.0,22.0,3.0,157.9,7.666666666666667,39.475
95.0,95695.0,1.0,26.44,365.0,0.07243835616438357
95695.0,22.0,2.0,179.19,6.5,44.7975
95695.0,16442.0,1.0,46.1,0.0,92.2
16442.0,80366.0,1.0,13.04,14.0,0.9314285714285714
80366.0,22.0,3.0,148.58,5.666666666666667,37.145
80366.0,88.0,1.0,59.84,1.0,59.84
88.0,95.0,1.0,53.3,104.0,0.5125
95.0,80366.0,4.0,9.55,18.5,1.9100000000000001
22.0,33.0,3.0,24.53,6.0,4.088333333333334
33.0,80366.0,2.0,144.43,2.0,72.215
80366.0,120.0,1.0,64.05,1.0,64.05
120.0,22.0,1.0,86.98,4.0,21.745
5.0,95.0,9.0,39.38,4676.222222222223,0.29170370370370374
95.0,22.0,4.0,157.9,3273.75,78.95
5.0,22.0,1.0,121.22,2243.0,0.054043691484618815
22.0,99.0,1.0,64.39,137.0,0.47000000000000003
99.0,88.0,1.0,147.2,6377.0,0.023082954367257328
88.0,5.0,1.0,91.38,1461.0,0.06254620123203285
5.0,99.0,1.0,59.06,559.0,0.10565295169946333
99.0,95.0,1.0,97.82,126.0,0.7763492063492063
5.0,16442.0,1.0,18.86,0.0,37.72
16442.0,88.0,1.0,72.81,6046.0,0.01204267284154813
88.0,95.0,1.0,53.3,14099.0,0.00378040995815306
95.0,43826.0,1.0,75.23,1015.0,0.07411822660098523
43826.0,16442.0,1.0,56.61,19462.0,0.002908745247148289
5.0,16442.0,2.0,18.86,1933.5,37.72
5.0,95.0,2.0,39.38,5964.0,0.008708536045997348
5.0,64732.0,1.0,6.61,247.0,0.026761133603238868
64732.0,56960.0,1.0,26.08,15101.0,0.0017270379445069861
56960.0,84.0,4.0,64.86,254.75,0.5791071428571428
56960.0,13.0,4.0,132.65,89.0,13.265
56960.0,95.0,2.0,59.55,4026.5,11.91
5.0,120.0,1.0,44.14,8617.0,0.005122432401067657
120.0,32.0,2.0,54.21,17272.5,0.0032018191483078376
32.0,99.0,1.0,27.73,313.0,0.08859424920127795
99.0,5.0,1.0,59.06,4258.0,0.013870361672146548
5.0,32.0,1.0,48.84,10825.0,0.004511778290993072
32.0,95.0,1.0,87.51,2055.0,0.04258394160583942
95.0,120.0,1.0,73.6,2337.0,0.031493367565254594
32.0,74000.0,3.0,13.93,7689.333333333333,0.020306122448979592
74000.0,69524.0,1.0,23.32,6433.0,0.003625058293175812
69524.0,22.0,2.0,77.55,61.5,2.585
49.0,101.0,4.0,54.17,87.75,0.8333846153846154
101.0,84.0,4.0,29.03,908.0,58.06
84.0,5.0,5.0,58.5,211.8,19.5
5.0,101.0,1.0,82.63,47.0,1.7580851063829785
84.0,49.0,2.0,60.58,481.5,0.1858282208588957
49.0,99.0,1.0,126.11,18628.0,0.00676991625509985
99.0,84.0,1.0,84.36,22050.0,0.0038258503401360543
5.0,95.0,5.0,39.38,606.2,6.5633333333333335
95.0,88.0,3.0,53.3,2.0,26.65
88.0,13.0,4.0,22.87,2.0,11.435
13.0,5.0,4.0,114.24,1.0,114.24
5.0,88.0,1.0,91.38,23.0,3.9730434782608692
33.0,68034.0,1.0,13.18,16128.0,0.0008172123015873016
68034.0,120.0,1.0,75.07,14036.0,0.005348389854659447
120.0,99.0,1.0,40.56,8306.0,0.004883216951601253
99.0,70429.0,1.0,20.45,0.0,40.9
70429.0,33.0,1.0,49.7,3744.0,0.013274572649572651
33.0,10197.0,4.0,27.47,259.75,9.156666666666666
10197.0,31646.0,5.0,27.2,803.0,4.533333333333333
10197.0,22.0,1.0,31.02,2655.0,0.011683615819209039
22.0,31646.0,1.0,12.05,364.0,0.033104395604395605
10197.0,105.0,1.0,85.66,80.0,1.0707499999999999
105.0,33.0,1.0,59.19,10417.0,0.005682058174138427
84.0,5.0,5.0,58.5,3864.2,8.357142857142858
84.0,101.0,1.0,29.03,2409.0,0.012050643420506435
101.0,52711.0,1.0,36.58,456.0,0.08021929824561404
52711.0,5.0,2.0,47.71,363.5,11.9275
84.0,120.0,2.0,95.0,6.5,31.666666666666668
84.0,16442.0,4.0,65.56,2461.25,0.4682857142857143
84.0,95.0,2.0,76.73,3853.0,0.03900864260294865
84.0,95695.0,1.0,100.87,397.0,0.25408060453400505
95695.0,22.0,2.0,179.19,5.5,44.7975
95695.0,16442.0,6.0,46.1,5.166666666666667,23.05
95695.0,5.0,8.0,64.81,68.375,16.2025
95695.0,95.0,1.0,26.44,39.0,0.677948717948718
95.0,88.0,8.0,53.3,33.0,106.6
95.0,5.0,7.0,39.38,18.0,9.845
88.0,5.0,1.0,91.38,3.0,30.459999999999997
88.0,84.0,1.0,126.06,20.0,6.303
84.0,22.0,1.0,146.05,1.0,146.05
22.0,5.0,1.0,121.22,8.0,15.1525
99.0,33.0,1.0,55.62,29510.0,0.0018847848187055235
33.0,5.0,1.0,114.67,720.0,0.1592638888888889
5.0,99.0,4.0,59.06,81.5,59.06
5.0,22.0,1.0,121.22,537.0,0.22573556797020483
22.0,33.0,1.0,24.53,6.0,4.088333333333334
95.0,5.0,4.0,39.38,1728.25,7.876
95.0,88.0,1.0,53.3,7341.0,0.0072605912001089765
88.0,49.0,1.0,82.73,1312.0,0.0630564024390244
49.0,95.0,1.0,55.08,2620.0,0.02102290076335878
33.0,105.0,4.0,59.19,5151.75,0.20064406779661015
105.0,31646.0,3.0,59.57,1147.0,2.0541379310344827
31646.0,22.0,3.0,12.05,2630.0,0.02689732142857143
22.0,19.0,1.0,117.21,7.0,16.744285714285713
19.0,33.0,1.0,120.37,4150.0,0.029004819277108435
32.0,14457.0,1.0,27.0,0.0,54.0
14457.0,22899.0,1.0,3.16,2513.0,0.0012574612017508954
22899.0,22.0,2.0,68.16,13.0,22.72
22899.0,84.0,5.0,81.98,5.4,40.99
88.0,66.0,1.0,412.31,13989.0,0.029473872328257916
66.0,96.0,1.0,64.72,19.0,3.406315789473684
96.0,105.0,1.0,88.97,12.0,7.414166666666667
105.0,33.0,1.0,59.19,3.0,19.73
33.0,22.0,2.0,24.53,5.5,4.906000000000001
22.0,105.0,1.0,63.38,4.0,15.845
105.0,120.0,1.0,146.43,10.0,14.643
120.0,33.0,1.0,88.04,7.0,12.577142857142858
33.0,5.0,2.0,114.67,6.0,114.67
5.0,88.0,2.0,91.38,6.5,30.459999999999997
5.0,13.0,1.0,114.24,6.0,19.04
13.0,95.0,2.0,76.05,1.5,76.05
95.0,88.0,1.0,53.3,3.0,17.766666666666666
88.0,13.0,1.0,22.87,2886.0,0.007924462924462925
95.0,5.0,1.0,39.38,6.0,6.5633333333333335
22.0,66.0,1.0,210.79,24.0,8.782916666666667
66.0,16442.0,1.0,344.13,40.0,8.60325
16442.0,22.0,1.0,138.33,18047.0,0.00766498587022774
22.0,33.0,1.0,24.53,6.0,4.088333333333334
33.0,16442.0,1.0,132.97,15.0,8.864666666666666
16442.0,88.0,1.0,72.81,30087.0,0.002419982052049058
96.0,88.0,1.0,349.62,193.0,1.811502590673575
88.0,38972.0,1.0,72.25,3.0,24.083333333333332
38972.0,22.0,2.0,162.73,3.5,81.365
38972.0,99.0,2.0,99.04,98.0,49.52
38972.0,66.0,1.0,363.24,198.0,1.8345454545454547
5.0,32.0,1.0,48.84,31187.0,0.0015660371308558055
32.0,120.0,1.0,54.21,92.0,0.5892391304347826
120.0,5.0,1.0,44.14,141.0,0.3130496453900709
5.0,84.0,1.0,58.5,123.0,0.47560975609756095
84.0,95.0,1.0,76.73,106.0,0.723867924528302
95.0,5.0,1.0,39.38,648.0,0.060771604938271606
5.0,22.0,1.0,121.22,487.0,0.24891170431211498
120.0,5.0,3.0,44.14,3130.3333333333335,7.3566666666666665
5.0,22.0,2.0,121.22,11938.0,0.13161780673181325
5.0,84.0,2.0,58.5,1900.5,0.10893854748603352
32.0,99.0,2.0,27.73,11332.0,0.00253543019109445
32.0,120.0,1.0,54.21,0.0,108.42
120.0,22.0,1.0,86.98,148.0,0.5877027027027028
22.0,32.0,2.0,88.88,6.5,22.22
22.0,10303.0,1.0,72.7,7.0,10.385714285714286
10303.0,32.0,2.0,31.65,6.5,15.825
10303.0,120.0,2.0,26.8,17.5,26.8
10303.0,105.0,2.0,126.66,2602.5,0.15972257250945776
10303.0,86606.0,1.0,48.1,2857.0,0.016835841792089606
86606.0,105.0,2.0,82.29,4347.5,0.15794625719769675
86606.0,22.0,2.0,24.67,1609.0,3.08375
32.0,22.0,2.0,88.88,46.0,29.626666666666665
32.0,95389.0,1.0,54.93,67.0,0.8198507462686567
95389.0,5.0,2.0,78.83,13.0,15.766
95389.0,95.0,6.0,114.89,5.833333333333333,114.89
95389.0,13.0,2.0,181.61,6.5,181.61
95389.0,96.0,1.0,190.62,40.0,4.7655
96.0,66.0,1.0,64.72,3682.0,0.017577403585008148
66.0,95389.0,1.0,252.56,66.0,3.8266666666666667
84.0,95.0,2.0,76.73,449.0,2.01921052631579
95.0,22.0,2.0,157.9,273.0,157.9
95.0,5.0,2.0,39.38,3899.0,0.16408333333333333
84.0,120.0,2.0,95.0,8333.0,0.8333333333333334
120.0,22.0,1.0,86.98,705.0,0.1233758865248227
22.0,84.0,1.0,146.05,393.0,0.3716284987277354
120.0,5.0,1.0,44.14,8658.0,0.005098175098175098
120.0,32.0,1.0,54.21,5102.0,0.010625245001960016
32.0,22.0,8.0,88.88,761.5,44.44
22.0,120.0,1.0,86.98,778.0,0.11179948586118252
120.0,99.0,1.0,40.56,4749.0,0.00854074542008844
99.0,22.0,1.0,64.39,1112.0,0.05790467625899281
33.0,31646.0,1.0,12.51,26.0,0.48115384615384615
31646.0,99.0,1.0,59.51,5867.0,0.010143173683313448
99.0,96.0,1.0,203.16,10127.0,0.020061222474572923
96.0,33.0,1.0,148.12,1904.0,0.07779411764705882
33.0,2037.0,1.0,26.3,9.0,2.9222222222222225
2037.0,96.0,2.0,174.39,67.5,34.878
2037.0,95.0,1.0,127.4,2168.0,0.058763837638376386
95.0,22.0,1.0,157.9,5779.0,0.027323066274441945
22.0,31646.0,1.0,12.05,5.0,2.41
31646.0,96.0,1.0,148.09,17.0,8.711176470588235
96.0,66.0,3.0,64.72,8.333333333333334,64.72
66.0,2037.0,1.0,237.39,1029.0,0.23069970845481047
2037.0,32.0,1.0,53.83,172.0,0.31296511627906975
32.0,88.0,1.0,140.16,60.0,2.336
88.0,5.0,1.0,91.38,3.0,30.459999999999997
5.0,95.0,2.0,39.38,45.5,7.876
5.0,2037.0,1.0,89.18,82.0,1.0875609756097562
5.0,22.0,1.0,121.22,422.0,0.2872511848341232
22.0,33.0,2.0,24.53,13.0,4.906000000000001
22.0,32.0,2.0,88.88,13.0,29.626666666666665
22.0,99.0,2.0,64.39,6235.5,3.3889473684210527
22.0,66.0,1.0,210.79,31.0,6.799677419354839
22.0,96.0,1.0,150.17,7312.0,0.020537472647702407
96.0,105.0,1.0,88.97,1196.0,0.07438963210702342
105.0,66.0,1.0,152.18,707.0,0.21524752475247524
66.0,33.0,2.0,211.28,19.5,17.606666666666666
99.0,33.0,1.0,55.62,24920.0,0.0022319422150882825
33.0,120.0,2.0,88.04,302.5,29.346666666666668
120.0,22.0,5.0,86.98,151.0,21.745
22.0,33.0,1.0,24.53,747.0,0.0328380187416332
22.0,99.0,1.0,64.39,593.0,0.10858347386172007
99.0,120.0,1.0,40.56,1.0,40.56
33.0,22.0,5.0,24.53,25.6,3.06625
22.0,105.0,2.0,63.38,2.0,31.69
105.0,33.0,2.0,59.19,3.0,19.73
22.0,13.0,1.0,223.94,62.0,3.6119354838709676
99.0,92807.0,1.0,64.63,1572.0,0.04111323155216285
92807.0,56802.0,1.0,51.88,3132.0,0.016564495530012772
99.0,42320.0,2.0,19.61,450.0,39.22
42320.0,105.0,1.0,129.27,6406.0,0.0201795192007493
105.0,120.0,1.0,146.43,3815.0,0.0383826998689384
120.0,99.0,1.0,40.56,2030.0,0.019980295566502465
42320.0,22.0,3.0,73.29,1345.3333333333333,0.9277215189873419
22.0,99.0,1.0,64.39,2737.0,0.023525758129338693
22.0,95.0,1.0,157.9,2765.0,0.05710669077757686
95.0,5.0,2.0,39.38,13.0,3.938
95.0,88.0,1.0,53.3,12.0,4.441666666666666
88.0,13.0,3.0,22.87,9.333333333333334,11.435
13.0,120.0,1.0,137.04,55.0,2.4916363636363634
120.0,33.0,1.0,88.04,36.0,2.445555555555556
33.0,96.0,1.0,148.12,46.0,3.22
96.0,66.0,1.0,64.72,54.0,1.1985185185185185
22.0,97081.0,1.0,158.02,108.0,1.4631481481481483
97081.0,42441.0,1.0,13.6,96.0,0.14166666666666666
42441.0,13.0,2.0,85.58,609.0,0.36262711864406777
42441.0,13148.0,4.0,23.43,71.5,7.81
42441.0,84.0,3.0,68.05,20.0,22.683333333333334
84.0,32.0,1.0,57.42,50.0,1.1484
32.0,120.0,2.0,54.21,6.5,54.21
32.0,99.0,1.0,27.73,804.0,0.034490049751243784
99.0,120.0,2.0,40.56,104.0,20.28
88.0,13.0,4.0,22.87,4.25,22.87
13.0,95.0,1.0,76.05,10.0,7.6049999999999995
95.0,88.0,1.0,53.3,2.0,26.65
88.0,5.0,2.0,91.38,18.5,45.69
120.0,10120.0,1.0,89.62,3.0,29.873333333333335
10120.0,32.0,2.0,77.43,6.5,19.3575
33.0,31646.0,1.0,12.51,39.0,0.32076923076923075
31646.0,33591.0,1.0,19.92,13.0,1.5323076923076924
33591.0,99.0,6.0,77.35,6.833333333333333,77.35
33591.0,120.0,2.0,107.02,26.0,21.404
5.0,43255.0,1.0,54.13,8.0,6.76625
43255.0,88.0,2.0,37.3,6310.5,0.1594017094017094
43255.0,49.0,5.0,63.4,169.8,7.044444444444444
5.0,99.0,6.0,59.06,253.16666666666666,118.12
5.0,16442.0,2.0,18.86,8533.5,0.3626923076923077
16442.0,22.0,2.0,138.33,6.5,23.055000000000003
99.0,16442.0,7.0,77.41,7.857142857142857,19.3525
16442.0,54110.0,2.0,27.07,63.5,2.460909090909091
16442.0,95798.0,1.0,22.8,9.0,2.533333333333333
95798.0,80618.0,3.0,40.8,6.0,8.16
80618.0,120.0,1.0,41.54,95.0,0.43726315789473685
120.0,17216.0,1.0,62.39,76.0,0.820921052631579
17216.0,32.0,6.0,66.65,8.0,16.6625
17216.0,5.0,2.0,20.77,19.5,2.967142857142857
17216.0,84.0,1.0,58.34,13.0,4.487692307692308
84.0,22.0,6.0,146.05,12.833333333333334,48.68333333333334
84.0,32.0,1.0,57.42,5.0,11.484
32.0,22.0,1.0,88.88,5.0,17.776
22.0,95.0,2.0,157.9,8.5,31.580000000000002
95.0,5.0,8.0,39.38,52.0,9.845
5.0,88.0,2.0,91.38,6.5,15.229999999999999
5.0,22.0,3.0,121.22,10.0,24.244
5.0,92522.0,1.0,53.92,1.0,53.92
92522.0,38360.0,3.0,83.52,6844.0,6.96
38360.0,99.0,6.0,118.27,22.166666666666668,236.54
92522.0,22.0,2.0,173.78,13.0,14.481666666666667
38360.0,5.0,2.0,86.42,1204.0,7.201666666666667
38360.0,11426.0,3.0,77.52,15.333333333333334,12.92
11426.0,22.0,1.0,197.42,191.0,1.033612565445026
22.0,84644.0,4.0,142.28,59.25,5.081428571428572
22.0,45849.0,6.0,38.64,97.66666666666667,1.84
22.0,33.0,3.0,24.53,14.333333333333334,8.176666666666668
33.0,105.0,4.0,59.19,19.5,29.595
99.0,46482.0,1.0,20.17,78.0,0.2585897435897436
46482.0,66611.0,2.0,34.48,5535.5,0.014307053941908713
66611.0,22.0,2.0,26.48,2457.0,0.2343362831858407
46482.0,22.0,2.0,53.57,1818.5,4.1207692307692305
46482.0,105.0,4.0,111.28,96.0,55.64
46482.0,120.0,1.0,35.22,1.0,35.22
120.0,66611.0,5.0,69.7,2.6,69.7
66611.0,32.0,2.0,62.63,2.0,125.26
99.0,10303.0,1.0,14.16,4.0,3.54
10303.0,64278.0,1.0,87.37,38416.0,0.0022743127863390257
64278.0,86606.0,1.0,42.06,3920.0,0.010729591836734694
99.0,8615.0,1.0,13.21,4.0,3.3025
8615.0,32.0,2.0,40.94,2.5,20.47
8615.0,91494.0,1.0,51.4,73.0,0.7041095890410959
91494.0,32.0,1.0,43.05,2.0,21.525
32.0,18986.0,1.0,35.72,3.0,11.906666666666666
18986.0,13.0,2.0,134.79,865.5,269.58
18986.0,95.0,2.0,63.34,4.0,15.835
18986.0,105.0,1.0,149.21,18778.0,0.007946000639045693
105.0,37856.0,1.0,139.93,3546.0,0.03946136491821771
5.0,97113.0,1.0,80.56,8.0,10.07
97113.0,89269.0,8.0,76.53,3529.625,38.265
89269.0,84.0,2.0,101.82,2.0,101.82
97113.0,80495.0,1.0,121.2,11.0,11.018181818181818
80495.0,13.0,2.0,188.95,4.5,188.95
80495.0,89269.0,2.0,141.85,4.5,141.85
80495.0,92.0,1.0,182.01,0.0,364.02
92.0,89269.0,7.0,149.98,15.142857142857142,299.96
89269.0,54878.0,1.0,48.26,5541.0,0.008709619202310052
54878.0,22.0,4.0,140.48,4.5,35.12
10197.0,22.0,1.0,31.02,3113.0,0.009964664310954063
22.0,99.0,2.0,64.39,7977.5,0.018669179472310816
22.0,33.0,5.0,24.53,126.2,6.1325
33.0,10197.0,3.0,27.47,175.0,6.8675
10197.0,105.0,1.0,85.66,22.0,3.8936363636363636
105.0,22.0,3.0,63.38,1381.3333333333333,0.4660294117647059
22.0,40525.0,1.0,123.26,75.0,1.6434666666666666
40525.0,47622.0,1.0,24.04,14840.0,0.0016199460916442047
47622.0,33.0,4.0,144.79,6.5,28.958
22.0,33.0,3.0,24.53,19.666666666666668,4.088333333333334
33.0,10197.0,5.0,27.47,17.2,13.735
10197.0,22.0,3.0,31.02,6656.666666666667,0.27945945945945944
10197.0,105.0,2.0,85.66,338.5,0.2728025477707006
22.0,105.0,2.0,63.38,5.5,63.38
95.0,95695.0,2.0,26.44,4582.5,0.013367037411526795
95.0,20197.0,1.0,50.59,38.0,1.3313157894736842
20197.0,51259.0,2.0,77.52,6.0,25.84
20197.0,34295.0,1.0,75.06,21.0,3.5742857142857143
34295.0,51259.0,2.0,12.17,2.5,6.085
34295.0,80366.0,5.0,86.31,69.8,28.77
80366.0,20197.0,3.0,57.27,6.333333333333333,11.454
20197.0,92.0,8.0,150.05,5.0,300.1
20197.0,5.0,4.0,88.83,4.5,22.2075
5.0,92.0,2.0,160.5,6.0,26.75
5.0,120.0,2.0,44.14,5.0,8.828
120.0,22.0,1.0,86.98,0.0,173.96
22.0,20197.0,1.0,200.63,1.0,200.63
20197.0,33.0,1.0,199.35,0.0,398.7
33.0,84.0,1.0,130.17,1.0,130.17
84.0,5.0,1.0,58.5,3.0,19.5
120.0,20197.0,1.0,113.67,837.0,0.13580645161290322
5.0,22.0,1.0,121.22,6.0,20.203333333333333
22.0,95695.0,1.0,179.19,3.0,59.73
95695.0,5.0,1.0,64.81,4.0,16.2025
5.0,13.0,1.0,114.24,5.0,22.848
13.0,95695.0,2.0,49.67,251.0,12.4175
82019.0,34071.0,3.0,57.31,1319.3333333333333,14.3275
34071.0,64370.0,2.0,64.54,2594.5,16.135
64370.0,105.0,2.0,182.22,4.5,91.11
34071.0,105.0,2.0,119.66,4.5,59.83
95.0,97472.0,1.0,45.99,364.0,0.12634615384615386
97472.0,53460.0,3.0,73.98,652.0,147.96
53460.0,56960.0,1.0,85.09,263.0,0.32353612167300383
56960.0,97472.0,1.0,41.59,11.0,3.780909090909091
97472.0,78687.0,5.0,60.54,177.6,6.726666666666667
78687.0,84.0,2.0,92.24,91.5,1.5121311475409835
78687.0,16442.0,4.0,30.15,1156.0,15.075
78687.0,22.0,2.0,159.41,150.0,26.56833333333333
16442.0,22.0,2.0,138.33,65.0,27.666000000000004
78687.0,56960.0,1.0,65.52,7710.0,0.00849805447470817
56960.0,84.0,2.0,64.86,571.0,0.17917127071823205
56960.0,22.0,2.0,100.36,4.5,25.09
56960.0,16442.0,1.0,39.12,9733.0,0.004019315729990753
95.0,2228.0,1.0,30.24,5.0,6.048
2228.0,99.0,2.0,78.47,6.5,19.6175
2228.0,8167.0,1.0,48.38,2265.0,0.0213598233995585
8167.0,99.0,2.0,40.62,11.0,13.54
8167.0,13.0,7.0,129.28,61.714285714285715,25.856
95.0,53460.0,1.0,28.42,4387.0,0.0064782311374515615
53460.0,16442.0,2.0,47.68,7035.0,7.946666666666666
53460.0,22.0,1.0,179.63,1.0,179.63
22.0,43255.0,1.0,168.8,2.0,84.4
43255.0,53460.0,6.0,12.17,3.8333333333333335,12.17
53460.0,56960.0,2.0,85.09,5.0,170.18
43255.0,56960.0,7.0,73.16,3.142857142857143,73.16
56960.0,25610.0,6.0,29.73,2.5,59.46
56960.0,120.0,4.0,30.15,50.75,6.029999999999999
120.0,25610.0,3.0,28.45,1.0,28.45
25610.0,43255.0,2.0,100.72,1.0,100.72
25610.0,105.0,8.0,124.43,7.875,248.86
25610.0,31646.0,1.0,67.48,43.0,1.5693023255813954
31646.0,56960.0,3.0,97.0,387.6666666666667,24.25
120.0,31646.0,1.0,87.21,1071.0,0.08142857142857142
31646.0,43255.0,3.0,167.52,3.0,335.04
43255.0,13.0,6.0,60.17,10.166666666666666,30.085
43255.0,99.0,2.0,110.97,215.0,1.2755172413793103
43255.0,16442.0,1.0,35.51,17106.0,0.0020758798082544136
16442.0,13.0,6.0,95.68,8.666666666666666,19.136000000000003
33.0,50942.0,1.0,31.45,130.0,0.2419230769230769
50942.0,99.0,2.0,87.01,6.5,21.7525
50942.0,31646.0,1.0,30.36,3683.0,0.008243279934835732
7033.0,98912.0,3.0,10.0,134.33333333333334,0.4
98912.0,105.0,2.0,81.47,241.0,1.2533846153846153
98912.0,95442.0,1.0,29.15,9333.0,0.0031233258330654666
95442.0,105.0,4.0,104.58,35.5,17.43
99.0,22.0,3.0,64.39,6772.333333333333,0.12502912621359225
22.0,120.0,1.0,86.98,9181.0,0.009473913517046073
120.0,31646.0,3.0,87.21,652.0,6.229285714285714
31646.0,22.0,1.0,12.05,6548.0,0.0018402565668906537
22.0,42704.0,2.0,32.09,6070.0,0.03399364406779661
42704.0,99.0,4.0,87.88,13.0,17.576
52711.0,99.0,6.0,90.26,631.1666666666666,1.8052000000000001
52711.0,49.0,2.0,39.82,292.0,0.1942439024390244
52711.0,5.0,1.0,47.71,187.0,0.2551336898395722
5.0,33.0,1.0,114.67,21.0,5.46047619047619
16442.0,95.0,1.0,20.55,2955.0,0.006954314720812183
95.0,32.0,1.0,87.51,0.0,175.02
32.0,16442.0,1.0,67.38,13.0,5.183076923076923
16442.0,84.0,1.0,65.56,23.0,2.8504347826086955
84.0,22.0,2.0,146.05,6.5,29.21
84.0,14457.0,1.0,83.39,3.0,27.796666666666667
14457.0,32.0,1.0,27.0,28.0,0.9642857142857143
32.0,5.0,4.0,48.84,192.0,1.8784615384615386
32.0,99.0,4.0,27.73,156.75,13.865
99.0,5.0,2.0,59.06,13.0,118.12
42320.0,88456.0,7.0,21.63,12.714285714285714,43.26
88456.0,120.0,4.0,39.3,5.5,78.6
88456.0,32.0,4.0,43.97,170.25,14.656666666666666
88456.0,33.0,2.0,48.97,24.5,12.2425
88456.0,99.0,7.0,16.25,14.857142857142858,4.0625
99.0,31646.0,1.0,59.51,44.0,1.3525
31646.0,33.0,1.0,12.51,4.0,3.1275
42320.0,98569.0,1.0,23.26,116.0,0.20051724137931035
98569.0,66611.0,1.0,29.15,175.0,0.16657142857142856
66611.0,9456.0,1.0,29.12,396.0,0.07353535353535354
9456.0,25143.0,2.0,4.0,6.5,1.0
9456.0,31646.0,3.0,47.01,5.666666666666667,11.7525
31646.0,7033.0,2.0,31.91,149.5,6.382
31646.0,1807.0,3.0,48.83,7.0,8.138333333333334
1807.0,25143.0,2.0,5.83,66.0,1.166
1807.0,90278.0,3.0,16.16,408.3333333333333,5.386666666666667
1807.0,5.0,3.0,69.79,329.0,0.6121929824561404
5.0,27406.0,1.0,92.64,122.0,0.759344262295082
27406.0,81086.0,2.0,25.24,6.5,4.206666666666666
27406.0,1807.0,7.0,24.7,288.85714285714283,1.7642857142857142
90278.0,45783.0,4.0,20.62,331.5,6.873333333333334
90278.0,27406.0,1.0,8.54,5.0,1.7079999999999997
1807.0,45783.0,4.0,26.42,6.5,8.806666666666667
27406.0,99.0,8.0,34.02,141.625,6.804
27406.0,25143.0,1.0,20.4,982.0,0.020773930753564155
25143.0,23286.0,2.0,12.08,382.0,1.3422222222222222
25143.0,45783.0,2.0,26.91,182.5,3.36375
25143.0,75620.0,2.0,22.02,332.0,5.505
75620.0,80587.0,1.0,2.0,2955.0,0.0006768189509306261
80587.0,25143.0,1.0,24.02,2480.0,0.009685483870967742
25143.0,2037.0,1.0,18.03,29.0,0.6217241379310345
2037.0,75620.0,1.0,29.83,742.0,0.040202156334231805
75620.0,31646.0,4.0,58.9,130.25,1.7323529411764707
31646.0,25143.0,3.0,43.57,205.0,1.0373809523809523
25143.0,32.0,4.0,48.98,48.75,6.997142857142856
32.0,31646.0,1.0,81.87,356.0,0.22997191011235957
25143.0,5.0,1.0,75.51,3.0,25.17
5.0,32.0,1.0,48.84,3.0,16.28
25143.0,8565.0,1.0,29.15,91.0,0.3203296703296703
8565.0,120.0,4.0,73.24,8.0,18.31
8565.0,32.0,2.0,60.53,91.5,1.0436206896551725
8565.0,105.0,1.0,74.79,442.0,0.1692081447963801
105.0,5.0,1.0,173.49,200.0,0.86745
5.0,75620.0,1.0,60.1,39.0,1.541025641025641
75620.0,99.0,1.0,2.01,26.0,0.0773076923076923
99.0,31646.0,8.0,59.51,32.625,19.836666666666666
31646.0,120.0,2.0,87.21,6.5,21.8025
99.0,33.0,4.0,55.62,16.25,13.905
99.0,22.0,1.0,64.39,5.0,12.878
22.0,33.0,1.0,24.53,30.0,0.8176666666666667
33.0,32.0,1.0,74.92,4.0,18.73
13.0,20032.0,1.0,33.55,103.0,0.3257281553398058
20032.0,5.0,2.0,80.82,4430.5,2.3770588235294117
20032.0,95.0,2.0,42.53,5143.0,0.4339795918367347
41941.0,32.0,5.0,38.55,116.0,1.7522727272727272
32.0,95.0,7.0,87.51,2877.714285714286,17.502000000000002
95.0,41941.0,7.0,98.54,101.0,3.178709677419355
41941.0,120.0,3.0,33.57,31.0,4.795714285714285
41941.0,22.0,2.0,59.91,6326.5,0.025867875647668393
22.0,32.0,4.0,88.88,2184.25,17.776
32.0,120.0,2.0,54.21,898.5,1.0228301886792452
32.0,99.0,1.0,27.73,389.0,0.0712853470437018
99.0,22.0,1.0,64.39,4.0,16.0975
22.0,95.0,1.0,157.9,3.0,52.63333333333333
120.0,95.0,1.0,73.6,919.0,0.08008705114254625
22.0,68034.0,1.0,23.61,395.0,0.05977215189873417
68034.0,95636.0,4.0,29.53,1554.25,29.53
68034.0,10197.0,3.0,14.32,4685.333333333333,0.07124378109452736
10197.0,105.0,2.0,85.66,101.5,14.276666666666666
68034.0,105.0,8.0,71.62,156.25,71.62
95.0,5.0,6.0,39.38,158.5,7.876
95.0,22.0,2.0,157.9,6.5,39.475
95.0,88.0,4.0,53.3,26.0,53.3
49.0,101.0,7.0,54.17,747.7142857142857,5.417
49.0,95.0,4.0,55.08,254.25,13.77
49.0,84.0,2.0,60.58,474.0,0.24930041152263374
49.0,5.0,1.0,73.03,961.0,0.07599375650364204
5.0,101.0,1.0,82.63,126.0,0.6557936507936507
95.0,22.0,2.0,157.9,247.5,2.223943661971831
95.0,83451.0,1.0,29.75,677.0,0.04394387001477105
83451.0,30962.0,4.0,60.14,5.25,20.046666666666667
83451.0,13.0,4.0,103.19,3.75,51.595
83451.0,49.0,1.0,71.37,0.0,142.74
49.0,97081.0,1.0,59.56,7.0,8.508571428571429
97081.0,22.0,8.0,158.02,42.5,52.67333333333334
22.0,120.0,2.0,86.98,1.0,86.98
120.0,33.0,2.0,88.04,4.0,22.01
33.0,97081.0,1.0,154.2,5.0,30.839999999999996
33.0,22.0,1.0,24.53,8.0,3.06625
22.0,16442.0,1.0,138.33,32264.0,0.004287441110835607
16442.0,99.0,5.0,77.41,112.6,154.82
16442.0,95695.0,2.0,46.1,13.0,7.683333333333334
99.0,5.0,1.0,59.06,26.0,2.2715384615384617
5.0,32.0,1.0,48.84,327.0,0.1493577981651376
32.0,95695.0,3.0,113.48,7.0,22.696
95695.0,33.0,1.0,176.65,0.0,353.3
33.0,32.0,1.0,74.92,1776.0,0.042184684684684684
95.0,95695.0,1.0,26.44,20686.0,0.0012781591414483225
95695.0,13.0,4.0,49.67,6.25,16.55666666666667
95695.0,5.0,3.0,64.81,5.0,21.603333333333335
5.0,99.0,1.0,59.06,1.0,59.06
43861.0,31646.0,4.0,8.06,2052.25,0.8955555555555557
43861.0,8996.0,3.0,8.06,4398.333333333333,0.02920289855072464
8996.0,96.0,2.0,132.55,767.0,0.18512569832402237
43861.0,99.0,2.0,65.82,4945.0,0.5439669421487603
8996.0,31646.0,1.0,16.12,2013.0,0.00800794833581719
7033.0,22.0,6.0,39.12,929.6666666666666,5.588571428571428
7033.0,33.0,1.0,27.02,3304.0,0.008177966101694915
33.0,99.0,2.0,55.62,2236.0,0.026174117647058823
99.0,7033.0,2.0,28.6,2521.0,0.0562992125984252
99.0,32.0,2.0,27.73,436.5,9.243333333333334
99.0,22.0,2.0,64.39,1334.0,12.878
99.0,120.0,1.0,40.56,722.0,0.05617728531855956
120.0,32.0,2.0,54.21,3598.0,0.039056195965417866
120.0,33.0,1.0,88.04,306.0,0.28771241830065364
95.0,70591.0,1.0,27.07,228.0,0.1187280701754386
70591.0,22.0,2.0,172.16,143.0,2.235844155844156
70591.0,5.0,3.0,51.2,21.666666666666668,12.8
5.0,120.0,1.0,44.14,5.0,8.828
120.0,22.0,1.0,86.98,1.0,86.98
22.0,33.0,1.0,24.53,3.0,8.176666666666668
33.0,32.0,8.0,74.92,16.25,12.486666666666666
32.0,120.0,1.0,54.21,3.0,18.07
120.0,33.0,1.0,88.04,4.0,22.01
33.0,5.0,2.0,114.67,4.0,28.6675
5.0,32.0,1.0,48.84,2.0,24.42
32.0,66.0,3.0,281.86,6.0,56.372
5.0,66.0,1.0,325.65,7.0,46.521428571428565
95.0,11776.0,1.0,44.53,2.0,22.265
11776.0,5.0,4.0,82.76,449.0,20.69
31646.0,22081.0,1.0,42.54,20060.0,0.0021206380857427716
22081.0,22.0,2.0,43.04,741.5,86.08
22081.0,99.0,4.0,27.22,296.5,6.805
22081.0,32.0,2.0,54.93,128.0,27.465
22081.0,14346.0,1.0,31.14,1.0,31.14
14346.0,32.0,2.0,38.16,6.0,19.08
14346.0,5.0,4.0,47.85,4.5,11.9625
14346.0,22899.0,4.0,17.09,5.5,8.545
14346.0,99.0,2.0,20.59,32.5,0.8952173913043479
14346.0,2037.0,2.0,44.78,13.0,11.195
14346.0,25143.0,1.0,28.6,13.0,2.2
25143.0,2037.0,1.0,18.03,9.0,2.0033333333333334
2037.0,120.0,1.0,62.07,9394.0,0.006607408984458165
120.0,22.0,1.0,86.98,12736.0,0.006829459798994976
22.0,2037.0,1.0,35.05,3.0,11.683333333333332
2037.0,5.0,2.0,89.18,5.0,17.836000000000002
95.0,49.0,1.0,55.08,3.0,18.36
49.0,27038.0,1.0,98.93,10.0,9.893
27038.0,95695.0,2.0,86.31,4.0,21.5775
27038.0,86745.0,1.0,22.02,4.0,5.505
86745.0,95695.0,4.0,107.91,2.0,215.82
86745.0,33.0,1.0,68.76,0.0,137.52
33.0,27038.0,2.0,90.41,4.0,30.136666666666667
33.0,5255.0,1.0,57.59,0.0,115.18
5255.0,25190.0,2.0,16.28,2.5,32.56
5255.0,54293.0,4.0,26.4,35.0,52.8
54293.0,95.0,2.0,71.03,1.5,142.06
5255.0,22717.0,7.0,55.95,3.857142857142857,18.650000000000002
22717.0,88.0,2.0,88.12,2.5,176.24
22717.0,59649.0,1.0,44.1,5.0,8.82
59649.0,95.0,4.0,85.32,4.0,170.64
59649.0,52173.0,2.0,40.8,18.0,8.16
59649.0,91480.0,6.0,68.43,12.0,17.1075
91480.0,52173.0,2.0,37.05,12.0,7.409999999999999
91480.0,33.0,2.0,138.12,0.0,276.24
91480.0,5.0,2.0,33.89,4.5,8.4725
91480.0,120.0,2.0,52.99,0.5,105.98
120.0,59649.0,2.0,20.77,626.5,2.59625
59649.0,10197.0,1.0,43.57,30.0,1.4523333333333333
10197.0,40516.0,1.0,49.4,109.0,0.4532110091743119
40516.0,49.0,6.0,116.26,17.5,29.065
84.0,5.0,3.0,58.5,5.333333333333333,19.5
5.0,99.0,2.0,59.06,6.5,118.12
5.0,22.0,1.0,121.22,5.0,24.244
80285.0,13.0,1.0,57.61,9340.0,0.0061680942184154175
13.0,88.0,2.0,22.87,2070.0,7.623333333333334
13.0,74427.0,7.0,54.08,68.28571428571429,27.04
74427.0,78887.0,6.0,13.04,710.8333333333334,3.26
74427.0,80285.0,1.0,4.24,2220.0,0.00190990990990991
80285.0,88.0,2.0,34.76,12.0,6.952
80285.0,57786.0,3.0,18.68,66.0,9.34
57786.0,74427.0,1.0,15.13,6.0,2.521666666666667
74427.0,95695.0,1.0,5.0,3501.0,0.0014281633818908884
95695.0,5.0,2.0,64.81,430.5,1.8517142857142859
95695.0,13.0,1.0,49.67,511.0,0.09720156555772995
13.0,95.0,1.0,76.05,14017.0,0.005425554683598488
95.0,88.0,1.0,53.3,0.0,106.6
88.0,5.0,1.0,91.38,4.0,22.845
5.0,49.0,6.0,73.03,4.666666666666667,73.03
49.0,95.0,2.0,55.08,6.5,11.016
95.0,58352.0,4.0,64.62,1.5,129.24
58352.0,5.0,3.0,102.73,1054.0,25.6825
49.0,58352.0,2.0,90.97,3.5,30.323333333333334
58352.0,13.0,1.0,11.52,1867.0,0.006170326727370112
13.0,88.0,1.0,22.87,3472.0,0.006586981566820277
88.0,60122.0,3.0,21.81,745.3333333333334,43.62
60122.0,5.0,2.0,69.9,227.5,1.2482142857142857
60122.0,58352.0,1.0,33.14,2345.0,0.014132196162046909
58352.0,13.0,1.0,11.52,4612.0,0.002497831743278404
120.0,99.0,1.0,40.56,12787.0,0.003171971533588801
99.0,31646.0,1.0,59.51,114.0,0.5220175438596492
31646.0,120.0,1.0,87.21,842.0,0.10357482185273158
120.0,21402.0,5.0,25.32,141.6,50.64
21402.0,5.0,6.0,19.01,6.333333333333333,4.7525
5.0,32.0,7.0,48.84,6.428571428571429,48.84
32.0,21402.0,7.0,44.26,8.571428571428571,22.13
21402.0,22.0,4.0,104.43,5.25,34.81
5.0,22.0,5.0,121.22,11.6,24.244
22.0,33.0,1.0,24.53,3.0,8.176666666666668
33.0,5.0,3.0,114.67,30.333333333333332,229.34
5.0,120.0,1.0,44.14,35.0,1.2611428571428571
120.0,22.0,2.0,86.98,0.5,173.96
120.0,33.0,1.0,88.04,4.0,22.01
33.0,99.0,1.0,55.62,4.0,13.905
99.0,22.0,1.0,64.39,5.0,12.878
95.0,95695.0,1.0,26.44,6848.0,0.0038609813084112153
95695.0,5.0,2.0,64.81,19.5,3.8123529411764707
95695.0,59727.0,3.0,33.96,359.6666666666667,2.83
59727.0,99.0,2.0,97.61,45.5,3.754230769230769
59727.0,12452.0,1.0,15.52,6509.0,0.002384390843447534
12452.0,70591.0,1.0,25.81,2131.0,0.012111684655091506
70591.0,93278.0,1.0,20.62,246.0,0.08382113821138212
93278.0,99.0,2.0,112.91,39.0,37.63666666666666
93278.0,13.0,1.0,66.48,3.0,22.16
13.0,59727.0,1.0,82.27,8.0,10.28375
59727.0,93278.0,1.0,16.49,4400.0,0.0037477272727272724
5.0,32.0,1.0,48.84,6382.0,0.00765277342525854
32.0,22899.0,1.0,26.39,0.0,52.78
22899.0,84.0,1.0,81.98,5110.0,0.016043052837573388
84.0,14457.0,1.0,83.39,55.0,1.5161818181818183
14457.0,32.0,1.0,27.0,5168.0,0.005224458204334365
32.0,99.0,1.0,27.73,596.0,0.04652684563758389
22.0,95.0,3.0,157.9,6680.333333333333,3.3595744680851065
95.0,5.0,6.0,39.38,308.3333333333333,4.9225
5.0,99.0,4.0,59.06,3580.0,118.12
32.0,86606.0,1.0,65.48,18395.0,0.0035596629518891004
86606.0,58104.0,1.0,11.66,4.0,2.915
58104.0,5.0,1.0,85.29,4.0,21.3225
5.0,52888.0,1.0,93.1,2.0,46.55
52888.0,96377.0,4.0,52.01,2.0,104.02
52888.0,95.0,8.0,130.73,4.25,261.46
52888.0,70607.0,5.0,14.14,2.4,7.07
70607.0,22899.0,2.0,25.24,4.5,6.31
70607.0,23286.0,2.0,17.69,4.5,5.896666666666667
70607.0,15931.0,1.0,14.87,19.0,0.7826315789473683
15931.0,22899.0,1.0,40.0,742.0,0.05390835579514825
22899.0,22.0,4.0,68.16,8.25,13.632
22.0,95.0,4.0,157.9,2.0,78.95
95.0,22899.0,3.0,93.33,6.333333333333333,15.555
95.0,84.0,2.0,76.73,1.0,76.73
84.0,22899.0,1.0,81.98,5.0,16.396
84.0,13.0,1.0,147.24,4.0,36.81
13.0,22899.0,1.0,165.2,1.0,165.2
95.0,32.0,1.0,87.51,6.0,14.585
32.0,5.0,4.0,48.84,16.25,48.84
32.0,31646.0,6.0,81.87,2569.0,27.290000000000003
31646.0,99.0,4.0,59.51,4.5,19.836666666666666
32.0,101.0,2.0,86.22,6.5,17.244
31646.0,88.0,2.0,202.23,2.0,202.23
31646.0,95.0,2.0,155.73,0.0,311.46
95.0,5.0,1.0,39.38,4.0,9.845
5.0,32.0,5.0,48.84,70.8,24.42
95.0,32.0,1.0,87.51,6.0,14.585
32.0,120.0,1.0,54.21,1.0,54.21
120.0,5.0,4.0,44.14,13.25,14.713333333333333
95.0,49.0,2.0,55.08,13.0,13.77
95.0,84.0,1.0,76.73,2.0,38.365
84.0,5.0,1.0,58.5,2.0,29.25
5.0,99.0,1.0,59.06,0.0,118.12
18132.0,99.0,6.0,23.77,26.166666666666668,5.9425
18132.0,33.0,1.0,50.99,474.0,0.10757383966244727
33.0,22.0,5.0,24.53,50.2,6.1325
22.0,18132.0,2.0,50.22,6.5,50.22
33.0,120.0,5.0,88.04,5.0,22.01
120.0,22.0,2.0,86.98,0.0,173.96
33.0,5.0,1.0,114.67,1.0,114.67
5.0,22899.0,1.0,54.66,3.0,18.22
22899.0,120.0,4.0,36.95,4.25,9.2375
33.0,22899.0,2.0,60.04,4.0,15.01
120.0,95.0,1.0,73.6,4.0,18.4
95.0,33.0,4.0,153.3,0.0,306.6
22899.0,22.0,3.0,68.16,5.333333333333333,17.04
95.0,22899.0,3.0,93.33,4.0,23.3325
22.0,99.0,7.0,64.39,19.714285714285715,12.878
99.0,120.0,8.0,40.56,1503.625,10.14
22.0,7033.0,6.0,39.12,25.166666666666668,7.824
7033.0,120.0,2.0,63.14,13.0,126.28
31646.0,99.0,6.0,59.51,352.8333333333333,11.902
31646.0,5.0,1.0,117.96,5.0,23.592
5.0,99.0,1.0,59.06,0.0,118.12
99.0,66.0,1.0,266.73,3862.0,0.06906525116519939
66.0,96.0,1.0,64.72,5.0,12.943999999999999
96.0,31646.0,1.0,148.09,2520.0,0.058765873015873014
31646.0,105.0,2.0,59.57,2328.0,0.0636431623931624
22.0,99.0,3.0,64.39,11.333333333333334,8.04875
99.0,33.0,1.0,55.62,843.0,0.06597864768683273
33.0,66.0,1.0,211.28,39.0,5.417435897435897
96.0,66.0,2.0,64.72,13.0,7.191111111111111
96.0,22.0,2.0,150.17,7.0,37.5425
22.0,33.0,2.0,24.53,4.5,6.1325
33.0,66.0,1.0,211.28,1.0,211.28
66.0,22.0,1.0,210.79,8.0,26.34875
22.0,95.0,2.0,157.9,6.0,39.475
95.0,33.0,1.0,153.3,0.0,306.6
33.0,88.0,1.0,201.51,12.0,16.7925
88.0,95.0,1.0,53.3,1.0,53.3
95.0,13.0,1.0,76.05,8.0,9.50625
13.0,88.0,1.0,22.87,4.0,5.7175
88.0,92.0,1.0,149.17,1479.0,0.10085868830290737
92.0,95.0,1.0,156.67,6.0,26.111666666666665
33.0,5.0,1.0,114.67,4.0,28.6675
5.0,22.0,1.0,121.22,4.0,30.305
96.0,99.0,1.0,203.16,6.0,33.86
99.0,66.0,1.0,266.73,16.0,16.670625
96.0,99.0,1.0,203.16,25.0,8.1264
99.0,22.0,1.0,64.39,6.0,10.731666666666667
22.0,33.0,1.0,24.53,199.0,0.12326633165829147
33.0,32.0,1.0,74.92,722.0,0.10376731301939059
33.0,99.0,1.0,55.62,5.0,11.123999999999999
99.0,105.0,2.0,114.55,4589.0,3.471212121212121
99.0,5.0,1.0,59.06,65.0,0.9086153846153846
5.0,88.0,2.0,91.38,84.5,13.054285714285713
95.0,94371.0,1.0,7.2,0.0,14.4
94371.0,5.0,2.0,42.98,11145.5,85.96
94371.0,14918.0,1.0,65.8,7.0,9.4
95.0,66317.0,1.0,7.17,0.0,14.34
95.0,71000.0,1.0,76.06,0.0,152.12
71000.0,49.0,2.0,105.24,1855.0,0.09396428571428571
71000.0,55635.0,2.0,69.34,9142.5,0.010112294006125127
55635.0,84.0,2.0,120.68,16.0,10.056666666666667
95.0,90601.0,1.0,5.11,0.0,10.22
90601.0,56466.0,2.0,80.23,13262.5,0.04285790598290599
56466.0,5.0,2.0,84.15,1855.0,168.3
56466.0,99.0,2.0,112.18,6.5,112.18
56466.0,41646.0,8.0,121.2,875.75,30.3
41646.0,99.0,4.0,10.71,3.5,21.42
41646.0,13.0,4.0,180.41,10.0,360.82
41646.0,92.0,2.0,176.57,7.5,29.42833333333333
95.0,36698.0,1.0,22.33,0.0,44.66
36698.0,30453.0,2.0,68.68,17632.5,0.03813436979455858
30453.0,13.0,2.0,159.24,6.5,31.848000000000003
95.0,92522.0,1.0,16.25,0.0,32.5
92522.0,49.0,2.0,45.99,1855.0,0.0410625
92522.0,38360.0,2.0,83.52,2480.5,41.76
38360.0,13.0,5.0,85.61,21.0,171.22
38360.0,99.0,6.0,118.27,291.1666666666667,236.54
38360.0,52288.0,7.0,57.14,10.428571428571429,57.14
52288.0,92522.0,2.0,113.56,1494.5,18.926666666666666
92522.0,22.0,2.0,173.78,5.5,34.756
38360.0,22.0,2.0,155.93,6.5,25.988333333333333
13.0,52288.0,1.0,138.8,0.0,277.6
95.0,80366.0,1.0,9.55,34987.0,0.000272958527453054
80366.0,49.0,4.0,61.76,20.0,15.44
95.0,95695.0,3.0,26.44,7585.666666666667,52.88
95695.0,13.0,2.0,49.67,6.5,12.4175
95695.0,22.0,1.0,179.19,8.0,22.39875
22.0,5.0,1.0,121.22,4.0,30.305
5.0,95695.0,1.0,64.81,1.0,64.81
95.0,43255.0,1.0,16.64,0.0,33.28
43255.0,99.0,1.0,110.97,32326.0,0.003432840438037493
99.0,22.0,1.0,64.39,6.0,10.731666666666667
22.0,49684.0,1.0,71.69,7.0,10.241428571428571
49684.0,98396.0,1.0,35.47,10.0,3.5469999999999997
98396.0,89237.0,1.0,17.46,3.0,5.82
89237.0,43255.0,1.0,53.85,1911.0,0.028178963893249608
43255.0,86931.0,2.0,42.19,5.0,84.38
86931.0,49504.0,2.0,54.23,2.0,54.23
49504.0,92.0,4.0,179.93,5.75,179.93
49504.0,22.0,2.0,176.69,6.0,29.448333333333334
86931.0,49.0,2.0,78.67,5.0,78.67
43255.0,49.0,4.0,63.4,1.0,126.8
43255.0,105.0,2.0,225.15,2.5,225.15
105.0,22.0,2.0,63.38,3.0,21.12666666666667
22.0,43255.0,4.0,168.8,5.0,42.2
43255.0,23019.0,1.0,53.23,4.0,13.3075
23019.0,105.0,2.0,172.03,6.0,86.015
23019.0,33.0,4.0,112.87,3.75,112.87
23019.0,84.0,4.0,69.56,4.75,34.78
23019.0,13.0,1.0,112.35,2.0,56.175
13.0,43255.0,5.0,60.17,15.2,120.34
43255.0,84.0,4.0,92.86,58.5,23.215
43255.0,22899.0,7.0,106.45,611.7142857142857,35.483333333333334
43255.0,33.0,3.0,165.96,2.0,82.98
33.0,22899.0,3.0,60.04,1.0,60.04
22899.0,84.0,2.0,81.98,0.0,163.96
95.0,95695.0,1.0,26.44,37499.0,0.0007050854689458386
95695.0,20197.0,1.0,24.19,13.0,1.860769230769231
20197.0,5.0,2.0,88.83,0.5,177.66
95.0,56960.0,1.0,59.55,28829.0,0.0020656283603316104
56960.0,13.0,5.0,132.65,751.4,18.95
56960.0,88.0,2.0,109.92,1.0,109.92
88.0,13.0,2.0,22.87,5.0,4.574
13.0,30962.0,3.0,158.41,3323.3333333333335,79.205
30962.0,84.0,2.0,90.35,3.0,90.35
30962.0,105.0,2.0,124.36,182.5,31.09
30962.0,56960.0,2.0,32.76,51.5,0.8854054054054054
30962.0,88.0,2.0,136.3,19.5,136.3
120.0,81476.0,3.0,50.75,5237.0,25.375
81476.0,16715.0,2.0,4.47,6.5,4.47
81476.0,52173.0,2.0,67.8,5.5,13.559999999999999
81476.0,95.0,6.0,114.07,6.0,114.07
81476.0,84.0,1.0,99.57,574.0,0.17346689895470382
120.0,33.0,1.0,88.04,5307.0,0.016589410212926325
33.0,99.0,1.0,55.62,8373.0,0.0066427803654604085
99.0,10197.0,1.0,33.38,175.0,0.19074285714285716
10197.0,1807.0,2.0,21.63,19.5,3.09
10197.0,31646.0,2.0,27.2,48.5,0.6634146341463415
10197.0,63835.0,1.0,29.41,1244.0,0.023641479099678456
63835.0,31646.0,2.0,55.9,26.0,5.081818181818182
63835.0,32.0,2.0,48.18,23.0,9.636
63835.0,13436.0,2.0,22.09,45.5,0.6136111111111111
63835.0,9456.0,1.0,9.22,105.0,0.08780952380952381
9456.0,1807.0,1.0,5.1,25.0,0.204
1807.0,63835.0,4.0,10.44,329.0,20.88
1807.0,13436.0,1.0,12.04,36.0,0.33444444444444443
13436.0,93514.0,1.0,18.87,3176.0,0.0059414357682619654
93514.0,86606.0,3.0,3.61,169.33333333333334,0.4011111111111111
86606.0,14639.0,2.0,9.49,4165.0,0.0228125
14639.0,93514.0,2.0,9.22,52.0,0.8381818181818183
14639.0,22.0,2.0,33.77,247.5,0.13672064777327936
14639.0,99.0,4.0,30.62,36.25,3.4022222222222225
99.0,93514.0,2.0,39.75,26.0,3.6136363636363638
86606.0,120.0,4.0,64.36,254.5,1.3408333333333333
120.0,52940.0,1.0,51.35,1167.0,0.04400171379605827
52940.0,82790.0,2.0,48.47,7423.0,0.00769853875476493
82790.0,99.0,2.0,69.04,2082.0,0.4085207100591716
120.0,28980.0,1.0,28.34,13104.0,0.0021626984126984126
28980.0,70124.0,3.0,21.02,4251.333333333333,1.7516666666666667
33.0,66611.0,1.0,18.43,8420.0,0.002188836104513064
66611.0,120.0,8.0,69.7,9.25,34.85
49.0,38135.0,1.0,35.49,8285.0,0.004283645141822571
38135.0,84.0,2.0,26.13,1784.0,0.038483063328424154
38135.0,20602.0,1.0,15.23,2670.0,0.005704119850187266
20602.0,95.0,1.0,51.58,152.0,0.3393421052631579
95.0,5.0,6.0,39.38,194.66666666666666,13.126666666666667
5.0,20602.0,2.0,58.15,53.0,11.629999999999999
5.0,88.0,1.0,91.38,2.0,45.69
88.0,95.0,1.0,53.3,0.0,106.6
51259.0,95695.0,3.0,75.5,4961.0,2.0405405405405403
51259.0,49.0,3.0,137.43,4.666666666666667,137.43
95695.0,13.0,1.0,49.67,2.0,24.835
13.0,51259.0,8.0,87.44,6.25,43.72
49.0,13.0,1.0,99.52,1.0,99.52
60122.0,5.0,5.0,69.9,12.6,34.95
5.0,22.0,1.0,121.22,60.0,2.0203333333333333
49.0,35739.0,1.0,54.44,0.0,108.88
35739.0,22.0,2.0,163.44,482.5,23.34857142857143
22.0,99.0,1.0,64.39,8.0,8.04875
99.0,33.0,1.0,55.62,2.0,27.81
33.0,22.0,6.0,24.53,8.666666666666666,8.176666666666668
33.0,120.0,1.0,88.04,3.0,29.346666666666668
120.0,22.0,1.0,86.98,0.0,173.96
35739.0,99.0,1.0,103.61,1.0,103.61
99.0,120.0,1.0,40.56,5.0,8.112
120.0,35739.0,1.0,78.7,1323.0,0.059486016628873775
35739.0,13.0,4.0,70.46,266.5,140.92
35739.0,22509.0,1.0,78.43,470.0,0.16687234042553192
22509.0,13.0,4.0,90.95,3.5,181.9
22509.0,17297.0,6.0,121.2,24.0,30.3
5.0,92221.0,1.0,10.22,11271.0,0.0009067518410078965
92221.0,99.0,6.0,50.28,7.333333333333333,25.14
92221.0,84.0,3.0,64.21,4.666666666666667,16.0525
84.0,22899.0,4.0,81.98,5.75,27.326666666666668
92221.0,22.0,3.0,111.48,4.333333333333333,55.74
92221.0,120.0,2.0,34.38,4.0,34.38
92221.0,33.0,2.0,105.78,1.5,105.78
84.0,22.0,1.0,146.05,0.0,292.1
92221.0,95.0,1.0,47.54,2058.0,0.023100097181729836
5.0,95695.0,1.0,64.81,13772.0,0.0047059250653499855
95695.0,92.0,2.0,150.18,58.5,75.09
95695.0,13.0,5.0,49.67,2.8,99.34
13.0,5.0,1.0,114.24,7846.0,0.014560285495794035
5.0,95.0,6.0,39.38,6.833333333333333,39.38
95.0,49.0,1.0,55.08,1.0,55.08
49.0,5.0,1.0,73.03,11.0,6.63909090909091
95.0,33.0,1.0,153.3,2.0,76.65
33.0,22899.0,1.0,60.04,10.0,6.004
22899.0,84.0,2.0,81.98,13.0,13.663333333333334
22899.0,95.0,2.0,93.33,2.0,93.33
22899.0,13.0,2.0,165.2,119.5,10.325
22899.0,95695.0,1.0,117.2,2288.0,0.051223776223776225
95695.0,84.0,4.0,100.87,6.0,16.811666666666667
95695.0,22.0,4.0,179.19,6.5,35.838
95695.0,33.0,1.0,176.65,2.0,88.325
33.0,22.0,1.0,24.53,4.0,6.1325
22.0,101.0,1.0,174.47,1.0,174.47
101.0,95695.0,1.0,110.49,6.0,18.415
99.0,22.0,3.0,64.39,123.66666666666667,8.04875
22.0,33.0,7.0,24.53,181.42857142857142,12.265
22.0,5.0,1.0,121.22,5.0,24.244
5.0,33.0,3.0,114.67,6.0,22.934
33.0,96.0,1.0,148.12,15835.0,0.009353962740764131
96.0,105.0,1.0,88.97,19.0,4.682631578947368
105.0,33.0,2.0,59.19,32.5,29.595
105.0,22.0,1.0,63.38,5.0,12.676
74000.0,31006.0,2.0,23.77,2517.5,0.06271767810026385
31006.0,22.0,7.0,93.27,4.285714285714286,46.635
31006.0,33.0,1.0,85.23,3.0,28.41
33.0,13.0,1.0,223.7,2.0,111.85
13.0,22.0,1.0,223.94,3.0,74.64666666666666
31006.0,88.0,2.0,119.77,1.0,239.54
31006.0,84.0,2.0,63.84,26.0,7.98
74000.0,32.0,1.0,13.93,2852.0,0.004884291725105189
32.0,47748.0,1.0,45.8,7.0,6.542857142857143
47748.0,95.0,1.0,41.91,2444.0,0.0171481178396072
33.0,99.0,1.0,55.62,89.0,0.6249438202247191
99.0,31646.0,3.0,59.51,9.333333333333334,29.755
31646.0,95.0,3.0,155.73,28.333333333333332,77.865
95.0,99.0,3.0,97.82,17.666666666666668,97.82
99.0,32.0,1.0,27.73,2.0,13.865
32.0,31646.0,4.0,81.87,22.25,27.290000000000003
31646.0,41941.0,8.0,57.2,9.25,14.3
31646.0,84.0,2.0,138.37,1.0,138.37
84.0,32.0,1.0,57.42,22.0,2.61
84.0,94580.0,1.0,110.74,4.0,27.685
94580.0,41941.0,2.0,28.64,7815.0,1.1015384615384616
41941.0,95.0,3.0,98.54,3.3333333333333335,49.27
95.0,94580.0,6.0,126.58,8.666666666666666,63.29
95.0,32.0,1.0,87.51,3.0,29.17
32.0,94580.0,4.0,53.46,200.25,17.82
32.0,5.0,1.0,48.84,114.0,0.428421052631579
5.0,95.0,2.0,39.38,13.0,3.58
5.0,120.0,2.0,44.14,132.5,2.75875
120.0,95.0,2.0,73.6,76.0,147.2
5.0,41941.0,1.0,61.31,832.0,0.07368990384615384
41941.0,120.0,2.0,33.57,6.5,6.714
94580.0,120.0,4.0,61.1,39.25,122.2
99.0,95.0,2.0,97.82,111.0,0.940576923076923
99.0,16442.0,3.0,77.41,64.33333333333333,6.450833333333333
16442.0,22.0,2.0,138.33,6.5,27.666000000000004
99.0,22.0,5.0,64.39,201.6,0.32195
22.0,31646.0,2.0,12.05,1405.5,0.014931846344485751
31646.0,99.0,2.0,59.51,201.5,0.2960696517412935
22.0,50942.0,1.0,34.93,401.0,0.08710723192019951
50942.0,99.0,4.0,87.01,149.75,10.87625
50942.0,31646.0,1.0,30.36,4416.0,0.006875
31646.0,5.0,4.0,117.96,299.75,29.49
99.0,33.0,7.0,55.62,24.571428571428573,55.62
33.0,10197.0,3.0,27.47,49.0,13.735
10197.0,74499.0,1.0,28.16,307.0,0.09172638436482085
74499.0,1807.0,2.0,18.03,13.0,3.0050000000000003
74499.0,63835.0,2.0,26.91,4.0,13.455
74499.0,120.0,5.0,50.04,5.6,25.02
120.0,10197.0,3.0,60.83,6.333333333333333,10.138333333333334
10197.0,1807.0,5.0,21.63,14.4,10.815
1807.0,23286.0,3.0,16.12,53.666666666666664,3.224
23286.0,33.0,1.0,47.09,61.0,0.7719672131147541
33.0,120.0,2.0,88.04,390.5,0.3593469387755102
33.0,2037.0,1.0,26.3,142.0,0.1852112676056338
2037.0,95389.0,2.0,20.62,213.5,0.27131578947368423
2037.0,120.0,4.0,62.07,3.5,31.035
120.0,32298.0,5.0,36.66,2.2,73.32
32298.0,2037.0,3.0,29.41,1124.3333333333333,14.705
120.0,95.0,1.0,73.6,7.0,10.514285714285714
95.0,32298.0,1.0,97.99,3.0,32.663333333333334
32298.0,55135.0,4.0,7.21,6.0,3.605
55135.0,83617.0,1.0,30.0,753.0,0.0398406374501992
83617.0,2037.0,2.0,13.0,604.5,0.03551912568306011
83617.0,32.0,1.0,42.05,5467.0,0.007691604170477409
32.0,5.0,2.0,48.84,6.5,12.21
32.0,55135.0,2.0,38.23,32.5,2.9407692307692304
32298.0,31646.0,1.0,58.05,4.0,14.5125
31646.0,55135.0,3.0,60.22,1.6666666666666667,60.22
32.0,31646.0,1.0,81.87,340.0,0.24079411764705883
22.0,52989.0,1.0,52.11,885.0,0.05888135593220339
52989.0,95.0,3.0,106.19,1.6666666666666667,106.19
52989.0,88.0,1.0,152.86,1.0,152.86
88.0,95.0,2.0,53.3,0.0,106.6
52989.0,95034.0,5.0,19.65,3.0,39.3
95034.0,95.0,4.0,124.37,33.75,124.37
95034.0,22899.0,3.0,31.83,8.0,4.547142857142857
22899.0,13.0,1.0,165.2,3.0,55.06666666666666
13.0,16800.0,3.0,166.35,0.3333333333333333,332.7
16800.0,105.0,8.0,116.51,3.0,233.02
16800.0,88.0,1.0,144.45,1.0,144.45
95.0,16800.0,3.0,98.68,1.6666666666666667,98.68
16800.0,2037.0,2.0,31.78,12.0,5.296666666666667
16800.0,31646.0,1.0,57.8,5403.0,0.010697760503424024
31646.0,105.0,2.0,59.57,123.5,7.44625
51880.0,43681.0,5.0,16.64,9.4,3.3280000000000003
43681.0,81774.0,1.0,36.07,10623.0,0.0033954626753271203
99.0,32.0,1.0,27.73,2279.0,0.012167617376042123
32.0,120.0,6.0,54.21,217.83333333333334,108.42
120.0,22.0,1.0,86.98,365.0,0.2383013698630137
22.0,86382.0,4.0,93.55,51.5,15.591666666666667
86382.0,99.0,2.0,30.81,68.0,0.8327027027027026
99.0,120.0,1.0,40.56,30.0,1.352
120.0,86382.0,3.0,29.95,17.333333333333332,59.9
86382.0,95.0,8.0,67.12,85.25,67.12
99.0,22.0,1.0,64.39,305.0,0.21111475409836067
86382.0,22899.0,1.0,26.4,33.0,0.7999999999999999
22899.0,120.0,2.0,36.95,65.5,0.9723684210526317
22899.0,32.0,1.0,26.39,273.0,0.09666666666666666
32.0,86382.0,6.0,27.73,71.33333333333333,3.46625
32.0,95.0,6.0,87.51,46.0,29.17
95.0,22.0,1.0,157.9,149.0,1.0597315436241612
22.0,32.0,8.0,88.88,18.0,44.44
32.0,5.0,4.0,48.84,1152.25,5.426666666666667
95.0,5.0,2.0,39.38,19.5,2.6253333333333333
5.0,120.0,2.0,44.14,6.5,8.828
120.0,95.0,1.0,73.6,23.0,3.1999999999999997
5.0,99.0,3.0,59.06,500.0,0.1962126245847176
99.0,120.0,1.0,40.56,606.0,0.06693069306930693
120.0,33.0,1.0,88.04,294.0,0.2994557823129252
33.0,22.0,1.0,24.53,3.0,8.176666666666668
22.0,32.0,1.0,88.88,2719.0,0.0326884884148584
99.0,22.0,1.0,64.39,2713.0,0.023733873940287503
22.0,2037.0,1.0,35.05,606.0,0.05783828382838283
2037.0,95389.0,7.0,20.62,705.7142857142857,4.1240000000000006
2037.0,120.0,2.0,62.07,196.0,4.138
95389.0,105.0,2.0,101.91,156.5,0.6885810810810811
52711.0,5.0,1.0,47.71,850.0,0.056129411764705886
5.0,22.0,1.0,121.22,8.0,15.1525
22.0,52711.0,1.0,154.38,509.0,0.30330058939096266
52711.0,84.0,1.0,23.91,9374.0,0.0025506720716876466
84.0,95.0,1.0,76.73,904.0,0.0848783185840708
95.0,49.0,2.0,55.08,398.0,0.18359999999999999
95.0,5.0,3.0,39.38,142.0,0.6351612903225807
84.0,16442.0,4.0,65.56,2174.0,2.1148387096774193
16442.0,99.0,6.0,77.41,13.0,38.705
16442.0,88.0,2.0,72.81,1.0,145.62
31646.0,32.0,1.0,81.87,18184.0,0.004502309722833261
32.0,33.0,1.0,74.92,440.0,0.17027272727272727
33.0,5.0,1.0,114.67,1442.0,0.07952149791955618
22.0,33.0,4.0,24.53,6.0,8.176666666666668
22.0,5.0,1.0,121.22,5.0,24.244
5.0,95.0,1.0,39.38,2.0,19.69
95.0,33.0,1.0,153.3,3.0,51.1
22.0,88.0,2.0,202.54,7.0,28.934285714285714
88.0,13.0,2.0,22.87,6.5,7.623333333333334
22.0,84.0,1.0,146.05,0.0,292.1
84.0,5.0,1.0,58.5,5.0,11.7
5.0,88.0,1.0,91.38,1.0,91.38
88.0,95.0,1.0,53.3,0.0,106.6
95.0,22.0,1.0,157.9,7.0,22.557142857142857
33.0,96.0,1.0,148.12,7.0,21.16
10303.0,64278.0,5.0,87.37,32.8,87.37
64278.0,86606.0,1.0,42.06,4687.0,0.008973757200768082
86606.0,5.0,6.0,96.65,5.666666666666667,32.21666666666667
86606.0,61517.0,4.0,30.87,1252.0,6.174
88.0,96.0,1.0,349.62,235.0,1.487744680851064
96.0,33.0,1.0,148.12,16.0,9.2575
33.0,22.0,2.0,24.53,4.0,8.176666666666668
22.0,120.0,2.0,86.98,1.0,86.98
120.0,5.0,1.0,44.14,4.0,11.035
5.0,95.0,3.0,39.38,2.3333333333333335,39.38
95.0,33.0,2.0,153.3,2.0,76.65
33.0,5.0,1.0,114.67,8.0,14.33375
95.0,13.0,1.0,76.05,7527.0,0.01010362694300518
13.0,88.0,1.0,22.87,9.0,2.5411111111111113
88.0,95.0,1.0,53.3,0.0,106.6
95.0,120.0,1.0,73.6,6.0,12.266666666666666
22.0,5.0,1.0,121.22,5.0,24.244
22.0,66.0,1.0,210.79,24.0,8.782916666666667
33.0,32.0,4.0,74.92,306.5,149.84
32.0,120.0,3.0,54.21,4.666666666666667,54.21
120.0,22.0,1.0,86.98,3.0,28.993333333333336
22.0,5.0,1.0,121.22,4.0,30.305
5.0,32.0,8.0,48.84,6.125,12.21
32.0,84.0,1.0,57.42,3.0,19.14
84.0,5.0,1.0,58.5,5.0,11.7
32.0,22.0,2.0,88.88,6.5,17.776
96.0,33.0,1.0,148.12,16.0,9.2575
33.0,5.0,1.0,114.67,20.0,5.7335
5.0,95.0,3.0,39.38,18.0,19.69
95.0,88.0,2.0,53.3,71.5,53.3
95.0,22.0,1.0,157.9,6.0,26.316666666666666
22.0,5.0,1.0,121.22,6.0,20.203333333333333
66.0,96.0,1.0,64.72,31.0,2.087741935483871
96.0,22.0,1.0,150.17,21.0,7.15095238095238
22.0,33.0,2.0,24.53,6.5,6.1325
22.0,5.0,1.0,121.22,6.0,20.203333333333333
5.0,84.0,1.0,58.5,21.0,2.7857142857142856
33.0,56960.0,3.0,93.87,28.333333333333332,93.87
56960.0,22.0,4.0,100.36,9.75,16.726666666666667
56960.0,32.0,2.0,33.62,5.5,11.206666666666665
56960.0,88.0,2.0,109.92,5.0,109.92
56960.0,13.0,1.0,132.65,2.0,66.325
13.0,16442.0,1.0,95.68,9.0,10.631111111111112
13.0,88.0,1.0,22.87,10.0,2.287
88.0,5.0,1.0,91.38,0.0,182.76
5.0,95.0,3.0,39.38,5.0,19.69
95.0,33.0,1.0,153.3,2.0,76.65
33.0,22.0,3.0,24.53,5.333333333333333,8.176666666666668
22.0,96.0,1.0,150.17,4.0,37.5425
96.0,66.0,1.0,64.72,9.0,7.191111111111111
66.0,45849.0,1.0,180.79,598.0,0.302324414715719
45849.0,31646.0,7.0,32.14,123.28571428571429,10.713333333333333
31646.0,105.0,6.0,59.57,193.16666666666666,29.785
31646.0,33.0,1.0,12.51,4335.0,0.0028858131487889275
43255.0,33.0,1.0,165.96,2.0,82.98
33.0,105.0,2.0,59.19,0.0,118.38
105.0,22.0,1.0,63.38,3.0,21.12666666666667
22.0,43255.0,1.0,168.8,7.0,24.114285714285717
43255.0,105.0,1.0,225.15,2.0,112.575
33.0,120.0,1.0,88.04,0.0,176.08
120.0,22.0,1.0,86.98,3.0,28.993333333333336
105.0,22.0,1.0,63.38,3.0,21.12666666666667
22.0,33.0,4.0,24.53,8.25,8.176666666666668
33.0,105.0,1.0,59.19,0.0,118.38
105.0,120.0,1.0,146.43,2.0,73.215
120.0,22.0,1.0,86.98,1.0,86.98
33.0,120.0,1.0,88.04,2.0,44.02
22.0,95.0,3.0,157.9,1837.6666666666667,4.784848484848485
95.0,49.0,2.0,55.08,136.0,2.2032
95.0,88.0,1.0,53.3,611.0,0.08723404255319149
88.0,13.0,1.0,22.87,194.0,0.11788659793814434
13.0,5.0,1.0,114.24,0.0,228.48
5.0,22.0,1.0,121.22,1049.0,0.11555767397521449
