wifi_a,wifi_b,count,distance,meanTime,maxSpeed
22.0,88.0,1.0,202.54,14628.0,0.01384604867377632
88.0,99.0,1.0,147.2,7548.0,0.019501854795972443
99.0,72974.0,1.0,24.26,212.0,0.11443396226415095
72974.0,101.0,6.0,114.39,5.0,38.13
72974.0,38321.0,3.0,63.0,4.666666666666667,21.0
22.0,88.0,1.0,202.54,14628.0,0.01384604867377632
88.0,95.0,1.0,53.3,10556.0,0.005049261083743842
95.0,13.0,2.0,76.05,6.5,15.209999999999999
95.0,5.0,2.0,39.38,6.5,6.5633333333333335
22.0,9048.0,10.0,138.33,12.0,46.11000000000001
9048.0,49.0,3.0,62.64,20.0,3.132
49.0,22.0,3.0,190.46,8.0,23.8075
26858.0,9048.0,1.0,46.1,12809.0,0.003599031930673745
9048.0,25145.0,1.0,26.08,11.0,2.3709090909090906
25145.0,33.0,4.0,106.9,6.25,26.725
25145.0,120.0,1.0,36.37,2.0,18.185
120.0,22.0,2.0,86.98,134.5,21.745
22.0,33.0,8.0,24.53,0.0,49.06
25145.0,22.0,1.0,112.93,6.0,18.82166666666667
25145.0,38337.0,1.0,1.41,2.0,0.705
38337.0,33.0,8.0,108.29,6.875,36.09666666666667
22.0,38337.0,8.0,114.34,3.875,38.11333333333334
38337.0,120.0,3.0,37.47,2.0,74.94
38337.0,99.0,1.0,52.71,4.0,13.1775
99.0,32.0,1.0,27.73,15.0,1.8486666666666667
32.0,33.0,1.0,74.92,4.0,18.73
33.0,13702.0,1.0,103.56,7.0,14.794285714285715
13702.0,32.0,1.0,42.0,54.0,0.7777777777777778
32.0,22.0,2.0,88.88,4.0,22.22
38337.0,48812.0,10.0,46.62,2.3,93.24
38337.0,52367.0,1.0,49.65,4.0,12.4125
52367.0,22.0,1.0,162.73,0.0,325.46
38337.0,27439.0,7.0,71.17,1.4285714285714286,71.17
27439.0,32.0,1.0,115.03,1.0,115.03
32.0,38337.0,2.0,44.91,14.0,89.82
22.0,48812.0,1.0,158.02,4.0,39.505
22.0,99.0,1.0,64.39,33.0,1.9512121212121212
99.0,33.0,1.0,55.62,6.0,9.27
33.0,27439.0,1.0,177.47,1831.0,0.09692517749863462
27439.0,48812.0,9.0,25.18,2.7777777777777777,50.36
48812.0,13702.0,3.0,50.99,2.6666666666666665,101.98
13702.0,27439.0,3.0,75.27,1.6666666666666667,75.27
38337.0,49.0,1.0,80.03,3.0,26.676666666666666
49.0,48812.0,7.0,59.56,3.857142857142857,19.853333333333335
27439.0,49.0,10.0,68.12,5.3,22.706666666666667
27439.0,92.0,4.0,147.82,2.5,147.82
48812.0,79123.0,8.0,70.68,3.25,35.34
79123.0,27439.0,1.0,94.92,1.0,94.92
79123.0,9048.0,12.0,48.88,3.9166666666666665,48.88
9048.0,49.0,8.0,62.64,4.25,20.88
9048.0,88.0,6.0,72.81,58.666666666666664,145.62
88.0,79123.0,2.0,119.71,5.0,23.942
79123.0,13.0,1.0,142.42,0.0,284.84
13.0,9048.0,1.0,95.68,1.0,95.68
9048.0,95.0,1.0,20.55,60414.0,0.0003401529446816963
95.0,40575.0,1.0,27.79,7.0,3.9699999999999998
40575.0,32140.0,931.0,9.85,51.18045112781955,9.85
32140.0,28453.0,1842.0,44.2,4.343648208469055,88.4
28453.0,40575.0,1011.0,34.71,3.787339268051434,69.42
32140.0,49.0,12.0,79.91,0.75,159.82
49.0,28453.0,12.0,105.42,3.6666666666666665,210.84
32140.0,99.0,12.0,95.01,4.166666666666667,47.505
99.0,40575.0,8.0,85.26,2.125,85.26
28453.0,99.0,4.0,56.16,3.5,18.72
40575.0,5.0,1.0,36.7,17588.0,0.0020866499886286107
5.0,28453.0,1.0,36.26,85.0,0.4265882352941176
95.0,52367.0,1.0,27.76,767.0,0.03619295958279009
52367.0,3236.0,8.0,41.4,800.25,20.7
52367.0,99.0,2.0,99.04,3.5,33.013333333333335
52367.0,92.0,4.0,183.61,3475.75,367.22
95.0,67034.0,1.0,72.76,7.0,10.394285714285715
67034.0,37128.0,82.0,17.49,5.280487804878049,8.745
37128.0,11404.0,1.0,41.05,2.0,20.525
11404.0,67034.0,2.0,26.25,3.0,8.75
11404.0,17079.0,1.0,60.54,5.0,12.108
17079.0,45476.0,1685.0,46.04,31.177448071216617,92.08
45476.0,67034.0,889.0,41.11,4.6299212598425195,82.22
67034.0,17079.0,926.0,86.31,3.4600431965442766,172.62
17079.0,37128.0,147.0,101.55,3.687074829931973,101.55
37128.0,45476.0,167.0,55.57,4.161676646706587,111.14
17079.0,5.0,1.0,55.11,17510.0,0.003147344374643061
5.0,37128.0,1.0,52.43,5.0,10.486
95.0,3236.0,1.0,16.64,300.0,0.05546666666666667
3236.0,52367.0,12.0,41.4,1323.4166666666667,82.8
3236.0,9048.0,1.0,35.51,61051.0,0.0005816448543021408
95.0,2344.0,1.0,65.74,7.0,9.391428571428571
2344.0,71402.0,1.0,45.61,0.0,91.22
71402.0,14657.0,270.0,12.04,3.911111111111111,24.08
71402.0,31591.0,6.0,45.01,1.5,45.01
14657.0,13.0,7.0,139.23,2.0,69.615
13.0,71402.0,8.0,139.32,2.375,278.64
14657.0,31591.0,3.0,33.06,2.6666666666666665,33.06
14657.0,82106.0,84.0,45.0,3.4523809523809526,22.5
82106.0,46955.0,2425.0,87.46,17.64783505154639,174.92
46955.0,14657.0,37.0,42.52,6.5675675675675675,21.26
46955.0,71402.0,84.0,35.23,1.4404761904761905,70.46
71402.0,82106.0,181.0,54.59,2.1270718232044197,109.18
14657.0,69762.0,1.0,57.22,0.0,114.44
69762.0,82106.0,2.0,30.41,2.5,15.205
46955.0,69762.0,1.0,94.92,2.0,47.46
82106.0,2733.0,3192.0,78.45,2.9702380952380953,156.9
2733.0,71402.0,184.0,60.75,1.9021739130434783,121.5
46955.0,2733.0,1022.0,57.38,3.8649706457925634,114.76
13.0,82106.0,31.0,173.38,2.129032258064516,346.76
82106.0,31591.0,1.0,25.18,2.0,12.59
31591.0,46955.0,2.0,71.59,1.0,71.59
82106.0,33.0,14.0,54.91,1.5,109.82
33.0,46955.0,17.0,142.16,1.9411764705882353,284.32
2733.0,13.0,33.0,95.87,1.0909090909090908,191.74
82106.0,64102.0,6.0,109.22,2.8333333333333335,109.22
64102.0,2733.0,1.0,56.32,0.0,112.64
2733.0,33.0,5.0,127.85,4.2,31.9625
46955.0,64102.0,5.0,28.16,0.6,56.32
82106.0,120.0,4.0,47.68,2.75,95.36
120.0,46955.0,2.0,82.74,2.0,82.74
2733.0,120.0,2.0,42.94,3.0,14.313333333333333
82106.0,49.0,24.0,124.88,1.0416666666666667,249.76
49.0,46955.0,19.0,37.46,2.4210526315789473,74.92
46955.0,13.0,8.0,111.34,4.75,111.34
49.0,2733.0,12.0,83.36,3.4166666666666665,83.36
13.0,49.0,1.0,99.52,5.0,19.904
82106.0,5.0,1.0,60.87,7391.0,0.008235692057908266
5.0,32.0,1.0,48.84,1202.0,0.04063227953410982
32.0,2733.0,5.0,72.23,3248.6,72.23
82106.0,32.0,4.0,22.52,1.0,22.52
49.0,18641.0,1.0,96.24,9.0,10.693333333333333
18641.0,84866.0,17.0,25.81,7.823529411764706,25.81
84866.0,5.0,2.0,9.2,8770.5,1.8399999999999999
49.0,59287.0,1.0,49.18,235.0,0.20927659574468085
59287.0,5.0,2.0,25.39,29881.0,0.5904651162790698
59287.0,88.0,3.0,74.79,9.666666666666666,24.930000000000003
59287.0,22.0,4.0,146.45,9.25,48.81666666666666
49.0,29992.0,1.0,45.36,26.0,1.7446153846153847
29992.0,88.0,25.0,65.95,42.52,131.9
29992.0,99.0,5.0,92.3,30.4,5.76875
29992.0,92.0,2.0,169.21,71.0,338.42
88.0,99.0,3.0,147.2,17.666666666666668,49.06666666666666
5.0,64018.0,1.0,6.03,962.0,0.006268191268191268
64018.0,22.0,6.0,123.47,2.6666666666666665,61.735
64018.0,79123.0,1.0,34.0,66911.0,0.0005081376754195872
22.0,88505.0,1.0,51.44,97.0,0.5303092783505154
88505.0,33.0,4.0,48.03,21.25,8.005
22.0,75428.0,1.0,34.13,27.0,1.2640740740740741
75428.0,120.0,4.0,62.3,6.5,31.15
32.0,25405.0,1.0,24.23,274.0,0.08843065693430657
25405.0,51286.0,8.0,23.77,36.375,3.9616666666666664
25405.0,96699.0,12.0,11.4,21.583333333333332,11.4
25405.0,44615.0,6.0,49.66,29.0,9.931999999999999
25405.0,120.0,33.0,33.2,36.484848484848484,66.4
44615.0,51286.0,2.0,73.16,6.5,36.58
25405.0,99.0,38.0,29.71,31.55263157894737,29.71
25405.0,13.0,7.0,142.54,20.142857142857142,142.54
99.0,13.0,1.0,169.72,1.0,169.72
25405.0,88.0,30.0,119.77,39.2,239.54
120.0,88.0,1.0,115.57,8.0,14.44625
88.0,99.0,1.0,147.2,4.0,36.8
99.0,120.0,2.0,40.56,1.0,40.56
5.0,9048.0,1.0,18.86,332.0,0.05680722891566265
9048.0,99.0,8.0,77.41,158.25,25.80333333333333
9048.0,22.0,2.0,138.33,182.5,1.080703125
92071.0,95.0,2.0,59.29,13.0,5.929
92071.0,101.0,6.0,31.24,282.3333333333333,0.97625
101.0,95.0,2.0,90.35,39.0,2.5814285714285714
92071.0,49.0,1.0,31.1,2030.0,0.015320197044334976
49.0,95.0,4.0,55.08,378.0,0.5296153846153846
91020.0,5.0,11.0,75.96,133.27272727272728,75.96
91020.0,2552.0,10.0,27.07,385.8,9.023333333333333
2552.0,95.0,2.0,64.62,91.0,3.5900000000000003
91020.0,13.0,1.0,38.51,2323.0,0.016577701248385708
13.0,5.0,1.0,114.24,0.0,228.48
91020.0,88.0,5.0,15.77,48.6,3.154
88.0,13.0,2.0,22.87,11.5,4.574
13.0,95.0,1.0,76.05,7.0,10.864285714285714
95.0,88.0,1.0,53.3,1.0,53.3
5.0,9048.0,1.0,18.86,6.0,3.143333333333333
9048.0,49.0,2.0,62.64,427.0,0.14949880668257756
9048.0,2552.0,6.0,84.17,145.5,28.05666666666667
95.0,26858.0,1.0,26.44,1756.0,0.015056947608200456
26858.0,88.0,2.0,26.87,1620.5,0.07402203856749312
26858.0,92.0,4.0,150.18,22.75,75.09
26858.0,49.0,4.0,65.32,6.5,16.33
92071.0,95.0,4.0,59.29,380.75,1.5202564102564102
92071.0,49.0,1.0,31.1,5129.0,0.006063560148177033
49.0,101.0,2.0,54.17,429.0,0.660609756097561
49.0,95.0,1.0,55.08,795.0,0.06928301886792453
95.0,84.0,1.0,76.73,23590.0,0.003252649427723612
95.0,22.0,3.0,157.9,519.6666666666666,52.63333333333333
22.0,32.0,5.0,88.88,614.0,177.76
22.0,5.0,3.0,121.22,840.3333333333334,1.0101666666666667
5.0,32.0,2.0,48.84,46.0,16.28
32.0,95.0,2.0,87.51,22592.5,0.09299681190223168
95.0,5.0,4.0,39.38,596.0,5.625714285714286
5.0,99.0,5.0,59.06,815.6,14.765
99.0,120.0,2.0,40.56,2.0,20.28
120.0,22.0,2.0,86.98,4.5,21.745
22.0,99.0,1.0,64.39,6.0,10.731666666666667
32.0,99.0,2.0,27.73,187.0,0.5437254901960784
95.0,88.0,2.0,53.3,136.5,0.6922077922077922
48812.0,49.0,2.0,59.56,13.0,29.78
48812.0,88.0,6.0,50.3,34.5,16.766666666666666
48812.0,9048.0,1.0,22.56,794.0,0.028413098236775815
9048.0,49.0,4.0,62.64,19.5,62.64
22.0,5.0,1.0,121.22,778.0,0.15580976863753213
5.0,64291.0,5.0,85.58,4.0,85.58
64291.0,22.0,2.0,35.81,1741.0,0.021650544135429262
64291.0,33.0,2.0,37.17,7.0,6.195
2552.0,91020.0,1.0,27.07,9995.0,0.0027083541770885444
91020.0,84932.0,2.0,5.0,0.0,10.0
91020.0,58086.0,3.0,13.04,4.666666666666667,13.04
58086.0,95.0,2.0,50.59,22.0,2.8105555555555557
58086.0,5.0,1.0,88.83,28.0,3.1725
5.0,2552.0,1.0,102.73,66137.0,0.0015532908961700712
2552.0,95.0,1.0,64.62,1.0,64.62
84.0,33.0,1.0,130.17,1561.0,0.08338885329916719
33.0,22.0,2.0,24.53,0.0,49.06
33.0,120.0,1.0,88.04,515.0,0.17095145631067962
120.0,99.0,1.0,40.56,533.0,0.07609756097560975
99.0,5.0,4.0,59.06,6.5,19.686666666666667
49.0,101.0,3.0,54.17,114.0,18.05666666666667
101.0,5.0,1.0,82.63,46.0,1.796304347826087
5.0,95.0,1.0,39.38,7.0,5.625714285714286
99.0,22.0,3.0,64.39,185.0,1.0555737704918033
22.0,120.0,1.0,86.98,568.0,0.15313380281690142
120.0,99.0,3.0,40.56,142.66666666666666,40.56
99.0,54272.0,3.0,59.51,97.0,8.501428571428571
54272.0,5.0,2.0,117.96,6.5,39.32
95.0,49.0,4.0,55.08,23.0,18.36
95.0,88.0,2.0,53.3,0.0,106.6
88.0,99.0,1.0,147.2,5.0,29.439999999999998
99.0,5.0,2.0,59.06,1.0,59.06
5.0,22.0,5.0,121.22,10.2,30.305
22.0,88.0,1.0,202.54,3.0,67.51333333333334
95.0,99.0,1.0,97.82,5.0,19.564
5.0,95.0,5.0,39.38,14.2,7.876
22.0,84.0,2.0,146.05,3.0,48.68333333333334
84.0,95.0,3.0,76.73,5.333333333333333,76.73
95.0,120.0,2.0,73.6,4.0,18.4
120.0,5.0,2.0,44.14,1.0,44.14
5.0,84.0,1.0,58.5,7.0,8.357142857142858
88.0,84932.0,1.0,10.78,1.0,10.78
84932.0,99.0,2.0,137.15,19.5,15.238888888888889
84932.0,5.0,1.0,80.82,3.0,26.939999999999998
88.0,29250.0,1.0,83.98,1.0,83.98
29250.0,40323.0,2.0,51.24,5.0,10.248000000000001
29250.0,95062.0,2.0,32.45,0.5,64.9
29250.0,25145.0,1.0,22.47,3.0,7.489999999999999
25145.0,95062.0,1.0,10.0,1.0,10.0
95062.0,95557.0,5.0,8.06,1.8,8.06
95557.0,8318.0,76.0,49.82,3.1052631578947367,49.82
8318.0,40323.0,30.0,90.52,1.3666666666666667,181.04
40323.0,95557.0,16.0,41.62,3.0625,83.24
95557.0,18363.0,3663.0,14.56,2.1466011466011468,29.12
18363.0,83784.0,7.0,52.47,1.7142857142857142,104.94
83784.0,95557.0,5.0,38.12,2.4,19.06
18363.0,28862.0,2.0,72.86,2.0,72.86
18363.0,8228.0,3458.0,17.89,2.6685945633314057,35.78
8228.0,95557.0,2193.0,20.88,2.8905608755129957,41.76
95557.0,120.0,2.0,41.35,1.0,41.35
120.0,8228.0,2.0,61.25,1.5,61.25
8228.0,28862.0,8.0,90.14,1.5,180.28
95557.0,28862.0,2.0,80.6,3.0,26.866666666666664
8228.0,13.0,38.0,122.37,1.6842105263157894,244.74
13.0,95557.0,6.0,119.01,2.8333333333333335,238.02
13.0,18363.0,22.0,132.01,1.9090909090909092,264.02
120.0,18363.0,2.0,46.41,1.0,46.41
8228.0,33.0,18.0,118.58,1.3888888888888888,237.16
33.0,18363.0,16.0,101.63,1.1875,203.26
95557.0,33.0,6.0,109.81,2.8333333333333335,109.81
8228.0,84.0,1.0,38.0,18370.0,0.0020685900925421882
84.0,101.0,1.0,29.03,10036.0,0.0028925866879234755
101.0,95557.0,1.0,83.25,1.0,83.25
88.0,69881.0,1.0,85.5,1.0,85.5
69881.0,11404.0,2569.0,9.85,5.998442973919813,19.7
11404.0,67444.0,850.0,40.0,3.6258823529411766,80.0
69881.0,67444.0,915.0,30.48,3.3901639344262295,60.96
11404.0,13.0,8.0,117.79,1.5,235.58
69881.0,13.0,11.0,107.96,3.4545454545454546,53.98
13.0,67444.0,1.0,80.17,11.0,7.288181818181818
69881.0,95.0,2.0,39.24,16500.5,0.36672897196261683
95.0,9048.0,1.0,20.55,861.0,0.023867595818815333
9048.0,88.0,4.0,72.81,5.0,72.81
9048.0,49.0,4.0,62.64,4.5,62.64
95.0,9048.0,1.0,20.55,10897.0,0.0018858401394879324
9048.0,22.0,8.0,138.33,3048.0,69.165
22.0,88.0,2.0,202.54,3.0,67.51333333333334
88.0,9048.0,2.0,72.81,2.0,36.405
9048.0,54272.0,8.0,135.72,2.5,67.86
54272.0,120.0,2.0,87.21,2.0,43.605
54272.0,32.0,4.0,81.87,488.0,27.290000000000003
32.0,9048.0,5.0,67.38,109.6,22.459999999999997
32.0,99.0,2.0,27.73,6.5,5.546
32.0,84.0,3.0,57.42,14.666666666666666,14.355
9048.0,84.0,1.0,65.56,1.0,65.56
9048.0,13.0,1.0,95.68,2.0,47.84
13.0,22.0,1.0,223.94,2.0,111.97
9048.0,99.0,2.0,77.41,145.5,25.80333333333333
22.0,5.0,1.0,121.22,33122.0,0.003659803151983576
5.0,9048.0,1.0,18.86,9.0,2.0955555555555554
95.0,26858.0,1.0,26.44,26.0,1.016923076923077
26858.0,48921.0,21.0,62.68,12.0,125.36
48921.0,91020.0,12.0,73.06,6.083333333333333,24.353333333333335
48921.0,13.0,76.0,109.41,8.56578947368421,218.82
48921.0,99.0,6.0,60.53,3.6666666666666665,60.53
79123.0,88.0,2.0,119.71,13.0,17.10142857142857
79123.0,64018.0,1.0,34.0,2368.0,0.014358108108108109
64018.0,71721.0,3.0,34.71,5.666666666666667,17.355
71721.0,22.0,5.0,130.36,4.0,65.18
22.0,88.0,1.0,202.54,3.0,67.51333333333334
88.0,64018.0,3.0,86.42,3.6666666666666665,43.21
64018.0,71414.0,9.0,38.91,684.5555555555555,38.91
64018.0,22.0,6.0,123.47,16.5,61.735
71414.0,71721.0,3.0,15.0,43.666666666666664,1.0714285714285714
22.0,5.0,1.0,121.22,9.0,13.46888888888889
5.0,120.0,1.0,44.14,13.0,3.3953846153846152
120.0,71721.0,1.0,67.87,0.0,135.74
71721.0,99.0,4.0,66.08,1438.5,33.04
22.0,95.0,1.0,157.9,5.0,31.580000000000002
95.0,71721.0,1.0,54.22,6.0,9.036666666666667
5.0,89615.0,1.0,26.4,11.0,2.4
89615.0,13461.0,1.0,34.66,0.0,69.32
13461.0,75992.0,962.0,51.74,9.764033264033264,103.48
13461.0,36710.0,1131.0,46.4,7.1096374889478335,92.8
36710.0,75992.0,480.0,6.32,11.204166666666667,12.64
13461.0,84.0,7.0,86.51,11.285714285714286,28.83666666666667
75992.0,84.0,6.0,50.43,7.166666666666667,12.6075
84.0,36710.0,3.0,50.3,26.333333333333332,2.012
54957.0,48339.0,5.0,49.04,27.8,7.005714285714285
48339.0,13702.0,9.0,68.48,3.888888888888889,68.48
48339.0,92.0,2.0,158.11,13.0,316.22
13702.0,18533.0,1.0,10.0,11.0,0.9090909090909091
18533.0,88.0,8.0,106.34,13.75,53.17
18533.0,50132.0,1.0,46.69,3876.0,0.01204592363261094
50132.0,92.0,2.0,174.52,13.0,34.904
50132.0,88.0,2.0,70.32,169.0,70.32
99.0,85793.0,1.0,21.73,7.0,3.1042857142857145
85793.0,32.0,4.0,48.18,14.5,96.36
85793.0,13568.0,1.0,29.41,57142.0,0.0005146827202408037
38638.0,3429.0,2.0,32.2,20.0,8.05
38638.0,51808.0,1.0,32.39,24.0,1.3495833333333334
51808.0,3429.0,6.0,59.68,18.166666666666668,19.893333333333334
3429.0,47773.0,7.0,13.93,14.285714285714286,13.93
51808.0,47773.0,1.0,49.4,2.0,24.7
3429.0,88.0,27.0,121.96,29.444444444444443,243.92
3429.0,29813.0,76.0,5.83,41.28947368421053,11.66
29813.0,88.0,34.0,117.5,31.794117647058822,235.0
29813.0,99.0,6.0,30.81,17.0,15.405
88.0,13702.0,8.0,100.14,3.75,100.14
13702.0,29813.0,65.0,17.46,21.06153846153846,34.92
29813.0,95.0,4.0,67.12,56.25,13.424000000000001
88.0,95.0,1.0,53.3,2.0,26.65
13702.0,120.0,2.0,33.23,2.0,16.615
13702.0,95.0,1.0,49.77,2496.0,0.019939903846153847
88.0,26858.0,1.0,26.87,939.0,0.02861554845580405
26858.0,95.0,2.0,26.44,2455.0,0.020737254901960784
26858.0,13.0,3.0,49.67,14.666666666666666,8.278333333333334
26858.0,5.0,1.0,64.81,5.0,12.962
5.0,13.0,1.0,114.24,235.0,0.4861276595744681
26858.0,99.0,2.0,121.72,6.5,60.86
26858.0,22.0,1.0,179.19,517.0,0.3465957446808511
91020.0,39236.0,4.0,6.08,199.25,2.026666666666667
91020.0,41841.0,1.0,19.7,2.0,9.85
41841.0,39236.0,1.0,13.89,8.0,1.73625
39236.0,5.0,26.0,69.9,75.5,17.475
95.0,79100.0,1.0,45.99,312.0,0.14740384615384616
79100.0,63110.0,6.0,41.59,998.6666666666666,13.863333333333335
79100.0,99.0,4.0,73.15,47.25,7.315
79100.0,9048.0,1.0,32.8,5651.0,0.0058042824278888685
9048.0,22.0,1.0,138.33,451.0,0.3067184035476719
22.0,79100.0,5.0,137.55,148.4,17.19375
79100.0,49.0,1.0,53.06,56648.0,0.0009366614884903263
49.0,95.0,1.0,55.08,184.0,0.29934782608695654
26858.0,95.0,1.0,26.44,10218.0,0.0025875905265218243
95.0,91020.0,1.0,37.55,7.0,5.364285714285714
91020.0,5.0,10.0,75.96,3.5,151.92
91020.0,49.0,3.0,71.0,3.3333333333333335,35.5
49.0,5.0,1.0,73.03,2.0,36.515
91020.0,99.0,3.0,132.56,17.333333333333332,132.56
99.0,5.0,3.0,59.06,1.6666666666666667,59.06
5.0,22.0,1.0,121.22,4.0,30.305
22.0,91020.0,1.0,189.29,5.0,37.858
99.0,8814.0,1.0,89.1,4.0,22.275
8814.0,22.0,1.0,148.58,3.0,49.52666666666667
22.0,32.0,1.0,88.88,1.0,88.88
32.0,8814.0,1.0,80.32,35.0,2.2948571428571425
8814.0,92.0,1.0,151.74,190.0,0.7986315789473685
92.0,26858.0,1.0,150.18,2.0,75.09
26858.0,91020.0,6.0,11.18,10.666666666666666,1.8633333333333333
26858.0,5.0,12.0,64.81,73.66666666666667,12.962
26858.0,49.0,2.0,65.32,1.0,65.32
26858.0,99.0,1.0,121.72,4.0,30.43
5.0,66.0,1.0,325.65,69.0,4.719565217391304
66.0,95.0,1.0,364.53,62127.0,0.005867497223429426
99.0,5.0,5.0,59.06,89.2,19.686666666666667
5.0,95.0,6.0,39.38,6.5,7.876
5.0,22.0,8.0,121.22,58.5,40.406666666666666
64102.0,83557.0,13.0,2.83,61.30769230769231,5.66
83557.0,13702.0,12.0,62.8,3.1666666666666665,62.8
83557.0,90040.0,11.0,103.41,24.545454545454547,34.47
90040.0,92.0,1.0,77.65,13.0,5.973076923076923
92.0,83557.0,20.0,180.96,38.7,361.92
83557.0,99.0,27.0,108.9,6.814814814814815,217.8
92.0,13.0,1.0,154.36,3.0,51.45333333333334
13.0,83557.0,10.0,81.94,4.2,81.94
13.0,22.0,1.0,223.94,2.0,111.97
22.0,83557.0,6.0,171.95,4.333333333333333,57.31666666666666
99.0,22.0,2.0,64.39,6.5,10.731666666666667
83557.0,120.0,2.0,92.09,4.0,184.18
120.0,99.0,2.0,40.56,2.0,20.28
99.0,32.0,7.0,27.73,6.428571428571429,4.621666666666667
32.0,22.0,1.0,88.88,0.0,177.76
83557.0,32.0,4.0,92.73,13.25,30.91
83557.0,84.0,2.0,65.41,4.0,130.82
95.0,26858.0,1.0,26.44,14320.0,0.001846368715083799
26858.0,92.0,6.0,150.18,12.833333333333334,30.036
26858.0,13.0,5.0,49.67,22.8,12.4175
26858.0,5.0,4.0,64.81,263.5,16.2025
5.0,13.0,1.0,114.24,0.0,228.48
26858.0,99.0,1.0,121.72,1.0,121.72
99.0,5.0,1.0,59.06,3.0,19.686666666666667
92071.0,101.0,2.0,31.24,6.5,10.413333333333332
92071.0,99.0,1.0,101.92,37.0,2.7545945945945944
99.0,120.0,1.0,40.56,4.0,10.14
120.0,22.0,1.0,86.98,1.0,86.98
22.0,49.0,1.0,190.46,68440.0,0.002782875511396844
95.0,88.0,6.0,53.3,1835.8333333333333,53.3
95.0,5.0,4.0,39.38,16877.75,9.845
95.0,49.0,4.0,55.08,673.0,5.508
49.0,88.0,1.0,82.73,9.0,9.192222222222222
49.0,5.0,1.0,73.03,2.0,36.515
5.0,88.0,1.0,91.38,6.0,15.229999999999999
59287.0,88.0,6.0,74.79,323.3333333333333,37.395
88.0,92.0,2.0,149.17,1695.0,0.2203397341211226
88.0,95.0,2.0,53.3,559.5,53.3
59287.0,99.0,4.0,83.52,2.5,41.76
59287.0,95.0,3.0,22.22,5123.0,4.444
59287.0,92.0,3.0,170.48,36.0,85.24
59287.0,22075.0,5.0,57.07,7.2,57.07
22075.0,92.0,2.0,163.55,13.0,16.355
22075.0,49.0,1.0,60.08,1.0,60.08
49.0,92.0,4.0,211.31,1.5,422.62
95.0,49.0,6.0,55.08,9378.0,55.08
92.0,5.0,5.0,160.5,2.0,80.25
5.0,95.0,18.0,39.38,7.888888888888889,7.876
95.0,92.0,2.0,156.67,6.5,52.22333333333333
5.0,22075.0,2.0,77.42,1.0,77.42
22075.0,95.0,2.0,38.05,7.0,5.435714285714285
95.0,99.0,7.0,97.82,5.285714285714286,97.82
99.0,5.0,2.0,59.06,3.5,19.686666666666667
99.0,49.0,5.0,126.11,0.4,252.22
49.0,5.0,6.0,73.03,32.666666666666664,36.515
99.0,92.0,2.0,170.52,1.5,170.52
120.0,85793.0,1.0,31.43,275.0,0.1142909090909091
85793.0,33.0,15.0,56.73,71.33333333333333,28.365
85793.0,99.0,1.0,21.73,2023.0,0.01074147305981216
99.0,70233.0,1.0,19.61,862.0,0.02274941995359629
70233.0,85793.0,3.0,17.49,256.0,2.9149999999999996
85793.0,5.0,7.0,65.87,3.5714285714285716,21.956666666666667
5.0,33.0,1.0,114.67,0.0,229.34
60633.0,95.0,2.0,47.54,1512.5,95.08
60633.0,88.0,10.0,97.93,287.9,8.160833333333334
88.0,5.0,1.0,91.38,7.0,13.054285714285713
5.0,60633.0,3.0,10.22,40.0,3.4066666666666667
60633.0,99.0,5.0,50.28,1463.0,10.056000000000001
99.0,22.0,1.0,64.39,5.0,12.878
22.0,88.0,1.0,202.54,3.0,67.51333333333334
60633.0,22.0,2.0,111.48,2438.5,0.09560891938250429
60633.0,120.0,8.0,34.38,82.125,8.595
95.0,5.0,4.0,39.38,371.25,1.8752380952380954
95.0,84.0,6.0,76.73,342.6666666666667,12.788333333333334
84.0,5.0,2.0,58.5,6.5,58.5
95.0,8318.0,1.0,93.33,5.0,18.666
8318.0,99.0,2.0,4.53,612.0,0.41181818181818186
54272.0,41479.0,2.0,19.85,16.0,1.417857142857143
41479.0,32.0,2.0,62.63,6.5,10.438333333333334
54272.0,13568.0,5.0,27.2,32.8,13.6
13568.0,13003.0,1.0,6.71,301.0,0.022292358803986712
13003.0,87392.0,5.0,5.39,5.8,2.695
87392.0,13568.0,4.0,12.08,6.5,2.013333333333333
87392.0,33.0,1.0,27.02,3.0,9.006666666666666
33.0,13568.0,11.0,27.47,12.272727272727273,13.735
33.0,32.0,2.0,74.92,3.0,24.973333333333333
32.0,13568.0,4.0,58.49,7.25,58.49
13568.0,99.0,1.0,33.38,65.0,0.5135384615384616
99.0,22.0,8.0,64.39,14.625,10.731666666666667
99.0,32.0,2.0,27.73,6.5,5.546
99.0,33.0,5.0,55.62,12.6,27.81
99.0,120.0,4.0,40.56,123.5,4.056
33.0,22.0,2.0,24.53,9.5,8.176666666666668
95.0,39006.0,1.0,7.2,26.0,0.27692307692307694
39006.0,37128.0,1.0,90.44,4.0,22.61
37128.0,89237.0,495.0,22.36,4.5212121212121215,44.72
89237.0,67082.0,802.0,27.2,5.58354114713217,54.4
67082.0,37128.0,1012.0,48.33,6.9061264822134385,96.66
89237.0,49.0,7.0,111.65,0.42857142857142855,223.3
49.0,67082.0,5.0,91.14,3.6,30.38
37128.0,49.0,2.0,123.73,4.0,123.73
37128.0,99.0,1.0,16.38,88.0,0.18613636363636363
99.0,67082.0,1.0,60.74,21.0,2.8923809523809525
95.0,17385.0,2.0,48.6,0.0,97.2
17385.0,2344.0,2.0,40.11,3.5,13.37
17385.0,66497.0,33.0,50.64,3.121212121212121,50.64
66497.0,93295.0,1.0,53.16,1.0,53.16
93295.0,17385.0,3457.0,7.07,3.510847555684119,14.14
93295.0,49.0,17.0,71.63,1.3529411764705883,143.26
49.0,17385.0,26.0,65.17,2.269230769230769,130.34
93295.0,31591.0,9.0,37.16,1.6666666666666667,37.16
17385.0,31591.0,3.0,44.01,2.6666666666666665,22.005
17385.0,66880.0,4914.0,61.22,3.3404558404558404,122.44
66880.0,93295.0,782.0,56.3,4.0191815856777495,112.6
49.0,66880.0,8.0,124.81,167.5,62.405
66880.0,13.0,2.0,178.41,2.5,356.82
13.0,93295.0,1.0,126.2,5.0,25.240000000000002
93295.0,84.0,18.0,44.98,0.8333333333333334,89.96
84.0,17385.0,36.0,39.34,218.47222222222223,78.68
13.0,17385.0,1.0,124.54,0.0,249.08
93295.0,120.0,2.0,51.5,2.0,51.5
120.0,17385.0,3.0,58.37,2.0,58.37
49.0,84.0,1.0,60.58,0.0,121.16
84.0,66880.0,26.0,76.33,286.46153846153845,152.66
66880.0,120.0,1.0,56.27,2.0,28.135
66880.0,60368.0,133.0,43.01,26.285714285714285,86.02
60368.0,17385.0,30.0,18.38,2.966666666666667,36.76
60368.0,93295.0,3.0,13.42,3.3333333333333335,13.42
66880.0,99.0,1.0,17.44,3218.0,0.005419515226848975
99.0,60368.0,1.0,42.95,0.0,85.9
66880.0,95.0,1.0,104.07,3733.0,0.027878381998392713
84.0,60368.0,1.0,47.01,8.0,5.87625
95.0,87358.0,1.0,23.42,3.0,7.8066666666666675
87358.0,13.0,2.0,92.42,2.0,184.84
87358.0,51768.0,35.0,5.83,5.8,11.66
51768.0,95.0,2.0,24.29,2066.0,0.06087719298245614
5.0,2344.0,1.0,29.56,4.0,7.39
2344.0,13092.0,1.0,49.77,8.0,6.22125
13092.0,84.0,9.0,45.91,12.88888888888889,22.955
13092.0,79123.0,10.0,48.01,9.6,16.003333333333334
13092.0,99.0,44.0,75.7,906.2727272727273,75.7
13.0,48962.0,1.0,25.49,39.0,0.6535897435897435
48962.0,41841.0,10.0,32.28,22.4,10.76
48962.0,5.0,22.0,88.83,55.0,88.83
49.0,59287.0,1.0,49.18,175.0,0.2810285714285714
59287.0,23254.0,8.0,44.91,492.5,22.455
59287.0,13.0,2.0,97.28,3.0,97.28
5.0,95.0,2.0,39.38,13.0,4.375555555555556
5.0,84.0,7.0,58.5,7.0,29.25
5.0,32.0,1.0,48.84,11.0,4.44
32.0,84.0,1.0,57.42,5.0,11.484
29230.0,54272.0,1.0,43.68,182.0,0.24
54272.0,49081.0,1.0,42.54,430.0,0.09893023255813953
49081.0,29230.0,2.0,5.83,45.5,0.1494871794871795
49081.0,13003.0,3.0,20.62,75.66666666666667,0.7930769230769231
13003.0,120.0,2.0,62.07,114.5,0.5694495412844037
13003.0,99.0,2.0,30.46,10718.5,60.92
95.0,64102.0,1.0,27.07,1301.0,0.02080707148347425
64102.0,22.0,2.0,172.16,32.5,24.594285714285714
64102.0,5.0,10.0,51.2,6785.3,12.8
5.0,88.0,4.0,91.38,15.25,22.845
88.0,84.0,4.0,126.06,24.75,126.06
84.0,64102.0,5.0,63.19,12.8,15.7975
5.0,22.0,3.0,121.22,3.3333333333333335,40.406666666666666
22.0,88.0,3.0,202.54,1.3333333333333333,202.54
88.0,64102.0,5.0,63.96,4.8,21.32
22.0,84.0,2.0,146.05,5.0,146.05
5.0,84.0,1.0,58.5,3.0,19.5
32.0,25405.0,3.0,24.23,5132.666666666667,1.863846153846154
25405.0,96699.0,11.0,11.4,53.27272727272727,1.9000000000000001
96699.0,44615.0,1.0,57.69,2.0,28.845
44615.0,25405.0,11.0,49.66,96.0,99.32
25405.0,88.0,66.0,119.77,33.18181818181818,239.54
25405.0,120.0,44.0,33.2,20.772727272727273,66.4
25405.0,33.0,2.0,85.23,28.0,14.205
95.0,9048.0,2.0,20.55,839.0,41.1
9048.0,93095.0,1.0,33.96,16837.0,0.0020169863990021977
93095.0,83375.0,6.0,39.82,14.5,9.955
93095.0,89293.0,12.0,40.31,4.75,80.62
93095.0,54272.0,11.0,106.15,2.5454545454545454,106.15
54272.0,9048.0,6.0,135.72,2.8333333333333335,67.86
54272.0,3236.0,13.0,167.52,17.923076923076923,83.76
3236.0,79100.0,2.0,62.59,2.5,125.18
3236.0,11981.0,4.0,57.01,1017.75,14.2525
11981.0,32.0,4.0,57.85,2.25,115.7
11981.0,84.0,2.0,81.36,722.0,0.946046511627907
3236.0,13.0,6.0,60.17,3.6666666666666665,30.085
11981.0,13.0,2.0,113.73,5.0,113.73
3236.0,22.0,14.0,168.8,8.428571428571429,84.4
3236.0,9048.0,3.0,35.51,10179.666666666666,8.8775
9048.0,32.0,12.0,67.38,2.0,33.69
9048.0,22.0,21.0,138.33,4.380952380952381,69.165
9048.0,33.0,8.0,132.97,1.25,132.97
33.0,32.0,6.0,74.92,1.0,74.92
22.0,84.0,1.0,146.05,1.0,146.05
84.0,9048.0,11.0,65.56,10.454545454545455,21.853333333333335
3236.0,99.0,2.0,110.97,80.0,2.5806976744186048
9048.0,5.0,1.0,18.86,9263.0,0.00203605743279715
5.0,95.0,1.0,39.38,3733.0,0.010549156174658453
88.0,26858.0,1.0,26.87,79.0,0.340126582278481
26858.0,13.0,3.0,49.67,10.666666666666666,8.278333333333334
26858.0,5.0,1.0,64.81,3.0,21.603333333333335
5.0,13.0,1.0,114.24,0.0,228.48
64102.0,83557.0,3.0,2.83,88.33333333333333,1.415
83557.0,13.0,4.0,81.94,17.5,20.485
83557.0,92.0,2.0,180.96,4.5,45.24
83557.0,84.0,1.0,65.41,3.0,21.80333333333333
84.0,22.0,1.0,146.05,1.0,146.05
22.0,83557.0,1.0,171.95,9.0,19.105555555555554
83557.0,120.0,1.0,92.09,1.0,92.09
120.0,22.0,1.0,86.98,3.0,28.993333333333336
22.0,8318.0,3.0,68.16,14.666666666666666,9.737142857142857
8318.0,54272.0,1.0,63.66,83.0,0.7669879518072289
54272.0,83557.0,1.0,168.29,51873.0,0.0032442696585892467
83557.0,8318.0,2.0,104.66,0.0,209.32
8318.0,22.0,7.0,68.16,52.714285714285715,8.52
22.0,120.0,4.0,86.98,29.5,21.745
22.0,99.0,6.0,64.39,366.6666666666667,10.731666666666667
22.0,33.0,2.0,24.53,58.5,4.088333333333334
33.0,54272.0,1.0,12.51,1945.0,0.006431876606683804
54272.0,22.0,2.0,12.05,1169.0,0.35441176470588237
54272.0,32.0,3.0,81.87,380.3333333333333,81.87
54272.0,99.0,2.0,59.51,332.0,0.32519125683060107
32.0,99.0,1.0,27.73,22439.0,0.0012357948215161103
95.0,88.0,7.0,53.3,770.7142857142857,13.325
95.0,5.0,8.0,39.38,562.875,13.126666666666667
95.0,49.0,5.0,55.08,704.8,13.77
49.0,88.0,1.0,82.73,897.0,0.09222965440356745
5.0,88.0,2.0,91.38,454.5,22.845
95.0,26858.0,2.0,26.44,1991.5,0.40676923076923077
95.0,88.0,1.0,53.3,3954.0,0.01348002023267577
88.0,1652.0,1.0,77.14,706.0,0.10926345609065156
1652.0,58086.0,5.0,77.52,5.2,19.38
58086.0,5.0,4.0,88.83,2.0,177.66
58086.0,49.0,5.0,80.07,8.0,80.07
58086.0,92.0,2.0,150.05,10.5,16.672222222222224
49.0,26858.0,3.0,65.32,5.0,65.32
26858.0,92.0,3.0,150.18,16054.333333333334,7.509
26858.0,99.0,1.0,121.72,0.0,243.44
99.0,13.0,1.0,169.72,3.0,56.57333333333333
13.0,5.0,1.0,114.24,1.0,114.24
5.0,26858.0,3.0,64.81,5.666666666666667,16.2025
92.0,95.0,1.0,156.67,2686.0,0.058328369322412504
54272.0,66.0,1.0,210.11,754.0,0.2786604774535809
66.0,96.0,1.0,64.72,4.0,16.18
96.0,54272.0,1.0,148.09,6095.0,0.02429696472518458
91020.0,48962.0,1.0,13.04,4.0,3.26
48962.0,5.0,4.0,88.83,3.5,44.415
48962.0,95.0,1.0,50.59,39526.0,0.0012799170166472701
95.0,13.0,1.0,76.05,11153.0,0.006818793149825159
120.0,89518.0,1.0,18.04,3201.0,0.00563573883161512
89518.0,29230.0,5.0,39.66,13386.6,4.406666666666666
29230.0,33.0,4.0,47.09,6.0,9.418000000000001
89518.0,33.0,2.0,76.81,390.5,12.801666666666668
95.0,39208.0,1.0,16.25,974.0,0.016683778234086243
39208.0,13.0,14.0,66.48,2.5,132.96
95.0,27439.0,4.0,28.42,426.25,0.2929896907216495
27439.0,49.0,4.0,68.12,364.0,0.9205405405405406
27439.0,9048.0,3.0,47.68,3041.6666666666665,0.023326810176125243
9048.0,95.0,1.0,20.55,1991.0,0.010321446509291813
95.0,88.0,7.0,53.3,171.14285714285714,0.5793478260869565
95.0,13.0,3.0,76.05,180.66666666666666,10.864285714285714
13.0,88.0,1.0,22.87,183.0,0.12497267759562843
9048.0,88.0,2.0,72.81,351.5,0.24109271523178807
27439.0,88.0,2.0,25.13,210.0,0.1419774011299435
27439.0,5.0,1.0,66.27,50379.0,0.001315429047817543
5.0,99.0,1.0,59.06,10.0,5.906000000000001
63927.0,54272.0,3.0,43.57,75.66666666666667,21.785
54272.0,49081.0,1.0,42.54,156.0,0.2726923076923077
49081.0,63927.0,2.0,6.32,59.0,0.26333333333333336
49081.0,32.0,2.0,54.93,3.0,54.93
49081.0,8318.0,7.0,29.43,107.85714285714286,14.715
8318.0,95.0,2.0,93.33,6.5,31.11
8318.0,99.0,1.0,4.53,90.0,0.050333333333333334
95.0,58086.0,1.0,50.59,673.0,0.07517087667161962
58086.0,88.0,2.0,2.88,903.0,0.72
58086.0,5.0,4.0,88.83,16290.25,22.2075
88.0,95.0,1.0,53.3,4.0,13.325
95.0,32.0,5.0,87.51,1105.6,29.17
95.0,22.0,3.0,157.9,523.0,2.1930555555555555
22.0,32.0,2.0,88.88,379.0,8.888
32.0,120.0,2.0,54.21,1227.5,0.3543137254901961
120.0,22.0,1.0,86.98,2973.0,0.02925664312142617
120.0,88.0,2.0,115.57,559.5,9.630833333333333
120.0,95.0,1.0,73.6,2.0,36.8
32.0,88.0,2.0,140.16,682.5,28.032
88.0,22.0,2.0,202.54,358.0,405.08
32.0,5.0,4.0,48.84,15135.75,0.028831168831168832
32.0,99.0,2.0,27.73,123.5,2.520909090909091
51552.0,49.0,3.0,39.82,78.33333333333333,79.64
49.0,84.0,1.0,60.58,1898.0,0.031917808219178084
84.0,5.0,2.0,58.5,6.5,14.625
84.0,33.0,2.0,130.17,34470.5,3.9445454545454544
95.0,63596.0,1.0,45.53,91.0,0.5003296703296704
63596.0,5.0,2.0,83.74,2.0,83.74
95.0,5.0,9.0,39.38,750.6666666666666,9.845
5.0,84.0,2.0,58.5,52.0,2.7857142857142856
5.0,88.0,7.0,91.38,1700.5714285714287,18.276
88.0,95.0,2.0,53.3,17.0,3.33125
5.0,22.0,3.0,121.22,209.33333333333334,40.406666666666666
22.0,88.0,1.0,202.54,1.0,202.54
84.0,101.0,2.0,29.03,6.5,7.2575
84.0,5.0,7.0,58.5,8.714285714285714,14.625
84.0,32.0,4.0,57.42,16.75,7.1775
32.0,5.0,4.0,48.84,4.0,48.84
32.0,23449.0,4.0,38.55,5.75,19.275
32.0,23835.0,2.0,47.03,166.5,2.044782608695652
23835.0,96.0,5.0,185.13,100.4,185.13
96.0,32.0,1.0,217.41,129.0,1.6853488372093024
23835.0,10312.0,1.0,19.1,6.0,3.1833333333333336
10312.0,23449.0,4.0,5.83,2.75,2.915
10312.0,67092.0,1.0,28.6,36.0,0.7944444444444445
67092.0,32.0,5.0,53.46,9.8,53.46
67092.0,120.0,6.0,61.1,1.5,61.1
67092.0,5.0,10.0,88.42,6.0,44.21
5.0,120.0,3.0,44.14,2.0,44.14
120.0,32.0,1.0,54.21,127.0,0.4268503937007874
67092.0,64620.0,2.0,48.02,3.5,48.02
67092.0,95.0,10.0,126.58,5.5,253.16
84.0,95.0,4.0,76.73,6.0,12.788333333333334
95.0,120.0,1.0,73.6,0.0,147.2
67092.0,84.0,2.0,110.74,19.5,221.48
95.0,5.0,3.0,39.38,7.333333333333333,13.126666666666667
120.0,84.0,1.0,95.0,2.0,47.5
84.0,22.0,2.0,146.05,27427.0,0.04901006711409396
22.0,95.0,1.0,157.9,6.0,26.316666666666666
95.0,32.0,1.0,87.51,1.0,87.51
5.0,22.0,1.0,121.22,4.0,30.305
95.0,84.0,2.0,76.73,26.0,15.346
84.0,5.0,4.0,58.5,6.25,19.5
95.0,5.0,1.0,39.38,5.0,7.876
5.0,22.0,1.0,121.22,2.0,60.61
22.0,84.0,1.0,146.05,1.0,146.05
84.0,88.0,1.0,126.06,1.0,126.06
88.0,95.0,1.0,53.3,4.0,13.325
95.0,8318.0,1.0,93.33,3361.0,0.027768521273430526
8318.0,99.0,1.0,4.53,27111.0,0.00016709084873298662
99.0,22.0,1.0,64.39,6511.0,0.009889417908155429
51552.0,95.0,1.0,55.27,340.0,0.16255882352941178
95.0,5.0,1.0,39.38,3.0,13.126666666666667
9048.0,84.0,5.0,65.56,3.0,21.853333333333335
84.0,88.0,8.0,126.06,2.25,252.12
88.0,9048.0,4.0,72.81,9.25,14.562000000000001
84.0,32.0,1.0,57.42,8.0,7.1775
32.0,9048.0,3.0,67.38,15.0,33.69
9048.0,10978.0,4.0,67.48,9.75,22.493333333333336
9048.0,66331.0,1.0,30.41,23.0,1.3221739130434782
66331.0,10978.0,8.0,37.2,631.375,74.4
10978.0,88.0,2.0,131.53,19.5,26.306
66331.0,33.0,1.0,103.44,8.0,12.93
33.0,120.0,1.0,88.04,2.0,44.02
120.0,66331.0,3.0,28.55,1.0,57.1
66331.0,95.0,1.0,50.13,10.0,5.013
95.0,23449.0,7.0,98.54,11.571428571428571,32.84666666666667
23449.0,120.0,2.0,33.57,11.0,33.57
23449.0,88.0,2.0,145.7,45.5,18.2125
23449.0,22.0,1.0,59.91,56.0,1.0698214285714285
22.0,5.0,6.0,121.22,5.166666666666667,60.61
5.0,95.0,8.0,39.38,48.0,13.126666666666667
22.0,84.0,2.0,146.05,0.5,292.1
88.0,5.0,3.0,91.38,7.0,22.845
5.0,84.0,8.0,58.5,15.25,19.5
84.0,95.0,2.0,76.73,6.5,12.788333333333334
22.0,95.0,2.0,157.9,787.0,31.580000000000002
95.0,32.0,1.0,87.51,2.0,43.755
32.0,5.0,1.0,48.84,1.0,48.84
95.0,120.0,1.0,73.6,2.0,36.8
120.0,5.0,1.0,44.14,1.0,44.14
88.0,22.0,1.0,202.54,1.0,202.54
95.0,88.0,2.0,53.3,13.0,10.66
95.0,13.0,1.0,76.05,5.0,15.209999999999999
13.0,33.0,1.0,223.7,62.0,3.608064516129032
33.0,22.0,3.0,24.53,6.0,4.906000000000001
22.0,5.0,1.0,121.22,7.0,17.31714285714286
5.0,33.0,1.0,114.67,1.0,114.67
33.0,32.0,1.0,74.92,78.0,0.9605128205128205
13.0,88.0,1.0,22.87,4.0,5.7175
88.0,95.0,1.0,53.3,4.0,13.325
95.0,5.0,2.0,39.38,11.5,4.375555555555556
95.0,33.0,1.0,153.3,40.0,3.8325000000000005
33.0,66.0,1.0,211.28,65.0,3.2504615384615385
9048.0,10978.0,11.0,67.48,6.454545454545454,33.74
10978.0,66331.0,2.0,37.2,4.0,12.4
10978.0,33.0,3.0,70.78,48.333333333333336,35.39
10978.0,88.0,1.0,131.53,2.0,65.765
88.0,95.0,1.0,53.3,4.0,13.325
95.0,33.0,5.0,153.3,0.8,306.6
10978.0,95.0,1.0,86.51,6.0,14.418333333333335
33.0,23449.0,5.0,55.85,3.4,27.925
23449.0,95.0,14.0,98.54,5.428571428571429,32.84666666666667
23449.0,120.0,2.0,33.57,1.5,33.57
23449.0,49.0,1.0,131.52,1.0,131.52
49.0,95.0,1.0,55.08,5.0,11.016
23449.0,88.0,1.0,145.7,2.0,72.85
88.0,33.0,1.0,201.51,5.0,40.302
66.0,96.0,2.0,64.72,6.5,21.573333333333334
66.0,33.0,1.0,211.28,15.0,14.085333333333333
33.0,22.0,1.0,24.53,6.0,4.088333333333334
22.0,5.0,2.0,121.22,6.5,30.305
22.0,95.0,1.0,157.9,6.0,26.316666666666666
95.0,33.0,1.0,153.3,1.0,153.3
33.0,88.0,1.0,201.51,7.0,28.787142857142857
88.0,95.0,1.0,53.3,5.0,10.66
95.0,5.0,1.0,39.38,3.0,13.126666666666667
5.0,13.0,1.0,114.24,1.0,114.24
13.0,88.0,3.0,22.87,6.0,4.574
88.0,95.0,2.0,53.3,5.5,10.66
95.0,5.0,3.0,39.38,3.3333333333333335,13.126666666666667
5.0,84.0,1.0,58.5,3.0,19.5
84.0,95.0,1.0,76.73,7.0,10.961428571428572
5.0,33.0,1.0,114.67,10.0,11.467
33.0,22.0,4.0,24.53,6.5,4.088333333333334
33.0,96.0,2.0,148.12,13.5,12.343333333333334
96.0,66.0,2.0,64.72,3208.5,4.622857142857143
33.0,95.0,1.0,153.3,13.0,11.792307692307693
5.0,88.0,1.0,91.38,3.0,30.459999999999997
95.0,13.0,1.0,76.05,2.0,38.025
95.0,84.0,3.0,76.73,15.333333333333334,10.961428571428572
95.0,5.0,5.0,39.38,11.0,13.126666666666667
5.0,84.0,4.0,58.5,13.25,5.318181818181818
84.0,88.0,1.0,126.06,1.0,126.06
88.0,95.0,1.0,53.3,6.0,8.883333333333333
95.0,70978.0,3.0,88.33,1318.0,22.0825
70978.0,88.0,20.0,136.45,90.95,136.45
70978.0,5.0,2.0,50.65,2030.5,0.07852713178294574
95.0,28385.0,1.0,19.23,4.0,4.8075
28385.0,72974.0,11.0,75.59,5.545454545454546,75.59
72974.0,41841.0,384.0,92.44,6.278645833333333,184.88
41841.0,68801.0,9.0,79.16,6.555555555555555,39.58
68801.0,72974.0,1.0,15.26,26.0,0.5869230769230769
72974.0,13702.0,2.0,31.91,6.5,63.82
41841.0,33193.0,1.0,34.89,11.0,3.171818181818182
33193.0,13702.0,8.0,31.4,7.5,31.4
33193.0,99.0,48.0,78.06,4.875,156.12
33193.0,5.0,2.0,25.15,2084.5,0.24417475728155338
95.0,19797.0,1.0,33.8,4.0,8.45
19797.0,94276.0,2.0,24.21,7.0,6.0525
19797.0,24512.0,12.0,16.64,6.5,5.546666666666667
19797.0,36509.0,9.0,32.65,8.11111111111111,10.883333333333333
36509.0,23449.0,1.0,72.45,13.0,5.573076923076924
23449.0,19797.0,1.0,72.01,6.0,12.001666666666667
19797.0,71731.0,7.0,33.38,8.0,33.38
71731.0,79123.0,1.0,66.73,2.0,33.365
79123.0,24512.0,1.0,24.08,116.0,0.20758620689655172
24512.0,71731.0,16.0,47.17,263.9375,47.17
24512.0,36509.0,10.0,31.95,6.9,31.95
36509.0,71731.0,2.0,63.56,3.5,63.56
24512.0,64102.0,1.0,56.85,50836.0,0.0011183019907152411
95.0,18292.0,1.0,68.02,4.0,17.005
18292.0,27059.0,11.0,5.39,3.3636363636363638,10.78
18292.0,41841.0,6.0,82.86,2.5,165.72
41841.0,27059.0,772.0,77.47,3.0375647668393784,154.94
27059.0,33.0,2.0,90.58,2.5,90.58
27059.0,11974.0,8.0,34.41,3.375,34.41
41841.0,18641.0,8.0,87.8,0.875,175.6
18641.0,27059.0,10.0,16.64,3.5,8.32
27059.0,49611.0,504.0,51.61,3.748015873015873,103.22
27059.0,34382.0,534.0,52.39,1.9775280898876404,104.78
34382.0,49611.0,344.0,36.62,2.203488372093023,73.24
27059.0,51252.0,2.0,46.62,1.0,46.62
51252.0,85873.0,2.0,43.17,1.0,86.34
27059.0,67265.0,1.0,49.24,4.0,12.31
67265.0,51252.0,3542.0,9.9,5.9395821569734615,19.8
51252.0,97256.0,2839.0,27.17,8.033462486791123,54.34
51252.0,91297.0,242.0,43.83,3.6983471074380163,87.66
67265.0,97256.0,1839.0,34.23,4.476345840130506,68.46
97256.0,91297.0,303.0,42.58,4.67986798679868,85.16
67265.0,33.0,23.0,139.54,3.260869565217391,69.77
51252.0,33.0,17.0,137.13,2.4705882352941178,274.26
33.0,97256.0,7.0,113.5,3.857142857142857,56.75
91297.0,67265.0,212.0,53.34,2.4952830188679247,106.68
51252.0,120.0,5.0,58.73,4.0,58.73
120.0,67265.0,9.0,57.19,1.7777777777777777,114.38
33.0,91297.0,1.0,148.12,3.0,49.373333333333335
97256.0,120.0,2.0,47.33,5.0,11.8325
51252.0,22.0,2.0,141.96,2455.5,0.28506024096385546
51252.0,105.0,2.0,196.2,607.0,3.0184615384615383
32.0,99.0,6.0,27.73,811.1666666666666,55.46
32.0,5.0,6.0,48.84,56.5,5.426666666666667
32.0,120.0,2.0,54.21,6.5,13.5525
32.0,33.0,1.0,74.92,273.0,0.2744322344322344
33.0,96.0,1.0,148.12,26.0,5.696923076923077
32.0,44168.0,1.0,29.03,44.0,0.6597727272727273
44168.0,8318.0,30.0,22.83,12.166666666666666,5.7075
44168.0,51286.0,12.0,25.02,12.166666666666666,50.04
44168.0,120.0,5.0,26.27,6751.0,8.756666666666666
44168.0,99.0,67.0,27.33,263.95522388059703,54.66
44168.0,44615.0,12.0,51.31,6.166666666666667,17.103333333333335
44168.0,88.0,44.0,120.07,13.113636363636363,240.14
44168.0,33.0,9.0,82.76,2.888888888888889,165.52
33.0,99.0,3.0,55.62,2.0,27.81
120.0,95.0,1.0,73.6,9641.0,0.00763406285655015
95.0,44168.0,1.0,70.54,28.0,2.5192857142857146
17086.0,13003.0,9.0,14.21,90.77777777777777,14.21
13003.0,49081.0,1.0,20.62,17487.0,0.0011791616629496199
49081.0,54272.0,1.0,42.54,47974.0,0.00088673031225247
95.0,26858.0,3.0,26.44,10998.333333333334,0.018437935843793586
26858.0,92.0,1.0,150.18,265.0,0.5667169811320755
92.0,58086.0,6.0,150.05,48.833333333333336,75.025
58086.0,5.0,6.0,88.83,35.5,177.66
58086.0,49.0,1.0,80.07,2.0,40.035
49.0,92.0,1.0,211.31,1.0,211.31
58086.0,84.0,2.0,123.18,5.0,123.18
58086.0,22.0,1.0,200.63,3.0,66.87666666666667
22.0,26858.0,1.0,179.19,11645.0,0.01538772005152426
26858.0,88.0,2.0,26.87,1457.5,0.02467401285583104
49.0,47646.0,1.0,103.73,0.0,207.46
47646.0,36710.0,1.0,22.47,4.0,5.6175
36710.0,36727.0,1012.0,11.05,11.522727272727273,22.1
36710.0,13461.0,1370.0,46.4,7.293430656934307,46.4
13461.0,36727.0,816.0,38.95,11.28799019607843,77.9
36727.0,84.0,5.0,61.18,4.0,61.18
84.0,13461.0,6.0,86.51,12.833333333333334,28.83666666666667
36710.0,84.0,7.0,50.3,4.428571428571429,50.3
36710.0,32.0,1.0,29.75,6.0,4.958333333333333
32.0,13461.0,1.0,29.94,51.0,0.5870588235294117
13461.0,49.0,1.0,127.85,43212.0,0.0029586688882717762
49.0,36727.0,1.0,90.65,25.0,3.6260000000000003
101.0,51552.0,2.0,36.58,682.5,36.58
51552.0,22615.0,2.0,19.42,10470.0,0.0046271146056707175
22615.0,101.0,2.0,41.37,2529.5,1.1491666666666667
51552.0,5.0,2.0,47.71,7872.5,0.2083406113537118
51552.0,95.0,1.0,55.27,2547.0,0.02170003926187672
95.0,101.0,1.0,90.35,2937.0,0.03076268300987402
51552.0,22.0,2.0,154.38,772.5,0.3327155172413793
92071.0,101.0,1.0,31.24,1803.0,0.01732667775929007
101.0,49.0,3.0,54.17,332.0,0.742054794520548
49.0,5.0,1.0,73.03,2604.0,0.02804531490015361
5.0,22.0,1.0,121.22,3.0,40.406666666666666
22.0,92071.0,1.0,165.99,32953.0,0.005037174157132887
92071.0,84.0,2.0,29.5,17874.5,0.09365079365079365
72974.0,29813.0,11.0,20.02,20.818181818181817,3.3366666666666664
29813.0,99.0,2.0,30.81,33.0,2.2007142857142856
29813.0,60633.0,53.0,19.7,499.1698113207547,3.94
60633.0,99.0,4.0,50.28,128.0,2.7933333333333334
60633.0,120.0,4.0,34.38,150.5,1.6371428571428572
60633.0,88.0,27.0,97.93,73.03703703703704,16.32166666666667
88.0,29813.0,1.0,117.5,34.0,3.4558823529411766
29813.0,5.0,2.0,28.26,13608.5,0.026118299445471352
41841.0,91020.0,1.0,19.7,26.0,0.7576923076923077
91020.0,4465.0,1.0,38.33,1627.0,0.023558696988322064
4465.0,41841.0,2.0,19.1,32.5,2.3875
4465.0,89441.0,9.0,45.12,1250.7777777777778,45.12
89441.0,5.0,7.0,82.76,4562.285714285715,1.5325925925925927
5.0,88.0,1.0,91.38,3370.0,0.027115727002967358
88.0,89441.0,1.0,8.78,1580.0,0.005556962025316455
89441.0,91020.0,1.0,7.0,4799.0,0.0014586372160866848
91020.0,5.0,2.0,75.96,2838.5,0.08365638766519823
99.0,64291.0,1.0,31.21,90.0,0.3467777777777778
64291.0,33.0,27.0,37.17,1164.037037037037,9.2925
33.0,22.0,1.0,24.53,15594.0,0.0015730409131717328
22.0,64291.0,1.0,35.81,645.0,0.05551937984496124
99.0,75428.0,1.0,31.19,5376.0,0.0058017113095238096
75428.0,13568.0,2.0,5.83,1834.5,0.16194444444444445
75428.0,5.0,26.0,89.82,25.346153846153847,29.939999999999998
75428.0,120.0,15.0,62.3,24.933333333333334,31.15
75428.0,32.0,9.0,54.76,39.111111111111114,54.76
120.0,5.0,2.0,44.14,7.0,7.3566666666666665
32.0,5.0,2.0,48.84,592.5,9.768
5.0,95.0,2.0,39.38,6.5,19.69
32.0,120.0,2.0,54.21,1210.5,4.5175
32.0,33.0,1.0,74.92,7853.0,0.00954030306889087
33.0,120.0,1.0,88.04,44.0,2.000909090909091
26858.0,90040.0,1.0,75.03,4595.0,0.016328618063112078
90040.0,13.0,2.0,94.17,1.5,94.17
90040.0,5.0,8.0,86.97,6.0,173.94
90040.0,49.0,3.0,133.81,4.333333333333333,267.62
49.0,5.0,4.0,73.03,0.0,146.06
5.0,22.0,2.0,121.22,4.0,30.305
22.0,90040.0,3.0,149.46,10.666666666666666,24.91
22.0,33.0,1.0,24.53,3.0,8.176666666666668
33.0,90040.0,1.0,157.38,3.0,52.46
49.0,22.0,1.0,190.46,4.0,47.615
22.0,32.0,3.0,88.88,14.0,8.08
32.0,92.0,1.0,187.95,59143.0,0.0031778908746597227
87392.0,43415.0,13.0,16.64,24.384615384615383,16.64
43415.0,120.0,18.0,75.07,50.0,75.07
95.0,26858.0,1.0,26.44,10805.0,0.002447015270708006
26858.0,88.0,3.0,26.87,1692.6666666666667,0.02467401285583104
88.0,1652.0,1.0,77.14,0.0,154.28
1652.0,26858.0,1.0,75.5,10342.0,0.007300328756526784
26858.0,13.0,1.0,49.67,6.0,8.278333333333334
13.0,5.0,1.0,114.24,4.0,28.56
5.0,26858.0,1.0,64.81,23906.0,0.0027110348866393377
23449.0,99.0,5.0,11.92,16.0,3.973333333333333
99.0,71721.0,1.0,66.08,1.0,66.08
71721.0,23449.0,6.0,73.05,11.166666666666666,36.525
23449.0,84.0,3.0,93.7,55.333333333333336,3.231034482758621
84.0,9048.0,4.0,65.56,59.5,65.56
9048.0,23449.0,3.0,78.64,192.33333333333334,0.983
9048.0,99.0,4.0,77.41,16.25,19.3525
9048.0,22.0,1.0,138.33,5.0,27.666000000000004
22.0,84.0,1.0,146.05,7.0,20.864285714285717
71721.0,95.0,6.0,54.22,46.333333333333336,108.44
71721.0,120.0,2.0,67.87,6.5,11.311666666666667
71721.0,5.0,1.0,29.46,2318.0,0.01270923209663503
5.0,95.0,16.0,39.38,1120.5625,39.38
5.0,22.0,10.0,121.22,10.4,40.406666666666666
84.0,63110.0,4.0,64.86,126.0,1.752972972972973
63110.0,22.0,8.0,100.36,273.25,1.1807058823529413
63110.0,88.0,1.0,109.92,7.0,15.702857142857143
88.0,84.0,1.0,126.06,176.0,0.71625
63110.0,9048.0,1.0,39.12,39881.0,0.0009809182317394246
9048.0,5.0,2.0,18.86,8224.5,0.018822355289421156
95.0,9048.0,2.0,20.55,8346.0,0.011108108108108108
95.0,52367.0,1.0,27.76,2.0,13.88
52367.0,9048.0,3.0,31.06,13407.666666666666,0.08774011299435028
9048.0,88.0,2.0,72.81,11.5,36.405
52367.0,88.0,4.0,72.25,6.25,18.0625
9048.0,5.0,2.0,18.86,3932.5,0.01746296296296296
95.0,52367.0,1.0,27.76,472.0,0.0588135593220339
52367.0,99.0,13.0,99.04,49.61538461538461,198.08
52367.0,64102.0,10.0,10.77,89.8,10.77
52367.0,92.0,21.0,183.61,55.76190476190476,367.22
99.0,92.0,1.0,170.52,0.0,341.04
52367.0,26858.0,12.0,47.85,30.916666666666668,15.950000000000001
52367.0,88.0,29.0,72.25,73.75862068965517,24.083333333333332
52367.0,13.0,2.0,93.39,6.5,93.39
52367.0,84.0,3.0,53.88,13.666666666666666,53.88
88.0,22.0,1.0,202.54,1.0,202.54
22.0,120.0,2.0,86.98,2.0,43.49
120.0,84.0,1.0,95.0,5.0,19.0
52367.0,22.0,5.0,162.73,5.8,40.6825
120.0,32.0,1.0,54.21,2.0,27.105
32.0,52367.0,3.0,81.49,2628.0,16.298
32.0,88.0,2.0,140.16,24474.0,0.008703968204682357
33.0,99.0,5.0,55.62,706.0,6.18
99.0,22.0,12.0,64.39,830.0833333333334,9.198571428571428
99.0,120.0,5.0,40.56,1580.2,0.2101554404145078
22.0,120.0,6.0,86.98,686.8333333333334,86.98
120.0,5.0,1.0,44.14,16417.0,0.0026886763720533596
5.0,22.0,2.0,121.22,11698.0,0.025301607180129408
95.0,63110.0,1.0,59.55,1432.0,0.04158519553072625
63110.0,13.0,3.0,132.65,27.333333333333332,66.325
13.0,22.0,1.0,223.94,1.0,223.94
22.0,63110.0,1.0,100.36,7.0,14.337142857142856
63110.0,16685.0,1.0,32.56,3.0,10.853333333333333
16685.0,13003.0,3.0,35.81,823.3333333333334,11.936666666666667
13003.0,63110.0,5.0,68.25,93.4,17.0625
63110.0,120.0,1.0,30.15,18.0,1.6749999999999998
120.0,13003.0,7.0,62.07,1.1428571428571428,124.14
13003.0,32.0,2.0,53.83,1.5,53.83
32.0,63110.0,1.0,33.62,3.0,11.206666666666665
63110.0,88.0,1.0,109.92,2.0,54.96
88.0,13003.0,1.0,175.23,2.0,87.615
32.0,9048.0,3.0,67.38,5.0,33.69
9048.0,120.0,1.0,56.3,4.0,14.075
120.0,54272.0,1.0,87.21,13.0,6.708461538461538
54272.0,9048.0,1.0,135.72,4327.0,0.03136584238502427
9048.0,5.0,2.0,18.86,8131.0,37.72
52367.0,92.0,2.0,183.61,13.0,183.61
52367.0,95.0,2.0,27.76,1189.5,0.056080808080808085
95.0,49.0,7.0,55.08,11.428571428571429,55.08
49.0,88.0,1.0,82.73,69.0,1.1989855072463769
88.0,95.0,1.0,53.3,9.0,5.922222222222222
52367.0,88.0,2.0,72.25,6.5,24.083333333333332
52367.0,49.0,1.0,31.61,19620.0,0.0016111111111111111
49.0,5.0,1.0,73.03,6390.0,0.011428794992175273
5.0,92.0,1.0,160.5,334.0,0.4805389221556886
95.0,5.0,1.0,39.38,1838.0,0.02142546245919478
5.0,88.0,1.0,91.38,4.0,22.845
88.0,95.0,6.0,53.3,7401.333333333333,8.883333333333333
95.0,49.0,2.0,55.08,1621.0,0.061336302895322936
95.0,29992.0,2.0,15.05,514.0,15.05
29992.0,88.0,40.0,65.95,347.275,32.975
88.0,95.0,1.0,53.3,5273.0,0.010108097857007396
29992.0,45024.0,24.0,137.93,56.916666666666664,137.93
45024.0,96.0,2.0,161.31,2.0,161.31
45024.0,120.0,13.0,73.94,2.1538461538461537,147.88
29992.0,120.0,4.0,74.21,5.25,14.841999999999999
45024.0,32.0,3.0,69.84,7.333333333333333,34.92
88.0,45024.0,2.0,188.74,2.0,94.37
88.0,120.0,1.0,115.57,2.0,57.785
29992.0,84.0,2.0,61.87,13.0,123.74
32.0,29992.0,3.0,78.32,4.0,39.16
29992.0,13.0,6.0,88.25,17.5,176.5
29992.0,49.0,2.0,45.36,13069.0,3.4892307692307694
29992.0,92.0,4.0,169.21,4.75,169.21
13.0,48962.0,2.0,25.49,1292.0,50.98
48962.0,91020.0,4.0,13.04,1638.5,2.6079999999999997
48962.0,5.0,4.0,88.83,3332.75,44.415
48962.0,88.0,1.0,2.88,13079.0,0.0002202003211254683
88.0,13.0,1.0,22.87,2744.0,0.008334548104956268
5.0,33.0,2.0,114.67,7326.5,6.370555555555556
5.0,95.0,5.0,39.38,23.0,19.69
5.0,120.0,6.0,44.14,84.5,8.828
5.0,88.0,2.0,91.38,26.0,91.38
95.0,32.0,1.0,87.51,48.0,1.823125
32.0,5.0,1.0,48.84,46.0,1.0617391304347827
101.0,5.0,3.0,82.63,5049.666666666667,0.13545901639344263
5.0,84.0,1.0,58.5,2817.0,0.020766773162939296
84.0,22.0,1.0,146.05,1713.0,0.08525977816695855
22.0,101.0,1.0,174.47,2831.0,0.06162839985870717
101.0,95.0,2.0,90.35,461.5,0.30217391304347824
32.0,88.0,1.0,140.16,7599.0,0.018444532175286223
88.0,49.0,1.0,82.73,4108.0,0.02013875365141188
49.0,84.0,5.0,60.58,5470.0,4.038666666666667
84.0,99.0,2.0,84.36,1868.0,0.8190291262135923
84.0,88.0,1.0,126.06,5374.0,0.02345738742091552
88.0,105.0,1.0,260.65,22931.0,0.01136670882211853
84.0,5.0,2.0,58.5,897.5,0.37261146496815284
5.0,13.0,1.0,114.24,2.0,57.12
13.0,22.0,1.0,223.94,3.0,74.64666666666666
22.0,99.0,2.0,64.39,5.0,12.878
99.0,5.0,4.0,59.06,4.75,19.686666666666667
5.0,22.0,1.0,121.22,5.0,24.244
84.0,22.0,1.0,146.05,9759.0,0.014965672712368072
22.0,95.0,1.0,157.9,14013.0,0.011268108185256549
95.0,5.0,5.0,39.38,7.0,19.69
5.0,88.0,4.0,91.38,4.0,22.845
88.0,95.0,3.0,53.3,7.333333333333333,7.614285714285714
88.0,120.0,1.0,115.57,1.0,115.57
120.0,95.0,1.0,73.6,6.0,12.266666666666666
5.0,120.0,4.0,44.14,6.5,11.035
95.0,5.0,6.0,39.38,1598.8333333333333,39.38
95.0,84.0,2.0,76.73,475.0,2.841851851851852
84.0,5.0,1.0,58.5,183.0,0.319672131147541
5.0,22.0,6.0,121.22,4.833333333333333,30.305
22.0,33.0,1.0,24.53,3.0,8.176666666666668
33.0,32.0,1.0,74.92,2.0,37.46
32.0,99.0,2.0,27.73,2.0,13.865
99.0,95.0,2.0,97.82,1.0,97.82
22.0,32.0,2.0,88.88,5.0,17.776
99.0,5.0,7.0,59.06,5.857142857142857,29.53
32.0,5.0,2.0,48.84,1618.5,12.21
22.0,99.0,1.0,64.39,7.0,9.198571428571428
95.0,32.0,4.0,87.51,107.75,21.8775
84.0,32.0,1.0,57.42,2952.0,0.019451219512195122
22.0,33.0,18.0,24.53,3257.6111111111113,8.176666666666668
33.0,99.0,2.0,55.62,61.0,18.54
99.0,22.0,2.0,64.39,177.0,9.198571428571428
33.0,120.0,1.0,88.04,321.0,0.27426791277258566
120.0,22.0,1.0,86.98,182.0,0.47791208791208795
22.0,19.0,2.0,117.21,6.5,29.3025
22.0,33.0,12.0,24.53,475.0,6.1325
22.0,96.0,3.0,150.17,673.6666666666666,0.8630459770114942
96.0,33.0,1.0,148.12,3215.0,0.046071539657853815
99.0,95.0,1.0,97.82,1.0,97.82
95.0,5.0,1.0,39.38,2.0,19.69
5.0,22.0,1.0,121.22,5.0,24.244
22.0,99.0,3.0,64.39,15.666666666666666,8.04875
99.0,84.0,1.0,84.36,1.0,84.36
84.0,5.0,1.0,58.5,2.0,29.25
5.0,99.0,1.0,59.06,23.0,2.5678260869565217
22.0,120.0,2.0,86.98,0.0,173.96
120.0,32.0,1.0,54.21,3.0,18.07
32.0,99.0,1.0,27.73,2.0,13.865
120.0,99.0,1.0,40.56,5.0,8.112
99.0,33.0,1.0,55.62,11.0,5.056363636363636
33.0,22.0,1.0,24.53,23.0,1.066521739130435
22.0,105.0,1.0,63.38,54748.0,0.0011576678600131512
5.0,33.0,1.0,114.67,605.0,0.18953719008264464
33.0,22.0,1.0,24.53,205.0,0.11965853658536586
22.0,5.0,1.0,121.22,803.0,0.15095890410958904
5.0,95.0,1.0,39.38,609.0,0.06466338259441708
33.0,13003.0,1.0,26.3,10.0,2.63
13003.0,120.0,6.0,62.07,3.8333333333333335,124.14
33.0,49081.0,1.0,44.44,13.0,3.418461538461538
49081.0,105.0,44.0,101.91,7.454545454545454,33.97
49081.0,99.0,22.0,27.22,8.227272727272727,5.444
13.0,32911.0,1.0,35.05,1496.0,0.023429144385026735
32911.0,28385.0,125.0,38.47,154.472,76.94
13.0,84932.0,1.0,33.55,13.0,2.5807692307692305
84932.0,5.0,4.0,80.82,6.0,40.41
49.0,65673.0,1.0,93.5,3.0,31.166666666666668
65673.0,4313.0,12.0,65.49,6.75,32.745
65673.0,88.0,26.0,58.0,8.846153846153847,19.333333333333332
65673.0,13.0,32.0,78.13,78.71875,156.26
65673.0,99.0,2.0,96.15,3.5,32.050000000000004
65673.0,5.0,2.0,52.12,4393.0,0.03399869536855838
65673.0,22.0,2.0,146.15,78.0,5.2196428571428575
65673.0,120.0,2.0,59.76,1.0,59.76
95.0,2344.0,1.0,65.74,1.0,65.74
2344.0,17079.0,73.0,78.77,6.438356164383562,19.6925
17079.0,41841.0,2.0,2.83,6.0,0.7075
17079.0,66612.0,1.0,47.54,9.0,5.282222222222222
66612.0,1649.0,4214.0,9.85,7.626957759848126,19.7
1649.0,36542.0,141.0,12.08,9.929078014184396,24.16
36542.0,66612.0,141.0,2.24,8.680851063829786,4.48
1649.0,42957.0,107.0,34.48,16.60747663551402,68.96
42957.0,66612.0,104.0,24.7,9.317307692307692,24.7
42957.0,49.0,1.0,94.09,4.0,23.5225
49.0,1649.0,1.0,70.53,58.0,1.2160344827586207
36542.0,42957.0,2.0,22.47,4.0,5.6175
95.0,38321.0,1.0,60.47,0.0,120.94
38321.0,120.0,2.0,70.92,4.0,35.46
38321.0,45211.0,1.0,47.07,6.0,7.845
45211.0,43303.0,3.0,50.48,4.0,25.24
43303.0,53107.0,2.0,39.56,6.0,19.78
53107.0,78490.0,221.0,26.25,3.6289592760180995,52.5
43303.0,78490.0,1.0,63.81,2.0,31.905
53107.0,77015.0,1.0,19.85,2.0,9.925
77015.0,95138.0,74.0,31.06,0.40540540540540543,62.12
77015.0,31992.0,73.0,7.07,5.958904109589041,7.07
95138.0,31992.0,42.0,24.19,6.880952380952381,6.0475
31992.0,85647.0,1.0,29.02,2.0,14.51
85647.0,19373.0,193.0,12.65,2.94300518134715,25.3
19373.0,38220.0,61.0,35.44,0.6065573770491803,70.88
38220.0,85647.0,18.0,30.07,1.5,60.14
85647.0,31567.0,214.0,21.95,5.392523364485982,43.9
19373.0,31567.0,2230.0,9.9,6.217040358744395,19.8
31567.0,38220.0,42.0,44.38,5.238095238095238,44.38
38220.0,1281.0,1.0,7.28,2.0,3.64
1281.0,31567.0,2172.0,49.24,3.3232044198895028,98.48
31567.0,2266.0,4202.0,29.83,4.5652070442646355,59.66
2266.0,19373.0,5007.0,20.0,2.5346514879169164,40.0
2266.0,1281.0,2303.0,24.02,3.1437255753365174,48.04
19373.0,1281.0,1439.0,39.81,3.3002084781097984,79.62
31567.0,3069.0,5.0,120.35,3.2,120.35
3069.0,2266.0,5.0,100.12,4.0,100.12
2266.0,120.0,7.0,81.64,2.7142857142857144,163.28
1281.0,3069.0,2.0,76.24,2.0,38.12
31567.0,120.0,3.0,64.38,3.0,64.38
120.0,19373.0,5.0,68.35,1.8,136.7
31567.0,13.0,18.0,147.49,2.2777777777777777,294.98
13.0,1281.0,14.0,105.4,3.142857142857143,105.4
13.0,2266.0,12.0,129.07,2.0833333333333335,258.14
85647.0,2266.0,363.0,8.94,2.5785123966942147,17.88
31567.0,43303.0,6.0,31.38,1.0,62.76
43303.0,2266.0,1.0,50.09,6.0,8.348333333333334
13.0,19373.0,4.0,140.26,5.75,35.065
19373.0,43303.0,3.0,35.17,5.0,7.034000000000001
1281.0,85647.0,211.0,32.39,1.2938388625592416,64.78
1281.0,43303.0,2.0,57.71,2.0,57.71
19373.0,33.0,9.0,110.14,5.555555555555555,55.07
33.0,2266.0,24.0,130.13,4.208333333333333,260.26
33.0,1281.0,15.0,146.2,3.3333333333333335,292.4
31567.0,33.0,28.0,100.39,0.9285714285714286,200.78
120.0,1281.0,1.0,83.64,1.0,83.64
19373.0,60450.0,4.0,67.23,4.75,134.46
60450.0,2266.0,4.0,86.76,1.75,173.52
60450.0,31567.0,2.0,58.19,4.0,14.5475
1281.0,60450.0,2.0,100.42,0.0,200.84
19373.0,105.0,11.0,165.37,0.0,330.74
105.0,2266.0,22.0,185.2,3.1363636363636362,370.4
105.0,31567.0,17.0,155.47,5.235294117647059,51.82333333333333
1281.0,105.0,10.0,203.22,2.0,203.22
95.0,39006.0,1.0,7.2,1.0,7.2
39006.0,62829.0,1.0,35.51,8.0,4.43875
62829.0,28385.0,1794.0,38.08,8.17056856187291,76.16
28385.0,13702.0,3.0,50.64,7.666666666666667,16.88
13702.0,62829.0,9.0,87.28,3.111111111111111,43.64
62829.0,99.0,14.0,134.53,4.5,67.265
99.0,28385.0,24.0,96.88,4.0,96.88
28385.0,99836.0,806.0,10.63,6.51985111662531,21.26
28385.0,11974.0,1257.0,31.06,7.173428798727128,62.12
11974.0,99836.0,430.0,23.54,11.365116279069767,47.08
11974.0,120.0,1.0,47.81,5.0,9.562000000000001
120.0,28385.0,1.0,65.94,8.0,8.2425
101.0,2505.0,1.0,59.54,195.0,0.30533333333333335
2505.0,88.0,2.0,94.85,119.5,6.323333333333333
2505.0,51552.0,1.0,24.33,11939.0,0.002037859117178993
51552.0,22.0,1.0,154.38,190.0,0.8125263157894737
22.0,99.0,1.0,64.39,9.0,7.154444444444445
99.0,51552.0,1.0,90.26,14.0,6.4471428571428575
51552.0,49.0,8.0,39.82,21.375,39.82
51552.0,9048.0,3.0,48.26,48.333333333333336,16.086666666666666
9048.0,20601.0,4.0,19.24,19.75,38.48
20601.0,51552.0,4.0,59.77,12.25,29.885
20601.0,2505.0,2.0,35.85,13.0,7.17
20601.0,5230.0,1.0,17.69,131.0,0.1350381679389313
5230.0,2505.0,1.0,45.01,43.0,1.0467441860465116
2505.0,15637.0,1.0,41.59,6.0,6.9316666666666675
15637.0,23449.0,14.0,63.13,20.571428571428573,63.13
23449.0,2505.0,2.0,76.94,6.5,12.823333333333332
23449.0,58365.0,3.0,63.06,7.666666666666667,15.765
58365.0,2505.0,8.0,13.89,6.625,6.945
58365.0,5.0,7.0,16.42,8.428571428571429,2.736666666666667
5.0,15637.0,4.0,19.69,22.5,39.38
15637.0,34992.0,3.0,26.48,4.333333333333333,52.96
34992.0,53940.0,2.0,8.06,66.5,4.03
53940.0,88.0,2.0,110.87,6.5,36.95666666666667
53940.0,51552.0,4.0,74.03,14.75,10.575714285714286
34992.0,5230.0,2.0,8.54,3.0,8.54
34992.0,59068.0,1.0,22.36,7.0,3.1942857142857144
59068.0,99.0,2.0,31.77,108.0,0.661875
59068.0,5230.0,1.0,22.47,5.0,4.494
5230.0,5.0,1.0,22.66,94.0,0.24106382978723404
5.0,99.0,2.0,59.06,13.0,19.686666666666667
5.0,51552.0,4.0,47.71,19.5,9.542
5.0,59068.0,17.0,44.37,7.9411764705882355,88.74
59068.0,88.0,3.0,121.72,5.0,60.86
88.0,5.0,1.0,91.38,11.0,8.307272727272727
5.0,72974.0,13.0,43.97,9.692307692307692,87.94
5.0,120.0,8.0,44.14,8.125,88.28
72974.0,120.0,2.0,16.71,1.0,16.71
51552.0,72974.0,3.0,85.16,7.0,12.165714285714285
120.0,51552.0,4.0,90.21,4.75,22.5525
120.0,9048.0,1.0,56.3,0.0,112.6
9048.0,15637.0,2.0,21.38,13.0,42.76
20601.0,23449.0,7.0,61.03,11.142857142857142,15.2575
23449.0,120.0,5.0,33.57,13.8,33.57
51552.0,88.0,4.0,102.6,3.75,102.6
51552.0,15637.0,8.0,65.19,18.875,16.2975
15637.0,88.0,4.0,82.74,17.75,27.58
23449.0,95.0,2.0,98.54,6.5,98.54
23449.0,5.0,1.0,61.31,26.0,2.358076923076923
15637.0,22.0,8.0,121.43,11.125,30.3575
15637.0,32.0,2.0,62.28,116.0,2.4912
5.0,15623.0,1.0,33.48,23.0,1.4556521739130432
15623.0,29230.0,8.0,48.27,18.0,16.09
15623.0,3030.0,13.0,22.85,21.846153846153847,11.425
3030.0,39447.0,1.0,12.17,34.0,0.3579411764705882
39447.0,15623.0,457.0,19.24,22.043763676148796,38.48
15623.0,30620.0,10.0,70.72,18.4,23.573333333333334
39447.0,30620.0,2.0,65.15,2.0,65.15
15623.0,88.0,31.0,114.86,21.774193548387096,114.86
88.0,39447.0,35.0,110.97,34.65714285714286,221.94
15623.0,87699.0,352.0,14.42,17.832386363636363,28.84
87699.0,39447.0,413.0,14.21,18.74818401937046,28.42
88.0,87699.0,11.0,122.9,56.72727272727273,245.8
15623.0,99062.0,1.0,32.25,2.0,16.125
99062.0,87699.0,1.0,23.32,5.0,4.664
88.0,13.0,1.0,22.87,1.0,22.87
13.0,15623.0,13.0,137.1,4.230769230769231,68.55
39447.0,33.0,8.0,94.01,9.25,31.33666666666667
33.0,88.0,2.0,201.51,7.0,201.51
33.0,15623.0,35.0,86.65,472.1714285714286,173.3
39447.0,13.0,12.0,133.77,21.583333333333332,133.77
87699.0,33.0,39.0,80.28,5.256410256410256,160.56
13.0,87699.0,8.0,145.53,22.875,145.53
5.0,66331.0,1.0,15.6,117.0,0.13333333333333333
66331.0,36509.0,3.0,27.07,9.0,13.535
36509.0,84.0,1.0,83.66,2.0,41.83
84.0,99.0,2.0,84.36,69.0,21.09
99.0,66331.0,4.0,48.39,5.0,16.13
66331.0,84.0,5.0,70.04,47.2,140.08
66331.0,88.0,8.0,98.89,156.0,32.96333333333333
66331.0,23449.0,1.0,48.41,5923.0,0.008173223028870504
23449.0,88.0,8.0,145.7,1823.875,36.425
88.0,84.0,2.0,126.06,13.0,252.12
23449.0,5.0,2.0,61.31,10872.0,2.358076923076923
33.0,13003.0,1.0,26.3,13.0,2.023076923076923
13003.0,54112.0,2.0,57.14,15981.0,0.005358717058989028
13003.0,54272.0,1.0,29.07,13303.0,0.0021852213786363976
96372.0,67350.0,9.0,15.0,141.77777777777777,7.5
67350.0,51286.0,10.0,18.38,191.2,4.595
67350.0,99.0,34.0,8.47,97.5,1.6940000000000002
67350.0,95.0,10.0,106.2,9.0,53.1
95.0,8318.0,1.0,93.33,1.0,93.33
8318.0,67350.0,10.0,13.0,441.9,3.25
67350.0,74831.0,16.0,33.24,6.625,16.62
74831.0,95.0,3.0,74.76,1.0,149.52
74831.0,8318.0,1.0,21.95,10388.0,0.002113015017327686
67350.0,79123.0,68.0,36.89,14.764705882352942,73.78
79123.0,95.0,2.0,69.35,5.0,138.7
67350.0,5.0,2.0,67.31,908.5,0.10061285500747384
13.0,76492.0,1.0,74.66,378.0,0.1975132275132275
76492.0,22.0,4.0,155.34,5.75,77.67
76492.0,49.0,2.0,62.21,5.0,31.105
76492.0,84932.0,1.0,41.23,6660.0,0.00619069069069069
95.0,9048.0,5.0,20.55,5498.2,0.09879807692307693
9048.0,32.0,3.0,67.38,338.6666666666667,1.773157894736842
32.0,8318.0,1.0,26.39,2199.0,0.012000909504320145
8318.0,95.0,4.0,93.33,757.25,11.66625
8318.0,99.0,5.0,4.53,5.6,2.265
8318.0,22.0,1.0,68.16,5.0,13.632
22.0,33.0,1.0,24.53,0.0,49.06
33.0,99.0,1.0,55.62,6.0,9.27
8318.0,33.0,1.0,60.04,5.0,12.008
33.0,120.0,1.0,88.04,5.0,17.608
120.0,8318.0,1.0,36.95,3.0,12.316666666666668
8318.0,9048.0,2.0,72.95,1004.0,145.9
9048.0,99.0,2.0,77.41,26.0,7.037272727272727
9048.0,22.0,6.0,138.33,156.5,34.5825
95.0,5.0,1.0,39.38,2005.0,0.019640897755610974
5.0,8318.0,1.0,54.66,402.0,0.13597014925373133
95.0,58692.0,1.0,43.8,4.0,10.95
58692.0,99.0,62.0,55.95,6.096774193548387,111.9
120.0,64291.0,1.0,52.28,58.0,0.9013793103448277
64291.0,60297.0,234.0,21.84,86.73504273504274,43.68
64291.0,32.0,21.0,58.37,108.66666666666667,58.37
60297.0,32.0,7.0,69.84,84.14285714285714,11.64
64291.0,105.0,3.0,94.31,272.0,0.6784892086330936
105.0,60297.0,1.0,72.51,6.0,12.085
101.0,49.0,7.0,54.17,840.4285714285714,108.34
101.0,84.0,8.0,29.03,2082.75,2.639090909090909
84.0,32.0,1.0,57.42,47.0,1.2217021276595745
32.0,101.0,1.0,86.22,8.0,10.7775
84.0,49.0,1.0,60.58,2.0,30.29
95.0,52367.0,1.0,27.76,4660.0,0.005957081545064378
52367.0,9048.0,1.0,31.06,4371.0,0.007105925417524594
9048.0,95.0,2.0,20.55,1257.5,1.580769230769231
9048.0,26858.0,1.0,46.1,2.0,23.05
26858.0,64102.0,1.0,41.4,8.0,5.175
64102.0,3236.0,1.0,37.01,2.0,18.505
3236.0,52367.0,10.0,41.4,417.3,13.799999999999999
3236.0,88.0,1.0,37.3,9.0,4.144444444444444
88.0,52367.0,4.0,72.25,56.25,24.083333333333332
88.0,9048.0,19.0,72.81,70.52631578947368,24.27
9048.0,49.0,20.0,62.64,31.15,20.88
88.0,22.0,4.0,202.54,0.25,405.08
22.0,9048.0,8.0,138.33,31.25,276.66
95.0,20333.0,2.0,5.86,124.0,0.08878787878787879
20333.0,92.0,53.0,156.88,17.264150943396228,313.76
20333.0,32.0,2.0,93.32,6.5,46.66
20333.0,22.0,4.0,163.44,19.5,16.344
20333.0,99.0,2.0,103.61,6.5,25.9025
20333.0,120.0,5.0,78.7,21.0,157.4
20333.0,54272.0,12.0,161.4,104.25,322.8
120.0,54272.0,1.0,87.21,4.0,21.8025
20333.0,96699.0,8.0,82.68,8.0,165.36
96699.0,54272.0,3.0,79.31,4.666666666666667,19.8275
54272.0,99.0,8.0,59.51,5.5,19.836666666666666
99.0,96699.0,16.0,21.08,7.1875,7.026666666666666
96699.0,32.0,1.0,27.46,13.0,2.1123076923076924
32.0,99.0,6.0,27.73,95.66666666666667,2.773
32.0,54272.0,2.0,81.87,32.0,4.093500000000001
32.0,120.0,2.0,54.21,6.5,54.21
32.0,95.0,1.0,87.51,11874.0,0.007369883779686711
20333.0,13.0,9.0,70.46,2.7777777777777777,70.46
13.0,92.0,1.0,154.36,12.0,12.863333333333335
85503.0,120.0,8.0,58.62,81.0,29.31
85503.0,60633.0,13.0,79.31,900.3846153846154,158.62
85503.0,88.0,6.0,173.03,212.5,3.146
60633.0,120.0,4.0,34.38,387.5,68.76
60633.0,8318.0,2.0,45.79,2273.0,0.021588873173031587
8318.0,88.0,2.0,142.68,559.5,1.74
8318.0,22.0,1.0,68.16,2544.0,0.02679245283018868
22.0,5.0,1.0,121.22,2533.0,0.047856296881168575
5.0,60633.0,1.0,10.22,182.0,0.05615384615384616
60633.0,88.0,2.0,97.93,260.0,2.2774418604651165
8318.0,5.0,2.0,54.66,1665.0,0.47530434782608694
8318.0,23449.0,2.0,12.17,71.5,0.1763768115942029
95.0,41151.0,1.0,31.49,417.0,0.07551558752997602
41151.0,5.0,10.0,69.9,858.4,17.475
5.0,48812.0,5.0,41.32,1842.8,82.64
48812.0,95.0,2.0,5.07,2152.0,0.023364055299539173
48812.0,49.0,40.0,59.56,41.05,11.912
48812.0,32446.0,10.0,35.61,25.7,8.9025
5.0,95.0,8.0,39.38,5.125,78.76
95.0,22.0,1.0,157.9,4.0,39.475
22.0,5.0,1.0,121.22,8.0,15.1525
95.0,84.0,1.0,76.73,1.0,76.73
84.0,5.0,1.0,58.5,2.0,29.25
95.0,72897.0,1.0,53.95,7368.0,0.007322204125950055
72897.0,92.0,2.0,111.23,1186.0,0.42780769230769233
72897.0,90040.0,1.0,39.85,6646.0,0.005996087872404454
90040.0,49.0,2.0,133.81,6.5,26.762
95.0,27439.0,1.0,28.42,1522.0,0.018672798948751644
27439.0,69143.0,5.0,112.51,531.2,5.114090909090909
69143.0,88.0,2.0,136.3,143.0,12.390909090909092
69143.0,63110.0,9.0,32.76,261.3333333333333,0.9927272727272727
63110.0,88.0,4.0,109.92,134.0,1.9985454545454546
63110.0,99.0,1.0,38.29,244.0,0.1569262295081967
99.0,69143.0,1.0,16.78,3.0,5.593333333333334
69143.0,9048.0,1.0,70.01,39875.0,0.0017557366771159876
9048.0,99.0,2.0,77.41,215.0,0.4324581005586592
9048.0,13.0,8.0,95.68,81.25,191.36
101.0,51552.0,1.0,36.58,60.0,0.6096666666666667
51552.0,84.0,2.0,23.91,2083.0,0.016861777150916784
51552.0,95.0,1.0,55.27,694.0,0.07963976945244958
95.0,5.0,1.0,39.38,0.0,78.76
5.0,51552.0,3.0,47.71,3666.3333333333335,1.3631428571428572
95.0,26858.0,1.0,26.44,3243.0,0.008152944804193648
26858.0,13.0,2.0,49.67,4.5,12.4175
26858.0,92.0,6.0,150.18,892.5,50.06
26858.0,5.0,6.0,64.81,6.5,64.81
26858.0,49.0,2.0,65.32,5.5,13.063999999999998
90040.0,26858.0,3.0,75.03,1010.3333333333334,0.6820909090909091
26858.0,95.0,1.0,26.44,5612.0,0.004711332858161083
95.0,90040.0,1.0,79.03,10.0,7.9030000000000005
90040.0,1652.0,1.0,13.04,3.0,4.346666666666667
1652.0,8814.0,7.0,80.21,467.0,80.21
1652.0,26858.0,2.0,75.5,7910.0,0.06291666666666666
1652.0,58086.0,6.0,77.52,3920.6666666666665,155.04
58086.0,8814.0,10.0,57.27,119.5,114.54
8814.0,92.0,1.0,151.74,4.0,37.935
92.0,58086.0,6.0,150.05,45.5,50.01666666666667
92.0,26858.0,19.0,150.18,25.157894736842106,150.18
95.0,41151.0,2.0,31.49,1231.0,0.07515513126491646
41151.0,5.0,30.0,69.9,73.26666666666667,139.8
95.0,26858.0,1.0,26.44,2100.0,0.012590476190476192
26858.0,88.0,1.0,26.87,0.0,53.74
88.0,41151.0,1.0,21.81,900.0,0.024233333333333332
41151.0,92.0,2.0,150.2,1462.5,1.2211382113821136
84.0,22615.0,2.0,41.03,5061.0,0.00905739514348786
22615.0,51552.0,1.0,19.42,5444.0,0.0035672299779573847
51552.0,84.0,1.0,23.91,29195.0,0.0008189758520294571
84.0,5.0,1.0,58.5,591.0,0.09898477157360407
5.0,22.0,1.0,121.22,5.0,24.244
22.0,33.0,1.0,24.53,0.0,49.06
33.0,99.0,1.0,55.62,5.0,11.123999999999999
99.0,22615.0,1.0,107.44,1880.0,0.057148936170212765
84.0,49.0,1.0,60.58,4747.0,0.012761744259532335
49.0,22615.0,1.0,20.4,571.0,0.03572679509632224
33.0,83568.0,1.0,32.83,626.0,0.05244408945686901
83568.0,91608.0,688.0,31.24,16.191860465116278,31.24
83568.0,40376.0,945.0,23.77,17.3989417989418,47.54
91608.0,40376.0,269.0,11.18,19.397769516728623,22.36
40376.0,105.0,7.0,115.48,5.857142857142857,115.48
105.0,91608.0,9.0,122.19,55.77777777777778,244.38
105.0,83568.0,6.0,91.74,28.166666666666668,10.193333333333333
13.0,79155.0,11.0,69.36,11.727272727272727,138.72
79155.0,49.0,2.0,78.46,2242.0,26.153333333333332
79155.0,99.0,12.0,100.67,3932.0833333333335,201.34
79155.0,22.0,3.0,155.14,508.6666666666667,310.28
79155.0,32.0,2.0,96.92,3.5,48.46
79155.0,84.0,2.0,97.72,6.5,24.43
79155.0,120.0,1.0,68.19,6.0,11.365
120.0,22.0,1.0,86.98,0.0,173.96
5.0,95.0,4.0,39.38,3445.5,0.1121937321937322
95.0,84.0,1.0,76.73,7919.0,0.00968935471650461
84.0,88.0,1.0,126.06,3683.0,0.03422753190333967
88.0,5.0,2.0,91.38,1737.5,0.0547513481126423
88.0,120.0,1.0,115.57,216.0,0.5350462962962963
120.0,5.0,1.0,44.14,5457.0,0.00808869342129375
95.0,88.0,3.0,53.3,1411.0,0.08514376996805112
88.0,22.0,1.0,202.54,1148.0,0.17642857142857143
22.0,95.0,1.0,157.9,5414.0,0.0291651274473587
51552.0,92071.0,4.0,11.7,203.0,0.2127272727272727
51552.0,39313.0,1.0,21.93,336.0,0.06526785714285714
39313.0,92071.0,1.0,15.81,13042.0,0.0012122373869038491
92071.0,22.0,2.0,165.99,9704.5,1.168943661971831
22.0,33.0,2.0,24.53,65.0,0.662972972972973
22.0,120.0,1.0,86.98,38.0,2.2889473684210526
120.0,5.0,1.0,44.14,10.0,4.414
5.0,22.0,1.0,121.22,44.0,2.755
92071.0,84.0,1.0,29.5,21009.0,0.0014041601218525393
84.0,96.0,1.0,264.4,304.0,0.869736842105263
96.0,66.0,1.0,64.72,0.0,129.44
66.0,22.0,1.0,210.79,36.0,5.855277777777777
22.0,39313.0,1.0,168.75,130.0,1.2980769230769231
88.0,41151.0,1.0,21.81,0.0,43.62
41151.0,95.0,4.0,31.49,2652.75,6.298
41151.0,91020.0,2.0,6.08,1663.5,0.022686567164179106
41151.0,5.0,4.0,69.9,2306.5,23.3
95.0,3236.0,1.0,16.64,2721.0,0.00611539875045939
3236.0,9048.0,2.0,35.51,2519.0,7.101999999999999
3236.0,49.0,19.0,63.4,80.57894736842105,21.133333333333333
3236.0,13.0,10.0,60.17,77.5,20.05666666666667
3236.0,22.0,16.0,168.8,54.875,168.8
3236.0,120.0,1.0,82.56,33.0,2.501818181818182
120.0,32.0,1.0,54.21,92.0,0.5892391304347826
32.0,3236.0,1.0,102.87,668.0,0.15399700598802396
3236.0,99.0,9.0,110.97,51.44444444444444,55.485
3236.0,54272.0,2.0,167.52,103.5,3.5642553191489363
54272.0,120.0,2.0,87.21,6.5,29.069999999999997
99.0,49.0,5.0,126.11,9.2,25.222
26858.0,89441.0,5.0,18.11,361.0,3.018333333333333
89441.0,5.0,2.0,82.76,3.5,82.76
22.0,95.0,4.0,157.9,3600.0,0.174090407938258
95.0,5.0,2.0,39.38,8266.0,0.027751937984496124
5.0,22.0,3.0,121.22,4185.0,0.20972318339100346
22.0,99.0,2.0,64.39,2493.0,0.035205030071077094
5.0,101.0,1.0,82.63,2950.0,0.028010169491525422
101.0,49.0,1.0,54.17,455.0,0.11905494505494506
49.0,5.0,1.0,73.03,3144.0,0.023228371501272264
88.0,101.0,4.0,132.74,1145.5,0.3697493036211699
88.0,84.0,3.0,126.06,1814.6666666666667,0.07714810281517748
84.0,49.0,1.0,60.58,2109.0,0.028724513987671882
49.0,88.0,2.0,82.73,3595.5,0.026644122383252818
101.0,84.0,2.0,29.03,420.0,0.2992783505154639
84.0,105.0,1.0,182.02,2364.0,0.07699661590524536
105.0,49.0,2.0,235.59,1205.5,0.27979809976247033
49.0,101.0,2.0,54.17,1445.0,0.26043269230769234
84.0,32.0,1.0,57.42,2315.0,0.024803455723542117
32.0,49.0,1.0,104.89,229.0,0.45803493449781657
105.0,32.0,1.0,130.85,182.0,0.718956043956044
32.0,88.0,3.0,140.16,7178.333333333333,0.05590745911447945
88.0,22.0,1.0,202.54,9297.0,0.021785522211466065
88.0,101.0,2.0,132.74,1895.5,0.17127741935483873
88.0,95.0,1.0,53.3,1816.0,0.02935022026431718
95.0,101.0,3.0,90.35,1488.0,0.478042328042328
101.0,22.0,2.0,174.47,1257.5,0.43185643564356435
101.0,5.0,2.0,82.63,931.5,0.109734395750332
22.0,13003.0,2.0,35.05,2948.5,0.08697270471464019
13003.0,120.0,18.0,62.07,191.72222222222223,62.07
13003.0,5.0,6.0,89.18,581.3333333333334,29.72666666666667
13003.0,13568.0,5.0,6.71,668.2,0.21645161290322582
22.0,13568.0,1.0,31.02,396.0,0.07833333333333334
13003.0,32.0,1.0,53.83,7.0,7.6899999999999995
32.0,95.0,1.0,87.51,3.0,29.17
95.0,5.0,2.0,39.38,157.0,78.76
95.0,13003.0,1.0,127.4,3.0,42.46666666666667
95.0,5.0,15.0,39.38,1703.7333333333333,39.38
95.0,72974.0,1.0,79.58,0.0,159.16
72974.0,5.0,1.0,43.97,3012.0,0.014598273572377158
95.0,65098.0,1.0,30.63,5.0,6.1259999999999994
65098.0,88.0,1.0,75.65,13.0,5.81923076923077
88.0,9048.0,1.0,72.81,88.0,0.8273863636363636
9048.0,65098.0,7.0,17.12,33.857142857142854,17.12
65098.0,8814.0,7.0,21.1,27.285714285714285,21.1
8814.0,22.0,2.0,148.58,37.0,74.29
8814.0,33.0,1.0,144.43,18.0,8.023888888888889
33.0,32.0,2.0,74.92,6.5,12.486666666666666
33.0,120.0,1.0,88.04,21961.0,0.004008924912344611
120.0,49113.0,1.0,64.35,216.0,0.29791666666666666
49113.0,80101.0,4.0,95.78,2.0,47.89
80101.0,86258.0,8.0,65.37,4.125,32.685
86258.0,49113.0,1.0,34.0,4.0,8.5
86258.0,32.0,6.0,28.72,3.0,28.72
32.0,49113.0,2.0,62.58,4.0,20.86
86258.0,22.0,3.0,110.32,5.333333333333333,27.58
86258.0,84.0,4.0,46.88,3.75,23.44
84.0,22.0,1.0,146.05,2.0,73.025
22.0,33.0,2.0,24.53,0.0,49.06
33.0,86258.0,1.0,100.17,6.0,16.695
84.0,33.0,1.0,130.17,1.0,130.17
86258.0,79123.0,1.0,21.21,107.0,0.19822429906542058
79123.0,5.0,1.0,30.45,5493.0,0.005543418896777717
5.0,22.0,3.0,121.22,6.666666666666667,20.203333333333333
95.0,120.0,1.0,73.6,5.0,14.719999999999999
120.0,22.0,1.0,86.98,0.0,173.96
95.0,33.0,1.0,153.3,4.0,38.325
33.0,5.0,1.0,114.67,8.0,14.33375
95.0,32.0,4.0,87.51,210.25,7.955454545454546
32.0,5.0,1.0,48.84,11.0,4.44
95.0,22.0,7.0,157.9,1904.142857142857,2.770175438596491
22.0,5.0,3.0,121.22,137.33333333333334,15.1525
5.0,49.0,1.0,73.03,32.0,2.2821875
49.0,22.0,2.0,190.46,2245.0,0.1189631480324797
22.0,88.0,2.0,202.54,91.0,202.54
88.0,120.0,1.0,115.57,2.0,57.785
120.0,95.0,1.0,73.6,7.0,10.514285714285714
95.0,5.0,5.0,39.38,52.6,78.76
5.0,13.0,1.0,114.24,3.0,38.08
13.0,88.0,2.0,22.87,1.0,22.87
88.0,5.0,1.0,91.38,9.0,10.153333333333332
95.0,13.0,1.0,76.05,2.0,38.025
95.0,84.0,1.0,76.73,120.0,0.6394166666666667
84.0,32.0,1.0,57.42,34.0,1.6888235294117648
32.0,5.0,2.0,48.84,13.0,4.07
32.0,120.0,2.0,54.21,468.5,0.1627927927927928
32.0,22.0,1.0,88.88,204.0,0.4356862745098039
22.0,33.0,2.0,24.53,97.5,12.265
22.0,120.0,1.0,86.98,195.0,0.4460512820512821
120.0,5.0,1.0,44.14,410.0,0.10765853658536585
95.0,49.0,1.0,55.08,122.0,0.45147540983606554
49.0,92.0,2.0,211.31,397.0,0.5404347826086957
95.0,5.0,5.0,39.38,1614.2,0.23301775147928996
95.0,88.0,5.0,53.3,688.8,26.65
95.0,49.0,6.0,55.08,1350.5,6.885
49.0,88.0,2.0,82.73,5934.5,0.04596111111111111
5.0,88.0,1.0,91.38,2.0,45.69
71721.0,22.0,3.0,130.36,100.0,26.072000000000003
22.0,32.0,1.0,88.88,8.0,11.11
32.0,71721.0,3.0,43.81,13.0,87.62
71721.0,95.0,3.0,54.22,4636.333333333333,108.44
22.0,33.0,2.0,24.53,6.5,24.53
71721.0,84.0,2.0,29.07,9281.5,0.015833333333333335
84.0,22.0,5.0,146.05,179.6,73.025
22.0,95.0,1.0,157.9,9.0,17.544444444444444
95.0,22.0,5.0,157.9,4164.8,1.6447916666666667
95.0,32.0,2.0,87.51,20188.5,0.5682467532467533
32.0,22.0,1.0,88.88,5747.0,0.015465460240125283
95.0,120.0,2.0,73.6,924.0,0.16428571428571428
120.0,33.0,1.0,88.04,705.0,0.12487943262411348
33.0,54272.0,2.0,12.51,23125.5,0.0035732647814910026
54272.0,120.0,2.0,87.21,585.5,87.21
54272.0,96.0,2.0,148.09,182.5,0.9372784810126582
33.0,19.0,1.0,120.37,542.0,0.22208487084870848
19.0,66.0,1.0,94.12,215.0,0.4377674418604651
66.0,54272.0,1.0,210.11,1196.0,0.17567725752508362
54272.0,99.0,2.0,59.51,937.0,0.4408148148148148
99.0,120.0,2.0,40.56,6.5,6.760000000000001
95.0,22.0,2.0,157.9,9150.0,0.19047044632086851
22.0,5.0,2.0,121.22,1920.0,0.1683611111111111
5.0,95.0,4.0,39.38,2307.5,0.3006106870229008
95.0,84.0,2.0,76.73,2733.5,0.04083555082490687
88.0,101.0,3.0,132.74,2353.0,0.36267759562841534
101.0,99.0,3.0,113.35,8186.666666666667,0.045632045088566824
99.0,88.0,3.0,147.2,1451.6666666666667,0.37171717171717167
88.0,105.0,2.0,260.65,566.5,0.6205952380952381
88.0,22.0,1.0,202.54,15996.0,0.012661915478869717
88.0,1652.0,1.0,77.14,10611.0,0.007269814343605692
1652.0,95.0,2.0,83.71,4408.5,1.2310294117647058
1652.0,49.0,3.0,137.43,17.666666666666668,45.81
1652.0,48812.0,1.0,78.77,2577.0,0.030566550252231275
48812.0,27439.0,3.0,25.18,6.666666666666667,25.18
27439.0,52367.0,5.0,50.54,4.4,16.846666666666668
27439.0,1652.0,2.0,73.16,3.0,36.58
52367.0,92.0,1.0,183.61,4.0,45.9025
92.0,13.0,1.0,154.36,2.0,77.18
13.0,52367.0,6.0,93.39,5.833333333333333,31.13
13.0,49.0,2.0,99.52,3.0,33.17333333333333
49.0,9048.0,5.0,62.64,5.0,15.66
9048.0,13.0,14.0,95.68,6.071428571428571,95.68
9048.0,1652.0,11.0,87.73,224.72727272727272,29.243333333333336
9048.0,26858.0,20.0,46.1,53.35,15.366666666666667
26858.0,84.0,2.0,100.87,25.5,100.87
9048.0,78028.0,7.0,31.62,3556.285714285714,31.62
78028.0,22.0,3.0,126.96,2.6666666666666665,253.92
78028.0,92.0,1.0,181.36,145.0,1.2507586206896553
92.0,9048.0,3.0,156.74,59.0,3.265416666666667
92.0,26858.0,2.0,150.18,39.0,6.2575
13.0,22.0,1.0,223.94,3.0,74.64666666666666
9048.0,93095.0,5.0,33.96,409.0,67.92
78028.0,93095.0,5.0,18.25,41.4,18.25
9048.0,84.0,2.0,65.56,12.5,7.2844444444444445
93095.0,22.0,6.0,110.47,3.8333333333333335,36.82333333333333
93095.0,13.0,6.0,129.58,0.8333333333333334,259.16
22.0,33.0,2.0,24.53,0.0,49.06
33.0,120.0,2.0,88.04,1.0,88.04
120.0,93095.0,2.0,42.86,6.0,7.1433333333333335
5.0,34992.0,1.0,22.88,3515.0,0.006509246088193457
34992.0,95.0,2.0,59.74,13821.0,14.935
34992.0,72974.0,3.0,21.1,2725.6666666666665,0.1715447154471545
72974.0,88.0,4.0,126.02,174.5,7.001111111111111
34992.0,88.0,2.0,108.72,6.5,36.24
72974.0,95.0,1.0,79.58,3125.0,0.025465599999999998
5.0,49.0,5.0,73.03,6180.2,0.04508024691358025
49.0,95.0,3.0,55.08,1216.6666666666667,13.77
95.0,5.0,6.0,39.38,4059.0,0.09771712158808933
95.0,92.0,1.0,156.67,3755.0,0.04172303595206391
92.0,49.0,4.0,211.31,2602.75,105.655
92.0,5.0,1.0,160.5,9.0,17.833333333333332
99.0,22.0,1.0,64.39,16740.0,0.0038464755077658305
22.0,95.0,2.0,157.9,6892.5,0.0923391812865497
22.0,5.0,3.0,121.22,5938.333333333333,0.057233238904627004
22.0,49.0,1.0,190.46,303.0,0.6285808580858087
49.0,32.0,1.0,104.89,6655.0,0.015761081893313298
32.0,101.0,1.0,86.22,581.0,0.14839931153184166
101.0,95.0,1.0,90.35,176.0,0.5133522727272727
95.0,5.0,2.0,39.38,3150.0,0.02700960219478738
95.0,32.0,1.0,87.51,4346.0,0.02013575701794754
32.0,5.0,1.0,48.84,7968.0,0.006129518072289157
88.0,22.0,4.0,202.54,5460.75,1.7460344827586207
22.0,95.0,3.0,157.9,2032.6666666666667,0.15095602294455068
95.0,88.0,2.0,53.3,2414.5,0.10554455445544554
88.0,101.0,1.0,132.74,1047.0,0.12678127984718243
101.0,95.0,1.0,90.35,408.0,0.22144607843137254
22.0,49.0,1.0,190.46,2256.0,0.08442375886524824
49.0,95.0,1.0,55.08,4196.0,0.013126787416587226
95.0,5.0,1.0,39.38,1549.0,0.02542285345384119
5.0,22.0,2.0,121.22,9737.5,0.043432461483339305
51552.0,5.0,1.0,47.71,32.0,1.4909375
5.0,95.0,1.0,39.38,1.0,39.38
49.0,5.0,1.0,73.03,10239.0,0.007132532473874402
5.0,95.0,5.0,39.38,1632.4,0.05401920438957476
95.0,101.0,3.0,90.35,2718.3333333333335,0.047106360792492176
95.0,49.0,1.0,55.08,544.0,0.10124999999999999
49.0,22.0,1.0,190.46,138.0,1.3801449275362319
22.0,88.0,2.0,202.54,167.5,1.212814371257485
88.0,101.0,1.0,132.74,500.0,0.26548
101.0,5.0,2.0,82.63,2908.5,0.05966064981949458
101.0,22.0,1.0,174.47,1235.0,0.14127125506072874
88.0,32.0,1.0,140.16,2457.0,0.057045177045177045
32.0,120.0,1.0,54.21,375.0,0.14456
120.0,101.0,1.0,122.42,1417.0,0.08639378969654199
95.0,84.0,2.0,76.73,409.5,0.19327455919395467
95.0,5.0,1.0,39.38,1.0,39.38
5.0,82886.0,1.0,38.99,6.0,6.498333333333334
82886.0,95.0,4.0,75.1,6.5,75.1
82886.0,32.0,1.0,17.2,3094.0,0.005559146735617324
32.0,8318.0,2.0,26.39,38.5,2.0300000000000002
8318.0,95.0,3.0,93.33,2591.0,0.37633064516129033
95.0,32.0,2.0,87.51,6613.5,0.10817058096415329
8318.0,82886.0,1.0,40.31,547.0,0.0736928702010969
82886.0,22.0,2.0,105.7,6.5,21.14
82886.0,84.0,1.0,41.67,3268.0,0.012750917992656059
84.0,32.0,1.0,57.42,3458.0,0.016604973973395026
95.0,49.0,1.0,55.08,786.0,0.07007633587786259
49.0,82886.0,1.0,87.9,655.0,0.13419847328244275
82886.0,120.0,1.0,58.75,2320.0,0.025323275862068964
120.0,22.0,1.0,86.98,0.0,173.96
22.0,99.0,1.0,64.39,5.0,12.878
99.0,8318.0,3.0,4.53,386.3333333333333,9.06
8318.0,120.0,2.0,36.95,5.0,7.390000000000001
120.0,99.0,2.0,40.56,5.0,8.112
101.0,5.0,1.0,82.63,17726.0,0.004661514159990974
5.0,22.0,1.0,121.22,7724.0,0.015693940963231488
22.0,95.0,2.0,157.9,1517.5,2.722413793103448
22.0,101.0,1.0,174.47,4141.0,0.04213233518473799
101.0,95.0,2.0,90.35,633.0,4.755263157894737
101.0,99.0,1.0,113.35,2135.0,0.05309133489461358
99.0,95.0,1.0,97.82,225.0,0.4347555555555555
95.0,5.0,1.0,39.38,1314.0,0.02996955859969559
49.0,32.0,1.0,104.89,23305.0,0.004500750911821497
32.0,95.0,1.0,87.51,1081.0,0.08095282146160962
95.0,101.0,2.0,90.35,859.0,0.20722477064220182
95.0,84.0,1.0,76.73,564.0,0.13604609929078015
84.0,22.0,1.0,146.05,2643.0,0.05525917517972002
22.0,95.0,2.0,157.9,1471.0,0.14148745519713263
22.0,5.0,1.0,121.22,8340.0,0.014534772182254196
5.0,95.0,2.0,39.38,3221.5,0.05127604166666667
5.0,101.0,2.0,82.63,2401.5,0.039783341357727486
88.0,5.0,1.0,91.38,14057.0,0.006500675819876218
5.0,101.0,3.0,82.63,2133.0,0.11638028169014084
101.0,95.0,1.0,90.35,5538.0,0.01631455399061033
95.0,5.0,2.0,39.38,4198.0,0.010357706470278802
5.0,22.0,1.0,121.22,839.0,0.14448152562574493
22.0,95.0,4.0,157.9,2008.0,1.462037037037037
95.0,105.0,1.0,212.35,1927.0,0.11019719771665802
105.0,5.0,1.0,173.49,3163.0,0.05484982611444831
101.0,84.0,3.0,29.03,6955.666666666667,0.017362440191387562
84.0,22.0,1.0,146.05,2532.0,0.05768167456556082
22.0,101.0,1.0,174.47,12148.0,0.01436203490286467
84.0,49.0,2.0,60.58,2310.5,0.12542443064182193
84.0,95.0,2.0,76.73,2894.5,0.046084084084084084
84.0,5.0,8.0,58.5,65.0,19.5
5.0,120.0,3.0,44.14,15.333333333333334,6.305714285714286
5.0,54272.0,7.0,117.96,50.714285714285715,29.49
54272.0,120.0,1.0,87.21,14.0,6.229285714285714
5.0,88.0,2.0,91.38,71.5,2.538333333333333
84.0,101.0,4.0,29.03,6.5,7.2575
99.0,54272.0,11.0,59.51,647.3636363636364,11.902
54272.0,33.0,2.0,12.51,1096.0,0.050443548387096776
54272.0,105.0,6.0,59.57,563.8333333333334,14.8925
54272.0,120.0,2.0,87.21,970.0,174.42
84.0,101.0,3.0,29.03,3259.3333333333335,0.22858267716535435
101.0,105.0,2.0,207.37,383.5,0.8228968253968254
101.0,5.0,1.0,82.63,409.0,0.2020293398533007
5.0,22.0,1.0,121.22,291.0,0.4165635738831615
22.0,95.0,1.0,157.9,2665.0,0.05924953095684803
95.0,101.0,4.0,90.35,1949.5,0.2352864583333333
95.0,32.0,1.0,87.51,1861.0,0.047023105857066094
2552.0,91020.0,2.0,27.07,30.5,9.023333333333333
2552.0,95.0,2.0,64.62,4.0,32.31
2552.0,9048.0,10.0,84.17,595.4,42.085
2552.0,49.0,1.0,90.97,1.0,90.97
49.0,9048.0,10.0,62.64,6.2,15.66
2552.0,88.0,2.0,11.37,3786.0,0.026441860465116276
2552.0,13.0,1.0,11.52,8747.0,0.001317022979307191
13.0,5.0,2.0,114.24,994.0,10.385454545454545
5.0,2552.0,1.0,102.73,2.0,51.365
9048.0,13.0,7.0,95.68,44.57142857142857,95.68
9048.0,22.0,2.0,138.33,13.0,23.055000000000003
9048.0,33.0,1.0,132.97,71.0,1.8728169014084506
33.0,22.0,6.0,24.53,6.833333333333333,24.53
22.0,32.0,2.0,88.88,64.5,1.5324137931034483
32.0,33.0,1.0,74.92,6.0,12.486666666666666
32.0,120.0,1.0,54.21,72.0,0.7529166666666667
120.0,33.0,1.0,88.04,115.0,0.7655652173913045
33.0,13.0,1.0,223.7,5282.0,0.04235138205225293
5.0,49.0,1.0,73.03,5.0,14.606
95.0,88.0,4.0,53.3,1900.5,0.6580246913580247
95.0,5.0,2.0,39.38,2194.0,0.035192135835567476
95.0,49.0,1.0,55.08,6969.0,0.00790357296599225
33.0,66.0,1.0,211.28,52.0,4.063076923076923
66.0,88.0,1.0,412.31,14252.0,0.028929974740387315
88.0,10312.0,1.0,146.3,473.0,0.30930232558139537
10312.0,120.0,6.0,36.66,980.6666666666666,73.32
10312.0,54272.0,3.0,58.05,10747.333333333334,7.25625
10312.0,95.0,5.0,97.99,8.0,195.98
95.0,84.0,1.0,76.73,3.0,25.576666666666668
84.0,10312.0,3.0,89.05,60.0,44.525
10312.0,99.0,10.0,6.09,60.9,1.5225
95.0,22.0,4.0,157.9,2578.5,0.39573934837092734
95.0,88.0,3.0,53.3,617.0,17.766666666666666
88.0,22.0,1.0,202.54,2.0,101.27
95.0,49.0,4.0,55.08,2022.25,0.09304054054054053
22.0,33.0,2.0,24.53,98.0,24.53
22.0,5.0,1.0,121.22,399.0,0.3038095238095238
5.0,95.0,3.0,39.38,603.6666666666666,39.38
95.0,92.0,2.0,156.67,201.5,0.779452736318408
88.0,26858.0,1.0,26.87,235.0,0.1143404255319149
26858.0,49.0,2.0,65.32,5.0,13.063999999999998
26858.0,92.0,2.0,150.18,6.5,25.03
26858.0,13.0,4.0,49.67,12.5,9.934000000000001
26858.0,95.0,1.0,26.44,4101.0,0.006447207998049257
99.0,5.0,1.0,59.06,7385.0,0.007997291807718349
5.0,22.0,2.0,121.22,247.0,0.5270434782608696
5.0,88.0,3.0,91.38,2028.0,0.057652996845425866
88.0,101.0,3.0,132.74,1377.0,1.276346153846154
101.0,32.0,1.0,86.22,656.0,0.1314329268292683
32.0,95.0,3.0,87.51,1481.0,0.07137846655791191
95.0,88.0,2.0,53.3,1109.5,0.048631386861313866
88.0,32.0,2.0,140.16,425.0,0.3631088082901554
95.0,5.0,2.0,39.38,5637.5,0.010017807173747138
99.0,95.0,1.0,97.82,9807.0,0.00997450800448659
95.0,5.0,2.0,39.38,201.5,0.23301775147928996
5.0,105.0,3.0,173.49,989.0,0.6354945054945055
5.0,88.0,1.0,91.38,3570.0,0.025596638655462182
88.0,22.0,2.0,202.54,1783.0,0.23606060606060605
22.0,95.0,4.0,157.9,2061.0,0.8267015706806283
95.0,105.0,1.0,212.35,1499.0,0.14166110740493662
5.0,22.0,2.0,121.22,2373.5,0.2429258517034068
88.0,95.0,1.0,53.3,1208.0,0.04412251655629139
99.0,95.0,2.0,97.82,1774.5,0.15260530421216847
95.0,22.0,1.0,157.9,3493.0,0.04520469510449471
22.0,88.0,2.0,202.54,5117.0,0.05500814774579033
88.0,5.0,1.0,91.38,1560.0,0.058576923076923075
5.0,22.0,2.0,121.22,2629.0,0.0658804347826087
22.0,84.0,1.0,146.05,1535.0,0.09514657980456027
84.0,95.0,1.0,76.73,22.0,3.487727272727273
95.0,88.0,1.0,53.3,2490.0,0.02140562248995984
88.0,105.0,1.0,260.65,485.0,0.5374226804123711
105.0,32.0,1.0,130.85,2035.0,0.06429975429975429
32.0,22.0,1.0,88.88,2063.0,0.04308288899660688
22.0,99.0,1.0,64.39,1086.0,0.05929097605893186
95.0,101.0,1.0,90.35,320.0,0.28234375
101.0,5.0,1.0,82.63,214.0,0.38612149532710277
5.0,32.0,1.0,48.84,4840.0,0.010090909090909091
32.0,88.0,1.0,140.16,4274.0,0.03279363593823116
5.0,95.0,1.0,39.38,7238.0,0.005440729483282675
95.0,54272.0,3.0,155.73,7252.0,31.145999999999997
54272.0,32.0,2.0,81.87,3396.5,4.548333333333334
54272.0,5.0,3.0,117.96,20.0,23.592
5.0,32.0,7.0,48.84,7.285714285714286,48.84
95.0,5.0,2.0,39.38,5751.0,0.017827071072883657
5.0,88.0,2.0,91.38,2107.5,0.6870676691729323
95.0,101.0,3.0,90.35,2133.3333333333335,0.8288990825688073
95.0,49.0,2.0,55.08,2448.0,0.08040875912408758
101.0,88.0,1.0,132.74,1260.0,0.10534920634920636
88.0,22.0,3.0,202.54,4587.0,0.2437304452466907
22.0,5.0,2.0,121.22,1732.0,0.126008316008316
22.0,84.0,2.0,146.05,3019.5,0.08150111607142858
22.0,120.0,1.0,86.98,1294.0,0.06721792890262751
120.0,101.0,1.0,122.42,4841.0,0.025288163602561455
101.0,95.0,1.0,90.35,488.0,0.18514344262295082
95.0,88.0,1.0,53.3,11523.0,0.004625531545604443
88.0,66.0,1.0,412.31,286.0,1.4416433566433566
66.0,5.0,1.0,325.65,18.0,18.091666666666665
5.0,120.0,1.0,44.14,19.0,2.323157894736842
120.0,95.0,1.0,73.6,12.0,6.133333333333333
95.0,32.0,1.0,87.51,1.0,87.51
32.0,13.0,1.0,163.03,19.0,8.580526315789474
13.0,5.0,1.0,114.24,7.0,16.32
5.0,49.0,3.0,73.03,12.0,8.114444444444445
49.0,95.0,1.0,55.08,3.0,18.36
95.0,5.0,4.0,39.38,0.25,78.76
5.0,22.0,2.0,121.22,6.5,20.203333333333333
95.0,22.0,1.0,157.9,6.0,26.316666666666666
22.0,33.0,1.0,24.53,0.0,49.06
33.0,66.0,1.0,211.28,23.0,9.18608695652174
101.0,99.0,1.0,113.35,809.0,0.14011124845488257
99.0,22.0,1.0,64.39,242.0,0.2660743801652893
22.0,95.0,1.0,157.9,3823.0,0.04130264190426367
95.0,101.0,2.0,90.35,2243.5,0.04718015665796344
95.0,5.0,2.0,39.38,5534.5,0.024551122194513716
5.0,22.0,2.0,121.22,3228.0,0.10281594571670907
22.0,95.0,1.0,157.9,373.0,0.42332439678284184
95.0,101.0,3.0,90.35,2133.6666666666665,0.6023333333333333
101.0,22.0,1.0,174.47,2965.0,0.058843170320404724
22.0,5.0,2.0,121.22,3147.0,0.0808672448298866
5.0,95.0,2.0,39.38,435.5,1.0363157894736843
5.0,101.0,2.0,82.63,4212.0,0.03245483110761979
88.0,22.0,2.0,202.54,1218.5,0.5737677053824363
22.0,5.0,2.0,121.22,508.0,1.3933333333333333
22.0,95.0,3.0,157.9,1243.6666666666667,0.19987341772151898
95.0,101.0,2.0,90.35,1868.5,0.11856955380577427
95.0,88.0,1.0,53.3,966.0,0.055175983436852996
5.0,120.0,1.0,44.14,10106.0,0.004367702355036612
120.0,22.0,3.0,86.98,1695.6666666666667,0.08985537190082644
120.0,99.0,2.0,40.56,2831.0,0.019594202898550725
66.0,22.0,1.0,210.79,209.0,1.0085645933014353
22.0,33.0,1.0,24.53,2.0,12.265
33.0,120.0,1.0,88.04,7.0,12.577142857142858
120.0,22.0,1.0,86.98,409.0,0.21266503667481665
22.0,96.0,1.0,150.17,389.0,0.38604113110539845
96.0,66.0,2.0,64.72,104.5,129.44
96.0,5.0,1.0,261.85,611.0,0.4285597381342063
5.0,95.0,1.0,39.38,2200.0,0.017900000000000003
5.0,95.0,7.0,39.38,2062.714285714286,0.5877611940298508
95.0,22.0,6.0,157.9,1210.8333333333333,0.27750439367311075
95.0,32.0,1.0,87.51,443.0,0.19753950338600454
32.0,22.0,1.0,88.88,850.0,0.10456470588235293
22.0,84.0,1.0,146.05,990.0,0.14752525252525253
84.0,95.0,1.0,76.73,4304.0,0.017827602230483273
105.0,33.0,1.0,59.19,11656.0,0.0050780713795470145
33.0,22.0,1.0,24.53,196.0,0.1251530612244898
22.0,96.0,1.0,150.17,15.0,10.011333333333333
96.0,66.0,1.0,64.72,1.0,64.72
33.0,105.0,1.0,59.19,8.0,7.39875
105.0,9048.0,1.0,191.95,195.0,0.9843589743589743
9048.0,13.0,2.0,95.68,3601.0,4.34909090909091
9048.0,84.0,1.0,65.56,3997.0,0.01640230172629472
84.0,99.0,1.0,84.36,1911.0,0.044144427001569855
99.0,5.0,1.0,59.06,1968.0,0.030010162601626016
5.0,9048.0,1.0,18.86,26.0,0.7253846153846154
9048.0,33.0,1.0,132.97,18.0,7.387222222222222
33.0,66.0,1.0,211.28,236.0,0.8952542372881356
95.0,66.0,1.0,364.53,145.0,2.514
66.0,22.0,1.0,210.79,33.0,6.387575757575758
22.0,120.0,3.0,86.98,6.666666666666667,14.496666666666668
120.0,88.0,1.0,115.57,17.0,6.798235294117647
88.0,13.0,6.0,22.87,12.833333333333334,11.435
5.0,95.0,3.0,39.38,56.666666666666664,78.76
95.0,84.0,7.0,76.73,6.285714285714286,15.346
84.0,88.0,1.0,126.06,440.0,0.28650000000000003
88.0,5.0,1.0,91.38,10.0,9.138
33.0,13003.0,1.0,26.3,1.0,26.3
13003.0,5.0,2.0,89.18,4.0,22.295
9048.0,84.0,2.0,65.56,19.5,21.853333333333335
9048.0,99.0,4.0,77.41,13.25,19.3525
5.0,72974.0,1.0,43.97,1.0,43.97
72974.0,14840.0,41.0,36.06,7.585365853658536,72.12
14840.0,45476.0,6037.0,9.85,7.726685439787974,19.7
14840.0,49097.0,369.0,58.31,9.214092140921409,116.62
45476.0,49097.0,292.0,48.55,7.571917808219178,97.1
45476.0,79123.0,2.0,40.31,5.0,40.31
79123.0,14840.0,10.0,31.02,8.5,31.02
14840.0,99.0,43.0,57.0,5.627906976744186,57.0
99.0,45476.0,28.0,66.81,7.285714285714286,66.81
49097.0,99.0,1.0,114.6,9.0,12.733333333333333
5.0,2344.0,1.0,29.56,1.0,29.56
2344.0,49.0,6.0,102.08,3.5,204.16
2344.0,33.0,4.0,88.06,3.25,176.12
2344.0,17079.0,1.0,78.77,1.0,78.77
17079.0,37717.0,2920.0,27.86,5.657876712328767,55.72
37717.0,34943.0,2456.0,38.95,6.625814332247557,77.9
34943.0,17079.0,2021.0,65.73,10.249876298861949,131.46
37717.0,13.0,1.0,86.7,7.0,12.385714285714286
13.0,34943.0,2.0,122.41,5.5,40.803333333333335
34943.0,84.0,1.0,78.14,20.0,3.907
84.0,17079.0,1.0,93.79,3.0,31.263333333333335
17079.0,32.0,7.0,103.85,3.857142857142857,51.925
13.0,17079.0,1.0,59.18,4.0,14.795
37717.0,32.0,10.0,76.56,3.1,153.12
32.0,105.0,1.0,130.85,7.0,18.692857142857143
105.0,37717.0,1.0,198.45,3.0,66.14999999999999
37717.0,33.0,2.0,139.29,0.5,278.58
34943.0,32.0,5.0,49.53,4.6,24.765
34943.0,49.0,5.0,95.67,8.6,23.9175
49.0,37717.0,2.0,66.48,3.5,66.48
49.0,17079.0,3.0,63.87,8.666666666666666,15.9675
17079.0,33.0,1.0,166.83,3.0,55.61000000000001
33.0,34943.0,1.0,101.41,1.0,101.41
17079.0,101.0,9.0,105.44,1.2222222222222223,105.44
101.0,32.0,1.0,86.22,2.0,43.11
101.0,37717.0,8.0,93.96,2.75,46.98
23449.0,9048.0,1.0,78.64,5151.0,0.015266938458551737
9048.0,88.0,7.0,72.81,36.285714285714285,72.81
88.0,84.0,4.0,126.06,8.0,15.7575
84.0,9048.0,4.0,65.56,3.25,65.56
88.0,66331.0,9.0,98.89,2.3333333333333335,197.78
66331.0,84.0,4.0,70.04,5.0,17.51
66331.0,5.0,1.0,15.6,37010.0,0.00042150770062145365
41841.0,20333.0,3.0,15.65,2.0,31.3
20333.0,22.0,2.0,163.44,6.5,163.44
20333.0,92.0,8.0,156.88,16.25,313.76
20333.0,13.0,75.0,70.46,29.12,35.23
13.0,54272.0,1.0,224.05,270.0,0.8298148148148149
54272.0,20333.0,16.0,161.4,173.0,161.4
54272.0,105.0,7.0,59.57,82.57142857142857,11.914
54272.0,32.0,6.0,81.87,7.0,81.87
32.0,84.0,1.0,57.42,70.0,0.8202857142857143
84.0,20333.0,1.0,80.79,2.0,40.395
20333.0,32.0,9.0,93.32,87.77777777777777,186.64
32.0,13.0,2.0,163.03,471.0,81.515
105.0,20333.0,1.0,218.14,3.0,72.71333333333332
54272.0,120.0,8.0,87.21,6.125,21.8025
120.0,20333.0,4.0,78.7,5.25,78.7
120.0,32.0,2.0,54.21,13.0,10.842
20333.0,99.0,2.0,103.61,6.5,25.9025
95.0,26858.0,3.0,26.44,6106.666666666667,26.44
26858.0,92.0,3.0,150.18,221.0,21.454285714285714
92.0,58086.0,5.0,150.05,15.8,37.5125
58086.0,5.0,4.0,88.83,409.25,177.66
5.0,99.0,2.0,59.06,6.5,19.686666666666667
58086.0,26858.0,3.0,24.19,11348.333333333334,0.007559375
95.0,39006.0,1.0,7.2,91.0,0.07912087912087912
39006.0,54955.0,1.0,43.86,17.0,2.58
54955.0,99.0,12.0,60.74,5.25,121.48
54955.0,49.0,8.0,91.14,4.25,91.14
22.0,17869.0,1.0,43.63,496.0,0.08796370967741936
17869.0,32.0,19.0,50.1,144.47368421052633,10.02
17869.0,105.0,2.0,99.97,26.0,5.261578947368421
32.0,23449.0,1.0,38.55,133.0,0.28984962406015036
23449.0,32456.0,1.0,18.36,171.0,0.10736842105263157
32456.0,44168.0,20.0,14.14,15.85,3.535
32456.0,44615.0,12.0,61.55,23.583333333333332,15.3875
32456.0,88.0,48.0,127.37,30.625,254.74
32456.0,96372.0,2.0,45.04,6.5,45.04
32456.0,95.0,2.0,80.44,2022.0,40.22
32456.0,14602.0,1.0,13.04,38.0,0.3431578947368421
14602.0,75047.0,306.0,22.47,21.333333333333332,44.94
14602.0,85722.0,255.0,7.62,11.36078431372549,15.24
85722.0,75047.0,162.0,14.87,18.561728395061728,29.74
85722.0,88.0,10.0,140.12,3.5,280.24
14602.0,33.0,32.0,68.07,3.28125,136.14
75047.0,88.0,12.0,150.63,1.6666666666666667,301.26
14602.0,88.0,8.0,134.7,6.25,269.4
75047.0,33.0,54.0,51.2,18.14814814814815,102.4
33.0,85722.0,28.0,61.76,19.392857142857142,30.88
88.0,33.0,2.0,201.51,0.5,403.02
75047.0,84.0,7.0,98.98,5.0,98.98
84.0,14602.0,4.0,77.41,1.25,154.82
84.0,85722.0,15.0,84.57,1.6666666666666667,84.57
33.0,54112.0,1.0,31.45,143.0,0.21993006993006992
54112.0,54272.0,3.0,30.36,10982.666666666666,0.11632183908045977
54272.0,96.0,2.0,148.09,727.0,6.170416666666667
54272.0,99.0,6.0,59.51,23.5,9.918333333333333
54112.0,99.0,2.0,87.01,13.0,12.430000000000001
29813.0,95.0,7.0,67.12,247.57142857142858,1.8140540540540542
29813.0,8318.0,5.0,26.4,202.2,5.279999999999999
95.0,8318.0,10.0,93.33,141.0,186.66
29813.0,5.0,1.0,28.26,4479.0,0.006309444072337576
5.0,120.0,4.0,44.14,348.0,0.9595652173913044
120.0,8318.0,6.0,36.95,282.8333333333333,36.95
8318.0,5.0,5.0,54.66,919.2,27.33
5.0,88.0,3.0,91.38,226.66666666666666,0.6922727272727273
88.0,120.0,2.0,115.57,4.0,38.52333333333333
8318.0,88.0,2.0,142.68,905.0,0.22683624801271862
95.0,88.0,1.0,53.3,1.0,53.3
5.0,32.0,3.0,48.84,2776.0,4.44
32.0,8318.0,1.0,26.39,3.0,8.796666666666667
95.0,32.0,3.0,87.51,3124.3333333333335,87.51
5.0,95.0,3.0,39.38,4.666666666666667,39.38
8318.0,22.0,1.0,68.16,12787.0,0.0053304137014154995
22.0,5.0,1.0,121.22,7.0,17.31714285714286
22.0,63422.0,1.0,80.36,248.0,0.32403225806451613
63422.0,25121.0,151.0,50.33,20.56953642384106,50.33
25121.0,93354.0,1.0,38.42,26.0,1.4776923076923079
93354.0,63422.0,594.0,12.04,16.043771043771045,24.08
93354.0,91636.0,10.0,96.04,10.4,16.006666666666668
63422.0,91636.0,1.0,107.62,25.0,4.3048
91636.0,5135.0,1.0,14.87,13.0,1.1438461538461537
5135.0,93354.0,8.0,81.88,88.0,16.375999999999998
5135.0,63422.0,1.0,93.3,1.0,93.3
93354.0,105.0,22.0,124.84,13.818181818181818,31.21
105.0,63422.0,2.0,135.98,1.0,135.98
95.0,9048.0,1.0,20.55,17094.0,0.0012021762021762023
9048.0,5.0,2.0,18.86,3099.5,37.72
9048.0,22.0,2.0,138.33,6.5,34.5825
9048.0,52367.0,2.0,31.06,11417.0,0.0069361322018758375
52367.0,22.0,2.0,162.73,436.0,0.39306763285024154
91020.0,39208.0,9.0,29.73,3071.222222222222,59.46
39208.0,13.0,24.0,66.48,27.583333333333332,132.96
39208.0,120.0,3.0,89.85,6.0,22.4625
39208.0,13397.0,8.0,135.37,5.625,67.685
39208.0,32.0,39.0,100.58,10.974358974358974,201.16
120.0,32.0,1.0,54.21,1.0,54.21
32.0,54272.0,6.0,81.87,3.3333333333333335,81.87
54272.0,120.0,4.0,87.21,6.0,87.21
54272.0,39208.0,25.0,171.33,1040.24,342.66
54272.0,96.0,2.0,148.09,6.5,148.09
39208.0,92.0,56.0,166.07,12.678571428571429,332.14
39208.0,99.0,16.0,112.91,2.8125,112.91
92.0,99.0,1.0,170.52,4.0,42.63
39208.0,13003.0,16.0,142.8,2.75,142.8
13003.0,13.0,1.0,197.39,1.0,197.39
13003.0,87123.0,1.0,10.2,6.0,1.7
87123.0,39208.0,16.0,136.24,1.6875,272.48
39208.0,70233.0,18.0,100.5,2.2222222222222223,100.5
70233.0,84.0,7.0,87.48,0.0,174.96
84.0,87123.0,1.0,110.25,2.0,55.125
32.0,87123.0,4.0,52.91,2.0,26.455
87123.0,99.0,4.0,26.52,6.5,5.304
99.0,54272.0,13.0,59.51,5.923076923076923,11.902
54272.0,70233.0,23.0,71.28,5.6521739130434785,23.76
70233.0,32.0,2.0,37.62,2.0,18.81
54272.0,84.0,1.0,138.37,6.0,23.061666666666667
39208.0,84.0,3.0,81.21,2.3333333333333335,40.605
13.0,92.0,3.0,154.36,1.6666666666666667,154.36
95.0,69143.0,1.0,89.66,7864.0,0.011401322482197355
69143.0,9048.0,1.0,70.01,10284.0,0.006807662388175807
9048.0,33.0,1.0,132.97,158.0,0.8415822784810126
33.0,69143.0,1.0,65.3,1.0,65.3
69143.0,3236.0,10.0,101.24,617.6,101.24
3236.0,13.0,4.0,60.17,5.0,20.05666666666667
3236.0,52367.0,8.0,41.4,1.5,41.4
69143.0,88.0,4.0,136.3,4.0,272.6
69143.0,63110.0,3.0,32.76,20.333333333333332,10.92
63110.0,22.0,5.0,100.36,383.8,50.18
63110.0,9048.0,2.0,39.12,19117.0,0.5358904109589041
63110.0,32.0,4.0,33.62,1.0,33.62
63110.0,120.0,5.0,30.15,16.4,60.3
22.0,120.0,1.0,86.98,6.0,14.496666666666668
63110.0,49.0,1.0,92.01,8.0,11.50125
49.0,9048.0,1.0,62.64,46.0,1.3617391304347826
9048.0,88.0,2.0,72.81,2.0,72.81
95.0,46396.0,1.0,30.42,131.0,0.23221374045801527
46396.0,13.0,2.0,46.03,4602.0,9.206
46396.0,84932.0,4.0,12.65,3318.5,6.325
46396.0,88.0,2.0,23.16,1104.5,4.632
46396.0,99.0,4.0,124.54,15.0,62.27
101.0,51552.0,1.0,36.58,287.0,0.12745644599303135
51552.0,5.0,1.0,47.71,954.0,0.050010482180293504
5.0,22.0,1.0,121.22,4.0,30.305
22.0,120.0,1.0,86.98,5.0,17.396
120.0,5.0,1.0,44.14,4.0,11.035
5.0,33.0,1.0,114.67,4.0,28.6675
33.0,51552.0,1.0,141.53,176.0,0.8041477272727273
51552.0,22.0,2.0,154.38,10176.5,0.1445505617977528
95.0,22.0,1.0,157.9,393.0,0.40178117048346057
22.0,33.0,1.0,24.53,12.0,2.044166666666667
33.0,95.0,1.0,153.3,4541.0,0.03375908390222418
95.0,32.0,2.0,87.51,1804.5,0.05462546816479401
32.0,9048.0,4.0,67.38,1158.0,0.3239423076923077
9048.0,95.0,1.0,20.55,6822.0,0.0030123131046613898
32.0,5.0,4.0,48.84,553.25,0.4246956521739131
9048.0,22.0,6.0,138.33,127.5,276.66
33.0,13003.0,1.0,26.3,273.0,0.09633699633699634
13003.0,105.0,2.0,85.44,71.5,17.088
13003.0,54272.0,1.0,29.07,3618.0,0.008034825870646765
22.0,49081.0,1.0,43.04,235.0,0.18314893617021277
49081.0,54272.0,1.0,42.54,11911.0,0.0035714885400050375
54272.0,99.0,20.0,59.51,856.55,9.918333333333333
54272.0,33.0,1.0,12.51,2420.0,0.005169421487603305
33.0,22.0,1.0,24.53,2306.0,0.010637467476149177
22.0,54272.0,1.0,12.05,12.0,1.0041666666666667
99.0,49081.0,10.0,27.22,47.5,4.536666666666666
9048.0,72974.0,3.0,60.14,7445.666666666667,0.08399441340782123
72974.0,88.0,8.0,126.02,121.625,126.02
9048.0,95.0,2.0,20.55,1554.0,0.3261904761904762
72974.0,95.0,1.0,79.58,11183.0,0.00711615845479746
13.0,32911.0,1.0,35.05,13.0,2.696153846153846
32911.0,28385.0,187.0,38.47,77.9144385026738,76.94
63927.0,17086.0,12.0,30.68,65.5,7.67
17086.0,5.0,25.0,103.39,118.04,51.695
5.0,63927.0,1.0,75.51,1.0,75.51
17086.0,120.0,82.0,75.07,227.59756097560975,150.14
5.0,32.0,3.0,48.84,85.33333333333333,8.14
32.0,17086.0,30.0,66.64,33.1,133.28
5.0,120.0,6.0,44.14,97.83333333333333,6.305714285714286
5.0,95.0,3.0,39.38,4.666666666666667,39.38
95.0,32.0,1.0,87.51,316.0,0.2769303797468355
120.0,32.0,2.0,54.21,4.0,13.5525
95.0,22.0,2.0,157.9,317.5,1.2632
95.0,9048.0,2.0,20.55,13944.0,0.0028391820945012436
9048.0,22.0,2.0,138.33,892.0,0.1902751031636864
9048.0,88.0,2.0,72.81,91.5,6.0675
95.0,79100.0,1.0,45.99,1005.0,0.045761194029850745
79100.0,69143.0,1.0,73.05,8020.0,0.009108478802992518
69143.0,99.0,2.0,16.78,220.5,8.39
69143.0,88.0,2.0,136.3,161.5,0.9598591549295775
69143.0,27439.0,1.0,112.51,4400.0,0.025570454545454546
27439.0,79100.0,6.0,73.98,2063.6666666666665,73.98
79100.0,5.0,2.0,28.06,1529.0,0.10240875912408759
27439.0,99.0,4.0,122.71,507.25,0.5358515283842794
79100.0,99.0,2.0,73.15,26.0,10.450000000000001
27439.0,9048.0,1.0,47.68,2109.0,0.02260787102892366
33.0,54272.0,3.0,12.51,833.6666666666666,6.255
54272.0,105.0,8.0,59.57,147.875,14.8925
54272.0,120.0,2.0,87.21,548.0,9.69
5.0,49113.0,2.0,20.65,12.0,2.2944444444444443
49113.0,35252.0,3.0,27.07,13599.0,0.0033812140894329255
35252.0,99.0,2.0,100.14,1.5,200.28
35252.0,5.0,1.0,41.22,3020.0,0.013649006622516556
49113.0,77391.0,3.0,78.64,9.0,19.66
77391.0,71721.0,1.0,65.86,4651.0,0.014160395613846485
71721.0,95.0,1.0,54.22,3.0,18.073333333333334
95.0,77391.0,5.0,99.37,5.0,49.685
77391.0,99.0,2.0,3.36,1.5,6.72
77391.0,5.0,1.0,60.36,3592.0,0.01680400890868597
88.0,84932.0,1.0,10.78,0.0,21.56
84932.0,95.0,2.0,42.53,6263.5,0.8506
84932.0,5.0,4.0,80.82,3.25,80.82
88.0,29992.0,63.0,65.95,79.03174603174604,131.9
29992.0,9048.0,1.0,18.03,14173.0,0.0012721371622098356
9048.0,49.0,1.0,62.64,5492.0,0.011405680990531682
49.0,29992.0,1.0,45.36,26.0,1.7446153846153847
29992.0,4313.0,10.0,37.74,6.4,75.48
4313.0,13.0,2.0,59.88,8.0,7.485
13.0,29992.0,2.0,88.25,3.0,29.416666666666668
88.0,92951.0,3.0,74.42,5.666666666666667,18.605
92951.0,29992.0,49.0,111.02,18.6734693877551,111.02
88.0,92.0,2.0,149.17,39.0,37.2925
88.0,105.0,1.0,260.65,10.0,26.064999999999998
105.0,29992.0,7.0,206.42,7.571428571428571,412.84
88.0,26858.0,1.0,26.87,0.0,53.74
26858.0,95.0,1.0,26.44,3030.0,0.008726072607260726
95.0,5.0,1.0,39.38,7.0,5.625714285714286
5.0,26858.0,3.0,64.81,89.66666666666667,64.81
26858.0,92.0,6.0,150.18,923.8333333333334,300.36
92071.0,51552.0,5.0,11.7,133.6,11.7
51552.0,22615.0,2.0,19.42,2428.0,0.010818941504178274
22615.0,92071.0,2.0,12.0,26.0,0.48
51552.0,5.0,1.0,47.71,1.0,47.71
5.0,99.0,2.0,59.06,6.5,19.686666666666667
5.0,33.0,2.0,114.67,16.0,57.335
33.0,22.0,1.0,24.53,6041.0,0.004060585995696077
22.0,120.0,1.0,86.98,1.0,86.98
120.0,51552.0,1.0,90.21,5577.0,0.01617536309844002
51552.0,84.0,1.0,23.91,11283.0,0.002119117256048923
84.0,96.0,1.0,264.4,81.0,3.2641975308641973
96.0,66.0,2.0,64.72,15309.0,32.36
96.0,5.0,1.0,261.85,120.0,2.1820833333333334
33.0,22615.0,1.0,159.96,124.0,1.29
13.0,89441.0,1.0,31.57,1.0,31.57
89441.0,5.0,2.0,82.76,450.0,20.69
89441.0,88.0,2.0,8.78,1030.5,0.03512
89441.0,91020.0,1.0,7.0,2720.0,0.002573529411764706
95.0,90040.0,2.0,79.03,9244.0,0.015717979315831344
90040.0,26858.0,2.0,75.03,1801.5,0.18036057692307692
95.0,26858.0,1.0,26.44,170.0,0.1555294117647059
26858.0,72897.0,1.0,39.56,286.0,0.13832167832167833
72897.0,49.0,8.0,103.92,10.25,51.96
72897.0,90040.0,1.0,39.85,873.0,0.04564719358533792
90040.0,88.0,8.0,81.11,6.5,40.555
95.0,64102.0,1.0,27.07,38939.0,0.0006951899124271296
64102.0,49.0,1.0,28.02,9040.0,0.0030995575221238938
49.0,13.0,1.0,99.52,100.0,0.9952
13.0,64102.0,3.0,84.32,5.666666666666667,21.08
64102.0,5.0,2.0,51.2,4.0,12.8
49.0,9048.0,1.0,62.64,894.0,0.07006711409395973
9048.0,95.0,3.0,20.55,3874.6666666666665,0.022582417582417583
95.0,5.0,2.0,39.38,8540.5,0.010951056729699668
9048.0,88.0,5.0,72.81,1236.8,72.81
95.0,88.0,1.0,53.3,1912.0,0.027876569037656902
95.0,84932.0,1.0,42.53,19441.0,0.0021876446684841316
84932.0,5.0,2.0,80.82,1533.0,3.8485714285714283
49.0,95.0,19.0,55.08,775.7894736842105,9.18
49.0,5.0,2.0,73.03,137.0,36.515
95.0,84.0,2.0,76.73,4081.5,0.4310674157303371
5.0,95.0,3.0,39.38,5261.0,0.013454048513836693
95.0,63110.0,1.0,59.55,0.0,119.1
63110.0,9048.0,1.0,39.12,5059.0,0.007732753508598537
9048.0,13.0,2.0,95.68,49.0,7.973333333333334
33.0,54272.0,3.0,12.51,2478.6666666666665,12.51
54272.0,22.0,1.0,12.05,1889.0,0.006379036527263102
22.0,33.0,1.0,24.53,2577.0,0.009518820333721381
33.0,30732.0,1.0,30.54,27.0,1.1311111111111112
30732.0,54272.0,4.0,32.14,21.0,6.428
30732.0,54112.0,5.0,6.71,62.4,1.342
54112.0,54272.0,1.0,30.36,2252.0,0.013481349911190052
54272.0,120.0,8.0,87.21,342.125,17.442
54272.0,99.0,3.0,59.51,6.333333333333333,11.902
99.0,5.0,1.0,59.06,3.0,19.686666666666667
5.0,54272.0,1.0,117.96,3479.0,0.03390629491233113
5.0,22.0,1.0,121.22,31773.0,0.003815188996947093
22.0,95.0,1.0,157.9,270.0,0.5848148148148148
95.0,5.0,1.0,39.38,245.0,0.16073469387755104
5.0,96.0,1.0,261.85,1318.0,0.1986722306525038
96.0,19.0,2.0,41.6,19.5,10.4
96.0,22.0,1.0,150.17,1030.0,0.14579611650485436
22.0,33.0,2.0,24.53,91.0,0.38936507936507936
22.0,32.0,1.0,88.88,261.0,0.34053639846743294
84.0,120.0,4.0,95.0,1455.25,47.5
84.0,79123.0,4.0,66.94,370.75,22.313333333333333
79123.0,23449.0,1.0,31.91,4598.0,0.00693997390169639
23449.0,84.0,3.0,93.7,381.0,46.85
84.0,5.0,5.0,58.5,9.8,29.25
84.0,32.0,2.0,57.42,3625.0,0.028355555555555557
120.0,5.0,3.0,44.14,4.666666666666667,44.14
120.0,23449.0,5.0,33.57,12.4,33.57
23449.0,32.0,2.0,38.55,2.0,19.275
32.0,54272.0,2.0,81.87,1.0,81.87
54272.0,23449.0,2.0,57.2,2.0,28.6
32.0,95.0,1.0,87.51,0.0,175.02
95.0,23449.0,1.0,98.54,3.0,32.84666666666667
120.0,54272.0,1.0,87.21,4.0,21.8025
120.0,32.0,1.0,54.21,3.0,18.07
54272.0,10321.0,3.0,57.49,8.666666666666666,9.581666666666667
10321.0,60297.0,3.0,43.93,6.0,87.86
60297.0,74348.0,1.0,24.04,1.0,24.04
74348.0,120.0,12.0,52.64,3.8333333333333335,105.28
74348.0,95.0,4.0,118.33,3.5,236.66
74348.0,5.0,1.0,80.43,1.0,80.43
5.0,32.0,1.0,48.84,4.0,12.21
32.0,74348.0,2.0,48.23,6.5,12.0575
32.0,89014.0,3.0,42.71,7.0,8.542
89014.0,60297.0,1.0,29.73,5.0,5.946
60297.0,79123.0,23.0,74.25,22.391304347826086,37.125
79123.0,95.0,5.0,69.35,6.6,23.116666666666664
60297.0,95.0,1.0,142.13,0.0,284.26
79123.0,32.0,1.0,26.28,3.0,8.76
32.0,60297.0,1.0,69.84,1.0,69.84
95.0,84.0,1.0,76.73,129.0,0.5948062015503877
84.0,26858.0,2.0,100.87,717.5,0.9987128712871287
26858.0,33.0,2.0,176.65,9968.0,4.774324324324325
84.0,88.0,1.0,126.06,2400.0,0.052525
88.0,26858.0,1.0,26.87,91.0,0.29527472527472526
26858.0,13.0,8.0,49.67,108.75,12.4175
13.0,9048.0,4.0,95.68,4.5,191.36
9048.0,26858.0,9.0,46.1,4.111111111111111,46.1
13.0,22.0,2.0,223.94,6.5,111.97
13.0,5.0,1.0,114.24,6.0,19.04
5.0,84.0,2.0,58.5,1074.0,0.34210526315789475
84.0,101.0,2.0,29.03,65.0,2.073571428571429
5.0,88.0,1.0,91.38,40.0,2.2845
88.0,13.0,1.0,22.87,4.0,5.7175
9048.0,22.0,1.0,138.33,18.0,7.6850000000000005
95.0,5.0,3.0,39.38,22473.666666666668,13.126666666666667
95.0,49.0,3.0,55.08,1937.0,7.868571428571428
49.0,99.0,1.0,126.11,2.0,63.055
99.0,5.0,1.0,59.06,3.0,19.686666666666667
84.0,48812.0,4.0,81.44,337.75,40.72
48812.0,92.0,35.0,151.94,6.257142857142857,151.94
48812.0,22.0,36.0,158.02,112.33333333333333,158.02
48812.0,33.0,5.0,154.2,11.6,308.4
33.0,22.0,2.0,24.53,1.0,24.53
22.0,32.0,3.0,88.88,44.0,88.88
48812.0,88.0,2.0,50.3,1113.5,0.25794871794871793
48812.0,13.0,30.0,73.15,6.766666666666667,36.575
48812.0,9048.0,2.0,22.56,4120.5,22.56
22.0,13.0,3.0,223.94,1.0,223.94
13.0,49.0,3.0,99.52,3.0,33.17333333333333
49.0,48812.0,51.0,59.56,5.392156862745098,19.853333333333335
48812.0,32.0,6.0,89.94,2.8333333333333335,89.94
22.0,120.0,2.0,86.98,8.0,10.8725
120.0,32.0,1.0,54.21,4.0,13.5525
120.0,48812.0,1.0,72.81,3.0,24.27
22.0,49.0,7.0,190.46,4.571428571428571,47.615
22.0,92.0,1.0,180.08,8388.0,0.021468764902241297
92.0,99.0,1.0,170.52,302.0,0.564635761589404
99.0,48812.0,4.0,98.92,2.0,49.46
49.0,99.0,2.0,126.11,2.0,63.055
33.0,99.0,1.0,55.62,8.0,6.9525
49.0,84.0,1.0,60.58,1.0,60.58
92.0,13.0,1.0,154.36,1.0,154.36
84.0,95.0,1.0,76.73,27307.0,0.0028099022228732563
95.0,51552.0,1.0,55.27,31.0,1.7829032258064517
51552.0,49.0,4.0,39.82,6.5,39.82
51552.0,5.0,3.0,47.71,552.0,2.271904761904762
5.0,22.0,2.0,121.22,24.0,30.305
22.0,51552.0,2.0,154.38,232.5,0.8436065573770491
5.0,33.0,1.0,114.67,43.0,2.6667441860465115
33.0,66.0,1.0,211.28,51.0,4.1427450980392155
33.0,54272.0,2.0,12.51,17121.5,0.003786319612590799
54272.0,22.0,1.0,12.05,2907.0,0.004145166838665291
22.0,105.0,1.0,63.38,5.0,12.676
105.0,54272.0,7.0,59.57,251.85714285714286,11.914
54272.0,99.0,2.0,59.51,573.0,0.31486772486772485
5.0,22.0,2.0,121.22,1946.0,24.244
22.0,32.0,3.0,88.88,23075.333333333332,44.44
32.0,5.0,2.0,48.84,6.5,24.42
5.0,120.0,2.0,44.14,494.5,22.07
32.0,95.0,1.0,87.51,0.0,175.02
95.0,88.0,1.0,53.3,0.0,106.6
88.0,22.0,1.0,202.54,3.0,67.51333333333334
72974.0,22.0,2.0,78.32,3370.0,0.11602962962962962
22.0,95.0,7.0,157.9,639.1428571428571,315.8
95.0,72974.0,2.0,79.58,1987.0,0.04542237442922374
72974.0,54467.0,1.0,27.46,2265.0,0.012123620309050773
54467.0,88.0,1.0,132.02,4209.0,0.031366120218579235
88.0,22.0,1.0,202.54,2118.0,0.09562795089707271
72974.0,88.0,3.0,126.02,551.6666666666666,63.01
72974.0,49.0,7.0,116.26,216.42857142857142,29.065
72974.0,61153.0,7.0,42.3,333.42857142857144,2.488235294117647
95.0,49.0,2.0,55.08,6.5,11.016
95.0,88.0,3.0,53.3,204.0,0.2733333333333333
88.0,92.0,1.0,149.17,799.0,0.1866958698372966
92.0,95.0,2.0,156.67,98.0,39.1675
92.0,13.0,1.0,154.36,193.0,0.7997927461139898
13.0,88.0,1.0,22.87,9.0,2.5411111111111113
88.0,5.0,2.0,91.38,98.0,91.38
49.0,99.0,1.0,126.11,2.0,63.055
99.0,61153.0,2.0,44.16,97.5,14.719999999999999
61153.0,32.0,5.0,23.27,364.0,23.27
32.0,120.0,1.0,54.21,11.0,4.928181818181819
120.0,4650.0,1.0,37.99,1.0,37.99
4650.0,32.0,1.0,28.89,1.0,28.89
32.0,72974.0,2.0,38.93,403.0,0.097325
72974.0,33.0,2.0,75.55,98.0,25.183333333333334
33.0,4650.0,2.0,94.92,104.0,9.492
72974.0,99.0,1.0,24.26,6.0,4.043333333333334
99.0,88.0,2.0,147.2,3.0,49.06666666666666
88.0,61153.0,1.0,118.63,0.0,237.26
88.0,32.0,1.0,140.16,939.0,0.14926517571884984
61153.0,4650.0,1.0,15.0,8.0,1.875
4650.0,71721.0,7.0,31.06,5.142857142857143,15.53
71721.0,101.0,1.0,54.68,4.0,13.67
101.0,4650.0,1.0,84.87,3.0,28.290000000000003
4650.0,54467.0,1.0,20.25,45.0,0.45
54467.0,71721.0,2.0,43.42,6.5,21.71
54467.0,101.0,7.0,91.58,5.428571428571429,22.895
54467.0,5.0,24.0,40.95,9.833333333333334,81.9
101.0,95.0,1.0,90.35,40.0,2.25875
95.0,54467.0,15.0,80.3,93.6,80.3
5.0,95.0,3.0,39.38,2.6666666666666665,19.69
54467.0,120.0,1.0,42.24,5.0,8.448
120.0,5.0,1.0,44.14,4.0,11.035
95.0,1652.0,1.0,83.71,6802.0,0.012306674507497794
1652.0,26858.0,3.0,75.5,2337.6666666666665,7.55
1652.0,58086.0,10.0,77.52,1290.6,77.52
1652.0,92.0,2.0,74.69,12328.0,0.26770609318996413
95.0,3236.0,1.0,16.64,52248.0,0.00031848109018527024
3236.0,99.0,2.0,110.97,13.0,13.87125
3236.0,49.0,2.0,63.4,31.0,2.4384615384615382
13.0,39236.0,1.0,44.59,13711.0,0.0032521333236087816
39236.0,5.0,19.0,69.9,7.473684210526316,69.9
39236.0,49.0,11.0,67.66,5.7272727272727275,16.915
49.0,5.0,5.0,73.03,4.0,18.2575
39236.0,92.0,12.0,150.2,142.33333333333334,75.1
92.0,5.0,3.0,160.5,5.333333333333333,40.125
92.0,49.0,3.0,211.31,4.333333333333333,70.43666666666667
49.0,99.0,3.0,126.11,1.3333333333333333,126.11
99.0,5.0,3.0,59.06,2.3333333333333335,59.06
95.0,84.0,2.0,76.73,12328.0,0.008759132420091324
95.0,5.0,2.0,39.38,4815.0,1.7121739130434783
5.0,72974.0,6.0,43.97,77.0,14.656666666666666
5.0,88.0,1.0,91.38,2.0,45.69
88.0,72974.0,3.0,126.02,4.666666666666667,63.01
72974.0,95.0,1.0,79.58,10610.0,0.007500471253534402
72974.0,99.0,2.0,24.26,5.5,4.852
99.0,5.0,2.0,59.06,3.0,19.686666666666667
5.0,13.0,1.0,114.24,3.0,38.08
13.0,72974.0,1.0,148.15,0.0,296.3
72974.0,84.0,1.0,85.92,31.0,2.7716129032258063
95.0,49.0,2.0,55.08,11494.5,0.006060072615249202
95.0,22.0,3.0,157.9,1202.6666666666667,10.526666666666667
22.0,5.0,1.0,121.22,34.0,3.565294117647059
5.0,95.0,1.0,39.38,224.0,0.17580357142857145
88.0,84.0,1.0,126.06,10199.0,0.012360035297578195
84.0,101.0,2.0,29.03,71.5,0.6597727272727273
84.0,71721.0,1.0,29.07,9398.0,0.0030932113215577785
71721.0,101.0,2.0,54.68,52.0,7.811428571428571
71721.0,9048.0,1.0,38.91,24306.0,0.0016008392989385336
9048.0,99.0,4.0,77.41,5.5,38.705
9048.0,2344.0,1.0,45.97,3.0,15.323333333333332
2344.0,99.0,3.0,33.61,3.6666666666666665,16.805
2344.0,71721.0,6.0,49.04,260.0,12.26
71721.0,99.0,1.0,66.08,1.0,66.08
71721.0,30620.0,1.0,63.79,1.0,63.79
30620.0,39006.0,1.0,3.61,2.0,1.805
39006.0,23449.0,3.0,100.12,4.333333333333333,50.06
23449.0,49.0,2.0,131.52,5.0,26.304000000000002
49.0,39006.0,1.0,61.09,3.0,20.363333333333333
39006.0,33.0,2.0,155.41,1.0,155.41
33.0,23449.0,1.0,55.85,1.0,55.85
49.0,71721.0,1.0,61.11,1.0,61.11
71721.0,39006.0,1.0,60.42,2.0,30.21
39006.0,2344.0,13.0,67.42,1.6923076923076923,67.42
2344.0,49.0,4.0,102.08,4.5,25.52
33.0,2344.0,1.0,88.06,1.0,88.06
39006.0,84.0,4.0,83.67,266.25,20.9175
39006.0,9048.0,1.0,24.33,0.0,48.66
9048.0,26858.0,1.0,46.1,1.0,46.1
26858.0,23449.0,1.0,121.08,3.0,40.36
23449.0,120.0,1.0,33.57,7.0,4.795714285714285
120.0,9048.0,1.0,56.3,1.0,56.3
9048.0,30620.0,1.0,27.07,2.0,13.535
30620.0,32.0,1.0,94.27,0.0,188.54
32.0,23449.0,1.0,38.55,3.0,12.85
23449.0,84.0,3.0,93.7,99.66666666666667,23.425
84.0,9048.0,4.0,65.56,5.25,16.39
9048.0,23449.0,4.0,78.64,5.75,15.728
33.0,84.0,1.0,130.17,3808.0,0.034183298319327725
84.0,95.0,3.0,76.73,12966.0,0.3585514018691589
95.0,22.0,1.0,157.9,2.0,78.95
22.0,120.0,1.0,86.98,6.0,14.496666666666668
120.0,84.0,1.0,95.0,0.0,190.0
8318.0,95.0,5.0,93.33,1824.6,186.66
95.0,32.0,1.0,87.51,1851.0,0.04727714748784441
32.0,8318.0,2.0,26.39,1737.5,2.0300000000000002
32.0,84.0,1.0,57.42,21.0,2.7342857142857144
84.0,8318.0,3.0,81.98,701.3333333333334,1.4382456140350879
26858.0,88.0,2.0,26.87,15949.5,13.435
26858.0,91020.0,8.0,11.18,18.25,3.7266666666666666
91020.0,92.0,1.0,150.26,1.0,150.26
92.0,26858.0,1.0,150.18,9.0,16.686666666666667
91020.0,5.0,4.0,75.96,18.5,25.319999999999997
91020.0,89441.0,1.0,7.0,13.0,0.5384615384615384
89441.0,5.0,6.0,82.76,22.0,41.38
89441.0,95.0,3.0,44.53,482.3333333333333,0.30710344827586206
95.0,84.0,2.0,76.73,2775.5,1.2788333333333335
84.0,101.0,18.0,29.03,1326.8333333333333,7.2575
84.0,5.0,1.0,58.5,420.0,0.1392857142857143
5.0,88.0,3.0,91.38,56.666666666666664,91.38
88.0,22.0,1.0,202.54,328.0,0.6174999999999999
22.0,33.0,1.0,24.53,38.0,0.6455263157894737
33.0,84.0,1.0,130.17,126.0,1.033095238095238
101.0,99.0,1.0,113.35,1192.0,0.09509228187919462
99.0,88.0,1.0,147.2,4.0,36.8
88.0,95.0,1.0,53.3,1.0,53.3
95.0,5.0,2.0,39.38,5.0,19.69
5.0,99.0,2.0,59.06,14.5,19.686666666666667
101.0,5.0,1.0,82.63,63.0,1.3115873015873014
5.0,49.0,1.0,73.03,113.0,0.646283185840708
49.0,95.0,1.0,55.08,58.0,0.949655172413793
95.0,32.0,1.0,87.51,143.0,0.611958041958042
32.0,120.0,1.0,54.21,127.0,0.4268503937007874
33.0,32.0,2.0,74.92,22286.5,0.004784163473818646
32.0,22.0,1.0,88.88,4247.0,0.02092771368024488
22.0,33.0,1.0,24.53,23.0,1.066521739130435
33.0,99.0,2.0,55.62,1061.5,9.27
95.0,88.0,2.0,53.3,632.0,0.09761904761904762
88.0,5.0,2.0,91.38,3052.0,0.22618811881188117
5.0,99.0,1.0,59.06,4149.0,0.01423475536273801
99.0,95.0,1.0,97.82,201.0,0.48666666666666664
95.0,5.0,2.0,39.38,5126.5,0.008026905829596413
84.0,88.0,2.0,126.06,7329.0,14.006666666666668
88.0,22.0,1.0,202.54,8648.0,0.023420444033302498
22.0,84.0,1.0,146.05,8362.0,0.017465917244678306
84.0,5.0,5.0,58.5,65.4,19.5
5.0,88.0,5.0,91.38,1284.8,91.38
84.0,95.0,1.0,76.73,31.0,2.4751612903225806
95.0,22.0,1.0,157.9,2.0,78.95
22.0,99.0,1.0,64.39,163.0,0.3950306748466258
99.0,5.0,1.0,59.06,289.0,0.2043598615916955
5.0,99.0,3.0,59.06,9.666666666666666,19.686666666666667
5.0,95.0,3.0,39.38,5.333333333333333,13.126666666666667
95.0,99.0,1.0,97.82,20.0,4.891
5.0,22.0,1.0,121.22,18.0,6.734444444444445
22.0,33.0,1.0,24.53,23.0,1.066521739130435
33.0,66.0,1.0,211.28,40.0,5.282
22.0,66.0,1.0,210.79,72.0,2.9276388888888887
66.0,33.0,1.0,211.28,30.0,7.042666666666666
33.0,95.0,1.0,153.3,12.0,12.775
95.0,88.0,1.0,53.3,3072.0,0.017350260416666666
88.0,33.0,1.0,201.51,15.0,13.434
33.0,22.0,1.0,24.53,1.0,24.53
33.0,22.0,9.0,24.53,693.2222222222222,8.176666666666668
33.0,96.0,2.0,148.12,156.0,5.696923076923077
33.0,120.0,1.0,88.04,101.0,0.8716831683168318
120.0,5.0,3.0,44.14,2.0,44.14
5.0,33.0,2.0,114.67,2460.0,38.223333333333336
22.0,5.0,7.0,121.22,23.571428571428573,24.244
5.0,99.0,5.0,59.06,419.6,29.53
99.0,95.0,3.0,97.82,49.333333333333336,19.564
95.0,5.0,3.0,39.38,3.6666666666666665,19.69
95.0,13.0,1.0,76.05,145.0,0.5244827586206896
13.0,99.0,1.0,169.72,6.0,28.286666666666665
99.0,120.0,1.0,40.56,1.0,40.56
95.0,120.0,1.0,73.6,372.0,0.1978494623655914
5.0,32.0,1.0,48.84,1.0,48.84
32.0,33.0,1.0,74.92,2.0,37.46
71721.0,88.0,2.0,106.88,44.5,106.88
71721.0,32.0,1.0,43.81,146.0,0.30006849315068496
32.0,51531.0,1.0,52.73,310.0,0.17009677419354838
51531.0,88.0,4.0,89.87,7.0,89.87
51531.0,69143.0,19.0,65.37,4.842105263157895,32.685
69143.0,71721.0,1.0,67.68,2664.0,0.02540540540540541
71721.0,51531.0,1.0,19.24,3.0,6.413333333333333
51531.0,99.0,2.0,68.58,2.0,68.58
95.0,84.0,1.0,76.73,3145.0,0.024397456279809222
84.0,88.0,1.0,126.06,4.0,31.515
88.0,95.0,3.0,53.3,43.666666666666664,53.3
95.0,5.0,1.0,39.38,11.0,3.58
5.0,99.0,2.0,59.06,91.5,19.686666666666667
5.0,84.0,1.0,58.5,218.0,0.268348623853211
84.0,22.0,1.0,146.05,294.0,0.49676870748299323
22.0,5.0,2.0,121.22,182.0,2.579148936170213
88.0,95.0,3.0,53.3,9.0,53.3
95.0,92.0,4.0,156.67,175.5,9.215882352941176
95.0,13.0,1.0,76.05,3.0,25.349999999999998
13.0,5.0,1.0,114.24,21.0,5.4399999999999995
5.0,95.0,1.0,39.38,2.0,19.69
66.0,96.0,2.0,64.72,13.0,8.09
96.0,33.0,2.0,148.12,38.5,5.9248
33.0,22.0,4.0,24.53,17.0,8.176666666666668
22.0,99.0,4.0,64.39,266.5,9.198571428571428
86258.0,54467.0,7.0,24.04,2.857142857142857,24.04
54467.0,2344.0,8.0,25.5,13.25,25.5
54467.0,23449.0,1.0,31.14,5.0,6.228
23449.0,86258.0,1.0,52.0,4.0,13.0
86258.0,95.0,4.0,58.98,29.25,29.49
86258.0,8566.0,7.0,10.05,5.285714285714286,5.025
86258.0,17224.0,4.0,15.26,13.0,5.086666666666667
8566.0,17224.0,3.0,7.62,2.6666666666666665,15.24
17224.0,95.0,1.0,55.88,5.0,11.176
95.0,8566.0,1.0,60.99,7.0,8.712857142857143
8566.0,32.0,5.0,27.89,3.6,55.78
32.0,83009.0,1.0,47.03,1.0,47.03
83009.0,8566.0,7.0,59.67,1.4285714285714286,119.34
8566.0,22.0,8.0,102.67,10.875,20.534
8566.0,120.0,7.0,38.3,7.571428571428571,76.6
32.0,22.0,1.0,88.88,2.0,44.44
22.0,120.0,1.0,86.98,6.0,14.496666666666668
32.0,33.0,3.0,74.92,0.0,149.84
33.0,8566.0,1.0,94.16,1.0,94.16
8566.0,34992.0,7.0,14.42,11.285714285714286,7.21
120.0,34992.0,7.0,24.62,27.285714285714285,8.206666666666667
34992.0,71721.0,23.0,43.29,14.347826086956522,86.58
34992.0,88.0,2.0,108.72,1.5,108.72
71721.0,99.0,4.0,66.08,0.5,132.16
99.0,34992.0,16.0,38.54,11.0625,38.54
120.0,71721.0,1.0,67.87,0.0,135.74
34992.0,33.0,8.0,93.66,2.0,46.83
32.0,34992.0,2.0,37.82,2.0,18.91
34992.0,22.0,1.0,98.73,121.0,0.8159504132231405
5.0,45686.0,1.0,25.64,4.0,6.41
45686.0,98932.0,90.0,26.25,6.355555555555555,26.25
45686.0,14840.0,182.0,16.55,17.175824175824175,33.1
14840.0,33193.0,4514.0,21.63,8.111209570225963,43.26
33193.0,45686.0,148.0,38.08,18.5472972972973,76.16
33193.0,98932.0,172.0,63.98,8.156976744186046,63.98
98932.0,14840.0,126.0,42.72,5.761904761904762,42.72
14840.0,49.0,2.0,88.01,6.5,14.668333333333335
82676.0,4275.0,9.0,59.67,2.0,29.835
82676.0,32.0,2.0,55.8,1.0,55.8
32.0,4275.0,19.0,79.21,1.5789473684210527,158.42
4275.0,101.0,27.0,98.17,1.7777777777777777,98.17
101.0,32.0,1.0,86.22,1.0,86.22
4275.0,120.0,2.0,57.85,1.0,115.7
4275.0,13.0,4.0,84.57,1.75,84.57
4275.0,84.0,4.0,80.11,4.25,26.703333333333333
4275.0,33.0,2.0,140.41,1.5,140.41
4275.0,95.0,1.0,16.71,8007.0,0.0020869239415511427
95.0,5.0,1.0,39.38,27746.0,0.0014193036834138255
5.0,4275.0,1.0,30.61,513.0,0.059668615984405454
71721.0,51531.0,1.0,19.24,3216.0,0.005982587064676617
51531.0,9048.0,1.0,19.7,14567.0,0.0013523717992723278
9048.0,23449.0,1.0,78.64,1.0,78.64
23449.0,51531.0,4.0,72.67,32.0,24.223333333333333
51531.0,30620.0,8.0,45.4,3212.625,90.8
30620.0,9048.0,4.0,27.07,3491.5,54.14
30620.0,23449.0,2.0,101.55,5.0,20.31
23449.0,120.0,4.0,33.57,29.5,33.57
23449.0,71721.0,3.0,73.05,35.333333333333336,3.3204545454545453
71721.0,30620.0,2.0,63.79,19.5,5.315833333333333
71721.0,22.0,3.0,130.36,5.666666666666667,32.59
22.0,5.0,20.0,121.22,15.2,30.305
5.0,120.0,8.0,44.14,14.625,44.14
5.0,84.0,8.0,58.5,76.875,58.5
5.0,88.0,24.0,91.38,34.75,182.76
5.0,95.0,8.0,39.38,11.375,9.845
84.0,22.0,1.0,146.05,2.0,73.025
84.0,120.0,1.0,95.0,72.0,1.3194444444444444
63790.0,101.0,6.0,45.93,5177.833333333333,1.701111111111111
101.0,84.0,1.0,29.03,5309.0,0.00546807308344321
84.0,63790.0,1.0,43.24,195.0,0.22174358974358976
63790.0,95.0,2.0,46.59,1242.0,3.8825000000000003
95.0,33193.0,1.0,23.77,364.0,0.0653021978021978
33193.0,99.0,8.0,78.06,84.75,78.06
33193.0,49.0,8.0,74.37,3.375,74.37
95.0,69143.0,1.0,89.66,10583.0,0.008472077860720023
69143.0,88.0,2.0,136.3,155.0,1.70375
69143.0,9048.0,1.0,70.01,11956.0,0.0058556373369019745
95.0,10402.0,1.0,57.32,4087.0,0.014024957181306582
10402.0,9048.0,2.0,36.89,7617.5,1.2296666666666667
10402.0,22.0,23.0,102.43,97.52173913043478,102.43
10402.0,99.0,6.0,40.52,8.5,20.26
10402.0,88.0,12.0,107.71,470.4166666666667,215.42
88.0,22.0,1.0,202.54,303.0,0.6684488448844884
22.0,13.0,1.0,223.94,136.0,1.6466176470588234
13.0,10402.0,2.0,130.45,6.0,26.089999999999996
13.0,88.0,1.0,22.87,290.0,0.07886206896551724
22.0,33.0,3.0,24.53,7.666666666666667,8.176666666666668
22.0,84.0,4.0,146.05,9.75,73.025
33.0,10402.0,3.0,96.09,13.0,192.18
10402.0,120.0,28.0,30.7,52.285714285714285,61.4
10402.0,84.0,2.0,64.49,2.0,32.245
95.0,76492.0,1.0,7.17,416.0,0.017235576923076923
76492.0,92.0,2.0,149.51,4.5,74.755
76492.0,84932.0,1.0,41.23,43566.0,0.0009463802047468209
13.0,89441.0,1.0,31.57,908.0,0.034768722466960354
89441.0,5.0,4.0,82.76,451.5,82.76
89441.0,95.0,2.0,44.53,1353.5,0.049258849557522126
89441.0,88.0,2.0,8.78,1357.0,0.009755555555555556
22.0,75205.0,1.0,67.77,338.0,0.20050295857988165
75205.0,1790.0,3.0,27.46,42.333333333333336,3.051111111111111
22.0,54272.0,1.0,12.05,9.0,1.338888888888889
54272.0,25121.0,1.0,28.64,4.0,7.16
25121.0,99.0,8.0,35.06,136.5,35.06
84.0,51552.0,1.0,23.91,14838.0,0.00161140315406389
51552.0,49.0,14.0,39.82,2740.0714285714284,9.955
51552.0,99.0,2.0,90.26,18.5,18.052
99.0,5.0,1.0,59.06,2.0,29.53
5.0,51552.0,3.0,47.71,6.333333333333333,7.951666666666667
99.0,32.0,1.0,27.73,0.0,55.46
32.0,51552.0,1.0,66.6,19133.0,0.0034808968797365803
96804.0,39313.0,5.0,18.6,1124.2,0.7153846153846154
39313.0,92071.0,4.0,15.81,2711.5,0.12448818897637795
92071.0,84.0,1.0,29.5,9661.0,0.003053514128972156
84.0,96804.0,1.0,26.13,7.0,3.7328571428571427
96804.0,92071.0,1.0,6.32,5363.0,0.0011784449002424017
92071.0,49.0,1.0,31.1,3412.0,0.009114888628370458
49.0,84.0,1.0,60.58,4317.0,0.014032893212879314
84.0,39313.0,1.0,23.86,901.0,0.026481687014428414
92071.0,99.0,2.0,101.92,26.0,16.986666666666668
92071.0,95.0,1.0,59.29,1.0,59.29
95.0,5.0,1.0,39.38,60.0,0.6563333333333333
5.0,120.0,1.0,44.14,1.0,44.14
120.0,66.0,1.0,297.2,1091.0,0.2724106324472961
66.0,39313.0,1.0,352.71,9301.0,0.0379217288463606
51552.0,101.0,3.0,36.58,4798.333333333333,0.13399267399267398
101.0,84.0,1.0,29.03,3869.0,0.007503230808994572
84.0,5.0,1.0,58.5,463.0,0.1263498920086393
5.0,120.0,2.0,44.14,6.5,44.14
5.0,51552.0,1.0,47.71,25248.0,0.0018896546261089988
33.0,54272.0,1.0,12.51,118.0,0.10601694915254237
54272.0,5.0,2.0,117.96,32.5,29.49
54272.0,99.0,2.0,59.51,11.0,29.755
33.0,41479.0,4.0,18.43,727.5,4.6075
41479.0,120.0,4.0,69.7,180.5,4.1000000000000005
41479.0,22.0,1.0,26.48,2007.0,0.013193821624314898
22.0,33.0,1.0,24.53,1989.0,0.012332830568124686
9048.0,95.0,3.0,20.55,11252.666666666666,0.005502008032128514
95.0,5.0,2.0,39.38,5586.5,0.011875753920386008
5.0,9048.0,3.0,18.86,2465.0,1.4507692307692308
9048.0,88.0,3.0,72.81,78.66666666666667,2.8003846153846155
9048.0,22.0,6.0,138.33,6.5,46.11000000000001
5.0,88.0,1.0,91.38,2315.0,0.039473002159827214
88.0,95.0,2.0,53.3,229.5,2.317391304347826
1652.0,26858.0,3.0,75.5,6127.333333333333,15.1
26858.0,88.0,2.0,26.87,1759.0,0.04354943273905997
88.0,47028.0,1.0,52.46,144.0,0.36430555555555555
47028.0,95.0,1.0,28.0,2230.0,0.012556053811659192
95.0,49.0,1.0,55.08,3966.0,0.01388804841149773
49.0,47028.0,1.0,32.52,5.0,6.5040000000000004
47028.0,58086.0,2.0,49.65,8.0,6.20625
58086.0,8814.0,8.0,57.27,7.625,28.635
8814.0,47028.0,1.0,37.0,3.0,12.333333333333334
58086.0,1652.0,6.0,77.52,629.3333333333334,38.76
8814.0,1652.0,1.0,80.21,2.0,40.105
58086.0,26858.0,1.0,24.19,10479.0,0.0023084263765626493
26858.0,95.0,1.0,26.44,2825.0,0.009359292035398231
95.0,88.0,1.0,53.3,2547.0,0.020926580290537886
1652.0,95.0,2.0,83.71,1828.5,0.9733720930232558
58086.0,49.0,5.0,80.07,66.0,80.07
49.0,5.0,5.0,73.03,7.0,12.171666666666667
5.0,58086.0,2.0,88.83,4.5,22.2075
5.0,26858.0,14.0,64.81,5.285714285714286,129.62
26858.0,49.0,7.0,65.32,3.142857142857143,65.32
49.0,13.0,3.0,99.52,1.0,99.52
13.0,5.0,1.0,114.24,5.0,22.848
13.0,26858.0,14.0,49.67,7.857142857142857,16.55666666666667
1652.0,13.0,2.0,87.44,4.0,29.146666666666665
95.0,78185.0,1.0,85.79,25.0,3.4316000000000004
78185.0,88.0,70.0,134.34,22.114285714285714,268.68
78185.0,99.0,48.0,13.28,34.770833333333336,13.28
99.0,88.0,7.0,147.2,16.142857142857142,49.06666666666666
78185.0,34167.0,443.0,40.8,34.354401805869074,81.6
99.0,34167.0,35.0,29.78,19.257142857142856,29.78
34167.0,88.0,19.0,174.33,7.368421052631579,348.66
95.0,58086.0,1.0,50.59,208.0,0.24322115384615386
58086.0,1652.0,4.0,77.52,5260.25,9.69
58086.0,5.0,2.0,88.83,6.5,88.83
58086.0,92.0,3.0,150.05,12.666666666666666,75.025
92.0,26858.0,7.0,150.18,5.428571428571429,75.09
26858.0,13.0,8.0,49.67,51.0,24.835
26858.0,5.0,2.0,64.81,8.0,32.405
5.0,33.0,2.0,114.67,6.5,57.335
26858.0,22.0,2.0,179.19,209.5,179.19
95.0,28385.0,1.0,19.23,62.0,0.31016129032258066
28385.0,48962.0,305.0,48.3,68.53114754098361,96.6
95.0,83557.0,1.0,24.68,3986.0,0.0061916708479678876
83557.0,39006.0,4.0,30.68,6737.25,1.534
83557.0,99.0,6.0,108.9,49.333333333333336,54.45
95.0,23064.0,3.0,0.48,1207.6666666666667,0.96
23064.0,5.0,4.0,39.86,1556.0,0.42404255319148937
23064.0,32446.0,2.0,30.81,44.0,30.81
23064.0,88.0,2.0,52.87,2050.5,0.49411214953271027
23064.0,22.0,2.0,158.37,13.0,39.5925
23064.0,30620.0,2.0,10.63,1759.5,0.008910310142497905
23064.0,45161.0,12.0,83.38,2.3333333333333335,166.76
23064.0,31635.0,12.0,41.0,5.25,41.0
23064.0,92.0,66.0,156.75,3.3484848484848486,313.5
23064.0,13.0,69.0,75.62,5.086956521739131,75.62
92.0,13.0,6.0,154.36,4.333333333333333,77.18
23064.0,99.0,9.0,98.3,3.4444444444444446,98.3
13.0,99.0,3.0,169.72,3.6666666666666665,56.57333333333333
95.0,51552.0,8.0,55.27,1065.375,6.90875
95.0,22615.0,1.0,51.58,1099.0,0.046933575978161966
22615.0,9048.0,3.0,52.17,1126.6666666666667,8.695
9048.0,72974.0,7.0,60.14,38.42857142857143,120.28
72974.0,32.0,1.0,38.93,9.0,4.325555555555556
32.0,9048.0,1.0,67.38,0.0,134.76
9048.0,95.0,3.0,20.55,5300.666666666667,0.007341907824222937
51552.0,99.0,1.0,90.26,151.0,0.597748344370861
99.0,22.0,1.0,64.39,198.0,0.3252020202020202
22.0,9048.0,7.0,138.33,25.285714285714285,276.66
9048.0,51552.0,3.0,48.26,697.6666666666666,6.0325
95.0,22.0,8.0,157.9,210.0,6.073076923076924
95.0,5.0,1.0,39.38,1993.0,0.019759157049673858
5.0,88.0,1.0,91.38,26.0,3.5146153846153845
88.0,9048.0,8.0,72.81,1487.125,145.62
9048.0,49.0,2.0,62.64,5.0,62.64
9048.0,99.0,6.0,77.41,3.5,25.80333333333333
88.0,22615.0,1.0,91.4,54.0,1.6925925925925926
95.0,99.0,1.0,97.82,3311.0,0.029543944427665357
99.0,32.0,2.0,27.73,9396.0,0.00421300516560316
32.0,5.0,1.0,48.84,17529.0,0.002786239945233613
5.0,120.0,1.0,44.14,4495.0,0.009819799777530589
120.0,32.0,1.0,54.21,1399.0,0.03874910650464618
99.0,5.0,1.0,59.06,344.0,0.17168604651162792
5.0,88.0,1.0,91.38,9785.0,0.009338783852835974
88.0,32.0,1.0,140.16,13420.0,0.010444113263785394
95.0,29992.0,1.0,15.05,0.0,30.1
29992.0,92.0,15.0,169.21,57.266666666666666,338.42
29992.0,82187.0,163.0,22.56,45.02453987730061,45.12
29992.0,22.0,30.0,154.7,2.2,309.4
22.0,33.0,3.0,24.53,7.333333333333333,6.1325
33.0,66.0,1.0,211.28,19.0,11.12
66.0,32.0,1.0,281.86,98.0,2.876122448979592
32.0,29992.0,5.0,78.32,205.6,78.32
29992.0,13.0,22.0,88.25,89.54545454545455,88.25
13.0,22.0,2.0,223.94,7.0,44.788
82187.0,92.0,3.0,166.07,6.666666666666667,332.14
82187.0,22.0,3.0,173.78,3.0,57.92666666666667
13.0,82187.0,1.0,66.48,5.0,13.296000000000001
29992.0,33.0,4.0,147.86,4.5,295.72
33.0,82187.0,1.0,168.5,0.0,337.0
82187.0,120.0,1.0,89.85,1.0,89.85
120.0,22.0,2.0,86.98,2.0,43.49
33.0,32.0,1.0,74.92,1.0,74.92
32.0,22.0,2.0,88.88,2.0,44.44
32.0,120.0,1.0,54.21,0.0,108.42
82187.0,32.0,2.0,100.58,1.0,100.58
29992.0,99.0,3.0,92.3,3.3333333333333335,30.766666666666666
13.0,99.0,1.0,169.72,3.0,56.57333333333333
95.0,120.0,1.0,73.6,447.0,0.16465324384787472
120.0,48812.0,2.0,72.81,10096.0,0.0809
120.0,5.0,1.0,44.14,2680.0,0.016470149253731345
5.0,48812.0,1.0,41.32,0.0,82.64
48812.0,92.0,39.0,151.94,30.82051282051282,151.94
48812.0,84.0,1.0,81.44,2.0,40.72
84.0,29230.0,1.0,115.98,0.0,231.96
29230.0,48812.0,5.0,116.04,537.8,232.08
29230.0,33.0,6.0,47.09,4.5,94.18
48812.0,10402.0,141.0,58.6,23.645390070921987,117.2
10402.0,92.0,25.0,158.72,84.64,317.44
10402.0,33.0,30.0,96.09,24.533333333333335,192.18
10402.0,13.0,22.0,130.45,22.545454545454547,130.45
13.0,29230.0,2.0,181.41,5.5,60.47
29230.0,10402.0,84.0,62.77,6.285714285714286,125.54
10402.0,120.0,6.0,30.7,5.833333333333333,61.4
10402.0,99.0,4.0,40.52,5.25,20.26
48812.0,13.0,16.0,73.15,10.4375,14.63
10402.0,84.0,12.0,64.49,2.1666666666666665,128.98
10402.0,22.0,9.0,102.43,6.111111111111111,204.86
22.0,84.0,3.0,146.05,4.0,292.1
13.0,84.0,1.0,147.24,7.0,21.034285714285716
33.0,48812.0,1.0,154.2,1.0,154.2
48812.0,22.0,1.0,158.02,3.0,52.67333333333334
33.0,22.0,1.0,24.53,485.0,0.05057731958762887
33.0,84.0,2.0,130.17,2.0,65.085
92.0,13.0,5.0,154.36,4.2,77.18
10402.0,49.0,10.0,90.27,3.5,180.54
49.0,13.0,2.0,99.52,2.0,49.76
92.0,49.0,3.0,211.31,1.3333333333333333,422.62
49.0,48812.0,3.0,59.56,6.666666666666667,9.926666666666668
95.0,3236.0,3.0,16.64,5102.666666666667,1.848888888888889
3236.0,9048.0,3.0,35.51,2577.3333333333335,0.11956228956228955
3236.0,63110.0,5.0,73.16,1248.6,73.16
63110.0,89293.0,3.0,29.73,3.3333333333333335,29.73
89293.0,89363.0,1.0,5.66,8.0,0.7075
89363.0,98297.0,10.0,34.06,2.9,68.12
89363.0,93095.0,2.0,34.89,1.5,69.78
89363.0,84.0,2.0,80.37,3.0,26.790000000000003
89363.0,3236.0,6.0,95.29,10.0,31.763333333333335
3236.0,13.0,2.0,60.17,6.5,60.17
89363.0,13.0,1.0,153.61,22.0,6.982272727272728
13.0,88.0,1.0,22.87,14.0,1.6335714285714287
88.0,96699.0,1.0,126.16,2257.0,0.05589720868409393
96699.0,63110.0,9.0,17.69,91.55555555555556,35.38
63110.0,9048.0,2.0,39.12,3482.0,0.014225454545454545
9048.0,95.0,2.0,20.55,4186.0,0.005843048052317316
95.0,72974.0,2.0,79.58,157.0,0.6744067796610169
72974.0,9048.0,5.0,60.14,5.2,120.28
9048.0,49.0,2.0,62.64,5.0,31.32
3236.0,69143.0,26.0,101.24,2.576923076923077,202.48
69143.0,49.0,5.0,124.62,4.6,31.155
49.0,3236.0,1.0,63.4,9.0,7.044444444444444
69143.0,63110.0,1.0,32.76,2034.0,0.016106194690265484
9048.0,88.0,7.0,72.81,57.714285714285715,72.81
72974.0,84774.0,1.0,13.89,221.0,0.06285067873303167
84774.0,26858.0,1.0,89.47,61.0,1.4667213114754099
26858.0,84.0,1.0,100.87,94.0,1.0730851063829787
84.0,54272.0,1.0,138.37,75.0,1.8449333333333333
54272.0,84774.0,14.0,89.2,2.142857142857143,178.4
84774.0,98544.0,2.0,17.2,97.5,0.6615384615384615
98544.0,88.0,2.0,129.59,5.0,259.18
98544.0,54272.0,4.0,72.95,5.5,72.95
54272.0,96699.0,2.0,79.31,1.0,79.31
96699.0,98544.0,4.0,13.15,0.25,26.3
98544.0,98347.0,2.0,24.04,0.5,48.08
84774.0,75003.0,1.0,12.53,0.0,25.06
75003.0,2516.0,1.0,47.85,3.0,15.950000000000001
2516.0,84774.0,10.0,48.92,6.2,97.84
2516.0,88243.0,1.0,46.69,13.0,3.5915384615384616
88243.0,84774.0,3.0,5.39,7.333333333333333,2.695
84774.0,32.0,11.0,36.59,3.8181818181818183,73.18
32.0,88243.0,1.0,40.92,2.0,20.46
54272.0,32.0,4.0,81.87,1.5,81.87
88243.0,54272.0,1.0,87.92,10.0,8.792
84774.0,29230.0,2.0,51.04,1.5,51.04
84774.0,63927.0,1.0,46.01,1.0,46.01
63927.0,9048.0,9.0,92.7,5.333333333333333,185.4
9048.0,32.0,5.0,67.38,6.2,67.38
32.0,63927.0,5.0,48.98,0.0,97.96
88.0,63927.0,1.0,158.73,1.0,158.73
9048.0,54272.0,2.0,135.72,5.0,271.44
9048.0,69143.0,1.0,70.01,3.0,23.33666666666667
69143.0,63927.0,2.0,22.8,5.0,45.6
95.0,84932.0,3.0,42.53,1103.3333333333333,0.1466551724137931
84932.0,13.0,2.0,33.55,1817.5,0.020748299319727888
84932.0,5.0,2.0,80.82,7.0,26.939999999999998
8318.0,93687.0,11.0,37.12,40.09090909090909,18.56
93687.0,32.0,46.0,60.16,135.6086956521739,60.16
84.0,5.0,2.0,58.5,5874.5,0.07195571955719557
84.0,120.0,1.0,95.0,149.0,0.6375838926174496
120.0,5.0,1.0,44.14,2.0,22.07
5.0,33.0,1.0,114.67,0.0,229.34
33.0,22.0,1.0,24.53,4.0,6.1325
22.0,84.0,1.0,146.05,3532.0,0.04135050962627407
95.0,9048.0,1.0,20.55,169.0,0.12159763313609467
9048.0,22.0,8.0,138.33,471.5,1.7077777777777778
9048.0,84.0,2.0,65.56,131.5,0.7623255813953489
9048.0,63110.0,3.0,39.12,2009.0,0.05008962868117797
63110.0,22.0,8.0,100.36,114.625,10.036
63110.0,84.0,6.0,64.86,130.0,0.7814457831325301
63110.0,13.0,6.0,132.65,131.33333333333334,44.21666666666667
63110.0,88.0,2.0,109.92,662.0,0.24052516411378555
9048.0,13.0,2.0,95.68,423.0,2.278095238095238
9048.0,49.0,2.0,62.64,449.0,1.6061538461538463
31432.0,54272.0,11.0,52.5,176.1818181818182,17.5
31432.0,120.0,1.0,39.56,2.0,19.78
120.0,28862.0,2.0,61.02,280.0,0.2947826086956522
120.0,54272.0,1.0,87.21,116.0,0.7518103448275861
31432.0,28862.0,3.0,21.84,112.66666666666667,43.68
28862.0,45024.0,4.0,21.54,159.0,1.34625
28862.0,88309.0,3.0,13.6,117.33333333333333,0.3238095238095238
88309.0,45024.0,2.0,33.84,1175.5,1.0254545454545456
88309.0,17414.0,2.0,18.68,1.5,18.68
88309.0,22.0,2.0,52.39,5.5,13.0975
88309.0,8318.0,1.0,17.2,3.0,5.733333333333333
8318.0,17414.0,1.0,15.52,205.0,0.07570731707317073
17414.0,120.0,1.0,31.88,2.0,15.94
120.0,8318.0,5.0,36.95,161.0,3.6950000000000003
8318.0,87392.0,1.0,33.02,40.0,0.8255000000000001
87392.0,22.0,23.0,39.12,28.91304347826087,13.04
87392.0,33.0,2.0,27.02,1477.5,1.0392307692307692
33.0,120.0,2.0,88.04,6.5,29.346666666666668
33.0,22.0,12.0,24.53,34.666666666666664,6.1325
87392.0,120.0,7.0,63.14,17.857142857142858,63.14
120.0,22.0,3.0,86.98,15.0,14.496666666666668
87392.0,28862.0,1.0,2.24,1525.0,0.0014688524590163936
28862.0,22.0,13.0,40.68,45.07692307692308,10.17
22.0,95.0,3.0,157.9,8.666666666666666,315.8
95.0,84.0,1.0,76.73,2.0,38.365
84.0,28862.0,1.0,105.38,307.0,0.343257328990228
28862.0,8318.0,1.0,30.81,6067.0,0.0050782924015164
8318.0,99.0,4.0,4.53,175.25,2.265
8318.0,22.0,1.0,68.16,18.0,3.7866666666666666
33.0,54272.0,1.0,12.51,716.0,0.017472067039106146
54272.0,96.0,5.0,148.09,2138.6,0.4792556634304207
54272.0,99.0,4.0,59.51,28.25,29.755
96.0,66.0,1.0,64.72,2.0,32.36
66.0,54272.0,1.0,210.11,2923.0,0.07188162846390694
8318.0,120.0,6.0,36.95,433.3333333333333,36.95
8318.0,95.0,9.0,93.33,475.22222222222223,7.7775
95.0,120.0,1.0,73.6,13.0,5.661538461538461
95.0,32.0,1.0,87.51,2808.0,0.031164529914529917
32.0,120.0,1.0,54.21,593.0,0.09141652613827993
95.0,88.0,1.0,53.3,9.0,5.922222222222222
88.0,8318.0,3.0,142.68,1.6666666666666667,142.68
8318.0,5.0,1.0,54.66,23.0,2.3765217391304345
5.0,88.0,1.0,91.38,2.0,45.69
8318.0,32.0,2.0,26.39,3852.0,0.0075702811244979925
32.0,88.0,1.0,140.16,25.0,5.6064
95.0,64102.0,2.0,27.07,12698.0,0.006417733522996681
64102.0,5.0,2.0,51.2,6.5,25.6
95.0,49.0,1.0,55.08,4402.0,0.012512494320763288
49.0,64102.0,1.0,28.02,441.0,0.06353741496598639
64102.0,88.0,2.0,63.96,6.5,10.66
95.0,1652.0,1.0,83.71,13864.0,0.006037939988459319
1652.0,26858.0,2.0,75.5,6554.5,37.75
1652.0,58086.0,1.0,77.52,8.0,9.69
58086.0,92.0,5.0,150.05,23.6,37.5125
92.0,26858.0,10.0,150.18,8.5,300.36
26858.0,88.0,4.0,26.87,1497.75,8.956666666666667
26858.0,13.0,9.0,49.67,5.111111111111111,16.55666666666667
92.0,13.0,1.0,154.36,2.0,77.18
88.0,26858.0,1.0,26.87,2577.0,0.010426852929763291
26858.0,5.0,6.0,64.81,474.0,129.62
26858.0,99.0,2.0,121.72,4.5,60.86
26858.0,22.0,1.0,179.19,13.0,13.783846153846154
22.0,99.0,1.0,64.39,7.0,9.198571428571428
99.0,120.0,1.0,40.56,1.0,40.56
120.0,33.0,1.0,88.04,1.0,88.04
33.0,5.0,1.0,114.67,0.0,229.34
5.0,22.0,1.0,121.22,4.0,30.305
95.0,79155.0,1.0,24.18,10154.0,0.002381327555643096
79155.0,26858.0,2.0,26.08,2366.5,3.7257142857142855
79155.0,5.0,10.0,48.89,1961.1,97.78
79155.0,88.0,2.0,47.43,11478.0,9.486
79155.0,13.0,37.0,69.36,5.135135135135135,34.68
79155.0,49.0,3.0,78.46,9.333333333333334,156.92
13.0,5.0,3.0,114.24,5.0,22.848
49.0,5.0,1.0,73.03,4.0,18.2575
5.0,33.0,1.0,114.67,14.0,8.190714285714286
33.0,22.0,1.0,24.53,3.0,8.176666666666668
22.0,120.0,2.0,86.98,6.5,43.49
120.0,5.0,2.0,44.14,6.5,22.07
22.0,5.0,1.0,121.22,9.0,13.46888888888889
88.0,95.0,12.0,53.3,1571.4166666666667,17.766666666666666
95.0,5.0,4.0,39.38,846.25,13.126666666666667
95.0,49.0,1.0,55.08,1797.0,0.03065108514190317
49.0,88.0,1.0,82.73,1793.0,0.046140546569994424
88.0,5.0,4.0,91.38,1350.25,182.76
37128.0,1650.0,15.0,46.17,7.4,92.34
37128.0,120.0,7.0,24.62,5.0,4.924
120.0,49.0,1.0,116.86,1.0,116.86
49.0,37128.0,1.0,123.73,4.0,30.9325
37128.0,32.0,2.0,37.47,6.5,9.3675
37128.0,34992.0,2.0,29.73,101.5,0.3096875
1650.0,34992.0,2.0,28.84,6.5,9.613333333333333
1650.0,120.0,1.0,52.38,7.0,7.482857142857143
120.0,34992.0,3.0,24.62,18.666666666666668,4.924
34992.0,84.0,8.0,70.51,5.375,17.6275
84.0,120.0,4.0,95.0,2.0,47.5
34992.0,23449.0,7.0,38.95,6.428571428571429,19.475
23449.0,95.0,10.0,98.54,5.4,49.27
95.0,34992.0,2.0,59.74,8.5,7.4675
95.0,84.0,4.0,76.73,1.0,76.73
120.0,23449.0,2.0,33.57,5.0,6.714
84.0,23449.0,1.0,93.7,5.0,18.740000000000002
84.0,5.0,1.0,58.5,6372.0,0.009180790960451978
5.0,33.0,1.0,114.67,15.0,7.644666666666667
33.0,66.0,2.0,211.28,221.0,3.6427586206896554
33.0,95.0,1.0,153.3,122.0,1.2565573770491805
95.0,88.0,1.0,53.3,477.0,0.11174004192872117
88.0,13.0,1.0,22.87,34.0,0.6726470588235295
13.0,22.0,1.0,223.94,48.0,4.665416666666666
84.0,5.0,3.0,58.5,1865.3333333333333,0.24173553719008264
5.0,120.0,1.0,44.14,3356.0,0.013152562574493445
120.0,32.0,2.0,54.21,3.0,18.07
32.0,23449.0,15.0,38.55,25.533333333333335,77.1
23449.0,33.0,6.0,55.85,2.0,111.7
23449.0,84.0,9.0,93.7,29.333333333333332,46.85
84.0,32.0,5.0,57.42,235.8,8.202857142857143
32.0,33.0,2.0,74.92,1.0,149.84
23449.0,95.0,12.0,98.54,36.833333333333336,197.08
95.0,120.0,1.0,73.6,7.0,10.514285714285714
120.0,84.0,3.0,95.0,83.33333333333333,23.75
120.0,23449.0,2.0,33.57,13.0,4.795714285714285
120.0,33.0,1.0,88.04,17.0,5.1788235294117655
23449.0,5230.0,16.0,43.57,10.125,10.8925
5230.0,33.0,3.0,99.18,0.3333333333333333,198.36
95.0,5230.0,1.0,55.43,7.0,7.918571428571428
5230.0,84.0,6.0,76.04,1967.3333333333333,25.346666666666668
95.0,84.0,4.0,76.73,2.0,38.365
5230.0,32.0,2.0,46.36,3.5,15.453333333333333
84.0,99.0,2.0,84.36,1304.0,0.07291270527225584
95.0,72974.0,3.0,79.58,2957.3333333333335,6.631666666666667
72974.0,22.0,2.0,78.32,10127.0,0.08008179959100203
22.0,95.0,4.0,157.9,4388.0,78.95
95.0,84.0,6.0,76.73,479.1666666666667,76.73
84.0,22.0,1.0,146.05,2702.0,0.05405255366395263
72974.0,120.0,2.0,16.71,612.5,0.14530434782608698
120.0,84.0,1.0,95.0,27.0,3.5185185185185186
84.0,72974.0,1.0,85.92,352.0,0.2440909090909091
72974.0,5.0,7.0,43.97,79.28571428571429,10.9925
5.0,120.0,1.0,44.14,261.0,0.16911877394636016
72974.0,49.0,3.0,116.26,84.33333333333333,116.26
72974.0,13.0,1.0,148.15,4.0,37.0375
13.0,88.0,1.0,22.87,6.0,3.811666666666667
88.0,72974.0,3.0,126.02,600.3333333333334,25.204
49.0,95.0,2.0,55.08,102.0,27.54
49.0,5.0,1.0,73.03,241.0,0.3030290456431535
5.0,84.0,2.0,58.5,100.5,14.625
95.0,32.0,1.0,87.51,1284.0,0.06815420560747663
32.0,5.0,2.0,48.84,6.5,97.68
32.0,120.0,1.0,54.21,1.0,54.21
120.0,95.0,1.0,73.6,9871.0,0.007456184783709857
95.0,5.0,2.0,39.38,691.0,0.19495049504950496
5.0,22.0,3.0,121.22,5.666666666666667,30.305
5.0,99.0,4.0,59.06,65.25,19.686666666666667
84.0,101.0,6.0,29.03,6.5,14.515
95.0,37740.0,2.0,73.57,47.0,24.52333333333333
37740.0,42280.0,881.0,91.55,16.712826333711693,183.1
42280.0,99.0,22.0,114.33,4.909090909090909,114.33
99.0,37740.0,20.0,122.76,5.05,61.38
42280.0,88.0,1.0,52.26,10212.0,0.005117508813160987
88.0,13.0,1.0,22.87,14815.0,0.001543705703678704
13.0,95.0,1.0,76.05,4049.0,0.018782415411212644
42280.0,90040.0,4.0,98.95,4.0,24.7375
90040.0,37740.0,4.0,14.87,1.0,14.87
79123.0,5.0,6.0,30.45,9133.666666666666,0.11236162361623615
79123.0,22.0,14.0,91.51,778.8571428571429,30.503333333333334
79123.0,95.0,6.0,69.35,14.666666666666666,23.116666666666664
5.0,22.0,1.0,121.22,3.0,40.406666666666666
22.0,95.0,1.0,157.9,0.0,315.8
95.0,5.0,1.0,39.38,10.0,3.938
5.0,8318.0,1.0,54.66,41895.0,0.0013046902971715001
8318.0,33.0,1.0,60.04,5599.0,0.010723343454188248
33.0,32.0,1.0,74.92,7058.0,0.010614905072258431
32.0,8318.0,1.0,26.39,13.0,2.0300000000000002
8318.0,54272.0,3.0,63.66,2.6666666666666665,127.32
54272.0,95.0,1.0,155.73,0.0,311.46
95.0,99.0,1.0,97.82,7.0,13.974285714285713
99.0,8318.0,1.0,4.53,29.0,0.15620689655172415
8318.0,95.0,2.0,93.33,13.0,10.37
8318.0,63927.0,1.0,24.04,0.0,48.08
63927.0,1438.0,5.0,6.32,3.4,12.64
1438.0,99.0,7.0,15.96,48.857142857142854,5.32
99.0,54272.0,4.0,59.51,776.0,9.918333333333333
54272.0,33.0,2.0,12.51,1708.0,0.009484457922668688
54272.0,25121.0,2.0,28.64,5.5,28.64
25121.0,22.0,1.0,30.18,1958.0,0.015413687436159345
22.0,99.0,3.0,64.39,514.3333333333334,10.731666666666667
25121.0,2516.0,1.0,13.93,10.0,1.393
2516.0,8318.0,4.0,29.43,4.5,58.86
2516.0,33.0,1.0,44.44,5858.0,0.007586206896551723
5.0,99.0,1.0,59.06,4989.0,0.01183804369613149
99.0,8318.0,1.0,4.53,20.0,0.2265
8318.0,32.0,2.0,26.39,3333.5,0.00894273127753304
32.0,60633.0,2.0,43.94,1403.0,0.03293853073463268
60633.0,99.0,2.0,50.28,889.5,5.586666666666667
99.0,88.0,1.0,147.2,4.0,36.8
88.0,60633.0,1.0,97.93,0.0,195.86
60633.0,84.0,4.0,64.21,859.5,21.403333333333332
84.0,99.0,1.0,84.36,3.0,28.12
84.0,8318.0,1.0,81.98,15737.0,0.005209379170108662
60633.0,120.0,4.0,34.38,4.5,34.38
60633.0,13.0,4.0,120.7,4.0,40.233333333333334
32.0,8318.0,2.0,26.39,6880.5,0.08826086956521739
8318.0,5.0,1.0,54.66,26248.0,0.0020824443767144163
5.0,32.0,1.0,48.84,21378.0,0.0022845916362615776
8318.0,22.0,8.0,68.16,63.625,22.72
8318.0,29230.0,3.0,34.06,4.0,68.12
29230.0,95.0,2.0,116.21,4.0,29.0525
95.0,40189.0,8.0,124.37,4.125,124.37
40189.0,29230.0,9.0,22.83,1.3333333333333333,45.66
40189.0,89802.0,2.0,19.42,6.5,19.42
40189.0,49081.0,1.0,18.03,1.0,18.03
49081.0,99.0,2.0,27.22,481.5,0.07799426934097421
49081.0,8318.0,9.0,29.43,7.333333333333333,29.43
8318.0,120.0,2.0,36.95,6.5,36.95
8318.0,54272.0,7.0,63.66,33.57142857142857,63.66
54272.0,120.0,6.0,87.21,6.5,87.21
95.0,64102.0,2.0,27.07,3697.0,0.007384069830878342
95.0,22075.0,1.0,38.05,101.0,0.3767326732673267
22075.0,5.0,2.0,77.42,191.0,0.4349438202247191
22075.0,64102.0,1.0,42.2,18199.0,0.0023188087257541624
64102.0,5.0,1.0,51.2,204.0,0.25098039215686274
99.0,54272.0,1.0,59.51,13100.0,0.004542748091603053
54272.0,5.0,5.0,117.96,519.4,23.592
5.0,32.0,1.0,48.84,2118.0,0.023059490084985836
32.0,33.0,1.0,74.92,8719.0,0.008592728523913294
33.0,54272.0,1.0,12.51,1.0,12.51
54272.0,120.0,2.0,87.21,502.5,87.21
54272.0,13003.0,1.0,29.07,411.0,0.07072992700729927
13003.0,5.0,2.0,89.18,100.0,22.295
99.0,8318.0,3.0,4.53,3216.3333333333335,2.265
8318.0,120.0,7.0,36.95,1662.2857142857142,73.9
120.0,32.0,1.0,54.21,8175.0,0.006631192660550459
32.0,8318.0,1.0,26.39,0.0,52.78
8318.0,57354.0,1.0,18.03,6541.0,0.0027564592569943435
57354.0,32.0,2.0,38.72,8046.5,0.09902813299232736
57354.0,89802.0,1.0,23.85,1.0,23.85
89802.0,49081.0,1.0,10.2,26.0,0.3923076923076923
49081.0,13003.0,2.0,20.62,435.5,0.10683937823834197
49081.0,8318.0,4.0,29.43,3.25,58.86
49081.0,99.0,8.0,27.22,10.5,4.536666666666666
49081.0,54272.0,1.0,42.54,13.0,3.272307692307692
54272.0,99.0,16.0,59.51,181.4375,11.902
8318.0,54272.0,8.0,63.66,2.75,127.32
8318.0,95.0,2.0,93.33,6.5,23.3325
54272.0,120.0,20.0,87.21,10.65,174.42
54272.0,33.0,2.0,12.51,1467.0,2.502
99.0,60297.0,1.0,46.29,10323.0,0.004484161580935775
60297.0,22.0,1.0,19.2,2093.0,0.009173435260391782
22.0,8318.0,1.0,68.16,145.0,0.47006896551724137
8318.0,60297.0,16.0,50.33,1559.4375,50.33
60297.0,54272.0,1.0,13.6,0.0,27.2
54272.0,57354.0,1.0,72.95,5952.0,0.01225638440860215
57354.0,60297.0,119.0,59.36,10.529411764705882,118.72
60297.0,96.0,4.0,161.31,4.5,322.62
8318.0,57354.0,1.0,18.03,1754.0,0.010279361459521096
57354.0,95.0,3.0,83.16,7.0,20.79
60297.0,120.0,10.0,73.94,214.1,147.88
60297.0,95.0,1.0,142.13,1.0,142.13
88.0,39236.0,1.0,21.81,3853.0,0.005660524266805087
39236.0,2552.0,1.0,33.14,50284.0,0.0006590565587463209
2552.0,13.0,1.0,11.52,4208.0,0.0027376425855513307
13.0,39236.0,1.0,44.59,6.0,7.4316666666666675
39236.0,40696.0,4.0,19.7,1.25,39.4
39236.0,14512.0,5.0,13.34,5.2,3.335
14512.0,40696.0,6.0,25.81,4.333333333333333,51.62
14512.0,95.0,1.0,32.25,18.0,1.7916666666666667
95.0,92.0,2.0,156.67,2727.5,0.15049951969260325
95.0,2552.0,11.0,64.62,7.818181818181818,64.62
2552.0,5.0,2.0,102.73,3.0,205.46
2552.0,71624.0,1.0,45.79,6.0,7.631666666666667
71624.0,5.0,1.0,76.16,0.0,152.32
5.0,92.0,5.0,160.5,0.8,321.0
92.0,80467.0,10.0,169.98,2.3,339.96
80467.0,64102.0,2.0,24.04,0.5,48.08
80467.0,72315.0,2.0,49.93,3.0,16.643333333333334
80467.0,5.0,22.0,63.06,74.36363636363636,126.12
80467.0,99.0,8.0,122.07,3.875,61.035
99.0,5.0,7.0,59.06,3.2857142857142856,29.53
92.0,22.0,5.0,180.08,3.0,60.02666666666667
22.0,80467.0,5.0,182.99,1.0,182.99
99.0,22.0,2.0,64.39,6.5,10.731666666666667
99.0,33.0,1.0,55.62,2.0,27.81
33.0,5.0,1.0,114.67,0.0,229.34
95.0,5.0,2.0,39.38,5700.5,7.876
5.0,84.0,3.0,58.5,3264.3333333333335,8.357142857142858
84.0,120.0,3.0,95.0,3548.6666666666665,47.5
120.0,22.0,1.0,86.98,1.0,86.98
22.0,84.0,2.0,146.05,19.5,12.170833333333334
22.0,5.0,1.0,121.22,3928.0,0.03086048879837067
95.0,22.0,3.0,157.9,9164.333333333334,1.9737500000000001
5.0,120.0,1.0,44.14,629.0,0.07017488076311605
120.0,84.0,2.0,95.0,1095.0,0.1332398316970547
84.0,88.0,1.0,126.06,10.0,12.606
88.0,95.0,1.0,53.3,13.0,4.1
95.0,30620.0,1.0,10.78,0.0,21.56
30620.0,9048.0,11.0,27.07,3.4545454545454546,54.14
9048.0,84.0,1.0,65.56,0.0,131.12
120.0,30620.0,5.0,74.02,0.0,148.04
30620.0,33.0,7.0,157.02,0.0,314.04
30620.0,22.0,4.0,160.02,6.5,53.34
22.0,9048.0,9.0,138.33,1.2222222222222223,276.66
33.0,120.0,2.0,88.04,0.0,176.08
120.0,22.0,5.0,86.98,8.6,28.993333333333336
33.0,22.0,2.0,24.53,3.0,8.176666666666668
120.0,9048.0,1.0,56.3,3.0,18.766666666666666
33.0,9048.0,3.0,132.97,5.333333333333333,265.94
99.0,5.0,4.0,59.06,9632.5,29.53
99.0,95.0,3.0,97.82,28.333333333333332,13.974285714285713
99.0,30620.0,2.0,102.03,3.0,34.01
30620.0,95.0,8.0,10.78,8.125,3.5933333333333333
95.0,22.0,8.0,157.9,0.75,315.8
22.0,30620.0,5.0,160.02,181.4,40.005
30620.0,84.0,6.0,87.25,3.0,29.083333333333332
84.0,95.0,1.0,76.73,1.0,76.73
84.0,22.0,5.0,146.05,1.0,146.05
99.0,84.0,1.0,84.36,921.0,0.09159609120521173
84.0,22.0,1.0,146.05,4361.0,0.03349002522357258
22.0,120.0,2.0,86.98,1758.5,10.8725
120.0,5.0,1.0,44.14,8845.0,0.004990390050876202
5.0,95.0,1.0,39.38,8908.0,0.0044207453973956
95.0,9048.0,1.0,20.55,61.0,0.3368852459016394
9048.0,7781.0,1.0,22.02,4.0,5.505
7781.0,95138.0,1.0,17.0,5.0,3.4
95138.0,99.0,14.0,63.9,4.857142857142857,63.9
95138.0,72974.0,7.0,58.42,2.4285714285714284,58.42
72974.0,99.0,1.0,24.26,8.0,3.0325
95138.0,44047.0,1.0,47.38,10.0,4.738
44047.0,99.0,5.0,99.63,8.6,33.21
99.0,82139.0,4.0,90.56,4.0,30.186666666666667
82139.0,95138.0,1.0,31.95,3.0,10.65
82139.0,99842.0,1.0,44.05,3694.0,0.011924742826204655
99842.0,22.0,1.0,151.04,3.0,50.346666666666664
22.0,95728.0,16.0,129.39,52.6875,258.78
95728.0,88.0,17.0,77.35,4.647058823529412,154.7
88.0,22.0,1.0,202.54,3.0,67.51333333333334
95728.0,82139.0,8.0,36.06,4.75,36.06
95728.0,30961.0,1.0,20.12,1.0,20.12
30961.0,82139.0,10.0,31.38,3.6,62.76
30961.0,95.0,4.0,40.06,6.0,40.06
30961.0,88.0,2.0,92.87,6.5,92.87
30961.0,90575.0,3.0,11.18,6.0,2.795
90575.0,82139.0,10.0,21.26,9.6,42.52
82139.0,22.0,5.0,154.3,0.6,308.6
22.0,90575.0,6.0,133.08,6.166666666666667,266.16
30961.0,22.0,2.0,123.25,0.5,246.5
90575.0,120.0,9.0,59.67,4.666666666666667,119.34
120.0,82139.0,1.0,78.21,4.0,19.5525
90575.0,88.0,6.0,89.83,6.666666666666667,179.66
88.0,120.0,1.0,115.57,1.0,115.57
88.0,5.0,2.0,91.38,0.0,182.76
5.0,59163.0,5.0,31.78,13.6,10.593333333333334
59163.0,88.0,1.0,89.69,35.0,2.5625714285714287
99.0,33.0,3.0,55.62,896.3333333333334,18.54
33.0,22.0,7.0,24.53,1640.4285714285713,8.176666666666668
33.0,66.0,2.0,211.28,3331.0,3.8414545454545457
22.0,99.0,2.0,64.39,20.0,9.198571428571428
22.0,120.0,3.0,86.98,14.333333333333334,28.993333333333336
120.0,33.0,2.0,88.04,13.0,88.04
22.0,5.0,1.0,121.22,335.0,0.3618507462686567
5.0,120.0,2.0,44.14,1.0,44.14
120.0,95.0,1.0,73.6,4.0,18.4
95.0,5.0,3.0,39.38,419.0,4.9225
22.0,95.0,1.0,157.9,221.0,0.7144796380090498
95.0,33.0,1.0,153.3,152.0,1.0085526315789475
54272.0,120.0,15.0,87.21,1041.2666666666667,174.42
120.0,5.0,1.0,44.14,15262.0,0.002892150438998821
5.0,33.0,1.0,114.67,3557.0,0.03223784087714366
33.0,54272.0,1.0,12.51,3.0,4.17
54272.0,63927.0,2.0,43.57,2.0,43.57
54272.0,96.0,1.0,148.09,62.0,2.3885483870967743
96.0,10312.0,1.0,203.48,3739.0,0.05442096817330837
10312.0,95.0,4.0,97.99,34.0,97.99
10312.0,63927.0,1.0,17.09,104.0,0.16432692307692306
63927.0,49081.0,1.0,6.32,13.0,0.48615384615384616
49081.0,10312.0,2.0,22.36,0.0,44.72
10312.0,120.0,4.0,36.66,61.75,73.32
49081.0,95.0,2.0,114.89,15.0,28.7225
95.0,13.0,1.0,76.05,5.0,15.209999999999999
13.0,5.0,2.0,114.24,4.0,28.56
5.0,95.0,3.0,39.38,10.0,9.845
49081.0,13.0,1.0,181.61,5.0,36.322
5.0,49081.0,9.0,78.83,12.444444444444445,78.83
5.0,13397.0,2.0,81.45,19.0,6.7875000000000005
49081.0,120.0,1.0,44.67,13.0,3.436153846153846
54272.0,5.0,2.0,117.96,4.5,117.96
54272.0,32.0,11.0,81.87,22.363636363636363,81.87
32.0,120.0,6.0,54.21,52.0,54.21
54272.0,22.0,1.0,12.05,65.0,0.1853846153846154
22.0,32.0,5.0,88.88,17.6,29.626666666666665
120.0,22.0,1.0,86.98,108.0,0.8053703703703704
22.0,33.0,3.0,24.53,10.0,8.176666666666668
33.0,99.0,5.0,55.62,10.8,18.54
22.0,99.0,1.0,64.39,7.0,9.198571428571428
99.0,33.0,6.0,55.62,12.166666666666666,13.905
99.0,22.0,4.0,64.39,3475.25,10.731666666666667
33.0,22.0,6.0,24.53,10.0,8.176666666666668
33.0,32.0,2.0,74.92,13.0,6.243333333333333
33.0,120.0,2.0,88.04,26.0,8.804
84.0,5.0,2.0,58.5,11301.5,3.4411764705882355
84.0,55227.0,1.0,82.46,9.0,9.162222222222221
55227.0,80124.0,2.0,33.02,2.0,33.02
55227.0,99.0,2.0,82.71,4.5,41.355
55227.0,43570.0,2.0,24.6,448.5,0.05913461538461539
55227.0,54349.0,1.0,5.66,1563.0,0.0036212412028150992
54349.0,43570.0,5.0,19.31,124.2,38.62
43570.0,62742.0,2.0,14.42,18.0,3.605
43570.0,23449.0,6.0,70.72,3.8333333333333335,141.44
43570.0,23064.0,2.0,30.68,4.5,61.36
43570.0,30620.0,4.0,37.12,11.0,74.24
43570.0,29250.0,1.0,25.96,3.0,8.653333333333334
29250.0,59163.0,2.0,52.89,5.0,52.89
29250.0,23064.0,23.0,41.34,24.695652173913043,82.68
29250.0,23449.0,2.0,61.74,1.5,123.48
29250.0,2344.0,5.0,30.59,4.0,61.18
29250.0,120.0,2.0,33.03,5.0,66.06
120.0,2344.0,1.0,19.69,0.0,39.38
120.0,23064.0,1.0,74.05,312.0,0.23733974358974358
29250.0,48812.0,1.0,39.82,5.0,7.964
48812.0,84.0,4.0,81.44,32.5,81.44
48812.0,85658.0,1.0,27.02,3.0,9.006666666666666
85658.0,84.0,8.0,74.41,1.625,148.82
85658.0,57108.0,1.0,24.17,1.0,24.17
57108.0,48812.0,5.0,50.77,5.2,50.77
48812.0,30620.0,3.0,5.83,14.333333333333334,11.66
48812.0,72974.0,2.0,79.81,2.0,159.62
30620.0,9048.0,9.0,27.07,2.3333333333333335,54.14
9048.0,120.0,3.0,56.3,4.333333333333333,112.6
9048.0,84.0,11.0,65.56,1.5454545454545454,131.12
9048.0,65098.0,7.0,17.12,2.857142857142857,34.24
65098.0,30620.0,3.0,31.4,8.333333333333334,3.925
30620.0,33.0,2.0,157.02,0.5,314.04
33.0,120.0,1.0,88.04,0.0,176.08
30620.0,84.0,4.0,87.25,2.75,43.625
9048.0,33.0,1.0,132.97,0.0,265.94
84.0,72974.0,2.0,85.92,1.0,85.92
72974.0,9048.0,1.0,60.14,8.0,7.5175
72974.0,73376.0,2.0,40.5,4.5,40.5
73376.0,30620.0,11.0,41.62,1.4545454545454546,83.24
84.0,73376.0,7.0,77.06,2.0,154.12
84.0,99.0,1.0,84.36,22221.0,0.0037964088024841367
99.0,5.0,1.0,59.06,7228.0,0.008171001660210293
5.0,95.0,2.0,39.38,500.5,9.845
95.0,84.0,1.0,76.73,13344.0,0.005750149880095924
84.0,5.0,1.0,58.5,398.0,0.14698492462311558
5.0,88.0,3.0,91.38,1.0,182.76
88.0,95.0,1.0,53.3,82.0,0.6499999999999999
88.0,84.0,2.0,126.06,598.0,14.006666666666668
5.0,22.0,1.0,121.22,4.0,30.305
22.0,95.0,1.0,157.9,598.0,0.26404682274247493
84.0,9048.0,1.0,65.56,47739.0,0.0013733006556484217
9048.0,22.0,5.0,138.33,3.4,276.66
9048.0,88.0,3.0,72.81,4.333333333333333,145.62
22.0,49.0,1.0,190.46,1.0,190.46
49.0,88.0,1.0,82.73,8.0,10.34125
22.0,59104.0,1.0,119.1,12354.0,0.00964060223409422
59104.0,30620.0,1.0,41.05,5871.0,0.006991994549480497
30620.0,72974.0,1.0,82.1,3037.0,0.027033256503128086
72974.0,84.0,1.0,85.92,17213.0,0.004991576134317086
84.0,52980.0,1.0,43.88,8.0,5.485
52980.0,59104.0,211.0,42.3,8.127962085308058,84.6
59104.0,99.0,17.0,61.76,8.176470588235293,10.293333333333333
99.0,52980.0,17.0,82.27,2.4705882352941178,82.27
13.0,5.0,2.0,114.24,13.0,114.24
13.0,88.0,1.0,22.87,28.0,0.8167857142857143
88.0,95.0,4.0,53.3,19.25,13.325
95.0,33.0,1.0,153.3,10.0,15.330000000000002
33.0,120.0,2.0,88.04,13.0,8.804
33.0,66.0,1.0,211.28,59.0,3.5810169491525423
66.0,5.0,1.0,325.65,92.0,3.5396739130434782
5.0,95.0,1.0,39.38,16.0,2.46125
66.0,96.0,1.0,64.72,148.0,0.43729729729729727
96.0,22.0,1.0,150.17,317.0,0.47372239747634065
22.0,33.0,3.0,24.53,11.666666666666666,6.1325
33.0,5.0,1.0,114.67,78.0,1.4701282051282052
5.0,22.0,1.0,121.22,3.0,40.406666666666666
22.0,32.0,1.0,88.88,113.0,0.7865486725663716
32.0,5.0,1.0,48.84,1158.0,0.04217616580310881
33.0,22.0,1.0,24.53,446.0,0.055
22.0,32.0,4.0,88.88,1954.25,9.875555555555556
32.0,120.0,2.0,54.21,5321.0,0.018835997220291868
120.0,22.0,3.0,86.98,3357.6666666666665,0.4392929292929293
95.0,88.0,2.0,53.3,3805.0,0.015280963302752294
88.0,5.0,2.0,91.38,3885.0,0.10983173076923076
5.0,13.0,1.0,114.24,1350.0,0.08462222222222222
13.0,95.0,1.0,76.05,8732.0,0.008709344938158498
5.0,95.0,1.0,39.38,7113.0,0.005536341909180374
84.0,9048.0,1.0,65.56,15694.0,0.0041773926341276925
9048.0,95.0,2.0,20.55,11788.0,0.3368852459016394
9048.0,120.0,2.0,56.3,21.5,14.075
9048.0,71721.0,4.0,38.91,4.5,77.82
9048.0,88.0,3.0,72.81,1.6666666666666667,72.81
88.0,79100.0,3.0,98.08,2.3333333333333335,98.08
79100.0,120.0,4.0,70.2,4.25,70.2
79100.0,33.0,5.0,126.55,4.0,253.1
79100.0,13.0,4.0,120.3,4.25,40.1
79100.0,22.0,8.0,137.55,5.375,275.1
79100.0,71721.0,8.0,9.49,27.625,3.1633333333333336
22.0,71721.0,7.0,130.36,5.0,130.36
71721.0,32.0,6.0,43.81,23.833333333333332,87.62
33.0,71721.0,9.0,118.42,6.111111111111111,236.84
71721.0,120.0,2.0,67.87,2.5,67.87
71721.0,95.0,18.0,54.22,20.61111111111111,108.44
22.0,120.0,1.0,86.98,49.0,1.7751020408163267
120.0,95.0,1.0,73.6,4.0,18.4
95.0,88.0,1.0,53.3,8.0,6.6625
88.0,71721.0,1.0,106.88,1.0,106.88
71721.0,5.0,1.0,29.46,130.0,0.22661538461538464
5.0,95.0,2.0,39.38,5.0,39.38
5.0,22.0,2.0,121.22,6.5,30.305
5.0,32.0,1.0,48.84,393.0,0.12427480916030535
95.0,5.0,2.0,39.38,5689.0,0.009173072443512696
95.0,88.0,1.0,53.3,1950.0,0.02733333333333333
88.0,5.0,2.0,91.38,168.5,182.76
88.0,49.0,1.0,82.73,1165.0,0.0710128755364807
49.0,95.0,1.0,55.08,988.0,0.05574898785425101
95.0,13.0,1.0,76.05,316.0,0.2406645569620253
13.0,5.0,1.0,114.24,4848.0,0.023564356435643564
5.0,49.0,1.0,73.03,2218.0,0.03292605951307484
96.0,99.0,1.0,203.16,28.0,7.255714285714285
99.0,33.0,1.0,55.62,3.0,18.54
33.0,88.0,1.0,201.51,26.0,7.750384615384615
88.0,95.0,2.0,53.3,13.0,106.6
88.0,92.0,1.0,149.17,20815.0,0.007166466490511649
92.0,22.0,1.0,180.08,159.0,1.1325786163522014
22.0,33.0,6.0,24.53,9.0,8.176666666666668
33.0,5.0,2.0,114.67,7882.5,4.410384615384616
22.0,96.0,1.0,150.17,17.0,8.833529411764705
96.0,66.0,1.0,64.72,14.0,4.622857142857143
22.0,120.0,3.0,86.98,908.6666666666666,0.1536749116607774
120.0,99.0,2.0,40.56,605.0,0.0672636815920398
120.0,5.0,1.0,44.14,7354.0,0.0060021756867011155
9048.0,22.0,4.0,138.33,5048.25,276.66
22.0,71721.0,2.0,130.36,1.0,130.36
71721.0,9048.0,2.0,38.91,10.0,4.86375
9048.0,75655.0,5.0,9.85,4.6,9.85
75655.0,94637.0,6.0,26.31,208.33333333333334,8.77
75655.0,22.0,1.0,142.05,3.0,47.35
22.0,94637.0,3.0,158.02,2.6666666666666665,316.04
94637.0,52980.0,15.0,37.58,7.2,37.58
94637.0,99310.0,6.0,37.2,21.0,37.2
52980.0,95.0,8.0,32.95,11.75,65.9
52980.0,22.0,7.0,146.27,4.571428571428571,146.27
22.0,95.0,1.0,157.9,0.0,315.8
52980.0,120.0,5.0,72.46,26.2,144.92
95.0,54272.0,3.0,155.73,2.0,155.73
54272.0,52980.0,3.0,141.77,4.333333333333333,283.54
54272.0,120.0,3.0,87.21,27.0,10.90125
54272.0,32.0,2.0,81.87,6.0,163.74
32.0,66.0,2.0,281.86,13.0,28.186
120.0,32.0,2.0,54.21,26.0,4.17
95.0,5.0,1.0,39.38,164.0,0.24012195121951221
5.0,32.0,4.0,48.84,6.5,97.68
32.0,54272.0,1.0,81.87,0.0,163.74
54272.0,120.0,3.0,87.21,1.0,174.42
54272.0,5.0,5.0,117.96,4091.2,235.92
32.0,120.0,1.0,54.21,3.0,18.07
5.0,96.0,2.0,261.85,3696.5,0.17959533607681757
5.0,99.0,1.0,59.06,1586.0,0.037238335435056745
99.0,33.0,1.0,55.62,16.0,3.47625
95.0,66.0,1.0,364.53,14636.0,0.024906395189942605
66.0,96.0,1.0,64.72,12.0,5.3933333333333335
96.0,5.0,1.0,261.85,97.0,2.6994845360824744
5.0,99.0,5.0,59.06,223.6,29.53
99.0,120.0,3.0,40.56,26.333333333333332,40.56
99.0,33.0,1.0,55.62,1.0,55.62
33.0,5.0,1.0,114.67,1.0,114.67
5.0,22.0,1.0,121.22,4.0,30.305
22.0,99.0,1.0,64.39,7.0,9.198571428571428
32.0,5.0,7.0,48.84,124.71428571428571,97.68
5.0,120.0,1.0,44.14,1.0,44.14
120.0,54272.0,4.0,87.21,50.5,87.21
54272.0,5.0,4.0,117.96,4.5,235.92
54272.0,32.0,1.0,81.87,1.0,81.87
32.0,120.0,1.0,54.21,0.0,108.42
95.0,5.0,8.0,39.38,6.0,13.126666666666667
95.0,49.0,2.0,55.08,6.5,55.08
5.0,88.0,2.0,91.38,0.5,182.76
88.0,95.0,4.0,53.3,6.5,13.325
95.0,22.0,1.0,157.9,0.0,315.8
33.0,32.0,1.0,74.92,1.0,74.92
32.0,120.0,1.0,54.21,0.0,108.42
120.0,22.0,1.0,86.98,4.0,21.745
22.0,33.0,3.0,24.53,1738.6666666666667,12.265
49.0,95.0,2.0,55.08,6130.0,5.508
95.0,5.0,1.0,39.38,7612.0,0.0051734104046242775
5.0,92.0,1.0,160.5,83.0,1.9337349397590362
92.0,95.0,1.0,156.67,1864.0,0.08405042918454934
95.0,33.0,1.0,153.3,11735.0,0.01306348530038347
33.0,49.0,1.0,179.48,3125.0,0.057433599999999994
120.0,5.0,1.0,44.14,16725.0,0.0026391629297458892
5.0,13.0,1.0,114.24,3508.0,0.03256556442417332
13.0,33.0,1.0,223.7,9393.0,0.02381560736718833
33.0,22.0,1.0,24.53,1105.0,0.022199095022624436
22.0,96.0,1.0,150.17,1170.0,0.12835042735042734
96.0,120.0,1.0,235.24,51.0,4.612549019607843
120.0,22.0,1.0,86.98,442.0,0.1967873303167421
120.0,22.0,5.0,86.98,1526.4,0.20275058275058275
120.0,5.0,2.0,44.14,1947.0,0.146158940397351
120.0,99.0,2.0,40.56,1979.5,0.025161290322580646
22.0,5.0,2.0,121.22,19.5,7.57625
120.0,32.0,1.0,54.21,6953.0,0.007796634546239033
32.0,22.0,5.0,88.88,963.8,44.44
22.0,5.0,1.0,121.22,2555.0,0.047444227005870844
5.0,32.0,5.0,48.84,2445.0,48.84
32.0,95.0,2.0,87.51,32.5,4.861666666666667
88.0,95.0,1.0,53.3,2170.0,0.024562211981566818
95.0,5.0,1.0,39.38,4070.0,0.009675675675675677
5.0,9048.0,1.0,18.86,483.0,0.039047619047619046
9048.0,88.0,4.0,72.81,1129.0,0.2822093023255814
9048.0,99.0,2.0,77.41,270.0,0.5691911764705883
95.0,5.0,9.0,39.38,1126.888888888889,6.5633333333333335
5.0,88.0,3.0,91.38,841.0,0.32635714285714285
88.0,95.0,1.0,53.3,258.0,0.2065891472868217
95.0,22.0,2.0,157.9,626.5,1.1041958041958042
95.0,5.0,6.0,39.38,2030.6666666666667,6.5633333333333335
95.0,88.0,2.0,53.3,924.5,0.30457142857142855
95.0,49.0,6.0,55.08,11.0,18.36
95.0,88.0,1.0,53.3,1825.0,0.029205479452054792
88.0,99.0,1.0,147.2,394.0,0.37360406091370557
99.0,95.0,1.0,97.82,2104.0,0.04649239543726236
95.0,22.0,1.0,157.9,144.0,1.0965277777777778
22.0,5.0,1.0,121.22,32.0,3.788125
5.0,95.0,1.0,39.38,7.0,5.625714285714286
88.0,95.0,1.0,53.3,1446.0,0.03686030428769018
95.0,5.0,1.0,39.38,6211.0,0.0063403638705522465
5.0,49.0,1.0,73.03,214.0,0.34126168224299064
49.0,95.0,1.0,55.08,883.0,0.062378255945639866
95.0,99.0,2.0,97.82,1336.5,0.07965798045602605
95.0,92.0,1.0,156.67,1085.0,0.14439631336405528
33.0,1253.0,1.0,52.86,195.0,0.27107692307692305
1253.0,41479.0,1.0,34.48,35302.0,0.0009767152002719392
5.0,45686.0,1.0,25.64,7.0,3.662857142857143
45686.0,13.0,22.0,129.28,16.09090909090909,258.56
45686.0,49.0,4.0,98.67,3.0,197.34
45686.0,99.0,8.0,40.62,7.25,20.31
5.0,5230.0,2.0,22.66,3087.0,0.011005342399222923
5230.0,84.0,2.0,76.04,13.0,19.01
5.0,84.0,2.0,58.5,26.0,2.925
5.0,99.0,4.0,59.06,49.25,118.12
99.0,9048.0,4.0,77.41,134.5,154.82
9048.0,29230.0,3.0,97.19,7.666666666666667,97.19
99.0,29230.0,1.0,32.28,1.0,32.28
9048.0,5230.0,1.0,36.4,52.0,0.7
5230.0,99.0,1.0,45.01,13.0,3.462307692307692
99.0,8814.0,1.0,89.1,268.0,0.33246268656716416
8814.0,5230.0,2.0,46.1,4325.0,0.19208333333333333
8814.0,54467.0,2.0,72.42,26.5,8.046666666666667
8814.0,29230.0,4.0,106.78,123.25,26.695
8814.0,26858.0,1.0,33.24,1.0,33.24
26858.0,5230.0,9.0,77.52,9.0,19.38
5230.0,29230.0,1.0,60.88,4.0,15.22
29230.0,26858.0,9.0,136.82,4.444444444444445,45.60666666666666
26858.0,5.0,8.0,64.81,5.125,32.405
26858.0,30620.0,3.0,19.7,6.0,3.94
30620.0,57164.0,1.0,24.76,153.0,0.16183006535947714
57164.0,26858.0,1.0,43.83,63.0,0.6957142857142857
26858.0,72974.0,10.0,101.55,3.7,50.775
72974.0,57164.0,5.0,57.8,2.8,28.9
57164.0,29230.0,1.0,93.09,4.0,23.2725
29230.0,72974.0,8.0,37.2,3.25,12.4
29230.0,84.0,4.0,115.98,2.25,231.96
84.0,72974.0,13.0,85.92,1.0769230769230769,171.84
84.0,26858.0,8.0,100.87,3.75,50.435
26858.0,81533.0,1.0,36.4,4.0,9.1
81533.0,84.0,1.0,95.39,4.0,23.8475
5.0,29230.0,5.0,81.12,1.4,81.12
5.0,22.0,2.0,121.22,13.0,20.203333333333333
5.0,88.0,2.0,91.38,19.5,30.459999999999997
5.0,120.0,1.0,44.14,272.0,0.1622794117647059
120.0,95.0,1.0,73.6,1776.0,0.04144144144144144
95.0,5.0,2.0,39.38,59.0,4.375555555555556
95.0,99.0,1.0,97.82,4.0,24.455
5.0,41057.0,1.0,40.8,2.0,20.4
41057.0,22.0,10.0,80.43,18.0,20.1075
41057.0,88.0,32.0,126.73,22.375,253.46
41057.0,13568.0,16.0,50.33,41.0625,12.5825
41057.0,99223.0,465.0,15.62,46.47741935483871,31.24
99223.0,88.0,14.0,141.74,20.714285714285715,47.24666666666667
41057.0,33.0,9.0,75.15,43.666666666666664,150.3
33.0,99223.0,41.0,59.82,6.170731707317073,29.91
99223.0,105.0,5.0,119.01,11.8,17.001428571428573
105.0,41057.0,1.0,134.33,1119.0,0.12004468275245757
41057.0,32.0,2.0,31.02,1318.5,0.16240837696335078
5.0,29992.0,4.0,33.5,2010.5,4.785714285714286
5.0,88.0,1.0,91.38,3527.0,0.025908704281258858
88.0,29992.0,1.0,65.95,428.0,0.154088785046729
29992.0,82187.0,142.0,22.56,120.70422535211267,22.56
82187.0,95.0,1.0,16.25,8127.0,0.001999507813461302
95.0,29992.0,1.0,15.05,13.0,1.1576923076923078
22.0,54272.0,3.0,12.05,1009.3333333333334,2.41
54272.0,105.0,26.0,59.57,559.5,19.856666666666666
54272.0,5.0,4.0,117.96,47.25,23.592
54272.0,66.0,1.0,210.11,32.0,6.5659375
66.0,96.0,1.0,64.72,8.0,8.09
96.0,54272.0,3.0,148.09,1960.3333333333333,3.2193478260869566
54272.0,99.0,6.0,59.51,5.0,29.755
99.0,120.0,2.0,40.56,2.0,20.28
120.0,54272.0,2.0,87.21,4.0,21.8025
49.0,39208.0,1.0,45.99,0.0,91.98
39208.0,54272.0,12.0,171.33,167.41666666666666,42.8325
39208.0,33.0,9.0,168.5,29.77777777777778,33.7
39208.0,92.0,10.0,166.07,65.1,332.14
39208.0,13.0,14.0,66.48,616.9285714285714,132.96
39208.0,99.0,3.0,112.91,736.0,28.2275
99.0,54272.0,1.0,59.51,230.0,0.2587391304347826
54272.0,33.0,2.0,12.51,3109.0,0.008847241867043847
33.0,95.0,2.0,153.3,1360.5,0.17661290322580647
54272.0,105.0,6.0,59.57,8.333333333333334,29.785
54272.0,120.0,7.0,87.21,10.571428571428571,29.069999999999997
120.0,39208.0,2.0,89.85,0.5,179.7
120.0,22.0,1.0,86.98,3.0,28.993333333333336
22.0,39208.0,2.0,173.78,13.0,19.308888888888887
22.0,33.0,1.0,24.53,6.0,4.088333333333334
39208.0,32.0,2.0,100.58,3172.5,0.08972346119536129
64102.0,9048.0,3.0,37.0,26.0,37.0
9048.0,3236.0,3.0,35.51,10380.0,0.14204
3236.0,64102.0,2.0,37.01,3.0,18.505
3236.0,52367.0,3.0,41.4,186.0,1.7249999999999999
52367.0,9048.0,1.0,31.06,17841.0,0.0017409338041589595
9048.0,88.0,20.0,72.81,44.05,145.62
9048.0,13.0,2.0,95.68,1130.5,0.22199535962877032
95.0,3236.0,2.0,16.64,429.5,0.05333333333333334
3236.0,33.0,4.0,165.96,22.75,55.32
33.0,32.0,1.0,74.92,4.0,18.73
32.0,84.0,4.0,57.42,8.0,28.71
84.0,3236.0,7.0,92.86,5.0,92.86
3236.0,5.0,3.0,54.13,2440.0,0.09770758122743682
3236.0,30620.0,2.0,8.94,71.5,2.98
3236.0,32.0,14.0,102.87,258.64285714285717,102.87
5.0,88.0,1.0,91.38,3622.0,0.025229155162893428
88.0,3236.0,1.0,37.3,26.0,1.4346153846153844
84.0,22.0,1.0,146.05,51.0,2.8637254901960785
22.0,3236.0,20.0,168.8,9.9,56.26666666666667
22.0,32.0,5.0,88.88,8.6,88.88
3236.0,120.0,5.0,82.56,1.0,165.12
120.0,22.0,2.0,86.98,6.0,21.745
3236.0,13.0,3.0,60.17,56.666666666666664,60.17
3236.0,99.0,34.0,110.97,38.23529411764706,221.94
33.0,120.0,1.0,88.04,95.0,0.9267368421052632
13.0,32.0,1.0,163.03,4418.0,0.0369013128112268
32.0,95.0,1.0,87.51,2211.0,0.03957937584803257
95.0,24817.0,1.0,12.71,6.0,2.1183333333333336
24817.0,66612.0,48.0,42.95,5.833333333333333,85.9
66612.0,36542.0,2255.0,2.24,6.669179600886918,4.48
36542.0,24817.0,45.0,45.19,3.911111111111111,90.38
66612.0,2360.0,2243.0,13.45,13.954079358002675,26.9
2360.0,105.0,2.0,165.71,6.5,82.855
13.0,48962.0,3.0,25.49,1213.3333333333333,50.98
48962.0,5.0,46.0,88.83,462.7608695652174,88.83
48962.0,2552.0,1.0,14.04,2002.0,0.0070129870129870125
2552.0,13.0,1.0,11.52,2197.0,0.0052435138825671366
13.0,41841.0,1.0,57.61,10.0,5.761
41841.0,48962.0,1.0,32.28,3.0,10.76
51552.0,92071.0,4.0,11.7,857.0,0.03333333333333333
92071.0,49.0,1.0,31.1,3154.0,0.009860494610019024
49.0,84.0,1.0,60.58,8628.0,0.007021325915623551
84.0,92071.0,1.0,29.5,79.0,0.37341772151898733
51552.0,120.0,1.0,90.21,32.0,2.8190625
120.0,96.0,1.0,235.24,50.0,4.7048000000000005
96.0,51552.0,1.0,281.32,1593.0,0.17659761456371625
51552.0,84.0,1.0,23.91,14211.0,0.0016824994722398142
49.0,64102.0,1.0,28.02,780.0,0.035923076923076926
64102.0,120.0,2.0,93.08,435.5,0.44966183574879226
64102.0,84.0,1.0,63.19,52.0,1.2151923076923077
84.0,32.0,1.0,57.42,140.0,0.41014285714285714
32.0,22.0,4.0,88.88,2.0,44.44
22.0,33.0,5.0,24.53,5.6,4.906000000000001
33.0,5.0,1.0,114.67,4.0,28.6675
5.0,32.0,1.0,48.84,2.0,24.42
33.0,32.0,2.0,74.92,6.0,12.486666666666666
22.0,64102.0,1.0,172.16,3371.0,0.051070898843073274
64102.0,5.0,2.0,51.2,3.5,17.066666666666666
5.0,13568.0,1.0,90.96,43.0,2.1153488372093023
13568.0,95390.0,25.0,47.63,23.72,11.9075
95390.0,54272.0,10.0,74.25,12.1,12.375
95390.0,91608.0,436.0,11.18,17.575688073394495,22.36
95390.0,41134.0,869.0,14.32,25.94476409666283,28.64
41134.0,105.0,20.0,119.89,14.15,59.945
105.0,95390.0,11.0,129.52,28.818181818181817,43.17333333333334
41134.0,91608.0,941.0,3.16,16.427205100956428,6.32
105.0,91608.0,7.0,122.19,25.0,20.365
57108.0,79100.0,10.0,42.3,491.4,42.3
79100.0,5.0,2.0,28.06,1383.0,4.676666666666667
57108.0,3236.0,30.0,62.61,5.933333333333334,31.305
57108.0,95.0,1.0,50.13,50824.0,0.0009863450338422793
54272.0,99.0,4.0,59.51,6.5,59.51
54272.0,105.0,3.0,59.57,35.333333333333336,8.51
87392.0,99.0,2.0,28.6,7153.0,1.1440000000000001
87392.0,120.0,4.0,63.14,6.5,12.628
87392.0,32.0,1.0,50.07,30.0,1.669
32.0,79123.0,1.0,26.28,48.0,0.5475
79123.0,120.0,1.0,30.13,8.0,3.76625
120.0,85543.0,1.0,53.59,9.0,5.954444444444444
85543.0,79123.0,2.0,46.4,12.0,92.8
85543.0,42740.0,1.0,19.21,39.0,0.4925641025641026
42740.0,22.0,10.0,65.68,5.3,21.893333333333334
22.0,33.0,3.0,24.53,6.0,4.088333333333334
33.0,42740.0,17.0,57.02,20.294117647058822,57.02
22.0,95.0,1.0,157.9,3.0,52.63333333333333
95.0,33.0,1.0,153.3,3.0,51.1
42740.0,120.0,1.0,39.6,29.0,1.3655172413793104
120.0,33.0,2.0,88.04,121.0,22.01
42740.0,8318.0,1.0,3.16,273.0,0.011575091575091576
8318.0,95.0,7.0,93.33,4.714285714285714,23.3325
95.0,120.0,1.0,73.6,0.0,147.2
120.0,8318.0,2.0,36.95,5.0,9.2375
8318.0,99.0,17.0,4.53,3.823529411764706,4.53
99.0,95.0,6.0,97.82,4.5,48.91
33.0,99.0,1.0,55.62,1.0,55.62
13.0,89441.0,1.0,31.57,10.0,3.157
89441.0,5.0,4.0,82.76,449.25,27.58666666666667
89441.0,95.0,2.0,44.53,2474.0,89.06
91636.0,60297.0,9.0,43.05,129.44444444444446,43.05
60297.0,8318.0,51.0,50.33,492.11764705882354,50.33
60297.0,105.0,21.0,72.51,211.42857142857142,36.255
60297.0,99.0,2.0,46.29,1832.0,1.0286666666666666
60297.0,57354.0,24.0,59.36,10.041666666666666,59.36
57354.0,15637.0,5.0,47.17,1.0,94.34
15637.0,60297.0,49.0,106.53,6.73469387755102,213.06
57354.0,8318.0,1.0,18.03,5.0,3.6060000000000003
15637.0,8318.0,7.0,60.08,6.0,30.04
8318.0,105.0,1.0,119.02,233.0,0.5108154506437768
60297.0,13.0,1.0,210.62,7.0,30.08857142857143
13.0,15637.0,1.0,105.15,1.0,105.15
60297.0,13568.0,2.0,13.6,3590.5,2.7199999999999998
60297.0,28847.0,2.0,31.83,2.5,31.83
22.0,99.0,18.0,64.39,3265.5,10.731666666666667
22.0,105.0,2.0,63.38,96.5,1.5845
22.0,33.0,2.0,24.53,6.5,4.088333333333334
33.0,22.0,6.0,24.53,4330.5,4.088333333333334
33.0,32.0,1.0,74.92,161.0,0.4653416149068323
32.0,99.0,1.0,27.73,31826.0,0.0008713001948092755
95.0,3236.0,3.0,16.64,6731.333333333333,0.4266666666666667
3236.0,9048.0,1.0,35.51,6711.0,0.005291312770078975
9048.0,69143.0,1.0,70.01,3.0,23.33666666666667
69143.0,3236.0,7.0,101.24,8.857142857142858,50.62
3236.0,52367.0,2.0,41.4,6.5,82.8
69143.0,120.0,1.0,24.55,96.0,0.2557291666666667
120.0,3236.0,4.0,82.56,2.5,165.12
3236.0,32.0,5.0,102.87,8.4,51.435
32.0,69143.0,1.0,38.38,3.0,12.793333333333335
3236.0,13.0,18.0,60.17,13.166666666666666,60.17
13.0,49.0,1.0,99.52,0.0,199.04
49.0,3236.0,17.0,63.4,61.411764705882355,126.8
3236.0,22.0,41.0,168.8,5.439024390243903,168.8
3236.0,84.0,19.0,92.86,6.2631578947368425,92.86
3236.0,33.0,15.0,165.96,3.6666666666666665,165.96
3236.0,101.0,4.0,104.65,24.5,104.65
32.0,22.0,2.0,88.88,1.0,88.88
22.0,13.0,1.0,223.94,1.0,223.94
13.0,120.0,1.0,137.04,1.0,137.04
120.0,33.0,1.0,88.04,5.0,17.608
3236.0,99.0,15.0,110.97,9.0,55.485
13.0,99.0,1.0,169.72,0.0,339.44
99.0,84.0,2.0,84.36,5.0,16.872
120.0,84.0,1.0,95.0,3.0,31.666666666666668
54272.0,13568.0,4.0,27.2,101.5,27.2
13568.0,91636.0,11.0,56.6,3634.5454545454545,56.6
91636.0,54272.0,1.0,29.53,5.0,5.906000000000001
13568.0,22.0,2.0,31.02,3520.5,3.102
13568.0,99.0,2.0,33.38,1305.5,8.345
13568.0,33.0,2.0,27.47,4.0,13.735
13568.0,105.0,6.0,85.66,81.5,3.059285714285714
13568.0,33.0,2.0,27.47,6.5,6.8675
13568.0,22.0,1.0,31.02,3827.0,0.008105565717272015
22.0,105.0,2.0,63.38,26.0,9.054285714285715
22.0,64291.0,1.0,35.81,847.0,0.04227863046044864
64291.0,105.0,3.0,94.31,225.0,0.5298314606741573
64291.0,80824.0,160.0,13.6,54.95,27.2
80824.0,32.0,41.0,68.37,154.1951219512195,136.74
32.0,64291.0,7.0,58.37,109.57142857142857,5.306363636363636
80824.0,105.0,11.0,81.41,63.90909090909091,9.045555555555556
5.0,8318.0,2.0,54.66,1971.5,0.028262668045501548
5.0,99.0,1.0,59.06,147.0,0.4017687074829932
99.0,8318.0,1.0,4.53,4199.0,0.0010788282924505835
8318.0,32.0,4.0,26.39,1138.25,52.78
8318.0,42740.0,4.0,3.16,3749.5,0.24307692307692308
42740.0,32.0,2.0,27.0,8861.5,2.4545454545454546
42740.0,101.0,2.0,112.4,19.5,14.05
8318.0,120.0,5.0,36.95,8.6,12.316666666666668
8318.0,22.0,3.0,68.16,436.0,17.04
120.0,22.0,1.0,86.98,1.0,86.98
22.0,33.0,3.0,24.53,6.0,4.088333333333334
33.0,8318.0,2.0,60.04,17.5,20.013333333333332
22.0,95.0,1.0,157.9,5.0,31.580000000000002
95.0,33.0,1.0,153.3,2.0,76.65
8318.0,84.0,4.0,81.98,6.5,40.99
42740.0,95.0,2.0,96.42,6.5,16.07
95.0,26858.0,1.0,26.44,720.0,0.036722222222222226
26858.0,92.0,2.0,150.18,1707.5,0.28605714285714284
26858.0,88.0,2.0,26.87,3118.5,0.0627803738317757
26858.0,13.0,4.0,49.67,926.5,49.67
26858.0,5.0,4.0,64.81,4.5,32.405
26858.0,47028.0,1.0,32.8,13.0,2.523076923076923
47028.0,5.0,4.0,60.37,5.5,20.12333333333333
47028.0,13.0,4.0,71.96,126.25,35.98
47028.0,49.0,1.0,32.52,12.0,2.7100000000000004
49.0,26858.0,3.0,65.32,9.0,65.32
95.0,76636.0,1.0,6.27,2108.0,0.0029743833017077796
76636.0,105.0,10.0,216.04,177.6,432.08
76636.0,92.0,10.0,162.35,12.4,324.7
76636.0,22.0,7.0,162.43,11.0,162.43
76636.0,13.0,21.0,75.27,64.57142857142857,150.54
76636.0,120.0,10.0,78.93,58.1,78.93
120.0,54272.0,7.0,87.21,4.428571428571429,29.069999999999997
54272.0,66.0,1.0,210.11,26.0,8.081153846153846
66.0,76636.0,1.0,368.22,3.0,122.74000000000001
76636.0,33.0,2.0,157.12,69.5,15.712
33.0,13397.0,2.0,33.7,6.5,6.74
76636.0,13397.0,5.0,124.02,60.0,17.717142857142857
13397.0,99.0,1.0,22.79,2.0,11.395
99.0,120.0,2.0,40.56,3.5,20.28
120.0,13397.0,1.0,60.52,2.0,30.26
13397.0,54272.0,1.0,39.82,4.0,9.955
54272.0,99.0,7.0,59.51,1.1428571428571428,59.51
99.0,76636.0,17.0,101.53,52.88235294117647,101.53
76636.0,32.0,11.0,89.73,3.6363636363636362,44.865
32.0,54272.0,13.0,81.87,3.769230769230769,27.290000000000003
54272.0,76636.0,45.0,159.93,3.0444444444444443,159.93
76636.0,84.0,3.0,74.68,317.3333333333333,37.34
13.0,99.0,1.0,169.72,0.0,339.44
22.0,84.0,1.0,146.05,0.0,292.1
120.0,32.0,6.0,54.21,1.0,54.21
95.0,9048.0,1.0,20.55,3799.0,0.005409318241642537
9048.0,99.0,2.0,77.41,511.0,154.82
9048.0,92.0,2.0,156.74,6.5,26.123333333333335
9048.0,5.0,2.0,18.86,1381.0,0.05949526813880126
9048.0,72027.0,1.0,14.87,3.0,4.956666666666666
72027.0,23449.0,3.0,81.63,4.666666666666667,81.63
72027.0,99062.0,2.0,81.15,4.5,27.05
23449.0,99062.0,2.0,12.08,7.0,2.013333333333333
23449.0,10321.0,1.0,3.61,52.0,0.06942307692307692
10321.0,33.0,2.0,55.35,32.0,11.07
10321.0,72027.0,1.0,81.88,1818.0,0.045038503850385034
72027.0,49.0,26.0,72.53,68.6923076923077,18.1325
72027.0,13.0,33.0,87.35,21.09090909090909,174.7
13.0,101.0,1.0,151.73,4.0,37.9325
101.0,22.0,1.0,174.47,254.0,0.6868897637795276
22.0,72027.0,11.0,140.02,19.363636363636363,70.01
72027.0,32.0,4.0,77.0,244.25,0.7938144329896907
72027.0,96372.0,5.0,105.0,179.6,26.25
13.0,54272.0,1.0,224.05,3.0,74.68333333333334
54272.0,72027.0,3.0,138.68,5.666666666666667,138.68
72027.0,101.0,6.0,99.36,23.833333333333332,24.84
72027.0,85722.0,228.0,75.58,14.947368421052632,75.58
85722.0,49.0,7.0,122.73,29.0,30.6825
72027.0,84.0,1.0,80.41,843.0,0.09538552787663107
84.0,49.0,1.0,60.58,104.0,0.5825
13.0,85722.0,15.0,162.52,1.6,162.52
85722.0,54272.0,12.0,64.44,6.666666666666667,64.44
85722.0,92.0,1.0,163.11,1.0,163.11
92.0,72027.0,11.0,142.73,5.090909090909091,71.365
85722.0,96372.0,9.0,31.06,2.4444444444444446,62.12
96372.0,54272.0,2.0,44.38,3.0,14.793333333333335
85722.0,22.0,21.0,68.09,6.428571428571429,22.69666666666667
85722.0,32.0,15.0,30.27,2.3333333333333335,60.54
32.0,22.0,3.0,88.88,3.6666666666666665,29.626666666666665
72027.0,33.0,2.0,137.23,2.0,68.615
33.0,85722.0,28.0,61.76,4.964285714285714,123.52
33.0,32.0,8.0,74.92,7.75,18.73
22.0,33.0,9.0,24.53,5.555555555555555,6.1325
22.0,99.0,5.0,64.39,6.2,128.78
85722.0,99.0,11.0,8.24,2.3636363636363638,16.48
33.0,99.0,1.0,55.62,2.0,27.81
99.0,84.0,1.0,84.36,4.0,21.09
84.0,101.0,1.0,29.03,1.0,29.03
101.0,99.0,1.0,113.35,8.0,14.16875
99.0,72027.0,14.0,82.53,5.142857142857143,41.265
99.0,13.0,2.0,169.72,1.5,339.44
85722.0,101.0,1.0,113.59,4.0,28.3975
101.0,49.0,1.0,54.17,0.0,108.34
99.0,92.0,1.0,170.52,5.0,34.104
49.0,92.0,1.0,211.31,1.0,211.31
95.0,3236.0,1.0,16.64,2773.0,0.0060007212405337185
3236.0,84.0,1.0,92.86,395.0,0.23508860759493672
84.0,69143.0,1.0,90.35,663.0,0.13627450980392156
69143.0,9048.0,1.0,70.01,8129.0,0.00861237544593431
9048.0,5.0,2.0,18.86,4159.0,37.72
5.0,95.0,2.0,39.38,4639.5,0.009957016434892541
9048.0,101.0,4.0,84.84,1118.75,0.1279638009049774
9048.0,84.0,2.0,65.56,535.5,0.13889830508474577
84.0,101.0,6.0,29.03,8.833333333333334,58.06
101.0,3236.0,2.0,104.65,183.0,1.202873563218391
3236.0,69143.0,10.0,101.24,81.1,50.62
101.0,69143.0,1.0,119.22,72.0,1.6558333333333333
69143.0,88.0,3.0,136.3,20.0,68.15
88.0,9048.0,19.0,72.81,13.210526315789474,72.81
95.0,26858.0,1.0,26.44,285.0,0.09277192982456141
26858.0,58086.0,2.0,24.19,9179.5,0.0027460551708479966
58086.0,88.0,2.0,2.88,1953.5,0.004931506849315068
58086.0,92.0,6.0,150.05,221.16666666666666,50.01666666666667
95.0,1652.0,1.0,83.71,79.0,1.0596202531645569
1652.0,58086.0,7.0,77.52,1310.7142857142858,155.04
58086.0,88.0,2.0,2.88,4349.0,0.32
58086.0,49.0,3.0,80.07,10.333333333333334,16.014
1652.0,49.0,4.0,137.43,4.25,137.43
58086.0,5.0,5.0,88.83,247.8,44.415
5.0,49.0,1.0,73.03,4.0,18.2575
58086.0,13.0,1.0,25.49,2.0,12.745
13.0,26858.0,1.0,49.67,11.0,4.515454545454546
26858.0,92.0,4.0,150.18,2561.0,7.151428571428572
95.0,48812.0,2.0,5.07,1140.5,0.0250990099009901
48812.0,5.0,2.0,41.32,1262.0,82.64
95.0,91020.0,1.0,37.55,24.0,1.5645833333333332
91020.0,48812.0,9.0,34.71,7.444444444444445,34.71
48812.0,64102.0,2.0,31.62,4.0,31.62
48812.0,84.0,4.0,81.44,3.25,162.88
48812.0,90040.0,4.0,74.33,16.25,148.66
48812.0,49.0,32.0,59.56,87.75,14.89
48812.0,26858.0,1.0,23.54,5272.0,0.004465098634294385
26858.0,1652.0,1.0,75.5,39.0,1.935897435897436
1652.0,48812.0,3.0,78.77,34.666666666666664,157.54
48812.0,47028.0,10.0,31.14,13.0,6.228
48812.0,99.0,34.0,98.92,2.4705882352941178,197.84
48812.0,22.0,2.0,158.02,4.0,52.67333333333334
48812.0,13.0,20.0,73.15,2.7,146.3
48812.0,92.0,24.0,151.94,5.666666666666667,151.94
13.0,92.0,4.0,154.36,7.0,22.051428571428573
33.0,60297.0,1.0,16.44,208.0,0.07903846153846154
60297.0,120.0,36.0,73.94,416.1388888888889,36.97
60297.0,99.0,2.0,46.29,1362.5,0.10063043478260869
51552.0,5.0,4.0,47.71,3652.75,0.13289693593314764
5.0,22.0,2.0,121.22,6.5,30.305
51552.0,84.0,3.0,23.91,10329.0,0.9196153846153846
84.0,101.0,1.0,29.03,8005.0,0.003626483447845097
101.0,51552.0,2.0,36.58,4952.0,0.7172549019607842
51552.0,99.0,2.0,90.26,130.0,6.017333333333334
101.0,99.0,1.0,113.35,88.0,1.2880681818181818
22.0,33.0,10.0,24.53,1935.2,6.1325
33.0,95.0,2.0,153.3,14031.0,0.012275784753363229
33.0,5.0,1.0,114.67,3.0,38.223333333333336
5.0,22.0,2.0,121.22,19.5,13.46888888888889
33.0,120.0,1.0,88.04,71.0,1.24
120.0,22.0,3.0,86.98,9.666666666666666,43.49
22.0,32.0,2.0,88.88,240.5,29.626666666666665
32.0,5.0,4.0,48.84,64.5,48.84
5.0,120.0,1.0,44.14,3.0,14.713333333333333
101.0,51552.0,1.0,36.58,286.0,0.1279020979020979
51552.0,88.0,2.0,102.6,97.5,1.14
51552.0,49.0,4.0,39.82,9.75,19.91
51552.0,5.0,1.0,47.71,176.0,0.27107954545454543
5.0,87108.0,6.0,51.45,79.33333333333333,12.8625
87108.0,95.0,3.0,90.81,5.666666666666667,90.81
95.0,88.0,3.0,53.3,3.0,17.766666666666666
88.0,87108.0,5.0,141.9,8.0,47.300000000000004
87108.0,120.0,5.0,43.97,1.6,43.97
120.0,95.0,2.0,73.6,2.0,36.8
87108.0,33.0,1.0,64.81,3.0,21.603333333333335
33.0,32.0,1.0,74.92,4.0,18.73
32.0,87108.0,1.0,15.05,2.0,7.525
5.0,120.0,1.0,44.14,3.0,14.713333333333333
88.0,5.0,2.0,91.38,3.0,30.459999999999997
87108.0,51552.0,1.0,78.29,32998.0,0.0023725680344263292
22.0,54272.0,2.0,12.05,323.5,24.1
54272.0,99.0,16.0,59.51,469.375,59.51
99.0,22.0,1.0,64.39,2080.0,0.03095673076923077
99.0,5.0,1.0,59.06,7248.0,0.008148454746136865
5.0,33.0,1.0,114.67,1961.0,0.05847526772055074
33.0,99.0,2.0,55.62,2768.0,0.023389402859545837
33.0,105.0,1.0,59.19,1948.0,0.03038501026694045
105.0,120.0,1.0,146.43,9710.0,0.01508032955715757
120.0,22.0,1.0,86.98,2815.0,0.030898756660746006
22.0,80824.0,1.0,22.38,19.0,1.177894736842105
80824.0,49081.0,7.0,21.1,28.857142857142858,3.516666666666667
49081.0,13568.0,9.0,17.03,27.555555555555557,0.9461111111111111
13568.0,10312.0,1.0,31.14,1.0,31.14
10312.0,49081.0,13.0,22.36,45.30769230769231,7.453333333333333
49081.0,95.0,1.0,114.89,15.0,7.6593333333333335
95.0,13003.0,1.0,127.4,31.0,4.109677419354839
13003.0,10312.0,6.0,29.41,113.5,29.41
49081.0,66.0,1.0,252.56,95.0,2.658526315789474
66.0,13003.0,1.0,237.39,2966.0,0.08003708698583951
49081.0,5.0,12.0,78.83,27.0,19.7075
49081.0,99.0,3.0,27.22,32.666666666666664,54.44
54272.0,120.0,5.0,87.21,356.0,0.7518103448275861
120.0,99.0,1.0,40.56,167.0,0.242874251497006
22.0,54272.0,1.0,12.05,6234.0,0.001932948347770292
54272.0,33.0,1.0,12.51,6157.0,0.0020318336852363163
33.0,5.0,2.0,114.67,7581.5,0.05515632515632516
33.0,49081.0,1.0,44.44,22.0,2.02
49081.0,99062.0,2.0,28.07,3.5,9.356666666666667
49081.0,89802.0,1.0,10.2,18.0,0.5666666666666667
89802.0,99062.0,2.0,18.0,2.5,9.0
89802.0,95.0,4.0,106.82,17.5,213.64
89802.0,40189.0,1.0,19.42,2.0,9.71
40189.0,120.0,8.0,58.93,33.25,58.93
40189.0,32.0,1.0,51.83,15784.0,0.003283705017739483
32.0,120.0,5.0,54.21,5.4,54.21
120.0,8318.0,4.0,36.95,6.5,36.95
40189.0,54272.0,2.0,31.83,5164.0,0.014435374149659863
54272.0,105.0,2.0,59.57,202.0,14.8925
54272.0,120.0,3.0,87.21,14.666666666666666,21.8025
54272.0,13003.0,1.0,29.07,169.0,0.17201183431952663
13003.0,32.0,2.0,53.83,6.5,8.971666666666666
13003.0,105.0,1.0,85.44,479.0,0.17837160751565762
22.0,99.0,1.0,64.39,3507.0,0.018360422013116624
99.0,33.0,1.0,55.62,9209.0,0.006039743728960799
33.0,13003.0,1.0,26.3,99.0,0.26565656565656565
13003.0,120.0,2.0,62.07,1628.0,0.1312262156448203
13003.0,54272.0,1.0,29.07,4907.0,0.005924189932749134
54272.0,22.0,2.0,12.05,2301.0,0.0082365003417635
29230.0,60297.0,3.0,31.26,568.3333333333334,1.8388235294117647
60297.0,5.0,15.0,104.45,446.8666666666667,208.9
60297.0,120.0,65.0,73.94,206.33846153846153,147.88
120.0,5.0,4.0,44.14,3.5,88.28
60297.0,32.0,25.0,69.84,213.24,23.28
60297.0,96699.0,23.0,65.8,57.21739130434783,65.8
60297.0,95.0,2.0,142.13,383.5,71.065
60297.0,8318.0,10.0,50.33,210.7,50.33
8318.0,95.0,2.0,93.33,65.0,31.11
60297.0,43670.0,14.0,84.9,465.42857142857144,169.8
43670.0,32.0,2.0,34.41,3704.0,0.17646153846153845
96699.0,120.0,1.0,26.77,48.0,0.5577083333333334
32.0,120.0,8.0,54.21,209.625,27.105
60297.0,105.0,2.0,72.51,3.5,145.02
32.0,105.0,1.0,130.85,4.0,32.7125
105.0,5.0,3.0,173.49,19.666666666666668,28.915000000000003
105.0,120.0,2.0,146.43,45.5,7.3215
95.0,49.0,3.0,55.08,600.0,27.54
95.0,5.0,4.0,39.38,1344.5,4.9225
95.0,88.0,7.0,53.3,1659.0,0.06383233532934131
88.0,49.0,1.0,82.73,7193.0,0.01150145975253719
95.0,86107.0,1.0,88.03,26319.0,0.0033447319427029904
86107.0,69143.0,5.0,12.53,12.8,4.176666666666667
69143.0,13.0,3.0,158.41,52.0,316.82
13.0,92.0,1.0,154.36,1.0,154.36
92.0,69143.0,1.0,153.94,1.0,153.94
69143.0,120.0,1.0,24.55,5.0,4.91
120.0,9048.0,2.0,56.3,2.0,28.15
9048.0,33.0,4.0,132.97,3.0,44.32333333333333
9048.0,22.0,3.0,138.33,3.6666666666666665,46.11000000000001
22.0,120.0,1.0,86.98,1.0,86.98
9048.0,3236.0,2.0,35.51,3264.5,5.918333333333333
3236.0,66.0,2.0,377.18,732.0,94.295
3236.0,13.0,4.0,60.17,5.25,30.085
3236.0,92.0,2.0,148.74,4.0,49.580000000000005
13.0,49.0,2.0,99.52,13.0,99.52
3236.0,5.0,2.0,54.13,1054.0,0.18043333333333333
3236.0,22.0,2.0,168.8,292.0,3.591489361702128
9048.0,95.0,1.0,20.55,11052.0,0.0018593919652551574
84.0,5.0,5.0,58.5,1231.2,11.7
5.0,22.0,4.0,121.22,4.0,40.406666666666666
22.0,84.0,3.0,146.05,1274.0,48.68333333333334
84.0,95.0,3.0,76.73,0.3333333333333333,153.46
95.0,120.0,1.0,73.6,0.0,147.2
120.0,33.0,1.0,88.04,4.0,22.01
33.0,5.0,2.0,114.67,1.0,114.67
95.0,33.0,1.0,153.3,4.0,38.325
22.0,95.0,1.0,157.9,3.0,52.63333333333333
84.0,101.0,1.0,29.03,0.0,58.06
101.0,99.0,1.0,113.35,3.0,37.78333333333333
99.0,5.0,1.0,59.06,3.0,19.686666666666667
84.0,32.0,1.0,57.42,519.0,0.11063583815028902
32.0,120.0,1.0,54.21,1.0,54.21
88.0,26858.0,1.0,26.87,0.0,53.74
26858.0,95.0,1.0,26.44,3860.0,0.0068497409326424875
95.0,88.0,2.0,53.3,2949.0,0.02165786265745632
95.0,58086.0,1.0,50.59,951.0,0.053196635120925345
58086.0,26858.0,2.0,24.19,26793.0,0.002345810705973623
26858.0,5.0,1.0,64.81,3.0,21.603333333333335
5.0,58086.0,3.0,88.83,7.666666666666667,29.61
88.0,13.0,2.0,22.87,13840.5,0.002611028656239297
13.0,95.0,6.0,76.05,1893.6666666666667,76.05
13.0,41841.0,2.0,57.61,13.0,4.431538461538461
41841.0,88.0,14.0,34.76,759.7857142857143,8.69
88.0,95.0,3.0,53.3,1904.0,0.598876404494382
95.0,41841.0,3.0,19.98,1777.0,0.11224719101123595
88.0,39208.0,1.0,44.85,791.0,0.05670037926675095
39208.0,50132.0,1.0,26.02,7686.0,0.0033853760083268278
50132.0,95.0,1.0,20.62,3747.0,0.005503069121964238
95.0,39208.0,1.0,16.25,36.0,0.4513888888888889
39208.0,92.0,11.0,166.07,7.818181818181818,332.14
39208.0,105.0,5.0,227.41,180.0,113.705
39208.0,5789.0,202.0,20.4,50.2029702970297,40.8
5789.0,105.0,17.0,242.36,32.88235294117647,484.72
5789.0,99.0,4.0,127.98,15.5,31.995
5789.0,92.0,7.0,157.45,55.285714285714285,157.45
5789.0,22.0,13.0,186.42,178.0,372.84
5789.0,120.0,6.0,100.25,1.8333333333333333,200.5
120.0,32.0,2.0,54.21,1.0,54.21
32.0,5789.0,7.0,118.32,2.142857142857143,118.32
5789.0,84.0,1.0,101.59,0.0,203.18
84.0,22.0,1.0,146.05,1.0,146.05
5789.0,33.0,2.0,183.2,17.0,30.53333333333333
39208.0,32.0,1.0,100.58,2.0,50.29
5789.0,95.0,2.0,30.83,1092.0,0.5505357142857142
33.0,95.0,1.0,153.3,38333.0,0.003999165210132262
95.0,96.0,1.0,300.94,1259.0,0.2390309769658459
96.0,33.0,1.0,148.12,45.0,3.2915555555555556
33.0,5.0,1.0,114.67,4311.0,0.026599396891672466
5.0,66.0,1.0,325.65,260.0,1.2525
66.0,22.0,1.0,210.79,162.0,1.3011728395061728
22.0,95.0,3.0,157.9,44.0,14.354545454545455
95.0,5.0,5.0,39.38,71.6,7.876
5.0,22.0,3.0,121.22,23.333333333333332,6.734444444444445
22.0,96.0,1.0,150.17,37.0,4.058648648648648
96.0,5.0,1.0,261.85,22.0,11.90227272727273
10402.0,5.0,1.0,18.83,1952.0,0.009646516393442621
5.0,32.0,1.0,48.84,3452.0,0.014148319814600232
32.0,120.0,1.0,54.21,149.0,0.3638255033557047
120.0,60633.0,2.0,34.38,483.0,0.18000000000000002
60633.0,99.0,2.0,50.28,1427.0,8.38
60633.0,18208.0,1.0,3.16,7.0,0.45142857142857146
18208.0,99.0,2.0,52.71,19.5,26.355
18208.0,95.0,1.0,45.17,3632.0,0.012436674008810574
95.0,22.0,1.0,157.9,7275.0,0.02170446735395189
22.0,88.0,1.0,202.54,2881.0,0.07030197847969455
88.0,8318.0,5.0,142.68,194.4,6.7942857142857145
8318.0,99.0,2.0,4.53,6.5,0.755
8318.0,29813.0,1.0,26.4,1809.0,0.014593698175787727
29813.0,99.0,2.0,30.81,6501.5,0.020269736842105264
29813.0,60633.0,1.0,19.7,6278.0,0.0031379420197515133
120.0,18208.0,3.0,37.47,131.66666666666666,0.9607692307692307
18208.0,29813.0,1.0,21.95,10.0,2.195
29813.0,9048.0,2.0,46.65,109.0,11.6625
9048.0,95.0,1.0,20.55,195.0,0.10538461538461538
95.0,29813.0,5.0,67.12,7.2,16.78
9048.0,8318.0,1.0,72.95,37.0,1.9716216216216218
8318.0,95.0,35.0,93.33,370.6857142857143,23.3325
8318.0,5.0,26.0,54.66,72.0,54.66
95.0,5.0,10.0,39.38,70.7,7.876
95.0,120.0,1.0,73.6,43.0,1.7116279069767442
120.0,8318.0,1.0,36.95,109.0,0.3389908256880734
95.0,84932.0,3.0,42.53,856.6666666666666,85.06
84932.0,5.0,2.0,80.82,2703.0,4.0409999999999995
84932.0,13.0,2.0,33.55,2316.5,0.11529209621993126
22.0,96.0,1.0,150.17,34744.0,0.004322185125489293
96.0,33.0,1.0,148.12,578.0,0.25626297577854673
33.0,32.0,1.0,74.92,81.0,0.9249382716049382
32.0,22.0,4.0,88.88,271.25,44.44
32.0,5.0,1.0,48.84,115.0,0.4246956521739131
5.0,33.0,5.0,114.67,41.2,38.223333333333336
120.0,22.0,4.0,86.98,8976.0,0.0968596881959911
120.0,105.0,1.0,146.43,3258.0,0.044944751381215474
105.0,33.0,1.0,59.19,4833.0,0.012247051520794538
33.0,120.0,1.0,88.04,3231.0,0.02724852986691427
49.0,88.0,1.0,82.73,839.0,0.09860548271752086
88.0,5.0,1.0,91.38,1766.0,0.0517440543601359
5.0,95.0,1.0,39.38,18292.0,0.0021528537065383774
95.0,49.0,1.0,55.08,4236.0,0.0130028328611898
49.0,99.0,1.0,126.11,1595.0,0.07906583072100314
5.0,95.0,9.0,39.38,821.7777777777778,7.876
5.0,66.0,1.0,325.65,30598.0,0.01064285247401791
66.0,84.0,1.0,329.09,7.0,47.012857142857136
84.0,43415.0,1.0,123.3,28.0,4.4035714285714285
43415.0,120.0,1.0,75.07,37.0,2.0289189189189187
120.0,44097.0,1.0,27.87,10.0,2.787
44097.0,95.0,1.0,84.4,21.0,4.019047619047619
5.0,84.0,6.0,58.5,147.66666666666666,9.75
5.0,43415.0,5.0,103.39,8.0,103.39
43415.0,13568.0,1.0,14.32,7.0,2.045714285714286
13568.0,5.0,4.0,90.96,9.75,90.96
13568.0,33.0,1.0,27.47,11.0,2.497272727272727
99.0,54272.0,5.0,59.51,4010.8,29.755
54272.0,33.0,2.0,12.51,16336.0,1.56375
54272.0,105.0,2.0,59.57,32.5,29.785
54272.0,32.0,6.0,81.87,12.166666666666666,40.935
54272.0,120.0,1.0,87.21,4.0,21.8025
5.0,9048.0,2.0,18.86,1933.5,37.72
5.0,95.0,2.0,39.38,5964.0,0.008708536045997348
5.0,38337.0,1.0,7.09,247.0,0.028704453441295547
38337.0,63110.0,1.0,14.42,15101.0,0.0009549036487649825
63110.0,84.0,4.0,64.86,254.75,0.5791071428571428
63110.0,13.0,4.0,132.65,89.0,13.265
63110.0,95.0,2.0,59.55,4026.5,11.91
99.0,5.0,2.0,59.06,21396.0,0.0027950780880265026
99.0,66.0,1.0,266.73,6069.0,0.043949579831932775
66.0,5.0,1.0,325.65,4702.0,0.0692577626541897
5.0,95.0,7.0,39.38,43.714285714285715,6.5633333333333335
95.0,99.0,1.0,97.82,174.0,0.562183908045977
99.0,32.0,4.0,27.73,4.75,9.243333333333334
32.0,22.0,1.0,88.88,4.0,22.22
22.0,99.0,3.0,64.39,6.333333333333333,10.731666666666667
32.0,96.0,1.0,217.41,163.0,1.333803680981595
5.0,9048.0,1.0,18.86,0.0,37.72
9048.0,88.0,1.0,72.81,6046.0,0.01204267284154813
88.0,95.0,1.0,53.3,14099.0,0.00378040995815306
95.0,3236.0,1.0,16.64,1015.0,0.01639408866995074
3236.0,22.0,10.0,168.8,47.1,56.26666666666667
3236.0,9048.0,1.0,35.51,19462.0,0.001824581235227623
5.0,95.0,9.0,39.38,4676.222222222223,0.29170370370370374
95.0,22.0,4.0,157.9,3273.75,78.95
5.0,22.0,1.0,121.22,2243.0,0.054043691484618815
22.0,99.0,1.0,64.39,137.0,0.47000000000000003
99.0,88.0,1.0,147.2,6377.0,0.023082954367257328
88.0,5.0,1.0,91.38,1461.0,0.06254620123203285
5.0,99.0,1.0,59.06,559.0,0.10565295169946333
99.0,95.0,1.0,97.82,126.0,0.7763492063492063
99.0,5.0,1.0,59.06,57.0,1.036140350877193
5.0,95.0,2.0,39.38,11991.5,0.004553127529194127
95.0,33.0,2.0,153.3,3059.5,153.3
33.0,5.0,1.0,114.67,1533.0,0.0748010437051533
95.0,66.0,1.0,364.53,29.0,12.569999999999999
66.0,33.0,2.0,211.28,31.5,17.606666666666666
33.0,120.0,1.0,88.04,18.0,4.891111111111112
120.0,2552.0,4.0,126.05,209.25,31.5125
2552.0,95.0,7.0,64.62,107.42857142857143,64.62
95.0,22.0,4.0,157.9,92.5,52.63333333333333
22.0,105.0,2.0,63.38,2.0,31.69
105.0,95.0,2.0,212.35,8.5,106.175
33.0,22.0,5.0,24.53,6.8,4.906000000000001
22.0,5.0,2.0,121.22,13.0,24.244
22.0,2552.0,2.0,213.01,632.5,0.5489948453608248
95.0,96.0,1.0,300.94,84.0,3.5826190476190476
96.0,66.0,3.0,64.72,10.666666666666666,7.191111111111111
66.0,120.0,1.0,297.2,58.0,5.124137931034483
120.0,5.0,1.0,44.14,23.0,1.9191304347826088
5.0,84.0,1.0,58.5,7.0,8.357142857142858
84.0,2552.0,1.0,136.64,3.0,45.54666666666666
2552.0,5.0,2.0,102.73,787.5,0.14975218658892128
120.0,22.0,2.0,86.98,11.5,17.396
95.0,120.0,1.0,73.6,5.0,14.719999999999999
22.0,96.0,1.0,150.17,4.0,37.5425
96.0,33.0,1.0,148.12,1.0,148.12
5.0,88.0,4.0,91.38,11013.75,0.4230555555555555
5.0,95.0,1.0,39.38,17010.0,0.002315108759553204
95.0,22.0,3.0,157.9,7.666666666666667,39.475
95.0,26858.0,1.0,26.44,365.0,0.07243835616438357
26858.0,22.0,2.0,179.19,6.5,44.7975
26858.0,9048.0,1.0,46.1,0.0,92.2
9048.0,8814.0,1.0,13.04,14.0,0.9314285714285714
8814.0,22.0,3.0,148.58,5.666666666666667,37.145
8814.0,88.0,1.0,59.84,1.0,59.84
88.0,95.0,1.0,53.3,104.0,0.5125
95.0,8814.0,4.0,9.55,18.5,1.9100000000000001
22.0,33.0,3.0,24.53,6.0,4.088333333333334
33.0,8814.0,2.0,144.43,2.0,72.215
8814.0,120.0,1.0,64.05,1.0,64.05
120.0,22.0,1.0,86.98,4.0,21.745
5.0,120.0,1.0,44.14,8617.0,0.005122432401067657
120.0,32.0,2.0,54.21,17272.5,0.0032018191483078376
32.0,99.0,1.0,27.73,313.0,0.08859424920127795
99.0,5.0,1.0,59.06,4258.0,0.013870361672146548
5.0,32.0,1.0,48.84,10825.0,0.004511778290993072
32.0,95.0,1.0,87.51,2055.0,0.04258394160583942
95.0,120.0,1.0,73.6,2337.0,0.031493367565254594
32.0,51286.0,3.0,13.93,7689.333333333333,0.020306122448979592
51286.0,39153.0,1.0,23.32,6433.0,0.003625058293175812
39153.0,22.0,2.0,77.55,61.5,2.585
49.0,101.0,4.0,54.17,87.75,0.8333846153846154
101.0,84.0,4.0,29.03,908.0,58.06
84.0,5.0,5.0,58.5,211.8,19.5
5.0,101.0,1.0,82.63,47.0,1.7580851063829785
84.0,49.0,2.0,60.58,481.5,0.1858282208588957
49.0,99.0,1.0,126.11,18628.0,0.00676991625509985
99.0,84.0,1.0,84.36,22050.0,0.0038258503401360543
5.0,95.0,5.0,39.38,606.2,6.5633333333333335
95.0,88.0,3.0,53.3,2.0,26.65
88.0,13.0,4.0,22.87,2.0,11.435
13.0,5.0,4.0,114.24,1.0,114.24
5.0,88.0,1.0,91.38,23.0,3.9730434782608692
33.0,13568.0,48.0,27.47,450.7083333333333,13.735
13568.0,120.0,7.0,60.83,2174.4285714285716,30.415
120.0,99.0,1.0,40.56,8306.0,0.004883216951601253
99.0,13568.0,1.0,33.38,0.0,66.76
33.0,120.0,4.0,88.04,957.5,14.673333333333334
13568.0,54272.0,5.0,27.2,803.0,4.533333333333333
13568.0,22.0,1.0,31.02,2655.0,0.011683615819209039
22.0,54272.0,1.0,12.05,364.0,0.033104395604395605
13568.0,105.0,1.0,85.66,80.0,1.0707499999999999
105.0,33.0,1.0,59.19,10417.0,0.005682058174138427
84.0,5.0,5.0,58.5,3864.2,8.357142857142858
84.0,101.0,1.0,29.03,2409.0,0.012050643420506435
101.0,51552.0,1.0,36.58,456.0,0.08021929824561404
51552.0,5.0,2.0,47.71,363.5,11.9275
84.0,120.0,2.0,95.0,6.5,31.666666666666668
84.0,9048.0,4.0,65.56,2461.25,0.4682857142857143
84.0,95.0,2.0,76.73,3853.0,0.03900864260294865
84.0,26858.0,1.0,100.87,397.0,0.25408060453400505
26858.0,22.0,2.0,179.19,5.5,44.7975
26858.0,9048.0,6.0,46.1,116.83333333333333,23.05
26858.0,5.0,8.0,64.81,68.375,16.2025
26858.0,95.0,1.0,26.44,39.0,0.677948717948718
95.0,88.0,6.0,53.3,18.0,106.6
95.0,5.0,7.0,39.38,18.0,9.845
88.0,5.0,1.0,91.38,3.0,30.459999999999997
88.0,84.0,1.0,126.06,20.0,6.303
84.0,22.0,1.0,146.05,1.0,146.05
22.0,5.0,1.0,121.22,8.0,15.1525
99.0,33.0,1.0,55.62,29510.0,0.0018847848187055235
33.0,5.0,1.0,114.67,720.0,0.1592638888888889
5.0,99.0,4.0,59.06,81.5,59.06
5.0,22.0,1.0,121.22,537.0,0.22573556797020483
22.0,33.0,1.0,24.53,6.0,4.088333333333334
95.0,5.0,4.0,39.38,1728.25,7.876
95.0,88.0,1.0,53.3,7341.0,0.0072605912001089765
88.0,49.0,1.0,82.73,1312.0,0.0630564024390244
49.0,95.0,1.0,55.08,2620.0,0.02102290076335878
33.0,105.0,4.0,59.19,5151.75,0.20064406779661015
105.0,54272.0,3.0,59.57,1147.0,2.0541379310344827
54272.0,22.0,3.0,12.05,2630.0,0.02689732142857143
22.0,19.0,1.0,117.21,7.0,16.744285714285713
19.0,33.0,1.0,120.37,4150.0,0.029004819277108435
32.0,42740.0,1.0,27.0,0.0,54.0
42740.0,8318.0,1.0,3.16,2513.0,0.0012574612017508954
8318.0,22.0,2.0,68.16,13.0,22.72
8318.0,84.0,5.0,81.98,5.4,40.99
88.0,66.0,1.0,412.31,13989.0,0.029473872328257916
66.0,96.0,1.0,64.72,19.0,3.406315789473684
96.0,105.0,1.0,88.97,12.0,7.414166666666667
105.0,33.0,1.0,59.19,3.0,19.73
33.0,22.0,2.0,24.53,5.5,4.906000000000001
22.0,105.0,1.0,63.38,4.0,15.845
105.0,120.0,1.0,146.43,10.0,14.643
120.0,33.0,1.0,88.04,7.0,12.577142857142858
33.0,5.0,2.0,114.67,6.0,114.67
5.0,88.0,2.0,91.38,6.5,30.459999999999997
5.0,13.0,1.0,114.24,6.0,19.04
13.0,95.0,2.0,76.05,1.5,76.05
95.0,88.0,1.0,53.3,3.0,17.766666666666666
88.0,13.0,1.0,22.87,2886.0,0.007924462924462925
95.0,5.0,1.0,39.38,6.0,6.5633333333333335
22.0,66.0,1.0,210.79,24.0,8.782916666666667
66.0,9048.0,1.0,344.13,40.0,8.60325
9048.0,22.0,1.0,138.33,18047.0,0.00766498587022774
22.0,33.0,1.0,24.53,6.0,4.088333333333334
33.0,9048.0,1.0,132.97,15.0,8.864666666666666
9048.0,88.0,1.0,72.81,30087.0,0.002419982052049058
96.0,88.0,1.0,349.62,193.0,1.811502590673575
88.0,52367.0,1.0,72.25,3.0,24.083333333333332
52367.0,22.0,2.0,162.73,3.5,81.365
52367.0,99.0,2.0,99.04,98.0,49.52
52367.0,66.0,1.0,363.24,198.0,1.8345454545454547
5.0,32.0,1.0,48.84,31187.0,0.0015660371308558055
32.0,120.0,1.0,54.21,92.0,0.5892391304347826
120.0,5.0,1.0,44.14,141.0,0.3130496453900709
5.0,84.0,1.0,58.5,123.0,0.47560975609756095
84.0,95.0,1.0,76.73,106.0,0.723867924528302
95.0,5.0,1.0,39.38,648.0,0.060771604938271606
5.0,22.0,1.0,121.22,487.0,0.24891170431211498
120.0,5.0,3.0,44.14,3130.3333333333335,7.3566666666666665
5.0,22.0,2.0,121.22,11938.0,0.13161780673181325
5.0,84.0,2.0,58.5,1900.5,0.10893854748603352
32.0,99.0,2.0,27.73,11332.0,0.00253543019109445
32.0,120.0,1.0,54.21,0.0,108.42
120.0,22.0,1.0,86.98,148.0,0.5877027027027028
22.0,32.0,2.0,88.88,6.5,22.22
22.0,60297.0,3.0,19.2,1075.0,2.742857142857143
60297.0,5.0,23.0,104.45,12.652173913043478,20.89
60297.0,32.0,2.0,69.84,6.5,34.92
60297.0,120.0,1.0,73.94,1.0,73.94
120.0,5.0,1.0,44.14,34.0,1.2982352941176472
60297.0,105.0,4.0,72.51,3475.0,0.1391746641074856
32.0,22.0,2.0,88.88,46.0,29.626666666666665
32.0,49081.0,1.0,54.93,67.0,0.8198507462686567
49081.0,5.0,2.0,78.83,13.0,15.766
49081.0,95.0,6.0,114.89,5.833333333333333,114.89
49081.0,13.0,2.0,181.61,6.5,181.61
49081.0,96.0,1.0,190.62,40.0,4.7655
96.0,66.0,1.0,64.72,3682.0,0.017577403585008148
66.0,49081.0,1.0,252.56,66.0,3.8266666666666667
84.0,95.0,2.0,76.73,449.0,2.01921052631579
95.0,22.0,2.0,157.9,273.0,157.9
95.0,5.0,2.0,39.38,3899.0,0.16408333333333333
84.0,120.0,2.0,95.0,8333.0,0.8333333333333334
120.0,22.0,1.0,86.98,705.0,0.1233758865248227
22.0,84.0,1.0,146.05,393.0,0.3716284987277354
120.0,5.0,1.0,44.14,8658.0,0.005098175098175098
120.0,32.0,1.0,54.21,5102.0,0.010625245001960016
32.0,22.0,8.0,88.88,761.5,44.44
22.0,120.0,1.0,86.98,778.0,0.11179948586118252
120.0,99.0,1.0,40.56,4749.0,0.00854074542008844
99.0,22.0,1.0,64.39,1112.0,0.05790467625899281
33.0,54272.0,1.0,12.51,26.0,0.48115384615384615
54272.0,99.0,1.0,59.51,5867.0,0.010143173683313448
99.0,96.0,1.0,203.16,10127.0,0.020061222474572923
96.0,33.0,1.0,148.12,1904.0,0.07779411764705882
33.0,13003.0,1.0,26.3,9.0,2.9222222222222225
13003.0,96.0,2.0,174.39,67.5,34.878
13003.0,95.0,1.0,127.4,2168.0,0.058763837638376386
95.0,22.0,1.0,157.9,5779.0,0.027323066274441945
22.0,54272.0,1.0,12.05,5.0,2.41
54272.0,96.0,1.0,148.09,17.0,8.711176470588235
96.0,66.0,3.0,64.72,8.333333333333334,64.72
66.0,13003.0,1.0,237.39,1029.0,0.23069970845481047
13003.0,32.0,1.0,53.83,172.0,0.31296511627906975
32.0,88.0,1.0,140.16,60.0,2.336
88.0,5.0,1.0,91.38,3.0,30.459999999999997
5.0,95.0,2.0,39.38,45.5,7.876
5.0,13003.0,1.0,89.18,82.0,1.0875609756097562
5.0,22.0,1.0,121.22,422.0,0.2872511848341232
22.0,33.0,2.0,24.53,13.0,4.906000000000001
22.0,32.0,2.0,88.88,13.0,29.626666666666665
22.0,99.0,2.0,64.39,6235.5,3.3889473684210527
22.0,66.0,1.0,210.79,31.0,6.799677419354839
22.0,96.0,1.0,150.17,7312.0,0.020537472647702407
96.0,105.0,1.0,88.97,1196.0,0.07438963210702342
105.0,66.0,1.0,152.18,707.0,0.21524752475247524
66.0,33.0,2.0,211.28,19.5,17.606666666666666
99.0,33.0,1.0,55.62,24920.0,0.0022319422150882825
33.0,120.0,2.0,88.04,302.5,29.346666666666668
120.0,22.0,5.0,86.98,151.0,21.745
22.0,33.0,1.0,24.53,747.0,0.0328380187416332
22.0,99.0,1.0,64.39,593.0,0.10858347386172007
99.0,120.0,1.0,40.56,1.0,40.56
33.0,22.0,5.0,24.53,25.6,3.06625
22.0,105.0,2.0,63.38,2.0,31.69
105.0,33.0,2.0,59.19,3.0,19.73
22.0,13.0,1.0,223.94,62.0,3.6119354838709676
99.0,28847.0,1.0,14.87,1572.0,0.009459287531806615
28847.0,105.0,10.0,102.01,333.2,25.5025
99.0,70233.0,2.0,19.61,450.0,39.22
70233.0,105.0,1.0,129.27,6406.0,0.0201795192007493
105.0,120.0,1.0,146.43,3815.0,0.0383826998689384
120.0,99.0,1.0,40.56,2030.0,0.019980295566502465
70233.0,22.0,3.0,73.29,1345.3333333333333,0.9277215189873419
22.0,99.0,1.0,64.39,2737.0,0.023525758129338693
22.0,9048.0,1.0,138.33,108.0,1.2808333333333335
9048.0,13.0,2.0,95.68,609.0,0.40542372881355937
9048.0,26858.0,15.0,46.1,81.13333333333334,92.2
9048.0,32446.0,13.0,27.66,38.30769230769231,13.83
32446.0,26858.0,3.0,53.76,6.0,8.959999999999999
9048.0,84.0,3.0,65.56,20.0,21.853333333333335
84.0,32.0,1.0,57.42,50.0,1.1484
32.0,120.0,2.0,54.21,6.5,54.21
32.0,99.0,1.0,27.73,804.0,0.034490049751243784
99.0,120.0,2.0,40.56,104.0,20.28
22.0,95.0,1.0,157.9,2765.0,0.05710669077757686
95.0,5.0,2.0,39.38,13.0,3.938
95.0,88.0,1.0,53.3,12.0,4.441666666666666
88.0,13.0,3.0,22.87,9.333333333333334,11.435
13.0,120.0,1.0,137.04,55.0,2.4916363636363634
120.0,33.0,1.0,88.04,36.0,2.445555555555556
33.0,96.0,1.0,148.12,46.0,3.22
96.0,66.0,1.0,64.72,54.0,1.1985185185185185
88.0,13.0,4.0,22.87,4.25,22.87
13.0,95.0,1.0,76.05,10.0,7.6049999999999995
95.0,88.0,1.0,53.3,2.0,26.65
88.0,5.0,2.0,91.38,18.5,45.69
33.0,54272.0,1.0,12.51,39.0,0.32076923076923075
54272.0,59802.0,1.0,19.92,13.0,1.5323076923076924
59802.0,99.0,6.0,77.35,6.833333333333333,77.35
59802.0,120.0,2.0,107.02,26.0,21.404
120.0,21088.0,1.0,32.53,3.0,10.843333333333334
21088.0,105.0,64.0,116.3,16.890625,232.6
21088.0,32.0,2.0,37.77,6.5,9.4425
5.0,39208.0,3.0,53.92,803.0,53.92
39208.0,99.0,6.0,112.91,22.166666666666668,225.82
39208.0,92.0,10.0,166.07,4.1,332.14
39208.0,22.0,4.0,173.78,68.5,14.481666666666667
39208.0,13.0,10.0,66.48,7.2,66.48
13.0,33.0,2.0,223.7,7.0,31.957142857142856
33.0,39208.0,9.0,168.5,6.111111111111111,84.25
33.0,22.0,6.0,24.53,37.166666666666664,8.176666666666668
22.0,30732.0,6.0,38.64,97.66666666666667,1.84
33.0,105.0,4.0,59.19,19.5,29.595
5.0,23449.0,1.0,61.31,1392.0,0.04404454022988506
23449.0,99.0,2.0,11.92,6.5,23.84
23449.0,9048.0,3.0,78.64,21.666666666666668,13.106666666666667
9048.0,5.0,1.0,18.86,17015.0,0.001108433734939759
5.0,99.0,4.0,59.06,376.5,118.12
99.0,9048.0,7.0,77.41,7.857142857142857,19.3525
9048.0,30620.0,3.0,27.07,45.333333333333336,3.0077777777777777
30620.0,79694.0,13.0,29.41,5.153846153846154,29.41
30620.0,54467.0,8.0,86.13,4.25,172.26
30620.0,23449.0,5.0,101.55,5.4,25.3875
23449.0,54467.0,1.0,31.14,5.0,6.228
54467.0,120.0,1.0,42.24,95.0,0.44463157894736843
120.0,30620.0,1.0,74.02,76.0,0.9739473684210526
79694.0,32.0,6.0,85.82,8.0,21.455
79694.0,5.0,2.0,42.85,19.5,6.121428571428572
79694.0,84.0,1.0,62.78,13.0,4.82923076923077
84.0,23449.0,6.0,93.7,12.833333333333334,31.233333333333334
84.0,32.0,1.0,57.42,5.0,11.484
32.0,23449.0,1.0,38.55,5.0,7.709999999999999
23449.0,95.0,1.0,98.54,12.0,8.211666666666668
95.0,5.0,8.0,39.38,52.0,9.845
5.0,88.0,2.0,91.38,6.5,15.229999999999999
5.0,22.0,3.0,121.22,10.0,24.244
22.0,95.0,1.0,157.9,5.0,31.580000000000002
5.0,3236.0,1.0,54.13,8.0,6.76625
3236.0,88.0,2.0,37.3,6310.5,0.1594017094017094
3236.0,49.0,5.0,63.4,169.8,7.044444444444444
99.0,60297.0,1.0,46.29,4.0,11.5725
60297.0,5.0,40.0,104.45,5.65,208.9
60297.0,105.0,34.0,72.51,21.676470588235293,72.51
99.0,1253.0,1.0,20.17,78.0,0.2585897435897436
1253.0,41479.0,2.0,34.48,5535.5,0.014307053941908713
41479.0,22.0,2.0,26.48,2457.0,0.2343362831858407
1253.0,22.0,2.0,53.57,1818.5,4.1207692307692305
1253.0,105.0,4.0,111.28,96.0,55.64
1253.0,120.0,1.0,35.22,1.0,35.22
120.0,41479.0,5.0,69.7,2.6,69.7
41479.0,32.0,2.0,62.63,2.0,125.26
99.0,60297.0,1.0,46.29,4.0,11.5725
60297.0,32.0,4.0,69.84,2.5,34.92
60297.0,96699.0,83.0,65.8,4.9397590361445785,131.6
96699.0,95.0,2.0,76.91,17.5,15.382
95.0,60297.0,14.0,142.13,2.357142857142857,284.26
96699.0,13.0,1.0,148.72,1.0,148.72
13.0,60297.0,1.0,210.62,0.0,421.24
60297.0,8318.0,8.0,50.33,1.375,100.66
8318.0,95.0,3.0,93.33,2.6666666666666665,186.66
8318.0,96699.0,1.0,16.55,4.0,4.1375
60297.0,5.0,24.0,104.45,4.0,208.9
5.0,96699.0,9.0,38.66,2.3333333333333335,19.33
95.0,5.0,1.0,39.38,4.0,9.845
60297.0,105.0,2.0,72.51,11162.0,0.02044839255499154
5.0,39208.0,1.0,53.92,8.0,6.74
39208.0,92.0,17.0,166.07,127.17647058823529,332.14
39208.0,13.0,26.0,66.48,251.46153846153845,33.24
39208.0,18533.0,525.0,68.48,24.874285714285715,136.96
92.0,18533.0,3.0,166.11,4.333333333333333,55.370000000000005
18533.0,13.0,18.0,129.2,6.333333333333333,129.2
39208.0,84.0,1.0,81.21,1.0,81.21
84.0,18533.0,1.0,55.65,3.0,18.55
39208.0,105.0,10.0,227.41,2.8,227.41
18533.0,105.0,8.0,159.22,8.625,31.844
18533.0,22.0,2.0,108.7,4.0,27.175
22.0,39208.0,2.0,173.78,5.0,34.756
22.0,75892.0,1.0,84.0,75.0,1.12
75892.0,39944.0,87.0,37.22,24.2183908045977,37.22
75892.0,74402.0,447.0,2.24,23.88366890380313,4.48
74402.0,39944.0,96.0,39.12,22.895833333333332,13.04
74402.0,83375.0,12.0,30.81,11.416666666666666,15.405
74402.0,88.0,33.0,125.42,40.15151515151515,41.806666666666665
75892.0,88.0,38.0,123.74,32.6578947368421,123.74
39944.0,88.0,7.0,87.14,22.857142857142858,87.14
74402.0,33.0,4.0,76.52,6.5,15.303999999999998
22.0,33.0,3.0,24.53,19.666666666666668,4.088333333333334
33.0,13568.0,5.0,27.47,17.2,13.735
13568.0,22.0,3.0,31.02,6656.666666666667,0.27945945945945944
13568.0,105.0,2.0,85.66,338.5,0.2728025477707006
22.0,105.0,2.0,63.38,5.5,63.38
22.0,99.0,27.0,64.39,644.6666666666666,12.878
22.0,33.0,7.0,24.53,164.57142857142858,6.1325
33.0,99.0,1.0,55.62,4.0,13.905
22.0,105.0,4.0,63.38,1041.5,2.880909090909091
13702.0,28385.0,11.0,50.64,28.272727272727273,101.28
28385.0,99.0,54.0,96.88,4.648148148148148,193.76
28385.0,72974.0,8.0,75.59,5.125,18.8975
28385.0,33193.0,2495.0,19.24,7.454909819639279,38.48
33193.0,99.0,14.0,78.06,8.285714285714286,19.515
72974.0,33193.0,4.0,57.69,11.25,19.23
33193.0,22.0,11.0,135.65,14.545454545454545,45.21666666666667
28385.0,22.0,12.0,152.67,60.416666666666664,38.1675
28385.0,105.0,2.0,210.21,7.0,30.03
105.0,33193.0,2.0,191.95,2.0,95.975
95.0,79100.0,1.0,45.99,364.0,0.12634615384615386
79100.0,27439.0,3.0,73.98,652.0,147.96
27439.0,63110.0,1.0,85.09,263.0,0.32353612167300383
63110.0,79100.0,4.0,41.59,91.25,4.621111111111111
79100.0,13.0,2.0,120.3,267.0,1.019491525423729
63110.0,13.0,5.0,132.65,158.4,1.2514150943396227
63110.0,84.0,2.0,64.86,91.5,1.0632786885245902
13.0,9048.0,7.0,95.68,94.42857142857143,47.84
9048.0,99.0,13.0,77.41,180.92307692307693,38.705
99.0,22.0,1.0,64.39,6.0,10.731666666666667
22.0,9048.0,5.0,138.33,86.6,34.5825
9048.0,84.0,2.0,65.56,571.0,0.18110497237569062
95.0,45686.0,1.0,59.73,5.0,11.946
45686.0,49.0,14.0,98.67,10.928571428571429,98.67
45686.0,99.0,4.0,40.62,8.75,13.54
45686.0,13.0,7.0,129.28,61.714285714285715,25.856
95.0,27439.0,1.0,28.42,4387.0,0.0064782311374515615
27439.0,9048.0,2.0,47.68,7035.0,7.946666666666666
27439.0,22.0,1.0,179.63,1.0,179.63
22.0,3236.0,1.0,168.8,2.0,84.4
3236.0,27439.0,4.0,12.17,3.5,12.17
27439.0,63110.0,2.0,85.09,1.5,170.18
3236.0,63110.0,6.0,73.16,3.3333333333333335,73.16
63110.0,89293.0,6.0,29.73,2.5,59.46
63110.0,120.0,4.0,30.15,50.75,6.029999999999999
120.0,89293.0,3.0,28.45,1.0,28.45
89293.0,3236.0,3.0,100.72,1.3333333333333333,100.72
89293.0,105.0,6.0,124.43,1.8333333333333333,248.86
63110.0,54272.0,2.0,97.0,579.5,19.4
120.0,54272.0,1.0,87.21,1071.0,0.08142857142857142
54272.0,9048.0,3.0,135.72,3.0,271.44
9048.0,88.0,22.0,72.81,9.227272727272727,145.62
9048.0,13.0,10.0,95.68,6.8,47.84
13.0,88.0,4.0,22.87,13.5,11.435
9048.0,99.0,2.0,77.41,215.0,0.8897701149425287
95.0,26858.0,3.0,26.44,3067.6666666666665,0.6957894736842105
26858.0,91020.0,4.0,11.18,6.0,3.7266666666666666
26858.0,58086.0,1.0,24.19,1.0,24.19
58086.0,91020.0,2.0,13.04,6.0,4.346666666666667
58086.0,1652.0,4.0,77.52,4.25,38.76
58086.0,92.0,10.0,150.05,5.3,300.1
58086.0,8814.0,8.0,57.27,46.0,19.09
58086.0,5.0,4.0,88.83,4.5,22.2075
5.0,92.0,2.0,160.5,6.0,26.75
5.0,22.0,2.0,121.22,5.5,24.244
22.0,120.0,1.0,86.98,0.0,173.96
120.0,58086.0,2.0,113.67,419.0,113.67
58086.0,33.0,2.0,199.35,0.5,398.7
58086.0,84.0,1.0,123.18,1.0,123.18
84.0,5.0,1.0,58.5,3.0,19.5
5.0,120.0,1.0,44.14,5.0,8.828
22.0,26858.0,1.0,179.19,3.0,59.73
26858.0,5.0,1.0,64.81,4.0,16.2025
5.0,13.0,1.0,114.24,5.0,22.848
13.0,26858.0,2.0,49.67,251.0,12.4175
33.0,54112.0,1.0,31.45,130.0,0.2419230769230769
54112.0,99.0,2.0,87.01,6.5,21.7525
54112.0,54272.0,1.0,30.36,3683.0,0.008243279934835732
87392.0,67394.0,3.0,10.0,134.33333333333334,0.4
67394.0,105.0,5.0,81.47,123.6,3.1334615384615385
67394.0,32.0,23.0,59.21,94.56521739130434,118.42
32.0,105.0,1.0,130.85,6.0,21.808333333333334
99.0,22.0,3.0,64.39,6772.333333333333,0.12502912621359225
22.0,120.0,1.0,86.98,9181.0,0.009473913517046073
120.0,54272.0,3.0,87.21,652.0,6.229285714285714
54272.0,22.0,1.0,12.05,6548.0,0.0018402565668906537
22.0,91636.0,2.0,32.09,6070.0,0.03399364406779661
91636.0,99.0,4.0,87.88,13.0,17.576
51552.0,99.0,6.0,90.26,631.1666666666666,1.8052000000000001
51552.0,49.0,2.0,39.82,292.0,0.1942439024390244
51552.0,5.0,1.0,47.71,187.0,0.2551336898395722
5.0,33.0,1.0,114.67,21.0,5.46047619047619
9048.0,95.0,1.0,20.55,2942.0,0.006985044187627465
95.0,32.0,1.0,87.51,13.0,6.731538461538462
32.0,9048.0,3.0,67.38,4.333333333333333,134.76
9048.0,84.0,1.0,65.56,23.0,2.8504347826086955
84.0,22.0,2.0,146.05,6.5,29.21
84.0,42740.0,1.0,83.39,3.0,27.796666666666667
42740.0,32.0,1.0,27.0,28.0,0.9642857142857143
32.0,5.0,4.0,48.84,192.0,1.8784615384615386
32.0,99.0,4.0,27.73,156.75,13.865
99.0,5.0,2.0,59.06,13.0,118.12
70233.0,28802.0,1.0,23.26,116.0,0.20051724137931035
28802.0,25121.0,3.0,21.63,223.0,3.09
25121.0,37427.0,1.0,18.6,396.0,0.046969696969696974
37427.0,87392.0,2.0,24.33,6.5,6.0825
37427.0,54272.0,3.0,47.01,5.666666666666667,11.7525
54272.0,87392.0,2.0,31.91,149.5,6.382
54272.0,54918.0,3.0,48.83,7.0,8.138333333333334
54918.0,63927.0,2.0,5.83,66.0,1.166
54918.0,78516.0,2.0,16.16,610.5,5.386666666666667
54918.0,5.0,1.0,69.79,203.0,0.3437931034482759
5.0,92842.0,1.0,97.32,122.0,0.7977049180327869
92842.0,87392.0,3.0,16.03,75.0,4.0075
92842.0,99.0,2.0,39.75,6.5,6.625
87392.0,29230.0,2.0,29.15,272.5,0.11521739130434783
87392.0,99.0,1.0,28.6,14.0,2.042857142857143
99.0,29230.0,28.0,32.28,156.07142857142858,10.76
29230.0,33.0,9.0,47.09,98.44444444444444,11.7725
29230.0,96372.0,6.0,38.29,7.333333333333333,12.763333333333334
96372.0,99.0,2.0,23.07,654.0,0.08389090909090909
29230.0,5.0,2.0,81.12,392.0,0.7115789473684211
33.0,99.0,17.0,55.62,79.17647058823529,18.54
29230.0,63927.0,3.0,12.08,582.0,1.3422222222222222
63927.0,96372.0,2.0,26.91,182.5,3.36375
63927.0,99.0,15.0,21.4,203.33333333333334,42.8
63927.0,32.0,10.0,48.98,121.1,24.49
99.0,54272.0,3.0,59.51,196.66666666666666,1.7502941176470588
54272.0,63927.0,5.0,43.57,289.6,1.0373809523809523
32.0,54272.0,4.0,81.87,97.0,13.645000000000001
63927.0,5.0,1.0,75.51,3.0,25.17
5.0,32.0,1.0,48.84,3.0,16.28
32.0,33.0,13.0,74.92,19.076923076923077,18.73
33.0,22.0,12.0,24.53,7.75,8.176666666666668
32.0,22.0,3.0,88.88,3.0,29.626666666666665
33.0,120.0,4.0,88.04,8.75,22.01
120.0,22.0,2.0,86.98,5.0,17.396
33.0,105.0,1.0,59.19,442.0,0.13391402714932127
105.0,5.0,1.0,173.49,200.0,0.86745
5.0,99.0,1.0,59.06,39.0,1.5143589743589745
99.0,22.0,3.0,64.39,40.666666666666664,12.878
70233.0,39297.0,7.0,21.63,12.714285714285714,43.26
39297.0,120.0,4.0,39.3,5.5,78.6
39297.0,32.0,4.0,43.97,170.25,14.656666666666666
39297.0,33.0,2.0,48.97,24.5,12.2425
39297.0,99.0,7.0,16.25,14.857142857142858,4.0625
99.0,54272.0,1.0,59.51,44.0,1.3525
54272.0,33.0,1.0,12.51,4.0,3.1275
13.0,84932.0,1.0,33.55,103.0,0.3257281553398058
84932.0,5.0,2.0,80.82,4430.5,2.3770588235294117
84932.0,95.0,2.0,42.53,5143.0,0.4339795918367347
22.0,32.0,7.0,88.88,1284.4285714285713,17.776
32.0,95.0,7.0,87.51,2877.714285714286,17.502000000000002
95.0,5.0,4.0,39.38,114.25,1.2703225806451615
5.0,32.0,2.0,48.84,163.0,0.7513846153846154
22.0,5.0,9.0,121.22,200.88888888888889,13.46888888888889
95.0,22.0,4.0,157.9,63.25,52.63333333333333
5.0,120.0,1.0,44.14,63.0,0.7006349206349206
120.0,22.0,2.0,86.98,15.0,12.425714285714287
32.0,120.0,2.0,54.21,898.5,1.0228301886792452
32.0,99.0,1.0,27.73,389.0,0.0712853470437018
99.0,22.0,1.0,64.39,4.0,16.0975
120.0,95.0,1.0,73.6,919.0,0.08008705114254625
22.0,43415.0,1.0,23.61,395.0,0.05977215189873417
43415.0,99416.0,4.0,29.53,1554.25,29.53
43415.0,13568.0,3.0,14.32,4685.333333333333,0.07124378109452736
13568.0,105.0,2.0,85.66,101.5,14.276666666666666
43415.0,105.0,8.0,71.62,156.25,71.62
95.0,5.0,6.0,39.38,158.5,7.876
95.0,22.0,2.0,157.9,6.5,39.475
95.0,88.0,4.0,53.3,26.0,53.3
49.0,101.0,7.0,54.17,747.7142857142857,5.417
49.0,95.0,4.0,55.08,254.25,13.77
49.0,84.0,2.0,60.58,474.0,0.24930041152263374
49.0,5.0,1.0,73.03,961.0,0.07599375650364204
5.0,101.0,1.0,82.63,126.0,0.6557936507936507
95.0,22.0,2.0,157.9,247.5,2.223943661971831
95.0,48812.0,1.0,5.07,677.0,0.007488921713441655
48812.0,99.0,9.0,98.92,127.22222222222223,197.84
48812.0,79123.0,9.0,70.68,7.777777777777778,141.36
79123.0,22.0,1.0,91.51,5.0,18.302
22.0,48812.0,10.0,158.02,3260.7,52.67333333333334
48812.0,13.0,4.0,73.15,3.75,36.575
48812.0,49.0,2.0,59.56,3.5,119.12
22.0,120.0,2.0,86.98,1.0,86.98
120.0,33.0,2.0,88.04,4.0,22.01
33.0,48812.0,2.0,154.2,2.5,308.4
33.0,22.0,1.0,24.53,8.0,3.06625
99.0,5.0,1.0,59.06,26.0,2.2715384615384617
5.0,32.0,1.0,48.84,327.0,0.1493577981651376
32.0,48812.0,3.0,89.94,596.3333333333334,17.988
32.0,33.0,1.0,74.92,8.0,9.365
95.0,26858.0,1.0,26.44,20686.0,0.0012781591414483225
26858.0,13.0,4.0,49.67,6.25,16.55666666666667
26858.0,5.0,3.0,64.81,5.0,21.603333333333335
5.0,99.0,1.0,59.06,1.0,59.06
54272.0,91636.0,16.0,29.53,332.75,29.53
54272.0,96.0,2.0,148.09,767.0,0.2068296089385475
54272.0,99.0,2.0,59.51,4945.0,0.4918181818181818
33.0,99.0,12.0,55.62,1429.9166666666667,13.905
99.0,22.0,6.0,64.39,887.1666666666666,12.878
22.0,33.0,2.0,24.53,1461.5,0.03988617886178862
99.0,32.0,2.0,27.73,436.5,9.243333333333334
99.0,120.0,1.0,40.56,722.0,0.05617728531855956
120.0,32.0,2.0,54.21,3598.0,0.039056195965417866
120.0,33.0,1.0,88.04,306.0,0.28771241830065364
95.0,64102.0,1.0,27.07,228.0,0.1187280701754386
64102.0,22.0,2.0,172.16,143.0,2.235844155844156
64102.0,5.0,3.0,51.2,21.666666666666668,12.8
5.0,120.0,1.0,44.14,5.0,8.828
120.0,22.0,1.0,86.98,1.0,86.98
22.0,33.0,1.0,24.53,3.0,8.176666666666668
33.0,32.0,8.0,74.92,16.25,12.486666666666666
32.0,120.0,1.0,54.21,3.0,18.07
120.0,33.0,1.0,88.04,4.0,22.01
33.0,5.0,2.0,114.67,4.0,28.6675
5.0,32.0,1.0,48.84,2.0,24.42
32.0,66.0,3.0,281.86,6.0,56.372
5.0,66.0,1.0,325.65,7.0,46.521428571428565
95.0,89441.0,1.0,44.53,2.0,22.265
89441.0,5.0,4.0,82.76,449.0,20.69
54272.0,2516.0,1.0,42.54,20060.0,0.0021206380857427716
2516.0,22.0,2.0,43.04,741.5,86.08
2516.0,99.0,8.0,27.22,159.625,6.805
2516.0,32.0,4.0,54.93,67.0,27.465
2516.0,31432.0,24.0,17.03,3.2916666666666665,8.515
2516.0,95.0,13.0,114.89,1.9230769230769231,229.78
2516.0,5.0,4.0,78.83,4.5,19.7075
95.0,31432.0,3.0,103.33,4.333333333333333,25.8325
2516.0,8318.0,1.0,29.43,9.0,3.27
8318.0,95.0,2.0,93.33,5.5,23.3325
8318.0,31432.0,1.0,12.65,2.0,6.325
2516.0,63927.0,1.0,6.32,13.0,0.48615384615384616
63927.0,54272.0,1.0,43.57,9.0,4.841111111111111
54272.0,120.0,1.0,87.21,9394.0,0.009283585267191825
120.0,22.0,1.0,86.98,12736.0,0.006829459798994976
22.0,54272.0,1.0,12.05,3.0,4.016666666666667
54272.0,5.0,2.0,117.96,5.0,23.592
54272.0,99.0,13.0,59.51,4.769230769230769,14.8775
95.0,38337.0,1.0,45.17,25528.0,0.0017694296458790348
38337.0,49.0,2.0,80.03,6.5,26.676666666666666
38337.0,8172.0,15.0,30.41,3.0,60.82
8172.0,26858.0,5.0,97.95,2.4,195.9
26858.0,33.0,1.0,176.65,0.0,353.3
33.0,8172.0,3.0,78.75,2.6666666666666665,157.5
8172.0,3236.0,10.0,87.24,1.4,174.48
8172.0,79123.0,6.0,10.0,0.8333333333333334,20.0
3236.0,79123.0,21.0,83.01,3.3333333333333335,166.02
79123.0,57108.0,7.0,21.21,5.0,4.242
57108.0,8172.0,1.0,24.7,3.0,8.233333333333333
3236.0,57108.0,20.0,62.61,4.25,125.22
57108.0,33.0,1.0,103.44,4.0,25.86
33.0,3236.0,1.0,165.96,0.0,331.92
57108.0,13568.0,6.0,78.41,22.0,19.6025
13568.0,120.0,4.0,60.83,324.25,121.66
57108.0,49.0,1.0,88.56,17.0,5.209411764705883
49.0,9048.0,2.0,62.64,26.0,15.66
49.0,72974.0,3.0,116.26,12.0,29.065
84.0,5.0,3.0,58.5,5.333333333333333,19.5
5.0,99.0,2.0,59.06,6.5,118.12
5.0,22.0,1.0,121.22,5.0,24.244
41841.0,13.0,2.0,57.61,4865.0,0.14771794871794872
13.0,88.0,1.0,22.87,3.0,7.623333333333334
88.0,91020.0,1.0,15.77,4137.0,0.0038119410200628473
91020.0,26858.0,4.0,11.18,19.25,5.59
91020.0,31249.0,1.0,4.47,3394.0,0.0013170300530347672
31249.0,28385.0,3.0,32.76,12.333333333333334,8.19
28385.0,26858.0,7.0,26.87,481.57142857142856,53.74
26858.0,41841.0,21.0,9.22,151.52380952380952,2.305
41841.0,88.0,9.0,34.76,27.555555555555557,17.38
41841.0,28385.0,1.0,17.69,91.0,0.1943956043956044
28385.0,88.0,7.0,50.46,69.57142857142857,8.41
13.0,26858.0,4.0,49.67,132.75,8.278333333333334
26858.0,5.0,2.0,64.81,430.5,1.8517142857142859
13.0,95.0,1.0,76.05,14017.0,0.005425554683598488
95.0,88.0,1.0,53.3,0.0,106.6
88.0,5.0,1.0,91.38,4.0,22.845
5.0,49.0,6.0,73.03,4.666666666666667,73.03
49.0,95.0,2.0,55.08,6.5,11.016
95.0,2552.0,4.0,64.62,1.5,129.24
2552.0,5.0,3.0,102.73,1054.0,25.6825
49.0,2552.0,2.0,90.97,3.5,30.323333333333334
2552.0,13.0,1.0,11.52,1867.0,0.006170326727370112
13.0,95.0,3.0,76.05,1309.3333333333333,19.0125
95.0,88.0,7.0,53.3,1632.4285714285713,106.6
88.0,13.0,17.0,22.87,868.1176470588235,3.811666666666667
13.0,5.0,2.0,114.24,227.5,2.04
120.0,99.0,1.0,40.56,12787.0,0.003171971533588801
99.0,54272.0,1.0,59.51,114.0,0.5220175438596492
54272.0,120.0,1.0,87.21,842.0,0.10357482185273158
120.0,39297.0,5.0,39.3,141.6,78.6
39297.0,95.0,11.0,106.19,84.27272727272727,212.38
39297.0,23449.0,2.0,7.81,4.5,1.9525
39297.0,5.0,3.0,69.12,6.666666666666667,17.28
5.0,32.0,7.0,48.84,6.428571428571429,48.84
32.0,39297.0,6.0,43.97,8.833333333333334,21.985
39297.0,22.0,3.0,52.11,6.0,10.422
22.0,95.0,1.0,157.9,3.0,52.63333333333333
5.0,22.0,5.0,121.22,11.6,24.244
22.0,33.0,2.0,24.53,3.5,8.176666666666668
33.0,5.0,4.0,114.67,26.0,229.34
5.0,95.0,3.0,39.38,6.0,7.876
32.0,95.0,1.0,87.51,7.0,12.501428571428573
33.0,120.0,1.0,88.04,35.0,2.5154285714285716
120.0,22.0,3.0,86.98,86.66666666666667,173.96
33.0,99.0,1.0,55.62,4.0,13.905
99.0,22.0,1.0,64.39,5.0,12.878
95.0,82187.0,1.0,16.25,6809.0,0.002386547216918784
82187.0,26858.0,1.0,20.81,10584.0,0.0019661753590325018
26858.0,8814.0,1.0,33.24,17.0,1.9552941176470588
8814.0,82187.0,11.0,25.81,51.0,51.62
82187.0,99.0,4.0,112.91,42.25,37.63666666666666
82187.0,5.0,28.0,53.92,103.5,107.84
82187.0,13.0,2.0,66.48,5.5,22.16
5.0,32.0,1.0,48.84,6382.0,0.00765277342525854
32.0,8318.0,2.0,26.39,2584.0,52.78
8318.0,84.0,2.0,81.98,2582.5,1.4905454545454546
8318.0,99.0,10.0,4.53,30.2,9.06
32.0,99.0,1.0,27.73,596.0,0.04652684563758389
22.0,95.0,3.0,157.9,6680.333333333333,3.3595744680851065
95.0,5.0,6.0,39.38,308.3333333333333,4.9225
5.0,99.0,4.0,59.06,3668.25,118.12
32.0,54272.0,6.0,81.87,2569.0,27.290000000000003
54272.0,99.0,4.0,59.51,4.5,19.836666666666666
32.0,101.0,2.0,86.22,6.5,17.244
54272.0,88.0,2.0,202.23,2.0,202.23
54272.0,95.0,2.0,155.73,0.0,311.46
95.0,5.0,1.0,39.38,4.0,9.845
5.0,32.0,5.0,48.84,70.8,24.42
95.0,32.0,1.0,87.51,6.0,14.585
32.0,120.0,1.0,54.21,1.0,54.21
120.0,5.0,4.0,44.14,13.25,14.713333333333333
32.0,80824.0,1.0,68.37,18395.0,0.003716770861647187
80824.0,59226.0,1.0,14.32,4.0,3.58
59226.0,5.0,1.0,85.29,4.0,21.3225
5.0,80824.0,1.0,98.85,2.0,49.425
80824.0,64620.0,4.0,57.28,2.0,114.56
80824.0,67092.0,14.0,16.03,5.5,5.343333333333334
80824.0,95.0,5.0,135.65,1.2,271.3
95.0,67092.0,3.0,126.58,7.666666666666667,253.16
67092.0,97000.0,13.0,21.84,3.8461538461538463,10.92
67092.0,8318.0,2.0,33.94,4.5,8.485
67092.0,29230.0,2.0,24.17,4.5,8.056666666666667
97000.0,54272.0,14.0,49.65,128.42857142857142,16.55
97000.0,8318.0,1.0,18.25,742.0,0.024595687331536387
8318.0,22.0,4.0,68.16,8.25,13.632
22.0,95.0,4.0,157.9,2.0,78.95
95.0,8318.0,3.0,93.33,6.333333333333333,15.555
95.0,84.0,2.0,76.73,1.0,76.73
84.0,8318.0,1.0,81.98,5.0,16.396
84.0,13.0,1.0,147.24,4.0,36.81
13.0,8318.0,1.0,165.2,1.0,165.2
95.0,32.0,1.0,87.51,6.0,14.585
32.0,5.0,4.0,48.84,16.25,48.84
95.0,49.0,2.0,55.08,13.0,13.77
95.0,84.0,1.0,76.73,2.0,38.365
84.0,5.0,1.0,58.5,2.0,29.25
5.0,99.0,2.0,59.06,6.5,118.12
45024.0,120.0,9.0,73.94,9.222222222222221,73.94
120.0,99.0,6.0,40.56,26.166666666666668,10.14
120.0,33.0,6.0,88.04,83.16666666666667,22.01
33.0,22.0,5.0,24.53,50.2,6.1325
22.0,120.0,4.0,86.98,3.25,173.96
33.0,5.0,1.0,114.67,1.0,114.67
5.0,8318.0,1.0,54.66,3.0,18.22
8318.0,120.0,4.0,36.95,4.25,9.2375
33.0,8318.0,2.0,60.04,4.0,15.01
33.0,95.0,4.0,153.3,0.0,306.6
95.0,8318.0,3.0,93.33,4.0,23.3325
8318.0,22.0,3.0,68.16,5.333333333333333,17.04
120.0,95.0,1.0,73.6,4.0,18.4
22.0,99.0,7.0,64.39,19.714285714285715,12.878
99.0,120.0,8.0,40.56,1503.625,10.14
22.0,87392.0,6.0,39.12,25.166666666666668,7.824
87392.0,120.0,2.0,63.14,6.5,126.28
54272.0,99.0,6.0,59.51,352.8333333333333,11.902
99.0,5.0,1.0,59.06,0.0,118.12
5.0,54272.0,1.0,117.96,5.0,23.592
99.0,66.0,1.0,266.73,3862.0,0.06906525116519939
66.0,96.0,1.0,64.72,5.0,12.943999999999999
96.0,54272.0,1.0,148.09,2520.0,0.058765873015873014
54272.0,105.0,2.0,59.57,2328.0,0.0636431623931624
22.0,99.0,3.0,64.39,11.333333333333334,8.04875
99.0,33.0,1.0,55.62,843.0,0.06597864768683273
33.0,66.0,1.0,211.28,39.0,5.417435897435897
96.0,66.0,2.0,64.72,13.0,7.191111111111111
96.0,22.0,2.0,150.17,7.0,37.5425
22.0,33.0,2.0,24.53,4.5,6.1325
33.0,66.0,1.0,211.28,1.0,211.28
66.0,22.0,1.0,210.79,8.0,26.34875
22.0,95.0,2.0,157.9,6.0,39.475
95.0,33.0,1.0,153.3,0.0,306.6
33.0,88.0,1.0,201.51,12.0,16.7925
88.0,95.0,1.0,53.3,1.0,53.3
95.0,13.0,1.0,76.05,8.0,9.50625
13.0,88.0,1.0,22.87,4.0,5.7175
88.0,92.0,1.0,149.17,1479.0,0.10085868830290737
92.0,95.0,1.0,156.67,6.0,26.111666666666665
33.0,5.0,1.0,114.67,4.0,28.6675
5.0,22.0,1.0,121.22,4.0,30.305
96.0,99.0,1.0,203.16,6.0,33.86
99.0,66.0,1.0,266.73,16.0,16.670625
96.0,99.0,1.0,203.16,25.0,8.1264
99.0,22.0,1.0,64.39,6.0,10.731666666666667
22.0,33.0,1.0,24.53,199.0,0.12326633165829147
33.0,32.0,1.0,74.92,722.0,0.10376731301939059
33.0,99.0,1.0,55.62,5.0,11.123999999999999
99.0,105.0,2.0,114.55,4589.0,3.471212121212121
99.0,5.0,1.0,59.06,65.0,0.9086153846153846
5.0,88.0,2.0,91.38,84.5,13.054285714285713
95.0,3236.0,1.0,16.64,0.0,33.28
3236.0,99.0,14.0,110.97,2311.0714285714284,221.94
99.0,22.0,1.0,64.39,6.0,10.731666666666667
22.0,51286.0,1.0,76.09,7.0,10.870000000000001
51286.0,8318.0,12.0,13.0,5.166666666666667,4.333333333333333
51286.0,3236.0,19.0,106.57,104.57894736842105,106.57
8318.0,3236.0,15.0,106.45,288.8666666666667,106.45
3236.0,13.0,13.0,60.17,9.538461538461538,120.34
3236.0,92.0,4.0,148.74,5.75,148.74
3236.0,49.0,23.0,63.4,10.0,126.8
3236.0,22.0,6.0,168.8,5.333333333333333,42.2
99.0,49.0,1.0,126.11,1.0,126.11
3236.0,105.0,4.0,225.15,4.25,225.15
105.0,22.0,2.0,63.38,3.0,21.12666666666667
3236.0,33.0,5.0,165.96,3.6,82.98
33.0,8318.0,4.0,60.04,1.0,60.04
8318.0,84.0,5.0,81.98,3.4,163.96
84.0,3236.0,7.0,92.86,35.857142857142854,23.215
13.0,33.0,1.0,223.7,2.0,111.85
3236.0,9048.0,1.0,35.51,15156.0,0.002342966481921351
9048.0,95.0,1.0,20.55,5478.0,0.003751369112814896
95.0,5.0,1.0,39.38,7573.0,0.005200052819226198
5.0,3236.0,1.0,54.13,15.0,3.6086666666666667
95.0,26858.0,3.0,26.44,7585.666666666667,52.88
26858.0,13.0,2.0,49.67,6.5,12.4175
26858.0,22.0,1.0,179.19,8.0,22.39875
22.0,5.0,1.0,121.22,4.0,30.305
5.0,26858.0,1.0,64.81,1.0,64.81
26858.0,88.0,2.0,26.87,3185.5,0.03276829268292683
88.0,95.0,2.0,53.3,6859.0,0.010492125984251968
95.0,20333.0,1.0,5.86,0.0,11.72
20333.0,5.0,2.0,45.24,1855.0,90.48
20333.0,92.0,21.0,156.88,13.333333333333334,313.76
20333.0,99.0,6.0,103.61,4.5,207.22
20333.0,105.0,37.0,218.14,15.621621621621621,436.28
105.0,92.0,1.0,241.02,47.0,5.128085106382979
20333.0,13.0,4.0,70.46,10.0,140.92
95.0,39006.0,1.0,7.2,0.0,14.4
39006.0,5.0,2.0,42.98,11145.5,85.96
39006.0,62829.0,1.0,35.51,0.0,71.02
62829.0,22.0,12.0,190.63,5.833333333333333,63.54333333333333
62829.0,95.0,2.0,40.43,8143.5,0.22713483146067415
95.0,48812.0,2.0,5.07,17665.5,0.014738372093023257
48812.0,49.0,4.0,59.56,20.0,14.89
48812.0,88.0,1.0,50.3,5551.0,0.009061430372905781
88.0,95.0,1.0,53.3,5080.0,0.010492125984251968
95.0,76492.0,1.0,7.17,0.0,14.34
76492.0,84932.0,1.0,41.23,38534.0,0.001069964187470805
95.0,26858.0,1.0,26.44,37499.0,0.0007050854689458386
26858.0,58086.0,1.0,24.19,13.0,1.860769230769231
58086.0,5.0,2.0,88.83,0.5,177.66
58086.0,95.0,1.0,50.59,19789.0,0.0025564707665874983
95.0,88.0,1.0,53.3,6819.0,0.007816395365889427
88.0,58086.0,1.0,2.88,338.0,0.008520710059171597
95.0,14802.0,3.0,39.18,5429.0,78.36
14802.0,13.0,2.0,112.19,6.5,22.438
14802.0,22.0,18.0,119.23,5.444444444444445,119.23
95.0,62282.0,2.0,52.75,5315.5,105.5
62282.0,49.0,2.0,83.98,1855.0,0.07498214285714286
62282.0,99.0,70.0,45.6,146.04285714285714,91.2
62282.0,84.0,2.0,59.51,16.0,4.9591666666666665
62282.0,105.0,14.0,160.0,9.142857142857142,320.0
95.0,22.0,1.0,157.9,1900.0,0.08310526315789474
22.0,62282.0,1.0,108.27,1785.0,0.06065546218487395
95.0,39208.0,2.0,16.25,5315.5,32.5
39208.0,49.0,2.0,45.99,1855.0,0.0410625
39208.0,13.0,6.0,66.48,3.5,132.96
39208.0,92.0,32.0,166.07,12.28125,332.14
39208.0,99.0,6.0,112.91,3.8333333333333335,225.82
39208.0,105.0,24.0,227.41,14.541666666666666,454.82
39208.0,22.0,4.0,173.78,6.0,34.756
105.0,92.0,2.0,241.02,4.0,80.34
95.0,88.0,1.0,53.3,12286.0,0.004338271202995279
88.0,39208.0,1.0,44.85,37.0,1.212162162162162
95.0,63110.0,1.0,59.55,28829.0,0.0020656283603316104
63110.0,13.0,5.0,132.65,751.4,18.95
63110.0,88.0,2.0,109.92,1.0,109.92
88.0,13.0,2.0,22.87,5.0,4.574
13.0,69143.0,3.0,158.41,3323.3333333333335,79.205
69143.0,84.0,2.0,90.35,3.0,90.35
69143.0,105.0,2.0,124.36,182.5,31.09
69143.0,63110.0,2.0,32.76,51.5,0.8854054054054054
69143.0,88.0,2.0,136.3,19.5,136.3
69143.0,5.0,2.0,53.22,5494.5,0.11826666666666666
120.0,76554.0,1.0,37.34,1167.0,0.031996572407883464
76554.0,99.0,2.0,16.51,2075.5,0.10583333333333335
76554.0,79157.0,118.0,28.6,99.80508474576271,57.2
76554.0,105.0,32.0,109.69,6.5,54.845
79157.0,22.0,1.0,25.72,11964.0,0.0021497826813774656
22.0,76554.0,1.0,53.48,0.0,106.96
120.0,87392.0,2.0,63.14,7854.5,10.523333333333333
87392.0,54272.0,16.0,31.91,5.0625,15.955
87392.0,79123.0,13.0,57.2,6.615384615384615,57.2
79123.0,54272.0,10.0,87.69,7.0,29.23
54272.0,95.0,2.0,155.73,15.0,22.247142857142855
95.0,87392.0,3.0,126.3,1.6666666666666667,126.3
79123.0,95.0,1.0,69.35,1.0,69.35
54272.0,120.0,1.0,87.21,2.0,43.605
54272.0,84.0,1.0,138.37,574.0,0.24106271777003485
120.0,33.0,11.0,88.04,750.0,8.003636363636364
33.0,99.0,8.0,55.62,1067.875,27.81
99.0,13568.0,1.0,33.38,175.0,0.19074285714285716
13568.0,37427.0,1.0,20.25,32.0,0.6328125
37427.0,54272.0,3.0,47.01,46.0,1.1465853658536584
54272.0,85793.0,1.0,55.9,11.0,5.081818181818182
85793.0,32.0,2.0,48.18,23.0,9.636
85793.0,33.0,2.0,56.73,45.5,1.5758333333333332
85793.0,37427.0,1.0,9.22,105.0,0.08780952380952381
37427.0,29230.0,1.0,11.05,25.0,0.442
29230.0,85793.0,4.0,15.26,198.75,30.52
29230.0,33.0,18.0,47.09,51.388888888888886,9.418000000000001
29230.0,99.0,10.0,32.28,57.2,6.456
29230.0,120.0,1.0,44.43,51.0,0.8711764705882353
120.0,22.0,16.0,86.98,376.5625,6.690769230769231
22.0,33.0,17.0,24.53,204.7058823529412,4.906000000000001
22.0,99.0,6.0,64.39,418.0,5.365833333333334
99.0,120.0,7.0,40.56,69.28571428571429,10.14
120.0,75892.0,1.0,23.86,13104.0,0.0018208180708180707
75892.0,93326.0,212.0,35.81,35.617924528301884,71.62
93326.0,99.0,17.0,58.7,784.3529411764706,58.7
99.0,75892.0,4.0,23.49,29.5,11.745
75892.0,88.0,1.0,123.74,9389.0,0.013179252316540633
88.0,93326.0,1.0,89.41,1664.0,0.053731971153846154
33.0,41479.0,1.0,18.43,8420.0,0.002188836104513064
41479.0,120.0,8.0,69.7,9.25,34.85
41479.0,99.0,2.0,39.67,7070.0,79.34
49.0,96804.0,1.0,35.49,8285.0,0.004283645141822571
96804.0,84.0,2.0,26.13,1784.0,0.038483063328424154
96804.0,22615.0,1.0,15.23,2670.0,0.005704119850187266
22615.0,95.0,1.0,51.58,152.0,0.3393421052631579
95.0,5.0,6.0,39.38,194.66666666666666,13.126666666666667
5.0,22615.0,2.0,58.15,53.0,11.629999999999999
5.0,88.0,1.0,91.38,2.0,45.69
88.0,95.0,1.0,53.3,0.0,106.6
1652.0,26858.0,2.0,75.5,4050.5,2.0405405405405403
1652.0,49.0,3.0,137.43,4.666666666666667,137.43
1652.0,13.0,8.0,87.44,5.25,43.72
49.0,13.0,1.0,99.52,1.0,99.52
13.0,26858.0,1.0,49.67,10.0,4.9670000000000005
26858.0,92.0,28.0,150.18,53.392857142857146,300.36
39236.0,5.0,5.0,69.9,12.6,34.95
5.0,22.0,1.0,121.22,60.0,2.0203333333333333
49.0,20333.0,1.0,54.44,0.0,108.88
20333.0,95.0,2.0,5.86,3561.0,0.016414565826330534
95.0,22.0,1.0,157.9,958.0,0.16482254697286014
22.0,99.0,1.0,64.39,8.0,8.04875
99.0,33.0,1.0,55.62,2.0,27.81
33.0,22.0,6.0,24.53,8.666666666666666,8.176666666666668
33.0,120.0,1.0,88.04,3.0,29.346666666666668
120.0,22.0,1.0,86.98,0.0,173.96
22.0,20333.0,1.0,163.44,7.0,23.34857142857143
20333.0,99.0,1.0,103.61,1.0,103.61
99.0,120.0,1.0,40.56,5.0,8.112
120.0,20333.0,1.0,78.7,1323.0,0.059486016628873775
20333.0,13.0,8.0,70.46,3.5,140.92
20333.0,92.0,23.0,156.88,172.08695652173913,313.76
20333.0,105.0,16.0,218.14,11.0,436.28
92.0,95.0,2.0,156.67,4079.5,0.0547605732261447
92.0,5.0,1.0,160.5,6280.0,0.025557324840764332
5.0,95.0,1.0,39.38,6595.0,0.0059711902956785445
5.0,60633.0,1.0,10.22,11271.0,0.0009067518410078965
60633.0,99.0,6.0,50.28,7.333333333333333,25.14
60633.0,84.0,1.0,64.21,4.0,16.0525
84.0,8318.0,6.0,81.98,5.333333333333333,27.326666666666668
8318.0,22.0,2.0,68.16,4.0,34.08
8318.0,95.0,31.0,93.33,71.70967741935483,93.33
8318.0,120.0,2.0,36.95,4.0,36.95
95.0,33.0,2.0,153.3,3809.5,76.65
33.0,8318.0,1.0,60.04,1.0,60.04
95.0,22.0,1.0,157.9,6.0,26.316666666666666
22.0,84.0,1.0,146.05,0.0,292.1
95.0,32.0,2.0,87.51,3550.5,0.02561768149882904
5.0,26858.0,1.0,64.81,13772.0,0.0047059250653499855
26858.0,92.0,3.0,150.18,1995.6666666666667,75.09
26858.0,13.0,5.0,49.67,5.4,99.34
13.0,5.0,1.0,114.24,7846.0,0.014560285495794035
5.0,95.0,6.0,39.38,6.833333333333333,39.38
95.0,49.0,1.0,55.08,1.0,55.08
49.0,5.0,1.0,73.03,11.0,6.63909090909091
95.0,33.0,1.0,153.3,2.0,76.65
33.0,8318.0,1.0,60.04,10.0,6.004
8318.0,84.0,2.0,81.98,13.0,13.663333333333334
8318.0,95.0,2.0,93.33,2.0,93.33
8318.0,13.0,2.0,165.2,119.5,10.325
8318.0,26858.0,1.0,117.2,2288.0,0.051223776223776225
26858.0,84.0,4.0,100.87,6.0,16.811666666666667
26858.0,22.0,4.0,179.19,6.5,35.838
26858.0,33.0,1.0,176.65,2.0,88.325
33.0,22.0,1.0,24.53,4.0,6.1325
22.0,101.0,1.0,174.47,1.0,174.47
101.0,26858.0,1.0,110.49,6.0,18.415
99.0,22.0,3.0,64.39,123.66666666666667,8.04875
22.0,33.0,7.0,24.53,181.42857142857142,12.265
22.0,5.0,1.0,121.22,5.0,24.244
5.0,33.0,3.0,114.67,6.0,22.934
33.0,96.0,1.0,148.12,15835.0,0.009353962740764131
96.0,105.0,1.0,88.97,19.0,4.682631578947368
105.0,33.0,2.0,59.19,32.5,29.595
105.0,22.0,1.0,63.38,5.0,12.676
51286.0,8318.0,2.0,13.0,2517.5,0.03430079155672823
8318.0,38638.0,13.0,52.33,48.69230769230769,52.33
8318.0,22.0,7.0,68.16,4.285714285714286,34.08
8318.0,33.0,1.0,60.04,3.0,20.013333333333332
33.0,13.0,1.0,223.7,2.0,111.85
13.0,22.0,1.0,223.94,3.0,74.64666666666666
8318.0,88.0,1.0,142.68,2.0,71.34
88.0,38638.0,1.0,96.98,0.0,193.96
8318.0,84.0,2.0,81.98,26.0,10.2475
51286.0,32.0,1.0,13.93,2852.0,0.004884291725105189
32.0,5.0,1.0,48.84,7.0,6.977142857142858
5.0,38638.0,9.0,7.42,7.555555555555555,2.473333333333333
38638.0,95.0,1.0,44.18,2444.0,0.018076923076923077
33.0,99.0,1.0,55.62,89.0,0.6249438202247191
99.0,54272.0,3.0,59.51,9.333333333333334,29.755
54272.0,95.0,3.0,155.73,28.333333333333332,77.865
95.0,99.0,3.0,97.82,17.666666666666668,97.82
99.0,32.0,1.0,27.73,2.0,13.865
32.0,54272.0,4.0,81.87,22.25,27.290000000000003
54272.0,23449.0,8.0,57.2,9.25,14.3
54272.0,84.0,2.0,138.37,1.0,138.37
84.0,32.0,1.0,57.42,22.0,2.61
84.0,23449.0,1.0,93.7,4.0,23.425
23449.0,33.0,17.0,55.85,931.6470588235294,18.616666666666667
23449.0,95.0,8.0,98.54,7.375,49.27
95.0,33.0,1.0,153.3,3.0,51.1
95.0,32.0,1.0,87.51,3.0,29.17
32.0,23449.0,2.0,38.55,29.5,12.85
33.0,32.0,2.0,74.92,371.0,2.8815384615384616
32.0,5.0,1.0,48.84,114.0,0.428421052631579
5.0,95.0,2.0,39.38,13.0,3.58
5.0,120.0,2.0,44.14,132.5,2.75875
120.0,95.0,2.0,73.6,76.0,147.2
5.0,23449.0,1.0,61.31,832.0,0.07368990384615384
23449.0,120.0,4.0,33.57,36.0,6.714
33.0,120.0,2.0,88.04,6.5,176.08
99.0,95.0,2.0,97.82,111.0,0.940576923076923
99.0,9048.0,3.0,77.41,64.33333333333333,6.450833333333333
9048.0,22.0,2.0,138.33,6.5,27.666000000000004
99.0,22.0,5.0,64.39,201.6,0.32195
22.0,54272.0,2.0,12.05,1405.5,0.014931846344485751
54272.0,99.0,2.0,59.51,201.5,0.2960696517412935
22.0,54112.0,1.0,34.93,401.0,0.08710723192019951
54112.0,99.0,4.0,87.01,149.75,10.87625
54112.0,54272.0,1.0,30.36,4416.0,0.006875
54272.0,5.0,4.0,117.96,299.75,29.49
54272.0,33.0,1.0,12.51,27324.0,0.00045783926218708826
99.0,33.0,7.0,55.62,24.571428571428573,55.62
33.0,13568.0,3.0,27.47,49.0,13.735
13568.0,12831.0,1.0,28.16,307.0,0.09172638436482085
12831.0,29230.0,2.0,33.24,13.0,5.54
12831.0,85793.0,2.0,26.91,4.0,13.455
12831.0,120.0,5.0,50.04,5.6,25.02
120.0,13568.0,3.0,60.83,6.333333333333333,10.138333333333334
13568.0,29230.0,5.0,20.4,14.4,10.2
29230.0,99.0,9.0,32.28,13.11111111111111,6.456
99.0,22.0,2.0,64.39,6.5,12.878
99.0,120.0,1.0,40.56,148.0,0.2740540540540541
120.0,22.0,11.0,86.98,27.181818181818183,173.96
22.0,33.0,1.0,24.53,61.0,0.4021311475409836
33.0,120.0,2.0,88.04,390.5,0.3593469387755102
33.0,13003.0,1.0,26.3,142.0,0.1852112676056338
13003.0,49081.0,2.0,20.62,413.5,0.05874643874643875
13003.0,120.0,5.0,62.07,677.2,31.035
120.0,10312.0,2.0,36.66,4.0,9.165
10312.0,13003.0,2.0,29.41,2.0,14.705
120.0,54272.0,6.0,87.21,1.1666666666666667,174.42
54272.0,5.0,9.0,117.96,4.444444444444445,117.96
120.0,95.0,1.0,73.6,7.0,10.514285714285714
95.0,54272.0,1.0,155.73,3.0,51.91
5.0,120.0,2.0,44.14,8.5,8.828
5.0,13397.0,1.0,81.45,5.0,16.29
13397.0,120.0,11.0,60.52,3.4545454545454546,121.04
13397.0,13003.0,2.0,13.0,604.5,0.03551912568306011
13397.0,32.0,2.0,42.05,2740.0,3.2346153846153842
32.0,5.0,2.0,48.84,6.5,12.21
120.0,32.0,1.0,54.21,52.0,1.0425
32.0,54272.0,2.0,81.87,5759.5,0.24079411764705883
32.0,99.0,1.0,27.73,12325.0,0.002249898580121704
32.0,8318.0,2.0,26.39,3899.0,0.018250345781466115
8318.0,99.0,2.0,4.53,65.0,0.41181818181818186
32.0,33.0,1.0,74.92,27871.0,0.0026880987406264576
22.0,10312.0,1.0,61.87,885.0,0.069909604519774
10312.0,49081.0,9.0,22.36,2.4444444444444446,11.18
10312.0,95.0,3.0,97.99,1.6666666666666667,97.99
10312.0,88.0,1.0,146.3,1.0,146.3
88.0,95.0,2.0,53.3,0.0,106.6
10312.0,40189.0,6.0,26.4,3.1666666666666665,52.8
40189.0,49081.0,1.0,18.03,2.0,9.015
40189.0,95.0,4.0,124.37,33.75,124.37
40189.0,8318.0,4.0,31.83,6.75,10.61
40189.0,105.0,1.0,88.57,0.0,177.14
105.0,13.0,1.0,282.76,0.0,565.52
13.0,8318.0,2.0,165.2,1.0,165.2
8318.0,120.0,8.0,36.95,3.25,36.95
120.0,54272.0,4.0,87.21,1.0,87.21
54272.0,8318.0,11.0,63.66,5.909090909090909,63.66
8318.0,88.0,1.0,142.68,1.0,142.68
95.0,54272.0,2.0,155.73,2.0,77.865
54272.0,13.0,1.0,224.05,0.0,448.1
8318.0,95.0,1.0,93.33,1.0,93.33
8318.0,105.0,3.0,119.02,2.3333333333333335,119.02
105.0,54272.0,5.0,59.57,49.4,119.14
54272.0,99.0,13.0,59.51,673.6153846153846,9.918333333333333
54272.0,32.0,2.0,81.87,9949.5,0.022454744925946242
99.0,22.0,1.0,64.39,4240.0,0.015186320754716981
22.0,54272.0,1.0,12.05,10.0,1.205
99.0,120.0,7.0,40.56,1196.857142857143,1.9314285714285715
120.0,33.0,1.0,88.04,18711.0,0.004705253594142483
33.0,22.0,1.0,24.53,12431.0,0.0019732925750140778
13568.0,1214.0,13.0,41.88,34.15384615384615,6.98
1214.0,99.0,30.0,73.58,9.133333333333333,18.395
1214.0,33.0,2.0,20.05,4772.0,1.5423076923076924
33.0,22.0,1.0,24.53,5928.0,0.004137989203778678
22.0,99.0,1.0,64.39,3981.0,0.016174328058276816
99.0,33.0,1.0,55.62,2055.0,0.027065693430656932
99.0,32.0,1.0,27.73,2279.0,0.012167617376042123
32.0,120.0,6.0,54.21,347.8333333333333,108.42
120.0,22.0,1.0,86.98,365.0,0.2383013698630137
22.0,29813.0,4.0,93.55,51.5,15.591666666666667
29813.0,99.0,2.0,30.81,68.0,0.8327027027027026
99.0,120.0,1.0,40.56,30.0,1.352
120.0,29813.0,3.0,29.95,17.333333333333332,59.9
29813.0,95.0,8.0,67.12,85.25,67.12
99.0,22.0,1.0,64.39,305.0,0.21111475409836067
29813.0,8318.0,1.0,26.4,33.0,0.7999999999999999
8318.0,120.0,2.0,36.95,65.5,0.9723684210526317
8318.0,32.0,1.0,26.39,273.0,0.09666666666666666
32.0,29813.0,6.0,27.73,71.33333333333333,3.46625
32.0,95.0,6.0,87.51,46.0,29.17
95.0,22.0,1.0,157.9,149.0,1.0597315436241612
22.0,32.0,8.0,88.88,18.0,44.44
32.0,5.0,4.0,48.84,1152.25,5.426666666666667
95.0,5.0,2.0,39.38,19.5,2.6253333333333333
5.0,120.0,2.0,44.14,6.5,8.828
120.0,95.0,1.0,73.6,23.0,3.1999999999999997
5.0,99.0,3.0,59.06,500.0,0.1962126245847176
99.0,120.0,1.0,40.56,606.0,0.06693069306930693
120.0,33.0,1.0,88.04,294.0,0.2994557823129252
33.0,22.0,1.0,24.53,3.0,8.176666666666668
22.0,32.0,1.0,88.88,2719.0,0.0326884884148584
99.0,22.0,1.0,64.39,2713.0,0.023733873940287503
22.0,13003.0,1.0,35.05,606.0,0.05783828382838283
13003.0,49081.0,4.0,20.62,1199.0,4.1240000000000006
13003.0,120.0,5.0,62.07,107.2,6.207
120.0,54272.0,11.0,87.21,58.63636363636363,87.21
54272.0,105.0,2.0,59.57,156.5,0.4025
54272.0,99.0,1.0,59.51,1292.0,0.04606037151702786
51552.0,5.0,1.0,47.71,850.0,0.056129411764705886
5.0,22.0,1.0,121.22,8.0,15.1525
22.0,51552.0,1.0,154.38,509.0,0.30330058939096266
51552.0,84.0,1.0,23.91,9374.0,0.0025506720716876466
84.0,95.0,1.0,76.73,904.0,0.0848783185840708
95.0,49.0,2.0,55.08,398.0,0.18359999999999999
95.0,5.0,3.0,39.38,142.0,0.6351612903225807
84.0,9048.0,4.0,65.56,2174.0,2.1148387096774193
9048.0,99.0,6.0,77.41,13.0,38.705
9048.0,88.0,2.0,72.81,1.0,145.62
54272.0,32.0,1.0,81.87,18184.0,0.004502309722833261
32.0,33.0,1.0,74.92,440.0,0.17027272727272727
33.0,5.0,1.0,114.67,1442.0,0.07952149791955618
22.0,33.0,4.0,24.53,6.0,8.176666666666668
22.0,5.0,1.0,121.22,5.0,24.244
5.0,95.0,1.0,39.38,2.0,19.69
95.0,33.0,1.0,153.3,3.0,51.1
22.0,88.0,2.0,202.54,7.0,28.934285714285714
88.0,13.0,2.0,22.87,6.5,7.623333333333334
22.0,84.0,1.0,146.05,0.0,292.1
84.0,5.0,1.0,58.5,5.0,11.7
5.0,88.0,1.0,91.38,1.0,91.38
88.0,95.0,1.0,53.3,0.0,106.6
95.0,22.0,1.0,157.9,7.0,22.557142857142857
33.0,96.0,1.0,148.12,7.0,21.16
5.0,60297.0,43.0,104.45,26.25581395348837,34.81666666666667
60297.0,105.0,45.0,72.51,22.555555555555557,72.51
105.0,5.0,3.0,173.49,22.666666666666668,86.745
60297.0,22.0,1.0,19.2,6503.0,0.002952483469168076
22.0,99.0,1.0,64.39,2176.0,0.029590992647058823
99.0,33.0,1.0,55.62,3912.0,0.014217791411042945
33.0,60297.0,1.0,16.44,17.0,0.9670588235294119
88.0,96.0,1.0,349.62,235.0,1.487744680851064
96.0,33.0,1.0,148.12,16.0,9.2575
33.0,22.0,2.0,24.53,4.0,8.176666666666668
22.0,120.0,2.0,86.98,1.0,86.98
120.0,5.0,1.0,44.14,4.0,11.035
5.0,95.0,3.0,39.38,2.3333333333333335,39.38
95.0,33.0,2.0,153.3,2.0,76.65
33.0,5.0,1.0,114.67,8.0,14.33375
95.0,13.0,1.0,76.05,7527.0,0.01010362694300518
13.0,88.0,1.0,22.87,9.0,2.5411111111111113
88.0,95.0,1.0,53.3,0.0,106.6
95.0,120.0,1.0,73.6,6.0,12.266666666666666
22.0,5.0,1.0,121.22,5.0,24.244
22.0,66.0,1.0,210.79,24.0,8.782916666666667
33.0,32.0,4.0,74.92,306.5,149.84
32.0,120.0,3.0,54.21,4.666666666666667,54.21
120.0,22.0,1.0,86.98,3.0,28.993333333333336
22.0,5.0,1.0,121.22,4.0,30.305
5.0,32.0,8.0,48.84,6.125,12.21
32.0,84.0,1.0,57.42,3.0,19.14
84.0,5.0,1.0,58.5,5.0,11.7
32.0,22.0,2.0,88.88,6.5,17.776
96.0,33.0,1.0,148.12,16.0,9.2575
33.0,5.0,1.0,114.67,20.0,5.7335
5.0,95.0,3.0,39.38,18.0,19.69
95.0,88.0,2.0,53.3,71.5,53.3
95.0,22.0,1.0,157.9,6.0,26.316666666666666
22.0,5.0,1.0,121.22,6.0,20.203333333333333
66.0,96.0,1.0,64.72,31.0,2.087741935483871
96.0,22.0,1.0,150.17,21.0,7.15095238095238
22.0,33.0,2.0,24.53,6.5,6.1325
22.0,5.0,1.0,121.22,6.0,20.203333333333333
5.0,84.0,1.0,58.5,21.0,2.7857142857142856
33.0,63110.0,3.0,93.87,28.333333333333332,93.87
63110.0,22.0,4.0,100.36,9.75,16.726666666666667
63110.0,32.0,2.0,33.62,5.5,11.206666666666665
63110.0,88.0,2.0,109.92,5.0,109.92
63110.0,13.0,1.0,132.65,2.0,66.325
13.0,9048.0,1.0,95.68,9.0,10.631111111111112
13.0,88.0,1.0,22.87,10.0,2.287
88.0,5.0,2.0,91.38,6.5,182.76
88.0,95.0,1.0,53.3,2.0,26.65
95.0,5.0,2.0,39.38,6.5,19.69
95.0,33.0,1.0,153.3,2.0,76.65
33.0,22.0,3.0,24.53,5.333333333333333,8.176666666666668
22.0,96.0,1.0,150.17,4.0,37.5425
96.0,66.0,1.0,64.72,9.0,7.191111111111111
66.0,33.0,1.0,211.28,598.0,0.35331103678929765
33.0,54112.0,2.0,31.45,2323.0,0.10112540192926045
9048.0,88.0,14.0,72.81,1.9285714285714286,145.62
9048.0,33.0,1.0,132.97,2.0,66.485
33.0,105.0,2.0,59.19,0.0,118.38
105.0,22.0,1.0,63.38,3.0,21.12666666666667
22.0,9048.0,1.0,138.33,7.0,19.761428571428574
9048.0,105.0,1.0,191.95,2.0,95.975
33.0,120.0,1.0,88.04,0.0,176.08
120.0,22.0,1.0,86.98,3.0,28.993333333333336
105.0,22.0,2.0,63.38,6.5,21.12666666666667
105.0,33.0,1.0,59.19,0.0,118.38
33.0,120.0,2.0,88.04,2.0,44.02
120.0,22.0,1.0,86.98,1.0,86.98
22.0,33.0,3.0,24.53,7.666666666666667,8.176666666666668
22.0,95.0,6.0,157.9,941.8333333333334,8.772222222222222
95.0,49.0,2.0,55.08,136.0,2.2032
95.0,88.0,1.0,53.3,611.0,0.08723404255319149
88.0,13.0,1.0,22.87,194.0,0.11788659793814434
13.0,5.0,1.0,114.24,0.0,228.48
5.0,22.0,1.0,121.22,1049.0,0.11555767397521449
13.0,76492.0,1.0,74.66,26.0,2.8715384615384614
76492.0,92.0,2.0,149.51,3.0,74.755
76492.0,22.0,4.0,155.34,3.5,77.67
76492.0,84932.0,1.0,41.23,15875.0,0.0025971653543307087
13.0,58086.0,1.0,25.49,0.0,50.98
58086.0,92.0,5.0,150.05,332.6,75.025
58086.0,88.0,2.0,2.88,914.5,0.16
58086.0,5.0,32.0,88.83,10.21875,29.61
5.0,92.0,1.0,160.5,1.0,160.5
58086.0,22.0,1.0,200.63,5.0,40.126
22.0,5.0,1.0,121.22,5.0,24.244
95.0,70885.0,1.0,24.36,11.0,2.2145454545454544
70885.0,14802.0,2210.0,15.23,6.2868778280542985,30.46
14802.0,22211.0,698.0,20.62,2.7750716332378222,41.24
22211.0,70885.0,673.0,34.83,7.797919762258544,69.66
22211.0,28385.0,1.0,56.65,1.0,56.65
28385.0,70885.0,3244.0,26.08,8.1057336621455,52.16
95.0,48812.0,1.0,5.07,131.0,0.03870229007633588
48812.0,49.0,34.0,59.56,34.94117647058823,119.12
48812.0,99.0,2.0,98.92,13.0,8.243333333333334
95.0,39208.0,1.0,16.25,12.0,1.3541666666666667
39208.0,17079.0,235.0,17.89,4.0212765957446805,35.78
39208.0,90040.0,5.0,89.05,2.0,178.1
90040.0,17079.0,7.0,71.85,2.857142857142857,143.7
39208.0,91642.0,1.0,77.62,0.0,155.24
91642.0,17079.0,1309.0,59.81,12.980901451489688,119.62
91642.0,13702.0,3.0,87.46,0.3333333333333333,174.92
13702.0,17079.0,9.0,64.26,2.111111111111111,128.52
91642.0,99.0,14.0,122.43,3.0,244.86
99.0,17079.0,40.0,111.88,13.575,223.76
17079.0,84.0,10.0,93.79,101.5,187.58
84.0,91642.0,2.0,141.36,70.0,70.68
91642.0,120.0,1.0,82.48,11.0,7.498181818181819
120.0,17079.0,2.0,83.3,12.5,16.66
91642.0,13.0,16.0,76.19,9.5,152.38
13.0,17079.0,21.0,59.18,5.428571428571429,118.36
13.0,32.0,1.0,163.03,0.0,326.06
32.0,17079.0,6.0,103.85,16.0,207.7
91642.0,97604.0,9.0,68.59,2.5555555555555554,137.18
97604.0,17079.0,3.0,29.12,6.333333333333333,14.56
32.0,97604.0,2.0,74.87,7.5,24.956666666666667
13.0,97604.0,1.0,88.2,3.0,29.400000000000002
97604.0,41018.0,1.0,102.62,1.0,102.62
41018.0,17079.0,513.0,130.08,10.237816764132553,260.16
41018.0,84.0,11.0,108.63,23.272727272727273,54.315
41018.0,91642.0,933.0,130.86,9.259378349410504,261.72
41018.0,105.0,30.0,96.82,7.433333333333334,193.64
105.0,17079.0,22.0,226.02,3.727272727272727,113.01
105.0,91642.0,38.0,225.43,5.342105263157895,225.43
41018.0,13.0,5.0,186.03,2.0,186.03
99.0,41018.0,31.0,24.5,4.032258064516129,49.0
99.0,84.0,1.0,84.36,3.0,28.12
41018.0,32.0,5.0,51.42,4.4,17.14
41018.0,101.0,6.0,137.56,2.5,275.12
101.0,91642.0,1.0,159.37,1.0,159.37
91642.0,32.0,2.0,128.04,20.0,64.02
41018.0,96.0,14.0,185.75,47.357142857142854,185.75
96.0,66.0,6.0,64.72,11.0,16.18
41018.0,120.0,3.0,49.77,3.0,49.77
17079.0,101.0,5.0,105.44,172.8,26.36
95.0,49097.0,1.0,20.59,53.0,0.38849056603773585
49097.0,67082.0,3742.0,56.4,7.2103153393907,112.8
33.0,41479.0,1.0,18.43,104.0,0.17721153846153845
41479.0,120.0,4.0,69.7,48.5,139.4
41479.0,105.0,2.0,77.0,511.0,0.16452991452991453
33.0,54272.0,1.0,12.51,16.0,0.781875
54272.0,36869.0,1.0,1.0,13.0,0.07692307692307693
36869.0,99.0,4.0,60.26,11.75,60.26
22.0,43415.0,3.0,23.61,1986.0,2.95125
43415.0,120.0,11.0,75.07,667.9090909090909,75.07
120.0,33.0,1.0,88.04,12345.0,0.007131632239773188
33.0,43415.0,1.0,13.18,0.0,26.36
43415.0,105.0,63.0,71.62,34.93650793650794,143.24
22.0,42864.0,1.0,59.5,39.0,1.5256410256410255
42864.0,76733.0,1416.0,51.61,11.968926553672317,103.22
95.0,69143.0,1.0,89.66,17717.0,0.005060676186713326
69143.0,9048.0,1.0,70.01,52137.0,0.0013428083702552891
9048.0,3236.0,1.0,35.51,7.0,5.072857142857143
3236.0,69143.0,11.0,101.24,6.454545454545454,16.87333333333333
69143.0,88.0,4.0,136.3,6.5,22.71666666666667
69143.0,99.0,4.0,16.78,8.5,16.78
95.0,10402.0,1.0,57.32,4088.0,0.014021526418786692
10402.0,9048.0,1.0,36.89,22689.0,0.0016258980122526336
9048.0,49.0,1.0,62.64,43.0,1.4567441860465116
49.0,10402.0,3.0,90.27,18.333333333333332,10.03
10402.0,88.0,29.0,107.71,12.827586206896552,215.42
10402.0,42740.0,124.0,39.12,59.766129032258064,39.12
42740.0,88.0,39.0,145.84,6.128205128205129,145.84
49.0,42740.0,2.0,124.8,77.5,1.782857142857143
42740.0,54272.0,20.0,60.88,5.4,121.76
10402.0,54272.0,17.0,99.16,252.23529411764707,198.32
10402.0,13.0,6.0,130.45,70.66666666666667,130.45
42740.0,22.0,10.0,65.68,17.3,16.42
10402.0,83375.0,3.0,28.6,5.0,7.15
83375.0,42740.0,13.0,50.04,11.76923076923077,16.68
54272.0,83375.0,2.0,100.65,4.5,25.1625
54272.0,120.0,2.0,87.21,1.5,87.21
120.0,42740.0,11.0,39.6,6.2727272727272725,13.200000000000001
54272.0,88.0,6.0,202.23,1.6666666666666667,202.23
42740.0,84.0,17.0,83.39,14.0,166.78
84.0,54272.0,2.0,138.37,4.0,34.5925
120.0,88.0,1.0,115.57,1.0,115.57
88.0,84.0,3.0,126.06,1.6666666666666667,126.06
13.0,54272.0,1.0,224.05,5.0,44.81
13.0,88.0,2.0,22.87,19.0,3.811666666666667
10402.0,22.0,3.0,102.43,5.0,20.486
22.0,88.0,4.0,202.54,1.25,202.54
10402.0,120.0,3.0,30.7,3.0,10.233333333333333
120.0,22.0,3.0,86.98,2.0,43.49
42740.0,13.0,2.0,168.36,1.5,168.36
13.0,33.0,1.0,223.7,2.0,111.85
33.0,10402.0,1.0,96.09,0.0,192.18
22.0,76209.0,1.0,16.64,13.0,1.28
5.0,13092.0,1.0,21.08,3.0,7.026666666666666
13092.0,71721.0,3.0,21.21,13.333333333333334,5.3025
13092.0,13461.0,393.0,77.23,11.531806615776082,154.46
13461.0,60396.0,1297.0,29.73,12.049344641480339,59.46
60396.0,36727.0,1377.0,9.85,14.571532316630355,9.85
36727.0,13092.0,580.0,38.83,10.912068965517241,77.66
13092.0,60396.0,715.0,47.51,11.593006993006993,95.02
36727.0,13461.0,886.0,38.95,10.576749435665914,77.9
36727.0,32.0,5.0,30.15,5.4,30.15
32.0,13092.0,4.0,59.0,7.5,9.833333333333334
13461.0,71721.0,2.0,67.98,15.5,8.4975
71721.0,60396.0,3.0,40.26,7.666666666666667,40.26
32.0,60396.0,4.0,22.35,4.5,22.35
13092.0,88.0,1.0,85.79,18.0,4.766111111111112
88.0,60396.0,1.0,121.69,15.0,8.112666666666666
71721.0,36727.0,4.0,35.01,11.25,17.505
60396.0,84.0,12.0,63.62,8.916666666666666,127.24
84.0,13461.0,7.0,86.51,11.142857142857142,86.51
60396.0,105.0,11.0,142.27,21.09090909090909,47.42333333333334
105.0,36727.0,12.0,151.96,6.75,303.92
13461.0,32.0,1.0,29.94,3.0,9.98
84.0,13092.0,7.0,45.91,17.142857142857142,6.558571428571428
13092.0,105.0,4.0,188.6,27.0,18.86
105.0,13461.0,5.0,113.52,13.0,227.04
36727.0,84.0,2.0,61.18,13.5,7.6475
5.0,71414.0,1.0,32.9,2772.0,0.011868686868686869
71414.0,11209.0,5.0,47.8,35.4,9.559999999999999
71414.0,61073.0,2.0,62.82,1901.0,0.03329093799682035
11209.0,80101.0,4.0,43.57,10.5,43.57
80101.0,71414.0,3.0,73.05,1372.3333333333333,0.6037190082644628
71414.0,64018.0,8.0,38.91,814.0,38.91
64018.0,11209.0,2.0,36.4,11.0,12.133333333333333
80101.0,64018.0,6.0,78.64,8.666666666666666,26.213333333333335
80101.0,61073.0,2.0,100.7,2.5,100.7
80101.0,79123.0,1.0,46.23,5039.0,0.009174439372891446
79123.0,22.0,8.0,91.51,18.5,22.8775
79123.0,11209.0,1.0,15.26,2137.0,0.0071408516612073
11209.0,22.0,2.0,87.53,6.5,21.8825
64018.0,120.0,4.0,43.35,10.0,21.675
71414.0,79123.0,3.0,33.38,3024.6666666666665,0.015439407955596672
79123.0,88.0,2.0,119.71,32.5,3.990333333333333
79123.0,120.0,13.0,30.13,13.461538461538462,30.13
79123.0,64018.0,2.0,34.0,1901.0,0.07053941908713693
64018.0,88.0,6.0,86.42,23.666666666666668,86.42
120.0,88.0,2.0,115.57,0.0,231.14
79123.0,95.0,11.0,69.35,36.90909090909091,17.3375
95.0,120.0,1.0,73.6,7.0,10.514285714285714
71414.0,120.0,2.0,62.05,13.0,20.683333333333334
5.0,39208.0,1.0,53.92,247.0,0.21829959514170041
39208.0,22.0,1.0,173.78,420.0,0.4137619047619048
22.0,92.0,1.0,180.08,1813.0,0.09932708218422505
92.0,39208.0,32.0,166.07,14.65625,166.07
39208.0,13.0,5.0,66.48,5.2,132.96
39208.0,54272.0,22.0,171.33,379.6818181818182,171.33
39208.0,32.0,31.0,100.58,519.6451612903226,201.16
39208.0,99.0,2.0,112.91,5.5,112.91
39208.0,87392.0,13.0,141.48,6.615384615384615,141.48
87392.0,17414.0,1.0,31.26,1.0,31.26
17414.0,39208.0,37.0,114.69,3.864864864864865,114.69
87392.0,32.0,7.0,50.07,4.0,100.14
87392.0,54272.0,8.0,31.91,6.375,5.318333333333333
87392.0,96.0,1.0,174.88,18.0,9.715555555555556
96.0,54272.0,1.0,148.09,2410.0,0.06144813278008299
54272.0,120.0,2.0,87.21,0.0,174.42
120.0,39208.0,1.0,89.85,3.0,29.95
32.0,120.0,1.0,54.21,9.0,6.023333333333333
32.0,54272.0,1.0,81.87,3.0,27.290000000000003
92.0,105.0,1.0,241.02,1.0,241.02
105.0,39208.0,14.0,227.41,87.71428571428571,454.82
13.0,105.0,1.0,282.76,11.0,25.705454545454543
39208.0,84.0,2.0,81.21,1.5,81.21
5.0,50132.0,1.0,33.99,13.0,2.6146153846153846
50132.0,61527.0,1.0,34.37,10.0,3.437
61527.0,92.0,34.0,158.11,31.852941176470587,316.22
61527.0,13.0,22.0,58.25,2.5,116.5
61527.0,99.0,20.0,116.5,8.75,116.5
61527.0,96.0,2.0,319.66,3496.5,5.511379310344828
61527.0,95.0,1.0,18.86,4492.0,0.004198575244879786
95.0,92.0,1.0,156.67,4860.0,0.03223662551440329
92.0,88.0,1.0,149.17,6395.0,0.02332603596559812
88.0,95.0,1.0,53.3,3689.0,0.014448359989156952
95.0,90040.0,1.0,79.03,246.0,0.32126016260162604
90040.0,61527.0,1.0,81.74,2006.0,0.04074775672981057
61527.0,105.0,55.0,231.0,2.581818181818182,462.0
99.0,92.0,1.0,170.52,0.0,341.04
13.0,105.0,2.0,282.76,3.0,282.76
13.0,22.0,2.0,223.94,3.5,74.64666666666666
22.0,61527.0,13.0,175.82,3.230769230769231,87.91
92.0,105.0,2.0,241.02,1.0,241.02
105.0,22.0,1.0,63.38,5.0,12.676
61527.0,32.0,2.0,106.24,4.5,53.12
13.0,99.0,1.0,169.72,3.0,56.57333333333333
92.0,13.0,1.0,154.36,3.0,51.45333333333334
72974.0,95.0,1.0,79.58,10205.0,0.007798138167564919
95.0,5.0,4.0,39.38,6180.5,0.028640000000000002
95.0,22.0,3.0,157.9,1145.3333333333333,4.644117647058824
22.0,99.0,1.0,64.39,9097.0,0.007078157634384962
99.0,13702.0,1.0,48.05,2.0,24.025
13702.0,72974.0,1.0,31.91,5.0,6.382
72974.0,33.0,1.0,75.55,8.0,9.44375
33.0,120.0,1.0,88.04,1192.0,0.07385906040268457
120.0,36542.0,5.0,40.29,159.2,20.145
120.0,22.0,2.0,86.98,98.0,86.98
36542.0,49.0,1.0,77.03,604.0,0.12753311258278147
49.0,92.0,1.0,211.31,1002.0,0.21088822355289422
92.0,36542.0,1.0,151.02,997.0,0.15147442326980945
36542.0,95.0,8.0,35.92,69.125,35.92
36542.0,22.0,4.0,122.12,6.0,30.53
36542.0,84.0,1.0,68.0,11.0,6.181818181818182
84.0,95.0,1.0,76.73,5.0,15.346
95.0,88.0,2.0,53.3,358.5,7.614285714285714
95.0,33.0,2.0,153.3,4290.0,1.6846153846153848
22.0,60297.0,1.0,19.2,10518.0,0.001825442099258414
60297.0,33.0,2.0,16.44,1901.5,0.9133333333333334
60297.0,120.0,68.0,73.94,114.0,147.88
60297.0,105.0,4.0,72.51,45.5,12.085
88.0,8814.0,1.0,59.84,62.0,0.9651612903225807
8814.0,58086.0,1.0,57.27,29.0,1.9748275862068967
58086.0,5.0,4.0,88.83,2.5,44.415
58086.0,22.0,2.0,200.63,181.0,66.87666666666667
58086.0,1652.0,5.0,77.52,5.8,77.52
1652.0,49.0,2.0,137.43,4.0,45.81
1652.0,13.0,6.0,87.44,4.666666666666667,87.44
1652.0,26858.0,5.0,75.5,4314.2,1.6063829787234043
26858.0,13.0,3.0,49.67,76.0,9.934000000000001
13.0,5.0,1.0,114.24,3.0,38.08
5.0,1652.0,15.0,96.42,839.6666666666666,96.42
26858.0,5.0,3.0,64.81,11.333333333333334,21.603333333333335
26858.0,99.0,4.0,121.72,597.75,121.72
26858.0,49.0,1.0,65.32,3.0,21.77333333333333
49.0,5.0,1.0,73.03,8.0,9.12875
1652.0,22.0,3.0,162.39,3.3333333333333335,81.195
13.0,22.0,2.0,223.94,4.0,55.985
22.0,26858.0,1.0,179.19,2547.0,0.07035335689045936
23449.0,85717.0,11.0,58.25,29.545454545454547,29.125
85717.0,54272.0,2.0,2.24,6.5,0.44800000000000006
85717.0,33.0,57.0,10.87,164.96491228070175,21.74
85717.0,5.0,31.0,118.79,36.806451612903224,59.395
85717.0,32.0,26.0,81.98,13.884615384615385,40.99
32.0,5.0,1.0,48.84,1.0,48.84
32.0,33.0,1.0,74.92,4.0,18.73
22.0,30514.0,4.0,13.15,630.5,26.3
30514.0,32.0,2.0,82.85,13.0,20.7125
30514.0,8318.0,62.0,65.05,177.03225806451613,65.05
8318.0,22.0,1.0,68.16,9383.0,0.007264201214963231
30514.0,120.0,41.0,89.03,3.3902439024390243,178.06
30514.0,57354.0,13.0,74.63,29.615384615384617,37.315
57354.0,95.0,1.0,83.16,4.0,20.79
95.0,30514.0,28.0,157.32,1.8214285714285714,314.64
30514.0,33.0,2.0,11.83,1170.5,0.04165492957746479
30514.0,96.0,5.0,146.24,2.6,292.48
120.0,8318.0,15.0,36.95,1.7333333333333334,73.9
8318.0,95.0,4.0,93.33,4.5,93.33
95.0,120.0,4.0,73.6,4.75,18.4
95.0,13.0,1.0,76.05,3.0,25.349999999999998
13.0,120.0,1.0,137.04,1.0,137.04
96.0,120.0,1.0,235.24,0.0,470.48
22.0,60297.0,1.0,19.2,3410.0,0.00563049853372434
60297.0,13568.0,2.0,13.6,1612.5,0.06666666666666667
60297.0,105.0,22.0,72.51,157.22727272727272,145.02
8318.0,79157.0,9.0,42.44,229.88888888888889,42.44
79157.0,32.0,48.0,63.86,107.52083333333333,21.286666666666665
95.0,43280.0,1.0,30.0,937.0,0.032017075773746
43280.0,23449.0,3.0,68.6,1004.3333333333334,22.866666666666664
43280.0,13.0,18.0,102.02,5.166666666666667,51.01
23449.0,89514.0,9.0,2.24,6.666666666666667,0.44800000000000006
89514.0,43280.0,294.0,69.03,11.47278911564626,138.06
43280.0,32.0,53.0,61.97,1.3773584905660377,123.94
32.0,89514.0,35.0,40.7,4.228571428571429,13.566666666666668
43280.0,49.0,18.0,74.03,7.944444444444445,24.676666666666666
71721.0,99.0,5.0,66.08,1539.0,66.08
71721.0,63422.0,3.0,58.31,3.3333333333333335,58.31
71721.0,84.0,6.0,29.07,3107.5,1.1180769230769232
71721.0,43566.0,2.0,58.18,15.0,11.636
43566.0,63422.0,1.0,23.09,2.0,11.545
63422.0,95.0,5.0,77.63,3.6,38.815
95.0,43566.0,1.0,92.11,5.0,18.422
95.0,34167.0,4.0,126.58,0.75,253.16
34167.0,63422.0,11.0,49.65,3.909090909090909,24.825
63422.0,32.0,4.0,36.67,2.25,73.34
34167.0,32.0,5.0,53.46,6.8,106.92
34167.0,10978.0,12.0,43.68,6.083333333333333,43.68
32.0,33.0,1.0,74.92,18.0,4.162222222222223
33.0,10978.0,1.0,70.78,4.0,17.695
10978.0,32.0,2.0,44.3,66.5,8.86
32.0,71721.0,12.0,43.81,731.6666666666666,87.62
99.0,95.0,2.0,97.82,6.5,48.91
99.0,10978.0,1.0,24.39,11.0,2.2172727272727273
71721.0,5.0,2.0,29.46,2336.0,58.92
23449.0,9048.0,2.0,78.64,317.0,0.2693150684931507
23449.0,69143.0,3.0,9.49,265.3333333333333,0.0747244094488189
69143.0,63110.0,11.0,32.76,389.54545454545456,16.38
63110.0,88.0,2.0,109.92,18.0,54.96
69143.0,33.0,3.0,65.3,160.66666666666666,16.325
33.0,66.0,1.0,211.28,48.0,4.401666666666666
66.0,9048.0,1.0,344.13,12249.0,0.028094538329659562
9048.0,95.0,1.0,20.55,10561.0,0.0019458384622668308
95.0,66.0,1.0,364.53,13499.0,0.027004222535002592
66.0,69143.0,1.0,276.1,46.0,6.002173913043479
69143.0,13.0,2.0,158.41,4.5,39.6025
63110.0,84.0,4.0,64.86,94.75,12.972
63110.0,99.0,1.0,38.29,1.0,38.29
99.0,9048.0,13.0,77.41,42.61538461538461,77.41
9048.0,84.0,4.0,65.56,78.25,13.112
9048.0,22.0,2.0,138.33,80.5,3.952285714285715
101.0,51552.0,3.0,36.58,2066.3333333333335,0.09076923076923077
51552.0,99.0,2.0,90.26,416.5,0.24796703296703299
51552.0,5.0,7.0,47.71,3761.714285714286,95.42
5.0,95.0,1.0,39.38,2.0,19.69
95.0,51552.0,1.0,55.27,8130.0,0.006798277982779828
24761.0,13568.0,6.0,16.03,1656.5,2.671666666666667
13568.0,33.0,2.0,27.47,3.5,9.156666666666666
24761.0,91636.0,2.0,43.19,3254.0,0.01475068306010929
91636.0,22.0,2.0,32.09,3130.5,0.013471872376154494
22.0,13568.0,2.0,31.02,352.0,0.3649411764705882
24761.0,22.0,1.0,25.51,3124.0,0.008165813060179258
88.0,5.0,1.0,91.38,39.0,2.343076923076923
5.0,95.0,1.0,39.38,602.0,0.06541528239202658
95.0,8318.0,10.0,93.33,2156.6,23.3325
8318.0,120.0,33.0,36.95,534.8787878787879,18.475
120.0,32.0,2.0,54.21,1184.0,5.421
95.0,120.0,1.0,73.6,6.0,12.266666666666666
95.0,52367.0,1.0,27.76,5467.0,0.005077739162246205
52367.0,88.0,36.0,72.25,25.11111111111111,72.25
52367.0,92.0,3.0,183.61,9.0,183.61
88.0,92.0,1.0,149.17,1.0,149.17
88.0,13.0,1.0,22.87,1.0,22.87
13.0,52367.0,1.0,93.39,1.0,93.39
22.0,33.0,2.0,24.53,72.0,4.088333333333334
22.0,91636.0,3.0,32.09,16038.333333333334,0.01368443496801706
91636.0,99.0,6.0,87.88,154.33333333333334,14.646666666666667
22.0,99.0,2.0,64.39,181.5,0.7757831325301204
91636.0,33.0,2.0,32.92,6.5,8.23
95.0,24009.0,2.0,18.75,7485.0,0.006893382352941176
24009.0,5.0,2.0,36.75,4778.0,9.1875
24009.0,120.0,10.0,59.95,16.0,119.9
24009.0,13.0,6.0,79.77,38.333333333333336,159.54
95.0,26858.0,1.0,26.44,7.0,3.777142857142857
26858.0,24009.0,9.0,32.8,15.444444444444445,5.466666666666666
24009.0,49.0,4.0,73.53,2.25,147.06
24009.0,32.0,15.0,84.99,1.9333333333333333,169.98
24009.0,33.0,13.0,144.34,2.230769230769231,144.34
24009.0,84.0,4.0,86.71,1.5,173.42
84.0,32.0,2.0,57.42,2.0,28.71
32.0,33.0,1.0,74.92,3.0,24.973333333333333
22.0,2895.0,1.0,61.28,5.0,12.256
2895.0,8185.0,77.0,37.22,70.85714285714286,74.44
8185.0,54615.0,34.0,21.02,53.970588235294116,42.04
2895.0,54615.0,101.0,21.1,18.346534653465348,42.2
8185.0,72972.0,1.0,13.04,17.0,0.7670588235294117
72972.0,2895.0,559.0,44.55,37.05008944543828,89.1
72972.0,54615.0,129.0,24.41,40.86046511627907,48.82
2895.0,33.0,26.0,54.56,8.076923076923077,109.12
33.0,72972.0,2.0,98.22,12.5,49.11
22.0,85717.0,1.0,13.96,3060.0,0.004562091503267974
85717.0,13568.0,1.0,28.3,29395.0,0.0009627487667970743
13568.0,33.0,1.0,27.47,922.0,0.0297939262472885
33.0,85717.0,5.0,10.87,1005.0,21.74
22.0,13568.0,1.0,31.02,3566.0,0.008698822209758834
13568.0,33.0,1.0,27.47,2723.0,0.010088138082996695
33.0,22.0,1.0,24.53,2723.0,0.009008446566287184
22.0,60297.0,1.0,19.2,1588.0,0.012090680100755667
60297.0,43415.0,7.0,5.83,3.857142857142857,11.66
43415.0,99416.0,1.0,29.53,3137.0,0.00941345234300287
99416.0,13568.0,1.0,43.46,3333.0,0.013039303930393039
33.0,22.0,11.0,24.53,3029.818181818182,8.176666666666668
22.0,120.0,1.0,86.98,4.0,21.745
120.0,33.0,2.0,88.04,4.0,22.01
33.0,32.0,1.0,74.92,6388.0,0.011728240450845336
32.0,120.0,4.0,54.21,9.75,54.21
32.0,8318.0,1.0,26.39,55.0,0.4798181818181818
8318.0,22.0,3.0,68.16,6.0,17.04
22.0,84.0,1.0,146.05,3.0,48.68333333333334
84.0,8318.0,1.0,81.98,3.0,27.326666666666668
8318.0,120.0,2.0,36.95,7.5,5.278571428571429
8318.0,99.0,7.0,4.53,5.857142857142857,2.265
99.0,33.0,2.0,55.62,709.5,27.81
120.0,99.0,1.0,40.56,7.0,5.7942857142857145
99.0,22.0,2.0,64.39,13.0,9.198571428571428
33.0,5.0,1.0,114.67,5319.0,0.021558563639781914
88.0,1652.0,1.0,77.14,599.0,0.1287813021702838
1652.0,8814.0,5.0,80.21,5953.2,40.105
8814.0,92.0,6.0,151.74,5.333333333333333,151.74
8814.0,5.0,1.0,31.58,2.0,15.79
5.0,26858.0,1.0,64.81,4.0,16.2025
33.0,54272.0,1.0,12.51,172.0,0.07273255813953489
54272.0,54112.0,4.0,30.36,14123.75,0.005743473325766174
54112.0,5.0,2.0,146.06,84.5,14.606
54272.0,120.0,3.0,87.21,111.0,43.605
54112.0,96.0,2.0,117.84,2974.5,0.30607792207792206
120.0,54112.0,3.0,117.4,960.3333333333334,117.4
22.0,99.0,4.0,64.39,380.5,10.731666666666667
22.0,54272.0,1.0,12.05,26.0,0.4634615384615385
54272.0,99.0,2.0,59.51,32.5,9.918333333333333
54272.0,91636.0,10.0,29.53,1563.0,4.218571428571429
91636.0,22.0,2.0,32.09,7892.5,0.043659863945578234
101.0,96018.0,1.0,40.23,1847.0,0.021781266919328638
96018.0,51552.0,2.0,9.49,15275.5,1.18625
96018.0,88.0,2.0,94.9,32.5,5.93125
96018.0,99.0,2.0,97.02,5.0,32.339999999999996
96018.0,22.0,2.0,161.37,31.0,32.274
32.0,8318.0,1.0,26.39,716.0,0.03685754189944134
8318.0,88505.0,88.0,18.44,130.6931818181818,36.88
88505.0,12578.0,135.0,5.39,101.77777777777777,10.78
12578.0,8318.0,14.0,14.32,93.85714285714286,7.16
8318.0,95.0,1.0,93.33,4.0,23.3325
95.0,88505.0,1.0,106.97,7.0,15.281428571428572
33.0,22.0,1.0,24.53,1255.0,0.01954581673306773
22.0,32.0,3.0,88.88,10.0,22.22
32.0,87392.0,1.0,50.07,2855.0,0.017537653239929948
87392.0,33.0,1.0,27.02,11221.0,0.0024079850280723644
90040.0,1652.0,1.0,13.04,15.0,0.8693333333333333
1652.0,26858.0,2.0,75.5,6689.5,8.38888888888889
1652.0,13.0,2.0,87.44,26.0,14.573333333333332
1652.0,5.0,1.0,96.42,3.0,32.14
5.0,99.0,1.0,59.06,2.0,29.53
99.0,1652.0,1.0,127.11,2.0,63.555
5.0,80268.0,1.0,43.25,11787.0,0.0036692966827861205
80268.0,22.0,12.0,79.07,789.9166666666666,15.813999999999998
80268.0,120.0,3.0,31.61,0.3333333333333333,63.22
120.0,33.0,1.0,88.04,1.0,88.04
33.0,80268.0,3.0,71.43,7.0,35.715
80268.0,95.0,1.0,82.01,8687.0,0.00944054334062392
95.0,5.0,1.0,39.38,4148.0,0.009493731918997108
49.0,92071.0,1.0,31.1,404.0,0.07698019801980198
92071.0,5.0,2.0,58.02,6.5,58.02
92071.0,120.0,1.0,101.23,29.0,3.490689655172414
120.0,32.0,1.0,54.21,9.0,6.023333333333333
32.0,66.0,1.0,281.86,35022.0,0.008048084061447091
66.0,92071.0,1.0,356.23,1054.0,0.3379791271347249
92071.0,101.0,4.0,31.24,167.75,15.62
84.0,33.0,1.0,130.17,19932.0,0.006530704394942805
33.0,22.0,1.0,24.53,5.0,4.906000000000001
22.0,84.0,1.0,146.05,2778.0,0.05257379409647229
84.0,95.0,1.0,76.73,1709.0,0.044897600936220014
95.0,22.0,1.0,157.9,18.0,8.772222222222222
22.0,5.0,1.0,121.22,7147.0,0.016960962641667833
5.0,96.0,4.0,261.85,918.75,1.5586309523809525
5.0,84.0,8.0,58.5,789.25,58.5
5.0,99.0,4.0,59.06,11.25,19.686666666666667
99.0,32.0,3.0,27.73,7.666666666666667,9.243333333333334
32.0,5.0,1.0,48.84,0.0,97.68
99.0,33.0,2.0,55.62,32.5,55.62
33.0,5.0,2.0,114.67,5.0,28.6675
95.0,9048.0,4.0,20.55,2130.25,0.6044117647058824
9048.0,5.0,1.0,18.86,2636.0,0.007154779969650986
5.0,95.0,1.0,39.38,3881.0,0.010146869363566091
9048.0,69143.0,2.0,70.01,18482.0,0.0065897966867469885
69143.0,88.0,2.0,136.3,4.5,68.15
49.0,95.0,24.0,55.08,432.9166666666667,18.36
49.0,88.0,1.0,82.73,9.0,9.192222222222222
88.0,95.0,1.0,53.3,1.0,53.3
95.0,5.0,2.0,39.38,7263.5,1.79
84.0,101.0,3.0,29.03,8.0,14.515
101.0,5.0,1.0,82.63,615.0,0.13435772357723577
5.0,33.0,1.0,114.67,4.0,28.6675
33.0,22.0,2.0,24.53,6.0,4.088333333333334
22.0,105.0,1.0,63.38,7.0,9.054285714285715
105.0,33.0,1.0,59.19,0.0,118.38
22.0,5.0,3.0,121.22,9.666666666666666,40.406666666666666
5.0,95.0,1.0,39.38,31.0,1.2703225806451615
95.0,84.0,1.0,76.73,1634.0,0.04695838433292534
22.0,95.0,1.0,157.9,2048.0,0.077099609375
95.0,101.0,1.0,90.35,22225.0,0.0040652418447694036
101.0,71721.0,12.0,54.68,1679.5833333333333,13.67
71721.0,95.0,9.0,54.22,24.0,18.073333333333334
71721.0,22.0,2.0,130.36,6.5,43.45333333333334
71721.0,49.0,3.0,61.11,59.666666666666664,10.185
49.0,84.0,1.0,60.58,2844.0,0.02130098452883263
84.0,99.0,1.0,84.36,252.0,0.33476190476190476
99.0,95.0,2.0,97.82,2.0,97.82
71721.0,99.0,2.0,66.08,2.0,33.04
95.0,120.0,1.0,73.6,5.0,14.719999999999999
120.0,71721.0,2.0,67.87,115.0,16.9675
99.0,101.0,1.0,113.35,1609.0,0.0704474829086389
95.0,13.0,1.0,76.05,3.0,25.349999999999998
13.0,120.0,1.0,137.04,3.0,45.68
71721.0,2552.0,6.0,118.04,217.66666666666666,59.02
95.0,2552.0,7.0,64.62,15.428571428571429,16.155
95.0,49.0,4.0,55.08,910.25,2.2032
95.0,33.0,2.0,153.3,3945.0,0.35734265734265735
95.0,5.0,2.0,39.38,5604.0,0.017409372236958445
95.0,26858.0,5.0,26.44,4527.0,0.046062717770034844
26858.0,92.0,5.0,150.18,2.6,300.36
92.0,49.0,1.0,211.31,2.0,105.655
49.0,26858.0,1.0,65.32,11.0,5.938181818181818
26858.0,13.0,4.0,49.67,3.75,49.67
92.0,8814.0,24.0,151.74,430.8333333333333,303.48
8814.0,95.0,2.0,9.55,1253.5,0.023236009732360098
8814.0,64102.0,4.0,34.01,37.25,11.336666666666666
8814.0,9048.0,4.0,13.04,2.0,13.04
8814.0,13.0,22.0,82.71,652.9090909090909,165.42
13.0,5.0,1.0,114.24,31149.0,0.0036675334681691226
5.0,8814.0,1.0,31.58,13.0,2.4292307692307693
8814.0,49.0,26.0,61.76,115.61538461538461,123.52
49.0,22.0,1.0,190.46,5.0,38.092
22.0,8814.0,6.0,148.58,2.8333333333333335,148.58
8814.0,32.0,4.0,80.32,4.5,80.32
8814.0,105.0,1.0,203.56,4.0,50.89
105.0,101.0,1.0,207.37,4.0,51.8425
101.0,8814.0,3.0,92.01,10.0,23.0025
13.0,22.0,1.0,223.94,4.0,55.985
8814.0,33.0,2.0,144.43,10.5,16.047777777777778
8814.0,99.0,10.0,89.1,50.7,89.1
99.0,49.0,3.0,126.11,1.0,126.11
92.0,99.0,1.0,170.52,2.0,85.26
22.0,99.0,2.0,64.39,4888.0,1.0385483870967742
99.0,5.0,1.0,59.06,41.0,1.4404878048780487
5.0,22.0,2.0,121.22,11830.5,0.021048793193262718
22.0,95.0,1.0,157.9,6373.0,0.024776400439353523
95.0,99.0,1.0,97.82,14647.0,0.006678500716870348
95.0,5.0,10.0,39.38,942.6,6.5633333333333335
95.0,105.0,2.0,212.35,1412.5,0.6784345047923322
95.0,49.0,2.0,55.08,690.5,55.08
49.0,5.0,3.0,73.03,10.333333333333334,12.171666666666667
5.0,88.0,1.0,91.38,4698.0,0.019450830140485313
88.0,49.0,1.0,82.73,319.0,0.25934169278996866
95.0,88.0,2.0,53.3,526.5,10.66
95.0,92.0,1.0,156.67,3638.0,0.043064870808136334
99.0,8318.0,1.0,4.53,18118.0,0.00025002759686499617
8318.0,57354.0,1.0,18.03,1745.0,0.010332378223495703
57354.0,96699.0,2.0,13.15,6.0,6.575
57354.0,49081.0,4.0,31.83,5.5,10.61
57354.0,10312.0,2.0,18.03,4.5,9.015
10312.0,92684.0,1.0,11.05,11.0,1.0045454545454546
92684.0,13397.0,1.0,27.46,9.0,3.051111111111111
13397.0,10312.0,1.0,24.33,4.0,6.0825
10312.0,96699.0,2.0,21.26,4.0,21.26
10312.0,120.0,2.0,36.66,4.0,36.66
57354.0,54272.0,5.0,72.95,4.0,36.475
54272.0,5.0,20.0,117.96,4.15,235.92
5.0,57354.0,1.0,47.28,2.0,23.64
57354.0,32.0,1.0,38.72,76.0,0.5094736842105263
32.0,54272.0,12.0,81.87,434.9166666666667,20.4675
54272.0,120.0,14.0,87.21,5.428571428571429,174.42
54272.0,13003.0,2.0,29.07,1240.5,0.9084375
13003.0,120.0,12.0,62.07,6.75,124.14
54272.0,96.0,2.0,148.09,3.0,148.09
5.0,32.0,11.0,48.84,154.1818181818182,97.68
32.0,120.0,15.0,54.21,35.46666666666667,108.42
13003.0,32.0,16.0,53.83,5.8125,26.915
54272.0,99.0,29.0,59.51,5.793103448275862,59.51
120.0,99.0,2.0,40.56,43.0,6.760000000000001
120.0,5.0,1.0,44.14,5.0,8.828
5.0,99.0,1.0,59.06,2.0,29.53
22.0,13003.0,1.0,35.05,19994.0,0.0017530259077723315
13003.0,99.0,2.0,30.46,1352.0,15.23
13003.0,54272.0,1.0,29.07,2932.0,0.009914733969986357
54272.0,33.0,2.0,12.51,2318.0,0.2661702127659574
54272.0,105.0,1.0,59.57,58.0,1.0270689655172414
5.0,54272.0,5.0,117.96,144.8,29.49
54272.0,99.0,2.0,59.51,4.0,29.755
54272.0,32.0,3.0,81.87,88.66666666666667,13.645000000000001
32.0,5.0,7.0,48.84,107.85714285714286,24.42
5.0,95.0,1.0,39.38,16.0,2.46125
5.0,120.0,4.0,44.14,3586.0,7.3566666666666665
120.0,95.0,1.0,73.6,23963.0,0.0030714017443558817
95.0,5.0,1.0,39.38,1650.0,0.023866666666666668
5.0,88.0,1.0,91.38,19160.0,0.004769311064718162
88.0,99.0,1.0,147.2,2178.0,0.06758494031221303
99.0,5.0,1.0,59.06,11.0,5.369090909090909
88.0,2552.0,3.0,11.37,5983.333333333333,0.007316602316602316
2552.0,95.0,6.0,64.62,4.833333333333333,129.24
95.0,5.0,6.0,39.38,4.833333333333333,9.845
5.0,2552.0,5.0,102.73,8.0,205.46
95.0,49.0,5.0,55.08,2.0,27.54
49.0,2552.0,1.0,90.97,7.0,12.995714285714286
49.0,92.0,2.0,211.31,6.0,35.218333333333334
92.0,2552.0,2.0,151.01,1.0,151.01
49.0,5.0,2.0,73.03,7.0,10.432857142857143
92.0,5.0,1.0,160.5,1.0,160.5
95.0,92.0,1.0,156.67,8.0,19.58375
88.0,26858.0,1.0,26.87,9801.0,0.0027415569839812264
26858.0,13.0,1.0,49.67,3121.0,0.015914770906760654
13.0,95.0,1.0,76.05,28952.0,0.0026267615363360043
95.0,58086.0,1.0,50.59,109.0,0.4641284403669725
58086.0,5.0,4.0,88.83,3.0,44.415
58086.0,26858.0,1.0,24.19,14508.0,0.00166735594154949
22.0,32.0,6.0,88.88,3444.5,22.22
32.0,33.0,2.0,74.92,19.5,24.973333333333333
32.0,99.0,1.0,27.73,21990.0,0.0012610277398817644
99.0,22.0,1.0,64.39,7.0,9.198571428571428
84.0,5.0,2.0,58.5,1087.0,0.9
84.0,33.0,1.0,130.17,4.0,32.5425
33.0,22.0,3.0,24.53,7313.333333333333,6.1325
22.0,5.0,2.0,121.22,2354.0,30.305
5.0,95.0,1.0,39.38,1683.0,0.02339869281045752
95.0,33.0,1.0,153.3,0.0,306.6
33.0,5.0,1.0,114.67,9.0,12.741111111111111
5.0,120.0,1.0,44.14,11.0,4.012727272727273
120.0,22.0,1.0,86.98,1600.0,0.0543625
5.0,99.0,1.0,59.06,2.0,29.53
54272.0,99.0,2.0,59.51,384.5,0.36509202453987727
54272.0,96.0,1.0,148.09,425.0,0.34844705882352944
96.0,66.0,1.0,64.72,3.0,21.573333333333334
54272.0,5.0,2.0,117.96,111.0,1.9337704918032785
54272.0,99.0,1.0,59.51,12.0,4.9591666666666665
99.0,5.0,6.0,59.06,17.5,29.53
5.0,88.0,8.0,91.38,5.625,45.69
5.0,95.0,6.0,39.38,4.833333333333333,78.76
95.0,88.0,3.0,53.3,7.0,7.614285714285714
88.0,99.0,1.0,147.2,5.0,29.439999999999998
99.0,95.0,1.0,97.82,1.0,97.82
99.0,66.0,1.0,266.73,46.0,5.798478260869565
13.0,84.0,1.0,147.24,13.0,11.326153846153847
84.0,33.0,1.0,130.17,4.0,32.5425
33.0,22.0,3.0,24.53,6.333333333333333,4.088333333333334
22.0,96.0,1.0,150.17,11.0,13.65181818181818
96.0,66.0,1.0,64.72,2.0,32.36
66.0,95.0,1.0,364.53,47.0,7.75595744680851
13568.0,33.0,1.0,27.47,2701.0,0.010170307293594964
33.0,99.0,1.0,55.62,13236.0,0.004202175883952856
99.0,13568.0,1.0,33.38,7.0,4.768571428571429
13568.0,120.0,4.0,60.83,169.25,2.6447826086956523
13568.0,22.0,1.0,31.02,4388.0,0.007069279854147676
99.0,54272.0,5.0,59.51,43.2,59.51
54272.0,120.0,1.0,87.21,1.0,87.21
120.0,99.0,1.0,40.56,44.0,0.9218181818181819
54272.0,32.0,1.0,81.87,9.0,9.096666666666668
32.0,99.0,1.0,27.73,3.0,9.243333333333334
13.0,5.0,1.0,114.24,26.0,4.3938461538461535
5.0,95.0,3.0,39.38,14.333333333333334,9.845
5.0,33.0,1.0,114.67,44.0,2.6061363636363635
33.0,96.0,2.0,148.12,2883.0,3.526666666666667
33.0,22.0,1.0,24.53,6.0,4.088333333333334
22.0,5.0,1.0,121.22,42.0,2.886190476190476
84.0,5.0,7.0,58.5,67.57142857142857,117.0
5.0,22.0,2.0,121.22,6.5,40.406666666666666
5.0,99.0,1.0,59.06,9532.0,0.006195971464540495
99.0,84.0,1.0,84.36,178.0,0.4739325842696629
84.0,22.0,2.0,146.05,71.5,73.025
5.0,95.0,1.0,39.38,4.0,9.845
95.0,84.0,1.0,76.73,7.0,10.961428571428572
22.0,5.0,4.0,121.22,4140.25,24.244
5.0,99.0,3.0,59.06,73.0,59.06
22.0,95.0,1.0,157.9,8.0,19.7375
95.0,5.0,1.0,39.38,335.0,0.11755223880597016
5.0,88.0,1.0,91.38,2821.0,0.03239276852180078
88.0,99.0,1.0,147.2,474.0,0.310548523206751
3236.0,13.0,3.0,60.17,4.0,15.0425
3236.0,69143.0,5.0,101.24,3.6,33.74666666666666
69143.0,120.0,3.0,24.55,1.0,24.55
120.0,3236.0,9.0,82.56,2.2222222222222223,165.12
3236.0,84.0,2.0,92.86,1.0,185.72
84.0,33.0,1.0,130.17,4.0,32.5425
33.0,3236.0,4.0,165.96,26.0,165.96
13.0,120.0,1.0,137.04,1.0,137.04
3236.0,22.0,6.0,168.8,3.3333333333333335,168.8
33.0,22.0,2.0,24.53,6.5,4.906000000000001
33.0,9048.0,2.0,132.97,3436.0,132.97
9048.0,3236.0,1.0,35.51,3.0,11.836666666666666
3236.0,63110.0,4.0,73.16,17.0,73.16
3236.0,99.0,7.0,110.97,5.142857142857143,55.485
99.0,22.0,2.0,64.39,6.0,10.731666666666667
22.0,84.0,1.0,146.05,3.0,48.68333333333334
120.0,22.0,3.0,86.98,0.0,173.96
22.0,32.0,1.0,88.88,4.0,22.22
32.0,9048.0,4.0,67.38,55.75,134.76
9048.0,99.0,3.0,77.41,2.0,38.705
99.0,33.0,1.0,55.62,1.0,55.62
9048.0,22.0,1.0,138.33,4.0,34.5825
120.0,9048.0,1.0,56.3,18.0,3.1277777777777778
120.0,32.0,1.0,54.21,4.0,13.5525
99.0,32.0,1.0,27.73,10.0,2.773
99.0,9048.0,5.0,77.41,6.2,77.41
9048.0,88.0,4.0,72.81,139.25,24.27
9048.0,49.0,2.0,62.64,32.5,6.264
9048.0,33.0,2.0,132.97,29.0,8.310625
33.0,66.0,3.0,211.28,730.0,7.042666666666666
33.0,22.0,3.0,24.53,10.0,6.1325
22.0,9048.0,2.0,138.33,30.0,4.611000000000001
33.0,105.0,1.0,59.19,1.0,59.19
105.0,9048.0,2.0,191.95,9099.5,7.382692307692308
22.0,105.0,1.0,63.38,9.0,7.042222222222223
9048.0,66.0,1.0,344.13,8576.0,0.04012709888059701
66.0,22.0,1.0,210.79,103.0,2.046504854368932
22.0,99.0,2.0,64.39,6.5,10.731666666666667
22.0,5.0,1.0,121.22,17.0,7.130588235294118
5.0,84.0,2.0,58.5,2310.5,1.5394736842105263
5.0,33.0,1.0,114.67,17.0,6.745294117647059
22.0,33.0,2.0,24.53,14.5,3.06625
22.0,32.0,1.0,88.88,28055.0,0.003168062733915523
32.0,5.0,3.0,48.84,3351.6666666666665,0.028729411764705885
33.0,22.0,2.0,24.53,39.5,4.088333333333334
33.0,96.0,2.0,148.12,938.0,0.22648318042813456
96.0,66.0,4.0,64.72,152.5,64.72
33.0,32.0,2.0,74.92,200.5,1.3874074074074074
5.0,8318.0,11.0,54.66,29.636363636363637,54.66
5.0,33.0,1.0,114.67,2.0,57.335
33.0,8318.0,4.0,60.04,32.75,15.01
8318.0,120.0,3.0,36.95,22.0,6.158333333333334
120.0,95.0,1.0,73.6,2.0,36.8
95.0,105.0,1.0,212.35,0.0,424.7
105.0,120.0,3.0,146.43,8.0,73.215
120.0,33.0,2.0,88.04,2.0,44.02
5.0,120.0,2.0,44.14,1.0,44.14
5.0,105.0,1.0,173.49,3.0,57.830000000000005
105.0,8318.0,2.0,119.02,4.0,29.755
33.0,105.0,1.0,59.19,0.0,118.38
5.0,54272.0,5.0,117.96,17.0,39.32
54272.0,120.0,1.0,87.21,152.0,0.57375
8318.0,54272.0,7.0,63.66,6.285714285714286,12.732
54272.0,101.0,2.0,166.4,3.0,55.46666666666667
101.0,38638.0,1.0,76.93,6.0,12.821666666666667
38638.0,54272.0,3.0,115.97,3.6666666666666665,38.656666666666666
8318.0,38638.0,14.0,52.33,12.285714285714286,17.44333333333333
101.0,8318.0,1.0,111.01,2.0,55.505
5.0,22.0,1.0,121.22,360.0,0.3367222222222222
22.0,33.0,1.0,24.53,9.0,2.7255555555555557
120.0,105.0,3.0,146.43,5.0,73.215
105.0,22.0,1.0,63.38,4.0,15.845
22.0,120.0,1.0,86.98,7.0,12.425714285714287
120.0,5.0,1.0,44.14,12.0,3.6783333333333332
5.0,105.0,1.0,173.49,3.0,57.830000000000005
105.0,99.0,1.0,114.55,4502.0,0.02544424700133274
99.0,22.0,3.0,64.39,12.0,10.731666666666667
5.0,95.0,9.0,39.38,508.3333333333333,9.845
5.0,22.0,1.0,121.22,9.0,13.46888888888889
22.0,66.0,1.0,210.79,36.0,5.855277777777777
66.0,33.0,1.0,211.28,3435.0,0.061508005822416306
33.0,5.0,1.0,114.67,9239.0,0.01241151639787856
22.0,120.0,2.0,86.98,2.0,43.49
120.0,5.0,1.0,44.14,3.0,14.713333333333333
5.0,33.0,1.0,114.67,3.0,38.223333333333336
33.0,22.0,3.0,24.53,23.333333333333332,4.906000000000001
120.0,33.0,1.0,88.04,6.0,14.673333333333334
33.0,66.0,1.0,211.28,22.0,9.603636363636364
66.0,32.0,1.0,281.86,54.0,5.21962962962963
32.0,22.0,1.0,88.88,7.0,12.697142857142856
5.0,9048.0,1.0,18.86,52.0,0.3626923076923077
9048.0,22.0,4.0,138.33,29.25,46.11000000000001
9048.0,99.0,6.0,77.41,37.0,38.705
9048.0,84.0,2.0,65.56,110.5,32.78
105.0,59802.0,1.0,39.65,13.0,3.05
59802.0,99.0,6.0,77.35,8.666666666666666,77.35
91636.0,13568.0,10.0,56.6,30.1,9.433333333333334
13568.0,105.0,4.0,85.66,107.5,7.138333333333333
91636.0,33.0,5.0,32.92,6.4,5.486666666666667
33.0,99.0,1.0,55.62,1522.0,0.03654402102496715
49.0,39208.0,1.0,45.99,1.0,45.99
39208.0,105.0,6.0,227.41,9.5,227.41
39208.0,99.0,16.0,112.91,9.75,112.91
39208.0,92.0,6.0,166.07,36.5,332.14
39208.0,32.0,15.0,100.58,2136.4666666666667,100.58
39208.0,120.0,2.0,89.85,1.0,89.85
120.0,32.0,2.0,54.21,0.0,108.42
39208.0,22.0,10.0,173.78,2.6,347.56
32.0,22.0,1.0,88.88,1.0,88.88
39208.0,84.0,3.0,81.21,2.3333333333333335,40.605
22.0,84.0,1.0,146.05,2.0,73.025
39208.0,13.0,4.0,66.48,3.0,66.48
4313.0,84866.0,13.0,75.47,10.307692307692308,37.735
84866.0,88.0,62.0,98.95,20.403225806451612,98.95
84866.0,99.0,5.0,55.12,10.0,27.56
84866.0,13.0,6.0,121.81,10.0,121.81
84866.0,22.0,5.0,118.69,2119.2,39.56333333333333
13.0,99.0,1.0,169.72,1.0,169.72
13.0,22.0,1.0,223.94,8.0,27.9925
84866.0,95.0,1.0,46.11,37984.0,0.0012139321819713564
95.0,26858.0,1.0,26.44,2.0,13.22
26858.0,84866.0,11.0,72.18,6.818181818181818,72.18
84866.0,92.0,2.0,168.54,14.0,14.045
84866.0,49.0,2.0,72.75,1249.0,3.6375
49.0,39208.0,1.0,45.99,13.0,3.537692307692308
39208.0,95.0,2.0,16.25,2001.5,0.03509719222462203
39208.0,99.0,8.0,112.91,12.75,112.91
39208.0,13.0,26.0,66.48,20.653846153846153,66.48
39208.0,22.0,5.0,173.78,148.6,347.56
39208.0,92.0,14.0,166.07,35.0,166.07
39208.0,33.0,5.0,168.5,980.4,42.125
39208.0,54272.0,17.0,171.33,15.529411764705882,85.665
54272.0,96.0,2.0,148.09,19.5,29.618000000000002
54272.0,22.0,1.0,12.05,26.0,0.4634615384615385
22.0,96.0,2.0,150.17,32.5,7.15095238095238
22.0,33.0,10.0,24.53,7.5,6.1325
22.0,120.0,7.0,86.98,15.857142857142858,43.49
22.0,30497.0,69.0,151.1,5.608695652173913,302.2
30497.0,13.0,18.0,89.32,7.722222222222222,89.32
30497.0,39208.0,27.0,24.7,100.48148148148148,49.4
30497.0,33.0,16.0,144.62,7.5625,144.62
30497.0,120.0,14.0,70.17,25.142857142857142,140.34
30497.0,32.0,8.0,75.89,38.875,75.89
32.0,22.0,2.0,88.88,1.0,177.76
32.0,120.0,4.0,54.21,9.75,54.21
13.0,33.0,2.0,223.7,1.0,223.7
33.0,120.0,1.0,88.04,4.0,22.01
30497.0,92.0,2.0,166.0,0.5,332.0
95.0,69143.0,1.0,89.66,9932.0,0.009027386226339106
69143.0,9048.0,3.0,70.01,6701.0,23.33666666666667
69143.0,3236.0,9.0,101.24,3483.5555555555557,101.24
69143.0,49.0,1.0,124.62,1.0,124.62
49.0,99.0,1.0,126.11,3.0,42.03666666666667
99.0,69143.0,1.0,16.78,9.0,1.8644444444444446
69143.0,105.0,1.0,124.36,23.0,5.40695652173913
105.0,3236.0,1.0,225.15,8140.0,0.027659705159705162
9048.0,49.0,4.0,62.64,6.75,15.66
95.0,62282.0,1.0,52.75,13.0,4.0576923076923075
62282.0,105.0,3.0,160.0,9.0,26.666666666666668
62282.0,48455.0,10.0,31.02,10.4,7.755
105.0,48455.0,8.0,179.8,13.5,89.9
48455.0,18641.0,50.0,39.82,9.94,39.82
48455.0,94129.0,1961.0,36.06,13.18969913309536,72.12
94129.0,54562.0,1482.0,9.9,11.706477732793521,19.8
54562.0,48455.0,1382.0,27.46,11.945007235890014,54.92
54562.0,88.0,1.0,107.11,7.0,15.301428571428572
88.0,94129.0,1.0,115.53,7.0,16.504285714285714
94129.0,105.0,24.0,149.23,7.875,74.615
105.0,54562.0,13.0,158.99,17.0,158.99
48455.0,32.0,4.0,49.0,10.0,49.0
32.0,94129.0,2.0,26.06,12.0,3.2575
95.0,73376.0,1.0,40.0,16441.0,0.0024329420351560122
73376.0,9048.0,2.0,23.09,26915.0,23.09
73376.0,49.0,2.0,85.35,2.0,85.35
73376.0,88.0,2.0,85.89,6.5,28.63
95.0,26858.0,1.0,26.44,30.0,0.8813333333333334
26858.0,92.0,2.0,150.18,15.5,10.012
26858.0,13.0,6.0,49.67,6.5,8.278333333333334
26858.0,5.0,5.0,64.81,6.2,12.962
5.0,13.0,3.0,114.24,0.0,228.48
13.0,49.0,1.0,99.52,2.0,49.76
49.0,99.0,1.0,126.11,1.0,126.11
99.0,26858.0,3.0,121.72,218.0,40.57333333333333
95.0,39006.0,1.0,7.2,13.0,0.5538461538461539
39006.0,12504.0,1.0,80.28,4.0,20.07
12504.0,99.0,2.0,27.65,154.0,0.29414893617021276
22.0,1214.0,1.0,19.22,13.0,1.4784615384615383
1214.0,60297.0,80.0,28.3,11.425,56.6
22.0,45476.0,1.0,123.62,4.0,30.905
45476.0,72974.0,44.0,45.79,6.181818181818182,11.4475
72974.0,39006.0,9.0,80.8,6.222222222222222,20.2
39006.0,45476.0,9.0,35.38,2.3333333333333335,70.76
72974.0,62829.0,1.0,113.65,6.0,18.941666666666666
62829.0,45476.0,1204.0,67.98,6.442691029900332,135.96
62829.0,14840.0,851.0,77.82,7.730904817861339,155.64
14840.0,45476.0,4398.0,9.85,7.827194179172351,19.7
14840.0,99.0,30.0,57.0,10.466666666666667,57.0
99.0,45476.0,14.0,66.81,3.7857142857142856,66.81
22.0,65149.0,1.0,46.28,6.0,7.713333333333334
65149.0,23835.0,2.0,3.16,48.5,0.79
33.0,41479.0,1.0,18.43,7.0,2.632857142857143
41479.0,105.0,2.0,77.0,6.5,12.833333333333334
95.0,82187.0,1.0,16.25,17.0,0.9558823529411765
82187.0,9048.0,12.0,35.61,33.833333333333336,71.22
82187.0,5.0,18.0,53.92,14.88888888888889,13.48
82187.0,99.0,2.0,112.91,13.0,10.264545454545454
32.0,16637.0,1.0,25.33,104.0,0.24355769230769228
16637.0,25263.0,158.0,25.24,21.056962025316455,50.48
25263.0,51286.0,2.0,25.32,4.0,25.32
51286.0,16637.0,6.0,18.44,32.666666666666664,1.0244444444444445
16637.0,54615.0,116.0,5.0,19.396551724137932,1.6666666666666667
54615.0,25263.0,444.0,26.0,27.295045045045047,52.0
54615.0,44615.0,2.0,60.83,26.0,3.201578947368421
54615.0,33.0,7.0,73.83,6.857142857142857,36.915
54615.0,88.0,45.0,130.46,94.31111111111112,260.92
88.0,22.0,1.0,202.54,7082.0,0.02859926574414007
22.0,5.0,1.0,121.22,19898.0,0.006092069554729119
5.0,33.0,1.0,114.67,2.0,57.335
88.0,25263.0,22.0,148.83,26.40909090909091,297.66
88.0,16637.0,5.0,127.68,15.8,42.56
88.0,33.0,1.0,201.51,33.0,6.106363636363636
33.0,25263.0,14.0,52.7,20.5,13.175
16637.0,33.0,13.0,75.28,8.307692307692308,75.28
16637.0,71721.0,10.0,50.7,8.2,50.7
54615.0,71721.0,1.0,49.04,5.0,9.808
25263.0,71721.0,1.0,75.03,2.0,37.515
16637.0,84.0,9.0,73.41,5.0,73.41
84.0,25263.0,3.0,95.0,27.0,31.666666666666668
54615.0,84.0,4.0,70.36,26.75,23.453333333333333
16637.0,105.0,2.0,134.29,13.0,44.76333333333333
84.0,105.0,2.0,182.02,6.5,45.505
54615.0,105.0,1.0,132.55,5.0,26.51
105.0,25263.0,1.0,111.82,5.0,22.363999999999997
101.0,51552.0,1.0,36.58,26.0,1.406923076923077
51552.0,32.0,2.0,66.6,460.0,0.21075949367088606
51552.0,5.0,2.0,47.71,123.5,0.9175
51552.0,49.0,2.0,39.82,3334.5,0.267248322147651
51552.0,99.0,4.0,90.26,3979.75,1.6117857142857144
99.0,95.0,1.0,97.82,2.0,48.91
95.0,22.0,1.0,157.9,3.0,52.63333333333333
22.0,99.0,1.0,64.39,8.0,8.04875
22.0,85717.0,1.0,13.96,6.0,2.3266666666666667
85717.0,33.0,8.0,10.87,24.5,10.87
85717.0,5.0,4.0,118.79,2.5,59.395
105.0,43415.0,7.0,71.62,145.14285714285714,143.24
43415.0,96.0,2.0,160.59,104.0,14.59909090909091
43415.0,5.0,4.0,103.39,200.25,0.5356994818652849
95.0,63110.0,1.0,59.55,21.0,2.8357142857142854
63110.0,88.0,14.0,109.92,52.714285714285715,109.92
63110.0,8318.0,13.0,33.84,8.153846153846153,67.68
63110.0,33.0,34.0,93.87,9.470588235294118,187.74
33.0,8318.0,2.0,60.04,6.0,12.008
8318.0,120.0,2.0,36.95,1.0,36.95
120.0,63110.0,10.0,30.15,98.0,10.049999999999999
33.0,96.0,1.0,148.12,5.0,29.624000000000002
96.0,8318.0,1.0,207.67,1.0,207.67
63110.0,66.0,3.0,305.02,754.0,0.5313937282229965
66.0,96.0,1.0,64.72,18.0,3.5955555555555554
96.0,63110.0,1.0,241.39,105.0,2.2989523809523806
63110.0,13.0,5.0,132.65,2.0,132.65
63110.0,22.0,30.0,100.36,85.43333333333334,200.72
120.0,22.0,8.0,86.98,1.125,173.96
63110.0,93095.0,73.0,13.0,26.19178082191781,13.0
93095.0,33.0,2.0,101.85,9.5,203.7
120.0,93095.0,6.0,42.86,1.1666666666666667,85.72
93095.0,22.0,17.0,110.47,1.4705882352941178,220.94
63110.0,84.0,21.0,64.86,3.238095238095238,129.72
84.0,33.0,1.0,130.17,1.0,130.17
63110.0,49.0,16.0,92.01,129.5,92.01
120.0,33.0,4.0,88.04,4.25,29.346666666666668
22.0,84.0,1.0,146.05,3.0,48.68333333333334
33.0,22.0,3.0,24.53,6.666666666666667,4.906000000000001
93095.0,84.0,7.0,52.49,7.0,26.245
13.0,120.0,2.0,137.04,4.0,34.26
13.0,33.0,1.0,223.7,2.0,111.85
88.0,93095.0,1.0,106.71,0.0,213.42
22.0,88.0,1.0,202.54,38.0,5.33
88.0,41151.0,5.0,21.81,2252.0,2.4233333333333333
41151.0,91020.0,1.0,6.08,8269.0,0.0007352763332930222
91020.0,5.0,1.0,75.96,28.0,2.7128571428571426
5.0,41151.0,1.0,69.9,7338.0,0.009525756336876533
22.0,41479.0,1.0,26.48,780.0,0.03394871794871795
41479.0,105.0,2.0,77.0,234.0,0.5099337748344371
41479.0,32.0,2.0,62.63,202.0,1.0438333333333334
41479.0,39301.0,1.0,34.48,18.0,1.9155555555555555
39301.0,105.0,12.0,111.28,99.0,111.28
39301.0,32.0,22.0,47.43,171.45454545454547,6.775714285714286
101.0,51552.0,1.0,36.58,508.0,0.07200787401574803
51552.0,2505.0,1.0,24.33,9343.0,0.002604088622498127
2505.0,99.0,2.0,71.53,184.5,0.5676984126984127
2505.0,22615.0,2.0,37.0,7248.5,0.005536435732455484
2505.0,69143.0,6.0,70.38,6.333333333333333,70.38
69143.0,79085.0,10.0,43.57,47.3,87.14
2505.0,79085.0,3.0,43.17,12.0,43.17
69143.0,88.0,2.0,136.3,305.0,6.815
79085.0,88.0,2.0,93.0,6.5,18.6
79085.0,99.0,2.0,54.49,204.0,27.245
79085.0,51552.0,4.0,67.47,66.5,33.735
79085.0,22.0,2.0,111.29,10.5,27.8225
22.0,5.0,1.0,121.22,4.0,30.305
5.0,79085.0,1.0,19.77,19.0,1.0405263157894737
22.0,22615.0,3.0,171.82,21.333333333333332,171.82
22615.0,51552.0,1.0,19.42,23257.0,0.0008350174141118804
84.0,92071.0,1.0,29.5,87.0,0.3390804597701149
92071.0,49.0,2.0,31.1,2270.0,0.019596723377441713
92071.0,5.0,1.0,58.02,9.0,6.446666666666667
5.0,99.0,1.0,59.06,16.0,3.69125
99.0,22.0,1.0,64.39,32.0,2.0121875
22.0,92071.0,1.0,165.99,12623.0,0.013149805909847104
92071.0,99.0,2.0,101.92,13047.5,0.12708229426433915
105.0,93197.0,1.0,43.72,0.0,87.44
93197.0,99.0,2.0,72.48,6.5,72.48
93197.0,96.0,2.0,132.55,2795.0,3.4881578947368426
30732.0,54112.0,1.0,6.71,423.0,0.015862884160756503
54112.0,96.0,1.0,117.84,1957.0,0.060214614205416454
96.0,33.0,1.0,148.12,5191.0,0.02853400115584666
33.0,54112.0,1.0,31.45,807.0,0.03897149938042131
22.0,105.0,1.0,63.38,97.0,0.6534020618556702
105.0,13568.0,1.0,85.66,1139.0,0.07520632133450394
13568.0,54272.0,1.0,27.2,5598.0,0.004858878170775276
54272.0,99.0,2.0,59.51,312.5,0.22288389513108614
95.0,26858.0,2.0,26.44,9621.5,0.0039658017099145045
26858.0,88.0,2.0,26.87,913.5,53.74
95.0,91020.0,1.0,37.55,6.0,6.258333333333333
91020.0,8814.0,11.0,44.38,4.363636363636363,88.76
8814.0,13.0,9.0,82.71,9.444444444444445,165.42
13.0,49.0,1.0,99.52,2.0,49.76
49.0,8814.0,1.0,61.76,4.0,15.44
8814.0,99.0,2.0,89.1,3.0,29.7
8814.0,26858.0,1.0,33.24,48012.0,0.0006923269182704324
26858.0,92.0,8.0,150.18,5.875,300.36
64018.0,88.0,2.0,86.42,15.0,28.80666666666667
64018.0,84.0,2.0,63.61,45.5,1.6739473684210526
64018.0,120.0,2.0,43.35,52.0,3.940909090909091
64018.0,80101.0,9.0,78.64,3454.1111111111113,78.64
80101.0,120.0,3.0,46.78,138.66666666666666,1.7992307692307692
80101.0,84.0,6.0,104.31,10.0,26.0775
80101.0,88.0,6.0,160.46,22.666666666666668,320.92
80101.0,95.0,10.0,113.54,10.4,56.77
120.0,79123.0,3.0,30.13,14.666666666666666,7.5325
79123.0,88.0,2.0,119.71,6.5,19.951666666666664
79123.0,22.0,9.0,91.51,6.666666666666667,22.8775
79123.0,95.0,17.0,69.35,8.0,13.87
95.0,88.0,6.0,53.3,2.8333333333333335,53.3
88.0,22.0,3.0,202.54,3.0,101.27
22.0,95.0,3.0,157.9,8.666666666666666,26.316666666666666
88.0,120.0,1.0,115.57,6.0,19.261666666666667
120.0,95.0,4.0,73.6,6.0,12.266666666666666
22.0,120.0,3.0,86.98,1.0,86.98
79123.0,84.0,2.0,66.94,0.0,133.88
95.0,63110.0,1.0,59.55,13.0,4.5807692307692305
63110.0,22.0,2.0,100.36,69.5,6.2725
63110.0,27439.0,5.0,85.09,98.2,28.363333333333333
63110.0,88.0,2.0,109.92,17.0,21.984
27439.0,99.0,1.0,122.71,4.0,30.6775
99.0,120.0,1.0,40.56,3.0,13.520000000000001
120.0,22.0,1.0,86.98,2.0,43.49
22.0,33.0,2.0,24.53,7.0,3.5042857142857144
33.0,99.0,1.0,55.62,1.0,55.62
99.0,22.0,1.0,64.39,5.0,12.878
33.0,9048.0,1.0,132.97,3808.0,0.03491859243697479
9048.0,13.0,1.0,95.68,3860.0,0.02478756476683938
13.0,66.0,1.0,434.15,27285.0,0.015911673080447133
66.0,9048.0,1.0,344.13,414.0,0.831231884057971
9048.0,99.0,6.0,77.41,179.33333333333334,19.3525
9048.0,88.0,2.0,72.81,123.5,0.6331304347826087
9048.0,84.0,2.0,65.56,123.5,0.5373770491803279
95.0,1652.0,1.0,83.71,27206.0,0.0030768948026170693
1652.0,26858.0,3.0,75.5,14377.666666666666,0.1411214953271028
26858.0,13.0,2.0,49.67,6.5,24.835
26858.0,5.0,2.0,64.81,6.5,12.962
1652.0,13.0,2.0,87.44,5.5,43.72
90040.0,95.0,4.0,79.03,6023.25,0.11387608069164265
95.0,13.0,1.0,76.05,423.0,0.17978723404255317
13.0,5.0,1.0,114.24,26.0,4.3938461538461535
5.0,90040.0,1.0,86.97,3582.0,0.024279731993299834
105.0,41479.0,1.0,77.0,1015.0,0.07586206896551724
41479.0,120.0,4.0,69.7,2.5,69.7
41479.0,33.0,2.0,18.43,2166.5,0.037383367139959434
33.0,17086.0,1.0,13.18,769.0,0.017139141742522755
17086.0,63927.0,4.0,30.68,125.0,5.113333333333333
17086.0,13613.0,4.0,38.95,154.5,0.7637254901960785
17086.0,17414.0,143.0,43.86,60.48251748251748,43.86
17414.0,96699.0,22.0,24.6,16.40909090909091,49.2
96699.0,17086.0,10.0,64.82,9.7,129.64
17414.0,43670.0,3.0,43.01,45.333333333333336,21.505
17086.0,43670.0,3.0,83.87,3.3333333333333335,167.74
43670.0,95.0,3.0,58.19,5.666666666666667,14.5475
95.0,17086.0,1.0,141.58,4.0,35.395
43670.0,96699.0,1.0,19.1,2330.0,0.008197424892703864
96699.0,32.0,1.0,27.46,4140.0,0.0066328502415458936
32.0,8318.0,3.0,26.39,803.0,5.2780000000000005
8318.0,43670.0,3.0,35.23,37.333333333333336,4.40375
43670.0,32.0,1.0,34.41,1833.0,0.018772504091653024
32.0,17414.0,16.0,41.89,16.6875,20.945
17414.0,8318.0,26.0,15.52,247.73076923076923,5.173333333333333
8318.0,17086.0,10.0,48.84,131.8,48.84
32.0,17086.0,10.0,66.64,0.4,133.28
17086.0,105.0,7.0,71.62,5.0,14.324000000000002
105.0,17414.0,8.0,115.48,1.0,115.48
32.0,105.0,1.0,130.85,5.0,26.169999999999998
17086.0,5.0,1.0,103.39,81.0,1.2764197530864199
5.0,17414.0,3.0,62.27,75.0,15.5675
95.0,1652.0,1.0,83.71,21774.0,0.0038444934325342147
1652.0,26858.0,3.0,75.5,3649.6666666666665,37.75
26858.0,88.0,2.0,26.87,1276.0,0.15011173184357543
26858.0,95.0,2.0,26.44,2207.5,1.7626666666666668
26858.0,49.0,2.0,65.32,6.5,10.886666666666665
1652.0,49.0,2.0,137.43,6.5,27.486
84.0,22.0,2.0,146.05,1301.5,0.22196048632218845
84.0,120.0,1.0,95.0,945.0,0.10052910052910052
120.0,86779.0,3.0,71.54,266.0,1.6637209302325582
86779.0,71721.0,2.0,24.33,314.0,0.7603125
71721.0,99.0,1.0,66.08,4.0,16.52
99.0,10312.0,2.0,6.09,3.5,6.09
99.0,95.0,3.0,97.82,2.3333333333333335,97.82
95.0,56228.0,2.0,103.38,3.0,34.46
56228.0,13.0,2.0,172.23,3.0,57.41
56228.0,99.0,6.0,14.55,2.3333333333333335,14.55
99.0,32.0,1.0,27.73,120.0,0.23108333333333334
32.0,89518.0,1.0,36.67,1906.0,0.019239244491080797
89518.0,95.0,2.0,77.63,63.0,12.938333333333333
95.0,86779.0,2.0,77.71,1287.0,38.855
86779.0,89518.0,2.0,56.92,1.5,113.84
86779.0,63790.0,1.0,61.29,8.0,7.66125
63790.0,71721.0,1.0,40.36,44.0,0.9172727272727272
71721.0,95.0,3.0,54.22,110.0,9.036666666666667
95.0,22.0,1.0,157.9,2.0,78.95
22.0,88.0,1.0,202.54,0.0,405.08
88.0,99.0,1.0,147.2,6.0,24.53333333333333
86779.0,84.0,2.0,29.49,2514.0,0.36407407407407405
86779.0,5.0,1.0,45.87,2182.0,0.02102199816681943
5.0,84.0,3.0,58.5,2715.6666666666665,29.25
84.0,32.0,1.0,57.42,1901.0,0.03020515518148343
32.0,86779.0,1.0,27.93,115.0,0.2428695652173913
86779.0,99.0,2.0,55.14,6.5,9.19
71721.0,84.0,2.0,29.07,6880.0,1.816875
95.0,88.0,1.0,53.3,2.0,26.65
88.0,89518.0,1.0,124.71,0.0,249.42
89518.0,71721.0,3.0,58.31,4.333333333333333,58.31
89518.0,56228.0,1.0,25.81,2.0,12.905
56228.0,80824.0,1.0,32.56,20.0,1.6280000000000001
80824.0,89518.0,14.0,58.05,8.571428571428571,29.025
80824.0,10312.0,3.0,39.66,88.33333333333333,6.609999999999999
80824.0,5.0,6.0,98.85,117.0,16.474999999999998
10312.0,88.0,1.0,146.3,8.0,18.2875
88.0,29230.0,1.0,160.0,12.0,13.333333333333334
29230.0,10312.0,2.0,27.02,6.0,4.503333333333333
29230.0,84.0,1.0,115.98,199.0,0.5828140703517588
60633.0,42740.0,3.0,48.88,566.0,24.44
42740.0,99.0,2.0,1.4,2069.0,0.0013752455795677798
60633.0,57354.0,1.0,37.2,3370.0,0.011038575667655787
57354.0,8318.0,1.0,18.03,5546.0,0.0032509917057338624
8318.0,32.0,1.0,26.39,2367.0,0.011149133924799324
32.0,96699.0,1.0,27.46,857.0,0.03204200700116686
96699.0,95.0,2.0,76.91,2.0,76.91
95.0,88.0,2.0,53.3,364.5,17.766666666666666
88.0,99.0,1.0,147.2,7.0,21.02857142857143
99.0,96699.0,1.0,21.08,2.0,10.54
96699.0,68078.0,4.0,54.42,601.5,13.605
96699.0,60633.0,1.0,29.41,1.0,29.41
42740.0,68078.0,3.0,74.09,329.6666666666667,74.09
68078.0,32.0,2.0,70.89,2403.0,0.14677018633540373
68078.0,60633.0,5.0,27.07,28.0,9.023333333333333
60633.0,29813.0,5.0,19.7,11.4,3.94
29813.0,95.0,7.0,67.12,4.571428571428571,134.24
29813.0,96699.0,3.0,10.82,241.0,0.3278787878787879
29813.0,99.0,1.0,30.81,6.0,5.135
99.0,8318.0,5.0,4.53,115.8,0.755
8318.0,88.0,12.0,142.68,387.75,285.36
8318.0,5.0,5.0,54.66,38.0,13.665
5.0,99.0,4.0,59.06,292.25,19.686666666666667
5.0,57354.0,9.0,47.28,88.77777777777777,47.28
57354.0,95.0,3.0,83.16,1567.6666666666667,27.72
5.0,95.0,2.0,39.38,1126.0,0.31504000000000004
95.0,8318.0,4.0,93.33,188.25,46.665
5.0,88.0,4.0,91.38,146.25,4.153636363636363
88.0,57354.0,1.0,129.59,221.0,0.5863800904977375
57354.0,29230.0,1.0,33.84,3006.0,0.011257485029940121
29230.0,22.0,1.0,42.55,2605.0,0.01633397312859885
22.0,8318.0,1.0,68.16,26.0,2.6215384615384614
8318.0,29230.0,6.0,34.06,755.0,11.353333333333333
95.0,64102.0,1.0,27.07,651.0,0.041582181259600615
64102.0,88.0,2.0,63.96,6.5,15.99
64102.0,5.0,2.0,51.2,3.5,51.2
32.0,8318.0,2.0,26.39,4137.5,52.78
8318.0,99.0,6.0,4.53,488.0,0.755
8318.0,5.0,1.0,54.66,5547.0,0.009853975121687397
5.0,32.0,1.0,48.84,9362.0,0.0052168340098269605
8318.0,84.0,4.0,81.98,643.25,20.495
8318.0,95.0,3.0,93.33,0.0,186.66
95.0,33.0,2.0,153.3,6.0,38.325
33.0,120.0,3.0,88.04,2.0,44.02
120.0,22.0,1.0,86.98,3.0,28.993333333333336
22.0,95.0,2.0,157.9,0.5,315.8
8318.0,33.0,2.0,60.04,8.0,7.505
120.0,95.0,2.0,73.6,2.5,36.8
8318.0,22.0,3.0,68.16,0.0,136.32
22.0,33.0,1.0,24.53,8.0,3.06625
95.0,88.0,1.0,53.3,1.0,53.3
88.0,22.0,1.0,202.54,0.0,405.08
8318.0,88.0,1.0,142.68,0.0,285.36
88.0,13.0,1.0,22.87,6.0,3.811666666666667
84.0,5.0,1.0,58.5,285.0,0.20526315789473684
5.0,99.0,1.0,59.06,2.0,29.53
99.0,84.0,1.0,84.36,7328.0,0.011512008733624454
84.0,33.0,2.0,130.17,429.5,1.0938655462184872
32.0,42740.0,1.0,27.0,5976.0,0.004518072289156626
42740.0,95.0,12.0,96.42,1550.5,48.21
95.0,84.0,6.0,76.73,173.0,25.576666666666668
84.0,42740.0,16.0,83.39,182.75,166.78
42740.0,120.0,6.0,39.6,6.166666666666667,39.6
42740.0,22.0,2.0,65.68,2.5,65.68
95.0,5.0,1.0,39.38,5280.0,0.007458333333333334
5.0,120.0,1.0,44.14,22.0,2.0063636363636363
120.0,54272.0,3.0,87.21,8.333333333333334,43.605
54272.0,42740.0,13.0,60.88,22.692307692307693,20.293333333333333
42740.0,79123.0,2.0,27.2,8.5,4.533333333333333
95.0,26858.0,1.0,26.44,9444.0,0.0027996611605252014
26858.0,13.0,4.0,49.67,262.0,99.34
26858.0,92.0,2.0,150.18,6.5,150.18
26858.0,5.0,6.0,64.81,306.3333333333333,64.81
95.0,23064.0,3.0,0.48,6329.333333333333,0.24
23064.0,92.0,12.0,156.75,343.8333333333333,313.5
23064.0,13.0,52.0,75.62,203.90384615384616,75.62
23064.0,99.0,2.0,98.3,1.5,196.6
23064.0,88.0,2.0,52.87,13893.5,13.2175
23064.0,91020.0,4.0,37.12,5.5,37.12
23064.0,22.0,5.0,158.37,2.4,158.37
23064.0,120.0,1.0,74.05,47.0,1.5755319148936169
120.0,22.0,1.0,86.98,2.0,43.49
49.0,101.0,5.0,54.17,373.2,1.7474193548387098
49.0,5.0,1.0,73.03,4685.0,0.015588046958377802
5.0,71721.0,1.0,29.46,745.0,0.03954362416107383
71721.0,95.0,1.0,54.22,332.0,0.1633132530120482
95.0,49.0,3.0,55.08,4789.0,9.18
49.0,88.0,1.0,82.73,2599.0,0.03183147364370912
88.0,101.0,1.0,132.74,4852.0,0.027357790601813686
49.0,71721.0,1.0,61.11,77.0,0.7936363636363636
71721.0,101.0,5.0,54.68,1935.4,2.603809523809524
32.0,99.0,24.0,27.73,907.4166666666666,9.243333333333334
32.0,5.0,3.0,48.84,193.33333333333334,6.105
5.0,99.0,3.0,59.06,22.666666666666668,14.765
32.0,13003.0,2.0,53.83,200.5,7.6899999999999995
13003.0,95.0,1.0,127.4,2.0,63.7
95.0,120.0,1.0,73.6,0.0,147.2
120.0,13003.0,3.0,62.07,3.3333333333333335,31.035
99.0,120.0,4.0,40.56,13.0,81.12
120.0,32.0,2.0,54.21,3.0,18.07
99.0,54272.0,2.0,59.51,908.5,8.501428571428571
54272.0,5.0,8.0,117.96,4.5,39.32
54272.0,32.0,6.0,81.87,22.833333333333332,40.935
99.0,33.0,1.0,55.62,8866.0,0.0062734040153394986
33.0,54272.0,1.0,12.51,5.0,2.502
54272.0,120.0,2.0,87.21,4.0,43.605
13568.0,33.0,16.0,27.47,1074.875,4.578333333333333
13568.0,105.0,2.0,85.66,162.5,0.7259322033898304
13568.0,54272.0,1.0,27.2,2219.0,0.012257773771969356
54272.0,33.0,4.0,12.51,1458.0,0.08452702702702702
33.0,54272.0,1.0,12.51,5052.0,0.00247624703087886
54272.0,32.0,4.0,81.87,2216.5,40.935
32.0,51286.0,1.0,13.93,9.0,1.5477777777777777
51286.0,49081.0,2.0,41.0,13.0,41.0
51286.0,13397.0,7.0,30.48,4.857142857142857,15.24
13397.0,32.0,1.0,42.05,4.0,10.5125
32.0,13003.0,6.0,53.83,15.333333333333334,13.4575
13003.0,120.0,4.0,62.07,5.0,31.035
54272.0,120.0,14.0,87.21,12.428571428571429,29.069999999999997
105.0,22.0,2.0,63.38,13228.5,12.676
22.0,33.0,2.0,24.53,760.5,3.5042857142857144
33.0,49.0,1.0,179.48,89.0,2.016629213483146
49.0,5.0,1.0,73.03,104.0,0.7022115384615385
5.0,99.0,4.0,59.06,11.75,14.765
99.0,95.0,1.0,97.82,14.0,6.987142857142857
95.0,5.0,2.0,39.38,2493.0,4.9225
99.0,105.0,1.0,114.55,28.0,4.0910714285714285
105.0,5.0,1.0,173.49,9094.0,0.019077413679349023
95.0,22.0,2.0,157.9,81.0,9.86875
105.0,33.0,1.0,59.19,2.0,29.595
33.0,96.0,1.0,148.12,3.0,49.373333333333335
96.0,22.0,1.0,150.17,16.0,9.385625
33.0,95.0,1.0,153.3,3.0,51.1
22.0,5.0,1.0,121.22,4.0,30.305
95.0,69143.0,1.0,89.66,56688.0,0.0015816398532317246
69143.0,3236.0,11.0,101.24,4.7272727272727275,101.24
3236.0,13.0,4.0,60.17,6.25,120.34
3236.0,32.0,1.0,102.87,1.0,102.87
32.0,69143.0,1.0,38.38,1.0,38.38
3236.0,99.0,3.0,110.97,3.6666666666666665,110.97
69143.0,13.0,1.0,158.41,3.0,52.803333333333335
13.0,99.0,1.0,169.72,3.0,56.57333333333333
64102.0,5.0,2.0,51.2,33.5,8.533333333333333
64102.0,22.0,2.0,172.16,6.5,43.04
22.0,79123.0,2.0,91.51,2.0,91.51
79123.0,64102.0,2.0,80.72,6.5,13.453333333333333
79123.0,84.0,7.0,66.94,14.714285714285714,66.94
84.0,95.0,1.0,76.73,2.0,38.365
95.0,79123.0,6.0,69.35,6.333333333333333,34.675
95.0,88.0,5.0,53.3,3.0,17.766666666666666
88.0,79123.0,3.0,119.71,4.0,29.9275
88.0,22.0,2.0,202.54,2.0,202.54
99.0,54272.0,15.0,59.51,1255.9333333333334,59.51
99.0,120.0,1.0,40.56,4.0,10.14
120.0,54272.0,1.0,87.21,2.0,43.605
99.0,33.0,1.0,55.62,5377.0,0.010344058024920959
33.0,54272.0,1.0,12.51,6.0,2.085
75762.0,84.0,2.0,70.51,6.5,141.02
75762.0,5.0,2.0,22.88,1634.0,1.76
5.0,33.0,2.0,114.67,6.5,57.335
75762.0,33.0,2.0,93.66,6.5,46.83
75762.0,22.0,2.0,98.73,3.5,49.365
75762.0,88.0,3.0,108.72,6.666666666666667,18.12
88.0,9048.0,5.0,72.81,5.2,145.62
9048.0,120.0,3.0,56.3,2.0,112.6
9048.0,33.0,2.0,132.97,3.5,44.32333333333333
120.0,22.0,1.0,86.98,1.0,86.98
22.0,32.0,1.0,88.88,0.0,177.76
32.0,9048.0,7.0,67.38,38.0,16.845
9048.0,23449.0,3.0,78.64,287.0,0.3183805668016194
23449.0,120.0,2.0,33.57,6.5,6.714
23449.0,95.0,12.0,98.54,5.833333333333333,49.27
95.0,88.0,4.0,53.3,1.25,53.3
88.0,23449.0,4.0,145.7,3.25,72.85
23449.0,84.0,5.0,93.7,7.2,31.233333333333334
84.0,5.0,1.0,58.5,3.0,19.5
5.0,99.0,2.0,59.06,6.5,19.686666666666667
95.0,64102.0,3.0,27.07,5257.333333333333,0.029264864864864865
64102.0,13.0,2.0,84.32,315.0,4.684444444444444
64102.0,84.0,2.0,63.19,78.0,1.0359016393442622
95.0,88.0,1.0,53.3,263.0,0.2026615969581749
88.0,5.0,1.0,91.38,3115.0,0.029335473515248796
5.0,95.0,1.0,39.38,10147.0,0.003880950034492954
95.0,13.0,2.0,76.05,7577.5,0.01708604807908335
95.0,5.0,4.0,39.38,81.75,6.5633333333333335
5.0,92.0,1.0,160.5,4870.0,0.03295687885010267
92.0,95.0,1.0,156.67,5.0,31.333999999999996
95.0,49.0,13.0,55.08,1303.1538461538462,9.18
5.0,49.0,5.0,73.03,1245.0,1.404423076923077
49.0,88.0,3.0,82.73,856.3333333333334,2.668709677419355
95.0,88.0,1.0,53.3,1.0,53.3
72974.0,95.0,1.0,79.58,2721.0,0.029246600514516722
95.0,92.0,2.0,156.67,22182.5,0.032383216205043405
95.0,88.0,4.0,53.3,55.5,26.65
95.0,49.0,2.0,55.08,195.5,0.2914285714285714
95.0,5.0,3.0,39.38,197.66666666666666,5.625714285714286
5.0,32.0,1.0,48.84,47.0,1.0391489361702129
32.0,120.0,2.0,54.21,13.0,54.21
32.0,72974.0,1.0,38.93,338.0,0.11517751479289941
72974.0,96.0,2.0,223.61,600.0,0.5646717171717172
72974.0,33.0,2.0,75.55,6.5,12.591666666666667
72974.0,120.0,3.0,16.71,198.33333333333334,8.355
120.0,105.0,2.0,146.43,299.5,36.6075
120.0,5.0,1.0,44.14,203.0,0.2174384236453202
5.0,72974.0,5.0,43.97,121.0,10.9925
72974.0,88.0,3.0,126.02,299.6666666666667,252.04
72974.0,13.0,1.0,148.15,6.0,24.691666666666666
13.0,88.0,1.0,22.87,7.0,3.2671428571428573
72974.0,49.0,4.0,116.26,109.75,29.065
22.0,120.0,3.0,86.98,618.6666666666666,21.745
120.0,33.0,1.0,88.04,3.0,29.346666666666668
33.0,22.0,3.0,24.53,41.333333333333336,4.088333333333334
22.0,99.0,1.0,64.39,1166.0,0.05522298456260721
99.0,33.0,1.0,55.62,364.0,0.1528021978021978
33.0,32.0,1.0,74.92,303.0,0.24726072607260727
32.0,5.0,1.0,48.84,357.0,0.13680672268907565
5.0,120.0,1.0,44.14,129.0,0.34217054263565894
120.0,32.0,1.0,54.21,514.0,0.10546692607003891
54272.0,105.0,2.0,59.57,146.5,119.14
54272.0,99.0,9.0,59.51,232.33333333333334,0.7629487179487179
54272.0,99.0,6.0,59.51,77.83333333333333,1.9196774193548387
54272.0,120.0,2.0,87.21,266.5,0.37590517241379307
120.0,5.0,4.0,44.14,52.0,8.828
5.0,33.0,3.0,114.67,122.66666666666667,38.223333333333336
33.0,22.0,1.0,24.53,5.0,4.906000000000001
22.0,99.0,1.0,64.39,7.0,9.198571428571428
99.0,32.0,1.0,27.73,551.0,0.05032667876588022
32.0,22.0,1.0,88.88,1.0,88.88
22.0,5.0,3.0,121.22,36.333333333333336,40.406666666666666
13.0,39236.0,1.0,44.59,7.0,6.37
39236.0,49.0,7.0,67.66,5.142857142857143,22.55333333333333
49.0,92.0,1.0,211.31,2.0,105.655
92.0,39236.0,1.0,150.2,1.0,150.2
39236.0,5.0,3.0,69.9,1.0,69.9
5.0,49.0,3.0,73.03,3.0,24.343333333333334
49.0,99.0,1.0,126.11,0.0,252.22
99.0,39236.0,1.0,126.68,3.0,42.22666666666667
39236.0,2552.0,2.0,33.14,2278.5,0.01542830540037244
2552.0,5.0,2.0,102.73,1096.0,102.73
2552.0,13.0,1.0,11.52,4165.0,0.0027659063625450177
13.0,88.0,1.0,22.87,1812.0,0.012621412803532009
88.0,39236.0,1.0,21.81,3.0,7.27
39236.0,95.0,2.0,31.49,4335.0,15.745
99.0,32.0,3.0,27.73,3488.3333333333335,0.016140861466821886
32.0,120.0,3.0,54.21,1994.0,0.05464717741935484
120.0,22.0,1.0,86.98,4916.0,0.017693246541903986
22.0,99.0,2.0,64.39,1640.5,0.06471356783919598
64102.0,5.0,1.0,51.2,7.0,7.314285714285715
5.0,92.0,2.0,160.5,1.0,160.5
92.0,64102.0,2.0,183.53,2.0,91.765
64102.0,88.0,3.0,63.96,5.666666666666667,15.99
88.0,5.0,1.0,91.38,3.0,30.459999999999997
64102.0,95.0,1.0,27.07,5988.0,0.004520708082832331
32.0,22.0,6.0,88.88,1039.0,44.44
22.0,33.0,2.0,24.53,143.5,4.088333333333334
33.0,120.0,1.0,88.04,41.0,2.147317073170732
120.0,5.0,1.0,44.14,295.0,0.1496271186440678
5.0,22.0,2.0,121.22,110.5,30.305
5.0,99.0,1.0,59.06,94.0,0.6282978723404256
99.0,32.0,4.0,27.73,254.25,3.9614285714285713
99.0,22.0,1.0,64.39,4940.0,0.013034412955465587
33.0,32.0,1.0,74.92,71.0,1.0552112676056338
33.0,84.0,1.0,130.17,38.0,3.4255263157894733
84.0,5.0,1.0,58.5,258.0,0.22674418604651161
5.0,99.0,4.0,59.06,185.5,14.765
5.0,88.0,4.0,91.38,6.5,30.459999999999997
54272.0,120.0,4.0,87.21,16.0,29.069999999999997
120.0,32.0,1.0,54.21,1.0,54.21
32.0,54272.0,1.0,81.87,2.0,40.935
120.0,95.0,1.0,73.6,1.0,73.6
95.0,54272.0,1.0,155.73,54.0,2.8838888888888885
99.0,120.0,1.0,40.56,1650.0,0.024581818181818184
120.0,105.0,1.0,146.43,504.0,0.2905357142857143
105.0,22.0,1.0,63.38,1002.0,0.06325349301397205
22.0,5.0,1.0,121.22,642.0,0.18881619937694705
5.0,120.0,3.0,44.14,4586.666666666667,0.4797826086956522
120.0,99.0,2.0,40.56,2004.5,0.05886792452830189
120.0,33.0,2.0,88.04,3520.0,0.15311304347826088
120.0,22.0,2.0,86.98,1575.0,0.08654726368159205
22.0,33.0,2.0,24.53,6.5,4.088333333333334
22.0,99.0,1.0,64.39,12.0,5.365833333333334
99.0,32.0,1.0,27.73,57.0,0.4864912280701754
32.0,22.0,3.0,88.88,5.0,44.44
101.0,84.0,6.0,29.03,1666.1666666666667,5.806
101.0,5.0,1.0,82.63,462.0,0.17885281385281385
5.0,84.0,3.0,58.5,642.0,58.5
5.0,99.0,2.0,59.06,449.0,29.53
66.0,99.0,1.0,266.73,103.0,2.589611650485437
99.0,22.0,1.0,64.39,2427.0,0.0265306963329213
22.0,33.0,3.0,24.53,6.333333333333333,4.088333333333334
33.0,66.0,1.0,211.28,66.0,3.201212121212121
9048.0,88.0,2.0,72.81,55.5,9.10125
9048.0,99.0,1.0,77.41,601.0,0.12880199667221298
99.0,33.0,1.0,55.62,299.0,0.1860200668896321
33.0,22.0,1.0,24.53,8.0,3.06625
96.0,22.0,1.0,150.17,47.0,3.195106382978723
22.0,120.0,2.0,86.98,77.5,1.3590625
22.0,66.0,1.0,210.79,84.0,2.509404761904762
66.0,96.0,4.0,64.72,133.0,4.978461538461539
120.0,10312.0,21.0,36.66,78.23809523809524,9.165
10312.0,105.0,8.0,114.61,119.25,28.6525
10312.0,32.0,4.0,33.16,35.75,16.58
120.0,70717.0,2.0,70.25,1183.5,17.5625
70717.0,22.0,2.0,20.63,2439.0,0.04831381733021077
120.0,33.0,1.0,88.04,3778.0,0.023303335097935418
33.0,70717.0,1.0,20.37,1098.0,0.01855191256830601
95.0,45686.0,1.0,59.73,6.0,9.955
45686.0,13.0,28.0,129.28,36.785714285714285,258.56
45686.0,5.0,2.0,25.64,4027.5,0.2913636363636364
9048.0,49.0,2.0,62.64,32.5,20.88
9048.0,120.0,1.0,56.3,75.0,0.7506666666666666
120.0,5.0,1.0,44.14,40402.0,0.0010925201722686996
5.0,32.0,1.0,48.84,499.0,0.09787575150300602
95.0,59121.0,3.0,60.88,1732.6666666666667,2.254814814814815
59121.0,32446.0,60.0,50.33,10.3,16.776666666666667
59121.0,105.0,76.0,153.55,461.92105263157896,307.1
59121.0,32.0,2.0,27.07,4.0,27.07
59121.0,5.0,1.0,21.81,2387.0,0.009136992040217846
5.0,95.0,1.0,39.38,3052.0,0.012903014416775885
95.0,33193.0,1.0,23.77,6.0,3.9616666666666664
33193.0,13.0,1.0,91.77,2108.0,0.04353415559772296
13.0,95.0,1.0,76.05,2666.0,0.02852588147036759
75892.0,57354.0,1.0,12.04,1834.0,0.006564885496183206
57354.0,95.0,2.0,83.16,84.5,6.93
57354.0,29813.0,9.0,22.36,24.11111111111111,7.453333333333333
29813.0,120.0,5.0,29.95,13.4,7.4875
120.0,5.0,2.0,44.14,3.5,14.713333333333333
5.0,8318.0,6.0,54.66,5.5,18.22
8318.0,120.0,7.0,36.95,30.142857142857142,18.475
29230.0,25121.0,1.0,16.0,73.0,0.2191780821917808
25121.0,105.0,8.0,87.99,105.75,2.587941176470588
25121.0,80824.0,1.0,7.81,26.0,0.30038461538461536
80824.0,105.0,10.0,81.41,142.9,5.8149999999999995
80824.0,63927.0,2.0,23.35,15.0,2.5944444444444446
63927.0,33.0,1.0,43.65,78.0,0.5596153846153846
33.0,80824.0,1.0,26.64,82.0,0.3248780487804878
63927.0,38585.0,1.0,23.35,469.0,0.04978678038379531
38585.0,80824.0,2.0,0.0,161.5,0.0
38585.0,105.0,5.0,81.41,124.2,11.629999999999999
105.0,120.0,3.0,146.43,131.33333333333334,48.81
120.0,33.0,2.0,88.04,156.0,0.7043200000000001
120.0,38585.0,3.0,65.67,151.0,6.567
38585.0,33.0,2.0,26.64,45.5,1.210909090909091
95.0,9048.0,1.0,20.55,6.0,3.4250000000000003
9048.0,13.0,4.0,95.68,88.0,47.84
9048.0,84.0,5.0,65.56,78.2,5.463333333333334
84.0,22.0,1.0,146.05,117.0,1.2482905982905983
22.0,9048.0,3.0,138.33,121.33333333333333,23.055000000000003
9048.0,5.0,2.0,18.86,2161.0,37.72
95.0,5.0,36.0,39.38,427.3611111111111,9.845
95.0,13.0,4.0,76.05,5.25,19.0125
13.0,5.0,4.0,114.24,625.25,114.24
95.0,22.0,5.0,157.9,7.8,315.8
22.0,5.0,1.0,121.22,6.0,20.203333333333333
5.0,88.0,3.0,91.38,1028.0,18.276
88.0,95.0,2.0,53.3,1.0,53.3
84.0,101.0,12.0,29.03,489.1666666666667,0.5092982456140351
84.0,95.0,1.0,76.73,2422.0,0.03168042939719241
95.0,5.0,1.0,39.38,6.0,6.5633333333333335
88.0,49.0,2.0,82.73,1848.5,11.81857142857143
88.0,95.0,1.0,53.3,0.0,106.6
95.0,49.0,2.0,55.08,39.5,18.36
95.0,5.0,3.0,39.38,300.0,7.876
5.0,33.0,3.0,114.67,2.0,57.335
33.0,22.0,4.0,24.53,5.25,6.1325
22.0,95.0,2.0,157.9,2.0,78.95
33.0,32.0,1.0,74.92,2.0,37.46
32.0,22.0,1.0,88.88,2.0,44.44
95.0,32.0,2.0,87.51,8.0,21.8775
32.0,120.0,6.0,54.21,154.83333333333334,9.035
120.0,22.0,1.0,86.98,174.0,0.4998850574712644
22.0,32.0,5.0,88.88,1681.4,0.2751702786377709
95.0,120.0,1.0,73.6,1915.0,0.038433420365535244
23449.0,33.0,5.0,55.85,66.0,13.9625
23449.0,32.0,2.0,38.55,6.5,12.85
23449.0,120.0,6.0,33.57,46.833333333333336,8.3925
23449.0,105.0,1.0,114.96,61.0,1.884590163934426
105.0,33.0,1.0,59.19,0.0,118.38
95.0,45686.0,3.0,59.73,1762.3333333333333,0.07911258278145696
45686.0,13.0,10.0,129.28,311.4,258.56
45686.0,99.0,8.0,40.62,51.875,40.62
95.0,63962.0,1.0,79.44,524.0,0.1516030534351145
63962.0,39006.0,2.0,80.28,3416.5,10.035
63962.0,85283.0,5.0,32.76,14.4,16.38
85283.0,22.0,4.0,110.04,6.75,55.02
85283.0,39006.0,3.0,50.54,2669.3333333333335,0.13405835543766578
39006.0,22.0,16.0,158.92,63.6875,52.97333333333333
39006.0,13.0,4.0,71.35,10.0,23.78333333333333
85283.0,13.0,2.0,120.58,6.5,24.116
95.0,32446.0,1.0,30.62,424.0,0.07221698113207548
32446.0,64102.0,1.0,19.7,158.0,0.12468354430379747
64102.0,76942.0,1.0,95.78,1724.0,0.05555684454756381
76942.0,105.0,4.0,129.49,1573.75,2.3979629629629633
76942.0,13461.0,1.0,16.16,14.0,1.1542857142857144
13461.0,36727.0,458.0,38.95,16.406113537117903,77.9
13461.0,60396.0,670.0,29.73,12.711940298507463,29.73
36727.0,60396.0,503.0,9.85,14.055666003976143,19.7
13461.0,84.0,22.0,86.51,22.727272727272727,173.02
60396.0,105.0,17.0,142.27,16.764705882352942,284.54
105.0,36727.0,12.0,151.96,13.5,75.98
60396.0,84.0,16.0,63.62,17.125,12.724
84.0,36727.0,19.0,61.18,12.894736842105264,15.295
13461.0,105.0,18.0,113.52,37.22222222222222,56.76
60396.0,88.0,2.0,121.69,19.5,40.56333333333333
105.0,84.0,1.0,182.02,7.0,26.002857142857145
101.0,88.0,1.0,132.74,17886.0,0.007421446941742145
88.0,13.0,1.0,22.87,11813.0,0.0019360027088800476
13.0,95.0,3.0,76.05,5.666666666666667,19.0125
95.0,92.0,1.0,156.67,548.0,0.28589416058394157
92.0,49.0,1.0,211.31,1999.0,0.10570785392696348
49.0,5.0,1.0,73.03,556.0,0.13134892086330935
5.0,101.0,2.0,82.63,7043.5,2.849310344827586
101.0,84.0,3.0,29.03,70.66666666666667,4.838333333333334
84.0,5.0,7.0,58.5,35.857142857142854,14.625
5.0,26858.0,8.0,64.81,64.5,32.405
26858.0,99.0,2.0,121.72,3.0,243.44
5.0,99.0,2.0,59.06,117.0,14.765
26858.0,49.0,6.0,65.32,1661.3333333333333,13.063999999999998
49.0,101.0,3.0,54.17,1087.3333333333333,9.028333333333334
26858.0,13.0,8.0,49.67,111.5,99.34
49.0,84.0,2.0,60.58,475.5,0.246260162601626
5.0,66331.0,4.0,15.6,5010.75,5.2
5.0,64018.0,1.0,6.03,573.0,0.010523560209424083
64018.0,80101.0,11.0,78.64,55.63636363636363,157.28
64018.0,66331.0,4.0,15.81,6.25,5.2700000000000005
66331.0,80101.0,6.0,63.41,4.666666666666667,21.136666666666667
80101.0,5.0,1.0,76.1,212.0,0.35896226415094334
5.0,99.0,6.0,59.06,144.5,19.686666666666667
5.0,22.0,2.0,121.22,12.5,60.61
5.0,67492.0,1.0,67.65,231.0,0.29285714285714287
67492.0,36869.0,309.0,51.4,34.96440129449838,102.8
67492.0,105.0,3.0,108.71,1471.6666666666667,2.013148148148148
36869.0,105.0,1.0,59.29,1351.0,0.0438860103626943
36869.0,22.0,1.0,11.19,4343.0,0.0025765599815795533
22.0,67492.0,1.0,53.6,47.0,1.1404255319148937
67492.0,33.0,1.0,49.69,2958.0,0.016798512508451657
33.0,36869.0,1.0,13.42,183.0,0.07333333333333333
36869.0,65149.0,1070.0,42.43,12.821495327102804,84.86
65149.0,67492.0,177.0,11.05,13.55367231638418,22.1
88.0,32.0,3.0,140.16,733.6666666666666,280.32
32.0,99.0,2.0,27.73,4350.0,0.10665384615384615
99.0,95.0,1.0,97.82,2048.0,0.047763671875
95.0,32.0,9.0,87.51,1409.6666666666667,14.585
32.0,5.0,23.0,48.84,496.95652173913044,16.28
32.0,120.0,1.0,54.21,17.0,3.188823529411765
120.0,5.0,1.0,44.14,4.0,11.035
88.0,5.0,1.0,91.38,7.0,13.054285714285713
5.0,63927.0,2.0,75.51,2.0,151.02
5.0,67350.0,7.0,67.31,129.14285714285714,16.8275
67350.0,25121.0,1.0,29.61,10.0,2.961
25121.0,32.0,9.0,61.35,8.777777777777779,122.7
99.0,9048.0,1.0,77.41,162.0,0.4778395061728395
9048.0,32.0,2.0,67.38,568.0,0.3785393258426966
9048.0,88.0,4.0,72.81,258.0,14.562000000000001
9048.0,120.0,2.0,56.3,144.0,11.26
9048.0,95.0,1.0,20.55,2850.0,0.007210526315789474
95.0,33.0,2.0,153.3,1.0,153.3
33.0,32.0,1.0,74.92,5.0,14.984
88.0,95.0,1.0,53.3,7.0,7.614285714285714
33.0,88.0,1.0,201.51,5.0,40.302
88.0,13397.0,1.0,169.97,0.0,339.94
13397.0,64620.0,11.0,43.68,3.8181818181818183,43.68
64620.0,80081.0,9.0,14.32,3.111111111111111,28.64
80081.0,13397.0,4.0,57.87,7.75,115.74
80081.0,32.0,4.0,39.7,2.5,39.7
80081.0,25121.0,1.0,63.13,7.0,9.018571428571429
25121.0,13397.0,4.0,24.04,3.25,48.08
95.0,25121.0,2.0,127.95,4.0,127.95
25121.0,29230.0,1.0,16.0,21.0,0.7619047619047619
29230.0,54272.0,3.0,43.68,6.0,8.736
54272.0,32.0,2.0,81.87,6.5,163.74
29230.0,95.0,7.0,116.21,6.285714285714286,116.21
54272.0,95.0,1.0,155.73,7.0,22.247142857142855
29230.0,32.0,2.0,60.0,4.5,15.0
29230.0,88.0,1.0,160.0,343.0,0.46647230320699706
88.0,58086.0,2.0,2.88,12.5,5.76
58086.0,95.0,1.0,50.59,11092.0,0.004560944825099171
95.0,88.0,1.0,53.3,4404.0,0.012102633969118983
58086.0,5.0,4.0,88.83,123.0,22.2075
95.0,9048.0,1.0,20.55,28980.0,0.0007091097308488613
9048.0,22.0,4.0,138.33,283.25,34.5825
9048.0,63110.0,3.0,39.12,4899.666666666667,0.29194029850746267
63110.0,88.0,2.0,109.92,206.5,0.8936585365853659
63110.0,22.0,2.0,100.36,814.0,0.3379124579124579
63110.0,33.0,1.0,93.87,24.0,3.9112500000000003
64102.0,22.0,2.0,172.16,6.5,28.69333333333333
64102.0,5.0,2.0,51.2,39.0,1.7655172413793105
64102.0,95.0,2.0,27.07,5439.0,0.10063197026022305
95.0,64102.0,1.0,27.07,12402.0,0.0021827124657313336
64102.0,88.0,3.0,63.96,1487.0,12.792
88.0,95.0,1.0,53.3,4805.0,0.011092611862643079
95.0,23449.0,1.0,98.54,1592.0,0.061896984924623116
23449.0,51034.0,1.0,37.64,5.0,7.5280000000000005
51034.0,88.0,2.0,112.44,2.5,112.44
51034.0,120.0,2.0,28.82,2.5,14.41
51034.0,59287.0,1.0,48.92,91.0,0.5375824175824176
59287.0,120.0,2.0,68.02,13.0,6.802
59287.0,64102.0,1.0,25.81,38117.0,0.0006771256919484744
33.0,99.0,1.0,55.62,10223.0,0.0054406729922723265
99.0,120.0,1.0,40.56,9550.0,0.004247120418848168
120.0,54272.0,6.0,87.21,30.0,87.21
54272.0,99.0,4.0,59.51,1459.0,59.51
99.0,5.0,1.0,59.06,1706.0,0.0346189917936694
5.0,54272.0,3.0,117.96,1303.0,13.106666666666666
54272.0,105.0,6.0,59.57,20.5,29.785
54272.0,95.0,1.0,155.73,256.0,0.6083203125
95.0,120.0,1.0,73.6,17.0,4.329411764705882
99.0,105.0,1.0,114.55,9.0,12.727777777777778
105.0,96.0,1.0,88.97,7817.0,0.011381604195983113
96.0,84.0,1.0,264.4,365.0,0.7243835616438355
84.0,95.0,1.0,76.73,121.0,0.6341322314049587
32.0,105.0,1.0,130.85,3099.0,0.04222329783801226
105.0,43415.0,1.0,71.62,1282.0,0.05586583463338534
43415.0,33.0,2.0,13.18,3143.5,0.044228187919463084
43415.0,11790.0,1.0,25.3,384.0,0.06588541666666667
11790.0,58453.0,3.0,24.41,349.6666666666667,1.2847368421052632
58453.0,63927.0,1.0,20.12,3.0,6.706666666666667
63927.0,85793.0,11.0,13.15,107.45454545454545,1.315
85793.0,96699.0,12.0,29.41,243.91666666666666,2.450833333333333
85793.0,33.0,5.0,56.73,49.2,7.09125
85793.0,32.0,2.0,48.18,370.5,0.17713235294117646
33.0,13568.0,14.0,27.47,54.785714285714285,6.8675
13568.0,96699.0,36.0,52.33,114.47222222222223,104.66
33.0,96699.0,1.0,76.39,83.0,0.9203614457831325
13568.0,105.0,4.0,85.66,185.75,1.7481632653061223
105.0,96699.0,2.0,135.47,90.0,9.676428571428572
32.0,60297.0,5.0,69.84,658.2,0.8840506329113924
60297.0,120.0,2.0,73.94,12187.5,36.97
60297.0,5.0,12.0,104.45,17.25,104.45
32.0,120.0,2.0,54.21,6.5,18.07
60297.0,105.0,6.0,72.51,63.0,8.056666666666667
99.0,120.0,10.0,40.56,812.6,81.12
120.0,22.0,13.0,86.98,663.2307692307693,173.96
22.0,33.0,2.0,24.53,3079.0,6.1325
33.0,92842.0,1.0,23.09,195.0,0.1184102564102564
92842.0,54272.0,5.0,21.1,62.6,0.9590909090909091
92842.0,29230.0,2.0,24.02,26.0,1.7157142857142857
54272.0,29230.0,4.0,43.68,315.0,8.736
29230.0,13568.0,1.0,20.4,20.0,1.02
13568.0,87392.0,2.0,12.08,12.0,1.7257142857142858
13568.0,120.0,3.0,60.83,102.33333333333333,1.0138333333333334
13568.0,32.0,1.0,58.49,574.0,0.10189895470383276
32.0,105.0,2.0,130.85,197.0,0.7392655367231639
105.0,120.0,2.0,146.43,175.0,6.366521739130435
13568.0,70233.0,2.0,44.1,805.5,0.055125
13568.0,37427.0,1.0,20.25,13.0,1.5576923076923077
37427.0,41479.0,3.0,29.12,299.6666666666667,2.24
41479.0,32.0,2.0,62.63,19.5,4.473571428571429
41479.0,13568.0,1.0,9.06,92.0,0.09847826086956522
13568.0,99.0,3.0,33.38,1696.6666666666667,0.36681318681318686
13568.0,92842.0,1.0,6.4,1454.0,0.004401650618982118
92842.0,32.0,1.0,64.48,852.0,0.07568075117370893
32.0,29230.0,1.0,60.0,1448.0,0.04143646408839779
54272.0,13568.0,4.0,27.2,545.5,5.4399999999999995
99.0,33.0,30.0,55.62,6.966666666666667,11.123999999999999
120.0,33.0,4.0,88.04,22.75,44.02
99.0,105.0,2.0,114.55,16.5,11.455
105.0,13568.0,1.0,85.66,3.0,28.55333333333333
54272.0,32.0,1.0,81.87,144.0,0.5685416666666667
32.0,99.0,3.0,27.73,30.0,55.46
99.0,54272.0,11.0,59.51,66.81818181818181,119.02
120.0,54272.0,1.0,87.21,1.0,87.21
99.0,22.0,4.0,64.39,10.0,32.195
22.0,105.0,3.0,63.38,72.66666666666667,6.338
120.0,32.0,9.0,54.21,175.55555555555554,0.9856363636363636
32.0,22.0,3.0,88.88,103.66666666666667,2.3389473684210524
32.0,33.0,1.0,74.92,477.0,0.15706498951781972
99.0,8318.0,3.0,4.53,7926.0,2.265
8318.0,22.0,1.0,68.16,6457.0,0.010555985751897165
22.0,32.0,1.0,88.88,2436.0,0.036486042692939244
32.0,8318.0,2.0,26.39,1484.0,0.2562135922330097
8318.0,120.0,2.0,36.95,71.5,18.475
32.0,120.0,1.0,54.21,334.0,0.16230538922155688
99.0,22.0,3.0,64.39,10080.333333333334,0.04026891807379612
22.0,105.0,2.0,63.38,6568.5,0.035950085082246175
22.0,5.0,2.0,121.22,1836.5,0.2852235294117647
99.0,8318.0,24.0,4.53,889.9583333333334,9.06
8318.0,32.0,2.0,26.39,2620.0,0.406
8318.0,84.0,2.0,81.98,931.0,9.10888888888889
8318.0,5.0,1.0,54.66,2512.0,0.021759554140127386
5.0,99.0,1.0,59.06,95.0,0.6216842105263158
8318.0,57354.0,1.0,18.03,1553.0,0.011609787508048938
57354.0,84.0,2.0,87.62,4.0,29.206666666666667
57354.0,85503.0,2.0,43.57,1.5,43.57
57354.0,64068.0,1.0,72.47,9.0,8.052222222222222
64068.0,120.0,1.0,87.74,2.0,43.87
120.0,85503.0,18.0,58.62,4.5,117.24
85503.0,95.0,7.0,126.34,7.571428571428571,63.17
95.0,120.0,1.0,73.6,3.0,24.53333333333333
85503.0,105.0,3.0,87.89,420.3333333333333,87.89
105.0,8318.0,6.0,119.02,3.0,238.04
8318.0,22.0,8.0,68.16,2.125,136.32
22.0,105.0,11.0,63.38,27.363636363636363,21.12666666666667
22.0,95.0,3.0,157.9,8.0,19.7375
95.0,105.0,4.0,212.35,2.0,106.175
8318.0,95.0,1.0,93.33,7.0,13.332857142857142
99.0,95.0,1.0,97.82,21244.0,0.0046045942383731876
95.0,22.0,1.0,157.9,5087.0,0.031039905641832122
22.0,32.0,1.0,88.88,10803.0,0.008227344256225122
32.0,8318.0,1.0,26.39,286.0,0.09227272727272727
8318.0,33.0,1.0,60.04,45.0,1.3342222222222222
33.0,57354.0,1.0,72.0,7.0,10.285714285714286
57354.0,22.0,2.0,74.75,3380.0,0.71875
57354.0,42740.0,4.0,20.62,3.75,41.24
42740.0,60633.0,1.0,48.88,6.0,8.146666666666667
60633.0,57354.0,1.0,37.2,6.0,6.2
42740.0,95.0,2.0,96.42,6.5,16.07
42740.0,8318.0,1.0,3.16,2083.0,0.001517042726836294
8318.0,120.0,19.0,36.95,62.26315789473684,36.95
8318.0,95.0,8.0,93.33,6.125,31.11
84.0,105.0,2.0,182.02,788.0,0.45166253101736975
84.0,33.0,2.0,130.17,822.0,0.4172115384615384
84.0,5.0,6.0,58.5,10.833333333333334,9.75
84.0,88.0,2.0,126.06,6.5,126.06
88.0,22.0,2.0,202.54,6.5,101.27
5.0,95.0,3.0,39.38,12.0,3.938
5.0,22.0,7.0,121.22,11.857142857142858,40.406666666666666
22.0,84.0,3.0,146.05,25.0,48.68333333333334
22.0,120.0,5.0,86.98,23.8,43.49
5.0,120.0,5.0,44.14,5.6,88.28
22.0,32.0,2.0,88.88,6.5,29.626666666666665
22.0,33.0,5.0,24.53,9.8,4.088333333333334
33.0,5.0,3.0,114.67,2.0,57.335
95.0,33.0,1.0,153.3,1.0,153.3
33.0,105.0,1.0,59.19,18.0,3.288333333333333
105.0,120.0,1.0,146.43,143.0,1.023986013986014
22.0,105.0,2.0,63.38,19.0,7.042222222222223
120.0,84.0,1.0,95.0,32.0,2.96875
105.0,93197.0,1.0,43.72,0.0,87.44
93197.0,5.0,6.0,131.49,4.333333333333333,262.98
93197.0,99.0,2.0,72.48,180.5,0.9174683544303798
93197.0,120.0,2.0,102.73,21.0,7.3378571428571435
99.0,95.0,1.0,97.82,4639.0,0.021086441043328304
95.0,5.0,2.0,39.38,14063.0,0.0049237309327331835
95.0,22.0,1.0,157.9,540.0,0.2924074074074074
22.0,9048.0,3.0,138.33,205.33333333333334,34.5825
9048.0,49.0,3.0,62.64,317.0,0.3939622641509434
9048.0,88.0,8.0,72.81,58.875,14.562000000000001
95.0,9048.0,1.0,20.55,4125.0,0.004981818181818182
9048.0,5.0,1.0,18.86,7998.0,0.0023580895223805952
5.0,3236.0,1.0,54.13,151.0,0.358476821192053
3236.0,92.0,2.0,148.74,687.0,0.42135977337110486
3236.0,69143.0,3.0,101.24,5342.0,0.033803005008347244
69143.0,84.0,2.0,90.35,366.0,0.7856521739130434
69143.0,13568.0,7.0,39.12,7.0,39.12
13568.0,33.0,6.0,27.47,839.6666666666666,5.494
33.0,69143.0,1.0,65.3,4.0,16.325
13568.0,120.0,1.0,60.83,1.0,60.83
120.0,33.0,1.0,88.04,7.0,12.577142857142858
69143.0,9048.0,1.0,70.01,10858.0,0.006447780438386444
9048.0,49.0,2.0,62.64,91.0,1.08
95.0,5.0,4.0,39.38,4177.25,0.016470096194061062
95.0,22.0,1.0,157.9,217.0,0.7276497695852535
22.0,9048.0,1.0,138.33,239.0,0.5787866108786611
9048.0,5.0,1.0,18.86,15251.0,0.001236640220313422
5.0,48812.0,1.0,41.32,458.0,0.09021834061135371
48812.0,26858.0,2.0,23.54,1620.0,0.016886657101865137
48812.0,88.0,4.0,50.3,488.0,8.383333333333333
48812.0,95.0,1.0,5.07,2109.0,0.00240398293029872
95.0,88.0,2.0,53.3,65.5,7.614285714285714
54272.0,96.0,2.0,148.09,670.0,1.9745333333333335
54272.0,105.0,2.0,59.57,488.0,0.6337234042553191
54272.0,22.0,1.0,12.05,2749.0,0.004383412149872681
9048.0,22.0,1.0,138.33,19860.0,0.0069652567975830824
22.0,99.0,2.0,64.39,253.5,64.39
99.0,88.0,3.0,147.2,4368.666666666667,294.4
88.0,23449.0,1.0,145.7,4230.0,0.034444444444444444
23449.0,79123.0,5.0,31.91,6.0,7.9775
79123.0,9048.0,2.0,48.88,75.5,16.293333333333333
79123.0,69143.0,7.0,25.3,46.0,8.433333333333334
69143.0,120.0,2.0,24.55,5.5,8.183333333333334
69143.0,84.0,2.0,90.35,447.5,4.755263157894737
69143.0,5.0,1.0,53.22,3007.0,0.017698703026272033
5.0,99.0,3.0,59.06,24.333333333333332,14.765
5.0,22.0,3.0,121.22,5.333333333333333,40.406666666666666
22.0,88.0,2.0,202.54,39.5,202.54
88.0,5.0,1.0,91.38,10.0,9.138
88.0,95.0,2.0,53.3,32.5,8.883333333333333
95.0,9048.0,2.0,20.55,18607.0,0.0014688013723107712
95.0,88.0,1.0,53.3,31.0,1.7193548387096773
88.0,9048.0,1.0,72.81,3848.0,0.018921517671517674
9048.0,23064.0,1.0,21.02,1108.0,0.018971119133574008
23064.0,33.0,2.0,153.78,39.0,4.046842105263158
23064.0,11404.0,15.0,48.8,5.4,97.6
11404.0,94637.0,6.0,48.41,4.166666666666667,48.41
11404.0,23449.0,1.0,50.77,0.0,101.54
23449.0,94637.0,3.0,99.05,3.3333333333333335,198.1
88.0,95.0,1.0,53.3,447.0,0.1192393736017897
95.0,22.0,1.0,157.9,1061.0,0.14882186616399623
22.0,32.0,1.0,88.88,27.0,3.2918518518518516
32.0,99.0,3.0,27.73,12.666666666666666,2.3108333333333335
5.0,95.0,2.0,39.38,65.0,2.46125
5.0,49.0,2.0,73.03,162.5,0.8694047619047619
5.0,22.0,1.0,121.22,2450.0,0.04947755102040816
95.0,88.0,2.0,53.3,2316.0,0.030215419501133784
95.0,13.0,2.0,76.05,1236.5,0.5318181818181817
95.0,5.0,3.0,39.38,4552.666666666667,0.05921804511278196
23449.0,33.0,4.0,55.85,9.75,27.925
23449.0,5.0,1.0,61.31,24577.0,0.002494608780567197
5.0,99.0,1.0,59.06,212.0,0.27858490566037736
32.0,99.0,6.0,27.73,297.8333333333333,27.73
32.0,22.0,1.0,88.88,404.0,0.22
22.0,33.0,2.0,24.53,13.0,4.906000000000001
22.0,105.0,1.0,63.38,35.0,1.810857142857143
22.0,5.0,3.0,121.22,580.3333333333334,30.305
5.0,95.0,1.0,39.38,50.0,0.7876000000000001
95.0,22.0,2.0,157.9,1190.5,4.934375
95.0,84.0,1.0,76.73,10.0,7.673
84.0,5.0,2.0,58.5,5890.0,0.03155339805825243
5.0,99.0,1.0,59.06,4.0,14.765
99.0,120.0,1.0,40.56,1943.0,0.020874935666495113
120.0,5.0,1.0,44.14,5.0,8.828
5.0,95.0,5.0,39.38,457.6,13.126666666666667
95.0,88.0,2.0,53.3,6.5,8.883333333333333
5.0,99.0,3.0,59.06,25.0,14.765
99.0,95.0,3.0,97.82,1863.3333333333333,16.30333333333333
99.0,33.0,1.0,55.62,2815.0,0.019758436944937834
33.0,22.0,4.0,24.53,2139.5,3.5042857142857144
22.0,91636.0,1.0,32.09,480.0,0.06685416666666667
91636.0,33.0,6.0,32.92,399.3333333333333,6.5840000000000005
91636.0,13568.0,3.0,56.6,514.0,0.5549019607843138
13568.0,33.0,13.0,27.47,403.3076923076923,5.494
13568.0,105.0,10.0,85.66,317.7,21.415
105.0,33.0,2.0,59.19,116.5,59.19
22.0,99.0,3.0,64.39,243.66666666666666,64.39
84.0,5.0,2.0,58.5,17529.5,0.003873146186440678
84.0,95.0,2.0,76.73,10.5,19.1825
95.0,88.0,6.0,53.3,13.0,8.883333333333333
88.0,84.0,1.0,126.06,3.0,42.02
95.0,22.0,3.0,157.9,180.33333333333334,31.580000000000002
95.0,13.0,1.0,76.05,3.0,25.349999999999998
13.0,88.0,1.0,22.87,3.0,7.623333333333334
32.0,5.0,4.0,48.84,719.0,0.856842105263158
32.0,99.0,1.0,27.73,903.0,0.03070874861572536
99.0,22.0,1.0,64.39,92.0,0.6998913043478261
22.0,33.0,1.0,24.53,9.0,2.7255555555555557
33.0,99.0,1.0,55.62,226.0,0.24610619469026548
66.0,105.0,1.0,152.18,11.0,13.834545454545456
105.0,22.0,1.0,63.38,3.0,21.12666666666667
22.0,33.0,1.0,24.53,8.0,3.06625
33.0,105.0,1.0,59.19,2.0,29.595
105.0,120.0,1.0,146.43,10.0,14.643
120.0,95.0,1.0,73.6,14.0,5.257142857142857
95.0,5.0,1.0,39.38,1.0,39.38
5.0,99.0,1.0,59.06,12.0,4.921666666666667
99.0,95.0,1.0,97.82,0.0,195.64
95.0,13.0,1.0,76.05,8.0,9.50625
120.0,22.0,2.0,86.98,533.5,0.8205660377358491
120.0,5.0,2.0,44.14,969.0,0.13750778816199377
120.0,105.0,2.0,146.43,1380.0,0.12101652892561984
8318.0,32.0,2.0,26.39,3010.0,0.05331313131313131
32.0,5.0,19.0,48.84,389.89473684210526,16.28
5.0,8318.0,1.0,54.66,66.0,0.8281818181818181
8318.0,99.0,6.0,4.53,3.0,9.06
8318.0,22.0,2.0,68.16,6.5,68.16
33.0,13568.0,7.0,27.47,7.857142857142857,5.494
33.0,105.0,2.0,59.19,1.0,59.19
105.0,13568.0,2.0,85.66,4.0,21.415
66.0,96.0,1.0,64.72,2.0,32.36
96.0,33.0,1.0,148.12,19.0,7.795789473684211
33.0,105.0,1.0,59.19,1.0,59.19
105.0,5.0,1.0,173.49,13.0,13.345384615384615
5.0,88.0,1.0,91.38,3.0,30.459999999999997
88.0,95.0,1.0,53.3,8.0,6.6625
95.0,5.0,1.0,39.38,3.0,13.126666666666667
5.0,13.0,1.0,114.24,1.0,114.24
13.0,88.0,2.0,22.87,6.5,22.87
95.0,5.0,1.0,39.38,3.0,13.126666666666667
5.0,22.0,2.0,121.22,2.0,60.61
22.0,95.0,1.0,157.9,8.0,19.7375
95.0,105.0,1.0,212.35,2.0,106.175
105.0,88.0,1.0,260.65,1.0,260.65
88.0,5.0,2.0,91.38,5.0,182.76
5.0,120.0,1.0,44.14,0.0,88.28
120.0,88.0,1.0,115.57,3.0,38.52333333333333
22.0,88.0,1.0,202.54,1.0,202.54
88.0,84.0,1.0,126.06,54.0,2.3344444444444443
84.0,95.0,1.0,76.73,1554.0,0.049375804375804376
22.0,95.0,2.0,157.9,3689.0,0.7413145539906103
95.0,5.0,2.0,39.38,2106.0,0.019729458917835674
22.0,49.0,1.0,190.46,144.0,1.322638888888889
49.0,9048.0,1.0,62.64,64.0,0.97875
9048.0,99.0,2.0,77.41,58.5,1.6127083333333332
9048.0,22.0,5.0,138.33,1228.0,46.11000000000001
22.0,99.0,1.0,64.39,12936.0,0.004977581941867656
99.0,120.0,1.0,40.56,1453.0,0.02791465932553338
120.0,105.0,1.0,146.43,2829.0,0.051760339342523866
105.0,5.0,2.0,173.49,1162.0,0.33172084130019125
5.0,120.0,5.0,44.14,174.2,1.2982352941176472
120.0,22.0,1.0,86.98,693.0,0.12551226551226552
22.0,5.0,3.0,121.22,80.33333333333333,40.406666666666666
5.0,99.0,2.0,59.06,82.0,1.2304166666666667
105.0,22.0,1.0,63.38,1602.0,0.03956304619225968
22.0,33.0,2.0,24.53,96.0,0.3144871794871795
33.0,5.0,2.0,114.67,2264.5,2.5482222222222224
22.0,88.0,1.0,202.54,11954.0,0.016943282583235738
88.0,95.0,9.0,53.3,858.5555555555555,17.766666666666666
95.0,92.0,2.0,156.67,3069.5,0.08533224400871459
95.0,88.0,1.0,53.3,6821.0,0.00781410350388506
88.0,5.0,2.0,91.38,4366.0,0.031102791014295438
5.0,9048.0,2.0,18.86,133.5,37.72
9048.0,88.0,3.0,72.81,1582.0,0.1516875
9048.0,22.0,2.0,138.33,682.0,0.795
32.0,88.0,1.0,140.16,2587.0,0.05417858523386161
88.0,105.0,1.0,260.65,6323.0,0.04122252095524276
105.0,5.0,1.0,173.49,1801.0,0.09632981676846197
5.0,95.0,2.0,39.38,1283.5,0.1121937321937322
5.0,32.0,1.0,48.84,1929.0,0.02531881804043546
32.0,95.0,1.0,87.51,5656.0,0.015472065063649223
32.0,22.0,3.0,88.88,2839.6666666666665,0.20669767441860465
22.0,5.0,1.0,121.22,263.0,0.4609125475285171
5.0,99.0,1.0,59.06,209.0,0.28258373205741627
99.0,95.0,1.0,97.82,725.0,0.13492413793103447
95.0,32.0,3.0,87.51,455.0,8.751000000000001
99.0,33.0,1.0,55.62,1913.0,0.029074751698902248
33.0,22.0,1.0,24.53,6558.0,0.0037404696553827387
22.0,99.0,1.0,64.39,513.0,0.12551656920077972
99.0,120.0,1.0,40.56,7334.0,0.005530406326697573
22.0,33.0,1.0,24.53,325.0,0.07547692307692308
33.0,99.0,1.0,55.62,117.0,0.47538461538461535
99.0,105.0,1.0,114.55,571.0,0.20061295971978985
105.0,32.0,1.0,130.85,613.0,0.21345840130505708
32.0,22.0,1.0,88.88,989.0,0.0898685540950455
88.0,63962.0,1.0,124.73,16.0,7.795625
63962.0,99.0,22.0,27.65,69.81818181818181,27.65
63962.0,13.0,2.0,146.69,286.5,2.7164814814814813
88.0,1652.0,1.0,77.14,3.0,25.713333333333335
1652.0,47028.0,4.0,105.95,6041.75,211.9
1652.0,49.0,2.0,137.43,3.5,68.715
1652.0,8814.0,7.0,80.21,7.285714285714286,80.21
8814.0,49.0,14.0,61.76,8.0,123.52
8814.0,26858.0,3.0,33.24,3717.6666666666665,0.011102204408817635
8814.0,88.0,2.0,59.84,5137.0,119.68
8814.0,13.0,4.0,82.71,90.75,165.42
8814.0,22.0,2.0,148.58,214.5,297.16
26858.0,92.0,10.0,150.18,3.3,150.18
5.0,13092.0,1.0,21.08,1.0,21.08
13092.0,2894.0,3.0,102.65,3.3333333333333335,205.3
13092.0,13461.0,345.0,77.23,19.10144927536232,154.46
13461.0,36727.0,796.0,38.95,14.819095477386934,77.9
36727.0,13092.0,562.0,38.83,13.877224199288257,77.66
13092.0,60396.0,586.0,47.51,10.696245733788396,95.02
60396.0,36727.0,1231.0,9.85,10.442729488220959,19.7
13461.0,60396.0,827.0,29.73,16.746070133010882,59.46
60396.0,2894.0,3.0,55.8,8.333333333333334,111.6
2894.0,36727.0,4.0,65.46,0.75,130.92
13461.0,2894.0,2.0,27.31,20.0,9.103333333333333
13092.0,105.0,31.0,188.6,8.258064516129032,377.2
105.0,36727.0,36.0,151.96,14.0,303.92
105.0,60396.0,40.0,142.27,17.725,284.54
105.0,13461.0,25.0,113.52,4.56,113.52
13461.0,32.0,7.0,29.94,24.0,7.485
32.0,60396.0,3.0,22.35,11.333333333333334,3.192857142857143
60396.0,84.0,11.0,63.62,16.454545454545453,127.24
36727.0,84.0,10.0,61.18,8.3,61.18
13461.0,84.0,12.0,86.51,35.5,21.6275
84.0,13092.0,3.0,45.91,4.333333333333333,45.91
36727.0,32.0,5.0,30.15,6.0,7.5375
32.0,13092.0,1.0,59.0,6.0,9.833333333333334
5.0,33222.0,1.0,77.52,3.0,25.84
33222.0,6572.0,13.0,8.0,25.53846153846154,1.6
6572.0,91636.0,20.0,63.6,20.5,21.2
91636.0,33222.0,40.0,70.18,8.6,35.09
95.0,69143.0,1.0,89.66,8163.0,0.01098370697047654
69143.0,9048.0,3.0,70.01,21826.666666666668,8.75125
69143.0,88.0,2.0,136.3,6.0,27.26
71721.0,30620.0,3.0,63.79,10.666666666666666,21.263333333333332
71721.0,23449.0,7.0,73.05,4.714285714285714,146.1
30620.0,9048.0,18.0,27.07,223.33333333333334,54.14
9048.0,71721.0,3.0,38.91,4.666666666666667,38.91
71721.0,120.0,2.0,67.87,6.5,33.935
71721.0,5.0,1.0,29.46,8160.0,0.0036102941176470588
5.0,22.0,1.0,121.22,5218.0,0.02323112303564584
22.0,120.0,2.0,86.98,2222.0,8.698
22.0,99.0,1.0,64.39,4827.0,0.013339548373731096
99.0,5.0,5.0,59.06,2216.6,7.3825
5.0,120.0,2.0,44.14,6.5,14.713333333333333
5.0,9048.0,1.0,18.86,117.0,0.1611965811965812
9048.0,120.0,2.0,56.3,19.5,3.51875
9048.0,23449.0,4.0,78.64,28.75,157.28
9048.0,99.0,2.0,77.41,13.0,19.3525
30620.0,95.0,2.0,10.78,4.0,21.56
30620.0,66331.0,3.0,53.67,4.333333333333333,107.34
66331.0,71721.0,1.0,41.44,13.0,3.1876923076923074
23449.0,120.0,6.0,33.57,25.666666666666668,5.595
23449.0,95.0,6.0,98.54,4.166666666666667,197.08
95.0,33.0,1.0,153.3,5.0,30.660000000000004
33.0,23449.0,1.0,55.85,7.0,7.978571428571429
23449.0,30620.0,4.0,101.55,13.0,16.925
95.0,64102.0,1.0,27.07,7771.0,0.00348346416162656
64102.0,88.0,2.0,63.96,6.0,15.99
64102.0,13.0,2.0,84.32,5.0,168.64
72974.0,39006.0,3.0,80.8,13.0,26.933333333333334
39006.0,63962.0,1.0,80.28,157.0,0.5113375796178344
63962.0,72974.0,2.0,4.24,25.5,1.4133333333333333
63962.0,13.0,2.0,146.69,19.5,11.283846153846154
84.0,5.0,3.0,58.5,174.0,2.25
5.0,9048.0,2.0,18.86,7.0,18.86
9048.0,84.0,5.0,65.56,2.8,131.12
84.0,99.0,1.0,84.36,5.0,16.872
99.0,88.0,1.0,147.2,2.0,73.6
88.0,9048.0,1.0,72.81,6.0,12.135
9048.0,23449.0,1.0,78.64,2.0,39.32
23449.0,1338.0,1.0,10.44,3.0,3.48
1338.0,3348.0,1.0,19.7,1.0,19.7
3348.0,88.0,1.0,156.71,1.0,156.71
88.0,1338.0,1.0,156.0,6.0,26.0
1338.0,9048.0,7.0,88.24,0.8571428571428571,176.48
84.0,1338.0,1.0,98.04,82.0,1.1956097560975611
1338.0,17414.0,8.0,12.0,1.5,12.0
1338.0,32.0,8.0,41.05,6.25,41.05
1338.0,29230.0,3.0,19.92,1.6666666666666667,19.92
29230.0,45024.0,11.0,31.26,1.6363636363636365,62.52
45024.0,5.0,4.0,104.45,21.75,104.45
45024.0,32.0,7.0,69.84,0.0,139.68
45024.0,9048.0,13.0,122.15,5.461538461538462,122.15
9048.0,120.0,1.0,56.3,4.0,14.075
120.0,45024.0,1.0,73.94,1.0,73.94
5.0,32.0,2.0,48.84,13.0,6.105
32.0,84.0,1.0,57.42,459.0,0.12509803921568627
5.0,51552.0,1.0,47.71,3554.0,0.013424310635903209
51552.0,49.0,6.0,39.82,6.166666666666667,13.273333333333333
51552.0,84.0,1.0,23.91,47968.0,0.0004984573048699133
54272.0,105.0,3.0,59.57,240.33333333333334,0.6693258426966292
105.0,75428.0,1.0,84.99,446.0,0.1905605381165919
75428.0,54272.0,6.0,28.32,256.5,0.4567741935483871
75428.0,120.0,2.0,62.3,195.5,0.6168316831683168
75428.0,22.0,1.0,34.13,387.0,0.08819121447028425
22.0,87392.0,3.0,39.12,335.6666666666667,0.4770731707317073
87392.0,33.0,1.0,27.02,975.0,0.02771282051282051
33.0,22.0,13.0,24.53,162.3846153846154,0.8458620689655173
33.0,13568.0,20.0,27.47,714.85,0.6699999999999999
13568.0,87392.0,3.0,12.08,70.66666666666667,1.3422222222222222
87392.0,41479.0,1.0,12.65,9.0,1.4055555555555557
41479.0,13568.0,2.0,9.06,1623.0,0.052369942196531793
41479.0,33.0,1.0,18.43,418.0,0.04409090909090909
13568.0,120.0,4.0,60.83,398.5,0.548018018018018
13568.0,22.0,3.0,31.02,2380.6666666666665,0.03916666666666667
120.0,33.0,2.0,88.04,198.5,0.5303614457831326
95.0,69143.0,1.0,89.66,9022.0,0.009937929505652848
69143.0,9048.0,2.0,70.01,5351.0,35.005
69143.0,89293.0,5.0,6.71,11.2,6.71
69143.0,105.0,5.0,124.36,3.2,124.36
89293.0,49081.0,1.0,29.07,3.0,9.69
49081.0,105.0,3.0,101.91,6.0,16.985
69143.0,49081.0,23.0,25.61,4.3478260869565215,51.22
49081.0,93095.0,2.0,69.35,2.0,138.7
49081.0,32.0,6.0,54.93,2.1666666666666665,109.86
32.0,69143.0,39.0,38.38,8.794871794871796,9.595
69143.0,13.0,4.0,158.41,270.5,158.41
69143.0,88.0,19.0,136.3,92.94736842105263,45.43333333333334
69143.0,99.0,9.0,16.78,6.555555555555555,8.39
99.0,88.0,1.0,147.2,2.0,73.6
69143.0,84.0,10.0,90.35,79.2,180.7
49081.0,120.0,1.0,44.67,3.0,14.89
120.0,54272.0,3.0,87.21,4.666666666666667,87.21
54272.0,69143.0,12.0,66.29,4.333333333333333,132.58
84.0,49.0,1.0,60.58,10.0,6.058
49.0,69143.0,5.0,124.62,151.0,124.62
54272.0,84.0,1.0,138.37,1.0,138.37
69143.0,33.0,10.0,65.3,32.1,21.766666666666666
69143.0,120.0,1.0,24.55,111.0,0.2211711711711712
120.0,32.0,1.0,54.21,101.0,0.5367326732673268
33.0,32.0,2.0,74.92,1.0,74.92
88.0,32.0,4.0,140.16,0.0,280.32
99.0,33.0,2.0,55.62,1.0,55.62
22.0,25405.0,1.0,93.27,7.0,13.324285714285713
25405.0,120.0,47.0,33.2,91.19148936170212,33.2
25405.0,54615.0,237.0,11.4,48.58227848101266,22.8
25405.0,5.0,23.0,29.61,72.65217391304348,9.87
5.0,54615.0,14.0,40.95,17.857142857142858,8.190000000000001
54615.0,120.0,5.0,33.95,68.0,67.9
120.0,88.0,3.0,115.57,187.33333333333334,23.113999999999997
88.0,54615.0,4.0,130.46,68.0,260.92
5.0,88.0,3.0,91.38,45.0,13.054285714285713
88.0,25405.0,28.0,119.77,45.392857142857146,119.77
5.0,120.0,3.0,44.14,203.33333333333334,11.035
95.0,48812.0,1.0,5.07,2496.0,0.00203125
48812.0,22.0,9.0,158.02,95.77777777777777,52.67333333333334
48812.0,32.0,4.0,89.94,2443.5,0.1597513321492007
48812.0,92.0,10.0,151.94,4.9,303.88
48812.0,99.0,9.0,98.92,423.22222222222223,197.84
48812.0,49.0,30.0,59.56,138.9,59.56
48812.0,54467.0,7.0,82.22,3.7142857142857144,164.44
54467.0,88243.0,4.0,28.84,3.25,57.68
88243.0,48812.0,123.0,68.41,90.4959349593496,68.41
48812.0,105.0,4.0,213.35,4.75,213.35
105.0,54467.0,1.0,133.96,2.0,66.98
105.0,88243.0,8.0,145.81,41.5,291.62
88243.0,84.0,42.0,80.59,9.071428571428571,161.18
48812.0,84.0,10.0,81.44,5.6,40.72
88243.0,37240.0,2.0,32.76,6.0,32.76
88243.0,35004.0,3.0,27.02,17.333333333333332,27.02
35004.0,105.0,1.0,122.85,0.0,245.7
88243.0,29230.0,14.0,48.27,8.285714285714286,96.54
29230.0,33.0,5.0,47.09,6.6,11.7725
33.0,105.0,1.0,59.19,6.0,9.865
88243.0,49.0,27.0,106.36,7.185185185185185,106.36
88243.0,33.0,4.0,86.65,5.0,28.883333333333336
33.0,32.0,1.0,74.92,1.0,74.92
32.0,88243.0,3.0,40.92,1430.3333333333333,6.82
84.0,33.0,6.0,130.17,5.0,32.5425
33.0,49.0,1.0,179.48,4.0,44.87
29230.0,84.0,17.0,115.98,4.764705882352941,231.96
84.0,99.0,2.0,84.36,328.0,0.6025714285714285
99.0,120.0,4.0,40.56,9.25,20.28
120.0,22.0,1.0,86.98,273.0,0.31860805860805863
22.0,32.0,1.0,88.88,995.0,0.08932663316582914
105.0,13.0,1.0,282.76,416.0,0.6797115384615384
13.0,88243.0,9.0,137.1,8.0,137.1
84.0,120.0,9.0,95.0,3.111111111111111,190.0
120.0,88243.0,8.0,14.72,90.125,14.72
120.0,48812.0,2.0,72.81,5.5,14.562000000000001
48812.0,13.0,6.0,73.15,4.833333333333333,24.383333333333336
33.0,48812.0,3.0,154.2,0.6666666666666666,308.4
88243.0,22.0,12.0,89.69,3.9166666666666665,89.69
49.0,22.0,1.0,190.46,5.0,38.092
49.0,13.0,4.0,99.52,4.0,199.04
99.0,32.0,1.0,27.73,1.0,27.73
88243.0,92.0,12.0,147.39,612.25,294.78
92.0,99.0,1.0,170.52,2012.0,0.08475149105367794
99.0,49.0,1.0,126.11,204.0,0.6181862745098039
99.0,88243.0,4.0,33.5,113.0,11.166666666666666
92.0,13.0,2.0,154.36,97.0,22.051428571428573
13.0,22.0,2.0,223.94,52.5,14.929333333333334
92.0,22.0,1.0,180.08,178.0,1.011685393258427
22.0,33.0,1.0,24.53,3.0,8.176666666666668
95.0,8318.0,1.0,93.33,23.0,4.0578260869565215
8318.0,72974.0,1.0,20.4,3.0,6.8
72974.0,65811.0,1.0,16.16,10.0,1.616
65811.0,99.0,52.0,32.76,395.0769230769231,65.52
65811.0,5.0,2.0,28.23,2053.0,0.017192448233861145
65811.0,99062.0,5.0,31.38,2.6,31.38
99062.0,99.0,3.0,1.4,1.0,1.4
65811.0,33.0,71.0,87.83,49.32394366197183,87.83
33.0,77738.0,1.0,112.25,8765.0,0.012806617227609812
77738.0,32.0,1.0,44.82,0.0,89.64
32.0,51286.0,1.0,13.93,362.0,0.038480662983425416
51286.0,84.0,1.0,70.98,1650.0,0.04301818181818182
84.0,65811.0,23.0,72.12,82.47826086956522,72.12
65811.0,51286.0,4.0,31.02,51.75,15.51
65811.0,88.0,29.0,114.46,67.27586206896552,228.92
88.0,99.0,1.0,147.2,13.0,11.323076923076922
65811.0,105.0,20.0,146.98,5.45,146.98
105.0,96372.0,4.0,93.97,16.5,15.661666666666667
96372.0,65811.0,8.0,55.36,4.25,55.36
22.0,80824.0,1.0,22.38,547.0,0.040914076782449724
80824.0,1214.0,133.0,36.4,109.95488721804512,7.279999999999999
80824.0,60297.0,33.0,10.2,154.93939393939394,20.4
60297.0,1214.0,143.0,28.3,52.60839160839161,56.6
1214.0,32.0,11.0,94.58,87.81818181818181,31.526666666666667
80824.0,32.0,1.0,68.37,174.0,0.3929310344827586
60297.0,32.0,2.0,69.84,26.0,2.91
33.0,93197.0,1.0,17.3,1889.0,0.009158284806776072
93197.0,96.0,3.0,132.55,468.6666666666667,6.6275
96.0,120.0,1.0,235.24,2606.0,0.09026861089792786
120.0,22.0,1.0,86.98,2206.0,0.039428830462375344
22.0,93197.0,1.0,23.5,26.0,0.9038461538461539
93197.0,120.0,22.0,102.73,30.136363636363637,102.73
93197.0,99.0,2.0,72.48,95.5,8.053333333333335
93197.0,5.0,2.0,131.49,271.0,6.5745000000000005
33.0,54112.0,3.0,31.45,4061.0,0.36149425287356324
54112.0,30732.0,2.0,6.71,13.0,2.236666666666667
54112.0,99.0,4.0,87.01,22.75,29.003333333333334
54112.0,32.0,2.0,105.77,32.5,7.555
54112.0,8318.0,22.0,91.4,51.5,91.4
101.0,77015.0,1.0,55.75,4112.0,0.013557879377431907
77015.0,51552.0,2.0,21.02,13903.5,42.04
77015.0,120.0,8.0,83.06,3.375,166.12
77015.0,22.0,5.0,156.71,0.2,313.42
120.0,88.0,1.0,115.57,8.0,14.44625
88.0,77015.0,1.0,81.95,4.0,20.4875
77015.0,95.0,4.0,34.67,5.5,69.34
95.0,22.0,1.0,157.9,1.0,157.9
120.0,95.0,1.0,73.6,12.0,6.133333333333333
77015.0,49.0,6.0,34.32,60.833333333333336,8.58
84.0,51552.0,1.0,23.91,192.0,0.12453125
51552.0,22.0,2.0,154.38,5929.5,0.4218032786885246
22.0,33.0,1.0,24.53,3.0,8.176666666666668
33.0,105.0,1.0,59.19,6.0,9.865
105.0,22.0,1.0,63.38,4.0,15.845
51552.0,101.0,2.0,36.58,1502.5,3.658
95.0,79155.0,1.0,24.18,15.0,1.6119999999999999
79155.0,88.0,2.0,47.43,2705.5,7.905
79155.0,49.0,5.0,78.46,7.4,39.23
79155.0,5.0,12.0,48.89,604.9166666666666,48.89
5.0,22.0,1.0,121.22,0.0,242.44
22.0,79155.0,1.0,155.14,12.0,12.928333333333333
79155.0,13.0,6.0,69.36,84.83333333333333,69.36
49.0,5.0,1.0,73.03,2.0,36.515
9048.0,88.0,5.0,72.81,1610.2,14.562000000000001
9048.0,22.0,5.0,138.33,358.8,69.165
88.0,5.0,1.0,91.38,7296.0,0.012524671052631579
5.0,22.0,2.0,121.22,1334.5,0.11622243528283796
5.0,95.0,1.0,39.38,5663.0,0.006953911354405792
95.0,22.0,1.0,157.9,2.0,78.95
9048.0,5.0,2.0,18.86,2336.0,0.014932699920823436
32.0,99.0,2.0,27.73,689.0,0.17775641025641026
32.0,95.0,4.0,87.51,81.25,9.723333333333334
95.0,22.0,1.0,157.9,2.0,78.95
22.0,32.0,5.0,88.88,492.4,8.888
32.0,120.0,5.0,54.21,886.4,0.2946195652173913
120.0,95.0,1.0,73.6,9.0,8.177777777777777
32.0,5.0,4.0,48.84,1133.0,0.3617777777777778
22.0,95.0,6.0,157.9,275.1666666666667,78.95
22.0,32.0,28.0,88.88,571.3928571428571,22.22
32.0,120.0,5.0,54.21,801.4,2.1684
120.0,22.0,4.0,86.98,1071.5,21.745
32.0,95.0,9.0,87.51,764.4444444444445,0.5401851851851852
32.0,5.0,6.0,48.84,498.5,0.3564963503649635
5.0,22.0,1.0,121.22,3714.0,0.03263866451265482
120.0,5.0,7.0,44.14,854.5714285714286,0.3086713286713287
5.0,88.0,1.0,91.38,46.0,1.9865217391304346
88.0,32.0,1.0,140.16,898.0,0.15608017817371939
120.0,88.0,1.0,115.57,34.0,3.3991176470588234
88.0,95.0,1.0,53.3,86.0,0.6197674418604651
95.0,5.0,3.0,39.38,741.6666666666666,0.12621794871794872
95.0,120.0,3.0,73.6,311.0,10.514285714285714
84.0,92071.0,3.0,29.5,5048.666666666667,0.3277777777777778
92071.0,5.0,3.0,58.02,8202.333333333334,116.04
92071.0,22.0,1.0,165.99,2.0,82.995
22.0,5.0,1.0,121.22,37.0,3.2762162162162163
92071.0,49.0,2.0,31.1,3211.0,1.94375
95.0,3236.0,2.0,16.64,4248.5,0.01526605504587156
3236.0,9048.0,1.0,35.51,3130.0,0.011345047923322683
9048.0,95.0,2.0,20.55,7782.0,0.003911305671869052
95.0,64102.0,1.0,27.07,0.0,54.14
64102.0,9048.0,1.0,37.0,111.0,0.3333333333333333
3236.0,64102.0,2.0,37.01,78.0,0.5442647058823529
3236.0,52367.0,3.0,41.4,5702.333333333333,0.009497591190640055
52367.0,99.0,2.0,99.04,14.5,9.003636363636364
52367.0,9048.0,1.0,31.06,2565.0,0.01210916179337232
63927.0,60297.0,1.0,30.02,476.0,0.0630672268907563
60297.0,85793.0,174.0,42.54,123.97701149425288,85.08
60297.0,32.0,12.0,69.84,235.91666666666666,9.977142857142857
60297.0,105.0,3.0,72.51,579.0,0.3836507936507937
105.0,32.0,1.0,130.85,167.0,0.7835329341317365
85793.0,5.0,8.0,65.87,7.125,131.74
5.0,60297.0,4.0,104.45,8.75,26.1125
85793.0,32.0,15.0,48.18,387.53333333333336,96.36
85793.0,95.0,1.0,101.39,14.0,7.242142857142857
95.0,5.0,3.0,39.38,4.666666666666667,39.38
5.0,32.0,5.0,48.84,342.0,9.768
32.0,99.0,1.0,27.73,2291.0,0.01210388476647752
99.0,85793.0,1.0,21.73,26.0,0.8357692307692308
85793.0,70233.0,2.0,17.49,6.5,3.4979999999999998
88.0,1652.0,1.0,77.14,213.0,0.36215962441314553
1652.0,5.0,8.0,96.42,136.5,48.21
1652.0,22.0,2.0,162.39,217.0,4.163846153846153
5.0,22.0,2.0,121.22,136.5,11.02
1652.0,13.0,2.0,87.44,299.0,0.4085981308411215
33.0,93197.0,3.0,17.3,2857.6666666666665,34.6
93197.0,105.0,2.0,43.72,10163.0,0.6624242424242424
93197.0,99.0,2.0,72.48,26.0,144.96
33.0,93197.0,5.0,17.3,1684.6,34.6
33.0,22.0,1.0,24.53,5289.0,0.004637927774626583
22.0,93197.0,1.0,23.5,0.0,47.0
93197.0,13568.0,2.0,42.05,543.5,0.12514880952380952
33.0,87392.0,1.0,27.02,1105.0,0.024452488687782804
87392.0,93197.0,12.0,43.93,1202.0,87.86
87392.0,99.0,1.0,28.6,78.0,0.3666666666666667
99.0,93197.0,21.0,72.48,65.71428571428571,144.96
93197.0,120.0,6.0,102.73,35.666666666666664,51.365
60633.0,84.0,4.0,64.21,1238.5,0.13808602150537633
84.0,95.0,3.0,76.73,5281.333333333333,0.026313443072702333
84.0,82886.0,1.0,41.67,13.0,3.2053846153846157
82886.0,42740.0,4.0,41.77,672.75,20.885
82886.0,60633.0,5.0,37.58,5.6,37.58
82886.0,99.0,2.0,42.78,9.0,8.556000000000001
60633.0,8318.0,1.0,45.79,5533.0,0.00827579974697271
8318.0,84.0,14.0,81.98,179.71428571428572,81.98
84.0,101.0,1.0,29.03,0.0,58.06
101.0,8318.0,1.0,111.01,6.0,18.50166666666667
8318.0,99.0,3.0,4.53,1697.6666666666667,0.0034980694980694983
95.0,5.0,1.0,39.38,2549.0,0.015449195763044331
5.0,13568.0,1.0,90.96,3.0,30.319999999999997
13568.0,105.0,2.0,85.66,5.0,21.415
13568.0,60633.0,1.0,81.47,5789.0,0.01407324235619278
84.0,99.0,1.0,84.36,35.0,2.410285714285714
99.0,60633.0,11.0,50.28,78.72727272727273,10.056000000000001
8318.0,32.0,1.0,26.39,4689.0,0.005628065685647259
32.0,99.0,1.0,27.73,832.0,0.03332932692307693
60633.0,95.0,1.0,47.54,11872.0,0.004004380053908355
72974.0,22.0,2.0,78.32,7609.0,0.07581800580832526
72974.0,84.0,10.0,85.92,638.7,171.84
84.0,95.0,1.0,76.73,3378.0,0.022714624037892244
95.0,72974.0,1.0,79.58,1.0,79.58
72974.0,99.0,1.0,24.26,1015.0,0.023901477832512317
99.0,49.0,1.0,126.11,10452.0,0.012065633371603521
49.0,72974.0,8.0,116.26,124.125,58.13
72974.0,88.0,3.0,126.02,442.3333333333333,42.00666666666667
88.0,5.0,3.0,91.38,805.3333333333334,15.229999999999999
5.0,72974.0,10.0,43.97,213.7,43.97
5.0,84.0,5.0,58.5,127.4,117.0
84.0,33.0,3.0,130.17,167.33333333333334,26.034
72974.0,13.0,5.0,148.15,7.4,296.3
5.0,13.0,1.0,114.24,6.0,19.04
72974.0,92.0,3.0,149.69,469.0,0.374225
49.0,5.0,1.0,73.03,198.0,0.36883838383838385
5.0,120.0,1.0,44.14,8.0,5.5175
120.0,84.0,1.0,95.0,44.0,2.159090909090909
92.0,88.0,2.0,149.17,52.0,37.2925
92.0,5.0,1.0,160.5,89.0,1.803370786516854
72974.0,32.0,2.0,38.93,183.0,0.24180124223602484
72974.0,105.0,2.0,134.64,201.5,44.879999999999995
72974.0,66.0,1.0,286.39,3003.0,0.09536796536796537
66.0,96.0,2.0,64.72,104.0,21.573333333333334
66.0,33.0,1.0,211.28,593.0,0.35629005059021923
33.0,72974.0,2.0,75.55,104.5,7.555
22.0,99.0,4.0,64.39,2096.5,0.06209257473481196
22.0,5.0,1.0,121.22,949.0,0.12773445732349842
5.0,95.0,2.0,39.38,7978.5,0.04928660826032541
95.0,22.0,3.0,157.9,3819.6666666666665,0.4550432276657061
5.0,49.0,1.0,73.03,5871.0,0.012439107477431443
49.0,95.0,1.0,55.08,1841.0,0.029918522542096686
120.0,54272.0,1.0,87.21,5584.0,0.015617836676217764
54272.0,32.0,2.0,81.87,10554.0,0.22553719008264464
32.0,5.0,2.0,48.84,6.5,9.768
32.0,10312.0,3.0,33.16,12.0,6.632
10312.0,49081.0,17.0,22.36,10.235294117647058,22.36
49081.0,95.0,1.0,114.89,10.0,11.489
95.0,10312.0,1.0,97.99,0.0,195.98
49081.0,99.0,2.0,27.22,1100.0,0.04124242424242424
49081.0,51286.0,1.0,41.0,2778.0,0.014758819294456443
51286.0,32.0,1.0,13.93,1929.0,0.007221358216692586
54272.0,22.0,2.0,12.05,1334.5,0.7088235294117647
54272.0,99.0,1.0,59.51,0.0,119.02
99.0,10312.0,1.0,6.09,13.0,0.46846153846153843
10312.0,105.0,2.0,114.61,225.0,1.2457608695652174
120.0,99.0,2.0,40.56,2941.0,0.01405892547660312
120.0,33.0,6.0,88.04,2557.1666666666665,0.1594927536231884
120.0,105.0,2.0,146.43,8845.0,0.018391107761868877
120.0,22.0,1.0,86.98,1881.0,0.04624136097820308
54112.0,96.0,1.0,117.84,12.0,9.82
96.0,99.0,1.0,203.16,3457.0,0.05876771767428406
99.0,33.0,1.0,55.62,7452.0,0.0074637681159420285
33.0,105.0,3.0,59.19,303.3333333333333,0.47352
105.0,22.0,8.0,63.38,799.0,21.12666666666667
105.0,5.0,1.0,173.49,1.0,173.49
5.0,22.0,1.0,121.22,3.0,40.406666666666666
22.0,54112.0,3.0,34.93,7.666666666666667,11.643333333333333
54112.0,32.0,2.0,105.77,4.5,35.25666666666667
54112.0,54272.0,1.0,30.36,3180.0,0.009547169811320755
54272.0,5.0,2.0,117.96,31.0,58.98
95.0,39208.0,1.0,16.25,2162.0,0.007516188714153562
39208.0,105.0,4.0,227.41,12.75,227.41
39208.0,99.0,6.0,112.91,424.6666666666667,112.91
39208.0,92.0,6.0,166.07,22.166666666666668,332.14
32.0,8318.0,1.0,26.39,1667.0,0.015830833833233353
8318.0,5.0,1.0,54.66,4575.0,0.011947540983606557
5.0,32.0,2.0,48.84,3281.0,0.022352402745995426
5.0,85503.0,1.0,88.83,1.0,88.83
85503.0,120.0,2.0,58.62,6.0,19.54
85503.0,60633.0,6.0,79.31,1.8333333333333333,158.62
85503.0,42740.0,6.0,32.76,2636.1666666666665,4.095
85503.0,54272.0,7.0,29.41,253.85714285714286,9.803333333333333
85503.0,82886.0,2.0,73.39,6.0,73.39
54272.0,42740.0,1.0,60.88,421.0,0.1446080760095012
42740.0,99.0,1.0,1.4,39.0,0.035897435897435895
99.0,85503.0,1.0,31.48,9.0,3.497777777777778
85503.0,88.0,1.0,173.03,1.0,173.03
88.0,82886.0,1.0,128.36,6339.0,0.020249250670452756
82886.0,8318.0,2.0,40.31,4423.5,40.31
82886.0,42740.0,1.0,41.77,170.0,0.2457058823529412
42740.0,60633.0,4.0,48.88,3.25,48.88
42740.0,84.0,1.0,83.39,3.0,27.796666666666667
84.0,60633.0,17.0,64.21,14.411764705882353,128.42
60633.0,8318.0,1.0,45.79,1946.0,0.023530318602261048
8318.0,120.0,1.0,36.95,6.0,6.158333333333334
120.0,60633.0,1.0,34.38,1.0,34.38
60633.0,88.0,6.0,97.93,2.0,97.93
60633.0,22.0,2.0,111.48,1.0,222.96
22.0,99.0,3.0,64.39,3877.6666666666665,0.19453172205438066
22.0,49.0,4.0,190.46,7248.25,0.11009248554913295
99.0,84.0,1.0,84.36,4826.0,0.01748031496062992
84.0,49.0,1.0,60.58,6088.0,0.009950722733245728
5.0,9048.0,1.0,18.86,1.0,18.86
9048.0,49.0,4.0,62.64,666.5,1.5278048780487805
9048.0,33.0,1.0,132.97,6.0,22.161666666666665
33.0,99.0,1.0,55.62,221.0,0.25167420814479635
99.0,22.0,2.0,64.39,104.5,7.154444444444445
99.0,9048.0,1.0,77.41,828.0,0.0934903381642512
9048.0,88.0,8.0,72.81,112.125,14.562000000000001
9048.0,95.0,1.0,20.55,3882.0,0.0052936630602782074
95.0,5.0,1.0,39.38,9844.0,0.004000406338886632
5.0,66.0,1.0,325.65,2168.0,0.15020756457564574
66.0,9048.0,1.0,344.13,133.0,2.5874436090225563
99.0,22.0,21.0,64.39,1254.2857142857142,21.463333333333335
22.0,105.0,6.0,63.38,1126.0,21.12666666666667
99.0,54272.0,3.0,59.51,285.0,1.2144897959183674
54272.0,105.0,7.0,59.57,326.42857142857144,11.914
99.0,105.0,5.0,114.55,6.2,19.091666666666665
99.0,33.0,2.0,55.62,3.5,111.24
33.0,22.0,1.0,24.53,2.0,12.265
33.0,105.0,3.0,59.19,6.333333333333333,11.838
13003.0,54272.0,2.0,29.07,9191.0,0.0096996996996997
54272.0,99.0,2.0,59.51,7080.0,0.012172223358560032
54272.0,22.0,1.0,12.05,2053.0,0.005869459327812957
22.0,13003.0,1.0,35.05,4.0,8.7625
54272.0,120.0,4.0,87.21,278.0,21.8025
99.0,22.0,5.0,64.39,2169.2,12.878
99.0,5.0,1.0,59.06,14348.0,0.00411625313632562
5.0,33.0,1.0,114.67,5.0,22.934
33.0,99.0,1.0,55.62,312.0,0.17826923076923076
99.0,49081.0,4.0,27.22,1441.0,27.22
22.0,49081.0,1.0,43.04,4.0,10.76
49081.0,5.0,4.0,78.83,3.75,39.415
49081.0,54112.0,2.0,72.8,5.0,18.2
49081.0,95.0,1.0,114.89,0.0,229.78
95.0,54112.0,1.0,184.52,3.0,61.50666666666667
54112.0,105.0,1.0,29.21,6.0,4.868333333333333
105.0,54272.0,15.0,59.57,4.933333333333334,19.856666666666666
54272.0,95.0,4.0,155.73,1.5,311.46
54272.0,66.0,1.0,210.11,58.0,3.622586206896552
66.0,96.0,1.0,64.72,4.0,16.18
96.0,33.0,1.0,148.12,3322.0,0.04458759783263095
33.0,54272.0,1.0,12.51,26.0,0.48115384615384615
54272.0,120.0,1.0,87.21,3.0,29.069999999999997
120.0,5.0,1.0,44.14,6.0,7.3566666666666665
5.0,54272.0,1.0,117.96,2370.0,0.04977215189873418
88.0,26858.0,1.0,26.87,4.0,6.7175
26858.0,95.0,2.0,26.44,3060.5,3.305
26858.0,58086.0,1.0,24.19,6384.0,0.0037891604010025066
58086.0,5.0,2.0,88.83,679.0,88.83
90040.0,48812.0,1.0,74.33,565.0,0.1315575221238938
48812.0,92.0,43.0,151.94,545.2790697674419,303.88
48812.0,13.0,20.0,73.15,4.85,24.383333333333336
48812.0,49.0,32.0,59.56,5.78125,59.56
48812.0,32.0,1.0,89.94,1.0,89.94
32.0,22.0,1.0,88.88,10.0,8.888
22.0,48812.0,8.0,158.02,91.625,316.04
22.0,33.0,1.0,24.53,4.0,6.1325
33.0,49.0,1.0,179.48,6.0,29.91333333333333
49.0,92.0,1.0,211.31,2.0,105.655
64102.0,5.0,6.0,51.2,85.16666666666667,102.4
5.0,84.0,1.0,58.5,0.0,117.0
84.0,64102.0,4.0,63.19,314.75,5.744545454545454
5.0,95.0,1.0,39.38,5064.0,0.007776461295418642
95.0,84.0,1.0,76.73,512.0,0.14986328125
64102.0,95.0,1.0,27.07,10402.0,0.002602384156892905
95.0,58086.0,1.0,50.59,10000.0,0.005059
58086.0,88.0,2.0,2.88,8.0,5.76
58086.0,26858.0,2.0,24.19,4368.0,0.009625945085555114
26858.0,88.0,1.0,26.87,2200.0,0.012213636363636364
88.0,95.0,1.0,53.3,6943.0,0.007676796773728936
95.0,5.0,1.0,39.38,11.0,3.58
5.0,58086.0,1.0,88.83,2.0,44.415
58086.0,1652.0,2.0,77.52,10.5,11.074285714285713
58086.0,49.0,2.0,80.07,6.5,20.0175
58086.0,22.0,2.0,200.63,13.0,100.315
26858.0,92.0,1.0,150.18,0.0,300.36
92.0,58086.0,7.0,150.05,3.4285714285714284,300.1
95.0,49.0,2.0,55.08,15288.0,0.005355892648774795
95.0,5.0,2.0,39.38,1298.5,0.03273482959268496
95.0,99.0,2.0,97.82,5909.5,0.02949050346698824
95.0,58086.0,1.0,50.59,22.0,2.299545454545455
58086.0,8814.0,14.0,57.27,570.0714285714286,19.09
8814.0,95.0,2.0,9.55,2712.0,0.382
8814.0,22.0,2.0,148.58,39.0,297.16
8814.0,88.0,2.0,59.84,5104.5,0.22328358208955226
58086.0,5.0,7.0,88.83,4.857142857142857,44.415
5.0,26858.0,10.0,64.81,18.4,21.603333333333335
26858.0,13.0,11.0,49.67,8.363636363636363,49.67
5.0,13.0,1.0,114.24,11.0,10.385454545454545
26858.0,92.0,2.0,150.18,13.0,11.552307692307693
84.0,9048.0,1.0,65.56,60365.0,0.001086059802865899
9048.0,33.0,1.0,132.97,5.0,26.594
33.0,120.0,4.0,88.04,2.25,44.02
120.0,9048.0,2.0,56.3,5.0,11.26
9048.0,22.0,3.0,138.33,820.0,138.33
22.0,33.0,7.0,24.53,74.85714285714286,4.906000000000001
120.0,22.0,2.0,86.98,19.0,14.496666666666668
9048.0,105.0,1.0,191.95,64.0,2.99921875
105.0,95.0,1.0,212.35,2124.0,0.09997645951035782
3236.0,101.0,1.0,104.65,22195.0,0.004715025906735752
101.0,79100.0,2.0,54.67,547.5,3.9050000000000002
79100.0,33.0,1.0,126.55,4.0,31.6375
33.0,101.0,1.0,157.67,99.0,1.5926262626262624
79100.0,3236.0,1.0,62.59,33.0,1.8966666666666667
3236.0,5.0,1.0,54.13,7627.0,0.007097154844630917
5.0,84.0,1.0,58.5,865.0,0.0676300578034682
84.0,49.0,3.0,60.58,2454.3333333333335,2.2437037037037038
49.0,5.0,1.0,73.03,16.0,4.564375
5.0,22.0,1.0,121.22,2.0,60.61
22.0,120.0,1.0,86.98,8.0,10.8725
120.0,9048.0,1.0,56.3,3.0,18.766666666666666
9048.0,79100.0,2.0,32.8,4979.5,0.42051282051282046
79100.0,120.0,2.0,70.2,32.5,23.400000000000002
84.0,99.0,2.0,84.36,17187.5,0.010354731803117712
84.0,49.0,1.0,60.58,4858.0,0.012470152326060106
49.0,95.0,1.0,55.08,8243.0,0.006682033240325124
95.0,5.0,1.0,39.38,4074.0,0.009666175748649976
5.0,66.0,1.0,325.65,428.0,0.7608644859813084
66.0,22.0,1.0,210.79,902.0,0.23369179600886916
22.0,120.0,2.0,86.98,66.0,12.425714285714287
22.0,71721.0,4.0,130.36,11.75,130.36
71721.0,95.0,8.0,54.22,5.0,108.44
95.0,33.0,1.0,153.3,4.0,38.325
33.0,71721.0,1.0,118.42,8.0,14.8025
95.0,22.0,1.0,157.9,1.0,157.9
95.0,84.0,2.0,76.73,8739.0,0.2951153846153846
95.0,33.0,3.0,153.3,32.0,30.660000000000004
33.0,9048.0,1.0,132.97,0.0,265.94
9048.0,22.0,2.0,138.33,10.5,15.370000000000001
9048.0,5.0,1.0,18.86,4040.0,0.004668316831683168
5.0,88.0,3.0,91.38,6.666666666666667,22.845
88.0,13.0,1.0,22.87,5.0,4.574
13.0,9048.0,1.0,95.68,1.0,95.68
9048.0,26858.0,12.0,46.1,57.25,46.1
9048.0,99.0,1.0,77.41,96.0,0.8063541666666666
99.0,26858.0,4.0,121.72,6.5,60.86
99.0,84.0,1.0,84.36,87.0,0.9696551724137931
84.0,101.0,1.0,29.03,650.0,0.04466153846153846
92.0,79155.0,1.0,132.86,33102.0,0.004013654764062595
79155.0,95.0,2.0,24.18,10846.0,0.03875
79155.0,8814.0,9.0,22.2,10.555555555555555,22.2
79155.0,13.0,3.0,69.36,2.3333333333333335,138.72
13.0,49.0,1.0,99.52,1.0,99.52
49.0,8814.0,12.0,61.76,3.0833333333333335,61.76
79155.0,49.0,1.0,78.46,6.0,13.076666666666666
8814.0,13.0,2.0,82.71,1.0,165.42
8814.0,1652.0,7.0,80.21,7.285714285714286,40.105
1652.0,49.0,2.0,137.43,14.5,13.743
1652.0,92.0,1.0,74.69,2568.0,0.029084890965732087
13568.0,13003.0,1.0,6.71,751.0,0.008934753661784287
13003.0,105.0,31.0,85.44,222.6451612903226,170.88
13003.0,32.0,2.0,53.83,6.5,17.94333333333333
95.0,72897.0,2.0,53.95,2786.5,0.31923076923076926
72897.0,13.0,3.0,55.96,1294.3333333333333,27.98
13.0,88.0,1.0,22.87,7132.0,0.003206674144699944
88.0,72897.0,1.0,41.26,32.0,1.289375
95.0,92.0,1.0,156.67,2517.0,0.06224473579658323
92.0,72897.0,1.0,111.23,310.0,0.35880645161290325
33.0,96.0,3.0,148.12,10479.666666666666,74.06
96.0,13568.0,1.0,174.58,1629.0,0.10717004297114795
13568.0,87392.0,16.0,12.08,4.625,12.08
13568.0,33.0,1.0,27.47,12.0,2.2891666666666666
33.0,120.0,2.0,88.04,13.0,12.577142857142858
33.0,19.0,2.0,120.37,156.0,6.687222222222222
22.0,32.0,2.0,88.88,5441.0,22.22
32.0,99.0,1.0,27.73,64.0,0.43328125
99.0,22.0,1.0,64.39,179.0,0.3597206703910615
22.0,120.0,1.0,86.98,9711.0,0.008956853053238597
120.0,32.0,1.0,54.21,5914.0,0.009166384849509638
22.0,5.0,1.0,121.22,9958.0,0.012173127133962644
5.0,33.0,1.0,114.67,30.0,3.8223333333333334
33.0,22.0,1.0,24.53,1690.0,0.014514792899408284
95.0,5.0,1.0,39.38,9629.0,0.004089728943815558
5.0,99.0,1.0,59.06,396.0,0.14914141414141416
99.0,49.0,1.0,126.11,10250.0,0.012303414634146342
49.0,95.0,3.0,55.08,7690.0,0.07936599423631124
49.0,5.0,2.0,73.03,4648.0,0.017095037453183522
95.0,49.0,1.0,55.08,5307.0,0.010378745053702657
49.0,9048.0,7.0,62.64,1966.4285714285713,5.694545454545454
9048.0,3236.0,2.0,35.51,253.5,0.6699999999999999
3236.0,105.0,2.0,225.15,6.5,225.15
3236.0,49.0,8.0,63.4,146.5,21.133333333333333
3236.0,22.0,6.0,168.8,10.5,168.8
3236.0,92.0,2.0,148.74,3.5,148.74
3236.0,13.0,2.0,60.17,6.0,30.085
88.0,120.0,2.0,115.57,4732.0,0.17590563165905632
120.0,5.0,3.0,44.14,295.0,44.14
120.0,84.0,2.0,95.0,2174.0,0.5621301775147929
88.0,5.0,1.0,91.38,3000.0,0.030459999999999997
5.0,22.0,1.0,121.22,8853.0,0.013692533604427877
22.0,120.0,1.0,86.98,10123.0,0.008592314531265436
5.0,84.0,2.0,58.5,8014.0,0.15896739130434784
99.0,95.0,1.0,97.82,340.0,0.28770588235294114
95.0,5.0,4.0,39.38,8813.5,39.38
95.0,22.0,4.0,157.9,1633.25,11.278571428571428
51552.0,5.0,2.0,47.71,195.5,1.835
5.0,95.0,4.0,39.38,192.0,39.38
51552.0,84.0,1.0,23.91,17260.0,0.0013852838933951332
72974.0,5.0,5.0,43.97,5867.8,43.97
5.0,22.0,1.0,121.22,2.0,60.61
22.0,120.0,1.0,86.98,7.0,12.425714285714287
49.0,5.0,1.0,73.03,600.0,0.12171666666666667
5.0,99.0,2.0,59.06,5979.0,0.019959445758702263
99.0,95.0,1.0,97.82,4827.0,0.020265175056971202
95.0,22.0,1.0,157.9,156.0,1.0121794871794871
22.0,5.0,1.0,121.22,493.0,0.24588235294117647
99.0,49.0,1.0,126.11,2843.0,0.04435807245867042
49.0,95.0,1.0,55.08,863.0,0.06382387022016223
95.0,5.0,1.0,39.38,9632.0,0.0040884551495016614
66.0,5.0,1.0,325.65,46.0,7.0793478260869565
5.0,99.0,1.0,59.06,5.0,11.812000000000001
99.0,95.0,1.0,97.82,44945.0,0.0021764378685059514
95.0,49.0,4.0,55.08,9.75,18.36
95.0,88.0,1.0,53.3,6.0,8.883333333333333
88.0,5.0,1.0,91.38,6.0,15.229999999999999
5.0,95.0,1.0,39.38,1.0,39.38
95.0,33.0,1.0,153.3,30.0,5.11
33.0,66.0,1.0,211.28,43.0,4.913488372093023
99.0,5.0,1.0,59.06,3040.0,0.01942763157894737
5.0,105.0,1.0,173.49,456.0,0.38046052631578947
105.0,120.0,1.0,146.43,2813.0,0.05205474582296481
120.0,22.0,2.0,86.98,4945.0,0.04837597330367075
120.0,33.0,2.0,88.04,488.0,0.22808290155440417
54272.0,105.0,7.0,59.57,1919.5714285714287,19.856666666666666
54272.0,99.0,8.0,59.51,391.375,119.02
33.0,22.0,3.0,24.53,105.33333333333333,8.176666666666668
33.0,5.0,2.0,114.67,318.5,16.38142857142857
33.0,105.0,2.0,59.19,286.5,8.455714285714285
105.0,22.0,1.0,63.38,3.0,21.12666666666667
88.0,13.0,2.0,22.87,13.0,5.7175
88.0,95.0,2.0,53.3,6.5,10.66
88.0,5.0,1.0,91.38,7.0,13.054285714285713
5.0,95.0,1.0,39.38,1.0,39.38
95.0,22.0,1.0,157.9,27.0,5.848148148148148
22.0,88.0,1.0,202.54,4.0,50.635
88.0,33.0,1.0,201.51,0.0,403.02
33.0,22.0,1.0,24.53,9.0,2.7255555555555557
22.0,66.0,1.0,210.79,58.0,3.634310344827586
49.0,64102.0,3.0,28.02,889.6666666666666,5.604
64102.0,88.0,2.0,63.96,12.0,7.995
64102.0,13.0,4.0,84.32,3.5,84.32
49.0,15859.0,1.0,45.3,4.0,11.325
15859.0,105.0,36.0,221.3,72.61111111111111,221.3
15859.0,13.0,14.0,72.34,27.785714285714285,144.68
15859.0,92.0,24.0,166.03,55.458333333333336,332.06
15859.0,84.0,2.0,75.94,13.0,6.328333333333333
15859.0,99.0,9.0,106.84,82.22222222222223,53.42
15859.0,120.0,2.0,84.75,6.5,42.375
15859.0,22.0,24.0,168.05,174.66666666666666,336.1
15859.0,33.0,6.0,162.45,6.166666666666667,162.45
33.0,101.0,1.0,157.67,1.0,157.67
101.0,22.0,3.0,174.47,7.666666666666667,24.924285714285713
13.0,22.0,2.0,223.94,4.0,223.94
15859.0,101.0,15.0,85.85,50.93333333333333,171.7
101.0,99.0,1.0,113.35,2.0,56.675
33.0,22.0,1.0,24.53,1335.0,0.018374531835205994
22.0,58692.0,1.0,119.02,26.0,4.577692307692308
58692.0,84.0,18.0,54.09,10.277777777777779,54.09
58692.0,32.0,4.0,43.84,6.0,87.68
58692.0,105.0,4.0,170.04,13.0,85.02
22.0,23449.0,1.0,59.91,13.0,4.608461538461539
23449.0,93354.0,11.0,10.2,19.181818181818183,2.55
93354.0,77062.0,17.0,25.96,24.058823529411764,25.96
5.0,45686.0,1.0,25.64,1.0,25.64
45686.0,79123.0,12.0,17.09,12.666666666666666,5.696666666666666
45686.0,99.0,72.0,40.62,10.625,20.31
45686.0,105.0,4.0,153.89,93.75,6.69086956521739
45686.0,13.0,12.0,129.28,101.0,258.56
45686.0,49.0,18.0,98.67,6.277777777777778,32.89
95.0,9048.0,1.0,20.55,2057.0,0.009990277102576568
9048.0,33.0,2.0,132.97,19.5,6.998421052631579
9048.0,99.0,2.0,77.41,97.5,5.954615384615384
9048.0,3236.0,2.0,35.51,8428.0,0.009507362784471217
3236.0,99.0,3.0,110.97,6.0,36.99
3236.0,22.0,1.0,168.8,12233.0,0.013798741110111992
22.0,33.0,6.0,24.53,26.0,3.06625
22.0,79100.0,1.0,137.55,561.0,0.2451871657754011
79100.0,33.0,2.0,126.55,6.5,42.18333333333333
79100.0,3236.0,3.0,62.59,14.0,20.863333333333333
79100.0,49.0,2.0,53.06,6.5,13.265
3236.0,93095.0,2.0,69.43,1996.5,34.715
93095.0,95.0,2.0,54.24,1615.0,0.04395461912479741
93095.0,22.0,9.0,110.47,23.88888888888889,110.47
93095.0,32.0,3.0,33.45,1471.3333333333333,66.9
32.0,120.0,2.0,54.21,6.5,18.07
32.0,99.0,5.0,27.73,6.6,4.621666666666667
99.0,93095.0,4.0,46.65,5.0,15.549999999999999
93095.0,33.0,4.0,101.85,0.75,203.7
33.0,99.0,2.0,55.62,3.0,18.54
99.0,22.0,3.0,64.39,6.0,10.731666666666667
3236.0,13.0,1.0,60.17,0.0,120.34
13.0,99.0,1.0,169.72,4.0,42.43
95.0,9048.0,1.0,20.55,36605.0,0.0005613987160224014
9048.0,22.0,6.0,138.33,1.5,276.66
9048.0,88.0,2.0,72.81,5.5,72.81
29992.0,52367.0,1.0,14.56,12678.0,0.0011484461271493926
52367.0,3236.0,16.0,41.4,1075.75,82.8
52367.0,49.0,1.0,31.61,4.0,7.9025
49.0,3236.0,7.0,63.4,19.714285714285715,12.68
3236.0,9048.0,1.0,35.51,65.0,0.5463076923076923
9048.0,49.0,12.0,62.64,21.166666666666668,10.44
9048.0,22.0,2.0,138.33,13.0,15.370000000000001
95.0,39006.0,1.0,7.2,51.0,0.1411764705882353
39006.0,13.0,2.0,71.35,6.5,23.78333333333333
39006.0,12504.0,1.0,80.28,49.0,1.6383673469387756
12504.0,99.0,26.0,27.65,23.76923076923077,13.825
12504.0,13.0,2.0,146.69,12.0,13.335454545454546
12504.0,120.0,18.0,12.92,8.555555555555555,4.306666666666667
12504.0,105.0,2.0,136.09,15.0,34.0225
12504.0,49.0,2.0,117.86,13.0,14.7325
95.0,64102.0,1.0,27.07,104.0,0.2602884615384615
64102.0,22.0,2.0,172.16,4.5,344.32
64102.0,13.0,2.0,84.32,19.5,16.863999999999997
95.0,52367.0,1.0,27.76,5754.0,0.004824469933958985
52367.0,9048.0,3.0,31.06,7775.333333333333,0.005410207280961505
9048.0,99.0,1.0,77.41,3.0,25.80333333333333
99.0,69143.0,9.0,16.78,7.333333333333333,5.593333333333334
99.0,84.0,1.0,84.36,2.0,42.18
84.0,32.0,1.0,57.42,5.0,11.484
32.0,69143.0,1.0,38.38,1.0,38.38
69143.0,33.0,7.0,65.3,7.0,21.766666666666666
33.0,105.0,3.0,59.19,6.0,11.838
105.0,69143.0,5.0,124.36,2.4,62.18
69143.0,88.0,1.0,136.3,2.0,68.15
88.0,33.0,1.0,201.51,1.0,201.51
33.0,99.0,6.0,55.62,1.0,55.62
99.0,120.0,2.0,40.56,3.0,13.520000000000001
120.0,69143.0,1.0,24.55,3.0,8.183333333333334
120.0,105.0,1.0,146.43,2.0,73.215
99.0,105.0,5.0,114.55,5.0,22.91
105.0,22.0,2.0,63.38,2.0,31.69
22.0,33.0,1.0,24.53,5.0,4.906000000000001
22.0,9048.0,4.0,138.33,869.0,276.66
9048.0,95.0,3.0,20.55,1934.0,0.26346153846153847
22.0,52367.0,3.0,162.73,494.3333333333333,325.46
52367.0,49.0,1.0,31.61,2819.0,0.011213196168854203
49.0,95.0,1.0,55.08,5246.0,0.010499428135722456
101.0,51552.0,1.0,36.58,4.0,9.145
51552.0,120.0,8.0,90.21,222.125,45.105
51552.0,9048.0,1.0,48.26,228.0,0.21166666666666667
9048.0,92704.0,3.0,43.42,7.333333333333333,14.473333333333334
92704.0,87630.0,10.0,11.18,50.0,11.18
92704.0,51552.0,2.0,48.7,16538.0,0.40924369747899164
51552.0,49.0,2.0,39.82,1965.5,0.07687258687258687
92704.0,5.0,2.0,25.41,6.0,5.082
92704.0,17079.0,3.0,79.91,5.0,79.91
17079.0,39006.0,2.0,12.17,2.0,6.085
39006.0,29230.0,5.0,116.85,8.0,29.2125
29230.0,92704.0,3.0,70.88,1.0,70.88
92704.0,39006.0,3.0,67.74,1.0,67.74
17079.0,120.0,6.0,83.3,5.5,41.65
17079.0,29230.0,24.0,127.28,5.166666666666667,127.28
17079.0,95.0,2.0,17.63,2.0,8.815
95.0,29230.0,1.0,116.21,10.0,11.620999999999999
17079.0,81350.0,21.0,22.2,47.76190476190476,11.1
81350.0,29230.0,14.0,140.07,2.2857142857142856,70.035
81350.0,22.0,5.0,181.53,6.0,30.255
22.0,17079.0,14.0,169.59,0.9285714285714286,339.18
29230.0,22.0,3.0,42.55,4.0,10.6375
17079.0,51552.0,9.0,71.59,5.111111111111111,17.8975
51552.0,22.0,3.0,154.38,5.333333333333333,30.875999999999998
17079.0,13.0,1.0,59.18,2.0,29.59
13.0,51552.0,1.0,123.52,3.0,41.17333333333333
120.0,22.0,3.0,86.98,3.0,28.993333333333336
120.0,95.0,1.0,73.6,19.0,3.8736842105263154
95.0,51552.0,2.0,55.27,62.0,11.054
49.0,64102.0,3.0,28.02,1110.0,0.875625
64102.0,59287.0,3.0,25.81,4076.3333333333335,8.603333333333333
59287.0,95.0,2.0,22.22,5434.0,0.0356661316211878
64102.0,95.0,2.0,27.07,1328.0,0.032264600715137065
95.0,49.0,2.0,55.08,2152.0,0.03013129102844639
64102.0,38585.0,1.0,149.8,231.0,0.6484848484848486
38585.0,59287.0,18.0,124.08,3.4444444444444446,124.08
38585.0,5.0,4.0,98.85,2.25,197.7
59287.0,84.0,1.0,55.14,5.0,11.028
84.0,38585.0,1.0,125.79,4.0,31.4475
84.0,92071.0,1.0,29.5,583.0,0.05060034305317324
92071.0,5.0,1.0,58.02,42.0,1.3814285714285715
5.0,32.0,1.0,48.84,0.0,97.68
32.0,92071.0,1.0,77.94,4799.0,0.016240883517399458
95.0,22.0,1.0,157.9,2971.0,0.053147088522383035
22.0,88.0,1.0,202.54,5065.0,0.03998815399802567
88.0,95.0,1.0,53.3,8529.0,0.006249267206003048
95.0,99.0,1.0,97.82,7.0,13.974285714285713
99.0,26858.0,1.0,121.72,7212.0,0.01687742651136994
26858.0,8814.0,1.0,33.24,156.0,0.21307692307692308
8814.0,84.0,7.0,75.55,88.0,2.289393939393939
8814.0,49.0,6.0,61.76,35.166666666666664,20.586666666666666
49.0,84.0,4.0,60.58,0.5,121.16
84.0,22.0,2.0,146.05,3.5,48.68333333333334
22.0,8814.0,3.0,148.58,3.6666666666666665,297.16
8814.0,120.0,2.0,64.05,3.5,32.025
120.0,49.0,2.0,116.86,536.0,38.95333333333333
8814.0,13.0,1.0,82.71,1.0,82.71
13.0,49.0,3.0,99.52,7.333333333333333,99.52
8814.0,1652.0,2.0,80.21,1409.5,8.912222222222221
1652.0,84.0,2.0,152.94,58.5,4.248333333333333
49.0,22.0,1.0,190.46,4.0,47.615
8814.0,33.0,3.0,144.43,1.0,288.86
22.0,8318.0,3.0,68.16,0.6666666666666666,136.32
8318.0,8814.0,3.0,84.6,1.3333333333333333,169.2
33.0,84.0,1.0,130.17,5.0,26.034
49.0,8318.0,2.0,122.31,30.5,30.5775
8318.0,120.0,2.0,36.95,26.0,4.61875
120.0,22.0,8.0,86.98,77.5,86.98
8318.0,33.0,4.0,60.04,4.0,20.013333333333332
33.0,120.0,4.0,88.04,4.0,44.02
22.0,33.0,8.0,24.53,17.25,6.1325
8318.0,92.0,2.0,168.11,39.0,5.796896551724139
8318.0,26858.0,2.0,117.2,61.5,39.06666666666667
26858.0,84.0,2.0,100.87,1041.0,0.15306525037936267
26858.0,49.0,4.0,65.32,6.25,10.886666666666665
8814.0,79123.0,3.0,60.84,13.0,60.84
79123.0,33.0,3.0,84.22,5.333333333333333,28.073333333333334
22.0,79123.0,2.0,91.51,6.5,91.51
22.0,74831.0,8.0,90.07,195.5,180.14
74831.0,84.0,2.0,62.36,6.5,10.393333333333333
74831.0,8814.0,1.0,66.73,1.0,66.73
22.0,99.0,1.0,64.39,2819.0,0.022841433132316423
99.0,24308.0,1.0,7.88,6.0,1.3133333333333332
24308.0,22.0,2.0,71.69,390.0,143.38
120.0,24308.0,1.0,41.79,6.0,6.965
24308.0,74831.0,2.0,19.1,3.5,19.1
74831.0,120.0,3.0,38.13,4.333333333333333,38.13
33.0,26858.0,1.0,176.65,1483.0,0.11911665542818611
26858.0,105.0,4.0,235.84,6.0,78.61333333333333
26858.0,92.0,10.0,150.18,9.1,150.18
26858.0,88.0,2.0,26.87,2138.5,0.01876396648044693
32.0,54615.0,1.0,20.4,65.0,0.31384615384615383
54615.0,25405.0,456.0,11.4,36.40350877192982,22.8
54615.0,33.0,5.0,73.83,3350.0,18.4575
25405.0,33.0,1.0,85.23,43.0,1.982093023255814
25405.0,88.0,7.0,119.77,1.4285714285714286,239.54
88.0,54615.0,9.0,130.46,7.888888888888889,43.48666666666667
84.0,51552.0,3.0,23.91,3812.6666666666665,0.18976190476190477
51552.0,5.0,1.0,47.71,27.0,1.767037037037037
5.0,33.0,3.0,114.67,5.333333333333333,38.223333333333336
33.0,51552.0,1.0,141.53,3496.0,0.040483409610983984
84.0,101.0,1.0,29.03,2419.0,0.012000826787928897
101.0,51552.0,3.0,36.58,6890.333333333333,0.23151898734177215
84.0,5.0,1.0,58.5,1034.0,0.05657640232108317
5.0,99.0,1.0,59.06,6.0,9.843333333333334
99.0,51552.0,1.0,90.26,2034.0,0.044375614552605705
33.0,95347.0,1.0,35.18,86.0,0.40906976744186047
95347.0,96.0,2.0,181.15,260.5,30.191666666666666
95347.0,59802.0,1.0,52.92,50758.0,0.0010425942708538556
59802.0,19.0,2.0,98.63,455.0,0.5603977272727273
33.0,13003.0,1.0,26.3,2199.0,0.011959981809913598
13003.0,54272.0,2.0,29.07,3502.0,0.09170347003154575
13003.0,54112.0,9.0,57.14,68.77777777777777,114.28
54112.0,54272.0,1.0,30.36,17781.0,0.0017074405264045891
49.0,59287.0,1.0,49.18,11819.0,0.004161096539470345
59287.0,64102.0,2.0,25.81,28699.0,8.603333333333333
59287.0,92.0,4.0,170.48,6.0,170.48
92.0,23254.0,2.0,163.74,0.0,327.48
23254.0,59287.0,13.0,44.91,3.5384615384615383,44.91
23254.0,13.0,2.0,53.65,2.5,26.825
13.0,59287.0,2.0,97.28,5.0,24.32
23254.0,64102.0,1.0,31.38,2622.0,0.011967963386727688
5.0,59287.0,3.0,25.39,1365.3333333333333,0.02997638724911452
59287.0,88.0,33.0,74.79,121.66666666666667,149.58
88.0,49.0,1.0,82.73,5956.0,0.013890194761584956
49.0,59287.0,1.0,49.18,6.0,8.196666666666667
88.0,92.0,3.0,149.17,183.0,74.585
92.0,59287.0,3.0,170.48,13.333333333333334,42.62
88.0,13.0,2.0,22.87,9.5,7.623333333333334
13.0,32.0,1.0,163.03,8.0,20.37875
32.0,59287.0,1.0,68.87,2.0,34.435
59287.0,22.0,1.0,146.45,10.0,14.645
22.0,120.0,1.0,86.98,11.0,7.907272727272727
120.0,59287.0,1.0,68.02,4.0,17.005
13.0,59287.0,1.0,97.28,10.0,9.728
88.0,26858.0,1.0,26.87,48.0,0.5597916666666667
26858.0,49.0,2.0,65.32,6.5,10.886666666666665
26858.0,1652.0,3.0,75.5,1241.3333333333333,1.4519230769230769
1652.0,49.0,2.0,137.43,6.5,22.905
1652.0,5.0,5.0,96.42,20.4,192.84
5.0,84.0,1.0,58.5,9.0,6.5
84.0,22.0,1.0,146.05,2.0,73.025
22.0,5.0,5.0,121.22,5.8,60.61
5.0,76205.0,1.0,107.49,11712.0,0.009177766393442623
76205.0,88.0,2.0,75.27,7298.5,37.635
76205.0,26858.0,1.0,78.55,11.0,7.140909090909091
1652.0,76205.0,2.0,14.04,6.5,7.02
1652.0,13.0,2.0,87.44,820.5,1.5614285714285714
13.0,5.0,6.0,114.24,8.666666666666666,28.56
22.0,64291.0,1.0,35.81,185.0,0.19356756756756757
64291.0,33.0,10.0,37.17,87.9,18.585
64291.0,29914.0,187.0,43.46,40.61497326203209,10.865
29914.0,32.0,10.0,88.51,116.8,7.3758333333333335
29914.0,33.0,48.0,14.72,125.02083333333333,7.36
32.0,64291.0,4.0,58.37,19.25,11.674
84.0,99.0,2.0,84.36,4371.0,0.06258160237388724
84.0,33.0,2.0,130.17,39.0,26.034
33.0,22.0,6.0,24.53,9.666666666666666,6.1325
22.0,5.0,3.0,121.22,1.0,121.22
5.0,33.0,4.0,114.67,3.0,38.223333333333336
33.0,105.0,3.0,59.19,7.0,9.865
105.0,22.0,1.0,63.38,1.0,63.38
33.0,32.0,1.0,74.92,47.0,1.5940425531914895
32.0,22.0,5.0,88.88,15.8,88.88
32.0,84.0,2.0,57.42,3186.5,0.08333817126269957
84.0,5.0,7.0,58.5,765.2857142857143,11.7
33.0,120.0,1.0,88.04,2.0,44.02
120.0,22.0,2.0,86.98,4.0,86.98
22.0,51552.0,1.0,154.38,2987.0,0.05168396384332106
51552.0,49.0,6.0,39.82,6.5,39.82
51552.0,84.0,1.0,23.91,14787.0,0.001616960843984581
84.0,120.0,1.0,95.0,3.0,31.666666666666668
22.0,88.0,1.0,202.54,3.0,67.51333333333334
88.0,33.0,1.0,201.51,1.0,201.51
84.0,22.0,3.0,146.05,6210.666666666667,36.5125
95.0,88.0,8.0,53.3,1152.0,1.4026315789473685
88.0,5.0,2.0,91.38,687.0,9.138
5.0,95.0,2.0,39.38,6230.5,0.04193823216187434
95.0,49.0,2.0,55.08,149.5,7.868571428571428
32.0,5.0,6.0,48.84,427.1666666666667,48.84
32.0,99.0,8.0,27.73,338.25,9.243333333333334
32.0,22.0,2.0,88.88,324.5,0.32556776556776557
33.0,93197.0,1.0,17.3,2004.0,0.008632734530938125
93197.0,32.0,2.0,92.21,49.0,3.2932142857142854
93197.0,8318.0,2.0,76.84,1036.0,1.9702564102564104
93197.0,30732.0,2.0,16.03,1670.5,0.26716666666666666
93197.0,96.0,4.0,132.55,6.5,26.51
93197.0,66.0,2.0,195.09,6.5,48.7725
8318.0,95.0,3.0,93.33,79.0,93.33
95.0,120.0,1.0,73.6,3.0,24.53333333333333
120.0,8318.0,4.0,36.95,103.5,73.9
8318.0,5.0,4.0,54.66,23.25,54.66
8318.0,32.0,3.0,26.39,5141.333333333333,0.012297297297297298
32.0,95.0,2.0,87.51,807.0,0.18579617834394904
8318.0,22.0,1.0,68.16,1912.0,0.035648535564853555
22.0,120.0,1.0,86.98,7.0,12.425714285714287
32.0,120.0,2.0,54.21,163.0,0.384468085106383
22.0,54272.0,1.0,12.05,313.0,0.03849840255591055
54272.0,5.0,2.0,117.96,327.5,0.6208421052631579
5.0,49081.0,3.0,78.83,356.0,157.66
49081.0,8318.0,5.0,29.43,258.2,29.43
8318.0,13397.0,1.0,27.31,231.0,0.11822510822510822
13397.0,120.0,5.0,60.52,9.2,30.26
120.0,54272.0,22.0,87.21,97.22727272727273,43.605
54272.0,8318.0,8.0,63.66,12.375,63.66
54272.0,32.0,4.0,81.87,287.75,5.116875
120.0,32.0,2.0,54.21,419.0,0.8213636363636364
54272.0,70233.0,6.0,71.28,220.0,142.56
70233.0,13568.0,2.0,44.1,45.5,11.025
13568.0,54272.0,4.0,27.2,36.0,54.4
54272.0,13003.0,2.0,29.07,2138.5,4.152857142857143
13003.0,32.0,3.0,53.83,1110.6666666666667,0.38177304964539005
13003.0,69964.0,2.0,20.4,421.0,2.914285714285714
13003.0,70233.0,2.0,43.86,77.0,14.62
13003.0,120.0,19.0,62.07,283.2631578947368,20.69
5.0,32.0,11.0,48.84,500.27272727272725,97.68
32.0,99.0,3.0,27.73,684.0,0.04676222596964587
99.0,120.0,7.0,40.56,383.85714285714283,2.2533333333333334
120.0,105.0,2.0,146.43,46.5,146.43
105.0,13003.0,6.0,85.44,9.333333333333334,42.72
54272.0,105.0,1.0,59.57,267.0,0.22310861423220973
105.0,95.0,1.0,212.35,98.0,2.1668367346938773
95.0,120.0,1.0,73.6,71.0,1.036619718309859
33.0,60297.0,1.0,16.44,282.0,0.058297872340425536
60297.0,120.0,19.0,73.94,229.42105263157896,18.485
60297.0,13568.0,2.0,13.6,2245.5,27.2
60297.0,22.0,1.0,19.2,2708.0,0.007090103397341211
22.0,120.0,1.0,86.98,292.0,0.2978767123287671
60297.0,105.0,10.0,72.51,89.3,72.51
105.0,54272.0,1.0,59.57,1467.0,0.040606680299931835
54272.0,99.0,6.0,59.51,824.6666666666666,59.51
99.0,51286.0,1.0,13.82,1127.0,0.012262644188110027
51286.0,49081.0,3.0,41.0,1077.3333333333333,0.060382916053019146
49081.0,5.0,2.0,78.83,559.5,15.766
49081.0,32.0,2.0,54.93,455.0,0.2937433155080214
51286.0,105.0,1.0,121.77,804.0,0.151455223880597
105.0,49081.0,1.0,101.91,1222.0,0.08339607201309329
51286.0,54272.0,11.0,69.89,770.8181818181819,34.945
51286.0,32.0,1.0,13.93,5220.0,0.002668582375478927
32.0,22.0,1.0,88.88,2225.0,0.039946067415730334
22.0,49081.0,1.0,43.04,93.0,0.46279569892473116
49081.0,99.0,5.0,27.22,4.4,27.22
51286.0,95.0,1.0,92.23,15261.0,0.006043509599633051
95.0,26858.0,1.0,26.44,9505.0,0.0027816938453445557
26858.0,92.0,2.0,150.18,6.0,50.06
26858.0,49.0,4.0,65.32,5.75,16.33
26858.0,13.0,4.0,49.67,142.5,9.934000000000001
26858.0,22.0,1.0,179.19,8.0,22.39875
22.0,5.0,3.0,121.22,1.3333333333333333,121.22
5.0,26858.0,5.0,64.81,5.0,32.405
26858.0,88.0,2.0,26.87,5885.5,0.19903703703703704
84.0,5.0,6.0,58.5,1017.1666666666666,14.625
5.0,95.0,1.0,39.38,1.0,39.38
95.0,84.0,1.0,76.73,22417.0,0.0034228487308738905
84.0,120.0,1.0,95.0,3.0,31.666666666666668
120.0,5.0,1.0,44.14,3.0,14.713333333333333
95.0,22.0,1.0,157.9,13823.0,0.0114229906677277
22.0,84.0,1.0,146.05,7105.0,0.02055594651653765
84.0,95.0,3.0,76.73,471.6666666666667,3.653809523809524
84.0,5.0,2.0,58.5,1666.0,14.625
5.0,96.0,1.0,261.85,105.0,2.493809523809524
96.0,72974.0,1.0,223.61,5255.0,0.042551855375832545
72974.0,22.0,3.0,78.32,8518.666666666666,0.27006896551724136
72974.0,49.0,2.0,116.26,590.0,0.1973853989813243
49.0,5.0,2.0,73.03,1145.5,0.35799019607843136
95.0,5.0,1.0,39.38,725.0,0.05431724137931035
5.0,72974.0,15.0,43.97,79.2,21.985
72974.0,92.0,1.0,149.69,195.0,0.7676410256410257
92.0,88.0,1.0,149.17,197.0,0.7572081218274112
88.0,72974.0,1.0,126.02,25.0,5.0408
72974.0,120.0,3.0,16.71,242.66666666666666,5.57
120.0,32.0,2.0,54.21,111.0,1.748709677419355
32.0,72974.0,2.0,38.93,97.5,38.93
5.0,120.0,3.0,44.14,136.33333333333334,8.828
5.0,33.0,2.0,114.67,101.0,38.223333333333336
33.0,120.0,2.0,88.04,103.0,17.608
95.0,8318.0,4.0,93.33,3168.25,0.13765486725663717
8318.0,84.0,4.0,81.98,1368.25,11.711428571428572
84.0,22.0,1.0,146.05,1852.0,0.07886069114470844
22.0,8318.0,3.0,68.16,22.0,68.16
8318.0,99.0,8.0,4.53,134.75,0.906
84.0,95.0,1.0,76.73,3183.0,0.024106189129751807
22.0,54112.0,1.0,34.93,6836.0,0.005109713282621416
54112.0,54272.0,1.0,30.36,15825.0,0.0019184834123222748
54272.0,13003.0,1.0,29.07,1.0,29.07
13003.0,54112.0,1.0,57.14,39.0,1.465128205128205
54112.0,99.0,26.0,87.01,28.307692307692307,43.505
54112.0,95.0,8.0,184.52,67.75,36.904
54112.0,49.0,2.0,210.59,225.5,1.5371532846715328
105.0,54272.0,10.0,59.57,701.8,29.785
105.0,22.0,1.0,63.38,4922.0,0.01287687931735067
22.0,54272.0,1.0,12.05,5.0,2.41
54272.0,91636.0,4.0,29.53,18.75,9.843333333333334
91636.0,33.0,4.0,32.92,84.75,8.23
54272.0,19.0,2.0,117.58,17.5,39.193333333333335
105.0,99.0,1.0,114.55,179.0,0.6399441340782123
99.0,54272.0,1.0,59.51,322.0,0.1848136645962733
51552.0,5.0,5.0,47.71,78.6,15.903333333333334
5.0,95.0,3.0,39.38,1701.6666666666667,0.9604878048780489
95.0,51552.0,1.0,55.27,539.0,0.1025417439703154
51552.0,84.0,1.0,23.91,21529.0,0.0011105950113799992
84.0,95.0,3.0,76.73,395.3333333333333,0.304484126984127
84.0,22.0,1.0,146.05,70.0,2.0864285714285717
22.0,10312.0,1.0,61.87,2.0,30.935
10312.0,49081.0,18.0,22.36,6.888888888888889,22.36
10312.0,95.0,1.0,97.99,1.0,97.99
95.0,26858.0,2.0,26.44,7595.0,0.009120386340117283
95.0,88.0,1.0,53.3,2315.0,0.02302375809935205
88.0,26858.0,1.0,26.87,1113.0,0.024141958670260557
26858.0,1652.0,2.0,75.5,3431.0,0.09484924623115577
1652.0,13.0,2.0,87.44,5.0,29.146666666666665
88.0,30620.0,3.0,45.93,4851.333333333333,0.7408064516129033
30620.0,95.0,1.0,10.78,3972.0,0.002713997985901309
95.0,84.0,1.0,76.73,6.0,12.788333333333334
84.0,30620.0,2.0,87.25,1867.5,0.3267790262172285
84.0,94637.0,9.0,81.44,52.77777777777778,13.573333333333332
84.0,120.0,3.0,95.0,6.0,19.0
120.0,94637.0,2.0,72.81,4.0,36.405
84.0,60804.0,2.0,90.42,13.0,30.14
84.0,32.0,1.0,57.42,447.0,0.1284563758389262
32.0,94637.0,1.0,89.94,24.0,3.7475
94637.0,60804.0,12.0,79.31,1541.75,158.62
60804.0,30620.0,3.0,81.22,1978.6666666666667,6.247692307692308
30620.0,99.0,2.0,102.03,6.5,17.005
60804.0,99.0,6.0,28.83,4.666666666666667,28.83
60804.0,120.0,10.0,11.73,20.4,2.9325
94637.0,99.0,2.0,98.92,6.0,32.973333333333336
60804.0,95.0,7.0,79.44,7.857142857142857,39.72
95.0,120.0,1.0,73.6,4.0,18.4
5.0,22.0,5.0,121.22,4397.2,0.12085742771684944
5.0,95.0,5.0,39.38,3105.4,39.38
22.0,84.0,1.0,146.05,295.0,0.4950847457627119
84.0,95.0,2.0,76.73,10.0,10.961428571428572
84.0,88.0,1.0,126.06,1.0,126.06
88.0,22.0,1.0,202.54,22.0,9.206363636363635
22.0,95.0,1.0,157.9,3.0,52.63333333333333
5.0,120.0,4.0,44.14,781.25,22.07
5.0,88.0,1.0,91.38,1.0,91.38
33.0,120.0,1.0,88.04,24974.0,0.0035252662769280053
120.0,5.0,1.0,44.14,2004.0,0.022025948103792416
5.0,105.0,1.0,173.49,3290.0,0.052732522796352585
105.0,120.0,1.0,146.43,550.0,0.26623636363636366
120.0,99.0,2.0,40.56,499.5,2.704
120.0,22.0,1.0,86.98,3280.0,0.026518292682926832
22.0,99.0,1.0,64.39,970.0,0.06638144329896907
95.0,75646.0,1.0,60.05,0.0,120.1
75646.0,92.0,3.0,100.18,5504.333333333333,0.3502797202797203
92.0,95.0,1.0,156.67,3637.0,0.04307671157547429
95.0,29748.0,1.0,11.63,431.0,0.026983758700696057
29748.0,85284.0,12.0,36.06,3.4166666666666665,12.020000000000001
29748.0,55914.0,12.0,113.6,3.75,37.86666666666667
55914.0,85284.0,10.0,97.02,2.0,48.51
29748.0,13.0,2.0,64.48,2.0,64.48
29748.0,75646.0,1.0,55.9,3761.0,0.014863068332890188
22.0,99.0,1.0,64.39,6.0,10.731666666666667
99.0,95.0,1.0,97.82,51782.0,0.0018890734231972498
95.0,22.0,3.0,157.9,384.6666666666667,10.526666666666667
22.0,88.0,1.0,202.54,29.0,6.984137931034483
88.0,5.0,3.0,91.38,8.0,45.69
5.0,22.0,1.0,121.22,1262.0,0.09605388272583201
95.0,5.0,2.0,39.38,1680.0,0.07987829614604464
5.0,95.0,4.0,39.38,10415.5,19.69
95.0,49.0,2.0,55.08,377.5,0.15428571428571428
49.0,5.0,2.0,73.03,3948.5,0.080874861572536
5.0,88.0,1.0,91.38,3246.0,0.028151571164510166
88.0,95.0,3.0,53.3,489.0,106.6
84.0,33.0,2.0,130.17,16271.5,0.38173020527859236
33.0,5.0,3.0,114.67,164.0,28.6675
5.0,84.0,2.0,58.5,51.5,9.75
5.0,22.0,1.0,121.22,195.0,0.6216410256410256
22.0,66.0,1.0,210.79,802.0,0.2628304239401496
66.0,96.0,2.0,64.72,201.5,10.786666666666667
66.0,33.0,1.0,211.28,206.0,1.025631067961165
54272.0,5.0,12.0,117.96,114.16666666666667,117.96
54272.0,99.0,11.0,59.51,423.0,19.836666666666666
99.0,33.0,2.0,55.62,2487.5,0.028878504672897196
33.0,54272.0,2.0,12.51,3731.5,1.251
54272.0,120.0,12.0,87.21,24.333333333333332,87.21
99.0,22.0,1.0,64.39,9470.0,0.0067993664202745515
22.0,120.0,1.0,86.98,288.0,0.3020138888888889
120.0,99.0,1.0,40.56,9560.0,0.004242677824267783
54272.0,105.0,4.0,59.57,2.5,119.14
5.0,99.0,1.0,59.06,801.0,0.07373283395755306
5.0,95.0,11.0,39.38,788.2727272727273,19.69
95.0,22.0,1.0,157.9,321.0,0.4919003115264798
63790.0,84.0,7.0,43.24,65.57142857142857,14.413333333333334
63790.0,95.0,5.0,46.59,9.0,7.765000000000001
95.0,84.0,1.0,76.73,9848.0,0.007791429731925264
84.0,49.0,2.0,60.58,19070.5,0.007692698412698412
84.0,5.0,6.0,58.5,10.833333333333334,9.75
32.0,99062.0,1.0,27.0,5326.0,0.005069470521967706
99062.0,71785.0,1.0,29.53,0.0,59.06
71785.0,5.0,1.0,85.29,3176.0,0.026854534005037786
5.0,32.0,1.0,48.84,3347.0,0.014592172094412909
32.0,84.0,1.0,57.42,60.0,0.9570000000000001
84.0,63927.0,1.0,105.75,29642.0,0.003567573038256528
63927.0,8318.0,1.0,24.04,4.0,6.01
8318.0,95.0,3.0,93.33,2.0,46.665
95.0,99062.0,1.0,96.42,1.0,96.42
99062.0,63927.0,1.0,22.36,6.0,3.7266666666666666
63927.0,71785.0,1.0,10.77,2.0,5.385
71785.0,8318.0,24.0,31.91,1.2083333333333333,63.82
95.0,71785.0,14.0,122.75,2.0714285714285716,122.75
71785.0,32.0,6.0,54.3,1.0,54.3
71785.0,49081.0,1.0,12.17,5.0,2.434
49081.0,65225.0,19.0,16.0,3.8421052631578947,8.0
95.0,5.0,1.0,39.38,650.0,0.06058461538461539
5.0,66.0,1.0,325.65,2787.0,0.11684607104413347
66.0,105.0,1.0,152.18,22.0,6.917272727272728
105.0,22.0,1.0,63.38,2.0,31.69
22.0,88.0,1.0,202.54,16.0,12.65875
88.0,95.0,2.0,53.3,15738.0,0.003739301248772274
88.0,5.0,2.0,91.38,1406.5,8.307272727272727
54272.0,99.0,17.0,59.51,486.4117647058824,29.755
54272.0,105.0,2.0,59.57,6.5,59.57
5.0,84.0,3.0,58.5,3038.3333333333335,1.4625
5.0,95.0,1.0,39.38,1110.0,0.03547747747747748
95.0,84.0,1.0,76.73,6.0,12.788333333333334
5.0,22.0,1.0,121.22,419.0,0.2893078758949881
49.0,84.0,3.0,60.58,299.0,1.165
84.0,95.0,1.0,76.73,8.0,9.59125
95.0,5.0,1.0,39.38,12.0,3.2816666666666667
120.0,33.0,5.0,88.04,9.2,14.673333333333334
33.0,105.0,6.0,59.19,6.666666666666667,9.865
105.0,22.0,2.0,63.38,3.0,31.69
22.0,120.0,3.0,86.98,7.666666666666667,86.98
22.0,33.0,3.0,24.53,18.0,12.265
120.0,105.0,4.0,146.43,967.0,146.43
66.0,96.0,1.0,64.72,21.0,3.0819047619047617
96.0,33.0,1.0,148.12,41.0,3.6126829268292684
33.0,22.0,4.0,24.53,221.25,2.7255555555555557
33.0,66.0,1.0,211.28,29.0,7.285517241379311
5.0,45686.0,1.0,25.64,2.0,12.82
45686.0,68801.0,1103.0,7.0,5.42701722574796,14.0
68801.0,51331.0,3577.0,9.85,9.711769639362595,19.7
51331.0,45686.0,864.0,16.49,5.328703703703703,32.98
68801.0,105.0,3.0,147.74,7.333333333333333,29.548000000000002
105.0,51331.0,3.0,137.93,40.333333333333336,45.97666666666667
68801.0,13.0,4.0,135.81,6.0,33.9525
13.0,51331.0,2.0,145.64,4.0,36.41
5.0,21088.0,1.0,59.9,18.0,3.3277777777777775
21088.0,23835.0,26.0,20.12,22.307692307692307,20.12
21088.0,47113.0,401.0,12.04,11.897755610972569,12.04
21088.0,32732.0,225.0,2.0,14.813333333333333,4.0
32732.0,53533.0,1000.0,18.36,10.84,36.72
53533.0,21088.0,350.0,19.42,19.47142857142857,38.84
21088.0,19131.0,274.0,49.19,10.014598540145986,98.38
19131.0,53533.0,389.0,30.08,18.246786632390744,30.08
19131.0,32732.0,363.0,48.33,12.168044077134986,96.66
32732.0,47113.0,232.0,10.63,11.85344827586207,21.26
47113.0,19131.0,208.0,38.28,10.48076923076923,38.28
53533.0,47113.0,377.0,8.25,13.13262599469496,16.5
95.0,10402.0,1.0,57.32,287.0,0.1997212543554007
10402.0,88.0,9.0,107.71,26.444444444444443,53.855
10402.0,99.0,21.0,40.52,187.52380952380952,40.52
10402.0,33.0,4.0,96.09,204.25,24.0225
33.0,84.0,1.0,130.17,2.0,65.085
84.0,10402.0,4.0,64.49,56.5,32.245
10402.0,34167.0,6.0,69.66,7.666666666666667,23.22
34167.0,63422.0,2.0,49.65,2.0,49.65
63422.0,10402.0,125.0,23.26,40.952,23.26
99.0,63422.0,19.0,24.17,23.94736842105263,8.056666666666667
63422.0,33.0,23.0,76.81,3.347826086956522,153.62
63422.0,13.0,5.0,146.95,21.8,293.9
63422.0,88.0,7.0,124.71,2.0,124.71
63422.0,84.0,4.0,82.94,6.75,165.88
84.0,99.0,1.0,84.36,7.0,12.051428571428572
13.0,10402.0,2.0,130.45,0.5,260.9
13.0,99.0,1.0,169.72,1.0,169.72
10402.0,49.0,4.0,90.27,49.5,180.54
95.0,64102.0,2.0,27.07,1523.0,0.11519148936170213
64102.0,59287.0,1.0,25.81,1602.0,0.01611111111111111
59287.0,88.0,6.0,74.79,6.5,74.79
59287.0,71721.0,2.0,32.14,50.0,6.428
59287.0,22.0,8.0,146.45,89.875,48.81666666666666
22.0,71721.0,1.0,130.36,523.0,0.2492543021032505
71721.0,120.0,1.0,67.87,154.0,0.4407142857142857
120.0,59287.0,1.0,68.02,174.0,0.390919540229885
59287.0,84.0,3.0,55.14,36.666666666666664,18.38
84.0,22.0,3.0,146.05,6.0,24.34166666666667
59287.0,5.0,1.0,25.39,39.0,0.6510256410256411
5.0,88.0,4.0,91.38,9.0,91.38
5.0,84.0,8.0,58.5,19.625,19.5
5.0,64102.0,4.0,51.2,61.75,17.066666666666666
5.0,99.0,1.0,59.06,123.0,0.48016260162601626
99.0,64102.0,1.0,108.86,6950.0,0.015663309352517984
95.0,49.0,1.0,55.08,3339.0,0.016495956873315364
49.0,64102.0,1.0,28.02,34.0,0.8241176470588235
101.0,22615.0,1.0,41.37,1.0,41.37
22615.0,10978.0,6.0,107.86,8.166666666666666,35.95333333333333
10978.0,88.0,1.0,131.53,2.0,65.765
88.0,66331.0,12.0,98.89,3.0,98.89
66331.0,22615.0,1.0,73.68,0.0,147.36
10978.0,66331.0,1.0,37.2,5.0,7.44
66331.0,105.0,1.0,162.61,1436.0,0.11323816155988858
105.0,51552.0,1.0,196.55,402.0,0.4889303482587065
51552.0,66331.0,5.0,62.29,772.8,124.58
51552.0,99.0,4.0,90.26,3.75,90.26
99.0,66331.0,2.0,48.39,4.0,12.0975
66331.0,120.0,10.0,28.55,6.2,57.1
120.0,88.0,1.0,115.57,5.0,23.113999999999997
120.0,51552.0,1.0,90.21,502.0,0.1797011952191235
51552.0,49.0,20.0,39.82,34.7,39.82
51552.0,84.0,3.0,23.91,4594.666666666667,5.9775
84.0,101.0,1.0,29.03,2768.0,0.010487716763005781
101.0,51552.0,1.0,36.58,2.0,18.29
49.0,59202.0,1.0,45.0,143.0,0.3146853146853147
59202.0,95.0,2.0,10.27,1660.0,20.54
59202.0,105.0,12.0,217.42,142.66666666666666,108.71
59202.0,92.0,23.0,166.45,5.260869565217392,332.9
59202.0,13.0,9.0,76.29,16.666666666666668,25.430000000000003
92.0,13.0,1.0,154.36,2.0,77.18
59202.0,101.0,7.0,83.25,3.5714285714285716,166.5
59202.0,33.0,4.0,158.62,1.0,317.24
59202.0,22.0,4.0,164.49,12.0,54.830000000000005
59202.0,99.0,9.0,103.01,4.111111111111111,103.01
99.0,13.0,1.0,169.72,1.0,169.72
13.0,22.0,1.0,223.94,1.0,223.94
22.0,101.0,1.0,174.47,4.0,43.6175
49.0,64102.0,4.0,28.02,6003.75,0.1125301204819277
64102.0,95.0,4.0,27.07,1759.0,0.520576923076923
49.0,33.0,1.0,179.48,645.0,0.27826356589147283
33.0,64102.0,1.0,164.05,1141.0,0.14377738825591588
64102.0,29230.0,1.0,132.31,1533.0,0.0863078930202218
29230.0,32.0,4.0,60.0,5.0,20.0
29230.0,5.0,2.0,81.12,6.5,20.28
29230.0,33.0,6.0,47.09,15.333333333333334,47.09
29230.0,120.0,1.0,44.43,161.0,0.27596273291925466
120.0,64102.0,1.0,93.08,380.0,0.24494736842105264
64102.0,99.0,1.0,108.86,366.0,0.29743169398907104
99.0,22.0,1.0,64.39,5.0,12.878
22.0,64102.0,1.0,172.16,3132.0,0.05496807151979566
95.0,26858.0,1.0,26.44,0.0,52.88
26858.0,1652.0,1.0,75.5,9068.0,0.008325981473312748
1652.0,88.0,2.0,77.14,1842.5,0.04508474576271186
1652.0,13.0,4.0,87.44,32.5,21.86
1652.0,8814.0,3.0,80.21,7.333333333333333,26.736666666666665
8814.0,92.0,6.0,151.74,7.333333333333333,151.74
8814.0,22.0,6.0,148.58,5.166666666666667,49.52666666666667
8814.0,99.0,2.0,89.1,123.5,22.275
8814.0,13.0,2.0,82.71,5.5,20.6775
8814.0,26858.0,1.0,33.24,8422.0,0.003946805984326764
26858.0,92.0,6.0,150.18,1.3333333333333333,150.18
32.0,51286.0,3.0,13.93,10248.666666666666,0.003429345150172329
51286.0,22.0,2.0,76.09,598.0,0.20732970027247957
51286.0,5.0,7.0,52.85,416.85714285714283,1.2583333333333333
32.0,5.0,19.0,48.84,484.2631578947368,2.325714285714286
95.0,93824.0,1.0,53.35,1.0,53.35
93824.0,72974.0,2.0,27.29,30.0,1.2995238095238095
93824.0,15637.0,12.0,16.4,18.416666666666668,32.8
93824.0,13702.0,12.0,15.65,11.833333333333334,7.825
93824.0,120.0,58.0,20.99,14.086206896551724,41.98
93824.0,80326.0,1301.0,48.7,19.86164488854727,97.4
120.0,80326.0,36.0,37.66,5.472222222222222,75.32
93824.0,105.0,7.0,161.91,6.0,40.4775
80326.0,105.0,5.0,113.74,36.6,227.48
33.0,59802.0,1.0,22.3,65.0,0.3430769230769231
59802.0,99.0,6.0,77.35,5.833333333333333,25.78333333333333
22.0,15280.0,1.0,14.55,1290.0,0.011279069767441861
15280.0,32.0,14.0,75.14,77.42857142857143,25.046666666666667
15280.0,33.0,48.0,14.18,98.5,14.18
32.0,52189.0,2.0,32.52,13.0,65.04
52189.0,15637.0,4.0,39.56,65.0,13.186666666666667
52189.0,79123.0,29.0,10.05,28.17241379310345,20.1
52189.0,55703.0,194.0,54.12,143.96391752577318,54.12
55703.0,79123.0,19.0,53.24,35.10526315789474,17.746666666666666
52189.0,105.0,4.0,138.8,8.5,34.7
105.0,55703.0,7.0,191.91,2.5714285714285716,383.82
55703.0,33.0,31.0,132.81,30.129032258064516,265.62
33.0,105.0,1.0,59.19,21.0,2.8185714285714285
55703.0,32.0,1.0,77.12,2604.0,0.029615975422427037
52189.0,95.0,1.0,73.92,0.0,147.84
95.0,55703.0,1.0,29.73,369.0,0.08056910569105691
52189.0,99.0,1.0,25.09,2701.0,0.009289152165864494
99.0,22.0,1.0,64.39,2216.0,0.029056859205776175
22.0,55703.0,1.0,134.08,70.0,1.9154285714285717
55703.0,6561.0,454.0,47.01,9.832599118942731,94.02
33.0,6561.0,15.0,91.43,5.8,182.86
6561.0,52189.0,23.0,14.87,18.956521739130434,29.74
33.0,52189.0,1.0,79.62,5.0,15.924000000000001
33.0,93197.0,3.0,17.3,2694.3333333333335,0.5088235294117647
93197.0,99.0,8.0,72.48,17.75,12.08
23449.0,88.0,4.0,145.7,5.5,48.56666666666666
23449.0,80326.0,1.0,6.4,198.0,0.03232323232323232
80326.0,95.0,9.0,98.82,6.666666666666667,49.41
80326.0,120.0,8.0,37.66,12.375,75.32
80326.0,88.0,1.0,147.22,1.0,147.22
88.0,95.0,1.0,53.3,1.0,53.3
80326.0,5.0,3.0,60.66,60.666666666666664,10.11
5.0,84.0,7.0,58.5,93.85714285714286,29.25
5.0,105.0,2.0,173.49,6.5,86.745
5.0,99.0,16.0,59.06,616.625,11.812000000000001
84.0,99.0,2.0,84.36,448.0,14.06
99.0,22.0,7.0,64.39,6.142857142857143,21.463333333333335
5.0,32.0,2.0,48.84,156.0,0.3345205479452055
5.0,22.0,6.0,121.22,9.666666666666666,40.406666666666666
5.0,95.0,6.0,39.38,36.166666666666664,78.76
95.0,22.0,3.0,157.9,5.0,52.63333333333333
84.0,22.0,1.0,146.05,7.0,20.864285714285717
95.0,99.0,1.0,97.82,6853.0,0.014274040566175396
22.0,88.0,1.0,202.54,5.0,40.507999999999996
88.0,99.0,4.0,147.2,5.75,29.439999999999998
5.0,88.0,1.0,91.38,2.0,45.69
49.0,84.0,43.0,60.58,473.6744186046512,6.058
84.0,5.0,2.0,58.5,5.5,19.5
5.0,32.0,1.0,48.84,30.0,1.6280000000000001
32.0,96.0,1.0,217.41,63.0,3.4509523809523808
96.0,66.0,1.0,64.72,8.0,8.09
66.0,84.0,2.0,329.09,9005.5,0.03883067846607669
84.0,101.0,1.0,29.03,405.0,0.07167901234567901
101.0,49.0,1.0,54.17,1.0,54.17
49.0,5.0,1.0,73.03,8.0,9.12875
84.0,33.0,2.0,130.17,10016.0,3.4255263157894733
66.0,49.0,1.0,385.64,303.0,1.2727392739273926
95.0,79155.0,1.0,24.18,1224.0,0.019754901960784315
79155.0,5.0,36.0,48.89,19.97222222222222,97.78
79155.0,13.0,8.0,69.36,6.0,13.872
13.0,5.0,2.0,114.24,4.0,28.56
88.0,85284.0,1.0,64.29,52.0,1.236346153846154
85284.0,30645.0,8.0,57.07,2232.875,57.07
30645.0,95.0,2.0,59.17,13042.5,5.917
85284.0,13.0,17.0,85.85,3.8823529411764706,42.925
85284.0,49.0,2.0,86.2,1172.5,0.4184466019417476
13.0,75646.0,3.0,67.94,6.0,33.97
95.0,9048.0,3.0,20.55,2233.6666666666665,0.06171171171171171
9048.0,49.0,3.0,62.64,30.666666666666668,62.64
49.0,22.0,1.0,190.46,5.0,38.092
22.0,3236.0,9.0,168.8,63.44444444444444,84.4
3236.0,99.0,4.0,110.97,172.25,27.7425
3236.0,13.0,4.0,60.17,109.5,30.085
3236.0,9048.0,3.0,35.51,7208.0,0.06976424361493123
3236.0,49.0,2.0,63.4,344.5,0.47313432835820896
3236.0,120.0,2.0,82.56,20.5,5.5040000000000004
84.0,51552.0,1.0,23.91,1771.0,0.013500846979107849
51552.0,5.0,1.0,47.71,1027.0,0.04645569620253165
5.0,95.0,1.0,39.38,3.0,13.126666666666667
95.0,22.0,1.0,157.9,7.0,22.557142857142857
22.0,120.0,1.0,86.98,2.0,43.49
120.0,5.0,1.0,44.14,1.0,44.14
5.0,99.0,1.0,59.06,15489.0,0.0038130286009426047
99.0,51552.0,3.0,90.26,406.3333333333333,2.820625
51552.0,101.0,2.0,36.58,5993.5,0.04190148911798396
88.0,48812.0,1.0,50.3,10.0,5.029999999999999
48812.0,92.0,13.0,151.94,49.23076923076923,303.88
48812.0,49.0,8.0,59.56,104.75,29.78
48812.0,22.0,2.0,158.02,5.0,52.67333333333334
48812.0,91636.0,1.0,185.56,85.0,2.1830588235294117
91636.0,120.0,3.0,116.68,0.3333333333333333,233.36
120.0,89293.0,24.0,28.45,85.83333333333333,56.9
89293.0,91636.0,10.0,96.61,3.8,193.22
89293.0,105.0,33.0,124.43,59.0,124.43
89293.0,48812.0,86.0,89.04,85.93023255813954,89.04
89293.0,32.0,7.0,31.67,3.0,63.34
89293.0,13568.0,12.0,40.36,9.916666666666666,13.453333333333333
89293.0,13003.0,56.0,39.12,29.303571428571427,39.12
13003.0,120.0,4.0,62.07,2.5,62.07
120.0,105.0,1.0,146.43,4.0,36.6075
89293.0,49.0,29.0,120.73,40.758620689655174,241.46
89293.0,84.0,2.0,84.38,136.5,0.9375555555555555
32.0,13003.0,3.0,53.83,2.0,26.915
49.0,13003.0,1.0,156.27,1.0,156.27
89293.0,92.0,16.0,159.86,63.0,159.86
89293.0,13.0,2.0,158.8,5.0,31.76
92.0,49.0,1.0,211.31,1.0,211.31
48812.0,120.0,1.0,72.81,25.0,2.9124
120.0,49.0,1.0,116.86,177.0,0.6602259887005649
48812.0,13.0,2.0,73.15,1.0,73.15
13.0,49.0,2.0,99.52,2.0,49.76
8318.0,99.0,16.0,4.53,438.4375,0.755
8318.0,60633.0,5.0,45.79,3033.8,3.522307692307692
60633.0,120.0,8.0,34.38,75.0,11.46
60633.0,99.0,2.0,50.28,2.0,50.28
8318.0,32.0,2.0,26.39,3794.0,0.03072176949941793
32.0,120.0,2.0,54.21,241.0,3.0116666666666667
8318.0,88.0,1.0,142.68,64.0,2.229375
88.0,60633.0,3.0,97.93,13.333333333333334,97.93
99.0,32.0,3.0,27.73,77.0,27.73
8318.0,22.0,1.0,68.16,0.0,136.32
22.0,60633.0,1.0,111.48,244.0,0.45688524590163937
60633.0,5.0,1.0,10.22,8.0,1.2775
5.0,120.0,5.0,44.14,31.6,44.14
120.0,8318.0,5.0,36.95,199.4,1.191935483870968
8318.0,95.0,6.0,93.33,1469.5,4.444285714285714
95.0,32.0,1.0,87.51,27.0,3.2411111111111115
99.0,22.0,1.0,64.39,1903.0,0.033836048344718865
22.0,95.0,2.0,157.9,211.0,4.511428571428572
95.0,99.0,1.0,97.82,1.0,97.82
99.0,5.0,1.0,59.06,6.0,9.843333333333334
120.0,22.0,1.0,86.98,87.0,0.9997701149425288
95.0,120.0,3.0,73.6,141.66666666666666,10.514285714285714
5.0,8318.0,5.0,54.66,316.6,0.8960655737704918
5.0,95.0,6.0,39.38,253.33333333333334,5.625714285714286
33.0,43415.0,1.0,13.18,673.0,0.019583952451708766
43415.0,85793.0,72.0,43.68,183.08333333333334,87.36
43415.0,105.0,12.0,71.62,114.66666666666667,71.62
85793.0,105.0,2.0,115.0,263.5,1.9491525423728813
43415.0,120.0,2.0,75.07,1058.5,15.014
95.0,5.0,2.0,39.38,150.0,0.7721568627450981
95.0,33.0,1.0,153.3,7194.0,0.021309424520433697
33.0,5.0,1.0,114.67,8.0,14.33375
5.0,22.0,1.0,121.22,328.0,0.3695731707317073
22.0,33.0,1.0,24.53,719.0,0.03411682892906815
33.0,99.0,1.0,55.62,293.0,0.18982935153583616
99.0,5.0,2.0,59.06,6.5,9.843333333333334
99.0,95.0,1.0,97.82,1014.0,0.09646942800788955
88.0,63596.0,1.0,7.78,1.0,7.78
63596.0,5.0,38.0,83.74,39.86842105263158,83.74
22.0,32.0,1.0,88.88,362.0,0.24552486187845302
32.0,85793.0,19.0,48.18,339.2105263157895,16.06
85793.0,120.0,2.0,31.43,1314.5,0.06534303534303534
85793.0,63927.0,2.0,13.15,1176.0,0.01621454993834772
85793.0,33.0,54.0,56.73,94.31481481481481,28.365
85793.0,105.0,3.0,115.0,43.666666666666664,115.0
105.0,33.0,1.0,59.19,3.0,19.73
85793.0,8318.0,21.0,21.84,109.61904761904762,10.92
8318.0,33.0,2.0,60.04,6.5,30.02
8318.0,95.0,1.0,93.33,5.0,18.666
95.0,85793.0,1.0,101.39,58.0,1.7481034482758622
85793.0,5.0,13.0,65.87,53.0,10.978333333333333
5.0,32.0,8.0,48.84,501.375,97.68
5.0,33.0,1.0,114.67,53.0,2.1635849056603775
99.0,105.0,1.0,114.55,28278.0,0.004050852252634557
105.0,5.0,1.0,173.49,9629.0,0.018017447294630805
5.0,33.0,3.0,114.67,5273.333333333333,0.05414069877242682
99.0,120.0,3.0,40.56,7302.666666666667,0.02897142857142857
120.0,33.0,5.0,88.04,6.4,88.04
33.0,22.0,10.0,24.53,905.6,8.176666666666668
22.0,99.0,8.0,64.39,2944.875,32.195
33.0,99.0,5.0,55.62,657.6,11.123999999999999
22.0,5.0,5.0,121.22,306.0,24.244
33.0,5.0,2.0,114.67,0.5,229.34
120.0,95.0,1.0,73.6,3.0,24.53333333333333
95.0,22.0,1.0,157.9,6.0,26.316666666666666
5.0,120.0,1.0,44.14,104.0,0.4244230769230769
12831.0,33.0,4.0,47.2,64.0,5.9
12831.0,5.0,2.0,67.87,19.0,22.623333333333335
12831.0,66.0,1.0,257.79,88.0,2.9294318181818184
32.0,5.0,1.0,48.84,3941.0,0.012392793707180919
5.0,33.0,1.0,114.67,1.0,114.67
33.0,22.0,1.0,24.53,11.0,2.23
22.0,32.0,1.0,88.88,44761.0,0.0019856571568999796
95.0,26858.0,1.0,26.44,1556.0,0.01699228791773779
26858.0,88.0,2.0,26.87,1018.0,0.43338709677419357
26858.0,13.0,2.0,49.67,38.5,5.518888888888889
26858.0,8814.0,2.0,33.24,31393.5,2.3742857142857146
8814.0,99.0,2.0,89.1,6.0,22.275
64102.0,59287.0,1.0,25.81,41690.0,0.0006190933077476613
59287.0,49.0,2.0,49.18,7349.0,0.12233830845771144
59287.0,32446.0,3.0,13.34,1466.6666666666667,0.2382142857142857
32446.0,92.0,1.0,183.42,1932.0,0.09493788819875776
92.0,95.0,1.0,156.67,25.0,6.2668
95.0,88.0,3.0,53.3,190.33333333333334,4.845454545454545
88.0,92.0,2.0,149.17,90.5,2.0434246575342465
92.0,5.0,2.0,160.5,46.0,3.489130434782609
92.0,59287.0,2.0,170.48,39.0,5.166060606060606
88.0,59287.0,3.0,74.79,387.3333333333333,0.7404950495049506
59287.0,22.0,2.0,146.45,30.5,8.136111111111111
59287.0,84.0,2.0,55.14,19.5,55.14
59287.0,17414.0,6.0,87.62,1.1666666666666667,175.24
17414.0,33.0,2.0,56.58,13.0,56.58
59287.0,87392.0,1.0,112.04,1.0,112.04
87392.0,22.0,1.0,39.12,2.0,19.56
22.0,17414.0,16.0,59.13,11.375,29.565
17414.0,5.0,4.0,62.27,3.25,124.54
17414.0,95.0,2.0,98.88,3.5,49.44
95.0,22.0,3.0,157.9,10.333333333333334,31.580000000000002
17414.0,64102.0,1.0,113.41,11.0,10.31
64102.0,22.0,2.0,172.16,12.5,34.432
64102.0,95.0,1.0,27.07,1.0,27.07
95.0,13.0,1.0,76.05,3.0,25.349999999999998
13.0,5.0,1.0,114.24,5.0,22.848
5.0,95.0,1.0,39.38,5.0,7.876
17414.0,13.0,1.0,167.28,17.0,9.84
13.0,64102.0,1.0,84.32,7.0,12.045714285714284
64102.0,32446.0,4.0,19.7,51.25,4.925
64102.0,5.0,4.0,51.2,319.25,8.533333333333333
64102.0,88.0,2.0,63.96,409.5,0.6732631578947369
95.0,5.0,4.0,39.38,6810.75,9.845
5.0,33.0,2.0,114.67,1635.0,114.67
33.0,84.0,1.0,130.17,381.0,0.3416535433070866
84.0,95.0,1.0,76.73,1.0,76.73
5.0,8318.0,1.0,54.66,429.0,0.1274125874125874
8318.0,95.0,2.0,93.33,111.0,23.3325
8318.0,32.0,1.0,26.39,2305.0,0.011449023861171366
32.0,99.0,2.0,27.73,357.5,0.5232075471698113
32.0,120.0,2.0,54.21,6.5,18.07
32.0,95.0,1.0,87.51,143.0,0.611958041958042
95.0,62572.0,2.0,78.2,6.0,39.1
62572.0,8318.0,4.0,39.05,106.5,19.525
62572.0,13568.0,3.0,73.05,5.666666666666667,18.2625
13568.0,8318.0,6.0,37.2,9.333333333333334,18.6
13568.0,5.0,6.0,90.96,7.833333333333333,45.48
5.0,62572.0,2.0,41.8,2.0,20.9
95.0,13568.0,1.0,128.54,3.0,42.846666666666664
62572.0,22.0,2.0,103.59,19.5,6.093529411764706
62572.0,83375.0,12.0,61.55,5.833333333333333,61.55
62572.0,120.0,3.0,59.53,1.0,59.53
120.0,83375.0,6.0,13.55,3.0,6.775
120.0,22.0,3.0,86.98,9.333333333333334,43.49
22.0,5.0,1.0,121.22,14.0,8.65857142857143
33.0,120.0,1.0,88.04,6.0,14.673333333333334
120.0,5.0,1.0,44.14,6.0,7.3566666666666665
88.0,63596.0,1.0,7.78,1.0,7.78
63596.0,95.0,2.0,45.53,1990.0,0.07451718494271686
63596.0,5.0,19.0,83.74,6.421052631578948,20.935
63596.0,92.0,7.0,149.38,1.2857142857142858,298.76
92.0,5.0,1.0,160.5,9.0,17.833333333333332
95.0,22.0,4.0,157.9,416.5,31.580000000000002
95.0,84.0,2.0,76.73,5930.5,0.5015032679738562
95.0,88.0,2.0,53.3,12.5,7.614285714285714
95.0,9048.0,1.0,20.55,1900.0,0.010815789473684211
9048.0,49.0,2.0,62.64,430.0,0.435
9048.0,84.0,6.0,65.56,78.33333333333333,65.56
9048.0,13.0,2.0,95.68,2.5,95.68
9048.0,22.0,5.0,138.33,4.0,34.5825
84.0,88.0,1.0,126.06,1.0,126.06
88.0,9048.0,1.0,72.81,3.0,24.27
9048.0,33.0,4.0,132.97,27.5,66.485
22.0,33.0,2.0,24.53,104.5,4.906000000000001
22.0,120.0,1.0,86.98,1.0,86.98
120.0,33.0,1.0,88.04,3.0,29.346666666666668
33.0,32.0,1.0,74.92,1201.0,0.06238134887593672
32.0,84.0,1.0,57.42,113.0,0.508141592920354
120.0,33.0,1.0,88.04,22908.0,0.003843198882486468
33.0,22.0,1.0,24.53,113.0,0.21707964601769913
22.0,120.0,2.0,86.98,16278.0,0.009871751220065826
120.0,99.0,3.0,40.56,1430.3333333333333,20.28
22.0,99.0,1.0,64.39,3747.0,0.017184414198025088
84.0,8318.0,6.0,81.98,1876.0,81.98
8318.0,5.0,1.0,54.66,2624.0,0.020830792682926827
5.0,32.0,1.0,48.84,4080.0,0.011970588235294118
32.0,95.0,1.0,87.51,1488.0,0.058810483870967746
95.0,8318.0,6.0,93.33,270.6666666666667,93.33
8318.0,22.0,6.0,68.16,10.166666666666666,22.72
8318.0,33.0,2.0,60.04,1.5,60.04
95.0,120.0,1.0,73.6,6.0,12.266666666666666
120.0,22.0,1.0,86.98,1.0,86.98
22.0,42740.0,1.0,65.68,2.0,32.84
42740.0,95.0,2.0,96.42,2275.5,0.06695833333333333
42740.0,84.0,2.0,83.39,46.0,2.978214285714286
42740.0,8318.0,1.0,3.16,5713.0,0.0005531244530019255
84.0,95.0,2.0,76.73,7297.0,0.010779713402641193
84.0,5.0,1.0,58.5,2618.0,0.022345301757066463
5.0,71721.0,1.0,29.46,0.0,58.92
71721.0,84.0,4.0,29.07,3790.5,2.907
71721.0,22.0,2.0,130.36,6.5,43.45333333333334
71721.0,88.0,2.0,106.88,1.0,106.88
88.0,95.0,1.0,53.3,2.0,26.65
95.0,89509.0,5.0,98.8,1.4,98.8
89509.0,22.0,4.0,68.05,5.25,22.683333333333334
89509.0,32.0,2.0,21.33,39.5,0.6463636363636364
89509.0,84.0,1.0,78.71,2464.0,0.031943993506493504
84.0,120.0,2.0,95.0,3293.0,0.03971571906354515
88.0,89509.0,1.0,149.43,0.0,298.86
89509.0,83568.0,5.0,30.36,4.2,60.72
83568.0,49081.0,5.0,13.93,4.2,13.93
49081.0,71721.0,1.0,91.42,1228.0,0.07444625407166124
5.0,49.0,1.0,73.03,2978.0,0.024523169912693082
49.0,84.0,4.0,60.58,6335.75,2.5241666666666664
49.0,95.0,1.0,55.08,2.0,27.54
95.0,13.0,1.0,76.05,1101.0,0.06907356948228882
13.0,88.0,1.0,22.87,2.0,11.435
88.0,49.0,1.0,82.73,3360.0,0.024622023809523812
49.0,101.0,3.0,54.17,193.0,1.2311363636363637
101.0,5.0,2.0,82.63,443.0,5.902142857142857
5.0,84.0,2.0,58.5,26.0,29.25
84.0,88.0,2.0,126.06,5519.5,0.20598039215686276
8318.0,99.0,1.0,4.53,2652.0,0.0017081447963800905
99.0,32.0,4.0,27.73,5341.5,13.865
32.0,42740.0,4.0,27.0,100.0,9.0
42740.0,120.0,2.0,39.6,5.0,7.92
42740.0,22.0,2.0,65.68,3.5,21.893333333333334
42740.0,13003.0,4.0,31.83,48.75,7.9575
13003.0,54272.0,1.0,29.07,668.0,0.04351796407185629
54272.0,32.0,3.0,81.87,1045.0,0.5646206896551724
54272.0,120.0,4.0,87.21,8.0,87.21
54272.0,95.0,2.0,155.73,4.5,38.9325
32.0,13003.0,6.0,53.83,4884.833333333333,26.915
13003.0,120.0,1.0,62.07,36.0,1.7241666666666666
120.0,32.0,1.0,54.21,821.0,0.06602923264311815
33.0,96588.0,1.0,16.88,4500.0,0.003751111111111111
96588.0,49.0,2.0,164.09,667.5,3.6464444444444446
96588.0,60280.0,5.0,54.45,3418.4,18.150000000000002
96588.0,59802.0,2.0,38.29,3437.0,0.015164356435643563
59802.0,5.0,3.0,136.32,3.0,136.32
5.0,88.0,3.0,91.38,33.666666666666664,45.69
5.0,60280.0,6.0,44.37,56.333333333333336,22.185
88.0,60280.0,1.0,134.26,3.0,44.75333333333333
96588.0,95347.0,6.0,20.62,1879.0,10.31
95347.0,5.0,2.0,86.89,26.0,173.78
101.0,84.0,3.0,29.03,6234.666666666667,0.006933365177931693
84.0,5.0,6.0,58.5,1913.6666666666667,0.6573033707865169
84.0,95.0,2.0,76.73,1861.0,0.2107967032967033
84.0,99.0,1.0,84.36,890.0,0.09478651685393258
99.0,5.0,1.0,59.06,7.0,8.437142857142858
5.0,51552.0,1.0,47.71,28.0,1.7039285714285715
51552.0,33.0,1.0,141.53,117.0,1.2096581196581198
105.0,33.0,1.0,59.19,1828.0,0.032379649890590806
33.0,66.0,1.0,211.28,7.0,30.18285714285714
66.0,22.0,1.0,210.79,1.0,210.79
22.0,96.0,1.0,150.17,4.0,37.5425
96.0,66.0,1.0,64.72,21.0,3.0819047619047617
66.0,91636.0,1.0,180.58,53698.0,0.003362881299117286
91636.0,33.0,4.0,32.92,5.5,10.973333333333334
22.0,95.0,1.0,157.9,58.0,2.722413793103448
95.0,5.0,4.0,39.38,3268.0,2.187777777777778
5.0,88.0,2.0,91.38,6501.5,0.18095049504950494
84.0,5.0,2.0,58.5,68.0,2.5434782608695654
84.0,88.0,2.0,126.06,2580.5,252.12
88.0,101.0,1.0,132.74,2496.0,0.053181089743589746
101.0,95.0,1.0,90.35,8161.0,0.011070947187844626
95.0,84.0,1.0,76.73,542.0,0.14156826568265685
84.0,101.0,14.0,29.03,567.0714285714286,14.515
84.0,22.0,3.0,146.05,510.3333333333333,1.718235294117647
22.0,5.0,1.0,121.22,2.0,60.61
5.0,88.0,1.0,91.38,2.0,45.69
88.0,22.0,1.0,202.54,9.0,22.504444444444445
22.0,9048.0,1.0,138.33,2.0,69.165
9048.0,88.0,5.0,72.81,19.4,14.562000000000001
9048.0,84.0,2.0,65.56,82.5,32.78
22.0,93197.0,1.0,23.5,0.0,47.0
93197.0,33.0,2.0,17.3,1366.5,0.8238095238095239
93197.0,54112.0,7.0,14.76,51.42857142857143,14.76
54112.0,99.0,4.0,87.01,49.0,17.402
54112.0,33.0,2.0,31.45,3746.5,3.93125
54112.0,54272.0,1.0,30.36,5108.0,0.005943617854346123
54272.0,99.0,1.0,59.51,11153.0,0.005335784093965749
99.0,33.0,1.0,55.62,2140.0,0.025990654205607474
33.0,54272.0,1.0,12.51,571.0,0.02190893169877408
82886.0,120.0,2.0,58.75,6.5,9.791666666666666
82886.0,22.0,2.0,105.7,771.5,35.233333333333334
22.0,120.0,1.0,86.98,14.0,6.2128571428571435
120.0,66.0,1.0,297.2,3776.0,0.07870762711864407
66.0,5.0,1.0,325.65,210.0,1.5507142857142857
5.0,120.0,2.0,44.14,97.5,44.14
120.0,33.0,2.0,88.04,97.5,44.02
5.0,22.0,1.0,121.22,9.0,13.46888888888889
99.0,33.0,5.0,55.62,4848.8,11.123999999999999
33.0,22.0,4.0,24.53,78.25,4.906000000000001
22.0,32.0,2.0,88.88,240.5,0.7226016260162601
32.0,99.0,4.0,27.73,68.5,6.9325
22.0,99.0,4.0,64.39,6.5,21.463333333333335
5.0,39944.0,2.0,10.55,2168.0,0.006828478964401295
39944.0,120.0,2.0,38.06,13917.5,76.12
39944.0,84.0,1.0,69.03,3613.0,0.019106006089122614
84.0,5.0,1.0,58.5,9492.0,0.006163084702907712
39944.0,99.0,1.0,60.42,2.0,30.21
99.0,3597.0,4.0,21.61,4.25,10.805
3597.0,33.0,1.0,50.43,2.0,25.215
33.0,99.0,1.0,55.62,5.0,11.123999999999999
3597.0,39944.0,102.0,69.31,17.205882352941178,69.31
3597.0,88.0,44.0,152.61,33.45454545454545,305.22
88.0,39944.0,18.0,87.14,3.0,87.14
3597.0,84.0,8.0,104.84,14.625,104.84
92.0,72897.0,1.0,111.23,6351.0,0.017513777357896394
72897.0,95.0,3.0,53.95,4204.666666666667,107.9
95.0,26858.0,1.0,26.44,10.0,2.644
26858.0,49.0,2.0,65.32,3.0,21.77333333333333
49.0,72897.0,18.0,103.92,30.055555555555557,207.84
72897.0,26858.0,9.0,39.56,9.777777777777779,13.186666666666667
33.0,105.0,2.0,59.19,6093.0,0.021995540691192864
33.0,22.0,2.0,24.53,10388.0,0.002754013697092175
33.0,99.0,2.0,55.62,2219.0,7.945714285714286
88.0,9048.0,5.0,72.81,10030.8,36.405
9048.0,51593.0,1.0,15.0,7.0,2.142857142857143
51593.0,88.0,2.0,86.42,3.0,43.21
51593.0,88834.0,1.0,31.24,5.0,6.247999999999999
88834.0,86107.0,2.0,21.93,2.5,21.93
88834.0,8172.0,1.0,8.49,2.0,4.245
8172.0,51593.0,6.0,39.7,3.1666666666666665,19.85
51593.0,86107.0,3.0,52.7,2.6666666666666665,105.4
51593.0,79085.0,2.0,17.03,0.0,34.06
79085.0,86107.0,1.0,44.64,1.0,44.64
86107.0,79100.0,2.0,65.3,0.0,130.6
79100.0,51593.0,12.0,32.2,2.75,32.2
8172.0,79085.0,1.0,30.36,4.0,7.59
51593.0,47646.0,19.0,38.08,3.5789473684210527,19.04
51593.0,33.0,12.0,117.99,2.75,117.99
33.0,79100.0,3.0,126.55,0.0,253.1
47646.0,120.0,4.0,29.56,3.75,9.853333333333333
120.0,51593.0,10.0,43.35,0.5,86.7
120.0,79100.0,1.0,70.2,1.0,70.2
120.0,33.0,3.0,88.04,1.0,88.04
51593.0,13568.0,2.0,93.61,19.5,18.722
47646.0,33.0,1.0,80.03,7.0,11.432857142857143
33.0,9048.0,3.0,132.97,71.33333333333333,33.2425
88.0,5.0,1.0,91.38,11.0,8.307272727272727
5.0,33.0,2.0,114.67,11.5,11.467
5.0,120.0,2.0,44.14,1.5,44.14
5.0,105.0,1.0,173.49,10.0,17.349
105.0,120.0,1.0,146.43,14.0,10.459285714285715
120.0,22.0,1.0,86.98,12.0,7.248333333333334
22.0,33.0,1.0,24.53,29.0,0.8458620689655173
33.0,105.0,3.0,59.19,129.0,6.576666666666666
105.0,96.0,1.0,88.97,28.0,3.1774999999999998
64102.0,88.0,2.0,63.96,5.5,63.96
64102.0,49.0,2.0,28.02,2596.5,2.1553846153846155
64102.0,5.0,2.0,51.2,7274.5,0.034133333333333335
64102.0,95.0,1.0,27.07,3803.0,0.007118064685774389
88.0,95.0,3.0,53.3,1.0,53.3
95.0,5.0,2.0,39.38,10.0,3.938
5.0,88.0,1.0,91.38,2.0,45.69
5.0,33.0,2.0,114.67,6.5,229.34
33.0,95.0,1.0,153.3,3.0,51.1
95.0,101.0,1.0,90.35,5.0,18.07
101.0,105.0,1.0,207.37,2.0,103.685
105.0,5.0,1.0,173.49,3.0,57.830000000000005
33.0,88.0,1.0,201.51,2.0,100.755
95.0,105.0,1.0,212.35,7.0,30.335714285714285
105.0,33.0,1.0,59.19,3.0,19.73
88.0,95.0,6.0,53.3,1410.3333333333333,53.3
95.0,5.0,2.0,39.38,16123.5,0.007992693322508626
88.0,49.0,1.0,82.73,1239.0,0.06677158999192898
49.0,95.0,2.0,55.08,905.0,27.54
95.0,13.0,2.0,76.05,1308.5,152.1
95.0,5.0,1.0,39.38,6948.0,0.005667818077144502
5.0,99.0,1.0,59.06,578.0,0.10217993079584775
99.0,95.0,1.0,97.82,10467.0,0.00934556224324066
95.0,32.0,1.0,87.51,127.0,0.6890551181102362
32.0,5.0,1.0,48.84,7860.0,0.006213740458015268
5.0,49.0,2.0,73.03,6548.5,0.011526199494949495
5.0,22.0,1.0,121.22,4474.0,0.027094322753687974
22.0,95.0,1.0,157.9,5060.0,0.031205533596837944
95.0,33.0,1.0,153.3,8.0,19.1625
54272.0,105.0,4.0,59.57,1408.25,0.19923076923076924
105.0,22.0,1.0,63.38,3351.0,0.018913757087436586
22.0,54272.0,1.0,12.05,964.0,0.0125
54272.0,13568.0,6.0,27.2,340.0,6.8
54272.0,99.0,7.0,59.51,265.2857142857143,29.755
99.0,105.0,3.0,114.55,200.66666666666666,38.18333333333333
33.0,54272.0,4.0,12.51,1835.25,0.14379310344827587
54272.0,99.0,22.0,59.51,859.5909090909091,19.836666666666666
33.0,105.0,1.0,59.19,1986.0,0.029803625377643504
105.0,54272.0,2.0,59.57,354.5,9.928333333333333
54272.0,120.0,2.0,87.21,78.5,3.354230769230769
5.0,120.0,2.0,44.14,5071.0,0.009950405770964833
5.0,95.0,2.0,39.38,436.0,0.6789655172413793
95.0,22.0,1.0,157.9,3.0,52.63333333333333
22.0,120.0,1.0,86.98,122.0,0.7129508196721311
120.0,88.0,1.0,115.57,442.0,0.2614705882352941
88.0,95.0,1.0,53.3,31.0,1.7193548387096773
5.0,22.0,1.0,121.22,739.0,0.16403247631935047
32.0,22.0,3.0,88.88,5383.666666666667,11.11
22.0,33.0,2.0,24.53,11.0,6.1325
33.0,99.0,4.0,55.62,6.5,9.27
99.0,22.0,5.0,64.39,13.4,21.463333333333335
32.0,99.0,5.0,27.73,4.4,9.243333333333334
33.0,32.0,2.0,74.92,3.0,24.973333333333333
32.0,5.0,4.0,48.84,247.75,0.2161061946902655
32.0,96.0,1.0,217.41,750.0,0.28987999999999997
96.0,5.0,1.0,261.85,1693.0,0.15466627288836388
5.0,33.0,1.0,114.67,119.0,0.9636134453781513
33.0,66.0,1.0,211.28,23796.0,0.00887880316019499
66.0,22.0,1.0,210.79,22.0,9.581363636363635
22.0,120.0,1.0,86.98,4.0,21.745
120.0,99.0,3.0,40.56,6.333333333333333,6.760000000000001
120.0,5.0,2.0,44.14,65.0,88.28
5.0,99.0,1.0,59.06,7.0,8.437142857142858
22.0,33.0,2.0,24.53,76.5,0.5575
33.0,99.0,1.0,55.62,6.0,9.27
99.0,22.0,3.0,64.39,18.0,32.195
33.0,51286.0,1.0,64.13,147.0,0.4362585034013605
51286.0,120.0,1.0,46.2,603.0,0.07661691542288558
96.0,32.0,1.0,217.41,359.0,0.6055988857938719
32.0,120.0,1.0,54.21,251.0,0.2159760956175299
120.0,22.0,1.0,86.98,15.0,5.798666666666667
22.0,99.0,1.0,64.39,9.0,7.154444444444445
99.0,33.0,2.0,55.62,32.5,1.8539999999999999
99.0,22.0,2.0,64.39,35.0,32.195
22.0,33.0,1.0,24.53,5.0,4.906000000000001
33.0,99.0,1.0,55.62,304.0,0.18296052631578946
99.0,32.0,6.0,27.73,168.0,9.243333333333334
33.0,22.0,4.0,24.53,361.0,0.2010655737704918
33.0,5.0,1.0,114.67,1444.0,0.07941135734072022
5.0,99.0,7.0,59.06,62.285714285714285,9.843333333333334
22.0,95.0,1.0,157.9,244.0,0.6471311475409837
95.0,105.0,2.0,212.35,3.0,70.78333333333333
105.0,5.0,3.0,173.49,10.333333333333334,34.698
5.0,95.0,1.0,39.38,5.0,7.876
105.0,32.0,1.0,130.85,8439.0,0.015505391634079867
32.0,5.0,1.0,48.84,7034.0,0.006943417685527439
99.0,5.0,7.0,59.06,397.14285714285717,9.843333333333334
99.0,22.0,1.0,64.39,2.0,32.195
22.0,5.0,1.0,121.22,4.0,30.305
5.0,88.0,1.0,91.38,53.0,1.7241509433962263
88.0,99.0,1.0,147.2,604.0,0.24370860927152316
88.0,5.0,1.0,91.38,0.0,182.76
5.0,33.0,2.0,114.67,1.0,114.67
33.0,13.0,1.0,223.7,2.0,111.85
13.0,95.0,1.0,76.05,1.0,76.05
95.0,22.0,1.0,157.9,5.0,31.580000000000002
22.0,5.0,1.0,121.22,4.0,30.305
33.0,22.0,2.0,24.53,6.5,4.906000000000001
33.0,96.0,1.0,148.12,7.0,21.16
96.0,66.0,1.0,64.72,1.0,64.72
66.0,22.0,1.0,210.79,1.0,210.79
22.0,96.0,1.0,150.17,19.0,7.903684210526315
23449.0,14802.0,3.0,59.55,4.333333333333333,19.849999999999998
14802.0,105.0,14.0,173.21,29.142857142857142,86.605
14802.0,22.0,70.0,119.23,27.15714285714286,238.46
88.0,1652.0,1.0,77.14,1.0,77.14
1652.0,26858.0,2.0,75.5,7667.5,0.012917023096663816
26858.0,13.0,1.0,49.67,8.0,6.20875
13.0,1652.0,1.0,87.44,5.0,17.488
1652.0,49.0,2.0,137.43,39.0,4.164545454545455
1652.0,5.0,3.0,96.42,467.0,24.105
5.0,26858.0,3.0,64.81,1570.6666666666667,16.2025
26858.0,88.0,2.0,26.87,3408.0,0.01598453301606187
26858.0,95.0,2.0,26.44,4135.0,13.22
26858.0,22.0,1.0,179.19,1.0,179.19
22.0,1652.0,1.0,162.39,1.0,162.39
95.0,72974.0,1.0,79.58,13.0,6.121538461538462
72974.0,93824.0,5.0,27.29,10.8,6.8225
93824.0,15637.0,12.0,16.4,13.333333333333334,32.8
93824.0,120.0,86.0,20.99,16.569767441860463,41.98
93824.0,105.0,20.0,161.91,20.25,323.82
93824.0,99.0,62.0,49.35,32.96774193548387,98.7
84.0,92071.0,3.0,29.5,1295.6666666666667,0.3782051282051282
92071.0,5.0,4.0,58.02,11.0,9.67
92071.0,66.0,2.0,356.23,5358.0,4.509240506329114
92071.0,49.0,2.0,31.1,6498.5,0.02023422251138582
5.0,51531.0,1.0,14.78,5.0,2.956
51531.0,23449.0,6.0,72.67,16.666666666666668,14.534
51531.0,63422.0,172.0,54.13,25.127906976744185,108.26
63422.0,99.0,13.0,24.17,10.846153846153847,12.085
51531.0,99.0,1.0,68.58,28.0,2.4492857142857143
63422.0,88.0,19.0,124.71,16.263157894736842,62.355
63422.0,105.0,1.0,135.98,0.0,271.96
105.0,88.0,1.0,260.65,1.0,260.65
51531.0,88.0,2.0,89.87,2.0,44.935
88.0,84932.0,2.0,10.78,912.0,0.8292307692307692
88.0,95.0,1.0,53.3,2375.0,0.022442105263157895
95.0,84932.0,3.0,42.53,969.3333333333334,14.176666666666668
84932.0,32.0,2.0,129.54,23.0,64.77
88.0,84932.0,1.0,10.78,91.0,0.11846153846153845
84932.0,5.0,5.0,80.82,15.2,40.41
5.0,99.0,1.0,59.06,6.0,9.843333333333334
99.0,84932.0,1.0,137.15,20177.0,0.006797343509937057
95.0,26858.0,1.0,26.44,39.0,0.677948717948718
26858.0,49.0,2.0,65.32,6.5,10.886666666666665
26858.0,13.0,5.0,49.67,35.0,8.278333333333334
13.0,92.0,1.0,154.36,7.0,22.051428571428573
92.0,26858.0,1.0,150.18,1.0,150.18
26858.0,5.0,1.0,64.81,6.0,10.801666666666668
95.0,3236.0,1.0,16.64,8.0,2.08
3236.0,84.0,6.0,92.86,301.3333333333333,185.72
3236.0,32.0,7.0,102.87,81.28571428571429,34.29
32.0,29230.0,3.0,60.0,5.666666666666667,30.0
29230.0,54272.0,17.0,43.68,3.8823529411764706,14.56
54272.0,3236.0,31.0,167.52,30.161290322580644,167.52
3236.0,29230.0,37.0,126.51,519.3243243243244,253.02
3236.0,22.0,2.0,168.8,453.0,2.5575757575757576
3236.0,99.0,7.0,110.97,403.7142857142857,221.94
3236.0,49.0,2.0,63.4,297.5,0.38658536585365855
99.0,13.0,2.0,169.72,39.0,4.587027027027027
54272.0,99.0,1.0,59.51,2.0,29.755
54272.0,91636.0,7.0,29.53,1.7142857142857142,59.06
91636.0,3236.0,4.0,196.96,2.25,196.96
29230.0,91636.0,9.0,72.8,1.1111111111111112,145.6
3236.0,13.0,10.0,60.17,3.8,20.05666666666667
22.0,91636.0,1.0,32.09,548.0,0.05855839416058395
91636.0,81487.0,23.0,60.03,58.0,120.06
91636.0,8318.0,4.0,92.2,71.75,4.390476190476191
81487.0,8318.0,8.0,34.99,59.125,4.998571428571429
81487.0,33.0,36.0,31.42,78.52777777777777,15.71
81487.0,32.0,10.0,57.45,65.0,14.3625
81487.0,5.0,2.0,88.13,153.5,0.70504
22.0,34875.0,1.0,37.71,3.0,12.57
34875.0,76352.0,6.0,6.08,15.666666666666666,2.026666666666667
34875.0,75205.0,1.0,34.18,26.0,1.3146153846153845
75205.0,76352.0,21.0,39.56,24.285714285714285,9.89
76352.0,20297.0,19.0,15.13,13.631578947368421,15.13
20297.0,74867.0,1.0,25.94,12.0,2.1616666666666666
74867.0,75205.0,10.0,52.35,21.0,52.35
74867.0,76352.0,13.0,16.12,12.23076923076923,5.373333333333334
33.0,96588.0,1.0,16.88,20.0,0.844
96588.0,59802.0,1.0,38.29,21171.0,0.0018086061121345236
84.0,22615.0,1.0,41.03,1055.0,0.03889099526066351
22615.0,51552.0,2.0,19.42,3167.5,0.010676195711929633
51552.0,5.0,1.0,47.71,7.0,6.815714285714286
5.0,22.0,4.0,121.22,120.5,20.203333333333333
5.0,22615.0,1.0,58.15,2952.0,0.01969850948509485
51552.0,32.0,2.0,66.6,234.5,0.74
13568.0,54272.0,8.0,27.2,635.125,6.8
54272.0,22.0,2.0,12.05,3475.0,0.0061731557377049185
22.0,85793.0,3.0,56.62,89.66666666666667,2.4617391304347827
85793.0,13568.0,1.0,29.41,4818.0,0.006104192611041926
13568.0,120.0,1.0,60.83,2163.0,0.028122977346278315
120.0,99.0,1.0,40.56,2483.0,0.016335078534031416
99.0,13568.0,1.0,33.38,742.0,0.044986522911051215
54272.0,99.0,5.0,59.51,633.4,119.02
99.0,33.0,1.0,55.62,70.0,0.7945714285714285
33.0,85793.0,1.0,56.73,960.0,0.059093749999999994
85793.0,54272.0,5.0,55.9,85.0,13.975
22.0,99.0,8.0,64.39,353.375,4.953076923076923
95.0,23064.0,2.0,0.48,6933.5,8.530300337657721e-05
23064.0,9048.0,1.0,21.02,9126.0,0.0023033092263861493
9048.0,48781.0,1.0,14.14,29.0,0.48758620689655174
48781.0,23064.0,314.0,28.6,29.78980891719745,28.6
48781.0,27439.0,2.0,50.09,4.5,12.5225
27439.0,23064.0,2.0,28.02,2.5,14.01
23064.0,69143.0,2.0,90.14,3.0,30.046666666666667
69143.0,48781.0,2.0,62.68,2.0,31.34
48781.0,50024.0,83.0,21.84,26.08433734939759,43.68
50024.0,23064.0,8.0,47.8,5.75,9.559999999999999
23064.0,14993.0,3.0,103.47,2.0,51.735
14993.0,10333.0,1.0,36.06,1.0,36.06
10333.0,84.0,1.0,120.15,1.0,120.15
84.0,50024.0,1.0,69.14,2.0,34.57
14993.0,48781.0,1.0,76.94,4.0,19.235
14993.0,50024.0,1.0,55.76,4.0,13.94
48781.0,10333.0,12.0,112.87,3.5,112.87
10333.0,50024.0,6.0,91.81,6.833333333333333,30.603333333333335
23064.0,10333.0,7.0,139.52,2.0,69.76
10333.0,8318.0,1.0,46.1,1.0,46.1
8318.0,48781.0,12.0,68.15,4.916666666666667,34.075
48781.0,91636.0,17.0,158.38,5.764705882352941,316.76
91636.0,8318.0,9.0,92.2,0.4444444444444444,184.4
50024.0,91636.0,9.0,137.64,9.444444444444445,68.82
91636.0,32.0,3.0,107.81,0.6666666666666666,215.62
32.0,50024.0,1.0,47.27,3.0,15.756666666666668
23064.0,91636.0,2.0,185.42,3.0,61.806666666666665
50024.0,8318.0,4.0,46.52,16.25,15.506666666666668
50024.0,69143.0,2.0,42.45,13.0,10.6125
23064.0,43677.0,7.0,156.25,6.571428571428571,156.25
43677.0,27778.0,2.0,13.89,1.5,13.89
27778.0,48781.0,4.0,130.08,4.25,43.36000000000001
27778.0,50024.0,2.0,109.4,4.0,27.35
23064.0,27778.0,2.0,157.2,1.0,157.2
43677.0,50024.0,12.0,108.78,24.083333333333332,27.195
48781.0,43677.0,18.0,130.14,13.555555555555555,43.379999999999995
43677.0,22.0,9.0,27.84,0.5555555555555556,55.68
22.0,50024.0,2.0,110.77,4.0,27.6925
48781.0,22.0,12.0,130.5,6.333333333333333,65.25
23064.0,22.0,10.0,158.37,255.3,158.37
23064.0,13.0,8.0,75.62,319.125,37.81
13.0,48781.0,6.0,97.15,58.666666666666664,24.2875
23064.0,49.0,4.0,54.93,29.25,4.5775
48781.0,99.0,9.0,72.68,13.222222222222221,36.34
95.0,22.0,1.0,157.9,290.0,0.5444827586206896
23064.0,5.0,2.0,39.86,1972.5,0.022777142857142857
99.0,23064.0,7.0,98.3,139.85714285714286,196.6
22.0,99.0,4.0,64.39,0.75,128.78
99.0,49.0,3.0,126.11,1.0,126.11
49.0,48781.0,3.0,76.46,43.0,19.115
99.0,50024.0,3.0,51.04,4.0,12.76
9048.0,64102.0,14.0,37.0,52.642857142857146,7.4
9048.0,88.0,3.0,72.81,2.6666666666666665,72.81
88.0,64102.0,7.0,63.96,1576.0,15.99
32.0,85503.0,1.0,56.97,466.0,0.12225321888412016
85503.0,8318.0,1.0,35.23,2018.0,0.017457879088206143
8318.0,99.0,21.0,4.53,611.7142857142857,0.6471428571428571
8318.0,32.0,1.0,26.39,11104.0,0.002376621037463977
32.0,99.0,1.0,27.73,50.0,0.5546
32.0,32039.0,1.0,30.11,1796.0,0.016765033407572384
32039.0,68855.0,129.0,15.26,146.48837209302326,30.52
32039.0,105.0,8.0,140.79,2.875,281.58
32039.0,56867.0,18.0,29.41,15.38888888888889,14.705
56867.0,68855.0,77.0,38.08,56.62337662337662,76.16
68855.0,105.0,15.0,148.53,30.266666666666666,297.06
105.0,56867.0,3.0,111.51,3.3333333333333335,223.02
56867.0,22.0,1.0,59.3,15435.0,0.0038419177194687396
22.0,23449.0,1.0,59.91,148.0,0.4047972972972973
23449.0,68855.0,8.0,33.62,5.25,11.206666666666665
56867.0,23449.0,1.0,7.21,4.0,1.8025
68855.0,13568.0,8.0,63.13,4.25,31.565
32039.0,13568.0,4.0,57.31,6.0,9.551666666666668
22.0,62643.0,1.0,37.48,79.0,0.4744303797468354
62643.0,5.0,28.0,83.89,202.14285714285714,83.89
62643.0,54272.0,28.0,34.67,261.75,8.6675
62643.0,8318.0,7.0,30.89,126.57142857142857,10.296666666666667
54272.0,8318.0,3.0,63.66,360.0,127.32
54272.0,105.0,5.0,59.57,191.6,5.957
105.0,62643.0,16.0,93.28,36.6875,186.56
62643.0,32.0,52.0,53.89,183.71153846153845,26.945
105.0,32.0,1.0,130.85,3.0,43.61666666666667
5.0,95.0,5.0,39.38,6.8,6.5633333333333335
95.0,62643.0,3.0,121.18,1.0,121.18
62643.0,84.0,1.0,111.22,2.0,55.61
84.0,5.0,1.0,58.5,3.0,19.5
5.0,32.0,15.0,48.84,360.6,24.42
33.0,96588.0,1.0,16.88,975.0,0.01731282051282051
96588.0,59802.0,1.0,38.29,9438.0,0.004057003602458148
91636.0,54112.0,8.0,5.83,1258.125,0.022337164750957855
54112.0,19.0,2.0,88.93,15.0,9.881111111111112
91636.0,22.0,1.0,32.09,5871.0,0.005465849088741271
22.0,54112.0,3.0,34.93,2657.0,11.643333333333333
54112.0,105.0,1.0,29.21,3774.0,0.007739798622151564
88.0,58086.0,1.0,2.88,65.0,0.044307692307692305
58086.0,26858.0,2.0,24.19,23227.5,3.455714285714286
58086.0,8814.0,14.0,57.27,3.5,28.635
58086.0,5.0,7.0,88.83,3.857142857142857,44.415
5.0,26858.0,6.0,64.81,5.166666666666667,21.603333333333335
5.0,13.0,1.0,114.24,4.0,28.56
13.0,26858.0,1.0,49.67,2.0,24.835
49.0,29992.0,1.0,45.36,55.0,0.8247272727272728
29992.0,95.0,2.0,15.05,6724.5,0.0587890625
29992.0,88.0,4.0,65.95,413.25,8.24375
29992.0,84.0,6.0,61.87,99.5,8.838571428571429
29992.0,120.0,2.0,74.21,6.5,37.105
29992.0,32.0,3.0,78.32,48.666666666666664,11.188571428571427
29992.0,99.0,5.0,92.3,6.6,15.383333333333333
99.0,22.0,3.0,64.39,1.0,64.39
22.0,88.0,3.0,202.54,2.0,101.27
88.0,99.0,3.0,147.2,10.0,14.719999999999999
99.0,33.0,2.0,55.62,6.5,11.123999999999999
99.0,32.0,1.0,27.73,4.0,6.9325
32.0,22.0,2.0,88.88,13.0,8.888
29992.0,22.0,16.0,154.7,48.8125,309.4
49.0,92.0,1.0,211.31,1269.0,0.16651694247438928
92.0,105.0,1.0,241.02,6546.0,0.03681943171402383
105.0,58906.0,34.0,217.69,398.55882352941177,435.38
58906.0,64102.0,2.0,18.38,3779.0,36.76
58906.0,99.0,12.0,103.23,176.25,103.23
58906.0,33.0,10.0,158.85,1.9,317.7
33.0,99.0,3.0,55.62,33.333333333333336,13.905
99.0,22.0,2.0,64.39,27.0,64.39
22.0,33.0,1.0,24.53,3.0,8.176666666666668
22.0,32.0,1.0,88.88,14.0,6.348571428571428
32.0,58906.0,8.0,90.75,1201.875,90.75
58906.0,49.0,2.0,46.24,2033.5,92.48
58906.0,13.0,15.0,75.27,61.8,25.09
58906.0,92.0,2.0,165.16,1061.0,0.2457738095238095
13.0,105.0,1.0,282.76,3.0,94.25333333333333
105.0,32.0,4.0,130.85,1.75,130.85
58906.0,22.0,2.0,164.5,5.0,329.0
58906.0,29230.0,34.0,123.24,4.294117647058823,246.48
29230.0,84.0,3.0,115.98,1.3333333333333333,115.98
84.0,105.0,1.0,182.02,2.0,91.01
105.0,29230.0,5.0,103.25,0.4,206.5
33.0,29230.0,5.0,47.09,5.0,11.7725
32.0,101.0,1.0,86.22,0.0,172.44
101.0,58906.0,20.0,84.66,70.35,169.32
33.0,105.0,6.0,59.19,7.166666666666667,11.838
101.0,105.0,4.0,207.37,116.0,414.74
29230.0,101.0,4.0,145.02,1.75,145.02
101.0,33.0,1.0,157.67,3.0,52.556666666666665
99.0,29230.0,7.0,32.28,1.4285714285714286,64.56
95.0,26858.0,3.0,26.44,6828.0,52.88
26858.0,99.0,3.0,121.72,1062.6666666666667,13.524444444444445
99.0,5.0,1.0,59.06,3175.0,0.01860157480314961
5.0,1652.0,1.0,96.42,2012.0,0.04792246520874752
1652.0,26858.0,3.0,75.5,2920.3333333333335,0.15221774193548387
95.0,79123.0,1.0,69.35,1420.0,0.04883802816901408
79123.0,26858.0,1.0,93.78,1885.0,0.04975066312997348
95.0,8814.0,1.0,9.55,7.0,1.3642857142857143
8814.0,90040.0,2.0,74.24,737.5,148.48
8814.0,26858.0,1.0,33.24,4969.0,0.006689474743409137
26858.0,13.0,1.0,49.67,254.0,0.19555118110236222
13.0,79123.0,1.0,142.42,1.0,142.42
79123.0,22.0,2.0,91.51,3.5,183.02
79123.0,33.0,2.0,84.22,3.0,84.22
79123.0,84.0,1.0,66.94,2903.0,0.023058904581467445
84.0,8814.0,1.0,75.55,6.0,12.591666666666667
8814.0,32.0,2.0,80.32,745.5,0.14091228070175438
8814.0,99.0,1.0,89.1,2395.0,0.03720250521920668
99.0,49.0,3.0,126.11,3.0,42.03666666666667
49.0,26858.0,2.0,65.32,0.5,130.64
49.0,8814.0,7.0,61.76,7.428571428571429,30.88
8814.0,22.0,5.0,148.58,30.2,24.763333333333335
22.0,68610.0,5.0,139.75,51.4,139.75
68610.0,8814.0,3.0,36.24,12.0,12.08
68610.0,26858.0,2.0,64.5,159.5,1.6538461538461537
68610.0,13.0,2.0,113.26,205.0,1.2178494623655916
8814.0,13.0,2.0,82.71,19.5,5.513999999999999
8814.0,1652.0,1.0,80.21,52.0,1.5425
1652.0,79123.0,2.0,109.2,6.5,109.2
1652.0,105.0,2.0,225.53,1236.5,0.7858188153310105
95.0,1652.0,3.0,83.71,6911.666666666667,16.741999999999997
1652.0,26858.0,2.0,75.5,7321.0,3.02
1652.0,13.0,2.0,87.44,7.0,14.573333333333332
1652.0,5.0,2.0,96.42,12035.0,16.07
1652.0,90040.0,12.0,13.04,136.66666666666666,26.08
22.0,59802.0,1.0,25.3,897.0,0.028205128205128206
59802.0,19.0,2.0,98.63,241.0,10.958888888888888
59802.0,96.0,2.0,128.23,3293.5,0.42180921052631576
59802.0,120.0,2.0,107.02,1167.0,0.14580381471389645
59802.0,69377.0,2.0,67.62,18544.5,0.005603248259860789
69377.0,120.0,9.0,45.52,71.55555555555556,15.173333333333334
120.0,32.0,2.0,54.21,6.5,9.035
120.0,99.0,1.0,40.56,1056.0,0.038409090909090914
99.0,69377.0,1.0,10.08,3.0,3.36
5.0,120.0,2.0,44.14,1584.0,4.904444444444445
120.0,22.0,2.0,86.98,315.0,86.98
22.0,95.0,2.0,157.9,201.5,17.544444444444444
95.0,32.0,5.0,87.51,33.4,14.585
32.0,5.0,6.0,48.84,1613.0,4.884
5.0,95.0,3.0,39.38,675.0,6.5633333333333335
120.0,32.0,8.0,54.21,775.625,7.744285714285715
22.0,32.0,5.0,88.88,18.2,177.76
5.0,22.0,7.0,121.22,1694.5714285714287,20.203333333333333
22.0,105.0,2.0,63.38,6.5,63.38
32.0,88.0,8.0,140.16,2764.75,280.32
88.0,22.0,2.0,202.54,189.0,101.27
95.0,5.0,5.0,39.38,5540.4,9.845
5.0,88.0,2.0,91.38,1.0,91.38
88.0,95.0,2.0,53.3,3.0,17.766666666666666
5.0,99.0,1.0,59.06,29518.0,0.002000813063215665
99.0,95.0,1.0,97.82,2539.0,0.038526979125640015
84.0,5.0,12.0,58.5,1726.4166666666667,1.0263157894736843
5.0,99.0,2.0,59.06,8.0,7.3825
99.0,22.0,2.0,64.39,1.0,64.39
22.0,5.0,2.0,121.22,4.0,30.305
84.0,88.0,2.0,126.06,13.0,11.46
63790.0,84.0,4.0,43.24,1333.0,5.405
84.0,101.0,1.0,29.03,1262.0,0.023003169572107768
101.0,63790.0,1.0,45.93,183.0,0.25098360655737706
63790.0,5.0,1.0,54.62,694.0,0.07870317002881844
5.0,95.0,3.0,39.38,6.666666666666667,6.5633333333333335
95.0,22.0,1.0,157.9,3.0,52.63333333333333
22.0,5.0,1.0,121.22,1618.0,0.07491965389369593
5.0,88.0,2.0,91.38,6.5,45.69
5.0,84.0,1.0,58.5,3598.0,0.016259032795997778
84.0,99.0,1.0,84.36,3.0,28.12
99.0,63790.0,1.0,105.6,93.0,1.135483870967742
84.0,95.0,1.0,76.73,43.0,1.784418604651163
95.0,49.0,1.0,55.08,2.0,27.54
49.0,88.0,1.0,82.73,379.0,0.2182849604221636
88.0,13.0,1.0,22.87,5.0,4.574
13.0,95.0,6.0,76.05,6.5,15.209999999999999
105.0,33.0,1.0,59.19,10663.0,0.005550970646159617
33.0,54272.0,1.0,12.51,11.0,1.1372727272727272
54272.0,5.0,2.0,117.96,5.5,117.96
54272.0,105.0,1.0,59.57,1195.0,0.04984937238493724
5.0,8318.0,1.0,54.66,4761.0,0.011480781348456206
8318.0,84.0,3.0,81.98,5051.666666666667,20.495
84.0,88.0,1.0,126.06,2.0,63.03
88.0,42740.0,1.0,145.84,676.0,0.2157396449704142
42740.0,22.0,2.0,65.68,1.5,65.68
42740.0,84.0,5.0,83.39,2706.4,13.898333333333333
42740.0,95.0,4.0,96.42,955.75,3.4435714285714285
84.0,99.0,1.0,84.36,1862.0,0.045306122448979594
99.0,42740.0,1.0,1.4,892.0,0.001569506726457399
42740.0,8318.0,1.0,3.16,3205.0,0.0009859594383775352
8318.0,95.0,2.0,93.33,13.0,15.555
8318.0,32.0,2.0,26.39,1771.5,52.78
105.0,33.0,1.0,59.19,7397.0,0.008001892659186157
33.0,22.0,3.0,24.53,11.333333333333334,4.906000000000001
22.0,96.0,1.0,150.17,4.0,37.5425
96.0,33.0,1.0,148.12,1.0,148.12
33.0,66.0,1.0,211.28,43.0,4.913488372093023
66.0,105.0,1.0,152.18,46368.0,0.0032820048309178747
33.0,93197.0,2.0,17.3,5481.0,0.0034001572327044026
33.0,22.0,1.0,24.53,6699.0,0.0036617405582922828
22.0,93197.0,1.0,23.5,13.0,1.8076923076923077
93197.0,99.0,2.0,72.48,86.5,6.04
33.0,36231.0,2.0,8.85,1743.5,17.7
36231.0,105.0,1.0,62.09,2738.0,0.022677136596055514
105.0,33.0,1.0,59.19,4247.0,0.013936896632917353
36231.0,120.0,38.0,84.34,37.078947368421055,42.17
95.0,48812.0,1.0,5.07,48649.0,0.0001042159139961767
48812.0,49.0,55.0,59.56,196.8,119.12
48812.0,5.0,1.0,41.32,2806.0,0.014725588025659302
5.0,120.0,1.0,44.14,3.0,14.713333333333333
120.0,48812.0,3.0,72.81,461.3333333333333,1.1557142857142857
48812.0,66.0,1.0,365.49,632.0,0.5783069620253165
66.0,33.0,1.0,211.28,370.0,0.571027027027027
33.0,22.0,2.0,24.53,13.0,2.7255555555555557
33.0,99.0,1.0,55.62,87.0,0.6393103448275862
99.0,48812.0,1.0,98.92,123.0,0.8042276422764227
48812.0,105.0,5.0,213.35,8.2,106.675
105.0,49.0,1.0,235.59,1.0,235.59
48812.0,22.0,2.0,158.02,3.5,316.04
95.0,88.0,5.0,53.3,5577.4,0.05037807183364839
95.0,5.0,3.0,39.38,1365.0,0.10255208333333334
95.0,99.0,1.0,97.82,834.0,0.11729016786570742
99.0,5.0,1.0,59.06,2754.0,0.021445170660856935
99.0,5.0,2.0,59.06,5683.0,0.014464854273818271
99.0,95.0,1.0,97.82,3748.0,0.02609925293489861
95.0,88.0,1.0,53.3,1748.0,0.03049199084668192
88.0,5.0,1.0,91.38,1618.0,0.056477132262051914
99.0,33.0,1.0,55.62,52681.0,0.0010557886144909928
33.0,66.0,2.0,211.28,195.0,35.21333333333333
33.0,22.0,4.0,24.53,90.75,8.176666666666668
33.0,96.0,2.0,148.12,121.5,9.2575
42740.0,8318.0,2.0,3.16,7453.0,0.0007333488048271061
8318.0,99.0,1.0,4.53,6512.0,0.0006956388206388207
99.0,5.0,1.0,59.06,9987.0,0.005913687794132373
5.0,8318.0,3.0,54.66,911.0,109.32
8318.0,84.0,1.0,81.98,327.0,0.2507033639143731
84.0,42740.0,2.0,83.39,132.0,16.678
8318.0,22.0,1.0,68.16,1624.0,0.041970443349753694
22.0,42740.0,2.0,65.68,113.0,2.5261538461538464
42740.0,57354.0,1.0,20.62,2814.0,0.007327647476901208
57354.0,17263.0,1.0,34.13,4.0,8.5325
17263.0,71120.0,7.0,28.64,2.5714285714285716,28.64
17263.0,95.0,2.0,116.97,2.0,58.485
71120.0,57354.0,10.0,62.65,3.8,20.883333333333333
71120.0,1214.0,1.0,25.5,4.0,6.375
1214.0,10333.0,2.0,31.83,6.5,7.9575
1214.0,40189.0,13.0,46.1,5.0,46.1
1214.0,8318.0,2.0,77.83,6.5,38.915
40189.0,91636.0,10.0,60.61,15.6,15.1525
40189.0,8318.0,1.0,31.83,1.0,31.83
8318.0,120.0,4.0,36.95,5.0,7.390000000000001
120.0,91636.0,4.0,116.68,3.0,38.89333333333334
91636.0,54272.0,3.0,29.53,4.0,7.3825
54272.0,8318.0,2.0,63.66,1.0,63.66
8318.0,91636.0,5.0,92.2,5.6,46.1
120.0,95.0,1.0,73.6,3.0,24.53333333333333
95.0,91636.0,1.0,184.94,0.0,369.88
54272.0,120.0,2.0,87.21,11.5,21.8025
91636.0,42740.0,1.0,89.27,68.0,1.3127941176470588
84.0,120.0,1.0,95.0,11.0,8.636363636363637
120.0,42740.0,3.0,39.6,10.333333333333334,6.6000000000000005
22.0,88309.0,1.0,52.39,0.0,104.78
88309.0,54272.0,1.0,46.86,4.0,11.715
120.0,88309.0,3.0,49.52,6.0,12.38
88309.0,8318.0,1.0,17.2,4222.0,0.004073898626243486
8318.0,32.0,2.0,26.39,1771.5,52.78
32.0,99.0,2.0,27.73,312.5,0.09764084507042253
99.0,66.0,1.0,266.73,2886.0,0.09242203742203743
66.0,96.0,1.0,64.72,293.0,0.22088737201365188
96.0,22.0,1.0,150.17,635.0,0.23648818897637794
22.0,33.0,3.0,24.53,31.666666666666668,8.176666666666668
33.0,32.0,1.0,74.92,557.0,0.13450628366247755
99.0,22.0,1.0,64.39,1674.0,0.03846475507765831
22.0,5.0,1.0,121.22,3976.0,0.030487927565392352
5.0,33.0,1.0,114.67,2315.0,0.049533477321814255
22.0,95.0,8.0,157.9,3426.75,1.23359375
95.0,32.0,2.0,87.51,2116.0,0.0420923520923521
95.0,49.0,4.0,55.08,255.5,1.899310344827586
49.0,5.0,1.0,73.03,2372.0,0.030788364249578416
5.0,95.0,3.0,39.38,134.33333333333334,5.625714285714286
95.0,88.0,5.0,53.3,122.0,17.766666666666666
88.0,84.0,1.0,126.06,2261.0,0.055754091110128266
84.0,95.0,3.0,76.73,1364.6666666666667,0.9964935064935065
95.0,13.0,3.0,76.05,66.33333333333333,25.349999999999998
88.0,5.0,1.0,91.38,145.0,0.6302068965517241
5.0,13.0,1.0,114.24,5.0,22.848
88.0,13.0,1.0,22.87,7.0,3.2671428571428573
13.0,92.0,1.0,154.36,2.0,77.18
92.0,95.0,1.0,156.67,1.0,156.67
49.0,84.0,1.0,60.58,191.0,0.31717277486910994
84.0,32.0,1.0,57.42,200.0,0.2871
32.0,99.0,2.0,27.73,1705.0,13.865
32.0,5.0,1.0,48.84,1605.0,0.030429906542056077
5.0,22.0,1.0,121.22,110.0,1.102
54272.0,99.0,11.0,59.51,1443.3636363636363,119.02
54272.0,105.0,2.0,59.57,601.5,0.09928333333333333
99.0,105.0,1.0,114.55,10696.0,0.010709611069558714
8814.0,33.0,2.0,144.43,316.0,0.4644051446945338
8814.0,95.0,2.0,9.55,2883.5,0.02185354691075515
95.0,49.0,2.0,55.08,4467.0,0.01899965505346671
95.0,105.0,2.0,212.35,195.0,70.78333333333333
95.0,5.0,2.0,39.38,266.0,0.21058823529411766
8814.0,47028.0,9.0,37.0,396.8888888888889,37.0
8814.0,105.0,2.0,203.56,15.0,67.85333333333334
47028.0,5.0,2.0,60.37,533.5,0.13356194690265485
47028.0,26858.0,1.0,32.8,4790.0,0.006847599164926931
26858.0,99.0,1.0,121.72,11.0,11.065454545454545
99.0,5.0,1.0,59.06,5.0,11.812000000000001
5.0,120.0,2.0,44.14,5.0,8.828
120.0,99.0,2.0,40.56,3.0,13.520000000000001
99.0,22.0,3.0,64.39,0.0,128.78
22.0,5.0,1.0,121.22,5.0,24.244
99.0,96.0,1.0,203.16,5.0,40.632
96.0,66.0,3.0,64.72,7.666666666666667,64.72
66.0,5.0,1.0,325.65,16.0,20.353125
105.0,22.0,1.0,63.38,558.0,0.11358422939068101
22.0,99.0,1.0,64.39,17635.0,0.0036512616954919195
99.0,32.0,1.0,27.73,133.0,0.20849624060150376
32.0,120.0,2.0,54.21,6.5,54.21
32.0,33.0,1.0,74.92,54.0,1.3874074074074074
33.0,120.0,2.0,88.04,26.0,3.827826086956522
33.0,99.0,1.0,55.62,105.0,0.5297142857142857
22.0,5.0,2.0,121.22,13542.5,0.014021978021978021
22.0,88.0,1.0,202.54,12584.0,0.016095041322314048
88.0,5.0,2.0,91.38,6.5,30.459999999999997
88.0,79123.0,5.0,119.71,8.4,39.90333333333333
88.0,13.0,1.0,22.87,3.0,7.623333333333334
13.0,79123.0,1.0,142.42,0.0,284.84
88.0,87392.0,1.0,174.93,3.0,58.31
87392.0,79123.0,1.0,57.2,0.0,114.4
79123.0,33.0,10.0,84.22,9.4,84.22
79123.0,54272.0,4.0,87.69,41.25,87.69
54272.0,32.0,5.0,81.87,15.0,163.74
54272.0,22.0,1.0,12.05,27.0,0.4462962962962963
22.0,79123.0,1.0,91.51,129.0,0.7093798449612404
79123.0,32.0,4.0,26.28,16.0,2.92
32.0,5.0,1.0,48.84,276.0,0.17695652173913046
5.0,54272.0,1.0,117.96,267.0,0.44179775280898875
54272.0,99.0,4.0,59.51,133.75,29.755
54272.0,95.0,2.0,155.73,91.0,22.247142857142855
54272.0,88.0,1.0,202.23,50.0,4.0446
13568.0,5.0,3.0,90.96,130.0,4.331428571428571
13568.0,33.0,3.0,27.47,119.0,5.494
13568.0,32.0,7.0,58.49,30.142857142857142,19.496666666666666
32.0,5.0,1.0,48.84,393.0,0.12427480916030535
33.0,5.0,2.0,114.67,6.5,229.34
33.0,66.0,1.0,211.28,39.0,5.417435897435897
8318.0,84.0,2.0,81.98,5.0,81.98
8318.0,54272.0,3.0,63.66,38.666666666666664,31.83
54272.0,33.0,1.0,12.51,13.0,0.9623076923076923
33.0,120.0,1.0,88.04,275.0,0.32014545454545457
120.0,8318.0,3.0,36.95,43.666666666666664,1.4211538461538462
8318.0,13003.0,6.0,34.66,524.0,17.33
13003.0,5.0,3.0,89.18,3.0,89.18
5.0,95.0,1.0,39.38,6.0,6.5633333333333335
95.0,13003.0,1.0,127.4,1.0,127.4
8318.0,99.0,1.0,4.53,3538.0,0.001280384397964952
99.0,32.0,3.0,27.73,4849.666666666667,0.047079796264855686
32.0,13003.0,2.0,53.83,6529.0,0.16927672955974843
88.0,48812.0,1.0,50.3,3222.0,0.015611421477343264
48812.0,95.0,2.0,5.07,11871.5,0.0034095494283792873
48812.0,99.0,2.0,98.92,5.0,24.73
48812.0,13.0,2.0,73.15,6.5,14.63
48812.0,47028.0,5.0,31.14,3416.4,7.785
47028.0,95.0,2.0,28.0,4643.5,5.6
47028.0,8814.0,1.0,37.0,5654.0,0.006544039617969579
8814.0,84.0,1.0,75.55,5.0,15.11
84.0,66.0,1.0,329.09,53.0,6.209245283018867
51552.0,84.0,2.0,23.91,4790.5,0.008174358974358975
84.0,101.0,1.0,29.03,2407.0,0.012060656418778563
101.0,5.0,1.0,82.63,225.0,0.36724444444444443
5.0,95.0,8.0,39.38,87.625,6.5633333333333335
95.0,88.0,1.0,53.3,4.0,13.325
88.0,51552.0,1.0,102.6,204.0,0.5029411764705882
51552.0,99.0,1.0,90.26,638.0,0.14147335423197493
99.0,5.0,3.0,59.06,102.33333333333333,9.843333333333334
5.0,88.0,3.0,91.38,419.6666666666667,0.8015789473684211
88.0,13.0,1.0,22.87,592.0,0.03863175675675676
13.0,5.0,1.0,114.24,908.0,0.12581497797356828
95.0,51552.0,1.0,55.27,746.0,0.07408847184986596
95.0,69143.0,1.0,89.66,52572.0,0.0017054705927109486
69143.0,99.0,2.0,16.78,55.0,0.8390000000000001
120.0,32.0,3.0,54.21,18569.0,0.7635211267605634
32.0,33.0,1.0,74.92,5627.0,0.013314377110360761
33.0,22.0,4.0,24.53,9.75,6.1325
22.0,99.0,5.0,64.39,31.4,128.78
99.0,33.0,6.0,55.62,15.666666666666666,13.905
33.0,5.0,5.0,114.67,2.0,57.335
5.0,99.0,3.0,59.06,6.333333333333333,11.812000000000001
5.0,22.0,3.0,121.22,558.0,17.31714285714286
5.0,120.0,2.0,44.14,348.0,22.07
120.0,99.0,1.0,40.56,5.0,8.112
5.0,95.0,1.0,39.38,7.0,5.625714285714286
95.0,99.0,1.0,97.82,0.0,195.64
5.0,32.0,8.0,48.84,33.75,16.28
120.0,22.0,1.0,86.98,1305.0,0.06665134099616858
22.0,95.0,1.0,157.9,12.0,13.158333333333333
95.0,49.0,1.0,55.08,1.0,55.08
49.0,88.0,1.0,82.73,2.0,41.365
88.0,33.0,1.0,201.51,1.0,201.51
33.0,105.0,1.0,59.19,36.0,1.6441666666666666
105.0,32.0,1.0,130.85,55.0,2.379090909090909
5.0,95.0,3.0,39.38,857.3333333333334,5.625714285714286
5.0,49.0,1.0,73.03,15787.0,0.004625958066763793
49.0,88.0,1.0,82.73,10467.0,0.007903888411197097
88.0,95.0,1.0,53.3,323.0,0.16501547987616097
95.0,22.0,1.0,157.9,1.0,157.9
22.0,5.0,1.0,121.22,5.0,24.244
95.0,49.0,1.0,55.08,1133.0,0.04861429832303619
33.0,22.0,7.0,24.53,1197.857142857143,8.176666666666668
22.0,120.0,4.0,86.98,1445.5,173.96
120.0,33.0,2.0,88.04,3058.0,9.782222222222224
33.0,5.0,3.0,114.67,1029.6666666666667,114.67
5.0,105.0,1.0,173.49,7.0,24.784285714285716
105.0,22.0,2.0,63.38,1.0,63.38
33.0,105.0,2.0,59.19,9.0,6.576666666666666
105.0,99.0,1.0,114.55,11810.0,0.009699407281964436
99.0,120.0,1.0,40.56,3372.0,0.01202846975088968
5.0,13568.0,4.0,90.96,7.25,18.192
13568.0,33.0,3.0,27.47,858.0,6.8675
13568.0,120.0,5.0,60.83,882.4,20.276666666666667
22.0,32.0,1.0,88.88,795.0,0.11179874213836477
32.0,120.0,1.0,54.21,517.0,0.10485493230174081
120.0,5.0,1.0,44.14,7.0,6.305714285714286
13568.0,32.0,1.0,58.49,2542.0,0.02300944138473643
32.0,5.0,1.0,48.84,4.0,12.21
5.0,95.0,3.0,39.38,36.666666666666664,6.5633333333333335
95.0,84.0,1.0,76.73,37.0,2.073783783783784
84.0,13.0,1.0,147.24,0.0,294.48
13.0,5.0,1.0,114.24,44.0,2.596363636363636
13568.0,87392.0,6.0,12.08,5.666666666666667,6.04
87392.0,120.0,4.0,63.14,1222.0,31.57
87392.0,95.0,1.0,126.3,0.0,252.6
95.0,13568.0,1.0,128.54,2.0,64.27
84.0,5.0,1.0,58.5,1475.0,0.03966101694915254
5.0,22.0,1.0,121.22,8.0,15.1525
22.0,84.0,1.0,146.05,1.0,146.05
84.0,88.0,1.0,126.06,2.0,63.03
88.0,33.0,1.0,201.51,1.0,201.51
33.0,95.0,1.0,153.3,7.0,21.900000000000002
95.0,84.0,1.0,76.73,2563.0,0.02993757315645728
84.0,66.0,1.0,329.09,6101.0,0.05394033764956564
66.0,96.0,1.0,64.72,20.0,3.2359999999999998
96.0,105.0,1.0,88.97,41.0,2.17
105.0,99.0,1.0,114.55,11.0,10.413636363636364
99.0,32.0,1.0,27.73,42.0,0.6602380952380953
32.0,84.0,1.0,57.42,2209.0,0.025993662290629244
105.0,22.0,3.0,63.38,6954.666666666667,126.76
22.0,99.0,1.0,64.39,4345.0,0.01481933256616801
99.0,33.0,3.0,55.62,1038.3333333333333,0.45590163934426226
33.0,22.0,2.0,24.53,154.0,2.044166666666667
105.0,33.0,2.0,59.19,785.5,11.838
5.0,120.0,2.0,44.14,2482.0,8.828
120.0,95.0,1.0,73.6,19.0,3.8736842105263154
95.0,22.0,1.0,157.9,7762.0,0.020342695181654213
22.0,5.0,1.0,121.22,20247.0,0.005987059811330074
120.0,99.0,1.0,40.56,5119.0,0.00792342254346552
99.0,22.0,1.0,64.39,2759.0,0.023338166002174702
22.0,120.0,1.0,86.98,21.0,4.141904761904762
95.0,23064.0,1.0,0.48,13756.0,3.489386449549288e-05
23064.0,99.0,15.0,98.3,18.4,196.6
23064.0,33.0,3.0,153.78,217.0,153.78
33.0,13.0,1.0,223.7,7460.0,0.029986595174262734
13.0,23064.0,7.0,75.62,21.714285714285715,37.81
23064.0,22.0,7.0,158.37,4.428571428571429,158.37
23064.0,120.0,3.0,74.05,3.0,24.683333333333334
99.0,22.0,2.0,64.39,0.0,128.78
22.0,33.0,3.0,24.53,4.0,6.1325
120.0,99.0,1.0,40.56,5.0,8.112
5.0,22.0,1.0,121.22,8.0,15.1525
22.0,8318.0,3.0,68.16,3.6666666666666665,68.16
8318.0,120.0,2.0,36.95,1106.0,4.105555555555556
57108.0,88.0,7.0,98.89,2471.285714285714,49.445
88.0,9048.0,1.0,72.81,3.0,24.27
9048.0,84.0,2.0,65.56,8415.5,32.78
84.0,5.0,6.0,58.5,639.1666666666666,14.625
5.0,120.0,2.0,44.14,6.5,22.07
5.0,88.0,2.0,91.38,6.5,45.69
5.0,99.0,2.0,59.06,33.0,2.9530000000000003
5.0,57108.0,1.0,15.6,7427.0,0.002100444324761007
57108.0,79085.0,18.0,8.94,2.6666666666666665,8.94
57108.0,84.0,4.0,70.04,6.5,35.02
57108.0,9048.0,1.0,30.41,78.0,0.38987179487179485
8318.0,95.0,2.0,93.33,6.5,31.11
8318.0,22.0,2.0,68.16,6.5,34.08
8318.0,120.0,1.0,36.95,4.0,9.2375
120.0,95.0,1.0,73.6,6.0,12.266666666666666
95.0,22.0,1.0,157.9,14.0,11.278571428571428
22.0,33.0,2.0,24.53,6.5,4.906000000000001
33.0,120.0,2.0,88.04,6.5,44.02
22.0,66.0,1.0,210.79,34.0,6.199705882352941
88.0,95.0,1.0,53.3,22.0,2.4227272727272724
95.0,33.0,1.0,153.3,59.0,2.5983050847457627
33.0,22.0,2.0,24.53,9.0,2.7255555555555557
22.0,96.0,1.0,150.17,42.0,3.57547619047619
96.0,66.0,1.0,64.72,17.0,3.807058823529412
66.0,33.0,1.0,211.28,77.0,2.743896103896104
22.0,99.0,1.0,64.39,12.0,5.365833333333334
99.0,120.0,1.0,40.56,3.0,13.520000000000001
95.0,5.0,2.0,39.38,691.0,5.625714285714286
5.0,88.0,2.0,91.38,6.5,30.459999999999997
5.0,96.0,1.0,261.85,36.0,7.273611111111112
96.0,66.0,2.0,64.72,18.5,3.807058823529412
66.0,95.0,2.0,364.53,3299.5,0.24514458641560186
96.0,95.0,1.0,300.94,42750.0,0.00703953216374269
5.0,120.0,1.0,44.14,15.0,2.9426666666666668
120.0,33.0,1.0,88.04,8.0,11.005
33.0,66.0,1.0,211.28,73.0,2.894246575342466
66.0,105.0,1.0,152.18,30.0,5.072666666666667
105.0,33.0,1.0,59.19,16.0,3.699375
33.0,88.0,1.0,201.51,65.0,3.100153846153846
95.0,1652.0,1.0,83.71,34239.0,0.002444872805864657
1652.0,26858.0,2.0,75.5,1438.5,75.5
1652.0,58086.0,5.0,77.52,4.4,38.76
58086.0,5.0,4.0,88.83,3.75,44.415
58086.0,99.0,3.0,144.91,2.0,289.82
99.0,26858.0,1.0,121.72,5800.0,0.020986206896551726
26858.0,92.0,16.0,150.18,66.5,75.09
54272.0,105.0,2.0,59.57,2.0,59.57
54272.0,99.0,2.0,59.51,117.0,0.9918333333333333
120.0,22.0,1.0,86.98,10130.0,0.008586377097729516
22.0,99.0,6.0,64.39,32.5,64.39
22.0,33.0,2.0,24.53,61.5,1.115
22.0,51286.0,3.0,76.09,156.66666666666666,76.09
5.0,99.0,5.0,59.06,17.0,59.06
99.0,33.0,7.0,55.62,32.57142857142857,2.7809999999999997
33.0,22.0,1.0,24.53,60.0,0.4088333333333333
22.0,66.0,1.0,210.79,56.0,3.7641071428571427
5.0,13.0,2.0,114.24,144.0,1.1777319587628865
5.0,99.0,1.0,59.06,19.0,3.108421052631579
99.0,33.0,1.0,55.62,31.0,1.7941935483870968
33.0,22.0,2.0,24.53,6.5,49.06
88.0,5.0,2.0,91.38,4.0,22.845
5.0,13.0,2.0,114.24,17.0,28.56
13.0,95.0,1.0,76.05,2.0,38.025
95.0,92.0,1.0,156.67,2.0,78.335
92.0,88.0,1.0,149.17,1.0,149.17
5.0,95.0,2.0,39.38,6.5,6.5633333333333335
5.0,33.0,1.0,114.67,23.0,4.985652173913044
33.0,22.0,1.0,24.53,10.0,2.4530000000000003
22.0,5.0,1.0,121.22,19.0,6.38
13.0,32.0,1.0,163.03,18.0,9.057222222222222
32.0,88.0,1.0,140.16,14633.0,0.009578350304107155
88.0,13.0,1.0,22.87,5.0,4.574
66.0,105.0,2.0,152.18,26.0,15.218
105.0,5.0,2.0,173.49,52.0,8.261428571428572
105.0,33.0,3.0,59.19,5.333333333333333,19.73
33.0,22.0,3.0,24.53,7.333333333333333,6.1325
22.0,99.0,1.0,64.39,7.0,9.198571428571428
99.0,105.0,1.0,114.55,1.0,114.55
5.0,45686.0,1.0,25.64,7.0,3.662857142857143
45686.0,99.0,18.0,40.62,11.5,40.62
45686.0,105.0,30.0,153.89,4.833333333333333,307.78
71721.0,22.0,1.0,130.36,5.0,26.072000000000003
22.0,95.0,1.0,157.9,1.0,157.9
95.0,71721.0,5.0,54.22,14.2,9.036666666666667
71721.0,120.0,2.0,67.87,6.5,11.311666666666667
71721.0,5.0,1.0,29.46,16818.0,0.0017516946129147342
5.0,93824.0,1.0,24.24,33.0,0.7345454545454545
93824.0,5230.0,12.0,5.39,9.833333333333334,10.78
93824.0,105.0,18.0,161.91,19.944444444444443,323.82
93824.0,120.0,50.0,20.99,40.34,41.98
93824.0,99.0,19.0,49.35,38.94736842105263,98.7
5.0,8318.0,1.0,54.66,10.0,5.465999999999999
8318.0,86716.0,226.0,62.8,33.530973451327434,125.6
86716.0,5230.0,2.0,29.15,104.5,2.4291666666666667
86716.0,41318.0,16.0,122.89,40.625,40.96333333333333
8318.0,70233.0,7.0,16.16,33.0,1.01
86716.0,70233.0,9.0,56.22,26.88888888888889,28.11
8318.0,105.0,4.0,119.02,2.0,238.04
105.0,86716.0,6.0,181.64,13.5,363.28
105.0,42740.0,2.0,115.95,0.5,231.9
42740.0,86716.0,12.0,65.8,30.166666666666668,65.8
86716.0,99.0,1.0,67.2,0.0,134.4
99.0,105.0,1.0,114.55,0.0,229.1
86716.0,82955.0,50.0,39.7,31.3,79.4
82955.0,105.0,13.0,143.76,10.153846153846153,287.52
82955.0,33.0,3.0,84.58,17.0,42.29
33.0,99.0,1.0,55.62,13603.0,0.004088803940307285
99.0,82955.0,75.0,29.81,269.2133333333333,59.62
82955.0,13.0,1.0,139.91,4.0,34.9775
13.0,99.0,1.0,169.72,7.0,24.245714285714286
64102.0,83557.0,3.0,2.83,91.0,0.9433333333333334
83557.0,105.0,4.0,222.37,2.5,222.37
22.0,33317.0,1.0,30.6,6.0,5.1000000000000005
33317.0,74867.0,22.0,10.82,19.5,21.64
33317.0,17274.0,34.0,18.0,9.352941176470589,6.0
17274.0,90504.0,20.0,19.31,5.25,38.62
90504.0,33317.0,7.0,7.0,12.428571428571429,14.0
90504.0,4182.0,1.0,14.42,24.0,0.6008333333333333
4182.0,33317.0,627.0,19.21,15.454545454545455,38.42
33317.0,30084.0,613.0,30.48,19.220228384991845,30.48
30084.0,4182.0,1403.0,12.08,10.466856735566642,24.16
88.0,84932.0,1.0,10.78,52.0,0.2073076923076923
84932.0,5.0,4.0,80.82,879.25,20.205
95.0,22.0,4.0,157.9,4146.25,0.06458077709611452
95.0,5.0,1.0,39.38,227.0,0.17348017621145376
5.0,22.0,1.0,121.22,10.0,12.122
22.0,88.0,2.0,202.54,3124.0,7.2335714285714285
22.0,84.0,1.0,146.05,1069.0,0.13662301216089803
84.0,99.0,1.0,84.36,9853.0,0.008561859332183092
99.0,95.0,1.0,97.82,2.0,48.91
95.0,8814.0,1.0,9.55,3.0,3.1833333333333336
8814.0,1652.0,2.0,80.21,0.5,160.42
8814.0,58086.0,3.0,57.27,4.666666666666667,114.54
8814.0,92.0,2.0,151.74,6.5,151.74
58086.0,5.0,5.0,88.83,8.4,22.2075
58086.0,26858.0,2.0,24.19,936.0,0.9303846153846155
26858.0,49.0,2.0,65.32,19.5,130.64
26858.0,5.0,2.0,64.81,6.5,10.801666666666668
26858.0,92.0,8.0,150.18,1.25,300.36
58086.0,49.0,2.0,80.07,12.0,8.007
5.0,22.0,1.0,121.22,7.0,17.31714285714286
22.0,58086.0,1.0,200.63,2.0,100.315
58086.0,33.0,1.0,199.35,0.0,398.7
33.0,5.0,1.0,114.67,4.0,28.6675
5.0,120.0,1.0,44.14,4.0,11.035
120.0,26858.0,1.0,92.69,36012.0,0.0025738642674664
84.0,101.0,6.0,29.03,1280.5,58.06
101.0,99.0,1.0,113.35,381.0,0.29750656167979
99.0,5.0,2.0,59.06,7.0,8.437142857142858
5.0,84.0,2.0,58.5,10658.0,0.09435483870967742
101.0,5.0,1.0,82.63,27.0,3.06037037037037
5.0,95.0,3.0,39.38,4334.0,6.5633333333333335
84.0,88.0,1.0,126.06,1510.0,0.08348344370860927
88.0,5.0,1.0,91.38,357.0,0.25596638655462184
95.0,88.0,1.0,53.3,208.0,0.25625
88.0,99.0,1.0,147.2,545.0,0.27009174311926604
95.0,84932.0,1.0,42.53,29.0,1.4665517241379311
84932.0,5.0,4.0,80.82,33.0,26.939999999999998
5230.0,75762.0,11.0,8.54,12.818181818181818,17.08
75762.0,88.0,6.0,108.72,11.666666666666666,54.36
75762.0,27045.0,100.0,18.79,28.23,18.79
27045.0,88.0,8.0,122.56,24.375,30.64
27045.0,5230.0,2.0,27.31,51.5,13.655
27045.0,120.0,31.0,38.73,24.516129032258064,19.365
27045.0,99.0,4.0,29.93,21.25,59.86
27045.0,105.0,2.0,142.96,6.5,23.826666666666668
120.0,75762.0,1.0,24.62,1.0,24.62
22.0,85793.0,1.0,56.62,2929.0,0.019330829634687605
85793.0,13568.0,3.0,29.41,2403.3333333333335,0.3543373493975904
85793.0,105.0,2.0,115.0,117.0,1.2777777777777777
85793.0,120.0,1.0,31.43,3097.0,0.010148530836293187
120.0,33.0,1.0,88.04,629.0,0.13996820349761527
33.0,13568.0,28.0,27.47,593.1071428571429,13.735
33.0,85793.0,5.0,56.73,227.0,3.545625
84.0,51552.0,1.0,23.91,573.0,0.04172774869109948
51552.0,22615.0,2.0,19.42,5808.5,0.0065674670273926285
22615.0,32.0,2.0,85.13,13.5,8.513
22615.0,5.0,7.0,58.15,20.571428571428573,58.15
5.0,51552.0,1.0,47.71,3390.0,0.014073746312684366
51552.0,32.0,1.0,66.6,1108.0,0.06010830324909747
32.0,99.0,1.0,27.73,2235.0,0.012407158836689039
99.0,84.0,1.0,84.36,7462.0,0.01130528008576789
84.0,22615.0,1.0,41.03,349.0,0.11756446991404011
64102.0,84.0,2.0,63.19,52.0,2.3403703703703704
64102.0,5.0,2.0,51.2,504.5,0.1306122448979592
5.0,32.0,8.0,48.84,1072.0,24.42
5.0,22.0,2.0,121.22,32.5,20.203333333333333
95.0,9048.0,1.0,20.55,560.0,0.036696428571428574
9048.0,3236.0,3.0,35.51,5949.0,0.35868686868686867
3236.0,22.0,2.0,168.8,97.5,2.4823529411764707
3236.0,13.0,4.0,60.17,212.5,15.0425
3236.0,86107.0,2.0,101.08,9689.5,0.25851662404092074
86107.0,99.0,2.0,9.91,1115.0,0.009621359223300971
9048.0,22.0,1.0,138.33,20.0,6.916500000000001
22.0,8172.0,1.0,83.93,7.0,11.99
8172.0,105.0,2.0,137.93,373.5,275.86
8172.0,89068.0,1.0,26.93,3.0,8.976666666666667
89068.0,120.0,2.0,39.54,5.5,39.54
89068.0,43415.0,1.0,40.0,1.0,40.0
43415.0,120.0,4.0,75.07,50.0,37.535
43415.0,86107.0,11.0,53.91,6.2727272727272725,53.91
120.0,9048.0,2.0,56.3,3.5,18.766666666666666
9048.0,43415.0,2.0,121.4,7.0,17.342857142857145
86107.0,13568.0,3.0,41.87,6.666666666666667,6.978333333333333
13568.0,3236.0,13.0,140.36,9.153846153846153,140.36
3236.0,33.0,2.0,165.96,3.0,165.96
51286.0,8318.0,7.0,13.0,5.857142857142857,6.5
51286.0,91636.0,1.0,97.0,23.0,4.217391304347826
91636.0,8318.0,6.0,92.2,6.833333333333333,92.2
51286.0,95.0,1.0,92.23,37.0,2.4927027027027027
95.0,91636.0,2.0,184.94,20.0,92.47
8318.0,23449.0,3.0,12.17,6.0,2.434
23449.0,91636.0,1.0,86.53,7.0,12.361428571428572
91636.0,120.0,4.0,116.68,26.25,116.68
91636.0,32.0,8.0,107.81,24.0,107.81
91636.0,33.0,3.0,32.92,22.0,32.92
91636.0,96.0,3.0,118.81,18.333333333333332,29.7025
96.0,66.0,2.0,64.72,117.0,64.72
66.0,91636.0,2.0,180.58,19.5,20.064444444444447
96.0,120.0,1.0,235.24,245.0,0.9601632653061225
91636.0,5.0,9.0,146.8,8.555555555555555,73.4
5.0,120.0,1.0,44.14,6.0,7.3566666666666665
120.0,32.0,5.0,54.21,45.4,27.105
32.0,33.0,4.0,74.92,26.0,149.84
33.0,96.0,1.0,148.12,1.0,148.12
96.0,5.0,1.0,261.85,4.0,65.4625
33.0,13.0,1.0,223.7,28.0,7.989285714285714
13.0,5.0,2.0,114.24,3.0,38.08
5.0,95.0,3.0,39.38,6.333333333333333,6.5633333333333335
95.0,88.0,4.0,53.3,14.0,53.3
88.0,92.0,1.0,149.17,2.0,74.585
92.0,95.0,1.0,156.67,10.0,15.666999999999998
88.0,13.0,3.0,22.87,2.0,11.435
13.0,95.0,2.0,76.05,23.0,3.3065217391304347
5.0,88.0,4.0,91.38,27.0,15.229999999999999
95.0,32.0,1.0,87.51,1.0,87.51
33.0,120.0,1.0,88.04,37.0,2.3794594594594596
33.0,93197.0,1.0,17.3,378.0,0.04576719576719577
93197.0,99.0,7.0,72.48,33.57142857142857,36.24
93197.0,5.0,2.0,131.49,5.5,32.8725
9048.0,84.0,2.0,65.56,1225.0,0.22843205574912892
9048.0,88.0,2.0,72.81,454.0,0.28330739299610896
88.0,22.0,1.0,202.54,11.0,18.41272727272727
22.0,33.0,2.0,24.53,6.5,12.265
22.0,49.0,1.0,190.46,26.0,7.325384615384616
49.0,88.0,1.0,82.73,2.0,41.365
49.0,23064.0,1.0,54.93,117.0,0.4694871794871795
23064.0,95.0,1.0,0.48,3698.0,0.00012979989183342346
95.0,49.0,1.0,55.08,5445.0,0.010115702479338842
49.0,105.0,1.0,235.59,1786.0,0.13190929451287794
105.0,23064.0,11.0,212.84,21.727272727272727,425.68
23064.0,22.0,39.0,158.37,49.30769230769231,316.74
23064.0,84.0,3.0,77.0,44.333333333333336,25.666666666666668
23064.0,99.0,15.0,98.3,8.4,98.3
23064.0,33.0,4.0,153.78,299.5,38.445
23064.0,120.0,5.0,74.05,2.6,148.1
120.0,22.0,1.0,86.98,7.0,12.425714285714287
22.0,33.0,2.0,24.53,2.0,12.265
23064.0,101.0,3.0,90.48,10.666666666666666,30.16
22.0,84.0,1.0,146.05,3.0,48.68333333333334
22.0,99.0,7.0,64.39,5.428571428571429,128.78
23064.0,33234.0,75.0,45.61,58.61333333333334,45.61
33234.0,22.0,12.0,200.21,25.0,400.42
33234.0,92.0,9.0,158.43,60.111111111111114,158.43
92.0,23064.0,3.0,156.75,4.0,39.1875
33234.0,105.0,12.0,256.91,6.333333333333333,513.82
99.0,33234.0,6.0,142.71,18.666666666666668,142.71
99.0,101.0,2.0,113.35,0.0,226.7
101.0,33234.0,1.0,121.09,1.0,121.09
99.0,33.0,1.0,55.62,1.0,55.62
33.0,33234.0,1.0,197.72,0.0,395.44
33234.0,120.0,2.0,113.57,1.0,113.57
22.0,1214.0,1.0,19.22,368.0,0.05222826086956522
1214.0,19.0,2.0,102.89,5.5,102.89
1214.0,99.0,11.0,73.58,10.818181818181818,73.58
84.0,92071.0,1.0,29.5,195.0,0.15128205128205127
92071.0,101.0,2.0,31.24,402.5,2.2314285714285713
92071.0,5.0,1.0,58.02,748.0,0.0775668449197861
84.0,101.0,37.0,29.03,858.2432432432432,7.2575
84.0,99.0,1.0,84.36,5.0,16.872
99.0,5.0,2.0,59.06,432.0,8.437142857142858
5.0,84.0,1.0,58.5,10147.0,0.005765250813048192
101.0,99.0,1.0,113.35,10.0,11.334999999999999
5.0,101.0,1.0,82.63,16730.0,0.0049390316796174534
22.0,44392.0,1.0,22.68,1042.0,0.0217658349328215
44392.0,54272.0,2.0,20.62,13.0,2.5775
44392.0,33.0,64.0,24.33,77.6875,24.33
44392.0,32.0,2.0,67.02,194.0,0.374413407821229
95.0,9048.0,1.0,20.55,8513.0,0.002413955127452132
9048.0,77577.0,11.0,92.42,7.363636363636363,46.21
77577.0,99.0,42.0,15.68,18.0,31.36
99.0,9048.0,1.0,77.41,2.0,38.705
77577.0,32.0,22.0,40.96,3.9545454545454546,40.96
32.0,9048.0,1.0,67.38,0.0,134.76
99.0,49.0,3.0,126.11,0.0,252.22
49.0,9048.0,1.0,62.64,2.0,31.32
9048.0,84.0,1.0,65.56,5.0,13.112
84.0,77577.0,3.0,98.35,1293.0,196.7
77577.0,69881.0,248.0,75.58,69.45564516129032,151.16
69881.0,99.0,19.0,61.76,1.894736842105263,123.52
49.0,77577.0,6.0,141.75,2.0,283.5
69881.0,32.0,3.0,59.3,1.0,118.6
99.0,32.0,8.0,27.73,9.125,27.73
32.0,96.0,1.0,217.41,3.0,72.47
96.0,77577.0,1.0,188.71,2.0,94.355
99.0,99062.0,1.0,1.4,1.0,1.4
99062.0,77577.0,4.0,17.03,3.75,17.03
99062.0,32.0,3.0,27.0,1.0,27.0
69881.0,64283.0,5.0,67.96,0.6,135.92
64283.0,32.0,4.0,43.97,1.0,43.97
77577.0,64283.0,341.0,11.7,5.81524926686217,23.4
69881.0,13.0,27.0,107.96,7.777777777777778,35.986666666666665
13.0,77577.0,19.0,183.33,1.2105263157894737,366.66
69881.0,49.0,2.0,84.36,465.5,0.5305660377358491
99.0,64283.0,6.0,16.25,58.5,8.125
69881.0,92.0,1.0,142.76,1.0,142.76
92.0,77577.0,1.0,172.59,4.0,43.1475
5.0,22.0,3.0,121.22,154.33333333333334,17.31714285714286
22.0,33.0,1.0,24.53,2.0,12.265
33.0,44097.0,7.0,68.97,153.0,34.485
44097.0,22.0,2.0,74.98,84.0,9.3725
44097.0,64291.0,17.0,39.66,127.47058823529412,39.66
44097.0,105.0,1.0,128.13,98.0,1.3074489795918367
105.0,64291.0,4.0,94.31,136.25,5.894375
44097.0,5.0,1.0,46.41,110.0,0.4219090909090909
5.0,64291.0,7.0,85.58,285.14285714285717,12.225714285714286
5.0,33.0,5.0,114.67,136.2,28.6675
5.0,120.0,1.0,44.14,282.0,0.15652482269503545
120.0,64291.0,1.0,52.28,156.0,0.3351282051282051
64291.0,33.0,2.0,37.17,1.0,37.17
5.0,57354.0,3.0,47.28,60.333333333333336,7.88
57354.0,33.0,6.0,72.0,175.83333333333334,5.142857142857143
57354.0,120.0,2.0,18.99,117.0,0.29215384615384615
120.0,105.0,1.0,146.43,90.0,1.627
105.0,33.0,1.0,59.19,3.0,19.73
5.0,105.0,1.0,173.49,5.0,34.698
64291.0,57354.0,3.0,38.95,44.333333333333336,38.95
57354.0,105.0,2.0,131.07,302.0,0.8140993788819876
120.0,33.0,1.0,88.04,43.0,2.0474418604651166
57354.0,95.0,4.0,83.16,2.5,83.16
95.0,22.0,3.0,157.9,0.0,315.8
22.0,57354.0,8.0,74.75,213.25,74.75
57354.0,84.0,3.0,87.62,2.3333333333333335,87.62
84.0,22.0,1.0,146.05,6.0,24.34166666666667
95.0,88.0,1.0,53.3,1.0,53.3
88.0,57354.0,1.0,129.59,5.0,25.918
57354.0,8318.0,1.0,18.03,7546.0,0.0023893453485290222
8318.0,99.0,14.0,4.53,273.7142857142857,0.755
8318.0,22.0,1.0,68.16,6.0,11.36
22.0,99.0,3.0,64.39,4.666666666666667,64.39
99.0,57354.0,7.0,21.57,494.57142857142856,7.19
99.0,33.0,1.0,55.62,640.0,0.08690624999999999
22.0,88.0,4.0,202.54,997.25,67.51333333333334
88.0,5.0,5.0,91.38,390.2,22.845
5.0,120.0,5.0,44.14,911.6,4.012727272727273
120.0,22.0,3.0,86.98,156.66666666666666,10.8725
88.0,95.0,2.0,53.3,5.5,53.3
95.0,22.0,2.0,157.9,14.0,78.95
22.0,32.0,2.0,88.88,241.5,0.40399999999999997
32.0,5.0,3.0,48.84,83.66666666666667,0.6977142857142857
5.0,95.0,1.0,39.38,2519.0,0.015633187772925765
5.0,22.0,4.0,121.22,3953.75,17.31714285714286
120.0,32.0,1.0,54.21,6.0,9.035
120.0,88.0,1.0,115.57,153.0,0.7553594771241829
95.0,120.0,1.0,73.6,2.0,36.8
5.0,99.0,1.0,59.06,8.0,7.3825
99.0,120.0,1.0,40.56,28.0,1.4485714285714286
95.0,1652.0,1.0,83.71,1666.0,0.05024609843937575
1652.0,13.0,2.0,87.44,200.5,0.6726153846153846
1652.0,47028.0,2.0,105.95,189.0,0.921304347826087
1652.0,32446.0,1.0,112.41,5499.0,0.02044189852700491
32446.0,7896.0,1.0,18.03,3.0,6.010000000000001
7896.0,37587.0,13.0,75.8,3.076923076923077,151.6
7896.0,120.0,2.0,80.0,4.0,20.0
120.0,37587.0,1.0,6.69,2.0,3.345
120.0,8814.0,1.0,64.05,33960.0,0.001886042402826855
8814.0,1652.0,5.0,80.21,6.2,80.21
8814.0,7896.0,2.0,20.1,9.0,2.8714285714285714
7896.0,1652.0,5.0,98.11,438.2,98.11
8814.0,37587.0,6.0,60.88,4.0,30.44
8814.0,22.0,2.0,148.58,6.5,74.29
7896.0,92.0,2.0,170.88,78.0,170.88
7896.0,47028.0,1.0,20.52,117.0,0.1753846153846154
47028.0,13.0,3.0,71.96,6.0,14.392
13.0,26858.0,2.0,49.67,6.0,12.4175
26858.0,32446.0,2.0,53.76,10.0,5.3759999999999994
32446.0,99.0,2.0,90.73,1.0,90.73
99.0,26858.0,4.0,121.72,4.5,60.86
99.0,22.0,2.0,64.39,0.5,128.78
22.0,26858.0,6.0,179.19,6.5,59.73
13.0,99.0,1.0,169.72,6.0,28.286666666666665
99.0,84.0,1.0,84.36,1.0,84.36
84.0,26858.0,1.0,100.87,1.0,100.87
26858.0,70233.0,9.0,106.85,2.111111111111111,213.7
70233.0,22.0,8.0,73.29,4.375,73.29
26858.0,49.0,2.0,65.32,9.0,7.257777777777777
49.0,22.0,2.0,190.46,1.0,190.46
22.0,13.0,2.0,223.94,13.0,74.64666666666666
95.0,26858.0,1.0,26.44,1796.0,0.014721603563474388
26858.0,5.0,2.0,64.81,4609.0,12.962
26858.0,92.0,6.0,150.18,186.5,150.18
51286.0,22.0,2.0,76.09,45.5,38.045
51286.0,5.0,14.0,52.85,443.5,1.8224137931034483
51286.0,8318.0,8.0,13.0,1413.375,0.22033898305084745
5.0,32.0,13.0,48.84,322.3076923076923,16.28
32.0,51286.0,1.0,13.93,118.0,0.11805084745762712
95.0,64102.0,3.0,27.07,1542.0,0.42968253968253967
64102.0,49.0,2.0,28.02,6906.0,56.04
64102.0,23254.0,1.0,31.38,2886.0,0.010873180873180873
23254.0,95.0,2.0,26.56,1183.5,53.12
23254.0,59287.0,1.0,44.91,1.0,44.91
59287.0,51034.0,4.0,48.92,15.25,97.84
51034.0,84.0,2.0,66.28,10.0,132.56
51034.0,88.0,2.0,112.44,3.0,112.44
51034.0,64102.0,1.0,74.65,2976.0,0.025084005376344087
64102.0,88.0,9.0,63.96,2.111111111111111,127.92
88.0,59287.0,1.0,74.79,116.0,0.6447413793103449
59287.0,84.0,2.0,55.14,179.0,0.4712820512820513
51034.0,23449.0,1.0,37.64,7.0,5.377142857142857
23449.0,88.0,6.0,145.7,15.833333333333334,145.7
23449.0,64102.0,14.0,112.29,135.64285714285714,224.58
64102.0,5.0,2.0,51.2,65.0,7.314285714285715
23449.0,99.0,8.0,11.92,18.625,23.84
23449.0,84.0,2.0,93.7,149.5,11.7125
22615.0,88.0,1.0,91.4,327.0,0.27951070336391437
88.0,95.0,1.0,53.3,0.0,106.6
95.0,22615.0,1.0,51.58,6.0,8.596666666666666
22615.0,5.0,7.0,58.15,5.571428571428571,116.3
5.0,22.0,3.0,121.22,1299.3333333333333,20.203333333333333
22.0,120.0,3.0,86.98,99.66666666666667,173.96
120.0,32.0,1.0,54.21,1.0,54.21
32.0,5.0,1.0,48.84,6.0,8.14
22.0,33.0,1.0,24.53,2.0,12.265
33.0,5.0,2.0,114.67,4.5,28.6675
5.0,84.0,6.0,58.5,1967.5,11.7
84.0,22.0,4.0,146.05,277.0,73.025
84.0,120.0,1.0,95.0,10.0,9.5
84.0,33.0,1.0,130.17,779.0,0.16709884467265723
5.0,99.0,1.0,59.06,12.0,4.921666666666667
99.0,84.0,1.0,84.36,11243.0,0.007503335408698746
5.0,120.0,4.0,44.14,6.0,11.035
22.0,95.0,1.0,157.9,2.0,78.95
95.0,33.0,1.0,153.3,0.0,306.6
33.0,120.0,1.0,88.04,0.0,176.08
95.0,1652.0,1.0,83.71,192.0,0.4359895833333333
1652.0,13.0,4.0,87.44,8919.75,174.88
95.0,26858.0,1.0,26.44,387.0,0.06832041343669251
26858.0,58086.0,1.0,24.19,2709.0,0.008929494278331488
58086.0,95.0,2.0,50.59,3097.5,25.295
58086.0,1652.0,8.0,77.52,74.75,155.04
1652.0,5.0,2.0,96.42,6.5,16.07
58086.0,5.0,2.0,88.83,5.0,17.766
5.0,22.0,2.0,121.22,5.0,24.244
22.0,58086.0,2.0,200.63,2.0,100.315
58086.0,92.0,1.0,150.05,10.0,15.005
92.0,26858.0,1.0,150.18,2.0,75.09
51552.0,49.0,14.0,39.82,288.85714285714283,79.64
51552.0,5.0,1.0,47.71,76.0,0.6277631578947368
5.0,22.0,2.0,121.22,6.0,20.203333333333333
22.0,99.0,1.0,64.39,0.0,128.78
99.0,120.0,1.0,40.56,0.0,81.12
120.0,105.0,1.0,146.43,1.0,146.43
105.0,95.0,2.0,212.35,19.5,212.35
95.0,5.0,1.0,39.38,5.0,7.876
22.0,120.0,1.0,86.98,0.0,173.96
120.0,95.0,1.0,73.6,2.0,36.8
105.0,51552.0,1.0,196.55,11415.0,0.0172185720543145
51552.0,84.0,2.0,23.91,19619.0,0.04452513966480447
105.0,13397.0,1.0,92.06,5228.0,0.01760902830910482
13397.0,32.0,2.0,42.05,7463.5,0.05249687890137328
13397.0,8318.0,4.0,27.31,1271.0,13.655
8318.0,120.0,2.0,36.95,7.0,12.316666666666668
13397.0,54272.0,1.0,39.82,117.0,0.34034188034188034
54272.0,120.0,2.0,87.21,9.0,10.90125
120.0,13397.0,3.0,60.52,4.666666666666667,20.173333333333336
13397.0,33.0,2.0,33.7,1809.0,0.026703645007923934
13397.0,13003.0,15.0,13.0,6.266666666666667,13.0
13003.0,99.0,2.0,30.46,1112.5,0.2928846153846154
99.0,5.0,4.0,59.06,6.75,9.843333333333334
99.0,8318.0,4.0,4.53,42.25,0.755
99.0,32.0,2.0,27.73,2147.5,0.013376748673420164
13003.0,120.0,3.0,62.07,18.333333333333332,20.69
13003.0,105.0,4.0,85.44,471.75,85.44
54272.0,99.0,8.0,59.51,2.625,119.02
5.0,54272.0,6.0,117.96,5.166666666666667,29.49
33.0,54272.0,2.0,12.51,1870.0,25.02
33.0,54112.0,1.0,31.45,11.0,2.859090909090909
54112.0,13003.0,15.0,57.14,890.7333333333333,57.14
13003.0,49081.0,2.0,20.62,6346.5,0.006568971009875757
33.0,54272.0,1.0,12.51,8774.0,0.0014258035103715523
54272.0,22.0,1.0,12.05,2793.0,0.004314357321876119
22.0,33.0,1.0,24.53,3832.0,0.0064013569937369525
33.0,5.0,1.0,114.67,8756.0,0.01309616263133851
5.0,22.0,1.0,121.22,3005.0,0.04033943427620632
22.0,13003.0,1.0,35.05,2.0,17.525
13003.0,49081.0,2.0,20.62,383.0,0.3890566037735849
13003.0,120.0,2.0,62.07,202.5,0.8061038961038961
13003.0,13.0,2.0,197.39,59.0,4.112291666666667
13003.0,96699.0,3.0,50.61,22.666666666666668,3.163125
96699.0,54272.0,16.0,79.31,3.1875,79.31
96699.0,5.0,11.0,38.66,4.0,9.665
5.0,54272.0,8.0,117.96,6.125,19.66
5.0,99.0,4.0,59.06,5.25,59.06
99.0,54272.0,8.0,59.51,1.125,119.02
33.0,5.0,5.0,114.67,1454.8,22.934
5.0,22.0,5.0,121.22,187.8,20.203333333333333
22.0,87392.0,1.0,39.12,19389.0,0.0020176388673990406
87392.0,99.0,2.0,28.6,3150.0,28.6
87392.0,13568.0,4.0,12.08,4000.25,12.08
87392.0,43415.0,1.0,16.64,13.0,1.28
43415.0,5.0,2.0,103.39,3.5,103.39
43415.0,85793.0,7.0,43.68,69.14285714285714,14.56
43415.0,32.0,2.0,66.64,352.0,0.22437710437710437
85793.0,33.0,9.0,56.73,39.0,56.73
33.0,22.0,1.0,24.53,2341.0,0.01047842802221273
22.0,120.0,8.0,86.98,10.5,28.993333333333336
120.0,32.0,1.0,54.21,0.0,108.42
32.0,5.0,2.0,48.84,6.5,16.28
120.0,5.0,3.0,44.14,3.3333333333333335,14.713333333333333
32.0,85793.0,1.0,48.18,0.0,96.36
85793.0,5.0,3.0,65.87,5.333333333333333,21.956666666666667
22.0,85793.0,1.0,56.62,23.0,2.4617391304347827
85793.0,13568.0,1.0,29.41,0.0,58.82
13568.0,33.0,13.0,27.47,9.461538461538462,27.47
33.0,120.0,4.0,88.04,0.5,176.08
5.0,13568.0,4.0,90.96,224.25,15.159999999999998
120.0,13568.0,4.0,60.83,5.75,60.83
49.0,101.0,5.0,54.17,411.6,10.834
49.0,84.0,3.0,60.58,2544.0,0.10590909090909091
84.0,95.0,1.0,76.73,110.0,0.6975454545454546
95.0,49.0,1.0,55.08,80.0,0.6885
49.0,5.0,1.0,73.03,96.0,0.7607291666666667
5.0,101.0,4.0,82.63,199.0,165.26
84.0,101.0,5.0,29.03,7238.2,0.5092982456140351
5.0,84.0,1.0,58.5,34.0,1.7205882352941178
49.0,39236.0,2.0,67.66,540.0,0.17438144329896907
33.0,54112.0,1.0,31.45,0.0,62.9
54112.0,22.0,2.0,34.93,1110.5,17.465
54112.0,99.0,2.0,87.01,6.5,43.505
1652.0,5.0,2.0,96.42,6.0,24.105
1652.0,49.0,2.0,137.43,6.5,45.81
5.0,8318.0,2.0,54.66,6364.0,0.017586872586872585
5.0,32.0,1.0,48.84,2302.0,0.021216333622936578
32.0,8318.0,3.0,26.39,2101.0,0.021351132686084143
8318.0,22.0,3.0,68.16,327.3333333333333,3.7866666666666666
22.0,33.0,1.0,24.53,2.0,12.265
33.0,120.0,1.0,88.04,6.0,14.673333333333334
120.0,22.0,1.0,86.98,5.0,17.396
22.0,84.0,1.0,146.05,17.0,8.591176470588236
84.0,8318.0,2.0,81.98,131.0,0.6831666666666667
84.0,95.0,1.0,76.73,39.0,1.9674358974358976
95.0,99.0,1.0,97.82,38.0,2.5742105263157895
99.0,8318.0,14.0,4.53,9.071428571428571,0.755
22.0,99.0,3.0,64.39,18395.666666666668,0.025704590818363272
99.0,54272.0,1.0,59.51,65.0,0.9155384615384615
54272.0,120.0,2.0,87.21,6.5,87.21
95.0,49.0,2.0,55.08,2956.0,0.023123425692695213
95.0,84.0,1.0,76.73,6409.0,0.011972226556405056
84.0,101.0,1.0,29.03,286.0,0.10150349650349651
101.0,64102.0,3.0,69.26,2680.3333333333335,69.26
64102.0,95.0,2.0,27.07,3307.5,0.20823076923076922
5.0,8318.0,1.0,54.66,0.0,109.32
8318.0,84.0,2.0,81.98,1073.0,0.11530239099859353
8318.0,120.0,2.0,36.95,19.0,2.4633333333333334
8318.0,22.0,2.0,68.16,11.5,22.72
8318.0,95.0,5.0,93.33,308.2,93.33
95.0,42740.0,1.0,96.42,248.0,0.38879032258064516
42740.0,8318.0,3.0,3.16,3001.0,0.048615384615384616
8318.0,32.0,2.0,26.39,3355.0,0.06784061696658097
42740.0,22.0,2.0,65.68,78.0,10.946666666666667
42740.0,120.0,2.0,39.6,45.5,1.8
32.0,5.0,1.0,48.84,19263.0,0.0025354306182837566
5.0,22.0,3.0,121.22,6.333333333333333,24.244
22.0,95.0,3.0,157.9,1.3333333333333333,315.8
95.0,5.0,4.0,39.38,6.0,7.876
5.0,120.0,6.0,44.14,114.5,14.713333333333333
5.0,105.0,1.0,173.49,162.0,1.070925925925926
105.0,33.0,1.0,59.19,2.0,29.595
33.0,5.0,1.0,114.67,30.0,3.8223333333333334
120.0,66.0,1.0,297.2,57.0,5.2140350877192985
66.0,99.0,1.0,266.73,23573.0,0.011315063844228567
99.0,32.0,3.0,27.73,686.0,1.0665384615384617
32.0,33.0,3.0,74.92,1061.3333333333333,0.5428985507246377
32.0,22.0,2.0,88.88,202.5,2.402162162162162
95.0,120.0,1.0,73.6,2.0,36.8
22.0,120.0,4.0,86.98,99.5,28.993333333333336
120.0,33.0,2.0,88.04,64.0,6.288571428571429
22.0,33.0,1.0,24.53,2.0,12.265
120.0,99.0,2.0,40.56,3570.5,4.056
99.0,22.0,5.0,64.39,5.2,128.78
87392.0,32.0,1.0,50.07,12025.0,0.004163825363825364
32.0,22.0,3.0,88.88,4152.666666666667,0.27263803680981596
22.0,87392.0,3.0,39.12,5.666666666666667,78.24
87392.0,13568.0,13.0,12.08,113.84615384615384,24.16
13568.0,33.0,1.0,27.47,1915.0,0.014344647519582246
33.0,22.0,2.0,24.53,442.5,12.265
33.0,5.0,1.0,114.67,4.0,28.6675
5.0,120.0,2.0,44.14,405.0,0.2385945945945946
120.0,87392.0,1.0,63.14,6.0,10.523333333333333
13568.0,120.0,1.0,60.83,1309.0,0.04647058823529412
5.0,32.0,1.0,48.84,569.0,0.08583479789103692
32.0,13568.0,1.0,58.49,192.0,0.30463541666666666
87392.0,33.0,2.0,27.02,1901.0,2.0784615384615384
32.0,105.0,1.0,130.85,114.0,1.1478070175438595
105.0,22.0,2.0,63.38,124.0,63.38
105.0,5.0,1.0,173.49,905.0,0.19170165745856355
5.0,88.0,1.0,91.38,294.0,0.31081632653061225
88.0,120.0,1.0,115.57,220.0,0.5253181818181818
120.0,32.0,2.0,54.21,273.0,0.2336637931034483
5.0,33.0,1.0,114.67,21348.0,0.005371463368933858
33.0,32.0,2.0,74.92,451.0,2.774814814814815
32.0,120.0,3.0,54.21,229.33333333333334,108.42
120.0,22.0,3.0,86.98,7.666666666666667,21.745
22.0,95.0,2.0,157.9,6.5,78.95
22.0,33.0,1.0,24.53,159.0,0.15427672955974844
33.0,120.0,2.0,88.04,30.5,88.04
22.0,105.0,2.0,63.38,1305.5,1.810857142857143
105.0,33.0,2.0,59.19,22.5,29.595
33.0,22.0,3.0,24.53,35.333333333333336,1.6353333333333333
33.0,66.0,1.0,211.28,52.0,4.063076923076923
120.0,22.0,3.0,86.98,3150.0,0.2651829268292683
22.0,33.0,4.0,24.53,647.5,0.13331521739130436
33.0,99.0,2.0,55.62,442.5,1.1124
99.0,22.0,7.0,64.39,245.57142857142858,128.78
33.0,32.0,2.0,74.92,1151.5,2.9968
32.0,99.0,1.0,27.73,961.0,0.028855359001040585
22.0,32.0,1.0,88.88,11289.0,0.007873150854814421
54272.0,13568.0,11.0,27.2,1776.6363636363637,54.4
54272.0,105.0,2.0,59.57,1.5,119.14
13568.0,99.0,1.0,33.38,156.0,0.21397435897435899
5.0,22.0,1.0,121.22,7.0,17.31714285714286
22.0,95.0,3.0,157.9,65.33333333333333,315.8
95.0,84.0,1.0,76.73,200.0,0.38365000000000005
84.0,49.0,1.0,60.58,200.0,0.3029
49.0,95.0,1.0,55.08,1.0,55.08
95.0,5.0,1.0,39.38,6.0,6.5633333333333335
64102.0,5.0,1.0,51.2,45.0,1.1377777777777778
5.0,84.0,1.0,58.5,2.0,29.25
84.0,64102.0,1.0,63.19,201.0,0.3143781094527363
9048.0,99.0,5.0,77.41,7007.2,77.41
9048.0,22.0,2.0,138.33,120.5,10.640769230769232
84.0,5.0,3.0,58.5,5.0,29.25
5.0,99.0,1.0,59.06,8.0,7.3825
99.0,84.0,2.0,84.36,7.5,28.12
99.0,22.0,3.0,64.39,31.0,32.195
99.0,33.0,1.0,55.62,1.0,55.62
33.0,120.0,2.0,88.04,1.5,88.04
120.0,22.0,2.0,86.98,452.5,9.664444444444445
99.0,120.0,1.0,40.56,3.0,13.520000000000001
22.0,33.0,1.0,24.53,1.0,24.53
120.0,84.0,1.0,95.0,1795.0,0.052924791086350974
88.0,58086.0,1.0,2.88,1458.0,0.0019753086419753087
58086.0,5.0,4.0,88.83,3.25,88.83
13.0,33.0,1.0,223.7,46.0,4.863043478260869
33.0,105.0,2.0,59.19,10.5,5.919
105.0,22.0,2.0,63.38,6.5,126.76
22.0,99.0,4.0,64.39,36.75,64.39
99.0,105.0,2.0,114.55,13.0,114.55
99.0,33.0,2.0,55.62,2.0,27.81
33.0,22.0,1.0,24.53,10.0,2.4530000000000003
99.0,120.0,1.0,40.56,3.0,13.520000000000001
120.0,95.0,2.0,73.6,6.5,73.6
120.0,22.0,1.0,86.98,9.0,9.664444444444445
99.0,5.0,1.0,59.06,2259.0,0.02614431164231961
22.0,9048.0,7.0,138.33,407.0,27.666000000000004
9048.0,95.0,2.0,20.55,2520.0,0.21861702127659574
9048.0,5.0,2.0,18.86,3925.0,0.019915522703273493
9048.0,88.0,8.0,72.81,4.875,18.2025
32.0,5.0,4.0,48.84,5906.75,0.0563972286374134
32.0,95.0,2.0,87.51,19.5,21.8775
32.0,88.0,1.0,140.16,221.0,0.6342081447963801
88.0,22.0,1.0,202.54,117.0,1.731111111111111
95.0,5.0,2.0,39.38,9077.5,0.06382495948136142
95.0,105.0,1.0,212.35,2682.0,0.07917598806860551
105.0,32446.0,1.0,203.0,203.0,1.0
32446.0,95.0,6.0,30.62,219.33333333333334,5.1033333333333335
49.0,50132.0,1.0,41.55,10.0,4.154999999999999
50132.0,5.0,1.0,33.99,6125.0,0.005549387755102041
5.0,88.0,1.0,91.38,4525.0,0.020194475138121545
88.0,61527.0,1.0,35.97,8.0,4.49625
61527.0,22.0,29.0,175.82,10.068965517241379,351.64
61527.0,105.0,36.0,231.0,87.86111111111111,462.0
61527.0,95.0,2.0,18.86,3643.0,3.772
61527.0,13.0,11.0,58.25,9.454545454545455,116.5
13.0,105.0,1.0,282.76,7.0,40.394285714285715
61527.0,99.0,17.0,116.5,49.8235294117647,58.25
99.0,105.0,1.0,114.55,0.0,229.1
22.0,84.0,2.0,146.05,3.5,48.68333333333334
84.0,32.0,1.0,57.42,4.0,14.355
32.0,61527.0,4.0,106.24,20.5,53.12
22.0,32.0,7.0,88.88,19.571428571428573,14.813333333333333
22.0,96.0,3.0,150.17,89.0,16.685555555555553
22.0,66.0,1.0,210.79,131.0,1.6090839694656487
66.0,96.0,3.0,64.72,219.0,0.34425531914893615
84.0,61527.0,1.0,90.5,58.0,1.5603448275862069
22.0,13.0,2.0,223.94,3.5,223.94
22.0,62520.0,1.0,98.78,5.0,19.756
62520.0,2344.0,2.0,6.71,3.0,2.236666666666667
2344.0,83375.0,2.0,21.95,5.0,4.39
83375.0,62520.0,2.0,19.1,3.0,19.1
62520.0,105.0,2.0,153.96,104.0,3.0792
62520.0,13.0,2.0,129.49,6.5,43.163333333333334
95.0,82635.0,1.0,102.6,39.0,2.6307692307692307
82635.0,84.0,4.0,97.87,2.5,48.935
82635.0,49.0,23.0,135.98,318.2173913043478,271.96
82635.0,32.0,13.0,42.22,162.46153846153845,84.44
82635.0,88.0,39.0,149.28,17.71794871794872,149.28
82635.0,13.0,11.0,171.33,139.9090909090909,57.11000000000001
88.0,13.0,4.0,22.87,4.75,5.7175
49.0,88.0,1.0,82.73,2.0,41.365
13.0,49.0,1.0,99.52,81.0,1.228641975308642
49.0,32.0,1.0,104.89,243.0,0.43164609053497943
82635.0,25145.0,2.0,57.31,3063.0,1.4694871794871796
95.0,57511.0,1.0,50.92,4244.0,0.011998114985862394
57511.0,50132.0,1.0,38.47,25036.0,0.0015365873142674548
50132.0,48339.0,1.0,34.37,2.0,17.185
48339.0,57511.0,5.0,69.23,90.8,13.846
57511.0,26431.0,2.0,44.38,261.0,2.610588235294118
57511.0,99.0,11.0,55.73,18.09090909090909,11.145999999999999
57511.0,84.0,4.0,42.74,11.75,10.685
57511.0,88.0,26.0,104.18,42.42307692307692,52.09
88.0,22.0,1.0,202.54,3.0,67.51333333333334
22.0,57511.0,11.0,120.02,64.0909090909091,30.005
99.0,22.0,4.0,64.39,0.25,128.78
99.0,84.0,2.0,84.36,1.0,84.36
88.0,99.0,1.0,147.2,4.0,36.8
95.0,72974.0,1.0,79.58,65.0,1.2243076923076923
72974.0,93824.0,1.0,27.29,26.0,1.0496153846153846
93824.0,80326.0,1281.0,48.7,22.798594847775174,97.4
93824.0,105.0,4.0,161.91,9.75,161.91
80326.0,105.0,2.0,113.74,15.0,113.74
93824.0,13.0,2.0,120.95,13.0,17.27857142857143
84.0,92071.0,3.0,29.5,1630.3333333333333,0.42142857142857143
92071.0,5.0,4.0,58.02,6.5,11.604000000000001
92071.0,101.0,2.0,31.24,280.0,15.62
49.0,64102.0,3.0,28.02,2930.0,1.401
64102.0,22.0,2.0,172.16,72.0,5.216969696969697
22.0,84.0,1.0,146.05,4.0,36.5125
84.0,64102.0,2.0,63.19,2.0,31.595
64102.0,5.0,6.0,51.2,156.66666666666666,17.066666666666666
5.0,22.0,2.0,121.22,4.0,30.305
22.0,99.0,3.0,64.39,70.0,32.195
99.0,84.0,1.0,84.36,2.0,42.18
5.0,84.0,2.0,58.5,32.5,7.3125
5.0,99.0,2.0,59.06,13.0,8.437142857142858
49.0,88.0,1.0,82.73,3449.0,0.023986662800811832
88.0,64102.0,1.0,63.96,493.0,0.12973630831643002
49.0,95.0,1.0,55.08,2176.0,0.025312499999999998
95.0,64102.0,3.0,27.07,955.6666666666666,6.7675
95.0,9048.0,1.0,20.55,235.0,0.0874468085106383
9048.0,88.0,3.0,72.81,6.0,14.562000000000001
88.0,22.0,1.0,202.54,1.0,202.54
22.0,9048.0,1.0,138.33,7.0,19.761428571428574
9048.0,99.0,4.0,77.41,6.5,15.482
9048.0,5.0,2.0,18.86,1619.0,0.11936708860759493
95.0,10402.0,1.0,57.32,313.0,0.18313099041533545
10402.0,5.0,2.0,18.83,995.5,0.1326056338028169
10402.0,88.0,6.0,107.71,13.833333333333334,53.855
10402.0,22.0,10.0,102.43,54.3,34.14333333333334
10402.0,99.0,10.0,40.52,59.2,10.13
88.0,13.0,2.0,22.87,6.5,11.435
88.0,49.0,1.0,82.73,102.0,0.8110784313725491
49.0,10402.0,3.0,90.27,86.66666666666667,6.018
10402.0,84.0,2.0,64.49,5.5,16.1225
88.0,84.0,1.0,126.06,5.0,25.212
84.0,13.0,1.0,147.24,2.0,73.62
13.0,10402.0,1.0,130.45,2.0,65.225
99.0,33677.0,1.0,45.32,20.0,2.266
88.0,26858.0,1.0,26.87,39.0,0.688974358974359
26858.0,8814.0,1.0,33.24,26944.0,0.0012336698337292163
8814.0,99.0,2.0,89.1,4.0,29.7
8814.0,13.0,5.0,82.71,4.2,27.569999999999997
13.0,26858.0,5.0,49.67,4076.6,8.278333333333334
26858.0,5.0,3.0,64.81,2.6666666666666665,32.405
26858.0,99.0,3.0,121.72,92.0,40.57333333333333
99.0,5.0,1.0,59.06,6.0,9.843333333333334
22.0,28847.0,1.0,49.58,27.0,1.8362962962962963
28847.0,105.0,28.0,102.01,98.35714285714286,204.02
99.0,8318.0,17.0,4.53,332.11764705882354,0.755
8318.0,28847.0,2.0,18.6,5538.5,0.01473851030110935
28847.0,22.0,2.0,49.58,1781.5,0.10993348115299334
28847.0,23449.0,5.0,13.34,245.2,1.9057142857142857
23449.0,13568.0,3.0,30.0,574.0,0.14084507042253522
13568.0,28847.0,1.0,18.6,66.0,0.28181818181818186
28847.0,12831.0,6.0,12.37,553.1666666666666,2.0616666666666665
99.0,12831.0,3.0,9.92,10.333333333333334,1.984
12831.0,22.0,1.0,58.69,38.0,1.5444736842105262
22.0,99.0,3.0,64.39,633.3333333333334,2.220344827586207
22.0,8318.0,1.0,68.16,735.0,0.09273469387755101
22.0,32.0,1.0,88.88,138.0,0.6440579710144927
32.0,23449.0,1.0,38.55,18.0,2.1416666666666666
23449.0,8318.0,9.0,12.17,169.55555555555554,2.434
8318.0,105.0,2.0,119.02,655.5,39.67333333333333
105.0,23449.0,2.0,114.96,6.5,114.96
22.0,8318.0,1.0,68.16,104.0,0.6553846153846153
8318.0,86716.0,12.0,62.8,97.08333333333333,125.6
86716.0,32395.0,1.0,33.97,34.0,0.9991176470588234
32395.0,8318.0,1.0,29.15,116.0,0.2512931034482758
86716.0,16637.0,1.0,47.63,7.0,6.804285714285714
16637.0,32395.0,902.0,13.89,27.69179600886918,27.78
32395.0,105.0,2.0,148.17,85.0,2.147391304347826
84.0,51552.0,2.0,23.91,176.0,0.6130769230769231
51552.0,99.0,6.0,90.26,67.66666666666667,90.26
51552.0,5.0,4.0,47.71,529.25,95.42
51552.0,22.0,1.0,154.38,6210.0,0.024859903381642512
22.0,84.0,1.0,146.05,24880.0,0.005870176848874599
5.0,69143.0,1.0,53.22,297.0,0.17919191919191918
69143.0,79100.0,5.0,73.05,1572.4,7.305
79100.0,88.0,2.0,98.08,6.5,49.04
79100.0,73376.0,5.0,46.1,5.6,23.05
73376.0,9048.0,2.0,23.09,1425.0,1.7761538461538462
9048.0,32.0,1.0,67.38,51.0,1.3211764705882352
32.0,84.0,1.0,57.42,10.0,5.742
84.0,9048.0,3.0,65.56,10.0,16.39
73376.0,84.0,2.0,77.06,32.5,8.562222222222223
73376.0,69143.0,9.0,50.77,16.333333333333332,12.6925
69143.0,88.0,6.0,136.3,19.666666666666668,272.6
69143.0,9048.0,1.0,70.01,6865.0,0.01019810633648944
9048.0,99.0,6.0,77.41,6.5,19.3525
101.0,84.0,3.0,29.03,72.0,1.814375
84.0,95.0,1.0,76.73,246.0,0.3119105691056911
95.0,5.0,1.0,39.38,3.0,13.126666666666667
5.0,101.0,1.0,82.63,17407.0,0.0047469408858505195
101.0,49.0,2.0,54.17,6.5,10.834
95.0,92.0,2.0,156.67,2421.0,0.13367747440273037
95.0,88.0,48.0,53.3,496.1458333333333,13.325
88.0,13.0,4.0,22.87,507.25,4.574
88.0,5.0,5.0,91.38,809.8,45.69
5.0,22.0,3.0,121.22,4.666666666666667,30.305
22.0,32.0,2.0,88.88,7.5,12.697142857142856
32.0,5.0,2.0,48.84,1.0,48.84
22.0,88.0,1.0,202.54,9.0,22.504444444444445
8814.0,23449.0,4.0,89.4,4.25,29.8
23449.0,84.0,4.0,93.7,4.0,31.233333333333334
84.0,8814.0,1.0,75.55,1.0,75.55
23449.0,95.0,1.0,98.54,4.0,24.635
95.0,22.0,1.0,157.9,9.0,17.544444444444444
22.0,105.0,1.0,63.38,27674.0,0.0022902363229023634
105.0,95.0,1.0,212.35,1947.0,0.10906522855675398
95.0,5.0,2.0,39.38,2.0,19.69
5.0,88.0,4.0,91.38,4.25,45.69
88.0,95.0,4.0,53.3,7.75,13.325
95.0,66.0,1.0,364.53,23126.0,0.01576277782582375
66.0,23449.0,1.0,266.78,738.0,0.361490514905149
23449.0,32.0,3.0,38.55,44.666666666666664,19.275
84.0,49.0,1.0,60.58,18.0,3.3655555555555554
49.0,23449.0,1.0,131.52,1.0,131.52
23449.0,88.0,4.0,145.7,11.5,145.7
88.0,32.0,3.0,140.16,530.3333333333334,8.76
23449.0,13.0,2.0,167.85,13.0,41.9625
95.0,5.0,16.0,39.38,1381.9375,39.38
95.0,32446.0,1.0,30.62,9939.0,0.003080792836301439
32446.0,49.0,2.0,37.32,3820.5,37.32
32446.0,9048.0,1.0,27.66,194.0,0.14257731958762887
9048.0,73823.0,5.0,29.73,334.0,0.17488235294117646
73823.0,30620.0,1.0,21.19,185.0,0.11454054054054055
30620.0,9048.0,2.0,27.07,6.5,9.023333333333333
30620.0,4313.0,1.0,36.69,1156.0,0.031738754325259515
4313.0,49.0,1.0,40.87,26.0,1.5719230769230768
49.0,95.0,2.0,55.08,2621.5,0.02160847391133778
95.0,9048.0,2.0,20.55,208.5,0.3161538461538462
9048.0,88.0,1.0,72.81,2396.0,0.030388146911519198
88.0,95.0,1.0,53.3,4333.0,0.012300946226632817
9048.0,94637.0,1.0,22.56,94.0,0.24
94637.0,34277.0,2.0,18.03,43.5,0.46230769230769236
34277.0,49.0,1.0,45.99,13.0,3.537692307692308
49.0,9048.0,1.0,62.64,466.0,0.1344206008583691
9048.0,34277.0,5.0,35.61,126.2,2.5435714285714286
94637.0,4313.0,4.0,35.78,6.0,35.78
94637.0,105.0,6.0,213.35,1.0,426.7
94637.0,22.0,9.0,158.02,5.111111111111111,79.01
22.0,84.0,1.0,146.05,3.0,48.68333333333334
84.0,94637.0,1.0,81.44,4.0,20.36
94637.0,32.0,7.0,89.94,176.14285714285714,89.94
32.0,83577.0,3.0,82.14,4.666666666666667,82.14
83577.0,22.0,2.0,155.3,13.0,51.76666666666667
83577.0,62327.0,1.0,3.61,963.0,0.0037487019730010384
62327.0,99.0,6.0,94.2,16.666666666666668,31.400000000000002
62327.0,13.0,2.0,84.26,0.5,168.52
62327.0,95.0,9.0,10.62,7.0,5.31
95.0,4313.0,16.0,34.28,30.125,17.14
49.0,13.0,1.0,99.52,623.0,0.15974317817014447
13.0,5.0,5.0,114.24,13.6,38.08
5.0,49.0,3.0,73.03,689.3333333333334,73.03
5.0,88.0,2.0,91.38,6.5,30.459999999999997
5.0,4313.0,32.0,70.77,15.53125,141.54
4313.0,22.0,2.0,191.37,2.5,191.37
22.0,5.0,4.0,121.22,7.75,24.244
4313.0,13.0,2.0,59.88,3.5,59.88
95.0,5.0,6.0,39.38,2238.1666666666665,19.69
95.0,88.0,2.0,53.3,442.0,0.15360230547550432
95.0,79123.0,2.0,69.35,1288.5,0.2114329268292683
5.0,99.0,1.0,59.06,5.0,11.812000000000001
99.0,22.0,2.0,64.39,0.0,128.78
22.0,95.0,1.0,157.9,4.0,39.475
95.0,5.0,3.0,39.38,5.666666666666667,9.845
5.0,22.0,1.0,121.22,5.0,24.244
99.0,95.0,1.0,97.82,4.0,24.455
95.0,59287.0,1.0,22.22,4.0,5.555
59287.0,99.0,2.0,83.52,6.5,16.704
59287.0,23254.0,6.0,44.91,122.66666666666667,14.969999999999999
23254.0,22.0,6.0,184.15,25.5,368.3
59287.0,88.0,13.0,74.79,59.84615384615385,37.395
59287.0,13.0,2.0,97.28,176.0,2.7794285714285714
88.0,22.0,2.0,202.54,22332.5,3.7507407407407407
22.0,59287.0,1.0,146.45,87.0,1.6833333333333331
59287.0,84.0,1.0,55.14,8.0,6.8925
84.0,22.0,1.0,146.05,35.0,4.1728571428571435
88.0,5.0,2.0,91.38,806.5,0.1525542570951586
5.0,49.0,4.0,73.03,19.5,36.515
88.0,49.0,2.0,82.73,13.0,41.365
88.0,32.0,1.0,140.16,141.0,0.9940425531914894
95.0,49.0,1.0,55.08,23628.0,0.002331132554596242
49.0,51552.0,4.0,39.82,4221.0,0.14375451263537906
51552.0,32.0,1.0,66.6,1190.0,0.05596638655462184
32.0,49.0,1.0,104.89,2813.0,0.03728759331674369
49.0,84.0,1.0,60.58,16.0,3.78625
84.0,5.0,3.0,58.5,2480.6666666666665,9.75
5.0,22.0,2.0,121.22,6.5,30.305
5.0,51552.0,5.0,47.71,1670.2,7.951666666666667
49.0,101.0,4.0,54.17,39.0,1.464054054054054
49.0,26858.0,1.0,65.32,921.0,0.0709229098805646
26858.0,13.0,6.0,49.67,15.166666666666666,49.67
26858.0,95.0,1.0,26.44,21.0,1.2590476190476192
95.0,13.0,4.0,76.05,114.0,25.349999999999998
95.0,88.0,9.0,53.3,168.33333333333334,13.325
88.0,13.0,1.0,22.87,1.0,22.87
13.0,49.0,1.0,99.52,2366.0,0.042062552831783596
49.0,99.0,1.0,126.11,3564.0,0.03538439955106622
99.0,101.0,1.0,113.35,7470.0,0.015174029451137884
101.0,51552.0,1.0,36.58,13.0,2.813846153846154
95.0,51552.0,1.0,55.27,246.0,0.2246747967479675
51552.0,84.0,2.0,23.91,6885.0,0.03405982905982906
84.0,5.0,1.0,58.5,4.0,14.625
5.0,22.0,2.0,121.22,30.5,4.040666666666667
22.0,51552.0,1.0,154.38,4364.0,0.03537580201649863
51552.0,66.0,1.0,346.02,10118.0,0.034198458193318834
66.0,84.0,1.0,329.09,2587.0,0.1272091225357557
51552.0,88.0,3.0,102.6,580.6666666666666,2.386046511627907
51552.0,5.0,2.0,47.71,425.5,0.6535616438356164
5.0,95.0,2.0,39.38,598.5,0.13214765100671141
5.0,99.0,1.0,59.06,4.0,14.765
99.0,88.0,1.0,147.2,24.0,6.133333333333333
22.0,99.0,1.0,64.39,0.0,128.78
32.0,22.0,2.0,88.88,383.5,0.4804324324324324
32.0,99.0,7.0,27.73,706.0,0.13865
99.0,8318.0,1.0,4.53,98.0,0.046224489795918366
8318.0,32.0,1.0,26.39,5011.0,0.005266413889443225
84.0,5.0,2.0,58.5,8278.5,0.015163297045101089
5.0,23449.0,2.0,61.31,8.0,20.436666666666667
23449.0,84.0,2.0,93.7,4085.0,0.17416356877323422
23449.0,99.0,4.0,11.92,24.5,23.84
99.0,32.0,2.0,27.73,6.0,4.621666666666667
32.0,23449.0,4.0,38.55,44.5,12.85
22.0,95.0,4.0,157.9,1487.75,7.8950000000000005
95.0,5.0,4.0,39.38,2389.5,39.38
5.0,32.0,13.0,48.84,568.7692307692307,3.7569230769230773
32.0,22.0,5.0,88.88,50.4,22.22
95.0,32.0,2.0,87.51,3105.0,43.755
22.0,5.0,4.0,121.22,1056.5,0.824625850340136
5.0,88.0,6.0,91.38,1731.0,8.307272727272727
22.0,91636.0,2.0,32.09,11559.5,0.015310114503816795
91636.0,5.0,3.0,146.8,613.6666666666666,29.360000000000003
22.0,99.0,1.0,64.39,1.0,64.39
99.0,5.0,3.0,59.06,6.666666666666667,9.843333333333334
91636.0,99.0,2.0,87.88,19.5,87.88
91636.0,32.0,2.0,107.81,6.5,21.562
91636.0,96.0,2.0,118.81,5018.5,0.6600555555555556
101.0,64102.0,1.0,69.26,2301.0,0.03009995654063451
64102.0,49.0,3.0,28.02,6454.0,0.7184615384615385
49.0,95.0,1.0,55.08,6811.0,0.00808691822052562
95.0,18157.0,1.0,56.65,0.0,113.3
18157.0,64102.0,1.0,34.48,21373.0,0.0016132503626070274
64102.0,65971.0,2.0,66.01,2000.0,7.334444444444445
65971.0,18157.0,2.0,40.25,5.5,20.125
22.0,95.0,2.0,157.9,3007.0,0.11713649851632048
95.0,5.0,1.0,39.38,1539.0,0.025588044184535415
5.0,84.0,2.0,58.5,24987.5,8.357142857142858
5.0,22.0,1.0,121.22,134.0,0.9046268656716417
5.0,64102.0,3.0,51.2,636.0,17.066666666666666
64102.0,99.0,4.0,108.86,42.25,27.215
99.0,22.0,8.0,64.39,2652.25,128.78
22.0,66.0,1.0,210.79,139.0,1.516474820143885
66.0,5.0,1.0,325.65,886.0,0.36755079006772007
5.0,88.0,3.0,91.38,118.33333333333333,22.845
5.0,84.0,2.0,58.5,91.0,8.357142857142858
5.0,95.0,1.0,39.38,37.0,1.0643243243243243
95.0,91636.0,1.0,184.94,669.0,0.2764424514200299
91636.0,5.0,3.0,146.8,410.0,73.4
88.0,13.0,2.0,22.87,149.5,0.20603603603603604
88.0,99.0,1.0,147.2,1202.0,0.12246256239600664
8318.0,32.0,2.0,26.39,1515.5,2.1991666666666667
32.0,91636.0,3.0,107.81,2006.0,5.3905
91636.0,99.0,2.0,87.88,6.5,87.88
91636.0,51286.0,5.0,97.0,339.8,97.0
91636.0,8318.0,1.0,92.2,230.0,0.4008695652173913
8318.0,51286.0,4.0,13.0,118.75,13.0
51286.0,22.0,3.0,76.09,510.3333333333333,0.6038888888888889
91636.0,22.0,1.0,32.09,1.0,32.09
32.0,5.0,2.0,48.84,11214.5,0.005426063770692146
13.0,2552.0,1.0,11.52,0.0,23.04
2552.0,95.0,2.0,64.62,224.5,5.874545454545455
2552.0,5.0,3.0,102.73,98.33333333333333,4.891904761904762
5.0,22.0,3.0,121.22,5.666666666666667,30.305
22.0,32.0,3.0,88.88,29.333333333333332,8.888
32.0,99.0,3.0,27.73,14.333333333333334,6.9325
99.0,2552.0,1.0,158.31,34937.0,0.0045312991956951085
22.0,5.0,1.0,121.22,45888.0,0.0026416492329149233
5.0,8318.0,1.0,54.66,39.0,1.4015384615384614
8318.0,84.0,3.0,81.98,6.333333333333333,16.396
8318.0,22.0,7.0,68.16,6.0,22.72
22.0,84.0,1.0,146.05,3.0,48.68333333333334
8318.0,32.0,1.0,26.39,2376.0,0.011106902356902357
51552.0,5.0,2.0,47.71,13.0,15.903333333333334
51552.0,22.0,1.0,154.38,21583.0,0.0071528517814946945
22.0,84.0,1.0,146.05,5979.0,0.02442716173273123
84.0,49.0,6.0,60.58,6.5,10.096666666666666
84.0,5.0,1.0,58.5,98.0,0.5969387755102041
5.0,91636.0,1.0,146.8,392.0,0.3744897959183674
91636.0,8318.0,1.0,92.2,868.0,0.10622119815668203
8318.0,84.0,6.0,81.98,6.5,16.396
8318.0,51552.0,2.0,86.93,6.5,17.386000000000003
8318.0,32.0,1.0,26.39,234.0,0.11277777777777778
32.0,51552.0,1.0,66.6,490.0,0.13591836734693877
51552.0,84.0,1.0,23.91,25061.0,0.0009540720641634412
42740.0,95.0,2.0,96.42,993.0,0.11198606271777004
42740.0,8318.0,1.0,3.16,4673.0,0.000676225123047293
8318.0,32.0,1.0,26.39,12849.0,0.0020538563312320025
5.0,49.0,4.0,73.03,3343.0,146.06
49.0,95.0,6.0,55.08,2260.6666666666665,6.12
95.0,5.0,1.0,39.38,2290.0,0.017196506550218343
95.0,88.0,1.0,53.3,5172.0,0.010305491105955142
22.0,96.0,1.0,150.17,103.0,1.4579611650485436
96.0,66.0,1.0,64.72,9.0,7.191111111111111
66.0,105.0,1.0,152.18,49758.0,0.003058402668917561
96.0,49.0,1.0,320.96,154.0,2.084155844155844
49.0,75762.0,1.0,95.39,63.0,1.5141269841269842
75762.0,84.0,27.0,70.51,1132.5185185185185,70.51
75762.0,88.0,38.0,108.72,8.763157894736842,108.72
84.0,99.0,1.0,84.36,129.0,0.653953488372093
99.0,96.0,1.0,203.16,7140.0,0.028453781512605043
95.0,5.0,8.0,39.38,64.0,39.38
5.0,84.0,1.0,58.5,894.0,0.06543624161073826
84.0,22.0,1.0,146.05,777.0,0.18796653796653798
22.0,32.0,1.0,88.88,8.0,11.11
32.0,95.0,1.0,87.51,14592.0,0.005997121710526316
5.0,99.0,5.0,59.06,24.6,9.843333333333334
66.0,96.0,2.0,64.72,7.0,21.573333333333334
96.0,5.0,1.0,261.85,24.0,10.910416666666668
5.0,88.0,1.0,91.38,15.0,6.092
88.0,13.0,1.0,22.87,0.0,45.74
13.0,95.0,1.0,76.05,8.0,9.50625
95.0,5.0,1.0,39.38,4.0,9.845
5.0,22.0,3.0,121.22,5.333333333333333,40.406666666666666
22.0,96.0,1.0,150.17,11.0,13.65181818181818
66.0,92821.0,1.0,31.68,3.0,10.56
92821.0,22.0,1.0,180.58,84.0,2.1497619047619048
22.0,95.0,1.0,157.9,33.0,4.784848484848485
96.0,92821.0,1.0,33.04,144.0,0.22944444444444445
92821.0,22.0,7.0,180.58,41.42857142857143,180.58
22.0,95.0,1.0,157.9,20.0,7.8950000000000005
95.0,5.0,3.0,39.38,1.6666666666666667,39.38
5.0,84.0,1.0,58.5,9.0,6.5
84.0,95.0,1.0,76.73,3.0,25.576666666666668
5.0,13.0,1.0,114.24,19271.0,0.005928078459861969
13.0,88.0,1.0,22.87,10.0,2.287
88.0,95.0,1.0,53.3,9.0,5.922222222222222
5.0,92821.0,1.0,294.29,33.0,8.917878787878788
99.0,13.0,1.0,169.72,176.0,0.9643181818181819
13.0,5.0,1.0,114.24,351.0,0.32547008547008544
5.0,95.0,2.0,39.38,37.0,1.5752000000000002
95.0,99.0,2.0,97.82,229.0,1.1508235294117646
99.0,5.0,2.0,59.06,64.0,14.765
99.0,32.0,4.0,27.73,103.25,1.6311764705882352
32.0,5.0,3.0,48.84,248.0,1.1912195121951221
5.0,22.0,4.0,121.22,68.5,13.46888888888889
99.0,84.0,2.0,84.36,2.0,42.18
84.0,22.0,2.0,146.05,74.5,6.954761904761905
22.0,99.0,1.0,64.39,3.0,21.463333333333335
84.0,5.0,14.0,58.5,505.14285714285717,11.7
5.0,88.0,1.0,91.38,1.0,91.38
88.0,22.0,1.0,202.54,2.0,101.27
99.0,85503.0,11.0,31.48,164.63636363636363,10.493333333333334
85503.0,105.0,8.0,87.89,4.25,87.89
79123.0,22.0,4.0,91.51,6.5,30.503333333333334
79123.0,95.0,2.0,69.35,13.0,6.304545454545454
79123.0,23449.0,10.0,31.91,24.3,15.955
23449.0,95.0,4.0,98.54,26.0,8.958181818181819
23449.0,32.0,3.0,38.55,49.666666666666664,19.275
79123.0,32.0,1.0,26.28,31.0,0.847741935483871
23449.0,99.0,2.0,11.92,6.5,2.98
22.0,87358.0,1.0,135.49,21.0,6.451904761904762
87358.0,99.0,34.0,77.53,97.1470588235294,25.843333333333334
87358.0,105.0,4.0,191.55,81.5,11.971875
87358.0,13.0,2.0,92.42,1531.0,0.4915957446808511
87358.0,95.0,2.0,23.42,7223.0,1.8015384615384618
22.0,2344.0,1.0,92.36,8.0,11.545
2344.0,67535.0,1.0,56.08,1.0,56.08
67535.0,22211.0,1949.0,49.4,17.6341713699333,98.8
22211.0,13.0,3.0,129.49,6.333333333333333,129.49
13.0,67535.0,1.0,80.1,3.0,26.7
22211.0,5.0,1.0,24.13,0.0,48.26
5.0,67535.0,1.0,36.85,1383.0,0.026644974692697037
32.0,10402.0,1.0,35.39,43.0,0.8230232558139535
10402.0,88.0,31.0,107.71,22.870967741935484,107.71
10402.0,38337.0,288.0,12.21,53.767361111111114,24.42
38337.0,88.0,21.0,96.14,15.095238095238095,192.28
10402.0,22.0,23.0,102.43,151.1304347826087,204.86
22.0,38337.0,11.0,114.34,5.090909090909091,114.34
38337.0,105.0,4.0,167.26,13.0,55.75333333333333
10402.0,95.0,2.0,57.32,2091.0,0.3821333333333333
95.0,26858.0,4.0,26.44,12614.5,6.61
95.0,5.0,1.0,39.38,4663.0,0.008445206948316535
5.0,49.0,1.0,73.03,22.0,3.319545454545455
49.0,8814.0,9.0,61.76,10.777777777777779,15.44
8814.0,13.0,8.0,82.71,18.0,41.355
8814.0,99.0,2.0,89.1,6.5,14.85
8814.0,26858.0,1.0,33.24,2225.0,0.01493932584269663
49.0,64102.0,1.0,28.02,18453.0,0.0015184522841814338
64102.0,95.0,5.0,27.07,985.4,3.38375
64102.0,5.0,7.0,51.2,3.0,102.4
5.0,99.0,3.0,59.06,6.0,9.843333333333334
99.0,64102.0,5.0,108.86,4.4,36.28666666666667
64102.0,84.0,2.0,63.19,6.5,63.19
64102.0,66.0,1.0,373.68,2851.0,0.13106980007015082
66.0,49.0,1.0,385.64,3438.0,0.1121698662012798
49.0,95.0,1.0,55.08,5372.0,0.010253164556962025
4313.0,48339.0,3.0,21.1,56.666666666666664,0.9173913043478261
48339.0,22.0,6.0,175.82,5.666666666666667,87.91
48339.0,99.0,4.0,116.5,59.25,58.25
48339.0,105.0,2.0,231.0,892.5,1.0087336244541485
48339.0,49.0,2.0,55.24,1926.0,110.48
5.0,84.0,6.0,58.5,147.5,117.0
5.0,99.0,1.0,59.06,548.0,0.10777372262773723
99.0,95.0,1.0,97.82,3771.0,0.02594006894722885
95.0,5.0,1.0,39.38,5078.0,0.007755021662071682
9048.0,88.0,3.0,72.81,2.3333333333333335,36.405
88.0,84.0,2.0,126.06,3.0,42.02
84.0,9048.0,5.0,65.56,40.8,9.365714285714287
88.0,22.0,1.0,202.54,2.0,101.27
22.0,84.0,1.0,146.05,0.0,292.1
9048.0,99.0,2.0,77.41,6.5,15.482
9048.0,71721.0,2.0,38.91,961.0,0.5187999999999999
9048.0,22.0,3.0,138.33,9.666666666666666,69.165
22.0,71721.0,4.0,130.36,1430.0,130.36
22.0,13568.0,1.0,31.02,143.0,0.2169230769230769
13568.0,105.0,5.0,85.66,983.6,7.138333333333333
13568.0,99.0,1.0,33.38,4166.0,0.00801248199711954
99.0,14929.0,3.0,45.36,1957.3333333333333,0.9072
14929.0,13568.0,2.0,16.12,10137.5,0.007738838214114259
105.0,14929.0,3.0,70.24,147.66666666666666,6.385454545454545
13568.0,32.0,1.0,58.49,4792.0,0.012205759599332221
95.0,63596.0,5.0,45.53,3873.4,11.3825
63596.0,99.0,1.0,139.91,7.0,19.987142857142857
99.0,5.0,1.0,59.06,7.0,8.437142857142858
5.0,63596.0,1.0,83.74,2521.0,0.03321697738992463
63596.0,13.0,2.0,30.58,6318.5,0.21384615384615382
95.0,13.0,2.0,76.05,3364.0,0.0420863309352518
66667.0,23449.0,11.0,43.27,17.636363636363637,14.423333333333334
23449.0,2894.0,4.0,31.14,13.0,10.38
23449.0,91587.0,1.0,58.18,15.0,3.8786666666666667
91587.0,99.0,1.0,58.0,10098.0,0.005743711626064567
99.0,5.0,1.0,59.06,4867.0,0.012134785288678857
5.0,91587.0,1.0,117.06,3.0,39.02
22.0,95.0,9.0,157.9,5886.555555555556,3.588636363636364
22.0,5.0,2.0,121.22,638.0,4.329285714285715
95.0,5.0,2.0,39.38,2987.0,0.10445623342175067
95.0,13.0,2.0,76.05,1301.5,15.209999999999999
95.0,10402.0,3.0,57.32,3869.0,0.3391715976331361
10402.0,49.0,10.0,90.27,34.8,22.5675
10402.0,99.0,34.0,40.52,10.647058823529411,40.52
10402.0,22.0,6.0,102.43,597.1666666666666,51.215
22.0,99.0,1.0,64.39,3.0,21.463333333333335
99.0,49.0,1.0,126.11,3.0,42.03666666666667
22.0,51286.0,1.0,76.09,3.0,25.363333333333333
51286.0,10402.0,52.0,35.9,6.384615384615385,17.95
10402.0,84.0,7.0,64.49,2.857142857142857,128.98
84.0,51286.0,1.0,70.98,3.0,23.66
10402.0,13.0,10.0,130.45,15.4,26.089999999999996
13.0,49.0,1.0,99.52,2.0,49.76
13.0,84.0,1.0,147.24,32.0,4.60125
84.0,32.0,7.0,57.42,5.857142857142857,28.71
32.0,10402.0,1.0,35.39,6800.0,0.005204411764705883
85503.0,99.0,5.0,31.48,1615.4,0.1008974358974359
85503.0,5.0,1.0,88.83,1183.0,0.0750887573964497
5.0,99.0,1.0,59.06,318.0,0.18572327044025158
85503.0,8318.0,1.0,35.23,33478.0,0.0010523328753211064
8318.0,99.0,3.0,4.53,1649.6666666666667,0.005537897310513447
99.0,32.0,1.0,27.73,4750.0,0.005837894736842105
95.0,88.0,4.0,53.3,774.5,26.65
95.0,49.0,2.0,55.08,6.5,9.18
95.0,92.0,1.0,156.67,74.0,2.117162162162162
92.0,49.0,3.0,211.31,108.0,4.1433333333333335
49.0,9048.0,5.0,62.64,19.6,12.528
9048.0,13.0,2.0,95.68,6.5,19.136000000000003
9048.0,99.0,2.0,77.41,6430.5,12.901666666666666
9048.0,95.0,3.0,20.55,11495.333333333334,20.55
84.0,22.0,2.0,146.05,423.5,0.7937500000000001
84.0,5.0,1.0,58.5,2327.0,0.025139664804469275
5.0,22.0,1.0,121.22,2.0,60.61
22.0,49.0,1.0,190.46,19949.0,0.009547345731615621
49.0,84.0,1.0,60.58,2067.0,0.02930817610062893
95.0,5.0,1.0,39.38,2292.0,0.01718150087260035
5.0,32.0,19.0,48.84,677.7368421052631,16.28
32.0,9048.0,6.0,67.38,28.5,33.69
9048.0,5.0,2.0,18.86,1334.0,0.0253835800807537
5.0,99.0,2.0,59.06,6.5,9.843333333333334
9048.0,99.0,2.0,77.41,221.5,15.482
32.0,95.0,1.0,87.51,3700.0,0.023651351351351352
95.0,9048.0,1.0,20.55,736.0,0.027921195652173915
71721.0,5.0,2.0,29.46,8298.5,0.019471249173826834
71721.0,22.0,5.0,130.36,58.2,65.18
22.0,32.0,1.0,88.88,2.0,44.44
32.0,71721.0,1.0,43.81,0.0,87.62
71721.0,84.0,3.0,29.07,6120.333333333333,0.007243957139297284
84.0,49.0,2.0,60.58,2535.0,0.0661353711790393
49.0,71721.0,4.0,61.11,555.25,0.48888
71721.0,95.0,2.0,54.22,6.5,54.22
95.0,5.0,2.0,39.38,11175.5,39.38
5.0,32.0,2.0,48.84,5613.0,6.977142857142858
32.0,95.0,2.0,87.51,1807.0,17.502000000000002
95.0,88.0,2.0,53.3,8.5,53.3
88.0,32.0,4.0,140.16,1038.25,1.1123809523809522
88.0,22.0,2.0,202.54,601.0,13.502666666666666
22.0,95.0,1.0,157.9,10.0,15.790000000000001
22.0,5.0,3.0,121.22,1232.3333333333333,11.02
5.0,3236.0,1.0,54.13,65.0,0.8327692307692308
3236.0,29992.0,31.0,31.02,411.4516129032258,62.04
29992.0,5.0,4.0,33.5,9.75,33.5
29992.0,95.0,1.0,15.05,2082.0,0.007228626320845342
95.0,5.0,1.0,39.38,640.0,0.06153125
5.0,49.0,5.0,73.03,1251.2,9.12875
49.0,8318.0,1.0,122.31,5.0,24.462
8318.0,13.0,2.0,165.2,19.5,330.4
8318.0,5.0,1.0,54.66,22883.0,0.0023886728138792987
5.0,64102.0,2.0,51.2,1258.0,0.19176029962546817
64102.0,105.0,2.0,222.02,306.0,55.505
5.0,105.0,1.0,173.49,9830.0,0.017649033570701935
105.0,95.0,1.0,212.35,955.0,0.22235602094240836
5.0,8318.0,1.0,54.66,0.0,109.32
8318.0,32.0,2.0,26.39,13556.5,0.01904040404040404
8318.0,84.0,4.0,81.98,168.75,163.96
8318.0,95.0,2.0,93.33,3892.0,0.8045689655172413
95.0,64102.0,2.0,27.07,8201.5,0.13882051282051283
64102.0,49.0,2.0,28.02,7835.0,0.003922721545569089
49.0,59287.0,1.0,49.18,1212.0,0.040577557755775574
59287.0,84.0,4.0,55.14,6.5,18.38
59287.0,64102.0,1.0,25.81,29985.0,0.0008607637151909288
49.0,95.0,1.0,55.08,5359.0,0.01027803694719164
8318.0,84.0,2.0,81.98,1.5,81.98
8318.0,99.0,3.0,4.53,2226.0,0.011858638743455498
99.0,32.0,1.0,27.73,922.0,0.03007592190889371
32.0,8318.0,2.0,26.39,18873.5,0.007620560207912215
49113.0,95.0,2.0,27.78,1693.5,9.26
49113.0,8114.0,13.0,48.88,7.076923076923077,16.293333333333333
49113.0,49.0,2.0,52.53,922.5,0.08527597402597403
8114.0,95.0,3.0,72.91,19.333333333333332,145.82
95.0,49.0,3.0,55.08,7067.0,11.016
49.0,5.0,1.0,73.03,1894.0,0.03855860612460401
5.0,13.0,2.0,114.24,1500.0,0.3846464646464646
13.0,95.0,1.0,76.05,15.0,5.069999999999999
95.0,5.0,1.0,39.38,1.0,39.38
13.0,49.0,1.0,99.52,767.0,0.1297522816166884
49.0,84.0,1.0,60.58,3142.0,0.01928071292170592
99.0,82886.0,1.0,42.78,2290.0,0.018681222707423582
82886.0,42740.0,5.0,41.77,2388.4,41.77
42740.0,8318.0,1.0,3.16,5051.0,0.0006256186893684419
5.0,32.0,1.0,48.84,54.0,0.9044444444444445
32.0,96.0,1.0,217.41,35040.0,0.006204623287671233
96.0,105.0,1.0,88.97,18.0,4.942777777777778
49.0,9048.0,17.0,62.64,325.5882352941176,12.528
9048.0,95.0,1.0,20.55,22055.0,0.0009317615053275901
95.0,13.0,2.0,76.05,8293.0,0.040110759493670885
95.0,52367.0,1.0,27.76,21.0,1.321904761904762
52367.0,1042.0,11.0,66.85,5.545454545454546,33.425
1042.0,16917.0,5.0,53.85,20.6,26.925
1042.0,13.0,2.0,136.39,25.5,68.195
16917.0,49.0,12.0,144.27,26.5,48.09
16917.0,13.0,2.0,189.08,13.0,63.02666666666667
16917.0,9048.0,1.0,97.1,625.0,0.15536
9048.0,99.0,1.0,77.41,5.0,15.482
99.0,49.0,1.0,126.11,3.0,42.03666666666667
9048.0,13.0,2.0,95.68,358.0,0.5834146341463415
84.0,5.0,1.0,58.5,416.0,0.140625
5.0,99.0,7.0,59.06,77.42857142857143,11.812000000000001
5.0,95.0,6.0,39.38,37.166666666666664,78.76
95.0,99.0,1.0,97.82,4.0,24.455
71721.0,99.0,8.0,66.08,340.625,4.13
71721.0,95.0,2.0,54.22,11.5,108.44
71721.0,5.0,1.0,29.46,22324.0,0.0013196559756316073
5.0,84.0,1.0,58.5,8630.0,0.006778679026651217
13.0,5.0,2.0,114.24,55.5,3.0875675675675676
5.0,22.0,1.0,121.22,41.0,2.9565853658536585
22.0,96.0,1.0,150.17,24.0,6.257083333333333
96.0,66.0,2.0,64.72,12.0,9.245714285714286
96.0,5.0,1.0,261.85,82.0,3.1932926829268293
49.0,5.0,2.0,73.03,103.5,1.0432857142857144
5.0,66.0,1.0,325.65,72.0,4.522916666666666
66.0,99.0,1.0,266.73,5467.0,0.04878909822571795
99.0,5.0,1.0,59.06,7.0,8.437142857142858
49.0,96.0,1.0,320.96,17062.0,0.01881139374047591
96.0,5.0,1.0,261.85,76.0,3.4453947368421054
99.0,96.0,2.0,203.16,6444.0,0.12157989228007181
99.0,95.0,1.0,97.82,8.0,12.2275
95.0,5.0,1.0,39.38,0.0,78.76
5.0,99.0,1.0,59.06,18.0,3.281111111111111
95.0,9048.0,1.0,20.55,1.0,20.55
9048.0,9888.0,1.0,110.14,11.0,10.012727272727274
9888.0,25145.0,2.0,84.06,10512.5,0.010943887514646531
25145.0,13.0,2.0,120.17,1.5,120.17
9888.0,13.0,2.0,201.88,5.5,100.94
95.0,51593.0,1.0,35.37,39.0,0.9069230769230768
51593.0,105.0,52.0,177.0,292.21153846153845,354.0
51593.0,13.0,6.0,109.26,6.666666666666667,218.52
95.0,72572.0,1.0,66.94,11027.0,0.00607055409449533
72572.0,32.0,2.0,21.91,1777.5,43.82
72572.0,84.0,4.0,56.77,4.5,56.77
72572.0,2736.0,1.0,52.4,2552.0,0.02053291536050157
2736.0,6783.0,2.0,50.54,5.5,12.635
2736.0,105.0,3.0,198.77,284.0,198.77
105.0,6783.0,2.0,223.66,6.5,111.83
105.0,25145.0,1.0,165.88,2.0,82.94
25145.0,84.0,2.0,62.43,4.5,31.215
25145.0,13.0,10.0,120.17,4.3,240.34
25145.0,49.0,7.0,81.31,41.57142857142857,81.31
25145.0,72572.0,1.0,22.02,443.0,0.04970654627539503
72572.0,49.0,3.0,92.08,279.0,46.04
72572.0,13.0,4.0,141.78,7.25,141.78
25145.0,32.0,2.0,43.89,625.0,0.6550746268656716
49.0,18533.0,1.0,82.59,13.0,6.353076923076923
18533.0,105.0,40.0,159.22,30.325,159.22
18533.0,13.0,11.0,129.2,6.363636363636363,129.2
18533.0,32.0,1.0,34.03,1.0,34.03
32.0,13.0,1.0,163.03,6.0,27.171666666666667
95.0,38337.0,1.0,45.17,9061.0,0.004985100982231542
38337.0,32.0,61.0,44.91,10.229508196721312,89.82
38337.0,49.0,8.0,80.03,10.75,40.015
38337.0,84.0,15.0,62.02,4.333333333333333,62.02
84.0,32.0,6.0,57.42,4.5,19.14
38337.0,13.0,10.0,118.96,8.0,118.96
32.0,49.0,1.0,104.89,0.0,209.78
49.0,84.0,1.0,60.58,8.0,7.5725
5.0,60219.0,1.0,20.09,90.0,0.2232222222222222
60219.0,32.0,2.0,28.97,2139.5,0.3914864864864865
95.0,38337.0,1.0,45.17,1.0,45.17
38337.0,84.0,35.0,62.02,50.57142857142857,124.04
84.0,105.0,1.0,182.02,123.0,1.4798373983739839
105.0,38337.0,1.0,167.26,15.0,11.150666666666666
38337.0,13.0,2.0,118.96,4.0,39.65333333333333
95.0,29992.0,1.0,15.05,39.0,0.3858974358974359
29992.0,84.0,11.0,61.87,41.45454545454545,15.4675
84.0,99.0,5.0,84.36,18.4,84.36
99.0,29992.0,41.0,92.3,113.58536585365853,30.766666666666666
29992.0,9048.0,2.0,18.03,1061.5,18.03
84.0,49.0,7.0,60.58,346.57142857142856,20.19333333333333
49.0,32.0,1.0,104.89,509.0,0.20607072691552064
32.0,99.0,8.0,27.73,241.375,27.73
32.0,84.0,2.0,57.42,477.5,0.41309352517985615
32.0,5.0,2.0,48.84,371.5,0.444
32.0,105.0,1.0,130.85,570.0,0.2295614035087719
105.0,84.0,1.0,182.02,1739.0,0.1046693502012651
84.0,99.0,2.0,84.36,2770.5,0.20625916870415648
9048.0,99.0,1.0,77.41,15.0,5.160666666666667
99.0,95.0,1.0,97.82,2015.0,0.048545905707196024
95.0,13.0,4.0,76.05,29.25,8.45
95.0,9048.0,2.0,20.55,7304.0,0.0685
9048.0,49.0,6.0,62.64,17.333333333333332,15.66
9048.0,13.0,4.0,95.68,9.5,47.84
9048.0,13.0,8.0,95.68,63.0,191.36
9048.0,84.0,1.0,65.56,1.0,65.56
84.0,99.0,1.0,84.36,1.0,84.36
99.0,95.0,1.0,97.82,2053.0,0.04764734534827082
95.0,13.0,1.0,76.05,101.0,0.752970297029703
13.0,64102.0,1.0,84.32,1380.0,0.06110144927536231
64102.0,9048.0,1.0,37.0,5130.0,0.007212475633528265
9048.0,99.0,2.0,77.41,326.5,7.741
99.0,5.0,4.0,59.06,6.5,19.686666666666667
9048.0,95.0,1.0,20.55,7213.0,0.0028490225980867877
84.0,92071.0,1.0,29.5,128.0,0.23046875
92071.0,99.0,1.0,101.92,3.0,33.973333333333336
99.0,66.0,1.0,266.73,93.0,2.8680645161290323
66.0,92071.0,1.0,356.23,6075.0,0.05863868312757202
95.0,54269.0,1.0,111.32,455.0,0.24465934065934064
54269.0,99.0,14.0,15.86,198.21428571428572,31.72
54269.0,50132.0,1.0,103.6,7317.0,0.014158808254749213
50132.0,5789.0,1.0,46.1,24.0,1.9208333333333334
5789.0,54269.0,1.0,141.85,2.0,70.925
54269.0,13.0,14.0,184.43,969.9285714285714,368.86
32.0,74831.0,3.0,17.34,736.3333333333334,2.89
74831.0,105.0,4.0,138.77,1445.0,0.5855274261603376
74831.0,99.0,2.0,25.73,3072.0,0.048183520599250934
74831.0,5.0,2.0,35.38,947.5,0.9071794871794873
49.0,64102.0,1.0,28.02,754.0,0.03716180371352785
64102.0,71731.0,2.0,32.14,2604.0,0.013199178644763861
71731.0,95.0,2.0,48.42,2334.0,0.06946915351506457
71731.0,99.0,2.0,91.68,6.5,91.68
71731.0,5.0,2.0,44.84,2135.5,44.84
95.0,52367.0,1.0,27.76,30787.0,0.0009016792802156755
52367.0,9048.0,2.0,31.06,20530.0,2.2185714285714284
52367.0,63110.0,86.0,62.68,4.8604651162790695,125.36
63110.0,84.0,1.0,64.86,8.0,8.1075
84.0,52367.0,1.0,53.88,1.0,53.88
63110.0,32.0,1.0,33.62,1.0,33.62
32.0,52367.0,1.0,81.49,8.0,10.18625
63110.0,96.0,1.0,241.39,1.0,241.39
96.0,52367.0,1.0,298.86,11.0,27.16909090909091
63110.0,13.0,9.0,132.65,8.222222222222221,16.58125
13.0,52367.0,23.0,93.39,2.217391304347826,186.78
95.0,50132.0,1.0,20.62,3126.0,0.006596289187460013
50132.0,5.0,2.0,33.99,8829.5,4.24875
50132.0,77272.0,1.0,28.79,114.0,0.2525438596491228
77272.0,105.0,2.0,191.54,1223.5,0.27441260744985674
77272.0,57511.0,4.0,28.86,6.5,5.772
77272.0,83526.0,11.0,35.69,5.818181818181818,17.845
83526.0,32457.0,1.0,14.42,5.0,2.884
32457.0,18533.0,1.0,12.04,26.0,0.46307692307692305
18533.0,32.0,9.0,34.03,7.333333333333333,34.03
32.0,50132.0,9.0,76.42,15.555555555555555,12.736666666666666
32.0,99.0,4.0,27.73,11.0,27.73
50132.0,99.0,17.0,91.94,64.82352941176471,45.97
50132.0,105.0,6.0,205.55,217.33333333333334,205.55
99.0,96.0,1.0,203.16,32.0,6.34875
32.0,5.0,7.0,48.84,2857.1428571428573,1.9536000000000002
32.0,95.0,5.0,87.51,1414.4,17.502000000000002
95.0,99.0,1.0,97.82,511.0,0.19142857142857142
99.0,5.0,3.0,59.06,193.66666666666666,11.812000000000001
5.0,95.0,2.0,39.38,156.5,1.5752000000000002
32.0,99.0,5.0,27.73,653.6,1.0665384615384617
105.0,96.0,1.0,88.97,1792.0,0.049648437499999996
96.0,66.0,1.0,64.72,1.0,64.72
66.0,105.0,1.0,152.18,6724.0,0.022632361689470554
105.0,99.0,2.0,114.55,7668.0,0.08306744017403915
95.0,13.0,2.0,76.05,1833.0,4.225
95.0,49.0,2.0,55.08,13.0,13.77
95.0,9048.0,1.0,20.55,1079.0,0.019045412418906397
9048.0,49.0,2.0,62.64,20.0,10.44
9048.0,99.0,1.0,77.41,2.0,38.705
99.0,95.0,1.0,97.82,2146.0,0.04558247903075489
84.0,5.0,3.0,58.5,1042.0,1.2717391304347827
5.0,95.0,1.0,39.38,1.0,39.38
95.0,99.0,1.0,97.82,4.0,24.455
99.0,51552.0,1.0,90.26,24158.0,0.0037362364434141903
51552.0,84.0,3.0,23.91,1608.6666666666667,0.025599571734475374
84.0,79123.0,7.0,66.94,2067.1428571428573,22.313333333333333
79123.0,105.0,4.0,143.1,588.25,71.55
79123.0,95.0,12.0,69.35,11.5,69.35
79123.0,49.0,1.0,99.65,406.0,0.24544334975369458
49.0,84.0,1.0,60.58,10.0,6.058
79123.0,32.0,2.0,26.28,71.5,0.9733333333333334
95.0,5.0,1.0,39.38,22588.0,0.0017434035771205952
5.0,13.0,1.0,114.24,8586.0,0.013305380852550664
13.0,99.0,3.0,169.72,703.0,84.86
99.0,32.0,8.0,27.73,6.5,55.46
95.0,4465.0,1.0,6.76,18294.0,0.0003695200612222586
4465.0,91020.0,2.0,38.33,24903.5,4.2588888888888885
4465.0,99.0,3.0,94.87,5.0,31.623333333333335
99.0,91020.0,1.0,132.56,2705.0,0.04900554528650647
95.0,4465.0,2.0,6.76,1663.5,3.38
4465.0,13.0,2.0,76.63,1458.0,19.1575
4465.0,91020.0,2.0,38.33,9425.5,0.008627053792482556
91020.0,13.0,4.0,38.51,2059.25,0.14811538461538462
91020.0,95.0,1.0,37.55,13504.0,0.0027806575829383883
4465.0,99.0,2.0,94.87,5.5,31.623333333333335
95.0,5.0,8.0,39.38,3554.75,39.38
5.0,66.0,5.0,325.65,3649.8,9.868181818181817
66.0,96.0,2.0,64.72,6.5,16.18
66.0,99.0,1.0,266.73,5226.0,0.0510390355912744
99.0,5.0,1.0,59.06,9.0,6.562222222222222
95.0,49.0,1.0,55.08,42.0,1.3114285714285714
95.0,99.0,1.0,97.82,80.0,1.22275
99.0,5.0,3.0,59.06,176.0,7.3825
5.0,32.0,2.0,48.84,325.0,0.8420689655172414
32.0,99.0,2.0,27.73,13.5,13.865
5.0,13.0,1.0,114.24,4098.0,0.027877013177159588
13.0,95.0,1.0,76.05,4.0,19.0125
95.0,5.0,4.0,39.38,133.5,19.69
95.0,9048.0,1.0,20.55,8505.0,0.002416225749559083
9048.0,5.0,2.0,18.86,5165.5,0.02058951965065502
9048.0,105.0,2.0,191.95,4964.0,0.1303122878479294
9048.0,99.0,2.0,77.41,2793.0,1.3823214285714285
13.0,66.0,1.0,434.15,21859.0,0.019861384326821902
66.0,96.0,1.0,64.72,13.0,4.978461538461539
96.0,99.0,1.0,203.16,36.0,5.6433333333333335
99.0,5.0,7.0,59.06,6.857142857142857,14.765
5.0,13.0,1.0,114.24,10.0,11.424
13.0,95.0,1.0,76.05,1110.0,0.06851351351351351
95.0,99.0,1.0,97.82,5.0,19.564
99.0,66.0,1.0,266.73,29.0,9.197586206896553
95.0,9048.0,2.0,20.55,7927.0,0.014492242595204513
9048.0,49.0,3.0,62.64,740.6666666666666,31.32
49.0,95.0,1.0,55.08,2379.0,0.023152585119798234
9048.0,13702.0,5.0,29.41,7.2,7.3525
13702.0,64102.0,2.0,63.25,3.0,21.083333333333332
64102.0,9048.0,4.0,37.0,6.25,6.166666666666667
13702.0,32.0,2.0,42.0,78.0,0.65625
13702.0,52367.0,1.0,54.59,45222.0,0.0012071558091194552
52367.0,84.0,2.0,53.88,25.0,53.88
52367.0,96.0,1.0,298.86,5207.0,0.057395813328212024
96.0,63110.0,1.0,241.39,27.0,8.94037037037037
63110.0,2029.0,2.0,29.97,3.0,29.97
63110.0,52367.0,1.0,62.68,3.0,20.893333333333334
52367.0,99.0,21.0,99.04,3.5714285714285716,198.08
52367.0,27439.0,2.0,50.54,5.0,50.54
99.0,9048.0,7.0,77.41,34.285714285714285,38.705
49.0,99.0,2.0,126.11,0.0,252.22
49.0,13.0,2.0,99.52,15.0,12.44
13.0,9048.0,16.0,95.68,7.1875,95.68
95.0,84.0,2.0,76.73,21714.0,0.005187964841108858
95.0,52367.0,1.0,27.76,545.0,0.05093577981651377
52367.0,63110.0,2.0,62.68,45.5,10.446666666666667
52367.0,79100.0,1.0,30.08,701.0,0.04291012838801712
79100.0,63110.0,9.0,41.59,242.0,10.3975
63110.0,32.0,1.0,33.62,1.0,33.62
32.0,79100.0,1.0,52.46,59.0,0.8891525423728813
79100.0,49.0,1.0,53.06,2593.0,0.020462784419591207
49.0,9048.0,4.0,62.64,1541.25,8.948571428571428
49.0,63110.0,8.0,92.01,44.375,184.02
63110.0,13.0,6.0,132.65,77.66666666666667,265.3
63110.0,105.0,2.0,152.84,2.0,152.84
63110.0,84.0,2.0,64.86,217.0,0.3179411764705882
84.0,49.0,1.0,60.58,202.0,0.2999009900990099
5.0,66.0,1.0,325.65,20391.0,0.01597028100632632
66.0,99.0,1.0,266.73,28.0,9.526071428571429
99.0,5.0,3.0,59.06,6.666666666666667,9.843333333333334
5.0,95.0,1.0,39.38,2.0,19.69
95.0,13.0,1.0,76.05,6.0,12.674999999999999
13.0,99.0,1.0,169.72,3421.0,0.049611224788073664
99.0,96.0,1.0,203.16,26.0,7.813846153846153
96.0,66.0,1.0,64.72,1.0,64.72
5.0,84.0,1.0,58.5,7883.0,0.007421032601801345
84.0,96.0,2.0,264.4,637.5,0.8085626911314984
84.0,99.0,1.0,84.36,1.0,84.36
99.0,5.0,2.0,59.06,13.0,7.3825
99.0,105.0,1.0,114.55,11.0,10.413636363636364
105.0,66.0,1.0,152.18,45.0,3.3817777777777778
66.0,84.0,1.0,329.09,8911.0,0.03693075973515879
105.0,96.0,1.0,88.97,12937.0,0.006877173997062688
96.0,66.0,1.0,64.72,3.0,21.573333333333334
66.0,79123.0,1.0,295.28,31343.0,0.00942092333216348
79123.0,99.0,2.0,28.6,5315.0,3.575
79123.0,105.0,2.0,143.1,505.5,1.2552631578947369
79123.0,32.0,2.0,26.28,6.5,13.14
10402.0,84.0,4.0,64.49,135.0,21.496666666666666
10402.0,74831.0,5.0,19.03,0.8,38.06
84.0,74831.0,4.0,62.36,42.5,62.36
74831.0,8318.0,4.0,21.95,2258.75,0.22864583333333333
8318.0,32.0,1.0,26.39,2227.0,0.011850022451728783
32.0,84.0,1.0,57.42,15265.0,0.003761546020307894
84.0,79123.0,1.0,66.94,625.0,0.10710399999999999
79123.0,74831.0,1.0,8.94,1056.0,0.00846590909090909
8318.0,84.0,1.0,81.98,3417.0,0.02399180567749488
84.0,5.0,1.0,58.5,1445.0,0.04048442906574395
5.0,42740.0,3.0,57.66,5.666666666666667,14.415
42740.0,41150.0,2.0,24.7,5.0,8.233333333333333
42740.0,10402.0,18.0,39.12,1.7222222222222223,39.12
42740.0,63110.0,7.0,36.89,4.142857142857143,36.89
63110.0,95.0,1.0,59.55,6303.0,0.009447881960970966
5.0,49.0,4.0,73.03,600.5,18.2575
49.0,95.0,3.0,55.08,10758.0,27.54
95.0,55381.0,2.0,52.62,13.0,17.54
95.0,13.0,1.0,76.05,9.0,8.45
13.0,55381.0,5.0,128.6,5.2,32.15
55381.0,32.0,2.0,38.22,6.5,9.555
55381.0,84.0,4.0,38.27,5.5,38.27
55381.0,9048.0,3.0,34.71,29.666666666666668,17.355
9048.0,79123.0,1.0,48.88,13.0,3.7600000000000002
79123.0,55381.0,3.0,32.98,10.666666666666666,16.49
55381.0,49.0,1.0,68.27,3.0,22.756666666666664
49.0,9048.0,4.0,62.64,6.5,15.66
9048.0,60450.0,6.0,85.98,5.0,42.99
60450.0,49.0,2.0,134.3,4.0,44.76666666666667
95.0,5.0,11.0,39.38,6.909090909090909,19.69
5.0,13702.0,12.0,12.06,44.583333333333336,24.12
13702.0,84.0,2.0,64.24,9.0,64.24
5.0,13.0,1.0,114.24,2136.0,0.05348314606741573
13.0,99.0,1.0,169.72,33.0,5.143030303030303
99.0,5.0,1.0,59.06,8.0,7.3825
5.0,105.0,1.0,173.49,42.0,4.130714285714286
105.0,66.0,1.0,152.18,44.0,3.458636363636364
66.0,96.0,1.0,64.72,8236.0,0.007858183584264206
96.0,99.0,1.0,203.16,53.0,3.833207547169811
71721.0,32.0,2.0,43.81,4.5,21.905
71721.0,49.0,7.0,61.11,3400.4285714285716,8.73
49.0,5.0,2.0,73.03,9736.5,0.01101010101010101
71721.0,99.0,1.0,66.08,5.0,13.216
99.0,49.0,1.0,126.11,259.0,0.4869111969111969
71721.0,95.0,2.0,54.22,6.0,54.22
32.0,5.0,12.0,48.84,984.6666666666666,9.768
5.0,84.0,1.0,58.5,3.0,19.5
84.0,32.0,1.0,57.42,0.0,114.84
32.0,51286.0,2.0,13.93,3079.0,0.05927659574468085
51286.0,5.0,2.0,52.85,6.5,8.808333333333334
32.0,105.0,1.0,130.85,335.0,0.39059701492537313
105.0,99.0,1.0,114.55,10899.0,0.010510138544820625
99.0,5.0,1.0,59.06,4891.0,0.012075240237170314
32.0,89365.0,1.0,24.22,3816.0,0.006346960167714884
89365.0,51286.0,3.0,26.0,3452.3333333333335,3.25
89365.0,105.0,6.0,147.02,2.8333333333333335,73.51
89365.0,95.0,10.0,66.23,1.9,66.23
95.0,105.0,4.0,212.35,1.0,212.35
32.0,99.0,15.0,27.73,594.2,13.865
99.0,43677.0,1.0,57.96,13.0,4.458461538461538
43677.0,32.0,7.0,76.07,27.857142857142858,38.035
43677.0,5.0,10.0,116.95,4.7,116.95
32.0,5.0,2.0,48.84,4.0,24.42
32.0,66.0,1.0,281.86,2136.0,0.13195692883895133
66.0,96.0,1.0,64.72,10.0,6.4719999999999995
96.0,99.0,1.0,203.16,28.0,7.255714285714285
99.0,32.0,2.0,27.73,736.0,0.69325
51286.0,5.0,7.0,52.85,19.142857142857142,8.808333333333334
51286.0,95.0,1.0,92.23,10.0,9.223
95.0,105.0,1.0,212.35,0.0,424.7
105.0,5.0,5.0,173.49,34.4,86.745
105.0,51286.0,7.0,121.77,185.28571428571428,40.589999999999996
51286.0,19.0,1.0,184.22,1528.0,0.12056282722513088
19.0,105.0,1.0,63.48,32.0,1.98375
51286.0,32.0,1.0,13.93,8345.0,0.0016692630317555422
32.0,42740.0,1.0,27.0,52.0,0.5192307692307693
42740.0,82886.0,3.0,41.77,20.333333333333332,5.967142857142858
82886.0,60633.0,3.0,37.58,1011.6666666666666,37.58
60633.0,42740.0,9.0,48.88,5.555555555555555,12.22
42740.0,84.0,8.0,83.39,3.75,83.39
42740.0,95.0,6.0,96.42,2.3333333333333335,48.21
66.0,5.0,1.0,325.65,116.0,2.8073275862068963
5.0,95.0,2.0,39.38,39.5,19.69
5.0,79123.0,1.0,30.45,25.0,1.218
79123.0,95.0,2.0,69.35,6.5,34.675
79123.0,32.0,1.0,26.28,32.0,0.82125
32.0,99.0,2.0,27.73,2610.0,0.01734208880550344
99.0,105.0,2.0,114.55,6235.5,4.772916666666666
66.0,5.0,1.0,325.65,64.0,5.08828125
5.0,95.0,2.0,39.38,6.5,19.69
5.0,99.0,7.0,59.06,6.285714285714286,11.812000000000001
99.0,32.0,2.0,27.73,1053.5,0.69325
99.0,66.0,1.0,266.73,12438.0,0.0214447660395562
66.0,96.0,1.0,64.72,8.0,8.09
96.0,99.0,1.0,203.16,38.0,5.346315789473684
51286.0,5.0,1.0,52.85,12883.0,0.0041023053636575334
5.0,99.0,4.0,59.06,6.5,14.765
5.0,95.0,1.0,39.38,3.0,13.126666666666667
95.0,51286.0,1.0,92.23,1.0,92.23
105.0,9048.0,1.0,191.95,7033.0,0.027292762690174888
9048.0,99.0,2.0,77.41,5.5,38.705
71721.0,99.0,6.0,66.08,8.666666666666666,13.216
71721.0,95.0,8.0,54.22,7.875,27.11
71721.0,5.0,1.0,29.46,14346.0,0.0020535340861564198
5.0,51531.0,1.0,14.78,1263.0,0.011702296120348376
51531.0,99.0,44.0,68.58,26.681818181818183,137.16
51531.0,32.0,14.0,52.73,7.214285714285714,105.46
5.0,9048.0,1.0,18.86,2.0,9.43
9048.0,105.0,8.0,191.95,5.25,383.9
9048.0,36542.0,2.0,16.4,14.0,8.2
9048.0,99.0,6.0,77.41,5.0,38.705
9048.0,4285.0,3.0,25.46,4.666666666666667,12.73
4285.0,105.0,4.0,167.21,19.5,167.21
4285.0,24817.0,1.0,54.56,7163.0,0.007616920284796873
24817.0,105.0,10.0,221.65,2.3,110.825
95.0,54269.0,1.0,111.32,15.0,7.421333333333333
54269.0,99.0,16.0,15.86,50.625,7.93
54269.0,49.0,2.0,135.07,2268.5,6.7535
54269.0,84.0,3.0,87.69,66.33333333333333,87.69
84.0,32.0,1.0,57.42,246.0,0.23341463414634148
32.0,54269.0,5.0,30.88,294.6,30.88
54269.0,13.0,6.0,184.43,53.166666666666664,92.215
54269.0,50132.0,2.0,103.6,6218.0,3.453333333333333
1042.0,16917.0,1.0,53.85,4114.0,0.013089450656295576
16917.0,63110.0,3.0,57.98,23.333333333333332,57.98
63110.0,27439.0,2.0,85.09,111.0,1.890888888888889
63110.0,105.0,6.0,152.84,41.5,305.68
63110.0,9048.0,1.0,39.12,5206.0,0.007514406454091432
9048.0,99.0,11.0,77.41,33.36363636363637,19.3525
9048.0,27439.0,2.0,47.68,58.5,1.833846153846154
27439.0,99.0,8.0,122.71,64.25,122.71
99.0,13.0,1.0,169.72,50.0,3.3944
13.0,9048.0,20.0,95.68,25.9,191.36
9048.0,105.0,39.0,191.95,20.923076923076923,383.9
13.0,105.0,1.0,282.76,1.0,282.76
95.0,93095.0,1.0,54.24,78.0,0.6953846153846154
93095.0,49.0,22.0,80.42,108.18181818181819,26.80666666666667
93095.0,8318.0,4.0,42.52,1325.25,42.52
8318.0,5.0,2.0,54.66,1636.0,0.061415730337078644
93095.0,99.0,22.0,46.65,44.13636363636363,93.3
93095.0,84.0,8.0,52.49,2.0,104.98
93095.0,105.0,56.0,160.16,5.267857142857143,320.32
93095.0,13.0,2.0,129.58,13.0,64.79
95.0,5.0,6.0,39.38,1400.0,9.845
5.0,49.0,2.0,73.03,19.5,10.432857142857143
95.0,13.0,2.0,76.05,468.5,0.2276946107784431
95.0,99.0,2.0,97.82,179.5,195.64
95.0,13.0,8.0,76.05,223.875,38.025
13.0,5.0,5.0,114.24,8.0,16.32
5.0,99.0,1.0,59.06,4.0,14.765
99.0,95.0,1.0,97.82,41436.0,0.0023607491070566657
95.0,5.0,6.0,39.38,5.666666666666667,9.845
5.0,105.0,8.0,173.49,6.25,346.98
105.0,95.0,2.0,212.35,218.5,53.0875
5.0,32.0,2.0,48.84,0.5,97.68
32.0,95.0,1.0,87.51,3.0,29.17
13.0,105.0,1.0,282.76,398.0,0.7104522613065326
32.0,105.0,1.0,130.85,2.0,65.425
32.0,32454.0,1.0,42.09,1732.0,0.024301385681293305
32454.0,51286.0,1.0,45.69,4830.0,0.009459627329192546
51286.0,56499.0,5.0,10.2,147.6,1.02
56499.0,32.0,2.0,18.75,2807.5,0.75
51286.0,42740.0,5.0,13.15,1095.8,0.05345528455284553
42740.0,105.0,4.0,115.95,279.75,1.566891891891892
105.0,99.0,3.0,114.55,1456.6666666666667,0.46755102040816326
105.0,78842.0,1.0,108.01,665.0,0.16242105263157897
78842.0,99.0,3.0,14.53,3984.0,1.4529999999999998
78842.0,96.0,2.0,195.63,4.5,391.26
95.0,93095.0,1.0,54.24,1459.0,0.037176148046607266
93095.0,99.0,42.0,46.65,74.69047619047619,46.65
99.0,84.0,2.0,84.36,0.0,168.72
84.0,93095.0,12.0,52.49,8.166666666666666,104.98
93095.0,49.0,16.0,80.42,64.125,16.084
93095.0,13.0,6.0,129.58,98.33333333333333,43.193333333333335
49.0,13.0,2.0,99.52,168.0,49.76
13.0,84.0,2.0,147.24,110.5,294.48
93095.0,5.0,2.0,15.44,1380.0,0.06151394422310757
105.0,96.0,1.0,88.97,3651.0,0.02436866611887154
96.0,66.0,3.0,64.72,9.666666666666666,9.245714285714286
66.0,99.0,1.0,266.73,4953.0,0.053852210781344646
99.0,105.0,2.0,114.55,4133.0,0.041338866835077585
99.0,2894.0,1.0,28.14,2361.0,0.011918678526048285
2894.0,105.0,2.0,86.51,16359.5,1.6636538461538461
2894.0,32.0,2.0,47.5,6.5,47.5
2894.0,95.0,3.0,125.92,5.333333333333333,41.973333333333336
95.0,5.0,2.0,39.38,7.0,9.845
95.0,105.0,1.0,212.35,1260.0,0.16853174603174603
105.0,5.0,2.0,173.49,6.5,173.49
105.0,19.0,2.0,63.48,748.0,0.178314606741573
9048.0,95.0,2.0,20.55,21450.5,0.0020266272189349115
95.0,66.0,1.0,364.53,11826.0,0.030824454591577878
66.0,105.0,1.0,152.18,36.0,4.227222222222222
105.0,5.0,2.0,173.49,13.0,14.457500000000001
105.0,9048.0,10.0,191.95,4.4,191.95
9048.0,32.0,2.0,67.38,74.0,1.2032142857142856
9048.0,13.0,8.0,95.68,4.875,95.68
13.0,49.0,2.0,99.52,2.5,49.76
49.0,9048.0,15.0,62.64,34.0,15.66
49.0,105.0,1.0,235.59,6.0,39.265
49.0,9048.0,7.0,62.64,4.0,125.28
9048.0,99.0,2.0,77.41,39.0,77.41
64102.0,5.0,4.0,51.2,16.25,17.066666666666666
64102.0,49.0,2.0,28.02,1714.5,0.08621538461538461
64102.0,95.0,3.0,27.07,3488.0,0.18930069930069932
95.0,5.0,4.0,39.38,13.25,13.126666666666667
95.0,84.0,2.0,76.73,1991.5,3.3360869565217395
95.0,5.0,6.0,39.38,887.1666666666666,9.845
95.0,13.0,2.0,76.05,6.5,38.025
95.0,49.0,1.0,55.08,199.0,0.2767839195979899
49.0,32.0,1.0,104.89,410.0,0.25582926829268293
32.0,95.0,1.0,87.51,852.0,0.1027112676056338
5.0,105.0,1.0,173.49,210.0,0.8261428571428572
105.0,32.0,1.0,130.85,595.0,0.2199159663865546
32.0,5.0,1.0,48.84,197.0,0.24791878172588835
5.0,9048.0,1.0,18.86,925.0,0.020389189189189187
9048.0,32.0,1.0,67.38,28702.0,0.002347571597798063
32.0,79100.0,4.0,52.46,285.75,3.497333333333333
84.0,5.0,5.0,58.5,3908.6,117.0
5.0,32.0,1.0,48.84,134.0,0.36447761194029854
32.0,99.0,1.0,27.73,33.0,0.8403030303030303
99.0,5.0,1.0,59.06,653.0,0.09044410413476264
84.0,95.0,1.0,76.73,1.0,76.73
95.0,49.0,1.0,55.08,5.0,11.016
49.0,84.0,5.0,60.58,2589.4,10.096666666666666
49.0,5.0,3.0,73.03,13509.666666666666,0.012595722662987236
71721.0,92071.0,1.0,36.06,73.0,0.49397260273972604
92071.0,5.0,4.0,58.02,26.0,14.505
92071.0,49.0,1.0,31.1,3.0,10.366666666666667
49.0,84.0,6.0,60.58,6.5,20.19333333333333
49.0,79100.0,1.0,53.06,10.0,5.306
79100.0,16917.0,14.0,91.21,370.7142857142857,182.42
79100.0,9048.0,1.0,32.8,4218.0,0.00777619724988146
9048.0,99.0,3.0,77.41,4.666666666666667,77.41
99.0,79100.0,3.0,73.15,150.66666666666666,8.127777777777778
79100.0,32.0,5.0,52.46,341.0,52.46
79100.0,84.0,1.0,32.78,10257.0,0.0031958662376913327
84.0,5.0,5.0,58.5,3760.8,29.25
5.0,79100.0,1.0,28.06,1.0,28.06
16917.0,32.0,1.0,41.21,24.0,1.7170833333333333
16917.0,95.0,2.0,117.51,19.5,39.17
95.0,5.0,3.0,39.38,5.333333333333333,13.126666666666667
16917.0,5.0,1.0,78.69,0.0,157.38
95.0,32.0,1.0,87.51,61.0,1.4345901639344263
32.0,84.0,1.0,57.42,2201.0,0.0260881417537483
5.0,99.0,1.0,59.06,4.0,14.765
99.0,51286.0,1.0,13.82,39.0,0.35435897435897434
51286.0,95.0,2.0,92.23,32.5,184.46
51286.0,5.0,1.0,52.85,687.0,0.07692867540029112
5.0,95.0,6.0,39.38,17.333333333333332,9.845
91020.0,9048.0,5.0,57.27,120.4,19.09
9048.0,49.0,8.0,62.64,4.375,20.88
9048.0,13.0,2.0,95.68,13.0,47.84
9048.0,32.0,3.0,67.38,629.3333333333334,0.8638461538461538
32.0,105.0,4.0,130.85,250.75,14.538888888888888
32.0,13.0,1.0,163.03,4936.0,0.03302876823338736
13.0,95.0,6.0,76.05,6.5,38.025
13.0,95.0,1.0,76.05,0.0,152.1
95.0,5.0,1.0,39.38,10.0,3.938
5.0,13.0,1.0,114.24,16.0,7.14
13.0,99.0,1.0,169.72,834.0,0.20350119904076738
99.0,32.0,1.0,27.73,0.0,55.46
32.0,66.0,1.0,281.86,26169.0,0.01077075929534946
66.0,96.0,2.0,64.72,4523.0,0.04167417900837089
66.0,105.0,2.0,152.18,4945.0,0.04890102827763496
42740.0,8318.0,2.0,3.16,4920.0,0.0009672482399755127
8318.0,84.0,3.0,81.98,495.0,163.96
84.0,42740.0,5.0,83.39,3227.2,3.3356
8318.0,105.0,2.0,119.02,7607.0,0.0714405762304922
5.0,95.0,2.0,39.38,3469.0,0.021183431952662722
5.0,105.0,1.0,173.49,1.0,173.49
105.0,84.0,1.0,182.02,1.0,182.02
84.0,5.0,1.0,58.5,50.0,1.17
8318.0,95.0,4.0,93.33,5.5,186.66
8318.0,84.0,2.0,81.98,6.5,163.96
8318.0,51286.0,14.0,13.0,966.5714285714286,26.0
8318.0,43677.0,2.0,62.43,1465.5,0.05928774928774929
43677.0,105.0,1.0,56.59,53.0,1.0677358490566038
105.0,8318.0,3.0,119.02,157.66666666666666,39.67333333333333
43677.0,5.0,2.0,116.95,1.5,233.9
64102.0,5.0,3.0,51.2,221.66666666666666,8.533333333333333
5.0,105.0,6.0,173.49,1.3333333333333333,346.98
105.0,64102.0,2.0,222.02,4.5,111.01
105.0,13.0,1.0,282.76,9.0,31.417777777777776
13.0,5.0,1.0,114.24,4.0,28.56
64102.0,95.0,1.0,27.07,6991.0,0.0038721212988127593
95.0,5.0,4.0,39.38,9.0,4.375555555555556
105.0,95.0,5.0,212.35,3.8,106.175
5.0,95.0,11.0,39.38,3312.090909090909,19.69
5.0,49.0,2.0,73.03,286.5,0.4125988700564972
5.0,99.0,1.0,59.06,12604.0,0.004685814027292923
99.0,95.0,1.0,97.82,546.0,0.17915750915750914
95.0,32.0,1.0,87.51,15324.0,0.005710649960845733
32.0,99.0,1.0,27.73,6.0,4.621666666666667
99.0,5.0,3.0,59.06,90.0,1.9686666666666668
5.0,32.0,6.0,48.84,71.5,16.28
5.0,84.0,2.0,58.5,13.5,14.625
32.0,13.0,2.0,163.03,6.5,163.03
5.0,96.0,1.0,261.85,141.0,1.8570921985815605
96.0,66.0,1.0,64.72,9.0,7.191111111111111
5.0,63110.0,1.0,20.96,26193.0,0.000800213797579506
63110.0,16917.0,1.0,57.98,10735.0,0.005401024685607825
16917.0,13.0,4.0,189.08,4.5,94.54
16917.0,84.0,5.0,98.4,3.6,98.4
84.0,32.0,1.0,57.42,0.0,114.84
32.0,16917.0,3.0,41.21,35.666666666666664,41.21
16917.0,96.0,1.0,183.48,2.0,91.74
32.0,5.0,8.0,48.84,13.0,9.768
5.0,95.0,2.0,39.38,6.5,19.69
32.0,99.0,2.0,27.73,710.0,0.11272357723577237
49.0,5.0,1.0,73.03,30.0,2.4343333333333335
5.0,95.0,2.0,39.38,65.5,1.0643243243243243
5.0,105.0,1.0,173.49,27.0,6.4255555555555555
105.0,99.0,1.0,114.55,17818.0,0.006428892131552363
99.0,49.0,2.0,126.11,55.0,12.611
99.0,95.0,1.0,97.82,7110.0,0.013758087201125174
96.0,99.0,1.0,203.16,1683.0,0.12071301247771836
99.0,5.0,1.0,59.06,205.0,0.2880975609756098
5.0,32.0,1.0,48.84,159.0,0.3071698113207547
99.0,5.0,1.0,59.06,334.0,0.17682634730538924
5.0,105.0,1.0,173.49,11655.0,0.014885456885456887
105.0,96.0,2.0,88.97,6.5,44.485
64102.0,99.0,2.0,108.86,39.0,4.186923076923077
64102.0,5.0,8.0,51.2,8.75,12.8
96.0,66.0,1.0,64.72,10.0,6.4719999999999995
66.0,5.0,1.0,325.65,672.0,0.48459821428571426
5.0,32.0,1.0,48.84,183.0,0.26688524590163937
5.0,95999.0,1.0,78.12,730.0,0.10701369863013699
95999.0,22.0,2.0,48.62,19.5,4.051666666666667
5.0,26648.0,1.0,20.62,2.0,10.31
26648.0,105.0,14.0,191.39,9.785714285714286,191.39
58597.0,53203.0,1.0,19.1,3180.0,0.006006289308176101
53203.0,68417.0,18.0,85.09,1126.1666666666667,14.181666666666667
53203.0,88758.0,1.0,78.11,6138.0,0.012725643532095146
29992.0,52367.0,1.0,14.56,14136.0,0.0010299943406904357
52367.0,93095.0,6.0,52.4,811.6666666666666,1.1644444444444444
93095.0,63110.0,1.0,13.0,11027.0,0.0011789244581481817
63110.0,29992.0,4.0,54.45,4693.0,6.80625
29992.0,5.0,1.0,33.5,2760.0,0.01213768115942029
5.0,95.0,1.0,39.38,2292.0,0.01718150087260035
95.0,29992.0,1.0,15.05,1795.0,0.008384401114206129
63110.0,64102.0,4.0,71.84,256.75,4.49
63110.0,52367.0,1.0,62.68,2038.0,0.030755642787046122
93095.0,32.0,1.0,33.45,0.0,66.9
95.0,52367.0,1.0,27.76,67394.0,0.0004119061044009853
52367.0,27439.0,9.0,50.54,268.8888888888889,50.54
27439.0,9048.0,1.0,47.68,9314.0,0.005119175434829289
95.0,13.0,7.0,76.05,5.142857142857143,38.025
95.0,49.0,2.0,55.08,6.5,13.77
95.0,5.0,13.0,39.38,614.8461538461538,7.876
5.0,13.0,3.0,114.24,2.3333333333333335,57.12
95.0,86957.0,3.0,23.62,1807.6666666666667,0.1711594202898551
86957.0,43189.0,121.0,52.33,27.760330578512395,104.66
86957.0,13.0,9.0,99.46,132.55555555555554,99.46
13.0,43189.0,1.0,143.01,11.0,13.00090909090909
5.0,18533.0,1.0,15.0,112.0,0.13392857142857142
18533.0,50132.0,3.0,46.69,8130.333333333333,0.019285419248244527
50132.0,5.0,1.0,33.99,3265.0,0.0104104134762634
5.0,95.0,1.0,39.38,4318.0,0.009119962945808245
95.0,49.0,1.0,55.08,4060.0,0.013566502463054186
49.0,50132.0,1.0,41.55,3.0,13.85
18533.0,95.0,2.0,54.31,1343.0,2.4686363636363637
50132.0,13.0,2.0,92.36,32.5,3.0786666666666664
50132.0,105.0,4.0,205.55,349.75,102.775
50132.0,32.0,6.0,76.42,13.333333333333334,15.284
49.0,84.0,2.0,60.58,1581.0,0.3810062893081761
49.0,5.0,1.0,73.03,9.0,8.114444444444445
5.0,95.0,1.0,39.38,5.0,7.876
95.0,49.0,1.0,55.08,5490.0,0.010032786885245901
95.0,9048.0,1.0,20.55,65.0,0.3161538461538462
9048.0,99.0,8.0,77.41,1087.0,19.3525
9048.0,5.0,2.0,18.86,1895.0,0.03756972111553785
9048.0,32.0,4.0,67.38,1822.5,1.4336170212765957
84.0,79123.0,1.0,66.94,21819.0,0.0030679682845226636
79123.0,93095.0,3.0,19.24,11619.666666666666,4.81
79123.0,32.0,2.0,26.28,2.5,52.56
93095.0,99.0,2.0,46.65,6.5,11.6625
105.0,99.0,3.0,114.55,6174.333333333333,0.05197368421052632
99.0,79123.0,1.0,28.6,27.0,1.0592592592592593
79123.0,43677.0,1.0,86.53,3.0,28.843333333333334
43677.0,105.0,3.0,56.59,3598.6666666666665,3.536875
43677.0,96.0,2.0,145.35,11.5,145.35
105.0,43677.0,1.0,56.59,716.0,0.07903631284916202
43677.0,51286.0,10.0,65.8,1194.1,7.311111111111111
51286.0,32.0,1.0,13.93,3364.0,0.004140903686087991
32.0,99.0,11.0,27.73,838.0,55.46
99.0,43677.0,1.0,57.96,239.0,0.24251046025104603
51286.0,105.0,9.0,121.77,19.77777777777778,243.54
105.0,99.0,12.0,114.55,806.0,38.18333333333333
105.0,32.0,7.0,130.85,764.0,2.670408163265306
32.0,120.0,1.0,54.21,2125.0,0.025510588235294118
120.0,99.0,1.0,40.56,855.0,0.04743859649122807
32.0,59807.0,1.0,24.04,645.0,0.03727131782945736
59807.0,99.0,2.0,27.64,18149.0,0.6910000000000001
59807.0,105.0,2.0,141.98,96.5,4.302424242424242
105.0,96.0,1.0,88.97,9711.0,0.00916177530635362
96.0,66.0,1.0,64.72,3.0,21.573333333333334
66.0,2894.0,1.0,238.68,44199.0,0.005400122174709835
2894.0,32.0,1.0,47.5,4.0,11.875
32.0,95.0,1.0,87.51,2.0,43.755
95.0,2894.0,5.0,125.92,14.2,20.986666666666668
2894.0,105.0,1.0,86.51,6405.0,0.013506635441061671
5.0,9048.0,2.0,18.86,5499.5,0.012342931937172775
9048.0,99.0,1.0,77.41,5847.0,0.013239268000684111
99.0,5.0,1.0,59.06,6081.0,0.009712218385134024
9048.0,63110.0,2.0,39.12,6712.5,0.006049172723055512
63110.0,32.0,2.0,33.62,19.5,1.769473684210526
63110.0,95.0,2.0,59.55,6541.0,0.09189814814814815
95.0,38337.0,1.0,45.17,17562.0,0.002572030520441863
38337.0,32.0,12.0,44.91,43.5,44.91
38337.0,49.0,67.0,80.03,46.059701492537314,160.06
49.0,32.0,4.0,104.89,38.75,209.78
38337.0,13.0,12.0,118.96,57.75,118.96
38337.0,105.0,1.0,167.26,1.0,167.26
105.0,49.0,5.0,235.59,5.4,235.59
95.0,49.0,4.0,55.08,2505.25,0.11644820295983087
95.0,5.0,3.0,39.38,5206.0,6.5633333333333335
5.0,49.0,4.0,73.03,342.5,73.03
5.0,66.0,1.0,325.65,102.0,3.192647058823529
66.0,32.0,1.0,281.86,9810.0,0.02873190621814475
32.0,95.0,1.0,87.51,466.0,0.18778969957081545
105.0,99.0,1.0,114.55,18000.0,0.0063638888888888885
99.0,5.0,5.0,59.06,7.0,14.765
5.0,32.0,2.0,48.84,162.0,0.5141052631578947
32.0,99.0,4.0,27.73,10.0,27.73
5.0,95.0,2.0,39.38,104.0,6.5633333333333335
5.0,96.0,1.0,261.85,1004.0,0.26080677290836657
96.0,66.0,1.0,64.72,998.0,0.06484969939879759
66.0,105.0,1.0,152.18,5757.0,0.026433906548549595
95.0,105.0,1.0,212.35,8.0,26.54375
105.0,29992.0,11.0,206.42,203.72727272727272,412.84
29992.0,49.0,4.0,45.36,3339.75,9.072
29992.0,99.0,6.0,92.3,604.6666666666666,46.15
29992.0,5.0,2.0,33.5,1289.5,16.75
29992.0,32.0,12.0,78.32,6.916666666666667,19.58
29992.0,13.0,4.0,88.25,2924.25,176.5
99.0,24308.0,1.0,7.88,5128.0,0.0015366614664586583
24308.0,32.0,2.0,20.02,4698.0,0.8008
24308.0,42740.0,3.0,7.0,2000.6666666666667,0.5384615384615384
42740.0,95.0,6.0,96.42,19.5,19.284
42740.0,8318.0,1.0,3.16,3399.0,0.0009296852015298618
8318.0,95.0,6.0,93.33,892.3333333333334,0.5833125
8318.0,99.0,30.0,4.53,139.6,9.06
95.0,9048.0,1.0,20.55,0.0,41.1
9048.0,63110.0,2.0,39.12,29356.5,0.0022561854778245572
63110.0,95.0,2.0,59.55,3703.0,59.55
9048.0,32.0,6.0,67.38,9.833333333333334,13.475999999999999
9048.0,49.0,6.0,62.64,9.666666666666666,62.64
51286.0,8318.0,1.0,13.0,83.0,0.1566265060240964
8318.0,32.0,1.0,26.39,2437.0,0.010828887977020928
32.0,5.0,1.0,48.84,3574.0,0.013665360940123113
5.0,80268.0,1.0,43.25,6.0,7.208333333333333
80268.0,42740.0,5.0,14.42,132.4,28.84
80268.0,60633.0,2.0,34.48,2.0,68.96
42740.0,60633.0,1.0,48.88,0.0,97.76
60633.0,8318.0,3.0,45.79,5966.666666666667,1.174102564102564
8318.0,99.0,14.0,4.53,134.28571428571428,9.06
60633.0,99.0,2.0,50.28,66.0,1.676
5.0,105.0,1.0,173.49,19420.0,0.008933573635427395
105.0,13.0,1.0,282.76,6065.0,0.04662159934047815
13.0,66.0,1.0,434.15,1102.0,0.3939655172413793
66.0,105.0,1.0,152.18,49.0,3.105714285714286
105.0,9048.0,1.0,191.95,356.0,0.539185393258427
9048.0,32.0,2.0,67.38,62.0,1.6434146341463414
9048.0,13.0,2.0,95.68,76.0,2.8993939393939394
9048.0,99.0,5.0,77.41,222.4,15.482
99.0,96.0,1.0,203.16,21.0,9.674285714285714
96.0,66.0,1.0,64.72,7.0,9.245714285714286
49.0,5.0,1.0,73.03,46172.0,0.0015816945334834966
5.0,99.0,4.0,59.06,9.0,11.812000000000001
99.0,32.0,2.0,27.73,1.0,27.73
32.0,5.0,1.0,48.84,7.0,6.977142857142858
32.0,42740.0,1.0,27.0,1755.0,0.015384615384615385
42740.0,8318.0,4.0,3.16,1075.25,0.05448275862068966
42740.0,105.0,2.0,115.95,1448.5,0.49763948497854077
42740.0,95.0,2.0,96.42,367.0,0.5739285714285715
95.0,5.0,12.0,39.38,1022.8333333333334,19.69
95.0,99.0,2.0,97.82,18909.0,3.9128
95.0,66.0,2.0,364.53,806.5,3.877978723404255
8318.0,95.0,3.0,93.33,434.6666666666667,93.33
95.0,105.0,3.0,212.35,5.666666666666667,53.0875
8318.0,105.0,1.0,119.02,1.0,119.02
8318.0,51286.0,4.0,13.0,13.0,13.0
8318.0,89365.0,10.0,29.07,11.0,29.07
8318.0,32.0,1.0,26.39,6534.0,0.00403887358432813
32.0,5.0,1.0,48.84,3016.0,0.016193633952254642
5.0,99.0,3.0,59.06,163.33333333333334,14.765
99.0,105.0,3.0,114.55,155.0,38.18333333333333
9048.0,105.0,1.0,191.95,119.0,1.6130252100840334
105.0,5.0,1.0,173.49,18954.0,0.009153213042101932
5.0,99.0,2.0,59.06,97.5,6.562222222222222
5.0,9048.0,2.0,18.86,6256.5,0.7253846153846154
9048.0,99.0,2.0,77.41,6.5,19.3525
13.0,95.0,3.0,76.05,63.666666666666664,9.50625
95.0,5.0,1.0,39.38,7.0,5.625714285714286
5.0,32.0,1.0,48.84,955.0,0.051141361256544504
66.0,96.0,3.0,64.72,5.333333333333333,21.573333333333334
96.0,105.0,1.0,88.97,16.0,5.560625
105.0,5.0,1.0,173.49,12.0,14.457500000000001
5.0,13.0,2.0,114.24,456.0,3.57
5.0,66.0,1.0,325.65,20.0,16.2825
32.0,59807.0,1.0,24.04,78.0,0.3082051282051282
59807.0,6059.0,1.0,20.4,15866.0,0.00128576830959284
6059.0,77738.0,3.0,23.09,4762.666666666667,0.019273789649415694
77738.0,32.0,1.0,44.82,5324.0,0.008418482344102179
32.0,22.0,1.0,88.88,5888.0,0.015095108695652172
22.0,77738.0,1.0,119.66,120.0,0.9971666666666666
6059.0,22.0,2.0,101.66,6.5,33.88666666666666
77738.0,105.0,4.0,170.86,4.75,170.86
77738.0,95.0,2.0,42.86,3682.0,0.9967441860465116
43677.0,32.0,3.0,76.07,666.3333333333334,2.173428571428571
32.0,120.0,7.0,54.21,863.5714285714286,0.19570397111913357
32.0,105.0,14.0,130.85,1048.7142857142858,1.6993506493506492
105.0,91636.0,1.0,31.3,312.0,0.10032051282051282
91636.0,8318.0,9.0,92.2,320.22222222222223,23.05
91636.0,32.0,4.0,107.81,94.0,11.97888888888889
8318.0,105.0,5.0,119.02,68.2,4.9591666666666665
105.0,22.0,2.0,63.38,202.0,0.37064327485380116
22.0,32.0,4.0,88.88,94.25,1.4570491803278687
120.0,105.0,13.0,146.43,159.76923076923077,6.972857142857143
95.0,52367.0,1.0,27.76,11938.0,0.002325347629418663
52367.0,93095.0,4.0,52.4,527.5,52.4
52367.0,32.0,9.0,81.49,11.777777777777779,40.745
32.0,9048.0,36.0,67.38,7.722222222222222,134.76
9048.0,49.0,31.0,62.64,323.96774193548384,62.64
9048.0,13.0,5.0,95.68,15.8,95.68
49.0,95.0,1.0,55.08,2390.0,0.02304602510460251
95.0,9048.0,1.0,20.55,846.0,0.024290780141843972
13.0,32.0,1.0,163.03,1.0,163.03
95.0,3116.0,1.0,24.87,21.0,1.1842857142857144
3116.0,85503.0,10.0,114.95,2883.8,22.990000000000002
3116.0,32.0,2.0,86.92,3673.5,0.4828888888888889
91020.0,57108.0,9.0,84.17,6.0,42.085
57108.0,99.0,2.0,48.39,13.0,24.195
57108.0,13.0,26.0,121.5,6.038461538461538,243.0
57108.0,105.0,4.0,162.61,11.5,162.61
57108.0,5.0,2.0,15.6,2076.0,0.26440677966101694
79123.0,66667.0,6.0,73.55,32.5,14.709999999999999
79123.0,99.0,1.0,28.6,52.0,0.55
99.0,66667.0,39.0,45.4,18.205128205128204,15.133333333333333
99.0,5230.0,2.0,45.01,6.5,9.001999999999999
66667.0,120.0,48.0,74.15,63.375,24.71666666666667
49.0,54269.0,1.0,135.07,103.0,1.3113592233009708
54269.0,13.0,4.0,184.43,1841.0,184.43
54269.0,50132.0,3.0,103.6,10715.666666666666,8.633333333333333
99.0,32.0,5.0,27.73,489.0,1.027037037037037
32.0,22.0,4.0,88.88,2372.75,29.626666666666665
32.0,120.0,2.0,54.21,5395.5,0.28234375
4465.0,49.0,8.0,61.75,859.25,123.5
4465.0,13.0,2.0,76.63,2395.0,0.11917573872472784
4465.0,5.0,2.0,37.64,6018.5,12.546666666666667
4465.0,95.0,1.0,6.76,22640.0,0.0002985865724381625
95.0,57108.0,2.0,50.13,1335.5,7.161428571428572
57108.0,105.0,40.0,162.61,76.275,162.61
57108.0,13.0,8.0,121.5,23.625,40.5
95.0,5.0,1.0,39.38,11024.0,0.0035722060957910015
5.0,57108.0,1.0,15.6,22.0,0.7090909090909091
95.0,13.0,1.0,76.05,2.0,38.025
13.0,5.0,1.0,114.24,16.0,7.14
5.0,49.0,1.0,73.03,0.0,146.06
49.0,95.0,3.0,55.08,7.0,11.016
95.0,5.0,2.0,39.38,6.5,7.876
95.0,50132.0,1.0,20.62,7.0,2.9457142857142857
50132.0,105.0,8.0,205.55,20.875,411.1
50132.0,13.0,4.0,92.36,102.0,92.36
50132.0,49.0,2.0,41.55,1669.0,0.12515060240963854
49.0,13.0,2.0,99.52,4695.5,0.029805330937406407
95.0,9048.0,1.0,20.55,10897.0,0.0018858401394879324
9048.0,5.0,2.0,18.86,9424.5,37.72
9048.0,52367.0,2.0,31.06,4468.5,0.01028476821192053
52367.0,32.0,2.0,81.49,536.5,0.7911650485436893
9048.0,96.0,1.0,280.46,51.0,5.49921568627451
96.0,66.0,1.0,64.72,21.0,3.0819047619047617
5.0,95.0,4.0,39.38,10989.0,4.375555555555556
95.0,99.0,2.0,97.82,752.0,1.2703896103896104
5.0,105.0,1.0,173.49,7238.0,0.02396932854379663
32.0,85503.0,1.0,56.97,30187.0,0.0018872362275151554
85503.0,105.0,6.0,87.89,23.166666666666668,175.78
85503.0,95.0,2.0,126.34,5.0,42.11333333333334
85503.0,8318.0,1.0,35.23,2022.0,0.017423343224530166
8318.0,32.0,2.0,26.39,1541.5,0.18716312056737588
8318.0,120.0,6.0,36.95,6.0,36.95
99.0,5.0,1.0,59.06,1792.0,0.03295758928571429
5.0,105.0,2.0,173.49,143.0,173.49
5.0,95.0,1.0,39.38,72.0,0.5469444444444445
95.0,22.0,1.0,157.9,3.0,52.63333333333333
22.0,120.0,1.0,86.98,6524.0,0.013332311465358676
120.0,5.0,3.0,44.14,4425.666666666667,0.02450860632981677
49.0,59287.0,1.0,49.18,4.0,12.295
59287.0,22.0,11.0,146.45,247.63636363636363,73.225
59287.0,105.0,1.0,197.36,14.0,14.097142857142858
105.0,22.0,1.0,63.38,22.0,2.880909090909091
22.0,64102.0,2.0,172.16,9.0,43.04
59287.0,64102.0,1.0,25.81,38485.0,0.0006706509029492009
64102.0,49.0,1.0,28.02,13017.0,0.002152569716524545
95.0,35603.0,1.0,22.0,1355.0,0.016236162361623615
35603.0,22.0,2.0,145.7,6.0,145.7
35603.0,105.0,12.0,196.77,34.666666666666664,393.54
35603.0,5.0,1.0,24.58,4325.0,0.005683236994219653
95.0,91636.0,1.0,184.94,18303.0,0.010104354477408074
91636.0,105.0,1.0,31.3,4855.0,0.0064469618949536565
105.0,5.0,2.0,173.49,6606.5,0.04203779985461595
5.0,95.0,6.0,39.38,1130.5,6.5633333333333335
95.0,105.0,2.0,212.35,182.5,1.9304545454545454
32.0,5.0,2.0,48.84,8008.0,0.017282377919320597
5.0,66.0,1.0,325.65,28548.0,0.011407103825136612
66.0,96.0,7.0,64.72,12.0,10.786666666666667
96.0,5.0,1.0,261.85,639.0,0.40978090766823166
49.0,32.0,1.0,104.89,1836.0,0.05712962962962963
32.0,5.0,4.0,48.84,293.0,24.42
32.0,105.0,7.0,130.85,8.714285714285714,65.425
105.0,5.0,1.0,173.49,0.0,346.98
32.0,22.0,2.0,88.88,461.0,0.5386666666666666
22.0,105.0,8.0,63.38,26.0,21.12666666666667
5.0,49.0,1.0,73.03,2653.0,0.027527327553712778
105.0,95.0,3.0,212.35,224.0,6.434848484848485
95.0,5.0,4.0,39.38,195.0,6.5633333333333335
95.0,13.0,1.0,76.05,2.0,38.025
13.0,5.0,1.0,114.24,5.0,22.848
5.0,32.0,1.0,48.84,2929.0,0.016674632980539436
32.0,95.0,1.0,87.51,1712.0,0.05111565420560748
95.0,49.0,2.0,55.08,6.5,11.016
95.0,22.0,1.0,157.9,277.0,0.5700361010830325
22.0,32.0,2.0,88.88,273.5,0.6087671232876712
49.0,95.0,4.0,55.08,48.75,6.885
95.0,105.0,1.0,212.35,19.0,11.176315789473684
105.0,66.0,1.0,152.18,77.0,1.9763636363636365
66.0,5.0,2.0,325.65,3725.0,0.10960955907101985
5.0,95.0,2.0,39.38,436.5,0.8560869565217392
49.0,5.0,1.0,73.03,66.0,1.1065151515151515
5.0,22.0,1.0,121.22,11.0,11.02
22.0,66.0,1.0,210.79,91.0,2.3163736263736263
22.0,105.0,1.0,63.38,444.0,0.14274774774774776
105.0,5.0,1.0,173.49,6575.0,0.026386311787072243
5.0,66.0,1.0,325.65,760.0,0.4284868421052631
66.0,105.0,1.0,152.18,1042.0,0.1460460652591171
66.0,96.0,1.0,64.72,6.0,10.786666666666667
96.0,5.0,1.0,261.85,53.0,4.94056603773585
5.0,95.0,1.0,39.38,8.0,4.9225
95.0,32.0,1.0,87.51,68.0,1.2869117647058825
95.0,27439.0,1.0,28.42,13.0,2.186153846153846
27439.0,9048.0,1.0,47.68,4708.0,0.010127442650807136
9048.0,105.0,2.0,191.95,2.0,191.95
95.0,50132.0,1.0,20.62,4.0,5.155
50132.0,49.0,2.0,41.55,1797.0,0.0468961625282167
50132.0,32.0,2.0,76.42,6.5,25.473333333333333
5.0,5789.0,1.0,70.13,24.0,2.922083333333333
5789.0,32.0,2.0,118.32,715.0,1.5568421052631578
5789.0,50132.0,1.0,46.1,14460.0,0.0031881051175656986
95.0,8318.0,31.0,93.33,92.16129032258064,23.3325
8318.0,64102.0,6.0,104.66,63.333333333333336,3.270625
8318.0,49.0,1.0,122.31,268.0,0.4563805970149254
49.0,64102.0,1.0,28.02,1289.0,0.0217377812257564
64102.0,95.0,1.0,27.07,3249.0,0.008331794398276393
49.0,5789.0,1.0,61.12,2.0,30.56
5789.0,32.0,2.0,118.32,96.5,3.0338461538461536
5789.0,50132.0,1.0,46.1,14800.0,0.003114864864864865
95.0,16917.0,1.0,117.51,26.0,4.519615384615385
16917.0,9048.0,1.0,97.1,9673.0,0.010038250801199213
9048.0,13.0,8.0,95.68,316.0,95.68
95.0,13.0,3.0,76.05,4664.666666666667,0.04753125
13.0,5.0,3.0,114.24,315.0,22.848
5.0,95.0,1.0,39.38,16190.0,0.0024323656578134653
95.0,49.0,2.0,55.08,1906.5,0.030213933077345035
95.0,35603.0,1.0,22.0,5963.0,0.003689418078148583
35603.0,13.0,2.0,97.31,39.0,24.3275
35603.0,40883.0,5.0,36.89,656.0,1.4756
40883.0,13.0,6.0,130.38,5.833333333333333,65.19
35603.0,99.0,1.0,82.86,670.0,0.12367164179104477
99.0,40883.0,1.0,46.7,2999.0,0.01557185728576192
91020.0,5.0,6.0,75.96,6.5,15.191999999999998
91020.0,13.0,1.0,38.51,16.0,2.406875
13.0,95.0,9.0,76.05,3337.5555555555557,25.349999999999998
95.0,5.0,2.0,39.38,13.0,7.876
95.0,49.0,6.0,55.08,1314.5,55.08
13.0,49.0,2.0,99.52,2208.0,49.76
95.0,49.0,1.0,55.08,6561.0,0.008395061728395062
49.0,13.0,1.0,99.52,869.0,0.11452243958573072
13.0,32.0,1.0,163.03,772.0,0.21117875647668394
32.0,5.0,1.0,48.84,94.0,0.5195744680851064
5.0,13.0,1.0,114.24,97.0,1.1777319587628865
13.0,95.0,1.0,76.05,3342.0,0.022755834829443447
95.0,5789.0,1.0,30.83,1875.0,0.016442666666666664
5789.0,50132.0,2.0,46.1,19149.5,3.841666666666667
5789.0,54269.0,2.0,141.85,197.5,0.9715753424657534
5789.0,105.0,5.0,242.36,7.6,242.36
105.0,50132.0,27.0,205.55,10.62962962962963,205.55
50132.0,13.0,4.0,92.36,6.5,184.72
50132.0,32.0,2.0,76.42,884.5,0.09976501305483029
49.0,95.0,7.0,55.08,3526.285714285714,27.54
49.0,32.0,1.0,104.89,7345.0,0.014280462899931927
32.0,5.0,1.0,48.84,1421.0,0.03437016185784659
5.0,95.0,1.0,39.38,13542.0,0.002907989957170285
64102.0,5.0,4.0,51.2,3482.0,0.8982456140350877
5.0,49.0,1.0,73.03,24208.0,0.00301677131526768
49.0,64102.0,4.0,28.02,1633.5,0.0937123745819398
5.0,32.0,1.0,48.84,556.0,0.08784172661870504
32.0,64102.0,1.0,92.06,716.0,0.1285754189944134
64102.0,9048.0,3.0,37.0,6.0,7.4
9048.0,32.0,1.0,67.38,4.0,16.845
32.0,91020.0,1.0,124.65,536.0,0.23255597014925375
91020.0,9048.0,7.0,57.27,8.571428571428571,11.454
9048.0,49.0,1.0,62.64,66.0,0.9490909090909091
49.0,95.0,4.0,55.08,1233.0,0.38788732394366193
95.0,91020.0,2.0,37.55,10258.0,0.00933615116857285
91020.0,49.0,2.0,71.0,330.0,6.454545454545454
49.0,13.0,1.0,99.52,2589.0,0.038439551950560064
13.0,5.0,2.0,114.24,6.5,19.04
13.0,95.0,1.0,76.05,6067.0,0.01253502554804681
95.0,13.0,1.0,76.05,2828.0,0.026891796322489392
13.0,91020.0,5.0,38.51,4224.8,77.02
91020.0,95.0,2.0,37.55,948.5,4.172222222222222
13.0,5.0,1.0,114.24,801.0,0.14262172284644195
5.0,49.0,2.0,73.03,6.5,18.2575
5.0,91020.0,3.0,75.96,743.3333333333334,12.659999999999998
64102.0,49.0,3.0,28.02,3008.3333333333335,0.11208
49.0,32.0,1.0,104.89,1095.0,0.09578995433789954
32.0,5.0,3.0,48.84,400.3333333333333,16.28
5.0,49.0,7.0,73.03,1758.7142857142858,18.2575
95.0,96.0,1.0,300.94,6076.0,0.04952929558920342
96.0,5.0,2.0,261.85,2895.0,3.636805555555556
96.0,10402.0,1.0,243.62,162.0,1.5038271604938271
10402.0,60633.0,7.0,9.85,371.0,4.925
60633.0,19.0,1.0,225.82,577.0,0.391369150779896
19.0,96.0,1.0,41.6,801.0,0.051935081148564294
96.0,60633.0,1.0,253.42,811.0,0.31247842170160295
60633.0,8318.0,1.0,45.79,6898.0,0.006638155987242679
8318.0,105.0,6.0,119.02,6.5,119.02
5.0,95.0,5.0,39.38,213.0,13.126666666666667
95.0,105.0,1.0,212.35,2045.0,0.10383863080684597
105.0,5.0,1.0,173.49,1929.0,0.08993779160186625
5.0,49.0,2.0,73.03,5116.5,0.0593739837398374
49.0,13.0,2.0,99.52,182.5,0.5786046511627907
13.0,5.0,6.0,114.24,171.33333333333334,22.848
32446.0,95.0,1.0,30.62,50598.0,0.0006051622593778411
95.0,13.0,1.0,76.05,1646.0,0.04620291616038882
13.0,32446.0,1.0,100.8,127.0,0.7937007874015748
32.0,95.0,1.0,87.51,24.0,3.64625
95.0,5.0,1.0,39.38,4.0,9.845
5.0,66.0,1.0,325.65,55.0,5.920909090909091
8318.0,2894.0,6.0,32.65,8.666666666666666,16.325
8318.0,95.0,1.0,93.33,35.0,2.6665714285714284
95.0,2894.0,1.0,125.92,2.0,62.96
2894.0,32.0,3.0,47.5,2586.3333333333335,0.7196969696969697
32.0,19.0,1.0,193.92,861.0,0.22522648083623692
19.0,96.0,1.0,41.6,488.0,0.08524590163934427
96.0,32.0,1.0,217.41,786.0,0.2766030534351145
32.0,5.0,4.0,48.84,400.5,1.1912195121951221
49.0,5.0,3.0,73.03,509.3333333333333,0.4536024844720497
5.0,95.0,6.0,39.38,10.833333333333334,13.126666666666667
5.0,13.0,1.0,114.24,4182.0,0.027317073170731707
13.0,95.0,2.0,76.05,13.0,10.864285714285714
32.0,26175.0,1.0,22.09,40.0,0.55225
32.0,24308.0,3.0,20.02,2125.6666666666665,0.5005
24308.0,51286.0,2.0,6.32,15230.5,0.09875
24308.0,95.0,28.0,93.0,597.5714285714286,93.0
24308.0,13.0,2.0,166.1,5.0,166.1
24308.0,66.0,2.0,271.92,8.0,67.98
95.0,10402.0,3.0,57.32,2845.3333333333335,28.66
10402.0,49.0,32.0,90.27,242.84375,30.09
10402.0,99.0,10.0,40.52,493.2,13.506666666666668
10402.0,13.0,4.0,130.45,2679.25,260.9
99.0,49.0,2.0,126.11,254.5,0.5838425925925926
13.0,63110.0,43.0,132.65,77.83720930232558,265.3
63110.0,105.0,4.0,152.84,35.75,152.84
5.0,50132.0,1.0,33.99,6.0,5.665
50132.0,49.0,2.0,41.55,2532.0,0.023961937716262975
50132.0,32.0,4.0,76.42,1915.25,0.19494897959183674
32.0,18533.0,8.0,34.03,182.625,17.015
18533.0,99.0,2.0,45.25,904.0,15.083333333333334
18533.0,50132.0,2.0,46.69,5434.0,0.02717694994179278
18533.0,51286.0,4.0,38.01,16.0,38.01
32.0,99.0,2.0,27.73,170.5,0.20849624060150376
50132.0,99.0,4.0,91.94,150.5,30.646666666666665
50132.0,105.0,1.0,205.55,151.0,1.3612582781456954
105.0,99.0,1.0,114.55,183.0,0.6259562841530054
99.0,5789.0,1.0,127.98,26.0,4.922307692307692
5789.0,105.0,5.0,242.36,15.0,121.18
105.0,32.0,5.0,130.85,88.4,261.7
32.0,5789.0,1.0,118.32,56.0,2.1128571428571425
5789.0,50132.0,1.0,46.1,14005.0,0.003291681542306319
95.0,9175.0,1.0,52.08,75.0,0.6944
9175.0,13.0,12.0,127.04,45.833333333333336,254.08
9175.0,99.0,38.0,47.4,43.18421052631579,94.8
49.0,64102.0,3.0,28.02,6277.333333333333,2.1553846153846155
64102.0,8318.0,2.0,104.66,1015.5,0.11577433628318584
49.0,5789.0,1.0,61.12,1850.0,0.033037837837837834
5789.0,50132.0,3.0,46.1,16336.666666666666,46.1
50132.0,99.0,1.0,91.94,59.0,1.5583050847457627
99.0,54269.0,7.0,15.86,31.0,31.72
54269.0,5789.0,7.0,141.85,4.428571428571429,283.7
5789.0,105.0,6.0,242.36,13.0,121.18
5789.0,32.0,1.0,118.32,9.0,13.146666666666667
32.0,105.0,1.0,130.85,0.0,261.7
105.0,50132.0,1.0,205.55,1669.0,0.1231575793888556
50132.0,13.0,4.0,92.36,3.25,184.72
50132.0,49.0,4.0,41.55,1684.0,0.47215909090909086
49.0,64102.0,1.0,28.02,36200.0,0.0007740331491712707
64102.0,5.0,3.0,51.2,10169.666666666666,25.6
5.0,13.0,1.0,114.24,5.0,22.848
13.0,64102.0,3.0,84.32,228.0,2.48
95.0,49.0,4.0,55.08,846.75,9.18
95.0,13.0,7.0,76.05,297.42857142857144,19.0125
13.0,5.0,1.0,114.24,32.0,3.57
5.0,49.0,2.0,73.03,6.5,18.2575
5.0,95.0,5.0,39.38,402.2,19.69
64102.0,5.0,7.0,51.2,2010.142857142857,51.2
64102.0,99.0,2.0,108.86,9171.0,0.22917894736842104
99.0,95.0,1.0,97.82,8461.0,0.011561281172438246
95.0,64102.0,1.0,27.07,217.0,0.12474654377880184
99.0,5.0,1.0,59.06,2098.0,0.02815061963775024
32.0,51286.0,4.0,13.93,3231.0,27.86
32.0,49.0,1.0,104.89,40.0,2.62225
49.0,5.0,2.0,73.03,512.5,1.0143055555555556
5.0,51286.0,2.0,52.85,45.5,13.2125
32.0,8318.0,5.0,26.39,1969.0,26.39
8318.0,99.0,2.0,4.53,2670.0,0.009114688128772636
8318.0,95.0,2.0,93.33,2928.5,46.665
5.0,9048.0,1.0,18.86,11.0,1.7145454545454546
9048.0,13.0,8.0,95.68,48.375,95.68
9048.0,99.0,2.0,77.41,448.0,0.3308119658119658
95.0,5.0,2.0,39.38,7446.0,19.69
95.0,49.0,4.0,55.08,3658.0,7.868571428571428
95.0,99.0,1.0,97.82,2109.0,0.04638217164532954
99.0,5.0,1.0,59.06,11.0,5.369090909090909
5.0,49.0,1.0,73.03,3393.0,0.021523725316828765
95.0,52367.0,1.0,27.76,2.0,13.88
52367.0,9048.0,1.0,31.06,23795.0,0.001305316242908174
9048.0,99.0,6.0,77.41,6.166666666666667,38.705
8318.0,32.0,3.0,26.39,2609.6666666666665,6.5975
8318.0,95.0,2.0,93.33,3815.0,3.7332
95.0,32.0,2.0,87.51,9124.0,0.023373397435897437
8318.0,51286.0,2.0,13.0,4231.0,0.0044781260764726145
8318.0,99.0,2.0,4.53,429.5,0.03511627906976744
13.0,95.0,1.0,76.05,9.0,8.45
95.0,5.0,16.0,39.38,681.9375,19.69
95.0,49.0,3.0,55.08,42.333333333333336,13.77
49.0,5.0,5.0,73.03,5923.4,0.2636462093862816
49.0,13.0,1.0,99.52,354.0,0.28112994350282483
13.0,5.0,1.0,114.24,11.0,10.385454545454545
5.0,8318.0,1.0,54.66,2292.0,0.023848167539267013
8318.0,32.0,6.0,26.39,3104.0,52.78
8318.0,95.0,4.0,93.33,1873.75,93.33
8318.0,99.0,2.0,4.53,5.0,2.265
95.0,52367.0,1.0,27.76,15478.0,0.0017935133738209072
52367.0,32.0,2.0,81.49,1573.0,27.16333333333333
52367.0,27439.0,11.0,50.54,4.363636363636363,25.27
27439.0,49.0,4.0,68.12,6.25,17.03
27439.0,13.0,1.0,48.0,1.0,48.0
13.0,49.0,1.0,99.52,4.0,24.88
49.0,9048.0,9.0,62.64,137.55555555555554,12.528
9048.0,13.0,2.0,95.68,6.5,95.68
95.0,27439.0,1.0,28.42,66796.0,0.00042547457931612677
27439.0,49.0,6.0,68.12,8.5,17.03
27439.0,9048.0,1.0,47.68,5871.0,0.008121274058933743
13.0,5.0,1.0,114.24,12409.0,0.009206221290998469
5.0,99.0,1.0,59.06,10.0,5.906000000000001
99.0,9048.0,3.0,77.41,5.333333333333333,25.80333333333333
9048.0,91020.0,8.0,57.27,6.5,19.09
9048.0,5.0,1.0,18.86,1003.0,0.01880358923230309
5.0,91020.0,2.0,75.96,292.0,0.41282608695652173
64102.0,9048.0,4.0,37.0,1212.25,7.4
9048.0,50132.0,2.0,21.1,3.5,7.033333333333334
50132.0,32.0,5.0,76.42,40.8,38.21
32.0,5.0,2.0,48.84,1002.0,12.21
32.0,9048.0,1.0,67.38,395.0,0.17058227848101265
9048.0,13.0,2.0,95.68,572.5,95.68
50132.0,13.0,4.0,92.36,1.0,92.36
50132.0,64102.0,1.0,17.2,4.0,4.3
5.0,95.0,6.0,39.38,5245.0,0.2715862068965517
5.0,49.0,5.0,73.03,906.0,3.319545454545455
49.0,99.0,1.0,126.11,111.0,1.1361261261261262
99.0,5.0,1.0,59.06,3.0,19.686666666666667
5.0,66.0,1.0,325.65,42.0,7.753571428571428
95.0,49.0,2.0,55.08,5123.5,0.012245442418852823
49.0,5.0,3.0,73.03,11671.333333333334,0.17183529411764706
5.0,105.0,2.0,173.49,6330.5,0.058750423298340675
105.0,95.0,1.0,212.35,262.0,0.8104961832061068
95.0,5.0,1.0,39.38,990.0,0.03977777777777778
105.0,49.0,1.0,235.59,2402.0,0.09808076602830974
32.0,99.0,3.0,27.73,4009.6666666666665,13.865
99.0,66.0,4.0,266.73,8794.25,12.701428571428572
99.0,5.0,2.0,59.06,845.5,0.1962126245847176
66.0,105.0,1.0,152.18,21.0,7.246666666666667
105.0,99.0,1.0,114.55,1.0,114.55
66.0,32.0,2.0,281.86,6442.5,2.027769784172662
13.0,95.0,6.0,76.05,7.666666666666667,25.349999999999998
95.0,5.0,3.0,39.38,2.0,19.69
5.0,13.0,1.0,114.24,1.0,114.24
5.0,49.0,2.0,73.03,5.0,14.606
49.0,95.0,2.0,55.08,6.0,9.18
49.0,50132.0,1.0,41.55,9.0,4.616666666666666
50132.0,5.0,2.0,33.99,1365.5,0.03714754098360656
50132.0,99.0,2.0,91.94,6.5,45.97
50132.0,105.0,2.0,205.55,13.0,20.555
79123.0,32.0,4.0,26.28,5.5,26.28
79123.0,99.0,1.0,28.6,2722.0,0.010506980161645849
99.0,5.0,1.0,59.06,4077.0,0.014486141770909983
5.0,105.0,1.0,173.49,1911.0,0.09078492935635793
99.0,32.0,2.0,27.73,33.0,13.865
32.0,95.0,8.0,87.51,40.625,21.8775
99.0,95.0,1.0,97.82,66.0,1.482121212121212
95.0,5.0,3.0,39.38,13.333333333333334,39.38
5.0,32.0,1.0,48.84,230.0,0.21234782608695654
95.0,16917.0,1.0,117.51,28.0,4.196785714285714
16917.0,9048.0,3.0,97.1,17309.666666666668,194.2
9048.0,13.0,2.0,95.68,6.5,23.92
16917.0,13.0,2.0,189.08,6.5,47.27
95.0,16917.0,1.0,117.51,131.0,0.8970229007633588
16917.0,27439.0,9.0,142.27,3833.4444444444443,35.5675
27439.0,9048.0,1.0,47.68,12875.0,0.0037033009708737864
95.0,27439.0,1.0,28.42,118.0,0.24084745762711865
27439.0,52367.0,5.0,50.54,5.0,25.27
52367.0,13.0,6.0,93.39,151.66666666666666,23.3475
52367.0,32.0,4.0,81.49,13.0,13.581666666666665
52367.0,9048.0,1.0,31.06,5143.0,0.006039276686758701
95.0,54269.0,1.0,111.32,52.0,2.1407692307692305
54269.0,5789.0,5.0,141.85,58.2,35.4625
5789.0,32.0,2.0,118.32,533.0,0.4658267716535433
5789.0,50132.0,1.0,46.1,2238.0,0.02059874888293119
49.0,54269.0,1.0,135.07,7.0,19.295714285714286
54269.0,13.0,30.0,184.43,23.6,184.43
54269.0,32.0,2.0,30.88,5.5,7.72
49.0,3116.0,2.0,79.79,395.5,0.5284105960264901
3116.0,9048.0,36.0,26.4,91.36111111111111,52.8
3116.0,13.0,7.0,80.12,14.428571428571429,80.12
3116.0,35251.0,428.0,102.14,52.9322429906542,204.28
13.0,35251.0,3.0,182.04,5.0,182.04
35251.0,49.0,1.0,137.46,2183.0,0.0629683921209345
95.0,10402.0,1.0,57.32,91.0,0.6298901098901099
10402.0,13.0,2.0,130.45,6.5,21.741666666666664
10402.0,49.0,6.0,90.27,4.333333333333333,180.54
49.0,50132.0,1.0,41.55,53.0,0.7839622641509434
50132.0,5.0,1.0,33.99,4378.0,0.007763819095477387
5.0,49.0,1.0,73.03,4044.0,0.018058852621167163
49.0,54269.0,1.0,135.07,439.0,0.3076765375854214
54269.0,50132.0,3.0,103.6,5607.0,0.3622377622377622
50132.0,13.0,4.0,92.36,6.0,18.472
54269.0,13.0,2.0,184.43,7.0,36.886
50132.0,32.0,6.0,76.42,21.833333333333332,12.736666666666666
5.0,66.0,4.0,325.65,751.5,3.0434579439252336
5.0,9048.0,1.0,18.86,676.0,0.027899408284023666
9048.0,32.0,3.0,67.38,7.0,13.475999999999999
32.0,66.0,1.0,281.86,2371.0,0.11887811050189794
66.0,9048.0,1.0,344.13,1227.0,0.2804645476772616
95.0,87115.0,1.0,128.02,144.0,0.8890277777777779
87115.0,77738.0,2.0,86.27,25060.0,0.006503090607568219
77738.0,105.0,1.0,170.86,3711.0,0.04604149824845056
105.0,87115.0,1.0,84.59,5.0,16.918
87115.0,13.0,4.0,200.07,64.25,100.035
13.0,93095.0,7.0,129.58,54.142857142857146,25.916000000000004
93095.0,105.0,5.0,160.16,12.2,40.04
105.0,9048.0,1.0,191.95,4795.0,0.04003128258602711
9048.0,13.0,6.0,95.68,15.0,19.136000000000003
9048.0,93095.0,1.0,33.96,13.0,2.6123076923076924
93095.0,5.0,1.0,15.44,7499.0,0.0020589411921589544
5.0,32.0,2.0,48.84,6.5,9.768
5.0,13.0,3.0,114.24,6.333333333333333,19.04
64102.0,13.0,3.0,84.32,298.0,1.7940425531914892
13.0,32446.0,5.0,100.8,108.6,16.8
32446.0,64102.0,2.0,19.7,32.5,1.6416666666666666
32446.0,95.0,1.0,30.62,44.0,0.6959090909090909
95.0,13.0,1.0,76.05,5479.0,0.013880270122285088
13.0,49.0,1.0,99.52,548.0,0.18160583941605837
49.0,95.0,1.0,55.08,2156.0,0.02554730983302412
5.0,9048.0,1.0,18.86,260.0,0.07253846153846154
9048.0,95.0,1.0,20.55,3888.0,0.005285493827160494
95.0,49.0,2.0,55.08,10158.5,0.008045574057843997
95.0,5.0,1.0,39.38,4671.0,0.008430742881609934
5.0,52367.0,1.0,42.56,65.0,0.6547692307692308
52367.0,105.0,4.0,211.72,6.0,52.93
52367.0,49.0,2.0,31.61,1797.5,0.04496443812233286
52367.0,96.0,1.0,298.86,71.0,4.209295774647887
95.0,13.0,26.0,76.05,529.5769230769231,19.0125
13.0,49.0,10.0,99.52,7.7,19.904
49.0,95.0,5.0,55.08,20.6,55.08
95.0,5.0,2.0,39.38,27.0,39.38
5.0,49.0,5.0,73.03,13.2,146.06
13.0,5.0,3.0,114.24,6.333333333333333,19.04
95.0,32.0,1.0,87.51,41571.0,0.0021050732481778162
32.0,105.0,1.0,130.85,547.0,0.23921389396709322
105.0,96.0,1.0,88.97,115.0,0.7736521739130434
96.0,32.0,1.0,217.41,1369.0,0.15880934989043097
95.0,32.0,1.0,87.51,24033.0,0.0036412432904755964
32.0,5.0,2.0,48.84,8677.0,0.09285171102661598
32.0,66.0,2.0,281.86,210.5,2.6843809523809523
29992.0,95.0,2.0,15.05,2466.0,0.011123429416112343
29992.0,13.0,7.0,88.25,9.857142857142858,88.25
13.0,5.0,5.0,114.24,4.4,38.08
5.0,29992.0,2.0,33.5,0.0,67.0
5.0,64102.0,1.0,51.2,0.0,102.4
64102.0,9048.0,1.0,37.0,10.0,3.7
9048.0,32.0,8.0,67.38,99.125,11.229999999999999
9048.0,49.0,8.0,62.64,535.625,125.28
9048.0,95.0,2.0,20.55,2018.5,0.01382907133243607
5.0,8318.0,1.0,54.66,0.0,109.32
8318.0,105.0,1.0,119.02,8474.0,0.014045315081425536
105.0,95.0,1.0,212.35,3246.0,0.06541897720271103
9048.0,52367.0,1.0,31.06,11122.0,0.0027926631900737275
52367.0,95.0,2.0,27.76,7719.0,2.1353846153846154
52367.0,105.0,1.0,211.72,3547.0,0.05968987877079222
105.0,16917.0,1.0,94.85,5.0,18.97
16917.0,52367.0,14.0,118.09,10.142857142857142,118.09
32.0,5.0,8.0,48.84,3048.625,6.105
5.0,96.0,1.0,261.85,61.0,4.2926229508196725
96.0,105.0,2.0,88.97,185.0,29.656666666666666
105.0,66.0,6.0,152.18,61.5,15.218
66.0,96.0,2.0,64.72,99.0,3.0819047619047617
96.0,19.0,1.0,41.6,771.0,0.05395590142671855
19.0,5.0,1.0,234.93,534.0,0.4399438202247191
95.0,105.0,1.0,212.35,21954.0,0.009672497039263915
105.0,5.0,1.0,173.49,2426.0,0.07151277823577906
5.0,8318.0,1.0,54.66,13.0,4.204615384615384
8318.0,105.0,1.0,119.02,130.0,0.9155384615384615
13.0,52367.0,5.0,93.39,5.4,31.13
52367.0,49.0,1.0,31.61,1.0,31.61
49.0,13.0,2.0,99.52,8.0,12.44
13.0,9048.0,2.0,95.68,3.5,31.893333333333334
9048.0,49.0,7.0,62.64,5.714285714285714,62.64
66.0,105.0,1.0,152.18,12.0,12.681666666666667
105.0,5.0,1.0,173.49,18.0,9.638333333333334
5.0,95.0,1.0,39.38,0.0,78.76
95.0,13.0,1.0,76.05,8.0,9.50625
13.0,5.0,1.0,114.24,19.0,6.012631578947368
5.0,66.0,1.0,325.65,48.0,6.784375
13.0,95.0,4.0,76.05,32.5,12.674999999999999
13.0,5.0,1.0,114.24,1269.0,0.09002364066193853
5.0,32.0,1.0,48.84,86.0,0.5679069767441861
