wifi,X,Y,parents,ID,restored_x,restored_y
66,13.949,16.375,N,N,-1,-1
96,62.374,59.313,N,N,-1,-1
105,142.814,97.329,N,N,-1,-1
33,194.916,125.425,N,N,-1,-1
99,239.844,158.207,N,N,-1,-1
5,287.395,193.229,N,N,-1,-1
95,323.59,208.748,N,N,-1,-1
88,376.773,212.234,N,N,-1,-1
19,102.488,48.308,N,N,-1,-1
22,205.899,103.487,N,N,-1,-1
120,279.519,149.801,N,N,-1,-1
67,370.983,159.94,N,N,-1,-1
92,381.397,63.134,N,N,-1,-1
49,310.951,262.358,N,N,-1,-1
101,257.355,270.201,N,N,-1,-1
84,254.126,241.349,N,N,-1,-1
4,276.312,228.59,N,N,-1,-1
32,239.106,185.931,N,N,-1,-1
13,399.251,216.457,N,N,-1,-1
72974,264.0,156.0,22:95,1_virtual,-1,-1
23449,246.0,148.0,5:22,1_virtual,-1,-1
9048,305.0,200.0,5:95,1_virtual,-1,-1
2344,272.0,168.0,5:22:95,1_virtual,-1,-1
26858,350.0,210.0,88:95,1_virtual,-1,-1
79123,263.0,175.0,99:5,1_virtual,-1,-1
13702,281.0,183.0,99:95,1_virtual,-1,-1
25145,283.0,186.0,99:5:95,1_virtual,-1,-1
2552,388.0,214.0,88:13,1_virtual,-1,-1
30620,332.0,202.0,88:5,1_virtual,-1,-1
41841,343.0,204.0,13:5,1_virtual,-1,-1
91020,361.0,212.0,13:95,1_virtual,-1,-1
63253,302.0,159.0,13:22,1_virtual,-1,-1
83375,291.0,157.0,88:22,1_virtual,-1,-1
14185,308.0,185.0,88:99,1_virtual,-1,-1
89653,319.0,187.0,99:13,1_virtual,-1,-1
13568,222.0,130.0,99:22,1_virtual,-1,-1
60800,248.0,214.0,99:101,1_virtual,-1,-1
97999,317.0,241.0,88:101,1_virtual,-1,-1
71721,270.0,217.0,84:5,1_virtual,-1,-1
64102,317.0,235.0,49:95,1_virtual,-1,-1
18641,258.0,182.0,49:22,1_virtual,-1,-1
31591,259.0,167.0,33:95,1_virtual,-1,-1
79694,315.0,226.0,88:84,1_virtual,-1,-1
54272,200.0,114.0,33:22,1_virtual,-1,-1
2757,313.0,193.0,88:99:95,1_virtual,-1,-1
82676,272.0,231.0,101:5,1_virtual,-1,-1
64120,231.0,186.0,101:22,1_virtual,-1,-1
91297,290.0,239.0,101:95,1_virtual,-1,-1
59163,288.0,225.0,84:95,1_virtual,-1,-1
62572,246.0,199.0,99:84,1_virtual,-1,-1
78028,275.0,210.0,49:99,1_virtual,-1,-1
32446,299.0,227.0,49:5,1_virtual,-1,-1
29230,242.0,126.0,120:22,1_virtual,-1,-1
70233,259.0,154.0,120:99,1_virtual,-1,-1
87392,217.0,141.0,33:99,1_virtual,-1,-1
44615,307.0,199.0,32:88,1_virtual,-1,-1
96699,259.0,167.0,120:32,1_virtual,-1,-1
51286,239.0,172.0,32:99,1_virtual,-1,-1
8318,244.0,160.0,32:5:22,1_virtual,-1,-1
38638,281.0,197.0,32:95,1_virtual,-1,-1
92071,282.0,251.0,49:84,1_virtual,-1,-1
84932,366.0,212.0,88:13:95,1_virtual,-1,-1
9356,248.0,228.0,32:101,1_virtual,-1,-1
99062,241.0,159.0,33:5,1_virtual,-1,-1
29250,302.0,174.0,88:22:95,1_virtual,-1,-1
54467,249.0,179.0,84:5:22,1_virtual,-1,-1
11881,222.0,144.0,32:22,1_virtual,-1,-1
40323,307.0,225.0,88:101:5,1_virtual,-1,-1
2093,285.0,185.0,88:32:99,1_virtual,-1,-1
95815,263.0,189.0,32:5,1_virtual,-1,-1
51552,278.0,240.0,84:101:95,1_virtual,-1,-1
69761,274.0,157.0,88:99:22,1_virtual,-1,-1
17196,279.0,204.0,49:99:5,1_virtual,-1,-1
37558,291.0,209.0,49:99:95,1_virtual,-1,-1
50132,307.0,221.0,49:5:95,1_virtual,-1,-1
91320,307.0,199.0,88:32,1_virtual,-1,-1
47773,267.0,184.0,32:99:95,1_virtual,-1,-1
81515,256.0,156.0,99:22:95,1_virtual,-1,-1
51808,313.0,202.0,88:32:95,1_virtual,-1,-1
90040,352.0,135.0,92:95,1_virtual,-1,-1
39006,329.0,204.0,88:5:95,1_virtual,-1,-1
41479,213.0,129.0,33:99:22,1_virtual,-1,-1
67451,230.0,172.0,84:22,1_virtual,-1,-1
96372,217.0,155.0,32:33,1_virtual,-1,-1
4313,343.0,237.0,88:49,1_virtual,-1,-1
45983,319.0,230.0,88:101:95,1_virtual,-1,-1
67331,261.0,216.0,32:5:101,1_virtual,-1,-1
19070,343.0,204.0,5:13,1_virtual,-1,-1
95198,259.0,167.0,32:120,1_virtual,-1,-1
80124,290.0,169.0,88:5:22,1_virtual,-1,-1
63927,237.0,137.0,120:33,1_virtual,-1,-1
23835,229.0,140.0,33:5:22,1_virtual,-1,-1
68566,255.0,255.0,84:101,1_virtual,-1,-1
86779,246.0,213.0,32:84,1_virtual,-1,-1
1547,228.0,149.0,32:99:22,1_virtual,-1,-1
12065,280.0,195.0,88:101:22,1_virtual,-1,-1
96452,307.0,225.0,88:5:101,1_virtual,-1,-1
73767,272.0,202.0,99:84:95,1_virtual,-1,-1
63790,297.0,247.0,49:101:95,1_virtual,-1,-1
77738,283.0,195.0,32:5:95,1_virtual,-1,-1
30732,168.0,111.0,33:105,1_virtual,-1,-1
15079,334.0,128.0,92:5,1_virtual,-1,-1
39820,346.0,162.0,49:92,1_virtual,-1,-1
91636,174.0,100.0,105:22,1_virtual,-1,-1
60450,233.0,153.0,105:95,1_virtual,-1,-1
60378,252.0,193.0,33:49,1_virtual,-1,-1
2894,215.0,145.0,105:5,1_virtual,-1,-1
72780,285.0,241.0,49:5:101,1_virtual,-1,-1
45395,256.0,202.0,49:84:22,1_virtual,-1,-1
5230,283.0,171.0,120:5,1_virtual,-1,-1
15637,301.0,179.0,120:95,1_virtual,-1,-1
20601,296.0,183.0,120:5:95,1_virtual,-1,-1
10321,244.0,151.0,99:5:22,1_virtual,-1,-1
51952,224.0,156.0,32:33:99,1_virtual,-1,-1
74831,255.0,179.0,32:99:5,1_virtual,-1,-1
25121,226.0,126.0,120:33:22,1_virtual,-1,-1
28802,238.0,144.0,120:33:99,1_virtual,-1,-1
75205,257.0,148.0,120:5:22,1_virtual,-1,-1
64578,241.0,146.0,120:32:22,1_virtual,-1,-1
81126,240.0,158.0,33:99:5,1_virtual,-1,-1
60221,268.0,167.0,120:99:5,1_virtual,-1,-1
37427,241.0,137.0,120:99:22,1_virtual,-1,-1
15762,284.0,266.0,49:101,1_virtual,-1,-1
58826,327.0,177.0,88:13:22,1_virtual,-1,-1
21444,253.0,156.0,120:33:5,1_virtual,-1,-1
82522,256.0,166.0,32:22:95,1_virtual,-1,-1
61216,355.0,239.0,49:13,1_virtual,-1,-1
76205,379.0,137.0,88:92,1_virtual,-1,-1
70694,337.0,227.0,88:49:95,1_virtual,-1,-1
73823,325.0,222.0,88:49:5,1_virtual,-1,-1
5019,268.0,176.0,32:120:5,1_virtual,-1,-1
45845,344.0,229.0,49:13:95,1_virtual,-1,-1
7781,288.0,214.0,84:5:95,1_virtual,-1,-1
93266,306.0,215.0,88:84:5,1_virtual,-1,-1
44047,318.0,220.0,88:84:95,1_virtual,-1,-1
76246,278.0,185.0,88:84:22,1_virtual,-1,-1
24817,336.0,206.0,5:13:95,1_virtual,-1,-1
44569,354.0,207.0,88:5:13,1_virtual,-1,-1
88893,241.0,146.0,32:120:22,1_virtual,-1,-1
13613,237.0,153.0,32:33:120,1_virtual,-1,-1
18372,252.0,164.0,32:99:120,1_virtual,-1,-1
59802,181.0,108.0,105:22:33,1_virtual,-1,-1
43677,191.0,127.0,105:99,1_virtual,-1,-1
55914,226.0,179.0,105:49,1_virtual,-1,-1
93128,168.0,111.0,105:33,1_virtual,-1,-1
74867,211.0,123.0,120:105,1_virtual,-1,-1
35813,280.0,172.0,120:99:95,1_virtual,-1,-1
12406,226.0,179.0,49:105,1_virtual,-1,-1
81008,220.0,135.0,120:105:99,1_virtual,-1,-1
76562,192.0,126.0,105:99:33,1_virtual,-1,-1
99358,269.0,154.0,120:22:95,1_virtual,-1,-1
81533,328.0,181.0,120:88,1_virtual,-1,-1
9142,287.0,155.0,120:88:22,1_virtual,-1,-1
69933,196.0,119.0,105:99:22,1_virtual,-1,-1
37240,266.0,195.0,120:84,1_virtual,-1,-1
75646,360.0,161.0,88:92:95,1_virtual,-1,-1
27548,328.0,181.0,88:120,1_virtual,-1,-1
92674,233.0,167.0,99:84:22,1_virtual,-1,-1
57229,257.0,183.0,120:99:84,1_virtual,-1,-1
84156,208.0,138.0,105:5:33,1_virtual,-1,-1
34367,301.0,197.0,88:32:5,1_virtual,-1,-1
97878,354.0,207.0,88:13:5,1_virtual,-1,-1
56206,275.0,224.0,32:49,1_virtual,-1,-1
92821,38.0,37.0,96:66,1_virtual,-1,-1
14382,190.0,141.0,32:105,1_virtual,-1,-1
95999,223.0,149.0,105:99:5,1_virtual,-1,-1
61649,336.0,206.0,13:5:95,1_virtual,-1,-1
88758,251.0,166.0,105:5:95,1_virtual,-1,-1
38321,264.0,219.0,2344:101,2_virtual,-1,-1
38337,284.0,187.0,9048:79123,2_virtual,-1,-1
52367,307.0,231.0,9048:49,2_virtual,-1,-1
48812,327.0,205.0,9048:26858,2_virtual,-1,-1
27439,352.0,208.0,9048:13,2_virtual,-1,-1
35213,300.0,209.0,49:83375,2_virtual,-1,-1
90481,300.0,185.0,99:91020,2_virtual,-1,-1
48335,335.0,237.0,49:91020,2_virtual,-1,-1
28385,331.0,191.0,41841:91020:83375,2_virtual,-1,-1
32140,331.0,185.0,91020:63253,2_virtual,-1,-1
40575,322.0,181.0,41841:63253,2_virtual,-1,-1
28453,296.0,158.0,63253:83375,2_virtual,-1,-1
3236,340.0,206.0,9048:88,2_virtual,-1,-1
54642,273.0,171.0,25145:72974,2_virtual,-1,-1
49795,325.0,200.0,25145:30620:91020,2_virtual,-1,-1
45476,303.0,180.0,23449:91020,2_virtual,-1,-1
11404,289.0,175.0,23449:30620,2_virtual,-1,-1
17079,341.0,206.0,26858:30620,2_virtual,-1,-1
67034,264.0,167.0,25145:23449,2_virtual,-1,-1
37128,255.0,152.0,23449:72974,2_virtual,-1,-1
50102,290.0,198.0,91297:83375,2_virtual,-1,-1
2076,280.0,228.0,59163:82676,2_virtual,-1,-1
59814,310.0,173.0,13568:13,2_virtual,-1,-1
31635,365.0,209.0,30620:13,2_virtual,-1,-1
5451,266.0,196.0,13568:49,2_virtual,-1,-1
16467,268.0,178.0,62572:83375,2_virtual,-1,-1
4446,251.0,208.0,64120:82676,2_virtual,-1,-1
97720,299.0,243.0,49:59163,2_virtual,-1,-1
82028,259.0,215.0,62572:82676,2_virtual,-1,-1
35476,241.0,175.0,33:59163,2_virtual,-1,-1
43415,208.0,127.0,13568:33,2_virtual,-1,-1
13651,289.0,200.0,30620:62572,2_virtual,-1,-1
62814,321.0,232.0,49:30620,2_virtual,-1,-1
65614,289.0,191.0,59163:83375,2_virtual,-1,-1
77870,280.0,185.0,13568:59163:30620,2_virtual,-1,-1
69762,256.0,143.0,13568:83375,2_virtual,-1,-1
29806,311.0,220.0,91297:30620,2_virtual,-1,-1
2733,311.0,179.0,30620:83375,2_virtual,-1,-1
14657,261.0,200.0,13568:91297:82676,2_virtual,-1,-1
79461,267.0,212.0,59163:62572,2_virtual,-1,-1
46955,289.0,232.0,91297:59163,2_virtual,-1,-1
82106,234.0,164.0,13568:62572,2_virtual,-1,-1
71402,260.0,212.0,64120:91297,2_virtual,-1,-1
82732,287.0,208.0,18641:64102,2_virtual,-1,-1
84866,279.0,197.0,13568:64102:32446,2_virtual,-1,-1
59287,302.0,214.0,5:64102,2_virtual,-1,-1
23254,346.0,223.0,88:64102,2_virtual,-1,-1
29992,311.0,217.0,9048:64102,2_virtual,-1,-1
64018,293.0,191.0,79123:95,2_virtual,-1,-1
88505,240.0,142.0,13568:70233,2_virtual,-1,-1
75428,219.0,135.0,87392:13568,2_virtual,-1,-1
56560,328.0,204.0,88:38638,2_virtual,-1,-1
72980,280.0,173.0,120:38638,2_virtual,-1,-1
59272,260.0,177.0,99:38638,2_virtual,-1,-1
42740,241.0,159.0,99:8318,2_virtual,-1,-1
57354,261.0,154.0,120:8318,2_virtual,-1,-1
25405,262.0,178.0,38638:8318,2_virtual,-1,-1
64291,232.0,128.0,13568:29230,2_virtual,-1,-1
58086,374.0,213.0,26858:13,2_virtual,-1,-1
65385,297.0,223.0,49:2093,2_virtual,-1,-1
83784,321.0,188.0,13:8318,2_virtual,-1,-1
22615,294.0,251.0,51552:49,2_virtual,-1,-1
95062,275.0,192.0,40323:8318,2_virtual,-1,-1
28862,219.0,142.0,33:8318,2_virtual,-1,-1
81350,338.0,228.0,51552:13,2_virtual,-1,-1
21163,262.0,178.0,8318:38638,2_virtual,-1,-1
47881,236.0,182.0,51552:33,2_virtual,-1,-1
88741,342.0,200.0,2093:13,2_virtual,-1,-1
18363,269.0,195.0,51552:2093:8318,2_virtual,-1,-1
95557,283.0,191.0,2093:38638,2_virtual,-1,-1
8228,277.0,211.0,49:8318,2_virtual,-1,-1
62580,264.0,167.0,23449:25145,2_virtual,-1,-1
67444,321.0,199.0,25145:26858:30620,2_virtual,-1,-1
69881,298.0,179.0,23449:26858,2_virtual,-1,-1
18802,335.0,192.0,2344:13,2_virtual,-1,-1
81207,345.0,186.0,13:83375,2_virtual,-1,-1
93268,316.0,190.0,2344:91020,2_virtual,-1,-1
48921,298.0,175.0,2344:30620:83375,2_virtual,-1,-1
71414,258.0,208.0,79123:84,2_virtual,-1,-1
89615,264.0,181.0,13568:17196:37558,2_virtual,-1,-1
75992,274.0,195.0,18641:37558,2_virtual,-1,-1
36710,268.0,193.0,18641:17196,2_virtual,-1,-1
13461,240.0,156.0,13568:18641,2_virtual,-1,-1
48339,341.0,216.0,88:50132,2_virtual,-1,-1
18533,273.0,189.0,99:50132,2_virtual,-1,-1
54957,294.0,202.0,50132:13702,2_virtual,-1,-1
85793,250.0,139.0,13568:120,2_virtual,-1,-1
68078,310.0,186.0,88:8318,2_virtual,-1,-1
60633,283.0,184.0,8318:95,2_virtual,-1,-1
95866,328.0,197.0,88:13702,2_virtual,-1,-1
56408,269.0,175.0,99:8318:95,2_virtual,-1,-1
3429,262.0,171.0,13702:8318,2_virtual,-1,-1
29813,265.0,176.0,5:8318,2_virtual,-1,-1
40696,337.0,203.0,2552:5,2_virtual,-1,-1
39236,355.0,211.0,2552:95,2_virtual,-1,-1
79100,279.0,220.0,9048:84,2_virtual,-1,-1
63110,272.0,179.0,9048:99,2_virtual,-1,-1
8814,318.0,201.0,26858:5,2_virtual,-1,-1
85283,284.0,181.0,99:39006,2_virtual,-1,-1
57243,355.0,133.0,92:39006,2_virtual,-1,-1
59202,323.0,219.0,39006:64102,2_virtual,-1,-1
70885,305.0,193.0,13702:39006,2_virtual,-1,-1
13852,340.0,169.0,90040:39006,2_virtual,-1,-1
95144,364.0,210.0,13:39006,2_virtual,-1,-1
83557,319.0,233.0,49:39006,2_virtual,-1,-1
22075,358.0,225.0,13:64102,2_virtual,-1,-1
98650,250.0,139.0,120:13568,2_virtual,-1,-1
13003,219.0,136.0,54272:99,2_virtual,-1,-1
67082,299.0,172.0,23449:91020:83375,2_virtual,-1,-1
89237,277.0,156.0,72974:83375,2_virtual,-1,-1
44231,256.0,177.0,33:45983,2_virtual,-1,-1
53303,242.0,213.0,64120:84,2_virtual,-1,-1
64602,257.0,228.0,67331:84,2_virtual,-1,-1
11105,247.0,180.0,64120:79123,2_virtual,-1,-1
10003,270.0,224.0,64120:49,2_virtual,-1,-1
52980,293.0,221.0,30620:84,2_virtual,-1,-1
6431,291.0,202.0,79123:45983,2_virtual,-1,-1
92886,314.0,246.0,49:45983,2_virtual,-1,-1
29990,285.0,239.0,49:67331,2_virtual,-1,-1
19448,290.0,223.0,67331:45983,2_virtual,-1,-1
66497,325.0,216.0,30620:45983,2_virtual,-1,-1
93295,274.0,201.0,64120:67331:30620,2_virtual,-1,-1
17385,275.0,208.0,64120:45983,2_virtual,-1,-1
60368,262.0,195.0,79123:67331,2_virtual,-1,-1
66880,227.0,170.0,33:67331,2_virtual,-1,-1
18292,267.0,171.0,2344:79123,2_virtual,-1,-1
87358,311.0,189.0,2344:26858,2_virtual,-1,-1
51768,306.0,192.0,26858:79123,2_virtual,-1,-1
85573,269.0,192.0,99:32446,2_virtual,-1,-1
13092,291.0,214.0,18641:32446:64102,2_virtual,-1,-1
4465,324.0,202.0,91020:5,2_virtual,-1,-1
48962,374.0,213.0,2552:91020,2_virtual,-1,-1
49081,239.0,131.0,54272:120,2_virtual,-1,-1
39447,270.0,182.0,96699:38638,2_virtual,-1,-1
48778,340.0,206.0,88:9048,2_virtual,-1,-1
69143,255.0,151.0,9048:22,2_virtual,-1,-1
89293,252.0,157.0,54272:9048,2_virtual,-1,-1
93095,272.0,192.0,32:9048,2_virtual,-1,-1
11981,295.0,171.0,88:9048:22,2_virtual,-1,-1
1652,365.0,136.0,26858:92,2_virtual,-1,-1
89518,264.0,159.0,5:29230,2_virtual,-1,-1
39208,333.0,222.0,4313:26858:50132,2_virtual,-1,-1
63596,369.0,212.0,2552:26858,2_virtual,-1,-1
67092,220.0,136.0,54272:99062,2_virtual,-1,-1
64620,261.0,161.0,54272:95,2_virtual,-1,-1
10312,243.0,153.0,54272:5,2_virtual,-1,-1
66331,284.0,178.0,23449:95,2_virtual,-1,-1
10978,262.0,148.0,120:23449,2_virtual,-1,-1
61073,319.0,193.0,88:79123,2_virtual,-1,-1
70978,252.0,157.0,13568:2344:79123,2_virtual,-1,-1
60522,251.0,157.0,99:72974,2_virtual,-1,-1
77634,352.0,208.0,41841:91020,2_virtual,-1,-1
68801,272.0,169.0,13702:72974,2_virtual,-1,-1
16482,291.0,181.0,41841:99,2_virtual,-1,-1
33193,312.0,188.0,41841:39006:72974,2_virtual,-1,-1
19797,290.0,205.0,79123:64102,2_virtual,-1,-1
98932,254.0,161.0,23449:79123,2_virtual,-1,-1
36509,311.0,180.0,88:23449,2_virtual,-1,-1
71731,285.0,238.0,84:64102,2_virtual,-1,-1
24512,281.0,191.0,23449:64102,2_virtual,-1,-1
94276,275.0,186.0,23449:79123:64102,2_virtual,-1,-1
60933,307.0,219.0,4313:73767,2_virtual,-1,-1
5715,248.0,142.0,33:63253,2_virtual,-1,-1
11974,300.0,193.0,41841:18641,2_virtual,-1,-1
49611,314.0,203.0,41841:63253:63790,2_virtual,-1,-1
34382,284.0,224.0,63790:73767,2_virtual,-1,-1
85873,320.0,242.0,4313:63790,2_virtual,-1,-1
97256,283.0,197.0,63790:14185:8318,2_virtual,-1,-1
27059,272.0,173.0,63253:8318:73767,2_virtual,-1,-1
91297,307.0,197.0,14185:41841:73767,2_virtual,-1,-1
67265,317.0,193.0,4313:14185:63253,2_virtual,-1,-1
51252,310.0,200.0,41841:4313:8318,2_virtual,-1,-1
59807,261.0,176.0,77738:99,2_virtual,-1,-1
52311,245.0,154.0,23449:8318,2_virtual,-1,-1
77086,329.0,203.0,88:77738,2_virtual,-1,-1
44168,264.0,171.0,23449:77738,2_virtual,-1,-1
17086,208.0,127.0,87392:54272,2_virtual,-1,-1
47646,260.0,172.0,13568:17196:13702,2_virtual,-1,-1
36727,269.0,182.0,18641:13702,2_virtual,-1,-1
4438,254.0,158.0,8318:72974,2_virtual,-1,-1
89441,368.0,212.0,88:91020,2_virtual,-1,-1
23417,252.0,167.0,87392:5,2_virtual,-1,-1
17414,248.0,145.0,87392:120,2_virtual,-1,-1
60536,219.0,135.0,13568:87392,2_virtual,-1,-1
92877,343.0,131.0,9048:92,2_virtual,-1,-1
45524,252.0,157.0,9048:54272,2_virtual,-1,-1
16685,248.0,157.0,9048:54272:99,2_virtual,-1,-1
45024,211.0,122.0,87392:22,2_virtual,-1,-1
44902,261.0,170.0,87392:9048,2_virtual,-1,-1
71985,242.0,148.0,9048:87392:22,2_virtual,-1,-1
54112,171.0,105.0,54272:105,2_virtual,-1,-1
32911,365.0,209.0,2552:41841,2_virtual,-1,-1
24143,375.0,175.0,90040:13,2_virtual,-1,-1
72897,364.0,173.0,90040:88,2_virtual,-1,-1
78345,372.0,189.0,39820:13,2_virtual,-1,-1
63796,361.0,187.0,88:39820,2_virtual,-1,-1
65673,335.0,172.0,90040:39820:50132,2_virtual,-1,-1
16644,302.0,185.0,2344:30620,2_virtual,-1,-1
36542,295.0,187.0,41841:79123:13702,2_virtual,-1,-1
42957,276.0,175.0,2344:13702,2_virtual,-1,-1
66612,297.0,188.0,79123:30620,2_virtual,-1,-1
1649,306.0,192.0,30620:13702,2_virtual,-1,-1
29032,225.0,163.0,33:45395,2_virtual,-1,-1
20522,248.0,221.0,60800:9356,2_virtual,-1,-1
3558,327.0,209.0,45395:13,2_virtual,-1,-1
43303,268.0,181.0,4313:33,2_virtual,-1,-1
60163,199.0,149.0,105:45395,2_virtual,-1,-1
32638,215.0,161.0,105:59163,2_virtual,-1,-1
3069,371.0,226.0,4313:13,2_virtual,-1,-1
15714,232.0,171.0,71721:33,2_virtual,-1,-1
3527,206.0,157.0,71721:105,2_virtual,-1,-1
95138,271.0,214.0,59163:71721:45395,2_virtual,-1,-1
31992,292.0,226.0,51552:4313:45395,2_virtual,-1,-1
77015,297.0,231.0,51552:4313:71721,2_virtual,-1,-1
76448,259.0,222.0,71721:9356,2_virtual,-1,-1
83111,252.0,215.0,45395:9356,2_virtual,-1,-1
31567,252.0,208.0,60800:45395,2_virtual,-1,-1
38220,293.0,225.0,60800:4313:59163,2_virtual,-1,-1
19373,259.0,215.0,60800:71721,2_virtual,-1,-1
85647,263.0,227.0,60800:51552,2_virtual,-1,-1
2266,271.0,231.0,51552:59163:9356,2_virtual,-1,-1
45211,310.0,209.0,12065:30620:45983,2_virtual,-1,-1
78490,302.0,235.0,72780:45983,2_virtual,-1,-1
53107,282.0,218.0,12065:72780,2_virtual,-1,-1
1281,295.0,232.0,4313:9356,2_virtual,-1,-1
8087,317.0,180.0,41841:83375,2_virtual,-1,-1
3484,339.0,185.0,2552:83375,2_virtual,-1,-1
24489,309.0,197.0,18641:91020,2_virtual,-1,-1
62829,364.0,210.0,2552:41841:91020,2_virtual,-1,-1
84561,300.0,193.0,18641:41841,2_virtual,-1,-1
99836,323.0,198.0,2552:18641,2_virtual,-1,-1
3116,326.0,184.0,91020:83375,2_virtual,-1,-1
34992,275.0,174.0,5:72974,2_virtual,-1,-1
2505,282.0,216.0,51552:5,2_virtual,-1,-1
59068,271.0,152.0,120:72974,2_virtual,-1,-1
53940,276.0,166.0,120:5:72974,2_virtual,-1,-1
58365,275.0,204.0,2344:51552,2_virtual,-1,-1
83009,229.0,140.0,33:72974,2_virtual,-1,-1
21942,228.0,150.0,33:79123,2_virtual,-1,-1
54459,271.0,169.0,96699:5230,2_virtual,-1,-1
48179,226.0,146.0,33:96699,2_virtual,-1,-1
99842,329.0,191.0,88:5230,2_virtual,-1,-1
16336,320.0,184.0,88:72974,2_virtual,-1,-1
63074,331.0,186.0,13:72974,2_virtual,-1,-1
76863,317.0,189.0,88:96699,2_virtual,-1,-1
22866,306.0,183.0,88:96699:5230,2_virtual,-1,-1
59379,340.0,206.0,13:38638,2_virtual,-1,-1
48781,307.0,186.0,30620:5230,2_virtual,-1,-1
55457,237.0,161.0,33:38638,2_virtual,-1,-1
49249,269.0,176.0,79123:38638:72974,2_virtual,-1,-1
3030,282.0,184.0,5230:38638,2_virtual,-1,-1
45223,261.0,161.0,96699:72974,2_virtual,-1,-1
87699,261.0,171.0,79123:96699,2_virtual,-1,-1
15623,273.0,163.0,5230:72974,2_virtual,-1,-1
12823,232.0,142.0,25121:99,2_virtual,-1,-1
19509,251.0,180.0,32:79123,2_virtual,-1,-1
54979,244.0,150.0,25121:79123,2_virtual,-1,-1
75701,240.0,152.0,25121:74831,2_virtual,-1,-1
64876,232.0,149.0,25121:51286,2_virtual,-1,-1
18264,221.0,140.0,25121:96372,2_virtual,-1,-1
67350,232.0,155.0,32:25121,2_virtual,-1,-1
76492,326.0,202.0,84932:5,2_virtual,-1,-1
76672,255.0,163.0,2344:99,2_virtual,-1,-1
74028,248.0,170.0,18641:99,2_virtual,-1,-1
26861,278.0,196.0,99:64102,2_virtual,-1,-1
58692,282.0,195.0,2344:18641:64102,2_virtual,-1,-1
80824,221.0,120.0,54272:29230,2_virtual,-1,-1
12831,230.0,157.0,13568:32,2_virtual,-1,-1
60297,211.0,122.0,13568:54272,2_virtual,-1,-1
91849,344.0,142.0,50132:92,2_virtual,-1,-1
45161,356.0,132.0,30620:92,2_virtual,-1,-1
20333,329.0,211.0,30620:26858:50132,2_virtual,-1,-1
85503,224.0,131.0,8318:22,2_virtual,-1,-1
41151,355.0,211.0,26858:91020,2_virtual,-1,-1
47028,330.0,236.0,49:26858,2_virtual,-1,-1
26532,191.0,128.0,105:99062,2_virtual,-1,-1
87123,229.0,134.0,54272:70233,2_virtual,-1,-1
83568,226.0,136.0,54272:99062:63927,2_virtual,-1,-1
40376,248.0,145.0,70233:63927,2_virtual,-1,-1
91608,250.0,156.0,70233:99062,2_virtual,-1,-1
79155,336.0,188.0,90040:26858:50132,2_virtual,-1,-1
39313,269.0,260.0,101:92071,2_virtual,-1,-1
86258,266.0,196.0,71721:79123,2_virtual,-1,-1
65098,307.0,183.0,26858:72974,2_virtual,-1,-1
49113,296.0,212.0,71721:95,2_virtual,-1,-1
80101,234.0,139.0,79123:22,2_virtual,-1,-1
82886,249.0,200.0,84:8318,2_virtual,-1,-1
77653,303.0,189.0,41841:79123,2_virtual,-1,-1
74729,287.0,176.0,23449:39006,2_virtual,-1,-1
49097,344.0,206.0,41841:91020:39006,2_virtual,-1,-1
14840,294.0,176.0,23449:41841,2_virtual,-1,-1
4160,260.0,184.0,32:13702,2_virtual,-1,-1
58126,294.0,236.0,30620:101,2_virtual,-1,-1
48248,278.0,171.0,13568:30620:13702,2_virtual,-1,-1
34943,286.0,170.0,13568:26858,2_virtual,-1,-1
37717,315.0,196.0,26858:13702,2_virtual,-1,-1
5789,353.0,218.0,50132:13,2_virtual,-1,-1
70420,253.0,167.0,54272:50132,2_virtual,-1,-1
75669,319.0,211.0,30620:50132,2_virtual,-1,-1
54955,299.0,172.0,2552:23449:72974,2_virtual,-1,-1
17869,235.0,136.0,70233:25121:13568,2_virtual,-1,-1
82985,216.0,148.0,33:51286,2_virtual,-1,-1
82514,238.0,148.0,33:5230,2_virtual,-1,-1
86653,308.0,179.0,88:64578,2_virtual,-1,-1
64309,268.0,206.0,84:5230,2_virtual,-1,-1
78706,273.0,175.0,77738:72974,2_virtual,-1,-1
80825,264.0,166.0,23449:77738:72974,2_virtual,-1,-1
32456,262.0,157.0,64578:5230:72974,2_virtual,-1,-1
85722,248.0,157.0,13568:51286:5230,2_virtual,-1,-1
14602,251.0,164.0,51286:72974,2_virtual,-1,-1
75047,243.0,143.0,13568:72974,2_virtual,-1,-1
5135,184.0,111.0,105:25121,2_virtual,-1,-1
93162,200.0,125.0,70233:105,2_virtual,-1,-1
93354,256.0,150.0,70233:5230:25121,2_virtual,-1,-1
63422,264.0,159.0,23449:5230,2_virtual,-1,-1
57511,273.0,203.0,32:50132,2_virtual,-1,-1
76787,248.0,164.0,54272:99:50132,2_virtual,-1,-1
63281,275.0,162.0,54272:26858,2_virtual,-1,-1
81501,293.0,185.0,120:50132,2_virtual,-1,-1
60463,275.0,176.0,120:99:50132,2_virtual,-1,-1
68463,283.0,187.0,70233:50132,2_virtual,-1,-1
95239,255.0,163.0,54272:70233:50132,2_virtual,-1,-1
13397,219.0,149.0,54272:32,2_virtual,-1,-1
56326,248.0,173.0,54272:32:50132,2_virtual,-1,-1
54094,334.0,216.0,50132:91020,2_virtual,-1,-1
56679,328.0,215.0,26858:50132,2_virtual,-1,-1
46396,354.0,208.0,41841:84932,2_virtual,-1,-1
3348,228.0,163.0,32:87392,2_virtual,-1,-1
70873,218.0,125.0,54272:63927,2_virtual,-1,-1
11779,208.0,127.0,54272:87392,2_virtual,-1,-1
77391,237.0,160.0,71721:22,2_virtual,-1,-1
35252,323.0,214.0,88:71721,2_virtual,-1,-1
92951,390.0,139.0,92:13,2_virtual,-1,-1
9951,361.0,159.0,9048:92:13,2_virtual,-1,-1
89014,231.0,144.0,54272:79123,2_virtual,-1,-1
69082,242.0,152.0,13568:79123,2_virtual,-1,-1
51820,211.0,122.0,54272:13568,2_virtual,-1,-1
74348,228.0,139.0,54272:13568:79123,2_virtual,-1,-1
37587,277.0,156.0,26858:22,2_virtual,-1,-1
4650,268.0,186.0,54467:5,2_virtual,-1,-1
11752,286.0,193.0,54467:95,2_virtual,-1,-1
61153,259.0,198.0,71721:54467,2_virtual,-1,-1
71624,349.0,238.0,2552:49,2_virtual,-1,-1
51531,287.0,208.0,9048:71721,2_virtual,-1,-1
8566,267.0,186.0,71721:72974,2_virtual,-1,-1
17224,274.0,183.0,120:71721,2_virtual,-1,-1
47968,336.0,204.0,41841:39006,2_virtual,-1,-1
61673,263.0,165.0,79123:72974,2_virtual,-1,-1
45686,279.0,169.0,23449:39006:72974,2_virtual,-1,-1
55489,303.0,180.0,41841:72974,2_virtual,-1,-1
78986,294.0,197.0,32:26858,2_virtual,-1,-1
35647,272.0,199.0,2344:82676,2_virtual,-1,-1
4275,318.0,193.0,2344:26858:30620,2_virtual,-1,-1
79085,292.0,174.0,9048:120,2_virtual,-1,-1
10402,274.0,180.0,9048:8318,2_virtual,-1,-1
1790,230.0,143.0,28802:81126:41479,2_virtual,-1,-1
96804,280.0,245.0,51552:92071,2_virtual,-1,-1
80326,242.0,153.0,23449:99,2_virtual,-1,-1
38405,249.0,162.0,99:96699,2_virtual,-1,-1
97161,316.0,189.0,88:82522,2_virtual,-1,-1
78185,253.0,160.0,23449:82522:96699,2_virtual,-1,-1
34167,220.0,136.0,23449:33,2_virtual,-1,-1
33234,368.0,221.0,13:70694,2_virtual,-1,-1
17795,359.0,145.0,92:70694,2_virtual,-1,-1
23064,324.0,209.0,9048:30620:70694,2_virtual,-1,-1
39877,261.0,169.0,64102:22,2_virtual,-1,-1
18881,349.0,149.0,92:64102,2_virtual,-1,-1
82187,333.0,222.0,26858:64102,2_virtual,-1,-1
65738,292.0,174.0,120:9048,2_virtual,-1,-1
86107,249.0,162.0,9048:33,2_virtual,-1,-1
18269,263.0,151.0,120:9048:22,2_virtual,-1,-1
84774,271.0,168.0,9048:63927,2_virtual,-1,-1
2516,239.0,131.0,29230:63927,2_virtual,-1,-1
88243,273.0,163.0,9048:29230,2_virtual,-1,-1
98544,261.0,154.0,9048:29230:63927,2_virtual,-1,-1
28949,265.0,163.0,9048:25121,2_virtual,-1,-1
98297,282.0,183.0,9048:96699,2_virtual,-1,-1
38697,272.0,192.0,9048:32,2_virtual,-1,-1
98347,238.0,161.0,32:63927,2_virtual,-1,-1
75003,260.0,174.0,32:9048:63927,2_virtual,-1,-1
89363,256.0,161.0,9048:25121:99,2_virtual,-1,-1
89463,226.0,157.0,32:41479,2_virtual,-1,-1
93687,227.0,127.0,29230:41479,2_virtual,-1,-1
31432,240.0,148.0,8318:63927,2_virtual,-1,-1
88309,230.0,150.0,87392:8318,2_virtual,-1,-1
77113,351.0,172.0,90040:26858,2_virtual,-1,-1
1650,259.0,198.0,84:72974,2_virtual,-1,-1
69768,340.0,145.0,92:32446,2_virtual,-1,-1
91642,362.0,150.0,4313:92,2_virtual,-1,-1
1353,291.0,193.0,99:45845,2_virtual,-1,-1
87010,291.0,197.0,4313:99,2_virtual,-1,-1
42280,328.0,231.0,4313:45845:32446,2_virtual,-1,-1
37740,362.0,146.0,92:45845,2_virtual,-1,-1
1438,235.0,143.0,25121:8318,2_virtual,-1,-1
40189,222.0,137.0,54272:8318,2_virtual,-1,-1
89802,241.0,141.0,120:54272:8318,2_virtual,-1,-1
98786,239.0,131.0,120:54272,2_virtual,-1,-1
28847,233.0,145.0,13568:8318,2_virtual,-1,-1
88295,248.0,146.0,120:13568:8318,2_virtual,-1,-1
14512,352.0,224.0,2552:64102,2_virtual,-1,-1
80467,340.0,228.0,2552:49:95,2_virtual,-1,-1
72315,313.0,186.0,2552:99,2_virtual,-1,-1
82139,301.0,225.0,59163:79694,2_virtual,-1,-1
90575,287.0,209.0,59163:5,2_virtual,-1,-1
95728,303.0,189.0,5230:95,2_virtual,-1,-1
87465,279.0,221.0,71721:59163,2_virtual,-1,-1
30961,285.0,198.0,59163:5230,2_virtual,-1,-1
28230,318.0,201.0,9048:30620,2_virtual,-1,-1
55227,317.0,188.0,29250:30620,2_virtual,-1,-1
57108,284.0,178.0,9048:72974,2_virtual,-1,-1
43570,295.0,199.0,29250:59163,2_virtual,-1,-1
85658,306.0,188.0,9048:26858:72974,2_virtual,-1,-1
73376,298.0,178.0,9048:83375,2_virtual,-1,-1
62742,303.0,187.0,9048:29250,2_virtual,-1,-1
54349,313.0,192.0,9048:29250:30620,2_virtual,-1,-1
96794,285.0,180.0,99:30620,2_virtual,-1,-1
59104,298.0,179.0,30620:72974,2_virtual,-1,-1
94637,327.0,205.0,30620:95,2_virtual,-1,-1
75655,301.0,209.0,71721:30620,2_virtual,-1,-1
99310,305.0,175.0,120:30620,2_virtual,-1,-1
1253,246.0,139.0,120:41479,2_virtual,-1,-1
57164,314.0,185.0,88:120:5,2_virtual,-1,-1
34875,225.0,136.0,33:75205,2_virtual,-1,-1
56867,240.0,152.0,64578:99,2_virtual,-1,-1
36198,252.0,162.0,13568:77738,2_virtual,-1,-1
55703,316.0,180.0,88:75205,2_virtual,-1,-1
7607,244.0,149.0,77738:22,2_virtual,-1,-1
41057,260.0,163.0,77738:64578:75205,2_virtual,-1,-1
99223,248.0,153.0,99:75205,2_virtual,-1,-1
26648,308.0,194.0,24817:13702,2_virtual,-1,-1
46992,334.0,204.0,24817:30620,2_virtual,-1,-1
82009,272.0,179.0,79123:13702,2_virtual,-1,-1
2360,287.0,179.0,24817:79123:72974,2_virtual,-1,-1
12358,199.0,122.0,105:75205,2_virtual,-1,-1
69229,259.0,159.0,70233:79123:75205,2_virtual,-1,-1
41134,249.0,153.0,75205:99062,2_virtual,-1,-1
95390,252.0,167.0,79123:99062,2_virtual,-1,-1
85543,226.0,147.0,33:99:8318,2_virtual,-1,-1
99416,182.0,113.0,13568:105,2_virtual,-1,-1
17140,267.0,157.0,120:54272:95,2_virtual,-1,-1
85717,198.0,115.0,13568:91636,2_virtual,-1,-1
7665,240.0,155.0,32:29230,2_virtual,-1,-1
25695,258.0,174.0,54272:64102,2_virtual,-1,-1
3941,219.0,149.0,32:54272,2_virtual,-1,-1
76636,324.0,215.0,9048:26858:64102,2_virtual,-1,-1
3597,244.0,137.0,5230:22,2_virtual,-1,-1
19663,261.0,178.0,32:5230,2_virtual,-1,-1
17091,341.0,193.0,13:5230,2_virtual,-1,-1
40963,294.0,184.0,26858:99,2_virtual,-1,-1
74402,261.0,164.0,99:5230,2_virtual,-1,-1
10243,296.0,216.0,49:5230,2_virtual,-1,-1
30125,239.0,160.0,32:33:5230,2_virtual,-1,-1
85006,227.0,133.0,33:5230:22,2_virtual,-1,-1
72027,316.0,190.0,26858:5230,2_virtual,-1,-1
42660,252.0,150.0,13568:5230,2_virtual,-1,-1
87108,241.0,171.0,51552:22,2_virtual,-1,-1
94750,239.0,149.0,32:54272:120,2_virtual,-1,-1
43670,273.0,180.0,96699:5,2_virtual,-1,-1
54269,224.0,159.0,105:50132,2_virtual,-1,-1
26431,256.0,162.0,50132:22,2_virtual,-1,-1
18208,284.0,187.0,5:8318:95,2_virtual,-1,-1
44097,254.0,161.0,13568:5,2_virtual,-1,-1
39153,259.0,160.0,120:51286,2_virtual,-1,-1
41318,193.0,128.0,105:8318,2_virtual,-1,-1
97288,179.0,119.0,87392:105,2_virtual,-1,-1
47000,191.0,117.0,105:37427,2_virtual,-1,-1
15312,212.0,134.0,105:5230,2_virtual,-1,-1
21088,247.0,149.0,87392:37427:5230,2_virtual,-1,-1
86628,229.0,140.0,54272:96699,2_virtual,-1,-1
14038,240.0,148.0,13568:96699,2_virtual,-1,-1
92684,242.0,164.0,32:54272:5,2_virtual,-1,-1
19432,246.0,153.0,105:26858,2_virtual,-1,-1
88106,287.0,164.0,5230:83375,2_virtual,-1,-1
39944,294.0,185.0,9048:5230,2_virtual,-1,-1
75892,262.0,166.0,5230:96699:8318,2_virtual,-1,-1
27599,274.0,153.0,41841:22,2_virtual,-1,-1
63962,267.0,153.0,39006:22,2_virtual,-1,-1
70547,278.0,205.0,23449:49,2_virtual,-1,-1
27310,240.0,161.0,32:37427,2_virtual,-1,-1
67394,217.0,131.0,33:37427,2_virtual,-1,-1
54918,240.0,142.0,99:29230,2_virtual,-1,-1
92842,218.0,125.0,33:29230,2_virtual,-1,-1
78516,225.0,136.0,33:99:29230,2_virtual,-1,-1
39297,241.0,142.0,54272:5230,2_virtual,-1,-1
8172,263.0,165.0,9048:13568,2_virtual,-1,-1
31249,359.0,208.0,88:41841,2_virtual,-1,-1
97000,241.0,142.0,29230:99062,2_virtual,-1,-1
59226,227.0,133.0,29230:54272:99062,2_virtual,-1,-1
41621,237.0,149.0,105:30620,2_virtual,-1,-1
14802,291.0,187.0,79123:13702:39006,2_virtual,-1,-1
62282,276.0,186.0,18641:50132:72974,2_virtual,-1,-1
65030,242.0,167.0,4313:105,2_virtual,-1,-1
79157,220.0,125.0,54272:37427,2_virtual,-1,-1
76554,243.0,142.0,23449:37427,2_virtual,-1,-1
3955,251.0,163.0,96699:8318,2_virtual,-1,-1
93326,291.0,187.0,96699:95,2_virtual,-1,-1
1214,187.0,107.0,54272:91636,2_virtual,-1,-1
48702,312.0,193.0,41841:13702,2_virtual,-1,-1
22211,278.0,171.0,79123:13702:83375,2_virtual,-1,-1
7206,296.0,189.0,79123:39006,2_virtual,-1,-1
81585,242.0,167.0,105:4313,2_virtual,-1,-1
4899,266.0,158.0,54272:30620,2_virtual,-1,-1
54300,203.0,126.0,105:72974,2_virtual,-1,-1
45923,322.0,109.0,92:72974,2_virtual,-1,-1
50627,131.0,86.0,54272:96,2_virtual,-1,-1
14784,271.0,175.0,54272:4313,2_virtual,-1,-1
34065,227.0,177.0,54272:84,2_virtual,-1,-1
78048,262.0,185.0,54272:30620:84,2_virtual,-1,-1
97604,313.0,198.0,4313:30620:72974,2_virtual,-1,-1
8272,346.0,223.0,4313:26858,2_virtual,-1,-1
41018,232.0,135.0,54272:72974,2_virtual,-1,-1
76519,345.0,208.0,91020:39006,2_virtual,-1,-1
36869,200.0,113.0,25121:91636,2_virtual,-1,-1
84014,195.0,120.0,87392:91636,2_virtual,-1,-1
83579,228.0,135.0,91636:5230,2_virtual,-1,-1
42864,243.0,150.0,87392:23835:5230,2_virtual,-1,-1
76733,201.0,120.0,23835:91636,2_virtual,-1,-1
70041,275.0,158.0,88:8318:22,2_virtual,-1,-1
10411,235.0,142.0,9048:33:22,2_virtual,-1,-1
76209,193.0,114.0,91636:41479,2_virtual,-1,-1
17871,211.0,140.0,105:13702,2_virtual,-1,-1
76942,255.0,162.0,13568:79123:13702,2_virtual,-1,-1
60396,260.0,178.0,18641:79123,2_virtual,-1,-1
13914,291.0,214.0,18641:64102:32446,2_virtual,-1,-1
11209,271.0,162.0,120:79123,2_virtual,-1,-1
19602,262.0,181.0,87392:50132,2_virtual,-1,-1
98972,267.0,170.0,87392:50132:120,2_virtual,-1,-1
61527,341.0,216.0,4313:26858:30620,2_virtual,-1,-1
72187,184.0,112.0,33:91636,2_virtual,-1,-1
43067,230.0,146.0,91636:5,2_virtual,-1,-1
84838,206.0,142.0,32:91636,2_virtual,-1,-1
41691,234.0,139.0,13568:23449,2_virtual,-1,-1
85899,226.0,124.0,120:91636,2_virtual,-1,-1
97823,248.0,154.0,91636:95,2_virtual,-1,-1
30514,198.0,114.0,54272:13568:91636,2_virtual,-1,-1
97323,253.0,176.0,32:60221,2_virtual,-1,-1
40510,279.0,164.0,25121:30620,2_virtual,-1,-1
61380,236.0,137.0,23449:25121,2_virtual,-1,-1
89514,247.0,146.0,25121:60221,2_virtual,-1,-1
43280,301.0,189.0,9048:30620:60221,2_virtual,-1,-1
71045,220.0,136.0,33:23449,2_virtual,-1,-1
43566,242.0,166.0,32:23449,2_virtual,-1,-1
24761,206.0,129.0,99:91636,2_virtual,-1,-1
39564,255.0,176.0,2344:32,2_virtual,-1,-1
89705,233.0,146.0,2344:33,2_virtual,-1,-1
83369,275.0,158.0,2344:120,2_virtual,-1,-1
24009,324.0,190.0,2344:88,2_virtual,-1,-1
86716,294.0,198.0,38638:44615,2_virtual,-1,-1
16755,275.0,179.0,8318:44615,2_virtual,-1,-1
72931,217.0,135.0,33:64578,2_virtual,-1,-1
53596,277.0,185.0,38638:8318:44615,2_virtual,-1,-1
24308,241.0,166.0,8318:51286,2_virtual,-1,-1
54615,253.0,171.0,51286:64578:38638,2_virtual,-1,-1
8185,274.0,172.0,64578:44615,2_virtual,-1,-1
2895,242.0,153.0,64578:8318,2_virtual,-1,-1
72972,273.0,185.0,51286:44615,2_virtual,-1,-1
96018,287.0,243.0,51552:63790,2_virtual,-1,-1
82207,251.0,157.0,70233:8318,2_virtual,-1,-1
2565,227.0,143.0,87392:13568:8318,2_virtual,-1,-1
12578,238.0,147.0,87392:70233,2_virtual,-1,-1
80268,253.0,167.0,79123:8318,2_virtual,-1,-1
25613,239.0,149.0,120:54272:32,2_virtual,-1,-1
68706,337.0,219.0,88:32446,2_virtual,-1,-1
41409,321.0,232.0,4313:32446,2_virtual,-1,-1
19015,308.0,231.0,64102:32446,2_virtual,-1,-1
70725,223.0,148.0,71721:22:33,2_virtual,-1,-1
43883,334.0,216.0,71721:13,2_virtual,-1,-1
8011,272.0,167.0,33:26858,2_virtual,-1,-1
19501,250.0,146.0,33:26858:22,2_virtual,-1,-1
30497,310.0,213.0,71721:26858,2_virtual,-1,-1
68641,264.0,199.0,71721:18641,2_virtual,-1,-1
86630,273.0,203.0,18641:59163,2_virtual,-1,-1
75450,199.0,126.0,105:81515,2_virtual,-1,-1
26790,208.0,153.0,105:78028,2_virtual,-1,-1
99346,282.0,201.0,18641:50132,2_virtual,-1,-1
69515,263.0,186.0,71721:81515,2_virtual,-1,-1
48455,277.0,217.0,71721:59163:78028,2_virtual,-1,-1
54562,272.0,190.0,59163:81515,2_virtual,-1,-1
94129,265.0,183.0,81515:78028,2_virtual,-1,-1
12504,267.0,153.0,23449:72974:83375,2_virtual,-1,-1
67404,317.0,181.0,2552:23449,2_virtual,-1,-1
29930,294.0,176.0,41841:23449,2_virtual,-1,-1
65149,230.0,143.0,79123:21444:91636,2_virtual,-1,-1
50690,242.0,160.0,23449:51286,2_virtual,-1,-1
44342,240.0,159.0,64578:51286,2_virtual,-1,-1
37419,241.0,159.0,64578:8318:51286,2_virtual,-1,-1
14181,257.0,188.0,71721:8318,2_virtual,-1,-1
30991,261.0,171.0,64578:38638,2_virtual,-1,-1
16637,257.0,168.0,23449:38638:8318,2_virtual,-1,-1
25263,243.0,147.0,23449:64578,2_virtual,-1,-1
60989,260.0,184.0,51286:38638,2_virtual,-1,-1
39301,246.0,139.0,70233:29230:63927,2_virtual,-1,-1
93197,184.0,112.0,54272:30732,2_virtual,-1,-1
28303,238.0,154.0,87392:96699,2_virtual,-1,-1
30011,247.0,173.0,32:87392:5,2_virtual,-1,-1
1122,254.0,167.0,87392:96699:5,2_virtual,-1,-1
47723,242.0,164.0,54272:32:5,2_virtual,-1,-1
92915,248.0,158.0,54272:96699:5,2_virtual,-1,-1
56228,243.0,144.0,54272:5:29230,2_virtual,-1,-1
10984,321.0,213.0,9048:70694,2_virtual,-1,-1
75762,275.0,174.0,9048:23449,2_virtual,-1,-1
70717,215.0,122.0,23835:91636:29230,2_virtual,-1,-1
74431,322.0,182.0,23449:13,2_virtual,-1,-1
25598,206.0,157.0,105:71721,2_virtual,-1,-1
81986,285.0,197.0,2344:32446,2_virtual,-1,-1
31912,200.0,139.0,18641:105,2_virtual,-1,-1
97544,278.0,204.0,18641:32446,2_virtual,-1,-1
59121,266.0,189.0,2344:71721:18641,2_virtual,-1,-1
27911,296.0,180.0,39006:72974,2_virtual,-1,-1
38585,221.0,120.0,22:63927,2_virtual,-1,-1
67966,267.0,212.0,84:13702,2_virtual,-1,-1
67169,202.0,136.0,105:79123,2_virtual,-1,-1
78902,238.0,185.0,13568:84,2_virtual,-1,-1
33677,209.0,125.0,10321:91636,2_virtual,-1,-1
67492,241.0,144.0,10321:21444:25121,2_virtual,-1,-1
13111,213.0,128.0,21444:91636,2_virtual,-1,-1
80081,274.0,167.0,25121:95,2_virtual,-1,-1
51034,270.0,177.0,64102:5:22,2_virtual,-1,-1
58453,246.0,155.0,120:13568:32,2_virtual,-1,-1
11790,232.0,135.0,120:33:13568,2_virtual,-1,-1
64068,197.0,120.0,105:8318:22,2_virtual,-1,-1
26653,171.0,105.0,30732:91636,2_virtual,-1,-1
64193,205.0,118.0,91636:63927,2_virtual,-1,-1
6572,225.0,138.0,37427:30732:60221,2_virtual,-1,-1
33222,233.0,138.0,23835:63927,2_virtual,-1,-1
16192,228.0,163.0,87392:32,2_virtual,-1,-1
94055,248.0,145.0,120:87392,2_virtual,-1,-1
1338,236.0,145.0,87392:5:22,2_virtual,-1,-1
27148,234.0,131.0,120:87392:22,2_virtual,-1,-1
71766,284.0,195.0,5:38638,2_virtual,-1,-1
89365,263.0,182.0,5:51286,2_virtual,-1,-1
7251,296.0,168.0,26858:29230,2_virtual,-1,-1
37271,279.0,197.0,120:9048:84,2_virtual,-1,-1
46355,255.0,181.0,9048:84:22,2_virtual,-1,-1
35004,246.0,164.0,120:84:22,2_virtual,-1,-1
26608,302.0,225.0,26858:84,2_virtual,-1,-1
39626,277.0,189.0,9048:54467,2_virtual,-1,-1
88877,238.0,160.0,33:77738,2_virtual,-1,-1
49024,250.0,194.0,23449:84,2_virtual,-1,-1
16505,194.0,122.0,105:23449,2_virtual,-1,-1
65811,270.0,171.0,23449:77738:5230,2_virtual,-1,-1
9613,208.0,113.0,91636:29230,2_virtual,-1,-1
98008,223.0,130.0,120:30732,2_virtual,-1,-1
48902,274.0,228.0,51552:71721,2_virtual,-1,-1
87533,203.0,134.0,99:30732,2_virtual,-1,-1
49389,364.0,173.0,88:90040,2_virtual,-1,-1
60804,268.0,152.0,30620:22,2_virtual,-1,-1
15859,327.0,220.0,4313:50132:30620,2_virtual,-1,-1
63686,233.0,142.0,25121:81126,2_virtual,-1,-1
77062,231.0,143.0,70233:69933:81126,2_virtual,-1,-1
6168,254.0,148.0,25121:5230,2_virtual,-1,-1
64245,278.0,205.0,49:23449,2_virtual,-1,-1
64349,285.0,153.0,120:83375,2_virtual,-1,-1
33593,287.0,164.0,30620:29230,2_virtual,-1,-1
87630,260.0,183.0,51552:29230,2_virtual,-1,-1
92704,262.0,194.0,51552:23449,2_virtual,-1,-1
30486,305.0,221.0,51552:30620,2_virtual,-1,-1
81329,284.0,189.0,51552:30620:29230,2_virtual,-1,-1
95347,230.0,128.0,120:59802,2_virtual,-1,-1
29914,192.0,111.0,105:29230,2_virtual,-1,-1
69964,239.0,140.0,120:54272:99,2_virtual,-1,-1
29748,335.0,211.0,49:75646,2_virtual,-1,-1
85284,323.0,177.0,5:75646,2_virtual,-1,-1
61322,236.0,150.0,23835:8318,2_virtual,-1,-1
65225,223.0,131.0,54272:23449,2_virtual,-1,-1
3691,276.0,174.0,23835:95,2_virtual,-1,-1
71785,227.0,133.0,25121:23835,2_virtual,-1,-1
57397,305.0,193.0,39006:13702,2_virtual,-1,-1
51331,263.0,165.0,23449:13702,2_virtual,-1,-1
25167,256.0,155.0,23835:5230,2_virtual,-1,-1
66339,184.0,111.0,74867:30732:91636,2_virtual,-1,-1
53533,231.0,138.0,28802:91636:5230,2_virtual,-1,-1
8008,225.0,141.0,30732:5230,2_virtual,-1,-1
79361,224.0,133.0,28802:74867,2_virtual,-1,-1
32732,247.0,147.0,74867:5230,2_virtual,-1,-1
19131,203.0,127.0,28802:30732,2_virtual,-1,-1
68298,262.0,154.0,37427:5230,2_virtual,-1,-1
47113,239.0,140.0,28802:37427,2_virtual,-1,-1
49140,263.0,165.0,8318:5230,2_virtual,-1,-1
94826,255.0,163.0,8318:99:5230,2_virtual,-1,-1
76084,235.0,150.0,105:39006,2_virtual,-1,-1
21920,265.0,157.0,99:83375,2_virtual,-1,-1
23432,304.0,176.0,120:39006,2_virtual,-1,-1
93824,288.0,169.0,23449:39006:83375,2_virtual,-1,-1
15280,207.0,118.0,37427:91636,2_virtual,-1,-1
52132,332.0,213.0,88:7781,2_virtual,-1,-1
34064,272.0,190.0,82522:7781,2_virtual,-1,-1
84036,259.0,170.0,82522:79123,2_virtual,-1,-1
19141,241.0,169.0,33:7781,2_virtual,-1,-1
52189,264.0,165.0,82522:75205:13702,2_virtual,-1,-1
6561,269.0,179.0,75205:79123:7781,2_virtual,-1,-1
5337,319.0,164.0,90040:5,2_virtual,-1,-1
30645,379.0,188.0,13:75646,2_virtual,-1,-1
10520,230.0,157.0,32:13568,2_virtual,-1,-1
89509,235.0,165.0,54272:71721,2_virtual,-1,-1
96588,210.0,133.0,59802:99,2_virtual,-1,-1
60280,249.0,171.0,59802:64102,2_virtual,-1,-1
50549,331.0,198.0,90040:49,2_virtual,-1,-1
51593,293.0,191.0,9048:13702,2_virtual,-1,-1
23835,251.0,156.0,13568:13702,2_virtual,-1,-1
88834,269.0,171.0,13568:9048:13702,2_virtual,-1,-1
95630,243.0,143.0,13702:22,2_virtual,-1,-1
54962,216.0,127.0,105:83375,2_virtual,-1,-1
5311,276.0,194.0,71721:5230,2_virtual,-1,-1
92513,192.0,111.0,74867:91636,2_virtual,-1,-1
39719,202.0,124.0,33:74867,2_virtual,-1,-1
81487,226.0,130.0,74867:37427,2_virtual,-1,-1
26067,232.0,143.0,84156:75205,2_virtual,-1,-1
62292,209.0,130.0,74867:84156,2_virtual,-1,-1
20297,234.0,135.0,74867:75205,2_virtual,-1,-1
36536,225.0,136.0,74867:84156:75205,2_virtual,-1,-1
76352,219.0,137.0,28802:84156:41479,2_virtual,-1,-1
39074,262.0,165.0,5230:99062,2_virtual,-1,-1
47506,253.0,151.0,30620:91636,2_virtual,-1,-1
10333,209.0,130.0,91636:8318,2_virtual,-1,-1
50766,288.0,181.0,30620:8318,2_virtual,-1,-1
62786,250.0,154.0,91636:30620:8318,2_virtual,-1,-1
71595,216.0,143.0,43677:99062,2_virtual,-1,-1
17640,207.0,129.0,91636:99062,2_virtual,-1,-1
14993,239.0,150.0,9048:91636,2_virtual,-1,-1
62366,237.0,149.0,43677:5230,2_virtual,-1,-1
56464,238.0,152.0,43677:5230:99062,2_virtual,-1,-1
27778,198.0,115.0,43677:22,2_virtual,-1,-1
87620,261.0,164.0,30620:43677,2_virtual,-1,-1
58500,242.0,144.0,30620:43677:22,2_virtual,-1,-1
27561,248.0,163.0,9048:43677,2_virtual,-1,-1
39662,259.0,166.0,9048:43677:5230,2_virtual,-1,-1
61760,233.0,143.0,9048:43677:22,2_virtual,-1,-1
50024,286.0,180.0,30620:99062,2_virtual,-1,-1
5719,307.0,187.0,5:81533,2_virtual,-1,-1
5276,283.0,169.0,99:81533,2_virtual,-1,-1
30053,191.0,121.0,105:64578,2_virtual,-1,-1
32039,264.0,169.0,64578:5,2_virtual,-1,-1
68855,277.0,161.0,64578:81533:72974,2_virtual,-1,-1
74089,256.0,168.0,32:5:29230,2_virtual,-1,-1
62643,229.0,133.0,87392:29230,2_virtual,-1,-1
34421,229.0,166.0,105:64102,2_virtual,-1,-1
61407,263.0,163.0,33:30620,2_virtual,-1,-1
91925,272.0,151.0,120:30620:22,2_virtual,-1,-1
58906,324.0,218.0,30620:64102,2_virtual,-1,-1
68610,286.0,218.0,49:79123,2_virtual,-1,-1
69377,234.0,150.0,59802:5,2_virtual,-1,-1
36231,201.0,119.0,13568:59802,2_virtual,-1,-1
71120,206.0,124.0,54272:91636:8318,2_virtual,-1,-1
17263,232.0,136.0,120:91636:8318,2_virtual,-1,-1
22491,194.0,122.0,23449:105,2_virtual,-1,-1
33448,211.0,147.0,105:38638,2_virtual,-1,-1
26955,270.0,175.0,70233:38638,2_virtual,-1,-1
82955,268.0,168.0,120:38638:8318,2_virtual,-1,-1
90504,217.0,139.0,10321:43677,2_virtual,-1,-1
30084,240.0,152.0,10321:84156:60221,2_virtual,-1,-1
17274,199.0,132.0,84156:43677,2_virtual,-1,-1
4182,229.0,147.0,60221:43677,2_virtual,-1,-1
33317,217.0,132.0,25121:84156,2_virtual,-1,-1
27045,258.0,182.0,23449:71721,2_virtual,-1,-1
89068,240.0,151.0,9048:33:13568,2_virtual,-1,-1
27270,271.0,165.0,70694:22,2_virtual,-1,-1
98287,239.0,162.0,105:70694,2_virtual,-1,-1
56059,195.0,122.0,33:69933,2_virtual,-1,-1
44392,219.0,122.0,69933:29230,2_virtual,-1,-1
65536,226.0,141.0,2894:63927,2_virtual,-1,-1
64283,241.0,142.0,23449:63927,2_virtual,-1,-1
77577,230.0,146.0,23449:2894,2_virtual,-1,-1
7896,316.0,221.0,49:26858:5,2_virtual,-1,-1
24072,270.0,177.0,5:64102:22,2_virtual,-1,-1
62520,278.0,171.0,13568:26858:79123,2_virtual,-1,-1
30041,329.0,199.0,88:25145,2_virtual,-1,-1
2736,296.0,224.0,25145:49,2_virtual,-1,-1
6783,341.0,201.0,25145:13,2_virtual,-1,-1
72572,261.0,185.0,32:25145,2_virtual,-1,-1
82635,244.0,144.0,25145:22,2_virtual,-1,-1
60219,268.0,188.0,38638:74831,2_virtual,-1,-1
32395,269.0,175.0,23449:74831:44615,2_virtual,-1,-1
63239,263.0,172.0,23449:38638,2_virtual,-1,-1
62327,315.0,215.0,4313:5,2_virtual,-1,-1
34277,333.0,222.0,4313:95,2_virtual,-1,-1
83577,317.0,212.0,4313:5:95,2_virtual,-1,-1
65971,251.0,234.0,62572:101,2_virtual,-1,-1
18157,287.0,252.0,101:64102,2_virtual,-1,-1
67535,324.0,189.0,26858:30620:83375,2_virtual,-1,-1
36820,277.0,166.0,79123:83375,2_virtual,-1,-1
14929,206.0,128.0,13568:43677,2_virtual,-1,-1
66667,210.0,124.0,2894:22,2_virtual,-1,-1
91587,193.0,124.0,10321:105,2_virtual,-1,-1
37905,272.0,186.0,9048:51286,2_virtual,-1,-1
38296,241.0,166.0,51286:8318,2_virtual,-1,-1
8114,254.0,187.0,71721:99,2_virtual,-1,-1
16917,223.0,148.0,9048:105,2_virtual,-1,-1
1042,269.0,176.0,9048:60450,2_virtual,-1,-1
9888,212.0,141.0,25145:105,2_virtual,-1,-1
77272,280.0,231.0,50132:84,2_virtual,-1,-1
32457,261.0,188.0,32:99:50132,2_virtual,-1,-1
83526,273.0,196.0,50132:51286,2_virtual,-1,-1
2029,285.0,206.0,9048:49:99,2_virtual,-1,-1
41150,262.0,172.0,9048:99:8318,2_virtual,-1,-1
55381,271.0,207.0,49:60450,2_virtual,-1,-1
34021,254.0,201.0,32:71721,2_virtual,-1,-1
4285,287.0,182.0,24817:99,2_virtual,-1,-1
31069,239.0,151.0,24817:105,2_virtual,-1,-1
32454,281.0,190.0,51286:95,2_virtual,-1,-1
56499,249.0,170.0,77738:2894,2_virtual,-1,-1
78842,227.0,165.0,32:2894,2_virtual,-1,-1
53203,325.0,191.0,13:88758,2_virtual,-1,-1
68417,245.0,162.0,99:88758,2_virtual,-1,-1
58597,306.0,189.0,91020:88758,2_virtual,-1,-1
3116,280.0,197.0,8318:64102,2_virtual,-1,-1
43189,263.0,173.0,25145:8318,2_virtual,-1,-1
86957,300.0,210.0,25145:64102,2_virtual,-1,-1
6059,281.0,172.0,120:77738,2_virtual,-1,-1
91989,333.0,206.0,9048:91020,2_virtual,-1,-1
33847,247.0,147.0,120:2894,2_virtual,-1,-1
71239,227.0,151.0,99:2894,2_virtual,-1,-1
46615,220.0,162.0,105:32446,2_virtual,-1,-1
35603,302.0,213.0,9048:32446,2_virtual,-1,-1
40883,271.0,193.0,8318:32446,2_virtual,-1,-1
26175,261.0,183.0,77738:51286,2_virtual,-1,-1
9175,275.0,190.0,50132:8318,2_virtual,-1,-1
9328,266.0,190.0,64102:2894,2_virtual,-1,-1
69790,280.0,197.0,64102:8318,2_virtual,-1,-1
35251,229.0,152.0,2894:8318,2_virtual,-1,-1
87115,212.0,146.0,105:77738,2_virtual,-1,-1
19040,305.0,196.0,38337:48812,3_virtual,-1,-1
10490,331.0,235.0,49:27439,3_virtual,-1,-1
8453,339.0,206.0,48812:27439,3_virtual,-1,-1
63279,320.0,223.0,49:32140,3_virtual,-1,-1
60648,303.0,210.0,49:28453,3_virtual,-1,-1
61107,285.0,171.0,99:32140,3_virtual,-1,-1
13369,316.0,174.0,32140:28453:40575,3_virtual,-1,-1
71164,302.0,184.0,67034:45476:17079,3_virtual,-1,-1
51398,279.0,166.0,37128:45476,3_virtual,-1,-1
27505,298.0,179.0,37128:17079,3_virtual,-1,-1
51935,259.0,159.0,37128:67034,3_virtual,-1,-1
70552,323.0,218.0,3236:52367,3_virtual,-1,-1
58380,275.0,216.0,14657:46955,3_virtual,-1,-1
65564,355.0,197.0,13:2733,3_virtual,-1,-1
37145,316.0,190.0,82106:13,3_virtual,-1,-1
72648,272.0,213.0,49:82106,3_virtual,-1,-1
91156,299.0,247.0,49:46955,3_virtual,-1,-1
80535,241.0,178.0,33:46955,3_virtual,-1,-1
89340,214.0,144.0,33:82106,3_virtual,-1,-1
33671,310.0,220.0,49:2733,3_virtual,-1,-1
21971,278.0,191.0,82106:46955:2733,3_virtual,-1,-1
48612,285.0,195.0,71402:2733,3_virtual,-1,-1
60880,274.0,222.0,71402:46955,3_virtual,-1,-1
75226,251.0,192.0,71402:14657:82106,3_virtual,-1,-1
50860,268.0,189.0,18641:84866,3_virtual,-1,-1
9094,343.0,214.0,29992:88,3_virtual,-1,-1
77573,250.0,168.0,99:25405,3_virtual,-1,-1
52746,270.0,163.0,120:25405,3_virtual,-1,-1
30449,319.0,195.0,88:25405,3_virtual,-1,-1
56907,260.0,172.0,96699:25405,3_virtual,-1,-1
69494,338.0,213.0,8228:13,3_virtual,-1,-1
98830,334.0,205.0,18363:13,3_virtual,-1,-1
24328,235.0,168.0,33:8228,3_virtual,-1,-1
8091,295.0,208.0,40323:95557,3_virtual,-1,-1
81693,231.0,160.0,33:18363,3_virtual,-1,-1
32575,276.0,199.0,18363:8228:95557,3_virtual,-1,-1
93217,263.0,175.0,95557:8318,3_virtual,-1,-1
40676,348.0,197.0,69881:13,3_virtual,-1,-1
19359,302.0,184.0,67444:69881:11404,3_virtual,-1,-1
74232,324.0,192.0,48921:26858,3_virtual,-1,-1
46858,329.0,193.0,48921:91020,3_virtual,-1,-1
87031,348.0,195.0,48921:13,3_virtual,-1,-1
93352,275.0,199.0,64018:71414,3_virtual,-1,-1
94490,260.0,181.0,75992:13461:36710,3_virtual,-1,-1
11539,311.0,199.0,48339:13702,3_virtual,-1,-1
17689,320.0,194.0,88:29813,3_virtual,-1,-1
26991,319.0,191.0,88:3429,3_virtual,-1,-1
65152,263.0,173.0,3429:29813,3_virtual,-1,-1
98912,273.0,179.0,29813:13702,3_virtual,-1,-1
28788,321.0,202.0,39236:5,3_virtual,-1,-1
47180,279.0,195.0,99:83557,3_virtual,-1,-1
78707,350.0,148.0,92:83557,3_virtual,-1,-1
39022,318.0,234.0,83557:64102,3_virtual,-1,-1
87187,300.0,208.0,83557:13702,3_virtual,-1,-1
52562,335.0,184.0,90040:83557,3_virtual,-1,-1
47453,359.0,224.0,83557:13,3_virtual,-1,-1
50432,222.0,132.0,85793:33,3_virtual,-1,-1
1548,329.0,198.0,88:60633,3_virtual,-1,-1
43676,277.0,160.0,37128:67082:89237,3_virtual,-1,-1
39967,264.0,224.0,17385:84,3_virtual,-1,-1
8522,300.0,212.0,17385:66497,3_virtual,-1,-1
39047,268.0,201.0,60368:17385,3_virtual,-1,-1
62070,292.0,235.0,49:17385,3_virtual,-1,-1
88562,240.0,205.0,66880:84,3_virtual,-1,-1
12512,264.0,221.0,84:93295,3_virtual,-1,-1
94080,292.0,231.0,49:93295,3_virtual,-1,-1
98215,266.0,184.0,31591:93295,3_virtual,-1,-1
39976,258.0,193.0,66880:17385:93295,3_virtual,-1,-1
94170,244.0,182.0,66880:60368,3_virtual,-1,-1
88033,308.0,190.0,51768:87358,3_virtual,-1,-1
76233,265.0,186.0,99:13092,3_virtual,-1,-1
36666,277.0,194.0,79123:13092,3_virtual,-1,-1
69642,272.0,227.0,13092:84,3_virtual,-1,-1
86982,330.0,203.0,48962:5,3_virtual,-1,-1
79302,358.0,208.0,41841:48962,3_virtual,-1,-1
52533,284.0,188.0,25405:44615,3_virtual,-1,-1
67158,272.0,154.0,3236:22,3_virtual,-1,-1
98111,270.0,160.0,54272:3236,3_virtual,-1,-1
6294,262.0,174.0,89293:93095,3_virtual,-1,-1
26288,236.0,153.0,54272:93095,3_virtual,-1,-1
25903,366.0,219.0,39208:13,3_virtual,-1,-1
56699,253.0,164.0,67092:5,3_virtual,-1,-1
74414,271.0,172.0,67092:95,3_virtual,-1,-1
86576,283.0,174.0,9048:10978,3_virtual,-1,-1
53908,314.0,184.0,88:70978,3_virtual,-1,-1
50331,275.0,173.0,33193:99,3_virtual,-1,-1
35483,297.0,173.0,28385:72974,3_virtual,-1,-1
9474,307.0,186.0,41841:68801,3_virtual,-1,-1
92862,283.0,214.0,24512:71731,3_virtual,-1,-1
13556,285.0,198.0,24512:19797,3_virtual,-1,-1
91786,296.0,185.0,24512:36509,3_virtual,-1,-1
66692,300.0,192.0,19797:36509,3_virtual,-1,-1
17300,294.0,192.0,24512:19797:36509,3_virtual,-1,-1
74232,255.0,159.0,67265:33,3_virtual,-1,-1
2299,252.0,162.0,33:51252,3_virtual,-1,-1
51144,269.0,172.0,27059:18292,3_virtual,-1,-1
47367,265.0,177.0,18641:27059,3_virtual,-1,-1
93301,298.0,171.0,120:67265,3_virtual,-1,-1
12212,303.0,196.0,97256:67265:51252,3_virtual,-1,-1
11716,307.0,188.0,41841:27059,3_virtual,-1,-1
65662,290.0,200.0,49611:27059:34382,3_virtual,-1,-1
88422,286.0,218.0,97256:91297,3_virtual,-1,-1
66869,300.0,219.0,91297:51252,3_virtual,-1,-1
79654,303.0,216.0,91297:67265,3_virtual,-1,-1
44473,320.0,191.0,44168:88,3_virtual,-1,-1
51537,254.0,165.0,44168:8318,3_virtual,-1,-1
43415,251.0,171.0,44168:51286,3_virtual,-1,-1
65775,285.0,185.0,44168:44615,3_virtual,-1,-1
7113,229.0,148.0,44168:33,3_virtual,-1,-1
98115,251.0,164.0,44168:99,3_virtual,-1,-1
80779,213.0,131.0,13003:17086,3_virtual,-1,-1
20829,259.0,177.0,13461:36710:36727,3_virtual,-1,-1
2278,264.0,166.0,29813:72974,3_virtual,-1,-1
13533,274.0,180.0,60633:29813,3_virtual,-1,-1
27567,346.0,207.0,4465:89441,3_virtual,-1,-1
61936,253.0,164.0,75428:5,3_virtual,-1,-1
71352,249.0,142.0,120:75428,3_virtual,-1,-1
29946,229.0,160.0,32:75428,3_virtual,-1,-1
40991,243.0,138.0,120:43415,3_virtual,-1,-1
36865,212.0,134.0,87392:43415,3_virtual,-1,-1
40136,341.0,221.0,88:52367,3_virtual,-1,-1
21464,344.0,147.0,92:52367,3_virtual,-1,-1
86778,273.0,194.0,99:52367,3_virtual,-1,-1
59052,328.0,220.0,26858:52367,3_virtual,-1,-1
96568,312.0,233.0,64102:52367,3_virtual,-1,-1
66309,261.0,169.0,29992:45024,3_virtual,-1,-1
78658,245.0,135.0,45024:120,3_virtual,-1,-1
92302,190.0,114.0,49081:105,3_virtual,-1,-1
11542,239.0,144.0,49081:99,3_virtual,-1,-1
88388,348.0,200.0,28385:32911,3_virtual,-1,-1
27970,367.0,194.0,65673:13,3_virtual,-1,-1
25854,355.0,192.0,88:65673,3_virtual,-1,-1
54262,339.0,204.0,65673:4313,3_virtual,-1,-1
13508,299.0,189.0,1649:66612:36542,3_virtual,-1,-1
26622,291.0,183.0,1649:42957,3_virtual,-1,-1
18412,286.0,181.0,66612:42957,3_virtual,-1,-1
8054,306.0,187.0,2344:17079,3_virtual,-1,-1
94312,281.0,220.0,31992:95138,3_virtual,-1,-1
50361,272.0,216.0,38220:31567,3_virtual,-1,-1
57650,223.0,166.0,33:31567,3_virtual,-1,-1
45316,232.0,178.0,33:2266,3_virtual,-1,-1
98393,206.0,164.0,105:2266,3_virtual,-1,-1
42424,278.0,226.0,38220:85647,3_virtual,-1,-1
76739,325.0,212.0,13:31567,3_virtual,-1,-1
26101,197.0,152.0,105:31567,3_virtual,-1,-1
66462,244.0,178.0,33:1281,3_virtual,-1,-1
25437,347.0,224.0,1281:13,3_virtual,-1,-1
77548,335.0,223.0,2266:13,3_virtual,-1,-1
32179,200.0,156.0,105:19373,3_virtual,-1,-1
75085,218.0,164.0,1281:105,3_virtual,-1,-1
61021,226.0,170.0,33:19373,3_virtual,-1,-1
23714,260.0,218.0,2266:19373:31567,3_virtual,-1,-1
33999,277.0,223.0,1281:19373,3_virtual,-1,-1
78968,292.0,226.0,78490:53107,3_virtual,-1,-1
36991,276.0,230.0,1281:2266:85647,3_virtual,-1,-1
54486,270.0,222.0,1281:31567:85647,3_virtual,-1,-1
3124,261.0,221.0,19373:85647,3_virtual,-1,-1
79489,284.0,222.0,95138:77015,3_virtual,-1,-1
65873,294.0,228.0,31992:77015,3_virtual,-1,-1
24324,276.0,220.0,38220:19373,3_virtual,-1,-1
88402,285.0,174.0,28385:99,3_virtual,-1,-1
54805,301.0,184.0,99:62829,3_virtual,-1,-1
77532,322.0,196.0,62829:13702,3_virtual,-1,-1
83595,347.0,200.0,28385:62829,3_virtual,-1,-1
49455,318.0,194.0,28385:99836:11974,3_virtual,-1,-1
1795,279.0,172.0,59068:5,3_virtual,-1,-1
10889,273.0,163.0,23449:15637,3_virtual,-1,-1
63683,227.0,148.0,33:87699,3_virtual,-1,-1
25520,233.0,144.0,33:15623,3_virtual,-1,-1
4319,323.0,197.0,88:39447,3_virtual,-1,-1
20013,324.0,187.0,88:15623,3_virtual,-1,-1
90669,277.0,173.0,3030:15623,3_virtual,-1,-1
5155,336.0,189.0,13:15623,3_virtual,-1,-1
81369,334.0,199.0,13:39447,3_virtual,-1,-1
61121,318.0,191.0,88:87699,3_virtual,-1,-1
86189,302.0,182.0,30620:15623,3_virtual,-1,-1
49777,268.0,172.0,87699:39447:15623,3_virtual,-1,-1
12639,235.0,156.0,99:67350,3_virtual,-1,-1
68485,243.0,167.0,67350:74831,3_virtual,-1,-1
81336,238.0,157.0,8318:67350,3_virtual,-1,-1
66915,235.0,163.0,51286:67350,3_virtual,-1,-1
32871,277.0,181.0,67350:95,3_virtual,-1,-1
73172,224.0,155.0,96372:67350,3_virtual,-1,-1
14413,247.0,165.0,79123:67350,3_virtual,-1,-1
87374,260.0,176.0,99:58692,3_virtual,-1,-1
35367,235.0,156.0,32:64291,3_virtual,-1,-1
70692,221.0,125.0,60297:64291,3_virtual,-1,-1
52302,264.0,162.0,54272:20333,3_virtual,-1,-1
36623,364.0,213.0,13:20333,3_virtual,-1,-1
81957,355.0,137.0,92:20333,3_virtual,-1,-1
78534,253.0,157.0,60633:85503,3_virtual,-1,-1
83460,318.0,233.0,49:48812,3_virtual,-1,-1
47499,313.0,216.0,48812:32446,3_virtual,-1,-1
76480,346.0,207.0,8814:58086,3_virtual,-1,-1
72318,321.0,202.0,5:41151,3_virtual,-1,-1
86766,196.0,126.0,91608:105,3_virtual,-1,-1
48034,241.0,145.0,91608:83568:40376,3_virtual,-1,-1
52354,287.0,173.0,99:79155,3_virtual,-1,-1
85035,367.0,202.0,79155:13,3_virtual,-1,-1
30311,325.0,234.0,49:3236,3_virtual,-1,-1
60316,369.0,211.0,3236:13,3_virtual,-1,-1
2322,289.0,182.0,99:3236,3_virtual,-1,-1
23523,249.0,142.0,120:13003,3_virtual,-1,-1
9334,335.0,168.0,9048:1652,3_virtual,-1,-1
56279,346.0,207.0,2552:9048,3_virtual,-1,-1
22088,241.0,155.0,10312:99,3_virtual,-1,-1
41565,266.0,167.0,14840:99,3_virtual,-1,-1
4589,279.0,166.0,14840:72974,3_virtual,-1,-1
26679,271.0,169.0,99:45476,3_virtual,-1,-1
78421,278.0,175.0,14840:79123,3_virtual,-1,-1
72631,313.0,187.0,14840:49097:45476,3_virtual,-1,-1
33673,277.0,190.0,32:37717,3_virtual,-1,-1
62000,299.0,238.0,101:17079,3_virtual,-1,-1
38879,314.0,190.0,17079:37717:34943,3_virtual,-1,-1
56282,330.0,195.0,88:66331,3_virtual,-1,-1
85178,284.0,198.0,32:20333,3_virtual,-1,-1
64452,269.0,165.0,99:54955,3_virtual,-1,-1
16241,237.0,160.0,32:17869,3_virtual,-1,-1
80619,319.0,184.0,32456:88,3_virtual,-1,-1
76579,222.0,144.0,33:14602,3_virtual,-1,-1
21259,221.0,141.0,33:85722,3_virtual,-1,-1
71998,263.0,164.0,32456:44168,3_virtual,-1,-1
42541,251.0,199.0,85722:84,3_virtual,-1,-1
7517,284.0,178.0,32456:44615,3_virtual,-1,-1
81545,309.0,177.0,88:75047,3_virtual,-1,-1
77905,312.0,184.0,88:85722,3_virtual,-1,-1
85692,247.0,154.0,85722:14602:75047,3_virtual,-1,-1
65642,218.0,134.0,33:75047,3_virtual,-1,-1
6191,199.0,123.0,105:93354,3_virtual,-1,-1
94730,215.0,125.0,93354:91636,3_virtual,-1,-1
41248,260.0,154.0,93354:63422,3_virtual,-1,-1
82382,245.0,142.0,25121:63422,3_virtual,-1,-1
19338,286.0,203.0,39208:32,3_virtual,-1,-1
20988,266.0,168.0,54272:39208,3_virtual,-1,-1
19225,296.0,188.0,39208:70233,3_virtual,-1,-1
41619,264.0,163.0,39208:70233:54272,3_virtual,-1,-1
97617,276.0,179.0,39208:13003,3_virtual,-1,-1
57889,281.0,178.0,39208:87123,3_virtual,-1,-1
23176,286.0,190.0,39208:99,3_virtual,-1,-1
77348,257.0,164.0,54272:39208:99,3_virtual,-1,-1
70342,347.0,217.0,39208:91020,3_virtual,-1,-1
65394,357.0,142.0,39208:92,3_virtual,-1,-1
10573,297.0,178.0,3236:69143,3_virtual,-1,-1
65437,223.0,156.0,32:17086,3_virtual,-1,-1
20949,247.0,160.0,5:17086,3_virtual,-1,-1
41532,222.0,132.0,17086:63927,3_virtual,-1,-1
17856,243.0,138.0,120:17086,3_virtual,-1,-1
41776,350.0,178.0,29992:92951,3_virtual,-1,-1
6900,327.0,227.0,29992:4313,3_virtual,-1,-1
50219,343.0,214.0,88:29992,3_virtual,-1,-1
32827,237.0,148.0,60297:79123,3_virtual,-1,-1
55226,253.0,144.0,120:74348,3_virtual,-1,-1
78494,266.0,154.0,48812:22,3_virtual,-1,-1
62714,354.0,134.0,48812:92,3_virtual,-1,-1
62273,363.0,210.0,48812:13,3_virtual,-1,-1
73032,369.0,174.0,1652:58086,3_virtual,-1,-1
13776,368.0,137.0,39236:92,3_virtual,-1,-1
40629,332.0,236.0,49:39236,3_virtual,-1,-1
75532,300.0,186.0,2344:39006,3_virtual,-1,-1
71344,271.0,179.0,51531:69143,3_virtual,-1,-1
10965,272.0,195.0,34992:71721,3_virtual,-1,-1
25313,257.0,166.0,34992:99,3_virtual,-1,-1
10924,283.0,174.0,33193:98932,3_virtual,-1,-1
86554,295.0,177.0,14840:33193:45686,3_virtual,-1,-1
92125,274.0,168.0,14840:98932,3_virtual,-1,-1
13313,266.0,165.0,98932:45686,3_virtual,-1,-1
16508,287.0,231.0,4275:101,3_virtual,-1,-1
82847,278.0,189.0,32:4275,3_virtual,-1,-1
90024,295.0,212.0,4275:82676,3_virtual,-1,-1
73958,276.0,164.0,120:10402,3_virtual,-1,-1
20592,239.0,141.0,10402:22,3_virtual,-1,-1
93910,325.0,196.0,88:10402,3_virtual,-1,-1
64144,246.0,159.0,78185:99,3_virtual,-1,-1
48841,229.0,147.0,99:34167,3_virtual,-1,-1
4064,298.0,174.0,88:34167,3_virtual,-1,-1
98032,236.0,148.0,78185:34167,3_virtual,-1,-1
30575,314.0,186.0,88:78185,3_virtual,-1,-1
74608,352.0,202.0,28385:48962,3_virtual,-1,-1
19399,340.0,170.0,23064:45161,3_virtual,-1,-1
87396,344.0,209.0,23064:31635,3_virtual,-1,-1
23885,281.0,183.0,23064:99,3_virtual,-1,-1
47297,361.0,212.0,23064:13,3_virtual,-1,-1
60348,352.0,136.0,23064:92,3_virtual,-1,-1
14739,258.0,160.0,29992:22,3_virtual,-1,-1
26673,355.0,216.0,29992:13,3_virtual,-1,-1
6278,346.0,140.0,29992:92,3_virtual,-1,-1
6737,322.0,219.0,29992:82187,3_virtual,-1,-1
46598,234.0,152.0,33:10402,3_virtual,-1,-1
87703,327.0,121.0,10402:92,3_virtual,-1,-1
95597,336.0,198.0,10402:13,3_virtual,-1,-1
81957,264.0,210.0,10402:84,3_virtual,-1,-1
57836,292.0,221.0,49:10402,3_virtual,-1,-1
47913,300.0,192.0,10402:48812,3_virtual,-1,-1
80751,258.0,153.0,10402:29230,3_virtual,-1,-1
5352,235.0,141.0,54272:84774,3_virtual,-1,-1
8225,255.0,176.0,32:84774,3_virtual,-1,-1
59374,255.0,149.0,2516:84774,3_virtual,-1,-1
48484,269.0,172.0,98297:89363,3_virtual,-1,-1
45338,265.0,173.0,96699:63110,3_virtual,-1,-1
25204,233.0,156.0,32:93687,3_virtual,-1,-1
68780,235.0,143.0,8318:93687,3_virtual,-1,-1
69131,212.0,122.0,28862:22,3_virtual,-1,-1
85847,220.0,131.0,31432:54272,3_virtual,-1,-1
48785,311.0,190.0,79155:5,3_virtual,-1,-1
90469,257.0,175.0,37128:1650,3_virtual,-1,-1
93624,283.0,194.0,42280:99,3_virtual,-1,-1
75724,300.0,152.0,99:37740,3_virtual,-1,-1
4108,345.0,188.0,42280:37740,3_virtual,-1,-1
52678,232.0,131.0,40189:29230,3_virtual,-1,-1
58347,241.0,145.0,49081:8318,3_virtual,-1,-1
67398,227.0,141.0,60297:8318,3_virtual,-1,-1
9982,245.0,135.0,120:60297,3_virtual,-1,-1
7437,236.0,138.0,60297:57354,3_virtual,-1,-1
91570,313.0,210.0,80467:5,3_virtual,-1,-1
35744,360.0,145.0,80467:92,3_virtual,-1,-1
62527,339.0,200.0,95728:88,3_virtual,-1,-1
12883,254.0,146.0,95728:22,3_virtual,-1,-1
31129,255.0,186.0,95138:99,3_virtual,-1,-1
53973,293.0,211.0,30961:82139,3_virtual,-1,-1
36075,294.0,217.0,82139:90575,3_virtual,-1,-1
14867,283.0,179.0,120:90575,3_virtual,-1,-1
21847,263.0,162.0,49081:5,3_virtual,-1,-1
83882,313.0,191.0,23064:29250,3_virtual,-1,-1
3943,315.0,190.0,73376:30620,3_virtual,-1,-1
61265,268.0,168.0,59104:99,3_virtual,-1,-1
2042,266.0,189.0,99:52980,3_virtual,-1,-1
36118,295.0,200.0,59104:52980,3_virtual,-1,-1
93701,232.0,171.0,33:71721,3_virtual,-1,-1
35032,310.0,213.0,52980:94637,3_virtual,-1,-1
5056,339.0,192.0,13:45686,3_virtual,-1,-1
86092,221.0,139.0,33:99223,3_virtual,-1,-1
81693,318.0,187.0,88:41057,3_virtual,-1,-1
4723,241.0,146.0,13568:41057,3_virtual,-1,-1
82590,312.0,182.0,88:99223,3_virtual,-1,-1
23612,232.0,133.0,41057:22,3_virtual,-1,-1
46921,227.0,144.0,41057:33,3_virtual,-1,-1
73576,254.0,158.0,41057:99223,3_virtual,-1,-1
39842,266.0,168.0,39208:54272,3_virtual,-1,-1
12581,263.0,173.0,39208:33,3_virtual,-1,-1
76824,289.0,195.0,32:3236,3_virtual,-1,-1
78407,316.0,197.0,24817:66612,3_virtual,-1,-1
24261,315.0,196.0,24817:36542,3_virtual,-1,-1
30320,296.0,187.0,66612:36542,3_virtual,-1,-1
12742,292.0,183.0,2360:66612,3_virtual,-1,-1
65111,237.0,148.0,13568:95390,3_virtual,-1,-1
24092,195.0,125.0,105:41134,3_virtual,-1,-1
45006,197.0,132.0,105:95390,3_virtual,-1,-1
38586,226.0,140.0,54272:95390,3_virtual,-1,-1
68854,250.0,158.0,91608:41134:95390,3_virtual,-1,-1
3786,312.0,192.0,3236:57108,3_virtual,-1,-1
62173,281.0,199.0,79100:57108,3_virtual,-1,-1
12994,217.0,142.0,33:42740,3_virtual,-1,-1
97014,223.0,131.0,42740:22,3_virtual,-1,-1
95250,256.0,150.0,60297:15637,3_virtual,-1,-1
81383,176.0,109.0,60297:105,3_virtual,-1,-1
48958,192.0,111.0,60297:91636,3_virtual,-1,-1
7099,297.0,223.0,3236:84,3_virtual,-1,-1
7602,267.0,165.0,33:3236,3_virtual,-1,-1
78558,230.0,152.0,80824:32,3_virtual,-1,-1
34736,181.0,108.0,80824:105,3_virtual,-1,-1
93969,226.0,124.0,80824:64291,3_virtual,-1,-1
54390,262.0,164.0,54272:76636,3_virtual,-1,-1
89463,361.0,215.0,76636:13,3_virtual,-1,-1
90903,281.0,186.0,99:76636,3_virtual,-1,-1
9059,281.0,200.0,32:76636,3_virtual,-1,-1
88928,254.0,171.0,32:54272:76636,3_virtual,-1,-1
14460,301.0,182.0,120:76636,3_virtual,-1,-1
86507,233.0,156.0,105:76636,3_virtual,-1,-1
67916,352.0,139.0,76636:92,3_virtual,-1,-1
99628,357.0,203.0,72027:13,3_virtual,-1,-1
95830,313.0,226.0,49:72027,3_virtual,-1,-1
98314,226.0,130.0,85722:22,3_virtual,-1,-1
77394,323.0,186.0,85722:13,3_virtual,-1,-1
61321,243.0,171.0,32:85722,3_virtual,-1,-1
87363,277.0,174.0,72027:99,3_virtual,-1,-1
96961,224.0,135.0,54272:85722,3_virtual,-1,-1
24790,260.0,146.0,72027:22,3_virtual,-1,-1
84462,243.0,157.0,85722:99,3_virtual,-1,-1
29800,348.0,126.0,72027:92,3_virtual,-1,-1
23754,232.0,156.0,85722:96372,3_virtual,-1,-1
67891,216.0,128.0,33:85722:22,3_virtual,-1,-1
80932,282.0,173.0,85722:72027,3_virtual,-1,-1
5625,283.0,181.0,99:48812,3_virtual,-1,-1
79127,328.0,220.0,47028:48812,3_virtual,-1,-1
90603,344.0,208.0,48812:91020,3_virtual,-1,-1
22754,241.0,142.0,10312:49081,3_virtual,-1,-1
90160,225.0,153.0,32:60297,3_virtual,-1,-1
11395,235.0,144.0,60297:96699,3_virtual,-1,-1
66098,249.0,157.0,60297:5,3_virtual,-1,-1
80814,242.0,151.0,60297:43670,3_virtual,-1,-1
40310,247.0,157.0,105:5789,3_virtual,-1,-1
34641,279.0,160.0,5789:22,3_virtual,-1,-1
24728,343.0,220.0,39208:5789,3_virtual,-1,-1
56216,187.0,121.0,105:28847,3_virtual,-1,-1
51935,194.0,123.0,21088:105,3_virtual,-1,-1
98958,323.0,214.0,30620:79694,3_virtual,-1,-1
99197,267.0,165.0,60297:95,3_virtual,-1,-1
24193,336.0,202.0,13:18533,3_virtual,-1,-1
20075,237.0,159.0,39208:105,3_virtual,-1,-1
80343,303.0,205.0,39208:18533,3_virtual,-1,-1
4433,319.0,189.0,88:75892,3_virtual,-1,-1
44583,318.0,188.0,88:74402,3_virtual,-1,-1
81696,276.0,160.0,74402:83375,3_virtual,-1,-1
36096,272.0,171.0,39944:74402:75892,3_virtual,-1,-1
39216,268.0,147.0,28385:22,3_virtual,-1,-1
46442,306.0,187.0,28385:13702,3_virtual,-1,-1
61015,258.0,145.0,33193:22,3_virtual,-1,-1
55367,321.0,189.0,28385:33193,3_virtual,-1,-1
73487,294.0,215.0,49:45686,3_virtual,-1,-1
59541,377.0,138.0,92:58086,3_virtual,-1,-1
13916,228.0,158.0,32:67394,3_virtual,-1,-1
63803,238.0,147.0,99:63927,3_virtual,-1,-1
15375,295.0,190.0,79123:48812,3_virtual,-1,-1
19085,239.0,139.0,31432:2516,3_virtual,-1,-1
3141,281.0,169.0,2516:95,3_virtual,-1,-1
4922,301.0,190.0,79123:3236,3_virtual,-1,-1
28851,273.0,176.0,38337:8172,3_virtual,-1,-1
60438,301.0,185.0,3236:8172,3_virtual,-1,-1
41816,346.0,207.0,41841:26858,3_virtual,-1,-1
76681,282.0,175.0,39297:95,3_virtual,-1,-1
59252,310.0,207.0,82187:5,3_virtual,-1,-1
81730,325.0,211.0,82187:8814,3_virtual,-1,-1
79751,220.0,128.0,80824:67092,3_virtual,-1,-1
34684,220.0,128.0,97000:54272,3_virtual,-1,-1
98510,230.0,139.0,97000:67092,3_virtual,-1,-1
20840,289.0,189.0,3236:51286,3_virtual,-1,-1
94553,292.0,183.0,3236:8318,3_virtual,-1,-1
59724,274.0,179.0,8318:3236:51286,3_virtual,-1,-1
73369,235.0,154.0,105:20333,3_virtual,-1,-1
82483,284.0,156.0,62829:22,3_virtual,-1,-1
58724,248.0,145.0,14802:22,3_virtual,-1,-1
68580,209.0,141.0,105:62282,3_virtual,-1,-1
39297,257.0,172.0,62282:99,3_virtual,-1,-1
54334,192.0,119.0,105:76554,3_virtual,-1,-1
61246,231.0,133.0,76554:79157,3_virtual,-1,-1
87180,240.0,158.0,87392:79123,3_virtual,-1,-1
4428,226.0,143.0,54272:79123:87392,3_virtual,-1,-1
28426,265.0,172.0,99:93326,3_virtual,-1,-1
69942,276.0,176.0,75892:93326,3_virtual,-1,-1
46993,249.0,149.0,120:13397,3_virtual,-1,-1
73835,213.0,132.0,99:1214,3_virtual,-1,-1
29972,204.0,118.0,13568:1214,3_virtual,-1,-1
96927,330.0,203.0,5:58086,3_virtual,-1,-1
51745,318.0,192.0,28385:70885,3_virtual,-1,-1
66607,291.0,183.0,14802:22211:70885,3_virtual,-1,-1
77804,290.0,182.0,99:17079,3_virtual,-1,-1
43270,252.0,123.0,105:91642,3_virtual,-1,-1
65866,235.0,146.0,41018:99,3_virtual,-1,-1
95386,187.0,116.0,105:41018,3_virtual,-1,-1
58009,241.0,151.0,105:17079,3_virtual,-1,-1
22447,370.0,211.0,13:17079,3_virtual,-1,-1
59823,380.0,183.0,91642:13,3_virtual,-1,-1
67524,147.0,97.0,96:41018,3_virtual,-1,-1
88344,300.0,154.0,91642:99,3_virtual,-1,-1
34135,243.0,188.0,41018:84,3_virtual,-1,-1
87002,297.0,223.0,84:17079,3_virtual,-1,-1
61295,337.0,174.0,91642:97604,3_virtual,-1,-1
96662,311.0,194.0,13702:17079,3_virtual,-1,-1
31610,311.0,163.0,41018:91642:17079,3_virtual,-1,-1
43375,337.0,214.0,39208:17079,3_virtual,-1,-1
65107,321.0,189.0,49097:67082,3_virtual,-1,-1
95559,175.0,112.0,105:43415,3_virtual,-1,-1
99507,222.0,135.0,42864:76733,3_virtual,-1,-1
38138,308.0,185.0,88:42740,3_virtual,-1,-1
60685,220.0,136.0,54272:42740,3_virtual,-1,-1
96149,237.0,147.0,54272:10402,3_virtual,-1,-1
44938,247.0,200.0,42740:84,3_virtual,-1,-1
75578,266.0,158.0,42740:83375,3_virtual,-1,-1
89190,260.0,154.0,120:42740,3_virtual,-1,-1
14159,257.0,169.0,10402:42740,3_virtual,-1,-1
88171,257.0,209.0,60396:84,3_virtual,-1,-1
30577,205.0,139.0,105:36727,3_virtual,-1,-1
4475,201.0,137.0,105:60396,3_virtual,-1,-1
71799,256.0,172.0,60396:13461:36727,3_virtual,-1,-1
78147,275.0,196.0,13092:60396,3_virtual,-1,-1
94769,280.0,198.0,13092:36727,3_virtual,-1,-1
92613,265.0,185.0,13092:13461,3_virtual,-1,-1
11505,290.0,183.0,39208:17414,3_virtual,-1,-1
33665,275.0,181.0,39208:87392,3_virtual,-1,-1
17572,361.0,139.0,92:61527,3_virtual,-1,-1
49497,370.0,216.0,13:61527,3_virtual,-1,-1
73297,290.0,187.0,99:61527,3_virtual,-1,-1
77946,273.0,159.0,22:61527,3_virtual,-1,-1
4628,241.0,156.0,105:61527,3_virtual,-1,-1
42474,326.0,164.0,1652:5,3_virtual,-1,-1
78501,242.0,154.0,5:85717,3_virtual,-1,-1
13608,218.0,150.0,32:85717,3_virtual,-1,-1
45394,222.0,131.0,23449:85717,3_virtual,-1,-1
77130,196.0,120.0,33:85717,3_virtual,-1,-1
33299,238.0,131.0,120:30514,3_virtual,-1,-1
14751,260.0,161.0,30514:95,3_virtual,-1,-1
90674,229.0,134.0,30514:57354,3_virtual,-1,-1
49460,221.0,137.0,30514:8318,3_virtual,-1,-1
92706,229.0,155.0,32:79157,3_virtual,-1,-1
64636,232.0,142.0,79157:8318,3_virtual,-1,-1
19005,243.0,165.0,32:89514,3_virtual,-1,-1
13350,350.0,202.0,43280:13,3_virtual,-1,-1
89560,305.0,225.0,43280:49,3_virtual,-1,-1
55040,274.0,167.0,43280:89514,3_virtual,-1,-1
31097,270.0,187.0,43280:32,3_virtual,-1,-1
8917,241.0,142.0,10978:34167,3_virtual,-1,-1
57089,242.0,147.0,63422:34167,3_virtual,-1,-1
57560,263.0,165.0,63110:69143,3_virtual,-1,-1
74221,281.0,187.0,32:24009,3_virtual,-1,-1
9965,259.0,157.0,24009:33,3_virtual,-1,-1
69480,301.0,169.0,120:24009,3_virtual,-1,-1
19256,337.0,200.0,24009:26858,3_virtual,-1,-1
8455,263.0,171.0,8185:54615,3_virtual,-1,-1
3036,218.0,139.0,33:2895,3_virtual,-1,-1
79400,256.0,169.0,72972:54615:2895,3_virtual,-1,-1
60700,258.0,162.0,8185:2895,3_virtual,-1,-1
43623,241.0,153.0,12578:8318,3_virtual,-1,-1
87659,239.0,144.0,88505:12578,3_virtual,-1,-1
9417,242.0,151.0,88505:8318,3_virtual,-1,-1
92855,229.0,135.0,80268:22,3_virtual,-1,-1
46097,314.0,231.0,49:8814,3_virtual,-1,-1
2499,349.0,132.0,92:8814,3_virtual,-1,-1
88032,358.0,208.0,13:8814,3_virtual,-1,-1
70508,278.0,179.0,99:8814,3_virtual,-1,-1
92493,229.0,160.0,32:13003,3_virtual,-1,-1
29087,245.0,157.0,120:32:13003,3_virtual,-1,-1
92537,309.0,177.0,120:3236,3_virtual,-1,-1
54560,269.0,162.0,39208:22,3_virtual,-1,-1
78268,311.0,217.0,4313:84866,3_virtual,-1,-1
50515,314.0,203.0,26858:84866,3_virtual,-1,-1
75392,327.0,204.0,88:84866,3_virtual,-1,-1
7746,321.0,217.0,39208:30497,3_virtual,-1,-1
48155,354.0,214.0,30497:13,3_virtual,-1,-1
91131,347.0,217.0,39208:30497:13,3_virtual,-1,-1
77854,252.0,169.0,30497:33,3_virtual,-1,-1
33719,294.0,181.0,120:30497,3_virtual,-1,-1
62194,257.0,158.0,30497:22,3_virtual,-1,-1
51332,203.0,140.0,94129:105,3_virtual,-1,-1
5621,207.0,143.0,105:54562,3_virtual,-1,-1
63610,276.0,201.0,62282:48455,3_virtual,-1,-1
29393,271.0,196.0,94129:54562:48455,3_virtual,-1,-1
11571,267.0,199.0,18641:48455,3_virtual,-1,-1
7314,199.0,114.0,60297:1214,3_virtual,-1,-1
95097,283.0,168.0,45476:72974,3_virtual,-1,-1
24644,316.0,192.0,45476:39006,3_virtual,-1,-1
13047,298.0,180.0,39006:45476:72974,3_virtual,-1,-1
17257,320.0,188.0,14840:45476:62829,3_virtual,-1,-1
54040,319.0,211.0,9048:82187,3_virtual,-1,-1
92686,314.0,191.0,88:54615,3_virtual,-1,-1
20607,309.0,179.0,88:25263,3_virtual,-1,-1
13063,218.0,136.0,33:25263,3_virtual,-1,-1
62217,225.0,146.0,33:16637,3_virtual,-1,-1
43314,263.0,192.0,71721:16637,3_virtual,-1,-1
54703,255.0,204.0,84:16637,3_virtual,-1,-1
46215,251.0,162.0,25263:16637:54615,3_virtual,-1,-1
39690,233.0,152.0,33:63110,3_virtual,-1,-1
34910,238.0,141.0,63110:22,3_virtual,-1,-1
98239,263.0,210.0,84:63110,3_virtual,-1,-1
78985,238.0,147.0,22:93095,3_virtual,-1,-1
5031,291.0,220.0,49:63110,3_virtual,-1,-1
16460,324.0,195.0,88:63110,3_virtual,-1,-1
74158,258.0,169.0,8318:63110,3_virtual,-1,-1
36355,275.0,164.0,120:63110,3_virtual,-1,-1
24227,272.0,185.0,63110:93095,3_virtual,-1,-1
30660,242.0,162.0,32:39301,3_virtual,-1,-1
90301,194.0,118.0,105:39301,3_virtual,-1,-1
61317,273.0,162.0,79085:69143,3_virtual,-1,-1
51864,339.0,206.0,91020:8814,3_virtual,-1,-1
47136,278.0,173.0,80101:95,3_virtual,-1,-1
62875,263.0,165.0,64018:80101,3_virtual,-1,-1
4976,246.0,152.0,8318:17414,3_virtual,-1,-1
50220,253.0,156.0,96699:17414,3_virtual,-1,-1
22259,243.0,165.0,32:17414,3_virtual,-1,-1
77440,233.0,147.0,96699:17086,3_virtual,-1,-1
95501,226.0,143.0,17086:8318,3_virtual,-1,-1
10382,228.0,136.0,17086:17414,3_virtual,-1,-1
68218,242.0,139.0,80824:89518,3_virtual,-1,-1
40796,274.0,173.0,57354:5,3_virtual,-1,-1
64676,247.0,200.0,84:42740,3_virtual,-1,-1
80779,282.0,183.0,42740:95,3_virtual,-1,-1
17131,261.0,151.0,120:10312,3_virtual,-1,-1
10891,204.0,143.0,59121:105,3_virtual,-1,-1
17830,282.0,208.0,59121:32446,3_virtual,-1,-1
39404,263.0,165.0,57354:29813,3_virtual,-1,-1
86261,247.0,198.0,84:13461,3_virtual,-1,-1
20358,261.0,211.0,84:36727,3_virtual,-1,-1
84701,191.0,126.0,105:13461,3_virtual,-1,-1
29719,223.0,133.0,36869:67492:65149,3_virtual,-1,-1
27961,240.0,155.0,64620:13397,3_virtual,-1,-1
72306,267.0,164.0,80081:64620,3_virtual,-1,-1
88375,254.0,153.0,85793:96699,3_virtual,-1,-1
37657,243.0,138.0,85793:63927,3_virtual,-1,-1
43823,251.0,140.0,120:85503,3_virtual,-1,-1
36119,306.0,192.0,23064:11404,3_virtual,-1,-1
80703,253.0,155.0,63962:99,3_virtual,-1,-1
66757,216.0,155.0,105:13092,3_virtual,-1,-1
33426,203.0,119.0,91636:33222,3_virtual,-1,-1
97115,199.0,119.0,6572:91636,3_virtual,-1,-1
46451,229.0,138.0,6572:33222,3_virtual,-1,-1
78598,210.0,125.0,91636:6572:33222,3_virtual,-1,-1
10449,258.0,161.0,45024:9048,3_virtual,-1,-1
97884,226.0,124.0,45024:29230,3_virtual,-1,-1
70227,247.0,168.0,32:69143,3_virtual,-1,-1
82369,247.0,141.0,49081:69143,3_virtual,-1,-1
69419,315.0,181.0,88:69143,3_virtual,-1,-1
70281,227.0,132.0,54272:69143,3_virtual,-1,-1
50447,254.0,196.0,84:69143,3_virtual,-1,-1
77537,224.0,138.0,33:69143,3_virtual,-1,-1
34854,247.0,154.0,99:69143,3_virtual,-1,-1
97707,274.0,185.0,5:25405,3_virtual,-1,-1
15097,270.0,182.0,5:54615,3_virtual,-1,-1
91564,257.0,174.0,25405:54615,3_virtual,-1,-1
71028,263.0,202.0,88243:84,3_virtual,-1,-1
87902,291.0,212.0,49:88243,3_virtual,-1,-1
64881,248.0,183.0,84:29230,3_virtual,-1,-1
99206,257.0,144.0,88243:29230,3_virtual,-1,-1
79615,256.0,176.0,88243:84:29230,3_virtual,-1,-1
15136,239.0,133.0,88243:22,3_virtual,-1,-1
94319,327.0,113.0,88243:92,3_virtual,-1,-1
82191,290.0,223.0,48812:84,3_virtual,-1,-1
4946,336.0,189.0,88243:13,3_virtual,-1,-1
10463,300.0,184.0,88243:48812,3_virtual,-1,-1
47777,323.0,191.0,88:65811,3_virtual,-1,-1
18562,262.0,206.0,65811:84,3_virtual,-1,-1
44679,206.0,134.0,105:65811,3_virtual,-1,-1
52467,232.0,148.0,33:65811,3_virtual,-1,-1
28779,254.0,164.0,99:65811,3_virtual,-1,-1
87808,216.0,121.0,80824:60297,3_virtual,-1,-1
44817,213.0,146.0,32:1214,3_virtual,-1,-1
59814,204.0,113.0,80824:1214,3_virtual,-1,-1
7953,231.0,130.0,120:93197,3_virtual,-1,-1
21726,207.0,132.0,54112:8318,3_virtual,-1,-1
87446,244.0,162.0,32:85793,3_virtual,-1,-1
74769,230.0,130.0,60297:85793,3_virtual,-1,-1
18575,211.0,135.0,99:93197,3_virtual,-1,-1
50302,200.0,126.0,87392:93197,3_virtual,-1,-1
91224,261.0,171.0,60633:99,3_virtual,-1,-1
41185,268.0,212.0,60633:84,3_virtual,-1,-1
26364,327.0,194.0,79155:8814,3_virtual,-1,-1
20394,180.0,116.0,105:13003,3_virtual,-1,-1
91604,234.0,158.0,105:15859,3_virtual,-1,-1
25549,354.0,141.0,15859:92,3_virtual,-1,-1
91442,266.0,161.0,15859:22,3_virtual,-1,-1
89797,292.0,245.0,15859:101,3_virtual,-1,-1
59170,363.0,218.0,15859:13,3_virtual,-1,-1
96091,283.0,189.0,99:15859,3_virtual,-1,-1
13161,268.0,218.0,58692:84,3_virtual,-1,-1
41497,243.0,146.0,93354:77062,3_virtual,-1,-1
20155,251.0,149.0,23449:93354,3_virtual,-1,-1
77383,271.0,172.0,79123:45686,3_virtual,-1,-1
99724,259.0,163.0,99:45686,3_virtual,-1,-1
61466,253.0,155.0,12504:99,3_virtual,-1,-1
81867,273.0,151.0,12504:120,3_virtual,-1,-1
4529,291.0,166.0,29230:17079,3_virtual,-1,-1
59374,339.0,217.0,81350:17079,3_virtual,-1,-1
22578,273.0,154.0,22:17079,3_virtual,-1,-1
65263,290.0,177.0,29230:81350,3_virtual,-1,-1
71602,307.0,186.0,29230:81350:17079,3_virtual,-1,-1
81529,261.0,188.0,92704:87630,3_virtual,-1,-1
75568,309.0,223.0,51552:17079,3_virtual,-1,-1
31108,261.0,167.0,38585:59287,3_virtual,-1,-1
85471,195.0,120.0,54112:13003,3_virtual,-1,-1
5207,324.0,218.0,23254:59287,3_virtual,-1,-1
67589,339.0,213.0,88:59287,3_virtual,-1,-1
38126,193.0,118.0,33:29914,3_virtual,-1,-1
7614,213.0,126.0,33:64291,3_virtual,-1,-1
76106,215.0,148.0,32:29914,3_virtual,-1,-1
16211,212.0,119.0,29914:64291,3_virtual,-1,-1
92281,219.0,143.0,54272:51286,3_virtual,-1,-1
79937,205.0,131.0,54112:99,3_virtual,-1,-1
85589,297.0,178.0,60804:94637,3_virtual,-1,-1
40821,273.0,150.0,120:60804,3_virtual,-1,-1
77402,290.0,223.0,84:94637,3_virtual,-1,-1
37670,329.0,194.0,29748:85284,3_virtual,-1,-1
46173,280.0,195.0,55914:29748,3_virtual,-1,-1
88728,274.0,178.0,55914:85284,3_virtual,-1,-1
12675,294.0,189.0,55914:85284:29748,3_virtual,-1,-1
90810,235.0,146.0,71785:8318,3_virtual,-1,-1
77055,231.0,131.0,49081:65225,3_virtual,-1,-1
26930,275.0,170.0,71785:95,3_virtual,-1,-1
53293,271.0,167.0,68801:51331:45686,3_virtual,-1,-1
17782,238.0,144.0,21088:23835,3_virtual,-1,-1
14288,227.0,137.0,19131:32732:53533,3_virtual,-1,-1
14505,239.0,142.0,21088:47113:53533,3_virtual,-1,-1
88094,225.0,138.0,21088:19131,3_virtual,-1,-1
53299,243.0,143.0,47113:32732,3_virtual,-1,-1
6780,247.0,148.0,21088:32732,3_virtual,-1,-1
19327,221.0,133.0,47113:19131,3_virtual,-1,-1
61067,229.0,142.0,33:63422,3_virtual,-1,-1
56140,256.0,169.0,10402:99,3_virtual,-1,-1
69008,251.0,158.0,99:63422,3_virtual,-1,-1
81379,269.0,169.0,10402:63422,3_virtual,-1,-1
83836,281.0,163.0,120:66331,3_virtual,-1,-1
64698,352.0,141.0,59202:92,3_virtual,-1,-1
32645,232.0,158.0,105:59202,3_virtual,-1,-1
51024,361.0,217.0,59202:13,3_virtual,-1,-1
24266,281.0,188.0,59202:99,3_virtual,-1,-1
7070,260.0,151.0,120:80326,3_virtual,-1,-1
20609,294.0,174.0,93824:15637,3_virtual,-1,-1
66783,284.0,176.0,93824:13702,3_virtual,-1,-1
98786,265.0,161.0,93824:80326,3_virtual,-1,-1
64288,283.0,159.0,93824:120,3_virtual,-1,-1
28919,200.0,121.0,15280:33,3_virtual,-1,-1
2484,223.0,151.0,15280:32,3_virtual,-1,-1
79613,255.0,152.0,33:55703,3_virtual,-1,-1
64058,263.0,170.0,79123:52189,3_virtual,-1,-1
67346,266.0,172.0,6561:52189,3_virtual,-1,-1
2692,289.0,177.0,79123:55703,3_virtual,-1,-1
94391,231.0,152.0,33:6561,3_virtual,-1,-1
21057,292.0,179.0,6561:55703,3_virtual,-1,-1
92463,290.0,172.0,52189:55703,3_virtual,-1,-1
66666,282.0,180.0,80326:95,3_virtual,-1,-1
52169,361.0,196.0,85284:13,3_virtual,-1,-1
66617,197.0,127.0,105:89293,3_virtual,-1,-1
47918,281.0,209.0,49:89293,3_virtual,-1,-1
58372,265.0,153.0,120:89293,3_virtual,-1,-1
86413,316.0,110.0,92:89293,3_virtual,-1,-1
87224,237.0,143.0,13568:89293,3_virtual,-1,-1
42977,213.0,128.0,91636:89293,3_virtual,-1,-1
8135,289.0,181.0,48812:89293,3_virtual,-1,-1
71703,235.0,146.0,13003:89293,3_virtual,-1,-1
97643,229.0,133.0,85793:43415,3_virtual,-1,-1
26993,328.0,202.0,63596:5,3_virtual,-1,-1
56228,247.0,149.0,85793:8318,3_virtual,-1,-1
29254,268.0,166.0,85793:5,3_virtual,-1,-1
43714,226.0,124.0,22:17414,3_virtual,-1,-1
72608,310.0,174.0,88:3597,3_virtual,-1,-1
94476,335.0,198.0,88:39944,3_virtual,-1,-1
71681,269.0,161.0,39944:3597,3_virtual,-1,-1
30939,337.0,217.0,49:72897,3_virtual,-1,-1
21220,357.0,191.0,72897:26858,3_virtual,-1,-1
7504,276.0,181.0,51593:47646,3_virtual,-1,-1
74834,286.0,205.0,51593:79100,3_virtual,-1,-1
37990,243.0,158.0,51593:33,3_virtual,-1,-1
68321,286.0,170.0,120:51593,3_virtual,-1,-1
3794,216.0,142.0,105:14802,3_virtual,-1,-1
93143,215.0,133.0,93824:105,3_virtual,-1,-1
45722,263.0,163.0,93824:99,3_virtual,-1,-1
47184,320.0,185.0,88:63422,3_virtual,-1,-1
83208,275.0,183.0,51531:63422,3_virtual,-1,-1
86427,291.0,166.0,3236:29230,3_virtual,-1,-1
67733,260.0,148.0,54272:3236:29230,3_virtual,-1,-1
51974,210.0,127.0,33:81487,3_virtual,-1,-1
57221,200.0,115.0,91636:81487,3_virtual,-1,-1
32567,232.0,157.0,32:81487,3_virtual,-1,-1
28466,238.0,142.0,76352:75205,3_virtual,-1,-1
20133,226.0,136.0,76352:20297,3_virtual,-1,-1
59158,215.0,130.0,76352:74867,3_virtual,-1,-1
45275,229.0,136.0,76352:74867:75205,3_virtual,-1,-1
38967,249.0,156.0,48781:43677,3_virtual,-1,-1
5634,240.0,143.0,91636:48781,3_virtual,-1,-1
21933,258.0,158.0,10333:48781,3_virtual,-1,-1
35025,275.0,173.0,48781:8318,3_virtual,-1,-1
72276,238.0,153.0,50024:43677,3_virtual,-1,-1
84266,256.0,144.0,48781:22,3_virtual,-1,-1
29847,264.0,156.0,23064:22,3_virtual,-1,-1
73567,241.0,148.0,91636:48781:8318,3_virtual,-1,-1
9594,230.0,140.0,50024:91636,3_virtual,-1,-1
41155,234.0,138.0,48781:43677:22,3_virtual,-1,-1
56598,273.0,172.0,99:48781,3_virtual,-1,-1
14184,315.0,197.0,23064:48781,3_virtual,-1,-1
75537,296.0,183.0,50024:48781,3_virtual,-1,-1
76300,252.0,160.0,56867:32039,3_virtual,-1,-1
34200,209.0,129.0,105:68855,3_virtual,-1,-1
23968,270.0,165.0,68855:32039,3_virtual,-1,-1
51102,258.0,156.0,56867:68855,3_virtual,-1,-1
94430,258.0,163.0,62643:5,3_virtual,-1,-1
12927,214.0,123.0,54272:62643,3_virtual,-1,-1
60594,185.0,115.0,105:62643,3_virtual,-1,-1
79723,234.0,159.0,32:62643,3_virtual,-1,-1
30827,233.0,157.0,105:58906,3_virtual,-1,-1
19000,283.0,172.0,58906:29230,3_virtual,-1,-1
71317,290.0,244.0,58906:101,3_virtual,-1,-1
87202,361.0,217.0,58906:13,3_virtual,-1,-1
73484,281.0,188.0,58906:99,3_virtual,-1,-1
27364,259.0,171.0,33:58906,3_virtual,-1,-1
91725,358.0,135.0,90040:1652,3_virtual,-1,-1
66215,256.0,149.0,120:69377,3_virtual,-1,-1
77455,240.0,134.0,120:36231,3_virtual,-1,-1
93990,204.0,122.0,40189:1214,3_virtual,-1,-1
45053,233.0,139.0,71120:57354,3_virtual,-1,-1
27006,198.0,118.0,91636:40189,3_virtual,-1,-1
12187,324.0,218.0,47028:8814,3_virtual,-1,-1
78838,288.0,176.0,57108:79085,3_virtual,-1,-1
45973,210.0,133.0,105:45686,3_virtual,-1,-1
93352,285.0,170.0,93824:5230,3_virtual,-1,-1
25434,243.0,163.0,86716:41318,3_virtual,-1,-1
87285,205.0,132.0,105:82955,3_virtual,-1,-1
13381,267.0,178.0,86716:42740,3_virtual,-1,-1
11422,276.0,176.0,70233:86716,3_virtual,-1,-1
75755,269.0,179.0,86716:8318,3_virtual,-1,-1
59692,253.0,163.0,82955:99,3_virtual,-1,-1
47408,281.0,183.0,82955:86716,3_virtual,-1,-1
24655,208.0,132.0,17274:33317,3_virtual,-1,-1
71810,214.0,127.0,74867:33317,3_virtual,-1,-1
66563,208.0,135.0,90504:17274,3_virtual,-1,-1
39003,228.0,143.0,30084:33317:4182,3_virtual,-1,-1
54405,268.0,165.0,120:27045,3_virtual,-1,-1
26773,279.0,172.0,75762:5230,3_virtual,-1,-1
93282,266.0,178.0,75762:27045,3_virtual,-1,-1
99925,281.0,168.0,13568:3236,3_virtual,-1,-1
29334,228.0,144.0,86107:43415,3_virtual,-1,-1
55595,255.0,159.0,105:33234,3_virtual,-1,-1
70683,286.0,162.0,33234:22,3_virtual,-1,-1
40300,233.0,153.0,23064:105,3_virtual,-1,-1
8877,374.0,142.0,33234:92,3_virtual,-1,-1
72827,346.0,215.0,23064:33234,3_virtual,-1,-1
76192,206.0,123.0,44392:33,3_virtual,-1,-1
75084,234.0,152.0,77577:99,3_virtual,-1,-1
8050,234.0,165.0,32:77577,3_virtual,-1,-1
10075,268.0,168.0,69881:99,3_virtual,-1,-1
14918,314.0,181.0,77577:13,3_virtual,-1,-1
39859,267.0,173.0,9048:77577,3_virtual,-1,-1
40585,235.0,144.0,77577:64283,3_virtual,-1,-1
95707,264.0,162.0,77577:69881,3_virtual,-1,-1
38270,243.0,144.0,44097:64291,3_virtual,-1,-1
88059,296.0,188.0,7896:37587,3_virtual,-1,-1
48957,304.0,182.0,70233:26858,3_virtual,-1,-1
96193,219.0,142.0,13003:13397,3_virtual,-1,-1
76056,310.0,178.0,88:82635,3_virtual,-1,-1
3871,277.0,203.0,49:82635,3_virtual,-1,-1
7600,241.0,164.0,32:82635,3_virtual,-1,-1
87177,321.0,180.0,82635:13,3_virtual,-1,-1
18977,324.0,207.0,88:57511,3_virtual,-1,-1
10818,256.0,180.0,99:57511,3_virtual,-1,-1
28448,239.0,153.0,22:57511,3_virtual,-1,-1
73920,263.0,171.0,32395:16637,3_virtual,-1,-1
25724,276.0,164.0,73376:69143,3_virtual,-1,-1
67829,319.0,211.0,95:62327,3_virtual,-1,-1
50760,266.0,154.0,94637:22,3_virtual,-1,-1
8083,325.0,193.0,88:75762,3_virtual,-1,-1
28543,264.0,207.0,75762:84,3_virtual,-1,-1
95981,231.0,144.0,99:85503,3_virtual,-1,-1
71383,275.0,173.0,99:87358,3_virtual,-1,-1
12908,301.0,180.0,22211:67535,3_virtual,-1,-1
37201,330.0,199.0,88:38337,3_virtual,-1,-1
68029,244.0,145.0,38337:22,3_virtual,-1,-1
47991,279.0,183.0,38337:10402,3_virtual,-1,-1
16850,228.0,136.0,23449:66667,3_virtual,-1,-1
70433,256.0,176.0,10402:51286,3_virtual,-1,-1
75315,325.0,211.0,29992:3236,3_virtual,-1,-1
92457,275.0,199.0,49113:8114,3_virtual,-1,-1
86400,266.0,205.0,49:16917,3_virtual,-1,-1
6533,288.0,203.0,1042:52367,3_virtual,-1,-1
84222,217.0,144.0,51593:105,3_virtual,-1,-1
10759,207.0,143.0,105:18533,3_virtual,-1,-1
20851,269.0,214.0,38337:84,3_virtual,-1,-1
71102,341.0,201.0,38337:13,3_virtual,-1,-1
43521,261.0,186.0,32:38337,3_virtual,-1,-1
20580,275.0,187.0,29992:99,3_virtual,-1,-1
9691,282.0,229.0,29992:84,3_virtual,-1,-1
60582,231.0,158.0,99:54269,3_virtual,-1,-1
39069,311.0,187.0,13:54269,3_virtual,-1,-1
12889,353.0,223.0,13:52367,3_virtual,-1,-1
72906,289.0,205.0,63110:52367,3_virtual,-1,-1
18195,276.0,213.0,77272:83526,3_virtual,-1,-1
49725,256.0,187.0,32:18533,3_virtual,-1,-1
4868,275.0,199.0,79100:63110,3_virtual,-1,-1
36675,284.0,188.0,5:13702,3_virtual,-1,-1
82013,293.0,195.0,89365:95,3_virtual,-1,-1
21205,239.0,160.0,5:43677,3_virtual,-1,-1
23207,262.0,171.0,60633:42740,3_virtual,-1,-1
35690,263.0,183.0,99:51531,3_virtual,-1,-1
68107,263.0,196.0,32:51531,3_virtual,-1,-1
86557,291.0,227.0,49:93095,3_virtual,-1,-1
77956,255.0,175.0,99:93095,3_virtual,-1,-1
39354,207.0,144.0,105:93095,3_virtual,-1,-1
88109,263.0,216.0,84:93095,3_virtual,-1,-1
86518,251.0,184.0,79100:16917,3_virtual,-1,-1
58412,225.0,145.0,26648:105,3_virtual,-1,-1
92466,329.0,219.0,27439:52367,3_virtual,-1,-1
17347,349.0,213.0,13:86957,3_virtual,-1,-1
97650,281.0,191.0,86957:43189,3_virtual,-1,-1
54471,190.0,134.0,105:51286,3_virtual,-1,-1
94832,297.0,224.0,38337:49,3_virtual,-1,-1
59246,275.0,201.0,29992:32,3_virtual,-1,-1
16866,226.0,157.0,29992:105,3_virtual,-1,-1
91468,253.0,171.0,89365:8318,3_virtual,-1,-1
56494,273.0,208.0,32:52367,3_virtual,-1,-1
60397,275.0,157.0,3116:85503,3_virtual,-1,-1
10069,341.0,197.0,57108:13,3_virtual,-1,-1
20308,322.0,195.0,91020:57108,3_virtual,-1,-1
76973,244.0,136.0,120:66667,3_virtual,-1,-1
71851,224.0,141.0,66667:99,3_virtual,-1,-1
37990,213.0,137.0,105:57108,3_virtual,-1,-1
29737,253.0,158.0,22:59287,3_virtual,-1,-1
49755,222.0,155.0,105:35603,3_virtual,-1,-1
2788,282.0,187.0,24308:95,3_virtual,-1,-1
66604,335.0,197.0,13:63110,3_virtual,-1,-1
21002,257.0,174.0,99:9175,3_virtual,-1,-1
58258,337.0,203.0,13:9175,3_virtual,-1,-1
78351,287.0,178.0,16917:27439,3_virtual,-1,-1
72712,315.0,192.0,9048:3116,3_virtual,-1,-1
8677,277.0,168.0,35251:3116,3_virtual,-1,-1
3218,265.0,189.0,16917:52367,3_virtual,-1,-1
12042,335.0,220.0,10490:8453,4_virtual,-1,-1
76756,313.0,218.0,13369:49,4_virtual,-1,-1
63561,277.0,166.0,13369:99,4_virtual,-1,-1
11585,326.0,183.0,32140:40575,4_virtual,-1,-1
72576,278.0,168.0,27505:51398:51935,4_virtual,-1,-1
20945,342.0,205.0,48612:13,4_virtual,-1,-1
21424,325.0,204.0,75226:13,4_virtual,-1,-1
95245,280.0,227.0,49:75226,4_virtual,-1,-1
13247,292.0,242.0,60880:49,4_virtual,-1,-1
85098,234.0,173.0,60880:33,4_virtual,-1,-1
94142,222.0,158.0,33:75226,4_virtual,-1,-1
74735,297.0,228.0,49:48612,4_virtual,-1,-1
38333,270.0,203.0,60880:75226:48612,4_virtual,-1,-1
49367,260.0,206.0,14657:71402,4_virtual,-1,-1
59048,299.0,172.0,120:30449,4_virtual,-1,-1
30729,349.0,207.0,4465:48962,4_virtual,-1,-1
8210,285.0,200.0,93217:40323,4_virtual,-1,-1
14444,235.0,162.0,33:32575,4_virtual,-1,-1
34310,253.0,179.0,81693:32575,4_virtual,-1,-1
52842,305.0,202.0,98830:32575,4_virtual,-1,-1
29056,269.0,187.0,93217:32575,4_virtual,-1,-1
25635,266.0,185.0,93217:18363,4_virtual,-1,-1
93713,337.0,207.0,13:32575,4_virtual,-1,-1
85881,350.0,200.0,13:19359,4_virtual,-1,-1
28537,349.0,202.0,26858:87031,4_virtual,-1,-1
90789,354.0,203.0,91020:87031,4_virtual,-1,-1
26238,257.0,211.0,94490:84,4_virtual,-1,-1
61936,319.0,192.0,65152:88,4_virtual,-1,-1
10241,324.0,195.0,88:98912,4_virtual,-1,-1
90587,337.0,206.0,4465:26858,4_virtual,-1,-1
47977,293.0,211.0,49:43676,4_virtual,-1,-1
36339,266.0,154.0,37128:89237,4_virtual,-1,-1
34399,284.0,227.0,39976:49,4_virtual,-1,-1
69992,249.0,211.0,94170:84,4_virtual,-1,-1
87727,292.0,233.0,94080:62070,4_virtual,-1,-1
20634,270.0,196.0,17385:98215,4_virtual,-1,-1
64078,287.0,206.0,8522:93295,4_virtual,-1,-1
77466,274.0,204.0,17385:93295,4_virtual,-1,-1
7763,251.0,187.0,39976:94170,4_virtual,-1,-1
35079,256.0,217.0,39976:84,4_virtual,-1,-1
26132,289.0,181.0,30449:96699,4_virtual,-1,-1
62107,313.0,197.0,30449:44615,4_virtual,-1,-1
15622,263.0,171.0,69143:93095,4_virtual,-1,-1
5154,233.0,158.0,33:93095,4_virtual,-1,-1
90411,249.0,163.0,26288:6294,4_virtual,-1,-1
92025,267.0,185.0,79100:69143,4_virtual,-1,-1
44941,279.0,182.0,5:74414,4_virtual,-1,-1
68566,239.0,151.0,33:66331,4_virtual,-1,-1
13074,292.0,178.0,33193:68801,4_virtual,-1,-1
50795,286.0,209.0,19797:92862,4_virtual,-1,-1
18851,297.0,197.0,36509:92862,4_virtual,-1,-1
31761,282.0,185.0,18641:11716,4_virtual,-1,-1
92736,248.0,170.0,33:79654,4_virtual,-1,-1
9289,287.0,179.0,11716:18292,4_virtual,-1,-1
73053,247.0,172.0,33:66869,4_virtual,-1,-1
19852,291.0,182.0,120:79654,4_virtual,-1,-1
63821,296.0,217.0,88422:66869:79654,4_virtual,-1,-1
82442,313.0,188.0,88:98115,4_virtual,-1,-1
34424,247.0,162.0,98115:8318,4_virtual,-1,-1
44369,245.0,168.0,98115:51286,4_virtual,-1,-1
57446,279.0,181.0,98115:44615,4_virtual,-1,-1
17238,222.0,144.0,33:98115,4_virtual,-1,-1
76333,256.0,209.0,84:20829,4_virtual,-1,-1
9383,269.0,168.0,13533:72974,4_virtual,-1,-1
38325,241.0,162.0,61936:29946,4_virtual,-1,-1
26218,291.0,152.0,21464:99,4_virtual,-1,-1
78859,253.0,152.0,78658:66309,4_virtual,-1,-1
67843,301.0,190.0,1649:66612,4_virtual,-1,-1
83160,292.0,184.0,13508:26622:18412,4_virtual,-1,-1
86577,232.0,173.0,33:54486,4_virtual,-1,-1
35885,206.0,159.0,105:54486,4_virtual,-1,-1
73242,256.0,214.0,3124:31567,4_virtual,-1,-1
22987,334.0,219.0,13:54486,4_virtual,-1,-1
21883,235.0,177.0,33:36991,4_virtual,-1,-1
52054,209.0,163.0,105:36991,4_virtual,-1,-1
91751,337.0,223.0,13:36991,4_virtual,-1,-1
31106,246.0,194.0,57650:54486,4_virtual,-1,-1
91555,274.0,224.0,24324:54486:36991,4_virtual,-1,-1
36727,265.0,221.0,3124:54486,4_virtual,-1,-1
28757,268.0,225.0,3124:36991,4_virtual,-1,-1
61107,268.0,220.0,3124:24324,4_virtual,-1,-1
98941,289.0,225.0,65873:79489,4_virtual,-1,-1
78115,264.0,214.0,24324:31567,4_virtual,-1,-1
53401,293.0,179.0,99:83595,4_virtual,-1,-1
53733,314.0,191.0,83595:13702,4_virtual,-1,-1
78883,322.0,192.0,88:49777,4_virtual,-1,-1
99779,298.0,180.0,15623:4319,4_virtual,-1,-1
73397,333.0,194.0,49777:13,4_virtual,-1,-1
62671,271.0,172.0,15623:39447,4_virtual,-1,-1
11555,231.0,148.0,49777:33,4_virtual,-1,-1
13663,243.0,161.0,99:14413,4_virtual,-1,-1
52171,251.0,172.0,14413:74831,4_virtual,-1,-1
59019,285.0,186.0,14413:95,4_virtual,-1,-1
46187,243.0,168.0,14413:51286,4_virtual,-1,-1
18797,245.0,162.0,14413:8318,4_virtual,-1,-1
57763,232.0,160.0,96372:14413,4_virtual,-1,-1
83834,230.0,155.0,32:70692,4_virtual,-1,-1
59780,277.0,125.0,54272:81957,4_virtual,-1,-1
90872,377.0,176.0,13:81957,4_virtual,-1,-1
25424,355.0,171.0,76480:1652,4_virtual,-1,-1
98631,191.0,121.0,105:48034,4_virtual,-1,-1
27657,299.0,222.0,49:2322,4_virtual,-1,-1
80620,288.0,171.0,72974:72631,4_virtual,-1,-1
77740,288.0,181.0,79123:72631,4_virtual,-1,-1
9151,276.0,172.0,99:72631,4_virtual,-1,-1
97880,276.0,187.0,32:38879,4_virtual,-1,-1
32174,285.0,230.0,101:38879,4_virtual,-1,-1
11724,312.0,226.0,49:38879,4_virtual,-1,-1
25593,282.0,163.0,54272:36623,4_virtual,-1,-1
24879,301.0,199.0,32:36623,4_virtual,-1,-1
67576,250.0,197.0,85692:84,4_virtual,-1,-1
64583,311.0,183.0,88:85692,4_virtual,-1,-1
84501,297.0,173.0,88:65642,4_virtual,-1,-1
17914,232.0,144.0,65642:85692,4_virtual,-1,-1
24050,201.0,125.0,41248:105,4_virtual,-1,-1
45666,217.0,127.0,41248:91636,4_virtual,-1,-1
44843,252.0,148.0,41248:82382,4_virtual,-1,-1
33989,298.0,163.0,32:65394,4_virtual,-1,-1
91314,378.0,179.0,65394:13,4_virtual,-1,-1
30539,278.0,128.0,54272:65394,4_virtual,-1,-1
71422,288.0,139.0,65394:13003,4_virtual,-1,-1
38083,308.0,148.0,70233:65394,4_virtual,-1,-1
54326,272.0,136.0,54272:70233:65394,4_virtual,-1,-1
70202,298.0,150.0,65394:99,4_virtual,-1,-1
67023,293.0,138.0,65394:87123,4_virtual,-1,-1
61637,359.0,177.0,65394:91020,4_virtual,-1,-1
7897,241.0,161.0,32:17856,4_virtual,-1,-1
7858,265.0,165.0,17856:5,4_virtual,-1,-1
87400,240.0,137.0,17856:63927,4_virtual,-1,-1
4018,343.0,225.0,4313:9094,4_virtual,-1,-1
46555,366.0,176.0,9094:92951,4_virtual,-1,-1
12728,261.0,168.0,83460:22,4_virtual,-1,-1
25910,349.0,148.0,83460:92,4_virtual,-1,-1
2422,358.0,224.0,83460:13,4_virtual,-1,-1
94543,315.0,232.0,49:28788,4_virtual,-1,-1
81227,264.0,180.0,25313:10965,4_virtual,-1,-1
98894,236.0,144.0,8566:22,4_virtual,-1,-1
24224,278.0,170.0,13313:86554:92125,4_virtual,-1,-1
30489,237.0,153.0,98032:99,4_virtual,-1,-1
47128,275.0,167.0,98032:30575,4_virtual,-1,-1
41725,276.0,172.0,99:30575,4_virtual,-1,-1
17024,354.0,134.0,45161:60348,4_virtual,-1,-1
81294,358.0,172.0,31635:60348,4_virtual,-1,-1
58026,295.0,147.0,99:60348,4_virtual,-1,-1
94506,356.0,174.0,47297:60348,4_virtual,-1,-1
76837,263.0,161.0,6737:22,4_virtual,-1,-1
74700,360.0,217.0,6737:13,4_virtual,-1,-1
37992,351.0,141.0,6737:92,4_virtual,-1,-1
43324,340.0,127.0,47913:92,4_virtual,-1,-1
25739,226.0,139.0,33:80751,4_virtual,-1,-1
97279,319.0,108.0,92:80751,4_virtual,-1,-1
85534,328.0,184.0,13:80751,4_virtual,-1,-1
59350,349.0,204.0,47913:13,4_virtual,-1,-1
19326,256.0,197.0,84:80751,4_virtual,-1,-1
64066,284.0,207.0,49:80751,4_virtual,-1,-1
89250,231.0,128.0,22:80751,4_virtual,-1,-1
89923,279.0,172.0,47913:80751,4_virtual,-1,-1
34306,227.0,145.0,54272:8225,4_virtual,-1,-1
36652,202.0,123.0,45024:33,4_virtual,-1,-1
95258,253.0,162.0,63422:43566,4_virtual,-1,-1
99594,292.0,173.0,99:4108,4_virtual,-1,-1
15329,277.0,169.0,52678:95,4_virtual,-1,-1
89843,240.0,149.0,7437:8318,4_virtual,-1,-1
4692,257.0,143.0,120:7437,4_virtual,-1,-1
29110,276.0,184.0,91570:99,4_virtual,-1,-1
21367,336.0,177.0,35744:91570,4_virtual,-1,-1
45047,289.0,180.0,23064:69143,4_virtual,-1,-1
58304,296.0,173.0,12883:62527,4_virtual,-1,-1
10503,274.0,181.0,12883:36075,4_virtual,-1,-1
55591,239.0,158.0,32:49081,4_virtual,-1,-1
56150,301.0,214.0,23064:79100,4_virtual,-1,-1
28481,319.0,199.0,23064:3943,4_virtual,-1,-1
16150,267.0,179.0,99:36118,4_virtual,-1,-1
56755,255.0,195.0,15714:79100,4_virtual,-1,-1
68993,304.0,204.0,26858:1650,4_virtual,-1,-1
78346,250.0,162.0,1650:29230,4_virtual,-1,-1
29773,315.0,185.0,73576:88,4_virtual,-1,-1
19383,238.0,144.0,73576:13568,4_virtual,-1,-1
19247,229.0,130.0,73576:22,4_virtual,-1,-1
41950,224.0,141.0,73576:33,4_virtual,-1,-1
6990,272.0,158.0,120:20988,4_virtual,-1,-1
86720,247.0,149.0,76824:22,4_virtual,-1,-1
21846,317.0,197.0,24817:13508,4_virtual,-1,-1
6587,196.0,127.0,105:68854,4_virtual,-1,-1
20515,236.0,144.0,13568:68854,4_virtual,-1,-1
14105,225.0,136.0,54272:68854,4_virtual,-1,-1
28620,220.0,136.0,12994:97014,4_virtual,-1,-1
96195,244.0,147.0,57354:67398,4_virtual,-1,-1
64401,184.0,119.0,105:67398,4_virtual,-1,-1
24855,200.0,120.0,91636:67398,4_virtual,-1,-1
79429,264.0,160.0,15637:67398,4_virtual,-1,-1
73506,344.0,199.0,2322:13,4_virtual,-1,-1
79929,232.0,154.0,32:93969,4_virtual,-1,-1
7817,184.0,110.0,93969:105,4_virtual,-1,-1
86394,271.0,175.0,54390:90903,4_virtual,-1,-1
28208,240.0,156.0,13397:54390,4_virtual,-1,-1
41046,281.0,173.0,14460:54390,4_virtual,-1,-1
94878,260.0,165.0,14460:13397,4_virtual,-1,-1
51407,260.0,165.0,14460:13397:54390,4_virtual,-1,-1
37452,340.0,194.0,80932:13,4_virtual,-1,-1
88430,296.0,217.0,49:80932,4_virtual,-1,-1
80093,260.0,165.0,99:80932,4_virtual,-1,-1
41118,243.0,138.0,80932:22,4_virtual,-1,-1
26464,260.0,179.0,32:80932,4_virtual,-1,-1
13370,249.0,164.0,96372:80932,4_virtual,-1,-1
74523,331.0,118.0,80932:92,4_virtual,-1,-1
14782,241.0,143.0,54272:80932,4_virtual,-1,-1
77701,358.0,172.0,62273:62714,4_virtual,-1,-1
60341,242.0,160.0,32:9982,4_virtual,-1,-1
82057,252.0,151.0,96699:9982,4_virtual,-1,-1
72173,266.0,164.0,5:9982,4_virtual,-1,-1
36382,259.0,157.0,43670:9982,4_virtual,-1,-1
87007,244.0,147.0,8318:9982,4_virtual,-1,-1
85664,242.0,158.0,24728:105,4_virtual,-1,-1
97678,362.0,141.0,24728:92,4_virtual,-1,-1
68119,274.0,161.0,24728:22,4_virtual,-1,-1
58314,314.0,209.0,35603:48812,4_virtual,-1,-1
19251,314.0,196.0,12581:25903,4_virtual,-1,-1
83009,261.0,168.0,11395:5,4_virtual,-1,-1
35396,279.0,176.0,11395:95,4_virtual,-1,-1
80717,239.0,152.0,11395:8318,4_virtual,-1,-1
93530,351.0,210.0,13:80343,4_virtual,-1,-1
25273,342.0,134.0,92:80343,4_virtual,-1,-1
12598,222.0,151.0,105:80343,4_virtual,-1,-1
95012,281.0,164.0,36096:83375,4_virtual,-1,-1
86470,324.0,191.0,36096:88,4_virtual,-1,-1
69942,245.0,138.0,88402:22,4_virtual,-1,-1
73718,263.0,146.0,22:55367,4_virtual,-1,-1
20180,283.0,178.0,88402:13702,4_virtual,-1,-1
4323,303.0,181.0,88402:55367,4_virtual,-1,-1
46833,208.0,134.0,54272:96372,4_virtual,-1,-1
48992,238.0,159.0,98347:99,4_virtual,-1,-1
36902,217.0,133.0,87392:92842,4_virtual,-1,-1
43858,260.0,154.0,3141:19085,4_virtual,-1,-1
10826,306.0,191.0,3786:4922,4_virtual,-1,-1
10077,301.0,187.0,4922:60438,4_virtual,-1,-1
54418,345.0,199.0,31249:28385,4_virtual,-1,-1
71579,290.0,186.0,20840:94553,4_virtual,-1,-1
93563,191.0,119.0,39297:105,4_virtual,-1,-1
70802,309.0,111.0,20075:92,4_virtual,-1,-1
29667,186.0,115.0,105:61246,4_virtual,-1,-1
77089,224.0,142.0,87180:17086,4_virtual,-1,-1
16953,257.0,167.0,99:69942,4_virtual,-1,-1
82073,382.0,176.0,1652:13,4_virtual,-1,-1
89345,250.0,143.0,120:40189,4_virtual,-1,-1
89048,231.0,151.0,5:81383,4_virtual,-1,-1
92180,304.0,187.0,51745:66607,4_virtual,-1,-1
91761,298.0,190.0,14802:70885,4_virtual,-1,-1
88323,275.0,160.0,31610:99,4_virtual,-1,-1
50681,288.0,186.0,99:43375,4_virtual,-1,-1
2318,368.0,215.0,13:43375,4_virtual,-1,-1
63273,239.0,155.0,105:43375,4_virtual,-1,-1
36282,318.0,184.0,88344:43375,4_virtual,-1,-1
11409,355.0,189.0,31610:13,4_virtual,-1,-1
45013,186.0,111.0,96:31610,4_virtual,-1,-1
27939,358.0,198.0,59823:43375,4_virtual,-1,-1
19589,344.0,174.0,90040:43375,4_virtual,-1,-1
45874,282.0,202.0,31610:84,4_virtual,-1,-1
86584,295.0,227.0,84:43375,4_virtual,-1,-1
93692,309.0,198.0,13702:43375,4_virtual,-1,-1
84753,324.0,188.0,31610:43375,4_virtual,-1,-1
34367,349.0,182.0,91642:43375,4_virtual,-1,-1
29376,226.0,130.0,105:31610,4_virtual,-1,-1
55260,227.0,130.0,120:95559,4_virtual,-1,-1
39800,228.0,141.0,54272:14159,4_virtual,-1,-1
12908,274.0,163.0,83375:14159,4_virtual,-1,-1
9305,255.0,205.0,84:14159,4_virtual,-1,-1
44118,268.0,159.0,120:14159,4_virtual,-1,-1
45456,231.0,136.0,22:14159,4_virtual,-1,-1
33936,328.0,192.0,13:14159,4_virtual,-1,-1
68763,316.0,190.0,88:14159,4_virtual,-1,-1
75279,259.0,213.0,84:92613,4_virtual,-1,-1
48641,264.0,218.0,78147:84,4_virtual,-1,-1
68721,211.0,147.0,105:94769,4_virtual,-1,-1
6861,208.0,146.0,105:78147,4_virtual,-1,-1
55875,203.0,141.0,105:92613,4_virtual,-1,-1
17095,273.0,193.0,94769:78147:92613,4_virtual,-1,-1
12830,282.0,176.0,11209:64018,4_virtual,-1,-1
64792,264.0,185.0,11209:71414,4_virtual,-1,-1
89870,274.0,187.0,11209:64018:71414,4_virtual,-1,-1
74938,276.0,185.0,19338:20988,4_virtual,-1,-1
25996,251.0,172.0,87392:19338,4_virtual,-1,-1
3403,311.0,109.0,4628:92,4_virtual,-1,-1
49509,320.0,186.0,4628:13,4_virtual,-1,-1
34363,240.0,157.0,99:4628,4_virtual,-1,-1
97261,223.0,129.0,4628:22,4_virtual,-1,-1
81412,241.0,156.0,77130:5,4_virtual,-1,-1
95247,217.0,152.0,32:77130,4_virtual,-1,-1
27564,221.0,134.0,23449:77130,4_virtual,-1,-1
31444,272.0,172.0,49460:95,4_virtual,-1,-1
57272,241.0,145.0,57354:49460,4_virtual,-1,-1
65505,250.0,143.0,120:49460,4_virtual,-1,-1
99909,290.0,224.0,31097:49,4_virtual,-1,-1
76766,260.0,157.0,55040:23449,4_virtual,-1,-1
44091,310.0,194.0,31097:13350,4_virtual,-1,-1
41172,272.0,177.0,55040:31097,4_virtual,-1,-1
44934,226.0,143.0,33:60700,4_virtual,-1,-1
19965,257.0,165.0,79400:60700,4_virtual,-1,-1
61263,240.0,147.0,9417:87659,4_virtual,-1,-1
86651,342.0,213.0,2552:49113,4_virtual,-1,-1
20659,239.0,151.0,23523:92493,4_virtual,-1,-1
34819,250.0,142.0,49081:57354,4_virtual,-1,-1
57962,232.0,145.0,54272:29813,4_virtual,-1,-1
56755,277.0,182.0,54560:19338,4_virtual,-1,-1
66569,335.0,220.0,75392:4313,4_virtual,-1,-1
7327,338.0,207.0,75392:26858,4_virtual,-1,-1
55550,225.0,141.0,33:62194,4_virtual,-1,-1
31745,268.0,153.0,120:62194,4_virtual,-1,-1
91833,295.0,190.0,39208:62194,4_virtual,-1,-1
72803,328.0,187.0,62194:13,4_virtual,-1,-1
19891,261.0,163.0,62194:20988,4_virtual,-1,-1
50973,248.0,171.0,32:62194,4_virtual,-1,-1
53012,206.0,146.0,29393:105,4_virtual,-1,-1
73657,271.0,192.0,62282:11571,4_virtual,-1,-1
31844,269.0,197.0,29393:11571,4_virtual,-1,-1
94101,279.0,173.0,17257:99,4_virtual,-1,-1
63065,292.0,172.0,17257:72974,4_virtual,-1,-1
78538,316.0,188.0,17257:33193,4_virtual,-1,-1
92266,222.0,143.0,33:46215,4_virtual,-1,-1
43106,252.0,201.0,84:46215,4_virtual,-1,-1
11741,260.0,189.0,71721:46215,4_virtual,-1,-1
28917,313.0,187.0,88:46215,4_virtual,-1,-1
43026,238.0,144.0,24227:22,4_virtual,-1,-1
37171,233.0,155.0,33:24227,4_virtual,-1,-1
16780,263.0,213.0,24227:84,4_virtual,-1,-1
96960,275.0,167.0,120:24227,4_virtual,-1,-1
10647,291.0,223.0,49:24227,4_virtual,-1,-1
49547,324.0,198.0,88:24227,4_virtual,-1,-1
36520,258.0,172.0,24227:8318,4_virtual,-1,-1
6379,277.0,189.0,2505:61317,4_virtual,-1,-1
10696,348.0,207.0,51864:88032,4_virtual,-1,-1
3340,270.0,174.0,47136:79123,4_virtual,-1,-1
83172,243.0,151.0,96699:10382,4_virtual,-1,-1
59891,236.0,148.0,8318:10382,4_virtual,-1,-1
76511,185.0,116.0,105:10382,4_virtual,-1,-1
86740,233.0,160.0,32:10382,4_virtual,-1,-1
15753,225.0,146.0,65437:10382,4_virtual,-1,-1
45092,227.0,139.0,95501:10382,4_virtual,-1,-1
73566,371.0,137.0,47297:92,4_virtual,-1,-1
88086,243.0,175.0,10891:17830,4_virtual,-1,-1
23242,275.0,167.0,63962:85283,4_virtual,-1,-1
51313,199.0,134.0,105:71799,4_virtual,-1,-1
82584,255.0,206.0,84:71799,4_virtual,-1,-1
70739,253.0,159.0,27961:72306,4_virtual,-1,-1
48948,233.0,147.0,96699:43415,4_virtual,-1,-1
55986,191.0,113.0,91636:43415,4_virtual,-1,-1
12738,339.0,183.0,46097:1652,4_virtual,-1,-1
57324,267.0,219.0,94769:84,4_virtual,-1,-1
9264,216.0,128.0,33426:46451,4_virtual,-1,-1
36596,265.0,162.0,9048:97884,4_virtual,-1,-1
43174,247.0,154.0,82369:70227,4_virtual,-1,-1
42561,272.0,183.0,91564:5,4_virtual,-1,-1
89529,316.0,193.0,88:91564,4_virtual,-1,-1
30309,268.0,161.0,120:91564,4_virtual,-1,-1
66364,277.0,212.0,84:10463,4_virtual,-1,-1
69115,340.0,123.0,92:10463,4_virtual,-1,-1
27402,252.0,143.0,22:10463,4_virtual,-1,-1
90446,349.0,200.0,13:10463,4_virtual,-1,-1
62742,283.0,189.0,37240:10463,4_virtual,-1,-1
72204,269.0,171.0,99:10463,4_virtual,-1,-1
94731,221.0,140.0,105:10463,4_virtual,-1,-1
55878,274.0,181.0,54467:10463,4_virtual,-1,-1
89577,289.0,166.0,120:10463,4_virtual,-1,-1
61780,271.0,155.0,29230:10463,4_virtual,-1,-1
58216,265.0,183.0,84:29230:10463,4_virtual,-1,-1
81437,305.0,223.0,49:10463,4_virtual,-1,-1
7103,315.0,188.0,88:28779,4_virtual,-1,-1
80507,254.0,202.0,28779:84,4_virtual,-1,-1
20467,198.0,130.0,105:28779,4_virtual,-1,-1
57385,243.0,156.0,28779:52467,4_virtual,-1,-1
95981,274.0,179.0,32:59814,4_virtual,-1,-1
28658,254.0,143.0,7314:59814,4_virtual,-1,-1
36423,234.0,157.0,32:74769,4_virtual,-1,-1
62230,258.0,161.0,74769:5,4_virtual,-1,-1
87986,255.0,185.0,91224:82886,4_virtual,-1,-1
27528,320.0,212.0,46097:26364,4_virtual,-1,-1
87285,261.0,215.0,91442:101,4_virtual,-1,-1
74952,284.0,212.0,49:99724,4_virtual,-1,-1
43180,261.0,169.0,79123:99724,4_virtual,-1,-1
30779,329.0,189.0,99724:13,4_virtual,-1,-1
48500,273.0,151.0,120:12504,4_virtual,-1,-1
58609,220.0,139.0,33:34854,4_virtual,-1,-1
62482,194.0,125.0,105:34854,4_virtual,-1,-1
5871,273.0,157.0,4529:59374,4_virtual,-1,-1
17819,225.0,152.0,32:16211,4_virtual,-1,-1
99109,203.0,122.0,33:16211,4_virtual,-1,-1
18377,255.0,158.0,90810:26930,4_virtual,-1,-1
69859,235.0,141.0,14505:6780:19327,4_virtual,-1,-1
86753,243.0,144.0,21088:47113,4_virtual,-1,-1
48678,254.0,163.0,99:81379,4_virtual,-1,-1
5504,231.0,147.0,33:81379,4_virtual,-1,-1
50619,322.0,190.0,88:81379,4_virtual,-1,-1
41414,305.0,179.0,56282:83836,4_virtual,-1,-1
33509,356.0,179.0,51024:64698,4_virtual,-1,-1
37373,292.0,169.0,64288:15637,4_virtual,-1,-1
36553,282.0,171.0,64288:13702,4_virtual,-1,-1
37884,261.0,145.0,64288:98786,4_virtual,-1,-1
47155,276.0,173.0,79123:92463,4_virtual,-1,-1
30575,242.0,148.0,33:92463,4_virtual,-1,-1
81129,243.0,152.0,21057:33,4_virtual,-1,-1
22140,216.0,134.0,105:92463,4_virtual,-1,-1
39945,291.0,175.0,21057:92463,4_virtual,-1,-1
28779,355.0,203.0,48785:13,4_virtual,-1,-1
33009,188.0,121.0,105:71703,4_virtual,-1,-1
79273,272.0,204.0,49:71703,4_virtual,-1,-1
73756,308.0,104.0,92:71703,4_virtual,-1,-1
28383,284.0,165.0,120:8135,4_virtual,-1,-1
67920,335.0,122.0,92:8135,4_virtual,-1,-1
17936,257.0,147.0,120:71703,4_virtual,-1,-1
37209,255.0,155.0,13568:8135,4_virtual,-1,-1
67590,231.0,140.0,91636:8135,4_virtual,-1,-1
86406,262.0,163.0,71703:8135,4_virtual,-1,-1
86682,185.0,115.0,105:97643,4_virtual,-1,-1
11723,233.0,146.0,50432:8318,4_virtual,-1,-1
66803,230.0,158.0,32:50432,4_virtual,-1,-1
2832,254.0,162.0,50432:5,4_virtual,-1,-1
52780,273.0,163.0,120:16467,4_virtual,-1,-1
86077,261.0,201.0,71681:84,4_virtual,-1,-1
52223,322.0,186.0,88:71681,4_virtual,-1,-1
75596,347.0,204.0,30939:21220,4_virtual,-1,-1
13200,277.0,165.0,7504:120,4_virtual,-1,-1
44213,235.0,153.0,7504:33,4_virtual,-1,-1
80306,195.0,121.0,105:58724,4_virtual,-1,-1
83208,273.0,161.0,64288:45722,4_virtual,-1,-1
33940,212.0,128.0,64288:105,4_virtual,-1,-1
14659,325.0,197.0,83208:88,4_virtual,-1,-1
24265,257.0,170.0,83208:99,4_virtual,-1,-1
2643,280.0,163.0,86427:98111,4_virtual,-1,-1
62486,253.0,144.0,86427:70717,4_virtual,-1,-1
40490,224.0,132.0,20297:59158,4_virtual,-1,-1
99828,243.0,155.0,75537:43677,4_virtual,-1,-1
62093,247.0,149.0,75537:27778,4_virtual,-1,-1
99811,250.0,143.0,75537:22,4_virtual,-1,-1
25749,267.0,170.0,75537:99,4_virtual,-1,-1
86400,260.0,150.0,14184:22,4_virtual,-1,-1
42628,262.0,163.0,14184:10333,4_virtual,-1,-1
93047,305.0,190.0,14184:75537,4_virtual,-1,-1
83755,252.0,156.0,75537:10333,4_virtual,-1,-1
84518,200.0,126.0,105:51102,4_virtual,-1,-1
24942,252.0,152.0,23449:51102,4_virtual,-1,-1
74436,264.0,160.0,23968:51102,4_virtual,-1,-1
56762,260.0,176.0,79723:5,4_virtual,-1,-1
7570,217.0,136.0,54272:79723,4_virtual,-1,-1
79988,188.0,128.0,105:79723,4_virtual,-1,-1
63271,286.0,208.0,19000:71317,4_virtual,-1,-1
91737,266.0,185.0,71317:29230,4_virtual,-1,-1
68500,258.0,164.0,19000:30827,4_virtual,-1,-1
64630,261.0,157.0,73484:29230,4_virtual,-1,-1
37988,236.0,171.0,32:30827,4_virtual,-1,-1
10375,201.0,120.0,27006:93990,4_virtual,-1,-1
6974,261.0,158.0,64288:99,4_virtual,-1,-1
79854,283.0,165.0,64288:5230,4_virtual,-1,-1
40121,231.0,153.0,75755:41318,4_virtual,-1,-1
36947,264.0,166.0,70233:75755,4_virtual,-1,-1
61790,211.0,140.0,47408:105,4_virtual,-1,-1
94180,255.0,169.0,75755:42740,4_virtual,-1,-1
99496,205.0,138.0,105:75755,4_virtual,-1,-1
14720,267.0,173.0,47408:59692,4_virtual,-1,-1
67660,213.0,137.0,17274:39003,4_virtual,-1,-1
75521,219.0,133.0,74867:39003,4_virtual,-1,-1
78331,218.0,139.0,66563:39003,4_virtual,-1,-1
74810,272.0,163.0,120:93282,4_virtual,-1,-1
18118,321.0,195.0,88:93282,4_virtual,-1,-1
27732,274.0,174.0,93282:5230,4_virtual,-1,-1
11378,244.0,156.0,105:72827,4_virtual,-1,-1
89166,292.0,186.0,99:72827,4_virtual,-1,-1
21052,363.0,139.0,72827:92,4_virtual,-1,-1
17231,275.0,159.0,72827:22,4_virtual,-1,-1
5040,331.0,189.0,95707:13,4_virtual,-1,-1
95809,251.0,173.0,32:95707,4_virtual,-1,-1
15562,284.0,181.0,9048:95707,4_virtual,-1,-1
57709,249.0,153.0,40585:95707,4_virtual,-1,-1
22372,251.0,160.0,99:95707,4_virtual,-1,-1
88651,254.0,142.0,48957:22,4_virtual,-1,-1
41247,313.0,207.0,24512:23254,4_virtual,-1,-1
20284,251.0,160.0,86628:43670,4_virtual,-1,-1
62255,315.0,179.0,76056:87177,4_virtual,-1,-1
54991,242.0,143.0,22:47991,4_virtual,-1,-1
9354,327.0,197.0,88:47991,4_virtual,-1,-1
67788,247.0,167.0,70433:99,4_virtual,-1,-1
65700,283.0,219.0,70433:49,4_virtual,-1,-1
69396,327.0,196.0,70433:13,4_virtual,-1,-1
24879,286.0,218.0,86400:52367,4_virtual,-1,-1
11136,257.0,213.0,43521:84,4_virtual,-1,-1
51886,330.0,201.0,43521:13,4_virtual,-1,-1
95943,285.0,224.0,43521:49,4_virtual,-1,-1
58675,344.0,210.0,72906:13,4_virtual,-1,-1
58545,273.0,196.0,18533:57511,4_virtual,-1,-1
5229,217.0,146.0,105:82013,4_virtual,-1,-1
82111,312.0,193.0,63110:27439,4_virtual,-1,-1
54698,258.0,203.0,49:39354,4_virtual,-1,-1
94895,231.0,159.0,39354:77956,4_virtual,-1,-1
54307,223.0,151.0,39354:99,4_virtual,-1,-1
99377,285.0,176.0,68417:53203,4_virtual,-1,-1
6024,340.0,203.0,97650:13,4_virtual,-1,-1
77177,190.0,130.0,43677:54471,4_virtual,-1,-1
33301,268.0,204.0,94832:32,4_virtual,-1,-1
89026,348.0,220.0,94832:13,4_virtual,-1,-1
78281,272.0,200.0,56494:93095,4_virtual,-1,-1
60179,274.0,195.0,57836:56140,4_virtual,-1,-1
94704,288.0,188.0,54269:5789,4_virtual,-1,-1
19584,291.0,184.0,9048:8677,4_virtual,-1,-1
39023,338.0,192.0,13:8677,4_virtual,-1,-1
