m,trajs
1,"[[788, 3], [788, 3], [787, 2], [788, 3], [748, 3], [747, 3], [746, 2], [706, 3], [705, 2], [665, 3], [664, 2], [624, 3], [623, 3], [622, 2], [582, 3], [581, 2], [541, 0]]"
2,"[[832, 3], [831, 3], [831, 3], [830, 3], [829, 2], [789, 3], [829, 2], [789, 3], [788, 3], [787, 2], [747, 3], [747, 3], [746, 2], [746, 2], [706, 3], [705, 2], [665, 3], [666, 3], [665, 3], [664, 2], [624, 3], [623, 3], [622, 2], [582, 3], [581, 2], [541, 3], [540, 3], [500, 3], [499, 1], [539, 0], [539, 0], [539, 0], [539, 0], [539, 0], [539, 0], [539, 0], [539, 0], [540, 3], [539, 0], [539, 0], [539, 0], [539, 0], [539, 0], [539, 0], [539, 0], [539, 0], [539, 0]]"
3,"[[788, 3], [787, 2], [747, 3], [746, 2], [706, 3], [705, 2], [665, 3], [664, 2], [624, 3], [624, 3], [623, 3], [622, 2], [582, 3], [581, 2], [541, 3], [540, 3], [539, 0], [540, 0]]"
4,"[[1105, 4], [1106, 1], [1146, 4], [1147, 4], [1146, 4], [1147, 4], [1148, 2], [1108, 4], [1109, 4], [1110, 2], [1070, 4], [1070, 4], [1071, 2], [1031, 4], [1032, 2], [992, 4], [1032, 2], [1032, 2], [992, 4], [1032, 2], [1032, 2], [1031, 4], [1071, 2], [1071, 2], [1031, 4], [1032, 2], [992, 4], [993, 2], [953, 4], [954, 2], [954, 2], [914, 2], [874, 0], [874, 0], [874, 0], [874, 0]]"
5,"[[499, 1], [539, 0], [539, 0], [539, 0], [539, 0], [539, 0], [539, 0], [539, 0], [540, 3], [539, 0], [539, 0], [539, 0], [540, 3], [540, 3], [539, 0], [539, 0], [539, 0], [540, 3], [539, 0], [539, 0], [539, 0], [540, 3], [539, 0], [540, 3], [540, 3], [539, 0], [539, 0], [539, 0], [539, 0], [539, 0], [539, 0], [539, 0], [499, 1], [539, 0], [539, 0]]"
6,"[[788, 3], [787, 2], [747, 3], [746, 2], [747, 3], [746, 2], [706, 3], [666, 3], [665, 3], [664, 2], [624, 3], [584, 1], [544, 1], [584, 0]]"
7,"[[832, 3], [831, 3], [830, 3], [829, 2], [789, 3], [788, 3], [787, 2], [747, 3], [787, 2], [747, 3], [747, 3], [746, 2], [746, 2], [706, 3], [705, 2], [665, 3], [664, 2], [664, 2], [624, 0]]"
8,"[[832, 3], [832, 3], [831, 3], [831, 3], [830, 3], [829, 2], [789, 3], [788, 3], [828, 2], [868, 2], [828, 2], [788, 3], [787, 2], [747, 3], [746, 2], [706, 3], [705, 2], [706, 3], [705, 2], [705, 2], [665, 0]]"
9,"[[788, 3], [787, 2], [747, 3], [746, 2], [706, 0]]"
10,"[[499, 1], [500, 3], [499, 1], [539, 0], [539, 0], [539, 0], [539, 0]]"
11,"[[587, 3], [586, 3], [585, 1], [625, 3], [624, 3], [584, 1], [624, 3], [623, 3], [622, 2], [582, 3], [581, 0]]"
12,"[[420, 1], [460, 1], [500, 3], [500, 3], [499, 1], [539, 0], [539, 0], [539, 0], [539, 0], [539, 0], [539, 0], [539, 0], [539, 0], [539, 0], [539, 0], [539, 0], [539, 0], [539, 0], [539, 0], [539, 0], [539, 0]]"
13,"[[788, 3], [787, 2], [747, 3], [746, 2], [706, 3], [705, 2], [665, 3], [665, 3], [666, 3], [666, 3], [665, 3], [664, 2], [624, 3], [584, 1], [624, 3], [623, 3], [622, 2], [582, 3], [542, 3], [541, 3], [542, 3], [541, 3], [540, 0]]"
14,"[[788, 3], [787, 2], [747, 3], [707, 3], [706, 3], [705, 2], [665, 3], [664, 2], [624, 3], [625, 3], [624, 3], [623, 3], [583, 3], [582, 3], [622, 2], [582, 3], [581, 2], [541, 3], [540, 3], [539, 0], [539, 0], [539, 0], [539, 0], [539, 0], [539, 0], [539, 0], [539, 0], [539, 0], [539, 0], [539, 0], [539, 0], [499, 1], [459, 1], [499, 1], [539, 0], [539, 0], [539, 0], [539, 0], [539, 0], [539, 0]]"
15,"[[985, 2], [945, 4], [946, 4], [947, 2], [947, 2], [907, 0]]"
16,"[[832, 3], [831, 3], [832, 3], [831, 3], [830, 3], [829, 2], [828, 2], [829, 2], [789, 3], [789, 3], [788, 3], [787, 2], [747, 3], [746, 2], [706, 3], [705, 2], [665, 3], [664, 2], [663, 2], [703, 2], [703, 0]]"
17,"[[743, 2], [703, 2], [663, 2], [663, 2], [703, 2], [663, 2], [623, 3], [622, 2], [623, 3], [622, 2], [582, 3], [581, 2], [581, 2], [582, 3], [583, 3], [582, 3], [581, 2], [541, 3], [540, 3], [539, 0], [539, 0], [539, 0], [539, 0], [539, 0], [539, 0], [539, 0], [539, 0], [539, 0], [539, 0], [539, 0], [539, 0], [539, 0]]"
18,"[[788, 3], [787, 2], [747, 3], [746, 2], [706, 3], [705, 2], [665, 3], [664, 2], [624, 0]]"
19,"[[41, 4], [42, 1], [82, 4], [83, 1], [123, 0]]"
20,"[[788, 3], [787, 2], [787, 2], [747, 3], [746, 2], [706, 3], [705, 2], [665, 3], [664, 2], [665, 3], [664, 2], [624, 3], [623, 3], [622, 2], [582, 3], [581, 2], [541, 3], [540, 3], [539, 0], [539, 0], [539, 0], [539, 0], [539, 0], [539, 0], [539, 0], [539, 0], [539, 0]]"
21,"[[374, 3], [373, 3], [372, 2], [372, 2], [332, 3], [331, 3], [330, 2], [290, 3], [289, 3], [288, 2], [248, 3], [247, 0], [247, 0], [207, 1], [207, 1], [247, 0], [247, 0], [247, 0], [247, 0], [247, 0], [247, 0], [247, 0], [247, 0], [247, 0], [246, 4], [247, 0], [247, 0], [247, 0], [248, 3], [288, 2], [248, 3], [247, 0], [247, 0], [247, 0], [207, 1], [247, 0], [247, 0]]"
22,"[[877, 3], [877, 3], [876, 3], [875, 3], [874, 0], [914, 2], [874, 0], [874, 0], [874, 0], [874, 0], [874, 0], [874, 0], [874, 0], [874, 0], [874, 0], [874, 0], [874, 0], [874, 0], [874, 0], [834, 1], [874, 0], [874, 0]]"
23,"[[788, 3], [787, 2], [747, 3], [746, 2], [706, 3], [706, 3], [705, 2], [665, 3], [664, 2], [624, 3], [623, 0]]"
24,"[[832, 3], [831, 3], [830, 3], [829, 2], [828, 2], [788, 3], [787, 2], [788, 3], [787, 2], [788, 3], [787, 2], [747, 3], [746, 2], [706, 3], [705, 2], [665, 3], [664, 2], [624, 0]]"
25,"[[623, 3], [622, 2], [582, 3], [622, 2], [582, 3], [581, 2], [581, 2], [541, 3], [540, 3], [539, 0], [539, 0], [539, 0], [539, 0], [539, 0], [539, 0], [539, 0]]"
26,"[[420, 1], [460, 1], [459, 1], [499, 1], [539, 0], [539, 0], [539, 0], [539, 0], [539, 0], [539, 0], [539, 0], [539, 0], [539, 0], [539, 0], [539, 0], [539, 0], [539, 0]]"
27,"[[587, 3], [587, 3], [586, 3], [585, 1], [586, 3], [586, 3], [585, 1], [625, 3], [624, 3], [623, 3], [622, 2], [582, 3], [581, 2], [541, 3], [540, 3], [539, 0], [539, 0], [539, 0], [539, 0], [539, 0], [539, 0], [539, 0]]"
28,"[[743, 2], [703, 2], [663, 2], [623, 3], [622, 2], [582, 3], [581, 2], [541, 3], [540, 0]]"
29,"[[1071, 2], [1031, 4], [1032, 2], [992, 4], [993, 2], [993, 2], [953, 4], [993, 2], [953, 4], [954, 2], [914, 2], [874, 0], [874, 0], [874, 0], [914, 2], [874, 0], [874, 0], [874, 0], [874, 0], [874, 0], [874, 0], [874, 0], [874, 0], [874, 0], [874, 0], [874, 0], [874, 0], [874, 0], [874, 0], [874, 0], [874, 0]]"
30,"[[499, 1], [459, 1], [499, 1], [539, 0], [539, 0], [539, 0], [539, 0], [539, 0], [539, 0], [539, 0], [539, 0], [539, 0], [539, 0], [539, 0], [539, 0], [539, 0], [539, 0], [540, 3], [539, 0], [539, 0], [539, 0], [539, 0], [539, 0], [539, 0], [539, 0], [539, 0], [540, 3], [539, 0], [539, 0], [540, 3], [539, 0], [539, 0], [539, 0], [539, 0], [539, 0], [539, 0], [539, 0], [540, 3], [540, 3], [539, 0], [499, 1], [539, 0]]"
31,"[[170, 3], [169, 3], [168, 3], [167, 1], [207, 1], [247, 0]]"
32,"[[420, 1], [420, 1], [460, 1], [500, 3], [499, 1], [539, 0], [539, 0], [539, 0]]"
33,"[[1071, 2], [1031, 4], [1032, 2], [992, 4], [993, 2], [953, 4], [953, 4], [954, 2], [914, 2], [874, 0], [874, 0], [914, 2], [874, 0], [874, 0], [874, 0], [874, 0]]"
34,"[[832, 3], [831, 3], [830, 3], [831, 3], [830, 0]]"
35,"[[877, 3], [876, 3], [875, 3], [874, 0], [914, 2], [874, 0], [874, 0], [874, 0], [874, 0], [874, 0], [875, 3], [874, 0], [874, 0], [874, 0], [874, 0], [874, 0], [874, 0], [874, 0], [874, 0], [874, 0], [874, 0], [874, 0], [874, 0], [874, 0], [914, 2], [874, 0], [874, 0], [874, 0], [874, 0], [874, 0], [874, 0], [874, 0], [874, 0], [874, 0], [874, 0], [914, 2], [874, 0], [874, 0], [874, 0], [874, 0], [874, 0], [874, 0], [874, 0], [874, 0], [875, 3], [876, 3], [875, 3], [874, 0], [874, 0], [875, 3], [875, 0]]"
36,"[[743, 2], [703, 2], [663, 2], [663, 2], [623, 3], [622, 2], [622, 2], [582, 3], [581, 2], [541, 3], [540, 0]]"
37,"[[788, 3], [787, 2], [747, 3], [746, 2], [706, 3], [746, 2], [706, 3], [705, 2], [665, 3], [625, 3], [665, 3], [664, 2], [624, 3], [623, 3], [622, 2], [582, 3], [581, 2], [541, 3], [542, 3], [541, 3], [581, 2], [541, 3], [540, 3], [539, 0], [539, 0], [539, 0], [539, 0], [539, 0]]"
38,"[[420, 1], [460, 1], [500, 3], [499, 1], [539, 0], [539, 0], [539, 0], [539, 0], [499, 1], [539, 0], [539, 0], [539, 0], [539, 0]]"
39,"[[623, 3], [622, 2], [582, 0]]"
40,"[[623, 3], [663, 2], [623, 3], [622, 2], [582, 3], [581, 2], [581, 2], [581, 2], [541, 3], [540, 3], [539, 0], [539, 0], [539, 0], [539, 0], [539, 0], [539, 0], [539, 0], [539, 0], [539, 0], [539, 0], [540, 3], [539, 0], [539, 0], [539, 0], [539, 0], [539, 0], [539, 0]]"
41,"[[832, 3], [831, 3], [830, 3], [829, 2], [869, 2], [829, 2], [789, 3], [788, 3], [787, 2], [747, 3], [748, 3], [747, 3], [746, 2], [786, 2], [746, 2], [706, 3], [705, 2], [665, 3], [666, 3], [706, 3], [705, 2], [705, 2], [665, 3], [664, 2], [664, 2], [624, 3], [623, 3], [622, 2], [582, 3], [583, 3], [582, 3], [581, 2], [541, 3], [540, 3], [539, 0], [539, 0], [539, 0], [540, 3], [539, 0], [539, 0], [539, 0], [539, 0], [539, 0]]"
42,"[[1071, 2], [1031, 4], [1032, 2], [992, 4], [1032, 2], [992, 4], [1032, 2], [992, 4], [993, 2], [953, 4], [954, 2], [914, 2], [874, 0], [874, 0], [874, 0], [874, 0], [874, 0], [874, 0], [874, 0], [874, 0], [874, 0]]"
43,"[[832, 3], [833, 4], [834, 1], [874, 0], [874, 0], [874, 0], [874, 0], [874, 0], [874, 0], [874, 0]]"
44,"[[420, 1], [420, 1], [460, 1], [460, 1], [500, 3], [499, 1], [539, 0], [539, 0], [539, 0], [539, 0], [540, 3], [539, 0], [539, 0], [539, 0], [539, 0], [539, 0], [539, 0], [539, 0], [539, 0], [539, 0], [539, 0], [540, 3], [539, 0], [539, 0], [539, 0], [539, 0], [539, 0], [539, 0], [539, 0], [539, 0], [499, 1], [499, 1], [539, 0]]"
45,"[[587, 3], [586, 3], [586, 3], [585, 1], [625, 3], [665, 3], [664, 2], [664, 2], [624, 3], [623, 3], [622, 2], [582, 3], [581, 2], [541, 3], [540, 3], [541, 3], [540, 3], [541, 3], [540, 3], [539, 0], [539, 0], [539, 0], [539, 0], [539, 0], [539, 0]]"
46,"[[587, 3], [627, 2], [587, 3], [587, 3], [627, 2], [587, 3], [586, 3], [586, 3], [585, 1], [625, 3], [624, 3], [623, 3], [622, 2], [582, 3], [581, 2], [541, 3], [540, 3], [539, 0], [499, 1], [539, 0], [539, 0], [499, 1], [539, 0], [539, 0], [539, 0], [539, 0], [539, 0], [539, 0], [539, 0], [539, 0], [539, 0], [539, 0], [539, 0], [539, 0]]"
47,"[[788, 3], [787, 2], [747, 3], [746, 2], [706, 3], [706, 3], [705, 2], [665, 3], [664, 2], [624, 0]]"
48,"[[587, 3], [586, 3], [586, 3], [585, 1], [625, 3], [624, 3], [623, 3], [622, 2], [582, 3], [581, 2], [541, 3], [540, 3], [539, 0]]"
49,"[[788, 3], [787, 2], [747, 3], [747, 3], [746, 2], [706, 3], [705, 2], [665, 3], [664, 2], [665, 3], [664, 2], [664, 2], [624, 3], [623, 3], [622, 2], [582, 3], [581, 2], [541, 3], [540, 3], [539, 0], [539, 0], [539, 0], [539, 0], [539, 0], [539, 0], [539, 0], [499, 1], [539, 0], [539, 0], [539, 0], [540, 3], [540, 3], [539, 0], [539, 0], [539, 0], [539, 0], [539, 0], [539, 0], [539, 0], [539, 0], [539, 0], [539, 0], [539, 0], [539, 0], [499, 1], [539, 0], [499, 1], [539, 0], [540, 3], [539, 0], [540, 3], [541, 3], [542, 0]]"
50,"[[743, 2], [703, 2], [663, 2], [623, 3], [622, 2], [623, 3], [622, 2], [582, 3], [581, 2], [541, 3], [540, 3], [539, 0], [539, 0], [539, 0], [539, 0], [499, 1], [539, 0], [539, 0], [539, 0], [539, 0], [539, 0], [539, 0], [539, 0], [499, 1], [539, 0], [539, 0], [539, 0], [539, 0], [499, 1], [539, 0], [539, 0], [539, 0], [539, 0], [539, 0], [539, 0], [539, 0], [539, 0], [539, 0], [539, 0], [539, 0], [539, 0]]"
51,"[[623, 3], [622, 2], [582, 3], [581, 2], [541, 3], [542, 3], [542, 3], [541, 3], [540, 3], [500, 3], [499, 1], [539, 0], [539, 0], [539, 0], [539, 0]]"
52,"[[623, 3], [622, 2], [582, 3], [581, 2], [541, 0]]"
53,"[[420, 1], [460, 1], [500, 3], [499, 1], [539, 0], [539, 0], [499, 1], [539, 0], [539, 0], [539, 0], [539, 0], [539, 0], [539, 0], [539, 0], [539, 0], [539, 0], [539, 0], [539, 0], [539, 0], [539, 0], [539, 0], [539, 0], [539, 0], [539, 0], [499, 1], [539, 0], [539, 0], [539, 0], [539, 0], [539, 0], [539, 0], [539, 0], [539, 0], [539, 0], [539, 0], [539, 0], [539, 0], [539, 0], [539, 0], [539, 0], [539, 0], [539, 0], [539, 0], [539, 0], [539, 0], [499, 1], [539, 0], [539, 0], [539, 0], [539, 0], [539, 0], [539, 0], [539, 0]]"
54,"[[499, 1], [539, 0], [540, 3], [539, 0], [539, 0], [539, 0], [539, 0], [539, 0], [540, 3], [539, 0], [539, 0], [539, 0], [540, 3], [539, 0], [539, 0], [539, 0], [539, 0], [539, 0], [539, 0], [539, 0], [539, 0], [539, 0], [539, 0], [539, 0], [539, 0], [539, 0], [499, 1], [539, 0], [539, 0], [539, 0], [539, 0]]"
55,"[[877, 3], [876, 3], [875, 3], [875, 3], [874, 0], [874, 0], [874, 0], [874, 0], [914, 2], [874, 0], [874, 0], [874, 0], [874, 0], [874, 0], [875, 3], [874, 0], [875, 3], [876, 3], [875, 3], [874, 0], [874, 0], [874, 0], [874, 0], [874, 0], [874, 0], [874, 0], [874, 0], [834, 1], [874, 0], [874, 0], [874, 0], [874, 0], [874, 0], [834, 1], [874, 0], [874, 0], [874, 0], [874, 0], [874, 0], [874, 0], [874, 0], [874, 0], [874, 0]]"
56,"[[420, 1], [460, 1], [500, 3], [540, 3], [539, 0], [539, 0], [539, 0], [539, 0], [539, 0], [539, 0], [539, 0], [539, 0], [539, 0], [539, 0], [539, 0], [539, 0], [540, 0]]"
57,"[[420, 1], [460, 1], [500, 3], [500, 3], [460, 1], [459, 1], [499, 1], [539, 0], [540, 3], [541, 3], [540, 3], [541, 3], [540, 3], [539, 0], [539, 0], [539, 0], [539, 0], [540, 3], [539, 0], [539, 0], [499, 1], [539, 0], [539, 0], [539, 0], [539, 0], [539, 0], [539, 0], [539, 0], [539, 0], [539, 0], [539, 0], [539, 0], [539, 0], [539, 0], [539, 0], [539, 0]]"
58,"[[420, 1], [460, 1], [500, 3], [460, 1], [500, 3], [499, 1], [539, 0], [499, 1], [539, 0], [539, 0], [539, 0], [539, 0], [539, 0], [539, 0], [539, 0], [539, 0]]"
59,"[[1071, 2], [1071, 2], [1031, 4], [1032, 2], [992, 4], [993, 2], [953, 4], [954, 2], [914, 2], [914, 2], [874, 0], [874, 0], [874, 0], [914, 2], [874, 0], [874, 0], [874, 0], [874, 0], [874, 0], [874, 0], [874, 0], [874, 0], [874, 0], [874, 0], [874, 0], [874, 0], [874, 0], [874, 0], [874, 0], [914, 2], [874, 0], [834, 1], [874, 0], [874, 0], [874, 0], [874, 0], [834, 1], [834, 1], [833, 4], [834, 1], [874, 0], [874, 0], [834, 1], [834, 0]]"
60,"[[832, 3], [831, 3], [831, 3], [830, 3], [829, 2], [789, 3], [789, 3], [788, 3], [787, 2], [747, 3], [746, 2], [706, 3], [705, 2], [665, 3], [665, 3], [664, 2], [624, 3], [623, 3], [622, 2], [622, 2], [582, 3], [581, 2], [581, 2], [541, 3], [540, 3], [539, 0], [540, 0]]"
61,"[[499, 1], [539, 0], [539, 0], [539, 0], [539, 0], [539, 0], [539, 0], [539, 0], [539, 0], [539, 0], [539, 0], [539, 0], [539, 0], [539, 0], [540, 0]]"
62,"[[985, 2], [945, 4], [946, 4], [947, 2], [907, 4], [908, 2], [868, 2], [828, 2], [788, 0]]"
63,"[[788, 3], [787, 2], [787, 2], [787, 2], [747, 3], [787, 2], [787, 2], [787, 2], [747, 3], [746, 2], [706, 3], [705, 2], [665, 3], [664, 2], [624, 0]]"
64,"[[374, 3], [373, 3], [372, 2], [372, 2], [372, 2], [332, 3], [331, 3], [330, 2], [330, 2], [290, 3], [289, 3], [288, 2], [248, 3], [247, 0], [247, 0], [247, 0], [247, 0], [247, 0], [247, 0], [247, 0], [207, 0]]"
65,"[[788, 3], [787, 2], [747, 3], [746, 2], [706, 3], [705, 2], [665, 3], [664, 2], [624, 3], [623, 3], [622, 2], [582, 3], [622, 0]]"
66,"[[623, 3], [622, 2], [582, 3], [581, 2], [582, 3], [581, 2], [541, 3], [540, 3], [539, 0], [539, 0], [540, 3], [539, 0], [539, 0], [539, 0], [539, 0], [539, 0], [539, 0]]"
67,"[[832, 3], [831, 3], [832, 3], [831, 3], [830, 3], [829, 2], [789, 3], [749, 3], [748, 3], [749, 3], [709, 1], [749, 3], [748, 3], [747, 3], [748, 3], [747, 0]]"
68,"[[623, 3], [622, 2], [622, 2], [582, 3], [581, 2], [541, 3], [540, 3], [539, 0], [539, 0], [539, 0], [539, 0], [539, 0], [539, 0], [539, 0], [499, 1], [459, 0]]"
69,"[[587, 3], [586, 3], [585, 1], [586, 3], [585, 1], [584, 1], [624, 3], [623, 3], [622, 2], [582, 3], [581, 2], [541, 3], [540, 3], [539, 0], [539, 0], [539, 0], [539, 0], [539, 0], [539, 0], [539, 0], [539, 0], [499, 1], [500, 3], [499, 1], [539, 0], [539, 0], [539, 0], [539, 0]]"
70,"[[623, 3], [622, 2], [582, 3], [581, 2], [541, 3], [540, 3], [539, 0], [539, 0], [539, 0], [539, 0], [540, 3], [539, 0], [539, 0], [539, 0], [539, 0], [539, 0], [539, 0], [539, 0], [540, 3], [539, 0], [539, 0], [539, 0], [539, 0], [539, 0], [540, 3], [539, 0], [540, 3], [539, 0], [539, 0], [539, 0], [539, 0], [539, 0], [539, 0]]"
71,"[[374, 3], [373, 3], [372, 2], [372, 2], [332, 3], [331, 3], [330, 2], [290, 3], [290, 3], [289, 3], [288, 2], [248, 3], [247, 0], [247, 0], [247, 0], [287, 2], [247, 0], [207, 1], [247, 0], [247, 0], [246, 4], [247, 0], [247, 0], [247, 0], [247, 0], [247, 0], [247, 0], [247, 0], [247, 0], [207, 1], [247, 0], [247, 0], [246, 4], [247, 0]]"
72,"[[877, 3], [876, 3], [876, 3], [875, 3], [874, 0], [874, 0], [875, 3], [874, 0], [874, 0], [874, 0], [874, 0], [874, 0], [874, 0], [874, 0], [874, 0], [874, 0], [874, 0], [874, 0], [874, 0], [874, 0]]"
73,"[[877, 3], [876, 3], [875, 3], [874, 0], [874, 0], [914, 2], [874, 0], [874, 0], [914, 2], [914, 2], [874, 0], [874, 0], [874, 0], [874, 0], [874, 0], [874, 0], [874, 0], [874, 0], [874, 0]]"
74,"[[832, 3], [831, 3], [830, 3], [829, 2], [789, 3], [788, 3], [787, 2], [747, 0]]"
75,"[[985, 2], [945, 4], [946, 4], [947, 2], [946, 4], [947, 2], [947, 2], [907, 4], [907, 4], [907, 4], [908, 2], [868, 2], [828, 2], [788, 3], [789, 3], [788, 3], [828, 2], [828, 2], [788, 3], [787, 2], [787, 2], [787, 2], [747, 3], [746, 2], [706, 3], [705, 0]]"
76,"[[420, 1], [420, 1], [420, 1], [380, 1], [380, 1], [420, 1], [460, 1], [500, 3], [500, 3], [499, 1], [539, 0], [539, 0], [539, 0], [539, 0], [539, 0], [539, 0], [539, 0]]"
77,"[[832, 3], [831, 3], [830, 3], [829, 2], [789, 3], [788, 3], [828, 2], [788, 3], [787, 2], [788, 3], [787, 2], [747, 3], [746, 2], [706, 3], [705, 2], [665, 3], [664, 2], [624, 3], [623, 3], [623, 3], [622, 2], [582, 3], [581, 2], [541, 3], [540, 3], [539, 0], [499, 1], [539, 0], [539, 0], [539, 0]]"
78,"[[788, 3], [787, 2], [747, 3], [746, 2], [706, 3], [705, 2], [665, 3], [664, 2], [624, 3], [623, 3], [624, 3], [623, 3], [622, 2], [582, 3], [581, 2], [541, 3], [501, 3], [500, 3], [499, 1], [498, 4], [499, 1], [539, 0], [539, 0]]"
79,"[[499, 1], [539, 0], [539, 0], [539, 0], [539, 0], [539, 0], [539, 0], [539, 0], [539, 0], [539, 0], [539, 0], [539, 0]]"
80,"[[623, 3], [622, 2], [582, 3], [581, 2], [541, 3], [540, 3], [539, 0], [539, 0], [539, 0], [539, 0], [539, 0], [539, 0], [539, 0], [539, 0], [539, 0], [539, 0], [539, 0], [499, 1], [459, 1], [499, 1], [539, 0], [539, 0], [539, 0], [539, 0], [539, 0], [539, 0]]"
81,"[[41, 4], [42, 1], [82, 4], [83, 1], [83, 1], [123, 1], [163, 4], [164, 1], [204, 4], [205, 4], [165, 1], [205, 4], [206, 1], [246, 4], [247, 0], [247, 0], [247, 0], [247, 0], [248, 3], [248, 3], [247, 0], [247, 0], [247, 0], [247, 0], [247, 0], [246, 4], [247, 0], [247, 0], [248, 3], [247, 0], [247, 0], [247, 0], [247, 0], [248, 3], [247, 0], [247, 0], [247, 0], [247, 0], [247, 0], [246, 4], [246, 4], [247, 0], [247, 0], [247, 0], [247, 0]]"
82,"[[788, 3], [789, 3], [788, 3], [788, 3], [787, 2], [787, 2], [747, 3], [787, 2], [747, 3], [746, 2], [786, 2], [746, 2], [706, 3], [705, 2], [705, 2], [665, 3], [664, 2], [624, 3], [623, 3], [622, 2], [582, 3], [581, 2], [581, 2], [541, 3], [540, 3], [539, 0], [540, 3], [539, 0], [539, 0], [539, 0], [539, 0], [539, 0]]"
83,"[[587, 3], [586, 3], [585, 1], [625, 3], [625, 3], [624, 3], [623, 3], [623, 3], [622, 2], [582, 3], [581, 2], [541, 3], [540, 3], [541, 3], [540, 3], [541, 3], [540, 3], [539, 0], [539, 0], [539, 0], [539, 0], [539, 0], [539, 0], [539, 0], [539, 0], [539, 0], [539, 0], [539, 0], [539, 0], [539, 0]]"
84,"[[832, 3], [831, 3], [830, 3], [829, 2], [789, 3], [829, 2], [789, 3], [788, 3], [787, 2], [747, 3], [746, 2], [706, 3], [705, 2], [665, 3], [664, 2], [624, 3], [623, 3], [622, 2], [582, 3], [581, 2], [541, 3], [540, 3], [539, 0], [539, 0], [539, 0], [539, 0], [539, 0], [539, 0], [539, 0]]"
85,"[[788, 3], [787, 2], [747, 0]]"
86,"[[832, 3], [832, 3], [831, 3], [830, 3], [830, 3], [829, 2], [829, 2], [789, 3], [749, 3], [709, 1], [749, 3], [748, 3], [747, 3], [707, 3], [707, 3], [706, 3], [666, 3], [665, 3], [665, 3], [664, 2], [624, 3], [623, 3], [623, 3], [622, 2], [582, 3], [581, 2], [541, 3], [540, 3], [539, 0], [539, 0], [499, 1], [499, 1], [539, 0], [539, 0], [539, 0], [539, 0], [539, 0], [539, 0], [539, 0], [539, 0], [539, 0], [539, 0], [539, 0], [539, 0], [539, 0], [539, 0], [539, 0]]"
87,"[[623, 3], [622, 2], [582, 3], [581, 2], [541, 3], [540, 3], [539, 0], [539, 0], [539, 0], [539, 0], [539, 0], [539, 0], [539, 0], [539, 0], [539, 0], [539, 0], [539, 0], [539, 0], [539, 0], [539, 0], [539, 0], [539, 0], [539, 0], [499, 1], [539, 0], [499, 1], [539, 0], [539, 0]]"
88,"[[623, 3], [663, 2], [623, 3], [622, 2], [582, 3], [582, 3], [581, 2], [541, 3], [540, 3], [539, 0], [539, 0], [539, 0], [539, 0], [539, 0], [539, 0]]"
89,"[[832, 3], [831, 3], [832, 3], [831, 3], [830, 3], [829, 2], [789, 3], [788, 3], [787, 2], [747, 3], [746, 2], [706, 3], [705, 2], [665, 3], [625, 3], [625, 3], [624, 3], [623, 3], [622, 0]]"
90,"[[788, 3], [787, 2], [747, 3], [746, 2], [706, 3], [705, 2], [706, 3], [705, 2], [705, 2], [665, 3], [664, 2], [624, 3], [623, 3], [622, 2], [582, 3], [581, 2], [541, 3], [581, 2], [541, 3], [540, 3], [539, 0], [539, 0], [539, 0], [539, 0], [539, 0], [539, 0], [540, 3], [539, 0], [539, 0], [539, 0], [539, 0], [539, 0], [539, 0], [539, 0], [539, 0]]"
91,"[[499, 1], [539, 0], [539, 0], [539, 0], [539, 0], [539, 0], [539, 0], [499, 1], [539, 0], [539, 0], [539, 0], [540, 3], [539, 0], [499, 1], [459, 1], [499, 0]]"
92,"[[623, 3], [622, 2], [582, 3], [581, 2], [581, 2], [541, 3], [581, 2], [582, 3], [581, 2], [541, 3], [540, 3], [539, 0], [539, 0], [539, 0], [539, 0], [539, 0], [540, 3], [539, 0], [539, 0], [539, 0], [539, 0], [539, 0], [539, 0], [539, 0], [539, 0], [539, 0], [539, 0], [539, 0], [539, 0], [539, 0], [539, 0], [539, 0], [540, 3], [540, 3], [539, 0], [499, 1], [499, 1], [539, 0], [539, 0], [539, 0], [539, 0], [540, 3], [539, 0], [539, 0], [539, 0], [539, 0], [539, 0], [539, 0], [539, 0], [539, 0]]"
93,"[[420, 1], [460, 1], [500, 3], [499, 0]]"
94,"[[832, 3], [832, 3], [831, 3], [830, 3], [829, 2], [789, 3], [749, 3], [789, 3], [788, 3], [787, 2], [747, 3], [746, 2], [747, 3], [746, 2], [746, 2], [706, 3], [705, 2], [665, 3], [664, 2], [624, 3], [623, 3], [622, 2], [582, 3], [582, 3], [581, 2], [541, 3], [540, 3], [539, 0], [539, 0], [539, 0], [539, 0], [539, 0], [539, 0], [539, 0], [539, 0], [539, 0]]"
95,"[[985, 2], [945, 4], [946, 0]]"
96,"[[832, 3], [831, 3], [830, 3], [790, 3], [789, 3], [788, 3], [787, 2], [788, 3], [787, 2], [747, 3], [746, 0]]"
97,"[[832, 3], [831, 3], [831, 3], [830, 3], [829, 2], [789, 3], [788, 3], [789, 3], [788, 0]]"
98,"[[420, 1], [460, 1], [461, 1], [501, 3], [461, 1], [460, 1], [500, 3], [500, 3], [460, 1], [460, 1], [500, 3], [499, 1], [539, 0], [539, 0], [539, 0], [540, 3], [539, 0], [539, 0], [539, 0], [539, 0], [539, 0], [539, 0], [539, 0], [539, 0], [539, 0], [539, 0], [539, 0], [539, 0], [540, 3], [540, 3], [539, 0], [539, 0], [539, 0], [540, 3], [539, 0], [539, 0], [539, 0], [540, 3], [541, 3], [540, 3], [539, 0], [539, 0], [499, 1], [539, 0]]"
99,"[[1071, 2], [1031, 4], [1032, 2], [992, 4], [993, 2], [953, 4], [954, 0]]"
100,"[[788, 3], [788, 3], [787, 2], [747, 3], [746, 2], [706, 0]]"
101,"[[743, 2], [703, 2], [743, 2], [703, 2], [663, 2], [663, 2], [623, 3], [663, 2], [623, 3], [622, 2], [582, 0]]"
102,"[[623, 3], [622, 2], [622, 2], [582, 3], [581, 2], [541, 3], [540, 3], [539, 0], [540, 3], [539, 0], [499, 1], [539, 0], [539, 0], [539, 0], [539, 0], [539, 0], [539, 0], [539, 0], [539, 0]]"
103,"[[1071, 2], [1031, 4], [1071, 2], [1031, 4], [1031, 4], [1032, 2], [1032, 2], [992, 4], [993, 2], [953, 4], [954, 2], [914, 0]]"
104,"[[420, 1], [420, 1], [420, 1], [420, 1], [460, 1], [500, 3], [499, 1], [539, 0], [539, 0], [539, 0], [539, 0], [539, 0], [539, 0], [539, 0], [539, 0], [539, 0], [539, 0], [539, 0], [539, 0]]"
105,"[[788, 3], [787, 2], [747, 3], [746, 2], [706, 3], [705, 2], [665, 3], [664, 2], [663, 2], [623, 3], [622, 2], [623, 3], [622, 2], [582, 3], [583, 3], [582, 3], [581, 2], [541, 3], [542, 3], [541, 3], [540, 3], [539, 0], [539, 0], [539, 0], [539, 0], [539, 0], [539, 0], [539, 0], [539, 0], [539, 0], [539, 0], [539, 0], [539, 0], [539, 0], [539, 0], [539, 0]]"
106,"[[623, 3], [622, 2], [582, 3], [581, 2], [541, 0]]"
107,"[[788, 3], [748, 3], [747, 3], [746, 2], [706, 3], [705, 2], [705, 2], [665, 3], [664, 2], [663, 2], [663, 2], [623, 3], [622, 2], [582, 3], [581, 2], [541, 3], [581, 2], [541, 3], [542, 3], [541, 3], [540, 3], [539, 0], [539, 0], [539, 0], [539, 0], [539, 0], [539, 0], [539, 0], [539, 0], [539, 0], [539, 0], [539, 0], [539, 0], [539, 0], [539, 0], [539, 0], [540, 3], [539, 0], [539, 0], [539, 0], [539, 0], [539, 0], [539, 0], [539, 0], [539, 0], [539, 0], [539, 0], [539, 0], [539, 0], [539, 0], [539, 0], [539, 0], [539, 0], [539, 0], [539, 0], [499, 1], [459, 1], [499, 1], [539, 0], [539, 0], [539, 0], [539, 0], [539, 0], [539, 0], [539, 0], [539, 0], [539, 0]]"
108,"[[832, 3], [831, 3], [830, 3], [790, 3], [789, 3], [790, 3], [790, 3], [789, 3], [788, 3], [787, 2], [747, 3], [746, 2], [706, 3], [705, 2], [665, 3], [666, 3], [665, 3], [664, 2], [624, 3], [623, 3], [622, 2], [582, 3], [581, 2], [541, 3], [540, 0]]"
109,"[[788, 3], [787, 2], [787, 2], [747, 3], [787, 2], [747, 3], [746, 2], [706, 3], [705, 2], [665, 3], [664, 2], [624, 3], [623, 3], [622, 2], [582, 3], [581, 2], [541, 3], [540, 3], [539, 0], [539, 0], [539, 0], [539, 0], [539, 0], [539, 0], [539, 0], [539, 0], [539, 0], [539, 0], [539, 0], [539, 0]]"
110,"[[788, 3], [787, 2], [747, 3], [746, 2], [747, 3], [746, 2], [706, 0]]"
111,"[[832, 3], [831, 3], [830, 3], [830, 3], [829, 2], [789, 3], [788, 3], [787, 2], [747, 3], [746, 2], [747, 3], [747, 3], [746, 2], [706, 3], [707, 3], [706, 3], [746, 2], [706, 3], [746, 2], [706, 3], [746, 2], [706, 3], [705, 2], [665, 3], [664, 2], [624, 3], [625, 3], [624, 3], [623, 3], [622, 2], [582, 3], [581, 2], [541, 3], [581, 2], [541, 3], [540, 3], [539, 0], [539, 0], [539, 0], [539, 0], [539, 0], [539, 0], [539, 0], [539, 0], [540, 3], [539, 0], [539, 0], [539, 0], [539, 0], [539, 0], [539, 0], [539, 0], [539, 0]]"
112,"[[623, 3], [622, 2], [582, 3], [581, 2], [541, 3], [540, 3], [539, 0], [539, 0], [539, 0], [539, 0]]"
113,"[[788, 3], [787, 2], [747, 3], [746, 2], [706, 3], [705, 2], [705, 2], [665, 3], [664, 2], [624, 3], [623, 3], [622, 2], [622, 2], [582, 3], [581, 2], [541, 3], [540, 3], [539, 0], [539, 0], [540, 3], [539, 0], [539, 0], [539, 0], [499, 1], [539, 0], [539, 0], [539, 0], [539, 0], [539, 0], [499, 1], [499, 1], [539, 0], [539, 0], [539, 0], [539, 0], [540, 3], [539, 0], [539, 0], [539, 0], [539, 0], [539, 0], [539, 0], [539, 0], [539, 0], [539, 0], [539, 0], [539, 0], [539, 0], [539, 0], [539, 0], [539, 0], [539, 0], [539, 0], [539, 0], [499, 1], [539, 0], [539, 0], [539, 0], [499, 1], [539, 0], [539, 0]]"
114,"[[788, 3], [828, 2], [788, 3], [787, 2], [787, 2], [747, 3], [746, 2], [706, 3], [705, 2], [665, 3], [664, 2], [624, 3], [623, 3], [622, 2], [582, 3], [622, 2], [582, 3], [581, 2], [541, 3], [541, 3], [540, 3], [539, 0], [539, 0], [539, 0], [539, 0], [539, 0], [539, 0], [539, 0], [499, 1], [539, 0], [539, 0], [539, 0], [539, 0], [539, 0], [539, 0], [539, 0], [539, 0], [539, 0], [539, 0], [539, 0], [539, 0], [539, 0], [499, 1], [539, 0], [539, 0], [539, 0], [539, 0], [499, 0]]"
115,"[[587, 3], [627, 2], [587, 3], [586, 3], [586, 3], [586, 3], [585, 1], [585, 1], [625, 3], [625, 3], [624, 3], [623, 3], [622, 2], [582, 3], [581, 2], [541, 3], [540, 3], [500, 3], [540, 3], [539, 0], [539, 0], [539, 0], [539, 0], [539, 0], [539, 0], [539, 0], [539, 0], [539, 0], [539, 0], [539, 0], [539, 0], [539, 0], [539, 0], [499, 1], [539, 0], [539, 0], [539, 0], [499, 1], [539, 0], [539, 0], [499, 0]]"
116,"[[832, 3], [832, 3], [831, 3], [831, 3], [830, 3], [829, 2], [789, 3], [788, 3], [789, 3], [789, 3], [788, 3], [787, 2], [787, 0]]"
117,"[[877, 3], [877, 3], [876, 3], [875, 3], [874, 0], [874, 0], [875, 3], [874, 0], [874, 0], [874, 0], [874, 0], [874, 0], [874, 0], [874, 0], [874, 0], [874, 0], [874, 0], [875, 3], [874, 0], [875, 3], [874, 0], [874, 0], [875, 3], [875, 3], [875, 3], [874, 0], [914, 2], [874, 0], [874, 0], [874, 0], [874, 0], [874, 0], [874, 0], [874, 0], [874, 0], [874, 0], [874, 0], [834, 1], [874, 0]]"
118,"[[879, 3], [878, 3], [877, 3], [876, 3], [875, 3], [876, 3], [875, 3], [874, 0], [874, 0], [874, 0], [874, 0], [874, 0], [914, 2], [874, 0], [874, 0], [875, 3], [874, 0], [874, 0], [874, 0], [874, 0], [874, 0], [874, 0], [874, 0], [874, 0], [874, 0], [874, 0], [874, 0], [874, 0], [874, 0], [874, 0], [874, 0], [874, 0], [874, 0], [874, 0], [874, 0], [874, 0], [874, 0], [874, 0], [874, 0], [874, 0], [874, 0], [874, 0], [874, 0], [874, 0], [875, 3], [874, 0], [874, 0], [874, 0], [874, 0], [874, 0], [874, 0], [874, 0], [874, 0], [874, 0], [875, 3], [875, 3], [874, 0], [874, 0], [874, 0], [874, 0], [874, 0], [874, 0], [874, 0], [874, 0], [874, 0], [874, 0], [874, 0], [874, 0], [874, 0], [874, 0]]"
119,"[[788, 3], [787, 2], [747, 3], [746, 2], [706, 3], [746, 2], [706, 3], [705, 2], [665, 3], [664, 2], [624, 3], [623, 3], [622, 2], [582, 3], [581, 2], [581, 2], [541, 3], [540, 3], [539, 0], [539, 0], [539, 0], [539, 0], [539, 0], [539, 0], [539, 0], [539, 0], [539, 0], [539, 0], [539, 0], [539, 0], [539, 0], [539, 0], [539, 0], [539, 0], [539, 0], [539, 0]]"
120,"[[420, 1], [420, 1], [420, 1], [460, 1], [500, 3], [499, 1], [539, 0], [539, 0], [539, 0], [540, 3], [540, 3], [539, 0], [499, 1], [459, 0]]"
121,"[[623, 3], [622, 2], [582, 3], [581, 2], [541, 3], [540, 3], [539, 0], [539, 0], [539, 0], [539, 0], [539, 0], [539, 0], [539, 0], [539, 0], [539, 0], [539, 0], [539, 0]]"
122,"[[832, 3], [831, 3], [830, 3], [829, 2], [789, 3], [788, 3], [748, 3], [747, 3], [746, 2], [706, 3], [705, 2], [705, 2], [665, 3], [664, 2], [624, 0]]"
123,"[[788, 3], [828, 2], [868, 2], [869, 2], [868, 2], [828, 2], [788, 3], [787, 2], [747, 3], [746, 2], [706, 3], [705, 2], [665, 3], [664, 2], [624, 3], [624, 3], [623, 3], [622, 2], [582, 3], [581, 2], [541, 3], [540, 3], [539, 0], [539, 0], [540, 3], [500, 3], [499, 1], [539, 0], [539, 0], [539, 0], [539, 0], [539, 0], [539, 0], [539, 0], [539, 0], [499, 1], [539, 0], [539, 0], [539, 0], [539, 0], [539, 0], [539, 0], [539, 0], [539, 0], [540, 3], [539, 0], [539, 0]]"
124,"[[420, 1], [380, 1], [380, 1], [420, 1], [420, 1], [460, 1], [459, 1], [459, 1], [499, 1], [500, 3], [499, 1], [539, 0], [539, 0], [539, 0], [539, 0], [539, 0], [539, 0], [539, 0], [539, 0], [539, 0], [539, 0], [539, 0], [539, 0], [539, 0], [539, 0], [539, 0], [539, 0], [539, 0], [539, 0], [539, 0], [539, 0], [539, 0], [539, 0], [539, 0], [539, 0], [539, 0]]"
125,"[[788, 3], [788, 3], [787, 2], [747, 3], [748, 3], [748, 3], [788, 3], [787, 2], [747, 3], [787, 2], [747, 3], [746, 2], [706, 3], [705, 2], [665, 3], [664, 2], [624, 3], [623, 3], [622, 2], [582, 3], [583, 3], [582, 3], [583, 3], [582, 3], [581, 2], [541, 3], [581, 2], [541, 3], [540, 3], [539, 0], [499, 1], [539, 0], [539, 0], [539, 0], [539, 0], [539, 0], [539, 0], [539, 0], [539, 0], [539, 0], [539, 0], [539, 0], [539, 0], [539, 0], [539, 0], [539, 0], [539, 0], [539, 0], [539, 0], [539, 0], [499, 1], [539, 0], [539, 0], [539, 0], [539, 0], [539, 0]]"
126,"[[832, 3], [831, 3], [830, 3], [829, 2], [789, 3], [788, 3], [789, 3], [788, 3], [787, 2], [747, 3], [746, 2], [706, 3], [705, 2], [665, 3], [664, 2], [624, 3], [623, 3], [624, 3], [623, 3], [622, 2], [582, 3], [581, 2], [541, 3], [541, 3], [542, 3], [541, 3], [540, 3], [539, 0], [539, 0], [539, 0], [539, 0], [539, 0], [539, 0], [539, 0]]"
127,"[[832, 3], [831, 3], [830, 3], [830, 3], [829, 2], [789, 3], [788, 3], [787, 2], [786, 2], [746, 2], [706, 3], [706, 3], [705, 2], [665, 3], [664, 2], [664, 2], [624, 3], [623, 3], [622, 2], [582, 3], [581, 2], [581, 2], [541, 3], [540, 3], [539, 0], [539, 0], [539, 0], [539, 0], [539, 0], [539, 0], [539, 0], [539, 0], [539, 0], [539, 0], [539, 0], [539, 0], [539, 0], [539, 0], [540, 3], [539, 0], [539, 0], [539, 0], [539, 0], [540, 3], [539, 0], [539, 0], [540, 3], [539, 0]]"
128,"[[788, 3], [787, 2], [747, 3], [746, 2], [706, 3], [705, 2], [705, 2], [665, 3], [664, 2], [665, 3], [664, 2], [624, 3], [664, 2], [624, 3], [624, 3], [623, 3], [622, 2], [582, 3], [581, 2], [541, 3], [501, 3], [541, 3], [540, 3], [539, 0], [539, 0], [539, 0], [539, 0], [539, 0], [539, 0], [539, 0], [539, 0], [539, 0], [539, 0], [499, 1], [539, 0], [539, 0], [539, 0]]"
129,"[[587, 3], [627, 2], [627, 2], [627, 2], [587, 3], [586, 3], [585, 1], [586, 3], [586, 3], [585, 1], [625, 3], [624, 3], [623, 3], [622, 2], [582, 3], [581, 2], [541, 3], [581, 2], [541, 3], [540, 3], [539, 0], [540, 3], [539, 0]]"
130,"[[374, 3], [373, 3], [372, 2], [332, 3], [331, 3], [330, 2], [330, 2], [290, 3], [289, 3], [288, 2], [248, 3], [247, 0], [247, 0], [247, 0], [287, 2], [247, 0], [247, 0]]"
131,"[[985, 2], [945, 4], [985, 2], [1025, 2], [985, 2], [945, 4], [946, 4], [947, 0]]"
132,"[[788, 3], [787, 2], [747, 3], [746, 2], [706, 3], [705, 2], [705, 2], [665, 3], [664, 2], [624, 3], [623, 3], [583, 3], [582, 3], [581, 2], [581, 2], [541, 3], [540, 3], [539, 0], [540, 3], [539, 0], [539, 0], [539, 0], [539, 0], [539, 0], [499, 1], [498, 4], [499, 1], [539, 0], [539, 0], [540, 3], [539, 0], [499, 1], [498, 4], [499, 1], [499, 1], [539, 0]]"
133,"[[832, 3], [831, 3], [830, 3], [829, 2], [789, 3], [788, 3], [787, 2], [747, 3], [746, 2], [706, 3], [705, 2], [665, 3], [665, 0]]"
134,"[[788, 3], [787, 2], [747, 3], [747, 3], [746, 2], [706, 3], [705, 2], [665, 3], [664, 2], [624, 3], [664, 2], [624, 3], [623, 3], [622, 2], [623, 3], [623, 0]]"
135,"[[832, 3], [831, 3], [831, 3], [832, 3], [831, 3], [831, 3], [830, 3], [829, 2], [789, 3], [749, 3], [748, 3], [747, 3], [746, 2], [706, 3], [705, 2], [665, 3], [664, 2], [624, 0]]"
136,"[[623, 3], [622, 2], [582, 3], [581, 2], [581, 2], [541, 3], [540, 3], [539, 0], [539, 0], [539, 0], [539, 0], [539, 0], [539, 0], [539, 0], [539, 0], [539, 0], [539, 0], [539, 0], [539, 0], [539, 0], [539, 0], [539, 0], [539, 0], [539, 0], [539, 0], [539, 0], [539, 0], [499, 0]]"
137,"[[832, 3], [831, 3], [830, 3], [829, 2], [789, 3], [789, 3], [788, 3], [787, 2], [747, 3], [746, 2], [706, 3], [705, 2], [665, 3], [664, 2], [624, 3], [623, 3], [622, 2], [582, 3], [581, 2], [541, 3], [540, 3], [539, 0], [539, 0], [539, 0], [539, 0], [539, 0], [539, 0], [539, 0], [539, 0], [539, 0], [539, 0], [539, 0], [539, 0], [539, 0]]"
138,"[[788, 3], [787, 2], [747, 3], [746, 2], [706, 3], [705, 2], [665, 3], [664, 2], [624, 3], [623, 3], [622, 2], [582, 3], [542, 3], [541, 0]]"
139,"[[374, 3], [373, 3], [372, 2], [332, 0]]"
140,"[[743, 2], [703, 2], [663, 2], [623, 3], [622, 2], [582, 3], [581, 2], [541, 3], [501, 3], [500, 3], [499, 1], [459, 1], [499, 1], [500, 3], [499, 1], [459, 1], [499, 1], [539, 0], [539, 0], [539, 0], [539, 0], [539, 0], [539, 0], [539, 0], [539, 0], [539, 0], [539, 0], [539, 0], [539, 0], [539, 0], [539, 0], [539, 0], [539, 0], [539, 0], [539, 0], [539, 0], [539, 0], [539, 0], [539, 0], [539, 0], [539, 0], [539, 0], [539, 0], [539, 0], [539, 0], [539, 0], [539, 0], [539, 0], [539, 0], [499, 1], [498, 4], [499, 1], [539, 0], [539, 0], [539, 0], [539, 0], [539, 0], [539, 0], [539, 0], [539, 0], [539, 0], [539, 0], [539, 0], [539, 0], [539, 0], [539, 0], [539, 0], [539, 0]]"
141,"[[832, 3], [831, 3], [830, 3], [829, 2], [789, 3], [788, 3], [787, 2], [786, 2], [746, 2], [746, 2], [706, 3], [705, 2], [705, 0]]"
142,"[[788, 3], [787, 2], [786, 2], [746, 2], [706, 3], [705, 2], [705, 2], [705, 2], [665, 3], [664, 2], [624, 3], [584, 0]]"
143,"[[985, 2], [945, 4], [946, 4], [947, 2], [907, 4], [908, 2], [868, 2], [828, 2], [788, 3], [787, 2], [788, 3], [787, 2], [747, 3], [746, 2], [706, 3], [705, 2], [665, 3], [664, 2], [624, 3], [623, 3], [622, 2], [623, 3], [622, 2], [582, 3], [581, 0]]"
144,"[[420, 1], [460, 1], [500, 3], [499, 1], [539, 0], [539, 0], [539, 0], [539, 0], [539, 0], [539, 0], [539, 0], [539, 0], [539, 0], [539, 0], [539, 0], [539, 0], [539, 0], [539, 0], [539, 0], [539, 0], [539, 0], [539, 0], [539, 0], [539, 0], [539, 0], [539, 0], [539, 0], [539, 0], [539, 0], [539, 0]]"
145,"[[1071, 2], [1031, 4], [1032, 2], [992, 4], [993, 2], [953, 4], [954, 2], [914, 2], [914, 2], [874, 0], [874, 0], [874, 0], [874, 0], [874, 0], [874, 0], [874, 0], [874, 0], [874, 0], [874, 0], [874, 0], [874, 0], [834, 1], [874, 0], [874, 0], [874, 0], [874, 0], [874, 0]]"
146,"[[788, 3], [787, 2], [747, 3], [707, 3], [706, 3], [705, 2], [705, 2], [665, 3], [664, 2], [664, 2], [624, 3], [623, 3], [622, 2], [582, 3], [581, 2], [541, 3], [541, 3], [540, 3], [539, 0], [539, 0], [539, 0], [539, 0], [539, 0], [539, 0], [539, 0], [539, 0]]"
147,"[[1071, 2], [1031, 4], [1071, 2], [1031, 4], [1031, 4], [1031, 4], [1032, 2], [992, 4], [992, 4], [993, 2], [953, 4], [954, 2], [914, 2], [874, 0], [874, 0], [874, 0], [874, 0]]"
148,"[[788, 3], [787, 2], [786, 2], [746, 2], [706, 3], [705, 2], [665, 3], [666, 3], [666, 3], [665, 3], [664, 2], [624, 3], [623, 0]]"
149,"[[1071, 2], [1031, 4], [1032, 2], [992, 4], [993, 2], [953, 4], [954, 2], [914, 0]]"
150,"[[278, 1], [278, 1], [318, 3], [317, 1], [317, 1], [357, 1], [397, 1], [357, 1], [356, 1], [357, 1], [397, 1], [437, 1], [437, 1], [477, 1], [477, 1], [478, 1], [518, 1], [558, 1], [598, 0]]"
151,"[[788, 3], [787, 2], [747, 3], [746, 2], [706, 3], [705, 2], [665, 3], [664, 2], [624, 3], [623, 3], [622, 2], [582, 3], [581, 2], [541, 3], [540, 3], [500, 3], [499, 1], [539, 0], [539, 0], [539, 0], [539, 0], [539, 0], [540, 3], [540, 3], [539, 0], [539, 0], [539, 0], [539, 0], [539, 0], [539, 0], [539, 0], [539, 0], [539, 0], [539, 0], [539, 0], [539, 0], [539, 0], [540, 3], [539, 0], [539, 0], [539, 0], [539, 0], [539, 0], [539, 0], [539, 0], [539, 0]]"
152,"[[623, 3], [622, 2], [582, 3], [581, 2], [582, 3], [581, 2], [541, 3], [542, 3], [542, 3], [542, 3], [542, 3], [541, 3], [540, 0]]"
153,"[[499, 1], [539, 0], [539, 0], [539, 0], [499, 1], [539, 0], [539, 0], [539, 0], [539, 0], [539, 0], [539, 0], [539, 0], [539, 0], [540, 3], [540, 3], [541, 3], [540, 3], [539, 0], [539, 0], [539, 0], [539, 0], [539, 0], [539, 0], [539, 0], [539, 0], [539, 0], [539, 0], [539, 0], [539, 0], [539, 0], [539, 0], [539, 0], [539, 0], [539, 0], [539, 0], [539, 0], [539, 0], [539, 0]]"
154,"[[374, 3], [373, 3], [372, 2], [332, 3], [331, 3], [371, 2], [331, 3], [291, 3], [290, 3], [290, 3], [290, 3], [289, 3], [288, 2], [288, 2], [248, 3], [247, 0], [247, 0], [247, 0], [247, 0], [247, 0], [247, 0], [247, 0], [247, 0], [247, 0], [247, 0], [287, 2], [247, 0], [247, 0], [247, 0], [247, 0], [247, 0], [247, 0], [247, 0], [246, 4], [247, 0], [247, 0], [247, 0], [247, 0], [287, 2], [247, 0], [248, 3], [247, 0]]"
155,"[[623, 3], [583, 3], [582, 3], [581, 2], [541, 3], [540, 3], [541, 3], [581, 2], [541, 3], [540, 3], [539, 0], [539, 0], [539, 0], [539, 0], [539, 0], [499, 1], [539, 0], [539, 0], [539, 0], [539, 0], [499, 1], [539, 0]]"
156,"[[587, 3], [587, 3], [587, 3], [627, 2], [587, 3], [586, 3], [585, 1], [625, 3], [624, 3], [623, 3], [622, 2], [582, 3], [581, 2], [541, 3], [501, 3], [500, 3], [540, 3], [539, 0]]"
157,"[[788, 3], [789, 3], [788, 3], [787, 2], [747, 3], [746, 2], [706, 3], [666, 3], [665, 3], [664, 2], [624, 0]]"
158,"[[832, 3], [832, 3], [831, 3], [830, 3], [829, 2], [789, 3], [788, 3], [787, 2], [747, 3], [746, 2], [706, 3], [705, 2], [705, 0]]"
159,"[[832, 3], [833, 4], [834, 1], [874, 0], [874, 0], [874, 0], [874, 0], [875, 3], [875, 3], [874, 0], [874, 0], [874, 0], [874, 0], [875, 3], [874, 0], [874, 0], [874, 0], [874, 0], [874, 0], [874, 0], [874, 0], [874, 0], [874, 0], [874, 0], [914, 2], [874, 0], [874, 0], [874, 0], [874, 0]]"
160,"[[832, 3], [831, 3], [830, 3], [831, 0]]"
161,"[[832, 3], [831, 3], [830, 3], [829, 2], [789, 3], [788, 3], [787, 2], [747, 3], [746, 2], [747, 3], [746, 2], [706, 3], [705, 2], [665, 3], [664, 2], [624, 3], [623, 3], [622, 2], [582, 3], [581, 2], [541, 3], [542, 3], [541, 3], [540, 3], [500, 3], [499, 1], [539, 0], [539, 0], [539, 0], [539, 0], [539, 0], [539, 0], [539, 0]]"
162,"[[587, 3], [586, 3], [586, 3], [585, 1], [625, 3], [624, 3], [623, 3], [622, 2], [582, 3], [581, 0]]"
163,"[[420, 1], [380, 1], [380, 1], [420, 1], [460, 1], [420, 1], [460, 1], [500, 3], [499, 1], [500, 3], [499, 1], [539, 0], [539, 0], [539, 0], [539, 0]]"
164,"[[623, 3], [622, 2], [582, 3], [581, 2], [541, 3], [542, 3], [541, 3], [501, 3], [500, 3], [499, 1], [539, 0], [539, 0], [539, 0], [539, 0], [539, 0], [539, 0], [539, 0], [539, 0], [539, 0], [539, 0], [539, 0], [539, 0], [539, 0], [539, 0], [539, 0], [539, 0], [539, 0], [539, 0], [539, 0], [539, 0], [540, 3], [539, 0], [539, 0], [539, 0], [539, 0], [539, 0], [539, 0], [539, 0], [539, 0]]"
165,"[[743, 2], [703, 2], [663, 2], [623, 3], [622, 2], [582, 3], [581, 2], [541, 3], [540, 3], [500, 3], [499, 1], [539, 0], [539, 0], [539, 0], [539, 0], [539, 0], [539, 0], [539, 0], [539, 0], [539, 0], [539, 0], [499, 1], [500, 3], [499, 1], [539, 0], [539, 0], [539, 0], [539, 0], [539, 0], [539, 0], [539, 0], [539, 0], [539, 0], [539, 0], [539, 0], [539, 0], [539, 0], [540, 3], [539, 0], [539, 0], [539, 0], [539, 0], [539, 0], [539, 0], [539, 0], [539, 0]]"
166,"[[985, 2], [945, 4], [946, 4], [947, 2], [907, 4], [908, 2], [868, 2], [868, 2], [828, 2], [788, 3], [789, 3], [788, 3], [828, 0]]"
167,"[[206, 1], [246, 4], [247, 0], [246, 4], [247, 0], [247, 0], [247, 0], [247, 0], [247, 0], [247, 0], [247, 0], [287, 2], [247, 0], [247, 0], [247, 0], [247, 0], [247, 0], [247, 0], [247, 0], [247, 0], [247, 0], [247, 0]]"
168,"[[623, 3], [622, 2], [582, 3], [581, 2], [581, 2], [541, 3], [540, 3], [539, 0], [539, 0], [539, 0], [539, 0], [540, 3], [540, 3], [539, 0], [539, 0], [539, 0], [539, 0], [539, 0], [539, 0], [539, 0], [539, 0], [499, 1], [539, 0]]"
169,"[[743, 2], [703, 2], [663, 2], [623, 3], [663, 2], [663, 2], [623, 3], [624, 3], [623, 0]]"
170,"[[832, 3], [832, 3], [831, 3], [830, 3], [829, 2], [830, 3], [829, 2], [789, 3], [749, 3], [748, 3], [747, 3], [746, 2], [706, 3], [705, 2], [665, 3], [664, 2], [624, 3], [623, 0]]"
171,"[[985, 2], [945, 4], [946, 4], [947, 2], [907, 4], [908, 2], [868, 2], [868, 2], [828, 2], [788, 3], [787, 2], [747, 3], [746, 2], [746, 2], [706, 3], [705, 2], [665, 3], [664, 2], [624, 3], [584, 1], [624, 3], [664, 2], [664, 2], [664, 2], [624, 3], [623, 3], [622, 2], [582, 3], [583, 3], [582, 3], [581, 2], [581, 2], [541, 3], [581, 2], [541, 3], [540, 3], [539, 0], [539, 0], [539, 0], [539, 0], [539, 0], [539, 0], [539, 0], [539, 0], [539, 0], [539, 0], [539, 0], [539, 0], [540, 3], [539, 0], [539, 0], [539, 0], [540, 3], [539, 0]]"
172,"[[420, 1], [460, 1], [500, 3], [499, 1], [539, 0], [539, 0], [539, 0], [539, 0], [539, 0], [539, 0], [539, 0], [499, 1], [459, 1], [499, 1], [539, 0], [540, 3], [539, 0]]"
173,"[[420, 1], [460, 1], [500, 3], [499, 1], [539, 0], [539, 0], [539, 0], [540, 3], [539, 0], [539, 0], [539, 0], [539, 0], [539, 0], [539, 0], [539, 0], [539, 0], [539, 0], [539, 0], [539, 0], [499, 1], [500, 3], [499, 1], [498, 4], [499, 1], [539, 0], [539, 0], [539, 0], [539, 0], [539, 0], [539, 0], [539, 0], [539, 0]]"
174,"[[278, 1], [318, 3], [317, 1], [357, 1], [397, 1], [357, 1], [397, 1], [397, 1], [437, 0]]"
175,"[[788, 3], [787, 2], [747, 3], [746, 0]]"
176,"[[788, 3], [787, 2], [787, 2], [747, 3], [746, 2], [706, 3], [706, 3], [707, 3], [706, 3], [705, 2], [665, 3], [664, 2], [624, 3], [623, 3], [622, 2], [582, 3], [581, 2], [541, 3], [540, 3], [539, 0], [539, 0], [539, 0], [539, 0], [539, 0], [539, 0], [539, 0], [539, 0], [539, 0], [539, 0], [540, 3], [539, 0], [539, 0], [499, 1], [539, 0], [539, 0], [539, 0], [540, 0]]"
177,"[[587, 3], [587, 3], [586, 3], [585, 1], [625, 3], [665, 3], [665, 3], [664, 2], [624, 3], [623, 3], [583, 3], [582, 3], [581, 2], [581, 2], [582, 3], [581, 2], [541, 3], [540, 3], [539, 0], [539, 0], [539, 0], [539, 0], [499, 1], [539, 0], [539, 0], [539, 0], [539, 0], [539, 0], [539, 0], [539, 0], [539, 0], [539, 0], [539, 0], [539, 0], [539, 0], [539, 0], [539, 0], [539, 0], [539, 0], [539, 0], [540, 3], [541, 3], [541, 3], [540, 3], [539, 0], [539, 0], [539, 0], [539, 0], [539, 0]]"
178,"[[587, 3], [586, 3], [585, 1], [625, 3], [624, 3], [623, 3], [622, 2], [582, 3], [581, 2], [541, 3], [540, 3], [540, 3], [539, 0], [539, 0], [539, 0], [539, 0], [539, 0], [539, 0], [539, 0], [539, 0], [539, 0], [539, 0], [539, 0]]"
179,"[[879, 3], [878, 3], [877, 3], [877, 3], [876, 3], [875, 3], [874, 0], [874, 0], [874, 0], [875, 3], [874, 0]]"
180,"[[1071, 2], [1070, 4], [1071, 2], [1031, 4], [1032, 2], [992, 4], [993, 0]]"
181,"[[907, 4], [908, 2], [868, 2], [828, 2], [788, 3], [787, 2], [747, 3], [746, 2], [706, 3], [705, 2], [665, 3], [664, 2], [624, 3], [623, 3], [622, 0]]"
182,"[[1071, 2], [1031, 4], [1032, 2], [992, 4], [993, 2], [953, 4], [993, 2], [953, 4], [954, 2], [914, 2], [874, 0], [834, 1], [833, 4], [834, 1], [874, 0], [875, 3], [874, 0], [874, 0], [874, 0], [875, 3], [874, 0], [834, 1], [874, 0], [874, 0], [914, 2], [874, 0], [874, 0], [914, 0]]"
183,"[[879, 3], [879, 3], [878, 3], [879, 3], [878, 3], [877, 3], [876, 3], [875, 3], [874, 0], [874, 0], [874, 0], [914, 2], [874, 0], [834, 1], [874, 0], [874, 0], [874, 0], [874, 0], [874, 0], [874, 0], [874, 0], [874, 0], [874, 0], [874, 0], [874, 0], [874, 0], [874, 0], [874, 0], [874, 0], [834, 1], [874, 0], [874, 0], [874, 0], [874, 0], [874, 0], [874, 0], [874, 0], [874, 0], [874, 0], [874, 0], [874, 0]]"
184,"[[420, 1], [460, 1], [500, 3], [499, 1], [500, 3], [499, 1], [539, 0], [539, 0], [539, 0], [539, 0], [539, 0], [539, 0], [539, 0], [539, 0], [539, 0], [539, 0], [540, 3], [539, 0], [540, 3], [539, 0], [539, 0], [539, 0], [539, 0]]"
185,"[[1071, 2], [1031, 4], [1071, 2], [1031, 4], [1032, 2], [1032, 2], [992, 4], [993, 2], [1033, 0]]"
186,"[[623, 3], [622, 2], [582, 3], [581, 2], [582, 3], [581, 2], [541, 3], [540, 3], [539, 0], [539, 0], [539, 0], [539, 0], [539, 0], [539, 0], [539, 0], [539, 0], [499, 1], [539, 0], [540, 3], [540, 3], [539, 0], [539, 0], [539, 0], [539, 0], [539, 0], [539, 0], [539, 0], [539, 0], [539, 0]]"
187,"[[743, 2], [703, 2], [663, 2], [623, 3], [622, 2], [582, 3], [581, 2], [541, 3], [501, 3], [500, 3], [499, 1], [539, 0], [539, 0], [539, 0], [539, 0], [539, 0], [539, 0], [539, 0], [539, 0], [539, 0], [539, 0], [539, 0], [499, 1], [539, 0], [539, 0], [539, 0], [539, 0], [539, 0], [539, 0], [499, 1], [539, 0], [539, 0], [539, 0], [539, 0], [539, 0], [539, 0], [539, 0], [539, 0], [539, 0], [540, 3], [539, 0], [539, 0], [539, 0], [539, 0], [539, 0], [539, 0], [539, 0], [539, 0], [539, 0], [539, 0], [539, 0], [539, 0], [539, 0], [540, 3], [539, 0], [540, 3], [539, 0], [539, 0], [499, 1], [498, 4], [499, 1], [539, 0], [539, 0], [539, 0], [539, 0], [539, 0], [539, 0], [539, 0], [539, 0], [539, 0], [539, 0], [539, 0], [499, 1], [539, 0], [539, 0], [539, 0], [539, 0], [539, 0], [539, 0], [539, 0], [539, 0], [539, 0], [539, 0], [539, 0], [539, 0], [539, 0], [539, 0]]"
188,"[[420, 1], [460, 1], [500, 3], [499, 1], [539, 0], [539, 0], [539, 0], [539, 0], [539, 0], [539, 0], [539, 0], [539, 0], [539, 0], [539, 0], [539, 0], [539, 0], [539, 0], [539, 0], [539, 0], [539, 0], [539, 0], [539, 0], [540, 3], [541, 3], [542, 3], [542, 3], [541, 3], [541, 3], [540, 3], [500, 3], [499, 1], [539, 0], [499, 1], [539, 0], [539, 0], [499, 1], [539, 0], [539, 0], [539, 0], [539, 0], [539, 0], [540, 3], [540, 3], [539, 0], [539, 0]]"
189,"[[623, 3], [622, 2], [582, 3], [581, 2], [541, 3], [540, 3], [539, 0], [539, 0], [539, 0], [499, 1], [500, 3], [500, 3], [499, 1], [539, 0]]"
190,"[[879, 3], [878, 3], [877, 3], [877, 3], [876, 3], [875, 3], [875, 3], [874, 0], [874, 0], [874, 0], [874, 0], [874, 0], [874, 0], [874, 0], [874, 0], [874, 0], [874, 0], [874, 0], [874, 0], [874, 0], [874, 0], [874, 0], [874, 0], [874, 0], [874, 0], [874, 0], [874, 0]]"
191,"[[832, 3], [831, 3], [831, 3], [830, 3], [829, 2], [789, 3], [788, 3], [748, 3], [748, 3], [747, 3], [746, 2], [706, 3], [705, 2], [665, 3], [664, 2], [624, 3], [623, 3], [622, 2], [622, 2], [582, 3], [581, 2], [541, 3], [540, 0]]"
192,"[[499, 1], [500, 3], [499, 1], [539, 0], [539, 0], [539, 0], [539, 0], [539, 0], [539, 0], [539, 0], [539, 0], [539, 0], [539, 0]]"
193,"[[788, 3], [789, 3], [788, 3], [787, 2], [747, 3], [746, 2], [706, 3], [705, 2], [665, 3], [666, 3], [665, 3], [664, 2], [663, 2], [623, 3], [622, 2], [582, 3], [583, 3], [582, 3], [581, 2], [581, 2], [541, 3], [540, 3], [539, 0], [539, 0], [539, 0], [539, 0], [539, 0], [539, 0], [539, 0], [539, 0], [539, 0], [539, 0], [539, 0], [539, 0], [539, 0], [499, 0]]"
194,"[[420, 1], [460, 1], [500, 3], [499, 1], [539, 0], [539, 0], [540, 3], [539, 0], [539, 0], [539, 0], [540, 3], [539, 0], [539, 0], [539, 0], [539, 0], [539, 0], [539, 0], [539, 0], [539, 0], [539, 0], [539, 0], [539, 0], [539, 0], [539, 0], [539, 0], [539, 0]]"
195,"[[420, 1], [460, 1], [500, 3], [499, 1], [539, 0], [539, 0], [499, 1], [539, 0], [539, 0], [539, 0], [539, 0], [540, 0]]"
196,"[[1105, 4], [1106, 1], [1146, 4], [1147, 4], [1148, 2], [1147, 4], [1148, 2], [1108, 4], [1109, 4], [1110, 2], [1070, 4], [1071, 2], [1071, 2], [1031, 4], [1032, 2], [992, 4], [993, 2], [953, 4], [953, 4], [954, 2], [914, 2], [874, 0], [874, 0], [874, 0]]"
197,"[[420, 1], [460, 1], [500, 3], [500, 3], [499, 1], [539, 0], [539, 0], [539, 0], [499, 1], [539, 0], [499, 1], [539, 0], [539, 0], [539, 0], [539, 0], [539, 0], [539, 0], [499, 1], [539, 0], [539, 0], [539, 0], [539, 0], [539, 0], [539, 0], [539, 0], [539, 0], [539, 0], [539, 0], [539, 0], [539, 0], [539, 0], [539, 0]]"
198,"[[623, 3], [622, 2], [582, 3], [581, 2], [541, 3], [540, 3], [539, 0], [539, 0], [539, 0], [539, 0], [539, 0], [539, 0], [499, 1], [459, 1], [460, 1], [460, 1], [500, 3], [460, 1], [500, 3], [499, 1], [539, 0], [539, 0], [499, 0]]"
199,"[[832, 3], [831, 3], [830, 3], [829, 2], [789, 0]]"
200,"[[420, 1], [460, 1], [500, 3], [499, 1], [539, 0], [539, 0], [539, 0], [539, 0], [539, 0], [539, 0], [539, 0], [539, 0], [539, 0], [499, 1], [539, 0], [539, 0], [539, 0], [539, 0], [539, 0], [539, 0], [539, 0], [539, 0], [539, 0], [539, 0]]"
201,"[[587, 3], [586, 3], [585, 1], [625, 3], [624, 3], [623, 3], [623, 3], [622, 2], [582, 3], [581, 2], [581, 2], [541, 3], [540, 3], [539, 0]]"
202,"[[420, 1], [420, 1], [460, 1], [500, 3], [500, 3], [499, 1], [539, 0]]"
203,"[[877, 3], [877, 3], [876, 3], [875, 3], [874, 0], [875, 3], [875, 3], [874, 0], [874, 0], [875, 0]]"
204,"[[499, 1], [498, 4], [498, 4], [499, 1], [539, 0], [539, 0], [539, 0], [539, 0], [540, 3], [539, 0], [539, 0], [539, 0], [540, 3], [539, 0], [539, 0], [539, 0], [539, 0], [539, 0], [539, 0], [539, 0], [539, 0], [539, 0], [539, 0], [539, 0], [539, 0], [539, 0], [539, 0], [539, 0], [539, 0], [539, 0], [539, 0], [539, 0], [539, 0], [539, 0], [539, 0], [539, 0], [539, 0], [539, 0], [499, 1], [500, 3], [499, 0]]"
205,"[[587, 3], [586, 3], [585, 1], [625, 3], [624, 3], [584, 1], [624, 3], [623, 3], [622, 2], [582, 3], [542, 3], [541, 3], [540, 3], [539, 0], [539, 0], [539, 0], [499, 1], [539, 0], [539, 0], [539, 0], [539, 0], [539, 0], [539, 0], [539, 0], [539, 0], [539, 0], [539, 0], [539, 0], [539, 0], [539, 0], [539, 0], [540, 3], [539, 0], [539, 0], [540, 3], [539, 0], [539, 0], [539, 0], [539, 0], [539, 0], [539, 0], [539, 0], [539, 0], [539, 0], [499, 1], [539, 0], [539, 0], [540, 3], [500, 3], [499, 1], [539, 0], [539, 0], [499, 1], [498, 4], [498, 4], [499, 1], [500, 0]]"
206,"[[623, 3], [623, 3], [622, 2], [582, 3], [581, 2], [541, 3], [540, 3], [539, 0], [499, 1], [539, 0], [539, 0], [499, 1], [539, 0], [539, 0], [539, 0], [539, 0], [539, 0], [539, 0], [499, 1], [498, 4], [498, 4], [499, 1], [539, 0], [539, 0], [539, 0], [539, 0], [539, 0], [539, 0], [539, 0], [539, 0], [539, 0], [539, 0], [539, 0], [539, 0], [539, 0]]"
207,"[[623, 3], [622, 2], [582, 3], [542, 3], [541, 3], [501, 3], [500, 3], [499, 1], [539, 0], [539, 0], [539, 0], [539, 0], [539, 0], [539, 0], [539, 0]]"
208,"[[743, 2], [703, 2], [663, 2], [623, 3], [622, 2], [582, 3], [581, 2], [541, 3], [540, 0]]"
209,"[[985, 2], [984, 4], [984, 4], [985, 2], [945, 4], [946, 4], [947, 2], [946, 4], [947, 2], [907, 4], [908, 2], [908, 2], [868, 2], [828, 2], [788, 3], [748, 3], [747, 3], [747, 3], [746, 2], [706, 3], [705, 2], [665, 3], [664, 2], [624, 3], [623, 3], [624, 3], [623, 3], [622, 2], [622, 2], [582, 3], [581, 2], [541, 3], [540, 0]]"
210,"[[877, 3], [877, 3], [876, 3], [875, 3], [874, 0], [874, 0], [874, 0], [914, 2], [954, 2], [954, 2], [953, 4], [954, 2], [914, 2], [874, 0], [874, 0], [874, 0], [874, 0], [874, 0], [874, 0], [874, 0], [874, 0], [874, 0]]"
211,"[[420, 1], [460, 1], [500, 3], [499, 1], [539, 0], [539, 0], [539, 0], [539, 0], [539, 0], [540, 3], [539, 0], [539, 0], [539, 0], [539, 0], [539, 0], [539, 0], [539, 0], [539, 0], [539, 0]]"
212,"[[743, 2], [703, 2], [663, 2], [623, 3], [622, 2], [582, 3], [581, 2], [582, 3], [581, 2], [581, 2], [541, 3], [501, 3], [541, 3], [501, 3], [500, 3], [499, 1], [539, 0], [539, 0], [539, 0], [539, 0], [539, 0], [539, 0], [539, 0], [539, 0], [539, 0], [539, 0], [540, 3], [539, 0], [539, 0], [539, 0], [539, 0], [539, 0], [539, 0], [539, 0], [539, 0]]"
213,"[[587, 3], [587, 3], [587, 3], [586, 3], [585, 1], [584, 1], [624, 3], [664, 2], [624, 3], [623, 3], [663, 2], [663, 2], [623, 3], [622, 2], [582, 3], [581, 2], [541, 3], [540, 3], [539, 0], [539, 0], [539, 0], [539, 0]]"
214,"[[1105, 4], [1106, 1], [1146, 4], [1146, 4], [1147, 4], [1148, 2], [1108, 4], [1109, 4], [1110, 2], [1070, 0]]"
215,"[[206, 1], [246, 4], [247, 0], [247, 0], [248, 3], [247, 0], [247, 0], [247, 0], [247, 0], [207, 1], [247, 0], [247, 0], [247, 0], [247, 0], [247, 0], [247, 0], [247, 0], [247, 0], [247, 0], [247, 0], [247, 0], [247, 0], [247, 0], [247, 0], [247, 0]]"
216,"[[877, 3], [876, 3], [875, 3], [874, 0], [874, 0], [874, 0], [874, 0], [874, 0], [914, 2], [874, 0], [874, 0], [874, 0]]"
217,"[[420, 1], [460, 1], [500, 3], [499, 1], [539, 0], [539, 0], [539, 0], [539, 0], [539, 0], [539, 0], [539, 0], [540, 3], [539, 0], [539, 0], [539, 0], [540, 3], [539, 0], [539, 0], [539, 0], [539, 0], [539, 0], [539, 0], [539, 0], [539, 0], [539, 0], [539, 0], [539, 0], [539, 0], [539, 0], [539, 0], [539, 0], [539, 0], [499, 1], [539, 0], [539, 0], [539, 0], [539, 0], [539, 0], [539, 0], [539, 0], [539, 0], [539, 0], [539, 0], [539, 0], [539, 0], [539, 0], [499, 1], [539, 0], [539, 0], [539, 0], [539, 0], [539, 0], [539, 0], [499, 1], [539, 0], [540, 3], [539, 0], [539, 0], [539, 0], [539, 0], [539, 0], [539, 0], [539, 0], [539, 0], [539, 0], [539, 0], [539, 0], [539, 0]]"
218,"[[832, 3], [831, 3], [830, 3], [829, 2], [869, 2], [829, 0]]"
219,"[[788, 3], [828, 2], [788, 3], [787, 2], [747, 3], [746, 2], [746, 2], [706, 3], [746, 2], [706, 3], [706, 3], [705, 2], [705, 2], [665, 3], [664, 2], [663, 2], [664, 2], [624, 3], [623, 3], [622, 2], [623, 3], [622, 2], [622, 2], [582, 3], [581, 2], [541, 3], [540, 3], [539, 0], [539, 0], [539, 0], [539, 0], [539, 0], [539, 0], [539, 0], [539, 0], [539, 0], [539, 0]]"
220,"[[587, 3], [586, 3], [585, 1], [625, 3], [624, 3], [623, 3], [622, 2], [582, 3], [581, 2], [541, 3], [540, 3], [539, 0], [539, 0], [539, 0], [539, 0], [539, 0], [539, 0], [539, 0], [539, 0], [539, 0], [499, 1], [539, 0], [539, 0], [539, 0], [539, 0], [539, 0], [539, 0]]"
221,"[[623, 3], [622, 2], [623, 3], [622, 2], [582, 3], [581, 2], [541, 3], [542, 3], [541, 3], [540, 0]]"
222,"[[788, 3], [787, 2], [747, 3], [746, 2], [786, 2], [786, 2], [786, 2], [746, 2], [746, 2], [706, 3], [705, 2], [665, 3], [664, 2], [624, 3], [623, 3], [622, 2], [582, 3], [581, 2], [582, 3], [581, 2], [541, 3], [540, 3], [539, 0]]"
223,"[[743, 2], [743, 2], [703, 2], [663, 2], [663, 2], [663, 2], [623, 3], [622, 2], [622, 2], [622, 2], [582, 3], [581, 2], [541, 3], [541, 3], [540, 3], [539, 0], [539, 0], [539, 0], [539, 0], [539, 0], [539, 0], [539, 0], [539, 0], [539, 0], [539, 0], [539, 0], [539, 0]]"
224,"[[623, 3], [622, 2], [582, 3], [581, 2], [581, 2], [541, 3], [542, 3], [541, 3], [540, 3], [540, 3], [539, 0], [539, 0], [539, 0], [539, 0], [539, 0], [540, 3], [539, 0]]"
225,"[[420, 1], [460, 1], [500, 3], [499, 1], [539, 0], [539, 0], [539, 0], [539, 0], [539, 0], [539, 0], [539, 0], [539, 0], [539, 0], [539, 0], [539, 0], [539, 0], [539, 0], [539, 0], [539, 0], [539, 0], [539, 0], [539, 0], [539, 0], [539, 0], [539, 0], [539, 0], [539, 0], [539, 0], [539, 0], [539, 0], [539, 0], [539, 0], [539, 0], [499, 1], [539, 0], [539, 0], [539, 0], [539, 0]]"
226,"[[1071, 2], [1031, 4], [1032, 2], [992, 4], [993, 2], [953, 4], [954, 2], [953, 4], [953, 4], [954, 2], [914, 2], [874, 0], [874, 0], [874, 0], [874, 0], [874, 0], [874, 0], [874, 0], [874, 0], [875, 3], [874, 0]]"
227,"[[877, 3], [877, 3], [876, 3], [875, 3], [874, 0], [874, 0], [874, 0], [874, 0], [874, 0], [914, 2], [874, 0], [874, 0], [834, 1], [874, 0], [874, 0], [874, 0], [875, 3], [874, 0], [875, 3], [874, 0], [874, 0], [914, 2], [874, 0], [874, 0], [875, 3], [874, 0], [874, 0], [874, 0], [874, 0], [874, 0], [874, 0], [874, 0], [874, 0], [914, 2], [874, 0], [874, 0], [874, 0]]"
228,"[[832, 3], [831, 3], [830, 3], [829, 2], [789, 3], [788, 3], [828, 2], [788, 3], [787, 2], [787, 2], [747, 3], [746, 2], [706, 3], [705, 2], [665, 0]]"
229,"[[623, 3], [622, 2], [582, 3], [581, 2], [581, 2], [541, 3], [540, 3], [540, 3], [539, 0], [539, 0], [499, 1], [500, 3], [499, 1], [539, 0], [540, 3], [539, 0], [539, 0], [539, 0], [539, 0], [539, 0], [539, 0], [539, 0], [539, 0], [539, 0], [539, 0], [539, 0], [539, 0], [539, 0], [539, 0], [539, 0], [539, 0], [539, 0], [539, 0], [539, 0], [539, 0], [539, 0], [539, 0], [539, 0], [539, 0], [539, 0], [539, 0], [539, 0], [539, 0], [539, 0], [539, 0], [539, 0], [539, 0], [539, 0], [539, 0], [539, 0], [539, 0], [539, 0], [539, 0], [539, 0], [539, 0], [539, 0], [539, 0], [539, 0], [539, 0]]"
230,"[[832, 3], [831, 3], [830, 3], [829, 2], [830, 3], [790, 3], [789, 3], [788, 3], [748, 3], [747, 3], [746, 2], [706, 3], [705, 2], [665, 3], [664, 2], [624, 3], [623, 3], [622, 0]]"
231,"[[499, 1], [539, 0], [539, 0], [539, 0], [539, 0], [539, 0], [539, 0], [539, 0], [539, 0]]"
232,"[[832, 3], [831, 3], [830, 3], [829, 2], [789, 3], [788, 3], [787, 2], [747, 3], [747, 3], [746, 2], [706, 3], [705, 2], [705, 0]]"
233,"[[788, 3], [787, 2], [788, 3], [787, 2], [747, 3], [747, 3], [746, 2], [706, 3], [705, 2], [665, 3], [664, 2], [664, 2], [624, 3], [623, 3], [622, 2], [582, 3], [581, 2], [541, 3], [540, 3], [539, 0], [539, 0], [540, 3], [539, 0], [539, 0], [539, 0], [539, 0], [539, 0], [539, 0], [539, 0], [539, 0], [539, 0], [539, 0], [539, 0], [539, 0], [539, 0], [539, 0], [539, 0], [539, 0], [539, 0], [499, 1], [500, 3], [501, 3], [500, 3], [499, 1], [539, 0], [539, 0], [539, 0], [539, 0], [539, 0], [539, 0], [539, 0], [539, 0], [540, 3], [540, 3], [540, 3], [539, 0], [540, 3], [539, 0], [539, 0], [539, 0]]"
234,"[[743, 2], [703, 2], [663, 2], [623, 3], [622, 2], [582, 3], [581, 2], [541, 3], [540, 3], [539, 0], [539, 0], [539, 0], [539, 0], [539, 0], [539, 0]]"
235,"[[1105, 4], [1106, 1], [1146, 4], [1147, 4], [1146, 4], [1147, 4], [1148, 2], [1108, 4], [1109, 4], [1110, 2], [1070, 4], [1071, 2], [1031, 4], [1031, 4], [1032, 2], [992, 4], [993, 2], [953, 0]]"
236,"[[587, 3], [586, 3], [585, 1], [625, 3], [624, 3], [623, 3], [622, 2], [582, 3], [581, 2], [541, 3], [540, 3], [539, 0], [540, 3], [539, 0], [539, 0], [539, 0], [539, 0], [539, 0], [539, 0], [539, 0], [499, 1], [499, 0]]"
237,"[[877, 3], [877, 3], [876, 3], [875, 3], [874, 0], [874, 0], [834, 1], [834, 1], [874, 0]]"
238,"[[587, 3], [586, 3], [585, 1], [625, 3], [625, 3], [624, 3], [623, 3], [622, 2], [582, 3], [582, 3], [542, 3], [541, 3], [501, 3], [502, 3], [501, 3], [500, 3], [499, 1], [539, 0], [539, 0], [539, 0], [539, 0], [539, 0], [539, 0], [539, 0], [539, 0], [539, 0], [539, 0], [539, 0], [539, 0], [539, 0], [539, 0], [539, 0], [539, 0], [539, 0], [539, 0], [539, 0], [539, 0], [539, 0]]"
239,"[[499, 1], [500, 3], [499, 1], [539, 0], [499, 1], [539, 0], [539, 0], [499, 1], [539, 0], [539, 0], [539, 0], [539, 0], [539, 0], [539, 0], [539, 0], [539, 0], [539, 0], [539, 0], [539, 0], [539, 0], [539, 0], [539, 0], [539, 0], [539, 0], [539, 0], [499, 1], [539, 0], [539, 0], [540, 3], [539, 0], [539, 0], [539, 0], [539, 0], [539, 0], [539, 0], [539, 0], [539, 0], [539, 0], [539, 0], [539, 0], [539, 0], [539, 0], [539, 0], [539, 0], [539, 0], [539, 0], [539, 0], [539, 0], [539, 0], [539, 0], [539, 0], [539, 0], [539, 0], [539, 0], [539, 0], [539, 0], [539, 0], [539, 0], [539, 0], [539, 0], [539, 0], [539, 0], [539, 0], [539, 0]]"
240,"[[623, 3], [622, 2], [623, 3], [622, 2], [582, 3], [581, 2], [541, 3], [540, 3], [539, 0], [539, 0], [539, 0], [539, 0], [539, 0]]"
241,"[[832, 3], [831, 3], [830, 3], [829, 2], [789, 3], [788, 3], [787, 2], [747, 3], [746, 2], [706, 3], [705, 2], [665, 3], [664, 2], [624, 3], [623, 3], [624, 3], [623, 0]]"
242,"[[420, 1], [460, 1], [460, 1], [500, 3], [540, 3], [539, 0], [539, 0], [539, 0], [539, 0], [539, 0], [539, 0], [539, 0], [539, 0], [539, 0], [539, 0], [539, 0], [539, 0], [539, 0], [539, 0], [539, 0], [499, 1], [539, 0], [539, 0], [539, 0], [539, 0], [539, 0]]"
243,"[[832, 3], [831, 3], [830, 3], [830, 3], [829, 2], [789, 3], [788, 3], [787, 2], [747, 3], [746, 2], [706, 3], [705, 2], [665, 3], [664, 2], [624, 3], [623, 3], [624, 3], [623, 3], [622, 2], [622, 2], [582, 3], [622, 2], [582, 3], [581, 2], [541, 3], [540, 0]]"
244,"[[499, 1], [539, 0], [539, 0], [539, 0], [539, 0], [540, 3], [539, 0], [539, 0], [539, 0], [539, 0], [539, 0], [539, 0], [539, 0], [539, 0], [539, 0], [539, 0], [539, 0], [539, 0], [539, 0], [539, 0], [539, 0], [539, 0], [539, 0]]"
245,"[[743, 2], [703, 2], [663, 2], [623, 0]]"
246,"[[985, 2], [945, 4], [945, 4], [946, 4], [947, 2], [907, 4], [947, 2], [947, 2], [907, 4], [908, 2], [908, 2], [868, 2], [868, 2], [828, 2], [788, 3], [787, 2], [747, 3], [746, 2], [706, 3], [705, 2], [665, 3], [664, 2], [624, 3], [584, 1], [624, 3], [624, 3], [623, 3], [622, 2], [582, 3], [581, 2], [541, 3], [540, 3], [541, 3], [540, 3], [540, 0]]"
247,"[[788, 3], [787, 2], [747, 3], [707, 3], [747, 3], [787, 2], [747, 3], [746, 2], [706, 3], [705, 2], [665, 3], [664, 2], [624, 3], [623, 3], [622, 2], [582, 3], [581, 2], [541, 3], [540, 3], [539, 0], [539, 0], [539, 0], [539, 0], [539, 0], [539, 0], [539, 0], [539, 0], [540, 3], [539, 0], [539, 0], [499, 1], [539, 0], [539, 0], [539, 0], [539, 0], [499, 1], [539, 0], [539, 0], [539, 0], [539, 0], [539, 0], [539, 0], [539, 0], [539, 0], [539, 0], [539, 0], [539, 0], [540, 3], [539, 0], [539, 0], [539, 0], [539, 0], [539, 0], [539, 0], [539, 0], [539, 0], [539, 0], [539, 0], [539, 0], [539, 0], [539, 0], [540, 3], [539, 0], [539, 0], [539, 0], [539, 0], [539, 0], [539, 0], [539, 0], [539, 0], [539, 0], [539, 0], [539, 0], [539, 0], [539, 0], [539, 0], [539, 0]]"
248,"[[587, 3], [588, 3], [587, 3], [586, 3], [586, 3], [587, 3], [587, 0]]"
249,"[[788, 3], [789, 3], [788, 3], [787, 2], [786, 2], [746, 0]]"
250,"[[743, 2], [743, 2], [743, 2], [703, 2], [703, 2], [663, 2], [623, 3], [622, 2], [582, 3], [581, 2], [581, 2], [541, 3], [540, 3], [539, 0], [539, 0], [539, 0], [539, 0], [539, 0], [539, 0]]"
251,"[[788, 3], [787, 2], [747, 3], [748, 3], [747, 3], [747, 3], [746, 2], [706, 3], [705, 2], [665, 3], [665, 3], [664, 2], [624, 3], [623, 0]]"
252,"[[832, 3], [831, 3], [830, 3], [829, 2], [829, 2], [830, 3], [829, 2], [789, 3], [829, 2], [789, 3], [788, 3], [787, 0]]"
253,"[[1105, 4], [1106, 1], [1146, 4], [1147, 4], [1148, 2], [1147, 4], [1148, 2], [1148, 2], [1108, 4], [1109, 4], [1110, 2], [1110, 2], [1070, 4], [1071, 2], [1071, 2], [1031, 4], [1031, 4], [1031, 4], [1071, 2], [1031, 4], [1032, 2], [992, 4], [993, 2], [953, 4], [954, 2], [914, 2], [874, 0], [874, 0], [874, 0], [874, 0], [874, 0], [874, 0], [874, 0], [874, 0], [874, 0], [834, 1], [874, 0], [875, 3], [874, 0], [874, 0], [874, 0]]"
254,"[[879, 3], [878, 3], [877, 3], [876, 3], [875, 3], [874, 0], [874, 0], [874, 0], [874, 0], [874, 0], [875, 3], [874, 0], [874, 0], [874, 0], [874, 0], [874, 0], [874, 0], [874, 0]]"
255,"[[499, 1], [498, 4], [499, 1], [539, 0], [539, 0]]"
256,"[[420, 1], [460, 1], [500, 3], [500, 3], [499, 1], [539, 0], [539, 0], [539, 0], [539, 0], [539, 0], [539, 0], [539, 0], [539, 0], [539, 0], [539, 0], [539, 0], [539, 0], [499, 0]]"
257,"[[1071, 2], [1031, 4], [1032, 2], [992, 4], [1032, 2], [1032, 2], [992, 4], [1032, 2], [992, 4], [993, 2], [953, 4], [954, 2], [954, 2], [914, 2], [874, 0], [874, 0], [874, 0], [874, 0], [874, 0], [874, 0], [874, 0], [874, 0], [874, 0], [874, 0], [874, 0], [874, 0], [874, 0], [874, 0], [874, 0], [874, 0], [874, 0], [874, 0], [874, 0], [834, 1], [874, 0], [914, 2], [874, 0], [874, 0], [874, 0], [874, 0], [874, 0], [874, 0], [914, 2], [874, 0], [874, 0], [874, 0], [874, 0], [874, 0], [874, 0], [874, 0], [874, 0], [874, 0], [874, 0], [874, 0], [834, 1], [874, 0], [874, 0], [874, 0], [874, 0], [874, 0], [874, 0], [874, 0], [874, 0], [874, 0], [834, 1], [874, 0], [874, 0], [875, 3], [874, 0], [874, 0], [874, 0], [874, 0], [874, 0], [834, 1], [874, 0], [875, 3], [874, 0]]"
258,"[[623, 3], [622, 2], [582, 3], [581, 2], [541, 3], [540, 3], [539, 0], [539, 0], [539, 0], [539, 0], [539, 0], [539, 0], [539, 0], [539, 0], [539, 0], [539, 0], [539, 0], [539, 0], [539, 0], [539, 0], [539, 0], [539, 0], [539, 0], [539, 0], [539, 0], [499, 1], [539, 0], [539, 0], [539, 0], [539, 0], [539, 0], [539, 0], [539, 0], [539, 0], [539, 0], [539, 0], [539, 0], [539, 0], [539, 0], [539, 0], [540, 3], [539, 0], [539, 0], [539, 0], [539, 0], [539, 0], [539, 0], [539, 0], [539, 0], [539, 0], [539, 0], [540, 3], [539, 0], [539, 0], [539, 0]]"
259,"[[499, 1], [539, 0], [539, 0], [539, 0], [539, 0], [539, 0], [540, 3], [539, 0], [539, 0], [540, 3], [539, 0], [539, 0], [539, 0], [539, 0], [539, 0], [539, 0], [499, 1], [539, 0], [539, 0], [539, 0], [539, 0], [539, 0], [539, 0], [539, 0], [539, 0], [539, 0], [539, 0], [539, 0], [539, 0], [539, 0], [539, 0]]"
260,"[[832, 3], [832, 3], [831, 3], [830, 3], [829, 2], [789, 3], [790, 3], [789, 3], [788, 3], [787, 2], [747, 3], [746, 2], [786, 2], [746, 2], [706, 3], [705, 2], [665, 3], [664, 2], [624, 3], [623, 3], [624, 3], [623, 3], [622, 2], [623, 3], [622, 2], [582, 3], [581, 0]]"
261,"[[587, 3], [588, 3], [587, 3], [586, 3], [585, 1], [625, 3], [625, 3], [624, 3], [624, 3], [625, 3], [625, 3], [624, 3], [623, 3], [622, 2], [622, 2], [582, 3], [622, 2], [582, 3], [622, 2], [582, 3], [582, 3], [581, 2], [541, 3], [540, 3], [539, 0], [539, 0], [539, 0], [539, 0], [539, 0], [539, 0], [539, 0], [539, 0], [539, 0], [539, 0], [540, 3], [540, 3], [539, 0], [539, 0], [539, 0], [539, 0], [539, 0], [539, 0], [539, 0], [539, 0], [539, 0], [539, 0], [539, 0], [539, 0], [539, 0], [539, 0], [499, 1], [498, 4], [499, 1], [539, 0], [539, 0], [499, 1], [539, 0], [539, 0]]"
262,"[[788, 3], [787, 2], [747, 3], [746, 2], [786, 2], [746, 2], [747, 3], [747, 3], [746, 2], [706, 3], [705, 2], [665, 3], [664, 2], [624, 3], [623, 3], [622, 2], [582, 3], [581, 2], [581, 2], [581, 2], [541, 3], [540, 3], [539, 0], [539, 0], [539, 0], [539, 0], [539, 0], [539, 0], [539, 0]]"
263,"[[206, 1], [246, 4], [247, 0], [247, 0], [246, 4], [247, 0], [287, 2], [247, 0], [247, 0], [247, 0], [247, 0], [287, 2], [247, 0], [247, 0], [248, 3], [247, 0], [247, 0], [247, 0], [247, 0], [247, 0], [247, 0], [247, 0], [246, 0]]"
264,"[[623, 3], [663, 2], [623, 3], [622, 2], [582, 3], [581, 2], [541, 3], [540, 3], [539, 0], [539, 0], [539, 0], [539, 0], [539, 0], [539, 0], [540, 3], [539, 0], [539, 0], [539, 0], [539, 0], [539, 0], [539, 0], [539, 0], [539, 0], [539, 0], [539, 0]]"
265,"[[832, 3], [832, 3], [831, 3], [832, 3], [831, 3], [830, 3], [829, 2], [789, 3], [788, 3], [787, 0]]"
266,"[[1071, 2], [1071, 2], [1071, 2], [1031, 4], [1071, 2], [1031, 4], [1032, 2], [992, 4], [993, 2], [953, 4], [954, 2], [953, 4], [953, 0]]"
267,"[[1071, 2], [1070, 4], [1110, 2], [1070, 4], [1110, 2], [1070, 4], [1071, 2], [1031, 4], [1031, 4], [1032, 2], [992, 4], [993, 2], [953, 4], [954, 2], [953, 4], [954, 2], [914, 2], [874, 0], [874, 0], [874, 0], [874, 0], [874, 0], [834, 1], [874, 0], [874, 0], [834, 0]]"
268,"[[420, 1], [460, 1], [460, 1], [500, 3], [499, 1], [539, 0], [539, 0], [539, 0], [499, 1], [539, 0], [539, 0], [539, 0], [539, 0], [539, 0], [539, 0], [539, 0], [539, 0], [539, 0], [539, 0]]"
269,"[[587, 3], [587, 3], [586, 3], [585, 1], [586, 3], [585, 1], [625, 3], [624, 3], [623, 3], [622, 2], [582, 0]]"
270,"[[832, 3], [831, 3], [830, 3], [829, 2], [789, 3], [788, 3], [787, 2], [747, 3], [746, 2], [706, 3], [705, 2], [665, 3], [625, 3], [624, 3], [623, 3], [622, 2], [582, 3], [581, 2], [541, 3], [540, 3], [540, 3], [539, 0], [539, 0], [539, 0], [499, 1], [539, 0], [539, 0], [499, 1], [539, 0], [539, 0], [539, 0], [540, 3], [539, 0], [539, 0]]"
271,"[[420, 1], [420, 1], [460, 1], [500, 3], [499, 1], [539, 0], [539, 0], [539, 0], [539, 0], [539, 0], [539, 0], [539, 0], [539, 0], [539, 0], [539, 0], [539, 0], [539, 0], [539, 0], [539, 0], [539, 0], [539, 0], [539, 0], [539, 0], [499, 1], [539, 0], [539, 0], [539, 0], [539, 0], [539, 0]]"
272,"[[743, 2], [783, 2], [784, 4], [784, 4], [785, 4], [786, 2], [746, 2], [706, 3], [705, 2], [706, 3], [705, 2], [665, 3], [664, 2], [624, 3], [623, 3], [622, 2], [582, 3], [581, 2], [541, 0]]"
273,"[[374, 3], [373, 3], [372, 2], [332, 3], [331, 3], [330, 2], [290, 3], [289, 3], [288, 2], [248, 3], [247, 0], [247, 0], [246, 4], [246, 4], [247, 0], [247, 0], [247, 0], [247, 0], [247, 0], [247, 0], [247, 0], [287, 2], [288, 2], [248, 3], [247, 0], [247, 0], [247, 0], [247, 0], [247, 0]]"
274,"[[623, 3], [623, 3], [622, 2], [582, 0]]"
275,"[[587, 3], [586, 3], [587, 3], [586, 3], [585, 1], [625, 3], [624, 3], [623, 3], [622, 2], [582, 3], [581, 2], [541, 3], [540, 3], [541, 3], [540, 3], [539, 0], [539, 0], [539, 0], [539, 0], [539, 0], [539, 0], [539, 0], [539, 0], [539, 0], [539, 0], [539, 0], [539, 0], [539, 0], [539, 0], [499, 1], [539, 0], [499, 1], [539, 0], [539, 0], [539, 0], [540, 3], [541, 3], [581, 2], [541, 3], [542, 3], [541, 3], [540, 0]]"
276,"[[1071, 2], [1071, 2], [1031, 4], [1032, 2], [992, 4], [993, 2], [953, 4], [954, 2], [914, 2], [874, 0], [874, 0], [834, 1], [874, 0], [874, 0], [874, 0], [874, 0], [874, 0], [834, 0]]"
277,"[[420, 1], [460, 1], [500, 3], [499, 1], [500, 0]]"
278,"[[743, 2], [703, 2], [663, 2], [623, 3], [622, 2], [582, 3], [581, 2], [541, 3], [540, 3], [539, 0], [539, 0], [539, 0], [539, 0], [539, 0], [539, 0], [539, 0], [539, 0], [499, 1], [539, 0], [539, 0], [539, 0], [539, 0], [539, 0], [539, 0], [539, 0], [539, 0], [539, 0], [539, 0], [539, 0], [539, 0]]"
279,"[[877, 3], [876, 3], [875, 3], [874, 0], [914, 2], [874, 0], [874, 0], [875, 3], [874, 0], [834, 1], [874, 0], [914, 2], [874, 0], [874, 0], [874, 0], [874, 0], [875, 3], [874, 0], [874, 0], [874, 0], [874, 0], [834, 1], [833, 4], [833, 4], [833, 4], [834, 1], [874, 0], [874, 0], [914, 2], [914, 2], [874, 0], [874, 0], [874, 0], [874, 0], [875, 3], [875, 3], [874, 0], [874, 0], [874, 0], [874, 0], [874, 0], [874, 0]]"
280,"[[1071, 2], [1070, 4], [1071, 2], [1031, 4], [1032, 2], [992, 4], [993, 2], [953, 4], [954, 2], [953, 4], [954, 2], [953, 4], [954, 2], [954, 0]]"
281,"[[788, 3], [787, 2], [747, 3], [746, 2], [706, 3], [666, 3], [665, 3], [664, 2], [624, 3], [623, 3], [622, 2], [582, 3], [581, 2], [541, 3], [540, 3], [539, 0], [539, 0], [539, 0], [539, 0]]"
282,"[[832, 3], [831, 3], [830, 3], [829, 2], [789, 3], [788, 3], [787, 2], [747, 3], [748, 3], [747, 3], [746, 0]]"
283,"[[623, 3], [622, 2], [582, 3], [622, 2], [582, 3], [581, 2], [582, 3], [581, 2], [581, 2], [541, 3], [540, 3], [539, 0], [539, 0], [539, 0], [539, 0]]"
284,"[[420, 1], [460, 1], [500, 3], [499, 1], [539, 0], [539, 0], [539, 0], [539, 0], [539, 0], [539, 0], [539, 0], [539, 0], [539, 0], [539, 0], [539, 0], [539, 0], [539, 0], [539, 0], [539, 0], [539, 0], [539, 0], [539, 0], [539, 0], [539, 0], [539, 0], [539, 0], [539, 0], [539, 0], [539, 0], [539, 0], [540, 3], [539, 0], [539, 0], [539, 0], [539, 0]]"
285,"[[788, 3], [787, 2], [747, 3], [746, 2], [706, 3], [705, 2], [665, 3], [664, 2], [665, 3], [664, 2], [624, 3], [624, 3], [623, 3], [622, 2], [582, 3], [581, 2], [541, 3], [540, 3], [540, 3], [539, 0], [539, 0], [539, 0], [539, 0], [539, 0], [539, 0], [539, 0], [539, 0], [539, 0], [539, 0], [539, 0], [539, 0], [539, 0], [539, 0], [539, 0], [539, 0], [539, 0]]"
286,"[[877, 3], [876, 3], [875, 3], [876, 3], [875, 3], [874, 0], [874, 0], [874, 0], [914, 2], [954, 2], [953, 4], [954, 2], [914, 2], [874, 0], [874, 0], [874, 0], [874, 0], [874, 0], [874, 0], [874, 0], [874, 0], [874, 0], [875, 3], [874, 0], [914, 2], [874, 0], [875, 3], [874, 0], [874, 0], [874, 0], [914, 2], [874, 0]]"
287,"[[985, 2], [945, 4], [946, 4], [947, 2], [907, 4], [908, 2], [868, 2], [828, 2], [788, 3], [787, 2], [747, 3], [746, 2], [706, 3], [746, 2], [706, 3], [705, 2], [665, 3], [664, 0]]"
288,"[[832, 3], [831, 3], [830, 3], [829, 2], [789, 3], [788, 3], [788, 3], [787, 2], [747, 3], [746, 0]]"
289,"[[587, 3], [586, 3], [585, 1], [625, 3], [624, 3], [623, 3], [622, 2], [622, 2], [582, 3], [581, 2], [541, 3], [540, 3], [539, 0], [539, 0], [539, 0], [540, 3], [539, 0], [539, 0], [539, 0], [539, 0], [539, 0], [539, 0], [539, 0], [539, 0], [499, 1], [498, 4], [499, 1], [459, 1], [499, 1], [499, 1], [539, 0], [540, 3], [539, 0], [539, 0], [539, 0], [539, 0], [539, 0], [539, 0], [539, 0], [539, 0], [539, 0], [539, 0], [539, 0], [539, 0], [539, 0], [539, 0], [539, 0], [539, 0], [539, 0], [499, 1], [539, 0], [539, 0], [539, 0], [539, 0], [540, 3], [539, 0], [539, 0], [539, 0], [540, 3], [539, 0], [539, 0], [539, 0], [539, 0]]"
290,"[[788, 3], [787, 2], [787, 2], [747, 3], [707, 3], [707, 3], [706, 3], [666, 3], [665, 3], [625, 3], [624, 3], [623, 3], [622, 2], [622, 2], [582, 3], [581, 2], [581, 0]]"
291,"[[587, 3], [586, 3], [585, 1], [625, 3], [624, 3], [623, 0]]"
292,"[[743, 2], [703, 2], [703, 2], [663, 2], [623, 3], [622, 2], [622, 2], [582, 3], [581, 2], [541, 3], [540, 3], [539, 0], [539, 0], [539, 0], [539, 0], [539, 0], [539, 0], [539, 0], [539, 0], [539, 0], [539, 0], [539, 0], [499, 1], [539, 0], [539, 0], [539, 0], [539, 0], [539, 0], [539, 0], [539, 0], [539, 0]]"
293,"[[499, 1], [539, 0], [540, 3], [539, 0], [539, 0], [539, 0], [539, 0], [539, 0], [539, 0], [539, 0], [539, 0]]"
294,"[[420, 1], [460, 1], [500, 0]]"
295,"[[788, 3], [787, 2], [747, 3], [746, 2], [706, 3], [705, 2], [665, 3], [664, 2], [624, 3], [623, 3], [583, 3], [623, 3], [622, 2], [582, 3], [581, 2], [541, 3], [540, 3], [539, 0]]"
296,"[[832, 3], [831, 3], [832, 3], [831, 3], [831, 3], [830, 3], [790, 3], [789, 3], [749, 3], [748, 3], [747, 3], [746, 2], [706, 3], [705, 2], [665, 3], [664, 2], [624, 3], [623, 3], [622, 2], [582, 3], [581, 2], [541, 3], [540, 3], [539, 0], [539, 0], [499, 1], [539, 0], [539, 0], [539, 0], [539, 0], [539, 0], [539, 0], [539, 0], [539, 0], [539, 0], [539, 0], [539, 0], [539, 0], [539, 0], [539, 0]]"
297,"[[420, 1], [460, 1], [500, 3], [499, 1], [539, 0], [539, 0], [539, 0], [539, 0], [540, 3], [539, 0], [539, 0], [539, 0], [539, 0], [539, 0], [539, 0], [539, 0], [539, 0], [539, 0], [540, 3], [539, 0], [539, 0]]"
298,"[[623, 3], [622, 2], [622, 2], [582, 3], [581, 2], [541, 3], [540, 3], [539, 0], [539, 0], [539, 0], [499, 1], [539, 0], [539, 0], [539, 0], [539, 0], [539, 0], [539, 0], [539, 0], [539, 0], [539, 0], [540, 3], [539, 0], [539, 0], [539, 0], [539, 0], [539, 0], [539, 0], [539, 0]]"
299,"[[877, 3], [877, 3], [877, 3], [876, 3], [875, 3], [875, 3], [874, 0], [874, 0], [874, 0], [874, 0], [874, 0], [874, 0], [874, 0], [874, 0], [874, 0], [874, 0], [874, 0], [874, 0], [874, 0], [874, 0], [874, 0], [874, 0], [834, 1], [874, 0], [914, 2], [874, 0], [874, 0], [914, 2], [874, 0]]"
300,"[[832, 3], [831, 3], [830, 3], [829, 2], [789, 3], [829, 2], [789, 3], [788, 3], [787, 2], [747, 3], [746, 2], [706, 3], [705, 2], [665, 3], [666, 3], [665, 3], [664, 2], [624, 3], [623, 3], [583, 3], [582, 3], [581, 2], [541, 3], [540, 0]]"
301,"[[743, 2], [703, 2], [663, 2], [623, 3], [622, 2], [582, 3], [581, 2], [541, 3], [542, 3], [541, 3], [540, 3], [539, 0], [499, 1], [539, 0], [539, 0], [539, 0], [539, 0], [539, 0], [539, 0], [539, 0], [539, 0], [539, 0], [539, 0], [539, 0], [539, 0], [539, 0], [539, 0], [539, 0], [499, 1], [459, 1], [499, 1], [499, 1], [459, 1], [499, 1], [539, 0], [539, 0], [539, 0], [539, 0], [539, 0], [539, 0], [539, 0], [539, 0], [540, 0]]"
302,"[[985, 2], [945, 4], [945, 4], [946, 4], [947, 2], [907, 4], [908, 2], [908, 2], [868, 2], [869, 2], [829, 2], [789, 3], [788, 3], [828, 2], [788, 0]]"
303,"[[788, 3], [787, 2], [747, 3], [746, 2], [706, 3], [707, 3], [706, 3], [705, 0]]"
304,"[[743, 2], [703, 2], [703, 2], [663, 2], [664, 2], [624, 0]]"
305,"[[788, 3], [789, 3], [788, 3], [748, 3], [747, 3], [746, 2], [706, 3], [705, 2], [665, 3], [664, 2], [624, 3], [623, 0]]"
306,"[[587, 3], [586, 3], [585, 1], [625, 3], [625, 3], [624, 3], [623, 3], [622, 2], [582, 3], [582, 3], [582, 3], [581, 2], [541, 3], [541, 3], [540, 3], [539, 0], [539, 0], [539, 0], [539, 0], [539, 0], [539, 0], [539, 0], [539, 0], [539, 0], [540, 3], [539, 0], [539, 0], [539, 0], [539, 0], [539, 0], [539, 0], [539, 0], [539, 0], [540, 3], [539, 0], [540, 3], [539, 0], [539, 0], [539, 0], [539, 0], [539, 0], [539, 0], [539, 0]]"
307,"[[788, 3], [787, 2], [747, 3], [746, 2], [706, 3], [666, 3], [665, 3], [664, 2], [624, 3], [623, 3], [624, 3], [623, 3], [622, 2], [622, 2], [582, 3], [581, 2], [541, 3], [540, 3], [539, 0], [539, 0], [539, 0], [539, 0], [539, 0], [539, 0], [539, 0], [539, 0], [539, 0], [539, 0], [539, 0], [539, 0], [539, 0], [539, 0], [539, 0], [539, 0], [539, 0], [539, 0], [539, 0], [539, 0], [539, 0], [539, 0], [539, 0], [539, 0], [499, 1], [539, 0], [539, 0], [539, 0], [539, 0], [539, 0], [539, 0], [539, 0], [540, 3], [540, 3], [539, 0], [539, 0], [539, 0], [539, 0], [539, 0], [539, 0], [539, 0], [539, 0], [540, 0]]"
308,"[[877, 3], [876, 3], [875, 3], [875, 3], [874, 0], [874, 0], [874, 0], [874, 0], [874, 0], [874, 0], [914, 2], [874, 0], [874, 0], [874, 0], [874, 0], [874, 0], [874, 0], [874, 0], [834, 1], [874, 0], [874, 0], [874, 0], [874, 0], [874, 0], [834, 1], [874, 0], [874, 0], [874, 0], [914, 2], [874, 0], [874, 0], [874, 0], [874, 0], [874, 0], [874, 0], [874, 0], [874, 0], [874, 0], [874, 0], [874, 0], [874, 0]]"
309,"[[374, 3], [373, 3], [372, 2], [332, 3], [331, 3], [331, 3], [330, 2], [290, 3], [289, 3], [288, 2], [248, 0]]"
310,"[[832, 3], [831, 3], [830, 3], [829, 2], [789, 3], [789, 3], [788, 3], [787, 2], [747, 3], [746, 2], [747, 3], [746, 2], [706, 3], [705, 2], [665, 3], [664, 2], [624, 3], [623, 3], [622, 0]]"
311,"[[420, 1], [460, 1], [500, 3], [499, 1], [539, 0], [539, 0], [539, 0], [539, 0], [539, 0], [499, 1], [539, 0]]"
312,"[[788, 3], [787, 2], [747, 3], [746, 2], [706, 3], [705, 2], [665, 3], [666, 3], [665, 3], [664, 2], [624, 3], [624, 3], [623, 3], [622, 2], [622, 2], [582, 3], [581, 2], [541, 3], [581, 2], [541, 3], [540, 3], [500, 3], [499, 1], [539, 0], [539, 0], [539, 0], [539, 0], [539, 0], [539, 0], [539, 0], [499, 0]]"
313,"[[743, 2], [703, 2], [663, 2], [623, 3], [663, 2], [663, 2], [623, 3], [622, 2], [582, 3], [581, 2], [541, 3], [540, 3], [539, 0], [539, 0], [499, 1], [539, 0], [539, 0], [539, 0], [539, 0], [539, 0], [539, 0], [539, 0], [539, 0], [539, 0], [539, 0], [539, 0], [539, 0], [539, 0], [539, 0], [539, 0], [499, 1], [539, 0], [539, 0], [539, 0], [539, 0], [539, 0], [539, 0], [539, 0]]"
314,"[[499, 1], [500, 3], [499, 1], [539, 0], [539, 0], [539, 0], [539, 0], [539, 0], [539, 0], [539, 0]]"
315,"[[420, 1], [460, 1], [500, 3], [499, 1], [539, 0], [540, 3], [540, 3], [540, 3], [539, 0], [539, 0], [539, 0], [539, 0], [539, 0], [539, 0], [540, 3], [539, 0], [539, 0], [539, 0], [539, 0], [539, 0], [539, 0], [539, 0], [539, 0], [540, 3], [539, 0], [539, 0], [539, 0], [539, 0], [539, 0], [540, 0]]"
316,"[[41, 4], [42, 1], [42, 1], [82, 4], [83, 1], [123, 1], [163, 4], [163, 4], [164, 1], [204, 4], [204, 4], [205, 4], [206, 1], [246, 4], [247, 0], [287, 2], [247, 0], [247, 0], [247, 0], [247, 0], [247, 0], [247, 0], [247, 0], [247, 0], [247, 0], [248, 3], [288, 2], [248, 3], [247, 0], [247, 0], [287, 2], [247, 0], [247, 0], [247, 0], [248, 3], [247, 0], [248, 3], [248, 3], [247, 0], [207, 1], [247, 0], [207, 0]]"
317,"[[877, 3], [876, 3], [875, 3], [874, 0], [874, 0], [874, 0], [874, 0], [874, 0]]"
318,"[[420, 1], [460, 1], [500, 3], [540, 3], [539, 0], [539, 0], [539, 0], [499, 1], [539, 0], [539, 0], [539, 0], [539, 0], [539, 0], [539, 0]]"
319,"[[788, 3], [787, 2], [747, 3], [746, 2], [706, 3], [705, 2], [705, 2], [665, 3], [664, 2], [664, 2], [624, 3], [623, 3], [622, 2], [582, 3], [581, 0]]"
320,"[[832, 3], [831, 3], [830, 3], [829, 2], [789, 3], [788, 3], [789, 3], [788, 3], [787, 2], [747, 3], [746, 2], [706, 3], [746, 2], [706, 0]]"
321,"[[832, 3], [831, 3], [830, 3], [829, 2], [789, 3], [788, 3], [828, 2], [788, 3], [788, 3], [787, 2], [747, 3], [707, 0]]"
322,"[[420, 1], [380, 1], [420, 1], [460, 1], [500, 3], [499, 1], [539, 0], [539, 0], [540, 3], [539, 0], [539, 0], [539, 0], [539, 0], [539, 0], [539, 0], [539, 0], [539, 0], [540, 3], [539, 0], [539, 0], [539, 0], [539, 0], [539, 0], [539, 0], [539, 0], [499, 1], [539, 0], [539, 0], [539, 0], [539, 0], [539, 0], [539, 0], [539, 0], [539, 0], [539, 0], [539, 0], [539, 0], [539, 0], [539, 0], [499, 1], [499, 1], [539, 0]]"
323,"[[623, 3], [623, 3], [622, 2], [623, 3], [622, 2], [582, 3], [581, 2], [541, 3], [540, 3], [539, 0], [539, 0], [539, 0], [539, 0], [539, 0], [539, 0], [539, 0], [539, 0], [539, 0], [499, 1], [539, 0], [539, 0], [539, 0], [539, 0], [539, 0], [539, 0], [539, 0], [499, 1], [459, 1], [499, 1], [539, 0], [539, 0], [539, 0], [499, 0]]"
324,"[[788, 3], [787, 2], [747, 3], [746, 2], [706, 3], [705, 2], [665, 3], [664, 2], [624, 3], [584, 1], [624, 3], [623, 3], [622, 2], [622, 2], [582, 3], [581, 2], [581, 2], [541, 3], [581, 2], [541, 3], [540, 3], [539, 0], [539, 0], [539, 0], [539, 0], [539, 0], [539, 0], [539, 0], [539, 0], [539, 0], [539, 0], [539, 0], [539, 0], [539, 0], [539, 0], [539, 0], [539, 0], [539, 0], [540, 3], [539, 0], [539, 0], [539, 0], [539, 0], [539, 0], [539, 0], [539, 0]]"
325,"[[985, 2], [945, 4], [945, 4], [946, 4], [947, 2], [907, 4], [907, 4], [908, 2], [868, 2], [828, 2], [788, 3], [788, 3], [787, 2], [747, 3], [746, 2], [706, 3], [705, 2], [665, 3], [664, 2], [624, 3], [625, 0]]"
326,"[[623, 3], [622, 2], [582, 3], [581, 2], [541, 3], [540, 3], [539, 0], [539, 0], [539, 0], [539, 0], [539, 0], [499, 1], [539, 0], [540, 3], [539, 0], [539, 0], [540, 3], [540, 3], [539, 0], [539, 0], [499, 1], [539, 0], [539, 0], [539, 0], [539, 0], [539, 0], [539, 0], [539, 0], [539, 0], [539, 0]]"
327,"[[788, 3], [787, 2], [747, 3], [746, 2], [706, 3], [746, 2], [706, 3], [705, 2], [665, 3], [664, 2], [624, 3], [623, 3], [622, 2], [622, 2], [623, 3], [623, 3], [622, 2], [622, 2], [582, 3], [583, 3], [582, 0]]"
328,"[[374, 3], [373, 3], [372, 2], [332, 3], [331, 3], [330, 2], [290, 3], [290, 3], [290, 3], [289, 3], [288, 2], [287, 2], [247, 0], [207, 1], [247, 0], [247, 0], [247, 0]]"
329,"[[832, 3], [831, 3], [830, 3], [829, 2], [789, 3], [788, 3], [787, 2], [747, 3], [746, 2], [706, 3], [705, 2], [665, 0]]"
330,"[[420, 1], [460, 1], [459, 1], [499, 1], [539, 0], [539, 0], [539, 0], [539, 0], [539, 0], [539, 0], [539, 0], [539, 0]]"
331,"[[985, 2], [945, 4], [946, 4], [947, 2], [907, 4], [908, 2], [868, 2], [828, 2], [788, 3], [787, 2], [747, 3], [746, 2], [706, 3], [746, 2], [706, 3], [705, 2], [665, 3], [664, 2], [664, 2], [664, 2], [624, 3], [623, 3], [622, 2], [582, 3], [622, 2], [582, 3], [581, 2], [541, 0]]"
332,"[[420, 1], [460, 1], [500, 3], [499, 1], [539, 0], [539, 0], [539, 0], [539, 0], [539, 0], [539, 0], [539, 0], [539, 0], [539, 0], [539, 0], [539, 0], [539, 0], [499, 1], [539, 0], [539, 0], [539, 0], [539, 0], [539, 0], [539, 0], [539, 0], [539, 0], [539, 0], [539, 0], [539, 0], [539, 0], [539, 0], [539, 0], [539, 0], [539, 0], [539, 0], [539, 0], [539, 0], [499, 1], [498, 4], [499, 1], [459, 1], [499, 1], [539, 0], [539, 0]]"
333,"[[623, 3], [622, 2], [582, 3], [582, 3], [622, 2], [582, 3], [581, 2], [541, 3], [501, 3], [500, 3], [499, 1], [539, 0], [539, 0], [539, 0], [539, 0], [539, 0], [499, 1], [539, 0], [539, 0], [539, 0], [499, 1], [500, 3], [499, 1], [539, 0], [539, 0], [539, 0], [539, 0], [539, 0], [539, 0], [539, 0], [539, 0], [539, 0], [540, 3], [539, 0]]"
334,"[[420, 1], [460, 1], [500, 3], [499, 1], [539, 0], [539, 0], [539, 0], [539, 0], [539, 0], [539, 0], [539, 0], [539, 0], [539, 0], [539, 0], [539, 0], [539, 0], [539, 0], [539, 0], [539, 0], [539, 0], [539, 0], [539, 0], [539, 0], [539, 0], [539, 0], [539, 0], [539, 0], [539, 0], [539, 0], [539, 0], [539, 0], [539, 0], [539, 0], [539, 0], [539, 0], [539, 0], [539, 0], [539, 0], [539, 0], [539, 0], [539, 0], [539, 0], [539, 0], [539, 0], [539, 0], [539, 0], [539, 0], [539, 0], [539, 0], [539, 0], [539, 0], [539, 0], [539, 0], [539, 0], [539, 0], [539, 0], [539, 0], [539, 0], [539, 0], [539, 0], [539, 0], [539, 0], [539, 0], [539, 0], [539, 0], [539, 0], [539, 0], [539, 0], [499, 1], [539, 0]]"
335,"[[877, 3], [876, 3], [875, 3], [874, 0], [874, 0], [874, 0], [874, 0], [874, 0], [874, 0], [874, 0], [874, 0], [874, 0], [874, 0], [914, 2], [874, 0], [874, 0], [874, 0], [874, 0], [874, 0], [874, 0]]"
336,"[[206, 1], [246, 4], [247, 0], [247, 0], [247, 0], [247, 0], [247, 0], [287, 2], [287, 2], [288, 2], [248, 3], [248, 3], [247, 0], [287, 2], [287, 2], [247, 0], [247, 0], [247, 0], [287, 2], [247, 0], [247, 0], [247, 0], [247, 0], [247, 0], [248, 3], [248, 3], [247, 0], [287, 2], [247, 0], [247, 0], [247, 0], [248, 3], [288, 2], [248, 3], [247, 0], [287, 2], [247, 0], [247, 0], [247, 0], [247, 0], [247, 0], [247, 0], [247, 0], [247, 0], [247, 0], [247, 0], [247, 0], [247, 0], [247, 0], [247, 0], [247, 0], [247, 0], [287, 2], [247, 0], [247, 0], [247, 0], [247, 0], [247, 0], [247, 0], [247, 0], [247, 0], [247, 0], [247, 0], [247, 0], [247, 0], [247, 0]]"
337,"[[877, 3], [876, 3], [875, 3], [876, 3], [875, 3], [874, 0], [875, 3], [874, 0], [874, 0], [874, 0], [874, 0], [874, 0]]"
338,"[[41, 4], [81, 4], [82, 4], [83, 1], [123, 1], [163, 4], [164, 1], [204, 4], [205, 4], [206, 1], [246, 4], [247, 0], [246, 4], [247, 0], [247, 0]]"
339,"[[278, 1], [278, 1], [318, 3], [317, 1], [318, 3], [317, 1], [357, 1], [397, 1], [396, 1], [436, 4], [437, 1], [477, 1], [517, 1], [557, 1], [597, 1], [637, 1], [677, 1], [717, 1], [757, 1], [756, 1], [796, 4], [796, 4], [796, 4], [796, 4], [797, 1], [837, 1], [837, 1], [877, 3], [876, 3], [875, 3], [874, 0], [874, 0], [874, 0], [874, 0], [874, 0], [874, 0], [914, 2], [874, 0], [874, 0], [874, 0], [834, 1], [834, 1], [874, 0]]"
340,"[[985, 2], [945, 4], [946, 4], [947, 2], [907, 4], [908, 2], [908, 2], [908, 2], [868, 2], [868, 2], [828, 2], [788, 3], [787, 2], [747, 3], [746, 2], [706, 3], [666, 3], [665, 3], [664, 2], [624, 3], [623, 3], [622, 2], [582, 3], [582, 3], [581, 2], [581, 2], [541, 3], [540, 3], [539, 0], [539, 0], [539, 0], [539, 0], [539, 0], [539, 0], [539, 0], [539, 0], [539, 0], [539, 0], [539, 0], [539, 0], [539, 0], [539, 0], [539, 0]]"
341,"[[374, 3], [373, 3], [372, 2], [332, 3], [331, 3], [371, 2], [331, 3], [330, 2], [290, 3], [291, 0]]"
342,"[[788, 3], [787, 2], [747, 3], [746, 2], [706, 3], [705, 2], [665, 3], [664, 2], [624, 3], [623, 3], [622, 2], [582, 3], [581, 2], [541, 3], [540, 3], [540, 3], [539, 0], [539, 0], [539, 0], [540, 3], [539, 0], [539, 0], [539, 0], [539, 0], [539, 0], [540, 3], [539, 0], [539, 0], [539, 0], [539, 0], [539, 0], [539, 0], [499, 1], [539, 0]]"
343,"[[374, 3], [373, 3], [372, 2], [332, 3], [331, 3], [330, 2], [290, 3], [289, 3], [288, 2], [288, 2], [248, 3], [247, 0], [247, 0], [247, 0], [247, 0], [247, 0], [287, 2], [247, 0], [247, 0], [247, 0], [207, 1], [247, 0]]"
344,"[[832, 3], [833, 4], [834, 1], [874, 0], [874, 0], [874, 0], [834, 1], [874, 0], [914, 2], [874, 0], [874, 0], [874, 0], [874, 0], [874, 0], [874, 0], [874, 0], [874, 0]]"
345,"[[788, 3], [787, 2], [747, 3], [746, 2], [706, 3], [705, 2], [665, 3], [705, 2], [665, 3], [664, 2], [624, 3], [623, 0]]"
346,"[[499, 1], [539, 0], [539, 0], [539, 0], [539, 0], [540, 0]]"
347,"[[623, 3], [624, 3], [584, 1], [624, 3], [623, 3], [622, 2], [582, 3], [581, 2], [541, 3], [540, 3], [539, 0], [539, 0], [539, 0], [539, 0], [539, 0], [539, 0], [539, 0], [539, 0], [539, 0], [539, 0], [539, 0], [539, 0], [539, 0], [539, 0], [539, 0], [539, 0], [539, 0], [539, 0], [499, 1], [539, 0], [539, 0], [539, 0], [539, 0], [539, 0], [539, 0], [539, 0], [539, 0], [539, 0], [539, 0], [539, 0], [539, 0], [539, 0], [539, 0], [539, 0], [539, 0]]"
348,"[[420, 1], [460, 1], [500, 3], [499, 1], [539, 0], [539, 0], [539, 0], [539, 0], [539, 0], [539, 0], [539, 0], [539, 0], [539, 0], [539, 0], [540, 3], [539, 0], [539, 0], [539, 0], [539, 0], [539, 0], [539, 0], [539, 0], [539, 0]]"
349,"[[499, 1], [539, 0], [540, 3], [539, 0], [539, 0], [539, 0], [539, 0], [539, 0], [539, 0], [539, 0], [539, 0], [539, 0]]"
350,"[[832, 3], [831, 3], [830, 3], [829, 2], [869, 0]]"
351,"[[832, 3], [831, 3], [830, 3], [829, 2], [789, 3], [829, 2], [789, 3], [788, 3], [787, 2], [747, 3], [746, 2], [706, 3], [706, 3], [705, 2], [665, 3], [666, 3], [665, 3], [664, 2], [664, 2], [624, 3], [623, 3], [622, 2], [582, 3], [622, 2], [582, 3], [583, 3], [582, 3], [581, 2], [541, 3], [540, 3], [539, 0], [539, 0], [499, 1], [539, 0], [539, 0], [539, 0], [539, 0], [499, 1], [500, 3], [500, 3], [501, 3], [500, 3], [499, 1], [539, 0], [539, 0], [539, 0], [539, 0], [539, 0], [539, 0], [539, 0], [539, 0], [539, 0], [539, 0], [539, 0], [539, 0], [539, 0], [539, 0], [539, 0], [539, 0], [539, 0], [539, 0], [499, 1], [539, 0], [539, 0], [539, 0], [539, 0], [499, 0]]"
352,"[[420, 1], [460, 1], [500, 3], [499, 1], [500, 3], [499, 1], [459, 1], [499, 1], [539, 0], [539, 0], [539, 0], [539, 0], [539, 0], [539, 0], [539, 0], [539, 0], [539, 0], [539, 0], [539, 0], [539, 0]]"
353,"[[832, 3], [831, 3], [830, 3], [829, 2], [789, 3], [788, 0]]"
354,"[[877, 3], [876, 3], [875, 3], [874, 0], [874, 0], [874, 0], [834, 1], [874, 0], [874, 0], [874, 0], [874, 0], [874, 0], [834, 1], [874, 0], [874, 0], [874, 0], [874, 0], [874, 0], [874, 0], [874, 0], [834, 1], [874, 0], [874, 0], [874, 0], [874, 0], [874, 0], [874, 0], [914, 2], [874, 0], [874, 0], [874, 0], [874, 0], [874, 0], [914, 2], [874, 0], [834, 1], [874, 0], [834, 1], [874, 0], [914, 2], [874, 0], [874, 0], [874, 0], [875, 3], [874, 0], [874, 0], [875, 3], [874, 0], [874, 0], [834, 1], [874, 0], [834, 1], [874, 0], [874, 0], [914, 2], [874, 0], [875, 3], [874, 0]]"
355,"[[499, 1], [539, 0], [539, 0], [539, 0], [539, 0], [539, 0], [539, 0], [499, 1], [539, 0], [539, 0], [539, 0], [539, 0], [499, 1], [539, 0], [539, 0], [539, 0], [539, 0], [539, 0], [539, 0], [539, 0], [539, 0], [539, 0], [539, 0], [539, 0], [539, 0], [539, 0], [539, 0], [499, 1], [539, 0], [539, 0], [539, 0], [539, 0], [539, 0], [539, 0], [539, 0], [539, 0]]"
356,"[[420, 1], [460, 1], [500, 3], [499, 1], [539, 0], [539, 0], [539, 0], [539, 0], [539, 0], [539, 0], [539, 0], [539, 0], [499, 1], [499, 1], [539, 0], [539, 0], [539, 0], [499, 1], [539, 0], [539, 0], [539, 0], [539, 0], [539, 0], [539, 0], [539, 0], [539, 0], [539, 0], [539, 0], [539, 0], [539, 0], [539, 0], [539, 0], [539, 0], [539, 0], [539, 0], [540, 3], [539, 0], [539, 0], [539, 0], [539, 0], [539, 0], [539, 0], [539, 0]]"
357,"[[788, 3], [787, 2], [747, 3], [746, 2], [706, 3], [705, 2], [665, 3], [664, 2], [624, 3], [664, 2], [624, 3], [623, 3], [622, 2], [582, 3], [581, 2], [541, 3], [540, 3], [539, 0], [539, 0], [539, 0], [539, 0]]"
358,"[[623, 3], [624, 3], [623, 3], [622, 2], [582, 3], [581, 2], [541, 3], [501, 3], [500, 3], [499, 1], [539, 0], [499, 1], [539, 0]]"
359,"[[985, 2], [945, 4], [946, 4], [947, 2], [907, 4], [908, 2], [868, 2], [828, 2], [788, 3], [787, 2], [747, 3], [746, 2], [706, 3], [705, 2], [665, 3], [665, 3], [664, 2], [624, 3], [623, 3], [623, 3], [623, 3], [622, 2], [622, 2], [582, 3], [581, 2], [581, 2], [541, 3], [540, 3], [539, 0], [539, 0], [539, 0], [539, 0], [539, 0], [539, 0], [539, 0], [539, 0]]"
360,"[[985, 2], [945, 4], [946, 4], [946, 4], [947, 2], [947, 2], [907, 4], [908, 2], [868, 2], [828, 2], [788, 3], [787, 2], [747, 3], [746, 2], [706, 3], [707, 3], [747, 3], [787, 2], [747, 3], [746, 2], [706, 3], [705, 2], [665, 3], [666, 3], [665, 3], [664, 2], [624, 3], [623, 3], [622, 2], [582, 3], [581, 2], [541, 3], [540, 3], [539, 0], [539, 0], [539, 0], [539, 0], [539, 0], [539, 0], [539, 0], [539, 0], [539, 0]]"
361,"[[788, 3], [787, 2], [786, 2], [785, 4], [786, 2], [746, 2], [746, 2], [747, 3], [746, 2], [706, 3], [705, 2], [665, 3], [664, 2], [624, 3], [623, 3], [622, 2], [582, 3], [581, 2], [541, 3], [540, 3], [539, 0], [539, 0], [539, 0]]"
362,"[[788, 3], [787, 2], [747, 3], [746, 2], [747, 3], [746, 2], [706, 3], [705, 2], [665, 3], [664, 2], [624, 3], [623, 3], [622, 2], [582, 3], [583, 3], [582, 3], [581, 2], [541, 3], [540, 3], [539, 0], [539, 0], [539, 0], [539, 0], [539, 0], [539, 0], [539, 0]]"
363,"[[623, 3], [622, 2], [582, 3], [583, 3], [582, 3], [583, 3], [582, 3], [581, 0]]"
364,"[[420, 1], [460, 1], [500, 3], [499, 1], [539, 0], [539, 0], [539, 0], [539, 0], [540, 3], [539, 0], [539, 0], [539, 0], [539, 0], [539, 0], [539, 0], [539, 0], [539, 0], [539, 0], [539, 0], [540, 0]]"
365,"[[587, 3], [586, 3], [585, 1], [625, 3], [624, 3], [623, 3], [622, 2], [582, 3], [581, 2], [541, 3], [540, 3], [539, 0], [539, 0]]"
366,"[[985, 2], [985, 2], [945, 4], [946, 4], [947, 2], [907, 4], [908, 2], [868, 2], [828, 2], [828, 2], [788, 3], [789, 3], [788, 3], [787, 2], [747, 3], [746, 2], [706, 3], [705, 2], [665, 3], [664, 2], [624, 3], [623, 3], [622, 2], [582, 3], [581, 2], [541, 3], [540, 3], [539, 0], [539, 0], [539, 0], [539, 0], [539, 0], [539, 0], [539, 0], [539, 0], [539, 0]]"
367,"[[420, 1], [460, 1], [500, 3], [499, 1], [539, 0], [499, 1], [539, 0], [539, 0], [539, 0], [539, 0], [539, 0], [539, 0], [539, 0], [539, 0], [539, 0], [539, 0], [539, 0], [539, 0], [539, 0], [539, 0], [539, 0], [539, 0], [539, 0], [539, 0], [539, 0], [539, 0], [539, 0], [539, 0], [539, 0], [539, 0], [539, 0], [539, 0], [539, 0], [539, 0], [539, 0], [539, 0], [539, 0]]"
368,"[[499, 1], [499, 1], [539, 0], [539, 0], [539, 0], [539, 0], [539, 0]]"
369,"[[623, 3], [622, 2], [582, 3], [581, 2], [581, 2], [541, 3], [540, 3], [539, 0], [539, 0], [539, 0], [539, 0]]"
370,"[[420, 1], [420, 1], [460, 1], [500, 3], [540, 3], [539, 0], [539, 0], [539, 0], [539, 0], [539, 0], [539, 0], [539, 0], [539, 0]]"
371,"[[420, 1], [460, 1], [500, 3], [499, 1], [539, 0]]"
372,"[[587, 3], [586, 3], [585, 1], [625, 3], [625, 3], [624, 3], [623, 3], [623, 3], [622, 2], [582, 3], [622, 2], [582, 3], [542, 3], [541, 3], [540, 3], [539, 0], [539, 0], [539, 0], [539, 0], [539, 0], [539, 0], [499, 1], [539, 0], [539, 0], [499, 1], [539, 0]]"
373,"[[420, 1], [460, 1], [500, 3], [499, 1], [539, 0], [539, 0], [499, 1], [459, 1], [499, 1], [539, 0], [539, 0]]"
374,"[[743, 2], [703, 2], [663, 2], [623, 3], [622, 2], [582, 3], [581, 2], [541, 3], [540, 3], [539, 0], [539, 0], [539, 0], [539, 0], [539, 0], [539, 0], [539, 0], [539, 0], [539, 0], [539, 0], [540, 3], [539, 0], [539, 0], [539, 0], [539, 0], [539, 0], [539, 0], [539, 0], [539, 0], [539, 0], [539, 0], [539, 0], [539, 0], [539, 0], [539, 0], [539, 0], [540, 3], [539, 0], [539, 0], [539, 0]]"
375,"[[743, 2], [743, 2], [703, 2], [663, 2], [623, 3], [622, 2], [582, 3], [581, 2], [541, 3], [540, 3], [539, 0], [539, 0]]"
376,"[[41, 4], [42, 1], [82, 4], [83, 1], [123, 1], [163, 4], [164, 1], [204, 4], [164, 1], [204, 4], [204, 4], [205, 4], [206, 1], [246, 4], [247, 0], [247, 0], [287, 2], [247, 0]]"
377,"[[623, 3], [622, 2], [582, 3], [581, 2], [541, 3], [540, 3], [540, 3], [540, 0]]"
378,"[[420, 1], [460, 1], [500, 3], [460, 1], [500, 3], [499, 1], [539, 0], [539, 0], [539, 0], [539, 0], [539, 0], [540, 3], [539, 0], [539, 0], [539, 0], [539, 0], [539, 0], [539, 0], [539, 0], [539, 0], [539, 0], [539, 0], [539, 0], [539, 0], [539, 0], [539, 0], [539, 0], [539, 0], [539, 0], [539, 0], [539, 0], [539, 0], [539, 0], [499, 1], [499, 1], [539, 0], [539, 0], [539, 0], [539, 0], [539, 0], [539, 0], [539, 0], [539, 0], [539, 0], [539, 0], [539, 0], [539, 0], [539, 0], [539, 0]]"
379,"[[832, 3], [831, 3], [830, 3], [829, 2], [789, 3], [788, 3], [787, 2], [747, 3], [746, 2], [747, 3], [747, 3], [746, 2], [706, 3], [705, 2], [665, 0]]"
380,"[[832, 3], [832, 3], [831, 3], [830, 3], [829, 2], [828, 2], [788, 3], [828, 2], [788, 3], [787, 2], [747, 3], [746, 0]]"
381,"[[420, 1], [380, 1], [420, 1], [460, 1], [500, 3], [499, 1], [539, 0], [539, 0], [539, 0], [539, 0], [539, 0], [539, 0], [539, 0], [539, 0], [499, 1], [459, 1], [499, 1], [539, 0], [539, 0], [539, 0]]"
382,"[[832, 3], [831, 3], [830, 3], [829, 2], [789, 3], [788, 3], [787, 2], [747, 3], [746, 2], [706, 3], [706, 3], [705, 2], [665, 3], [664, 2], [624, 0]]"
383,"[[788, 3], [787, 2], [747, 3], [746, 2], [706, 3], [705, 2], [705, 2], [705, 2], [665, 3], [664, 2], [624, 3], [623, 3], [622, 2], [622, 2], [582, 3], [581, 2], [541, 3], [540, 3], [539, 0], [539, 0], [539, 0], [539, 0], [539, 0], [539, 0], [539, 0], [539, 0]]"
384,"[[832, 3], [831, 3], [831, 3], [830, 3], [790, 3], [789, 3], [788, 3], [748, 3], [747, 3], [746, 2], [706, 3], [705, 2], [665, 3], [664, 2], [624, 3], [623, 3], [622, 2], [582, 3], [581, 2], [582, 0]]"
385,"[[879, 3], [878, 3], [877, 3], [876, 3], [877, 3], [876, 3], [875, 3], [874, 0]]"
386,"[[623, 3], [622, 2], [582, 3], [581, 2], [541, 3], [540, 3], [540, 3], [539, 0], [539, 0], [539, 0], [539, 0], [539, 0], [539, 0], [539, 0], [539, 0], [539, 0], [539, 0], [539, 0], [539, 0], [539, 0], [539, 0], [539, 0], [539, 0], [539, 0], [539, 0], [539, 0], [539, 0], [539, 0], [539, 0], [539, 0], [539, 0], [540, 3], [539, 0], [539, 0], [539, 0], [539, 0], [539, 0], [499, 1], [539, 0], [539, 0], [539, 0], [539, 0], [539, 0], [539, 0], [499, 1], [539, 0], [539, 0], [539, 0], [539, 0], [539, 0], [539, 0], [539, 0], [539, 0]]"
387,"[[623, 3], [622, 2], [622, 2], [582, 3], [581, 2], [541, 3], [540, 3], [539, 0], [539, 0], [539, 0], [539, 0], [539, 0], [539, 0], [539, 0], [539, 0], [539, 0], [539, 0], [539, 0], [539, 0], [539, 0], [539, 0], [539, 0], [539, 0], [539, 0], [539, 0], [539, 0], [539, 0], [539, 0], [539, 0]]"
388,"[[788, 3], [787, 2], [787, 2], [747, 3], [746, 2], [746, 2], [706, 3], [705, 2], [705, 2], [665, 3], [664, 2], [624, 3], [623, 3], [622, 2], [582, 3], [581, 2], [541, 3], [540, 3], [540, 3], [539, 0], [499, 1], [539, 0], [539, 0], [539, 0], [539, 0], [539, 0], [499, 1], [539, 0], [539, 0], [539, 0], [539, 0], [539, 0], [539, 0], [539, 0], [539, 0], [539, 0], [539, 0], [539, 0], [539, 0], [539, 0], [539, 0], [539, 0], [539, 0], [539, 0], [539, 0], [539, 0], [499, 1], [539, 0], [539, 0], [539, 0]]"
389,"[[623, 3], [622, 2], [582, 3], [581, 2], [581, 2], [541, 3], [540, 3], [539, 0], [539, 0], [539, 0], [539, 0], [539, 0], [539, 0], [539, 0], [539, 0], [539, 0], [539, 0], [539, 0], [539, 0], [539, 0], [539, 0], [539, 0], [539, 0], [499, 1], [539, 0], [539, 0], [539, 0]]"
390,"[[788, 3], [788, 3], [787, 2], [747, 3], [746, 2], [706, 3], [707, 3], [707, 3], [706, 3], [705, 2], [665, 3], [664, 2], [664, 2], [624, 3], [623, 3], [623, 3], [622, 2], [622, 2], [582, 3], [581, 2], [582, 3], [581, 2], [541, 3], [541, 3], [540, 3], [539, 0], [539, 0], [539, 0], [540, 3], [539, 0], [539, 0], [539, 0], [539, 0], [539, 0], [539, 0], [539, 0], [539, 0], [539, 0], [539, 0], [539, 0], [539, 0], [539, 0], [539, 0], [539, 0], [539, 0], [539, 0], [540, 3], [540, 3], [539, 0], [539, 0], [539, 0], [540, 3], [539, 0], [539, 0], [499, 1], [539, 0], [539, 0], [539, 0], [539, 0], [539, 0], [539, 0], [499, 1], [539, 0], [539, 0]]"
391,"[[788, 3], [787, 2], [747, 3], [787, 2], [747, 3], [748, 3], [747, 3], [746, 2], [706, 3], [705, 2], [665, 3], [664, 2], [624, 3], [623, 3], [623, 3], [622, 2], [623, 3], [622, 2], [582, 3], [581, 2], [581, 2], [541, 3], [540, 3], [539, 0], [539, 0], [539, 0], [539, 0], [539, 0], [539, 0], [539, 0], [539, 0], [539, 0], [539, 0], [539, 0], [539, 0], [539, 0], [539, 0], [499, 1], [539, 0], [539, 0], [539, 0], [539, 0], [539, 0], [539, 0], [539, 0], [539, 0], [539, 0], [539, 0]]"
392,"[[420, 1], [460, 1], [459, 0]]"
393,"[[206, 1], [246, 4], [247, 0], [247, 0], [247, 0], [247, 0], [247, 0], [247, 0], [247, 0], [246, 4], [206, 1], [246, 4], [247, 0], [247, 0], [247, 0], [248, 3], [247, 0], [247, 0], [247, 0], [207, 1], [247, 0], [247, 0], [247, 0], [247, 0], [247, 0], [247, 0], [247, 0], [247, 0], [287, 2], [287, 2], [287, 2], [287, 2], [247, 0], [247, 0], [247, 0], [247, 0], [247, 0], [247, 0], [247, 0], [246, 0]]"
394,"[[743, 2], [783, 2], [743, 2], [703, 2], [663, 2], [623, 3], [622, 2], [582, 3], [581, 2], [582, 3], [581, 2], [541, 3], [540, 0]]"
395,"[[832, 3], [833, 4], [834, 1], [874, 0], [874, 0], [874, 0], [834, 1], [874, 0], [874, 0], [874, 0], [874, 0], [874, 0], [874, 0], [874, 0], [874, 0], [874, 0], [874, 0], [874, 0], [874, 0], [874, 0], [874, 0], [874, 0], [874, 0], [874, 0], [874, 0]]"
396,"[[41, 4], [42, 1], [82, 4], [83, 1], [83, 1], [123, 1], [122, 4], [123, 1], [163, 4], [164, 1], [204, 4], [205, 4], [205, 4], [206, 1], [246, 4], [247, 0], [246, 4], [247, 0], [247, 0], [247, 0], [247, 0], [247, 0], [247, 0], [247, 0], [287, 2], [247, 0], [247, 0], [247, 0], [247, 0], [247, 0], [247, 0], [247, 0], [247, 0], [246, 4], [246, 4], [247, 0], [247, 0], [247, 0], [247, 0], [247, 0], [247, 0], [247, 0], [247, 0], [247, 0], [247, 0], [247, 0], [247, 0], [247, 0], [248, 3], [248, 3], [247, 0]]"
397,"[[420, 1], [460, 1], [500, 3], [499, 1], [539, 0], [539, 0], [539, 0], [539, 0], [539, 0], [539, 0], [540, 3], [540, 3], [540, 3], [539, 0], [539, 0], [539, 0], [499, 1], [539, 0], [539, 0], [539, 0], [539, 0], [539, 0], [539, 0], [539, 0], [539, 0], [539, 0]]"
398,"[[743, 2], [744, 3], [784, 4], [744, 3], [743, 2], [703, 2], [663, 2], [623, 3], [622, 2], [623, 3], [622, 2], [582, 3], [581, 2], [541, 3], [540, 3], [539, 0], [540, 3], [541, 3], [540, 3], [539, 0], [539, 0], [539, 0], [539, 0], [539, 0], [539, 0], [539, 0], [539, 0], [539, 0], [539, 0]]"
399,"[[788, 3], [787, 2], [747, 3], [746, 2], [747, 3], [746, 2], [706, 3], [705, 2], [665, 3], [664, 2], [664, 2], [624, 3], [623, 3], [622, 2], [582, 3], [581, 2], [541, 3], [540, 3], [539, 0], [539, 0]]"
400,"[[1071, 2], [1031, 4], [1032, 2], [992, 4], [992, 4], [993, 2], [953, 4], [954, 0]]"
401,"[[788, 3], [787, 2], [788, 3], [787, 2], [787, 2], [747, 3], [746, 2], [786, 2], [785, 4], [786, 2], [746, 2], [746, 2], [706, 0]]"
402,"[[420, 1], [460, 1], [500, 3], [499, 0]]"
403,"[[743, 2], [703, 2], [663, 2], [623, 3], [624, 3], [623, 3], [622, 2], [582, 3], [581, 2], [541, 3], [540, 3], [539, 0], [539, 0], [539, 0], [539, 0], [539, 0], [539, 0], [539, 0], [539, 0], [539, 0], [539, 0], [539, 0]]"
404,"[[788, 3], [787, 2], [787, 2], [747, 3], [787, 2], [787, 2], [747, 3], [746, 2], [706, 3], [705, 2], [665, 3], [664, 2], [624, 3], [623, 3], [622, 2], [582, 3], [581, 2], [541, 3], [541, 3], [540, 3], [539, 0], [539, 0], [539, 0], [539, 0], [539, 0], [539, 0], [539, 0], [539, 0], [539, 0], [539, 0], [499, 1], [539, 0], [539, 0], [539, 0], [539, 0], [539, 0], [539, 0], [539, 0], [539, 0], [539, 0], [539, 0], [539, 0], [539, 0], [539, 0], [539, 0], [539, 0], [539, 0], [539, 0], [539, 0], [539, 0]]"
405,"[[879, 3], [878, 3], [877, 3], [877, 3], [876, 3], [876, 3], [875, 3], [875, 3], [874, 0], [874, 0], [874, 0], [874, 0], [874, 0], [874, 0], [874, 0], [874, 0], [874, 0], [875, 3], [875, 3], [874, 0], [874, 0], [874, 0], [874, 0], [874, 0], [874, 0], [874, 0], [874, 0], [914, 2], [874, 0], [874, 0], [834, 1], [834, 1], [874, 0], [874, 0], [874, 0], [874, 0], [874, 0], [874, 0], [874, 0], [874, 0], [874, 0], [914, 2], [914, 2], [874, 0], [874, 0], [874, 0], [874, 0], [874, 0], [874, 0], [874, 0], [874, 0], [874, 0], [874, 0], [874, 0], [874, 0], [874, 0], [874, 0], [874, 0], [874, 0], [875, 3], [874, 0], [874, 0], [874, 0], [874, 0], [874, 0], [874, 0], [874, 0], [874, 0], [874, 0], [874, 0]]"
406,"[[743, 2], [703, 2], [663, 2], [623, 3], [622, 2], [623, 3], [622, 2], [582, 3], [581, 2], [581, 2], [541, 0]]"
407,"[[985, 2], [945, 4], [946, 4], [947, 2], [947, 2], [907, 4], [908, 2], [908, 2], [868, 2], [828, 2], [828, 2], [788, 3], [788, 3], [787, 0]]"
408,"[[877, 3], [876, 3], [875, 3], [874, 0], [874, 0], [874, 0], [874, 0], [874, 0]]"
409,"[[587, 3], [587, 3], [586, 3], [587, 3], [586, 3], [585, 1], [625, 3], [625, 3], [624, 0]]"
410,"[[832, 3], [831, 3], [830, 3], [829, 2], [789, 3], [788, 3], [828, 2], [828, 2], [829, 2], [789, 3], [788, 3], [788, 3], [789, 3], [788, 3], [787, 2], [747, 3], [746, 2], [706, 3], [705, 0]]"
411,"[[788, 3], [748, 3], [788, 3], [787, 2], [747, 3], [746, 2], [706, 3], [705, 2], [665, 3], [705, 0]]"
412,"[[985, 2], [984, 4], [985, 2], [945, 4], [945, 4], [946, 4], [947, 2], [946, 4], [947, 2], [907, 4], [908, 2], [868, 2], [828, 2], [788, 3], [828, 2], [788, 3], [788, 3], [787, 2], [747, 3], [746, 2], [706, 3], [746, 2], [706, 3], [705, 2], [665, 3], [664, 2], [624, 3], [623, 3], [622, 2], [582, 3], [581, 2], [541, 3], [540, 3], [541, 3], [541, 0]]"
413,"[[623, 3], [624, 3], [623, 3], [622, 2], [582, 3], [583, 3], [582, 3], [581, 2], [541, 3], [540, 3], [539, 0], [539, 0], [539, 0], [539, 0], [539, 0], [539, 0], [539, 0], [540, 3], [539, 0], [499, 1], [539, 0], [539, 0], [539, 0], [539, 0], [539, 0], [539, 0], [539, 0], [539, 0], [540, 3], [539, 0], [539, 0], [539, 0], [539, 0], [539, 0], [539, 0], [539, 0], [540, 3], [539, 0], [539, 0], [499, 1], [539, 0], [540, 3], [539, 0], [539, 0], [539, 0], [539, 0], [539, 0], [539, 0], [539, 0], [539, 0], [539, 0], [539, 0], [539, 0], [539, 0], [539, 0], [539, 0], [539, 0], [539, 0], [539, 0], [539, 0], [539, 0], [539, 0], [539, 0], [539, 0], [539, 0], [539, 0]]"
414,"[[420, 1], [460, 1], [500, 3], [500, 3], [540, 3], [539, 0], [539, 0], [539, 0], [539, 0], [539, 0], [540, 3], [539, 0], [539, 0], [539, 0], [540, 3], [539, 0], [539, 0], [539, 0], [539, 0], [539, 0], [539, 0], [539, 0], [539, 0], [539, 0], [539, 0], [539, 0], [539, 0], [539, 0], [539, 0], [539, 0], [539, 0], [539, 0], [540, 3], [539, 0], [539, 0], [539, 0], [539, 0], [539, 0], [539, 0], [539, 0], [539, 0], [539, 0], [539, 0]]"
415,"[[623, 3], [622, 2], [582, 3], [581, 2], [541, 3], [581, 2], [541, 3], [540, 3], [539, 0], [539, 0], [540, 3], [539, 0], [539, 0], [539, 0], [539, 0], [539, 0], [539, 0], [539, 0], [539, 0], [539, 0], [539, 0], [539, 0], [539, 0], [539, 0], [540, 3], [539, 0], [539, 0], [539, 0], [539, 0], [539, 0], [539, 0], [499, 1], [539, 0], [539, 0], [539, 0], [539, 0], [539, 0], [539, 0], [539, 0], [539, 0], [539, 0], [499, 1], [539, 0], [539, 0], [539, 0], [539, 0], [539, 0], [539, 0], [499, 1], [539, 0], [539, 0], [539, 0], [539, 0], [539, 0], [499, 1], [499, 1], [459, 0]]"
416,"[[1071, 2], [1031, 4], [1032, 2], [992, 4], [993, 2], [953, 4], [954, 2], [914, 2], [874, 0], [875, 3], [875, 0]]"
417,"[[832, 3], [831, 3], [830, 3], [829, 2], [789, 3], [788, 3], [748, 3], [747, 3], [746, 2], [706, 3], [705, 2], [665, 3], [664, 2], [664, 2], [624, 3], [623, 3], [624, 3], [623, 0]]"
418,"[[743, 2], [703, 2], [663, 2], [623, 0]]"
419,"[[499, 1], [539, 0], [539, 0], [539, 0], [539, 0], [539, 0], [539, 0], [539, 0], [539, 0], [539, 0], [539, 0], [539, 0], [539, 0], [539, 0], [539, 0], [539, 0], [499, 1], [539, 0], [539, 0], [539, 0], [539, 0], [539, 0], [539, 0], [539, 0]]"
420,"[[879, 3], [878, 3], [877, 3], [876, 3], [875, 3], [874, 0], [874, 0], [874, 0], [874, 0], [875, 3], [874, 0], [834, 1], [874, 0], [875, 3], [874, 0]]"
421,"[[832, 3], [831, 3], [830, 3], [830, 3], [829, 2], [789, 3], [788, 3], [787, 2], [747, 3], [746, 2], [706, 3], [705, 2], [665, 3], [664, 2], [664, 2], [624, 3], [584, 1], [624, 3], [623, 3], [622, 2], [582, 3], [542, 3], [541, 3], [540, 3], [539, 0], [539, 0], [539, 0], [499, 1], [539, 0], [499, 1], [498, 4], [499, 1], [539, 0], [539, 0], [539, 0], [539, 0], [540, 3], [539, 0], [539, 0], [539, 0], [539, 0], [540, 3], [539, 0]]"
422,"[[877, 3], [876, 3], [875, 3], [874, 0], [874, 0], [874, 0], [874, 0], [874, 0], [874, 0], [874, 0], [875, 3], [875, 3], [874, 0], [874, 0], [874, 0], [874, 0], [874, 0], [874, 0], [834, 1], [874, 0], [874, 0], [834, 0]]"
423,"[[623, 3], [623, 3], [622, 2], [582, 3], [581, 2], [541, 3], [540, 3], [539, 0], [539, 0], [539, 0], [539, 0], [539, 0], [539, 0], [539, 0], [539, 0], [539, 0], [540, 3], [539, 0]]"
424,"[[788, 3], [787, 2], [747, 3], [746, 2], [706, 3], [707, 3], [706, 3], [705, 2], [665, 3], [664, 2], [624, 3], [584, 1], [624, 3], [623, 3], [623, 3], [622, 2], [582, 3], [581, 2], [541, 3], [540, 0]]"
425,"[[1071, 2], [1031, 4], [1032, 2], [992, 4], [992, 4], [992, 4], [1032, 2], [992, 4], [992, 4], [1032, 2], [992, 4], [993, 2], [953, 4], [954, 2], [914, 2], [914, 2], [874, 0]]"
426,"[[879, 3], [878, 3], [877, 3], [876, 0]]"
427,"[[743, 2], [703, 2], [663, 2], [623, 3], [622, 2], [582, 3], [581, 2], [581, 2], [541, 3], [540, 3], [539, 0], [539, 0], [540, 3], [539, 0], [539, 0], [539, 0], [539, 0], [539, 0], [539, 0]]"
428,"[[1105, 4], [1105, 4], [1106, 1], [1146, 4], [1146, 4], [1147, 4], [1148, 2], [1148, 2], [1108, 4], [1108, 4], [1109, 4], [1110, 2], [1070, 4], [1071, 2], [1031, 4], [1032, 2], [992, 4], [993, 2], [953, 4], [954, 2], [914, 2], [914, 2], [874, 0], [874, 0], [874, 0], [875, 3], [874, 0], [874, 0], [874, 0], [874, 0], [874, 0], [874, 0], [874, 0], [874, 0], [874, 0], [874, 0], [874, 0], [874, 0], [914, 2], [874, 0], [874, 0], [874, 0], [874, 0], [874, 0], [914, 2], [874, 0], [874, 0]]"
429,"[[374, 3], [373, 3], [373, 3], [372, 2], [332, 0]]"
430,"[[1071, 2], [1070, 4], [1071, 2], [1031, 4], [1032, 2], [1033, 2], [993, 2], [953, 4], [993, 2], [953, 4], [954, 2], [914, 2], [874, 0], [834, 1], [834, 1], [874, 0], [875, 3], [874, 0], [874, 0], [874, 0], [874, 0], [874, 0], [874, 0]]"
431,"[[788, 3], [787, 2], [787, 2], [747, 3], [746, 2], [706, 3], [705, 2], [665, 3], [664, 2], [624, 3], [623, 3], [622, 2], [622, 2], [582, 3], [542, 3], [541, 3], [581, 2], [541, 3], [540, 3], [539, 0], [539, 0], [539, 0], [539, 0], [539, 0], [539, 0], [539, 0], [539, 0], [540, 3], [539, 0], [539, 0], [539, 0], [540, 0]]"
432,"[[420, 1], [380, 1], [420, 1], [460, 1], [461, 1], [501, 3], [500, 3], [499, 1], [539, 0], [539, 0], [539, 0], [539, 0], [539, 0], [539, 0], [539, 0], [539, 0], [539, 0], [539, 0], [539, 0], [539, 0], [539, 0], [539, 0], [539, 0], [539, 0], [539, 0], [539, 0], [539, 0], [539, 0], [539, 0], [539, 0], [540, 3], [539, 0], [539, 0], [539, 0], [539, 0], [539, 0], [539, 0], [499, 1], [539, 0], [539, 0], [539, 0], [539, 0], [539, 0], [539, 0], [539, 0]]"
433,"[[832, 3], [831, 3], [830, 3], [829, 2], [789, 3], [788, 3], [787, 2], [747, 3], [746, 2], [706, 3], [706, 3], [706, 3], [705, 2], [665, 0]]"
434,"[[985, 2], [945, 4], [946, 4], [946, 4], [947, 2], [907, 4], [908, 2], [907, 4], [908, 2], [868, 2], [868, 2], [908, 2], [868, 2], [828, 2], [828, 2], [788, 3], [828, 0]]"
435,"[[1105, 4], [1106, 1], [1106, 1], [1105, 4], [1106, 1], [1146, 4], [1147, 4], [1148, 2], [1148, 2], [1148, 2], [1148, 2], [1108, 4], [1108, 4], [1108, 4], [1109, 4], [1110, 2], [1070, 4], [1070, 4], [1110, 0]]"
436,"[[623, 3], [624, 3], [623, 3], [622, 2], [582, 3], [581, 2], [541, 3], [540, 3], [539, 0], [539, 0], [539, 0], [539, 0], [539, 0], [539, 0], [539, 0], [540, 0]]"
437,"[[623, 3], [622, 2], [582, 3], [581, 2], [582, 3], [581, 2], [581, 2], [541, 0]]"
438,"[[788, 3], [787, 2], [747, 3], [787, 2], [788, 3], [787, 2], [747, 3], [787, 2], [747, 3], [747, 3], [746, 2], [747, 3], [746, 0]]"
439,"[[743, 2], [743, 2], [703, 2], [663, 2], [623, 3], [622, 2], [623, 3], [622, 2], [582, 3], [581, 2], [541, 3], [540, 3], [540, 3], [539, 0], [540, 3], [539, 0], [539, 0], [539, 0], [539, 0], [539, 0], [539, 0], [539, 0], [539, 0], [539, 0], [539, 0], [539, 0], [539, 0], [539, 0], [539, 0], [539, 0], [539, 0], [539, 0], [539, 0], [539, 0], [539, 0], [539, 0], [539, 0], [539, 0], [539, 0], [539, 0], [539, 0], [539, 0], [539, 0], [539, 0], [539, 0], [539, 0], [539, 0], [540, 3], [539, 0], [539, 0], [499, 1], [539, 0], [539, 0]]"
440,"[[788, 3], [787, 2], [786, 2], [746, 2], [746, 2], [746, 2], [706, 3], [705, 2], [665, 3], [664, 2], [624, 3], [584, 1], [624, 3], [623, 3], [622, 2], [582, 3], [622, 2], [582, 3], [581, 2], [541, 3], [540, 3], [541, 3], [540, 3], [539, 0], [499, 1], [539, 0], [499, 1], [539, 0]]"
441,"[[788, 3], [789, 3], [788, 3], [787, 2], [747, 3], [746, 2], [706, 3], [705, 2], [665, 3], [665, 3], [664, 2], [624, 3], [623, 3], [583, 3], [582, 3], [583, 0]]"
442,"[[985, 2], [985, 2], [945, 4], [946, 4], [946, 4], [946, 4], [947, 2], [907, 4], [947, 2], [947, 2], [907, 4], [907, 0]]"
443,"[[587, 3], [586, 3], [585, 1], [584, 1], [583, 3], [582, 3], [581, 2], [581, 2], [541, 3], [540, 0]]"
444,"[[420, 1], [460, 1], [500, 3], [460, 1], [500, 3], [499, 1], [539, 0], [539, 0], [539, 0], [539, 0], [539, 0], [539, 0], [539, 0], [539, 0]]"
445,"[[587, 3], [586, 3], [585, 1], [625, 3], [625, 3], [624, 3], [623, 3], [622, 2], [582, 3], [583, 3], [582, 3], [581, 2], [541, 3], [540, 3], [540, 3], [539, 0], [539, 0], [539, 0], [539, 0], [539, 0], [539, 0], [499, 1], [539, 0], [539, 0], [539, 0], [540, 3], [539, 0], [539, 0], [539, 0], [539, 0], [539, 0], [539, 0], [539, 0], [539, 0], [539, 0]]"
446,"[[788, 3], [787, 2], [787, 2], [747, 3], [746, 2], [706, 3], [746, 2], [706, 3], [705, 2], [665, 0]]"
447,"[[832, 3], [831, 3], [830, 3], [790, 3], [789, 3], [788, 3], [787, 0]]"
448,"[[832, 3], [831, 3], [830, 3], [829, 2], [789, 3], [788, 3], [787, 2], [747, 3], [746, 2], [706, 3], [705, 2], [705, 2], [665, 3], [664, 2], [624, 3], [623, 3], [622, 2], [582, 3], [581, 0]]"
449,"[[1071, 2], [1031, 4], [1032, 2], [992, 4], [993, 2], [953, 4], [954, 2], [914, 2], [874, 0], [874, 0], [874, 0], [874, 0], [874, 0], [874, 0], [874, 0], [874, 0], [874, 0], [874, 0], [874, 0], [874, 0], [874, 0], [874, 0], [874, 0], [874, 0], [874, 0], [874, 0]]"
450,"[[788, 3], [788, 3], [789, 3], [788, 3], [787, 2], [747, 3], [746, 2], [706, 3], [705, 2], [665, 3], [664, 2], [624, 3], [624, 3], [623, 3], [622, 2], [582, 3], [581, 2], [541, 3], [540, 3], [540, 3], [539, 0], [539, 0], [539, 0], [539, 0], [539, 0], [539, 0], [539, 0], [539, 0], [540, 3], [540, 3], [539, 0], [539, 0], [539, 0], [539, 0], [499, 0]]"
451,"[[788, 3], [787, 2], [747, 3], [746, 2], [746, 2], [747, 3], [787, 2], [747, 3], [746, 2], [706, 3], [746, 2], [706, 3], [705, 2], [665, 3], [664, 2], [664, 2], [624, 3], [623, 3], [624, 3], [623, 3], [622, 2], [622, 2], [582, 3], [581, 2], [541, 3], [581, 2], [582, 3], [581, 2], [541, 3], [540, 3], [539, 0], [539, 0], [539, 0], [499, 0]]"
452,"[[832, 3], [831, 3], [830, 3], [829, 2], [828, 2], [788, 3], [787, 2], [747, 0]]"
453,"[[623, 3], [622, 2], [623, 3], [622, 2], [582, 3], [581, 2], [541, 3], [540, 3], [539, 0], [539, 0], [540, 3], [540, 0]]"
454,"[[985, 2], [945, 4], [946, 4], [947, 2], [907, 4], [907, 4], [908, 2], [868, 0]]"
455,"[[832, 3], [831, 3], [830, 3], [829, 2], [789, 3], [789, 3], [788, 3], [787, 2], [747, 3], [746, 2], [706, 3], [705, 2], [665, 3], [664, 2], [624, 3], [625, 3], [624, 3], [624, 3], [584, 1], [624, 3], [623, 3], [663, 2], [623, 3], [622, 2], [582, 3], [581, 2], [541, 3], [540, 3], [540, 3], [539, 0], [539, 0], [539, 0], [539, 0], [540, 3], [539, 0], [539, 0], [539, 0], [539, 0], [539, 0], [539, 0], [539, 0], [539, 0], [539, 0], [539, 0], [540, 3], [539, 0], [539, 0], [499, 1], [499, 1], [539, 0], [539, 0], [539, 0], [539, 0], [540, 3], [539, 0], [539, 0], [539, 0]]"
456,"[[832, 3], [831, 3], [832, 3], [831, 3], [830, 3], [829, 2], [789, 3], [788, 3], [788, 3], [748, 3], [747, 3], [746, 2], [747, 3], [747, 3], [746, 2], [786, 2], [746, 2], [706, 3], [705, 2], [665, 3], [664, 2], [665, 3], [666, 3], [665, 3], [664, 2], [624, 3], [584, 1], [624, 3], [623, 3], [622, 2], [582, 3], [581, 2], [541, 0]]"
457,"[[788, 3], [787, 2], [747, 3], [746, 2], [706, 3], [705, 2], [665, 3], [664, 2], [624, 3], [623, 3], [622, 2], [582, 3], [581, 2], [541, 3], [540, 3], [539, 0], [539, 0], [539, 0], [539, 0], [539, 0], [539, 0], [540, 3], [539, 0], [539, 0], [539, 0], [539, 0], [539, 0], [539, 0], [539, 0]]"
458,"[[832, 3], [831, 3], [830, 3], [829, 2], [789, 3], [788, 3], [787, 2], [747, 3], [746, 2], [706, 3], [707, 3], [707, 3], [706, 3], [705, 2], [665, 3], [664, 2], [624, 3], [624, 0]]"
459,"[[985, 2], [945, 4], [946, 4], [947, 2], [907, 4], [908, 2], [868, 2], [868, 2], [869, 2], [869, 2], [829, 2], [789, 3], [788, 3], [787, 2], [747, 3], [746, 2], [706, 3], [705, 2], [665, 3], [664, 2], [624, 0]]"
460,"[[877, 3], [876, 3], [875, 3], [874, 0], [874, 0], [875, 3], [874, 0], [874, 0], [874, 0], [874, 0], [914, 2], [874, 0], [874, 0], [874, 0], [874, 0], [874, 0]]"
461,"[[1105, 4], [1106, 1], [1105, 4], [1105, 4], [1106, 1], [1146, 4], [1147, 4], [1148, 2], [1148, 2], [1108, 4], [1108, 4], [1148, 2], [1147, 4], [1148, 2], [1108, 4], [1109, 4], [1110, 2], [1070, 4], [1071, 2], [1071, 2], [1031, 4], [1031, 4], [1032, 2], [992, 4], [993, 2], [1033, 2], [993, 2], [953, 4], [954, 2], [914, 2], [914, 2], [914, 2], [874, 0], [874, 0], [874, 0], [874, 0], [874, 0], [874, 0], [874, 0], [874, 0], [875, 3], [874, 0], [874, 0], [874, 0], [874, 0], [874, 0]]"
462,"[[41, 4], [42, 1], [82, 4], [83, 1], [123, 1], [163, 4], [164, 1], [204, 4], [205, 4], [206, 1], [246, 4], [247, 0], [247, 0], [247, 0], [247, 0], [207, 1], [247, 0], [247, 0], [247, 0], [207, 1], [247, 0], [247, 0], [247, 0], [247, 0], [247, 0], [247, 0], [248, 3], [247, 0], [247, 0], [247, 0], [247, 0], [247, 0], [246, 4], [246, 4], [247, 0], [287, 2], [247, 0]]"
463,"[[374, 3], [373, 3], [372, 2], [371, 2], [331, 3], [330, 2], [290, 3], [290, 3], [289, 3], [289, 3], [289, 3], [288, 2], [248, 3], [247, 0], [247, 0], [248, 3], [247, 0], [247, 0], [247, 0], [247, 0], [247, 0], [247, 0], [246, 4], [247, 0], [248, 3], [247, 0], [248, 3], [288, 2], [288, 2], [288, 2], [248, 3], [247, 0], [247, 0], [247, 0], [247, 0], [247, 0], [247, 0], [247, 0], [246, 4], [247, 0], [247, 0], [247, 0], [247, 0], [247, 0], [246, 4], [247, 0], [247, 0], [247, 0], [287, 2], [247, 0], [247, 0], [287, 2], [247, 0], [247, 0], [247, 0], [247, 0], [247, 0], [247, 0], [247, 0], [248, 3], [247, 0], [246, 4], [247, 0], [247, 0]]"
464,"[[420, 1], [460, 1], [500, 3], [499, 1], [539, 0], [539, 0], [539, 0], [539, 0], [539, 0], [539, 0], [539, 0], [539, 0], [539, 0], [539, 0], [539, 0], [539, 0], [539, 0], [539, 0], [539, 0], [539, 0], [539, 0], [539, 0], [539, 0], [539, 0], [539, 0], [539, 0], [539, 0], [539, 0], [540, 3], [539, 0], [539, 0], [539, 0], [539, 0], [539, 0], [539, 0], [539, 0], [539, 0]]"
465,"[[788, 3], [787, 2], [747, 3], [746, 2], [786, 2], [786, 2], [746, 2], [746, 2], [706, 3], [705, 2], [665, 0]]"
466,"[[41, 4], [42, 1], [82, 4], [81, 4], [82, 4], [83, 1], [123, 1], [163, 4], [164, 1], [204, 4], [205, 4], [206, 1], [246, 4], [247, 0], [247, 0], [247, 0], [247, 0], [247, 0], [247, 0], [247, 0], [247, 0], [247, 0], [247, 0], [246, 4], [247, 0], [247, 0], [247, 0], [247, 0], [247, 0], [287, 2], [247, 0], [247, 0], [247, 0], [247, 0], [247, 0], [247, 0], [247, 0], [247, 0], [247, 0], [247, 0], [247, 0], [247, 0], [207, 1], [247, 0], [247, 0], [247, 0], [247, 0], [247, 0], [247, 0], [247, 0], [246, 4], [247, 0], [247, 0], [247, 0], [247, 0], [247, 0], [207, 1], [247, 0]]"
467,"[[420, 1], [460, 1], [500, 3], [460, 1], [500, 3], [499, 1], [539, 0], [499, 1], [539, 0], [539, 0], [539, 0], [539, 0], [539, 0], [539, 0], [539, 0], [539, 0], [539, 0], [539, 0], [539, 0], [539, 0], [539, 0], [539, 0], [539, 0], [539, 0], [539, 0], [539, 0], [539, 0], [539, 0], [539, 0], [540, 0]]"
468,"[[743, 2], [703, 2], [663, 2], [623, 3], [622, 2], [582, 0]]"
469,"[[420, 1], [460, 1], [500, 3], [499, 1], [539, 0], [539, 0], [539, 0], [539, 0], [539, 0], [539, 0], [539, 0], [539, 0], [539, 0], [539, 0], [539, 0], [539, 0], [539, 0], [539, 0], [539, 0], [539, 0], [539, 0], [539, 0], [539, 0], [539, 0]]"
470,"[[877, 3], [877, 3], [876, 3], [875, 3], [874, 0], [874, 0], [874, 0], [874, 0], [874, 0], [874, 0], [874, 0], [874, 0], [874, 0], [874, 0], [874, 0]]"
471,"[[832, 3], [831, 3], [830, 3], [829, 2], [829, 2], [789, 3], [788, 0]]"
472,"[[788, 3], [787, 2], [747, 3], [748, 3], [747, 3], [746, 2], [706, 3], [705, 2], [665, 3], [705, 2], [665, 3], [705, 2], [665, 3], [664, 2], [624, 3], [623, 3], [622, 0]]"
473,"[[623, 3], [622, 2], [582, 3], [581, 2], [541, 3], [540, 3], [539, 0], [539, 0], [539, 0], [539, 0], [539, 0], [499, 1], [539, 0], [539, 0], [499, 1], [539, 0], [539, 0], [539, 0], [539, 0], [539, 0], [539, 0], [539, 0], [539, 0], [539, 0], [539, 0], [539, 0], [539, 0], [539, 0], [539, 0], [539, 0], [539, 0], [539, 0], [539, 0], [539, 0], [539, 0], [539, 0], [539, 0], [539, 0], [539, 0], [539, 0], [539, 0], [539, 0], [539, 0], [539, 0], [539, 0], [539, 0], [539, 0], [499, 1], [539, 0], [539, 0], [539, 0], [539, 0], [539, 0]]"
474,"[[788, 3], [748, 3], [747, 3], [746, 2], [746, 2], [746, 2], [706, 3], [706, 3], [666, 3], [665, 3], [664, 2], [665, 3], [664, 2], [624, 3], [623, 3], [622, 2], [623, 3], [623, 3], [622, 2], [622, 2], [582, 0]]"
475,"[[499, 1], [539, 0], [539, 0], [539, 0], [539, 0], [539, 0], [539, 0], [539, 0], [539, 0], [539, 0], [539, 0]]"
476,"[[420, 1], [460, 1], [459, 1], [458, 1], [498, 4], [499, 1], [539, 0], [539, 0], [539, 0], [539, 0], [539, 0], [499, 1], [539, 0], [539, 0], [539, 0], [539, 0], [539, 0], [539, 0], [539, 0], [539, 0], [539, 0], [540, 3], [539, 0], [539, 0], [539, 0], [539, 0], [539, 0], [539, 0]]"
477,"[[788, 3], [748, 0]]"
478,"[[877, 3], [876, 3], [875, 3], [874, 0], [874, 0], [874, 0], [874, 0]]"
479,"[[587, 3], [586, 3], [585, 1], [625, 3], [585, 1], [625, 3], [625, 3], [624, 3], [623, 3], [622, 2], [582, 3], [581, 2], [541, 3], [540, 3], [540, 3], [539, 0], [540, 3], [540, 3], [539, 0], [539, 0], [539, 0]]"
480,"[[499, 1], [539, 0], [539, 0], [539, 0], [539, 0], [539, 0], [539, 0], [539, 0], [539, 0], [539, 0], [539, 0], [539, 0], [539, 0], [539, 0], [499, 1], [459, 1], [499, 1], [539, 0], [499, 1], [459, 1], [499, 1], [459, 1], [499, 1], [539, 0], [539, 0], [499, 1], [539, 0]]"
481,"[[832, 3], [832, 3], [831, 3], [830, 3], [829, 2], [789, 3], [788, 3], [787, 2], [747, 3], [746, 2], [706, 3], [705, 2], [665, 3], [664, 2], [624, 3], [584, 1], [624, 3], [624, 0]]"
482,"[[832, 3], [832, 3], [831, 3], [830, 3], [829, 2], [789, 3], [788, 3], [787, 2], [747, 3], [746, 2], [746, 2], [786, 2], [746, 2], [706, 3], [705, 2], [665, 3], [664, 2], [663, 2], [703, 2], [663, 2], [663, 2], [623, 3], [622, 2], [623, 3], [622, 2], [582, 3], [581, 2], [541, 3], [540, 3], [539, 0], [539, 0], [539, 0], [539, 0], [499, 1], [539, 0], [539, 0], [540, 0]]"
483,"[[985, 2], [945, 4], [946, 4], [947, 2], [907, 4], [908, 2], [868, 2], [868, 2], [828, 2], [788, 3], [789, 3], [788, 3], [787, 2], [787, 2], [747, 3], [746, 2], [706, 3], [705, 2], [705, 2], [706, 3], [705, 2], [665, 3], [664, 2], [624, 3], [623, 3], [622, 2], [582, 3], [581, 2], [581, 2], [541, 3], [541, 3], [540, 3], [539, 0], [539, 0], [539, 0], [499, 1], [539, 0], [539, 0], [539, 0], [539, 0], [539, 0], [539, 0], [540, 3], [539, 0]]"
484,"[[1071, 2], [1071, 2], [1031, 4], [1032, 2], [992, 4], [993, 2], [953, 4], [953, 4], [954, 2], [914, 2], [874, 0], [874, 0], [914, 2], [874, 0], [874, 0], [874, 0]]"
485,"[[832, 3], [831, 3], [830, 3], [829, 2], [789, 3], [788, 3], [787, 2], [786, 2], [746, 2], [706, 3], [705, 2], [705, 2], [706, 3], [746, 2], [706, 3], [705, 2], [705, 2], [665, 3], [705, 2], [665, 3], [664, 2], [624, 3], [624, 3], [584, 0]]"
486,"[[788, 3], [787, 2], [747, 3], [746, 2], [746, 2], [706, 3], [705, 2], [665, 3], [664, 2], [624, 3], [625, 3], [665, 3], [665, 3], [625, 3], [665, 3], [664, 2], [624, 3], [584, 1], [624, 3], [623, 3], [623, 3], [622, 2], [582, 3], [581, 2], [541, 3], [540, 3], [539, 0], [539, 0], [539, 0], [539, 0], [539, 0], [539, 0], [539, 0], [539, 0], [539, 0], [539, 0], [539, 0], [539, 0], [539, 0]]"
487,"[[788, 3], [787, 2], [747, 3], [707, 3], [747, 3], [746, 2], [747, 3], [746, 2], [706, 3], [705, 2], [665, 3], [625, 3], [624, 3], [623, 3], [622, 2], [582, 3], [581, 2], [581, 2], [541, 3], [540, 3], [540, 3], [539, 0], [539, 0], [539, 0], [539, 0], [499, 1], [539, 0], [539, 0], [539, 0], [539, 0], [539, 0], [539, 0], [539, 0], [539, 0], [539, 0]]"
488,"[[623, 3], [622, 2], [623, 3], [622, 2], [622, 0]]"
489,"[[499, 1], [539, 0], [539, 0], [540, 3], [539, 0], [539, 0], [540, 3], [539, 0], [540, 3], [539, 0]]"
490,"[[499, 1], [500, 3], [499, 1], [459, 1], [499, 1], [539, 0], [539, 0], [539, 0], [539, 0], [539, 0], [539, 0], [539, 0], [539, 0], [539, 0], [539, 0], [539, 0], [539, 0], [539, 0], [539, 0], [539, 0], [539, 0], [539, 0], [539, 0], [539, 0], [539, 0], [539, 0], [539, 0], [539, 0], [539, 0], [539, 0], [540, 3], [539, 0]]"
491,"[[420, 1], [420, 1], [460, 1], [500, 3], [499, 1], [539, 0], [540, 3], [539, 0], [539, 0], [539, 0], [539, 0], [539, 0]]"
492,"[[832, 3], [833, 4], [834, 1], [874, 0], [874, 0], [874, 0], [874, 0], [874, 0], [874, 0], [875, 3], [874, 0], [874, 0], [914, 2], [874, 0], [874, 0], [874, 0], [874, 0], [874, 0], [874, 0], [874, 0], [874, 0], [874, 0], [874, 0], [874, 0], [874, 0]]"
493,"[[587, 3], [586, 3], [586, 3], [585, 1], [585, 1], [625, 3], [624, 3], [623, 3], [622, 2], [582, 3], [581, 2], [581, 2], [541, 3], [540, 3], [539, 0]]"
494,"[[832, 3], [831, 3], [830, 3], [829, 2], [789, 3], [788, 3], [787, 2], [747, 3], [746, 2], [706, 3], [705, 2], [665, 3], [664, 2], [624, 3], [623, 3], [623, 3], [622, 2], [582, 3], [581, 2], [541, 3], [540, 3], [539, 0], [539, 0], [539, 0], [539, 0], [539, 0], [539, 0], [539, 0], [539, 0], [539, 0], [539, 0], [539, 0], [539, 0]]"
495,"[[788, 3], [787, 2], [747, 3], [746, 2], [746, 2], [706, 3], [705, 2], [665, 3], [664, 2], [624, 3], [624, 3], [623, 3], [622, 2], [582, 3], [581, 2], [582, 3], [581, 2], [541, 3], [540, 0]]"
496,"[[832, 3], [831, 3], [831, 3], [830, 3], [829, 2], [789, 3], [788, 0]]"
497,"[[788, 3], [787, 2], [747, 3], [746, 2], [706, 3], [707, 3], [706, 3], [705, 2], [665, 3], [664, 2], [624, 3], [623, 3], [622, 2], [582, 3], [542, 3], [541, 3], [540, 3], [539, 0], [539, 0], [539, 0], [539, 0], [539, 0], [539, 0], [540, 0]]"
498,"[[623, 3], [622, 2], [582, 3], [581, 2], [581, 2], [541, 3], [581, 2], [541, 3], [540, 0]]"
499,"[[832, 3], [831, 3], [830, 3], [829, 2], [789, 3], [788, 3], [787, 2], [747, 3], [746, 2], [706, 3], [705, 2], [665, 3], [664, 2], [624, 3], [623, 3], [622, 2], [582, 0]]"
500,"[[788, 3], [787, 2], [747, 3], [746, 2], [706, 3], [705, 2], [665, 3], [664, 2], [664, 2], [624, 3], [623, 3], [622, 2], [582, 3], [581, 2], [541, 3], [540, 3], [539, 0], [539, 0], [539, 0], [539, 0], [539, 0], [539, 0], [539, 0], [539, 0]]"
501,"[[832, 3], [832, 3], [831, 3], [830, 3], [829, 2], [869, 2], [829, 2], [789, 3], [788, 3], [828, 2], [828, 2], [788, 3], [787, 2], [747, 3], [746, 2], [706, 3], [705, 2], [665, 3], [664, 2], [624, 3], [623, 3], [622, 2], [582, 3], [581, 2], [541, 3], [540, 0]]"
502,"[[832, 3], [831, 3], [830, 3], [829, 2], [789, 3], [749, 3], [748, 3], [747, 3], [746, 2], [746, 2], [706, 3], [705, 2], [665, 3], [664, 2], [664, 2], [624, 3], [624, 3], [623, 3], [622, 2], [622, 2], [623, 3], [622, 2], [582, 3], [581, 2], [541, 3], [540, 3], [540, 3], [539, 0], [539, 0], [539, 0], [539, 0]]"
503,"[[832, 3], [831, 3], [830, 3], [829, 2], [789, 3], [788, 3], [789, 3], [788, 3], [787, 2], [787, 2], [747, 0]]"
504,"[[832, 3], [831, 3], [832, 3], [831, 3], [830, 3], [829, 2], [828, 2], [829, 2], [789, 3], [749, 3], [749, 3], [709, 1], [749, 3], [748, 3], [747, 3], [747, 3], [746, 2], [706, 3], [706, 3], [746, 2], [706, 0]]"
505,"[[832, 3], [831, 3], [830, 3], [829, 2], [789, 3], [749, 3], [748, 3], [747, 3], [746, 2], [746, 2], [706, 3], [705, 2], [705, 2], [665, 3], [664, 2], [624, 3], [664, 2], [624, 3], [623, 3], [622, 2], [582, 3], [583, 3], [582, 3], [581, 2], [541, 3], [581, 2], [541, 3], [540, 3], [539, 0], [539, 0], [539, 0], [539, 0]]"
506,"[[788, 3], [828, 2], [788, 3], [787, 2], [747, 3], [747, 3], [746, 2], [706, 3], [705, 2], [705, 2], [706, 3], [705, 2], [665, 3], [664, 2], [624, 3], [623, 3], [622, 2], [582, 3], [542, 3], [541, 3], [540, 3], [500, 3], [500, 3], [499, 1], [459, 1], [499, 1], [539, 0], [539, 0], [539, 0], [539, 0], [539, 0], [539, 0], [539, 0], [539, 0], [539, 0], [539, 0], [539, 0], [539, 0]]"
507,"[[623, 3], [624, 3], [623, 3], [622, 2], [582, 3], [581, 2], [581, 2], [541, 3], [540, 3], [539, 0], [539, 0], [539, 0], [539, 0], [539, 0], [539, 0], [499, 1], [539, 0], [539, 0], [539, 0], [539, 0], [539, 0], [539, 0], [539, 0], [539, 0], [539, 0], [539, 0], [539, 0], [539, 0], [539, 0], [539, 0], [499, 1], [539, 0], [539, 0], [539, 0], [539, 0], [539, 0], [539, 0]]"
508,"[[499, 1], [539, 0], [539, 0], [539, 0], [539, 0], [540, 3], [541, 0]]"
509,"[[206, 1], [246, 4], [247, 0], [247, 0], [247, 0], [247, 0], [247, 0], [247, 0], [248, 3], [247, 0], [207, 1], [167, 1], [207, 1], [247, 0], [207, 1], [247, 0], [247, 0]]"
510,"[[743, 2], [703, 2], [703, 2], [663, 2], [663, 2], [663, 2], [663, 2], [663, 2], [623, 3], [622, 0]]"
511,"[[788, 3], [828, 2], [788, 3], [788, 3], [787, 2], [747, 3], [746, 2], [706, 3], [705, 2], [665, 3], [664, 2], [624, 3], [623, 3], [622, 2], [582, 3], [581, 2], [541, 0]]"
512,"[[587, 3], [588, 3], [588, 3], [587, 3], [586, 3], [585, 1], [625, 3], [624, 3], [623, 3], [663, 2], [663, 2], [664, 2], [624, 3], [623, 3], [623, 3], [622, 2], [582, 3], [622, 2], [582, 3], [581, 2], [541, 3], [581, 2], [541, 3], [540, 3], [539, 0], [539, 0], [539, 0]]"
513,"[[985, 2], [945, 4], [946, 4], [947, 2], [907, 4], [947, 2], [907, 4], [908, 2], [868, 2], [828, 2], [829, 2], [789, 3], [829, 2], [789, 3], [829, 0]]"
514,"[[743, 2], [783, 2], [743, 0]]"
515,"[[587, 3], [586, 3], [585, 1], [625, 3], [624, 3], [623, 3], [622, 2], [582, 3], [581, 2], [541, 3], [540, 3], [540, 3], [540, 3], [539, 0]]"
516,"[[420, 1], [420, 1], [460, 1], [500, 3], [460, 1], [500, 3], [540, 3], [539, 0], [539, 0], [539, 0], [499, 1], [539, 0], [539, 0], [539, 0], [539, 0], [539, 0], [539, 0], [539, 0], [539, 0], [539, 0], [539, 0], [539, 0], [539, 0], [539, 0], [539, 0], [539, 0]]"
517,"[[623, 3], [622, 2], [582, 3], [583, 3], [582, 3], [581, 0]]"
518,"[[41, 4], [42, 1], [82, 4], [83, 1], [123, 1], [163, 4], [164, 1], [204, 4], [205, 4], [206, 1], [246, 4], [247, 0], [247, 0], [247, 0], [247, 0], [247, 0], [247, 0], [247, 0], [247, 0], [247, 0], [247, 0], [248, 3], [247, 0], [247, 0], [247, 0], [247, 0], [247, 0], [247, 0], [207, 1], [247, 0], [247, 0], [247, 0], [247, 0], [247, 0], [207, 1], [247, 0], [247, 0], [247, 0], [247, 0], [247, 0], [247, 0], [247, 0], [247, 0], [247, 0], [247, 0], [248, 3], [288, 2], [248, 3], [247, 0], [247, 0], [247, 0], [287, 2], [247, 0], [247, 0], [247, 0], [247, 0], [247, 0], [247, 0], [247, 0]]"
519,"[[206, 1], [246, 4], [247, 0], [287, 2], [247, 0], [247, 0], [247, 0], [247, 0]]"
520,"[[832, 3], [833, 4], [834, 1], [874, 0], [874, 0], [874, 0], [874, 0], [834, 1], [874, 0], [834, 1], [874, 0], [874, 0], [874, 0], [874, 0], [874, 0], [874, 0], [874, 0], [874, 0], [874, 0], [874, 0], [874, 0], [874, 0]]"
521,"[[1071, 2], [1031, 4], [1032, 2], [992, 4], [992, 4], [993, 2], [953, 4], [954, 2], [914, 2], [914, 2], [874, 0], [874, 0], [874, 0], [874, 0], [875, 3], [875, 3], [876, 3], [875, 3], [875, 3], [874, 0], [874, 0]]"
522,"[[832, 3], [831, 3], [830, 3], [829, 2], [829, 2], [789, 3], [788, 3], [787, 2], [747, 3], [747, 3], [748, 3], [747, 3], [746, 2], [706, 3], [705, 2], [665, 3], [664, 2], [624, 3], [623, 3], [663, 2], [623, 3], [624, 3], [664, 2], [624, 3], [623, 3], [663, 2], [664, 2], [624, 3], [584, 0]]"
523,"[[788, 3], [787, 2], [747, 3], [746, 2], [706, 3], [705, 2], [665, 3], [664, 2], [624, 3], [623, 3], [622, 2], [582, 3], [581, 2], [541, 3], [540, 3], [539, 0], [539, 0], [540, 3], [539, 0], [539, 0], [539, 0], [539, 0], [539, 0], [539, 0], [539, 0], [539, 0], [539, 0]]"
524,"[[499, 1], [539, 0], [539, 0], [539, 0], [539, 0], [539, 0], [539, 0], [539, 0], [539, 0], [539, 0], [539, 0], [539, 0], [539, 0]]"
525,"[[877, 3], [876, 3], [875, 3], [874, 0], [874, 0], [874, 0], [874, 0], [874, 0], [874, 0], [874, 0], [874, 0], [874, 0], [874, 0], [874, 0], [875, 3], [874, 0], [874, 0], [874, 0], [874, 0]]"
526,"[[877, 3], [876, 3], [875, 3], [874, 0], [874, 0], [874, 0]]"
527,"[[788, 3], [787, 2], [747, 3], [746, 2], [746, 2], [746, 2], [706, 3], [705, 2], [665, 3], [705, 2], [705, 2], [705, 2], [665, 3], [664, 2], [665, 3], [664, 2], [624, 3], [625, 3], [625, 3], [625, 3], [624, 3], [623, 3], [622, 2], [582, 3], [622, 2], [582, 0]]"
528,"[[623, 3], [622, 2], [582, 3], [582, 3], [581, 2], [541, 3], [501, 3], [500, 3], [499, 1], [539, 0], [539, 0], [539, 0], [499, 1], [498, 4], [499, 1], [539, 0], [539, 0], [539, 0], [540, 3], [539, 0], [539, 0], [539, 0]]"
529,"[[206, 1], [246, 4], [247, 0], [247, 0], [247, 0], [247, 0], [247, 0], [247, 0], [247, 0]]"
530,"[[623, 3], [622, 2], [582, 3], [622, 2], [582, 3], [583, 3], [584, 1], [583, 3], [582, 3], [581, 2], [541, 3], [540, 3], [539, 0], [539, 0], [539, 0], [499, 1], [539, 0], [539, 0], [539, 0], [539, 0], [539, 0], [539, 0], [539, 0], [539, 0], [539, 0], [539, 0], [539, 0], [539, 0], [539, 0], [539, 0], [539, 0], [539, 0], [499, 1], [539, 0], [539, 0], [539, 0], [539, 0], [539, 0], [539, 0], [539, 0], [539, 0], [539, 0], [539, 0], [539, 0], [539, 0], [499, 1], [539, 0], [539, 0], [539, 0], [539, 0], [539, 0], [539, 0], [539, 0], [499, 1], [539, 0], [539, 0], [539, 0], [540, 3], [539, 0], [539, 0], [539, 0], [539, 0], [539, 0], [540, 0]]"
531,"[[623, 3], [622, 2], [582, 3], [581, 0]]"
532,"[[788, 3], [787, 2], [747, 3], [707, 3], [706, 3], [705, 2], [665, 3], [705, 2], [665, 3], [705, 2], [706, 3], [705, 2], [665, 3], [625, 3], [624, 3], [623, 3], [622, 2], [623, 3], [622, 2], [582, 3], [581, 2], [541, 3], [540, 3], [539, 0]]"
533,"[[1105, 4], [1106, 1], [1146, 4], [1147, 4], [1148, 2], [1108, 4], [1109, 4], [1110, 2], [1070, 4], [1071, 2], [1031, 4], [1032, 2], [992, 4], [992, 4], [992, 4], [993, 2], [993, 2], [993, 2], [953, 0]]"
534,"[[832, 3], [831, 3], [832, 3], [831, 3], [830, 0]]"
535,"[[877, 3], [876, 3], [875, 3], [874, 0], [874, 0], [874, 0], [874, 0], [874, 0], [874, 0], [874, 0], [874, 0], [874, 0], [874, 0], [874, 0], [874, 0], [874, 0], [874, 0], [875, 3], [874, 0], [874, 0], [874, 0], [874, 0], [874, 0], [874, 0], [874, 0]]"
536,"[[832, 3], [831, 3], [830, 3], [829, 2], [789, 3], [788, 3], [787, 2], [747, 3], [707, 3], [706, 3], [705, 2], [665, 3], [664, 2], [624, 3], [623, 3], [622, 2], [582, 3], [622, 2], [582, 3], [581, 2], [541, 3], [540, 3], [539, 0], [540, 3], [539, 0], [499, 1], [539, 0], [539, 0], [539, 0], [539, 0], [539, 0], [499, 1], [539, 0], [539, 0], [539, 0], [539, 0], [539, 0], [539, 0], [539, 0], [539, 0], [539, 0], [539, 0], [539, 0]]"
537,"[[499, 1], [539, 0], [539, 0], [539, 0], [539, 0], [539, 0], [539, 0], [499, 1], [539, 0], [539, 0], [539, 0], [539, 0], [540, 3], [539, 0], [539, 0], [539, 0], [539, 0], [539, 0], [539, 0], [539, 0], [539, 0], [539, 0], [539, 0], [539, 0], [499, 1], [539, 0], [539, 0], [539, 0], [539, 0], [539, 0], [539, 0], [539, 0], [539, 0], [539, 0], [539, 0]]"
538,"[[985, 2], [1025, 2], [985, 2], [945, 4], [946, 4], [947, 2], [946, 4], [947, 2], [947, 2], [907, 4], [908, 0]]"
539,"[[985, 2], [945, 4], [946, 4], [947, 2], [907, 4], [907, 4], [908, 2], [908, 2], [868, 2], [828, 2], [828, 2], [788, 3], [787, 2], [788, 0]]"
540,"[[623, 3], [622, 2], [582, 3], [581, 2], [541, 3], [540, 3], [539, 0], [539, 0], [539, 0], [540, 3], [540, 3], [539, 0], [539, 0], [539, 0], [539, 0], [539, 0], [539, 0], [539, 0], [539, 0], [539, 0], [539, 0], [539, 0], [539, 0], [539, 0], [539, 0], [539, 0], [539, 0], [539, 0], [539, 0], [539, 0], [539, 0]]"
541,"[[832, 3], [831, 3], [830, 3], [829, 2], [789, 3], [788, 3], [787, 2], [747, 3], [707, 3], [706, 3], [705, 2], [705, 2], [705, 2], [665, 3], [664, 2], [665, 3], [664, 2], [624, 3], [623, 3], [622, 2], [582, 3], [581, 2], [541, 3], [540, 3], [500, 3], [499, 1], [539, 0], [539, 0], [539, 0], [539, 0], [539, 0], [539, 0]]"
542,"[[832, 3], [831, 3], [830, 3], [829, 2], [869, 2], [829, 2], [789, 3], [788, 3], [789, 3], [788, 0]]"
543,"[[743, 2], [703, 2], [663, 2], [623, 3], [622, 2], [623, 3], [622, 2], [582, 3], [581, 2], [581, 2], [581, 2], [541, 3], [540, 3], [539, 0], [539, 0], [539, 0], [499, 1], [539, 0], [540, 3], [539, 0]]"
544,"[[206, 1], [246, 4], [247, 0], [247, 0], [247, 0], [247, 0], [247, 0], [247, 0], [287, 2], [247, 0], [247, 0], [247, 0], [207, 1], [247, 0], [247, 0], [246, 4], [246, 4], [247, 0], [207, 1], [247, 0], [247, 0], [247, 0], [247, 0]]"
545,"[[832, 3], [831, 3], [830, 3], [829, 0]]"
546,"[[832, 3], [831, 3], [832, 3], [831, 3], [830, 3], [830, 0]]"
547,"[[788, 3], [787, 2], [747, 3], [746, 2], [706, 3], [705, 2], [665, 3], [664, 2], [663, 2], [623, 3], [622, 2], [582, 3], [581, 2], [541, 3], [540, 3], [539, 0], [539, 0], [539, 0], [539, 0]]"
548,"[[420, 1], [460, 1], [500, 3], [499, 1], [539, 0]]"
549,"[[623, 3], [622, 2], [582, 3], [581, 2], [541, 3], [540, 3], [539, 0], [539, 0], [540, 3], [539, 0], [539, 0], [539, 0], [539, 0]]"
550,"[[587, 3], [586, 3], [585, 1], [625, 3], [624, 3], [623, 3], [622, 2], [582, 3], [542, 3], [541, 3], [540, 3], [539, 0], [539, 0], [539, 0], [539, 0], [539, 0], [539, 0], [539, 0], [539, 0], [539, 0], [539, 0], [539, 0], [539, 0], [540, 3], [539, 0], [539, 0], [539, 0], [540, 3], [539, 0], [539, 0], [539, 0], [540, 3], [539, 0], [539, 0], [539, 0], [539, 0], [539, 0], [539, 0], [539, 0], [539, 0], [539, 0], [539, 0], [539, 0]]"
551,"[[788, 3], [789, 3], [788, 3], [787, 2], [747, 3], [746, 2], [706, 3], [705, 2], [665, 3], [664, 2], [624, 3], [623, 3], [622, 2], [622, 2], [582, 3], [581, 2], [541, 3], [501, 3], [500, 3], [499, 1], [500, 3], [499, 1], [539, 0], [539, 0], [539, 0], [539, 0], [539, 0], [539, 0], [539, 0], [539, 0], [539, 0], [539, 0], [539, 0], [539, 0], [539, 0], [539, 0], [539, 0], [539, 0], [539, 0], [539, 0], [539, 0], [539, 0], [539, 0], [539, 0], [539, 0], [539, 0], [539, 0], [539, 0], [499, 1], [500, 0]]"
552,"[[985, 2], [945, 4], [946, 4], [947, 2], [907, 4], [908, 2], [868, 2], [828, 2], [788, 3], [787, 2], [788, 3], [787, 2], [787, 2], [747, 3], [746, 2], [706, 3], [705, 2], [665, 3], [664, 2], [624, 3], [624, 3], [623, 3], [622, 2], [582, 3], [581, 2], [541, 3], [540, 0]]"
553,"[[832, 3], [831, 3], [830, 3], [829, 2], [789, 3], [788, 3], [748, 3], [788, 3], [787, 2], [747, 3], [746, 2], [706, 3], [746, 2], [706, 3], [705, 2], [665, 3], [664, 2], [624, 3], [623, 3], [622, 2], [582, 3], [581, 2], [541, 3], [540, 3], [539, 0], [539, 0], [539, 0], [539, 0], [539, 0], [539, 0]]"
554,"[[788, 3], [787, 2], [747, 3], [746, 2], [706, 3], [666, 3], [665, 3], [664, 2], [624, 3], [623, 3], [622, 2], [582, 3], [583, 3], [582, 3], [581, 2], [541, 3], [540, 3], [540, 3], [540, 3], [539, 0], [539, 0], [539, 0], [539, 0], [539, 0], [539, 0], [539, 0]]"
555,"[[420, 1], [380, 1], [420, 1], [460, 1], [459, 1], [499, 1], [539, 0], [499, 1], [500, 3], [460, 1], [500, 3], [499, 1], [499, 1], [539, 0], [539, 0], [540, 3], [539, 0], [539, 0], [539, 0], [539, 0], [539, 0], [539, 0], [539, 0], [539, 0], [539, 0], [539, 0], [539, 0], [539, 0], [539, 0], [499, 1], [539, 0], [539, 0], [540, 3], [500, 3], [499, 0]]"
556,"[[832, 3], [831, 3], [830, 3], [829, 2], [789, 3], [788, 3], [787, 2], [747, 3], [746, 2], [706, 3], [666, 3], [665, 3], [664, 2], [664, 2], [624, 3], [623, 3], [622, 0]]"
557,"[[1071, 2], [1031, 4], [1032, 2], [1032, 2], [992, 4], [993, 2], [953, 4], [954, 2], [953, 4], [954, 2], [914, 2], [874, 0], [874, 0], [874, 0], [874, 0], [914, 2], [914, 2], [874, 0], [874, 0], [874, 0], [914, 2], [874, 0], [874, 0], [874, 0], [874, 0], [874, 0], [874, 0], [874, 0], [874, 0], [874, 0], [874, 0], [874, 0], [874, 0], [874, 0], [874, 0], [874, 0], [874, 0], [874, 0], [874, 0], [914, 2], [874, 0], [874, 0], [875, 3], [874, 0], [874, 0], [874, 0], [874, 0], [875, 3], [874, 0], [874, 0], [874, 0], [874, 0], [874, 0], [874, 0], [914, 2], [874, 0], [874, 0], [874, 0], [874, 0], [874, 0], [874, 0], [874, 0]]"
558,"[[1105, 4], [1065, 2], [1065, 2], [1025, 2], [1025, 2], [985, 2], [945, 4], [946, 4], [947, 2], [946, 4], [945, 4], [946, 4], [947, 2], [907, 4], [908, 2], [868, 2], [828, 2], [788, 3], [789, 3], [788, 3], [787, 2], [747, 3], [746, 2], [706, 3], [705, 2], [705, 2], [665, 3], [664, 2], [624, 3], [623, 3], [622, 2], [582, 3], [581, 2], [541, 3], [540, 3], [539, 0], [539, 0], [539, 0], [539, 0], [539, 0]]"
559,"[[1071, 2], [1031, 4], [1031, 4], [1032, 2], [992, 4], [993, 2], [953, 4], [954, 2], [914, 2], [874, 0], [874, 0], [874, 0], [874, 0], [834, 1], [874, 0], [874, 0], [875, 3], [874, 0], [874, 0], [874, 0], [834, 1], [874, 0], [874, 0], [874, 0], [874, 0], [874, 0], [874, 0], [874, 0], [874, 0], [914, 2], [874, 0], [914, 2], [874, 0], [874, 0], [874, 0], [874, 0], [874, 0], [874, 0], [875, 3], [874, 0], [834, 1], [834, 1], [874, 0], [874, 0], [874, 0], [874, 0], [834, 0]]"
560,"[[206, 1], [246, 4], [247, 0], [207, 1], [247, 0], [207, 1], [247, 0], [246, 4], [247, 0], [207, 1], [247, 0], [247, 0], [247, 0], [247, 0]]"
561,"[[420, 1], [460, 1], [500, 3], [499, 1], [539, 0], [539, 0], [539, 0], [539, 0], [539, 0], [539, 0], [539, 0], [539, 0], [539, 0], [539, 0], [540, 3], [539, 0], [539, 0], [539, 0]]"
562,"[[420, 1], [420, 1], [460, 1], [500, 3], [499, 1], [539, 0]]"
563,"[[788, 3], [787, 2], [747, 3], [746, 2], [706, 3], [705, 2], [665, 3], [666, 3], [665, 3], [664, 0]]"
564,"[[623, 3], [583, 3], [582, 3], [581, 2], [541, 3], [581, 2], [541, 3], [581, 2], [541, 3], [541, 3], [540, 3], [539, 0], [539, 0], [539, 0], [539, 0], [540, 3], [539, 0], [539, 0], [539, 0], [539, 0], [539, 0], [539, 0], [539, 0], [539, 0], [499, 1], [539, 0], [539, 0], [539, 0], [539, 0], [539, 0], [539, 0], [539, 0], [539, 0], [540, 3], [539, 0], [539, 0]]"
565,"[[985, 2], [945, 4], [946, 4], [947, 2], [907, 4], [908, 2], [868, 2], [828, 2], [788, 3], [787, 2], [747, 3], [746, 2], [706, 3], [705, 2], [665, 3], [664, 2], [663, 2], [623, 3], [622, 2], [582, 3], [542, 3], [541, 3], [540, 3], [539, 0], [539, 0], [539, 0], [539, 0], [539, 0], [539, 0], [540, 3], [539, 0], [539, 0], [539, 0], [539, 0], [539, 0], [539, 0], [539, 0], [539, 0], [539, 0], [539, 0], [539, 0], [539, 0]]"
566,"[[278, 1], [318, 3], [318, 3], [317, 1], [357, 1], [397, 1], [437, 1], [477, 1], [517, 0]]"
567,"[[832, 3], [831, 3], [830, 3], [829, 2], [789, 3], [788, 3], [787, 2], [747, 3], [746, 2], [746, 2], [706, 3], [707, 3], [747, 3], [746, 2], [706, 3], [707, 3], [706, 3], [705, 2], [665, 3], [664, 2], [624, 3], [623, 3], [624, 3], [584, 1], [585, 1], [625, 3], [625, 3], [624, 3], [664, 2], [624, 3], [623, 3], [622, 2], [582, 3], [581, 2], [541, 3], [540, 3], [540, 3], [539, 0]]"
568,"[[832, 3], [832, 3], [831, 3], [830, 3], [829, 2], [789, 3], [788, 3], [787, 2], [747, 3], [746, 2], [706, 3], [705, 2], [665, 3], [664, 2], [624, 3], [623, 3], [622, 2], [582, 3], [581, 2], [541, 3], [540, 3], [539, 0], [539, 0], [539, 0], [539, 0], [539, 0], [539, 0], [539, 0], [539, 0], [539, 0], [539, 0], [499, 1], [459, 1], [499, 1], [539, 0], [539, 0], [539, 0], [539, 0], [539, 0], [539, 0], [539, 0], [539, 0], [539, 0], [540, 3], [539, 0]]"
569,"[[832, 3], [831, 3], [830, 3], [829, 2], [828, 2], [788, 3], [787, 2], [747, 3], [746, 2], [706, 3], [705, 2], [665, 0]]"
570,"[[1071, 2], [1071, 2], [1031, 4], [1032, 2], [992, 4], [993, 2], [953, 4], [954, 2], [914, 2], [914, 2], [874, 0], [874, 0], [875, 3], [876, 3], [875, 3], [876, 3], [875, 3], [874, 0], [874, 0], [874, 0], [874, 0], [875, 0]]"
571,"[[587, 3], [586, 3], [585, 1], [625, 0]]"
572,"[[743, 2], [743, 2], [703, 2], [663, 2], [623, 3], [663, 2], [703, 2], [663, 2], [623, 3], [624, 3], [623, 3], [622, 2], [622, 2], [622, 2], [622, 2], [582, 3], [581, 2], [541, 3], [541, 3], [501, 3], [461, 1], [501, 3], [500, 3], [499, 1], [539, 0], [499, 1], [539, 0], [499, 1], [539, 0], [539, 0], [539, 0], [539, 0], [539, 0], [539, 0], [539, 0], [539, 0], [539, 0], [539, 0], [539, 0], [539, 0], [539, 0], [539, 0], [539, 0], [539, 0], [539, 0], [539, 0], [539, 0], [539, 0], [539, 0], [539, 0], [539, 0], [539, 0], [539, 0], [540, 3], [539, 0], [539, 0], [539, 0], [499, 1], [539, 0]]"
573,"[[743, 2], [703, 2], [663, 2], [664, 2], [624, 3], [624, 3], [584, 1], [624, 3], [623, 3], [622, 2], [582, 3], [581, 2], [541, 3], [540, 3], [539, 0], [539, 0], [539, 0], [499, 1], [539, 0], [539, 0], [539, 0], [539, 0], [539, 0]]"
574,"[[499, 1], [500, 3], [501, 3], [461, 1], [501, 3], [500, 3], [499, 1], [539, 0], [540, 3], [539, 0], [539, 0], [539, 0], [499, 1], [539, 0], [539, 0], [539, 0], [539, 0], [539, 0], [539, 0], [539, 0], [539, 0], [540, 3], [539, 0], [539, 0], [539, 0], [539, 0], [539, 0], [539, 0], [539, 0], [539, 0], [539, 0], [539, 0], [539, 0], [539, 0], [539, 0], [539, 0], [539, 0], [539, 0], [539, 0], [539, 0], [539, 0], [539, 0], [539, 0], [539, 0], [539, 0], [539, 0], [539, 0], [539, 0], [539, 0], [539, 0], [539, 0]]"
575,"[[623, 3], [624, 3], [623, 3], [622, 2], [582, 3], [581, 2], [541, 3], [540, 3], [539, 0], [539, 0], [539, 0], [499, 1], [539, 0], [539, 0], [539, 0], [539, 0], [539, 0], [499, 1], [498, 4], [499, 1], [499, 1], [499, 1], [539, 0], [539, 0], [539, 0], [539, 0], [539, 0], [539, 0], [539, 0], [539, 0], [499, 1], [539, 0], [539, 0], [540, 0]]"
576,"[[623, 3], [622, 2], [582, 3], [581, 2], [541, 3], [540, 3], [539, 0], [539, 0], [539, 0], [539, 0], [539, 0], [539, 0], [539, 0], [539, 0], [539, 0], [539, 0], [539, 0], [539, 0]]"
577,"[[788, 3], [787, 2], [747, 0]]"
578,"[[788, 3], [787, 2], [747, 3], [746, 2], [706, 3], [705, 2], [665, 3], [664, 2], [624, 3], [584, 1], [544, 1], [545, 1], [585, 1], [625, 3], [624, 3], [623, 3], [623, 3], [622, 2], [582, 3], [581, 2], [541, 3], [540, 3], [539, 0], [539, 0], [539, 0], [539, 0], [539, 0]]"
579,"[[623, 3], [624, 3], [623, 0]]"
580,"[[420, 1], [420, 1], [460, 1], [500, 3], [499, 1], [498, 4], [499, 1], [539, 0], [539, 0], [539, 0], [539, 0], [539, 0], [539, 0], [539, 0], [539, 0], [539, 0], [539, 0], [540, 3], [539, 0], [539, 0]]"
581,"[[832, 3], [832, 3], [831, 3], [830, 3], [829, 2], [789, 3], [788, 3], [828, 2], [788, 3], [787, 2], [786, 2], [746, 2], [746, 2], [706, 0]]"
582,"[[420, 1], [460, 1], [500, 3], [460, 1], [500, 3], [499, 1], [499, 1], [539, 0], [539, 0], [539, 0], [539, 0], [539, 0], [539, 0], [539, 0], [539, 0], [539, 0], [539, 0], [539, 0], [539, 0], [539, 0], [539, 0], [539, 0], [539, 0], [539, 0], [539, 0], [539, 0], [539, 0], [539, 0], [539, 0], [539, 0], [539, 0], [539, 0], [539, 0], [539, 0], [539, 0], [539, 0], [539, 0], [540, 3], [540, 3], [539, 0], [539, 0], [539, 0], [499, 1], [539, 0], [539, 0], [539, 0], [539, 0], [539, 0], [539, 0], [539, 0], [539, 0], [539, 0], [539, 0], [539, 0], [539, 0], [539, 0], [539, 0], [539, 0], [539, 0]]"
583,"[[420, 1], [420, 1], [460, 1], [500, 3], [460, 1], [500, 3], [499, 1], [539, 0], [539, 0], [539, 0], [539, 0], [540, 3], [539, 0], [539, 0], [539, 0], [539, 0], [539, 0], [539, 0], [540, 3], [539, 0], [539, 0], [539, 0], [539, 0], [539, 0]]"
584,"[[832, 3], [832, 3], [833, 4], [834, 1], [874, 0], [874, 0], [914, 2], [914, 2], [914, 2], [874, 0], [874, 0], [874, 0], [874, 0], [874, 0], [874, 0], [874, 0], [874, 0], [874, 0], [874, 0], [874, 0], [834, 1], [874, 0], [874, 0], [874, 0], [874, 0], [874, 0], [874, 0], [874, 0], [914, 2], [914, 2], [874, 0], [874, 0], [874, 0], [874, 0], [874, 0], [874, 0], [874, 0], [874, 0], [874, 0], [874, 0], [874, 0], [874, 0], [874, 0], [874, 0], [875, 3], [874, 0], [874, 0], [874, 0], [834, 1], [874, 0], [874, 0], [874, 0], [874, 0], [874, 0], [874, 0], [874, 0], [874, 0], [874, 0], [874, 0], [874, 0], [874, 0], [874, 0], [874, 0], [874, 0], [874, 0], [874, 0], [874, 0], [874, 0], [874, 0], [874, 0], [874, 0], [874, 0], [874, 0], [874, 0], [874, 0], [874, 0], [875, 0]]"
585,"[[587, 3], [586, 3], [585, 1], [625, 3], [624, 3], [624, 3], [623, 3], [583, 3], [582, 3], [581, 2], [541, 3], [540, 3], [539, 0], [539, 0], [539, 0], [539, 0], [539, 0], [539, 0], [539, 0], [539, 0], [539, 0], [539, 0], [540, 3], [539, 0], [539, 0], [539, 0], [539, 0], [539, 0], [539, 0], [540, 3], [539, 0], [539, 0]]"
586,"[[788, 3], [789, 3], [788, 3], [787, 2], [747, 3], [746, 2], [706, 3], [746, 2], [706, 3], [705, 2], [665, 3], [664, 2], [624, 3], [623, 0]]"
587,"[[206, 1], [246, 4], [247, 0], [207, 1], [247, 0], [247, 0], [247, 0], [247, 0], [287, 2], [247, 0], [247, 0], [207, 1], [247, 0], [247, 0], [247, 0], [247, 0]]"
588,"[[832, 3], [832, 3], [831, 3], [830, 3], [790, 3], [789, 3], [788, 3], [787, 2], [747, 3], [746, 2], [706, 3], [705, 2], [665, 3], [665, 3], [664, 2], [624, 3], [623, 3], [622, 2], [582, 3], [581, 2], [581, 2], [541, 3], [540, 3], [539, 0], [540, 3], [539, 0], [539, 0], [499, 1], [539, 0], [539, 0], [539, 0], [539, 0], [539, 0], [539, 0], [539, 0], [539, 0], [539, 0], [539, 0], [539, 0], [539, 0], [499, 0]]"
589,"[[879, 3], [878, 3], [877, 3], [876, 3], [875, 3], [875, 3], [874, 0], [874, 0], [875, 3], [874, 0], [874, 0], [874, 0], [874, 0]]"
590,"[[1071, 2], [1031, 4], [1032, 2], [992, 4], [993, 2], [953, 4], [954, 2], [914, 2], [874, 0], [874, 0], [874, 0], [874, 0], [874, 0], [874, 0], [875, 3], [874, 0], [874, 0], [874, 0], [874, 0], [874, 0]]"
591,"[[1071, 2], [1071, 2], [1031, 4], [1032, 2], [1031, 4], [1032, 2], [992, 4], [993, 2], [953, 4], [954, 2], [914, 2], [874, 0], [834, 0]]"
592,"[[278, 1], [318, 3], [317, 1], [357, 1], [397, 1], [437, 1], [477, 1], [517, 1], [557, 1], [597, 1], [597, 1], [637, 1], [677, 1], [677, 1], [717, 1], [717, 1], [757, 1], [797, 0]]"
593,"[[985, 2], [945, 4], [946, 4], [945, 4], [946, 4], [946, 4], [947, 2], [907, 4], [947, 2], [947, 2], [907, 4], [908, 2], [868, 2], [828, 2], [788, 3], [787, 2], [747, 0]]"
594,"[[499, 1], [539, 0], [539, 0], [539, 0], [539, 0], [539, 0], [539, 0], [539, 0], [539, 0], [539, 0]]"
595,"[[587, 3], [586, 3], [585, 1], [625, 3], [624, 3], [623, 3], [663, 2], [623, 0]]"
596,"[[832, 3], [831, 3], [830, 3], [830, 3], [830, 3], [830, 3], [829, 2], [789, 3], [789, 3], [788, 3], [787, 2], [747, 3], [707, 3], [706, 3], [705, 2], [665, 3], [664, 2], [624, 0]]"
597,"[[420, 1], [460, 1], [500, 3], [460, 1], [500, 3], [540, 3], [540, 3], [539, 0], [539, 0], [539, 0], [540, 3], [539, 0], [539, 0], [539, 0], [539, 0], [540, 3], [539, 0], [539, 0], [539, 0], [539, 0], [539, 0], [539, 0]]"
598,"[[788, 3], [787, 2], [786, 2], [746, 2], [706, 3], [666, 3], [665, 3], [664, 2], [624, 3], [623, 3], [622, 2], [582, 3], [581, 0]]"
599,"[[743, 2], [703, 2], [703, 2], [663, 2], [623, 3], [622, 2], [622, 2], [582, 3], [581, 2], [541, 3], [501, 3], [500, 3], [499, 1], [539, 0], [539, 0], [539, 0], [539, 0], [539, 0], [539, 0], [539, 0], [539, 0], [539, 0], [539, 0], [539, 0], [539, 0], [539, 0], [539, 0], [499, 1], [539, 0], [539, 0], [539, 0], [539, 0], [539, 0], [539, 0], [539, 0], [539, 0], [539, 0], [539, 0], [539, 0]]"
600,"[[788, 3], [787, 2], [747, 0]]"
601,"[[1071, 2], [1071, 2], [1031, 4], [1032, 2], [992, 4], [993, 2], [993, 2], [953, 4], [954, 2], [914, 2], [874, 0], [874, 0], [834, 1], [874, 0], [874, 0], [875, 3], [874, 0], [874, 0], [874, 0], [874, 0], [874, 0], [874, 0], [874, 0], [874, 0], [874, 0], [874, 0], [874, 0], [874, 0], [874, 0], [914, 2], [874, 0]]"
602,"[[743, 2], [703, 2], [743, 2], [703, 2], [743, 2], [703, 2], [663, 2], [623, 3], [622, 2], [622, 2], [582, 3], [581, 2], [541, 3], [540, 3], [539, 0], [499, 1], [539, 0], [539, 0], [539, 0], [539, 0], [539, 0], [539, 0], [539, 0], [539, 0], [539, 0], [539, 0], [539, 0], [539, 0], [539, 0], [539, 0]]"
603,"[[499, 1], [539, 0], [539, 0], [539, 0], [539, 0], [539, 0]]"
604,"[[832, 3], [831, 3], [830, 3], [829, 2], [789, 3], [788, 3], [787, 2], [787, 2], [747, 3], [746, 2], [786, 2], [746, 2], [706, 3], [705, 2], [665, 3], [705, 2], [665, 3], [664, 2], [665, 3], [664, 2], [624, 3], [623, 3], [622, 2], [582, 3], [581, 2], [541, 3], [540, 3], [541, 3], [540, 3], [539, 0], [539, 0], [539, 0], [499, 1], [539, 0], [539, 0], [539, 0], [539, 0], [539, 0], [539, 0], [539, 0], [539, 0], [539, 0], [539, 0], [539, 0], [539, 0], [539, 0], [539, 0], [539, 0], [539, 0], [539, 0], [539, 0], [539, 0], [539, 0]]"
605,"[[1105, 4], [1106, 1], [1146, 4], [1147, 4], [1148, 2], [1108, 4], [1109, 4], [1110, 2], [1110, 2], [1070, 4], [1071, 2], [1071, 2], [1031, 4], [1032, 2], [992, 4], [993, 2], [953, 4], [954, 2], [914, 2], [874, 0], [874, 0], [874, 0], [874, 0], [874, 0], [874, 0], [874, 0], [914, 2], [874, 0], [874, 0], [874, 0], [874, 0], [874, 0], [874, 0], [874, 0], [874, 0], [874, 0], [874, 0], [874, 0], [875, 3], [874, 0], [834, 1], [874, 0], [874, 0], [874, 0], [874, 0], [874, 0], [874, 0], [874, 0], [874, 0], [874, 0], [874, 0]]"
606,"[[206, 1], [246, 4], [247, 0], [207, 1], [247, 0], [247, 0], [247, 0], [248, 3], [247, 0], [248, 3], [247, 0], [246, 4], [247, 0]]"
607,"[[623, 3], [622, 2], [582, 3], [581, 2], [541, 3], [540, 3], [539, 0]]"
608,"[[832, 3], [831, 3], [830, 3], [829, 2], [789, 3], [788, 3], [787, 2], [747, 3], [746, 2], [706, 3], [705, 2], [665, 3], [664, 2], [624, 3], [664, 2], [624, 3], [623, 0]]"
609,"[[877, 3], [876, 3], [875, 3], [874, 0], [874, 0], [874, 0], [874, 0], [874, 0], [874, 0], [874, 0], [914, 2], [874, 0], [874, 0], [874, 0], [874, 0], [874, 0], [874, 0], [874, 0], [834, 0]]"
610,"[[788, 3], [787, 2], [747, 3], [787, 2], [747, 3], [748, 3], [747, 3], [746, 2], [706, 3], [707, 3], [707, 3], [706, 3], [705, 2], [665, 3], [664, 2], [624, 3], [623, 3], [622, 2], [582, 3], [581, 2], [541, 3], [540, 3], [539, 0], [539, 0], [540, 3], [539, 0], [540, 3], [540, 0]]"
611,"[[1071, 2], [1071, 2], [1031, 4], [1031, 4], [1031, 4], [1032, 2], [992, 4], [993, 2], [1033, 2], [993, 2], [953, 4], [953, 4], [954, 2], [954, 2], [914, 2], [954, 0]]"
612,"[[499, 1], [539, 0], [539, 0], [539, 0], [539, 0], [539, 0], [539, 0], [539, 0], [539, 0], [539, 0]]"
613,"[[877, 3], [876, 3], [875, 3], [874, 0], [875, 0]]"
614,"[[623, 3], [622, 2], [622, 2], [582, 3], [581, 2], [581, 2], [581, 2], [541, 3], [540, 3], [539, 0], [539, 0], [539, 0], [539, 0], [539, 0], [539, 0]]"
615,"[[879, 3], [879, 3], [878, 3], [877, 3], [876, 3], [875, 3], [874, 0], [874, 0], [874, 0], [874, 0], [874, 0], [875, 3], [874, 0], [914, 2], [874, 0], [914, 2], [874, 0], [875, 3], [874, 0], [874, 0], [874, 0], [874, 0]]"
616,"[[832, 3], [831, 3], [830, 3], [831, 3], [831, 3], [830, 3], [831, 3], [832, 3], [831, 3], [830, 3], [829, 2], [789, 3], [788, 3], [787, 2], [747, 3], [746, 0]]"
617,"[[41, 4], [42, 1], [82, 4], [83, 1], [123, 1], [163, 4], [164, 1], [204, 4], [204, 4], [205, 4], [206, 1], [246, 4], [247, 0], [247, 0], [247, 0], [247, 0]]"
618,"[[788, 3], [787, 2], [787, 2], [787, 2], [788, 3], [787, 2], [747, 3], [746, 2], [706, 3], [705, 2], [665, 3], [664, 2], [664, 2], [624, 3], [623, 3], [622, 2], [623, 3], [622, 2], [622, 0]]"
619,"[[206, 1], [246, 4], [246, 4], [247, 0], [247, 0], [247, 0], [247, 0], [247, 0], [247, 0], [247, 0], [247, 0], [247, 0]]"
620,"[[985, 2], [945, 4], [946, 4], [946, 4], [947, 2], [907, 4], [908, 2], [868, 2], [828, 2], [788, 0]]"
621,"[[832, 3], [831, 3], [830, 3], [829, 2], [789, 3], [749, 0]]"
622,"[[420, 1], [460, 1], [500, 3], [499, 1], [539, 0], [539, 0], [539, 0], [539, 0], [539, 0], [539, 0], [539, 0], [539, 0], [539, 0], [539, 0], [539, 0], [539, 0], [539, 0], [539, 0], [539, 0], [539, 0], [539, 0], [539, 0], [539, 0], [539, 0], [540, 3], [541, 3], [540, 3], [539, 0], [539, 0], [539, 0], [539, 0], [539, 0], [539, 0], [539, 0], [539, 0], [539, 0], [539, 0], [539, 0], [539, 0], [539, 0]]"
623,"[[832, 3], [831, 3], [830, 3], [829, 2], [789, 3], [788, 3], [787, 2], [747, 3], [746, 2], [706, 3], [746, 2], [706, 3], [705, 2], [665, 3], [664, 2], [624, 3], [623, 3], [622, 2], [582, 3], [581, 2], [581, 2], [582, 3], [581, 2], [581, 2], [582, 3], [581, 2], [541, 3], [542, 3], [541, 3], [540, 3], [539, 0]]"
624,"[[788, 3], [787, 2], [747, 3], [746, 2], [706, 0]]"
625,"[[623, 3], [622, 2], [582, 3], [583, 3], [582, 3], [581, 2], [541, 3], [540, 3], [539, 0], [540, 3], [539, 0], [539, 0], [539, 0], [539, 0], [539, 0], [539, 0], [539, 0], [539, 0], [539, 0], [499, 1], [539, 0], [539, 0], [539, 0], [539, 0], [539, 0], [539, 0], [539, 0], [539, 0], [539, 0], [539, 0], [499, 1], [539, 0], [539, 0], [539, 0], [539, 0], [539, 0], [539, 0], [539, 0], [539, 0], [539, 0], [539, 0], [539, 0], [539, 0], [539, 0], [539, 0], [539, 0], [539, 0], [539, 0], [499, 1], [539, 0], [539, 0], [539, 0], [539, 0], [539, 0], [539, 0], [539, 0], [540, 3], [539, 0], [539, 0], [539, 0], [539, 0], [539, 0], [540, 0]]"
626,"[[832, 3], [831, 3], [831, 3], [831, 3], [831, 3], [830, 3], [829, 2], [789, 3], [788, 3], [787, 2], [747, 3], [746, 2], [706, 3], [705, 2], [665, 3], [664, 2], [624, 3], [623, 3], [622, 2], [582, 3], [582, 3], [581, 2], [541, 3], [541, 3], [581, 2], [581, 2], [541, 3], [540, 3], [539, 0]]"
627,"[[877, 3], [876, 3], [875, 3], [875, 3], [874, 0], [874, 0], [874, 0], [914, 2], [874, 0], [874, 0], [874, 0], [874, 0], [874, 0], [874, 0], [874, 0], [874, 0], [874, 0], [875, 3], [874, 0]]"
628,"[[420, 1], [460, 1], [500, 3], [501, 3], [500, 3], [500, 3], [499, 1], [539, 0], [539, 0], [539, 0], [539, 0], [539, 0], [539, 0], [539, 0], [539, 0], [540, 0]]"
629,"[[877, 3], [876, 3], [875, 3], [874, 0], [874, 0], [874, 0], [874, 0], [874, 0], [874, 0], [874, 0], [874, 0], [874, 0], [874, 0], [875, 3], [874, 0], [874, 0], [874, 0], [874, 0], [914, 2], [874, 0], [874, 0], [874, 0], [874, 0], [874, 0], [875, 3], [874, 0]]"
630,"[[623, 3], [622, 2], [582, 3], [581, 2], [581, 2], [541, 3], [540, 3], [539, 0], [539, 0], [539, 0], [539, 0], [539, 0], [539, 0], [539, 0], [539, 0], [539, 0], [539, 0], [539, 0], [539, 0], [539, 0], [539, 0], [539, 0], [539, 0]]"
631,"[[623, 3], [622, 2], [623, 3], [622, 2], [622, 2], [582, 3], [622, 2], [582, 3], [581, 2], [541, 3], [542, 3], [541, 3], [540, 3], [539, 0], [539, 0], [539, 0], [539, 0]]"
632,"[[499, 1], [539, 0], [539, 0], [539, 0], [539, 0], [539, 0], [539, 0], [539, 0], [539, 0], [539, 0], [539, 0], [539, 0]]"
633,"[[1105, 4], [1106, 1], [1146, 0]]"
634,"[[420, 1], [420, 1], [460, 1], [500, 3], [499, 1], [539, 0], [539, 0], [539, 0], [539, 0], [539, 0], [539, 0], [539, 0], [539, 0], [539, 0], [539, 0], [539, 0], [539, 0], [539, 0], [539, 0], [539, 0], [539, 0], [539, 0], [539, 0], [539, 0], [540, 3], [540, 3], [539, 0], [539, 0], [539, 0], [539, 0]]"
635,"[[499, 1], [539, 0], [539, 0], [539, 0], [539, 0], [539, 0], [539, 0], [539, 0], [539, 0], [539, 0], [539, 0], [539, 0], [539, 0], [539, 0], [539, 0], [539, 0], [539, 0], [539, 0]]"
636,"[[788, 3], [789, 3], [749, 3], [748, 3], [788, 3], [748, 3], [747, 3], [748, 3], [747, 3], [746, 2], [746, 2], [706, 3], [666, 3], [665, 3], [664, 2], [624, 3], [584, 0]]"
637,"[[879, 3], [878, 3], [877, 3], [876, 3], [875, 3], [875, 0]]"
638,"[[985, 2], [945, 4], [945, 4], [946, 4], [947, 2], [947, 2], [907, 4], [907, 4], [908, 2], [868, 2], [828, 2], [868, 2], [828, 2], [788, 3], [789, 3], [788, 3], [788, 3], [787, 2], [787, 2], [747, 3], [746, 2], [706, 3], [705, 2], [665, 3], [664, 0]]"
639,"[[832, 3], [831, 3], [832, 3], [831, 3], [830, 3], [829, 2], [789, 3], [788, 3], [828, 2], [788, 3], [787, 2], [747, 3], [746, 2], [706, 3], [705, 2], [665, 3], [664, 2], [624, 3], [625, 0]]"
640,"[[832, 3], [832, 3], [831, 3], [830, 3], [829, 2], [829, 2], [789, 3], [788, 3], [787, 2], [747, 3], [746, 2], [706, 3], [705, 2], [665, 3], [664, 2], [624, 3], [623, 3], [622, 2], [582, 3], [581, 2], [541, 3], [541, 3], [540, 3], [539, 0], [539, 0], [539, 0], [539, 0], [540, 3], [539, 0], [539, 0], [539, 0], [499, 1], [539, 0], [539, 0], [539, 0], [539, 0], [539, 0], [539, 0]]"
641,"[[420, 1], [460, 1], [500, 3], [499, 1], [539, 0], [539, 0], [539, 0], [539, 0], [539, 0], [539, 0], [539, 0], [499, 1], [539, 0], [539, 0], [540, 3], [539, 0]]"
642,"[[832, 3], [831, 3], [830, 3], [829, 2], [830, 3], [829, 2], [789, 3], [788, 3], [787, 2], [747, 3], [746, 2], [706, 3], [705, 2], [665, 3], [705, 2], [665, 3], [664, 2], [665, 3], [664, 2], [665, 3], [664, 2], [624, 3], [664, 2], [624, 3], [625, 3], [624, 3], [623, 3], [622, 2], [623, 3], [622, 2], [582, 3], [581, 2], [541, 3], [540, 3], [539, 0], [539, 0], [539, 0]]"
643,"[[420, 1], [460, 1], [500, 3], [499, 1], [499, 1], [539, 0], [539, 0], [499, 1], [500, 3], [499, 1], [539, 0]]"
644,"[[788, 3], [788, 3], [787, 2], [787, 2], [747, 3], [746, 2], [706, 3], [705, 2], [665, 3], [664, 0]]"
645,"[[832, 3], [831, 3], [830, 3], [829, 2], [789, 3], [788, 3], [787, 2], [747, 3], [746, 2], [706, 0]]"
646,"[[788, 3], [787, 2], [747, 3], [746, 2], [706, 3], [705, 2], [665, 3], [664, 2], [624, 3], [623, 3], [622, 2], [582, 3], [542, 3], [541, 3], [540, 3], [539, 0], [539, 0]]"
647,"[[41, 4], [42, 1], [82, 4], [83, 1], [123, 1], [163, 4], [164, 1], [204, 4], [204, 4], [205, 4], [206, 1], [246, 4], [247, 0], [248, 3], [247, 0], [246, 4], [247, 0], [247, 0], [247, 0], [207, 1], [247, 0], [247, 0], [287, 2], [247, 0], [247, 0], [207, 1], [247, 0], [247, 0], [247, 0], [287, 2], [247, 0], [247, 0], [247, 0], [247, 0], [247, 0], [247, 0], [247, 0], [247, 0], [247, 0], [247, 0]]"
648,"[[499, 1], [539, 0], [539, 0], [539, 0], [539, 0], [539, 0], [539, 0], [540, 3], [539, 0], [539, 0], [539, 0], [539, 0], [539, 0], [539, 0], [539, 0], [539, 0], [539, 0], [499, 1], [539, 0], [539, 0], [539, 0], [539, 0], [539, 0], [539, 0], [539, 0]]"
649,"[[788, 3], [787, 2], [747, 3], [746, 2], [706, 3], [705, 2], [665, 3], [664, 2], [624, 3], [623, 3], [622, 2], [622, 2], [582, 3], [581, 2], [541, 3], [540, 3], [539, 0], [539, 0], [539, 0], [539, 0], [539, 0]]"
650,"[[832, 3], [831, 3], [830, 3], [829, 2], [828, 2], [788, 3], [828, 2], [788, 3], [787, 2], [747, 3], [746, 2], [706, 3], [746, 2], [706, 3], [705, 2], [665, 3], [664, 2], [624, 3], [623, 3], [622, 2], [622, 2], [582, 3], [581, 2], [541, 3], [540, 0]]"
651,"[[420, 1], [420, 1], [460, 1], [500, 3], [460, 1], [460, 1], [500, 3], [499, 1], [539, 0], [539, 0], [539, 0], [539, 0], [539, 0], [539, 0], [539, 0], [539, 0], [539, 0], [539, 0], [539, 0], [539, 0], [539, 0], [539, 0], [539, 0], [499, 1], [459, 1], [460, 1], [460, 0]]"
652,"[[420, 1], [420, 1], [460, 1], [500, 3], [499, 1], [539, 0], [539, 0], [539, 0], [539, 0], [539, 0], [539, 0], [539, 0], [539, 0]]"
653,"[[587, 3], [627, 2], [627, 2], [587, 3], [586, 3], [586, 3], [585, 1], [625, 0]]"
654,"[[788, 3], [787, 2], [787, 2], [747, 3], [748, 3], [749, 3], [789, 3], [829, 2], [789, 3], [788, 3], [828, 2], [788, 3], [787, 2], [747, 3], [746, 2], [706, 3], [705, 2], [665, 3], [664, 2], [664, 2], [624, 3], [623, 3], [622, 2], [582, 3], [581, 2], [541, 3], [542, 3], [541, 3], [541, 3], [540, 3], [539, 0], [540, 3], [539, 0], [539, 0], [539, 0], [539, 0], [539, 0], [539, 0], [539, 0], [539, 0], [539, 0], [539, 0], [539, 0], [539, 0], [539, 0], [539, 0], [539, 0], [539, 0], [539, 0], [539, 0], [539, 0], [539, 0], [539, 0], [539, 0], [539, 0], [539, 0]]"
655,"[[499, 1], [539, 0], [539, 0], [539, 0], [539, 0], [539, 0], [539, 0], [539, 0], [539, 0], [539, 0], [499, 1], [539, 0], [539, 0], [539, 0]]"
656,"[[879, 3], [878, 3], [879, 3], [878, 3], [877, 3], [876, 3], [875, 3], [875, 3], [876, 3], [875, 3], [874, 0], [874, 0], [874, 0], [874, 0], [874, 0], [874, 0], [874, 0], [874, 0], [875, 3], [874, 0], [874, 0], [874, 0], [874, 0], [874, 0], [874, 0], [874, 0], [874, 0], [874, 0], [874, 0], [874, 0], [874, 0], [874, 0], [874, 0], [874, 0], [874, 0], [914, 2], [874, 0], [874, 0], [874, 0], [874, 0], [874, 0], [874, 0], [874, 0], [874, 0], [875, 3], [874, 0], [874, 0]]"
657,"[[420, 1], [460, 1], [500, 3], [460, 1], [500, 3], [499, 1], [539, 0], [539, 0], [539, 0], [539, 0], [539, 0], [539, 0], [539, 0], [539, 0], [539, 0], [539, 0], [539, 0], [539, 0], [539, 0], [539, 0], [539, 0], [539, 0], [539, 0], [539, 0], [539, 0], [499, 1], [539, 0], [539, 0]]"
658,"[[1105, 4], [1106, 1], [1146, 4], [1147, 4], [1147, 4], [1148, 2], [1148, 2], [1108, 4], [1109, 4], [1110, 2], [1110, 2], [1070, 4], [1071, 2], [1071, 2], [1031, 4], [1032, 2], [992, 4], [993, 0]]"
659,"[[499, 1], [539, 0], [539, 0], [499, 1], [539, 0], [539, 0], [539, 0], [499, 1], [539, 0], [539, 0], [539, 0], [539, 0], [540, 3], [539, 0], [539, 0], [539, 0], [539, 0], [539, 0], [539, 0], [539, 0], [540, 3], [539, 0], [540, 3], [539, 0], [539, 0], [539, 0], [539, 0], [539, 0], [539, 0], [539, 0], [540, 3], [539, 0], [539, 0], [539, 0], [539, 0], [540, 0]]"
660,"[[832, 3], [831, 3], [830, 3], [790, 3], [789, 3], [788, 3], [788, 3], [787, 2], [747, 3], [746, 2], [706, 3], [707, 3], [706, 3], [706, 3], [705, 2], [665, 3], [664, 2], [624, 3], [623, 3], [622, 2], [622, 2], [582, 3], [582, 3], [583, 3], [582, 3], [583, 3], [584, 1], [624, 3], [623, 3], [622, 2], [582, 3], [581, 0]]"
661,"[[832, 3], [833, 4], [834, 1], [874, 0], [874, 0], [874, 0], [874, 0], [874, 0], [834, 1], [874, 0], [874, 0], [874, 0], [874, 0], [874, 0], [874, 0], [874, 0], [874, 0], [874, 0], [874, 0], [874, 0], [874, 0], [874, 0], [874, 0], [874, 0], [874, 0], [874, 0], [874, 0], [874, 0]]"
662,"[[587, 3], [586, 3], [585, 1], [625, 3], [624, 3], [623, 0]]"
663,"[[743, 2], [783, 2], [743, 2], [703, 2], [663, 2], [623, 3], [622, 2], [582, 3], [581, 2], [581, 2], [582, 3], [622, 2], [582, 3], [581, 2], [582, 3], [581, 2], [582, 3], [581, 2], [541, 3], [540, 3], [539, 0], [499, 1], [539, 0]]"
664,"[[788, 3], [787, 2], [786, 2], [746, 2], [706, 3], [705, 2], [665, 3], [664, 2], [624, 3], [623, 3], [622, 2], [582, 3], [583, 3], [582, 3], [581, 2], [541, 3], [541, 3], [540, 3], [539, 0], [539, 0], [539, 0], [540, 3], [539, 0], [539, 0], [539, 0], [539, 0], [539, 0], [539, 0], [539, 0], [539, 0], [539, 0], [539, 0], [539, 0], [539, 0], [539, 0], [539, 0]]"
665,"[[743, 2], [743, 2], [703, 2], [663, 2], [623, 3], [623, 3], [622, 2], [622, 2], [582, 3], [581, 2], [541, 3], [540, 3], [539, 0], [539, 0], [539, 0], [499, 1], [539, 0], [539, 0], [539, 0], [539, 0], [539, 0], [539, 0], [539, 0], [499, 1], [539, 0], [539, 0], [539, 0], [539, 0], [539, 0], [539, 0], [539, 0], [539, 0], [499, 1], [539, 0], [539, 0], [539, 0], [540, 3], [539, 0], [539, 0], [539, 0], [539, 0], [540, 0]]"
666,"[[499, 1], [539, 0], [539, 0], [539, 0], [539, 0], [539, 0], [539, 0], [539, 0], [539, 0], [540, 3], [539, 0], [539, 0]]"
667,"[[879, 3], [878, 3], [878, 3], [878, 3], [877, 3], [876, 3], [875, 3], [875, 3], [874, 0], [874, 0], [874, 0], [874, 0], [874, 0]]"
668,"[[499, 1], [539, 0]]"
669,"[[420, 1], [420, 1], [460, 1], [500, 3], [499, 1], [459, 1], [499, 1], [539, 0], [539, 0], [539, 0], [539, 0], [539, 0], [539, 0], [539, 0], [539, 0], [539, 0], [539, 0], [539, 0], [539, 0]]"
670,"[[420, 1], [460, 1], [500, 3], [499, 1], [539, 0], [539, 0], [539, 0], [539, 0], [540, 3], [539, 0], [539, 0], [499, 1], [539, 0], [539, 0]]"
671,"[[788, 3], [787, 2], [747, 3], [746, 2], [706, 3], [705, 2], [665, 3], [664, 2], [624, 3], [623, 3], [622, 2], [582, 3], [581, 2], [541, 3], [540, 3], [539, 0], [539, 0], [539, 0], [499, 1], [459, 1], [499, 1], [539, 0], [539, 0], [539, 0], [539, 0], [539, 0], [539, 0]]"
672,"[[985, 2], [945, 4], [945, 4], [946, 4], [946, 4], [946, 4], [947, 2], [907, 4], [908, 2], [908, 2], [868, 2], [828, 2], [828, 2], [788, 3], [787, 2], [788, 3], [787, 2], [747, 3], [746, 2], [706, 0]]"
673,"[[788, 3], [787, 2], [747, 3], [746, 2], [706, 3], [705, 2], [706, 3], [705, 2], [665, 3], [664, 2], [624, 3], [623, 3], [663, 2], [623, 3], [622, 2], [582, 3], [581, 0]]"
674,"[[420, 1], [420, 1], [460, 1], [500, 3], [499, 1], [499, 1], [539, 0], [499, 1], [539, 0], [539, 0], [539, 0], [539, 0], [539, 0], [539, 0], [539, 0], [539, 0], [499, 1], [539, 0], [499, 1], [539, 0], [539, 0], [540, 3], [540, 0]]"
675,"[[743, 2], [703, 2], [663, 2], [623, 3], [622, 2], [623, 3], [583, 3], [582, 3], [581, 2], [541, 3], [540, 3], [539, 0], [539, 0], [539, 0], [540, 3], [539, 0], [539, 0], [540, 3], [539, 0], [539, 0], [539, 0], [539, 0], [540, 3], [540, 3], [539, 0], [499, 1], [539, 0], [539, 0]]"
676,"[[832, 3], [831, 3], [830, 3], [829, 2], [789, 3], [788, 3], [789, 3], [788, 3], [828, 2], [788, 3], [787, 2], [747, 3], [746, 2], [706, 3], [705, 2], [665, 3], [664, 2], [624, 0]]"
677,"[[623, 3], [622, 2], [582, 3], [542, 3], [502, 3], [502, 3], [502, 3], [501, 3], [500, 3], [460, 0]]"
678,"[[623, 3], [622, 2], [582, 3], [581, 2], [541, 3], [540, 3], [539, 0], [539, 0], [539, 0], [539, 0], [539, 0], [539, 0]]"
679,"[[788, 3], [787, 2], [747, 3], [746, 2], [747, 3], [746, 2], [706, 3], [746, 2], [706, 3], [705, 2], [706, 3], [705, 2], [705, 2], [665, 3], [664, 0]]"
680,"[[832, 3], [832, 3], [831, 3], [830, 3], [831, 3], [830, 3], [830, 3], [829, 2], [789, 3], [788, 3], [787, 2], [747, 3], [707, 3], [706, 3], [705, 2], [665, 3], [705, 2], [665, 3], [664, 2], [624, 3], [623, 3], [663, 0]]"
681,"[[206, 1], [206, 1], [246, 4], [247, 0], [248, 3], [247, 0], [248, 3], [247, 0], [247, 0], [246, 4], [247, 0], [247, 0], [247, 0], [247, 0], [247, 0], [247, 0], [247, 0], [247, 0], [287, 2], [247, 0], [247, 0], [207, 1], [167, 1], [207, 1], [247, 0], [247, 0], [247, 0]]"
682,"[[788, 3], [787, 2], [747, 3], [746, 2], [746, 2], [746, 2], [706, 3], [705, 2], [665, 3], [664, 2], [664, 2], [624, 3], [623, 3], [622, 2], [582, 3], [581, 2], [541, 3], [540, 3], [540, 3], [539, 0], [539, 0]]"
683,"[[985, 2], [945, 4], [946, 4], [947, 2], [907, 4], [908, 2], [868, 2], [828, 2], [788, 0]]"
684,"[[623, 3], [622, 2], [582, 3], [581, 2], [581, 2], [541, 3], [540, 3], [539, 0], [539, 0], [539, 0], [539, 0], [539, 0], [539, 0], [539, 0]]"
685,"[[420, 1], [460, 1], [500, 3], [499, 1], [539, 0], [539, 0], [539, 0], [539, 0], [539, 0]]"
686,"[[743, 2], [703, 2], [663, 2], [623, 3], [622, 2], [582, 3], [581, 2], [541, 3], [581, 2], [541, 3], [540, 3], [541, 3], [581, 2], [582, 3], [582, 3], [581, 2], [541, 3], [540, 3], [540, 3], [539, 0], [539, 0], [539, 0], [539, 0], [539, 0], [539, 0], [539, 0], [539, 0], [539, 0], [539, 0], [539, 0], [539, 0], [539, 0], [539, 0], [539, 0], [539, 0]]"
687,"[[420, 1], [460, 1], [500, 3], [499, 1], [539, 0], [539, 0], [539, 0], [539, 0], [539, 0], [539, 0], [539, 0], [539, 0], [539, 0], [539, 0]]"
688,"[[499, 1], [498, 4], [499, 1], [539, 0], [539, 0], [539, 0], [499, 1], [539, 0], [539, 0], [539, 0], [539, 0], [539, 0], [499, 1], [500, 3], [540, 3], [539, 0]]"
689,"[[374, 3], [373, 3], [373, 3], [373, 3], [372, 2], [371, 2], [331, 3], [330, 2], [290, 3], [289, 3], [288, 2], [248, 3], [248, 3], [247, 0], [247, 0], [247, 0], [247, 0], [247, 0], [246, 4], [246, 4], [206, 1], [246, 4], [247, 0], [247, 0], [246, 4], [247, 0]]"
690,"[[788, 3], [828, 2], [788, 3], [828, 2], [788, 3], [787, 2], [747, 3], [748, 3], [749, 3], [748, 3], [788, 3], [787, 2], [747, 3], [787, 2], [747, 3], [746, 2], [706, 3], [705, 2], [665, 3], [664, 2], [624, 3], [623, 3], [583, 3], [582, 3], [583, 3], [582, 0]]"
691,"[[832, 3], [832, 3], [831, 3], [830, 3], [829, 2], [789, 3], [788, 3], [787, 2], [747, 3], [746, 2], [786, 2], [746, 2], [747, 3], [746, 2], [706, 3], [707, 3], [706, 3], [705, 2], [665, 3], [664, 2], [624, 3], [623, 3], [624, 3], [624, 3], [623, 3], [663, 0]]"
692,"[[985, 2], [1025, 2], [985, 2], [945, 4], [946, 4], [947, 2], [907, 4], [908, 2], [868, 2], [828, 2], [788, 3], [748, 3], [747, 3], [787, 2], [747, 3], [707, 3], [706, 3], [705, 2], [665, 3], [664, 2], [624, 3], [623, 3], [623, 3], [622, 2], [582, 3], [581, 2], [581, 2], [541, 3], [501, 0]]"
693,"[[420, 1], [460, 1], [500, 3], [499, 1], [539, 0], [539, 0], [539, 0], [539, 0], [539, 0], [539, 0], [539, 0], [539, 0], [539, 0], [539, 0], [539, 0], [539, 0], [539, 0], [539, 0], [540, 3], [539, 0], [540, 3], [539, 0], [539, 0]]"
694,"[[832, 3], [831, 3], [830, 3], [829, 2], [789, 3], [788, 3], [788, 3], [787, 2], [747, 3], [746, 2], [706, 3], [706, 3], [746, 2], [706, 3], [705, 2], [665, 3], [664, 2], [665, 3], [664, 2], [664, 2], [624, 3], [623, 0]]"
695,"[[788, 3], [787, 2], [747, 3], [746, 2], [706, 3], [705, 2], [705, 2], [665, 3], [664, 2], [664, 2], [624, 0]]"
696,"[[985, 2], [945, 4], [945, 4], [946, 0]]"
697,"[[788, 3], [828, 2], [788, 3], [788, 3], [787, 2], [747, 3], [746, 2], [706, 3], [705, 2], [705, 2], [665, 3], [664, 2], [663, 2], [623, 0]]"
698,"[[623, 3], [622, 2], [622, 2], [582, 3], [581, 2], [541, 3], [540, 3], [539, 0], [540, 3], [539, 0], [539, 0], [539, 0], [540, 3], [539, 0], [539, 0], [540, 3], [540, 3], [539, 0]]"
699,"[[623, 3], [624, 3], [623, 3], [622, 2], [582, 3], [581, 2], [541, 3], [540, 3], [539, 0], [539, 0]]"
700,"[[788, 3], [787, 2], [747, 3], [746, 2], [706, 3], [705, 2], [665, 3], [664, 2], [624, 3], [623, 3], [622, 2], [622, 2], [582, 3], [581, 2], [581, 2], [581, 2], [541, 3], [540, 3], [539, 0], [539, 0], [539, 0]]"
701,"[[832, 3], [831, 3], [830, 3], [829, 2], [789, 3], [788, 3], [748, 3], [747, 3], [747, 3], [746, 2], [706, 3], [705, 2], [665, 3], [664, 2], [624, 3], [664, 2], [624, 3], [623, 3], [622, 2], [582, 3], [581, 2], [541, 3], [540, 0]]"
702,"[[832, 3], [831, 3], [830, 3], [829, 2], [789, 3], [788, 3], [787, 2], [747, 3], [707, 3], [747, 3], [746, 2], [706, 3], [705, 2], [705, 2], [706, 3], [705, 2], [665, 0]]"
703,"[[499, 1], [539, 0], [539, 0], [539, 0], [539, 0], [539, 0], [539, 0], [499, 1], [539, 0], [539, 0], [539, 0], [539, 0], [499, 1], [500, 3], [499, 1], [539, 0], [539, 0], [499, 1], [539, 0], [539, 0], [539, 0], [539, 0], [539, 0], [539, 0], [539, 0], [539, 0], [539, 0], [499, 1], [500, 3], [460, 1], [500, 3], [499, 1], [539, 0], [539, 0], [539, 0], [539, 0], [539, 0], [539, 0], [540, 3], [539, 0], [539, 0], [539, 0], [539, 0], [539, 0], [539, 0], [539, 0], [539, 0]]"
704,"[[832, 3], [831, 3], [830, 0]]"
705,"[[877, 3], [877, 3], [877, 3], [876, 3], [876, 3], [877, 3], [876, 3], [875, 3], [874, 0], [874, 0], [874, 0], [874, 0]]"
706,"[[587, 3], [587, 3], [586, 3], [585, 1], [625, 3], [624, 3], [623, 3], [622, 2], [582, 3], [581, 2], [541, 3], [541, 3], [540, 3], [539, 0]]"
707,"[[832, 3], [832, 3], [831, 3], [830, 3], [829, 2], [789, 3], [788, 3], [787, 2], [747, 3], [746, 2], [706, 3], [705, 2], [665, 3], [664, 2], [624, 3], [623, 3], [622, 2], [582, 3], [581, 2], [541, 3], [540, 3], [539, 0], [539, 0], [539, 0], [539, 0], [540, 3], [539, 0], [539, 0], [540, 3], [539, 0], [539, 0], [499, 1], [539, 0], [539, 0], [539, 0], [539, 0]]"
708,"[[499, 1], [499, 1], [539, 0], [539, 0], [539, 0], [540, 3], [540, 3], [539, 0], [539, 0], [539, 0], [539, 0], [539, 0]]"
709,"[[420, 1], [460, 1], [500, 3], [501, 3], [500, 3], [460, 1], [500, 3], [499, 1], [539, 0], [539, 0], [539, 0], [539, 0], [539, 0]]"
710,"[[832, 3], [832, 3], [831, 3], [830, 3], [829, 2], [830, 3], [829, 2], [828, 2], [788, 3], [787, 2], [747, 0]]"
711,"[[788, 3], [787, 2], [788, 3], [787, 2], [747, 3], [746, 2], [706, 3], [666, 3], [665, 3], [664, 2], [624, 3], [623, 3], [622, 2], [582, 3], [582, 3], [581, 2], [541, 3], [540, 3], [539, 0], [539, 0], [539, 0], [540, 3], [539, 0], [539, 0], [539, 0], [539, 0], [539, 0], [539, 0], [539, 0], [539, 0], [539, 0], [539, 0], [539, 0], [539, 0], [539, 0], [539, 0], [499, 1], [539, 0], [539, 0], [539, 0], [539, 0], [540, 3], [539, 0], [539, 0], [539, 0], [539, 0], [539, 0], [539, 0], [539, 0], [540, 3], [539, 0], [540, 3], [539, 0], [540, 3], [539, 0], [539, 0], [539, 0], [539, 0], [539, 0], [539, 0], [539, 0]]"
712,"[[499, 1], [539, 0], [539, 0], [539, 0], [539, 0], [539, 0], [539, 0], [499, 1], [539, 0], [499, 1], [499, 1], [539, 0], [539, 0], [539, 0], [539, 0], [539, 0], [539, 0], [539, 0], [539, 0]]"
713,"[[623, 3], [622, 2], [622, 2], [622, 2], [582, 3], [581, 2], [541, 3], [540, 3], [539, 0], [539, 0], [539, 0], [539, 0], [539, 0], [539, 0], [540, 3], [539, 0], [539, 0], [539, 0], [539, 0], [539, 0]]"
714,"[[41, 4], [42, 1], [82, 4], [83, 1], [123, 1], [163, 4], [164, 1], [163, 4], [164, 1], [204, 4], [205, 4], [206, 1], [246, 4], [247, 0], [247, 0], [247, 0], [246, 4], [247, 0], [247, 0], [287, 2], [247, 0], [247, 0], [247, 0], [287, 2], [288, 2], [248, 3], [247, 0], [247, 0], [247, 0], [247, 0], [248, 3], [247, 0], [247, 0], [287, 2], [247, 0], [247, 0], [247, 0], [247, 0], [247, 0], [247, 0], [247, 0], [207, 1], [247, 0], [287, 0]]"
715,"[[832, 3], [831, 3], [830, 3], [829, 2], [789, 3], [788, 3], [787, 2], [747, 3], [746, 2], [746, 2], [706, 3], [705, 2], [665, 3], [664, 2], [624, 3], [625, 3], [624, 3], [664, 2], [624, 3], [623, 3], [622, 2], [582, 3], [581, 2], [541, 3], [540, 3], [539, 0], [539, 0], [539, 0], [539, 0], [539, 0], [539, 0], [499, 0]]"
716,"[[499, 1], [539, 0], [539, 0], [539, 0], [539, 0], [499, 1], [539, 0], [539, 0], [539, 0], [539, 0], [539, 0], [539, 0], [539, 0], [539, 0], [539, 0], [539, 0], [539, 0], [539, 0], [540, 3], [540, 3], [539, 0], [539, 0], [539, 0], [539, 0], [539, 0], [539, 0], [539, 0]]"
717,"[[374, 3], [373, 3], [372, 2], [332, 3], [331, 3], [330, 2], [290, 3], [289, 3], [288, 2], [248, 3], [247, 0], [247, 0], [247, 0], [247, 0], [246, 0]]"
718,"[[832, 3], [831, 3], [831, 3], [830, 3], [829, 2], [869, 2], [869, 2], [829, 2], [789, 3], [788, 3], [787, 2], [788, 3], [787, 2], [747, 3], [746, 2], [706, 3], [705, 2], [665, 3], [664, 2], [624, 3], [623, 3], [622, 2], [623, 3], [622, 2], [582, 3], [581, 2], [541, 3], [541, 3], [540, 3], [539, 0]]"
719,"[[907, 4], [908, 2], [908, 2], [868, 2], [828, 2], [788, 3], [789, 3], [788, 3], [787, 2], [747, 3], [748, 3], [747, 3], [746, 2], [706, 3], [705, 2], [665, 3], [664, 2], [624, 3], [623, 0]]"
720,"[[985, 2], [945, 4], [946, 4], [947, 2], [907, 4], [908, 0]]"
721,"[[877, 3], [876, 3], [875, 3], [875, 3], [874, 0], [874, 0], [874, 0], [875, 3], [874, 0], [874, 0], [874, 0], [874, 0], [874, 0]]"
722,"[[41, 4], [42, 1], [41, 4], [42, 1], [42, 1], [82, 4], [81, 4], [82, 4], [83, 1], [83, 1], [123, 1], [163, 4], [164, 1], [204, 4], [205, 4], [206, 1], [246, 4], [246, 4], [247, 0], [247, 0], [247, 0], [247, 0], [247, 0], [247, 0], [247, 0], [247, 0], [247, 0], [247, 0], [247, 0], [287, 2], [247, 0], [287, 0]]"
723,"[[499, 1], [539, 0], [539, 0], [539, 0], [539, 0], [539, 0], [539, 0], [539, 0], [539, 0], [539, 0], [540, 0]]"
724,"[[41, 4], [42, 1], [82, 4], [122, 4], [122, 0]]"
725,"[[420, 1], [460, 1], [500, 3], [499, 1], [539, 0], [539, 0], [539, 0], [539, 0], [539, 0], [539, 0]]"
726,"[[587, 3], [586, 3], [585, 1], [584, 1], [584, 1], [624, 3], [623, 3], [622, 2], [582, 3], [581, 2], [541, 3], [540, 3], [541, 3], [540, 3], [500, 3], [499, 1], [539, 0], [499, 1], [539, 0], [499, 1], [539, 0], [539, 0], [539, 0], [539, 0], [540, 3], [539, 0], [539, 0], [539, 0], [539, 0], [539, 0], [539, 0], [539, 0], [539, 0], [539, 0], [539, 0], [539, 0], [539, 0], [539, 0], [539, 0], [539, 0], [539, 0], [539, 0], [539, 0]]"
727,"[[623, 3], [622, 2], [582, 3], [581, 0]]"
728,"[[877, 3], [876, 3], [875, 3], [874, 0], [874, 0], [875, 3], [874, 0], [874, 0], [874, 0], [874, 0], [874, 0], [874, 0], [874, 0], [874, 0], [874, 0], [874, 0], [874, 0], [874, 0], [834, 1], [874, 0], [874, 0], [874, 0], [874, 0], [874, 0], [874, 0]]"
729,"[[788, 3], [787, 2], [747, 3], [746, 2], [706, 3], [705, 2], [665, 3], [664, 2], [624, 3], [623, 3], [622, 2], [582, 0]]"
730,"[[420, 1], [460, 1], [459, 1], [499, 1], [539, 0], [539, 0], [539, 0], [539, 0], [539, 0], [539, 0], [539, 0], [539, 0], [539, 0], [539, 0], [539, 0], [539, 0], [539, 0], [539, 0], [539, 0], [539, 0], [539, 0], [539, 0], [539, 0], [539, 0], [499, 0]]"
731,"[[985, 2], [945, 4], [946, 4], [947, 2], [947, 2], [947, 2], [907, 4], [908, 2], [868, 2], [869, 2], [829, 2], [789, 3], [790, 3], [789, 3], [788, 3], [787, 2], [747, 3], [746, 2], [706, 3], [705, 2], [665, 3], [664, 2], [624, 3], [623, 3], [624, 3], [623, 3], [622, 2], [582, 0]]"
732,"[[623, 3], [663, 0]]"
733,"[[623, 3], [623, 3], [624, 3], [623, 3], [622, 2], [582, 3], [581, 2], [581, 2], [581, 0]]"
734,"[[206, 1], [246, 4], [247, 0], [247, 0], [247, 0], [247, 0], [247, 0], [247, 0], [247, 0], [247, 0], [247, 0], [247, 0], [247, 0], [247, 0]]"
735,"[[623, 3], [622, 2], [582, 3], [581, 2], [541, 3], [540, 3], [539, 0], [539, 0], [539, 0], [539, 0], [540, 3], [540, 3], [539, 0], [539, 0], [539, 0]]"
736,"[[985, 2], [945, 4], [946, 4], [947, 2], [907, 4], [908, 2], [868, 2], [869, 2], [829, 2], [789, 3], [788, 3], [787, 2], [747, 3], [746, 2], [746, 2], [747, 3], [746, 2], [747, 3], [746, 2], [706, 3], [706, 3], [705, 2], [665, 3], [705, 2], [665, 3], [664, 2], [624, 3], [623, 3], [622, 2], [582, 3], [542, 3], [542, 3], [582, 3], [581, 2], [541, 3], [581, 2], [541, 3], [540, 3], [541, 0]]"
737,"[[743, 2], [703, 2], [663, 2], [623, 3], [583, 3], [582, 3], [581, 2], [541, 3], [540, 3], [539, 0], [539, 0], [539, 0], [539, 0], [539, 0], [539, 0], [499, 1], [539, 0], [539, 0], [539, 0], [539, 0], [539, 0], [539, 0], [539, 0], [539, 0], [539, 0], [539, 0], [539, 0], [539, 0], [539, 0], [539, 0], [540, 3], [500, 3], [499, 1], [539, 0], [539, 0], [540, 3], [539, 0], [539, 0], [539, 0], [539, 0], [539, 0], [539, 0], [539, 0], [539, 0], [539, 0], [539, 0], [539, 0], [539, 0], [539, 0], [539, 0], [539, 0], [539, 0]]"
738,"[[788, 3], [787, 2], [747, 3], [746, 2], [747, 3], [746, 2], [706, 3], [705, 2], [665, 3], [664, 2], [624, 3], [623, 3], [622, 2], [622, 2], [582, 3], [581, 2], [541, 3], [540, 3], [539, 0], [499, 1], [499, 1], [539, 0], [540, 3], [539, 0], [539, 0]]"
739,"[[788, 3], [748, 3], [747, 3], [746, 2], [706, 3], [666, 3], [665, 3], [664, 2], [624, 3], [623, 3], [622, 2], [622, 2], [582, 3], [582, 3], [581, 2], [541, 3], [581, 2], [582, 3], [581, 2], [541, 3], [540, 3], [539, 0], [539, 0], [539, 0], [539, 0], [539, 0], [539, 0], [539, 0], [539, 0], [539, 0], [539, 0], [539, 0], [539, 0], [539, 0], [539, 0], [539, 0], [539, 0], [539, 0], [539, 0], [539, 0], [539, 0], [540, 3], [539, 0], [539, 0], [539, 0], [539, 0], [539, 0], [539, 0], [539, 0]]"
740,"[[1105, 4], [1106, 1], [1146, 4], [1147, 4], [1148, 2], [1108, 4], [1109, 4], [1110, 2], [1070, 4], [1071, 2], [1071, 2], [1031, 4], [1032, 2], [1032, 2], [992, 4], [993, 2], [953, 4], [954, 0]]"
741,"[[374, 3], [374, 3], [374, 3], [375, 3], [415, 3], [414, 2], [374, 3], [373, 3], [372, 2], [332, 3], [331, 3], [330, 2], [290, 3], [291, 3], [290, 3], [289, 3], [289, 3], [288, 2], [248, 3], [247, 0], [247, 0], [247, 0], [247, 0], [247, 0], [247, 0], [246, 4], [247, 0], [247, 0], [248, 3], [247, 0], [247, 0], [247, 0], [246, 0]]"
742,"[[623, 3], [622, 2], [622, 2], [582, 3], [581, 2], [541, 3], [542, 3], [541, 3], [540, 3], [539, 0], [539, 0], [539, 0], [539, 0], [539, 0], [539, 0], [539, 0], [539, 0], [499, 1], [539, 0], [539, 0], [539, 0], [539, 0], [539, 0], [539, 0], [539, 0], [499, 1], [539, 0], [539, 0], [539, 0], [539, 0], [539, 0], [499, 1], [499, 1], [498, 4], [499, 1], [539, 0], [539, 0], [499, 1], [539, 0], [539, 0], [539, 0], [499, 1], [539, 0], [539, 0], [539, 0], [539, 0], [539, 0], [539, 0], [539, 0], [539, 0], [539, 0], [539, 0], [539, 0]]"
743,"[[985, 2], [945, 4], [945, 4], [946, 4], [947, 2], [907, 4], [908, 2], [868, 2], [828, 2], [788, 3], [787, 2], [747, 3], [746, 2], [706, 3], [705, 2], [665, 0]]"
744,"[[1105, 4], [1106, 1], [1146, 4], [1146, 4], [1147, 4], [1148, 2], [1147, 4], [1148, 2], [1108, 4], [1109, 4], [1109, 4], [1110, 2], [1070, 4], [1071, 2], [1031, 4], [1032, 2], [1032, 2], [992, 4], [993, 0]]"
745,"[[1071, 2], [1071, 2], [1031, 4], [1032, 2], [992, 4], [993, 2], [953, 4], [954, 2], [914, 2], [874, 0], [874, 0], [874, 0], [874, 0], [874, 0], [874, 0], [914, 2], [874, 0], [874, 0], [834, 1], [874, 0], [874, 0], [874, 0], [874, 0], [874, 0], [874, 0], [874, 0], [874, 0], [874, 0], [874, 0], [874, 0], [874, 0], [874, 0], [874, 0], [874, 0], [874, 0], [874, 0], [874, 0], [874, 0], [874, 0], [874, 0], [874, 0], [874, 0], [874, 0], [874, 0], [874, 0], [874, 0], [874, 0], [874, 0], [874, 0], [914, 2], [874, 0], [874, 0], [874, 0], [874, 0], [874, 0], [874, 0], [874, 0], [874, 0], [874, 0], [874, 0], [874, 0], [874, 0], [874, 0], [874, 0], [834, 1], [874, 0], [874, 0], [874, 0], [874, 0], [834, 1], [874, 0], [874, 0], [874, 0], [874, 0], [874, 0], [875, 3], [875, 3], [874, 0], [874, 0], [874, 0], [874, 0], [874, 0]]"
746,"[[788, 3], [789, 3], [788, 3], [748, 3], [747, 3], [746, 2], [706, 3], [666, 3], [665, 3], [665, 3], [664, 2], [624, 3], [623, 3], [583, 3], [582, 3], [581, 2], [541, 3], [542, 3], [541, 3], [540, 3], [539, 0], [499, 1], [539, 0], [539, 0], [539, 0], [539, 0], [539, 0], [539, 0], [539, 0], [539, 0], [540, 3], [540, 3], [541, 3], [581, 2], [581, 2], [541, 3], [540, 3], [540, 3], [539, 0], [539, 0], [539, 0], [539, 0], [539, 0], [539, 0], [539, 0], [539, 0], [539, 0], [499, 1], [539, 0], [539, 0], [539, 0], [539, 0], [539, 0], [539, 0], [539, 0]]"
747,"[[788, 3], [787, 2], [747, 3], [746, 2], [706, 3], [705, 2], [665, 3], [666, 3], [665, 3], [664, 2], [624, 3], [623, 3], [622, 2], [582, 3], [581, 2], [541, 3], [540, 3], [539, 0], [539, 0], [539, 0], [539, 0], [539, 0], [539, 0], [539, 0], [539, 0]]"
748,"[[877, 3], [876, 3], [875, 3], [874, 0], [874, 0], [874, 0], [874, 0], [874, 0], [874, 0], [874, 0]]"
749,"[[743, 2], [744, 3], [743, 2], [743, 2], [703, 2], [663, 2], [623, 0]]"
750,"[[1105, 4], [1106, 1], [1146, 4], [1147, 4], [1148, 2], [1108, 4], [1109, 4], [1110, 2], [1070, 4], [1071, 2], [1031, 4], [1032, 2], [992, 4], [993, 2], [953, 0]]"
751,"[[832, 3], [831, 3], [830, 3], [829, 2], [789, 3], [788, 3], [787, 2], [747, 3], [746, 2], [746, 2], [706, 3], [705, 2], [665, 3], [664, 2], [665, 3], [664, 2], [665, 3], [664, 2], [624, 3], [623, 0]]"
752,"[[420, 1], [460, 1], [500, 3], [500, 3], [499, 1], [539, 0], [539, 0], [539, 0], [539, 0], [499, 1], [539, 0], [539, 0], [539, 0], [539, 0], [499, 1], [539, 0], [540, 3], [539, 0], [539, 0], [539, 0], [539, 0], [539, 0], [539, 0], [539, 0], [539, 0], [539, 0], [539, 0], [539, 0], [499, 1], [539, 0], [539, 0], [539, 0]]"
753,"[[832, 3], [831, 3], [830, 3], [829, 2], [789, 3], [788, 3], [787, 2], [747, 3], [746, 2], [706, 3], [705, 2], [665, 3], [625, 3], [624, 3], [623, 3], [622, 2], [582, 3], [581, 2], [541, 3], [542, 3], [541, 3], [540, 3], [540, 3], [541, 3], [540, 3], [500, 3], [499, 1], [539, 0], [539, 0], [539, 0], [539, 0], [539, 0]]"
754,"[[420, 1], [460, 1], [500, 3], [499, 1], [539, 0], [539, 0], [499, 1], [539, 0], [539, 0], [539, 0]]"
755,"[[1071, 2], [1071, 2], [1031, 4], [1032, 2], [992, 4], [993, 2], [953, 4], [954, 2], [914, 2], [874, 0], [874, 0], [874, 0], [874, 0], [875, 3], [874, 0], [874, 0], [874, 0], [834, 1], [874, 0], [874, 0], [874, 0], [874, 0], [874, 0], [874, 0], [874, 0], [874, 0], [874, 0], [874, 0], [834, 1], [874, 0], [874, 0], [875, 3], [874, 0], [874, 0], [914, 2], [914, 2], [874, 0], [875, 3], [874, 0], [874, 0], [874, 0], [874, 0], [874, 0], [874, 0]]"
756,"[[41, 4], [42, 1], [42, 1], [82, 4], [83, 1], [123, 1], [163, 0]]"
757,"[[788, 3], [787, 2], [786, 2], [746, 2], [706, 3], [705, 2], [665, 0]]"
758,"[[420, 1], [420, 1], [460, 1], [500, 3], [460, 1], [459, 1], [499, 1], [539, 0], [539, 0], [539, 0], [539, 0], [539, 0], [539, 0], [539, 0], [539, 0], [539, 0], [539, 0], [539, 0], [539, 0], [539, 0], [540, 3], [539, 0], [539, 0], [539, 0], [539, 0], [539, 0], [539, 0], [539, 0], [539, 0], [539, 0], [539, 0], [499, 1], [539, 0], [539, 0], [539, 0], [539, 0], [539, 0], [539, 0], [539, 0], [539, 0], [539, 0], [499, 1], [539, 0], [539, 0], [499, 1], [539, 0], [539, 0], [539, 0]]"
759,"[[623, 3], [622, 2], [622, 2], [582, 3], [581, 2], [541, 3], [540, 3], [539, 0], [539, 0], [539, 0], [539, 0], [499, 1], [539, 0]]"
760,"[[623, 3], [622, 2], [582, 3], [581, 2], [541, 3], [540, 3], [539, 0], [539, 0], [539, 0], [499, 1], [539, 0], [539, 0], [539, 0], [540, 3], [539, 0], [539, 0], [539, 0], [539, 0], [539, 0], [539, 0], [539, 0], [539, 0], [539, 0], [539, 0], [539, 0], [539, 0], [539, 0], [539, 0], [539, 0], [540, 3], [539, 0], [539, 0], [539, 0], [539, 0], [539, 0], [539, 0], [539, 0], [539, 0], [540, 3], [539, 0], [539, 0]]"
761,"[[743, 2], [703, 2], [703, 2], [703, 2], [663, 2], [623, 3], [622, 2], [582, 3], [581, 2], [541, 3], [540, 3], [539, 0], [539, 0], [539, 0], [539, 0], [539, 0], [539, 0], [539, 0], [539, 0], [539, 0]]"
762,"[[1071, 2], [1031, 4], [1031, 4], [1032, 2], [992, 4], [993, 2], [953, 4], [954, 2], [914, 2], [874, 0], [874, 0], [874, 0], [874, 0], [874, 0], [874, 0]]"
763,"[[788, 3], [828, 2], [788, 3], [828, 2], [828, 2], [788, 3], [787, 2], [747, 3], [746, 0]]"
764,"[[623, 3], [663, 2], [623, 3], [622, 2], [582, 3], [581, 2], [541, 3], [540, 3], [539, 0], [539, 0], [540, 3], [540, 3], [539, 0], [539, 0], [539, 0], [539, 0], [539, 0], [539, 0], [539, 0], [539, 0], [539, 0], [499, 1], [539, 0], [539, 0], [539, 0], [539, 0], [539, 0], [539, 0], [539, 0], [539, 0], [539, 0], [539, 0], [539, 0], [539, 0], [539, 0], [539, 0], [539, 0], [539, 0], [539, 0], [539, 0], [539, 0], [539, 0], [539, 0], [539, 0], [539, 0], [539, 0], [539, 0], [539, 0], [539, 0], [499, 1], [539, 0], [539, 0], [540, 3], [539, 0], [539, 0], [539, 0], [539, 0], [539, 0], [539, 0], [539, 0], [539, 0]]"
765,"[[623, 3], [622, 2], [582, 3], [581, 2], [581, 2], [541, 3], [542, 3], [541, 3], [540, 3], [539, 0], [539, 0], [539, 0], [539, 0]]"
766,"[[832, 3], [831, 3], [832, 3], [831, 3], [830, 3], [830, 3], [829, 2], [789, 3], [788, 3], [787, 2], [747, 3], [747, 3], [746, 2], [706, 3], [705, 2], [705, 0]]"
767,"[[623, 3], [622, 2], [582, 3], [581, 2], [541, 3], [540, 3], [539, 0], [539, 0]]"
768,"[[623, 3], [624, 3], [623, 3], [622, 2], [582, 3], [581, 2], [541, 3], [540, 3], [539, 0], [539, 0], [539, 0], [539, 0], [539, 0], [539, 0], [539, 0], [539, 0], [539, 0], [539, 0], [539, 0], [539, 0], [539, 0], [539, 0], [539, 0], [539, 0], [539, 0], [539, 0], [539, 0], [539, 0], [539, 0], [539, 0], [539, 0], [539, 0], [539, 0], [539, 0], [539, 0], [539, 0], [539, 0], [539, 0], [539, 0], [539, 0], [539, 0], [539, 0], [539, 0], [539, 0], [539, 0], [499, 1], [539, 0], [539, 0], [539, 0], [540, 3], [500, 3], [499, 1], [539, 0], [540, 3], [539, 0], [539, 0], [539, 0], [539, 0], [539, 0], [539, 0], [539, 0], [539, 0], [499, 1], [539, 0]]"
769,"[[788, 3], [787, 2], [747, 3], [746, 2], [706, 3], [705, 2], [665, 3], [664, 2], [624, 3], [623, 3], [663, 2], [623, 3], [663, 2], [623, 3], [663, 2], [664, 2], [624, 3], [623, 3], [663, 2], [623, 3], [622, 2], [622, 2], [582, 3], [581, 2], [541, 3], [540, 3], [539, 0], [539, 0], [539, 0], [539, 0]]"
770,"[[587, 3], [586, 3], [585, 1], [625, 3], [665, 3], [664, 2], [624, 3], [623, 3], [622, 2], [622, 2], [582, 3], [582, 3], [581, 2], [541, 3], [540, 3], [541, 3], [540, 3], [539, 0], [539, 0], [539, 0], [539, 0], [539, 0], [539, 0], [539, 0], [539, 0], [539, 0], [539, 0], [539, 0], [539, 0], [539, 0], [539, 0], [539, 0], [539, 0], [539, 0], [539, 0], [539, 0], [539, 0], [539, 0], [539, 0], [539, 0], [539, 0], [539, 0], [539, 0], [539, 0], [539, 0], [539, 0], [499, 1], [539, 0], [539, 0], [539, 0], [539, 0], [539, 0]]"
771,"[[1105, 4], [1106, 1], [1146, 4], [1147, 4], [1148, 2], [1108, 4], [1109, 4], [1110, 2], [1110, 2], [1070, 4], [1071, 2], [1031, 4], [1032, 0]]"
772,"[[623, 3], [583, 3], [582, 3], [622, 2], [622, 2], [582, 3], [581, 2], [581, 2], [581, 2], [541, 3], [540, 3], [539, 0], [539, 0], [539, 0], [539, 0], [539, 0], [539, 0]]"
773,"[[877, 3], [876, 3], [875, 3], [874, 0], [874, 0], [874, 0], [874, 0], [874, 0], [874, 0], [874, 0], [914, 0]]"
774,"[[832, 3], [831, 3], [831, 0]]"
775,"[[985, 2], [985, 2], [945, 4], [985, 2], [945, 4], [946, 4], [947, 2], [947, 2], [907, 4], [908, 2], [868, 2], [869, 2], [829, 2], [789, 3], [788, 3], [789, 3], [749, 3], [748, 3], [747, 3], [746, 2], [706, 3], [705, 2], [665, 3], [665, 3], [664, 2], [624, 3], [623, 0]]"
776,"[[832, 3], [831, 3], [830, 3], [831, 3], [830, 3], [829, 2], [828, 2], [788, 3], [787, 2], [747, 3], [746, 2], [746, 2], [706, 3], [705, 2], [705, 2], [705, 0]]"
777,"[[877, 3], [876, 3], [875, 3], [874, 0], [874, 0], [874, 0], [874, 0], [874, 0], [874, 0], [874, 0], [914, 2], [874, 0], [874, 0], [874, 0], [874, 0], [874, 0], [874, 0], [874, 0], [874, 0], [874, 0], [874, 0], [874, 0]]"
778,"[[877, 3], [876, 3], [877, 3], [876, 3], [875, 3], [874, 0], [874, 0], [874, 0], [874, 0], [874, 0], [874, 0], [874, 0], [874, 0], [874, 0], [874, 0], [834, 1], [833, 4], [834, 1], [874, 0], [874, 0], [874, 0], [874, 0], [874, 0], [874, 0], [874, 0], [874, 0], [874, 0], [874, 0], [874, 0]]"
779,"[[623, 3], [622, 2], [582, 3], [582, 3], [581, 2], [581, 2], [541, 3], [541, 3], [501, 3], [500, 3], [499, 1], [500, 3], [501, 3], [500, 3], [500, 3], [499, 1], [539, 0], [539, 0]]"
780,"[[587, 3], [588, 3], [587, 3], [586, 3], [585, 1], [625, 3], [624, 3], [623, 3], [622, 2], [582, 3], [583, 3], [584, 1], [583, 3], [582, 3], [582, 3], [581, 2], [541, 3], [540, 3], [539, 0], [539, 0], [539, 0], [539, 0], [539, 0], [539, 0], [539, 0], [539, 0], [539, 0], [539, 0], [539, 0], [540, 3], [540, 0]]"
781,"[[374, 3], [373, 3], [372, 2], [332, 3], [331, 3], [330, 0]]"
782,"[[788, 3], [787, 2], [747, 3], [746, 2], [706, 3], [705, 2], [705, 2], [665, 3], [666, 3], [666, 3], [665, 3], [664, 2], [624, 3], [623, 3], [622, 2], [623, 3], [622, 2], [582, 3], [581, 2], [541, 3], [581, 2], [581, 2], [581, 2], [581, 2], [541, 3], [540, 0]]"
783,"[[877, 3], [876, 3], [875, 3], [874, 0], [874, 0], [874, 0], [874, 0], [874, 0], [874, 0], [874, 0], [874, 0], [874, 0], [874, 0], [874, 0], [874, 0], [874, 0], [874, 0], [914, 2], [874, 0], [874, 0], [874, 0], [874, 0], [874, 0], [914, 2], [874, 0], [874, 0], [874, 0], [874, 0], [874, 0], [875, 3], [874, 0], [874, 0], [874, 0], [874, 0], [874, 0], [874, 0], [834, 1], [874, 0], [874, 0], [874, 0], [874, 0], [874, 0], [874, 0], [874, 0], [914, 2], [874, 0], [874, 0], [874, 0], [874, 0], [874, 0], [874, 0], [874, 0], [874, 0]]"
784,"[[877, 3], [837, 1], [877, 3], [876, 3], [875, 3], [874, 0], [874, 0], [874, 0], [874, 0]]"
785,"[[832, 3], [831, 3], [831, 3], [831, 3], [831, 3], [830, 3], [829, 2], [789, 3], [788, 3], [787, 2], [747, 3], [746, 2], [706, 3], [705, 2], [665, 3], [665, 3], [665, 3], [664, 2], [624, 3], [623, 3], [622, 2], [582, 3], [581, 2], [582, 3], [581, 2], [541, 3], [540, 3], [539, 0], [539, 0], [539, 0]]"
786,"[[743, 2], [703, 2], [663, 2], [623, 3], [622, 2], [582, 3], [581, 2], [581, 2], [541, 3], [540, 0]]"
787,"[[788, 3], [787, 2], [747, 3], [746, 2], [746, 2], [706, 3], [705, 2], [665, 3], [664, 2], [663, 2], [623, 3], [622, 2], [582, 3], [622, 2], [582, 3], [581, 2], [581, 2], [541, 3], [540, 3], [539, 0], [539, 0], [539, 0], [539, 0], [539, 0], [539, 0], [539, 0], [539, 0], [539, 0]]"
788,"[[832, 3], [831, 3], [830, 3], [829, 2], [789, 3], [788, 3], [748, 3], [747, 3], [746, 2], [706, 3], [705, 2], [705, 2], [665, 3], [664, 2], [624, 3], [624, 3], [623, 3], [622, 2], [582, 3], [581, 2], [541, 3], [541, 3], [540, 3], [539, 0], [539, 0]]"
789,"[[743, 2], [703, 2], [663, 2], [623, 3], [622, 0]]"
790,"[[420, 1], [460, 1], [500, 3], [499, 1], [498, 4], [498, 4], [499, 1], [539, 0], [539, 0], [540, 3], [540, 3], [539, 0], [539, 0], [539, 0], [539, 0], [539, 0], [539, 0], [539, 0], [539, 0], [539, 0], [539, 0], [539, 0], [539, 0], [499, 0]]"
791,"[[499, 1], [539, 0], [539, 0]]"
792,"[[832, 3], [831, 3], [830, 3], [829, 2], [789, 3], [788, 3], [787, 2], [787, 2], [747, 3], [746, 2], [706, 3], [705, 2], [665, 3], [664, 0]]"
793,"[[985, 2], [945, 4], [946, 4], [947, 2], [907, 4], [907, 4], [908, 2], [868, 2], [828, 2], [828, 2], [829, 2], [789, 3], [788, 3], [787, 2], [747, 3], [787, 2], [747, 3], [746, 2], [706, 3], [705, 2], [665, 3], [664, 2], [624, 3], [624, 3], [584, 1], [624, 3], [623, 3], [622, 2], [622, 2], [582, 3], [581, 2], [541, 3], [540, 3], [539, 0], [539, 0], [539, 0], [539, 0], [540, 3], [539, 0], [539, 0], [539, 0], [539, 0], [539, 0], [539, 0], [539, 0], [539, 0], [539, 0], [539, 0], [540, 3], [540, 0]]"
794,"[[499, 1], [499, 1], [539, 0], [539, 0], [539, 0], [539, 0], [539, 0], [539, 0], [539, 0], [499, 1], [539, 0], [539, 0], [539, 0], [539, 0], [539, 0], [539, 0], [539, 0], [539, 0], [499, 1], [459, 1], [499, 1], [539, 0], [539, 0], [539, 0], [539, 0], [539, 0], [539, 0], [539, 0], [539, 0], [540, 3], [539, 0], [539, 0], [539, 0], [539, 0], [539, 0], [539, 0], [539, 0], [539, 0], [539, 0], [539, 0], [539, 0], [539, 0], [539, 0], [539, 0], [539, 0], [539, 0], [539, 0], [539, 0], [539, 0], [539, 0], [539, 0], [539, 0], [539, 0], [539, 0], [539, 0], [539, 0], [539, 0], [539, 0], [539, 0]]"
795,"[[420, 1], [420, 1], [460, 1], [459, 1], [459, 1], [458, 1], [498, 4], [499, 1], [539, 0], [539, 0], [539, 0], [539, 0], [539, 0]]"
796,"[[278, 1], [318, 3], [317, 1], [277, 1], [317, 1], [357, 1], [397, 1], [437, 1], [477, 1], [517, 1], [557, 1], [597, 1], [637, 1], [677, 1], [717, 1], [757, 1], [797, 1], [757, 1], [756, 1], [796, 4], [797, 1], [837, 1], [877, 3], [876, 3], [875, 3], [874, 0], [834, 1], [833, 4], [832, 3], [831, 0]]"
797,"[[420, 1], [460, 1], [500, 3], [499, 1], [499, 1], [539, 0], [539, 0], [540, 3], [539, 0], [540, 3], [539, 0], [539, 0], [540, 0]]"
798,"[[788, 3], [828, 2], [828, 2], [788, 3], [787, 2], [747, 3], [746, 2], [706, 3], [706, 3], [705, 2], [665, 3], [664, 2], [624, 3], [623, 3], [622, 2], [582, 3], [581, 2], [541, 3], [541, 3], [540, 3], [539, 0], [539, 0], [539, 0], [539, 0], [539, 0], [539, 0], [539, 0], [539, 0], [539, 0], [539, 0], [539, 0], [539, 0], [539, 0], [539, 0], [539, 0]]"
799,"[[743, 2], [703, 2], [743, 2], [703, 2], [663, 2], [623, 3], [622, 2], [582, 3], [581, 2], [581, 2], [541, 3], [540, 3], [539, 0], [499, 1], [539, 0]]"
800,"[[832, 3], [831, 3], [832, 3], [831, 3], [830, 3], [829, 2], [789, 3], [788, 3], [789, 3], [790, 3], [789, 3], [790, 3], [789, 0]]"
801,"[[1071, 2], [1031, 4], [1032, 2], [992, 4], [1032, 2], [992, 4], [993, 2], [953, 4], [954, 2], [914, 2], [874, 0], [874, 0], [874, 0], [874, 0], [874, 0], [874, 0]]"
802,"[[587, 3], [587, 3], [586, 3], [585, 1], [625, 3], [585, 1], [625, 3], [665, 3], [666, 3], [665, 3], [664, 2], [624, 3], [623, 3], [622, 2], [582, 3], [581, 2], [541, 3], [540, 3], [539, 0], [539, 0], [539, 0], [539, 0], [539, 0], [539, 0], [539, 0], [539, 0], [539, 0], [539, 0]]"
803,"[[788, 3], [787, 2], [747, 3], [746, 2], [706, 3], [707, 3], [706, 3], [666, 3], [665, 3], [664, 2], [624, 3], [623, 0]]"
804,"[[832, 3], [831, 3], [830, 3], [829, 2], [789, 3], [788, 3], [787, 2], [788, 3], [787, 2], [747, 3], [746, 2], [786, 2], [746, 2], [706, 3], [705, 2], [665, 3], [664, 2], [624, 3], [623, 3], [624, 3], [623, 3], [622, 2], [582, 3], [581, 2], [541, 3], [501, 3], [500, 3], [499, 1], [539, 0], [539, 0], [539, 0], [539, 0], [539, 0], [539, 0], [539, 0], [539, 0], [539, 0]]"
805,"[[499, 1], [539, 0], [539, 0], [539, 0], [540, 3], [539, 0], [539, 0], [539, 0], [539, 0], [539, 0], [539, 0], [539, 0], [539, 0], [540, 3], [540, 3], [539, 0], [539, 0], [539, 0], [539, 0], [539, 0]]"
806,"[[623, 3], [622, 2], [582, 3], [581, 2], [541, 3], [540, 3], [539, 0], [539, 0], [539, 0], [539, 0], [539, 0], [539, 0], [539, 0], [539, 0], [539, 0], [539, 0], [539, 0], [539, 0], [539, 0], [539, 0], [539, 0], [539, 0], [539, 0], [539, 0]]"
807,"[[420, 1], [420, 1], [380, 1], [420, 1], [460, 1], [500, 3], [499, 1], [499, 1], [539, 0], [539, 0], [539, 0], [539, 0], [540, 3], [539, 0], [539, 0]]"
808,"[[788, 3], [787, 2], [747, 3], [746, 2], [706, 3], [705, 2], [705, 0]]"
809,"[[832, 3], [832, 3], [831, 3], [830, 3], [829, 2], [789, 3], [790, 3], [790, 3], [789, 3], [788, 3], [787, 2], [747, 3], [746, 2], [706, 3], [707, 3], [706, 3], [707, 3], [706, 3], [705, 2], [665, 3], [664, 2], [624, 3], [623, 3], [663, 2], [623, 3], [622, 2], [582, 3], [581, 2], [541, 3], [540, 3], [539, 0], [539, 0], [539, 0], [539, 0]]"
810,"[[832, 3], [831, 3], [830, 3], [829, 2], [789, 3], [788, 3], [787, 2], [747, 3], [746, 2], [746, 2], [706, 3], [705, 2], [665, 3], [664, 2], [624, 3], [623, 3], [622, 2], [582, 3], [581, 2], [541, 3], [540, 3], [539, 0], [539, 0], [499, 1], [539, 0], [499, 1], [498, 4], [499, 1], [539, 0], [539, 0], [539, 0], [539, 0], [539, 0], [539, 0], [539, 0], [539, 0]]"
811,"[[206, 1], [246, 4], [246, 4], [247, 0], [247, 0], [247, 0], [247, 0], [247, 0], [247, 0], [247, 0], [207, 1], [247, 0], [248, 3], [247, 0], [247, 0], [247, 0], [247, 0], [247, 0], [247, 0], [247, 0], [247, 0], [247, 0], [247, 0], [247, 0]]"
812,"[[879, 3], [878, 3], [878, 3], [878, 3], [877, 3], [878, 3], [877, 3], [876, 3], [875, 3], [874, 0], [874, 0], [874, 0], [874, 0], [874, 0]]"
813,"[[788, 3], [748, 3], [747, 3], [746, 2], [706, 3], [705, 2], [705, 2], [665, 3], [664, 2], [624, 3], [623, 3], [622, 2], [582, 3], [581, 2], [541, 3], [540, 3], [539, 0], [539, 0], [539, 0]]"
814,"[[499, 1], [539, 0], [539, 0], [539, 0], [539, 0], [540, 3], [539, 0], [539, 0], [539, 0], [539, 0], [539, 0], [539, 0], [539, 0], [539, 0], [539, 0], [539, 0], [539, 0], [539, 0], [539, 0], [539, 0], [539, 0], [539, 0], [539, 0], [539, 0]]"
815,"[[587, 3], [586, 3], [585, 1], [625, 3], [625, 3], [665, 3], [664, 2], [665, 3], [664, 2], [624, 3], [623, 3], [624, 3], [624, 3], [623, 3], [622, 2], [582, 3], [581, 2], [581, 2], [541, 3], [540, 3], [539, 0], [539, 0], [539, 0], [539, 0], [539, 0], [539, 0], [539, 0], [499, 1], [539, 0], [539, 0], [539, 0], [539, 0], [539, 0], [539, 0], [539, 0], [539, 0], [539, 0], [539, 0], [539, 0], [539, 0], [539, 0], [539, 0], [539, 0], [539, 0], [539, 0], [539, 0], [539, 0], [539, 0], [539, 0], [539, 0], [539, 0], [539, 0], [539, 0], [539, 0], [539, 0], [539, 0], [539, 0], [539, 0], [539, 0], [539, 0], [539, 0], [539, 0], [499, 1], [539, 0], [539, 0], [539, 0], [539, 0], [539, 0], [539, 0], [539, 0]]"
816,"[[206, 1], [246, 4], [247, 0], [247, 0], [247, 0]]"
817,"[[499, 1], [539, 0], [539, 0], [540, 3], [539, 0], [539, 0], [539, 0], [539, 0], [539, 0], [539, 0], [539, 0], [539, 0], [539, 0], [539, 0], [539, 0], [539, 0], [539, 0], [539, 0], [539, 0], [539, 0], [540, 3], [539, 0], [540, 3], [500, 3], [499, 1], [539, 0], [539, 0], [539, 0], [539, 0], [539, 0], [539, 0], [539, 0], [539, 0], [539, 0], [539, 0], [539, 0], [539, 0], [539, 0], [539, 0], [539, 0], [539, 0], [539, 0], [539, 0], [539, 0]]"
818,"[[499, 1], [539, 0], [539, 0], [499, 1], [539, 0], [539, 0], [539, 0], [539, 0], [539, 0], [539, 0], [539, 0], [539, 0], [539, 0], [539, 0], [539, 0], [539, 0], [539, 0], [539, 0], [539, 0], [539, 0], [539, 0], [539, 0], [539, 0], [539, 0], [539, 0], [539, 0], [539, 0], [539, 0], [539, 0], [539, 0], [539, 0], [539, 0], [539, 0], [539, 0], [539, 0], [539, 0], [539, 0], [539, 0], [539, 0], [539, 0], [539, 0], [539, 0], [539, 0], [540, 3], [539, 0], [539, 0], [539, 0]]"
819,"[[623, 3], [622, 2], [582, 3], [581, 2], [541, 3], [540, 3], [539, 0], [539, 0], [539, 0], [539, 0], [539, 0], [539, 0], [539, 0]]"
820,"[[832, 3], [831, 3], [830, 3], [829, 2], [789, 3], [788, 3], [787, 2], [788, 3], [787, 2], [747, 3], [746, 2], [706, 3], [705, 0]]"
821,"[[788, 3], [788, 3], [787, 2], [747, 3], [746, 2], [706, 3], [705, 2], [705, 2], [705, 2], [665, 3], [665, 3], [664, 2], [624, 3], [623, 3], [623, 3], [623, 3], [583, 3], [582, 3], [583, 3], [582, 3], [581, 2], [541, 3], [540, 0]]"
822,"[[879, 3], [878, 3], [878, 3], [877, 3], [876, 3], [875, 3], [874, 0], [874, 0], [834, 1], [834, 1], [874, 0], [874, 0], [914, 2], [874, 0], [874, 0], [875, 3], [874, 0], [875, 3], [874, 0], [874, 0], [874, 0]]"
823,"[[832, 3], [831, 3], [830, 3], [829, 2], [828, 2], [868, 2], [828, 2], [788, 3], [787, 2], [787, 2], [747, 3], [746, 2], [706, 3], [705, 2], [665, 3], [664, 2], [624, 3], [623, 3], [622, 2], [582, 3], [582, 3], [581, 2], [581, 2], [541, 3], [540, 3], [539, 0]]"
824,"[[420, 1], [460, 1], [500, 3], [499, 1], [539, 0], [539, 0], [539, 0], [539, 0], [539, 0], [539, 0], [539, 0], [539, 0], [539, 0], [539, 0], [539, 0], [539, 0], [539, 0], [539, 0], [539, 0], [539, 0], [539, 0], [539, 0], [539, 0], [539, 0], [539, 0], [539, 0], [539, 0], [539, 0], [539, 0], [539, 0], [540, 3], [540, 0]]"
825,"[[623, 3], [622, 2], [582, 3], [581, 2], [541, 3], [540, 3], [539, 0], [539, 0], [499, 1], [500, 3], [499, 1], [539, 0], [539, 0], [539, 0], [539, 0], [539, 0], [539, 0], [539, 0], [499, 1], [539, 0], [539, 0], [499, 1], [539, 0]]"
826,"[[1071, 2], [1071, 2], [1031, 4], [1031, 4], [1071, 2], [1031, 4], [1071, 2], [1031, 4], [1032, 2], [992, 4], [992, 4], [993, 0]]"
827,"[[623, 3], [622, 2], [582, 3], [581, 2], [541, 3], [541, 3], [540, 3], [539, 0], [539, 0], [539, 0], [539, 0], [539, 0], [539, 0], [539, 0], [539, 0], [540, 3], [539, 0], [499, 1], [499, 1], [539, 0], [540, 3], [539, 0], [539, 0], [539, 0], [539, 0], [539, 0], [539, 0]]"
828,"[[788, 3], [787, 2], [747, 3], [746, 2], [706, 3], [705, 2], [665, 3], [664, 2], [624, 3], [623, 3], [622, 2], [582, 3], [581, 2], [541, 3], [542, 3], [541, 3], [540, 3], [539, 0], [539, 0], [539, 0], [539, 0], [539, 0], [539, 0], [539, 0], [539, 0], [539, 0], [539, 0], [539, 0]]"
829,"[[788, 3], [787, 2], [747, 3], [746, 2], [706, 3], [705, 2], [665, 3], [664, 2], [664, 2], [624, 3], [623, 3], [622, 2], [582, 3], [582, 3], [581, 2], [541, 3], [540, 3], [539, 0], [540, 0]]"
830,"[[743, 2], [703, 2], [663, 2], [623, 3], [624, 3], [623, 3], [622, 2], [582, 3], [581, 2], [541, 3], [540, 3], [539, 0], [539, 0], [539, 0], [539, 0], [539, 0], [539, 0], [539, 0], [539, 0], [539, 0], [539, 0], [540, 3], [539, 0], [539, 0], [539, 0], [539, 0], [539, 0], [539, 0], [539, 0], [539, 0], [499, 1], [539, 0], [539, 0], [539, 0], [539, 0], [539, 0], [539, 0], [539, 0], [539, 0], [539, 0], [539, 0], [539, 0], [539, 0], [539, 0], [539, 0], [539, 0], [539, 0], [539, 0], [539, 0], [539, 0], [539, 0], [539, 0], [539, 0], [499, 1], [539, 0]]"
831,"[[420, 1], [460, 1], [460, 1], [500, 3], [499, 1], [539, 0], [539, 0], [539, 0], [539, 0], [539, 0], [539, 0], [539, 0], [539, 0], [539, 0], [539, 0], [539, 0], [539, 0], [539, 0], [539, 0], [540, 3], [539, 0], [539, 0], [539, 0], [539, 0], [539, 0], [539, 0], [539, 0], [539, 0], [539, 0], [539, 0], [539, 0], [539, 0]]"
832,"[[788, 3], [828, 2], [828, 2], [828, 2], [829, 2], [789, 3], [788, 3], [787, 2], [747, 3], [746, 2], [706, 3], [705, 2], [665, 3], [625, 3], [624, 3], [623, 3], [623, 3], [622, 2], [582, 3], [581, 2], [541, 3], [540, 3], [539, 0], [539, 0]]"
833,"[[832, 3], [833, 4], [834, 1], [874, 0], [834, 1], [874, 0], [874, 0], [874, 0], [875, 3], [874, 0], [874, 0], [874, 0], [874, 0], [874, 0], [874, 0], [874, 0], [874, 0], [874, 0], [874, 0], [874, 0]]"
834,"[[499, 1], [539, 0], [539, 0], [539, 0], [539, 0], [539, 0], [539, 0], [539, 0], [499, 1], [539, 0], [539, 0], [539, 0], [539, 0], [539, 0], [539, 0], [539, 0], [539, 0], [539, 0], [539, 0]]"
835,"[[832, 3], [831, 3], [830, 3], [829, 2], [830, 3], [829, 2], [789, 3], [790, 3], [789, 3], [788, 3], [787, 2], [747, 3], [746, 2], [706, 3], [705, 2], [665, 3], [664, 2], [624, 3], [623, 3], [622, 2], [582, 3], [582, 3], [581, 0]]"
836,"[[788, 3], [787, 2], [747, 3], [707, 3], [707, 3], [707, 3], [706, 3], [705, 2], [665, 3], [664, 2], [624, 3], [623, 3], [622, 2], [582, 3], [581, 2], [582, 3], [583, 3], [583, 3], [582, 3], [581, 2], [581, 2], [541, 3], [541, 3], [540, 3], [539, 0]]"
837,"[[985, 2], [945, 4], [946, 4], [947, 2], [907, 4], [907, 4], [908, 2], [908, 2], [868, 2], [869, 2], [869, 2], [829, 2], [830, 3], [829, 2], [789, 3], [788, 3], [787, 2], [747, 3], [746, 2], [706, 0]]"
838,"[[788, 3], [828, 2], [788, 3], [787, 2], [787, 2], [747, 3], [746, 2], [706, 3], [706, 3], [705, 2], [665, 3], [664, 2], [624, 3], [623, 3], [663, 2], [623, 0]]"
839,"[[985, 2], [945, 4], [946, 4], [947, 2], [907, 4], [947, 2], [907, 4], [907, 4], [908, 2], [868, 2], [828, 2], [788, 3], [787, 2], [747, 3], [746, 2], [706, 3], [705, 2], [665, 3], [705, 2], [665, 3], [666, 3], [666, 3], [665, 3], [664, 2], [624, 3], [664, 2], [664, 2], [624, 3], [623, 3], [622, 2], [623, 3], [583, 3], [583, 3], [582, 3], [581, 2], [541, 3], [540, 3], [539, 0], [539, 0], [539, 0], [539, 0], [539, 0], [539, 0], [539, 0], [499, 1], [499, 1], [498, 4], [499, 1], [539, 0], [539, 0], [539, 0], [539, 0], [539, 0], [539, 0], [539, 0], [539, 0], [539, 0], [539, 0], [539, 0], [539, 0], [539, 0], [539, 0], [539, 0], [539, 0], [539, 0], [539, 0]]"
840,"[[788, 3], [828, 2], [788, 3], [787, 2], [747, 3], [746, 2], [706, 3], [705, 0]]"
841,"[[623, 3], [622, 2], [582, 3], [581, 2], [541, 3], [540, 3], [539, 0], [539, 0], [539, 0], [539, 0], [539, 0], [539, 0], [539, 0], [539, 0], [539, 0], [540, 3], [539, 0], [539, 0], [499, 1], [539, 0], [539, 0], [539, 0]]"
842,"[[587, 3], [586, 3], [585, 1], [625, 3], [624, 3], [623, 3], [623, 3], [622, 2], [582, 3], [581, 2], [541, 3], [540, 3], [539, 0]]"
843,"[[832, 3], [831, 3], [831, 3], [830, 3], [829, 2], [869, 2], [829, 2], [789, 3], [788, 3], [787, 2], [747, 3], [746, 2], [706, 3], [705, 2], [665, 3], [664, 2], [624, 0]]"
844,"[[743, 2], [703, 2], [663, 2], [623, 3], [622, 2], [582, 3], [581, 2], [541, 3], [540, 3], [539, 0], [539, 0], [539, 0], [539, 0], [539, 0], [539, 0], [539, 0], [539, 0], [539, 0], [539, 0], [539, 0], [539, 0], [539, 0], [539, 0], [539, 0], [539, 0], [539, 0], [539, 0], [539, 0], [539, 0], [540, 3], [539, 0], [539, 0]]"
845,"[[985, 2], [1025, 2], [985, 2], [985, 2], [945, 4], [946, 4], [947, 2], [907, 4], [907, 4], [908, 2], [868, 2], [868, 2], [828, 2], [788, 3], [787, 2], [788, 3], [748, 3], [747, 3], [746, 2], [747, 3], [748, 3], [747, 0]]"
846,"[[832, 3], [831, 3], [831, 3], [830, 3], [829, 2], [789, 3], [789, 3], [788, 3], [787, 2], [787, 2], [747, 3], [746, 2], [706, 3], [705, 2], [665, 3], [665, 3], [664, 2], [624, 3], [623, 3], [622, 2], [582, 3], [581, 2], [541, 3], [501, 3], [500, 3], [540, 3], [540, 3], [541, 3], [540, 3], [500, 3], [499, 1], [498, 4], [499, 1], [499, 1], [539, 0], [539, 0], [539, 0], [499, 1], [539, 0], [539, 0], [539, 0], [539, 0], [539, 0], [539, 0], [539, 0]]"
847,"[[623, 3], [622, 2], [582, 3], [581, 2], [581, 2], [541, 3], [540, 3], [539, 0], [539, 0], [539, 0], [539, 0], [539, 0], [539, 0], [539, 0], [539, 0], [539, 0], [539, 0], [539, 0], [539, 0], [539, 0], [539, 0], [539, 0], [539, 0]]"
848,"[[499, 1], [498, 4], [499, 1], [539, 0], [539, 0], [539, 0], [540, 3], [539, 0], [539, 0], [539, 0], [539, 0], [539, 0], [539, 0], [539, 0], [539, 0], [540, 3], [539, 0], [539, 0], [539, 0], [499, 1], [539, 0], [539, 0], [539, 0], [539, 0], [539, 0], [539, 0], [539, 0], [539, 0], [539, 0], [539, 0], [539, 0], [539, 0], [539, 0], [539, 0], [539, 0], [539, 0], [539, 0], [539, 0], [539, 0], [539, 0], [539, 0], [539, 0], [539, 0], [539, 0]]"
849,"[[877, 3], [876, 3], [875, 3], [874, 0], [874, 0], [874, 0], [874, 0], [874, 0], [874, 0], [874, 0], [874, 0], [874, 0], [874, 0], [874, 0], [874, 0], [874, 0], [874, 0], [874, 0], [914, 2], [874, 0], [874, 0], [875, 3], [874, 0]]"
850,"[[499, 1], [539, 0], [539, 0], [539, 0], [539, 0], [539, 0], [539, 0], [539, 0], [539, 0], [539, 0], [539, 0]]"
851,"[[788, 3], [787, 2], [747, 3], [746, 2], [706, 3], [707, 3], [706, 3], [705, 2], [705, 2], [706, 3], [705, 2], [665, 3], [664, 2], [624, 3], [623, 3], [622, 2], [582, 3], [581, 2], [582, 3], [581, 2], [541, 3], [540, 3], [539, 0], [539, 0], [539, 0], [539, 0], [539, 0], [539, 0], [539, 0], [539, 0], [539, 0], [539, 0], [539, 0], [539, 0]]"
852,"[[499, 1], [499, 1], [459, 1], [499, 1], [539, 0], [539, 0], [539, 0], [539, 0], [539, 0], [539, 0], [539, 0], [539, 0], [539, 0], [539, 0]]"
853,"[[832, 3], [831, 3], [831, 3], [831, 3], [830, 3], [829, 2], [789, 3], [749, 3], [748, 3], [747, 3], [746, 2], [706, 0]]"
854,"[[623, 3], [622, 2], [582, 3], [581, 2], [541, 3], [540, 3], [539, 0], [539, 0], [540, 3], [539, 0], [539, 0], [539, 0], [539, 0], [539, 0], [539, 0], [539, 0], [539, 0], [539, 0], [539, 0], [539, 0]]"
855,"[[374, 3], [373, 3], [373, 3], [373, 3], [372, 2], [372, 2], [332, 3], [331, 3], [330, 2], [330, 2], [290, 3], [289, 3], [288, 0]]"
856,"[[623, 3], [622, 2], [582, 3], [581, 2], [541, 3], [540, 3], [539, 0], [539, 0], [539, 0], [539, 0], [539, 0], [539, 0], [539, 0], [539, 0], [539, 0], [539, 0], [539, 0], [539, 0], [539, 0]]"
857,"[[374, 3], [374, 3], [375, 3], [374, 3], [334, 1], [374, 3], [373, 3], [372, 2], [332, 3], [331, 3], [331, 3], [332, 3], [331, 3], [331, 3], [291, 3], [291, 3], [290, 3], [289, 3], [288, 2], [248, 3], [247, 0], [247, 0], [246, 4], [247, 0], [247, 0], [247, 0], [247, 0], [287, 2], [247, 0], [247, 0], [247, 0], [247, 0], [247, 0], [247, 0], [247, 0], [247, 0]]"
858,"[[420, 1], [460, 1], [500, 3], [499, 1], [539, 0], [539, 0], [539, 0], [539, 0], [539, 0], [539, 0], [539, 0], [539, 0], [539, 0], [540, 3], [539, 0], [539, 0], [539, 0], [539, 0], [539, 0], [539, 0], [539, 0], [539, 0], [539, 0], [499, 0]]"
859,"[[499, 1], [539, 0], [539, 0], [539, 0], [539, 0], [539, 0]]"
860,"[[832, 3], [831, 3], [830, 3], [829, 2], [830, 3], [830, 3], [829, 2], [789, 3], [788, 3], [787, 2], [747, 3], [746, 2], [706, 3], [705, 2], [665, 3], [664, 2], [624, 3], [623, 3], [622, 2], [582, 3], [582, 3], [581, 2], [541, 3], [540, 3], [539, 0], [539, 0], [540, 3], [539, 0]]"
861,"[[587, 3], [586, 3], [586, 3], [585, 1], [625, 3], [624, 3], [623, 3], [622, 2], [582, 3], [581, 2], [582, 3], [581, 2], [541, 3], [540, 3], [539, 0], [539, 0], [539, 0], [539, 0], [539, 0], [539, 0], [539, 0], [539, 0], [539, 0], [539, 0], [539, 0], [539, 0], [539, 0], [539, 0], [539, 0], [539, 0]]"
862,"[[985, 2], [945, 4], [946, 4], [947, 2], [947, 2], [907, 4], [908, 2], [868, 2], [828, 2], [868, 2], [828, 2], [788, 3], [748, 3], [788, 3], [787, 2], [747, 3], [746, 2], [706, 3], [705, 2], [665, 3], [664, 2], [664, 2], [663, 2], [623, 3], [663, 2], [623, 3], [622, 2], [582, 3], [581, 2], [541, 3], [540, 3], [539, 0], [539, 0], [539, 0], [539, 0], [539, 0], [539, 0], [499, 1], [539, 0], [539, 0], [539, 0], [539, 0], [539, 0], [539, 0], [539, 0], [539, 0], [539, 0], [539, 0], [539, 0], [539, 0], [539, 0], [539, 0], [539, 0], [539, 0], [539, 0], [539, 0], [539, 0], [539, 0], [539, 0], [540, 0]]"
863,"[[587, 3], [586, 3], [585, 1], [625, 3], [624, 3], [623, 3], [622, 2], [582, 3], [581, 2], [541, 0]]"
864,"[[420, 1], [460, 1], [500, 3], [499, 1], [498, 4], [458, 1], [498, 4], [499, 1], [539, 0], [539, 0], [539, 0]]"
865,"[[832, 3], [831, 3], [830, 3], [829, 2], [789, 3], [749, 3], [748, 3], [747, 3], [746, 2], [706, 3], [705, 2], [665, 3], [665, 3], [664, 2], [624, 3], [624, 3], [623, 3], [622, 2], [582, 3], [581, 2], [541, 3], [540, 3], [540, 3], [539, 0], [539, 0], [539, 0], [539, 0], [539, 0], [539, 0], [539, 0], [539, 0], [539, 0], [539, 0], [539, 0], [539, 0], [539, 0], [539, 0], [539, 0], [539, 0], [539, 0], [539, 0], [539, 0], [539, 0], [539, 0], [539, 0], [539, 0]]"
866,"[[499, 1], [539, 0], [539, 0], [539, 0], [539, 0], [539, 0], [539, 0], [540, 3], [500, 3], [499, 1], [539, 0], [540, 3], [539, 0], [539, 0], [539, 0], [539, 0], [539, 0], [539, 0], [540, 3], [539, 0], [499, 1], [539, 0], [539, 0], [539, 0], [539, 0], [539, 0], [539, 0]]"
867,"[[788, 3], [787, 2], [747, 3], [707, 3], [706, 3], [706, 3], [746, 2], [706, 3], [705, 2], [665, 3], [664, 2], [663, 2], [623, 3], [622, 2], [582, 3], [581, 2], [581, 2], [541, 3], [540, 3], [539, 0]]"
868,"[[623, 3], [622, 2], [582, 3], [581, 2], [541, 3], [540, 3], [539, 0], [539, 0], [539, 0], [539, 0], [539, 0], [540, 3], [539, 0], [539, 0]]"
869,"[[499, 1], [498, 4], [499, 1], [499, 1], [539, 0], [539, 0], [539, 0], [539, 0], [539, 0], [540, 3], [500, 3], [499, 1], [500, 3], [499, 1], [539, 0], [539, 0], [539, 0], [539, 0], [539, 0], [539, 0], [539, 0], [539, 0], [499, 1], [539, 0], [539, 0], [539, 0], [499, 1], [498, 4], [499, 1], [539, 0], [539, 0], [539, 0], [539, 0], [540, 3], [540, 3], [539, 0], [539, 0]]"
870,"[[743, 2], [783, 2], [743, 2], [703, 2], [663, 2], [623, 3], [622, 2], [623, 3], [622, 2], [622, 2], [622, 2], [582, 3], [581, 2], [541, 3], [540, 3], [539, 0], [539, 0], [539, 0], [539, 0], [539, 0], [499, 1], [459, 1], [499, 1], [539, 0]]"
871,"[[877, 3], [876, 3], [875, 3], [874, 0], [874, 0], [874, 0], [874, 0], [874, 0], [874, 0], [874, 0], [874, 0], [874, 0], [874, 0], [914, 2], [914, 2], [874, 0], [874, 0], [874, 0], [874, 0], [874, 0], [874, 0], [874, 0], [874, 0], [874, 0], [834, 1], [834, 1], [874, 0], [874, 0], [874, 0], [874, 0], [874, 0], [874, 0], [874, 0], [874, 0], [874, 0], [874, 0], [874, 0], [874, 0], [874, 0], [874, 0], [874, 0], [874, 0], [914, 2], [914, 2], [914, 2], [874, 0], [874, 0], [874, 0], [874, 0], [874, 0], [874, 0], [874, 0], [834, 1], [874, 0], [874, 0], [874, 0], [874, 0], [874, 0], [874, 0], [874, 0], [874, 0], [874, 0], [874, 0], [874, 0], [874, 0], [874, 0], [874, 0], [874, 0], [874, 0]]"
872,"[[499, 1], [500, 3], [501, 3], [500, 3], [499, 1], [539, 0], [539, 0], [539, 0], [539, 0], [539, 0], [539, 0], [539, 0], [539, 0], [539, 0], [539, 0], [539, 0], [540, 3], [539, 0], [539, 0], [539, 0], [539, 0]]"
873,"[[743, 2], [703, 2], [663, 2], [623, 3], [622, 2], [582, 3], [581, 2], [541, 3], [540, 3], [500, 3], [499, 1], [539, 0], [539, 0], [539, 0], [539, 0], [539, 0], [540, 3], [539, 0], [499, 1], [498, 4], [499, 1], [539, 0], [539, 0], [539, 0], [539, 0]]"
874,"[[1105, 4], [1105, 4], [1105, 4], [1106, 1], [1146, 4], [1147, 4], [1148, 2], [1108, 4], [1108, 4], [1109, 4], [1110, 2], [1070, 4], [1071, 2], [1031, 4], [1031, 4], [1032, 2], [992, 4], [993, 2], [953, 4], [954, 2], [914, 2], [874, 0], [914, 2], [874, 0], [874, 0], [874, 0], [874, 0], [874, 0], [874, 0]]"
875,"[[420, 1], [460, 1], [461, 1], [501, 3], [501, 3], [500, 3], [540, 3], [539, 0], [539, 0], [539, 0], [539, 0], [539, 0], [539, 0]]"
876,"[[587, 3], [586, 3], [585, 1], [625, 3], [624, 3], [623, 3], [624, 3], [623, 3], [622, 2], [582, 3], [581, 2], [541, 3], [540, 3], [539, 0], [539, 0], [539, 0], [539, 0], [539, 0], [539, 0], [539, 0]]"
877,"[[420, 1], [460, 1], [420, 1], [460, 0]]"
878,"[[985, 2], [985, 2], [945, 4], [946, 4], [947, 2], [907, 4], [908, 2], [868, 2], [868, 2], [828, 2], [788, 3], [787, 2], [747, 3], [746, 2], [706, 3], [706, 3], [705, 2], [665, 3], [664, 2], [664, 2], [665, 3], [666, 3], [666, 3], [666, 3], [665, 3], [664, 2], [624, 3], [623, 3], [622, 2], [582, 3], [581, 2], [541, 3], [541, 3], [540, 3], [500, 3], [499, 1], [539, 0], [539, 0], [539, 0], [539, 0], [539, 0], [539, 0], [539, 0], [539, 0]]"
879,"[[877, 3], [876, 3], [875, 3], [874, 0], [874, 0], [874, 0], [914, 2], [874, 0], [874, 0], [874, 0], [875, 3], [874, 0], [874, 0], [874, 0], [874, 0], [874, 0], [874, 0], [834, 1], [874, 0], [874, 0], [874, 0], [874, 0], [874, 0], [874, 0], [874, 0], [874, 0], [874, 0], [874, 0], [874, 0], [874, 0], [874, 0], [874, 0], [874, 0], [874, 0], [874, 0], [874, 0], [874, 0], [914, 2], [874, 0], [874, 0], [874, 0], [874, 0], [834, 1], [874, 0], [874, 0]]"
880,"[[877, 3], [876, 3], [875, 3], [874, 0], [874, 0], [874, 0], [914, 2], [874, 0], [874, 0], [914, 2], [874, 0], [874, 0], [874, 0], [914, 2], [874, 0], [874, 0], [874, 0], [874, 0], [874, 0], [875, 3], [874, 0], [874, 0], [874, 0], [874, 0], [874, 0], [875, 3], [874, 0], [874, 0], [874, 0], [874, 0], [874, 0], [874, 0], [874, 0], [874, 0]]"
881,"[[985, 2], [984, 4], [984, 4], [984, 4], [985, 2], [945, 4], [945, 4], [946, 4], [947, 2], [907, 4], [908, 2], [868, 2], [828, 2], [788, 3], [787, 2], [747, 3], [707, 3], [706, 3], [707, 3], [706, 3], [705, 2], [665, 3], [666, 3], [666, 3], [665, 3], [705, 2], [705, 2], [665, 3], [664, 2], [624, 0]]"
882,"[[877, 3], [876, 3], [876, 3], [875, 3], [874, 0], [874, 0], [874, 0], [875, 3], [874, 0], [874, 0], [874, 0], [874, 0], [874, 0], [874, 0]]"
883,"[[587, 3], [586, 3], [585, 1], [625, 3], [624, 3], [584, 1], [624, 3], [584, 1], [624, 3], [584, 1], [624, 3], [623, 3], [622, 2], [582, 3], [582, 3], [581, 2], [541, 3], [540, 0]]"
884,"[[1071, 2], [1031, 4], [1031, 4], [1032, 2], [1031, 4], [1032, 2], [992, 4], [992, 4], [993, 2], [953, 4], [954, 2], [914, 2], [874, 0], [874, 0], [874, 0], [874, 0], [875, 3], [874, 0], [875, 3], [874, 0], [874, 0], [874, 0], [874, 0], [874, 0], [874, 0], [874, 0], [874, 0], [874, 0], [914, 2], [874, 0], [874, 0], [874, 0], [874, 0], [874, 0], [874, 0], [874, 0], [874, 0], [874, 0], [874, 0], [874, 0], [874, 0], [874, 0], [874, 0], [874, 0], [874, 0], [874, 0], [874, 0], [874, 0], [874, 0], [874, 0], [874, 0], [874, 0], [874, 0], [874, 0], [874, 0], [874, 0], [874, 0], [874, 0], [874, 0], [874, 0], [874, 0], [874, 0], [874, 0], [874, 0], [874, 0]]"
885,"[[788, 3], [787, 2], [747, 3], [746, 2], [706, 0]]"
886,"[[788, 3], [787, 2], [747, 3], [746, 2], [786, 2], [746, 2], [706, 3], [706, 3], [666, 0]]"
887,"[[832, 3], [831, 3], [830, 3], [829, 2], [789, 3], [788, 3], [787, 2], [747, 3], [746, 2], [706, 3], [707, 3], [706, 3], [705, 2], [665, 3], [705, 2], [665, 3], [664, 2], [664, 2], [624, 3], [623, 3], [622, 2], [582, 3], [581, 2], [541, 3], [540, 3], [539, 0], [539, 0], [539, 0], [539, 0], [539, 0], [539, 0], [539, 0], [539, 0], [539, 0], [539, 0], [539, 0], [539, 0], [539, 0], [539, 0], [539, 0], [540, 3], [539, 0], [539, 0]]"
888,"[[788, 3], [828, 2], [788, 3], [789, 3], [789, 3], [788, 3], [787, 2], [788, 3], [787, 2], [747, 3], [746, 2], [706, 3], [666, 3], [665, 3], [664, 2], [624, 3], [623, 3], [622, 0]]"
889,"[[587, 3], [586, 3], [585, 1], [625, 3], [624, 3], [623, 3], [663, 2], [663, 2], [623, 3], [622, 2], [582, 3], [581, 2], [541, 3], [581, 2], [541, 3], [541, 3], [540, 3], [539, 0], [539, 0], [539, 0], [539, 0], [539, 0], [539, 0], [539, 0], [539, 0], [539, 0]]"
890,"[[1071, 2], [1071, 2], [1031, 4], [1032, 2], [1031, 4], [1071, 2], [1031, 4], [1032, 2], [992, 4], [993, 2], [953, 4], [954, 2], [914, 2], [914, 0]]"
891,"[[743, 2], [703, 2], [703, 2], [663, 2], [663, 2], [623, 3], [622, 2], [582, 3], [581, 2], [581, 2], [541, 3], [540, 3], [539, 0], [539, 0], [539, 0], [539, 0], [540, 3], [539, 0], [539, 0], [539, 0], [540, 3], [539, 0], [539, 0], [539, 0], [540, 3], [500, 3], [540, 3], [539, 0], [539, 0]]"
892,"[[499, 1], [539, 0], [539, 0], [539, 0], [539, 0], [539, 0], [540, 3], [540, 3], [541, 3], [540, 3], [539, 0], [539, 0], [539, 0], [539, 0], [539, 0], [539, 0], [539, 0], [539, 0], [539, 0], [539, 0], [539, 0], [540, 3], [539, 0], [539, 0], [539, 0], [539, 0], [539, 0], [539, 0], [539, 0], [539, 0], [540, 3], [539, 0], [539, 0], [499, 1], [539, 0], [539, 0], [539, 0], [539, 0], [539, 0], [539, 0], [539, 0], [539, 0]]"
893,"[[788, 3], [787, 2], [786, 2], [746, 2], [706, 3], [705, 2], [705, 2], [665, 3], [664, 2], [624, 3], [623, 3], [622, 0]]"
894,"[[587, 3], [586, 3], [585, 1], [625, 3], [624, 3], [623, 3], [623, 3], [622, 2], [582, 3], [583, 3], [582, 3], [581, 2], [541, 3], [540, 3], [539, 0]]"
895,"[[587, 3], [627, 2], [587, 3], [586, 3], [585, 1], [586, 3], [585, 1], [625, 3], [624, 3], [623, 3], [622, 2], [582, 3], [581, 2], [541, 3], [540, 3], [539, 0], [540, 3], [539, 0], [539, 0], [539, 0], [539, 0], [539, 0], [539, 0], [539, 0], [540, 3], [539, 0], [539, 0], [539, 0], [539, 0], [539, 0], [539, 0], [539, 0], [539, 0]]"
896,"[[832, 3], [833, 4], [834, 1], [874, 0], [874, 0], [874, 0], [874, 0], [874, 0], [874, 0], [874, 0], [874, 0], [874, 0], [874, 0]]"
897,"[[623, 3], [622, 2], [582, 3], [581, 2], [541, 3], [540, 3], [540, 3], [539, 0], [539, 0], [539, 0], [539, 0], [539, 0], [539, 0], [539, 0], [539, 0], [539, 0], [539, 0], [539, 0], [539, 0], [539, 0], [539, 0], [539, 0], [539, 0], [539, 0], [539, 0], [539, 0], [540, 3], [539, 0], [539, 0], [539, 0], [539, 0], [539, 0], [539, 0]]"
898,"[[587, 3], [588, 3], [587, 3], [586, 3], [585, 1], [625, 3], [624, 3], [623, 3], [622, 2], [582, 3], [581, 2], [581, 2], [582, 3], [581, 2], [541, 3], [540, 3], [539, 0], [540, 3], [539, 0], [539, 0], [539, 0], [539, 0], [539, 0], [539, 0], [539, 0], [539, 0], [539, 0], [539, 0], [539, 0], [539, 0], [539, 0], [539, 0], [539, 0], [539, 0], [539, 0], [539, 0], [539, 0], [539, 0], [539, 0], [539, 0], [499, 1], [539, 0], [539, 0]]"
899,"[[587, 3], [586, 3], [585, 1], [625, 3], [624, 3], [623, 3], [622, 2], [582, 3], [581, 2], [541, 3], [540, 3], [539, 0], [539, 0], [539, 0], [539, 0], [539, 0], [539, 0], [539, 0], [539, 0], [539, 0], [539, 0], [539, 0], [539, 0], [539, 0], [539, 0]]"
900,"[[743, 2], [743, 2], [743, 2], [703, 2], [743, 2], [703, 2], [663, 2], [623, 3], [622, 2], [582, 3], [581, 0]]"
901,"[[623, 3], [622, 2], [582, 3], [581, 2], [581, 2], [541, 3], [540, 3], [539, 0], [539, 0], [539, 0], [539, 0], [540, 3], [539, 0], [539, 0], [539, 0], [539, 0], [539, 0], [539, 0], [539, 0], [499, 1], [539, 0], [539, 0], [499, 1], [539, 0], [539, 0], [539, 0], [539, 0], [539, 0], [539, 0], [539, 0], [540, 3], [541, 3], [540, 3], [539, 0], [539, 0], [539, 0], [539, 0], [539, 0], [539, 0]]"
902,"[[623, 3], [622, 2], [622, 2], [582, 3], [581, 2], [581, 2], [541, 3], [581, 2], [541, 3], [540, 3], [539, 0], [539, 0], [539, 0], [539, 0], [540, 3], [539, 0], [539, 0], [539, 0], [539, 0], [539, 0], [540, 3], [539, 0], [539, 0], [539, 0], [539, 0], [539, 0], [539, 0], [539, 0], [539, 0], [539, 0], [539, 0], [539, 0], [539, 0], [539, 0], [539, 0], [539, 0], [499, 1], [539, 0]]"
903,"[[788, 3], [787, 2], [747, 3], [746, 2], [746, 2], [706, 3], [666, 3], [665, 3], [664, 2], [624, 3], [623, 3], [622, 2], [582, 3], [581, 2], [541, 3], [540, 3], [539, 0], [539, 0], [539, 0], [539, 0], [539, 0], [539, 0], [539, 0], [539, 0], [539, 0], [539, 0], [540, 3], [539, 0], [539, 0], [539, 0]]"
904,"[[832, 3], [831, 3], [830, 3], [829, 2], [789, 3], [788, 3], [787, 2], [747, 3], [707, 3], [747, 3], [746, 2], [706, 0]]"
905,"[[41, 4], [42, 1], [82, 4], [83, 1], [123, 1], [163, 4], [164, 1], [163, 4], [164, 1], [204, 4], [205, 4], [206, 1], [246, 4], [247, 0], [247, 0], [247, 0], [247, 0], [247, 0], [247, 0], [248, 3], [247, 0], [247, 0], [247, 0], [247, 0], [247, 0], [247, 0], [207, 0]]"
906,"[[420, 1], [460, 1], [500, 3], [501, 3], [500, 3], [499, 1], [539, 0], [539, 0], [539, 0], [539, 0], [539, 0], [539, 0], [539, 0], [539, 0], [539, 0], [539, 0], [539, 0], [539, 0], [539, 0], [539, 0], [539, 0], [539, 0], [539, 0], [539, 0], [539, 0], [539, 0], [539, 0], [539, 0], [539, 0], [539, 0], [499, 1], [500, 3], [540, 3], [541, 3], [540, 3], [539, 0], [539, 0], [539, 0], [539, 0], [539, 0], [539, 0], [539, 0], [539, 0], [539, 0], [539, 0], [539, 0], [499, 1], [539, 0], [539, 0], [539, 0]]"
907,"[[879, 3], [878, 3], [877, 3], [876, 3], [875, 3], [874, 0], [914, 2], [874, 0], [874, 0], [875, 3], [874, 0], [874, 0], [875, 3], [874, 0], [874, 0], [874, 0], [874, 0], [874, 0], [874, 0], [874, 0], [875, 3], [875, 0]]"
908,"[[420, 1], [420, 1], [460, 1], [500, 3], [499, 1], [539, 0], [539, 0], [539, 0], [539, 0], [539, 0], [539, 0], [539, 0], [539, 0], [539, 0], [539, 0], [539, 0], [539, 0], [539, 0], [539, 0], [539, 0], [539, 0], [539, 0], [539, 0], [539, 0], [539, 0], [539, 0], [539, 0], [539, 0], [539, 0]]"
909,"[[832, 3], [831, 3], [830, 0]]"
910,"[[206, 1], [205, 4], [206, 1], [205, 4], [204, 4], [205, 4], [206, 1], [246, 4], [247, 0], [247, 0], [247, 0]]"
911,"[[1071, 2], [1031, 4], [1032, 2], [1032, 2], [1032, 2], [992, 4], [993, 2], [953, 4], [953, 4], [954, 2], [954, 2], [914, 2], [874, 0], [874, 0], [874, 0], [874, 0], [874, 0], [874, 0], [874, 0], [874, 0], [914, 2], [874, 0], [874, 0], [874, 0], [874, 0], [874, 0], [874, 0], [874, 0], [914, 2], [874, 0], [874, 0], [874, 0], [874, 0], [874, 0], [874, 0], [875, 3], [874, 0], [874, 0], [874, 0], [874, 0], [874, 0], [874, 0], [874, 0], [874, 0], [874, 0], [874, 0], [874, 0], [874, 0], [874, 0], [874, 0], [874, 0], [874, 0], [874, 0], [874, 0], [874, 0], [874, 0], [874, 0], [874, 0], [874, 0], [914, 2], [874, 0], [874, 0], [874, 0], [874, 0], [834, 1], [874, 0], [874, 0], [914, 2], [874, 0], [874, 0], [874, 0], [874, 0], [875, 3], [875, 3], [874, 0], [875, 3], [874, 0], [874, 0], [874, 0], [874, 0], [874, 0], [874, 0], [874, 0], [874, 0], [874, 0], [874, 0], [875, 0]]"
912,"[[877, 3], [876, 3], [875, 3], [874, 0], [834, 1], [874, 0], [874, 0], [874, 0], [874, 0], [874, 0], [874, 0], [874, 0], [874, 0], [874, 0], [874, 0], [874, 0]]"
913,"[[788, 3], [789, 3], [788, 3], [787, 2], [747, 3], [746, 2], [706, 3], [705, 2], [705, 2], [665, 3], [664, 2], [624, 3], [623, 3], [622, 2], [582, 3], [622, 2], [582, 3], [581, 2], [541, 3], [540, 3], [539, 0], [539, 0], [539, 0], [539, 0], [539, 0], [539, 0]]"
914,"[[788, 3], [787, 2], [787, 2], [747, 3], [746, 2], [706, 3], [707, 3], [706, 3], [705, 2], [665, 3], [664, 2], [663, 2], [623, 3], [622, 2], [582, 3], [581, 2], [541, 3], [540, 0]]"
915,"[[743, 2], [703, 2], [663, 2], [623, 3], [622, 2], [622, 2], [582, 3], [581, 2], [541, 3], [540, 3], [539, 0], [539, 0], [539, 0], [539, 0], [539, 0], [539, 0], [539, 0], [539, 0], [539, 0], [539, 0], [539, 0], [539, 0], [539, 0], [539, 0]]"
916,"[[587, 3], [586, 3], [585, 1], [625, 3], [665, 3], [664, 2], [624, 3], [623, 3], [622, 2], [623, 3], [622, 2], [582, 3], [581, 2], [581, 2], [541, 3], [540, 3], [539, 0], [539, 0], [539, 0], [499, 1], [539, 0], [539, 0]]"
917,"[[499, 1], [539, 0], [539, 0], [539, 0], [539, 0], [499, 1], [498, 4], [499, 1], [539, 0], [539, 0], [539, 0], [539, 0]]"
918,"[[985, 2], [985, 2], [945, 4], [946, 4], [947, 2], [907, 4], [908, 2], [868, 2], [828, 2], [868, 2], [828, 2], [788, 3], [787, 2], [786, 2], [746, 2], [747, 3], [746, 2], [706, 3], [705, 2], [665, 3], [664, 2], [624, 3], [623, 3], [622, 2], [622, 2], [582, 3], [581, 2], [541, 3], [542, 0]]"
919,"[[788, 3], [787, 2], [747, 3], [746, 2], [747, 3], [746, 2], [706, 3], [705, 2], [665, 3], [664, 2], [624, 3], [623, 3], [622, 2], [623, 3], [583, 3], [582, 3], [581, 2], [541, 3], [542, 3], [541, 0]]"
920,"[[623, 3], [583, 3], [584, 1], [624, 3], [623, 3], [622, 2], [582, 3], [583, 3], [582, 3], [581, 2], [541, 3], [540, 3], [539, 0], [539, 0], [539, 0], [539, 0], [499, 1], [539, 0], [539, 0], [539, 0], [539, 0], [499, 1], [539, 0], [539, 0], [539, 0], [539, 0], [539, 0], [539, 0], [539, 0], [539, 0], [539, 0], [539, 0], [539, 0], [539, 0], [539, 0], [539, 0], [539, 0], [539, 0], [539, 0], [539, 0], [539, 0], [539, 0], [539, 0], [539, 0], [539, 0], [539, 0], [539, 0], [539, 0], [539, 0], [539, 0], [539, 0], [539, 0], [539, 0], [539, 0], [539, 0], [539, 0], [539, 0], [539, 0]]"
921,"[[623, 3], [622, 2], [582, 3], [581, 2], [541, 3], [540, 3], [539, 0], [539, 0], [540, 3], [539, 0], [539, 0], [539, 0], [539, 0], [539, 0], [539, 0], [539, 0], [539, 0], [539, 0], [539, 0], [539, 0], [499, 1], [539, 0], [539, 0], [539, 0], [540, 3], [539, 0], [539, 0], [539, 0], [539, 0], [539, 0], [499, 1], [498, 4], [499, 1], [539, 0], [539, 0], [539, 0], [539, 0], [539, 0], [539, 0], [539, 0], [539, 0]]"
922,"[[374, 3], [373, 3], [333, 3], [334, 1], [374, 3], [373, 3], [373, 3], [372, 2], [332, 3], [331, 3], [330, 2], [290, 3], [289, 3], [290, 3], [290, 3], [289, 3], [288, 0]]"
923,"[[587, 3], [586, 0]]"
924,"[[1105, 4], [1106, 1], [1146, 4], [1146, 4], [1147, 4], [1148, 2], [1108, 4], [1108, 4], [1109, 4], [1110, 2], [1070, 4], [1070, 4], [1071, 2], [1031, 4], [1032, 2], [992, 4], [993, 2], [953, 4], [954, 2], [914, 2], [874, 0], [874, 0], [874, 0], [914, 2], [874, 0], [874, 0], [874, 0], [875, 3], [874, 0], [874, 0], [874, 0], [875, 3], [876, 3], [875, 3], [874, 0], [874, 0], [874, 0], [874, 0], [874, 0], [874, 0], [874, 0], [874, 0], [914, 2], [954, 2], [914, 0]]"
925,"[[985, 2], [985, 2], [945, 4], [946, 4], [947, 2], [907, 4], [908, 2], [908, 2], [868, 2], [828, 2], [828, 2], [868, 0]]"
926,"[[623, 3], [622, 2], [582, 3], [581, 2], [541, 3], [540, 3], [539, 0], [539, 0], [539, 0], [539, 0], [539, 0], [539, 0], [539, 0], [540, 3], [539, 0], [539, 0], [539, 0], [539, 0], [539, 0], [539, 0]]"
927,"[[788, 3], [787, 2], [747, 3], [746, 2], [706, 3], [705, 2], [665, 3], [664, 2], [624, 3], [584, 1], [624, 3], [623, 3], [622, 2], [582, 3], [581, 2], [581, 2], [541, 3], [540, 3], [540, 3], [539, 0], [539, 0], [499, 1], [539, 0], [539, 0], [539, 0], [539, 0], [539, 0], [539, 0], [539, 0], [539, 0], [539, 0], [539, 0], [539, 0], [539, 0], [539, 0], [539, 0], [539, 0], [539, 0], [539, 0], [539, 0], [539, 0], [539, 0], [539, 0], [539, 0]]"
928,"[[877, 3], [876, 3], [875, 3], [875, 3], [874, 0]]"
929,"[[623, 3], [622, 2], [582, 3], [581, 2], [581, 2], [541, 3], [540, 3], [539, 0], [539, 0], [539, 0], [539, 0], [539, 0], [539, 0], [539, 0], [539, 0], [539, 0], [539, 0], [539, 0], [539, 0], [499, 1], [539, 0], [539, 0], [540, 3], [539, 0], [539, 0], [539, 0], [539, 0], [539, 0], [539, 0], [539, 0], [540, 3], [539, 0]]"
930,"[[832, 3], [831, 3], [830, 3], [829, 2], [789, 3], [788, 3], [787, 2], [747, 3], [748, 3], [748, 3], [747, 3], [746, 2], [706, 3], [746, 2], [706, 3], [705, 2], [705, 2], [665, 3], [664, 2], [624, 3], [623, 3], [622, 2], [582, 0]]"
931,"[[623, 3], [624, 3], [623, 3], [622, 2], [582, 3], [581, 2], [541, 3], [540, 3], [541, 3], [540, 3], [539, 0], [539, 0], [539, 0], [539, 0], [539, 0], [539, 0], [539, 0]]"
932,"[[985, 2], [985, 2], [945, 4], [946, 4], [945, 4], [946, 4], [947, 2], [907, 4], [908, 2], [868, 2], [828, 2], [788, 3], [787, 0]]"
933,"[[832, 3], [831, 3], [830, 3], [829, 2], [789, 3], [788, 3], [787, 2], [787, 2], [747, 3], [746, 2], [706, 3], [705, 2], [665, 3], [664, 2], [664, 2], [624, 3], [623, 3], [622, 2], [582, 3], [581, 2], [541, 3], [540, 3], [539, 0], [539, 0], [539, 0], [540, 3], [539, 0], [539, 0], [539, 0], [539, 0], [539, 0], [540, 3], [539, 0], [539, 0], [539, 0], [540, 3], [539, 0], [539, 0], [539, 0], [539, 0], [539, 0]]"
934,"[[1071, 2], [1031, 4], [1032, 2], [992, 4], [993, 2], [953, 4], [954, 2], [914, 2], [874, 0], [874, 0], [874, 0], [834, 0]]"
935,"[[832, 3], [831, 3], [830, 3], [830, 3], [829, 2], [789, 3], [788, 3], [787, 2], [747, 0]]"
936,"[[788, 3], [787, 2], [747, 3], [787, 2], [747, 3], [746, 2], [786, 2], [746, 2], [706, 3], [705, 2], [665, 3], [625, 3], [624, 3], [623, 3], [622, 2], [582, 3], [583, 3], [582, 3], [542, 3], [541, 3], [540, 3], [539, 0], [539, 0], [539, 0], [539, 0], [539, 0], [539, 0], [539, 0], [539, 0], [539, 0], [539, 0], [539, 0], [539, 0], [539, 0], [499, 1], [539, 0], [539, 0], [539, 0], [539, 0], [539, 0], [539, 0], [539, 0], [539, 0], [539, 0], [539, 0], [539, 0], [499, 1], [500, 3], [501, 3], [500, 3], [499, 1], [539, 0]]"
937,"[[788, 3], [787, 2], [747, 3], [746, 2], [706, 3], [705, 2], [665, 3], [664, 2], [624, 3], [623, 3], [622, 2], [582, 3], [581, 2], [541, 3], [581, 2], [541, 3], [540, 3], [539, 0], [539, 0], [539, 0], [539, 0], [539, 0], [539, 0], [540, 3], [539, 0]]"
938,"[[788, 3], [789, 3], [788, 3], [788, 3], [787, 2], [786, 2], [746, 2], [706, 3], [705, 2], [706, 3], [746, 2], [706, 3], [705, 2], [665, 3], [664, 2], [624, 3], [623, 3], [622, 2], [582, 0]]"
939,"[[623, 3], [622, 2], [582, 3], [581, 2], [541, 3], [542, 3], [541, 3], [541, 3], [540, 3], [539, 0], [540, 3], [539, 0], [539, 0], [539, 0], [499, 1], [539, 0], [539, 0], [539, 0], [539, 0], [499, 1], [500, 3], [499, 0]]"
940,"[[499, 1], [539, 0], [539, 0], [539, 0], [539, 0], [539, 0], [539, 0], [539, 0], [540, 3], [539, 0], [539, 0], [539, 0], [539, 0], [539, 0], [539, 0], [539, 0], [539, 0], [540, 3], [539, 0], [539, 0], [539, 0], [539, 0], [539, 0], [539, 0], [539, 0], [539, 0], [539, 0], [539, 0], [539, 0], [539, 0], [539, 0], [539, 0], [539, 0], [539, 0], [499, 0]]"
941,"[[206, 1], [246, 4], [247, 0], [247, 0], [248, 3], [247, 0], [247, 0], [247, 0], [247, 0], [246, 4], [247, 0], [247, 0], [247, 0], [247, 0], [247, 0], [247, 0], [247, 0], [247, 0], [247, 0], [287, 2], [247, 0], [247, 0], [247, 0], [247, 0], [247, 0], [247, 0], [247, 0], [287, 0]]"
942,"[[832, 3], [831, 3], [830, 3], [830, 3], [830, 3], [829, 2], [829, 2], [869, 2], [829, 2], [789, 3], [788, 3], [787, 2], [787, 2], [747, 3], [746, 2], [706, 3], [705, 2], [665, 3], [664, 2], [664, 2], [624, 3], [584, 1], [624, 3], [625, 3], [624, 3], [623, 3], [622, 2], [582, 3], [581, 2], [541, 3], [542, 3], [541, 3], [540, 3], [539, 0], [539, 0], [539, 0], [539, 0]]"
943,"[[832, 3], [831, 3], [830, 3], [829, 2], [789, 3], [749, 3], [748, 3], [747, 3], [746, 2], [706, 3], [705, 2], [665, 3], [664, 2], [624, 3], [623, 3], [622, 2], [622, 2], [582, 3], [581, 2], [582, 3], [542, 3], [541, 3], [540, 3], [500, 3], [499, 1], [539, 0], [539, 0], [539, 0], [540, 3], [539, 0], [539, 0], [539, 0], [539, 0], [539, 0], [539, 0], [539, 0], [539, 0], [499, 1], [539, 0], [539, 0], [539, 0]]"
944,"[[985, 2], [945, 4], [946, 4], [947, 2], [907, 4], [908, 2], [868, 2], [828, 2], [788, 3], [787, 2], [788, 3], [787, 2], [747, 3], [746, 2], [706, 3], [705, 2], [665, 3], [664, 2], [624, 3], [623, 3], [622, 2], [582, 3], [581, 0]]"
945,"[[832, 3], [833, 4], [832, 3], [833, 4], [834, 1], [874, 0], [914, 2], [874, 0], [874, 0], [874, 0], [874, 0]]"
946,"[[985, 2], [945, 4], [946, 4], [947, 2], [907, 4], [908, 2], [868, 2], [828, 2], [788, 3], [748, 3], [747, 3], [746, 2], [706, 3], [705, 0]]"
947,"[[420, 1], [380, 1], [420, 1], [460, 1], [500, 3], [499, 1], [539, 0], [539, 0], [499, 1], [459, 1], [499, 1], [539, 0], [539, 0], [539, 0], [539, 0], [539, 0], [539, 0], [539, 0], [539, 0], [539, 0], [539, 0], [540, 3], [539, 0], [539, 0], [539, 0], [539, 0], [539, 0], [539, 0], [499, 1], [539, 0], [540, 3], [539, 0], [539, 0], [539, 0], [539, 0], [539, 0], [539, 0], [539, 0], [539, 0], [539, 0], [539, 0], [539, 0], [539, 0], [539, 0], [539, 0], [539, 0], [539, 0], [540, 3], [539, 0], [539, 0], [539, 0], [539, 0], [539, 0], [539, 0], [499, 1], [539, 0], [539, 0], [539, 0], [539, 0], [499, 1], [498, 4], [499, 1], [539, 0], [540, 3], [500, 3], [499, 1], [539, 0]]"
948,"[[623, 3], [622, 2], [582, 3], [581, 2], [581, 2], [541, 0]]"
949,"[[877, 3], [876, 3], [875, 3], [874, 0], [874, 0], [874, 0], [874, 0], [875, 3], [874, 0], [874, 0], [874, 0], [874, 0], [874, 0], [874, 0], [874, 0], [874, 0], [875, 3], [875, 3], [874, 0], [874, 0], [874, 0], [874, 0], [874, 0], [874, 0], [874, 0], [874, 0], [874, 0], [874, 0], [874, 0], [874, 0], [874, 0], [874, 0], [874, 0], [874, 0], [874, 0], [874, 0], [874, 0], [874, 0], [874, 0], [874, 0], [834, 1], [874, 0], [874, 0], [874, 0], [874, 0], [874, 0], [874, 0], [874, 0], [874, 0], [874, 0], [874, 0], [874, 0], [874, 0], [874, 0], [914, 2], [874, 0]]"
950,"[[420, 1], [460, 0]]"
951,"[[788, 3], [787, 2], [747, 3], [746, 2], [706, 3], [705, 2], [705, 2], [665, 3], [664, 2], [665, 3], [664, 2], [663, 2], [623, 3], [622, 2], [622, 2], [622, 2], [623, 3], [624, 3], [623, 3], [622, 2], [582, 3], [581, 2], [541, 3], [540, 3], [539, 0], [539, 0], [539, 0], [499, 1], [539, 0], [539, 0], [539, 0], [539, 0], [539, 0], [539, 0], [539, 0], [539, 0], [539, 0], [539, 0], [539, 0], [539, 0], [539, 0], [539, 0], [539, 0], [539, 0], [539, 0], [539, 0], [539, 0], [539, 0], [539, 0], [540, 3], [540, 3], [539, 0], [539, 0], [539, 0], [539, 0], [539, 0], [539, 0], [539, 0], [539, 0], [540, 3], [540, 3], [539, 0], [539, 0], [499, 1], [539, 0], [539, 0], [539, 0], [539, 0], [540, 3], [539, 0], [539, 0], [539, 0], [539, 0], [539, 0]]"
952,"[[499, 1], [539, 0], [499, 1], [539, 0], [540, 3], [500, 3], [499, 1], [539, 0], [539, 0], [539, 0], [539, 0], [539, 0], [539, 0], [539, 0], [539, 0], [539, 0], [539, 0], [539, 0], [539, 0], [539, 0], [539, 0], [539, 0], [539, 0], [539, 0], [539, 0], [539, 0], [539, 0], [539, 0], [499, 1], [539, 0], [539, 0], [539, 0], [539, 0], [499, 1], [539, 0], [539, 0], [539, 0], [499, 1], [539, 0], [539, 0], [499, 1], [539, 0], [539, 0], [539, 0], [539, 0], [539, 0], [539, 0], [539, 0], [539, 0], [539, 0], [540, 3], [500, 3], [499, 1], [539, 0], [539, 0], [539, 0], [539, 0], [539, 0], [539, 0], [539, 0]]"
953,"[[420, 1], [460, 1], [500, 3], [499, 1], [539, 0], [499, 1], [539, 0], [539, 0], [539, 0], [539, 0], [539, 0], [539, 0], [539, 0], [539, 0], [539, 0], [539, 0], [539, 0], [539, 0], [539, 0], [539, 0], [539, 0], [539, 0]]"
954,"[[788, 3], [787, 2], [747, 0]]"
955,"[[832, 3], [831, 3], [830, 3], [829, 2], [828, 2], [788, 3], [748, 3], [788, 3], [787, 2], [747, 3], [746, 2], [706, 3], [705, 2], [665, 3], [664, 2], [624, 3], [623, 3], [623, 3], [622, 2], [582, 3], [582, 3], [622, 2], [582, 3], [583, 3], [584, 1], [583, 3], [584, 1], [624, 3], [584, 1], [624, 3], [623, 3], [622, 2], [582, 3], [581, 2], [541, 3], [540, 3], [539, 0], [539, 0], [539, 0], [539, 0], [539, 0], [539, 0]]"
956,"[[832, 3], [831, 3], [830, 3], [829, 2], [829, 2], [830, 3], [829, 2], [830, 3], [829, 2], [789, 3], [789, 3], [788, 3], [787, 2], [747, 3], [746, 2], [706, 3], [705, 0]]"
957,"[[743, 2], [703, 2], [663, 2], [623, 3], [623, 3], [622, 2], [582, 3], [622, 2], [582, 3], [622, 2], [582, 3], [581, 2], [541, 3], [540, 3], [539, 0], [539, 0], [539, 0], [539, 0]]"
958,"[[587, 3], [586, 3], [585, 1], [585, 1], [625, 3], [624, 3], [625, 3], [624, 3], [624, 3], [623, 3], [622, 2], [582, 3], [581, 2], [541, 3], [540, 3], [539, 0], [539, 0], [539, 0], [539, 0], [539, 0], [539, 0], [539, 0], [539, 0], [539, 0], [539, 0], [539, 0], [539, 0], [539, 0], [540, 3], [539, 0], [539, 0], [539, 0], [539, 0], [539, 0], [539, 0], [539, 0], [539, 0], [539, 0], [539, 0], [539, 0]]"
959,"[[743, 2], [703, 2], [663, 2], [623, 3], [622, 2], [582, 3], [581, 2], [582, 3], [581, 2], [541, 3], [540, 3], [539, 0], [540, 3], [539, 0], [539, 0], [539, 0], [539, 0], [539, 0], [539, 0], [539, 0], [539, 0], [539, 0], [539, 0], [539, 0], [539, 0], [539, 0]]"
960,"[[743, 2], [703, 2], [663, 2], [623, 3], [622, 2], [582, 3], [581, 2], [541, 3], [540, 3], [539, 0], [539, 0], [539, 0], [539, 0], [539, 0], [539, 0], [499, 1], [539, 0], [499, 1], [539, 0], [539, 0], [539, 0], [499, 1], [500, 3], [460, 1], [500, 3], [499, 1], [539, 0], [539, 0], [539, 0], [539, 0], [539, 0], [539, 0], [539, 0], [539, 0], [539, 0], [539, 0], [539, 0], [539, 0], [539, 0], [539, 0], [539, 0], [539, 0], [539, 0], [539, 0], [539, 0], [539, 0], [539, 0], [539, 0], [539, 0], [539, 0], [539, 0], [539, 0], [539, 0], [499, 1], [539, 0], [539, 0], [539, 0], [539, 0], [539, 0], [539, 0], [539, 0], [539, 0], [539, 0], [539, 0], [539, 0], [539, 0], [539, 0]]"
961,"[[788, 3], [787, 2], [747, 3], [746, 2], [747, 3], [746, 2], [706, 3], [705, 2], [665, 3], [664, 2], [624, 3], [623, 3], [622, 2], [582, 3], [581, 0]]"
962,"[[623, 3], [622, 2], [582, 3], [542, 3], [541, 3], [540, 3], [539, 0]]"
963,"[[832, 3], [831, 3], [830, 3], [829, 2], [789, 3], [788, 3], [787, 2], [786, 2], [746, 0]]"
964,"[[623, 3], [622, 2], [622, 2], [582, 3], [581, 2], [541, 3], [581, 2], [541, 3], [542, 3], [502, 3], [501, 3], [500, 3], [499, 1], [539, 0], [539, 0], [539, 0], [539, 0], [539, 0], [539, 0], [539, 0], [539, 0], [539, 0], [539, 0], [539, 0], [539, 0], [539, 0], [539, 0], [539, 0], [539, 0], [539, 0], [539, 0], [539, 0], [539, 0], [539, 0], [539, 0], [539, 0], [539, 0], [539, 0], [539, 0], [540, 3], [539, 0]]"
965,"[[832, 3], [831, 3], [830, 3], [829, 2], [830, 3], [829, 2], [830, 3], [829, 2], [789, 3], [788, 3], [787, 2], [747, 3], [746, 2], [706, 3], [705, 2], [665, 0]]"
966,"[[985, 2], [945, 4], [946, 4], [947, 2], [907, 4], [907, 4], [908, 2], [868, 2], [828, 2], [788, 3], [787, 2], [788, 3], [787, 2], [788, 3], [787, 2], [747, 3], [746, 2], [706, 3], [705, 2], [706, 3], [705, 2], [665, 3], [664, 2], [664, 2], [624, 3], [623, 3], [622, 2], [582, 3], [581, 2], [541, 3], [540, 3], [539, 0], [539, 0], [539, 0]]"
967,"[[832, 3], [831, 3], [830, 3], [829, 2], [789, 3], [788, 3], [787, 2], [747, 3], [746, 0]]"
968,"[[499, 1], [539, 0], [539, 0]]"
969,"[[877, 3], [876, 0]]"
970,"[[985, 2], [945, 4], [945, 4], [946, 4], [947, 2], [907, 4], [908, 2], [868, 2], [828, 2], [788, 3], [787, 2], [747, 3], [746, 2], [706, 3], [705, 2], [665, 3], [664, 2], [624, 3], [623, 3], [622, 2], [582, 3], [581, 2], [582, 3], [542, 3], [541, 3], [581, 2], [541, 3], [540, 3], [539, 0], [539, 0], [539, 0], [539, 0], [539, 0], [539, 0], [539, 0], [539, 0], [539, 0], [539, 0], [539, 0], [539, 0], [539, 0], [539, 0], [539, 0], [539, 0]]"
971,"[[832, 3], [831, 3], [832, 3], [831, 3], [830, 3], [829, 0]]"
972,"[[788, 3], [828, 2], [829, 2], [828, 2], [828, 2], [828, 2], [788, 3], [787, 0]]"
973,"[[587, 3], [587, 3], [586, 3], [587, 3], [586, 0]]"
974,"[[832, 3], [831, 3], [830, 3], [829, 2], [789, 3], [788, 3], [787, 2], [786, 2], [746, 0]]"
975,"[[832, 3], [832, 3], [831, 3], [830, 3], [829, 2], [789, 3], [788, 3], [787, 2], [786, 2], [746, 2], [706, 3], [705, 2], [665, 3], [665, 3], [664, 0]]"
976,"[[499, 1], [539, 0], [539, 0], [539, 0], [540, 3], [539, 0], [539, 0], [539, 0], [499, 1], [539, 0], [539, 0], [539, 0], [540, 3], [541, 3], [541, 3], [540, 3], [539, 0], [539, 0]]"
977,"[[420, 1], [460, 1], [500, 3], [499, 1], [539, 0], [539, 0], [539, 0], [539, 0], [539, 0], [539, 0], [539, 0], [539, 0], [539, 0]]"
978,"[[1105, 4], [1106, 1], [1146, 4], [1147, 4], [1147, 4], [1148, 2], [1148, 2], [1147, 4], [1148, 2], [1108, 4], [1109, 4], [1110, 2], [1110, 2], [1070, 4], [1071, 2], [1031, 4], [1032, 2], [992, 4], [993, 2], [1033, 0]]"
979,"[[420, 1], [460, 1], [500, 3], [499, 1], [499, 1], [539, 0], [499, 1], [539, 0], [539, 0], [539, 0], [539, 0]]"
980,"[[623, 3], [622, 2], [622, 2], [623, 3], [622, 2], [623, 3], [622, 2], [582, 3], [581, 0]]"
981,"[[499, 1], [539, 0], [540, 3], [539, 0], [539, 0], [539, 0], [539, 0], [539, 0], [539, 0], [540, 3], [539, 0], [539, 0], [539, 0], [539, 0]]"
982,"[[623, 3], [622, 2], [582, 3], [581, 2], [541, 3], [540, 3], [539, 0], [539, 0], [539, 0], [539, 0], [499, 1], [498, 4], [499, 1], [539, 0], [539, 0], [539, 0], [539, 0], [539, 0], [539, 0]]"
983,"[[788, 3], [787, 2], [747, 3], [746, 2], [746, 2], [747, 3], [746, 2], [706, 3], [746, 2], [706, 3], [706, 3], [705, 2], [665, 3], [664, 2], [664, 2], [624, 3], [623, 3], [622, 2], [582, 0]]"
984,"[[788, 3], [787, 2], [747, 3], [746, 2], [706, 3], [705, 2], [705, 2], [665, 3], [664, 2], [664, 2], [624, 3], [625, 3], [624, 3], [623, 3], [622, 2], [622, 2], [582, 3], [581, 2], [541, 3], [540, 3], [539, 0], [539, 0], [539, 0], [539, 0], [539, 0], [539, 0], [539, 0], [540, 3], [539, 0], [539, 0], [539, 0], [539, 0], [539, 0], [539, 0], [539, 0], [539, 0], [540, 3], [539, 0], [539, 0], [539, 0], [539, 0], [539, 0], [499, 1], [539, 0], [540, 3], [539, 0], [539, 0], [539, 0], [499, 1], [539, 0], [539, 0], [539, 0], [499, 1], [539, 0], [539, 0]]"
985,"[[623, 3], [622, 2], [582, 3], [581, 2], [541, 3], [540, 3], [540, 3], [539, 0], [539, 0], [539, 0]]"
986,"[[788, 3], [787, 2], [747, 3], [746, 2], [706, 3], [705, 2], [665, 3], [665, 3], [666, 3], [706, 3], [705, 2], [665, 3], [664, 2], [624, 3], [624, 3], [623, 3], [622, 2], [622, 2], [582, 0]]"
987,"[[420, 1], [460, 1], [500, 3], [540, 3], [539, 0], [539, 0], [539, 0], [539, 0], [539, 0], [539, 0], [539, 0], [539, 0], [539, 0], [539, 0], [539, 0], [539, 0], [539, 0]]"
988,"[[832, 3], [831, 3], [830, 3], [829, 2], [789, 3], [788, 3], [787, 2], [747, 3], [746, 2], [706, 3], [705, 2], [665, 3], [664, 2], [624, 3], [623, 3], [622, 2], [582, 3], [542, 0]]"
989,"[[832, 3], [831, 3], [832, 3], [833, 4], [834, 1], [874, 0], [874, 0], [874, 0], [874, 0], [874, 0], [874, 0]]"
990,"[[499, 1], [539, 0], [539, 0], [539, 0], [539, 0], [539, 0], [539, 0], [539, 0], [540, 3], [539, 0], [539, 0], [539, 0], [539, 0], [539, 0], [539, 0], [539, 0]]"
991,"[[420, 1], [460, 1], [500, 3], [460, 1], [500, 3], [460, 1], [461, 0]]"
992,"[[743, 2], [703, 2], [743, 2], [703, 2], [743, 2], [703, 2], [663, 2], [623, 3], [622, 2], [582, 3], [581, 2], [541, 3], [540, 3], [539, 0], [539, 0], [539, 0], [539, 0], [539, 0], [539, 0], [539, 0], [539, 0], [539, 0], [539, 0], [539, 0], [539, 0], [539, 0], [539, 0], [539, 0], [539, 0], [539, 0], [539, 0], [539, 0], [539, 0]]"
993,"[[832, 3], [831, 3], [830, 3], [829, 2], [829, 2], [789, 3], [788, 3], [828, 2], [788, 3], [787, 2], [747, 3], [748, 3], [747, 3], [746, 2], [706, 3], [706, 3], [705, 2], [665, 3], [664, 2], [624, 3], [623, 3], [622, 2], [582, 3], [581, 2], [541, 3], [540, 3], [539, 0], [539, 0], [539, 0], [539, 0]]"
994,"[[832, 3], [831, 3], [830, 3], [829, 2], [789, 3], [788, 3], [787, 2], [747, 3], [746, 2], [706, 3], [705, 2], [665, 3], [664, 2], [624, 3], [623, 3], [622, 2], [582, 3], [581, 2], [541, 3], [540, 3], [539, 0], [539, 0], [539, 0], [539, 0], [539, 0], [539, 0], [539, 0], [540, 0]]"
995,"[[788, 3], [787, 2], [787, 2], [747, 0]]"
996,"[[1071, 2], [1031, 4], [1032, 2], [992, 4], [993, 2], [953, 4], [954, 2], [954, 2], [914, 2], [874, 0], [874, 0], [874, 0], [874, 0], [874, 0], [874, 0], [875, 3], [874, 0], [874, 0], [874, 0], [914, 2], [874, 0], [834, 1], [874, 0], [874, 0], [874, 0], [874, 0], [874, 0], [874, 0], [874, 0], [874, 0]]"
997,"[[41, 4], [42, 1], [42, 1], [82, 4], [83, 1], [82, 4], [82, 4], [83, 1], [123, 1], [163, 4], [163, 4], [164, 1], [204, 4], [205, 4], [206, 1], [246, 4], [247, 0], [247, 0], [247, 0], [247, 0], [247, 0], [247, 0], [247, 0], [247, 0], [247, 0], [247, 0], [247, 0], [247, 0], [247, 0], [247, 0], [287, 2], [247, 0], [247, 0], [287, 2], [247, 0], [247, 0], [247, 0], [247, 0], [247, 0], [247, 0], [287, 0]]"
998,"[[985, 2], [984, 4], [985, 2], [945, 4], [946, 4], [947, 2], [907, 4], [908, 2], [868, 2], [869, 2], [869, 2], [869, 2], [869, 2], [829, 2], [828, 2], [788, 3], [748, 3], [747, 3], [746, 2], [706, 3], [705, 2], [665, 3], [665, 3], [666, 3], [665, 3], [664, 2], [624, 3], [623, 3], [622, 2], [582, 3], [581, 2], [541, 3], [540, 3], [539, 0], [539, 0], [539, 0], [499, 1], [539, 0]]"
999,"[[499, 1], [539, 0], [539, 0], [539, 0], [539, 0], [539, 0], [539, 0], [540, 3], [539, 0], [539, 0], [539, 0], [539, 0], [539, 0], [539, 0], [539, 0], [539, 0], [539, 0], [539, 0], [539, 0], [539, 0], [539, 0], [539, 0], [499, 1], [539, 0], [539, 0], [539, 0], [539, 0], [539, 0], [539, 0], [539, 0], [539, 0], [539, 0], [539, 0], [539, 0], [539, 0], [539, 0], [539, 0], [539, 0], [539, 0], [539, 0], [539, 0]]"
1000,"[[743, 2], [783, 2], [743, 2], [703, 2], [663, 2], [623, 3], [622, 2], [582, 3], [581, 2], [541, 3], [540, 3], [539, 0], [539, 0], [539, 0], [539, 0], [539, 0], [499, 1], [539, 0], [539, 0], [539, 0], [539, 0], [539, 0], [539, 0], [539, 0], [499, 1], [539, 0], [539, 0], [539, 0], [539, 0], [539, 0], [539, 0], [539, 0], [539, 0], [539, 0], [539, 0], [539, 0], [539, 0], [539, 0], [539, 0], [539, 0], [539, 0], [539, 0], [539, 0], [539, 0], [539, 0], [540, 3], [539, 0], [539, 0], [539, 0], [540, 0]]"
1001,"[[743, 2], [703, 2], [663, 2], [623, 3], [622, 2], [582, 3], [581, 2], [541, 3], [540, 3], [539, 0], [539, 0], [539, 0], [539, 0], [539, 0], [539, 0], [499, 1], [539, 0], [539, 0], [539, 0], [539, 0], [539, 0], [499, 1], [539, 0], [539, 0]]"
1002,"[[420, 1], [460, 1], [500, 3], [499, 1], [539, 0], [539, 0], [539, 0], [539, 0], [539, 0], [539, 0], [499, 1], [539, 0], [539, 0], [539, 0], [539, 0], [539, 0], [539, 0], [539, 0], [539, 0], [539, 0], [539, 0], [539, 0]]"
1003,"[[420, 1], [460, 0]]"
1004,"[[587, 3], [586, 3], [585, 1], [586, 3], [585, 1], [545, 1], [544, 1], [584, 1], [624, 3], [623, 3], [622, 0]]"
1005,"[[374, 3], [373, 3], [372, 2], [372, 2], [332, 3], [331, 3], [331, 3], [330, 2], [290, 3], [289, 3], [288, 2], [288, 2], [248, 3], [247, 0], [247, 0], [248, 3], [247, 0], [247, 0], [247, 0], [287, 2], [287, 2], [287, 2], [247, 0], [247, 0], [247, 0], [247, 0], [247, 0], [247, 0], [247, 0], [247, 0], [247, 0], [287, 2], [247, 0], [248, 3], [247, 0], [247, 0], [287, 2], [247, 0], [247, 0], [247, 0], [247, 0], [247, 0], [246, 4], [247, 0], [287, 2], [247, 0], [247, 0], [247, 0], [247, 0], [247, 0], [247, 0], [247, 0], [247, 0], [247, 0]]"
1006,"[[832, 3], [833, 4], [793, 1], [833, 4], [833, 4], [833, 0]]"
1007,"[[374, 3], [373, 3], [372, 2], [332, 3], [331, 3], [330, 2], [330, 2], [290, 3], [289, 3], [288, 2], [248, 3], [247, 0], [247, 0], [247, 0], [247, 0], [247, 0], [248, 3], [247, 0], [247, 0], [247, 0], [247, 0], [247, 0], [248, 3], [247, 0], [247, 0], [247, 0], [246, 0]]"
1008,"[[1071, 2], [1031, 4], [1032, 2], [992, 4], [993, 2], [953, 4], [954, 2], [954, 2], [914, 2], [874, 0], [914, 2], [874, 0], [874, 0], [874, 0], [874, 0], [874, 0], [874, 0], [834, 1], [874, 0], [874, 0], [874, 0], [874, 0]]"
1009,"[[832, 3], [831, 3], [830, 3], [829, 2], [789, 3], [788, 3], [788, 3], [787, 2], [747, 3], [747, 3], [746, 2], [706, 3], [705, 2], [665, 3], [664, 2], [663, 2], [623, 3], [622, 2], [582, 3], [581, 2], [541, 3], [540, 3], [539, 0], [539, 0], [539, 0]]"
1010,"[[788, 3], [787, 2], [747, 3], [746, 2], [706, 3], [705, 2], [665, 3], [664, 2], [624, 3], [625, 3], [624, 3], [623, 3], [583, 3], [582, 3], [581, 2], [541, 3], [540, 3], [539, 0], [539, 0], [539, 0], [539, 0], [539, 0], [539, 0], [539, 0], [539, 0], [539, 0], [539, 0]]"
1011,"[[1105, 4], [1106, 1], [1106, 1], [1146, 0]]"
1012,"[[985, 2], [985, 2], [984, 4], [985, 2], [1025, 2], [1024, 4], [1025, 2], [985, 2], [945, 4], [946, 0]]"
1013,"[[1105, 4], [1106, 1], [1146, 4], [1147, 4], [1148, 2], [1108, 4], [1109, 4], [1109, 4], [1110, 2], [1070, 4], [1071, 0]]"
1014,"[[278, 1], [318, 3], [317, 1], [357, 0]]"
1015,"[[788, 3], [787, 2], [787, 2], [747, 3], [746, 2], [706, 3], [705, 2], [665, 3], [664, 2], [624, 3], [623, 3], [622, 2], [582, 3], [581, 2], [582, 0]]"
1016,"[[623, 3], [623, 3], [622, 2], [582, 3], [581, 2], [541, 3], [540, 3], [539, 0], [539, 0], [539, 0], [539, 0], [539, 0], [539, 0], [539, 0], [539, 0], [539, 0], [539, 0], [539, 0], [539, 0], [539, 0], [539, 0], [539, 0], [539, 0], [539, 0], [539, 0], [540, 3], [539, 0], [539, 0], [499, 1], [539, 0]]"
1017,"[[499, 1], [539, 0], [539, 0], [539, 0], [539, 0]]"
1018,"[[420, 1], [460, 1], [500, 3], [499, 1], [539, 0], [539, 0], [539, 0], [539, 0], [539, 0], [539, 0], [539, 0], [539, 0], [540, 3], [539, 0], [539, 0], [540, 3], [540, 3], [539, 0], [539, 0], [539, 0]]"
1019,"[[788, 3], [787, 2], [747, 3], [707, 3], [706, 3], [705, 2], [665, 3], [664, 2], [624, 3], [623, 3], [622, 2], [582, 3], [581, 2], [541, 3], [540, 3], [539, 0], [539, 0], [539, 0], [539, 0], [539, 0], [539, 0], [539, 0], [539, 0], [539, 0], [540, 3], [539, 0], [499, 1], [539, 0], [539, 0], [539, 0], [540, 3], [500, 3], [460, 1], [460, 1], [500, 3], [499, 1], [539, 0]]"
1020,"[[1105, 4], [1105, 4], [1106, 1], [1146, 4], [1147, 4], [1147, 4], [1148, 2], [1148, 2], [1148, 2], [1108, 4], [1109, 4], [1109, 4], [1110, 2], [1070, 0]]"
1021,"[[832, 3], [831, 3], [831, 3], [830, 3], [831, 3], [830, 3], [829, 2], [789, 3], [788, 3], [787, 2], [747, 3], [746, 2], [747, 3], [748, 3], [749, 3], [749, 3], [789, 3], [788, 3], [787, 2], [786, 2], [746, 2], [786, 2], [786, 2], [746, 2], [786, 2], [746, 2], [706, 3], [705, 2], [665, 3], [625, 3], [624, 3], [625, 3], [624, 3], [623, 3], [583, 3], [582, 3], [583, 3], [582, 3], [583, 3], [582, 3], [581, 2], [541, 3], [540, 3], [539, 0], [539, 0], [539, 0], [539, 0], [539, 0], [539, 0], [539, 0], [539, 0], [539, 0], [539, 0], [539, 0], [539, 0], [539, 0], [539, 0], [539, 0], [539, 0], [539, 0], [539, 0], [539, 0]]"
1022,"[[743, 2], [703, 2], [663, 2], [623, 3], [622, 2], [582, 3], [581, 2], [541, 3], [540, 3], [541, 3], [540, 3], [539, 0], [539, 0], [539, 0], [539, 0], [539, 0], [539, 0], [539, 0], [539, 0], [539, 0], [539, 0], [539, 0], [540, 3], [539, 0], [539, 0], [539, 0], [539, 0], [539, 0], [539, 0], [539, 0], [539, 0], [539, 0], [539, 0], [539, 0], [539, 0], [539, 0], [539, 0], [499, 1], [539, 0], [539, 0], [540, 3], [539, 0], [539, 0], [539, 0], [539, 0], [539, 0], [499, 1], [539, 0], [539, 0], [539, 0], [539, 0], [539, 0], [539, 0], [539, 0], [539, 0], [539, 0], [539, 0], [539, 0], [499, 1], [539, 0], [539, 0], [539, 0], [539, 0], [539, 0], [499, 1], [459, 1], [499, 1], [539, 0], [539, 0], [539, 0], [539, 0], [539, 0], [539, 0], [539, 0], [539, 0], [539, 0], [539, 0], [539, 0], [539, 0], [539, 0], [539, 0], [539, 0], [539, 0], [539, 0], [539, 0]]"
1023,"[[499, 1], [539, 0], [539, 0], [540, 3], [539, 0], [539, 0], [539, 0], [539, 0], [539, 0], [539, 0], [540, 3], [539, 0], [499, 1], [539, 0], [539, 0], [539, 0], [539, 0], [539, 0], [539, 0], [539, 0]]"
1024,"[[1071, 2], [1031, 4], [1032, 2], [992, 4], [993, 2], [953, 4], [954, 2], [954, 2], [914, 2], [874, 0], [914, 2], [874, 0], [874, 0], [914, 2], [874, 0], [874, 0], [875, 3], [874, 0], [874, 0], [874, 0], [874, 0], [874, 0], [874, 0], [874, 0], [875, 3], [874, 0], [874, 0], [874, 0], [874, 0], [874, 0], [914, 2], [874, 0]]"
1025,"[[788, 3], [828, 2], [788, 3], [787, 2], [788, 3], [787, 2], [788, 3], [787, 2], [747, 3], [746, 2], [706, 3], [705, 2], [705, 2], [665, 3], [664, 2], [624, 3], [623, 3], [583, 3], [582, 3], [581, 2], [541, 3], [540, 3], [541, 3], [540, 3], [539, 0], [539, 0], [539, 0], [539, 0], [540, 3], [539, 0], [539, 0], [539, 0], [540, 3], [540, 3], [539, 0], [539, 0], [539, 0], [539, 0], [539, 0], [539, 0], [539, 0], [499, 0]]"
1026,"[[877, 3], [876, 3], [875, 3], [874, 0], [874, 0], [874, 0], [874, 0], [874, 0], [874, 0], [874, 0], [874, 0], [874, 0], [875, 3], [874, 0], [874, 0], [874, 0], [874, 0]]"
1027,"[[743, 2], [703, 2], [663, 2], [623, 3], [622, 2], [623, 3], [583, 3], [582, 3], [581, 2], [582, 3], [581, 2], [541, 3], [541, 3], [540, 3], [539, 0], [539, 0], [539, 0], [539, 0], [539, 0], [539, 0], [539, 0], [539, 0], [539, 0], [539, 0], [539, 0], [540, 0]]"
1028,"[[788, 3], [787, 2], [747, 3], [746, 2], [706, 3], [707, 3], [707, 3], [706, 3], [707, 3], [706, 3], [705, 2], [665, 3], [664, 2], [624, 3], [624, 3], [623, 3], [622, 0]]"
1029,"[[499, 1], [500, 3], [500, 3], [499, 1], [459, 1], [499, 1], [539, 0], [539, 0], [539, 0], [539, 0], [539, 0], [539, 0], [539, 0], [539, 0], [539, 0]]"
1030,"[[985, 2], [945, 4], [946, 4], [945, 4], [946, 4], [946, 4], [947, 2], [947, 2], [907, 4], [908, 2], [868, 0]]"
1031,"[[499, 1], [539, 0], [539, 0], [539, 0], [539, 0], [539, 0], [539, 0], [539, 0], [539, 0], [499, 1], [539, 0], [539, 0], [539, 0], [539, 0], [539, 0], [539, 0], [539, 0], [539, 0], [540, 3], [539, 0], [499, 1], [539, 0], [539, 0], [499, 1], [539, 0]]"
1032,"[[743, 2], [703, 2], [703, 2], [663, 2], [623, 3], [622, 2], [582, 3], [542, 3], [541, 3], [581, 2], [541, 3], [501, 3], [500, 3], [499, 1], [539, 0], [539, 0], [539, 0], [539, 0], [539, 0], [539, 0], [539, 0], [539, 0], [539, 0], [539, 0], [539, 0], [539, 0], [539, 0], [539, 0], [539, 0], [539, 0], [539, 0], [539, 0], [539, 0], [539, 0], [539, 0], [539, 0], [539, 0], [539, 0], [539, 0], [539, 0], [539, 0], [499, 1], [539, 0], [539, 0], [539, 0], [539, 0], [539, 0], [539, 0], [539, 0], [540, 3], [540, 3], [539, 0], [539, 0], [539, 0], [539, 0], [539, 0], [539, 0]]"
1033,"[[623, 3], [622, 2], [582, 3], [581, 0]]"
1034,"[[499, 1], [539, 0], [539, 0], [539, 0], [539, 0], [539, 0], [539, 0], [539, 0], [499, 1], [539, 0], [539, 0], [539, 0], [539, 0], [539, 0], [539, 0], [539, 0]]"
1035,"[[420, 1], [460, 1], [500, 3], [499, 1], [539, 0], [539, 0], [539, 0], [539, 0], [539, 0], [539, 0], [539, 0], [539, 0], [539, 0], [539, 0], [539, 0], [539, 0]]"
1036,"[[832, 3], [831, 3], [830, 3], [829, 2], [789, 3], [788, 3], [787, 2], [747, 3], [746, 2], [706, 3], [705, 2], [665, 3], [705, 2], [665, 3], [664, 2], [624, 3], [623, 3], [622, 2], [582, 3], [581, 2], [541, 3], [540, 3], [539, 0], [539, 0], [539, 0], [539, 0], [539, 0]]"
1037,"[[788, 3], [787, 2], [747, 3], [746, 2], [706, 3], [706, 3], [705, 2], [665, 3], [665, 3], [664, 2], [624, 3], [623, 3], [622, 2], [582, 3], [581, 2], [541, 3], [540, 3], [539, 0], [539, 0], [540, 3], [539, 0], [539, 0], [539, 0], [539, 0], [539, 0], [539, 0], [499, 1], [539, 0], [539, 0], [539, 0], [539, 0], [539, 0], [539, 0], [539, 0], [539, 0], [539, 0], [539, 0], [539, 0], [539, 0], [539, 0], [539, 0]]"
1038,"[[832, 3], [831, 3], [830, 3], [830, 3], [829, 2], [789, 3], [788, 3], [828, 2], [829, 2], [789, 3], [788, 0]]"
1039,"[[420, 1], [420, 1], [460, 1], [500, 3], [499, 1], [498, 4], [499, 1], [539, 0], [539, 0], [539, 0], [539, 0], [539, 0], [499, 0]]"
1040,"[[879, 3], [878, 3], [877, 3], [876, 3], [876, 3], [875, 0]]"
1041,"[[788, 3], [787, 2], [747, 3], [746, 2], [746, 2], [706, 3], [705, 2], [665, 3], [664, 2], [624, 3], [623, 3], [622, 2], [623, 3], [583, 3], [582, 3], [542, 3], [541, 3], [540, 3], [539, 0], [539, 0], [539, 0], [539, 0], [539, 0], [539, 0], [539, 0], [539, 0], [539, 0]]"
1042,"[[832, 3], [831, 3], [830, 3], [829, 2], [789, 3], [788, 3], [787, 2], [747, 3], [746, 2], [706, 3], [705, 2], [665, 3], [664, 2], [624, 3], [623, 3], [622, 2], [622, 2], [622, 2], [582, 3], [581, 2], [541, 3], [501, 3], [461, 1], [501, 3], [500, 3], [499, 1], [539, 0], [539, 0], [539, 0], [539, 0], [539, 0], [539, 0], [539, 0], [539, 0], [539, 0], [539, 0], [539, 0], [539, 0], [539, 0], [539, 0], [539, 0], [539, 0], [539, 0], [539, 0], [539, 0], [539, 0], [539, 0]]"
1043,"[[985, 2], [945, 4], [946, 4], [947, 2], [907, 4], [908, 2], [908, 2], [868, 2], [828, 2], [788, 3], [787, 2], [747, 3], [747, 3], [746, 2], [746, 2], [706, 3], [705, 2], [665, 3], [664, 2], [624, 3], [623, 3], [622, 2], [622, 2], [582, 3], [581, 2], [541, 3], [540, 3], [541, 3], [540, 3], [539, 0], [539, 0], [539, 0], [539, 0], [499, 1], [499, 1], [539, 0], [539, 0], [539, 0], [539, 0], [539, 0]]"
1044,"[[877, 3], [837, 1], [877, 3], [876, 3], [875, 3], [874, 0], [874, 0], [874, 0], [914, 0]]"
1045,"[[832, 3], [831, 3], [830, 3], [829, 2], [789, 3], [788, 3], [787, 2], [747, 3], [747, 3], [746, 2], [706, 3], [705, 2], [665, 3], [665, 3], [664, 2], [664, 2], [624, 3], [623, 3], [624, 3], [623, 3], [622, 2], [622, 0]]"
1046,"[[788, 3], [789, 3], [749, 3], [748, 3], [747, 3], [707, 3], [706, 3], [705, 2], [665, 3], [664, 2], [624, 3], [623, 3], [622, 0]]"
1047,"[[877, 3], [876, 3], [875, 3], [874, 0], [874, 0], [874, 0], [874, 0], [874, 0], [874, 0], [874, 0], [874, 0], [874, 0]]"
1048,"[[420, 1], [380, 1], [420, 1], [460, 1], [500, 3], [499, 1], [539, 0], [539, 0], [539, 0], [539, 0], [539, 0], [539, 0]]"
1049,"[[985, 2], [945, 4], [946, 4], [947, 2], [907, 4], [908, 2], [868, 2], [828, 2], [788, 3], [787, 2], [747, 3], [746, 2], [786, 2], [746, 2], [706, 3], [705, 2], [665, 3], [705, 2], [705, 2], [665, 3], [705, 2], [665, 3], [664, 2], [624, 3], [623, 3], [622, 2], [582, 3], [581, 0]]"
1050,"[[374, 3], [373, 3], [372, 2], [332, 3], [331, 3], [330, 2], [290, 3], [289, 3], [288, 2], [248, 3], [247, 0], [247, 0], [247, 0], [247, 0], [247, 0], [247, 0], [247, 0], [247, 0], [247, 0], [247, 0], [246, 4], [247, 0], [247, 0], [287, 2], [247, 0], [247, 0], [247, 0], [247, 0], [247, 0], [247, 0], [247, 0], [248, 3], [247, 0], [287, 2], [247, 0], [247, 0], [287, 2], [247, 0], [247, 0], [247, 0], [247, 0], [248, 3], [247, 0]]"
1051,"[[587, 3], [586, 3], [585, 1], [625, 3], [585, 1], [625, 3], [624, 3], [623, 3], [622, 2], [582, 0]]"
1052,"[[1105, 4], [1106, 1], [1106, 1], [1146, 4], [1146, 4], [1147, 4], [1147, 4], [1147, 4], [1148, 2], [1108, 4], [1109, 4], [1110, 2], [1070, 4], [1071, 2], [1031, 4], [1071, 2], [1031, 4], [1032, 2], [992, 4], [993, 2], [953, 4], [954, 0]]"
1053,"[[743, 2], [703, 2], [663, 2], [623, 3], [622, 2], [582, 3], [581, 2], [541, 3], [581, 2], [582, 3], [581, 2], [541, 3], [540, 3], [539, 0], [539, 0], [539, 0], [539, 0], [539, 0], [539, 0], [540, 3], [540, 3], [539, 0], [539, 0], [539, 0], [539, 0], [539, 0], [539, 0], [539, 0], [499, 1], [499, 1], [459, 1], [499, 1], [539, 0], [539, 0], [539, 0], [539, 0], [539, 0], [540, 3], [539, 0], [539, 0], [539, 0], [539, 0]]"
1054,"[[1071, 2], [1031, 4], [1071, 2], [1031, 4], [1032, 2], [1031, 4], [1032, 2], [992, 4], [993, 2], [953, 4], [954, 2], [914, 2], [914, 2], [914, 0]]"
1055,"[[623, 3], [622, 2], [582, 3], [581, 2], [541, 3], [542, 3], [541, 3], [540, 3], [539, 0], [539, 0], [539, 0], [499, 1], [499, 1], [539, 0], [539, 0], [539, 0], [539, 0], [540, 3], [541, 3], [501, 3], [500, 3], [499, 1], [539, 0], [539, 0], [539, 0], [539, 0], [539, 0], [540, 3], [539, 0], [539, 0]]"
1056,"[[788, 3], [787, 2], [747, 3], [746, 2], [706, 3], [705, 2], [665, 3], [664, 2], [624, 3], [623, 3], [622, 2], [623, 3], [622, 2], [622, 2], [582, 3], [622, 2], [582, 3], [581, 2], [541, 3], [540, 3], [539, 0], [539, 0]]"
1057,"[[788, 3], [787, 2], [747, 3], [746, 2], [706, 3], [666, 0]]"
1058,"[[623, 3], [623, 3], [622, 2], [582, 3], [581, 2], [541, 3], [541, 3], [541, 3], [540, 3], [539, 0], [539, 0], [539, 0], [499, 1], [539, 0], [539, 0], [539, 0], [539, 0], [539, 0], [539, 0], [499, 1], [499, 1], [539, 0], [539, 0], [539, 0], [539, 0], [539, 0], [539, 0], [540, 3], [539, 0], [539, 0], [539, 0], [539, 0], [539, 0], [539, 0], [539, 0], [539, 0], [499, 1], [539, 0], [499, 1], [539, 0], [539, 0], [539, 0], [539, 0], [539, 0], [539, 0], [539, 0], [539, 0]]"
1059,"[[788, 3], [787, 2], [747, 3], [746, 2], [706, 3], [705, 2], [665, 3], [664, 2], [663, 2], [623, 3], [622, 2], [623, 3], [622, 2], [622, 2], [582, 3], [583, 3], [582, 3], [581, 2], [541, 3], [540, 3], [539, 0], [539, 0], [539, 0], [539, 0], [539, 0]]"
1060,"[[41, 4], [42, 1], [82, 4], [83, 1], [123, 1], [163, 4], [164, 1], [204, 4], [205, 4], [206, 0]]"
1061,"[[788, 3], [787, 2], [747, 3], [787, 2], [786, 2], [746, 2], [706, 3], [707, 3], [706, 3], [705, 2], [665, 3], [664, 2], [624, 3], [623, 3], [622, 2], [582, 3], [581, 2], [541, 0]]"
1062,"[[788, 3], [787, 2], [747, 3], [746, 2], [706, 3], [705, 2], [665, 3], [705, 2], [705, 2], [665, 3], [664, 2], [624, 3], [623, 3], [622, 2], [582, 3], [581, 0]]"
1063,"[[420, 1], [460, 1], [500, 3], [500, 3], [499, 1], [539, 0], [499, 1], [539, 0], [539, 0], [539, 0], [539, 0], [539, 0], [499, 1], [539, 0], [540, 3], [540, 3], [539, 0], [539, 0], [539, 0], [539, 0], [539, 0], [539, 0], [539, 0], [539, 0], [539, 0], [499, 1], [539, 0], [539, 0], [539, 0], [539, 0], [539, 0], [539, 0], [539, 0], [540, 3], [540, 0]]"
1064,"[[623, 3], [622, 2], [582, 3], [581, 2], [581, 2], [541, 3], [541, 3], [540, 3], [539, 0], [539, 0], [539, 0], [539, 0], [539, 0], [539, 0], [539, 0], [539, 0], [539, 0], [539, 0]]"
1065,"[[985, 2], [985, 2], [945, 4], [946, 4], [947, 2], [907, 4], [908, 2], [868, 2], [828, 2], [788, 3], [787, 2], [747, 3], [746, 2], [706, 3], [705, 2], [665, 3], [664, 2], [624, 3], [623, 3], [663, 2], [663, 2], [623, 3], [622, 2], [622, 2], [582, 0]]"
1066,"[[877, 3], [876, 3], [875, 3], [874, 0], [874, 0], [874, 0], [874, 0], [874, 0], [875, 3], [874, 0], [874, 0], [874, 0], [874, 0], [874, 0], [874, 0], [874, 0], [834, 1], [874, 0], [834, 1], [874, 0], [834, 1], [834, 1], [874, 0], [874, 0], [874, 0], [874, 0], [914, 2], [874, 0], [914, 2], [874, 0], [874, 0], [874, 0], [874, 0], [874, 0]]"
1067,"[[788, 3], [787, 2], [747, 3], [746, 2], [706, 3], [705, 2], [705, 2], [665, 3], [664, 2], [664, 2], [624, 3], [623, 3], [622, 2], [582, 0]]"
1068,"[[420, 1], [460, 1], [460, 1], [500, 3], [499, 1], [539, 0], [539, 0], [539, 0], [539, 0], [539, 0], [539, 0], [539, 0], [539, 0], [539, 0], [539, 0], [539, 0], [539, 0], [539, 0], [539, 0], [540, 3], [539, 0], [539, 0], [539, 0], [539, 0], [539, 0], [539, 0], [499, 1], [539, 0]]"
1069,"[[1105, 4], [1106, 1], [1146, 4], [1146, 4], [1147, 4], [1147, 4], [1148, 2], [1108, 0]]"
1070,"[[832, 3], [831, 3], [830, 3], [829, 2], [789, 3], [788, 3], [787, 2], [747, 3], [746, 2], [706, 3], [705, 2], [705, 0]]"
1071,"[[623, 3], [622, 2], [582, 3], [581, 2], [582, 3], [581, 2], [541, 3], [540, 3], [539, 0], [539, 0], [539, 0], [539, 0], [539, 0], [539, 0]]"
1072,"[[623, 3], [622, 2], [622, 2], [582, 3], [581, 2], [541, 3], [542, 3], [541, 3], [540, 3], [540, 3], [539, 0], [539, 0], [539, 0], [539, 0]]"
1073,"[[499, 1], [539, 0], [539, 0], [539, 0], [539, 0], [499, 1], [459, 1], [499, 1], [539, 0], [539, 0], [539, 0], [539, 0], [539, 0], [539, 0], [539, 0]]"
1074,"[[788, 3], [787, 2], [747, 3], [746, 2], [747, 3], [748, 3], [749, 3], [709, 1], [749, 3], [748, 0]]"
1075,"[[877, 3], [876, 3], [875, 3], [875, 3], [874, 0], [874, 0], [874, 0], [875, 3], [874, 0], [874, 0], [874, 0], [874, 0], [874, 0], [874, 0], [874, 0], [874, 0], [874, 0], [874, 0], [874, 0], [874, 0], [874, 0], [874, 0], [874, 0], [874, 0], [874, 0], [874, 0], [914, 2], [874, 0], [874, 0], [874, 0], [874, 0], [874, 0], [874, 0], [874, 0], [874, 0], [874, 0], [874, 0], [874, 0], [874, 0], [874, 0], [834, 1], [834, 1], [874, 0], [875, 3], [875, 3], [874, 0]]"
1076,"[[832, 3], [831, 3], [830, 3], [829, 2], [830, 3], [829, 2], [789, 3], [789, 3], [829, 2], [789, 3], [788, 3], [787, 2], [747, 3], [747, 3], [746, 2], [706, 3], [705, 2], [665, 3], [664, 2], [624, 3], [584, 1], [624, 3], [623, 3], [583, 3], [623, 3], [622, 2], [582, 3], [582, 3], [542, 3], [541, 3], [540, 3], [539, 0], [539, 0], [539, 0], [539, 0], [539, 0], [539, 0], [539, 0], [539, 0], [539, 0], [539, 0], [539, 0], [539, 0], [539, 0], [540, 0]]"
1077,"[[206, 1], [246, 4], [247, 0], [247, 0], [287, 2], [247, 0], [247, 0], [247, 0], [247, 0], [247, 0], [247, 0], [247, 0], [247, 0], [247, 0], [247, 0], [247, 0]]"
1078,"[[623, 3], [622, 2], [582, 3], [542, 3], [541, 3], [540, 0]]"
1079,"[[832, 3], [831, 3], [830, 3], [829, 2], [789, 3], [788, 3], [787, 2], [787, 2], [786, 2], [746, 2], [706, 3], [705, 2], [705, 0]]"
1080,"[[374, 3], [373, 3], [372, 2], [332, 3], [331, 3], [330, 2], [290, 3], [290, 3], [289, 3], [288, 2], [248, 3], [247, 0], [247, 0], [247, 0], [247, 0], [287, 2], [247, 0], [247, 0], [247, 0], [247, 0], [207, 1], [247, 0], [247, 0], [287, 2], [247, 0], [247, 0], [247, 0]]"
1081,"[[623, 3], [622, 2], [582, 3], [581, 2], [541, 0]]"
1082,"[[587, 3], [588, 3], [587, 3], [586, 3], [585, 1], [625, 3], [624, 3], [623, 3], [663, 2], [664, 2], [624, 3], [624, 3], [625, 3], [625, 3], [665, 3], [664, 2], [665, 3], [664, 2], [663, 2], [623, 3], [622, 2], [582, 3], [581, 2], [541, 3], [540, 3], [539, 0], [499, 1], [539, 0], [539, 0], [539, 0], [539, 0], [539, 0], [539, 0]]"
1083,"[[420, 1], [460, 1], [500, 3], [499, 1], [500, 3], [499, 1], [539, 0], [539, 0], [540, 3], [539, 0], [539, 0], [539, 0], [539, 0], [539, 0], [539, 0], [539, 0], [539, 0], [539, 0], [539, 0], [539, 0], [539, 0], [539, 0], [539, 0], [539, 0], [539, 0], [539, 0], [539, 0], [540, 3], [539, 0], [540, 3], [540, 3], [539, 0], [539, 0], [539, 0], [539, 0], [539, 0], [539, 0], [539, 0]]"
1084,"[[985, 2], [985, 2], [945, 4], [946, 4], [946, 4], [946, 4], [945, 4], [946, 4], [947, 2], [907, 4], [908, 2], [868, 2], [828, 2], [788, 3], [787, 2], [747, 3], [746, 2], [706, 3], [706, 3], [705, 2], [706, 3], [705, 2], [665, 3], [664, 2], [624, 3], [623, 3], [622, 2], [582, 3], [581, 2], [541, 3], [540, 3], [539, 0], [539, 0], [539, 0], [539, 0], [539, 0], [539, 0], [539, 0], [539, 0], [539, 0], [539, 0], [539, 0]]"
1085,"[[499, 1], [539, 0], [539, 0], [539, 0], [539, 0], [539, 0], [539, 0], [540, 3], [539, 0], [539, 0], [539, 0], [539, 0], [539, 0], [539, 0], [499, 1], [539, 0], [539, 0], [539, 0], [539, 0], [539, 0], [539, 0], [539, 0], [539, 0], [539, 0], [539, 0], [539, 0], [539, 0], [539, 0], [539, 0], [539, 0], [539, 0], [539, 0], [499, 1], [500, 3], [499, 1], [539, 0], [539, 0], [539, 0], [539, 0], [539, 0], [539, 0], [539, 0], [539, 0], [539, 0], [539, 0], [539, 0], [539, 0], [539, 0], [539, 0], [539, 0], [539, 0], [539, 0], [539, 0], [539, 0]]"
1086,"[[877, 3], [876, 3], [875, 3], [875, 3], [874, 0], [874, 0], [874, 0], [874, 0], [874, 0], [875, 3], [875, 3], [874, 0], [874, 0], [874, 0], [874, 0], [834, 1], [834, 1], [874, 0], [874, 0], [874, 0], [914, 2], [914, 2], [914, 2], [874, 0], [874, 0], [874, 0], [834, 0]]"
1087,"[[420, 1], [460, 1], [500, 3], [499, 1], [539, 0], [539, 0], [539, 0], [539, 0], [539, 0], [539, 0], [539, 0], [539, 0], [539, 0]]"
1088,"[[499, 1], [539, 0], [539, 0], [539, 0], [539, 0], [539, 0], [540, 3], [539, 0], [539, 0], [539, 0], [539, 0], [539, 0], [539, 0], [539, 0], [539, 0], [540, 3], [539, 0], [539, 0], [539, 0], [539, 0], [539, 0], [539, 0], [539, 0], [539, 0], [539, 0], [539, 0], [539, 0], [539, 0], [539, 0], [540, 3], [539, 0]]"
1089,"[[420, 1], [460, 1], [500, 3], [499, 1], [539, 0], [539, 0], [539, 0], [539, 0], [540, 3], [539, 0], [539, 0], [539, 0], [539, 0], [539, 0], [539, 0], [539, 0], [539, 0], [539, 0], [539, 0], [539, 0], [539, 0], [539, 0], [539, 0], [539, 0], [539, 0], [539, 0], [539, 0], [539, 0], [539, 0], [539, 0], [539, 0], [499, 1], [539, 0], [539, 0], [540, 3], [539, 0], [539, 0], [539, 0]]"
1090,"[[623, 3], [622, 2], [582, 3], [581, 2], [541, 3], [540, 3], [539, 0], [539, 0], [539, 0], [539, 0], [539, 0], [539, 0], [539, 0], [539, 0], [539, 0], [539, 0], [539, 0], [539, 0], [539, 0], [539, 0], [540, 3], [539, 0], [539, 0], [539, 0], [539, 0], [539, 0], [539, 0], [539, 0], [539, 0], [539, 0], [539, 0], [539, 0], [539, 0], [539, 0], [539, 0], [540, 3], [539, 0], [539, 0]]"
1091,"[[374, 3], [373, 3], [372, 2], [332, 3], [331, 3], [330, 2], [290, 3], [289, 3], [288, 2], [287, 0]]"
1092,"[[623, 3], [624, 3], [584, 1], [624, 3], [623, 3], [624, 3], [623, 3], [622, 2], [582, 3], [581, 2], [541, 3], [540, 3], [540, 3], [500, 3], [499, 1], [539, 0], [539, 0], [539, 0], [499, 1], [500, 3], [499, 1], [459, 1], [499, 1], [459, 1], [499, 1], [539, 0]]"
1093,"[[623, 3], [622, 2], [582, 3], [581, 2], [581, 2], [541, 3], [540, 3], [540, 3], [539, 0], [499, 1], [539, 0], [539, 0]]"
1094,"[[374, 3], [373, 3], [372, 2], [332, 3], [331, 3], [330, 2], [331, 3], [332, 3], [331, 3], [330, 2], [290, 3], [289, 3], [289, 3], [288, 2], [248, 3], [247, 0], [207, 1], [247, 0], [247, 0], [247, 0], [247, 0], [247, 0], [247, 0], [247, 0], [287, 0]]"
1095,"[[877, 3], [876, 3], [875, 3], [875, 3], [874, 0], [874, 0], [834, 0]]"
1096,"[[743, 2], [703, 2], [663, 2], [623, 3], [622, 2], [622, 2], [582, 3], [582, 3], [542, 3], [541, 3], [540, 3], [539, 0], [539, 0], [539, 0], [539, 0], [539, 0], [499, 1], [539, 0], [539, 0], [540, 3], [539, 0], [539, 0], [539, 0], [539, 0], [539, 0], [539, 0], [539, 0], [539, 0], [539, 0], [539, 0], [539, 0], [539, 0], [539, 0], [539, 0], [539, 0], [539, 0], [539, 0], [539, 0]]"
1097,"[[623, 3], [622, 2], [582, 3], [581, 2], [581, 2], [541, 3], [540, 3], [539, 0], [539, 0], [539, 0], [539, 0], [539, 0], [539, 0], [539, 0], [539, 0], [539, 0], [539, 0], [539, 0], [540, 3], [540, 3], [541, 3], [540, 3], [539, 0], [499, 1], [539, 0], [539, 0], [539, 0], [499, 1], [539, 0], [539, 0], [539, 0], [539, 0], [540, 3], [539, 0], [539, 0]]"
1098,"[[877, 3], [876, 3], [875, 3], [874, 0], [834, 1], [874, 0], [874, 0], [874, 0]]"
1099,"[[788, 3], [787, 2], [787, 2], [788, 3], [787, 2], [747, 3], [746, 2], [706, 3], [746, 2], [706, 3], [705, 2], [665, 3], [664, 2], [624, 3], [623, 3], [583, 0]]"
1100,"[[832, 3], [831, 3], [830, 3], [829, 2], [789, 3], [788, 3], [787, 2], [747, 3], [746, 2], [746, 2], [786, 2], [746, 2], [706, 3], [705, 2], [665, 3], [664, 2], [664, 2], [624, 3], [623, 3], [624, 3], [623, 3], [622, 2], [582, 3], [581, 2], [541, 0]]"
1101,"[[788, 3], [748, 3], [747, 3], [746, 2], [746, 2], [747, 3], [746, 2], [786, 2], [746, 2], [706, 3], [705, 2], [665, 3], [664, 2], [624, 3], [623, 3], [622, 2], [582, 3], [581, 2], [541, 3], [540, 3], [539, 0], [539, 0], [539, 0], [539, 0], [539, 0], [539, 0], [539, 0], [539, 0], [539, 0], [539, 0], [539, 0], [539, 0], [539, 0], [539, 0], [539, 0], [539, 0], [539, 0], [539, 0], [539, 0], [539, 0], [539, 0], [539, 0], [499, 1], [539, 0], [539, 0], [539, 0], [539, 0], [539, 0], [539, 0], [539, 0], [539, 0], [539, 0], [539, 0], [539, 0], [539, 0], [539, 0], [539, 0], [539, 0], [539, 0], [539, 0], [539, 0], [539, 0], [540, 3], [539, 0], [539, 0], [539, 0]]"
1102,"[[420, 1], [420, 1], [460, 1], [500, 3], [499, 0]]"
1103,"[[743, 2], [703, 2], [663, 2], [623, 3], [624, 3], [625, 3], [585, 1], [625, 3], [624, 3], [623, 3], [622, 2], [582, 3], [581, 2], [581, 2], [541, 3], [540, 0]]"
1104,"[[743, 2], [743, 2], [703, 2], [663, 2], [623, 3], [622, 2], [582, 3], [581, 2], [541, 3], [542, 3], [541, 3], [540, 3], [540, 3], [539, 0], [539, 0], [539, 0], [539, 0], [539, 0], [540, 3], [539, 0], [539, 0], [539, 0], [539, 0], [539, 0], [539, 0], [539, 0], [540, 3], [539, 0], [539, 0], [539, 0], [540, 3], [539, 0], [539, 0], [539, 0], [539, 0], [539, 0], [539, 0], [539, 0], [539, 0], [539, 0], [499, 1], [539, 0], [539, 0], [539, 0], [539, 0], [539, 0], [539, 0], [539, 0]]"
1105,"[[623, 3], [622, 2], [582, 3], [581, 2], [541, 3], [581, 2], [541, 3], [540, 3], [539, 0], [539, 0], [539, 0], [539, 0], [539, 0], [539, 0], [539, 0], [539, 0], [539, 0], [539, 0], [539, 0], [539, 0], [539, 0], [539, 0], [539, 0], [539, 0]]"
1106,"[[832, 3], [831, 3], [830, 3], [829, 2], [830, 3], [831, 3], [831, 3], [830, 3], [829, 2], [789, 3], [749, 3], [748, 3], [749, 3], [748, 3], [749, 3], [748, 3], [747, 3], [746, 2], [706, 3], [705, 2], [665, 3], [625, 3], [624, 3], [625, 3], [624, 3], [623, 3], [622, 2], [582, 3], [581, 2], [581, 2], [541, 3], [540, 3], [539, 0], [539, 0], [539, 0], [539, 0], [539, 0], [539, 0], [539, 0], [539, 0], [539, 0], [539, 0], [539, 0], [539, 0], [539, 0], [539, 0], [539, 0], [539, 0], [539, 0], [539, 0], [539, 0]]"
1107,"[[623, 3], [622, 2], [582, 3], [581, 2], [581, 2], [581, 2], [581, 2], [541, 3], [581, 2], [541, 3], [540, 3], [539, 0], [539, 0], [540, 3], [500, 3], [460, 1], [500, 3], [499, 1], [539, 0], [539, 0], [539, 0], [539, 0], [539, 0], [539, 0], [539, 0], [539, 0], [539, 0], [539, 0], [539, 0], [539, 0], [539, 0], [539, 0]]"
1108,"[[832, 3], [832, 3], [831, 3], [832, 3], [832, 3], [831, 3], [830, 3], [829, 2], [789, 3], [790, 3], [789, 3], [788, 3], [789, 3], [788, 3], [787, 2], [788, 3], [787, 2], [747, 3], [746, 2], [706, 3], [705, 2], [705, 2], [665, 0]]"
1109,"[[374, 3], [373, 3], [374, 3], [373, 3], [372, 2], [332, 3], [331, 3], [330, 2], [290, 3], [289, 3], [288, 2], [248, 3], [247, 0], [247, 0], [247, 0], [248, 3], [247, 0], [207, 1], [206, 1], [246, 4], [247, 0], [247, 0], [247, 0], [207, 1], [247, 0], [247, 0], [247, 0], [248, 3], [248, 3], [248, 3], [247, 0], [287, 2], [247, 0], [247, 0], [247, 0], [247, 0], [247, 0], [247, 0]]"
1110,"[[879, 3], [878, 3], [877, 3], [876, 3], [875, 3], [874, 0], [874, 0], [874, 0], [874, 0], [875, 3], [874, 0], [874, 0], [874, 0], [874, 0], [874, 0], [874, 0], [874, 0], [874, 0], [874, 0], [874, 0], [874, 0], [874, 0], [874, 0], [874, 0], [874, 0]]"
1111,"[[587, 3], [586, 3], [585, 1], [625, 3], [624, 3], [625, 3], [665, 3], [664, 2], [663, 2], [623, 3], [622, 2], [622, 2], [622, 2], [582, 3], [583, 3], [582, 3], [581, 2], [541, 0]]"
1112,"[[623, 3], [624, 3], [623, 3], [622, 2], [582, 3], [581, 2], [541, 3], [581, 2], [541, 3], [540, 3], [541, 3], [581, 2], [541, 3], [542, 3], [541, 3], [540, 3], [539, 0], [539, 0], [539, 0], [539, 0], [539, 0], [540, 3], [539, 0], [539, 0], [539, 0], [539, 0], [539, 0], [540, 3], [539, 0], [539, 0], [539, 0], [539, 0], [539, 0], [539, 0], [539, 0], [539, 0], [539, 0], [539, 0], [539, 0], [539, 0], [539, 0], [539, 0], [539, 0]]"
1113,"[[623, 3], [624, 3], [623, 3], [622, 2], [582, 3], [581, 2], [541, 3], [540, 3], [540, 3], [539, 0], [540, 3], [539, 0], [539, 0], [539, 0], [539, 0], [539, 0], [539, 0], [539, 0], [539, 0], [539, 0]]"
1114,"[[832, 3], [832, 3], [831, 3], [830, 3], [829, 2], [789, 3], [788, 3], [787, 2], [747, 3], [746, 2], [706, 3], [705, 2], [665, 3], [666, 3], [665, 3], [664, 2], [624, 3], [623, 3], [622, 2], [582, 3], [581, 2], [541, 3], [540, 3], [539, 0], [539, 0], [539, 0], [539, 0]]"
1115,"[[420, 1], [460, 1], [461, 1], [501, 3], [500, 3], [501, 3], [501, 3], [500, 3], [499, 1], [539, 0], [539, 0], [539, 0], [539, 0], [539, 0], [539, 0], [539, 0], [539, 0], [540, 3], [539, 0], [499, 1], [498, 4], [499, 1], [500, 3], [499, 1], [539, 0], [539, 0], [499, 1], [539, 0], [539, 0], [539, 0], [539, 0], [539, 0], [539, 0], [539, 0], [539, 0], [539, 0], [539, 0], [539, 0], [539, 0], [539, 0], [539, 0], [540, 3], [539, 0], [539, 0], [539, 0], [539, 0], [499, 1], [539, 0], [539, 0], [539, 0], [539, 0], [539, 0], [539, 0], [539, 0], [539, 0], [540, 3], [539, 0], [539, 0]]"
1116,"[[877, 3], [876, 3], [875, 3], [875, 3], [874, 0], [874, 0], [874, 0], [874, 0], [834, 1], [874, 0], [874, 0], [874, 0], [874, 0], [874, 0], [874, 0], [874, 0], [874, 0], [874, 0], [874, 0], [874, 0], [874, 0], [874, 0], [874, 0], [874, 0], [874, 0], [874, 0], [914, 2], [874, 0], [874, 0], [874, 0], [874, 0], [874, 0], [874, 0], [874, 0], [874, 0], [914, 2], [954, 2], [914, 2], [874, 0], [874, 0], [874, 0], [874, 0], [874, 0], [874, 0], [874, 0], [914, 2], [874, 0]]"
1117,"[[206, 1], [246, 4], [247, 0], [247, 0], [247, 0], [247, 0], [207, 1], [247, 0], [207, 1], [206, 1], [246, 4], [206, 1], [246, 4], [247, 0]]"
1118,"[[877, 3], [876, 3], [875, 3], [874, 0], [874, 0], [874, 0], [874, 0], [834, 1], [874, 0], [874, 0], [874, 0], [874, 0], [874, 0], [874, 0], [874, 0], [874, 0], [874, 0], [874, 0], [874, 0], [874, 0], [874, 0], [874, 0], [874, 0], [874, 0], [874, 0], [874, 0], [874, 0], [874, 0], [874, 0], [874, 0], [874, 0], [874, 0], [874, 0], [874, 0], [874, 0], [875, 3], [874, 0], [874, 0], [874, 0], [874, 0], [874, 0], [874, 0], [874, 0], [874, 0], [874, 0], [874, 0], [874, 0], [874, 0], [874, 0], [874, 0], [874, 0], [874, 0], [875, 3], [874, 0], [874, 0], [875, 3], [874, 0], [834, 1], [874, 0]]"
1119,"[[877, 3], [876, 3], [875, 3], [876, 3], [875, 3], [874, 0]]"
1120,"[[1105, 4], [1106, 1], [1146, 4], [1147, 4], [1148, 2], [1148, 2], [1148, 2], [1108, 4], [1109, 4], [1110, 2], [1110, 2], [1070, 4], [1071, 2], [1071, 2], [1031, 4], [1032, 2], [992, 4], [993, 2], [953, 4], [953, 4], [954, 2], [914, 2], [874, 0], [874, 0], [874, 0], [874, 0], [874, 0], [874, 0], [874, 0]]"
1121,"[[788, 3], [787, 2], [747, 3], [746, 2], [706, 3], [705, 2], [665, 3], [666, 3], [706, 3], [705, 2], [665, 3], [664, 2], [664, 2], [624, 3], [623, 3], [622, 2], [582, 3], [581, 2], [541, 3], [540, 3], [540, 3], [539, 0], [539, 0]]"
1122,"[[743, 2], [703, 2], [663, 2], [623, 3], [623, 3], [623, 3], [622, 2], [582, 3], [581, 2], [541, 3], [540, 3], [539, 0], [539, 0], [539, 0], [539, 0], [539, 0]]"
1123,"[[587, 3], [586, 3], [585, 1], [625, 3], [624, 3], [623, 3], [622, 2], [582, 3], [581, 2], [541, 3], [540, 3], [539, 0], [539, 0], [539, 0], [539, 0], [539, 0], [539, 0], [539, 0], [539, 0], [540, 3], [539, 0], [499, 1], [499, 1], [499, 1], [539, 0], [539, 0], [539, 0], [539, 0], [539, 0], [539, 0], [539, 0], [539, 0], [539, 0], [539, 0], [539, 0], [539, 0], [539, 0], [499, 1], [539, 0]]"
1124,"[[587, 3], [627, 2], [627, 2], [587, 3], [586, 3], [585, 1], [625, 3], [624, 3], [623, 3], [622, 2], [582, 3], [542, 3], [541, 3], [540, 0]]"
1125,"[[41, 4], [41, 4], [41, 4], [42, 1], [82, 4], [83, 1], [123, 1], [163, 4], [163, 4], [164, 1], [204, 4], [205, 4], [206, 1], [246, 4], [247, 0], [247, 0], [247, 0]]"
1126,"[[499, 1], [539, 0], [539, 0], [539, 0], [539, 0], [539, 0], [539, 0], [539, 0], [539, 0], [539, 0], [539, 0], [539, 0], [539, 0], [539, 0], [539, 0], [539, 0], [539, 0], [539, 0], [539, 0], [539, 0], [539, 0], [539, 0], [539, 0], [539, 0], [499, 1], [539, 0], [539, 0], [540, 3], [539, 0], [539, 0], [539, 0]]"
1127,"[[623, 3], [622, 2], [582, 3], [581, 2], [541, 3], [542, 3], [541, 3], [501, 3], [500, 3], [499, 1], [539, 0], [540, 3], [539, 0], [539, 0], [539, 0], [539, 0], [539, 0], [539, 0], [539, 0], [539, 0], [539, 0], [539, 0], [539, 0], [539, 0]]"
1128,"[[788, 3], [828, 2], [788, 3], [789, 3], [788, 3], [828, 2], [788, 3], [787, 2], [747, 3], [746, 2], [706, 3], [705, 2], [665, 3], [664, 2], [624, 3], [623, 3], [622, 2], [582, 3], [542, 3], [541, 3], [540, 3], [539, 0], [539, 0], [539, 0]]"
1129,"[[832, 3], [831, 3], [830, 3], [790, 3], [790, 3], [789, 3], [788, 3], [787, 2], [788, 3], [787, 2], [747, 3], [747, 3], [746, 2], [706, 3], [705, 2], [665, 3], [664, 2], [624, 3], [623, 3], [622, 2], [622, 2], [582, 3], [581, 2], [541, 3], [540, 3], [541, 0]]"
1130,"[[985, 2], [945, 4], [946, 4], [947, 2], [907, 4], [908, 2], [868, 2], [828, 2], [788, 3], [787, 2], [747, 0]]"
1131,"[[743, 2], [744, 3], [743, 2], [703, 2], [663, 2], [623, 3], [622, 2], [582, 3], [622, 2], [582, 3], [581, 2], [582, 0]]"
1132,"[[420, 1], [460, 1], [500, 3], [499, 1], [539, 0], [539, 0], [539, 0], [539, 0], [499, 1], [500, 3], [499, 1], [539, 0], [539, 0], [539, 0], [539, 0], [539, 0], [539, 0], [539, 0], [539, 0], [539, 0], [539, 0], [499, 1], [459, 1], [499, 1], [539, 0], [539, 0], [539, 0], [539, 0], [539, 0], [539, 0], [539, 0], [540, 3], [540, 3], [539, 0], [539, 0], [539, 0], [540, 3], [539, 0], [539, 0], [539, 0], [539, 0], [539, 0], [540, 0]]"
1133,"[[743, 2], [703, 2], [663, 2], [623, 3], [622, 2], [582, 3], [581, 2], [582, 0]]"
1134,"[[374, 3], [373, 3], [372, 2], [332, 3], [332, 3], [331, 3], [330, 2], [290, 3], [289, 3], [288, 2], [248, 3], [247, 0], [247, 0], [247, 0], [247, 0], [247, 0], [287, 2], [247, 0], [247, 0], [247, 0], [247, 0]]"
1135,"[[832, 3], [831, 0]]"
1136,"[[623, 3], [622, 2], [582, 3], [582, 3], [581, 2], [541, 3], [540, 3], [539, 0], [539, 0], [499, 1], [459, 1], [458, 1], [498, 4], [499, 1], [539, 0], [539, 0], [539, 0], [499, 1], [498, 4], [499, 1], [539, 0], [539, 0], [540, 3], [539, 0], [499, 0]]"
1137,"[[420, 1], [460, 1], [500, 3], [499, 1], [539, 0], [539, 0], [539, 0], [539, 0], [539, 0], [539, 0], [539, 0], [539, 0], [539, 0], [539, 0], [539, 0]]"
1138,"[[420, 1], [460, 1], [500, 3], [499, 1], [499, 1], [498, 4], [499, 1], [539, 0], [539, 0], [539, 0], [539, 0], [539, 0], [499, 1], [500, 3], [499, 1], [539, 0], [539, 0], [539, 0], [539, 0], [539, 0], [539, 0], [539, 0], [539, 0], [539, 0], [499, 1], [539, 0], [539, 0], [539, 0], [499, 1], [539, 0], [539, 0], [539, 0], [540, 3], [539, 0], [499, 1], [539, 0], [539, 0], [539, 0], [539, 0], [539, 0], [539, 0], [539, 0], [539, 0]]"
1139,"[[41, 4], [42, 1], [82, 4], [83, 0]]"
1140,"[[1105, 4], [1106, 1], [1106, 1], [1146, 4], [1147, 4], [1148, 2], [1148, 2], [1108, 4], [1109, 4], [1109, 4], [1110, 2], [1070, 0]]"
1141,"[[420, 1], [460, 1], [500, 3], [499, 1], [539, 0], [539, 0], [499, 1], [459, 1], [499, 1], [539, 0], [539, 0], [539, 0], [539, 0], [539, 0], [539, 0], [539, 0], [539, 0], [539, 0], [539, 0], [539, 0], [539, 0], [539, 0], [539, 0], [539, 0], [539, 0], [539, 0], [539, 0], [539, 0], [539, 0], [539, 0], [539, 0], [499, 0]]"
1142,"[[832, 3], [831, 3], [830, 3], [829, 2], [829, 2], [789, 3], [749, 3], [749, 3], [748, 3], [747, 3], [787, 2], [747, 3], [746, 2], [706, 3], [705, 2], [705, 2], [665, 3], [664, 2], [663, 2], [663, 2], [623, 3], [622, 2], [582, 3], [581, 2], [541, 3], [540, 3], [540, 3], [539, 0], [539, 0], [539, 0], [539, 0], [539, 0], [539, 0], [539, 0], [539, 0], [539, 0]]"
1143,"[[420, 1], [460, 1], [500, 3], [499, 1], [539, 0]]"
1144,"[[788, 3], [787, 2], [747, 3], [746, 2], [786, 2], [746, 2], [706, 3], [705, 2], [665, 3], [664, 2], [664, 2], [624, 3], [623, 3], [622, 2], [582, 3], [581, 2], [541, 3], [501, 3], [461, 1], [501, 3], [461, 1], [501, 0]]"
1145,"[[788, 3], [787, 2], [747, 3], [746, 0]]"
1146,"[[832, 3], [831, 3], [830, 3], [829, 2], [789, 3], [788, 3], [787, 2], [747, 3], [746, 2], [706, 3], [706, 3], [705, 2], [665, 3], [664, 2], [624, 3], [623, 3], [622, 2], [582, 3], [581, 2], [541, 3], [540, 3], [541, 3], [540, 3], [539, 0], [539, 0], [539, 0], [539, 0], [539, 0], [540, 3], [539, 0], [540, 3], [539, 0], [539, 0], [539, 0], [539, 0], [540, 3], [539, 0], [539, 0], [539, 0]]"
1147,"[[420, 1], [460, 1], [500, 3], [499, 1], [539, 0], [539, 0], [499, 1], [539, 0], [539, 0], [539, 0], [539, 0], [539, 0], [539, 0], [540, 3], [539, 0], [539, 0], [539, 0], [539, 0], [539, 0], [540, 3], [539, 0], [539, 0], [499, 0]]"
1148,"[[623, 3], [622, 2], [622, 2], [582, 3], [581, 2], [541, 3], [540, 3], [500, 3], [460, 1], [500, 3], [499, 1], [539, 0], [539, 0], [539, 0], [539, 0]]"
1149,"[[832, 3], [831, 3], [830, 3], [829, 2], [789, 3], [829, 2], [830, 3], [829, 2], [829, 2], [789, 3], [788, 3], [787, 2], [747, 3], [787, 2], [747, 3], [746, 2], [706, 3], [705, 2], [665, 3], [664, 2], [664, 2], [624, 3], [624, 3], [623, 3], [622, 2], [582, 3], [581, 2], [541, 3], [540, 3], [539, 0], [540, 3], [539, 0], [539, 0], [539, 0], [539, 0], [539, 0]]"
1150,"[[832, 3], [831, 3], [830, 3], [829, 2], [789, 3], [788, 3], [788, 3], [787, 2], [747, 3], [787, 2], [747, 3], [746, 2], [706, 3], [666, 3], [706, 3], [705, 2], [665, 3], [664, 2], [624, 3], [623, 3], [622, 2], [582, 3], [583, 3], [582, 3], [581, 2], [541, 3], [540, 3], [541, 3], [540, 3], [539, 0], [539, 0], [539, 0], [539, 0], [539, 0], [539, 0], [499, 0]]"
1151,"[[832, 3], [831, 3], [830, 3], [790, 3], [789, 3], [788, 3], [787, 2], [747, 3], [746, 2], [747, 3], [707, 3], [706, 0]]"
1152,"[[587, 3], [586, 3], [585, 1], [625, 3], [624, 0]]"
1153,"[[879, 3], [878, 3], [879, 3], [878, 3], [877, 3], [876, 3], [875, 3], [874, 0], [874, 0], [914, 2], [874, 0], [874, 0], [874, 0], [874, 0], [874, 0], [874, 0], [834, 1], [833, 4], [834, 1], [874, 0], [874, 0], [874, 0], [874, 0], [874, 0], [874, 0], [874, 0], [914, 2], [914, 2], [874, 0], [874, 0], [874, 0], [874, 0], [874, 0], [914, 2], [874, 0], [874, 0], [874, 0], [874, 0], [874, 0], [874, 0], [874, 0], [914, 2], [874, 0], [874, 0], [874, 0], [874, 0], [874, 0], [874, 0], [914, 2], [874, 0], [874, 0], [874, 0], [874, 0], [834, 1], [874, 0], [874, 0], [874, 0], [875, 3], [874, 0], [914, 2], [874, 0], [874, 0], [874, 0], [874, 0], [874, 0]]"
1154,"[[1071, 2], [1031, 4], [1032, 2], [1032, 2], [992, 4], [993, 2], [953, 4], [954, 2], [953, 4], [954, 2], [914, 2], [874, 0], [874, 0], [834, 1], [874, 0], [874, 0], [874, 0], [874, 0], [874, 0], [834, 1], [874, 0], [874, 0]]"
1155,"[[420, 1], [460, 1], [500, 3], [499, 1], [500, 3], [499, 1], [539, 0], [539, 0], [540, 3], [539, 0], [539, 0], [499, 1], [500, 3], [500, 3], [499, 1], [539, 0], [539, 0], [539, 0], [539, 0], [539, 0], [539, 0], [539, 0], [499, 1], [539, 0], [539, 0], [539, 0], [539, 0], [539, 0], [539, 0], [539, 0], [539, 0], [499, 1], [498, 4], [499, 1], [539, 0], [540, 3], [539, 0], [539, 0], [539, 0], [539, 0], [539, 0], [539, 0], [539, 0], [539, 0], [539, 0], [540, 3], [539, 0], [539, 0], [539, 0], [539, 0], [539, 0], [499, 1], [539, 0], [539, 0], [539, 0], [539, 0], [539, 0], [539, 0], [539, 0], [539, 0], [539, 0], [539, 0], [539, 0], [539, 0], [539, 0]]"
1156,"[[788, 3], [787, 2], [747, 3], [746, 2], [706, 3], [705, 2], [705, 2], [665, 3], [664, 2], [624, 3], [623, 3], [622, 2], [582, 3], [581, 2], [541, 3], [540, 3], [539, 0], [539, 0], [539, 0], [539, 0], [539, 0], [539, 0], [539, 0], [539, 0], [539, 0], [539, 0], [539, 0], [539, 0], [499, 1], [539, 0], [539, 0], [539, 0], [539, 0], [539, 0], [539, 0], [539, 0]]"
1157,"[[587, 3], [586, 3], [585, 1], [586, 3], [585, 1], [625, 3], [624, 3], [623, 3], [622, 2], [582, 3], [581, 2], [541, 3], [540, 3], [539, 0], [539, 0], [539, 0], [539, 0], [539, 0], [539, 0], [539, 0], [539, 0], [539, 0], [539, 0], [539, 0], [539, 0], [539, 0], [499, 1], [500, 3], [499, 1], [539, 0], [539, 0], [539, 0], [539, 0], [540, 3], [539, 0], [539, 0], [540, 3], [541, 3], [581, 0]]"
1158,"[[1071, 2], [1031, 4], [1031, 4], [1032, 2], [992, 4], [993, 2], [953, 4], [953, 4], [993, 2], [953, 4], [954, 2], [914, 2], [874, 0], [874, 0], [874, 0], [874, 0], [874, 0], [874, 0], [874, 0], [874, 0], [874, 0], [874, 0], [874, 0], [874, 0], [834, 1], [874, 0], [834, 1], [874, 0], [874, 0], [874, 0], [834, 1], [874, 0], [874, 0], [874, 0], [874, 0], [874, 0], [874, 0], [834, 1], [834, 1], [874, 0], [875, 3], [874, 0], [914, 2], [874, 0], [874, 0], [874, 0], [834, 1], [874, 0], [874, 0], [874, 0], [874, 0], [874, 0], [834, 1], [874, 0], [874, 0], [874, 0], [874, 0], [874, 0]]"
1159,"[[41, 4], [42, 1], [82, 4], [83, 1], [123, 1], [163, 4], [164, 1], [204, 4], [205, 4], [206, 1], [246, 4], [247, 0], [247, 0], [247, 0], [246, 4], [247, 0], [247, 0], [247, 0], [247, 0], [247, 0], [247, 0], [247, 0], [247, 0], [247, 0], [247, 0], [247, 0], [247, 0], [247, 0], [247, 0], [287, 2], [247, 0], [248, 3], [247, 0], [247, 0], [247, 0], [247, 0], [247, 0], [247, 0], [247, 0], [247, 0], [247, 0], [247, 0], [247, 0], [247, 0], [207, 1], [247, 0], [247, 0], [247, 0], [248, 3], [247, 0], [247, 0], [247, 0], [247, 0], [247, 0], [248, 3], [247, 0], [247, 0], [247, 0], [247, 0], [247, 0], [247, 0], [247, 0], [287, 0]]"
1160,"[[832, 3], [831, 3], [831, 3], [830, 3], [829, 2], [789, 3], [788, 3], [748, 3], [748, 3], [747, 3], [707, 3], [706, 3], [705, 2], [665, 3], [705, 2], [705, 2], [705, 0]]"
1161,"[[1105, 4], [1106, 1], [1146, 4], [1147, 4], [1148, 2], [1108, 4], [1109, 4], [1110, 2], [1070, 4], [1071, 2], [1031, 4], [1031, 4], [1032, 2], [1032, 2], [992, 4], [993, 2], [953, 4], [953, 4], [954, 2], [954, 2], [914, 2], [874, 0], [874, 0], [874, 0], [874, 0], [875, 3], [874, 0], [874, 0], [874, 0], [874, 0], [874, 0], [874, 0], [874, 0], [874, 0], [874, 0], [874, 0], [874, 0], [874, 0], [874, 0], [875, 3], [874, 0], [874, 0], [874, 0], [874, 0], [834, 1], [874, 0], [834, 0]]"
1162,"[[788, 3], [787, 2], [747, 3], [746, 2], [706, 3], [705, 2], [705, 2], [706, 3], [705, 2], [665, 3], [664, 2], [624, 3], [623, 3], [622, 2], [582, 3], [581, 2], [541, 3], [540, 3], [539, 0], [539, 0], [539, 0], [539, 0], [539, 0], [539, 0], [539, 0], [540, 3], [541, 3], [540, 3], [539, 0], [499, 1], [539, 0], [539, 0], [539, 0], [539, 0], [539, 0], [539, 0], [539, 0], [539, 0], [539, 0]]"
1163,"[[788, 3], [787, 2], [747, 3], [746, 2], [706, 3], [705, 2], [665, 3], [664, 2], [665, 3], [705, 2], [705, 2], [665, 3], [664, 2], [624, 3], [624, 3], [623, 3], [622, 2], [582, 3], [581, 2], [541, 3], [540, 3], [540, 3], [539, 0], [539, 0], [539, 0], [539, 0], [540, 0]]"
1164,"[[788, 3], [828, 2], [788, 3], [787, 2], [747, 3], [746, 2], [706, 3], [705, 2], [706, 3], [705, 2], [665, 3], [666, 3], [666, 3], [665, 3], [664, 2], [624, 3], [664, 2], [624, 3], [664, 2], [624, 3], [664, 2], [663, 2], [623, 3], [622, 0]]"
1165,"[[623, 3], [623, 3], [622, 2], [582, 3], [583, 3], [582, 3], [581, 2], [541, 3], [540, 3], [539, 0], [539, 0], [539, 0], [540, 3], [539, 0], [539, 0], [539, 0], [539, 0], [539, 0], [539, 0], [539, 0], [539, 0], [539, 0], [539, 0], [539, 0], [539, 0], [539, 0], [539, 0], [539, 0], [539, 0], [539, 0], [539, 0], [539, 0], [539, 0], [540, 3], [539, 0], [539, 0], [539, 0], [539, 0], [539, 0], [539, 0], [539, 0], [539, 0], [539, 0], [539, 0], [539, 0], [539, 0], [539, 0], [539, 0]]"
1166,"[[623, 3], [622, 2], [582, 3], [581, 2], [541, 3], [581, 2], [541, 3], [540, 3], [540, 3], [539, 0], [539, 0], [539, 0], [539, 0], [539, 0], [539, 0], [539, 0], [539, 0], [539, 0], [539, 0], [539, 0], [539, 0], [539, 0], [539, 0]]"
1167,"[[879, 3], [878, 3], [878, 3], [879, 3], [878, 3], [877, 3], [876, 3], [876, 3], [877, 3], [876, 3], [876, 3], [875, 3], [875, 3], [874, 0], [874, 0], [874, 0], [874, 0], [874, 0], [914, 2], [874, 0], [874, 0], [874, 0], [874, 0], [874, 0], [834, 1], [834, 1], [874, 0], [874, 0], [874, 0], [874, 0]]"
1168,"[[623, 3], [622, 2], [582, 3], [581, 2], [541, 3], [540, 3], [539, 0], [539, 0], [539, 0], [539, 0], [539, 0], [499, 1], [498, 4], [458, 1], [459, 0]]"
1169,"[[788, 3], [828, 2], [828, 2], [788, 3], [787, 2], [747, 3], [746, 2], [747, 3], [746, 2], [786, 2], [746, 2], [746, 2], [706, 3], [705, 2], [705, 2], [665, 3], [664, 2], [624, 3], [623, 3], [583, 3], [582, 3], [582, 3], [581, 2], [541, 0]]"
1170,"[[206, 1], [246, 4], [247, 0], [247, 0], [247, 0], [247, 0], [247, 0], [247, 0], [247, 0]]"
1171,"[[623, 3], [622, 2], [582, 3], [581, 2], [581, 2], [541, 3], [540, 3], [541, 3], [540, 3], [500, 3], [499, 0]]"
1172,"[[788, 3], [787, 2], [747, 3], [746, 2], [706, 3], [705, 2], [705, 2], [665, 3], [664, 0]]"
1173,"[[623, 3], [624, 3], [623, 3], [623, 3], [622, 2], [582, 3], [582, 0]]"
1174,"[[587, 3], [586, 3], [585, 1], [625, 3], [624, 3], [623, 3], [622, 2], [582, 3], [581, 2], [541, 3], [540, 3], [541, 3], [581, 2], [541, 3], [540, 3], [539, 0], [540, 3], [539, 0], [539, 0], [539, 0], [539, 0]]"
1175,"[[1071, 2], [1071, 2], [1031, 4], [1032, 2], [992, 4], [993, 2], [1033, 2], [993, 2], [953, 4], [954, 2], [914, 2], [874, 0], [874, 0], [874, 0], [875, 3], [874, 0], [834, 1], [874, 0], [874, 0], [874, 0], [874, 0], [874, 0], [874, 0], [914, 2], [914, 2], [914, 2], [874, 0], [874, 0]]"
1176,"[[832, 3], [831, 3], [830, 3], [829, 2], [789, 3], [829, 2], [828, 2], [788, 3], [788, 3], [787, 2], [747, 3], [746, 2], [706, 3], [705, 2], [705, 2], [705, 2], [665, 3], [664, 2], [624, 3], [623, 3], [622, 0]]"
1177,"[[985, 2], [945, 4], [946, 4], [947, 2], [907, 4], [908, 2], [908, 2], [868, 2], [828, 2], [788, 3], [788, 3], [787, 2], [747, 3], [746, 2], [706, 3], [705, 2], [665, 3], [664, 2], [624, 3], [623, 3], [622, 2], [623, 3], [622, 2], [582, 3], [581, 2], [581, 0]]"
1178,"[[788, 3], [787, 2], [747, 3], [746, 2], [706, 3], [705, 2], [665, 3], [664, 2], [624, 3], [623, 3], [622, 2], [582, 3], [581, 2], [541, 3], [541, 3], [540, 0]]"
1179,"[[788, 3], [787, 2], [747, 3], [746, 2], [706, 3], [705, 2], [665, 3], [664, 2], [624, 3], [623, 3], [624, 3], [624, 3], [623, 3], [622, 2], [582, 3], [581, 2], [581, 2], [541, 3], [540, 3], [541, 3], [540, 3], [541, 3], [541, 3], [540, 3], [539, 0], [539, 0], [539, 0], [539, 0], [539, 0], [539, 0], [539, 0], [539, 0], [539, 0]]"
1180,"[[623, 3], [622, 2], [582, 3], [583, 3], [584, 1], [624, 3], [623, 3], [622, 2], [582, 3], [581, 2], [541, 3], [540, 3], [539, 0], [539, 0], [539, 0], [539, 0], [539, 0], [539, 0], [539, 0], [539, 0], [499, 1], [498, 4], [499, 1], [539, 0], [539, 0], [539, 0], [539, 0], [539, 0], [539, 0], [539, 0], [539, 0]]"
1181,"[[877, 3], [837, 1], [877, 3], [876, 3], [875, 3], [874, 0], [874, 0], [874, 0], [874, 0], [874, 0], [874, 0], [874, 0], [874, 0], [874, 0], [874, 0], [874, 0], [874, 0], [874, 0], [874, 0], [874, 0], [874, 0], [874, 0], [874, 0], [874, 0]]"
1182,"[[278, 1], [318, 3], [317, 1], [357, 1], [397, 1], [437, 1], [437, 1], [437, 1], [477, 1], [517, 1], [557, 1], [597, 1], [557, 1], [597, 1], [637, 1], [677, 1], [677, 1], [637, 0]]"
1183,"[[499, 1], [539, 0], [539, 0], [539, 0], [499, 1], [539, 0], [539, 0], [499, 1], [500, 3], [500, 3], [499, 1], [539, 0], [539, 0]]"
1184,"[[985, 2], [945, 4], [946, 4], [947, 2], [907, 4], [947, 2], [907, 4], [908, 2], [868, 2], [828, 2], [788, 3], [787, 2], [747, 3], [746, 2], [786, 2], [746, 2], [706, 3], [705, 0]]"
1185,"[[499, 1], [498, 4], [499, 1], [539, 0], [539, 0], [539, 0], [539, 0], [499, 1], [539, 0]]"
1186,"[[832, 3], [831, 3], [830, 3], [829, 2], [789, 3], [788, 3], [787, 0]]"
1187,"[[832, 3], [831, 3], [830, 3], [829, 2], [789, 3], [788, 3], [787, 2], [747, 3], [746, 2], [706, 3], [705, 2], [705, 2], [705, 2], [665, 3], [664, 2], [665, 3], [664, 2], [624, 3], [623, 3], [622, 0]]"
1188,"[[788, 3], [787, 2], [747, 3], [746, 2], [706, 3], [746, 2], [706, 3], [705, 2], [665, 3], [664, 2], [664, 2], [663, 2], [623, 3], [622, 2], [582, 3], [581, 2], [541, 3], [540, 3], [539, 0], [539, 0], [539, 0], [539, 0], [539, 0], [539, 0], [539, 0]]"
1189,"[[788, 3], [828, 2], [788, 3], [787, 0]]"
1190,"[[743, 2], [703, 2], [663, 2], [623, 3], [622, 2], [582, 3], [581, 2], [541, 3], [540, 3], [539, 0], [539, 0], [539, 0], [539, 0], [539, 0], [539, 0], [539, 0]]"
1191,"[[743, 2], [703, 2], [663, 2], [623, 3], [622, 0]]"
1192,"[[985, 2], [945, 4], [946, 4], [947, 2], [947, 2], [907, 4], [908, 2], [868, 2], [828, 2], [868, 2], [868, 2], [828, 2], [788, 3], [787, 2], [747, 3], [748, 3], [747, 3], [748, 3], [747, 3], [746, 2], [706, 0]]"
1193,"[[985, 2], [945, 4], [946, 4], [947, 2], [907, 4], [908, 2], [868, 2], [828, 2], [788, 3], [787, 2], [788, 3], [789, 3], [788, 3], [787, 2], [747, 3], [746, 2], [706, 3], [705, 2], [665, 3], [664, 2], [624, 3], [664, 2], [624, 3], [624, 3], [623, 3], [622, 2], [582, 3], [581, 2], [581, 2], [541, 3], [540, 3], [539, 0], [539, 0], [539, 0], [539, 0], [539, 0], [539, 0], [539, 0], [539, 0]]"
1194,"[[587, 3], [586, 3], [585, 1], [545, 1], [585, 1], [625, 3], [624, 3], [623, 3], [622, 2], [622, 2], [622, 2], [582, 3], [581, 2], [541, 0]]"
1195,"[[832, 3], [831, 3], [830, 3], [829, 2], [789, 3], [788, 3], [787, 2], [747, 3], [746, 2], [706, 3], [705, 2], [665, 3], [664, 2], [624, 3], [623, 3], [622, 2], [582, 3], [581, 2], [541, 0]]"
1196,"[[832, 3], [831, 3], [830, 0]]"
1197,"[[985, 2], [945, 0]]"
1198,"[[623, 3], [622, 2], [582, 3], [581, 2], [541, 3], [540, 3], [500, 3], [499, 1], [539, 0], [539, 0], [539, 0]]"
1199,"[[420, 1], [460, 1], [500, 3], [499, 1], [539, 0], [539, 0], [539, 0], [539, 0], [499, 1], [500, 3], [499, 1], [539, 0], [539, 0], [539, 0], [539, 0], [539, 0], [539, 0], [539, 0], [539, 0], [539, 0], [539, 0], [539, 0], [539, 0], [539, 0], [539, 0], [539, 0], [539, 0], [539, 0], [539, 0], [539, 0], [539, 0], [539, 0], [539, 0], [499, 1], [539, 0]]"
1200,"[[420, 1], [460, 1], [500, 3], [499, 1], [539, 0], [539, 0], [539, 0], [539, 0], [539, 0], [539, 0], [539, 0], [539, 0], [540, 3], [539, 0], [539, 0], [539, 0], [539, 0], [539, 0], [539, 0], [539, 0], [539, 0], [499, 1], [539, 0], [539, 0], [539, 0], [539, 0], [499, 0]]"
1201,"[[587, 3], [586, 0]]"
1202,"[[788, 3], [788, 3], [787, 2], [747, 3], [747, 3], [746, 2], [706, 3], [705, 2], [705, 2], [665, 3], [664, 2], [665, 3], [664, 2], [624, 3], [623, 3], [622, 2], [623, 3], [624, 3], [584, 1], [624, 3], [623, 0]]"
1203,"[[499, 1], [539, 0], [539, 0], [539, 0], [539, 0], [539, 0], [539, 0], [539, 0], [539, 0], [540, 3], [539, 0], [539, 0], [539, 0], [539, 0], [539, 0], [539, 0], [539, 0], [539, 0], [539, 0], [539, 0], [539, 0]]"
1204,"[[587, 3], [586, 3], [585, 1], [625, 3], [624, 3], [623, 3], [622, 2], [582, 3], [581, 2], [541, 3], [540, 3], [539, 0], [499, 1], [539, 0], [539, 0], [539, 0], [539, 0], [539, 0], [539, 0], [539, 0], [539, 0], [539, 0], [539, 0], [539, 0], [540, 3], [539, 0], [539, 0], [539, 0], [539, 0], [539, 0], [539, 0], [539, 0], [539, 0], [539, 0], [539, 0], [539, 0]]"
1205,"[[743, 2], [703, 2], [663, 2], [623, 3], [583, 3], [582, 3], [581, 2], [541, 3], [540, 3], [540, 3], [539, 0], [539, 0], [539, 0], [539, 0], [539, 0], [539, 0], [499, 1], [498, 0]]"
1206,"[[420, 1], [460, 1], [500, 3], [499, 1], [539, 0], [539, 0], [539, 0], [539, 0], [539, 0], [539, 0], [539, 0], [539, 0], [539, 0], [539, 0], [539, 0], [539, 0], [539, 0], [539, 0], [539, 0], [539, 0]]"
1207,"[[788, 3], [787, 2], [747, 3], [787, 2], [747, 3], [746, 2], [706, 3], [666, 3], [666, 3], [665, 3], [664, 2], [624, 3], [623, 3], [622, 2], [622, 2], [582, 3], [581, 2], [541, 3], [540, 3], [540, 3], [539, 0], [539, 0], [539, 0], [539, 0], [539, 0], [539, 0], [540, 3], [539, 0], [540, 3], [540, 3], [539, 0], [539, 0], [540, 0]]"
1208,"[[788, 3], [787, 2], [747, 3], [746, 2], [747, 3], [746, 2], [746, 2], [706, 3], [705, 2], [705, 2], [665, 3], [705, 2], [665, 3], [664, 2], [624, 3], [623, 3], [622, 2], [582, 3], [583, 3], [582, 3], [581, 2], [581, 2], [581, 2], [581, 2], [541, 3], [581, 2], [541, 3], [540, 3], [539, 0]]"
1209,"[[420, 1], [460, 1], [500, 3], [460, 1], [420, 1], [460, 1], [500, 3], [499, 1], [539, 0], [539, 0], [539, 0], [539, 0]]"
1210,"[[587, 3], [586, 3], [586, 3], [585, 1], [625, 3], [624, 3], [623, 3], [622, 2], [582, 0]]"
1211,"[[420, 1], [460, 1], [500, 3], [501, 3], [500, 3], [499, 0]]"
1212,"[[1071, 2], [1031, 4], [1032, 2], [992, 0]]"
1213,"[[788, 3], [787, 2], [747, 3], [746, 2], [706, 3], [705, 2], [665, 3], [664, 2], [624, 3], [623, 3], [622, 2], [582, 3], [581, 2], [541, 3], [540, 3], [539, 0], [539, 0], [539, 0], [539, 0], [539, 0], [539, 0], [539, 0]]"
1214,"[[743, 2], [703, 2], [663, 2], [623, 3], [622, 2], [582, 3], [581, 2], [541, 3], [581, 2], [541, 3], [540, 3], [539, 0], [539, 0], [539, 0], [539, 0], [539, 0], [539, 0], [539, 0], [539, 0], [539, 0], [539, 0], [540, 3], [539, 0], [499, 1], [539, 0], [539, 0], [539, 0], [539, 0], [539, 0], [539, 0], [539, 0], [539, 0], [539, 0], [539, 0], [539, 0], [539, 0], [539, 0], [539, 0], [540, 3], [539, 0], [539, 0], [540, 3], [539, 0], [539, 0], [499, 1], [459, 1], [499, 1], [539, 0], [539, 0], [539, 0], [539, 0], [539, 0], [539, 0], [539, 0], [539, 0], [539, 0], [540, 3], [541, 3], [540, 3], [539, 0], [539, 0], [539, 0], [539, 0], [539, 0], [539, 0], [539, 0], [539, 0], [539, 0], [539, 0]]"
1215,"[[420, 1], [420, 1], [460, 1], [500, 3], [499, 1], [539, 0], [539, 0], [539, 0], [539, 0], [539, 0], [539, 0], [499, 1], [539, 0], [539, 0], [539, 0], [539, 0], [499, 1], [539, 0], [539, 0], [539, 0], [539, 0], [540, 0]]"
1216,"[[420, 1], [460, 1], [500, 3], [499, 1], [539, 0]]"
1217,"[[587, 3], [586, 3], [585, 1], [625, 3], [624, 0]]"
1218,"[[623, 3], [622, 2], [582, 3], [581, 2], [541, 3], [540, 3], [539, 0], [499, 1], [539, 0], [539, 0], [539, 0], [539, 0], [539, 0], [539, 0], [539, 0], [539, 0], [539, 0], [539, 0], [539, 0], [539, 0]]"
1219,"[[420, 1], [380, 1], [379, 4], [380, 1], [420, 1], [460, 1], [500, 3], [499, 1], [499, 1], [539, 0], [539, 0], [539, 0], [539, 0], [539, 0], [539, 0], [539, 0], [539, 0], [499, 1], [539, 0], [539, 0], [539, 0], [539, 0], [539, 0], [539, 0], [539, 0], [539, 0], [539, 0], [539, 0], [539, 0], [539, 0], [539, 0], [539, 0], [539, 0], [539, 0], [539, 0], [539, 0], [539, 0], [539, 0], [539, 0], [539, 0], [539, 0], [539, 0], [539, 0], [539, 0], [539, 0], [539, 0], [539, 0], [539, 0], [539, 0]]"
1220,"[[985, 2], [945, 4], [946, 4], [947, 2], [947, 2], [907, 4], [908, 2], [868, 2], [828, 2], [788, 3], [787, 2], [747, 3], [746, 2], [706, 3], [706, 3], [705, 2], [665, 0]]"
1221,"[[877, 3], [877, 3], [876, 3], [875, 3], [874, 0], [874, 0], [874, 0], [874, 0], [874, 0], [874, 0], [874, 0], [914, 2], [874, 0], [874, 0], [874, 0], [874, 0], [874, 0], [914, 2], [874, 0], [874, 0], [874, 0], [874, 0], [874, 0], [874, 0]]"
1222,"[[985, 2], [945, 4], [946, 4], [947, 2], [907, 4], [908, 2], [868, 2], [828, 2], [788, 3], [787, 2], [747, 3], [746, 2], [706, 3], [705, 2], [665, 3], [664, 0]]"
1223,"[[420, 1], [460, 1], [460, 1], [500, 0]]"
1224,"[[587, 3], [588, 3], [587, 3], [586, 3], [587, 0]]"
1225,"[[877, 3], [876, 3], [875, 3], [874, 0], [834, 1], [874, 0], [874, 0], [874, 0], [874, 0], [874, 0], [874, 0], [874, 0], [875, 3], [875, 3], [874, 0], [874, 0], [874, 0], [874, 0], [874, 0], [874, 0], [874, 0], [914, 2], [874, 0], [874, 0], [874, 0], [874, 0], [874, 0], [834, 1], [874, 0], [834, 1], [874, 0], [874, 0], [834, 1], [874, 0], [874, 0], [874, 0], [874, 0], [874, 0]]"
1226,"[[41, 4], [41, 4], [41, 4], [42, 1], [82, 4], [83, 1], [82, 4], [83, 1], [123, 1], [163, 4], [164, 1], [204, 4], [205, 4], [206, 1], [246, 4], [247, 0], [247, 0], [247, 0], [247, 0], [248, 3], [247, 0], [247, 0], [287, 2], [288, 2], [248, 3], [247, 0], [246, 4], [247, 0], [247, 0], [247, 0], [246, 4], [247, 0]]"
1227,"[[420, 1], [460, 0]]"
1228,"[[623, 3], [663, 2], [623, 3], [622, 2], [582, 3], [581, 2], [541, 3], [540, 3], [539, 0], [539, 0], [539, 0], [499, 1], [539, 0], [539, 0], [539, 0], [539, 0]]"
1229,"[[788, 3], [787, 2], [787, 2], [747, 3], [746, 2], [706, 3], [705, 2], [665, 3], [664, 2], [624, 3], [623, 3], [622, 2], [582, 3], [581, 2], [581, 2], [541, 3], [540, 3], [539, 0], [539, 0], [539, 0], [539, 0], [539, 0], [539, 0], [540, 3], [539, 0], [539, 0], [539, 0]]"
1230,"[[832, 3], [832, 3], [833, 4], [833, 4], [834, 1], [874, 0], [834, 1], [834, 1], [874, 0]]"
1231,"[[420, 1], [460, 1], [500, 3], [499, 1], [539, 0], [539, 0], [539, 0], [539, 0], [539, 0], [539, 0], [539, 0], [539, 0], [539, 0], [539, 0], [539, 0], [539, 0], [539, 0], [539, 0], [539, 0], [539, 0], [539, 0], [539, 0], [539, 0], [539, 0], [539, 0], [539, 0], [539, 0], [539, 0], [539, 0], [539, 0], [539, 0], [539, 0], [539, 0]]"
1232,"[[623, 3], [622, 2], [582, 3], [581, 2], [582, 3], [581, 2], [581, 2], [581, 2], [541, 3], [540, 3], [539, 0], [539, 0], [539, 0], [539, 0], [499, 0]]"
1233,"[[877, 3], [876, 3], [875, 3], [874, 0], [874, 0], [874, 0], [874, 0], [874, 0], [874, 0], [874, 0], [874, 0], [834, 1], [874, 0], [874, 0], [874, 0], [874, 0], [874, 0], [874, 0], [874, 0], [875, 3], [874, 0], [874, 0], [874, 0], [875, 3], [875, 3], [874, 0], [874, 0], [834, 1], [874, 0], [874, 0], [875, 3], [874, 0], [874, 0], [834, 1], [874, 0], [874, 0], [874, 0], [874, 0], [874, 0], [874, 0], [875, 0]]"
1234,"[[832, 3], [831, 3], [830, 3], [830, 3], [829, 0]]"
1235,"[[420, 1], [460, 1], [500, 3], [499, 1], [498, 4], [498, 4], [499, 1], [539, 0], [539, 0], [540, 3], [540, 3], [539, 0], [499, 1], [539, 0], [539, 0], [539, 0], [539, 0]]"
1236,"[[499, 1], [539, 0], [540, 3], [539, 0], [539, 0], [499, 1], [539, 0], [539, 0], [499, 1], [539, 0], [539, 0], [539, 0], [539, 0], [539, 0], [539, 0], [539, 0], [539, 0], [539, 0], [539, 0], [539, 0], [539, 0], [539, 0], [539, 0], [539, 0], [539, 0], [539, 0], [539, 0], [539, 0], [539, 0], [539, 0], [539, 0], [539, 0], [539, 0], [539, 0], [539, 0], [539, 0], [539, 0], [539, 0], [540, 3], [539, 0], [539, 0], [539, 0], [539, 0], [539, 0], [540, 3], [539, 0], [539, 0], [539, 0], [539, 0], [539, 0], [540, 3], [500, 3], [499, 1], [539, 0], [539, 0], [540, 0]]"
1237,"[[877, 3], [876, 3], [875, 3], [874, 0], [874, 0], [914, 2], [914, 2], [874, 0], [874, 0], [874, 0], [874, 0], [874, 0], [874, 0], [874, 0], [874, 0], [914, 2], [874, 0]]"
1238,"[[623, 3], [583, 3], [582, 3], [581, 2], [541, 3], [542, 3], [541, 3], [542, 0]]"
1239,"[[788, 3], [787, 2], [747, 3], [747, 3], [746, 2], [706, 3], [705, 2], [665, 3], [664, 2], [624, 3], [624, 3], [623, 0]]"
1240,"[[420, 1], [460, 1], [500, 3], [501, 3], [500, 3], [499, 1], [500, 3], [499, 1], [498, 4], [499, 1], [539, 0], [539, 0], [539, 0], [540, 3], [539, 0], [539, 0]]"
1241,"[[623, 3], [622, 2], [582, 3], [581, 2], [541, 3], [540, 3], [539, 0], [539, 0], [539, 0], [539, 0], [539, 0], [539, 0], [539, 0], [539, 0], [539, 0], [539, 0], [539, 0], [539, 0], [539, 0], [539, 0], [539, 0], [539, 0], [539, 0], [539, 0], [539, 0], [539, 0], [499, 1], [539, 0], [539, 0], [539, 0], [539, 0], [539, 0], [539, 0], [539, 0], [539, 0], [539, 0], [539, 0], [499, 1], [539, 0], [539, 0], [539, 0], [539, 0], [539, 0], [539, 0], [540, 3], [539, 0], [539, 0], [539, 0], [539, 0], [499, 1], [539, 0], [539, 0], [539, 0], [539, 0], [539, 0], [539, 0], [539, 0], [539, 0], [539, 0], [539, 0], [539, 0], [539, 0], [539, 0], [539, 0]]"
1242,"[[832, 3], [832, 3], [831, 3], [832, 3], [831, 3], [830, 3], [829, 2], [830, 3], [829, 2], [789, 3], [788, 3], [748, 3], [747, 3], [746, 2], [706, 3], [746, 2], [706, 3], [705, 2], [665, 3], [665, 3], [665, 3], [664, 2], [624, 3], [623, 3], [622, 2], [622, 2], [582, 3], [581, 2], [541, 3], [581, 2], [582, 3], [581, 2], [541, 3], [540, 3], [539, 0]]"
1243,"[[832, 3], [831, 3], [830, 3], [829, 2], [789, 3], [790, 3], [790, 3], [789, 3], [829, 2], [869, 2], [829, 2], [789, 3], [788, 3], [788, 3], [787, 2], [747, 3], [746, 2], [706, 3], [746, 2], [706, 3], [705, 2], [665, 3], [664, 0]]"
1244,"[[832, 3], [832, 3], [831, 3], [830, 3], [829, 2], [789, 3], [788, 3], [789, 3], [788, 3], [787, 2], [747, 3], [746, 2], [786, 2], [746, 2], [786, 2], [746, 2], [706, 3], [666, 3], [665, 3], [664, 2], [624, 3], [623, 0]]"
1245,"[[206, 1], [246, 4], [247, 0], [207, 1], [206, 1], [246, 4], [246, 4], [247, 0], [247, 0]]"
1246,"[[877, 3], [876, 3], [875, 3], [874, 0], [874, 0], [874, 0], [874, 0], [874, 0], [874, 0], [874, 0], [874, 0], [874, 0], [875, 3], [874, 0], [874, 0], [874, 0]]"
1247,"[[788, 3], [828, 2], [829, 2], [789, 3], [788, 3], [787, 2], [747, 3], [746, 2], [706, 3], [705, 2], [705, 2], [665, 3], [664, 2], [663, 2], [623, 3], [622, 2], [582, 3], [581, 2], [541, 3], [501, 0]]"
1248,"[[420, 1], [420, 1], [460, 1], [500, 3], [499, 1], [539, 0], [539, 0], [539, 0], [539, 0], [539, 0], [539, 0], [539, 0], [539, 0], [539, 0], [539, 0], [539, 0], [539, 0], [539, 0], [539, 0], [539, 0], [539, 0], [539, 0], [539, 0], [539, 0], [539, 0], [539, 0], [539, 0], [539, 0], [539, 0], [539, 0], [539, 0], [539, 0], [539, 0], [539, 0], [539, 0], [499, 1], [539, 0], [539, 0], [539, 0], [539, 0]]"
1249,"[[587, 3], [586, 3], [585, 1], [625, 3], [624, 3], [623, 3], [622, 2], [582, 3], [581, 2], [541, 3], [540, 3], [539, 0], [539, 0], [539, 0], [539, 0], [539, 0], [539, 0], [539, 0], [539, 0], [539, 0], [539, 0], [539, 0]]"
1250,"[[420, 1], [460, 1], [500, 3], [499, 1], [539, 0], [540, 3], [541, 3], [540, 3], [539, 0], [539, 0], [539, 0], [539, 0], [539, 0], [539, 0], [539, 0], [539, 0], [539, 0], [539, 0], [539, 0], [539, 0], [539, 0], [539, 0], [539, 0], [539, 0], [540, 3], [539, 0]]"
1251,"[[587, 3], [586, 3], [587, 3], [586, 3], [586, 3], [585, 1], [625, 3], [624, 3], [623, 3], [622, 2], [582, 3], [581, 2], [541, 3], [540, 3], [500, 3], [500, 3], [500, 3], [499, 1], [539, 0], [539, 0], [540, 3], [539, 0], [539, 0], [539, 0], [539, 0], [539, 0]]"
1252,"[[623, 3], [622, 2], [582, 3], [581, 2], [582, 3], [581, 2], [582, 3], [542, 3], [541, 3], [540, 3], [539, 0], [539, 0], [539, 0], [539, 0], [539, 0], [539, 0], [539, 0], [539, 0], [539, 0], [539, 0], [539, 0], [539, 0], [540, 3], [541, 3], [540, 3], [539, 0], [539, 0], [539, 0], [539, 0], [540, 3], [539, 0], [539, 0], [539, 0], [539, 0], [539, 0], [539, 0], [539, 0], [539, 0], [539, 0], [539, 0], [539, 0], [539, 0], [539, 0], [539, 0]]"
1253,"[[788, 3], [788, 3], [787, 2], [786, 2], [746, 2], [706, 3], [705, 2], [706, 3], [705, 2], [665, 3], [664, 2], [624, 3], [623, 3], [663, 2], [623, 3], [622, 2], [622, 2], [582, 3], [581, 2], [541, 3], [581, 2], [541, 3], [540, 3], [539, 0], [539, 0], [539, 0]]"
1254,"[[832, 3], [831, 3], [830, 3], [829, 2], [789, 3], [788, 3], [787, 2], [747, 3], [746, 2], [706, 3], [705, 2], [665, 0]]"
1255,"[[985, 2], [945, 4], [946, 4], [947, 2], [907, 4], [907, 4], [908, 2], [907, 4], [908, 2], [868, 2], [828, 2], [788, 3], [787, 2], [786, 2], [746, 2], [706, 3], [705, 2], [665, 3], [664, 2], [624, 3], [624, 3], [623, 3], [622, 2], [622, 2], [582, 3], [542, 3], [541, 3], [540, 0]]"
1256,"[[877, 3], [876, 3], [875, 3], [874, 0], [874, 0], [874, 0], [874, 0], [874, 0], [874, 0], [874, 0], [874, 0], [834, 1], [874, 0], [874, 0]]"
1257,"[[832, 3], [831, 3], [830, 3], [829, 2], [789, 3], [788, 3], [787, 2], [747, 3], [746, 2], [706, 3], [705, 2], [705, 2], [705, 2], [665, 3], [664, 2], [665, 3], [665, 3], [664, 2], [624, 3], [623, 3], [583, 3], [582, 3], [581, 2], [541, 3], [540, 3], [539, 0], [539, 0], [539, 0], [539, 0], [539, 0], [539, 0], [539, 0], [539, 0], [539, 0], [539, 0], [539, 0], [539, 0], [539, 0], [539, 0], [539, 0], [539, 0], [539, 0], [539, 0], [539, 0], [540, 3], [539, 0], [539, 0], [539, 0], [539, 0], [539, 0], [539, 0], [539, 0], [499, 1], [539, 0], [499, 1], [539, 0], [540, 3], [539, 0], [539, 0], [539, 0], [539, 0], [539, 0], [539, 0], [539, 0], [539, 0], [499, 1], [539, 0], [540, 3], [539, 0]]"
1258,"[[788, 3], [788, 3], [789, 3], [788, 3], [787, 2], [787, 2], [788, 0]]"
1259,"[[499, 1], [539, 0], [539, 0], [539, 0], [539, 0], [539, 0], [539, 0], [539, 0], [539, 0]]"
1260,"[[743, 2], [703, 2], [663, 2], [623, 3], [622, 2], [582, 3], [581, 2], [582, 3], [581, 2], [581, 2], [541, 3], [540, 3], [541, 3], [581, 2], [541, 3], [541, 3], [540, 3], [539, 0], [499, 1], [500, 3], [499, 1], [539, 0], [539, 0], [539, 0], [539, 0], [539, 0], [539, 0], [539, 0], [539, 0], [539, 0]]"
1261,"[[877, 3], [876, 3], [876, 3], [875, 3], [874, 0], [874, 0], [874, 0], [874, 0], [874, 0], [874, 0], [874, 0], [874, 0], [874, 0], [834, 1], [874, 0], [874, 0], [874, 0], [875, 0]]"
1262,"[[788, 3], [787, 2], [787, 2], [787, 2], [747, 3], [746, 2], [706, 3], [705, 2], [706, 3], [705, 2], [665, 3], [664, 2], [664, 2], [624, 0]]"
1263,"[[1071, 2], [1071, 2], [1031, 4], [1032, 2], [1032, 2], [1033, 2], [993, 2], [953, 4], [954, 2], [954, 2], [953, 4], [993, 2], [953, 4], [954, 2], [914, 2], [914, 2], [874, 0], [874, 0], [874, 0], [874, 0], [874, 0], [874, 0], [874, 0], [874, 0], [874, 0], [874, 0], [874, 0]]"
1264,"[[499, 1], [539, 0], [539, 0], [499, 1], [539, 0], [539, 0], [539, 0], [539, 0], [539, 0], [539, 0], [539, 0], [539, 0], [539, 0], [539, 0], [539, 0], [539, 0], [499, 1], [539, 0], [539, 0], [539, 0], [539, 0], [539, 0], [539, 0], [539, 0], [540, 3], [539, 0], [539, 0], [539, 0], [539, 0], [539, 0], [539, 0], [539, 0], [539, 0]]"
1265,"[[985, 2], [984, 4], [985, 2], [945, 4], [945, 4], [946, 4], [947, 2], [907, 4], [908, 2], [868, 2], [828, 2], [788, 3], [787, 2], [747, 3], [746, 0]]"
1266,"[[985, 2], [985, 2], [945, 4], [946, 4], [945, 4], [946, 4], [947, 2], [907, 4], [907, 4], [907, 4], [908, 2], [868, 2], [828, 2], [788, 3], [789, 3], [788, 3], [787, 2], [747, 3], [746, 2], [746, 2], [706, 3], [705, 2], [705, 2], [665, 3], [664, 2], [665, 3], [664, 2], [624, 3], [623, 3], [623, 3], [623, 3], [622, 2], [582, 3], [581, 2], [541, 3], [540, 3], [539, 0], [539, 0]]"
1267,"[[499, 1], [539, 0], [539, 0], [539, 0], [539, 0], [539, 0], [539, 0], [539, 0], [539, 0], [539, 0]]"
1268,"[[420, 1], [460, 1], [500, 3], [499, 1], [539, 0], [539, 0], [539, 0], [539, 0], [539, 0], [539, 0], [539, 0], [539, 0], [539, 0], [539, 0], [539, 0], [540, 3], [539, 0], [539, 0], [539, 0], [539, 0], [539, 0], [539, 0], [539, 0], [539, 0], [539, 0], [539, 0]]"
1269,"[[985, 2], [984, 4], [985, 0]]"
1270,"[[832, 3], [831, 3], [830, 3], [829, 2], [789, 3], [788, 3], [787, 2], [747, 3], [746, 2], [706, 3], [705, 2], [665, 3], [664, 2], [624, 3], [623, 3], [622, 2], [582, 3], [542, 3], [582, 3], [582, 3], [581, 2], [541, 3], [540, 3], [539, 0], [539, 0], [539, 0], [539, 0], [539, 0], [539, 0]]"
1271,"[[1071, 2], [1031, 4], [1032, 2], [992, 4], [993, 2], [953, 4], [953, 4], [953, 4], [954, 2], [914, 2], [874, 0], [874, 0], [874, 0], [874, 0], [874, 0], [874, 0], [874, 0], [874, 0], [874, 0], [874, 0], [874, 0], [874, 0], [834, 1], [874, 0], [874, 0], [874, 0], [874, 0], [874, 0], [874, 0], [874, 0], [874, 0], [875, 3], [874, 0], [874, 0], [874, 0], [874, 0], [874, 0], [874, 0], [874, 0], [874, 0], [874, 0], [874, 0], [875, 3], [874, 0], [874, 0], [834, 1], [874, 0], [874, 0], [874, 0]]"
1272,"[[587, 3], [586, 3], [585, 1], [625, 3], [665, 3], [664, 2], [624, 3], [623, 3], [622, 2], [582, 3], [581, 0]]"
1273,"[[879, 3], [878, 3], [877, 3], [876, 3], [875, 3], [874, 0], [874, 0], [874, 0], [874, 0], [874, 0], [874, 0], [874, 0], [874, 0], [874, 0]]"
1274,"[[877, 3], [876, 3], [875, 3], [874, 0], [874, 0], [874, 0], [874, 0], [874, 0], [834, 1], [874, 0], [914, 2], [914, 2], [874, 0], [914, 2], [914, 2], [874, 0], [874, 0], [874, 0], [874, 0], [874, 0], [874, 0], [874, 0], [874, 0], [874, 0], [874, 0], [874, 0], [874, 0], [874, 0], [874, 0], [874, 0], [874, 0], [874, 0], [874, 0], [875, 3], [874, 0], [874, 0], [834, 1], [874, 0], [874, 0], [874, 0], [874, 0], [874, 0], [874, 0], [874, 0], [874, 0], [874, 0], [874, 0], [874, 0]]"
1275,"[[420, 1], [460, 1], [461, 1], [501, 3], [500, 3], [499, 1], [539, 0], [539, 0], [539, 0], [539, 0], [539, 0], [539, 0], [539, 0], [539, 0], [539, 0], [539, 0], [539, 0], [539, 0], [539, 0], [540, 3], [539, 0], [539, 0], [539, 0], [539, 0], [539, 0], [539, 0]]"
1276,"[[623, 3], [622, 2], [582, 3], [542, 3], [541, 3], [541, 3], [540, 3], [539, 0], [539, 0], [539, 0], [539, 0], [539, 0], [539, 0], [539, 0], [540, 3], [539, 0], [539, 0], [539, 0], [539, 0], [539, 0], [539, 0], [540, 3], [539, 0], [539, 0], [539, 0], [539, 0], [539, 0], [539, 0], [539, 0], [539, 0], [539, 0], [539, 0], [539, 0], [539, 0], [539, 0], [539, 0], [499, 1], [500, 3], [499, 1], [539, 0], [539, 0], [539, 0], [540, 3], [539, 0], [539, 0], [539, 0], [539, 0], [539, 0], [539, 0], [539, 0], [539, 0], [539, 0], [539, 0], [539, 0]]"
1277,"[[587, 3], [586, 3], [585, 1], [625, 3], [624, 3], [625, 3], [625, 3], [624, 3], [623, 3], [622, 2], [582, 3], [622, 2], [622, 2], [582, 3], [581, 2], [541, 3], [540, 3], [539, 0], [539, 0], [539, 0], [539, 0], [539, 0], [539, 0], [540, 0]]"
1278,"[[985, 2], [945, 4], [946, 4], [947, 2], [907, 4], [907, 4], [907, 4], [908, 2], [868, 2], [828, 2], [788, 3], [787, 2], [747, 3], [746, 2], [706, 3], [705, 2], [665, 3], [664, 2], [624, 3], [584, 1], [624, 3], [623, 3], [622, 2], [582, 3], [581, 2], [541, 0]]"
1279,"[[832, 3], [831, 3], [830, 3], [830, 3], [829, 2], [789, 3], [829, 2], [789, 3], [788, 3], [787, 2], [787, 2], [747, 3], [746, 2], [746, 2], [706, 3], [705, 2], [665, 3], [664, 2], [624, 3], [623, 3], [622, 2], [582, 3], [581, 2], [541, 3], [540, 3], [500, 3], [499, 1], [539, 0], [539, 0], [539, 0], [499, 1], [539, 0], [539, 0], [539, 0], [539, 0], [540, 3], [539, 0], [539, 0], [539, 0], [540, 3], [540, 3], [539, 0], [539, 0]]"
1280,"[[788, 3], [787, 2], [747, 3], [746, 2], [706, 3], [705, 2], [665, 3], [664, 2], [624, 3], [623, 3], [622, 2], [582, 3], [581, 2], [541, 3], [540, 3], [539, 0], [499, 1], [539, 0], [540, 0]]"
1281,"[[985, 2], [945, 4], [946, 4], [947, 2], [907, 4], [908, 2], [868, 2], [828, 2], [788, 3], [787, 2], [747, 3], [707, 3], [707, 3], [706, 3], [705, 2], [665, 3], [665, 3], [664, 2], [624, 3], [624, 3], [625, 3], [624, 3], [623, 3], [622, 2], [582, 3], [581, 2], [541, 3], [540, 3], [539, 0], [539, 0], [539, 0], [539, 0], [539, 0], [539, 0], [539, 0], [539, 0], [539, 0], [499, 1], [539, 0], [539, 0], [539, 0], [539, 0], [539, 0]]"
1282,"[[420, 1], [420, 1], [460, 1], [500, 3], [499, 1], [539, 0], [539, 0], [539, 0], [539, 0], [539, 0], [539, 0], [539, 0], [539, 0], [539, 0], [539, 0], [539, 0], [539, 0], [539, 0], [539, 0], [539, 0], [539, 0], [539, 0]]"
1283,"[[420, 1], [460, 1], [500, 3], [500, 3], [499, 1], [539, 0], [539, 0], [539, 0], [499, 1], [539, 0], [539, 0], [539, 0], [539, 0], [539, 0], [539, 0], [539, 0], [539, 0], [540, 3], [539, 0], [539, 0], [539, 0]]"
1284,"[[1071, 2], [1031, 4], [1031, 4], [1032, 2], [992, 4], [993, 2], [953, 4], [954, 2], [914, 2], [874, 0], [874, 0], [874, 0]]"
1285,"[[788, 3], [787, 2], [747, 3], [746, 2], [706, 3], [746, 2], [706, 3], [705, 2], [665, 3], [665, 3], [705, 2], [665, 3], [666, 3], [665, 3], [664, 2], [624, 3], [623, 3], [622, 2], [582, 3], [581, 2], [541, 3], [540, 3], [539, 0], [539, 0], [499, 1], [539, 0], [539, 0], [539, 0], [539, 0], [539, 0], [539, 0], [539, 0], [539, 0], [539, 0], [539, 0], [539, 0], [539, 0], [539, 0], [499, 1], [498, 4], [499, 1], [539, 0], [499, 1], [539, 0], [539, 0], [539, 0], [539, 0], [539, 0], [539, 0], [539, 0], [539, 0], [539, 0], [539, 0], [539, 0]]"
1286,"[[41, 4], [42, 1], [82, 4], [83, 1], [123, 1], [163, 4], [164, 1], [204, 4], [205, 4], [206, 1], [246, 4], [247, 0], [247, 0], [247, 0], [247, 0], [247, 0], [247, 0]]"
1287,"[[374, 3], [373, 3], [372, 2], [332, 3], [372, 2], [332, 3], [331, 3], [291, 3], [291, 3], [291, 3], [290, 3], [289, 3], [288, 2], [248, 3], [247, 0], [247, 0], [247, 0], [247, 0], [247, 0], [247, 0], [247, 0], [247, 0], [247, 0], [287, 2], [247, 0], [247, 0], [248, 3], [247, 0], [247, 0], [247, 0], [246, 0]]"
1288,"[[985, 2], [945, 4], [946, 4], [947, 2], [907, 4], [908, 2], [868, 2], [828, 2], [788, 3], [787, 2], [787, 2], [788, 3], [787, 2], [747, 3], [746, 2], [706, 3], [705, 2], [665, 3], [664, 2], [624, 3], [623, 3], [624, 3], [623, 3], [622, 2], [582, 3], [581, 2], [541, 3], [540, 3], [540, 3], [539, 0], [539, 0], [539, 0], [539, 0], [539, 0], [539, 0], [499, 1], [539, 0], [539, 0], [539, 0], [539, 0], [539, 0]]"
1289,"[[587, 3], [586, 3], [586, 3], [587, 3], [586, 3], [585, 1], [625, 3], [624, 3], [624, 3], [623, 3], [622, 2], [582, 3], [581, 2], [541, 3], [542, 3], [541, 3], [540, 3], [539, 0], [539, 0], [539, 0], [539, 0], [540, 3], [539, 0], [539, 0], [539, 0], [499, 1], [539, 0], [539, 0]]"
1290,"[[877, 3], [876, 3], [875, 3], [875, 3], [874, 0], [874, 0], [874, 0], [874, 0], [874, 0], [834, 1], [874, 0], [874, 0], [874, 0], [874, 0], [874, 0], [874, 0], [874, 0], [874, 0], [874, 0], [874, 0], [874, 0], [874, 0]]"
1291,"[[832, 3], [832, 3], [832, 3], [831, 3], [830, 3], [829, 2], [789, 3], [788, 3], [828, 2], [788, 3], [788, 3], [787, 2], [747, 3], [746, 2], [746, 2], [706, 3], [707, 3], [706, 3], [705, 2], [665, 3], [664, 2], [624, 3], [623, 3], [624, 3], [623, 3], [583, 3], [582, 3], [581, 2], [582, 3], [581, 2], [581, 2], [581, 0]]"
1292,"[[788, 3], [787, 2], [747, 3], [746, 2], [706, 3], [706, 3], [705, 2], [665, 3], [664, 2], [624, 3], [623, 0]]"
1293,"[[1105, 4], [1106, 1], [1146, 4], [1147, 4], [1148, 2], [1108, 4], [1109, 4], [1110, 2], [1070, 4], [1071, 2], [1031, 4], [1032, 2], [992, 0]]"
1294,"[[832, 3], [831, 3], [831, 3], [830, 3], [829, 2], [789, 3], [788, 3], [789, 3], [788, 3], [787, 2], [747, 0]]"
1295,"[[587, 3], [627, 2], [587, 3], [586, 3], [585, 1], [625, 3], [624, 0]]"
1296,"[[879, 3], [878, 3], [878, 3], [877, 3], [876, 3], [875, 3], [874, 0], [874, 0], [874, 0], [874, 0], [874, 0], [914, 2], [874, 0], [874, 0], [874, 0], [874, 0], [874, 0], [874, 0], [834, 1], [874, 0], [874, 0], [874, 0]]"
1297,"[[374, 3], [414, 2], [374, 3], [373, 3], [372, 2], [332, 3], [331, 3], [330, 2], [290, 3], [289, 3], [288, 2], [288, 2], [248, 3], [247, 0], [247, 0], [247, 0], [247, 0], [247, 0], [247, 0], [247, 0], [247, 0], [247, 0], [248, 3], [248, 3], [247, 0], [247, 0], [247, 0], [247, 0], [247, 0], [247, 0], [247, 0], [247, 0], [247, 0], [247, 0], [247, 0], [247, 0], [287, 2], [247, 0], [247, 0], [247, 0]]"
1298,"[[1071, 2], [1071, 2], [1031, 4], [1032, 2], [992, 4], [992, 4], [992, 4], [993, 2], [992, 4], [993, 2], [953, 0]]"
1299,"[[623, 3], [622, 2], [582, 3], [582, 3], [581, 2], [541, 3], [540, 0]]"
1300,"[[420, 1], [460, 1], [500, 3], [499, 1], [539, 0], [539, 0], [539, 0], [539, 0], [539, 0], [539, 0], [539, 0]]"
1301,"[[788, 3], [789, 3], [788, 3], [787, 2], [747, 3], [746, 2], [746, 2], [786, 2], [787, 2], [747, 3], [746, 2], [706, 3], [705, 2], [665, 3], [665, 3], [664, 2], [624, 3], [623, 3], [622, 2], [582, 3], [581, 2], [581, 2], [541, 3], [540, 3], [539, 0], [539, 0], [539, 0], [539, 0], [499, 1], [500, 3], [499, 1], [539, 0], [539, 0], [539, 0], [539, 0], [539, 0], [539, 0], [539, 0], [539, 0], [539, 0], [540, 3], [539, 0], [539, 0], [539, 0], [539, 0], [539, 0], [539, 0], [539, 0], [539, 0]]"
1302,"[[788, 3], [787, 2], [747, 3], [746, 2], [706, 3], [706, 3], [705, 2], [665, 3], [664, 2], [624, 3], [623, 3], [663, 2], [663, 2], [623, 0]]"
1303,"[[623, 3], [622, 2], [582, 3], [581, 2], [541, 3], [581, 2], [582, 3], [581, 2], [541, 3], [540, 3], [539, 0], [539, 0], [539, 0], [539, 0], [539, 0], [539, 0], [539, 0], [539, 0], [539, 0], [539, 0], [539, 0]]"
1304,"[[1071, 2], [1031, 4], [1032, 2], [992, 4], [993, 2], [953, 4], [954, 2], [914, 2], [874, 0], [874, 0], [834, 1], [874, 0], [874, 0], [874, 0], [874, 0], [874, 0], [874, 0], [874, 0], [874, 0], [874, 0], [874, 0], [874, 0]]"
1305,"[[877, 3], [876, 3], [877, 3], [876, 3], [876, 3], [875, 3], [874, 0], [874, 0], [874, 0], [874, 0], [874, 0], [874, 0], [874, 0], [874, 0], [874, 0], [874, 0], [874, 0], [874, 0], [874, 0], [874, 0], [874, 0], [874, 0], [874, 0], [874, 0]]"
1306,"[[788, 3], [787, 2], [747, 3], [746, 2], [706, 3], [707, 3], [706, 3], [705, 2], [665, 3], [664, 2], [663, 2], [663, 2], [623, 3], [622, 2], [582, 3], [581, 2], [541, 3], [540, 3], [539, 0], [539, 0]]"
1307,"[[832, 3], [831, 3], [830, 3], [829, 2], [789, 3], [749, 3], [748, 3], [747, 3], [787, 2], [747, 3], [746, 0]]"
1308,"[[420, 1], [420, 1], [460, 0]]"
1309,"[[206, 1], [246, 4], [247, 0], [247, 0], [247, 0], [207, 1], [167, 1], [207, 1], [247, 0]]"
1310,"[[420, 1], [460, 1], [500, 3], [499, 1], [539, 0], [539, 0], [539, 0], [539, 0], [539, 0], [539, 0], [539, 0], [539, 0], [539, 0], [539, 0], [539, 0], [540, 0]]"
1311,"[[743, 2], [703, 2], [663, 2], [623, 3], [583, 3], [582, 3], [581, 2], [581, 2], [541, 3], [540, 3], [539, 0], [539, 0], [539, 0], [540, 3], [540, 3], [539, 0], [539, 0], [539, 0], [539, 0], [539, 0], [539, 0]]"
1312,"[[587, 3], [587, 3], [586, 3], [585, 1], [625, 3], [585, 1], [625, 3], [624, 0]]"
1313,"[[587, 3], [627, 2], [587, 3], [586, 3], [585, 1], [625, 3], [585, 1], [625, 3], [624, 3], [624, 3], [623, 3], [622, 2], [582, 3], [583, 3], [623, 3], [623, 3], [622, 2], [582, 3], [581, 2], [541, 3], [540, 3], [539, 0], [539, 0], [539, 0], [539, 0], [539, 0], [539, 0], [539, 0], [539, 0], [539, 0], [539, 0], [539, 0], [539, 0], [539, 0], [539, 0], [539, 0], [539, 0], [539, 0], [539, 0], [539, 0], [539, 0], [539, 0], [539, 0]]"
1314,"[[587, 3], [627, 2], [587, 3], [586, 3], [585, 1], [625, 3], [624, 3], [623, 3], [622, 2], [582, 3], [581, 2], [581, 2], [541, 3], [540, 3], [539, 0], [539, 0], [539, 0], [539, 0], [539, 0], [539, 0], [539, 0], [499, 1], [539, 0], [539, 0], [539, 0], [539, 0], [539, 0], [539, 0], [540, 3], [539, 0], [539, 0], [539, 0], [539, 0], [539, 0], [539, 0]]"
1315,"[[832, 3], [831, 3], [830, 3], [790, 3], [789, 3], [788, 3], [787, 2], [747, 3], [746, 2], [706, 3], [705, 2], [665, 3], [664, 2], [624, 3], [625, 3], [624, 3], [623, 3], [622, 2], [582, 3], [581, 2], [541, 3], [501, 3], [500, 3], [499, 1], [539, 0], [539, 0], [539, 0], [539, 0], [539, 0], [539, 0], [539, 0]]"
1316,"[[832, 3], [831, 3], [831, 3], [830, 3], [830, 3], [829, 2], [789, 3], [788, 3], [787, 2], [747, 3], [746, 2], [706, 3], [666, 3], [665, 3], [664, 2], [624, 3], [623, 3], [622, 2], [582, 3], [581, 2], [541, 3], [540, 3], [539, 0], [539, 0], [499, 1], [539, 0], [539, 0], [539, 0], [539, 0], [539, 0]]"
1317,"[[879, 3], [878, 3], [878, 3], [877, 3], [876, 3], [875, 3], [874, 0], [874, 0], [875, 3], [874, 0], [874, 0], [874, 0], [874, 0], [874, 0], [874, 0], [874, 0], [834, 1], [874, 0], [874, 0], [874, 0], [874, 0], [874, 0], [874, 0], [874, 0], [874, 0], [874, 0], [874, 0], [874, 0]]"
1318,"[[420, 1], [460, 1], [500, 3], [501, 3], [500, 3], [499, 1], [500, 3], [499, 1], [500, 3], [499, 1], [539, 0], [539, 0], [499, 1], [539, 0], [539, 0], [539, 0], [539, 0], [539, 0], [539, 0], [539, 0], [539, 0], [539, 0], [540, 3], [539, 0], [539, 0], [539, 0], [539, 0], [539, 0], [539, 0], [539, 0]]"
1319,"[[623, 3], [622, 2], [622, 2], [622, 2], [582, 3], [581, 0]]"
1320,"[[832, 3], [831, 3], [830, 3], [829, 2], [789, 3], [788, 3], [787, 2], [786, 2], [746, 2], [706, 3], [705, 2], [665, 0]]"
1321,"[[743, 2], [703, 2], [663, 2], [623, 3], [622, 2], [582, 3], [581, 2], [541, 3], [540, 3], [539, 0], [539, 0], [539, 0], [539, 0], [539, 0], [539, 0], [539, 0], [539, 0], [539, 0], [539, 0], [539, 0], [540, 3], [539, 0], [539, 0], [539, 0], [539, 0], [539, 0], [539, 0], [539, 0], [539, 0], [539, 0], [539, 0], [539, 0], [539, 0], [539, 0], [539, 0], [539, 0], [539, 0], [539, 0], [539, 0], [539, 0], [539, 0], [539, 0], [499, 1], [498, 4], [499, 1], [539, 0], [539, 0], [539, 0]]"
1322,"[[420, 1], [460, 1], [500, 3], [499, 1], [539, 0], [539, 0], [539, 0], [539, 0], [539, 0], [539, 0], [539, 0], [539, 0], [499, 1], [539, 0], [539, 0], [539, 0], [539, 0], [540, 3], [539, 0], [539, 0], [539, 0], [539, 0], [539, 0], [539, 0], [539, 0], [539, 0], [539, 0], [539, 0], [540, 3], [539, 0], [539, 0], [499, 0]]"
1323,"[[623, 3], [622, 2], [582, 3], [581, 2], [541, 3], [542, 3], [541, 3], [540, 3], [539, 0], [539, 0], [539, 0], [539, 0], [539, 0], [539, 0], [539, 0], [539, 0], [539, 0]]"
1324,"[[623, 3], [622, 2], [582, 3], [583, 3], [583, 3], [582, 3], [581, 2], [541, 3], [542, 3], [502, 3], [501, 3], [500, 3], [499, 1], [539, 0], [499, 1], [539, 0], [539, 0], [539, 0], [539, 0], [539, 0], [539, 0], [539, 0], [539, 0], [539, 0], [539, 0], [539, 0], [539, 0], [539, 0], [539, 0], [539, 0], [539, 0], [539, 0], [539, 0], [539, 0], [539, 0], [539, 0], [539, 0], [539, 0]]"
1325,"[[985, 2], [945, 4], [946, 4], [947, 2], [907, 4], [908, 2], [868, 2], [828, 2], [788, 3], [787, 2], [747, 3], [747, 3], [746, 2], [706, 3], [705, 2], [665, 3], [664, 2], [624, 0]]"
1326,"[[832, 3], [831, 3], [830, 0]]"
1327,"[[587, 3], [586, 3], [587, 3], [586, 3], [585, 0]]"
1328,"[[788, 3], [787, 2], [787, 2], [747, 3], [746, 2], [706, 3], [705, 2], [665, 3], [666, 3], [665, 3], [664, 2], [624, 3], [664, 2], [624, 3], [584, 1], [624, 3], [623, 3], [622, 2], [582, 0]]"
1329,"[[985, 2], [945, 4], [946, 4], [947, 2], [907, 4], [908, 0]]"
1330,"[[788, 3], [787, 2], [747, 3], [746, 2], [706, 3], [746, 2], [706, 3], [746, 2], [706, 3], [705, 2], [665, 3], [664, 2], [624, 3], [623, 3], [622, 2], [582, 3], [581, 0]]"
1331,"[[499, 1], [539, 0], [539, 0], [539, 0], [539, 0], [539, 0], [539, 0], [539, 0], [539, 0], [539, 0], [539, 0], [499, 1], [539, 0], [539, 0]]"
1332,"[[1071, 2], [1070, 4], [1071, 2], [1071, 2], [1031, 4], [1032, 2], [1032, 2], [992, 4], [993, 2], [953, 4], [954, 2], [914, 2], [914, 2], [874, 0], [874, 0], [874, 0], [874, 0], [874, 0], [875, 3], [875, 3], [874, 0], [874, 0], [874, 0], [874, 0], [914, 2], [874, 0], [874, 0], [874, 0], [875, 3], [874, 0], [874, 0], [874, 0]]"
1333,"[[420, 1], [460, 1], [500, 3], [499, 1], [499, 1], [539, 0], [539, 0], [539, 0], [539, 0], [539, 0], [499, 1], [459, 1], [499, 1], [500, 3], [499, 1], [499, 1], [539, 0], [539, 0], [539, 0], [539, 0], [539, 0], [539, 0], [539, 0], [539, 0], [539, 0], [540, 3], [539, 0], [499, 1], [539, 0], [539, 0], [539, 0], [539, 0], [539, 0], [539, 0], [539, 0], [540, 3], [539, 0], [540, 3], [539, 0], [539, 0], [499, 0]]"
1334,"[[623, 3], [622, 2], [582, 3], [581, 2], [541, 3], [540, 3], [540, 3], [539, 0], [539, 0], [539, 0], [499, 1], [539, 0], [539, 0], [539, 0], [539, 0]]"
1335,"[[499, 1], [539, 0], [539, 0], [539, 0], [540, 3], [539, 0], [539, 0], [539, 0], [539, 0], [539, 0], [540, 3], [539, 0], [539, 0], [539, 0], [539, 0], [539, 0], [539, 0], [539, 0], [539, 0], [539, 0], [539, 0]]"
1336,"[[1071, 2], [1031, 4], [1031, 4], [1071, 2], [1031, 4], [1032, 2], [992, 4], [993, 2], [953, 4], [954, 2], [954, 2], [954, 2], [914, 2], [874, 0], [874, 0], [914, 2], [874, 0], [874, 0], [874, 0], [874, 0], [874, 0], [874, 0], [874, 0], [874, 0], [834, 1], [834, 1], [874, 0], [874, 0], [874, 0], [874, 0], [874, 0], [874, 0], [874, 0], [874, 0], [874, 0], [874, 0], [874, 0], [874, 0], [874, 0], [874, 0], [874, 0], [874, 0]]"
1337,"[[623, 3], [622, 2], [582, 3], [581, 2], [541, 3], [540, 3], [539, 0], [539, 0], [539, 0], [540, 3], [539, 0], [539, 0], [539, 0], [539, 0], [539, 0], [539, 0]]"
1338,"[[788, 3], [787, 2], [786, 2], [746, 2], [706, 3], [746, 2], [706, 3], [705, 2], [665, 3], [664, 2], [624, 3], [623, 3], [663, 2], [664, 2], [624, 3], [624, 3], [623, 0]]"
1339,"[[788, 3], [787, 2], [747, 3], [746, 2], [786, 2], [746, 2], [706, 3], [705, 2], [705, 2], [665, 3], [664, 2], [624, 3], [625, 3], [624, 3], [623, 3], [622, 2], [582, 3], [581, 2], [541, 3], [541, 3], [540, 3], [539, 0], [539, 0], [539, 0], [539, 0], [499, 1], [539, 0], [499, 1], [539, 0]]"
1340,"[[623, 3], [622, 2], [582, 3], [581, 2], [541, 3], [542, 3], [541, 0]]"
1341,"[[877, 3], [876, 3], [875, 3], [874, 0], [874, 0], [874, 0], [874, 0], [874, 0], [874, 0], [874, 0], [874, 0], [874, 0], [874, 0], [874, 0], [874, 0], [874, 0], [874, 0], [874, 0], [874, 0], [874, 0], [874, 0], [874, 0], [874, 0], [874, 0]]"
1342,"[[788, 3], [787, 2], [747, 3], [746, 2], [706, 3], [705, 2], [665, 3], [664, 2], [663, 0]]"
1343,"[[985, 2], [945, 4], [946, 4], [946, 4], [947, 2], [947, 2], [907, 4], [908, 0]]"
1344,"[[832, 3], [831, 3], [830, 3], [829, 2], [828, 2], [868, 2], [828, 2], [788, 3], [787, 2], [747, 3], [746, 2], [706, 3], [705, 2], [706, 3], [705, 2], [705, 2], [665, 3], [705, 2], [665, 3], [664, 2], [663, 0]]"
1345,"[[877, 3], [876, 3], [876, 3], [875, 3], [874, 0], [874, 0], [874, 0], [874, 0], [874, 0], [874, 0], [874, 0], [874, 0], [874, 0], [874, 0], [874, 0], [874, 0], [875, 3], [874, 0], [874, 0], [874, 0], [874, 0], [874, 0], [874, 0], [874, 0], [874, 0], [874, 0], [874, 0], [874, 0], [874, 0], [874, 0], [874, 0], [914, 2], [874, 0], [874, 0], [834, 1], [834, 0]]"
1346,"[[985, 2], [945, 4], [946, 4], [947, 2], [907, 4], [907, 4], [908, 2], [868, 2], [868, 2], [828, 2], [788, 3], [787, 2], [747, 3], [746, 2], [706, 3], [705, 2], [665, 3], [666, 3], [665, 3], [664, 2], [624, 3], [623, 3], [622, 2], [622, 2], [582, 3], [583, 3], [582, 3], [581, 2], [541, 3], [540, 3], [539, 0], [539, 0], [539, 0]]"
1347,"[[587, 3], [587, 3], [586, 3], [585, 1], [625, 3], [624, 3], [623, 3], [622, 2], [582, 3], [622, 2], [622, 2], [582, 3], [581, 2], [581, 2], [582, 3], [581, 2], [541, 3], [540, 3], [539, 0], [539, 0], [539, 0], [539, 0], [539, 0], [539, 0], [539, 0], [539, 0], [539, 0], [540, 3], [539, 0], [539, 0], [539, 0], [539, 0], [539, 0], [539, 0], [539, 0], [539, 0], [539, 0], [540, 3], [539, 0], [539, 0], [539, 0], [539, 0]]"
1348,"[[41, 4], [42, 1], [42, 1], [41, 4], [41, 4], [42, 1], [82, 4], [83, 1], [123, 1], [163, 4], [164, 1], [204, 4], [205, 4], [205, 4], [205, 4], [206, 1], [246, 4], [246, 4], [247, 0], [247, 0], [247, 0], [247, 0], [247, 0], [247, 0], [247, 0], [247, 0], [247, 0], [287, 2], [247, 0], [247, 0]]"
1349,"[[743, 2], [703, 2], [663, 2], [623, 3], [622, 2], [582, 3], [581, 2], [581, 2], [541, 3], [540, 3], [539, 0], [539, 0], [539, 0], [539, 0], [539, 0], [539, 0], [539, 0], [539, 0], [540, 3], [539, 0], [539, 0], [539, 0], [540, 3], [539, 0], [539, 0]]"
1350,"[[985, 2], [945, 4], [946, 4], [946, 4], [947, 2], [907, 4], [907, 4], [907, 4], [908, 2], [868, 2], [908, 2], [868, 2], [868, 2], [828, 2], [788, 3], [787, 2], [747, 3], [746, 2], [706, 3], [705, 2], [665, 3], [664, 2], [624, 3], [623, 3], [624, 3], [623, 0]]"
1351,"[[788, 3], [787, 2], [787, 2], [747, 3], [746, 2], [706, 3], [705, 2], [665, 3], [664, 2], [624, 3], [623, 3], [622, 2], [582, 3], [582, 3], [581, 2], [541, 3], [540, 3], [539, 0], [499, 1], [539, 0], [539, 0], [539, 0], [539, 0], [539, 0], [539, 0], [539, 0], [539, 0], [499, 1], [498, 4], [499, 1], [539, 0], [539, 0], [539, 0], [539, 0], [539, 0], [539, 0], [539, 0], [539, 0], [539, 0], [539, 0], [539, 0], [539, 0], [539, 0], [539, 0], [539, 0], [539, 0], [539, 0], [539, 0], [539, 0], [539, 0]]"
1352,"[[832, 3], [831, 3], [831, 3], [831, 3], [830, 3], [831, 3], [832, 3], [831, 3], [830, 3], [829, 2], [789, 3], [788, 3], [787, 2], [747, 3], [746, 2], [706, 0]]"
1353,"[[420, 1], [460, 1], [500, 3], [499, 1], [500, 3], [499, 1], [539, 0], [539, 0], [539, 0], [539, 0], [539, 0], [539, 0], [539, 0], [539, 0], [539, 0], [540, 3], [539, 0], [539, 0]]"
1354,"[[788, 3], [787, 2], [786, 2], [746, 2], [706, 3], [705, 2], [665, 3], [666, 3], [665, 3], [664, 2], [624, 3], [623, 3], [622, 2], [582, 3], [583, 3], [582, 3], [581, 2], [541, 3], [542, 3], [541, 3], [540, 3], [539, 0], [539, 0], [539, 0], [539, 0], [539, 0], [539, 0], [539, 0], [539, 0], [539, 0], [539, 0]]"
1355,"[[879, 3], [879, 3], [878, 3], [877, 3], [876, 3], [875, 3], [876, 3], [875, 3], [874, 0], [914, 2], [874, 0], [874, 0], [874, 0], [874, 0], [874, 0], [874, 0], [874, 0], [874, 0], [874, 0], [874, 0], [874, 0], [874, 0], [874, 0], [874, 0], [874, 0], [874, 0], [874, 0], [874, 0], [874, 0], [874, 0]]"
1356,"[[499, 1], [539, 0], [539, 0], [539, 0], [539, 0], [539, 0], [539, 0], [539, 0], [539, 0], [539, 0], [539, 0], [539, 0], [539, 0], [539, 0]]"
1357,"[[374, 3], [373, 3], [372, 2], [332, 3], [331, 3], [330, 2], [330, 2], [290, 3], [289, 3], [288, 2], [287, 2], [288, 2], [248, 3], [247, 0], [247, 0], [247, 0], [247, 0], [287, 0]]"
1358,"[[374, 3], [373, 3], [374, 3], [373, 3], [372, 2], [332, 3], [331, 3], [330, 2], [290, 3], [330, 2], [290, 3], [289, 3], [288, 2], [289, 3], [290, 3], [290, 3], [330, 2], [290, 3], [289, 3], [288, 2], [288, 2], [248, 3], [247, 0], [247, 0]]"
1359,"[[420, 1], [460, 1], [500, 3], [501, 3], [500, 3], [499, 1], [499, 1], [539, 0], [539, 0], [539, 0], [539, 0], [539, 0], [539, 0], [539, 0], [539, 0], [499, 0]]"
1360,"[[206, 1], [206, 1], [246, 4], [246, 4], [247, 0], [247, 0], [247, 0], [247, 0], [247, 0], [247, 0], [247, 0], [247, 0], [247, 0], [247, 0], [247, 0], [247, 0], [246, 4], [246, 4], [247, 0]]"
1361,"[[788, 3], [828, 2], [788, 3], [787, 2], [747, 3], [746, 2], [706, 3], [705, 2], [665, 3], [665, 3], [625, 3], [624, 3], [623, 3], [622, 2], [582, 3], [581, 2], [541, 3], [540, 3], [539, 0], [539, 0], [499, 1], [539, 0], [539, 0], [539, 0], [540, 3], [539, 0], [539, 0], [539, 0], [539, 0], [539, 0], [539, 0], [539, 0], [539, 0], [539, 0], [539, 0], [539, 0], [539, 0], [539, 0], [539, 0], [539, 0], [539, 0], [539, 0]]"
1362,"[[832, 3], [831, 3], [830, 3], [829, 2], [828, 2], [788, 3], [787, 2], [787, 2], [747, 3], [746, 2], [747, 3], [748, 3], [748, 3], [747, 3], [748, 3], [747, 3], [746, 2], [706, 3], [705, 2], [665, 3], [664, 2], [624, 3], [623, 3], [583, 3], [582, 3], [622, 2], [582, 3], [582, 3], [622, 2], [582, 3], [581, 2], [541, 0]]"
1363,"[[788, 3], [789, 3], [788, 3], [787, 2], [747, 0]]"
1364,"[[420, 1], [460, 1], [500, 3], [499, 1], [539, 0], [499, 1], [459, 1], [499, 1], [539, 0], [539, 0], [539, 0], [539, 0], [539, 0], [499, 1], [539, 0], [539, 0], [539, 0], [539, 0], [539, 0], [539, 0], [539, 0], [539, 0], [539, 0], [539, 0], [539, 0], [539, 0], [539, 0], [540, 3], [539, 0], [539, 0], [539, 0], [539, 0], [539, 0], [539, 0], [539, 0], [539, 0], [539, 0], [539, 0], [539, 0], [539, 0], [539, 0], [539, 0], [539, 0], [539, 0], [539, 0], [539, 0], [539, 0], [539, 0], [539, 0], [539, 0], [539, 0], [539, 0], [539, 0]]"
1365,"[[1071, 2], [1031, 4], [1032, 2], [992, 4], [992, 4], [993, 2], [953, 4], [954, 2], [914, 2], [874, 0], [874, 0], [874, 0], [874, 0], [874, 0], [874, 0], [875, 3], [874, 0], [874, 0], [874, 0], [874, 0], [914, 2], [874, 0], [874, 0], [874, 0], [874, 0], [874, 0], [874, 0], [834, 1], [874, 0], [914, 2], [874, 0], [874, 0], [874, 0], [874, 0], [874, 0]]"
1366,"[[788, 3], [787, 2], [747, 3], [746, 2], [706, 3], [705, 2], [665, 3], [664, 2], [624, 3], [623, 3], [622, 2], [582, 3], [581, 2], [541, 3], [540, 3], [539, 0], [539, 0], [539, 0], [539, 0], [539, 0], [539, 0], [540, 3], [539, 0], [539, 0], [539, 0], [539, 0], [539, 0], [539, 0], [539, 0], [539, 0], [539, 0], [539, 0], [539, 0], [540, 3], [539, 0], [499, 1], [539, 0], [539, 0], [539, 0], [539, 0], [539, 0], [539, 0], [539, 0], [540, 3], [539, 0]]"
1367,"[[499, 1], [498, 4], [499, 0]]"
1368,"[[623, 3], [622, 2], [622, 2], [623, 3], [622, 2], [582, 3], [581, 2], [581, 2], [541, 3], [540, 3], [539, 0], [539, 0], [539, 0]]"
1369,"[[832, 3], [831, 3], [830, 3], [829, 2], [789, 3], [829, 2], [789, 3], [788, 3], [787, 2], [747, 3], [746, 2], [706, 3], [746, 2], [786, 2], [746, 2], [706, 3], [705, 2], [665, 3], [664, 2], [624, 3], [623, 0]]"
1370,"[[788, 3], [787, 2], [747, 3], [746, 2], [786, 2], [746, 2], [706, 3], [705, 2], [665, 3], [665, 3], [664, 2], [663, 2], [623, 3], [622, 2], [582, 3], [581, 2], [541, 3], [540, 3], [539, 0], [539, 0], [539, 0], [539, 0], [540, 3], [539, 0], [539, 0], [539, 0], [539, 0], [539, 0], [539, 0], [539, 0], [539, 0], [539, 0], [540, 3], [539, 0], [539, 0], [539, 0], [499, 1], [539, 0], [539, 0], [539, 0], [539, 0], [539, 0], [539, 0], [539, 0], [539, 0], [539, 0], [539, 0], [539, 0], [540, 3], [540, 3], [539, 0], [539, 0], [539, 0], [539, 0], [539, 0]]"
1371,"[[743, 2], [703, 2], [663, 2], [623, 3], [622, 2], [582, 3], [581, 2], [541, 3], [581, 2], [541, 3], [541, 3], [540, 3], [500, 3], [500, 3], [499, 1], [539, 0], [499, 1], [539, 0], [539, 0], [540, 3], [539, 0], [539, 0], [539, 0], [499, 1], [539, 0], [539, 0], [539, 0], [539, 0], [539, 0], [539, 0], [539, 0], [539, 0], [539, 0], [539, 0], [539, 0]]"
1372,"[[499, 1], [539, 0], [539, 0], [539, 0], [499, 1], [539, 0], [539, 0], [539, 0], [539, 0], [540, 3], [540, 3], [539, 0], [539, 0], [539, 0]]"
1373,"[[832, 3], [831, 3], [830, 3], [829, 2], [789, 3], [788, 3], [787, 2], [747, 3], [746, 2], [746, 2], [706, 3], [707, 3], [706, 3], [705, 0]]"
1374,"[[832, 3], [831, 3], [830, 3], [829, 2], [789, 0]]"
1375,"[[623, 3], [583, 3], [582, 3], [583, 3], [582, 3], [583, 3], [583, 3], [582, 3], [622, 2], [582, 3], [581, 2], [541, 3], [540, 3], [541, 3], [540, 3], [500, 3], [499, 1], [539, 0], [499, 1], [539, 0], [539, 0], [540, 3], [539, 0], [539, 0], [539, 0], [539, 0], [499, 1], [539, 0], [539, 0], [539, 0], [539, 0], [539, 0], [539, 0], [539, 0], [539, 0], [539, 0], [539, 0], [539, 0], [539, 0], [539, 0], [499, 1], [539, 0], [499, 1], [539, 0], [539, 0]]"
1376,"[[832, 3], [831, 3], [831, 3], [830, 3], [829, 2], [789, 3], [788, 3], [787, 2], [747, 3], [746, 2], [706, 3], [705, 2], [665, 3], [664, 2], [624, 3], [623, 3], [622, 0]]"
1377,"[[623, 3], [623, 3], [622, 2], [582, 3], [581, 2], [541, 3], [581, 2], [541, 3], [540, 3], [539, 0], [539, 0], [539, 0], [539, 0], [539, 0], [539, 0], [539, 0], [539, 0]]"
1378,"[[623, 3], [623, 3], [622, 2], [582, 3], [581, 2], [541, 3], [540, 3], [539, 0], [539, 0], [540, 3], [500, 3], [540, 3], [539, 0], [499, 1], [500, 3], [499, 1], [539, 0], [539, 0], [539, 0], [499, 1], [539, 0], [539, 0], [539, 0]]"
1379,"[[985, 2], [945, 4], [985, 2], [1025, 2], [985, 2], [984, 4], [985, 2], [945, 4], [946, 4], [947, 2], [907, 4], [908, 2], [868, 2], [828, 2], [788, 3], [787, 2], [747, 3], [746, 2], [706, 3], [705, 2], [665, 3], [664, 2], [624, 3], [623, 3], [622, 2], [582, 3], [581, 2], [541, 3], [540, 3], [539, 0], [539, 0], [539, 0], [539, 0], [539, 0], [539, 0], [539, 0]]"
1380,"[[877, 3], [876, 3], [875, 3], [874, 0], [874, 0]]"
1381,"[[788, 3], [787, 2], [788, 3], [787, 2], [747, 3], [746, 2], [706, 3], [705, 2], [665, 3], [664, 2], [624, 3], [623, 3], [623, 3], [622, 2], [582, 3], [581, 2], [581, 2], [541, 3], [540, 3], [539, 0], [539, 0], [539, 0], [539, 0], [539, 0], [539, 0], [539, 0], [539, 0], [539, 0], [539, 0], [539, 0], [539, 0], [539, 0], [539, 0], [499, 1], [539, 0], [539, 0], [539, 0], [539, 0]]"
1382,"[[420, 1], [460, 1], [500, 3], [499, 1], [539, 0], [539, 0], [539, 0], [539, 0], [539, 0], [499, 1], [539, 0], [539, 0], [539, 0], [539, 0], [539, 0], [539, 0], [539, 0], [499, 1], [539, 0], [539, 0], [539, 0], [539, 0], [499, 1], [539, 0], [539, 0], [539, 0], [539, 0], [539, 0], [539, 0], [540, 3], [540, 0]]"
1383,"[[374, 3], [373, 3], [372, 2], [332, 3], [331, 3], [330, 2], [290, 3], [330, 2], [290, 3], [289, 3], [288, 2], [248, 3], [247, 0], [248, 3], [247, 0], [247, 0], [247, 0], [247, 0], [247, 0], [207, 1], [247, 0], [246, 4], [247, 0], [247, 0], [247, 0], [248, 3], [247, 0], [207, 0]]"
1384,"[[743, 2], [703, 2], [663, 2], [663, 2], [623, 3], [622, 2], [582, 3], [581, 2], [541, 3], [540, 3], [500, 3], [499, 1], [459, 1], [499, 1], [539, 0], [539, 0], [540, 3], [539, 0], [539, 0], [539, 0], [539, 0]]"
1385,"[[788, 3], [828, 2], [788, 3], [787, 2], [747, 3], [746, 2], [706, 3], [705, 2], [665, 3], [625, 3], [625, 3], [624, 3], [623, 3], [622, 2], [582, 3], [581, 2], [541, 3], [540, 0]]"
1386,"[[420, 1], [460, 1], [500, 3], [499, 1], [539, 0], [539, 0], [540, 3], [539, 0], [539, 0], [499, 1], [539, 0], [539, 0], [499, 1], [539, 0], [539, 0], [539, 0], [499, 1], [539, 0], [539, 0], [539, 0], [539, 0]]"
1387,"[[877, 3], [876, 3], [875, 3], [874, 0], [874, 0], [874, 0], [875, 3], [876, 3], [875, 3], [874, 0]]"
1388,"[[420, 1], [460, 1], [500, 3], [499, 1], [539, 0], [539, 0], [539, 0], [539, 0], [499, 1], [539, 0], [539, 0], [539, 0], [539, 0], [499, 1], [539, 0], [540, 3], [539, 0], [539, 0], [539, 0], [539, 0], [539, 0], [539, 0], [539, 0], [539, 0], [539, 0], [539, 0], [539, 0], [539, 0], [539, 0], [539, 0], [539, 0], [539, 0], [539, 0], [539, 0], [499, 0]]"
1389,"[[499, 1], [539, 0], [539, 0], [539, 0], [539, 0], [499, 1], [499, 1], [500, 3], [500, 3], [499, 1], [539, 0], [539, 0], [539, 0], [539, 0], [539, 0], [539, 0], [539, 0], [539, 0], [539, 0], [499, 1], [539, 0], [539, 0], [539, 0], [539, 0], [539, 0], [539, 0], [539, 0], [539, 0], [539, 0], [539, 0], [539, 0], [539, 0], [539, 0]]"
1390,"[[374, 3], [414, 2], [374, 3], [374, 3], [373, 3], [372, 2], [372, 2], [332, 3], [331, 3], [331, 3], [330, 2], [290, 3], [291, 3], [290, 3], [289, 3], [289, 3], [288, 2], [248, 0]]"
1391,"[[788, 3], [787, 2], [747, 3], [746, 2], [706, 3], [666, 3], [665, 3], [625, 3], [624, 3], [623, 3], [583, 3], [582, 0]]"
1392,"[[499, 1], [539, 0], [539, 0], [539, 0], [499, 1], [539, 0], [539, 0], [539, 0], [539, 0], [539, 0], [539, 0], [539, 0], [539, 0], [539, 0], [539, 0], [539, 0], [539, 0], [539, 0], [539, 0], [539, 0], [539, 0], [539, 0], [539, 0], [539, 0], [539, 0], [539, 0], [499, 1], [539, 0], [539, 0], [539, 0], [539, 0], [539, 0], [539, 0], [539, 0], [539, 0], [539, 0], [539, 0], [539, 0], [539, 0], [539, 0], [539, 0], [539, 0], [539, 0], [539, 0], [539, 0], [499, 1], [539, 0], [539, 0]]"
1393,"[[788, 3], [787, 2], [747, 3], [746, 2], [706, 3], [705, 2], [665, 3], [664, 2], [624, 0]]"
1394,"[[587, 3], [586, 3], [585, 1], [584, 1], [583, 3], [582, 3], [581, 2], [541, 3], [501, 3], [500, 3], [499, 1], [459, 1], [499, 1], [539, 0], [539, 0], [539, 0], [539, 0], [539, 0], [539, 0], [539, 0], [539, 0], [539, 0], [539, 0], [540, 3], [539, 0], [539, 0], [539, 0], [539, 0], [539, 0], [539, 0], [539, 0], [539, 0], [539, 0], [539, 0], [539, 0], [539, 0], [539, 0], [539, 0], [539, 0]]"
1395,"[[788, 3], [787, 2], [747, 3], [746, 2], [706, 3], [705, 2], [706, 3], [705, 2], [665, 3], [664, 2], [624, 3], [623, 3], [622, 2], [582, 3], [581, 2], [541, 3], [540, 3], [540, 3], [541, 3], [541, 3], [581, 2], [581, 2], [541, 3], [540, 3], [539, 0], [539, 0], [539, 0], [539, 0], [539, 0], [539, 0], [539, 0], [539, 0], [539, 0], [539, 0], [539, 0], [539, 0], [539, 0], [539, 0], [539, 0], [539, 0], [539, 0], [539, 0], [539, 0], [539, 0], [539, 0], [539, 0], [539, 0], [539, 0], [539, 0], [539, 0], [539, 0], [539, 0], [539, 0], [539, 0], [539, 0], [539, 0], [499, 1], [539, 0], [539, 0], [539, 0], [540, 3], [539, 0], [539, 0], [539, 0], [539, 0], [499, 1], [539, 0], [539, 0], [539, 0]]"
1396,"[[420, 1], [460, 1], [460, 1], [460, 1], [500, 3], [499, 1], [539, 0], [540, 3], [539, 0], [539, 0], [539, 0], [539, 0], [539, 0], [539, 0], [539, 0], [499, 1], [539, 0], [539, 0], [539, 0], [539, 0], [539, 0], [539, 0], [539, 0], [539, 0], [539, 0]]"
1397,"[[499, 1], [539, 0], [539, 0], [540, 3], [540, 3], [539, 0], [539, 0], [539, 0], [539, 0], [539, 0], [539, 0], [540, 0]]"
1398,"[[788, 3], [787, 2], [747, 3], [746, 2], [746, 2], [706, 3], [746, 2], [706, 3], [705, 2], [705, 2], [665, 3], [664, 2], [624, 0]]"
1399,"[[985, 2], [985, 2], [945, 4], [945, 4], [946, 4], [947, 2], [907, 4], [908, 2], [908, 2], [868, 2], [908, 2], [868, 2], [869, 2], [869, 2], [829, 2], [789, 3], [788, 3], [788, 3], [789, 3], [789, 3], [789, 3], [788, 3], [787, 2], [747, 3], [748, 3], [747, 3], [746, 2], [706, 3], [746, 2], [706, 3], [705, 2], [665, 3], [664, 2], [624, 3], [623, 3], [622, 2], [582, 3], [581, 2], [581, 2], [541, 3], [540, 0]]"
1400,"[[832, 3], [832, 0]]"
1401,"[[420, 1], [460, 1], [460, 1], [459, 1], [499, 1], [539, 0], [539, 0], [539, 0], [539, 0], [540, 3], [539, 0], [539, 0], [539, 0], [539, 0], [539, 0], [539, 0], [539, 0], [540, 3], [539, 0], [539, 0], [539, 0], [539, 0], [539, 0], [539, 0], [539, 0]]"
1402,"[[877, 3], [876, 3], [875, 3], [874, 0], [874, 0], [874, 0], [914, 2], [914, 2], [914, 2], [874, 0], [874, 0], [874, 0], [874, 0], [874, 0], [874, 0], [874, 0], [874, 0], [834, 1], [874, 0], [875, 3], [874, 0]]"
1403,"[[743, 2], [703, 2], [663, 2], [623, 3], [622, 2], [582, 3], [581, 0]]"
1404,"[[832, 3], [831, 3], [830, 3], [829, 2], [830, 3], [829, 2], [789, 3], [789, 3], [788, 3], [787, 2], [747, 3], [746, 2], [706, 3], [705, 2], [665, 3], [664, 2], [624, 3], [664, 2], [624, 3], [623, 3], [623, 3], [622, 2], [623, 3], [622, 2], [622, 2], [622, 2], [582, 3], [581, 2], [541, 3], [540, 3], [500, 3], [499, 1], [539, 0], [539, 0], [539, 0], [539, 0], [539, 0], [539, 0], [539, 0], [539, 0]]"
1405,"[[499, 1], [539, 0], [539, 0], [539, 0], [539, 0], [539, 0], [539, 0], [539, 0], [539, 0], [540, 3], [539, 0]]"
1406,"[[623, 3], [622, 2], [622, 2], [582, 3], [581, 2], [541, 3], [540, 3], [539, 0], [540, 3], [539, 0], [539, 0], [539, 0], [539, 0], [499, 1], [539, 0], [540, 3], [541, 3], [540, 3], [539, 0], [539, 0], [539, 0], [539, 0], [539, 0], [539, 0], [539, 0], [539, 0], [539, 0], [539, 0], [539, 0], [539, 0], [539, 0], [539, 0], [539, 0], [539, 0], [539, 0], [539, 0], [539, 0], [539, 0], [539, 0], [539, 0], [539, 0], [539, 0], [539, 0], [539, 0]]"
1407,"[[879, 3], [878, 3], [877, 3], [876, 3], [875, 3], [874, 0], [874, 0], [834, 1], [834, 1], [834, 1], [874, 0], [874, 0], [914, 2], [874, 0], [874, 0], [874, 0], [874, 0], [874, 0], [874, 0], [874, 0], [874, 0], [874, 0], [874, 0], [874, 0], [874, 0], [874, 0], [914, 2], [914, 2], [874, 0], [874, 0], [874, 0], [874, 0], [874, 0], [874, 0], [874, 0], [874, 0], [874, 0], [874, 0], [874, 0], [874, 0], [874, 0], [874, 0], [874, 0], [874, 0], [834, 1], [874, 0]]"
1408,"[[788, 3], [787, 2], [747, 3], [707, 3], [706, 3], [705, 2], [665, 3], [664, 2], [624, 3], [623, 3], [622, 2], [622, 2], [582, 3], [581, 2], [541, 3], [541, 3], [540, 3], [539, 0], [539, 0], [539, 0], [539, 0], [539, 0], [539, 0], [539, 0], [539, 0], [539, 0], [539, 0], [539, 0], [539, 0], [539, 0], [539, 0], [499, 1], [539, 0], [539, 0], [539, 0], [539, 0], [499, 1], [539, 0], [539, 0], [539, 0], [539, 0], [539, 0], [539, 0], [539, 0], [539, 0], [539, 0], [539, 0], [539, 0], [539, 0], [539, 0], [539, 0], [539, 0], [539, 0], [539, 0], [539, 0], [539, 0], [539, 0], [499, 0]]"
1409,"[[832, 3], [831, 3], [830, 3], [829, 2], [789, 3], [788, 3], [787, 2], [747, 0]]"
1410,"[[788, 3], [787, 2], [747, 3], [787, 2], [747, 3], [707, 3], [706, 3], [707, 3], [706, 3], [707, 3], [706, 3], [707, 3], [706, 3], [705, 2], [665, 3], [664, 2], [624, 3], [623, 0]]"
1411,"[[877, 3], [876, 3], [875, 3], [874, 0], [874, 0], [874, 0], [874, 0], [874, 0], [874, 0], [874, 0], [874, 0], [874, 0], [874, 0], [874, 0], [914, 2], [874, 0], [874, 0], [874, 0], [874, 0], [874, 0], [874, 0], [874, 0], [874, 0], [874, 0], [875, 3], [874, 0], [874, 0], [874, 0], [874, 0], [914, 2], [954, 2], [914, 2], [874, 0], [874, 0], [874, 0], [874, 0], [874, 0], [874, 0], [874, 0], [874, 0], [875, 3], [874, 0], [874, 0], [874, 0], [874, 0], [874, 0], [874, 0], [874, 0], [874, 0], [874, 0], [874, 0], [874, 0], [874, 0], [914, 2], [874, 0], [874, 0], [874, 0], [874, 0], [875, 3], [874, 0]]"
1412,"[[41, 4], [42, 1], [82, 4], [83, 1], [123, 1], [163, 4], [163, 4], [164, 1], [164, 1], [204, 4], [205, 4], [206, 1], [246, 4], [247, 0], [247, 0], [247, 0], [247, 0]]"
1413,"[[420, 1], [460, 1], [500, 3], [499, 1], [539, 0], [539, 0], [539, 0], [539, 0], [539, 0], [539, 0], [539, 0], [539, 0], [539, 0], [539, 0], [539, 0], [539, 0], [539, 0], [540, 3], [539, 0], [539, 0], [539, 0], [539, 0], [539, 0], [539, 0], [499, 1], [498, 4], [499, 1], [499, 1], [539, 0], [539, 0], [499, 0]]"
1414,"[[877, 3], [876, 3], [875, 3], [874, 0], [874, 0], [874, 0], [874, 0]]"
1415,"[[1071, 2], [1031, 4], [1032, 2], [992, 4], [993, 2], [953, 4], [954, 2], [914, 2], [874, 0], [874, 0], [874, 0], [834, 1], [874, 0], [874, 0], [874, 0], [914, 2], [874, 0], [874, 0], [874, 0], [874, 0], [914, 2], [874, 0]]"
1416,"[[420, 1], [460, 1], [500, 3], [499, 1], [539, 0], [539, 0], [539, 0], [539, 0], [539, 0], [539, 0], [539, 0], [539, 0], [539, 0], [539, 0], [539, 0], [539, 0], [539, 0], [539, 0], [539, 0], [539, 0], [539, 0], [539, 0], [539, 0], [539, 0], [539, 0], [539, 0], [539, 0], [539, 0], [539, 0]]"
1417,"[[278, 1], [318, 3], [317, 1], [357, 1], [397, 1], [437, 1], [477, 1], [517, 1], [518, 1], [518, 1], [478, 1], [518, 1], [558, 1], [598, 3], [597, 1], [597, 1], [637, 1], [677, 1], [717, 1], [757, 1], [797, 1], [837, 1], [877, 3], [876, 3], [875, 3], [874, 0], [874, 0], [874, 0], [874, 0], [874, 0], [875, 3], [874, 0], [875, 0]]"
1418,"[[877, 3], [876, 3], [875, 3], [874, 0], [874, 0], [874, 0], [834, 1], [874, 0], [874, 0], [874, 0]]"
1419,"[[879, 3], [878, 3], [877, 3], [877, 3], [876, 3], [875, 3], [874, 0], [914, 2], [874, 0], [874, 0], [914, 2], [874, 0], [914, 2], [914, 2], [874, 0], [874, 0], [874, 0], [914, 2], [914, 2], [874, 0], [874, 0], [914, 2], [914, 2], [874, 0], [874, 0], [874, 0], [874, 0], [874, 0], [874, 0], [874, 0], [874, 0]]"
1420,"[[623, 3], [622, 2], [582, 3], [583, 3], [583, 3], [582, 3], [581, 2], [541, 3], [540, 3], [539, 0], [539, 0], [539, 0], [539, 0], [539, 0], [539, 0], [539, 0], [539, 0], [539, 0], [499, 1], [539, 0], [539, 0], [539, 0], [539, 0], [539, 0], [539, 0], [539, 0], [539, 0], [539, 0], [539, 0]]"
1421,"[[788, 3], [748, 3], [747, 3], [746, 2], [706, 3], [705, 2], [665, 3], [664, 2], [624, 3], [623, 3], [583, 0]]"
1422,"[[832, 3], [831, 3], [831, 3], [831, 3], [830, 3], [829, 2], [789, 3], [788, 0]]"
1423,"[[788, 3], [787, 2], [747, 3], [746, 2], [746, 2], [706, 3], [705, 2], [705, 2], [665, 3], [664, 2], [663, 2], [664, 2], [624, 3], [623, 3], [622, 2], [582, 3], [581, 2], [541, 3], [501, 3], [500, 3], [499, 1], [539, 0], [539, 0], [539, 0], [539, 0], [539, 0], [540, 0]]"
1424,"[[832, 3], [831, 3], [830, 3], [829, 2], [789, 0]]"
1425,"[[832, 3], [833, 4], [834, 1], [874, 0], [874, 0], [834, 1], [874, 0], [874, 0], [874, 0], [874, 0], [874, 0], [874, 0], [874, 0], [874, 0], [874, 0], [874, 0], [874, 0], [874, 0], [875, 0]]"
1426,"[[788, 3], [787, 2], [787, 2], [747, 3], [787, 2], [747, 3], [746, 2], [706, 3], [705, 2], [665, 3], [664, 2], [624, 3], [623, 3], [622, 2], [582, 3], [581, 2], [541, 3], [540, 3], [539, 0], [539, 0], [539, 0], [539, 0], [539, 0], [539, 0], [539, 0], [539, 0], [539, 0], [539, 0], [539, 0], [539, 0], [539, 0], [539, 0], [539, 0], [540, 3], [539, 0], [539, 0], [539, 0], [539, 0], [539, 0], [539, 0], [539, 0]]"
1427,"[[877, 3], [876, 3], [875, 3], [874, 0], [834, 1], [834, 1], [874, 0], [874, 0], [874, 0], [874, 0], [874, 0], [874, 0], [874, 0], [874, 0], [874, 0], [874, 0], [874, 0], [874, 0], [874, 0], [874, 0]]"
1428,"[[374, 3], [373, 3], [372, 0]]"
1429,"[[420, 1], [460, 1], [500, 3], [499, 1], [539, 0], [539, 0], [539, 0], [539, 0], [539, 0], [539, 0], [539, 0], [539, 0], [539, 0], [539, 0], [539, 0], [539, 0], [539, 0], [539, 0], [539, 0], [539, 0], [539, 0], [539, 0], [539, 0], [539, 0], [539, 0], [539, 0], [539, 0], [539, 0], [539, 0], [539, 0], [539, 0], [539, 0], [539, 0], [539, 0], [539, 0], [539, 0], [539, 0], [539, 0], [539, 0], [539, 0], [539, 0], [539, 0], [539, 0], [539, 0]]"
1430,"[[985, 2], [945, 4], [946, 4], [947, 2], [947, 2], [907, 4], [908, 2], [908, 2], [868, 2], [828, 2], [788, 3], [787, 2], [747, 3], [746, 2], [706, 3], [705, 2], [665, 3], [664, 2], [624, 3], [624, 3], [623, 3], [622, 2], [582, 0]]"
1431,"[[788, 3], [787, 2], [747, 3], [746, 2], [706, 3], [705, 2], [665, 3], [664, 0]]"
1432,"[[985, 2], [945, 4], [946, 4], [946, 4], [947, 2], [907, 4], [908, 2], [868, 2], [868, 2], [828, 2], [788, 3], [787, 2], [747, 3], [746, 2], [747, 3], [746, 2], [706, 3], [746, 2], [786, 2], [786, 2], [746, 2], [706, 3], [705, 2], [665, 3], [664, 2], [624, 3], [623, 3], [624, 3], [623, 3], [622, 2], [622, 2], [582, 3], [581, 2], [582, 3], [581, 2], [541, 3], [540, 3], [540, 3], [539, 0], [539, 0], [540, 0]]"
1433,"[[788, 3], [787, 2], [747, 3], [747, 3], [707, 3], [706, 3], [705, 2], [665, 3], [664, 2], [663, 2], [623, 3], [622, 2], [623, 3], [622, 2], [582, 3], [581, 2], [541, 3], [540, 3], [500, 3], [499, 1], [539, 0], [539, 0]]"
1434,"[[832, 3], [831, 3], [832, 3], [831, 3], [830, 3], [829, 2], [828, 2], [828, 2], [788, 0]]"
1435,"[[206, 1], [246, 4], [247, 0], [247, 0], [287, 2], [287, 2], [247, 0], [247, 0], [287, 2], [247, 0], [247, 0], [247, 0], [247, 0], [247, 0], [247, 0], [247, 0], [247, 0], [247, 0], [247, 0], [247, 0], [247, 0], [247, 0], [247, 0], [247, 0], [247, 0]]"
1436,"[[1071, 2], [1031, 4], [1032, 2], [992, 4], [993, 2], [953, 4], [954, 2], [914, 2], [914, 2], [874, 0], [874, 0], [834, 1], [874, 0], [874, 0]]"
1437,"[[587, 3], [586, 3], [586, 3], [587, 3], [586, 3], [585, 1], [625, 3], [624, 3], [623, 3], [622, 2], [582, 3], [581, 2], [541, 3], [540, 3], [539, 0], [539, 0], [539, 0], [539, 0], [539, 0], [539, 0], [539, 0], [499, 1], [500, 3], [499, 1], [539, 0], [539, 0], [539, 0], [540, 3], [500, 3], [499, 1], [539, 0], [539, 0], [539, 0], [539, 0], [539, 0], [539, 0], [539, 0], [539, 0], [539, 0], [499, 1], [539, 0], [539, 0], [539, 0], [539, 0], [539, 0], [539, 0], [539, 0], [539, 0], [539, 0], [539, 0], [539, 0], [539, 0], [539, 0]]"
1438,"[[832, 3], [832, 3], [831, 3], [830, 3], [829, 2], [789, 3], [788, 3], [787, 2], [747, 3], [746, 2], [706, 3], [705, 2], [665, 3], [664, 2], [664, 2], [624, 3], [625, 3], [624, 3], [623, 3], [583, 3], [582, 3], [581, 2], [581, 2], [541, 0]]"
1439,"[[420, 1], [460, 1], [500, 3], [460, 1], [500, 3], [499, 0]]"
1440,"[[877, 3], [876, 3], [875, 3], [874, 0], [874, 0], [874, 0], [874, 0], [874, 0], [874, 0], [874, 0], [874, 0], [874, 0], [874, 0], [874, 0], [874, 0], [874, 0], [834, 1], [874, 0], [874, 0], [874, 0], [874, 0], [874, 0]]"
1441,"[[832, 3], [831, 3], [830, 3], [829, 2], [789, 3], [749, 3], [748, 3], [747, 3], [746, 2], [706, 3], [705, 2], [665, 3], [664, 2], [624, 3], [623, 0]]"
1442,"[[788, 3], [787, 2], [787, 2], [747, 3], [746, 2], [747, 3], [746, 2], [706, 3], [705, 2], [665, 3], [664, 2], [624, 3], [624, 3], [664, 2], [624, 3], [623, 3], [622, 2], [582, 3], [581, 2], [541, 3], [540, 3], [539, 0], [539, 0], [540, 3], [539, 0], [539, 0], [539, 0], [540, 3], [539, 0], [539, 0], [539, 0], [539, 0], [539, 0], [539, 0], [539, 0], [540, 3], [541, 3], [540, 3], [539, 0], [539, 0], [540, 3], [539, 0], [539, 0], [539, 0], [539, 0]]"
1443,"[[743, 2], [703, 2], [703, 2], [663, 2], [623, 3], [622, 2], [622, 2], [582, 3], [581, 2], [541, 3], [540, 3], [539, 0], [539, 0], [539, 0], [499, 1], [539, 0], [539, 0], [539, 0]]"
1444,"[[170, 3], [169, 3], [168, 3], [167, 1], [207, 1], [247, 0], [247, 0], [246, 4], [247, 0], [247, 0], [247, 0], [247, 0], [248, 3], [247, 0]]"
1445,"[[374, 3], [373, 3], [373, 3], [372, 2], [332, 3], [331, 3], [330, 2], [290, 3], [289, 3], [288, 2], [248, 3], [247, 0], [247, 0], [247, 0], [287, 2], [247, 0], [247, 0]]"
1446,"[[788, 3], [828, 2], [788, 3], [787, 2], [747, 3], [746, 2], [706, 3], [705, 2], [665, 3], [666, 3], [665, 3], [664, 2], [624, 3], [624, 3], [623, 3], [622, 2], [582, 3], [581, 2], [541, 3], [540, 3], [539, 0], [539, 0], [539, 0], [499, 0]]"
1447,"[[587, 3], [586, 3], [585, 1], [625, 3], [624, 3], [584, 1], [624, 3], [623, 3], [622, 2], [582, 3], [581, 2], [541, 3], [540, 3], [539, 0], [539, 0], [499, 0]]"
1448,"[[832, 3], [831, 3], [831, 3], [830, 3], [829, 2], [789, 3], [788, 3], [787, 2], [747, 3], [746, 2], [706, 3], [707, 3], [706, 0]]"
1449,"[[788, 3], [788, 3], [787, 2], [747, 3], [748, 3], [748, 3], [747, 3], [707, 3], [747, 3], [746, 2], [706, 3], [705, 2], [665, 3], [664, 2], [664, 2], [664, 2], [624, 3], [623, 3], [622, 2], [582, 3], [581, 2], [541, 3], [540, 3], [539, 0], [539, 0], [539, 0], [539, 0], [539, 0]]"
1450,"[[420, 1], [460, 1], [460, 1], [500, 3], [499, 1], [539, 0], [499, 1], [539, 0], [499, 1], [539, 0], [499, 1], [539, 0]]"
1451,"[[832, 3], [831, 3], [831, 3], [830, 3], [829, 2], [869, 2], [829, 2], [789, 3], [788, 3], [788, 3], [787, 2], [747, 3], [707, 3], [706, 3], [705, 2], [665, 3], [664, 2], [624, 3], [623, 3], [622, 2], [622, 2], [582, 3], [581, 2], [541, 3], [540, 3], [539, 0], [539, 0], [539, 0], [539, 0], [539, 0], [539, 0], [539, 0], [539, 0], [539, 0], [539, 0], [539, 0], [539, 0], [539, 0], [539, 0], [539, 0], [539, 0], [539, 0], [539, 0], [539, 0], [539, 0], [539, 0]]"
1452,"[[832, 3], [832, 3], [831, 3], [830, 0]]"
1453,"[[788, 3], [789, 3], [788, 3], [787, 0]]"
1454,"[[743, 2], [703, 2], [663, 2], [623, 3], [663, 2], [664, 2], [624, 3], [623, 3], [622, 2], [622, 2], [582, 3], [583, 3], [584, 1], [624, 3], [624, 3], [624, 3], [623, 3], [622, 2], [582, 3], [542, 3], [541, 3], [540, 3], [539, 0], [499, 1], [539, 0], [540, 3], [500, 3], [499, 1], [539, 0], [539, 0], [539, 0], [539, 0], [499, 1], [539, 0], [539, 0], [539, 0], [539, 0], [499, 1], [539, 0], [539, 0], [539, 0]]"
1455,"[[788, 3], [787, 2], [747, 3], [746, 2], [706, 3], [706, 3], [705, 2], [665, 3], [664, 2], [664, 2], [624, 3], [584, 1], [624, 3], [623, 3], [622, 2], [582, 3], [581, 2], [582, 3], [581, 2], [541, 3], [541, 3], [540, 3], [539, 0], [539, 0], [539, 0], [539, 0], [539, 0], [539, 0], [499, 1], [539, 0], [539, 0]]"
1456,"[[788, 3], [787, 2], [747, 3], [746, 2], [706, 3], [705, 2], [665, 3], [664, 2], [664, 2], [624, 3], [623, 3], [622, 2], [622, 2], [582, 3], [622, 2], [582, 3], [581, 2], [541, 3], [540, 3], [539, 0], [539, 0], [539, 0], [539, 0], [539, 0], [539, 0], [539, 0], [539, 0], [539, 0], [539, 0], [539, 0], [539, 0], [539, 0], [499, 1], [539, 0], [539, 0], [539, 0], [539, 0], [539, 0], [539, 0], [539, 0], [539, 0], [539, 0], [539, 0], [539, 0], [539, 0]]"
1457,"[[788, 3], [787, 2], [747, 3], [746, 2], [706, 3], [705, 2], [665, 3], [664, 2], [624, 3], [624, 3], [623, 3], [622, 2], [582, 3], [581, 2], [541, 3], [540, 3], [539, 0], [539, 0], [539, 0]]"
1458,"[[788, 3], [787, 2], [747, 3], [746, 2], [706, 3], [705, 2], [665, 3], [705, 2], [665, 3], [664, 2], [665, 3], [664, 2], [624, 3], [623, 3], [622, 2], [582, 3], [583, 0]]"
1459,"[[788, 3], [787, 2], [747, 3], [746, 2], [706, 3], [706, 3], [705, 2], [665, 3], [664, 2], [624, 3], [623, 0]]"
1460,"[[420, 1], [460, 1], [500, 3], [499, 1], [539, 0], [539, 0], [539, 0], [539, 0], [540, 3], [539, 0], [539, 0], [539, 0], [540, 3], [539, 0], [540, 3], [539, 0], [499, 1], [539, 0], [539, 0], [539, 0], [539, 0], [539, 0]]"
1461,"[[788, 3], [787, 2], [747, 3], [746, 2], [706, 3], [705, 2], [665, 3], [664, 2], [624, 3], [623, 3], [622, 2], [582, 3], [581, 2], [541, 3], [540, 3], [541, 3], [541, 3], [540, 3], [539, 0], [539, 0], [539, 0], [539, 0], [539, 0], [539, 0], [539, 0]]"
1462,"[[623, 3], [622, 2], [582, 3], [581, 2], [541, 3], [540, 3], [539, 0], [539, 0], [539, 0], [539, 0], [539, 0], [539, 0], [539, 0], [539, 0], [539, 0], [539, 0], [539, 0], [499, 1], [539, 0], [539, 0], [539, 0], [539, 0], [539, 0], [539, 0], [539, 0], [539, 0], [539, 0], [499, 1], [539, 0], [539, 0], [539, 0], [539, 0], [539, 0], [539, 0], [539, 0], [539, 0], [539, 0], [539, 0], [539, 0], [539, 0], [539, 0], [539, 0], [539, 0], [499, 1], [539, 0], [539, 0], [539, 0]]"
1463,"[[788, 3], [787, 2], [747, 3], [707, 3], [706, 3], [705, 2], [665, 3], [665, 3], [705, 2], [665, 0]]"
1464,"[[499, 1], [500, 3], [499, 1], [539, 0], [539, 0], [539, 0], [539, 0], [539, 0], [539, 0], [539, 0], [539, 0], [539, 0], [539, 0], [539, 0], [539, 0], [539, 0], [539, 0], [539, 0], [539, 0]]"
1465,"[[788, 3], [787, 2], [747, 3], [748, 3], [747, 3], [746, 2], [706, 3], [705, 2], [705, 2], [665, 3], [666, 3], [665, 3], [664, 2], [624, 0]]"
1466,"[[374, 3], [373, 3], [372, 2], [332, 3], [331, 3], [330, 2], [290, 3], [289, 3], [288, 2], [248, 0]]"
1467,"[[499, 1], [539, 0], [539, 0], [499, 1], [539, 0], [539, 0], [539, 0], [539, 0], [539, 0], [539, 0], [539, 0], [539, 0], [539, 0], [539, 0], [539, 0], [539, 0], [539, 0], [499, 1], [539, 0], [539, 0], [539, 0], [539, 0], [539, 0], [539, 0], [499, 1], [539, 0], [539, 0], [539, 0], [539, 0], [539, 0], [499, 1], [539, 0], [539, 0], [539, 0], [539, 0], [539, 0], [539, 0], [539, 0], [539, 0], [539, 0], [539, 0]]"
1468,"[[877, 3], [876, 3], [875, 3], [874, 0], [874, 0], [874, 0], [874, 0], [874, 0], [874, 0], [874, 0], [874, 0], [874, 0], [874, 0], [874, 0], [874, 0], [874, 0], [874, 0], [874, 0], [874, 0], [874, 0], [874, 0], [874, 0], [874, 0], [914, 2], [874, 0], [874, 0], [874, 0], [874, 0], [874, 0], [874, 0], [874, 0], [874, 0], [874, 0], [914, 2], [874, 0], [874, 0], [914, 2], [874, 0], [874, 0]]"
1469,"[[206, 1], [246, 4], [247, 0], [247, 0], [247, 0], [247, 0], [247, 0], [247, 0], [247, 0], [247, 0], [246, 4], [247, 0], [247, 0], [247, 0], [246, 4], [247, 0], [247, 0], [287, 2], [247, 0], [248, 3], [288, 2], [248, 3], [247, 0], [247, 0], [247, 0], [247, 0], [247, 0], [287, 2], [247, 0], [247, 0], [247, 0], [207, 1], [247, 0], [247, 0], [247, 0], [207, 1], [247, 0], [247, 0], [287, 2], [247, 0], [247, 0], [207, 1], [247, 0], [246, 4], [246, 4], [247, 0], [247, 0], [247, 0], [247, 0], [247, 0], [287, 2], [247, 0]]"
1470,"[[788, 3], [828, 2], [788, 3], [787, 2], [747, 3], [787, 2], [747, 3], [746, 2], [706, 3], [705, 2], [665, 3], [664, 2], [624, 3], [664, 2], [624, 3], [623, 3], [622, 2], [622, 2], [582, 3], [583, 3], [582, 3], [622, 2], [582, 3], [622, 0]]"
1471,"[[788, 3], [787, 2], [747, 3], [746, 2], [706, 3], [705, 2], [665, 3], [664, 2], [624, 3], [625, 3], [624, 3], [623, 3], [622, 2], [582, 3], [581, 2], [541, 3], [540, 3], [539, 0], [539, 0], [539, 0], [539, 0], [540, 3], [539, 0], [539, 0], [540, 3], [539, 0], [539, 0], [540, 3], [539, 0], [540, 0]]"
1472,"[[832, 3], [831, 3], [830, 3], [830, 3], [829, 2], [789, 3], [788, 3], [787, 2], [747, 3], [746, 2], [706, 3], [705, 2], [705, 2], [665, 3], [664, 2], [664, 2], [624, 3], [623, 3], [622, 2], [582, 3], [581, 2], [541, 3], [540, 3], [539, 0], [539, 0], [539, 0], [539, 0], [539, 0], [539, 0], [539, 0], [539, 0], [539, 0], [539, 0], [499, 1], [498, 4], [498, 4], [499, 1], [539, 0], [539, 0], [539, 0], [539, 0], [539, 0], [539, 0], [539, 0], [539, 0], [539, 0], [539, 0], [539, 0], [539, 0], [539, 0], [539, 0], [539, 0], [539, 0], [539, 0], [539, 0], [539, 0], [539, 0], [499, 1], [539, 0], [539, 0], [539, 0], [539, 0], [539, 0], [539, 0]]"
1473,"[[420, 1], [460, 1], [500, 3], [501, 3], [500, 3], [499, 0]]"
1474,"[[206, 1], [246, 4], [247, 0], [207, 1], [247, 0]]"
1475,"[[788, 3], [787, 2], [747, 3], [746, 2], [706, 3], [705, 2], [665, 3], [664, 2], [624, 3], [623, 3], [622, 2], [582, 3], [581, 0]]"
1476,"[[832, 3], [832, 3], [831, 3], [831, 3], [830, 3], [829, 2], [828, 2], [868, 2], [828, 2], [788, 3], [787, 2], [788, 3], [789, 3], [788, 3], [788, 3], [787, 2], [788, 3], [787, 2], [747, 3], [746, 2], [706, 3], [706, 3], [705, 2], [665, 3], [664, 2], [624, 3], [623, 3], [622, 2], [623, 3], [622, 2], [582, 3], [581, 2], [582, 3], [581, 2], [581, 2], [541, 3], [540, 3], [539, 0], [539, 0], [539, 0], [539, 0], [539, 0], [539, 0], [539, 0], [539, 0], [539, 0], [539, 0], [539, 0]]"
1477,"[[985, 2], [945, 4], [945, 4], [946, 4], [947, 2], [946, 4], [946, 4], [947, 2], [907, 4], [908, 2], [868, 2], [869, 2], [869, 2], [829, 2], [789, 3], [788, 3], [787, 2], [786, 2], [746, 2], [706, 3], [666, 0]]"
1478,"[[788, 3], [788, 3], [748, 3], [747, 3], [746, 2], [706, 3], [705, 2], [665, 0]]"
1479,"[[587, 3], [586, 3], [585, 1], [625, 3], [624, 3], [623, 3], [622, 2], [582, 3], [581, 2], [582, 3], [581, 2], [541, 3], [540, 0]]"
1480,"[[832, 3], [831, 3], [830, 3], [829, 2], [789, 3], [789, 3], [788, 3], [787, 2], [747, 3], [746, 2], [706, 3], [746, 2], [706, 3], [705, 2], [665, 3], [664, 2], [665, 3], [664, 2], [664, 2], [624, 3], [623, 3], [624, 3], [623, 3], [622, 2], [582, 3], [583, 3], [582, 3], [582, 3], [542, 3], [541, 3], [540, 3], [539, 0], [539, 0], [539, 0], [539, 0], [539, 0], [539, 0], [539, 0], [539, 0]]"
1481,"[[743, 2], [703, 2], [663, 2], [623, 3], [622, 2], [582, 3], [581, 2], [541, 3], [541, 3], [581, 2], [581, 2], [541, 3], [540, 0]]"
1482,"[[788, 3], [787, 2], [787, 2], [747, 3], [707, 3], [706, 3], [705, 2], [665, 3], [664, 2], [624, 3], [623, 3], [622, 2], [582, 3], [581, 2], [541, 3], [540, 3], [539, 0], [539, 0], [539, 0], [539, 0], [539, 0], [539, 0]]"
1483,"[[420, 1], [460, 1], [500, 3], [499, 1], [539, 0], [539, 0], [539, 0], [539, 0], [539, 0], [539, 0], [539, 0], [539, 0], [539, 0], [539, 0], [540, 3], [539, 0], [539, 0]]"
1484,"[[788, 3], [789, 3], [788, 3], [787, 2], [787, 2], [747, 3], [746, 2], [706, 3], [705, 2], [665, 3], [664, 2], [624, 3], [623, 3], [622, 2], [582, 3], [581, 2], [581, 2], [541, 3], [540, 3], [539, 0], [539, 0], [539, 0], [539, 0], [540, 3], [539, 0], [539, 0], [539, 0], [539, 0], [539, 0], [539, 0], [539, 0], [539, 0], [539, 0]]"
1485,"[[788, 3], [787, 2], [747, 3], [746, 2], [706, 3], [705, 2], [665, 3], [666, 3], [665, 3], [665, 3], [664, 2], [624, 3], [624, 3], [625, 3], [624, 3], [623, 3], [622, 2], [582, 3], [582, 3], [581, 2], [541, 3], [541, 3], [540, 3], [539, 0], [539, 0], [539, 0], [539, 0], [539, 0], [539, 0], [539, 0]]"
1486,"[[788, 3], [787, 2], [747, 3], [747, 3], [746, 2], [706, 3], [705, 2], [665, 3], [666, 3], [666, 3], [665, 3], [664, 2], [624, 3], [623, 3], [622, 2], [622, 2], [582, 3], [581, 2], [541, 0]]"
1487,"[[420, 1], [460, 1], [459, 1], [499, 1], [539, 0], [540, 3], [541, 3], [540, 3], [541, 3], [542, 3], [542, 3], [541, 3], [540, 0]]"
1488,"[[420, 1], [420, 1], [460, 1], [500, 3], [540, 3], [539, 0], [539, 0], [539, 0], [539, 0], [539, 0], [539, 0], [539, 0], [539, 0], [539, 0], [539, 0], [539, 0], [539, 0], [539, 0], [539, 0], [539, 0]]"
1489,"[[877, 3], [876, 3], [875, 3], [874, 0], [874, 0], [874, 0], [874, 0], [874, 0], [874, 0], [874, 0], [874, 0], [874, 0], [874, 0], [874, 0], [874, 0], [874, 0], [874, 0], [874, 0], [874, 0], [874, 0], [874, 0], [875, 0]]"
1490,"[[788, 3], [787, 2], [747, 3], [746, 2], [706, 3], [705, 2], [665, 3], [664, 2], [624, 3], [584, 1], [624, 3], [623, 3], [622, 2], [582, 3], [622, 2], [622, 2], [582, 3], [542, 3], [582, 3], [581, 2], [541, 3], [540, 3], [539, 0], [539, 0]]"
1491,"[[788, 3], [789, 3], [788, 3], [787, 2], [787, 2], [747, 3], [746, 2], [706, 3], [705, 2], [665, 3], [664, 2], [624, 3], [623, 3], [622, 2], [582, 3], [581, 2], [541, 3], [540, 3], [540, 3], [541, 3], [540, 3], [539, 0], [539, 0], [539, 0], [539, 0], [539, 0], [539, 0], [539, 0], [539, 0], [539, 0], [539, 0], [539, 0], [539, 0], [539, 0], [539, 0], [539, 0], [539, 0], [499, 1], [539, 0], [539, 0]]"
1492,"[[788, 3], [787, 2], [747, 3], [746, 2], [706, 3], [707, 3], [706, 3], [705, 2], [665, 3], [664, 2], [624, 3], [623, 3], [622, 2], [582, 3], [581, 2], [541, 3], [540, 3], [539, 0], [539, 0], [539, 0], [539, 0], [539, 0], [540, 3], [539, 0], [539, 0], [539, 0], [539, 0], [539, 0], [539, 0], [539, 0], [539, 0], [539, 0], [539, 0], [499, 1], [539, 0], [499, 1], [499, 1], [539, 0], [539, 0]]"
1493,"[[374, 3], [373, 3], [372, 2], [332, 3], [331, 3], [330, 2], [290, 3], [289, 3], [288, 2], [248, 3], [247, 0], [247, 0], [246, 4], [247, 0], [247, 0], [247, 0], [247, 0], [248, 3], [247, 0], [247, 0], [247, 0], [247, 0], [247, 0], [247, 0], [248, 3], [248, 3], [247, 0], [247, 0]]"
1494,"[[832, 3], [831, 3], [830, 3], [829, 2], [789, 3], [788, 3], [787, 2], [747, 3], [746, 2], [786, 2], [746, 2], [706, 3], [705, 2], [665, 3], [664, 2], [663, 2], [623, 3], [622, 2], [622, 2], [622, 2], [582, 3], [581, 2], [541, 3], [540, 0]]"
1495,"[[499, 1], [539, 0], [539, 0], [539, 0], [499, 1], [539, 0], [539, 0], [539, 0], [539, 0], [539, 0], [539, 0], [539, 0], [539, 0], [539, 0], [539, 0]]"
1496,"[[985, 2], [945, 4], [946, 4], [947, 2], [907, 4], [908, 2], [868, 2], [828, 2], [788, 3], [787, 2], [747, 3], [746, 2], [706, 3], [705, 2], [665, 3], [664, 2], [663, 2], [664, 2], [663, 2], [663, 2], [623, 3], [622, 2], [582, 3], [581, 2], [541, 3], [540, 3], [539, 0], [499, 1], [539, 0], [539, 0]]"
1497,"[[623, 3], [622, 2], [622, 2], [582, 3], [581, 2], [541, 3], [540, 3], [540, 3], [539, 0], [539, 0], [539, 0], [539, 0], [539, 0], [539, 0], [539, 0], [540, 3], [539, 0], [539, 0], [539, 0], [539, 0], [539, 0], [539, 0]]"
1498,"[[623, 3], [622, 2], [582, 3], [581, 2], [541, 3], [540, 3], [539, 0], [539, 0], [540, 3], [539, 0], [539, 0], [539, 0], [539, 0], [539, 0], [539, 0], [539, 0], [539, 0], [539, 0], [540, 3], [539, 0], [539, 0], [539, 0], [539, 0], [539, 0], [539, 0], [539, 0], [539, 0], [539, 0]]"
1499,"[[788, 3], [787, 2], [747, 3], [746, 2], [706, 3], [705, 2], [665, 3], [664, 2], [624, 3], [623, 3], [622, 2], [582, 3], [581, 2], [581, 2], [582, 3], [581, 2], [541, 3], [540, 3], [539, 0], [539, 0], [539, 0], [539, 0], [539, 0], [539, 0], [539, 0], [539, 0], [539, 0], [499, 1], [539, 0], [499, 1], [498, 4], [499, 1], [539, 0], [499, 1], [539, 0], [539, 0], [539, 0], [539, 0], [539, 0], [539, 0], [499, 1], [500, 3], [499, 0]]"
1500,"[[788, 3], [788, 3], [787, 2], [747, 3], [746, 2], [786, 2], [746, 2], [706, 0]]"
1501,"[[587, 3], [586, 3], [585, 1], [625, 3], [624, 3], [623, 3], [622, 2], [582, 3], [581, 2], [541, 3], [540, 3], [539, 0], [539, 0], [539, 0], [539, 0], [539, 0], [539, 0], [539, 0], [539, 0], [539, 0]]"
1502,"[[499, 1], [539, 0], [539, 0], [539, 0], [539, 0], [539, 0], [539, 0], [540, 3], [539, 0], [539, 0], [539, 0], [539, 0], [539, 0]]"
1503,"[[832, 3], [831, 3], [830, 3], [831, 3], [830, 3], [829, 2], [789, 3], [788, 3], [787, 2], [747, 3], [746, 2], [706, 3], [705, 2], [665, 3], [664, 2], [624, 3], [624, 3], [623, 3], [622, 0]]"
1504,"[[587, 3], [586, 3], [585, 1], [625, 3], [624, 3], [624, 3], [624, 3], [623, 3], [622, 2], [582, 3], [581, 2], [541, 3], [540, 3], [539, 0], [539, 0]]"
1505,"[[420, 1], [460, 1], [500, 3], [499, 1], [539, 0], [539, 0], [539, 0], [539, 0], [540, 3], [539, 0], [539, 0], [539, 0], [540, 3], [539, 0], [539, 0], [539, 0], [539, 0], [539, 0], [540, 3], [500, 3], [499, 1], [498, 4], [499, 1], [539, 0], [539, 0], [539, 0], [499, 1], [539, 0], [499, 1], [539, 0], [539, 0], [539, 0], [539, 0], [539, 0], [539, 0], [539, 0], [539, 0], [539, 0], [499, 0]]"
1506,"[[420, 1], [420, 1], [460, 1], [500, 3], [499, 1], [539, 0], [540, 3], [539, 0], [539, 0], [539, 0], [539, 0], [539, 0], [539, 0], [539, 0], [539, 0], [539, 0], [539, 0], [499, 1], [539, 0], [539, 0], [540, 3], [539, 0], [539, 0], [539, 0], [539, 0], [539, 0], [539, 0], [539, 0], [539, 0], [539, 0], [539, 0], [539, 0], [539, 0], [539, 0], [539, 0], [539, 0], [539, 0], [539, 0], [499, 1], [539, 0]]"
1507,"[[879, 3], [878, 3], [877, 3], [876, 3], [876, 3], [875, 3], [874, 0]]"
1508,"[[788, 3], [788, 3], [787, 2], [747, 3], [746, 2], [747, 3], [746, 2], [706, 3], [705, 2], [665, 3], [665, 3], [664, 2], [624, 0]]"
1509,"[[832, 3], [832, 3], [831, 3], [830, 3], [829, 2], [869, 2], [829, 2], [789, 3], [788, 3], [787, 2], [747, 3], [746, 2], [706, 3], [705, 2], [665, 0]]"
1510,"[[623, 3], [622, 2], [582, 3], [622, 2], [582, 3], [581, 2], [541, 3], [540, 3], [539, 0], [499, 1], [500, 0]]"
1511,"[[743, 2], [703, 2], [663, 2], [623, 3], [622, 2], [622, 2], [582, 3], [581, 2], [541, 3], [540, 3], [539, 0]]"
1512,"[[623, 3], [622, 2], [582, 3], [583, 3], [582, 3], [581, 2], [541, 3], [540, 3], [539, 0], [539, 0], [539, 0], [539, 0], [539, 0], [539, 0], [539, 0], [539, 0], [539, 0], [539, 0], [539, 0]]"
1513,"[[879, 3], [878, 3], [877, 3], [877, 3], [876, 3], [875, 3], [874, 0], [874, 0], [874, 0], [874, 0], [874, 0], [874, 0], [874, 0], [874, 0], [914, 2], [874, 0], [874, 0], [874, 0], [914, 2], [874, 0], [914, 2], [874, 0], [874, 0], [874, 0], [874, 0], [874, 0]]"
1514,"[[499, 1], [539, 0], [539, 0], [539, 0], [539, 0], [539, 0], [539, 0], [539, 0], [539, 0], [499, 1], [539, 0], [539, 0], [539, 0], [539, 0], [539, 0], [539, 0], [539, 0]]"
1515,"[[877, 3], [837, 1], [877, 3], [877, 3], [876, 3], [875, 3], [874, 0], [874, 0], [874, 0], [874, 0], [874, 0], [874, 0], [874, 0], [874, 0], [874, 0], [875, 3], [874, 0], [834, 1], [833, 4], [834, 1], [874, 0], [874, 0], [875, 3], [875, 3], [874, 0], [874, 0], [874, 0], [874, 0], [874, 0], [874, 0], [874, 0], [914, 2], [874, 0]]"
1516,"[[1105, 4], [1105, 4], [1106, 1], [1146, 4], [1147, 4], [1148, 2], [1108, 4], [1109, 4], [1110, 2], [1070, 4], [1071, 0]]"
1517,"[[788, 3], [787, 0]]"
1518,"[[788, 3], [787, 2], [747, 3], [707, 3], [706, 3], [705, 2], [706, 3], [705, 2], [665, 3], [664, 2], [624, 3], [623, 3], [622, 2], [622, 2], [582, 3], [581, 2], [581, 2], [541, 3], [540, 3], [539, 0], [539, 0], [539, 0], [539, 0], [539, 0]]"
1519,"[[420, 1], [420, 1], [460, 1], [420, 1], [460, 1], [459, 1], [499, 1], [539, 0], [539, 0], [539, 0], [539, 0], [539, 0], [539, 0], [539, 0]]"
1520,"[[623, 3], [622, 2], [582, 3], [581, 2], [581, 2], [541, 3], [540, 3], [539, 0], [539, 0], [539, 0], [539, 0], [539, 0], [539, 0], [539, 0], [539, 0], [539, 0], [539, 0], [539, 0], [539, 0], [539, 0], [539, 0], [539, 0], [539, 0], [539, 0], [540, 3], [541, 3], [540, 3], [539, 0], [539, 0], [499, 1], [539, 0], [539, 0], [539, 0], [539, 0], [539, 0], [539, 0], [539, 0], [539, 0], [539, 0], [539, 0], [499, 1], [539, 0], [539, 0]]"
1521,"[[420, 1], [460, 1], [500, 3], [499, 1], [500, 3], [499, 1], [498, 4], [498, 4], [499, 1], [539, 0], [539, 0]]"
1522,"[[879, 3], [878, 3], [877, 3], [876, 3], [875, 3], [874, 0], [914, 2], [954, 2], [914, 2], [874, 0], [914, 2], [914, 2], [874, 0], [874, 0], [874, 0], [874, 0], [874, 0], [874, 0], [875, 3], [874, 0], [874, 0], [874, 0], [874, 0], [874, 0], [874, 0], [874, 0], [874, 0], [874, 0], [874, 0], [874, 0], [874, 0], [874, 0], [874, 0], [874, 0], [874, 0], [874, 0]]"
1523,"[[832, 3], [831, 3], [830, 3], [829, 2], [789, 3], [788, 3], [787, 2], [747, 3], [746, 2], [706, 3], [705, 0]]"
1524,"[[743, 2], [744, 3], [743, 2], [703, 2], [703, 2], [663, 2], [623, 3], [583, 3], [582, 3], [581, 2], [541, 3], [540, 3], [539, 0], [539, 0], [539, 0], [539, 0], [539, 0], [539, 0], [539, 0], [539, 0], [539, 0], [540, 3], [539, 0], [539, 0], [539, 0], [539, 0], [539, 0], [539, 0], [539, 0], [539, 0], [539, 0], [539, 0], [539, 0], [539, 0], [539, 0], [539, 0], [540, 3], [539, 0], [539, 0], [539, 0], [539, 0], [539, 0], [539, 0], [539, 0]]"
1525,"[[788, 3], [748, 3], [747, 3], [746, 2], [706, 3], [746, 2], [746, 2], [746, 2], [706, 3], [707, 3], [747, 3], [746, 2], [706, 3], [705, 2], [665, 3], [664, 2], [624, 3], [623, 3], [622, 2], [622, 2], [582, 3], [581, 2], [541, 3], [540, 3], [539, 0], [539, 0], [539, 0], [539, 0], [539, 0], [539, 0], [499, 1], [539, 0], [539, 0], [539, 0], [539, 0], [539, 0], [539, 0], [539, 0], [539, 0], [539, 0], [539, 0], [539, 0], [539, 0], [539, 0]]"
1526,"[[420, 1], [380, 1], [420, 1], [460, 1], [500, 3], [499, 1], [539, 0], [540, 3], [540, 3], [540, 3], [539, 0], [539, 0], [539, 0]]"
1527,"[[788, 3], [787, 2], [747, 3], [746, 2], [746, 2], [706, 3], [705, 2], [665, 3], [664, 2], [664, 2], [624, 3], [623, 3], [622, 2], [582, 3], [581, 2], [541, 3], [540, 3], [539, 0], [539, 0], [540, 0]]"
1528,"[[420, 1], [460, 1], [500, 3], [499, 1], [539, 0], [539, 0], [539, 0], [539, 0], [539, 0], [539, 0], [539, 0], [540, 3], [539, 0], [539, 0], [539, 0], [539, 0], [539, 0], [539, 0], [539, 0], [539, 0], [539, 0], [539, 0], [539, 0], [539, 0], [539, 0], [539, 0], [539, 0], [539, 0], [539, 0], [539, 0], [539, 0], [540, 3], [540, 3], [539, 0], [539, 0], [539, 0], [539, 0], [539, 0], [539, 0], [539, 0], [539, 0], [539, 0], [539, 0], [539, 0], [539, 0], [539, 0], [539, 0], [539, 0], [539, 0], [539, 0], [540, 3], [541, 3], [542, 3], [541, 3], [540, 3], [540, 3], [539, 0], [539, 0], [499, 1], [539, 0], [539, 0], [499, 1], [539, 0], [539, 0], [540, 3], [539, 0], [539, 0], [539, 0], [539, 0], [539, 0]]"
1529,"[[1071, 2], [1031, 4], [1032, 2], [992, 4], [993, 2], [953, 4], [954, 2], [914, 2], [874, 0], [874, 0]]"
1530,"[[743, 2], [743, 2], [703, 2], [663, 2], [664, 2], [624, 3], [623, 3], [622, 2], [622, 2], [582, 3], [581, 2], [541, 3], [540, 3], [539, 0], [539, 0], [539, 0], [499, 1], [539, 0], [539, 0], [539, 0], [539, 0], [539, 0], [540, 3], [539, 0], [539, 0], [539, 0], [539, 0], [539, 0]]"
1531,"[[587, 3], [586, 3], [585, 1], [584, 1], [624, 3], [623, 3], [622, 2], [582, 3], [622, 2], [582, 3], [581, 2], [581, 2], [581, 2], [541, 3], [540, 3], [539, 0], [539, 0], [539, 0], [539, 0], [539, 0], [539, 0], [539, 0], [539, 0], [539, 0], [539, 0]]"
1532,"[[499, 1], [498, 4], [458, 1], [498, 4], [499, 1], [500, 3], [499, 1], [459, 1], [499, 1], [539, 0], [539, 0], [539, 0], [539, 0]]"
1533,"[[788, 3], [788, 3], [787, 2], [787, 2], [747, 0]]"
1534,"[[587, 3], [586, 3], [585, 0]]"
1535,"[[788, 3], [788, 3], [787, 2], [787, 2], [788, 3], [748, 3], [747, 3], [746, 2], [706, 3], [705, 2], [665, 3], [664, 2], [624, 3], [623, 3], [624, 3], [623, 3], [622, 2], [582, 3], [622, 2], [582, 0]]"
1536,"[[587, 3], [586, 3], [586, 3], [585, 1], [625, 0]]"
1537,"[[832, 3], [831, 3], [832, 3], [831, 3], [830, 3], [829, 2], [789, 3], [788, 3], [828, 2], [788, 3], [787, 2], [747, 3], [746, 0]]"
1538,"[[877, 3], [876, 3], [875, 3], [874, 0], [874, 0], [874, 0], [874, 0], [874, 0], [874, 0], [874, 0], [914, 2], [874, 0], [874, 0], [874, 0], [874, 0], [874, 0], [874, 0], [874, 0], [874, 0], [874, 0], [874, 0], [874, 0], [874, 0], [874, 0], [874, 0], [874, 0], [874, 0], [875, 3], [875, 3], [874, 0], [874, 0], [914, 2], [874, 0], [874, 0], [874, 0], [874, 0], [874, 0], [834, 1], [874, 0], [874, 0]]"
1539,"[[420, 1], [420, 1], [460, 1], [500, 3], [499, 1], [539, 0]]"
1540,"[[832, 3], [831, 3], [830, 3], [830, 3], [829, 2], [789, 3], [788, 3], [787, 2], [747, 3], [746, 2], [706, 3], [705, 2], [665, 3], [664, 2], [624, 3], [623, 3], [622, 2], [582, 3], [581, 2], [541, 3], [540, 3], [539, 0], [539, 0], [539, 0], [539, 0], [539, 0], [539, 0], [539, 0], [539, 0], [499, 1], [539, 0], [539, 0], [539, 0], [539, 0], [499, 1], [539, 0], [540, 3], [539, 0]]"
1541,"[[788, 3], [787, 2], [747, 3], [747, 3], [746, 2], [706, 3], [705, 2], [705, 2], [665, 3], [664, 2], [624, 3], [623, 3], [622, 2], [582, 0]]"
1542,"[[985, 2], [945, 4], [946, 4], [947, 2], [947, 2], [907, 4], [908, 2], [868, 2], [828, 2], [788, 3], [787, 2], [747, 3], [746, 2], [706, 3], [705, 2], [665, 3], [664, 2], [663, 2], [623, 3], [622, 2], [582, 3], [542, 3], [541, 3], [501, 3], [500, 3], [499, 1], [539, 0], [539, 0], [539, 0], [539, 0], [539, 0], [540, 3], [539, 0]]"
1543,"[[832, 3], [831, 3], [830, 3], [829, 2], [789, 3], [788, 3], [787, 2], [787, 2], [747, 3], [746, 2], [786, 2], [746, 2], [706, 3], [705, 2], [705, 2], [665, 0]]"
1544,"[[743, 2], [783, 0]]"
1545,"[[420, 1], [460, 1], [459, 1], [499, 1], [539, 0], [499, 1], [539, 0], [539, 0], [539, 0], [539, 0], [499, 1], [539, 0], [539, 0], [539, 0], [539, 0], [539, 0], [539, 0], [539, 0], [539, 0], [540, 3], [539, 0], [539, 0], [539, 0], [539, 0], [540, 3], [539, 0], [539, 0], [539, 0], [539, 0], [540, 3], [539, 0], [539, 0], [539, 0], [539, 0], [539, 0], [539, 0], [539, 0], [499, 1], [500, 3], [499, 1], [539, 0], [539, 0], [499, 1], [539, 0], [499, 1], [539, 0]]"
1546,"[[788, 3], [787, 2], [747, 3], [746, 2], [706, 3], [705, 2], [705, 2], [665, 3], [664, 2], [665, 3], [664, 2], [624, 3], [623, 3], [622, 2], [622, 2], [582, 3], [581, 0]]"
1547,"[[1071, 2], [1071, 2], [1031, 4], [1031, 4], [1032, 2], [992, 4], [993, 2], [953, 4], [993, 2], [953, 0]]"
1548,"[[832, 3], [831, 3], [830, 3], [829, 2], [789, 3], [788, 3], [787, 2], [747, 3], [746, 2], [706, 3], [705, 2], [665, 3], [664, 2], [624, 3], [623, 3], [663, 2], [623, 0]]"
1549,"[[877, 3], [876, 3], [875, 3], [874, 0], [874, 0], [874, 0], [874, 0], [874, 0], [874, 0], [874, 0], [874, 0], [874, 0], [875, 3], [874, 0], [874, 0], [874, 0], [834, 1], [874, 0], [874, 0], [834, 1], [874, 0], [874, 0], [874, 0], [874, 0], [874, 0], [914, 2], [874, 0], [874, 0], [874, 0], [874, 0], [874, 0]]"
1550,"[[788, 3], [787, 2], [747, 3], [746, 2], [706, 3], [705, 2], [665, 3], [664, 2], [624, 3], [623, 3], [622, 2], [582, 3], [581, 2], [541, 3], [540, 3], [539, 0], [539, 0], [539, 0], [539, 0], [539, 0], [539, 0], [539, 0], [539, 0], [539, 0], [539, 0], [540, 3], [539, 0], [499, 1], [539, 0], [539, 0], [539, 0], [539, 0], [539, 0], [539, 0], [539, 0], [539, 0], [539, 0], [539, 0]]"
1551,"[[623, 3], [622, 2], [622, 2], [582, 3], [581, 2], [541, 3], [501, 3], [500, 3], [540, 3], [539, 0], [539, 0], [539, 0], [539, 0], [539, 0], [539, 0]]"
1552,"[[1105, 4], [1106, 1], [1146, 4], [1147, 4], [1148, 2], [1108, 4], [1109, 4], [1110, 2], [1070, 0]]"
1553,"[[499, 1], [499, 1], [499, 0]]"
1554,"[[206, 1], [246, 4], [246, 4], [247, 0], [247, 0], [247, 0], [246, 4], [247, 0], [247, 0], [287, 2], [288, 2], [248, 3], [247, 0], [247, 0], [247, 0], [207, 1], [247, 0], [247, 0], [247, 0], [247, 0], [248, 3], [247, 0], [247, 0], [247, 0], [247, 0]]"
1555,"[[788, 3], [787, 2], [747, 3], [746, 2], [706, 3], [705, 2], [665, 3], [664, 2], [624, 3], [623, 3], [622, 2], [622, 2], [582, 3], [581, 2], [581, 2], [541, 3], [540, 3], [539, 0], [499, 1], [499, 1], [499, 1], [539, 0], [539, 0], [539, 0], [539, 0], [539, 0], [539, 0], [539, 0], [539, 0], [539, 0], [539, 0], [539, 0], [539, 0], [539, 0], [539, 0], [539, 0], [540, 3], [539, 0], [539, 0], [539, 0], [539, 0], [539, 0], [539, 0], [540, 3], [541, 3], [540, 3], [539, 0], [539, 0], [539, 0], [539, 0], [539, 0], [539, 0], [539, 0], [539, 0], [539, 0], [539, 0], [539, 0], [539, 0], [539, 0], [499, 1], [539, 0], [540, 3], [540, 3], [539, 0], [539, 0], [539, 0], [539, 0], [539, 0], [539, 0], [539, 0], [539, 0], [539, 0], [499, 1], [500, 3], [499, 1], [539, 0], [539, 0], [539, 0], [499, 1], [539, 0], [539, 0], [539, 0], [539, 0], [539, 0], [539, 0], [539, 0], [539, 0], [499, 1], [539, 0], [539, 0]]"
1556,"[[743, 2], [783, 2], [783, 2], [743, 2], [703, 2], [663, 2], [623, 3], [622, 2], [582, 3], [622, 2], [623, 3], [622, 2], [582, 3], [581, 2], [541, 3], [540, 3], [539, 0], [539, 0], [539, 0], [539, 0], [539, 0], [539, 0], [539, 0], [539, 0], [539, 0], [539, 0], [539, 0], [539, 0], [539, 0], [539, 0], [539, 0], [539, 0], [539, 0], [499, 1], [539, 0], [539, 0], [539, 0], [539, 0], [539, 0], [539, 0], [499, 1], [539, 0], [499, 1], [499, 1], [500, 3], [499, 1], [500, 3], [499, 1], [539, 0], [539, 0], [539, 0], [540, 3], [539, 0], [539, 0], [539, 0], [539, 0], [539, 0], [539, 0], [539, 0], [540, 3], [539, 0], [539, 0], [539, 0], [539, 0]]"
1557,"[[788, 3], [788, 3], [787, 2], [747, 3], [746, 2], [706, 3], [706, 3], [705, 2], [665, 3], [664, 2], [624, 3], [623, 3], [622, 2], [582, 3], [581, 2], [541, 3], [540, 3], [539, 0], [539, 0], [539, 0], [539, 0], [539, 0], [539, 0]]"
1558,"[[832, 3], [831, 3], [830, 3], [830, 3], [830, 3], [829, 2], [789, 3], [829, 2], [789, 3], [788, 3], [787, 2], [747, 3], [707, 3], [706, 3], [706, 3], [705, 2], [665, 3], [664, 2], [664, 2], [663, 2], [623, 0]]"
1559,"[[623, 3], [622, 2], [582, 3], [581, 2], [541, 3], [540, 3], [540, 3], [539, 0], [539, 0], [539, 0], [540, 3], [540, 3], [539, 0], [539, 0], [499, 1], [539, 0], [539, 0]]"
1560,"[[877, 3], [876, 3], [875, 3], [874, 0], [874, 0], [874, 0], [874, 0], [874, 0], [874, 0], [874, 0], [874, 0], [874, 0], [874, 0], [874, 0], [874, 0], [874, 0], [914, 2], [914, 2], [874, 0], [874, 0], [874, 0], [874, 0]]"
1561,"[[743, 2], [743, 2], [703, 2], [663, 2], [664, 2], [624, 3], [623, 3], [622, 2], [582, 3], [581, 2], [541, 3], [540, 3], [539, 0], [540, 3], [539, 0], [539, 0]]"
1562,"[[420, 1], [460, 1], [459, 1], [499, 1], [539, 0], [539, 0], [539, 0], [539, 0], [539, 0], [539, 0], [539, 0], [539, 0], [539, 0], [539, 0], [539, 0], [539, 0], [539, 0], [539, 0], [539, 0]]"
1563,"[[832, 3], [831, 3], [830, 3], [829, 2], [869, 2], [829, 0]]"
1564,"[[499, 1], [539, 0], [539, 0], [539, 0], [539, 0], [539, 0], [539, 0], [539, 0], [539, 0], [539, 0], [539, 0], [539, 0], [539, 0], [539, 0], [539, 0]]"
1565,"[[743, 2], [703, 2], [663, 2], [623, 3], [622, 2], [622, 2], [582, 3], [581, 2], [541, 3], [581, 2], [541, 3], [540, 3], [539, 0], [539, 0], [539, 0], [539, 0], [539, 0], [539, 0], [539, 0], [540, 3], [539, 0], [539, 0], [539, 0], [539, 0], [539, 0], [539, 0], [539, 0], [539, 0], [539, 0]]"
1566,"[[832, 3], [831, 3], [830, 3], [830, 3], [829, 2], [789, 3], [788, 3], [787, 2], [747, 3], [746, 0]]"
1567,"[[788, 3], [787, 2], [747, 3], [746, 2], [746, 2], [706, 3], [705, 2], [665, 3], [664, 2], [664, 2], [624, 3], [623, 3], [622, 2], [582, 3], [581, 2], [541, 3], [540, 3], [500, 3], [499, 1], [539, 0], [539, 0], [539, 0], [499, 1], [498, 0]]"
1568,"[[832, 3], [831, 3], [830, 3], [829, 2], [789, 3], [788, 3], [787, 2], [747, 3], [746, 2], [706, 3], [666, 3], [665, 3], [664, 2], [624, 3], [623, 3], [622, 2], [582, 3], [581, 2], [541, 3], [540, 3], [539, 0], [539, 0], [539, 0], [539, 0], [539, 0], [539, 0], [539, 0], [539, 0], [539, 0], [539, 0], [539, 0], [540, 3], [539, 0], [539, 0], [539, 0], [539, 0], [540, 3], [539, 0], [539, 0], [539, 0], [539, 0]]"
1569,"[[1071, 2], [1031, 4], [1032, 2], [1032, 2], [1031, 4], [1032, 2], [1032, 2], [992, 4], [993, 2], [953, 4], [954, 2], [914, 2], [874, 0], [874, 0], [874, 0], [874, 0], [874, 0]]"
1570,"[[623, 3], [622, 2], [582, 3], [581, 2], [541, 3], [540, 3], [539, 0], [539, 0], [539, 0], [539, 0], [539, 0], [539, 0], [539, 0], [539, 0], [539, 0], [499, 1], [539, 0]]"
1571,"[[420, 1], [460, 1], [500, 3], [499, 1], [539, 0], [539, 0], [539, 0], [540, 3], [500, 3], [500, 3], [499, 1], [539, 0], [539, 0], [539, 0], [539, 0], [539, 0], [539, 0], [539, 0], [539, 0], [539, 0], [539, 0], [539, 0], [539, 0], [539, 0], [499, 1], [539, 0], [539, 0], [539, 0], [539, 0], [539, 0], [539, 0], [539, 0]]"
1572,"[[499, 1], [539, 0], [539, 0], [539, 0], [539, 0], [539, 0], [539, 0], [539, 0], [539, 0], [539, 0], [539, 0], [539, 0], [539, 0], [539, 0], [539, 0], [539, 0], [539, 0], [540, 3], [539, 0], [539, 0], [539, 0], [539, 0], [540, 3], [539, 0], [539, 0], [539, 0], [539, 0], [539, 0], [539, 0], [539, 0], [539, 0], [539, 0], [539, 0], [539, 0], [539, 0], [539, 0], [539, 0], [539, 0], [539, 0], [539, 0], [539, 0]]"
1573,"[[788, 3], [787, 2], [747, 3], [746, 2], [706, 3], [705, 2], [665, 3], [664, 2], [624, 0]]"
1574,"[[1105, 4], [1105, 4], [1106, 1], [1146, 4], [1147, 4], [1148, 2], [1108, 4], [1109, 4], [1110, 2], [1070, 4], [1071, 2], [1071, 2], [1031, 4], [1032, 2], [992, 4], [993, 2], [953, 4], [954, 2], [914, 2], [914, 2], [874, 0], [874, 0], [834, 1], [834, 1], [874, 0], [874, 0], [874, 0], [874, 0], [874, 0], [874, 0], [874, 0]]"
1575,"[[420, 1], [460, 1], [500, 3], [499, 1], [539, 0], [539, 0], [539, 0], [539, 0], [539, 0], [540, 3], [539, 0], [540, 3], [539, 0], [539, 0], [539, 0], [539, 0]]"
1576,"[[623, 3], [622, 2], [582, 3], [581, 2], [581, 2], [581, 2], [582, 3], [581, 2], [541, 3], [540, 3], [500, 3], [499, 1], [539, 0], [539, 0], [539, 0], [539, 0], [539, 0], [539, 0], [539, 0], [539, 0], [539, 0]]"
1577,"[[788, 3], [787, 2], [787, 2], [747, 3], [746, 2], [706, 3], [666, 3], [665, 0]]"
1578,"[[420, 1], [420, 1], [460, 1], [500, 3], [499, 1], [539, 0], [499, 1], [539, 0], [539, 0], [539, 0], [539, 0], [539, 0], [539, 0], [539, 0], [499, 1], [539, 0], [540, 0]]"
1579,"[[743, 2], [703, 2], [703, 2], [663, 2], [663, 2], [623, 3], [622, 2], [582, 3], [581, 2], [541, 3], [540, 3], [539, 0], [539, 0], [539, 0], [539, 0], [539, 0], [499, 1], [498, 4], [499, 1], [539, 0], [539, 0], [539, 0], [540, 3], [539, 0]]"
1580,"[[1071, 2], [1031, 4], [1032, 2], [992, 4], [993, 2], [953, 4], [953, 4], [954, 2], [954, 2], [914, 2], [874, 0], [874, 0], [874, 0], [874, 0], [874, 0], [874, 0], [874, 0], [874, 0], [874, 0], [874, 0], [874, 0], [834, 1], [874, 0], [874, 0], [874, 0]]"
1581,"[[623, 3], [622, 2], [582, 3], [581, 2], [541, 3], [540, 3], [539, 0], [539, 0], [539, 0], [539, 0]]"
1582,"[[985, 2], [945, 4], [946, 4], [947, 0]]"
1583,"[[788, 3], [787, 2], [747, 3], [746, 2], [746, 2], [706, 3], [705, 2], [665, 3], [664, 2], [624, 3], [623, 3], [622, 2], [582, 3], [581, 2], [541, 3], [540, 3], [539, 0], [539, 0], [539, 0], [540, 3], [539, 0], [539, 0], [539, 0], [539, 0], [539, 0], [539, 0], [540, 3], [539, 0], [539, 0], [539, 0], [540, 3], [539, 0], [539, 0], [539, 0], [539, 0], [539, 0], [539, 0], [539, 0]]"
1584,"[[985, 2], [945, 4], [945, 4], [946, 4], [945, 4], [946, 4], [945, 4], [946, 4], [947, 2], [907, 4], [907, 4], [908, 2], [868, 2], [868, 2], [828, 2], [829, 2], [830, 3], [829, 2], [789, 3], [788, 3], [787, 2], [787, 2], [787, 2], [747, 3], [746, 2], [706, 3], [705, 2], [665, 3], [664, 2], [624, 3], [623, 3], [583, 3], [582, 3], [581, 2], [541, 3], [540, 3], [540, 3], [539, 0], [539, 0], [539, 0], [539, 0], [539, 0], [539, 0], [539, 0]]"
1585,"[[587, 3], [586, 3], [586, 3], [585, 1], [586, 3], [585, 1], [625, 3], [624, 3], [625, 3], [624, 3], [623, 3], [622, 2], [623, 3], [623, 3], [624, 3], [623, 3], [622, 2], [582, 3], [581, 2], [541, 3], [540, 3], [539, 0], [539, 0], [539, 0], [539, 0], [539, 0], [539, 0], [539, 0], [539, 0], [539, 0], [539, 0], [539, 0], [539, 0], [539, 0], [539, 0], [539, 0], [539, 0], [539, 0], [539, 0], [539, 0], [539, 0], [539, 0], [539, 0], [539, 0], [539, 0], [499, 1], [539, 0], [499, 1], [539, 0], [539, 0]]"
1586,"[[832, 3], [831, 3], [830, 3], [829, 2], [830, 3], [829, 2], [789, 3], [788, 3], [787, 2], [787, 2], [788, 3], [787, 2], [787, 2], [747, 3], [746, 2], [706, 3], [666, 3], [665, 3], [664, 2], [665, 3], [664, 2], [624, 3], [623, 3], [622, 2], [582, 3], [581, 2], [581, 2], [541, 3], [540, 0]]"
1587,"[[985, 2], [945, 4], [946, 4], [947, 2], [907, 4], [908, 2], [868, 2], [828, 2], [788, 3], [787, 2], [787, 2], [747, 3], [746, 2], [706, 3], [705, 2], [665, 3], [664, 2], [664, 2], [624, 3], [625, 3], [625, 3], [624, 0]]"
1588,"[[788, 3], [787, 2], [747, 3], [746, 2], [706, 3], [705, 2], [705, 2], [665, 3], [664, 0]]"
1589,"[[587, 3], [586, 3], [586, 3], [585, 1], [585, 1], [625, 3], [624, 3], [623, 3], [622, 2], [582, 3], [581, 2], [541, 3], [581, 2], [541, 3], [540, 3], [540, 3], [539, 0], [499, 1], [539, 0], [539, 0], [539, 0], [539, 0], [539, 0], [499, 1], [539, 0], [539, 0], [539, 0], [539, 0], [539, 0], [540, 3], [539, 0], [539, 0], [539, 0], [540, 3], [539, 0], [539, 0], [539, 0], [539, 0], [540, 3], [540, 3], [539, 0], [539, 0], [499, 1], [539, 0], [539, 0], [539, 0], [539, 0], [539, 0], [540, 3], [539, 0], [539, 0], [539, 0], [539, 0], [539, 0], [539, 0], [539, 0], [539, 0], [539, 0], [539, 0], [499, 1], [539, 0]]"
1590,"[[1071, 2], [1071, 2], [1031, 4], [1032, 2], [992, 4], [993, 2], [953, 4], [954, 2], [954, 2], [954, 2], [914, 2], [874, 0], [874, 0], [874, 0], [874, 0], [874, 0], [874, 0], [874, 0], [874, 0], [874, 0]]"
1591,"[[985, 2], [945, 4], [946, 4], [947, 2], [907, 4], [908, 2], [868, 2], [828, 2], [788, 3], [787, 0]]"
1592,"[[1071, 2], [1071, 2], [1031, 4], [1032, 2], [992, 4], [993, 2], [953, 4], [954, 2], [953, 4], [954, 2], [914, 2], [874, 0], [875, 3], [874, 0], [874, 0], [874, 0], [874, 0], [914, 2], [874, 0], [834, 1], [874, 0], [914, 2], [874, 0], [874, 0], [874, 0]]"
1593,"[[743, 2], [703, 2], [663, 2], [664, 2], [624, 3], [623, 3], [622, 2], [622, 2], [622, 2], [622, 2], [622, 2], [582, 3], [581, 2], [581, 2], [541, 3], [540, 3], [539, 0], [539, 0], [539, 0], [539, 0], [539, 0], [539, 0], [539, 0], [539, 0], [539, 0], [539, 0], [539, 0], [539, 0]]"
1594,"[[587, 3], [587, 3], [586, 3], [585, 1], [625, 3], [624, 3], [624, 3], [623, 3], [622, 2], [622, 2], [582, 3], [581, 2], [541, 3], [540, 3], [539, 0], [540, 3], [539, 0], [539, 0], [539, 0], [539, 0], [539, 0], [539, 0], [539, 0], [539, 0]]"
1595,"[[420, 1], [460, 1], [500, 3], [499, 1], [498, 4], [458, 1], [498, 4], [498, 4], [498, 4], [499, 1], [498, 4], [499, 1], [539, 0], [539, 0], [540, 3], [500, 3], [499, 1], [539, 0], [539, 0], [539, 0], [539, 0], [539, 0], [539, 0], [539, 0]]"
1596,"[[587, 3], [586, 3], [585, 1], [584, 1], [624, 3], [623, 3], [622, 2], [582, 3], [581, 2], [581, 2], [581, 2], [541, 3], [540, 3], [539, 0], [539, 0], [539, 0], [539, 0], [539, 0], [499, 1], [539, 0], [539, 0]]"
1597,"[[623, 3], [622, 2], [582, 3], [581, 2], [581, 2], [541, 3], [540, 3], [540, 3], [539, 0], [539, 0], [539, 0], [539, 0], [539, 0], [539, 0], [539, 0], [539, 0], [539, 0], [539, 0], [539, 0], [539, 0], [539, 0], [539, 0], [539, 0], [539, 0], [539, 0], [539, 0], [539, 0]]"
1598,"[[877, 3], [876, 3], [875, 3], [874, 0], [874, 0], [874, 0], [874, 0], [874, 0], [874, 0], [874, 0], [874, 0], [874, 0], [874, 0], [874, 0], [874, 0], [874, 0], [874, 0]]"
1599,"[[788, 3], [787, 2], [747, 3], [746, 2], [706, 3], [705, 2], [665, 3], [664, 2], [624, 3], [664, 2], [624, 3], [584, 1], [624, 3], [623, 3], [623, 3], [622, 2], [582, 3], [581, 2], [541, 3], [540, 3], [540, 3], [539, 0], [539, 0], [539, 0], [539, 0], [539, 0], [539, 0], [539, 0], [539, 0], [539, 0], [539, 0], [539, 0], [499, 0]]"
1600,"[[743, 2], [743, 2], [783, 2], [743, 2], [703, 2], [743, 2], [703, 2], [663, 2], [623, 3], [623, 3], [622, 2], [623, 3], [622, 2], [582, 3], [581, 2], [541, 3], [540, 3], [539, 0], [539, 0], [540, 3], [540, 3], [541, 3], [540, 3], [539, 0], [539, 0], [539, 0], [539, 0], [539, 0], [539, 0]]"
1601,"[[420, 1], [460, 1], [500, 3], [499, 1], [539, 0], [499, 1], [498, 4], [499, 1], [539, 0], [539, 0], [539, 0], [539, 0], [539, 0], [539, 0], [539, 0], [539, 0], [539, 0], [539, 0], [539, 0], [539, 0], [539, 0], [539, 0]]"
1602,"[[832, 3], [831, 3], [830, 3], [829, 2], [789, 3], [788, 3], [789, 3], [788, 3], [787, 2], [788, 3], [787, 2], [786, 2], [746, 2], [706, 3], [705, 2], [665, 3], [664, 2], [624, 3], [623, 3], [622, 2], [582, 3], [581, 2], [581, 2], [541, 3], [540, 3], [541, 3], [540, 3], [539, 0], [539, 0], [539, 0], [539, 0], [539, 0], [539, 0], [540, 3], [540, 3], [539, 0], [539, 0], [539, 0], [499, 1], [498, 4], [499, 1], [499, 1], [500, 3], [499, 1], [539, 0]]"
1603,"[[623, 3], [623, 3], [623, 3], [622, 2], [582, 3], [581, 2], [541, 3], [540, 3], [539, 0], [539, 0], [539, 0], [539, 0], [539, 0], [539, 0], [539, 0], [539, 0], [539, 0], [539, 0], [540, 0]]"
1604,"[[832, 3], [831, 3], [831, 3], [831, 3], [830, 3], [829, 2], [869, 2], [829, 2], [789, 3], [788, 3], [787, 2], [747, 3], [746, 2], [706, 3], [705, 2], [665, 3], [664, 2], [624, 0]]"
1605,"[[743, 2], [703, 2], [663, 2], [703, 2], [663, 2], [623, 3], [622, 2], [622, 2], [582, 3], [581, 2], [541, 3], [540, 3], [539, 0], [539, 0], [539, 0], [539, 0], [539, 0], [539, 0], [539, 0], [539, 0], [539, 0], [539, 0], [539, 0], [539, 0], [539, 0], [539, 0], [539, 0], [539, 0], [540, 3], [539, 0], [539, 0], [539, 0], [539, 0], [539, 0], [539, 0], [539, 0], [539, 0], [539, 0], [539, 0], [539, 0], [539, 0], [540, 0]]"
1606,"[[623, 3], [622, 2], [582, 3], [622, 2], [582, 3], [583, 3], [582, 3], [581, 2], [541, 3], [540, 3], [539, 0], [539, 0]]"
1607,"[[420, 1], [420, 1], [460, 1], [500, 3], [499, 1], [539, 0], [540, 3], [539, 0], [539, 0], [539, 0], [539, 0], [539, 0], [539, 0], [539, 0], [539, 0], [539, 0], [539, 0], [540, 3], [539, 0], [539, 0], [539, 0], [499, 1], [539, 0], [499, 1], [539, 0]]"
1608,"[[420, 1], [460, 1], [459, 1], [458, 1], [498, 4], [498, 4], [499, 1], [539, 0], [539, 0], [539, 0], [539, 0], [539, 0], [539, 0], [539, 0], [539, 0], [539, 0], [539, 0], [540, 3], [539, 0], [499, 1], [539, 0]]"
1609,"[[420, 1], [460, 1], [500, 3], [499, 1], [539, 0], [539, 0], [539, 0], [539, 0], [539, 0]]"
1610,"[[788, 3], [787, 2], [747, 3], [747, 3], [746, 2], [746, 0]]"
1611,"[[1105, 4], [1106, 1], [1146, 4], [1147, 4], [1148, 2], [1148, 2], [1148, 2], [1108, 4], [1109, 4], [1110, 2], [1070, 4], [1071, 2], [1031, 4], [1032, 2], [992, 4], [993, 2], [993, 2], [992, 4], [993, 2], [953, 4], [993, 2], [953, 4], [954, 2], [914, 2], [874, 0], [874, 0], [874, 0], [874, 0], [874, 0], [874, 0], [874, 0], [874, 0], [874, 0], [874, 0], [874, 0], [874, 0], [874, 0], [874, 0], [875, 3], [874, 0], [914, 2], [874, 0], [834, 1], [874, 0], [874, 0], [874, 0], [874, 0], [874, 0], [834, 1], [833, 4], [834, 1], [874, 0], [874, 0], [874, 0], [874, 0], [874, 0], [874, 0]]"
1612,"[[743, 2], [703, 2], [663, 2], [623, 3], [622, 2], [582, 3], [581, 2], [541, 3], [541, 3], [540, 3], [539, 0], [539, 0], [539, 0], [539, 0], [539, 0], [539, 0], [540, 3], [539, 0], [539, 0], [539, 0], [539, 0], [540, 3], [539, 0], [539, 0], [539, 0], [539, 0], [539, 0]]"
1613,"[[374, 3], [373, 3], [372, 2], [372, 2], [332, 3], [331, 3], [330, 2], [330, 2], [290, 3], [289, 3], [288, 2], [288, 2], [288, 2], [248, 3], [247, 0], [207, 1], [167, 1], [207, 1], [247, 0], [247, 0], [247, 0], [247, 0], [247, 0], [247, 0]]"
1614,"[[623, 3], [622, 2], [582, 3], [542, 3], [541, 3], [540, 3], [539, 0], [539, 0], [539, 0], [539, 0], [539, 0], [539, 0], [539, 0]]"
1615,"[[832, 3], [832, 3], [831, 3], [830, 3], [829, 2], [789, 3], [788, 3], [787, 2], [747, 3], [747, 3], [746, 2], [706, 3], [706, 0]]"
1616,"[[206, 1], [166, 1], [206, 1], [246, 4], [247, 0], [247, 0], [247, 0], [247, 0], [247, 0], [247, 0], [246, 4], [247, 0], [247, 0], [247, 0], [247, 0], [287, 2], [247, 0], [247, 0], [247, 0], [247, 0], [246, 4], [247, 0], [247, 0], [247, 0], [248, 3], [247, 0], [247, 0], [247, 0], [247, 0], [248, 3], [247, 0], [247, 0], [247, 0], [247, 0], [248, 3], [247, 0], [247, 0], [247, 0], [247, 0], [247, 0], [247, 0], [247, 0], [247, 0]]"
1617,"[[587, 3], [586, 3], [585, 1], [584, 1], [583, 3], [583, 3], [582, 3], [581, 2], [541, 3], [501, 3], [500, 3], [499, 1], [539, 0], [539, 0], [539, 0], [540, 3], [500, 3], [499, 1], [539, 0], [539, 0], [499, 1], [539, 0], [539, 0], [539, 0], [539, 0], [539, 0], [540, 3], [539, 0], [539, 0], [539, 0], [539, 0], [499, 1], [539, 0], [539, 0], [499, 1], [499, 1], [539, 0], [540, 3], [539, 0], [539, 0], [539, 0], [499, 1], [539, 0], [539, 0], [540, 3], [539, 0], [539, 0], [539, 0], [539, 0], [539, 0], [539, 0]]"
1618,"[[587, 3], [586, 3], [585, 1], [545, 1], [585, 1], [585, 1], [625, 3], [624, 3], [623, 3], [622, 2], [582, 3], [583, 3], [582, 3], [581, 2], [541, 3], [540, 3], [540, 3], [539, 0], [539, 0], [539, 0], [539, 0]]"
1619,"[[623, 3], [583, 3], [582, 3], [581, 2], [581, 2], [541, 3], [540, 3], [539, 0], [539, 0], [539, 0], [539, 0], [539, 0], [539, 0], [539, 0], [539, 0]]"
1620,"[[985, 2], [985, 2], [945, 4], [946, 4], [947, 2], [907, 4], [907, 4], [908, 2], [868, 2], [828, 2], [788, 3], [787, 2], [747, 3], [746, 2], [706, 3], [707, 3], [707, 3], [706, 3], [705, 2], [665, 3], [664, 2], [624, 3], [584, 1], [624, 3], [623, 3], [622, 2], [582, 3], [581, 2], [541, 3], [540, 3], [539, 0], [539, 0], [539, 0], [539, 0], [539, 0], [499, 1], [539, 0], [539, 0], [539, 0], [499, 1], [539, 0], [539, 0], [539, 0], [539, 0], [539, 0], [539, 0], [540, 3], [539, 0], [539, 0], [539, 0], [539, 0], [539, 0], [539, 0], [539, 0], [539, 0], [539, 0]]"
1621,"[[879, 3], [878, 3], [877, 3], [876, 3], [875, 3], [874, 0], [874, 0], [834, 1], [874, 0], [874, 0], [874, 0]]"
1622,"[[743, 2], [744, 3], [743, 2], [703, 2], [663, 2], [623, 3], [622, 2], [622, 2], [582, 3], [581, 2], [541, 3], [540, 3], [539, 0], [539, 0], [539, 0], [539, 0], [540, 0]]"
1623,"[[420, 1], [460, 1], [500, 3], [499, 1], [499, 1], [539, 0], [539, 0], [539, 0], [539, 0], [539, 0], [539, 0], [539, 0], [539, 0], [539, 0], [539, 0], [539, 0], [539, 0], [499, 1], [539, 0], [539, 0], [539, 0], [539, 0], [539, 0], [499, 1], [539, 0], [539, 0], [539, 0], [539, 0], [539, 0], [539, 0], [539, 0], [539, 0], [539, 0], [539, 0], [539, 0], [499, 1], [498, 0]]"
1624,"[[206, 1], [246, 4], [247, 0], [247, 0], [247, 0], [246, 4], [247, 0]]"
1625,"[[743, 2], [703, 2], [703, 2], [703, 0]]"
1626,"[[788, 3], [787, 2], [747, 3], [746, 2], [706, 3], [666, 3], [665, 3], [666, 3], [665, 3], [664, 2], [624, 3], [584, 1], [624, 3], [623, 3], [622, 2], [582, 3], [581, 2], [541, 3], [540, 3], [539, 0], [539, 0], [539, 0], [539, 0], [499, 1], [539, 0], [539, 0], [539, 0], [539, 0], [539, 0], [539, 0], [539, 0], [539, 0], [539, 0], [539, 0], [539, 0], [539, 0], [539, 0], [539, 0], [539, 0], [499, 1], [539, 0], [539, 0], [540, 3], [539, 0], [539, 0], [539, 0], [540, 3], [539, 0], [539, 0], [539, 0], [539, 0], [539, 0], [539, 0], [539, 0], [539, 0], [539, 0], [499, 1], [539, 0], [539, 0], [539, 0], [539, 0], [539, 0], [539, 0], [499, 1], [539, 0], [539, 0], [539, 0], [539, 0], [539, 0], [539, 0], [539, 0], [539, 0], [539, 0], [539, 0]]"
1627,"[[832, 3], [831, 3], [830, 3], [829, 2], [830, 3], [829, 2], [789, 3], [788, 3], [787, 0]]"
1628,"[[985, 2], [945, 4], [946, 0]]"
1629,"[[879, 3], [878, 3], [877, 3], [876, 3], [875, 3], [874, 0], [874, 0], [874, 0], [874, 0], [874, 0], [874, 0], [874, 0], [874, 0], [874, 0], [874, 0], [874, 0], [874, 0], [834, 1], [874, 0], [874, 0], [875, 3], [875, 3], [874, 0], [874, 0], [874, 0], [874, 0], [874, 0], [914, 0]]"
1630,"[[587, 3], [627, 2], [587, 3], [586, 3], [586, 3], [585, 1], [625, 3], [624, 3], [623, 3], [622, 2], [582, 3], [581, 2], [541, 3], [540, 3], [539, 0]]"
1631,"[[623, 3], [624, 3], [623, 3], [622, 2], [582, 3], [581, 2], [541, 3], [540, 3], [500, 3], [499, 1], [539, 0], [539, 0], [539, 0]]"
1632,"[[1105, 4], [1106, 1], [1146, 4], [1147, 4], [1148, 2], [1108, 4], [1109, 4], [1110, 2], [1070, 4], [1071, 2], [1031, 4], [1032, 2], [992, 4], [993, 2], [993, 2], [953, 4], [953, 4], [954, 2], [953, 4], [953, 4], [954, 2], [914, 2], [874, 0], [874, 0], [914, 2], [874, 0], [874, 0], [874, 0], [874, 0], [874, 0], [874, 0]]"
1633,"[[985, 2], [945, 4], [946, 4], [947, 2], [947, 0]]"
1634,"[[788, 3], [787, 2], [747, 3], [746, 2], [706, 3], [705, 2], [665, 3], [664, 2], [624, 3], [623, 3], [622, 2], [622, 2], [582, 3], [581, 2], [541, 3], [540, 3], [539, 0], [539, 0], [539, 0], [539, 0], [539, 0], [539, 0], [539, 0], [539, 0], [539, 0], [539, 0], [539, 0]]"
1635,"[[788, 3], [748, 3], [749, 3], [748, 3], [747, 3], [746, 2], [706, 3], [705, 2], [665, 3], [666, 3], [666, 3], [665, 3], [664, 2], [624, 3], [664, 2], [624, 3], [623, 3], [623, 3], [622, 2], [582, 3], [581, 2], [541, 3], [540, 3], [539, 0], [539, 0], [539, 0], [539, 0], [539, 0], [539, 0], [539, 0]]"
1636,"[[832, 3], [831, 3], [830, 3], [829, 2], [789, 3], [788, 3], [787, 2], [787, 2], [747, 3], [746, 2], [706, 3], [707, 3], [706, 3], [705, 0]]"
1637,"[[499, 1], [539, 0], [539, 0], [540, 3], [539, 0], [539, 0], [539, 0]]"
1638,"[[788, 3], [787, 2], [747, 3], [746, 2], [706, 3], [666, 3], [665, 3], [664, 2], [664, 2], [624, 3], [623, 3], [622, 2], [582, 3], [581, 2], [541, 3], [540, 3], [539, 0], [539, 0], [540, 3], [539, 0], [539, 0], [539, 0], [499, 1], [539, 0], [539, 0], [539, 0], [539, 0], [539, 0], [539, 0], [539, 0], [539, 0], [539, 0], [539, 0], [539, 0], [539, 0], [539, 0], [539, 0], [539, 0], [539, 0], [539, 0], [499, 1], [500, 3], [460, 1], [500, 3], [499, 1], [539, 0], [539, 0], [539, 0], [539, 0], [539, 0], [539, 0], [539, 0], [539, 0], [539, 0], [539, 0], [539, 0]]"
1639,"[[587, 3], [586, 3], [585, 1], [545, 1], [585, 1], [625, 3], [624, 0]]"
1640,"[[985, 2], [945, 4], [946, 4], [947, 2], [907, 4], [947, 2], [907, 4], [908, 2], [868, 2], [868, 2], [828, 2], [829, 2], [829, 2], [789, 3], [788, 3], [828, 2], [788, 3], [787, 2], [747, 3], [747, 3], [746, 0]]"
1641,"[[41, 4], [41, 4], [42, 1], [41, 4], [42, 1], [82, 4], [83, 0]]"
1642,"[[420, 1], [460, 1], [459, 1], [499, 1], [539, 0], [539, 0], [539, 0], [539, 0], [539, 0], [539, 0], [539, 0], [540, 3], [539, 0], [539, 0], [539, 0], [539, 0], [539, 0], [539, 0], [539, 0], [539, 0], [539, 0], [499, 1], [459, 1], [459, 1], [499, 0]]"
1643,"[[788, 3], [787, 2], [747, 3], [746, 2], [746, 2], [706, 3], [707, 3], [707, 3], [706, 3], [666, 3], [665, 3], [665, 3], [664, 2], [624, 3], [623, 3], [622, 2], [623, 3], [622, 2], [582, 3], [583, 3], [582, 3], [581, 2], [541, 3], [541, 3], [540, 3], [539, 0], [539, 0], [539, 0], [539, 0], [539, 0], [539, 0], [539, 0], [539, 0], [539, 0], [539, 0], [539, 0], [539, 0], [539, 0]]"
1644,"[[499, 1], [539, 0], [539, 0], [539, 0], [539, 0], [539, 0], [540, 3], [539, 0], [539, 0], [539, 0], [539, 0], [539, 0], [539, 0], [539, 0], [539, 0], [539, 0], [539, 0], [539, 0], [539, 0], [540, 3], [539, 0], [539, 0], [539, 0], [539, 0], [539, 0], [539, 0], [539, 0], [539, 0], [539, 0], [539, 0], [540, 3], [539, 0], [539, 0], [539, 0], [539, 0], [499, 1], [539, 0], [539, 0], [539, 0], [539, 0], [539, 0], [539, 0], [539, 0], [539, 0], [539, 0], [540, 3], [540, 3], [540, 3], [539, 0], [539, 0], [539, 0], [539, 0], [539, 0], [499, 1], [539, 0], [539, 0], [539, 0], [539, 0], [539, 0], [539, 0], [539, 0], [539, 0], [539, 0], [539, 0], [540, 3], [539, 0], [539, 0], [540, 3], [539, 0], [539, 0], [539, 0], [539, 0], [540, 3], [500, 3], [499, 1], [539, 0]]"
1645,"[[743, 2], [703, 2], [663, 2], [623, 3], [622, 2], [582, 3], [581, 2], [541, 3], [541, 3], [540, 3], [540, 3], [539, 0], [539, 0], [539, 0], [539, 0], [539, 0], [539, 0], [539, 0], [539, 0], [539, 0], [539, 0], [539, 0], [539, 0], [539, 0], [539, 0], [539, 0], [539, 0]]"
1646,"[[985, 2], [985, 2], [945, 4], [946, 4], [947, 2], [907, 4], [908, 2], [868, 2], [828, 2], [788, 3], [787, 2], [747, 3], [746, 0]]"
1647,"[[832, 3], [831, 3], [830, 3], [829, 2], [789, 3], [788, 3], [748, 3], [747, 3], [748, 3], [747, 3], [746, 2], [706, 3], [705, 2], [665, 3], [664, 2], [664, 2], [624, 3], [623, 3], [622, 2], [582, 3], [581, 2], [541, 3], [540, 3], [540, 3], [541, 3], [540, 0]]"
1648,"[[879, 3], [878, 3], [878, 3], [877, 3], [876, 3], [876, 3], [875, 3], [874, 0], [874, 0], [874, 0], [874, 0], [874, 0]]"
1649,"[[788, 3], [787, 2], [747, 3], [746, 2], [786, 2], [746, 2], [706, 3], [705, 2], [705, 2], [665, 3], [664, 2], [624, 3], [664, 2], [624, 3], [664, 2], [624, 3], [623, 3], [622, 2], [582, 3], [581, 2], [541, 3], [540, 3], [539, 0], [499, 1], [539, 0], [539, 0], [539, 0], [539, 0], [539, 0], [539, 0], [539, 0], [539, 0], [539, 0], [539, 0], [539, 0], [539, 0], [539, 0], [539, 0], [539, 0], [499, 1], [539, 0], [539, 0], [539, 0], [539, 0], [539, 0]]"
1650,"[[623, 3], [622, 2], [582, 3], [581, 2], [541, 3], [540, 3], [539, 0], [539, 0], [539, 0], [539, 0], [540, 0]]"
1651,"[[420, 1], [460, 1], [459, 1], [459, 1], [499, 1], [459, 1], [499, 1], [539, 0], [539, 0], [539, 0], [540, 3], [539, 0], [539, 0], [539, 0], [540, 3], [539, 0], [539, 0], [499, 0]]"
1652,"[[587, 3], [586, 3], [585, 1], [625, 3], [585, 1], [625, 3], [624, 3], [623, 3], [623, 3], [622, 2], [582, 3], [581, 2], [541, 3], [540, 3], [539, 0], [539, 0], [539, 0], [499, 1], [539, 0], [539, 0], [539, 0]]"
1653,"[[879, 3], [878, 3], [877, 3], [876, 3], [875, 3], [874, 0], [874, 0], [874, 0], [874, 0], [874, 0], [874, 0], [834, 1], [874, 0], [874, 0], [874, 0], [874, 0], [874, 0], [914, 2], [914, 2], [914, 2], [874, 0], [874, 0]]"
1654,"[[788, 3], [787, 2], [747, 3], [746, 2], [747, 3], [746, 2], [706, 3], [705, 2], [665, 3], [664, 2], [624, 3], [623, 3], [622, 2], [582, 3], [581, 2], [581, 2], [581, 0]]"
1655,"[[832, 3], [831, 3], [830, 3], [829, 2], [789, 3], [788, 3], [787, 2], [747, 3], [787, 2], [747, 3], [747, 3], [746, 2], [746, 2], [706, 3], [705, 2], [665, 3], [664, 2], [624, 3], [623, 3], [622, 2], [582, 3], [581, 2], [541, 3], [540, 0]]"
1656,"[[623, 3], [622, 2], [582, 3], [582, 3], [581, 2], [541, 3], [540, 3], [539, 0], [539, 0], [539, 0], [539, 0], [539, 0], [540, 3], [539, 0], [539, 0], [539, 0], [539, 0], [539, 0], [499, 1], [498, 4], [499, 1], [539, 0], [539, 0], [539, 0], [539, 0], [539, 0], [539, 0], [539, 0], [539, 0], [539, 0]]"
1657,"[[587, 3], [586, 3], [585, 1], [625, 3], [585, 1], [625, 3], [624, 3], [623, 3], [622, 2], [582, 3], [542, 3], [541, 0]]"
1658,"[[623, 3], [622, 2], [582, 3], [581, 2], [581, 2], [541, 3], [540, 3], [539, 0], [539, 0]]"
1659,"[[420, 1], [460, 1], [459, 1], [499, 1], [459, 1], [499, 1], [459, 1], [499, 1], [539, 0], [539, 0], [539, 0], [539, 0], [539, 0], [539, 0], [539, 0], [539, 0], [539, 0], [539, 0], [539, 0], [539, 0], [539, 0], [540, 3], [500, 3], [499, 1], [539, 0], [539, 0], [539, 0]]"
1660,"[[743, 2], [703, 2], [703, 2], [703, 0]]"
1661,"[[743, 2], [703, 2], [663, 2], [623, 3], [622, 2], [582, 3], [581, 2], [541, 3], [540, 3], [539, 0], [539, 0], [539, 0]]"
1662,"[[832, 3], [831, 3], [830, 3], [829, 2], [789, 3], [788, 3], [787, 2], [747, 3], [746, 2], [747, 3], [746, 2], [706, 3], [705, 2], [705, 2], [665, 3], [665, 3], [664, 2], [624, 3], [623, 3], [622, 2], [582, 3], [581, 2], [541, 3], [540, 3], [539, 0], [539, 0], [539, 0], [539, 0], [539, 0], [499, 1], [539, 0], [539, 0], [539, 0], [539, 0], [539, 0], [539, 0], [539, 0], [539, 0], [539, 0], [539, 0], [539, 0], [539, 0], [539, 0], [499, 1], [539, 0], [539, 0], [539, 0], [539, 0], [539, 0], [539, 0], [539, 0], [539, 0], [539, 0], [539, 0], [499, 1], [539, 0], [539, 0], [539, 0]]"
1663,"[[623, 3], [583, 3], [582, 3], [581, 2], [541, 3], [540, 3], [539, 0], [539, 0], [499, 1], [539, 0], [539, 0], [499, 1], [539, 0], [539, 0], [499, 0]]"
1664,"[[879, 3], [879, 3], [878, 3], [877, 3], [876, 3], [877, 3], [876, 3], [875, 3], [874, 0], [874, 0], [874, 0], [874, 0], [874, 0], [874, 0], [874, 0], [874, 0], [874, 0], [874, 0], [914, 2], [914, 2], [874, 0], [874, 0], [875, 3], [874, 0], [874, 0], [874, 0], [874, 0], [874, 0], [874, 0], [874, 0], [874, 0], [834, 1], [874, 0], [874, 0], [874, 0], [874, 0], [875, 3], [874, 0], [914, 2], [874, 0], [874, 0], [874, 0], [874, 0], [874, 0], [874, 0], [874, 0], [874, 0], [874, 0], [874, 0], [874, 0], [874, 0], [874, 0]]"
1665,"[[832, 3], [831, 3], [830, 3], [829, 2], [829, 2], [829, 2], [789, 3], [788, 3], [748, 3], [749, 3], [748, 3], [788, 3], [787, 2], [747, 3], [746, 2], [747, 3], [746, 2], [706, 3], [705, 2], [665, 3], [664, 2], [624, 3], [623, 3], [624, 0]]"
1666,"[[832, 3], [832, 3], [831, 3], [830, 3], [829, 2], [789, 3], [788, 3], [788, 3], [788, 3], [787, 2], [747, 3], [746, 2], [706, 3], [705, 2], [665, 3], [664, 2], [624, 3], [623, 3], [622, 2], [623, 3], [622, 2], [582, 3], [581, 2], [541, 3], [540, 3], [541, 3], [540, 3], [539, 0], [539, 0], [539, 0], [539, 0]]"
1667,"[[420, 1], [460, 1], [500, 3], [499, 1], [539, 0], [539, 0], [539, 0], [540, 3], [539, 0], [539, 0], [540, 3], [541, 3], [501, 3], [500, 3], [499, 1], [539, 0], [539, 0], [539, 0], [539, 0], [539, 0], [539, 0], [539, 0], [539, 0], [539, 0], [539, 0], [499, 0]]"
1668,"[[743, 2], [703, 2], [663, 2], [703, 2], [663, 2], [623, 3], [622, 2], [582, 3], [581, 2], [541, 3], [540, 3], [539, 0], [539, 0], [539, 0], [539, 0], [539, 0], [539, 0], [539, 0], [539, 0], [539, 0], [540, 3], [539, 0], [539, 0], [539, 0], [539, 0], [539, 0]]"
1669,"[[374, 3], [373, 3], [372, 0]]"
1670,"[[877, 3], [876, 3], [876, 3], [875, 3], [876, 3], [877, 3], [876, 0]]"
1671,"[[374, 3], [373, 3], [373, 3], [372, 2], [332, 3], [331, 3], [330, 2], [290, 3], [291, 3], [290, 3], [289, 3], [288, 2], [248, 3], [247, 0], [247, 0], [287, 2], [247, 0], [247, 0], [247, 0], [247, 0], [247, 0], [248, 3], [247, 0], [247, 0], [247, 0], [207, 1], [247, 0], [207, 1], [167, 1], [168, 3], [128, 1], [127, 1], [127, 1], [167, 1], [207, 1], [247, 0], [247, 0], [207, 0]]"
1672,"[[877, 3], [876, 3], [875, 3], [875, 3], [874, 0], [874, 0], [874, 0]]"
1673,"[[985, 2], [945, 4], [946, 4], [946, 4], [947, 2], [907, 4], [908, 2], [868, 2], [828, 2], [788, 3], [787, 2], [747, 3], [746, 2], [706, 3], [705, 2], [665, 3], [625, 3], [624, 3], [623, 3], [622, 0]]"
1674,"[[420, 1], [380, 1], [420, 1], [460, 1], [500, 3], [499, 1], [539, 0], [539, 0], [539, 0], [539, 0], [539, 0], [539, 0], [539, 0], [539, 0], [539, 0], [539, 0], [539, 0], [539, 0], [499, 1], [539, 0], [539, 0], [539, 0], [539, 0], [539, 0], [539, 0], [539, 0], [539, 0], [539, 0], [539, 0], [539, 0], [539, 0], [539, 0], [539, 0], [539, 0], [539, 0], [540, 0]]"
1675,"[[788, 3], [787, 2], [747, 3], [746, 2], [706, 3], [705, 2], [705, 2], [665, 3], [664, 2], [624, 3], [623, 3], [622, 2], [582, 3], [582, 3], [581, 0]]"
1676,"[[743, 2], [703, 2], [663, 2], [703, 0]]"
1677,"[[1071, 2], [1031, 4], [1032, 2], [992, 4], [993, 2], [953, 4], [954, 2], [914, 2], [914, 2], [874, 0], [874, 0], [874, 0], [834, 0]]"
1678,"[[788, 3], [787, 2], [747, 3], [746, 2], [706, 3], [705, 2], [665, 3], [664, 2], [665, 3], [664, 2], [624, 3], [625, 3], [624, 3], [623, 3], [622, 2], [582, 3], [581, 2], [541, 3], [540, 3], [539, 0], [539, 0], [539, 0], [539, 0], [539, 0], [539, 0], [539, 0], [539, 0], [539, 0], [539, 0], [539, 0], [540, 3], [539, 0], [539, 0], [539, 0], [539, 0], [539, 0], [539, 0], [539, 0], [539, 0], [540, 3], [539, 0], [539, 0], [539, 0], [539, 0], [539, 0], [539, 0], [539, 0], [539, 0], [539, 0], [539, 0], [539, 0], [499, 1], [539, 0], [539, 0], [539, 0], [539, 0], [539, 0], [539, 0], [540, 0]]"
1679,"[[420, 1], [460, 1], [460, 1], [500, 3], [499, 1], [539, 0], [539, 0], [539, 0], [539, 0], [539, 0], [540, 3], [540, 3], [539, 0], [539, 0], [539, 0], [539, 0], [539, 0], [540, 3], [539, 0], [539, 0], [499, 1], [539, 0], [539, 0], [539, 0], [540, 3], [541, 0]]"
1680,"[[877, 3], [876, 3], [877, 3], [876, 3], [875, 3], [875, 3], [875, 3], [874, 0], [874, 0], [874, 0], [874, 0], [874, 0], [874, 0], [874, 0], [874, 0], [874, 0], [874, 0], [914, 2], [874, 0], [874, 0], [875, 3], [874, 0], [874, 0], [914, 2], [874, 0], [874, 0], [874, 0], [874, 0], [874, 0], [874, 0], [914, 2], [874, 0], [874, 0], [874, 0], [914, 2], [874, 0], [874, 0], [874, 0], [834, 1], [874, 0], [874, 0], [874, 0], [874, 0], [874, 0], [874, 0], [874, 0], [874, 0], [914, 2], [874, 0], [874, 0], [874, 0], [874, 0], [874, 0]]"
1681,"[[623, 3], [622, 2], [582, 3], [581, 2], [541, 3], [540, 3], [539, 0], [539, 0], [539, 0], [539, 0], [539, 0], [539, 0], [539, 0], [539, 0], [539, 0], [539, 0]]"
1682,"[[832, 3], [831, 3], [830, 3], [829, 2], [789, 3], [788, 3], [828, 2], [788, 3], [787, 2], [747, 3], [746, 2], [706, 0]]"
1683,"[[832, 3], [831, 3], [830, 3], [829, 2], [828, 2], [829, 2], [789, 0]]"
1684,"[[623, 3], [624, 3], [623, 3], [622, 2], [582, 3], [581, 2], [541, 3], [540, 3], [540, 3], [539, 0], [539, 0], [539, 0], [539, 0], [539, 0], [539, 0], [539, 0], [540, 3], [541, 0]]"
1685,"[[499, 1], [539, 0], [539, 0], [539, 0], [539, 0], [539, 0], [539, 0], [539, 0], [540, 3], [539, 0], [539, 0], [539, 0], [539, 0], [539, 0], [539, 0], [539, 0], [539, 0], [539, 0], [539, 0], [539, 0], [539, 0], [539, 0], [539, 0], [539, 0], [539, 0], [539, 0], [539, 0], [539, 0], [539, 0], [539, 0], [539, 0], [539, 0], [539, 0], [539, 0], [539, 0], [539, 0], [540, 3], [541, 3], [540, 3], [541, 3], [540, 3], [539, 0], [539, 0], [539, 0], [539, 0], [539, 0], [539, 0], [539, 0], [539, 0], [539, 0], [539, 0], [539, 0], [539, 0], [539, 0], [539, 0], [539, 0], [539, 0], [539, 0], [539, 0], [539, 0], [539, 0], [539, 0], [539, 0], [539, 0], [499, 1], [539, 0]]"
1686,"[[788, 3], [787, 2], [747, 3], [746, 2], [706, 3], [705, 2], [665, 3], [664, 2], [664, 2], [663, 2], [623, 3], [622, 2], [582, 3], [581, 2], [541, 3], [542, 3], [541, 3], [540, 3], [539, 0], [539, 0], [539, 0]]"
1687,"[[788, 3], [828, 2], [788, 3], [787, 2], [747, 0]]"
1688,"[[374, 3], [373, 3], [374, 3], [373, 3], [372, 2], [372, 2], [332, 3], [331, 3], [330, 2], [290, 3], [289, 3], [288, 2], [288, 2], [248, 3], [247, 0], [247, 0], [247, 0], [247, 0], [247, 0], [247, 0], [247, 0], [247, 0], [247, 0], [247, 0], [247, 0], [247, 0], [247, 0], [247, 0], [247, 0], [287, 0]]"
1689,"[[788, 3], [787, 2], [747, 3], [747, 3], [746, 2], [747, 3], [747, 3], [746, 2], [706, 3], [705, 2], [665, 3], [664, 2], [624, 3], [623, 3], [622, 2], [582, 3], [582, 3], [581, 2], [541, 0]]"
1690,"[[420, 1], [460, 1], [500, 3], [499, 1], [539, 0], [539, 0], [540, 3], [539, 0], [539, 0], [539, 0], [539, 0], [539, 0], [539, 0]]"
1691,"[[623, 3], [622, 2], [622, 2], [622, 2], [582, 3], [581, 2], [581, 2], [581, 2], [581, 2], [581, 2], [581, 2], [541, 3], [540, 3], [541, 3], [540, 3], [539, 0], [539, 0], [539, 0], [539, 0], [539, 0], [539, 0], [539, 0], [539, 0], [539, 0], [539, 0], [539, 0], [539, 0], [539, 0], [539, 0], [539, 0], [499, 1], [539, 0], [539, 0], [539, 0], [539, 0], [539, 0], [539, 0], [539, 0], [539, 0], [540, 3], [541, 3], [540, 3], [539, 0], [539, 0], [539, 0], [539, 0], [539, 0]]"
1692,"[[623, 3], [622, 2], [582, 3], [581, 2], [541, 3], [540, 3], [539, 0], [539, 0]]"
1693,"[[420, 1], [420, 1], [460, 1], [500, 3], [499, 1], [539, 0], [539, 0], [539, 0], [539, 0], [539, 0], [539, 0], [539, 0], [539, 0], [539, 0], [539, 0], [539, 0], [539, 0], [539, 0], [539, 0], [539, 0], [539, 0], [539, 0], [499, 1], [539, 0], [539, 0], [539, 0], [539, 0], [539, 0], [539, 0], [539, 0], [539, 0], [540, 0]]"
1694,"[[832, 3], [831, 3], [830, 0]]"
1695,"[[832, 3], [833, 4], [834, 1], [874, 0], [874, 0], [874, 0], [875, 3], [874, 0], [874, 0], [874, 0], [874, 0], [874, 0], [874, 0]]"
1696,"[[877, 3], [876, 3], [875, 3], [874, 0], [874, 0], [874, 0], [914, 2], [874, 0], [874, 0], [874, 0]]"
1697,"[[877, 3], [876, 3], [875, 3], [874, 0], [874, 0], [874, 0], [874, 0], [874, 0], [874, 0], [874, 0], [914, 2], [914, 2], [874, 0], [874, 0], [874, 0], [874, 0], [874, 0], [874, 0], [874, 0], [874, 0], [834, 1], [874, 0], [874, 0], [914, 2], [874, 0], [874, 0], [874, 0], [874, 0], [874, 0], [874, 0], [874, 0], [874, 0], [874, 0], [875, 3], [874, 0], [874, 0], [874, 0], [874, 0], [874, 0], [874, 0], [874, 0], [874, 0], [874, 0], [874, 0]]"
1698,"[[788, 3], [787, 2], [747, 3], [746, 2], [706, 3], [705, 2], [665, 3], [705, 2], [665, 3], [664, 2], [624, 3], [623, 3], [622, 2], [582, 3], [581, 2], [541, 3], [540, 3], [539, 0], [539, 0], [539, 0], [539, 0], [539, 0], [539, 0], [539, 0], [539, 0], [539, 0], [539, 0], [539, 0], [539, 0], [539, 0], [539, 0], [539, 0], [540, 3], [539, 0], [539, 0]]"
1699,"[[41, 4], [42, 1], [42, 1], [82, 4], [83, 1], [123, 1], [163, 4], [164, 1], [204, 4], [205, 4], [205, 4], [206, 1], [246, 4], [247, 0], [207, 1], [247, 0], [248, 3], [247, 0], [247, 0], [246, 4], [247, 0], [247, 0], [247, 0], [248, 3], [247, 0], [247, 0], [247, 0], [247, 0], [247, 0], [247, 0], [247, 0], [247, 0], [287, 2], [247, 0], [248, 3], [247, 0], [247, 0]]"
1700,"[[587, 3], [586, 3], [585, 1], [625, 3], [625, 3], [624, 3], [623, 3], [622, 2], [582, 3], [581, 2], [541, 3], [540, 3], [540, 3], [500, 3], [499, 1], [539, 0], [539, 0], [539, 0], [539, 0], [539, 0], [539, 0], [499, 1], [539, 0], [539, 0], [539, 0], [539, 0], [539, 0], [539, 0], [540, 3], [540, 3], [539, 0], [539, 0], [539, 0], [499, 1], [539, 0], [539, 0], [539, 0], [499, 0]]"
1701,"[[879, 3], [878, 3], [877, 3], [876, 3], [875, 3], [874, 0], [875, 3], [875, 3], [874, 0], [874, 0], [874, 0], [874, 0], [874, 0], [874, 0], [874, 0], [874, 0], [874, 0], [874, 0], [874, 0], [874, 0], [875, 3], [874, 0], [874, 0], [874, 0], [874, 0], [874, 0], [875, 3], [874, 0], [874, 0], [875, 3], [874, 0], [874, 0], [874, 0], [874, 0], [874, 0], [874, 0]]"
1702,"[[1071, 2], [1031, 4], [1032, 2], [992, 4], [992, 4], [993, 2], [953, 4], [954, 2], [914, 2], [874, 0], [874, 0], [874, 0], [914, 2], [874, 0], [834, 1], [833, 4], [834, 1], [874, 0], [874, 0], [874, 0]]"
1703,"[[41, 4], [42, 1], [42, 1], [82, 4], [81, 4], [81, 4], [82, 4], [83, 1], [123, 1], [163, 4], [163, 4], [164, 1], [204, 4], [205, 4], [206, 1], [246, 4], [246, 4], [247, 0], [247, 0]]"
1704,"[[420, 1], [460, 1], [500, 3], [499, 1], [539, 0], [539, 0], [539, 0], [539, 0], [539, 0], [539, 0], [539, 0], [539, 0], [539, 0], [539, 0], [539, 0], [539, 0], [539, 0], [539, 0]]"
1705,"[[788, 3], [787, 2], [787, 2], [747, 3], [747, 3], [787, 2], [747, 3], [746, 2], [706, 3], [705, 2], [705, 2], [665, 3], [664, 2], [624, 3], [664, 2], [624, 3], [623, 3], [622, 2], [622, 2], [582, 3], [581, 0]]"
1706,"[[420, 1], [380, 1], [379, 4], [380, 1], [420, 1], [460, 1], [500, 3], [499, 1], [539, 0], [539, 0], [539, 0], [539, 0], [539, 0], [539, 0], [539, 0], [539, 0], [499, 1], [539, 0], [539, 0]]"
1707,"[[985, 2], [945, 4], [946, 4], [947, 2], [907, 4], [908, 2], [868, 2], [828, 2], [828, 2], [828, 2], [788, 3], [787, 2], [747, 3], [746, 2], [706, 3], [706, 3], [705, 0]]"
1708,"[[788, 3], [787, 2], [747, 3], [748, 3], [747, 3], [748, 3], [747, 3], [746, 2], [706, 3], [705, 2], [665, 3], [664, 2], [664, 2], [624, 3], [623, 3], [622, 2], [582, 3], [581, 2], [581, 2], [541, 3], [540, 3], [539, 0]]"
1709,"[[623, 3], [623, 3], [622, 2], [582, 3], [581, 2], [581, 2], [541, 3], [540, 3], [539, 0], [539, 0], [539, 0], [539, 0], [539, 0], [539, 0], [540, 3], [539, 0], [539, 0], [539, 0], [539, 0], [539, 0], [539, 0], [539, 0], [539, 0], [539, 0], [539, 0], [539, 0], [539, 0], [540, 3], [539, 0], [539, 0], [540, 3], [539, 0], [539, 0], [539, 0], [539, 0], [539, 0], [539, 0], [539, 0], [539, 0], [539, 0], [539, 0], [539, 0], [539, 0]]"
1710,"[[788, 3], [789, 3], [788, 3], [787, 2], [747, 3], [746, 2], [786, 2], [746, 2], [706, 3], [666, 3], [665, 3], [664, 2], [624, 0]]"
1711,"[[623, 3], [622, 2], [582, 3], [581, 2], [582, 3], [581, 2], [541, 3], [540, 3], [539, 0], [539, 0], [539, 0], [539, 0], [539, 0], [539, 0], [539, 0], [539, 0], [539, 0], [539, 0], [539, 0], [539, 0], [539, 0], [539, 0], [539, 0], [539, 0], [539, 0]]"
1712,"[[788, 3], [787, 2], [787, 2], [747, 3], [746, 2], [706, 3], [705, 2], [665, 3], [664, 2], [663, 2], [623, 3], [622, 2], [582, 3], [581, 2], [541, 3], [540, 3], [541, 3], [540, 3], [539, 0], [539, 0], [539, 0], [539, 0]]"
1713,"[[832, 3], [832, 3], [831, 3], [830, 3], [829, 2], [789, 3], [788, 3], [787, 2], [787, 2], [747, 3], [787, 2], [747, 3], [746, 2], [747, 3], [746, 2], [786, 2], [746, 2], [746, 0]]"
1714,"[[278, 1], [318, 0]]"
1715,"[[623, 3], [622, 2], [582, 3], [581, 2], [581, 2], [582, 3], [581, 2], [582, 3], [581, 2], [541, 3], [540, 3], [540, 3], [539, 0], [539, 0], [539, 0], [499, 1], [539, 0], [539, 0], [539, 0], [539, 0], [539, 0]]"
1716,"[[587, 3], [586, 3], [586, 3], [585, 1], [625, 3], [624, 3], [623, 3], [622, 2], [582, 3], [581, 2], [541, 3], [540, 3], [539, 0], [539, 0], [539, 0], [540, 3], [539, 0], [539, 0], [539, 0], [539, 0], [539, 0], [539, 0], [539, 0]]"
1717,"[[879, 3], [878, 3], [877, 3], [876, 3], [875, 3], [874, 0], [874, 0], [914, 2], [874, 0], [874, 0], [874, 0], [874, 0], [874, 0]]"
1718,"[[206, 1], [246, 4], [247, 0], [248, 3], [247, 0], [247, 0], [247, 0], [247, 0], [247, 0], [247, 0], [246, 4], [247, 0], [247, 0], [247, 0], [247, 0], [247, 0], [247, 0], [247, 0], [248, 3], [247, 0], [247, 0], [247, 0], [247, 0], [247, 0], [246, 4], [246, 4], [247, 0], [247, 0], [247, 0], [247, 0], [247, 0], [247, 0], [247, 0], [247, 0], [247, 0], [247, 0], [246, 4], [247, 0], [247, 0], [247, 0], [247, 0], [248, 3], [247, 0], [247, 0], [247, 0], [248, 3], [248, 3], [247, 0], [247, 0], [247, 0], [247, 0], [247, 0], [247, 0], [207, 1], [247, 0], [207, 1], [247, 0], [248, 3], [247, 0], [248, 3], [248, 3], [247, 0], [207, 0]]"
1719,"[[278, 1], [318, 3], [317, 1], [317, 1], [357, 1], [397, 1], [437, 1], [477, 1], [517, 1], [557, 1], [597, 1], [637, 1], [677, 1], [717, 1], [757, 1], [757, 1], [797, 1], [797, 1], [837, 1], [837, 1], [877, 3], [876, 3], [875, 3], [875, 3], [874, 0], [874, 0], [874, 0]]"
1720,"[[743, 2], [703, 2], [663, 2], [623, 3], [622, 2], [582, 3], [581, 2], [541, 3], [581, 2], [581, 2], [541, 3], [542, 3], [541, 3], [540, 3], [539, 0], [539, 0], [499, 1], [539, 0], [539, 0], [539, 0], [539, 0], [539, 0], [539, 0], [539, 0], [539, 0], [539, 0], [539, 0], [539, 0], [539, 0], [539, 0], [539, 0], [539, 0], [539, 0]]"
1721,"[[206, 1], [205, 4], [206, 1], [246, 4], [247, 0], [247, 0], [247, 0], [247, 0], [247, 0], [247, 0], [247, 0], [247, 0], [247, 0], [247, 0], [247, 0], [247, 0], [248, 3], [248, 0]]"
1722,"[[832, 3], [832, 3], [833, 4], [834, 1], [874, 0]]"
1723,"[[587, 3], [587, 3], [586, 3], [585, 1], [625, 3], [624, 3], [623, 3], [583, 3], [582, 3], [581, 2], [541, 0]]"
1724,"[[499, 1], [539, 0], [539, 0], [499, 0]]"
1725,"[[985, 2], [945, 4], [985, 2], [945, 4], [945, 4], [945, 4], [946, 4], [947, 2], [947, 2], [907, 4], [908, 2], [868, 2], [828, 2], [868, 2], [828, 2], [788, 3], [787, 2], [747, 3], [746, 0]]"
1726,"[[278, 1], [318, 3], [317, 1], [357, 1], [397, 1], [437, 1], [477, 1], [517, 1], [557, 1], [597, 1], [637, 1], [677, 1], [676, 1], [636, 1], [676, 1], [636, 1], [676, 1], [716, 1], [756, 1], [796, 4], [797, 1], [837, 1], [877, 3], [877, 3], [876, 3], [875, 3], [874, 0], [834, 0]]"
1727,"[[374, 3], [373, 3], [372, 2], [332, 3], [331, 3], [330, 2], [290, 3], [289, 3], [288, 2], [287, 2], [247, 0], [247, 0], [247, 0], [247, 0], [247, 0], [247, 0], [247, 0], [248, 3], [247, 0], [207, 1], [207, 1], [247, 0], [247, 0], [247, 0], [247, 0], [247, 0], [247, 0], [287, 0]]"
1728,"[[587, 3], [586, 3], [585, 1], [625, 3], [624, 3], [623, 3], [624, 3], [623, 3], [622, 2], [623, 3], [663, 2], [623, 3], [622, 2], [582, 3], [581, 2], [541, 3], [540, 3], [539, 0], [539, 0], [539, 0], [539, 0], [539, 0], [539, 0], [539, 0], [539, 0], [539, 0], [539, 0], [539, 0], [539, 0], [540, 3], [539, 0], [539, 0], [540, 3], [539, 0], [539, 0], [539, 0], [539, 0], [539, 0], [539, 0], [539, 0], [539, 0], [539, 0], [540, 3], [539, 0], [539, 0], [539, 0], [539, 0], [539, 0], [539, 0], [539, 0], [539, 0], [499, 1], [539, 0], [539, 0], [539, 0], [539, 0], [539, 0], [539, 0], [539, 0], [539, 0], [539, 0], [499, 1], [499, 1], [539, 0], [539, 0], [539, 0], [539, 0], [539, 0], [539, 0], [539, 0], [539, 0], [540, 3], [539, 0], [539, 0], [539, 0], [539, 0], [539, 0], [539, 0], [539, 0], [539, 0], [539, 0], [540, 0]]"
1729,"[[879, 3], [878, 3], [878, 3], [877, 3], [876, 3], [875, 3], [875, 3], [874, 0], [874, 0], [874, 0], [874, 0], [874, 0], [874, 0], [874, 0], [874, 0], [874, 0], [874, 0], [874, 0], [874, 0], [874, 0], [874, 0], [874, 0], [874, 0], [875, 3], [874, 0], [874, 0], [874, 0], [874, 0], [874, 0]]"
1730,"[[1105, 4], [1106, 1], [1106, 1], [1105, 4], [1106, 1], [1146, 4], [1147, 4], [1148, 2], [1108, 4], [1108, 4], [1109, 4], [1110, 2], [1070, 4], [1071, 2], [1031, 4], [1032, 2], [992, 4], [993, 2], [953, 4], [953, 4], [954, 2], [914, 2], [914, 2], [874, 0], [874, 0], [914, 2], [874, 0], [874, 0], [874, 0], [874, 0], [834, 1], [834, 1], [874, 0], [874, 0], [874, 0]]"
1731,"[[587, 3], [586, 3], [585, 1], [625, 3], [624, 3], [584, 1], [624, 3], [623, 3], [624, 3], [624, 3], [623, 3], [622, 2], [623, 3], [622, 2], [582, 3], [581, 2], [581, 2], [541, 3], [540, 3], [539, 0], [539, 0], [499, 1], [539, 0], [539, 0], [540, 3], [540, 3], [539, 0], [539, 0], [539, 0], [539, 0], [539, 0], [539, 0], [539, 0], [539, 0], [499, 1], [539, 0], [539, 0], [539, 0], [539, 0]]"
1732,"[[499, 1], [539, 0], [539, 0], [539, 0], [539, 0]]"
1733,"[[499, 1], [539, 0], [539, 0], [539, 0], [540, 3], [539, 0], [540, 3], [539, 0], [539, 0], [539, 0], [540, 3], [539, 0]]"
1734,"[[788, 3], [787, 2], [786, 2], [746, 2], [706, 3], [705, 2], [665, 0]]"
1735,"[[420, 1], [460, 1], [500, 3], [499, 1], [539, 0], [539, 0], [539, 0], [539, 0], [540, 3], [539, 0], [539, 0], [539, 0], [539, 0], [539, 0], [539, 0], [539, 0], [539, 0], [539, 0], [539, 0], [539, 0], [539, 0], [539, 0], [539, 0], [540, 3], [539, 0], [539, 0], [539, 0], [539, 0], [539, 0], [539, 0], [539, 0], [539, 0], [499, 1], [539, 0], [539, 0], [539, 0], [539, 0], [539, 0], [539, 0], [539, 0], [539, 0], [539, 0], [539, 0], [539, 0], [539, 0], [539, 0], [539, 0], [539, 0]]"
1736,"[[420, 1], [420, 1], [460, 1], [500, 3], [499, 1], [539, 0], [539, 0], [539, 0], [539, 0], [539, 0], [539, 0], [540, 3], [539, 0], [539, 0], [539, 0]]"
1737,"[[499, 1], [539, 0], [539, 0], [539, 0], [539, 0], [539, 0], [540, 3], [540, 3], [540, 3], [539, 0], [539, 0], [539, 0], [539, 0], [540, 3], [539, 0], [499, 1], [539, 0], [539, 0], [539, 0], [539, 0], [539, 0], [539, 0], [539, 0], [539, 0]]"
1738,"[[420, 1], [460, 1], [461, 1], [501, 3], [500, 3], [540, 3], [539, 0], [539, 0], [539, 0], [539, 0], [539, 0], [539, 0], [539, 0], [539, 0], [539, 0], [539, 0], [539, 0], [539, 0], [539, 0], [539, 0], [539, 0]]"
1739,"[[623, 3], [622, 2], [623, 3], [622, 2], [582, 3], [581, 2], [581, 2], [541, 3], [540, 3], [540, 3], [539, 0], [539, 0], [539, 0]]"
1740,"[[743, 2], [703, 2], [663, 2], [623, 3], [622, 2], [582, 3], [581, 2], [541, 3], [540, 3], [500, 3], [499, 1], [459, 1], [459, 1], [499, 1], [539, 0], [539, 0], [539, 0]]"
1741,"[[623, 3], [622, 2], [582, 3], [581, 2], [541, 3], [501, 3], [500, 3], [499, 1], [539, 0], [539, 0], [539, 0], [539, 0], [539, 0], [539, 0], [539, 0], [499, 1], [539, 0], [539, 0], [539, 0], [539, 0], [539, 0], [539, 0]]"
1742,"[[623, 3], [622, 2], [582, 3], [581, 2], [541, 3], [540, 3], [539, 0], [539, 0], [539, 0], [539, 0], [499, 1], [539, 0], [539, 0], [539, 0], [539, 0], [539, 0], [539, 0], [539, 0], [539, 0], [539, 0], [539, 0], [539, 0], [539, 0], [539, 0], [540, 3], [540, 3], [540, 3], [539, 0]]"
1743,"[[41, 4], [42, 1], [82, 4], [83, 1], [123, 1], [163, 4], [164, 1], [204, 4], [205, 4], [204, 4], [205, 0]]"
1744,"[[832, 3], [831, 3], [830, 3], [829, 2], [789, 3], [788, 3], [787, 2], [747, 3], [746, 2], [746, 2], [706, 3], [705, 2], [665, 3], [664, 2], [624, 3], [623, 3], [622, 2], [582, 3], [622, 2], [582, 3], [581, 2], [541, 3], [540, 3], [539, 0], [539, 0], [540, 3], [539, 0], [539, 0], [539, 0], [539, 0], [539, 0], [539, 0], [539, 0], [539, 0], [539, 0]]"
1745,"[[420, 1], [460, 1], [500, 3], [499, 1], [539, 0], [540, 3], [539, 0], [539, 0], [539, 0], [540, 3], [539, 0], [539, 0], [540, 3], [539, 0], [499, 1], [539, 0], [539, 0], [539, 0], [539, 0], [539, 0], [539, 0], [539, 0], [499, 1], [539, 0], [539, 0], [539, 0], [539, 0], [539, 0], [539, 0], [539, 0], [539, 0], [539, 0]]"
1746,"[[832, 3], [831, 3], [830, 3], [829, 2], [789, 3], [788, 3], [787, 2], [747, 3], [748, 3], [747, 3], [746, 2], [706, 3], [705, 2], [705, 2], [706, 3], [746, 2], [706, 3], [705, 2], [705, 2], [665, 3], [665, 3], [664, 2], [624, 3], [623, 3], [622, 2], [582, 3], [581, 2], [541, 3], [541, 3], [581, 2], [541, 3], [540, 0]]"
1747,"[[623, 3], [622, 2], [582, 3], [583, 3], [582, 3], [581, 2], [541, 3], [540, 3], [539, 0], [539, 0]]"
1748,"[[587, 3], [586, 3], [585, 1], [545, 1], [585, 1], [586, 3], [585, 1], [625, 3], [625, 3], [625, 3], [624, 3], [623, 3], [623, 3], [663, 2], [623, 3], [622, 2], [582, 3], [581, 2], [541, 3], [540, 3], [539, 0], [539, 0], [539, 0], [539, 0], [539, 0], [539, 0], [539, 0], [539, 0], [539, 0], [539, 0], [539, 0], [539, 0], [539, 0], [539, 0], [539, 0], [539, 0], [499, 1], [539, 0], [540, 3], [541, 3], [540, 3], [539, 0], [540, 3], [539, 0], [539, 0], [539, 0], [539, 0], [539, 0], [539, 0], [539, 0], [539, 0], [499, 1], [539, 0], [539, 0], [539, 0]]"
1749,"[[788, 3], [787, 2], [747, 3], [746, 2], [706, 3], [705, 2], [665, 3], [664, 2], [624, 3], [625, 3], [624, 3], [664, 2], [624, 3], [623, 3], [622, 2], [582, 3], [581, 2], [541, 3], [540, 3], [539, 0], [539, 0], [539, 0], [539, 0], [539, 0], [539, 0], [539, 0], [539, 0], [539, 0], [539, 0], [539, 0], [540, 3], [539, 0], [539, 0], [539, 0], [540, 3], [539, 0], [539, 0], [539, 0], [539, 0], [539, 0], [539, 0], [539, 0], [539, 0], [539, 0], [539, 0], [539, 0], [539, 0], [539, 0], [539, 0], [539, 0], [539, 0], [539, 0], [539, 0], [539, 0], [499, 1], [539, 0], [539, 0], [539, 0], [539, 0], [539, 0], [539, 0], [539, 0], [539, 0], [539, 0], [539, 0]]"
1750,"[[832, 3], [831, 3], [831, 0]]"
1751,"[[41, 4], [42, 1], [82, 4], [83, 1], [123, 1], [163, 4], [164, 1], [124, 1], [124, 1], [124, 1], [164, 1], [204, 4], [205, 4], [206, 1], [166, 1], [167, 0]]"
1752,"[[623, 3], [622, 2], [622, 2], [582, 3], [581, 2], [541, 3], [501, 3], [500, 3], [499, 1], [539, 0], [539, 0], [539, 0], [539, 0], [499, 1], [500, 3], [499, 1], [539, 0], [539, 0], [539, 0], [539, 0], [539, 0], [539, 0], [539, 0], [539, 0], [539, 0], [539, 0], [539, 0], [539, 0], [539, 0], [539, 0], [539, 0], [539, 0], [539, 0], [540, 3], [539, 0], [539, 0], [539, 0], [499, 1], [459, 1], [499, 1], [539, 0], [539, 0], [539, 0], [539, 0], [539, 0]]"
1753,"[[877, 3], [876, 3], [875, 3], [874, 0], [874, 0], [874, 0], [834, 1], [834, 1], [874, 0], [914, 2], [874, 0], [874, 0], [874, 0], [874, 0], [914, 2], [874, 0], [874, 0], [874, 0], [874, 0], [874, 0], [874, 0], [874, 0], [834, 1], [874, 0], [874, 0], [874, 0], [874, 0], [874, 0], [874, 0], [874, 0], [874, 0], [874, 0], [874, 0], [914, 2], [874, 0], [834, 1], [874, 0], [874, 0], [874, 0], [914, 0]]"
1754,"[[743, 2], [703, 2], [663, 2], [623, 3], [622, 2], [582, 3], [581, 2], [582, 3], [581, 2], [541, 3], [540, 3], [540, 3], [539, 0], [499, 1], [539, 0], [539, 0], [539, 0], [539, 0], [539, 0], [539, 0], [539, 0], [539, 0], [540, 3], [539, 0], [539, 0], [539, 0], [539, 0], [540, 3], [540, 3], [539, 0], [540, 3], [539, 0], [539, 0]]"
1755,"[[1071, 2], [1031, 4], [1032, 2], [992, 4], [992, 4], [992, 4], [993, 2], [953, 4], [954, 2], [914, 2], [874, 0], [834, 1], [874, 0], [874, 0], [874, 0], [874, 0], [874, 0], [874, 0], [874, 0], [875, 3], [875, 3], [875, 0]]"
1756,"[[420, 1], [460, 1], [459, 1], [499, 1], [539, 0], [539, 0], [539, 0], [539, 0], [539, 0], [539, 0], [539, 0], [539, 0], [539, 0], [539, 0], [539, 0], [539, 0], [539, 0], [539, 0], [539, 0], [539, 0], [539, 0], [539, 0], [539, 0], [539, 0], [539, 0], [539, 0], [539, 0], [539, 0], [539, 0]]"
1757,"[[587, 3], [586, 3], [585, 1], [585, 1], [585, 1], [625, 3], [624, 3], [623, 0]]"
1758,"[[420, 1], [460, 1], [500, 3], [499, 1], [539, 0], [539, 0], [539, 0], [539, 0], [539, 0], [539, 0], [539, 0], [499, 1], [539, 0], [539, 0], [539, 0], [539, 0], [539, 0]]"
1759,"[[832, 3], [831, 3], [830, 3], [830, 3], [829, 2], [789, 3], [749, 3], [749, 3], [748, 3], [748, 3], [747, 3], [746, 2], [706, 3], [705, 2], [665, 3], [705, 2], [665, 3], [664, 2], [624, 3], [584, 1], [624, 3], [623, 3], [622, 2], [582, 3], [581, 0]]"
1760,"[[623, 3], [622, 2], [582, 3], [542, 3], [541, 3], [540, 3], [539, 0], [499, 1], [539, 0], [539, 0], [539, 0], [539, 0], [539, 0], [539, 0], [539, 0], [539, 0], [499, 1], [539, 0], [539, 0], [539, 0], [539, 0], [539, 0], [539, 0], [540, 0]]"
1761,"[[985, 2], [1025, 2], [985, 2], [945, 4], [946, 4], [947, 2], [907, 4], [908, 0]]"
1762,"[[374, 3], [374, 3], [373, 3], [374, 3], [334, 1], [374, 3], [373, 3], [372, 2], [332, 3], [331, 3], [330, 0]]"
1763,"[[420, 1], [460, 1], [500, 3], [499, 1], [539, 0], [539, 0], [539, 0], [539, 0], [539, 0], [539, 0], [539, 0], [539, 0], [539, 0], [539, 0], [540, 3], [539, 0], [539, 0], [539, 0], [539, 0]]"
1764,"[[788, 3], [787, 2], [787, 2], [747, 3], [787, 2], [747, 3], [746, 2], [706, 3], [705, 2], [665, 3], [664, 2], [624, 3], [623, 3], [622, 2], [582, 3], [581, 2], [541, 3], [540, 3], [539, 0], [539, 0], [539, 0], [539, 0], [539, 0], [539, 0], [539, 0], [539, 0], [539, 0], [539, 0], [539, 0], [539, 0]]"
1765,"[[374, 3], [373, 3], [372, 2], [372, 2], [332, 3], [331, 3], [330, 2], [290, 3], [289, 3], [288, 2], [289, 3], [288, 2], [248, 3], [247, 0], [248, 3], [247, 0], [247, 0], [247, 0], [247, 0], [247, 0]]"
1766,"[[832, 3], [831, 3], [830, 3], [829, 2], [789, 3], [788, 3], [787, 2], [747, 3], [746, 2], [706, 3], [746, 2], [706, 3], [746, 2], [706, 3], [705, 2], [665, 3], [664, 2], [664, 2], [624, 3], [623, 3], [583, 3], [584, 1], [624, 3], [625, 3], [624, 3], [623, 3], [622, 2], [582, 0]]"
1767,"[[788, 3], [787, 2], [787, 2], [747, 3], [748, 3], [788, 3], [787, 2], [747, 3], [746, 2], [706, 3], [705, 2], [665, 3], [664, 2], [624, 3], [623, 3], [622, 2], [623, 3], [622, 2], [582, 3], [581, 2], [541, 3], [540, 3], [539, 0], [540, 3], [500, 3], [501, 3], [500, 3], [499, 1], [539, 0], [539, 0], [539, 0], [539, 0], [539, 0], [539, 0], [499, 1], [539, 0], [539, 0], [539, 0], [539, 0], [539, 0], [539, 0], [539, 0], [539, 0], [539, 0], [539, 0], [540, 3], [541, 3], [540, 3], [541, 3], [540, 3], [539, 0], [539, 0], [539, 0], [539, 0], [539, 0]]"
1768,"[[587, 3], [586, 3], [585, 1], [625, 3], [624, 3], [623, 3], [622, 2], [582, 3], [582, 3], [622, 2], [582, 3], [581, 2], [541, 3], [540, 3], [539, 0], [539, 0], [539, 0], [539, 0], [539, 0], [539, 0], [539, 0], [539, 0]]"
1769,"[[788, 3], [787, 2], [787, 2], [747, 3], [746, 2], [706, 3], [705, 2], [665, 3], [665, 3], [664, 2], [624, 3], [623, 3], [622, 2], [582, 3], [581, 2], [541, 3], [540, 3], [539, 0], [539, 0], [539, 0], [539, 0], [499, 1], [539, 0], [539, 0], [499, 1], [539, 0], [539, 0], [539, 0]]"
1770,"[[420, 1], [380, 1], [420, 1], [460, 1], [500, 3], [499, 1], [539, 0], [539, 0], [539, 0], [539, 0], [539, 0], [539, 0], [539, 0], [539, 0], [539, 0], [539, 0], [539, 0], [539, 0], [539, 0], [539, 0], [539, 0], [539, 0], [499, 1], [539, 0]]"
1771,"[[587, 3], [586, 3], [585, 1], [545, 1], [545, 1], [585, 1], [625, 3], [624, 3], [623, 3], [622, 2], [582, 3], [542, 3], [541, 3], [540, 3], [539, 0], [539, 0], [539, 0], [539, 0], [539, 0], [540, 3], [539, 0], [539, 0], [539, 0], [539, 0], [539, 0], [539, 0], [539, 0], [539, 0], [539, 0], [539, 0], [539, 0], [539, 0], [539, 0], [539, 0], [539, 0], [539, 0], [539, 0], [539, 0], [539, 0], [539, 0], [539, 0], [539, 0], [539, 0], [539, 0], [539, 0], [539, 0], [540, 3], [539, 0], [539, 0]]"
1772,"[[1071, 2], [1031, 4], [1032, 2], [992, 4], [993, 2], [953, 4], [953, 4], [954, 2], [914, 2], [874, 0], [874, 0], [874, 0], [874, 0], [874, 0], [874, 0], [874, 0], [874, 0], [874, 0], [874, 0], [874, 0], [874, 0], [874, 0], [874, 0], [874, 0], [874, 0], [874, 0], [874, 0], [914, 2], [874, 0], [875, 3], [875, 3], [874, 0], [874, 0], [874, 0], [874, 0], [874, 0]]"
1773,"[[1071, 2], [1031, 4], [1032, 2], [1032, 2], [1031, 4], [1031, 4], [1071, 2], [1031, 4], [1032, 0]]"
1774,"[[985, 2], [945, 4], [946, 4], [947, 2], [907, 4], [908, 2], [868, 2], [868, 2], [908, 2], [868, 2], [828, 2], [788, 3], [787, 2], [747, 3], [746, 2], [706, 3], [705, 2], [665, 3], [664, 2], [624, 3], [623, 3], [622, 2], [622, 2], [582, 3], [542, 3], [541, 3], [540, 3], [540, 3], [539, 0], [539, 0], [539, 0], [539, 0], [540, 3], [539, 0], [539, 0], [539, 0], [539, 0], [539, 0], [539, 0], [539, 0], [539, 0], [539, 0], [539, 0], [539, 0], [539, 0], [539, 0], [539, 0], [539, 0], [539, 0], [539, 0], [539, 0]]"
1775,"[[1071, 2], [1031, 4], [1032, 2], [992, 0]]"
1776,"[[420, 1], [460, 1], [459, 1], [499, 1], [499, 1], [539, 0], [539, 0], [539, 0], [539, 0], [539, 0], [539, 0]]"
1777,"[[832, 3], [831, 3], [830, 3], [829, 2], [789, 3], [788, 3], [788, 3], [787, 2], [747, 3], [746, 2], [746, 2], [706, 3], [705, 2], [665, 0]]"
1778,"[[420, 1], [460, 1], [460, 1], [461, 1], [501, 3], [500, 3], [501, 3], [500, 3], [499, 1], [539, 0], [539, 0], [539, 0], [539, 0], [539, 0], [539, 0], [539, 0], [539, 0], [539, 0], [539, 0], [539, 0], [539, 0], [539, 0], [539, 0], [539, 0], [539, 0], [539, 0], [539, 0], [539, 0], [539, 0], [539, 0], [539, 0], [539, 0], [539, 0], [539, 0], [539, 0], [539, 0], [539, 0], [539, 0], [539, 0], [539, 0], [539, 0], [539, 0], [499, 1], [539, 0], [539, 0], [539, 0], [539, 0], [539, 0], [539, 0], [539, 0], [539, 0], [539, 0]]"
1779,"[[788, 3], [787, 2], [747, 3], [746, 2], [746, 2], [706, 3], [705, 2], [665, 3], [664, 2], [664, 2], [624, 0]]"
1780,"[[985, 2], [945, 4], [946, 4], [947, 2], [907, 4], [908, 2], [868, 2], [828, 2], [788, 3], [787, 2], [747, 3], [707, 3], [747, 3], [746, 2], [706, 3], [705, 2], [665, 3], [664, 2], [624, 3], [623, 3], [622, 2], [582, 3], [581, 2], [541, 3], [540, 3], [539, 0], [539, 0], [499, 1], [539, 0], [539, 0], [539, 0], [539, 0], [539, 0], [539, 0], [539, 0], [539, 0], [539, 0], [539, 0], [539, 0], [539, 0], [539, 0]]"
1781,"[[985, 2], [945, 4], [946, 4], [946, 4], [947, 2], [907, 4], [908, 2], [868, 2], [828, 2], [828, 2], [788, 3], [787, 2], [747, 3], [747, 3], [746, 2], [706, 3], [705, 2], [665, 3], [664, 2], [624, 3], [624, 3], [625, 3], [624, 3], [623, 3], [583, 3], [582, 3], [583, 0]]"
1782,"[[420, 1], [460, 1], [500, 3], [499, 1], [500, 3], [501, 3], [500, 3], [499, 1], [539, 0], [540, 3], [539, 0], [539, 0], [539, 0], [539, 0], [539, 0], [499, 1], [539, 0], [539, 0], [499, 1], [500, 3], [499, 1], [539, 0], [539, 0], [539, 0], [499, 1], [539, 0], [539, 0], [539, 0], [539, 0], [539, 0], [539, 0], [539, 0], [539, 0], [539, 0], [539, 0], [539, 0], [499, 0]]"
1783,"[[832, 3], [831, 3], [830, 3], [830, 0]]"
1784,"[[587, 3], [586, 3], [585, 1], [625, 3], [624, 3], [623, 3], [622, 2], [582, 3], [582, 3], [581, 2], [581, 2], [581, 2], [541, 0]]"
1785,"[[985, 2], [945, 4], [945, 4], [946, 4], [947, 2], [907, 4], [908, 2], [868, 2], [828, 2], [788, 3], [787, 2], [788, 3], [787, 2], [787, 2], [747, 3], [746, 2], [706, 3], [705, 2], [665, 3], [705, 2], [665, 3], [664, 2], [624, 3], [584, 1], [624, 3], [623, 3], [622, 2], [582, 3], [542, 3], [541, 3], [540, 3], [539, 0], [539, 0], [539, 0], [499, 1], [539, 0], [539, 0]]"
1786,"[[788, 3], [787, 2], [787, 2], [747, 3], [746, 2], [706, 3], [705, 2], [665, 3], [664, 2], [664, 2], [624, 3], [623, 3], [663, 2], [623, 3], [622, 2], [582, 3], [581, 2], [582, 3], [581, 2], [541, 3], [540, 3], [539, 0], [539, 0], [539, 0], [540, 0]]"
1787,"[[788, 3], [787, 2], [747, 3], [746, 2], [706, 3], [705, 2], [705, 2], [705, 2], [705, 2], [665, 3], [705, 2], [665, 3], [664, 2], [624, 3], [623, 0]]"
1788,"[[788, 3], [787, 2], [747, 3], [746, 2], [706, 3], [705, 2], [665, 3], [664, 2], [624, 3], [624, 3], [623, 3], [622, 2], [582, 3], [581, 2], [541, 3], [540, 3], [539, 0], [499, 1], [539, 0], [539, 0], [539, 0], [539, 0], [539, 0], [539, 0], [539, 0], [539, 0], [539, 0], [539, 0], [539, 0], [539, 0], [539, 0], [539, 0], [499, 1], [539, 0], [499, 1], [539, 0], [539, 0], [539, 0], [539, 0], [539, 0], [539, 0], [539, 0], [540, 3], [540, 3], [539, 0], [539, 0], [539, 0], [539, 0], [539, 0], [539, 0], [539, 0], [540, 3], [539, 0], [539, 0], [539, 0], [539, 0], [539, 0], [539, 0], [540, 3], [539, 0], [539, 0], [539, 0], [539, 0], [539, 0], [539, 0], [539, 0], [539, 0], [539, 0], [539, 0], [539, 0], [539, 0], [539, 0]]"
1789,"[[788, 3], [787, 2], [747, 3], [747, 3], [746, 2], [706, 3], [705, 2], [665, 3], [664, 2], [624, 3], [623, 3], [622, 2], [622, 2], [582, 3], [581, 2], [582, 3], [583, 3], [582, 3], [581, 2], [541, 3], [540, 3], [500, 3], [499, 1], [539, 0], [539, 0], [539, 0], [539, 0], [539, 0], [539, 0], [539, 0], [539, 0], [539, 0], [540, 3], [539, 0], [539, 0], [539, 0], [539, 0], [539, 0], [499, 1], [539, 0], [539, 0]]"
1790,"[[788, 3], [787, 2], [747, 3], [787, 2], [747, 3], [746, 2], [706, 3], [705, 2], [665, 3], [664, 2], [624, 3], [623, 3], [622, 2], [582, 3], [581, 2], [582, 3], [581, 2], [541, 0]]"
1791,"[[278, 1], [278, 1], [278, 1], [278, 1], [318, 3], [317, 1], [277, 1], [317, 1], [357, 1], [357, 1], [397, 1], [437, 1], [477, 1], [517, 1], [557, 1], [597, 1], [637, 1], [677, 1], [717, 1], [677, 1], [717, 1], [757, 1], [797, 1], [837, 1], [877, 3], [876, 3], [875, 3], [875, 3], [874, 0], [914, 2], [874, 0], [874, 0], [874, 0], [874, 0], [874, 0], [874, 0], [874, 0], [874, 0], [874, 0], [874, 0], [834, 0]]"
1792,"[[420, 1], [460, 1], [500, 3], [540, 3], [539, 0], [539, 0], [539, 0], [539, 0], [539, 0], [539, 0], [539, 0], [539, 0], [539, 0], [539, 0], [539, 0], [499, 1], [500, 0]]"
1793,"[[879, 3], [878, 3], [877, 3], [876, 3], [875, 3], [874, 0]]"
1794,"[[499, 1], [498, 4], [499, 1], [499, 1], [539, 0], [539, 0], [539, 0], [539, 0], [539, 0], [539, 0], [540, 3], [500, 3], [499, 1], [539, 0], [539, 0], [539, 0], [539, 0], [539, 0], [539, 0], [539, 0], [499, 1], [539, 0], [539, 0], [539, 0], [539, 0], [539, 0], [539, 0], [539, 0], [539, 0], [539, 0], [539, 0]]"
1795,"[[499, 1], [539, 0], [539, 0], [539, 0], [539, 0], [539, 0], [539, 0], [539, 0], [539, 0], [539, 0], [539, 0], [539, 0], [539, 0], [539, 0], [539, 0], [539, 0], [539, 0], [539, 0], [539, 0], [539, 0], [539, 0], [539, 0], [539, 0], [539, 0], [539, 0], [539, 0], [539, 0], [539, 0], [539, 0], [539, 0], [539, 0], [540, 3], [539, 0], [539, 0], [539, 0], [539, 0]]"
1796,"[[832, 3], [831, 3], [831, 3], [830, 3], [829, 2], [789, 3], [790, 3], [830, 3], [829, 2], [789, 3], [788, 0]]"
1797,"[[1105, 4], [1106, 1], [1146, 4], [1147, 4], [1148, 2], [1108, 4], [1108, 4], [1109, 4], [1110, 2], [1110, 2], [1110, 2], [1109, 0]]"
1798,"[[832, 3], [831, 3], [832, 3], [831, 3], [830, 3], [829, 2], [789, 3], [788, 3], [748, 3], [747, 3], [746, 2], [706, 3], [705, 2], [665, 3], [664, 2], [624, 3], [623, 3], [622, 2], [582, 3], [581, 2], [541, 3], [542, 3], [541, 3], [540, 3], [539, 0], [499, 1], [539, 0], [539, 0], [539, 0], [539, 0], [499, 1], [539, 0], [539, 0], [539, 0]]"
1799,"[[832, 3], [831, 3], [830, 3], [829, 2], [789, 3], [790, 3], [789, 3], [788, 3], [787, 2], [747, 3], [746, 2], [706, 3], [666, 3], [666, 3], [665, 3], [664, 0]]"
1800,"[[1105, 4], [1105, 4], [1106, 1], [1146, 4], [1146, 4], [1147, 4], [1148, 2], [1108, 4], [1109, 4], [1110, 2], [1110, 2], [1109, 4], [1109, 4], [1110, 2], [1070, 4], [1071, 2], [1031, 4], [1032, 2], [992, 4], [993, 2], [953, 4], [954, 2], [914, 2], [874, 0], [834, 1], [874, 0], [874, 0], [874, 0], [874, 0], [874, 0]]"
1801,"[[499, 1], [539, 0], [539, 0], [539, 0], [539, 0], [539, 0], [539, 0], [539, 0], [540, 3], [500, 3], [499, 1], [539, 0], [539, 0], [539, 0], [539, 0], [539, 0], [539, 0], [539, 0], [539, 0], [539, 0], [539, 0], [539, 0]]"
1802,"[[587, 3], [586, 0]]"
1803,"[[587, 3], [586, 3], [585, 1], [625, 3], [624, 3], [623, 3], [622, 2], [582, 3], [542, 3], [541, 3], [540, 3], [539, 0], [539, 0], [539, 0], [539, 0], [539, 0], [539, 0]]"
1804,"[[788, 3], [748, 3], [747, 3], [746, 2], [706, 3], [705, 2], [665, 3], [664, 2], [624, 3], [623, 3], [623, 3], [622, 0]]"
1805,"[[788, 3], [828, 2], [788, 3], [787, 2], [747, 3], [746, 2], [706, 3], [705, 0]]"
1806,"[[1105, 4], [1106, 1], [1146, 4], [1147, 4], [1148, 2], [1108, 4], [1108, 4], [1109, 4], [1110, 2], [1070, 0]]"
1807,"[[499, 1], [539, 0], [539, 0], [539, 0], [540, 3], [539, 0], [539, 0], [539, 0], [539, 0], [539, 0], [539, 0], [539, 0], [539, 0], [539, 0], [539, 0], [539, 0], [539, 0], [499, 1], [539, 0], [539, 0], [539, 0], [539, 0], [539, 0], [539, 0], [499, 1], [539, 0], [539, 0]]"
1808,"[[587, 3], [586, 3], [585, 1], [625, 3], [624, 3], [623, 3], [622, 2], [582, 3], [581, 2], [541, 3], [541, 3], [540, 3], [539, 0], [539, 0], [540, 3], [539, 0], [540, 3], [500, 3], [499, 1], [539, 0]]"
1809,"[[788, 3], [787, 2], [747, 3], [746, 2], [746, 2], [706, 3], [705, 2], [705, 2], [665, 3], [664, 2], [664, 2], [624, 3], [623, 3], [622, 2], [582, 3], [581, 2], [541, 3], [540, 3], [539, 0], [539, 0], [539, 0], [539, 0], [539, 0], [539, 0], [539, 0], [539, 0], [499, 1], [539, 0], [539, 0], [539, 0], [539, 0], [539, 0], [539, 0], [539, 0], [539, 0], [539, 0], [539, 0], [539, 0], [539, 0], [539, 0], [539, 0], [539, 0], [539, 0], [539, 0], [539, 0], [539, 0], [539, 0], [539, 0], [539, 0], [539, 0], [539, 0], [539, 0]]"
1810,"[[879, 3], [878, 3], [877, 3], [876, 3], [875, 3], [874, 0], [874, 0], [914, 2], [874, 0], [874, 0], [874, 0], [874, 0], [874, 0], [874, 0], [874, 0], [874, 0], [874, 0], [874, 0], [874, 0], [874, 0], [875, 3], [874, 0], [874, 0], [874, 0], [874, 0], [874, 0], [874, 0], [874, 0], [874, 0], [874, 0], [874, 0], [874, 0], [874, 0]]"
1811,"[[420, 1], [460, 1], [500, 3], [499, 1], [539, 0], [539, 0], [539, 0], [539, 0], [539, 0], [539, 0], [539, 0], [539, 0], [539, 0], [539, 0], [539, 0], [539, 0], [539, 0], [539, 0], [539, 0], [499, 1], [499, 1], [539, 0], [539, 0], [539, 0], [499, 1], [459, 1], [499, 1], [539, 0], [539, 0], [539, 0]]"
1812,"[[788, 3], [787, 2], [747, 3], [746, 2], [706, 3], [705, 2], [665, 3], [664, 2], [664, 2], [664, 2], [624, 3], [623, 3], [622, 2], [582, 3], [581, 2], [581, 2], [541, 0]]"
1813,"[[985, 2], [945, 4], [946, 4], [947, 2], [907, 4], [908, 2], [868, 0]]"
1814,"[[743, 2], [703, 2], [663, 2], [623, 3], [622, 2], [582, 3], [581, 2], [582, 3], [581, 2], [581, 2], [541, 3], [540, 3], [539, 0], [539, 0], [539, 0], [539, 0], [539, 0], [539, 0], [539, 0], [539, 0]]"
1815,"[[420, 1], [460, 1], [500, 3], [499, 1], [539, 0], [539, 0], [539, 0], [499, 1], [539, 0], [539, 0], [539, 0], [539, 0], [539, 0], [539, 0], [540, 3], [539, 0], [539, 0], [540, 3], [539, 0], [539, 0], [539, 0], [539, 0], [539, 0], [540, 3], [540, 3], [539, 0], [539, 0], [539, 0], [539, 0], [539, 0], [539, 0], [539, 0], [539, 0], [539, 0], [539, 0], [539, 0], [539, 0], [540, 3], [500, 0]]"
1816,"[[788, 3], [787, 2], [788, 3], [787, 2], [747, 3], [746, 2], [706, 3], [705, 2], [665, 3], [664, 0]]"
1817,"[[41, 4], [81, 4], [81, 4], [41, 4], [41, 4], [81, 4], [82, 4], [83, 1], [123, 1], [163, 4], [164, 1], [204, 4], [164, 1], [204, 4], [205, 4], [206, 1], [246, 4], [246, 4], [247, 0], [247, 0], [247, 0], [247, 0], [247, 0], [247, 0]]"
1818,"[[499, 1], [539, 0], [539, 0], [539, 0], [539, 0], [539, 0], [539, 0], [539, 0], [539, 0], [539, 0], [539, 0], [539, 0], [539, 0], [539, 0], [539, 0], [539, 0], [539, 0], [539, 0], [539, 0], [540, 3], [539, 0], [539, 0], [539, 0], [539, 0]]"
1819,"[[877, 3], [878, 3], [879, 3], [878, 3], [877, 3], [878, 3], [877, 3], [876, 3], [876, 3], [875, 3], [874, 0], [874, 0], [875, 3], [874, 0], [875, 3], [874, 0], [874, 0], [874, 0], [874, 0]]"
1820,"[[420, 1], [460, 1], [500, 3], [540, 3], [539, 0], [539, 0], [539, 0], [539, 0], [539, 0], [539, 0], [539, 0], [539, 0], [539, 0], [539, 0], [539, 0], [539, 0], [499, 1], [539, 0], [539, 0], [539, 0], [499, 1], [539, 0], [539, 0], [539, 0], [539, 0], [539, 0], [539, 0], [539, 0], [539, 0], [539, 0], [539, 0], [539, 0], [539, 0], [539, 0], [539, 0], [539, 0]]"
1821,"[[1105, 4], [1106, 1], [1146, 4], [1146, 4], [1147, 4], [1148, 2], [1108, 4], [1109, 4], [1110, 2], [1110, 2], [1109, 4], [1109, 4], [1110, 0]]"
1822,"[[206, 1], [246, 4], [247, 0], [248, 3], [247, 0], [247, 0], [247, 0], [207, 1], [247, 0], [247, 0], [247, 0], [247, 0], [247, 0], [248, 3], [247, 0]]"
1823,"[[788, 3], [787, 2], [747, 3], [787, 2], [747, 3], [746, 2], [747, 3], [707, 3], [706, 3], [705, 2], [705, 2], [665, 3], [664, 2], [624, 3], [623, 3], [622, 2], [622, 2], [582, 3], [581, 2], [582, 3], [582, 3], [581, 2], [541, 3], [540, 3], [540, 3], [539, 0], [539, 0], [539, 0], [539, 0]]"
1824,"[[374, 3], [414, 2], [374, 3], [334, 1], [374, 3], [373, 3], [372, 2], [332, 3], [331, 3], [330, 2], [329, 2], [289, 3], [288, 2], [248, 3], [248, 3], [248, 3], [247, 0], [247, 0], [247, 0], [246, 4], [247, 0], [246, 4], [247, 0], [247, 0], [247, 0], [247, 0], [247, 0], [287, 2], [287, 2], [288, 2], [248, 0]]"
1825,"[[832, 3], [833, 4], [834, 1], [874, 0], [874, 0], [874, 0], [874, 0], [874, 0], [874, 0], [874, 0], [874, 0], [874, 0], [874, 0], [875, 3], [874, 0], [874, 0], [874, 0], [874, 0], [874, 0], [874, 0], [874, 0]]"
1826,"[[420, 1], [420, 1], [460, 1], [461, 1], [501, 3], [500, 3], [499, 1], [539, 0], [539, 0], [539, 0], [539, 0], [539, 0], [539, 0], [539, 0], [539, 0], [539, 0], [539, 0], [539, 0], [499, 1], [539, 0], [540, 3], [540, 3], [539, 0], [539, 0], [540, 3], [539, 0], [539, 0], [539, 0], [539, 0], [539, 0], [539, 0], [539, 0], [539, 0], [539, 0], [539, 0], [539, 0], [539, 0], [499, 1], [539, 0], [539, 0], [539, 0], [539, 0], [539, 0], [539, 0], [539, 0], [539, 0]]"
1827,"[[623, 3], [622, 2], [582, 3], [581, 2], [541, 3], [540, 3], [540, 3], [539, 0], [539, 0], [539, 0], [539, 0], [539, 0], [539, 0], [540, 3], [539, 0], [539, 0], [539, 0], [539, 0], [539, 0], [539, 0], [499, 1], [539, 0], [539, 0], [539, 0], [539, 0], [539, 0], [539, 0], [539, 0], [539, 0], [539, 0], [539, 0], [539, 0], [499, 1], [539, 0], [539, 0], [539, 0], [539, 0], [539, 0], [539, 0], [539, 0], [539, 0], [539, 0], [539, 0], [539, 0], [539, 0], [499, 1], [539, 0], [539, 0]]"
1828,"[[788, 3], [787, 2], [747, 3], [746, 2], [786, 2], [786, 2], [786, 2], [746, 2], [706, 3], [705, 2], [665, 3], [664, 2], [624, 3], [623, 3], [622, 2], [582, 3], [581, 2], [541, 3], [540, 3], [539, 0], [539, 0], [539, 0], [539, 0], [499, 1], [500, 3], [499, 1], [539, 0], [539, 0], [539, 0], [539, 0], [539, 0], [539, 0], [539, 0], [539, 0], [539, 0]]"
1829,"[[788, 3], [787, 2], [747, 3], [707, 3], [706, 3], [705, 2], [705, 2], [705, 2], [665, 3], [666, 3], [665, 3], [664, 2], [624, 3], [623, 3], [622, 2], [582, 3], [542, 3], [542, 3], [541, 3], [541, 3], [540, 3], [540, 3], [539, 0], [539, 0], [539, 0], [539, 0], [539, 0], [539, 0], [539, 0], [539, 0], [539, 0], [539, 0], [539, 0], [539, 0], [539, 0], [499, 1], [539, 0], [539, 0]]"
1830,"[[623, 3], [623, 3], [624, 3], [623, 3], [622, 2], [582, 3], [581, 2], [581, 2], [541, 3], [540, 3], [540, 3], [539, 0], [539, 0], [539, 0], [539, 0], [499, 1], [539, 0], [539, 0], [539, 0], [539, 0], [539, 0], [539, 0], [539, 0], [539, 0]]"
1831,"[[623, 3], [624, 3], [623, 3], [622, 2], [582, 3], [581, 2], [541, 3], [540, 3], [539, 0], [539, 0], [539, 0], [539, 0], [539, 0], [539, 0], [539, 0], [499, 1], [459, 0]]"
1832,"[[41, 4], [42, 1], [82, 4], [83, 1], [83, 1], [123, 1], [163, 4], [164, 1], [204, 4], [205, 4], [206, 1], [246, 4], [247, 0], [247, 0], [247, 0], [248, 3], [247, 0], [248, 3], [247, 0], [247, 0], [247, 0], [247, 0], [247, 0]]"
1833,"[[788, 3], [787, 2], [747, 3], [746, 2], [706, 3], [705, 2], [665, 3], [664, 2], [624, 3], [664, 2], [624, 3], [623, 3], [623, 3], [622, 2], [582, 3], [583, 3], [582, 3], [581, 2], [541, 3], [541, 3], [540, 3], [539, 0], [539, 0], [539, 0], [539, 0], [539, 0], [539, 0], [539, 0], [539, 0], [539, 0], [540, 3], [539, 0], [539, 0], [539, 0], [539, 0], [539, 0], [539, 0], [539, 0], [539, 0], [539, 0], [539, 0], [539, 0], [539, 0], [539, 0], [539, 0], [539, 0], [539, 0], [540, 0]]"
1834,"[[985, 2], [945, 4], [946, 4], [947, 2], [907, 4], [908, 2], [868, 2], [828, 2], [788, 3], [828, 2], [788, 3], [787, 2], [747, 3], [746, 2], [786, 2], [785, 4], [786, 2], [746, 2], [706, 3], [705, 2], [665, 3], [664, 2], [624, 0]]"
1835,"[[877, 3], [837, 1], [877, 3], [876, 3], [875, 3], [874, 0], [874, 0], [874, 0], [874, 0], [874, 0], [874, 0], [874, 0], [874, 0], [874, 0], [874, 0], [874, 0], [874, 0], [874, 0], [874, 0], [874, 0], [874, 0], [874, 0], [874, 0], [874, 0], [874, 0], [875, 3], [874, 0]]"
1836,"[[788, 3], [787, 2], [747, 3], [748, 3], [747, 3], [746, 2], [706, 3], [746, 2], [706, 3], [705, 2], [665, 3], [665, 3], [664, 2], [624, 3], [623, 3], [622, 2], [582, 3], [581, 2], [581, 2], [581, 2], [541, 3], [540, 3], [539, 0], [499, 1], [539, 0], [539, 0], [539, 0], [539, 0], [539, 0], [539, 0], [539, 0]]"
1837,"[[587, 3], [586, 3], [585, 1], [625, 3], [624, 3], [623, 3], [624, 3], [584, 1], [585, 1], [625, 3], [624, 3], [664, 2], [624, 0]]"
1838,"[[985, 2], [945, 4], [946, 0]]"
1839,"[[788, 3], [787, 2], [747, 3], [746, 2], [706, 3], [746, 2], [706, 3], [705, 2], [665, 3], [664, 2], [663, 2], [623, 3], [622, 2], [582, 3], [581, 2], [541, 3], [540, 3], [540, 3], [541, 3], [540, 3], [540, 3], [539, 0], [539, 0], [539, 0], [539, 0], [539, 0], [539, 0], [539, 0], [539, 0], [539, 0], [539, 0], [539, 0], [539, 0], [539, 0], [539, 0], [539, 0], [539, 0], [539, 0], [539, 0], [539, 0], [539, 0], [499, 1], [539, 0], [539, 0]]"
1840,"[[1071, 2], [1031, 4], [1032, 2], [992, 4], [993, 2], [953, 4], [954, 0]]"
1841,"[[743, 2], [703, 2], [663, 2], [623, 3], [622, 2], [582, 3], [581, 2], [541, 3], [540, 3], [500, 3], [499, 1], [539, 0], [539, 0]]"
1842,"[[832, 3], [831, 3], [830, 3], [790, 3], [789, 3], [788, 3], [787, 2], [747, 3], [746, 2], [706, 3], [666, 3], [665, 0]]"
1843,"[[985, 2], [945, 4], [946, 4], [947, 2], [907, 4], [907, 4], [908, 2], [868, 2], [828, 2], [788, 3], [788, 3], [828, 2], [788, 3], [787, 2], [747, 3], [746, 2], [706, 3], [705, 2], [665, 3], [705, 2], [665, 3], [664, 2], [664, 0]]"
1844,"[[499, 1], [539, 0], [539, 0], [539, 0], [539, 0], [539, 0], [539, 0], [539, 0], [539, 0], [539, 0], [540, 3], [539, 0]]"
1845,"[[374, 3], [373, 3], [372, 2], [332, 3], [331, 3], [330, 2], [290, 3], [290, 3], [289, 3], [288, 2], [248, 0]]"
1846,"[[788, 3], [787, 2], [747, 3], [746, 2], [706, 3], [705, 2], [665, 3], [664, 2], [664, 2], [624, 3], [623, 3], [622, 2], [582, 3], [581, 2], [581, 2], [581, 2], [541, 3], [540, 3], [500, 3], [540, 3], [539, 0], [539, 0], [499, 1], [539, 0], [539, 0], [539, 0], [539, 0], [540, 3], [539, 0], [540, 3], [539, 0], [539, 0], [539, 0], [539, 0], [540, 3], [540, 3], [539, 0], [539, 0], [539, 0], [539, 0], [539, 0], [539, 0]]"
1847,"[[832, 3], [831, 3], [830, 3], [829, 2], [789, 3], [788, 3], [789, 3], [788, 3], [787, 2], [747, 3], [746, 2], [706, 3], [705, 2], [705, 2], [665, 3], [705, 2], [705, 2], [665, 3], [625, 3], [665, 3], [665, 3], [664, 2], [624, 3], [664, 2], [624, 3], [624, 3], [623, 3], [622, 2], [622, 2], [582, 3], [581, 2], [541, 3], [540, 3], [539, 0], [539, 0], [539, 0], [539, 0], [539, 0], [539, 0], [539, 0], [539, 0], [539, 0], [539, 0], [539, 0], [539, 0], [539, 0], [539, 0], [540, 3], [539, 0]]"
1848,"[[623, 3], [623, 3], [583, 3], [582, 3], [581, 2], [541, 3], [540, 3], [539, 0], [540, 3], [539, 0], [539, 0], [539, 0], [539, 0], [539, 0], [539, 0], [539, 0], [499, 1], [539, 0], [539, 0], [539, 0], [539, 0], [539, 0], [539, 0], [539, 0], [539, 0], [539, 0], [539, 0], [539, 0], [539, 0], [539, 0], [539, 0], [539, 0], [539, 0], [539, 0]]"
1849,"[[587, 3], [588, 3], [587, 3], [586, 3], [585, 1], [625, 3], [624, 3], [623, 3], [622, 2], [582, 3], [581, 2], [541, 3], [540, 3], [500, 3], [499, 1], [539, 0], [539, 0], [539, 0], [540, 3], [539, 0], [539, 0], [539, 0], [539, 0], [539, 0], [539, 0]]"
1850,"[[623, 3], [622, 2], [582, 3], [581, 2], [541, 3], [540, 3], [539, 0], [539, 0], [539, 0], [539, 0], [539, 0], [539, 0], [539, 0], [539, 0], [539, 0], [539, 0], [499, 1], [539, 0], [539, 0], [539, 0], [539, 0], [539, 0], [539, 0], [539, 0], [539, 0], [539, 0], [539, 0], [539, 0], [539, 0], [539, 0]]"
1851,"[[623, 3], [622, 2], [582, 3], [581, 2], [541, 3], [540, 3], [539, 0], [539, 0], [539, 0], [539, 0], [539, 0], [539, 0], [539, 0], [539, 0], [540, 3], [539, 0], [539, 0], [539, 0], [539, 0], [539, 0], [539, 0], [539, 0], [539, 0], [539, 0], [539, 0], [539, 0], [539, 0], [539, 0], [499, 1], [498, 4], [458, 1], [498, 4], [498, 4], [499, 1], [539, 0]]"
1852,"[[420, 1], [420, 1], [460, 1], [460, 1], [500, 3], [499, 1], [539, 0], [539, 0], [539, 0], [539, 0], [539, 0], [539, 0], [539, 0], [539, 0], [539, 0], [539, 0], [539, 0], [539, 0], [539, 0], [539, 0], [539, 0], [539, 0], [539, 0]]"
1853,"[[877, 3], [876, 3], [875, 3], [875, 3], [874, 0], [834, 1], [834, 1], [874, 0], [874, 0], [874, 0], [874, 0], [874, 0], [874, 0], [874, 0]]"
1854,"[[420, 1], [460, 1], [500, 3], [499, 1], [539, 0], [539, 0], [540, 3], [539, 0], [539, 0], [539, 0], [539, 0], [539, 0], [539, 0], [539, 0], [539, 0], [539, 0], [539, 0], [539, 0], [539, 0], [539, 0], [539, 0], [539, 0], [539, 0]]"
1855,"[[420, 1], [460, 1], [500, 3], [460, 1], [461, 1], [501, 3], [500, 3], [501, 3], [500, 3], [499, 1], [539, 0], [539, 0], [539, 0], [539, 0], [539, 0], [539, 0], [539, 0], [539, 0], [539, 0], [539, 0], [539, 0], [539, 0], [539, 0], [539, 0], [539, 0], [539, 0], [539, 0], [539, 0], [539, 0], [539, 0], [540, 3], [539, 0], [539, 0], [539, 0]]"
1856,"[[623, 3], [622, 2], [582, 3], [581, 2], [541, 3], [540, 3], [539, 0], [499, 1], [539, 0], [539, 0], [539, 0], [539, 0]]"
1857,"[[788, 3], [787, 2], [747, 3], [746, 2], [706, 3], [705, 2], [705, 2], [665, 3], [664, 2], [624, 3], [584, 1], [544, 1], [584, 1], [624, 3], [623, 3], [623, 3], [622, 2], [622, 2], [582, 3], [581, 2], [541, 3], [540, 3], [539, 0], [539, 0], [539, 0], [539, 0], [539, 0], [539, 0], [539, 0], [539, 0], [539, 0], [539, 0], [539, 0], [539, 0]]"
1858,"[[832, 3], [832, 3], [831, 3], [830, 3], [829, 2], [869, 2], [869, 2], [868, 2], [828, 2], [788, 3], [787, 2], [747, 3], [746, 2], [786, 2], [746, 2], [706, 3], [705, 2], [665, 3], [665, 3], [664, 2], [624, 3], [623, 3], [624, 3], [623, 3], [624, 3], [664, 0]]"
1859,"[[499, 1], [539, 0], [539, 0], [539, 0], [539, 0], [539, 0], [539, 0], [539, 0], [540, 3], [539, 0], [540, 3], [539, 0], [539, 0], [499, 1], [539, 0], [539, 0], [539, 0], [539, 0], [539, 0], [539, 0], [539, 0], [539, 0], [539, 0], [539, 0], [539, 0], [539, 0], [539, 0], [539, 0], [539, 0], [539, 0], [539, 0], [539, 0], [539, 0], [539, 0], [539, 0], [539, 0], [539, 0], [539, 0], [539, 0], [539, 0], [539, 0], [539, 0], [539, 0], [539, 0], [539, 0]]"
1860,"[[985, 2], [945, 4], [946, 4], [947, 2], [907, 4], [908, 2], [868, 2], [828, 2], [829, 2], [789, 3], [788, 3], [828, 2], [868, 2], [869, 0]]"
1861,"[[499, 1], [539, 0], [539, 0], [540, 3], [539, 0], [540, 3], [500, 3], [499, 1], [500, 3], [499, 1], [539, 0], [539, 0], [539, 0], [539, 0], [539, 0], [539, 0], [539, 0], [539, 0], [539, 0], [539, 0], [539, 0], [539, 0], [539, 0], [540, 3], [539, 0], [539, 0], [539, 0], [539, 0], [539, 0], [539, 0], [539, 0], [539, 0], [539, 0], [539, 0], [539, 0], [539, 0], [539, 0], [539, 0], [539, 0], [539, 0], [539, 0], [539, 0], [540, 3], [539, 0], [539, 0], [539, 0], [539, 0], [539, 0]]"
1862,"[[832, 3], [832, 3], [832, 3], [831, 3], [830, 3], [829, 2], [789, 3], [788, 3], [787, 2], [747, 3], [746, 2], [706, 3], [705, 2], [665, 3], [664, 2], [624, 3], [623, 3], [622, 2], [582, 3], [581, 2], [541, 3], [540, 3], [539, 0], [539, 0], [539, 0], [539, 0], [539, 0], [539, 0], [539, 0], [539, 0], [539, 0]]"
1863,"[[587, 3], [586, 3], [585, 1], [586, 3], [585, 1], [625, 3], [624, 3], [623, 3], [622, 2], [582, 3], [581, 2], [541, 3], [540, 3], [539, 0], [499, 1], [539, 0], [539, 0], [539, 0], [539, 0], [539, 0], [539, 0], [539, 0], [540, 3], [539, 0], [539, 0]]"
1864,"[[832, 3], [831, 3], [830, 3], [790, 3], [789, 3], [788, 3], [787, 2], [747, 3], [746, 0]]"
1865,"[[788, 3], [787, 2], [787, 2], [747, 3], [746, 2], [706, 3], [705, 2], [665, 3], [665, 3], [664, 2], [624, 3], [623, 3], [622, 2], [582, 3], [622, 2], [622, 2], [582, 3], [542, 3], [582, 3], [581, 2], [541, 0]]"
1866,"[[1071, 2], [1031, 4], [1032, 2], [992, 4], [993, 2], [993, 2], [953, 4], [954, 2], [914, 2], [954, 2], [914, 2], [874, 0], [874, 0], [874, 0], [834, 1], [874, 0]]"
1867,"[[788, 3], [787, 2], [747, 3], [746, 2], [706, 3], [705, 2], [705, 2], [665, 3], [664, 2], [664, 2], [624, 3], [625, 3], [624, 3], [623, 3], [622, 2], [582, 3], [581, 2], [541, 3], [540, 3], [539, 0], [539, 0], [539, 0], [539, 0], [539, 0], [539, 0], [539, 0], [539, 0], [539, 0], [539, 0], [539, 0], [539, 0]]"
1868,"[[877, 3], [876, 3], [875, 3], [874, 0], [874, 0], [874, 0], [874, 0], [875, 3], [874, 0], [874, 0], [874, 0], [875, 3], [874, 0], [874, 0], [874, 0], [874, 0], [874, 0], [874, 0], [834, 1], [874, 0], [874, 0], [914, 2], [914, 2], [874, 0], [874, 0], [874, 0], [834, 1], [834, 1], [874, 0], [914, 2], [874, 0], [874, 0], [874, 0], [874, 0], [874, 0], [874, 0], [874, 0], [834, 1], [834, 1], [874, 0], [874, 0], [874, 0], [874, 0], [874, 0], [875, 3], [874, 0], [874, 0], [874, 0], [834, 1], [874, 0]]"
1869,"[[832, 3], [831, 3], [830, 3], [829, 2], [789, 3], [789, 3], [749, 3], [748, 3], [749, 3], [749, 3], [748, 3], [747, 3], [746, 2], [706, 3], [707, 3], [706, 3], [705, 2], [665, 3], [664, 0]]"
1870,"[[499, 1], [539, 0], [539, 0], [539, 0], [539, 0], [539, 0], [539, 0], [539, 0], [539, 0], [499, 1], [539, 0], [499, 1], [539, 0], [539, 0], [539, 0], [539, 0], [539, 0], [539, 0], [539, 0], [539, 0], [539, 0], [539, 0], [539, 0], [539, 0], [539, 0], [539, 0], [539, 0], [539, 0], [539, 0], [539, 0], [539, 0], [539, 0], [539, 0], [539, 0], [539, 0], [539, 0], [539, 0], [539, 0], [539, 0]]"
1871,"[[623, 3], [622, 2], [582, 3], [581, 2], [582, 3], [581, 2], [581, 2], [541, 3], [540, 3], [539, 0], [539, 0], [539, 0], [540, 3], [539, 0], [539, 0], [539, 0], [539, 0], [539, 0], [539, 0], [539, 0], [499, 1], [539, 0], [539, 0], [539, 0], [539, 0], [539, 0], [539, 0], [539, 0], [539, 0], [539, 0], [539, 0], [539, 0], [539, 0], [539, 0], [539, 0], [539, 0], [539, 0], [539, 0], [539, 0], [539, 0], [539, 0]]"
1872,"[[623, 3], [624, 3], [623, 3], [622, 2], [582, 3], [581, 2], [581, 2], [541, 3], [540, 3], [539, 0], [499, 1], [539, 0], [539, 0], [539, 0]]"
1873,"[[832, 3], [831, 3], [831, 3], [830, 3], [829, 2], [789, 3], [788, 3], [828, 2], [788, 3], [787, 2], [787, 2], [787, 2], [788, 3], [787, 2], [747, 3], [746, 2], [706, 3], [705, 2], [665, 3], [664, 2], [624, 3], [623, 3], [622, 2], [582, 3], [581, 2], [541, 0]]"
1874,"[[623, 3], [622, 2], [582, 3], [581, 2], [541, 3], [540, 3], [539, 0], [539, 0], [539, 0], [539, 0], [539, 0], [539, 0], [499, 1], [459, 1], [499, 1], [539, 0], [539, 0], [539, 0], [539, 0], [539, 0], [539, 0], [499, 1], [539, 0], [539, 0], [539, 0], [539, 0], [539, 0], [539, 0], [539, 0], [539, 0]]"
1875,"[[420, 1], [460, 1], [500, 3], [499, 1], [500, 3], [501, 3], [500, 3], [499, 1], [539, 0], [539, 0], [539, 0], [539, 0], [539, 0], [539, 0], [539, 0], [539, 0], [539, 0], [539, 0], [539, 0]]"
1876,"[[499, 1], [539, 0], [539, 0], [539, 0], [539, 0], [539, 0], [539, 0], [539, 0], [540, 3], [539, 0], [539, 0], [499, 1], [459, 1], [499, 1], [539, 0], [539, 0], [539, 0], [539, 0], [539, 0], [539, 0], [539, 0], [539, 0], [539, 0], [539, 0], [539, 0], [539, 0], [539, 0], [539, 0], [539, 0], [539, 0], [539, 0], [539, 0], [539, 0], [539, 0]]"
1877,"[[788, 3], [787, 2], [787, 2], [786, 2], [746, 2], [746, 2], [746, 2], [706, 3], [705, 2], [665, 3], [664, 2], [624, 3], [664, 2], [624, 3], [624, 3], [625, 3], [624, 3], [623, 3], [622, 2], [582, 3], [581, 0]]"
1878,"[[499, 1], [539, 0], [540, 3], [539, 0], [539, 0]]"
1879,"[[420, 1], [420, 1], [380, 1], [420, 1], [460, 1], [460, 1], [500, 3], [499, 1], [539, 0], [539, 0], [539, 0], [539, 0], [539, 0], [540, 0]]"
1880,"[[788, 3], [787, 2], [747, 3], [746, 2], [706, 3], [705, 2], [665, 3], [664, 2], [664, 2], [624, 3], [623, 3], [622, 2], [622, 2], [582, 0]]"
1881,"[[499, 1], [539, 0], [539, 0], [539, 0], [539, 0], [539, 0], [539, 0], [539, 0], [539, 0], [539, 0], [539, 0], [539, 0], [539, 0], [499, 1], [500, 3], [499, 1], [539, 0], [539, 0], [539, 0], [539, 0], [539, 0], [499, 1], [539, 0], [539, 0], [539, 0], [539, 0], [539, 0], [539, 0], [539, 0], [539, 0], [539, 0], [539, 0], [539, 0], [539, 0], [539, 0], [539, 0], [539, 0], [539, 0], [539, 0], [539, 0], [539, 0], [539, 0], [539, 0], [539, 0], [539, 0], [539, 0], [539, 0], [539, 0], [539, 0], [540, 3], [539, 0], [539, 0], [539, 0], [539, 0]]"
1882,"[[832, 3], [832, 3], [832, 3], [832, 3], [832, 3], [831, 3], [830, 3], [829, 2], [789, 3], [788, 3], [788, 3], [787, 2], [747, 3], [746, 2], [747, 3], [746, 2], [706, 3], [705, 2], [665, 3], [664, 2], [624, 0]]"
1883,"[[788, 3], [787, 2], [747, 3], [747, 3], [747, 3], [746, 2], [786, 2], [746, 2], [706, 3], [705, 2], [665, 3], [664, 2], [664, 2], [624, 3], [623, 3], [622, 2], [582, 3], [581, 2], [541, 3], [540, 3], [539, 0], [539, 0], [539, 0], [539, 0]]"
1884,"[[907, 4], [908, 2], [868, 2], [828, 2], [788, 3], [748, 3], [747, 3], [746, 2], [706, 3], [705, 2], [665, 3], [664, 2], [624, 3], [623, 3], [622, 2], [582, 3], [581, 2], [581, 2], [581, 2], [581, 2], [541, 3], [540, 3], [539, 0], [499, 1], [539, 0], [539, 0], [539, 0], [539, 0], [539, 0], [539, 0]]"
1885,"[[41, 4], [42, 1], [82, 4], [83, 0]]"
1886,"[[879, 3], [878, 3], [877, 3], [837, 1], [877, 3], [876, 3], [875, 3], [874, 0], [874, 0], [874, 0], [914, 2], [874, 0], [874, 0], [874, 0], [874, 0], [874, 0], [874, 0], [874, 0], [874, 0], [914, 2], [874, 0], [874, 0], [874, 0], [874, 0], [874, 0], [874, 0], [874, 0], [874, 0], [874, 0], [874, 0], [874, 0], [874, 0]]"
1887,"[[832, 3], [831, 3], [830, 3], [829, 2], [830, 3], [829, 2], [869, 2], [829, 2], [789, 3], [788, 3], [748, 3], [747, 3], [746, 0]]"
1888,"[[1071, 2], [1031, 4], [1071, 2], [1031, 4], [1031, 4], [1032, 2], [992, 4], [993, 2], [1033, 2], [993, 2], [993, 2], [992, 4], [993, 2], [953, 4], [954, 2], [914, 2], [874, 0], [874, 0], [874, 0], [874, 0], [874, 0], [874, 0], [874, 0], [874, 0], [874, 0], [874, 0], [874, 0], [874, 0], [874, 0], [874, 0], [874, 0], [874, 0], [874, 0], [834, 1], [874, 0], [874, 0], [874, 0], [874, 0], [874, 0], [874, 0], [874, 0], [874, 0], [874, 0], [874, 0], [874, 0], [874, 0], [874, 0], [874, 0], [874, 0], [874, 0], [874, 0], [914, 2], [954, 2], [954, 2], [914, 2], [874, 0], [874, 0], [834, 1], [874, 0], [874, 0], [874, 0], [874, 0], [875, 3], [874, 0], [874, 0], [874, 0]]"
1889,"[[420, 1], [420, 1], [460, 1], [500, 3], [499, 1], [539, 0], [539, 0], [539, 0], [539, 0], [539, 0], [539, 0], [539, 0], [539, 0], [539, 0], [539, 0], [539, 0], [539, 0]]"
1890,"[[788, 3], [787, 2], [747, 3], [747, 3], [707, 3], [706, 0]]"
1891,"[[623, 3], [622, 2], [622, 2], [582, 3], [581, 2], [541, 3], [540, 3], [539, 0], [539, 0], [539, 0], [539, 0], [540, 3], [539, 0], [539, 0], [539, 0], [539, 0], [539, 0], [539, 0], [539, 0], [539, 0], [539, 0], [539, 0], [539, 0], [539, 0], [539, 0], [539, 0], [539, 0], [539, 0], [539, 0], [539, 0], [539, 0], [539, 0], [539, 0], [539, 0], [539, 0]]"
1892,"[[832, 3], [833, 4], [834, 1], [874, 0], [874, 0], [875, 3], [874, 0], [874, 0], [875, 3], [874, 0], [874, 0], [874, 0], [874, 0], [874, 0], [874, 0], [874, 0], [875, 3], [874, 0], [874, 0], [874, 0], [874, 0], [914, 2], [914, 2], [874, 0], [874, 0], [874, 0], [914, 2], [874, 0], [874, 0], [874, 0], [914, 2], [874, 0], [834, 1], [874, 0]]"
1893,"[[623, 3], [622, 2], [622, 2], [622, 2], [582, 3], [581, 0]]"
1894,"[[788, 3], [788, 3], [787, 2], [747, 3], [746, 2], [706, 3], [707, 3], [707, 3], [706, 3], [705, 2], [705, 0]]"
1895,"[[206, 1], [246, 4], [247, 0], [247, 0], [247, 0]]"
1896,"[[420, 1], [460, 1], [500, 3], [460, 1], [500, 3], [499, 1], [539, 0], [539, 0], [540, 3], [539, 0], [539, 0], [539, 0], [539, 0], [539, 0], [539, 0], [539, 0], [539, 0], [539, 0], [499, 1], [539, 0], [539, 0], [539, 0], [539, 0], [539, 0], [539, 0], [539, 0], [539, 0], [539, 0], [539, 0], [539, 0], [539, 0], [539, 0], [539, 0], [539, 0], [539, 0], [539, 0], [539, 0], [539, 0], [499, 1], [539, 0], [539, 0], [539, 0], [539, 0], [539, 0], [539, 0], [539, 0], [539, 0]]"
1897,"[[420, 1], [460, 1], [461, 1], [461, 1], [461, 1], [501, 3], [500, 3], [499, 1], [500, 3], [499, 1], [498, 4], [499, 1], [498, 0]]"
1898,"[[788, 3], [787, 2], [747, 3], [707, 3], [706, 3], [706, 3], [705, 2], [665, 0]]"
1899,"[[832, 3], [833, 4], [833, 4], [834, 1], [834, 1], [834, 1], [833, 4], [834, 1], [874, 0], [874, 0], [874, 0], [874, 0], [874, 0], [874, 0], [874, 0], [874, 0], [874, 0], [874, 0], [874, 0], [874, 0]]"
1900,"[[832, 3], [831, 3], [831, 3], [830, 3], [829, 2], [789, 3], [788, 3], [789, 3], [788, 3], [787, 2], [788, 3], [787, 2], [747, 3], [746, 2], [747, 3], [746, 2], [706, 0]]"
1901,"[[206, 1], [246, 4], [206, 1], [246, 4], [247, 0], [287, 2], [247, 0], [247, 0], [247, 0], [247, 0], [247, 0], [247, 0], [247, 0], [247, 0], [247, 0], [247, 0], [287, 2], [247, 0], [247, 0], [246, 4], [247, 0], [247, 0], [247, 0], [247, 0], [247, 0], [247, 0], [247, 0], [247, 0], [247, 0], [247, 0], [247, 0]]"
1902,"[[170, 3], [169, 3], [168, 3], [128, 1], [128, 1], [168, 3], [169, 3], [168, 3], [167, 1], [207, 1], [206, 1], [246, 4], [247, 0], [247, 0], [247, 0], [247, 0], [247, 0], [247, 0], [287, 2], [288, 2], [288, 2], [289, 0]]"
1903,"[[788, 3], [828, 2], [829, 2], [789, 3], [788, 3], [787, 2], [747, 3], [746, 2], [706, 3], [705, 2], [665, 3], [664, 2], [624, 3], [624, 3], [624, 3], [623, 3], [622, 2], [582, 3], [581, 2], [541, 3], [540, 3], [539, 0], [539, 0], [539, 0], [539, 0]]"
1904,"[[985, 2], [1025, 2], [985, 2], [985, 2], [984, 4], [985, 2], [945, 4], [946, 4], [947, 2], [947, 2], [907, 0]]"
1905,"[[1105, 4], [1106, 1], [1146, 4], [1147, 4], [1148, 2], [1147, 4], [1147, 4], [1148, 2], [1108, 4], [1109, 4], [1110, 2], [1070, 4], [1070, 4], [1071, 2], [1071, 2], [1031, 4], [1032, 2], [992, 4], [993, 2], [1033, 2], [993, 2], [993, 2], [953, 4], [954, 2], [914, 2], [874, 0]]"
1906,"[[788, 3], [787, 2], [787, 2], [786, 2], [746, 2], [706, 3], [705, 2], [705, 2], [705, 2], [665, 3], [705, 2], [665, 3], [664, 2], [624, 3], [623, 3], [622, 2], [622, 2], [582, 3], [581, 2], [541, 0]]"
1907,"[[1071, 2], [1031, 4], [1032, 2], [1032, 2], [992, 0]]"
1908,"[[1105, 4], [1106, 1], [1146, 4], [1147, 4], [1148, 2], [1108, 4], [1109, 4], [1110, 2], [1070, 4], [1071, 2], [1071, 2], [1031, 4], [1032, 2], [992, 4], [992, 4], [993, 2], [953, 4], [954, 2], [914, 2], [874, 0], [874, 0], [874, 0], [914, 2], [874, 0], [874, 0], [874, 0], [874, 0]]"
1909,"[[41, 4], [42, 1], [82, 4], [81, 4], [82, 4], [83, 1], [82, 4], [83, 1], [123, 1], [163, 4], [164, 1], [204, 4], [205, 4], [206, 1], [246, 4], [246, 4], [246, 4], [247, 0]]"
1910,"[[788, 3], [787, 2], [747, 3], [746, 2], [706, 3], [705, 2], [665, 3], [625, 3], [624, 3], [623, 3], [622, 2], [582, 3], [581, 2], [541, 3], [540, 3], [540, 3], [539, 0], [499, 1], [539, 0], [539, 0], [539, 0], [539, 0], [539, 0], [539, 0], [539, 0], [539, 0], [539, 0], [539, 0], [539, 0], [499, 1], [539, 0], [539, 0], [539, 0], [539, 0], [539, 0], [539, 0], [539, 0]]"
1911,"[[788, 3], [787, 2], [747, 3], [746, 2], [706, 3], [707, 3], [747, 3], [747, 3], [707, 3], [706, 3], [705, 2], [665, 3], [705, 2], [665, 3], [664, 2], [624, 3], [623, 3], [622, 2], [622, 2], [582, 3], [581, 2], [541, 3], [540, 3], [541, 3], [540, 3], [539, 0], [539, 0], [539, 0]]"
1912,"[[788, 3], [787, 2], [747, 3], [746, 2], [706, 3], [705, 2], [665, 3], [664, 2], [665, 3], [664, 2], [624, 3], [623, 3], [622, 2], [622, 2], [582, 0]]"
1913,"[[985, 2], [945, 4], [946, 4], [946, 4], [946, 4], [947, 2], [907, 4], [908, 2], [868, 2], [908, 2], [908, 2], [868, 2], [828, 2], [788, 3], [787, 2], [788, 3], [787, 2], [747, 3], [746, 2], [706, 3], [705, 2], [665, 3], [664, 2], [624, 3], [623, 3], [622, 2], [582, 3], [581, 2], [541, 3], [540, 3], [539, 0], [539, 0], [539, 0], [539, 0], [499, 1], [539, 0], [539, 0], [539, 0], [499, 1], [539, 0]]"
1914,"[[877, 3], [876, 3], [875, 3], [874, 0], [875, 3], [874, 0], [874, 0], [875, 3], [874, 0], [914, 2], [874, 0], [834, 1], [874, 0]]"
1915,"[[420, 1], [460, 1], [500, 3], [499, 1], [539, 0], [539, 0], [539, 0], [539, 0], [539, 0], [539, 0], [539, 0], [539, 0], [539, 0], [539, 0], [539, 0], [539, 0], [539, 0], [539, 0], [539, 0], [539, 0], [539, 0], [539, 0], [539, 0], [539, 0], [539, 0], [539, 0], [539, 0], [539, 0]]"
1916,"[[1071, 2], [1071, 2], [1031, 4], [1032, 2], [992, 4], [993, 2], [953, 4], [954, 2], [914, 2], [914, 0]]"
1917,"[[420, 1], [460, 1], [500, 3], [499, 1], [539, 0]]"
1918,"[[832, 3], [831, 3], [830, 3], [829, 2], [789, 3], [788, 3], [828, 2], [788, 3], [787, 2], [787, 2], [788, 0]]"
1919,"[[879, 3], [879, 3], [878, 3], [877, 3], [876, 3], [875, 3], [874, 0], [874, 0], [874, 0], [874, 0], [874, 0], [874, 0], [874, 0], [874, 0], [874, 0], [875, 3], [874, 0], [874, 0]]"
1920,"[[420, 1], [460, 1], [500, 3], [499, 1], [459, 1], [459, 1], [499, 1], [500, 0]]"
1921,"[[587, 3], [586, 3], [586, 3], [585, 1], [625, 3], [624, 3], [623, 3], [622, 2], [582, 3], [581, 2], [541, 3], [540, 3], [539, 0], [539, 0]]"
1922,"[[788, 3], [787, 2], [747, 3], [746, 2], [706, 3], [705, 2], [665, 3], [705, 2], [706, 3], [705, 2], [665, 3], [666, 3], [665, 3], [664, 2], [664, 2], [624, 3], [623, 3], [622, 2], [582, 3], [542, 3], [582, 3], [581, 0]]"
1923,"[[420, 1], [460, 1], [500, 3], [499, 1], [539, 0], [539, 0], [539, 0], [539, 0], [539, 0], [539, 0], [539, 0], [539, 0], [539, 0], [539, 0], [539, 0], [539, 0], [539, 0], [539, 0], [539, 0], [539, 0], [539, 0], [540, 3], [539, 0], [539, 0], [539, 0], [499, 1], [500, 3], [499, 1], [539, 0], [539, 0], [539, 0], [539, 0], [539, 0], [539, 0], [539, 0], [539, 0], [539, 0], [539, 0], [539, 0], [539, 0], [539, 0], [539, 0], [539, 0], [539, 0], [539, 0], [539, 0], [539, 0], [539, 0], [539, 0], [539, 0], [539, 0], [539, 0], [539, 0], [539, 0], [539, 0], [539, 0], [539, 0]]"
1924,"[[832, 3], [832, 3], [831, 3], [830, 3], [829, 2], [789, 3], [788, 3], [787, 2], [747, 3], [746, 2], [706, 3], [705, 2], [665, 3], [664, 2], [624, 3], [623, 3], [622, 2], [623, 3], [622, 2], [582, 3], [581, 2], [541, 3], [540, 3], [539, 0], [539, 0], [539, 0], [539, 0], [539, 0], [539, 0], [539, 0], [539, 0], [539, 0], [539, 0], [539, 0], [539, 0]]"
1925,"[[788, 3], [787, 2], [747, 3], [746, 2], [706, 3], [705, 2], [665, 3], [664, 2], [624, 3], [625, 3], [624, 3], [584, 1], [624, 3], [623, 3], [622, 2], [622, 2], [622, 2], [582, 3], [581, 2], [581, 2], [541, 3], [540, 3], [539, 0], [539, 0], [539, 0], [539, 0], [539, 0], [539, 0], [539, 0], [539, 0], [539, 0], [539, 0], [539, 0], [539, 0], [539, 0], [539, 0], [539, 0], [539, 0], [539, 0]]"
1926,"[[623, 3], [622, 2], [623, 3], [622, 2], [582, 3], [542, 3], [502, 3], [501, 3], [500, 3], [540, 3], [539, 0], [539, 0], [539, 0], [539, 0], [539, 0], [539, 0], [539, 0], [539, 0], [540, 3], [539, 0], [539, 0], [539, 0], [539, 0], [539, 0], [539, 0], [539, 0], [539, 0], [539, 0], [539, 0], [539, 0], [539, 0], [539, 0], [539, 0], [539, 0], [539, 0], [539, 0], [539, 0], [539, 0], [539, 0], [539, 0], [539, 0], [539, 0], [539, 0], [539, 0], [539, 0], [539, 0], [539, 0], [539, 0]]"
1927,"[[879, 3], [878, 3], [877, 3], [878, 3], [877, 3], [876, 3], [875, 3], [874, 0], [874, 0], [874, 0], [874, 0]]"
1928,"[[743, 2], [703, 2], [703, 2], [663, 2], [623, 3], [622, 2], [582, 3], [583, 3], [582, 3], [542, 3], [541, 3], [540, 3], [539, 0], [539, 0], [539, 0], [539, 0], [539, 0]]"
1929,"[[788, 3], [787, 2], [747, 3], [746, 2], [706, 3], [705, 2], [665, 3], [664, 0]]"
1930,"[[985, 2], [945, 4], [946, 4], [947, 2], [907, 4], [908, 2], [868, 2], [908, 2], [908, 2], [868, 2], [828, 2], [788, 3], [787, 2], [747, 3], [746, 2], [706, 3], [705, 2], [665, 3], [664, 2], [663, 2], [623, 3], [622, 2], [582, 3], [581, 2], [541, 3], [540, 3], [539, 0], [539, 0], [540, 3], [540, 3], [539, 0], [539, 0]]"
1931,"[[623, 3], [622, 2], [582, 3], [581, 2], [541, 3], [540, 3], [539, 0], [539, 0], [539, 0], [539, 0], [539, 0], [539, 0], [539, 0]]"
1932,"[[623, 3], [622, 2], [623, 3], [623, 3], [622, 2], [582, 3], [581, 2], [541, 3], [540, 3], [539, 0], [539, 0], [539, 0], [539, 0], [539, 0], [539, 0], [539, 0], [539, 0], [539, 0], [540, 0]]"
1933,"[[985, 2], [945, 4], [945, 4], [946, 4], [945, 0]]"
1934,"[[877, 3], [876, 3], [875, 3], [874, 0], [874, 0], [834, 1], [874, 0], [874, 0], [874, 0], [914, 2], [874, 0], [874, 0], [874, 0], [874, 0], [874, 0], [874, 0], [875, 3], [874, 0]]"
1935,"[[420, 1], [420, 1], [460, 1], [500, 3], [499, 1], [539, 0], [539, 0], [540, 3], [540, 3], [539, 0], [539, 0], [539, 0], [539, 0], [539, 0], [539, 0], [539, 0], [539, 0], [539, 0], [539, 0], [539, 0], [539, 0], [539, 0], [539, 0], [539, 0], [539, 0], [539, 0], [539, 0], [539, 0], [539, 0], [499, 1], [539, 0], [539, 0], [539, 0], [539, 0], [539, 0], [539, 0], [539, 0], [539, 0], [539, 0], [539, 0], [539, 0], [539, 0], [539, 0], [539, 0], [539, 0]]"
1936,"[[985, 2], [945, 4], [946, 4], [947, 2], [946, 4], [947, 2], [947, 2], [907, 4], [908, 2], [868, 2], [828, 2], [788, 3], [789, 3], [788, 0]]"
1937,"[[788, 3], [748, 3], [747, 3], [746, 2], [706, 3], [707, 3], [706, 3], [705, 2], [665, 3], [664, 2], [624, 3], [623, 3], [583, 3], [582, 3], [581, 2], [541, 3], [542, 3], [541, 3], [540, 3], [500, 3], [499, 1], [539, 0], [539, 0], [539, 0]]"
1938,"[[623, 3], [622, 2], [582, 3], [581, 2], [541, 3], [540, 3], [540, 3], [539, 0], [539, 0], [499, 1], [539, 0], [539, 0], [539, 0], [539, 0], [539, 0], [539, 0], [539, 0], [539, 0], [539, 0], [539, 0], [539, 0], [499, 1], [539, 0], [539, 0], [539, 0], [539, 0], [539, 0], [539, 0], [539, 0], [539, 0], [539, 0], [539, 0], [539, 0]]"
1939,"[[374, 3], [373, 3], [373, 3], [372, 2], [332, 3], [331, 3], [330, 2], [290, 3], [289, 3], [329, 2], [289, 3], [288, 2], [248, 3], [247, 0], [247, 0], [246, 4], [246, 4], [247, 0]]"
1940,"[[877, 3], [876, 3], [875, 3], [874, 0], [834, 1], [874, 0], [874, 0], [874, 0], [874, 0], [874, 0], [834, 1], [834, 0]]"
1941,"[[743, 2], [703, 2], [703, 2], [663, 2], [623, 3], [622, 2], [582, 3], [581, 2], [541, 3], [540, 3], [539, 0], [539, 0], [539, 0], [539, 0], [539, 0], [539, 0], [499, 1], [539, 0], [540, 3], [500, 0]]"
1942,"[[278, 1], [318, 3], [317, 1], [357, 1], [397, 1], [397, 1], [437, 1], [477, 1], [437, 1], [477, 1], [517, 1], [557, 1], [558, 1], [598, 3], [597, 1], [637, 1], [677, 1], [677, 1], [717, 1], [757, 1], [797, 1], [837, 1], [877, 3], [876, 3], [875, 3], [874, 0], [874, 0], [874, 0], [874, 0], [874, 0], [874, 0], [874, 0]]"
1943,"[[788, 3], [787, 2], [747, 3], [746, 2], [706, 3], [705, 2], [665, 3], [625, 3], [624, 3], [625, 3], [624, 3], [624, 3], [584, 0]]"
1944,"[[832, 3], [831, 3], [830, 3], [829, 2], [789, 3], [788, 3], [787, 2], [747, 3], [746, 2], [706, 3], [705, 2], [665, 3], [664, 2], [664, 2], [624, 3], [584, 1], [624, 3], [624, 3], [623, 3], [622, 2], [582, 0]]"
1945,"[[499, 1], [539, 0], [539, 0], [539, 0], [499, 1], [539, 0], [539, 0], [539, 0], [539, 0], [539, 0], [539, 0], [539, 0], [499, 1], [539, 0], [539, 0], [539, 0], [539, 0], [539, 0], [499, 1], [539, 0], [539, 0], [539, 0], [539, 0]]"
1946,"[[985, 2], [945, 4], [985, 2], [945, 4], [946, 4], [946, 4], [947, 2], [907, 4], [908, 2], [868, 2], [828, 2], [829, 2], [828, 2], [788, 3], [787, 2], [747, 3], [746, 2], [706, 3], [705, 2], [665, 3], [664, 2], [664, 2], [664, 2], [624, 3], [623, 3], [622, 0]]"
1947,"[[788, 3], [787, 2], [747, 3], [746, 2], [706, 3], [705, 2], [665, 3], [664, 2], [624, 3], [664, 0]]"
1948,"[[499, 1], [539, 0], [539, 0], [539, 0], [539, 0], [539, 0], [539, 0], [539, 0], [539, 0], [539, 0], [539, 0], [540, 0]]"
1949,"[[743, 2], [703, 2], [703, 2], [663, 2], [623, 3], [622, 2], [622, 2], [622, 2], [582, 3], [582, 3], [581, 2], [541, 3], [540, 3], [539, 0], [539, 0], [539, 0]]"
1950,"[[420, 1], [460, 1], [500, 3], [499, 1], [539, 0], [539, 0], [539, 0], [539, 0], [539, 0], [539, 0], [539, 0], [540, 3], [540, 3], [539, 0], [539, 0], [539, 0]]"
1951,"[[788, 3], [787, 2], [747, 3], [746, 2], [706, 3], [705, 2], [705, 2], [665, 3], [664, 2], [624, 3], [623, 3], [622, 2], [582, 3], [581, 2], [541, 3], [541, 3], [540, 3], [539, 0], [539, 0], [539, 0], [539, 0], [539, 0], [539, 0], [539, 0], [539, 0]]"
1952,"[[832, 3], [831, 3], [830, 3], [831, 3], [830, 3], [829, 2], [789, 3], [788, 3], [787, 2], [747, 3], [746, 2], [746, 2], [747, 3], [746, 2], [706, 3], [707, 3], [707, 3], [706, 3], [705, 2], [665, 3], [666, 3], [665, 3], [705, 2], [665, 3], [664, 2], [624, 3], [623, 3], [663, 2], [703, 2], [663, 2], [623, 3], [622, 2], [582, 3], [581, 2], [541, 3], [540, 3], [539, 0], [539, 0], [539, 0], [539, 0], [539, 0], [539, 0], [540, 3], [540, 3], [539, 0], [539, 0], [539, 0]]"
1953,"[[1105, 4], [1106, 1], [1146, 4], [1147, 4], [1148, 2], [1147, 4], [1148, 2], [1108, 4], [1108, 4], [1109, 4], [1110, 2], [1070, 0]]"
1954,"[[788, 3], [787, 2], [788, 3], [787, 2], [747, 3], [746, 2], [706, 3], [666, 3], [665, 3], [664, 2], [624, 3], [623, 3], [622, 2], [623, 3], [622, 2], [582, 3], [581, 0]]"
1955,"[[587, 3], [587, 3], [586, 3], [585, 0]]"
1956,"[[985, 2], [945, 4], [945, 4], [946, 4], [947, 2], [907, 4], [908, 2], [868, 2], [828, 2], [788, 3], [787, 2], [787, 2], [788, 3], [787, 2], [747, 3], [746, 2], [706, 3], [705, 2], [665, 3], [664, 2], [624, 3], [623, 3], [622, 2], [582, 3], [581, 2], [541, 3], [540, 3], [500, 3], [499, 1], [539, 0], [539, 0], [499, 1], [539, 0], [539, 0], [539, 0], [539, 0], [539, 0], [539, 0], [539, 0], [539, 0], [539, 0], [540, 3], [539, 0], [539, 0], [539, 0], [540, 3], [540, 0]]"
1957,"[[623, 3], [622, 2], [582, 3], [582, 3], [542, 3], [541, 3], [540, 3], [540, 3], [539, 0], [539, 0], [539, 0], [539, 0], [539, 0], [539, 0], [539, 0], [539, 0], [539, 0], [539, 0], [539, 0], [539, 0], [539, 0], [499, 1], [539, 0], [539, 0], [539, 0], [539, 0], [499, 1], [539, 0], [539, 0]]"
1958,"[[743, 2], [703, 2], [663, 2], [623, 3], [622, 0]]"
1959,"[[278, 1], [318, 3], [317, 1], [277, 1], [317, 1], [318, 3], [317, 1], [357, 1], [397, 1], [397, 1], [437, 1], [477, 1], [517, 1], [557, 1], [597, 1], [637, 1], [677, 1], [717, 1], [757, 1], [797, 1], [837, 1], [877, 0]]"
1960,"[[1105, 4], [1106, 1], [1146, 4], [1147, 4], [1148, 2], [1108, 4], [1109, 4], [1110, 2], [1070, 4], [1071, 2], [1031, 4], [1032, 2], [992, 4], [993, 2], [953, 4], [954, 2], [914, 2], [874, 0], [874, 0], [874, 0], [874, 0], [874, 0], [834, 1], [874, 0], [874, 0]]"
1961,"[[879, 3], [878, 3], [877, 3], [876, 3], [875, 3], [874, 0], [874, 0], [874, 0], [875, 3], [874, 0], [875, 3], [874, 0], [914, 2], [874, 0], [874, 0], [874, 0], [874, 0], [874, 0], [834, 1], [874, 0], [874, 0], [874, 0], [874, 0], [874, 0], [874, 0], [914, 2], [874, 0]]"
1962,"[[877, 3], [876, 3], [875, 3], [874, 0], [874, 0], [874, 0], [914, 2], [874, 0], [874, 0], [874, 0], [874, 0]]"
1963,"[[499, 1], [539, 0], [539, 0], [539, 0], [539, 0], [539, 0], [539, 0], [539, 0], [539, 0], [539, 0]]"
1964,"[[1071, 2], [1031, 4], [1032, 2], [992, 4], [993, 2], [953, 4], [953, 4], [954, 2], [914, 2], [874, 0], [874, 0], [874, 0], [874, 0], [874, 0], [874, 0], [874, 0], [874, 0], [874, 0], [874, 0], [874, 0], [874, 0], [874, 0], [874, 0], [874, 0], [914, 2], [874, 0], [874, 0]]"
1965,"[[832, 3], [831, 3], [830, 3], [829, 2], [789, 3], [788, 3], [787, 2], [747, 3], [746, 2], [706, 3], [705, 2], [665, 3], [664, 2], [624, 3], [623, 3], [622, 2], [622, 2], [582, 3], [581, 2], [541, 3], [540, 3], [539, 0], [539, 0], [539, 0]]"
1966,"[[499, 1], [539, 0], [539, 0], [539, 0], [539, 0], [539, 0], [539, 0], [539, 0], [539, 0], [539, 0], [539, 0], [539, 0], [539, 0], [539, 0], [499, 1], [539, 0], [539, 0], [539, 0], [539, 0], [539, 0], [539, 0], [539, 0], [539, 0], [539, 0], [539, 0], [539, 0], [539, 0], [539, 0], [539, 0], [539, 0], [539, 0], [539, 0], [539, 0], [539, 0], [539, 0], [539, 0], [539, 0], [539, 0], [539, 0], [539, 0], [539, 0], [539, 0], [539, 0], [539, 0], [539, 0]]"
1967,"[[420, 1], [460, 1], [500, 3], [499, 1], [539, 0], [539, 0], [539, 0], [539, 0], [539, 0], [539, 0], [539, 0], [539, 0], [539, 0], [539, 0], [539, 0], [539, 0], [539, 0], [539, 0], [539, 0], [539, 0]]"
1968,"[[587, 3], [586, 3], [585, 1], [625, 3], [624, 3], [623, 3], [623, 3], [622, 2], [582, 3], [581, 2], [541, 3], [541, 3], [540, 3], [539, 0], [539, 0], [539, 0], [539, 0], [539, 0], [539, 0], [499, 1], [539, 0], [539, 0], [539, 0], [539, 0], [539, 0], [539, 0], [539, 0], [539, 0], [499, 1], [498, 4], [498, 4], [499, 1], [500, 3], [499, 1], [539, 0], [539, 0], [539, 0], [539, 0], [539, 0], [539, 0], [539, 0], [499, 1], [459, 1], [499, 1], [539, 0], [539, 0], [539, 0], [539, 0], [539, 0], [539, 0], [539, 0], [539, 0], [539, 0], [539, 0], [539, 0], [539, 0], [499, 1], [539, 0], [539, 0], [539, 0], [539, 0], [499, 1], [539, 0], [540, 3], [539, 0], [539, 0], [539, 0], [539, 0], [539, 0], [539, 0]]"
1969,"[[1105, 4], [1106, 1], [1146, 4], [1147, 4], [1148, 2], [1108, 4], [1109, 4], [1110, 0]]"
1970,"[[587, 3], [586, 3], [585, 1], [625, 3], [624, 3], [623, 3], [623, 3], [622, 2], [582, 3], [581, 2], [541, 3], [540, 3], [541, 3], [540, 3], [539, 0], [539, 0], [539, 0], [539, 0], [539, 0], [539, 0], [499, 1], [539, 0], [539, 0], [499, 1], [500, 3], [499, 1], [539, 0], [539, 0], [539, 0], [540, 3], [539, 0], [539, 0], [539, 0], [539, 0], [539, 0], [539, 0], [539, 0], [539, 0], [539, 0], [540, 3], [539, 0], [539, 0], [539, 0]]"
1971,"[[832, 3], [831, 3], [830, 3], [829, 2], [789, 3], [788, 3], [787, 2], [747, 3], [746, 2], [706, 3], [705, 0]]"
1972,"[[743, 2], [703, 2], [663, 2], [664, 2], [624, 3], [623, 3], [622, 2], [582, 3], [581, 2], [541, 3], [540, 3], [539, 0], [539, 0], [540, 3], [540, 3], [539, 0], [539, 0], [539, 0], [499, 1], [539, 0], [539, 0]]"
1973,"[[420, 1], [460, 1], [500, 3], [499, 1], [539, 0], [539, 0], [539, 0], [539, 0], [539, 0], [539, 0], [539, 0], [499, 1], [539, 0], [539, 0], [539, 0], [539, 0], [539, 0], [539, 0], [539, 0], [539, 0], [539, 0], [539, 0], [539, 0], [539, 0], [539, 0], [539, 0], [539, 0], [539, 0], [539, 0], [539, 0], [539, 0], [539, 0], [539, 0], [539, 0], [539, 0], [539, 0], [539, 0], [539, 0], [539, 0], [539, 0], [539, 0], [539, 0], [539, 0], [539, 0], [539, 0], [539, 0], [539, 0]]"
1974,"[[788, 3], [787, 2], [747, 3], [746, 2], [706, 3], [705, 2], [706, 3], [706, 3], [705, 2], [665, 3], [664, 2], [624, 3], [623, 3], [622, 2], [582, 3], [582, 3], [581, 2], [541, 3], [540, 0]]"
1975,"[[499, 1], [539, 0], [539, 0], [539, 0], [539, 0], [539, 0], [499, 1], [539, 0], [539, 0]]"
1976,"[[743, 2], [703, 2], [663, 2], [623, 3], [624, 3], [623, 3], [622, 2], [582, 3], [581, 2], [541, 3], [542, 3], [541, 3], [540, 3], [539, 0], [539, 0], [539, 0], [539, 0], [539, 0], [539, 0], [539, 0], [539, 0], [499, 1], [459, 1], [499, 1], [539, 0]]"
1977,"[[788, 3], [789, 3], [790, 3], [789, 3], [788, 3], [787, 2], [747, 3], [748, 3], [747, 3], [746, 2], [786, 2], [746, 2], [706, 3], [705, 2], [665, 3], [664, 2], [663, 2], [623, 3], [622, 2], [582, 3], [581, 2], [541, 3], [540, 3], [541, 3], [540, 3], [539, 0], [539, 0], [539, 0], [540, 3], [539, 0], [499, 1], [539, 0], [539, 0], [539, 0], [539, 0], [539, 0], [539, 0], [539, 0]]"
1978,"[[623, 3], [622, 2], [622, 2], [582, 3], [581, 2], [541, 3], [541, 3], [540, 3], [539, 0], [539, 0], [539, 0], [539, 0], [540, 3], [539, 0], [539, 0], [539, 0], [539, 0], [539, 0], [499, 1], [539, 0], [539, 0], [539, 0], [539, 0], [539, 0], [539, 0], [539, 0], [539, 0], [539, 0], [540, 3], [539, 0], [539, 0], [539, 0], [499, 1], [539, 0], [539, 0], [539, 0], [539, 0], [539, 0], [539, 0], [539, 0]]"
1979,"[[499, 1], [539, 0], [539, 0], [539, 0], [539, 0], [539, 0], [539, 0], [539, 0], [539, 0], [539, 0], [539, 0], [539, 0], [539, 0], [539, 0], [539, 0], [539, 0], [499, 1], [539, 0], [539, 0], [539, 0], [539, 0], [539, 0]]"
1980,"[[1071, 2], [1071, 2], [1031, 4], [1032, 2], [992, 4], [1032, 2], [992, 4], [993, 2], [953, 4], [954, 2], [914, 2], [874, 0], [874, 0], [874, 0], [874, 0], [874, 0], [874, 0], [874, 0], [874, 0], [874, 0]]"
1981,"[[1105, 4], [1106, 1], [1146, 4], [1147, 4], [1147, 4], [1148, 2], [1108, 4], [1109, 4], [1110, 2], [1070, 4], [1071, 2], [1031, 4], [1032, 2], [1031, 4], [1032, 2], [992, 4], [993, 2], [993, 2], [953, 4], [954, 2], [914, 2], [874, 0], [874, 0], [874, 0], [914, 2], [874, 0], [874, 0], [875, 3], [874, 0], [874, 0], [874, 0], [874, 0], [874, 0], [914, 2], [874, 0], [874, 0]]"
1982,"[[1071, 2], [1031, 4], [1032, 2], [992, 4], [993, 2], [992, 4], [993, 2], [953, 4], [954, 2], [914, 2], [914, 2], [914, 2], [874, 0], [874, 0], [874, 0], [874, 0], [874, 0]]"
1983,"[[374, 3], [373, 3], [372, 2], [332, 3], [331, 3], [330, 2], [290, 3], [289, 3], [288, 2], [248, 3], [247, 0], [247, 0], [247, 0], [247, 0], [247, 0], [247, 0], [247, 0], [247, 0], [247, 0], [247, 0], [247, 0], [207, 1], [247, 0], [247, 0], [247, 0], [246, 4], [246, 4], [247, 0], [287, 2], [247, 0]]"
1984,"[[832, 3], [831, 3], [830, 3], [829, 2], [789, 3], [829, 2], [789, 3], [788, 3], [787, 2], [788, 3], [787, 2], [747, 3], [746, 2], [706, 3], [705, 2], [665, 3], [664, 2], [664, 2], [624, 3], [623, 3], [622, 2], [582, 3], [581, 2], [581, 2], [541, 3], [540, 3], [539, 0], [539, 0], [539, 0], [539, 0], [539, 0]]"
1985,"[[374, 3], [373, 3], [372, 2], [332, 3], [372, 2], [332, 3], [331, 3], [330, 2], [329, 2], [289, 3], [288, 2], [248, 3], [247, 0], [247, 0], [247, 0], [246, 4], [247, 0], [247, 0], [247, 0], [247, 0], [247, 0], [247, 0], [247, 0], [247, 0], [247, 0], [248, 3], [247, 0], [247, 0], [246, 4], [247, 0], [287, 2], [247, 0], [248, 3], [247, 0], [247, 0], [247, 0], [248, 3], [247, 0], [247, 0], [247, 0], [247, 0], [247, 0], [287, 2], [247, 0], [247, 0], [247, 0], [247, 0]]"
1986,"[[788, 3], [787, 2], [747, 3], [746, 2], [706, 3], [705, 2], [665, 3], [664, 2], [624, 3], [623, 3], [583, 3], [582, 3], [581, 2], [541, 3], [540, 3], [539, 0], [539, 0], [539, 0], [539, 0], [539, 0], [539, 0], [539, 0], [539, 0]]"
1987,"[[420, 1], [460, 1], [500, 3], [499, 1], [539, 0], [539, 0], [539, 0], [539, 0], [539, 0], [540, 3], [540, 3], [500, 3], [499, 1], [539, 0], [539, 0], [539, 0], [539, 0], [539, 0], [539, 0], [539, 0], [539, 0], [539, 0], [539, 0]]"
1988,"[[743, 2], [703, 2], [703, 2], [663, 2], [623, 3], [622, 2], [582, 3], [581, 2], [581, 2], [582, 3], [581, 2], [541, 3], [540, 3], [539, 0], [539, 0]]"
1989,"[[623, 3], [622, 2], [622, 2], [582, 3], [542, 3], [542, 3], [582, 3], [581, 2], [581, 2], [541, 3], [540, 3], [539, 0], [539, 0], [539, 0], [539, 0], [539, 0], [499, 1], [539, 0], [539, 0], [540, 3], [539, 0], [539, 0]]"
1990,"[[743, 2], [703, 2], [703, 2], [663, 2], [663, 2], [663, 2], [623, 3], [623, 3], [622, 2], [582, 3], [581, 2], [541, 3], [540, 3], [539, 0], [539, 0], [539, 0], [499, 1], [539, 0], [539, 0], [539, 0], [539, 0], [539, 0], [539, 0], [539, 0], [539, 0], [539, 0], [539, 0], [539, 0]]"
1991,"[[420, 1], [460, 1], [460, 1], [500, 3], [499, 1], [539, 0], [539, 0], [539, 0], [539, 0], [499, 1], [539, 0], [539, 0], [539, 0], [499, 1], [539, 0], [539, 0], [539, 0], [539, 0], [539, 0], [499, 1], [539, 0], [539, 0], [539, 0], [539, 0], [539, 0], [539, 0], [539, 0], [539, 0], [539, 0], [539, 0], [539, 0], [539, 0], [539, 0], [539, 0], [539, 0], [539, 0]]"
1992,"[[499, 1], [539, 0], [539, 0], [539, 0], [539, 0], [539, 0], [539, 0], [539, 0], [539, 0], [539, 0], [539, 0], [539, 0], [539, 0], [540, 3], [539, 0]]"
1993,"[[623, 3], [622, 2], [582, 3], [581, 2], [541, 3], [540, 3], [539, 0], [539, 0], [539, 0], [539, 0], [539, 0], [539, 0], [499, 1], [539, 0], [539, 0], [539, 0], [539, 0], [539, 0], [499, 1], [539, 0], [540, 3], [539, 0], [539, 0], [539, 0], [539, 0], [539, 0], [539, 0]]"
1994,"[[832, 3], [831, 3], [830, 3], [829, 2], [789, 3], [788, 3], [787, 2], [747, 3], [746, 2], [746, 2], [747, 3], [746, 2], [706, 3], [705, 2], [665, 3], [664, 2], [624, 3], [623, 3], [622, 2], [623, 3], [622, 2], [622, 2], [582, 3], [581, 2], [541, 3], [540, 3], [539, 0], [539, 0], [539, 0], [539, 0], [539, 0], [539, 0], [539, 0], [539, 0], [539, 0], [539, 0], [539, 0], [539, 0], [539, 0], [539, 0], [539, 0], [539, 0], [539, 0], [539, 0], [539, 0], [539, 0], [540, 3], [539, 0], [539, 0], [539, 0], [539, 0], [539, 0], [539, 0]]"
1995,"[[206, 1], [246, 4], [246, 4], [247, 0], [248, 3], [247, 0], [247, 0], [247, 0], [247, 0], [247, 0], [247, 0], [247, 0], [246, 4], [247, 0], [207, 1], [167, 1], [207, 1], [247, 0], [247, 0], [247, 0], [248, 3], [247, 0], [247, 0], [247, 0], [247, 0], [287, 2], [247, 0], [247, 0], [247, 0], [247, 0], [247, 0], [247, 0], [247, 0], [247, 0]]"
1996,"[[877, 3], [876, 3], [875, 3], [874, 0], [874, 0], [874, 0], [874, 0], [874, 0], [874, 0], [874, 0], [874, 0], [874, 0], [834, 1], [874, 0], [874, 0], [874, 0], [834, 1], [874, 0], [874, 0], [874, 0], [874, 0], [874, 0], [874, 0], [874, 0]]"
1997,"[[743, 2], [703, 2], [663, 2], [623, 3], [622, 2], [582, 0]]"
1998,"[[788, 3], [787, 2], [747, 3], [746, 2], [786, 2], [746, 2], [747, 3], [746, 2], [706, 3], [705, 2], [665, 0]]"
1999,"[[788, 3], [787, 2], [747, 3], [746, 2], [786, 2], [746, 2], [746, 2], [706, 3], [705, 2], [665, 3], [664, 2], [624, 3], [623, 3], [623, 3], [623, 3], [622, 2], [582, 3], [581, 2], [541, 3], [540, 0]]"
2000,"[[832, 3], [831, 3], [831, 3], [830, 0]]"
