wifi,X,Y,parents,ID,restored_x,restored_y
66,13.949,16.375,N,N,13.948792,16.375364
96,62.374,59.313,N,N,62.373878,59.31299
105,142.814,97.329,N,N,142.813712,97.329134
33,194.916,125.425,N,N,194.916052,125.424975
99,239.844,158.207,N,N,239.844309,158.206684
5,287.395,193.229,N,N,287.394523,193.228916
95,323.59,208.748,N,N,323.5895,208.748489
88,376.773,212.234,N,N,376.772586,212.234033
19,102.488,48.308,N,N,102.487635,48.307526
22,205.899,103.487,N,N,205.898654,103.486856
120,279.519,149.801,N,N,279.5192,149.800834
67,370.983,159.94,N,N,370.982585,159.940167
92,381.397,63.134,N,N,381.396941,63.133526
49,310.951,262.358,N,N,310.950798,262.358424
101,257.355,270.201,N,N,257.355128,270.201074
84,254.126,241.349,N,N,254.126223,241.34925
4,276.312,228.59,N,N,276.311922,228.58987
32,239.106,185.931,N,N,239.105846,185.930734
13,399.251,216.457,N,N,399.250741,216.457314
72974,264.0,156.0,22:95,1_virtual,256.200862,151.74229
23449,246.0,148.0,5:22,1_virtual,248.337786,138.117243
9048,305.0,200.0,5:95,1_virtual,299.242245,195.277785
2344,272.0,168.0,5:22:95,1_virtual,263.170432,177.010396
26858,350.0,210.0,88:95,1_virtual,347.233413,210.050467
79123,263.0,175.0,99:5,1_virtual,263.170432,177.010396
13702,281.0,183.0,99:95,1_virtual,273.541481,183.542203
25145,283.0,186.0,99:5:95,1_virtual,287.394523,193.228916
2552,388.0,214.0,88:13,1_virtual,389.688204,214.525514
30620,332.0,202.0,88:5,1_virtual,339.156466,200.381842
41841,343.0,204.0,13:5,1_virtual,342.238159,205.594444
91020,361.0,212.0,13:95,1_virtual,362.971623,211.452847
63253,302.0,159.0,13:22,1_virtual,292.511771,160.224882
83375,291.0,157.0,88:22,1_virtual,289.701592,155.541243
14185,308.0,185.0,88:99,1_virtual,304.94565,184.788307
89653,319.0,187.0,99:13,1_virtual,306.077556,181.726417
13568,222.0,130.0,99:22,1_virtual,216.991779,130.219811
60800,248.0,214.0,99:101,1_virtual,255.016972,208.227254
97999,317.0,241.0,88:101,1_virtual,318.76181,234.17121
71721,270.0,217.0,84:5,1_virtual,269.603088,216.159457
64102,317.0,235.0,49:95,1_virtual,318.76181,234.17121
18641,258.0,182.0,49:22,1_virtual,263.170432,177.010396
31591,259.0,167.0,33:95,1_virtual,253.54014,169.247201
79694,315.0,226.0,88:84,1_virtual,313.670121,231.954107
54272,200.0,114.0,33:22,1_virtual,202.551192,111.362838
2757,313.0,193.0,88:99:95,1_virtual,302.353193,188.696934
82676,272.0,231.0,101:5,1_virtual,272.978859,230.360559
64120,231.0,186.0,101:22,1_virtual,227.235674,189.679284
91297,290.0,239.0,101:95,1_virtual,290.842493,240.474494
59163,288.0,225.0,84:95,1_virtual,281.103199,222.600773
62572,246.0,199.0,99:84,1_virtual,246.268762,200.090895
78028,275.0,210.0,49:99,1_virtual,273.744884,211.031755
32446,299.0,227.0,49:5,1_virtual,301.552546,226.93547
29230,242.0,126.0,120:22,1_virtual,241.498669,125.513793
70233,259.0,154.0,120:99,1_virtual,256.200862,151.74229
87392,217.0,141.0,33:99,1_virtual,213.368771,138.99126
44615,307.0,199.0,32:88,1_virtual,309.788537,205.727901
96699,259.0,167.0,120:32,1_virtual,253.54014,169.247201
51286,239.0,172.0,32:99,1_virtual,233.787602,176.484897
8318,244.0,160.0,32:5:22,1_virtual,244.948061,162.320933
38638,281.0,197.0,32:95,1_virtual,287.394523,193.228916
92071,282.0,251.0,49:84,1_virtual,284.759421,248.20271
84932,366.0,212.0,88:13:95,1_virtual,362.971623,211.452847
9356,248.0,228.0,32:101,1_virtual,259.282055,236.453814
99062,241.0,159.0,33:5,1_virtual,239.844309,158.206684
29250,302.0,174.0,88:22:95,1_virtual,302.782344,177.268189
54467,249.0,179.0,84:5:22,1_virtual,253.54014,169.247201
11881,222.0,144.0,32:22,1_virtual,222.970679,147.009677
40323,307.0,225.0,88:101:5,1_virtual,303.034402,224.469712
2093,285.0,185.0,88:32:99,1_virtual,287.394523,193.228916
95815,263.0,189.0,32:5,1_virtual,266.014574,190.375833
51552,278.0,240.0,84:101:95,1_virtual,280.994605,236.462391
69761,274.0,157.0,88:99:22,1_virtual,279.5192,149.800834
17196,279.0,204.0,49:99:5,1_virtual,273.744884,211.031755
37558,291.0,209.0,49:99:95,1_virtual,288.446353,211.872477
50132,307.0,221.0,49:5:95,1_virtual,303.034402,220.18588
91320,307.0,199.0,88:32,1_virtual,309.788537,205.727901
47773,267.0,184.0,32:99:95,1_virtual,266.014574,190.375833
81515,256.0,156.0,99:22:95,1_virtual,256.200862,151.74229
51808,313.0,202.0,88:32:95,1_virtual,309.788537,205.727901
90040,352.0,135.0,92:95,1_virtual,375.613182,149.886502
39006,329.0,204.0,88:5:95,1_virtual,323.5895,208.748489
41479,213.0,129.0,33:99:22,1_virtual,216.991779,130.219811
67451,230.0,172.0,84:22,1_virtual,229.198362,168.632237
96372,217.0,155.0,32:33,1_virtual,218.561262,155.067329
4313,343.0,237.0,88:49,1_virtual,342.283863,235.228159
45983,319.0,230.0,88:101:95,1_virtual,318.76181,234.17121
67331,261.0,216.0,32:5:101,1_virtual,261.914261,216.256375
19070,343.0,204.0,5:13,1_virtual,342.238159,205.594444
95198,259.0,167.0,32:120,1_virtual,253.54014,169.247201
80124,290.0,169.0,88:5:22,1_virtual,293.251576,166.883131
63927,237.0,137.0,120:33,1_virtual,242.392363,134.597826
23835,229.0,140.0,33:5:22,1_virtual,222.970679,147.009677
68566,255.0,255.0,84:101,1_virtual,252.303455,260.983072
86779,246.0,213.0,32:84,1_virtual,255.016972,208.227254
1547,228.0,149.0,32:99:22,1_virtual,222.970679,147.009677
12065,280.0,195.0,88:101:22,1_virtual,287.394523,193.228916
96452,307.0,225.0,88:5:101,1_virtual,303.034402,224.469712
73767,272.0,202.0,99:84:95,1_virtual,268.561728,205.911047
63790,297.0,247.0,49:101:95,1_virtual,295.44438,246.774766
77738,283.0,195.0,32:5:95,1_virtual,287.394523,193.228916
30732,168.0,111.0,33:105,1_virtual,172.199352,111.307596
15079,334.0,128.0,92:5,1_virtual,349.636582,164.698011
39820,346.0,162.0,49:92,1_virtual,349.636582,164.698011
91636,174.0,100.0,105:22,1_virtual,172.199352,111.307596
60450,233.0,153.0,105:95,1_virtual,233.021946,153.415407
60378,252.0,193.0,33:49,1_virtual,253.234912,196.646599
2894,215.0,145.0,105:5,1_virtual,210.584473,143.939215
72780,285.0,241.0,49:5:101,1_virtual,284.216445,236.64476
45395,256.0,202.0,49:84:22,1_virtual,253.078613,204.7059
5230,283.0,171.0,120:5,1_virtual,293.251576,166.883131
15637,301.0,179.0,120:95,1_virtual,302.782344,177.268189
20601,296.0,183.0,120:5:95,1_virtual,298.542306,180.289302
10321,244.0,151.0,99:5:22,1_virtual,239.844309,158.206684
51952,224.0,156.0,32:33:99,1_virtual,220.826276,151.866765
74831,255.0,179.0,32:99:5,1_virtual,263.170432,177.010396
25121,226.0,126.0,120:33:22,1_virtual,231.048222,125.269662
28802,238.0,144.0,120:33:99,1_virtual,242.392363,134.597826
75205,257.0,148.0,120:5:22,1_virtual,259.065212,147.523883
64578,241.0,146.0,120:32:22,1_virtual,248.337786,138.117243
81126,240.0,158.0,33:99:5,1_virtual,239.844309,158.206684
60221,268.0,167.0,120:99:5,1_virtual,263.170432,177.010396
37427,241.0,137.0,120:99:22,1_virtual,242.392363,134.597826
15762,284.0,266.0,49:101,1_virtual,286.372605,264.865213
58826,327.0,177.0,88:13:22,1_virtual,340.699551,181.671941
21444,253.0,156.0,120:33:5,1_virtual,250.836714,157.262675
82522,256.0,166.0,32:22:95,1_virtual,253.54014,169.247201
61216,355.0,239.0,49:13,1_virtual,347.233413,231.469558
76205,379.0,137.0,88:92,1_virtual,380.058282,139.488144
70694,337.0,227.0,88:49:95,1_virtual,342.283863,235.228159
73823,325.0,222.0,88:49:5,1_virtual,323.5895,208.748489
5019,268.0,176.0,32:120:5,1_virtual,263.170432,177.010396
45845,344.0,229.0,49:13:95,1_virtual,347.233413,231.469558
7781,288.0,214.0,84:5:95,1_virtual,288.446353,211.872477
93266,306.0,215.0,88:84:5,1_virtual,303.920712,217.52695
44047,318.0,220.0,88:84:95,1_virtual,323.5895,208.748489
76246,278.0,185.0,88:84:22,1_virtual,273.541481,183.542203
24817,336.0,206.0,5:13:95,1_virtual,335.463536,209.477597
44569,354.0,207.0,88:5:13,1_virtual,347.233413,210.050467
88893,241.0,146.0,32:120:22,1_virtual,248.337786,138.117243
13613,237.0,153.0,32:33:120,1_virtual,233.021946,153.415407
18372,252.0,164.0,32:99:120,1_virtual,253.54014,169.247201
59802,181.0,108.0,105:22:33,1_virtual,172.199352,111.307596
43677,191.0,127.0,105:99,1_virtual,194.916052,125.424975
55914,226.0,179.0,105:49,1_virtual,222.647682,180.401024
93128,168.0,111.0,105:33,1_virtual,172.199352,111.307596
74867,211.0,123.0,120:105,1_virtual,211.571835,116.146512
35813,280.0,172.0,120:99:95,1_virtual,273.541481,183.542203
12406,226.0,179.0,49:105,1_virtual,222.647682,180.401024
81008,220.0,135.0,120:105:99,1_virtual,216.991779,130.219811
76562,192.0,126.0,105:99:33,1_virtual,194.916052,125.424975
99358,269.0,154.0,120:22:95,1_virtual,279.5192,149.800834
81533,328.0,181.0,120:88,1_virtual,337.420496,188.10146
9142,287.0,155.0,120:88:22,1_virtual,289.701592,155.541243
69933,196.0,119.0,105:99:22,1_virtual,198.865557,118.312894
37240,266.0,195.0,120:84,1_virtual,266.014574,190.375833
75646,360.0,161.0,88:92:95,1_virtual,360.502469,163.990764
27548,328.0,181.0,88:120,1_virtual,337.420496,188.10146
92674,233.0,167.0,99:84:22,1_virtual,232.021775,166.358449
57229,257.0,183.0,120:99:84,1_virtual,263.170432,177.010396
84156,208.0,138.0,105:5:33,1_virtual,211.594265,141.393216
34367,301.0,197.0,88:32:5,1_virtual,299.242245,195.277785
97878,354.0,207.0,88:13:5,1_virtual,347.233413,210.050467
56206,275.0,224.0,32:49,1_virtual,272.510628,221.037662
92821,38.0,37.0,96:66,1_virtual,35.470789,35.855953
14382,190.0,141.0,32:105,1_virtual,189.810638,140.720979
95999,223.0,149.0,105:99:5,1_virtual,222.970679,147.009677
61649,336.0,206.0,13:5:95,1_virtual,335.463536,209.477597
88758,251.0,166.0,105:5:95,1_virtual,253.54014,169.247201
38321,264.0,219.0,2344:101,2_virtual,265.241779,218.679324
38337,284.0,187.0,9048:79123,2_virtual,287.394523,193.228916
52367,307.0,231.0,9048:49,2_virtual,304.06843,229.590614
48812,327.0,205.0,9048:26858,2_virtual,323.5895,208.748489
27439,352.0,208.0,9048:13,2_virtual,347.233413,210.050467
35213,300.0,209.0,49:83375,2_virtual,297.421106,215.606612
90481,300.0,185.0,99:91020,2_virtual,302.353193,188.696934
48335,335.0,237.0,49:91020,2_virtual,333.435164,238.898196
28385,331.0,191.0,41841:91020:83375,2_virtual,337.034725,194.273799
32140,331.0,185.0,91020:63253,2_virtual,337.420496,188.10146
40575,322.0,181.0,41841:63253,2_virtual,306.077556,181.726417
28453,296.0,158.0,63253:83375,2_virtual,292.511771,160.224882
3236,340.0,206.0,9048:88,2_virtual,342.238159,205.594444
54642,273.0,171.0,25145:72974,2_virtual,263.170432,177.010396
49795,325.0,200.0,25145:30620:91020,2_virtual,323.5895,208.748489
45476,303.0,180.0,23449:91020,2_virtual,304.882234,179.464997
11404,289.0,175.0,23449:30620,2_virtual,295.605502,173.922491
17079,341.0,206.0,26858:30620,2_virtual,342.238159,205.594444
67034,264.0,167.0,25145:23449,2_virtual,263.170432,177.010396
37128,255.0,152.0,23449:72974,2_virtual,256.200862,151.74229
50102,290.0,198.0,91297:83375,2_virtual,287.394523,193.228916
2076,280.0,228.0,59163:82676,2_virtual,276.311922,228.58987
59814,310.0,173.0,13568:13,2_virtual,304.882234,179.464997
31635,365.0,209.0,30620:13,2_virtual,362.971623,211.452847
5451,266.0,196.0,13568:49,2_virtual,264.577206,200.838141
16467,268.0,178.0,62572:83375,2_virtual,263.170432,177.010396
4446,251.0,208.0,64120:82676,2_virtual,253.078613,204.7059
97720,299.0,243.0,49:59163,2_virtual,298.441172,243.817913
82028,259.0,215.0,62572:82676,2_virtual,258.780579,213.445753
35476,241.0,175.0,33:59163,2_virtual,233.787602,176.484897
43415,208.0,127.0,13568:33,2_virtual,216.991779,130.219811
13651,289.0,200.0,30620:62572,2_virtual,292.873077,204.893878
62814,321.0,232.0,49:30620,2_virtual,318.76181,234.17121
65614,289.0,191.0,59163:83375,2_virtual,287.394523,193.228916
77870,280.0,185.0,13568:59163:30620,2_virtual,273.541481,183.542203
69762,256.0,143.0,13568:83375,2_virtual,255.137437,140.235728
29806,311.0,220.0,91297:30620,2_virtual,303.920712,217.52695
2733,311.0,179.0,30620:83375,2_virtual,306.077556,181.726417
14657,261.0,200.0,13568:91297:82676,2_virtual,261.770066,199.201212
79461,267.0,212.0,59163:62572,2_virtual,269.603088,216.159457
46955,289.0,232.0,91297:59163,2_virtual,284.216445,236.64476
82106,234.0,164.0,13568:62572,2_virtual,234.422616,166.5628
71402,260.0,212.0,64120:91297,2_virtual,258.780579,213.445753
82732,287.0,208.0,18641:64102,2_virtual,288.446353,211.872477
84866,279.0,197.0,13568:64102:32446,2_virtual,287.394523,193.228916
59287,302.0,214.0,5:64102,2_virtual,303.920712,217.52695
23254,346.0,223.0,88:64102,2_virtual,346.41377,220.500919
29992,311.0,217.0,9048:64102,2_virtual,307.61367,210.781147
64018,293.0,191.0,79123:95,2_virtual,294.045902,186.563746
88505,240.0,142.0,13568:70233,2_virtual,242.392363,134.597826
75428,219.0,135.0,87392:13568,2_virtual,216.991779,130.219811
56560,328.0,204.0,88:38638,2_virtual,323.5895,208.748489
72980,280.0,173.0,120:38638,2_virtual,273.541481,183.542203
59272,260.0,177.0,99:38638,2_virtual,263.170432,177.010396
42740,241.0,159.0,99:8318,2_virtual,239.844309,158.206684
57354,261.0,154.0,120:8318,2_virtual,256.200862,151.74229
25405,262.0,178.0,38638:8318,2_virtual,263.170432,177.010396
64291,232.0,128.0,13568:29230,2_virtual,231.048222,125.269662
58086,374.0,213.0,26858:13,2_virtual,376.772586,212.234033
65385,297.0,223.0,49:2093,2_virtual,299.489077,219.407513
83784,321.0,188.0,13:8318,2_virtual,306.077556,181.726417
22615,294.0,251.0,51552:49,2_virtual,293.130126,249.97533
95062,275.0,192.0,40323:8318,2_virtual,273.541481,183.542203
28862,219.0,142.0,33:8318,2_virtual,213.368771,138.99126
81350,338.0,228.0,51552:13,2_virtual,342.283863,235.228159
21163,262.0,178.0,8318:38638,2_virtual,263.170432,177.010396
47881,236.0,182.0,51552:33,2_virtual,234.8195,180.374359
88741,342.0,200.0,2093:13,2_virtual,339.156466,200.381842
18363,269.0,195.0,51552:2093:8318,2_virtual,266.014574,190.375833
95557,283.0,191.0,2093:38638,2_virtual,287.394523,193.228916
8228,277.0,211.0,49:8318,2_virtual,276.735225,213.986068
62580,264.0,167.0,23449:25145,2_virtual,263.170432,177.010396
67444,321.0,199.0,25145:26858:30620,2_virtual,323.5895,208.748489
69881,298.0,179.0,23449:26858,2_virtual,298.542306,180.289302
18802,335.0,192.0,2344:13,2_virtual,337.034725,194.273799
81207,345.0,186.0,13:83375,2_virtual,340.699551,181.671941
93268,316.0,190.0,2344:91020,2_virtual,304.94565,184.788307
48921,298.0,175.0,2344:30620:83375,2_virtual,298.582565,174.489873
71414,258.0,208.0,79123:84,2_virtual,255.016972,208.227254
89615,264.0,181.0,13568:17196:37558,2_virtual,263.170432,177.010396
75992,274.0,195.0,18641:37558,2_virtual,266.014574,190.375833
36710,268.0,193.0,18641:17196,2_virtual,266.014574,190.375833
13461,240.0,156.0,13568:18641,2_virtual,239.844309,158.206684
48339,341.0,216.0,88:50132,2_virtual,341.921345,209.633834
18533,273.0,189.0,99:50132,2_virtual,273.541481,183.542203
54957,294.0,202.0,50132:13702,2_virtual,295.831338,199.530488
85793,250.0,139.0,13568:120,2_virtual,248.337786,138.117243
68078,310.0,186.0,88:8318,2_virtual,304.94565,184.788307
60633,283.0,184.0,8318:95,2_virtual,273.541481,183.542203
95866,328.0,197.0,88:13702,2_virtual,337.034725,194.273799
56408,269.0,175.0,99:8318:95,2_virtual,263.170432,177.010396
3429,262.0,171.0,13702:8318,2_virtual,263.170432,177.010396
29813,265.0,176.0,5:8318,2_virtual,263.170432,177.010396
40696,337.0,203.0,2552:5,2_virtual,339.156466,200.381842
39236,355.0,211.0,2552:95,2_virtual,347.233413,210.050467
79100,279.0,220.0,9048:84,2_virtual,279.811783,220.553072
63110,272.0,179.0,9048:99,2_virtual,273.541481,183.542203
8814,318.0,201.0,26858:5,2_virtual,309.788537,205.727901
85283,284.0,181.0,99:39006,2_virtual,273.541481,183.542203
57243,355.0,133.0,92:39006,2_virtual,380.579236,129.452811
59202,323.0,219.0,39006:64102,2_virtual,323.5895,208.748489
70885,305.0,193.0,13702:39006,2_virtual,302.353193,188.696934
13852,340.0,169.0,90040:39006,2_virtual,347.193365,169.198675
95144,364.0,210.0,13:39006,2_virtual,362.971623,211.452847
83557,319.0,233.0,49:39006,2_virtual,318.76181,234.17121
22075,358.0,225.0,13:64102,2_virtual,346.41377,220.500919
98650,250.0,139.0,120:13568,2_virtual,248.337786,138.117243
13003,219.0,136.0,54272:99,2_virtual,216.991779,130.219811
67082,299.0,172.0,23449:91020:83375,2_virtual,298.582565,174.489873
89237,277.0,156.0,72974:83375,2_virtual,279.5192,149.800834
44231,256.0,177.0,33:45983,2_virtual,263.170432,177.010396
53303,242.0,213.0,64120:84,2_virtual,248.309855,201.032938
64602,257.0,228.0,67331:84,2_virtual,259.282055,236.453814
11105,247.0,180.0,64120:79123,2_virtual,239.105846,185.930734
10003,270.0,224.0,64120:49,2_virtual,270.507656,222.10376
52980,293.0,221.0,30620:84,2_virtual,294.565218,214.523345
6431,291.0,202.0,79123:45983,2_virtual,292.873077,204.893878
92886,314.0,246.0,49:45983,2_virtual,319.322227,252.825245
29990,285.0,239.0,49:67331,2_virtual,284.216445,236.64476
19448,290.0,223.0,67331:45983,2_virtual,285.440157,216.278109
66497,325.0,216.0,30620:45983,2_virtual,323.5895,208.748489
93295,274.0,201.0,64120:67331:30620,2_virtual,268.561728,205.911047
17385,275.0,208.0,64120:45983,2_virtual,273.744884,211.031755
60368,262.0,195.0,79123:67331,2_virtual,259.505678,196.964106
66880,227.0,170.0,33:67331,2_virtual,225.653122,168.927674
18292,267.0,171.0,2344:79123,2_virtual,263.170432,177.010396
87358,311.0,189.0,2344:26858,2_virtual,304.94565,184.788307
51768,306.0,192.0,26858:79123,2_virtual,302.353193,188.696934
85573,269.0,192.0,99:32446,2_virtual,266.014574,190.375833
13092,291.0,214.0,18641:32446:64102,2_virtual,288.446353,211.872477
4465,324.0,202.0,91020:5,2_virtual,323.5895,208.748489
48962,374.0,213.0,2552:91020,2_virtual,376.772586,212.234033
49081,239.0,131.0,54272:120,2_virtual,240.44936,129.275759
39447,270.0,182.0,96699:38638,2_virtual,273.541481,183.542203
48778,340.0,206.0,88:9048,2_virtual,342.238159,205.594444
69143,255.0,151.0,9048:22,2_virtual,256.200862,151.74229
89293,252.0,157.0,54272:9048,2_virtual,250.836714,157.262675
93095,272.0,192.0,32:9048,2_virtual,266.014574,190.375833
11981,295.0,171.0,88:9048:22,2_virtual,295.605502,173.922491
1652,365.0,136.0,26858:92,2_virtual,380.058282,139.488144
89518,264.0,159.0,5:29230,2_virtual,256.200862,151.74229
39208,333.0,222.0,4313:26858:50132,2_virtual,335.463536,209.477597
63596,369.0,212.0,2552:26858,2_virtual,362.971623,211.452847
67092,220.0,136.0,54272:99062,2_virtual,216.991779,130.219811
64620,261.0,161.0,54272:95,2_virtual,256.200862,151.74229
10312,243.0,153.0,54272:5,2_virtual,239.844309,158.206684
66331,284.0,178.0,23449:95,2_virtual,273.541481,183.542203
10978,262.0,148.0,120:23449,2_virtual,259.065212,147.523883
61073,319.0,193.0,88:79123,2_virtual,309.788537,205.727901
70978,252.0,157.0,13568:2344:79123,2_virtual,250.836714,157.262675
60522,251.0,157.0,99:72974,2_virtual,250.836714,157.262675
77634,352.0,208.0,41841:91020,2_virtual,347.233413,210.050467
68801,272.0,169.0,13702:72974,2_virtual,263.170432,177.010396
16482,291.0,181.0,41841:99,2_virtual,294.045902,186.563746
33193,312.0,188.0,41841:39006:72974,2_virtual,304.94565,184.788307
19797,290.0,205.0,79123:64102,2_virtual,292.873077,204.893878
98932,254.0,161.0,23449:79123,2_virtual,250.836714,157.262675
36509,311.0,180.0,88:23449,2_virtual,306.077556,181.726417
71731,285.0,238.0,84:64102,2_virtual,284.216445,236.64476
24512,281.0,191.0,23449:64102,2_virtual,287.394523,193.228916
94276,275.0,186.0,23449:79123:64102,2_virtual,273.541481,183.542203
60933,307.0,219.0,4313:73767,2_virtual,303.920712,217.52695
5715,248.0,142.0,33:63253,2_virtual,248.337786,138.117243
11974,300.0,193.0,41841:18641,2_virtual,299.242245,195.277785
49611,314.0,203.0,41841:63253:63790,2_virtual,309.788537,205.727901
34382,284.0,224.0,63790:73767,2_virtual,281.103199,222.600773
85873,320.0,242.0,4313:63790,2_virtual,326.68936,238.011887
97256,283.0,197.0,63790:14185:8318,2_virtual,287.394523,193.228916
27059,272.0,173.0,63253:8318:73767,2_virtual,263.170432,177.010396
91297,307.0,197.0,14185:41841:73767,2_virtual,299.242245,195.277785
67265,317.0,193.0,4313:14185:63253,2_virtual,304.94565,184.788307
51252,310.0,200.0,41841:4313:8318,2_virtual,309.788537,205.727901
59807,261.0,176.0,77738:99,2_virtual,263.170432,177.010396
52311,245.0,154.0,23449:8318,2_virtual,239.844309,158.206684
77086,329.0,203.0,88:77738,2_virtual,323.5895,208.748489
44168,264.0,171.0,23449:77738,2_virtual,263.170432,177.010396
17086,208.0,127.0,87392:54272,2_virtual,216.991779,130.219811
47646,260.0,172.0,13568:17196:13702,2_virtual,263.170432,177.010396
36727,269.0,182.0,18641:13702,2_virtual,273.541481,183.542203
4438,254.0,158.0,8318:72974,2_virtual,250.836714,157.262675
89441,368.0,212.0,88:91020,2_virtual,362.971623,211.452847
23417,252.0,167.0,87392:5,2_virtual,253.54014,169.247201
17414,248.0,145.0,87392:120,2_virtual,248.337786,138.117243
60536,219.0,135.0,13568:87392,2_virtual,216.991779,130.219811
92877,343.0,131.0,9048:92,2_virtual,349.636582,164.698011
45524,252.0,157.0,9048:54272,2_virtual,250.836714,157.262675
16685,248.0,157.0,9048:54272:99,2_virtual,250.836714,157.262675
45024,211.0,122.0,87392:22,2_virtual,211.571835,116.146512
44902,261.0,170.0,87392:9048,2_virtual,263.170432,177.010396
71985,242.0,148.0,9048:87392:22,2_virtual,239.844309,158.206684
54112,171.0,105.0,54272:105,2_virtual,172.199352,111.307596
32911,365.0,209.0,2552:41841,2_virtual,362.971623,211.452847
24143,375.0,175.0,90040:13,2_virtual,374.094277,172.594103
72897,364.0,173.0,90040:88,2_virtual,370.982585,179.261752
78345,372.0,189.0,39820:13,2_virtual,367.109121,189.263226
63796,361.0,187.0,88:39820,2_virtual,367.109121,189.263226
65673,335.0,172.0,90040:39820:50132,2_virtual,344.59524,175.541663
16644,302.0,185.0,2344:30620,2_virtual,304.94565,184.788307
36542,295.0,187.0,41841:79123:13702,2_virtual,294.045902,186.563746
42957,276.0,175.0,2344:13702,2_virtual,273.541481,183.542203
66612,297.0,188.0,79123:30620,2_virtual,294.045902,186.563746
1649,306.0,192.0,30620:13702,2_virtual,302.353193,188.696934
29032,225.0,163.0,33:45395,2_virtual,223.092671,167.893645
20522,248.0,221.0,60800:9356,2_virtual,258.780579,213.445753
3558,327.0,209.0,45395:13,2_virtual,323.5895,208.748489
43303,268.0,181.0,4313:33,2_virtual,273.541481,183.542203
60163,199.0,149.0,105:45395,2_virtual,200.588866,148.173807
32638,215.0,161.0,105:59163,2_virtual,215.656135,159.449639
3069,371.0,226.0,4313:13,2_virtual,376.772586,212.234033
15714,232.0,171.0,71721:33,2_virtual,229.198362,168.632237
3527,206.0,157.0,71721:105,2_virtual,206.842275,155.116568
95138,271.0,214.0,59163:71721:45395,2_virtual,271.998577,212.799359
31992,292.0,226.0,51552:4313:45395,2_virtual,301.552546,226.93547
77015,297.0,231.0,51552:4313:71721,2_virtual,301.552546,226.93547
76448,259.0,222.0,71721:9356,2_virtual,261.914261,216.256375
83111,252.0,215.0,45395:9356,2_virtual,257.143707,211.297404
31567,252.0,208.0,60800:45395,2_virtual,255.016972,208.227254
38220,293.0,225.0,60800:4313:59163,2_virtual,299.489077,219.407513
19373,259.0,215.0,60800:71721,2_virtual,258.780579,213.445753
85647,263.0,227.0,60800:51552,2_virtual,267.250157,233.22491
2266,271.0,231.0,51552:59163:9356,2_virtual,272.978859,230.360559
45211,310.0,209.0,12065:30620:45983,2_virtual,307.61367,210.781147
78490,302.0,235.0,72780:45983,2_virtual,304.06843,229.590614
53107,282.0,218.0,12065:72780,2_virtual,279.811783,220.553072
1281,295.0,232.0,4313:9356,2_virtual,301.552546,226.93547
8087,317.0,180.0,41841:83375,2_virtual,306.077556,181.726417
3484,339.0,185.0,2552:83375,2_virtual,337.420496,188.10146
24489,309.0,197.0,18641:91020,2_virtual,309.788537,205.727901
62829,364.0,210.0,2552:41841:91020,2_virtual,362.971623,211.452847
84561,300.0,193.0,18641:41841,2_virtual,299.242245,195.277785
99836,323.0,198.0,2552:18641,2_virtual,323.5895,208.748489
3116,326.0,184.0,91020:83375,2_virtual,337.420496,188.10146
34992,275.0,174.0,5:72974,2_virtual,273.541481,183.542203
2505,282.0,216.0,51552:5,2_virtual,283.720998,215.043212
59068,271.0,152.0,120:72974,2_virtual,279.5192,149.800834
53940,276.0,166.0,120:5:72974,2_virtual,284.986256,152.807715
58365,275.0,204.0,2344:51552,2_virtual,271.616588,208.929101
83009,229.0,140.0,33:72974,2_virtual,222.970679,147.009677
21942,228.0,150.0,33:79123,2_virtual,222.970679,147.009677
54459,271.0,169.0,96699:5230,2_virtual,263.170432,177.010396
48179,226.0,146.0,33:96699,2_virtual,222.970679,147.009677
99842,329.0,191.0,88:5230,2_virtual,337.034725,194.273799
16336,320.0,184.0,88:72974,2_virtual,306.077556,181.726417
63074,331.0,186.0,13:72974,2_virtual,337.420496,188.10146
76863,317.0,189.0,88:96699,2_virtual,304.94565,184.788307
22866,306.0,183.0,88:96699:5230,2_virtual,306.077556,181.726417
59379,340.0,206.0,13:38638,2_virtual,342.238159,205.594444
48781,307.0,186.0,30620:5230,2_virtual,304.94565,184.788307
55457,237.0,161.0,33:38638,2_virtual,239.844309,158.206684
49249,269.0,176.0,79123:38638:72974,2_virtual,263.170432,177.010396
3030,282.0,184.0,5230:38638,2_virtual,273.541481,183.542203
45223,261.0,161.0,96699:72974,2_virtual,256.200862,151.74229
87699,261.0,171.0,79123:96699,2_virtual,263.170432,177.010396
15623,273.0,163.0,5230:72974,2_virtual,279.5192,149.800834
12823,232.0,142.0,25121:99,2_virtual,222.970679,147.009677
19509,251.0,180.0,32:79123,2_virtual,253.54014,169.247201
54979,244.0,150.0,25121:79123,2_virtual,239.844309,158.206684
75701,240.0,152.0,25121:74831,2_virtual,239.844309,158.206684
64876,232.0,149.0,25121:51286,2_virtual,233.021946,153.415407
18264,221.0,140.0,25121:96372,2_virtual,222.970679,147.009677
67350,232.0,155.0,32:25121,2_virtual,233.021946,153.415407
76492,326.0,202.0,84932:5,2_virtual,323.5895,208.748489
76672,255.0,163.0,2344:99,2_virtual,253.54014,169.247201
74028,248.0,170.0,18641:99,2_virtual,253.54014,169.247201
26861,278.0,196.0,99:64102,2_virtual,287.394523,193.228916
58692,282.0,195.0,2344:18641:64102,2_virtual,287.394523,193.228916
80824,221.0,120.0,54272:29230,2_virtual,221.105013,119.973451
12831,230.0,157.0,13568:32,2_virtual,233.021946,153.415407
60297,211.0,122.0,13568:54272,2_virtual,211.571835,116.146512
91849,344.0,142.0,50132:92,2_virtual,349.636582,164.698011
45161,356.0,132.0,30620:92,2_virtual,380.579236,129.452811
20333,329.0,211.0,30620:26858:50132,2_virtual,323.5895,208.748489
85503,224.0,131.0,8318:22,2_virtual,216.991779,130.219811
41151,355.0,211.0,26858:91020,2_virtual,347.233413,210.050467
47028,330.0,236.0,49:26858,2_virtual,326.68936,238.011887
26532,191.0,128.0,105:99062,2_virtual,194.916052,125.424975
87123,229.0,134.0,54272:70233,2_virtual,231.048222,125.269662
83568,226.0,136.0,54272:99062:63927,2_virtual,216.991779,130.219811
40376,248.0,145.0,70233:63927,2_virtual,248.337786,138.117243
91608,250.0,156.0,70233:99062,2_virtual,250.836714,157.262675
79155,336.0,188.0,90040:26858:50132,2_virtual,337.420496,188.10146
39313,269.0,260.0,101:92071,2_virtual,275.06577,264.682845
86258,266.0,196.0,71721:79123,2_virtual,264.577206,200.838141
65098,307.0,183.0,26858:72974,2_virtual,306.077556,181.726417
49113,296.0,212.0,71721:95,2_virtual,294.565218,214.523345
80101,234.0,139.0,79123:22,2_virtual,242.392363,134.597826
82886,249.0,200.0,84:8318,2_virtual,248.309855,201.032938
77653,303.0,189.0,41841:79123,2_virtual,302.353193,188.696934
74729,287.0,176.0,23449:39006,2_virtual,295.605502,173.922491
49097,344.0,206.0,41841:91020:39006,2_virtual,342.238159,205.594444
14840,294.0,176.0,23449:41841,2_virtual,295.605502,173.922491
4160,260.0,184.0,32:13702,2_virtual,263.170432,177.010396
58126,294.0,236.0,30620:101,2_virtual,290.842493,240.474494
48248,278.0,171.0,13568:30620:13702,2_virtual,273.541481,183.542203
34943,286.0,170.0,13568:26858,2_virtual,293.251576,166.883131
37717,315.0,196.0,26858:13702,2_virtual,309.788537,205.727901
5789,353.0,218.0,50132:13,2_virtual,346.41377,220.500919
70420,253.0,167.0,54272:50132,2_virtual,253.54014,169.247201
75669,319.0,211.0,30620:50132,2_virtual,323.5895,208.748489
54955,299.0,172.0,2552:23449:72974,2_virtual,298.582565,174.489873
17869,235.0,136.0,70233:25121:13568,2_virtual,242.392363,134.597826
82985,216.0,148.0,33:51286,2_virtual,210.732191,148.124568
82514,238.0,148.0,33:5230,2_virtual,233.021946,153.415407
86653,308.0,179.0,88:64578,2_virtual,304.882234,179.464997
64309,268.0,206.0,84:5230,2_virtual,268.561728,205.911047
78706,273.0,175.0,77738:72974,2_virtual,273.541481,183.542203
80825,264.0,166.0,23449:77738:72974,2_virtual,253.54014,169.247201
32456,262.0,157.0,64578:5230:72974,2_virtual,256.200862,151.74229
85722,248.0,157.0,13568:51286:5230,2_virtual,250.836714,157.262675
14602,251.0,164.0,51286:72974,2_virtual,253.54014,169.247201
75047,243.0,143.0,13568:72974,2_virtual,248.337786,138.117243
5135,184.0,111.0,105:25121,2_virtual,185.207478,118.609685
93162,200.0,125.0,70233:105,2_virtual,197.61645,127.353831
93354,256.0,150.0,70233:5230:25121,2_virtual,256.200862,151.74229
63422,264.0,159.0,23449:5230,2_virtual,256.200862,151.74229
57511,273.0,203.0,32:50132,2_virtual,268.561728,205.911047
76787,248.0,164.0,54272:99:50132,2_virtual,244.948061,162.320933
63281,275.0,162.0,54272:26858,2_virtual,279.5192,149.800834
81501,293.0,185.0,120:50132,2_virtual,294.045902,186.563746
60463,275.0,176.0,120:99:50132,2_virtual,273.541481,183.542203
68463,283.0,187.0,70233:50132,2_virtual,287.394523,193.228916
95239,255.0,163.0,54272:70233:50132,2_virtual,253.54014,169.247201
13397,219.0,149.0,54272:32,2_virtual,220.826276,151.866765
56326,248.0,173.0,54272:32:50132,2_virtual,253.54014,169.247201
54094,334.0,216.0,50132:91020,2_virtual,335.463536,209.477597
56679,328.0,215.0,26858:50132,2_virtual,323.5895,208.748489
46396,354.0,208.0,41841:84932,2_virtual,347.233413,210.050467
3348,228.0,163.0,32:87392,2_virtual,232.021775,166.358449
70873,218.0,125.0,54272:63927,2_virtual,216.991779,130.219811
11779,208.0,127.0,54272:87392,2_virtual,216.991779,130.219811
77391,237.0,160.0,71721:22,2_virtual,239.844309,158.206684
35252,323.0,214.0,88:71721,2_virtual,323.5895,208.748489
92951,390.0,139.0,92:13,2_virtual,380.058282,139.488144
9951,361.0,159.0,9048:92:13,2_virtual,360.502469,163.990764
89014,231.0,144.0,54272:79123,2_virtual,222.970679,147.009677
69082,242.0,152.0,13568:79123,2_virtual,239.844309,158.206684
51820,211.0,122.0,54272:13568,2_virtual,211.571835,116.146512
74348,228.0,139.0,54272:13568:79123,2_virtual,222.970679,147.009677
37587,277.0,156.0,26858:22,2_virtual,279.5192,149.800834
4650,268.0,186.0,54467:5,2_virtual,266.014574,190.375833
11752,286.0,193.0,54467:95,2_virtual,287.394523,193.228916
61153,259.0,198.0,71721:54467,2_virtual,259.505678,196.964106
71624,349.0,238.0,2552:49,2_virtual,347.233413,231.469558
51531,287.0,208.0,9048:71721,2_virtual,288.446353,211.872477
8566,267.0,186.0,71721:72974,2_virtual,266.014574,190.375833
17224,274.0,183.0,120:71721,2_virtual,273.541481,183.542203
47968,336.0,204.0,41841:39006,2_virtual,339.156466,200.381842
61673,263.0,165.0,79123:72974,2_virtual,253.54014,169.247201
45686,279.0,169.0,23449:39006:72974,2_virtual,293.251576,166.883131
55489,303.0,180.0,41841:72974,2_virtual,304.882234,179.464997
78986,294.0,197.0,32:26858,2_virtual,295.831338,199.530488
35647,272.0,199.0,2344:82676,2_virtual,265.933747,202.618602
4275,318.0,193.0,2344:26858:30620,2_virtual,309.788537,205.727901
79085,292.0,174.0,9048:120,2_virtual,295.605502,173.922491
10402,274.0,180.0,9048:8318,2_virtual,273.541481,183.542203
1790,230.0,143.0,28802:81126:41479,2_virtual,222.970679,147.009677
96804,280.0,245.0,51552:92071,2_virtual,284.759421,248.20271
80326,242.0,153.0,23449:99,2_virtual,239.844309,158.206684
38405,249.0,162.0,99:96699,2_virtual,244.948061,162.320933
97161,316.0,189.0,88:82522,2_virtual,304.94565,184.788307
78185,253.0,160.0,23449:82522:96699,2_virtual,250.836714,157.262675
34167,220.0,136.0,23449:33,2_virtual,216.991779,130.219811
33234,368.0,221.0,13:70694,2_virtual,362.971623,211.452847
17795,359.0,145.0,92:70694,2_virtual,373.073125,154.252225
23064,324.0,209.0,9048:30620:70694,2_virtual,323.5895,208.748489
39877,261.0,169.0,64102:22,2_virtual,253.54014,169.247201
18881,349.0,149.0,92:64102,2_virtual,349.636582,164.698011
82187,333.0,222.0,26858:64102,2_virtual,335.463536,209.477597
65738,292.0,174.0,120:9048,2_virtual,295.605502,173.922491
86107,249.0,162.0,9048:33,2_virtual,244.948061,162.320933
18269,263.0,151.0,120:9048:22,2_virtual,259.065212,147.523883
84774,271.0,168.0,9048:63927,2_virtual,263.170432,177.010396
2516,239.0,131.0,29230:63927,2_virtual,240.44936,129.275759
88243,273.0,163.0,9048:29230,2_virtual,279.5192,149.800834
98544,261.0,154.0,9048:29230:63927,2_virtual,256.200862,151.74229
28949,265.0,163.0,9048:25121,2_virtual,253.54014,169.247201
98297,282.0,183.0,9048:96699,2_virtual,273.541481,183.542203
38697,272.0,192.0,9048:32,2_virtual,266.014574,190.375833
98347,238.0,161.0,32:63927,2_virtual,239.844309,158.206684
75003,260.0,174.0,32:9048:63927,2_virtual,263.170432,177.010396
89363,256.0,161.0,9048:25121:99,2_virtual,250.836714,157.262675
89463,226.0,157.0,32:41479,2_virtual,220.826276,151.866765
93687,227.0,127.0,29230:41479,2_virtual,231.048222,125.269662
31432,240.0,148.0,8318:63927,2_virtual,233.021946,153.415407
88309,230.0,150.0,87392:8318,2_virtual,233.021946,153.415407
77113,351.0,172.0,90040:26858,2_virtual,347.193365,169.198675
1650,259.0,198.0,84:72974,2_virtual,259.505678,196.964106
69768,340.0,145.0,92:32446,2_virtual,349.636582,164.698011
91642,362.0,150.0,4313:92,2_virtual,373.073125,154.252225
1353,291.0,193.0,99:45845,2_virtual,287.394523,193.228916
87010,291.0,197.0,4313:99,2_virtual,287.394523,193.228916
42280,328.0,231.0,4313:45845:32446,2_virtual,326.68936,238.011887
37740,362.0,146.0,92:45845,2_virtual,373.073125,154.252225
1438,235.0,143.0,25121:8318,2_virtual,233.021946,153.415407
40189,222.0,137.0,54272:8318,2_virtual,216.991779,130.219811
89802,241.0,141.0,120:54272:8318,2_virtual,242.392363,134.597826
98786,239.0,131.0,120:54272,2_virtual,240.44936,129.275759
28847,233.0,145.0,13568:8318,2_virtual,233.021946,153.415407
88295,248.0,146.0,120:13568:8318,2_virtual,248.337786,138.117243
14512,352.0,224.0,2552:64102,2_virtual,346.41377,220.500919
80467,340.0,228.0,2552:49:95,2_virtual,342.283863,235.228159
72315,313.0,186.0,2552:99,2_virtual,306.077556,181.726417
82139,301.0,225.0,59163:79694,2_virtual,301.552546,226.93547
90575,287.0,209.0,59163:5,2_virtual,288.446353,211.872477
95728,303.0,189.0,5230:95,2_virtual,302.353193,188.696934
87465,279.0,221.0,71721:59163,2_virtual,279.811783,220.553072
30961,285.0,198.0,59163:5230,2_virtual,287.394523,193.228916
28230,318.0,201.0,9048:30620,2_virtual,309.788537,205.727901
55227,317.0,188.0,29250:30620,2_virtual,304.94565,184.788307
57108,284.0,178.0,9048:72974,2_virtual,273.541481,183.542203
43570,295.0,199.0,29250:59163,2_virtual,295.831338,199.530488
85658,306.0,188.0,9048:26858:72974,2_virtual,304.94565,184.788307
73376,298.0,178.0,9048:83375,2_virtual,298.542306,180.289302
62742,303.0,187.0,9048:29250,2_virtual,302.353193,188.696934
54349,313.0,192.0,9048:29250:30620,2_virtual,304.94565,184.788307
96794,285.0,180.0,99:30620,2_virtual,294.045902,186.563746
59104,298.0,179.0,30620:72974,2_virtual,298.542306,180.289302
94637,327.0,205.0,30620:95,2_virtual,323.5895,208.748489
75655,301.0,209.0,71721:30620,2_virtual,307.61367,210.781147
99310,305.0,175.0,120:30620,2_virtual,302.782344,177.268189
1253,246.0,139.0,120:41479,2_virtual,248.337786,138.117243
57164,314.0,185.0,88:120:5,2_virtual,306.077556,181.726417
34875,225.0,136.0,33:75205,2_virtual,216.991779,130.219811
56867,240.0,152.0,64578:99,2_virtual,239.844309,158.206684
36198,252.0,162.0,13568:77738,2_virtual,250.836714,157.262675
55703,316.0,180.0,88:75205,2_virtual,306.077556,181.726417
7607,244.0,149.0,77738:22,2_virtual,239.844309,158.206684
41057,260.0,163.0,77738:64578:75205,2_virtual,253.54014,169.247201
99223,248.0,153.0,99:75205,2_virtual,250.836714,157.262675
26648,308.0,194.0,24817:13702,2_virtual,302.353193,188.696934
46992,334.0,204.0,24817:30620,2_virtual,335.463536,209.477597
82009,272.0,179.0,79123:13702,2_virtual,273.541481,183.542203
2360,287.0,179.0,24817:79123:72974,2_virtual,295.605502,173.922491
12358,199.0,122.0,105:75205,2_virtual,198.865557,118.312894
69229,259.0,159.0,70233:79123:75205,2_virtual,256.200862,151.74229
41134,249.0,153.0,75205:99062,2_virtual,250.836714,157.262675
95390,252.0,167.0,79123:99062,2_virtual,253.54014,169.247201
85543,226.0,147.0,33:99:8318,2_virtual,222.970679,147.009677
99416,182.0,113.0,13568:105,2_virtual,185.207478,118.609685
17140,267.0,157.0,120:54272:95,2_virtual,256.200862,151.74229
85717,198.0,115.0,13568:91636,2_virtual,198.865557,118.312894
7665,240.0,155.0,32:29230,2_virtual,239.844309,158.206684
25695,258.0,174.0,54272:64102,2_virtual,263.170432,177.010396
3941,219.0,149.0,32:54272,2_virtual,220.826276,151.866765
76636,324.0,215.0,9048:26858:64102,2_virtual,323.5895,208.748489
3597,244.0,137.0,5230:22,2_virtual,242.392363,134.597826
19663,261.0,178.0,32:5230,2_virtual,263.170432,177.010396
17091,341.0,193.0,13:5230,2_virtual,337.034725,194.273799
40963,294.0,184.0,26858:99,2_virtual,294.045902,186.563746
74402,261.0,164.0,99:5230,2_virtual,253.54014,169.247201
10243,296.0,216.0,49:5230,2_virtual,297.421106,215.606612
30125,239.0,160.0,32:33:5230,2_virtual,239.844309,158.206684
85006,227.0,133.0,33:5230:22,2_virtual,231.048222,125.269662
72027,316.0,190.0,26858:5230,2_virtual,304.94565,184.788307
42660,252.0,150.0,13568:5230,2_virtual,256.200862,151.74229
87108,241.0,171.0,51552:22,2_virtual,234.422616,166.5628
94750,239.0,149.0,32:54272:120,2_virtual,233.021946,153.415407
43670,273.0,180.0,96699:5,2_virtual,273.541481,183.542203
54269,224.0,159.0,105:50132,2_virtual,218.561262,155.067329
26431,256.0,162.0,50132:22,2_virtual,250.836714,157.262675
18208,284.0,187.0,5:8318:95,2_virtual,287.394523,193.228916
44097,254.0,161.0,13568:5,2_virtual,250.836714,157.262675
39153,259.0,160.0,120:51286,2_virtual,250.836714,157.262675
41318,193.0,128.0,105:8318,2_virtual,194.916052,125.424975
97288,179.0,119.0,87392:105,2_virtual,185.207478,118.609685
47000,191.0,117.0,105:37427,2_virtual,185.207478,118.609685
15312,212.0,134.0,105:5230,2_virtual,213.368771,138.99126
21088,247.0,149.0,87392:37427:5230,2_virtual,250.836714,157.262675
86628,229.0,140.0,54272:96699,2_virtual,222.970679,147.009677
14038,240.0,148.0,13568:96699,2_virtual,233.021946,153.415407
92684,242.0,164.0,32:54272:5,2_virtual,244.948061,162.320933
19432,246.0,153.0,105:26858,2_virtual,250.836714,157.262675
88106,287.0,164.0,5230:83375,2_virtual,292.511771,160.224882
39944,294.0,185.0,9048:5230,2_virtual,294.045902,186.563746
75892,262.0,166.0,5230:96699:8318,2_virtual,253.54014,169.247201
27599,274.0,153.0,41841:22,2_virtual,279.5192,149.800834
63962,267.0,153.0,39006:22,2_virtual,259.065212,147.523883
70547,278.0,205.0,23449:49,2_virtual,273.744884,211.031755
27310,240.0,161.0,32:37427,2_virtual,239.844309,158.206684
67394,217.0,131.0,33:37427,2_virtual,216.991779,130.219811
54918,240.0,142.0,99:29230,2_virtual,242.392363,134.597826
92842,218.0,125.0,33:29230,2_virtual,216.991779,130.219811
78516,225.0,136.0,33:99:29230,2_virtual,216.991779,130.219811
39297,241.0,142.0,54272:5230,2_virtual,242.392363,134.597826
8172,263.0,165.0,9048:13568,2_virtual,253.54014,169.247201
31249,359.0,208.0,88:41841,2_virtual,362.971623,211.452847
97000,241.0,142.0,29230:99062,2_virtual,242.392363,134.597826
59226,227.0,133.0,29230:54272:99062,2_virtual,231.048222,125.269662
41621,237.0,149.0,105:30620,2_virtual,233.021946,153.415407
14802,291.0,187.0,79123:13702:39006,2_virtual,294.045902,186.563746
62282,276.0,186.0,18641:50132:72974,2_virtual,273.541481,183.542203
65030,242.0,167.0,4313:105,2_virtual,244.948061,162.320933
79157,220.0,125.0,54272:37427,2_virtual,221.105013,119.973451
76554,243.0,142.0,23449:37427,2_virtual,248.337786,138.117243
3955,251.0,163.0,96699:8318,2_virtual,250.836714,157.262675
93326,291.0,187.0,96699:95,2_virtual,294.045902,186.563746
1214,187.0,107.0,54272:91636,2_virtual,185.207478,118.609685
48702,312.0,193.0,41841:13702,2_virtual,302.353193,188.696934
22211,278.0,171.0,79123:13702:83375,2_virtual,273.541481,183.542203
7206,296.0,189.0,79123:39006,2_virtual,294.045902,186.563746
81585,242.0,167.0,105:4313,2_virtual,244.948061,162.320933
4899,266.0,158.0,54272:30620,2_virtual,256.200862,151.74229
54300,203.0,126.0,105:72974,2_virtual,197.61645,127.353831
45923,322.0,109.0,92:72974,2_virtual,367.823512,93.376079
50627,131.0,86.0,54272:96,2_virtual,130.790511,90.706729
14784,271.0,175.0,54272:4313,2_virtual,263.170432,177.010396
34065,227.0,177.0,54272:84,2_virtual,222.647682,180.401024
78048,262.0,185.0,54272:30620:84,2_virtual,266.014574,190.375833
97604,313.0,198.0,4313:30620:72974,2_virtual,309.788537,205.727901
8272,346.0,223.0,4313:26858,2_virtual,346.41377,220.500919
41018,232.0,135.0,54272:72974,2_virtual,231.048222,125.269662
76519,345.0,208.0,91020:39006,2_virtual,347.233413,210.050467
36869,200.0,113.0,25121:91636,2_virtual,202.551192,111.362838
84014,195.0,120.0,87392:91636,2_virtual,198.865557,118.312894
83579,228.0,135.0,91636:5230,2_virtual,231.048222,125.269662
42864,243.0,150.0,87392:23835:5230,2_virtual,239.844309,158.206684
76733,201.0,120.0,23835:91636,2_virtual,198.865557,118.312894
70041,275.0,158.0,88:8318:22,2_virtual,279.5192,149.800834
10411,235.0,142.0,9048:33:22,2_virtual,242.392363,134.597826
76209,193.0,114.0,91636:41479,2_virtual,198.865557,118.312894
17871,211.0,140.0,105:13702,2_virtual,211.594265,141.393216
76942,255.0,162.0,13568:79123:13702,2_virtual,250.836714,157.262675
60396,260.0,178.0,18641:79123,2_virtual,263.170432,177.010396
13914,291.0,214.0,18641:64102:32446,2_virtual,288.446353,211.872477
11209,271.0,162.0,120:79123,2_virtual,279.5192,149.800834
19602,262.0,181.0,87392:50132,2_virtual,263.170432,177.010396
98972,267.0,170.0,87392:50132:120,2_virtual,263.170432,177.010396
61527,341.0,216.0,4313:26858:30620,2_virtual,341.921345,209.633834
72187,184.0,112.0,33:91636,2_virtual,185.207478,118.609685
43067,230.0,146.0,91636:5,2_virtual,222.970679,147.009677
84838,206.0,142.0,32:91636,2_virtual,210.584473,143.939215
41691,234.0,139.0,13568:23449,2_virtual,242.392363,134.597826
85899,226.0,124.0,120:91636,2_virtual,231.048222,125.269662
97823,248.0,154.0,91636:95,2_virtual,250.836714,157.262675
30514,198.0,114.0,54272:13568:91636,2_virtual,198.865557,118.312894
97323,253.0,176.0,32:60221,2_virtual,253.54014,169.247201
40510,279.0,164.0,25121:30620,2_virtual,284.986256,152.807715
61380,236.0,137.0,23449:25121,2_virtual,242.392363,134.597826
89514,247.0,146.0,25121:60221,2_virtual,248.337786,138.117243
43280,301.0,189.0,9048:30620:60221,2_virtual,302.353193,188.696934
71045,220.0,136.0,33:23449,2_virtual,216.991779,130.219811
43566,242.0,166.0,32:23449,2_virtual,244.948061,162.320933
24761,206.0,129.0,99:91636,2_virtual,197.61645,127.353831
39564,255.0,176.0,2344:32,2_virtual,253.54014,169.247201
89705,233.0,146.0,2344:33,2_virtual,233.021946,153.415407
83369,275.0,158.0,2344:120,2_virtual,279.5192,149.800834
24009,324.0,190.0,2344:88,2_virtual,337.420496,188.10146
86716,294.0,198.0,38638:44615,2_virtual,295.831338,199.530488
16755,275.0,179.0,8318:44615,2_virtual,273.541481,183.542203
72931,217.0,135.0,33:64578,2_virtual,216.991779,130.219811
53596,277.0,185.0,38638:8318:44615,2_virtual,273.541481,183.542203
24308,241.0,166.0,8318:51286,2_virtual,244.948061,162.320933
54615,253.0,171.0,51286:64578:38638,2_virtual,253.54014,169.247201
8185,274.0,172.0,64578:44615,2_virtual,273.541481,183.542203
2895,242.0,153.0,64578:8318,2_virtual,239.844309,158.206684
72972,273.0,185.0,51286:44615,2_virtual,273.541481,183.542203
96018,287.0,243.0,51552:63790,2_virtual,290.842493,240.474494
82207,251.0,157.0,70233:8318,2_virtual,250.836714,157.262675
2565,227.0,143.0,87392:13568:8318,2_virtual,222.970679,147.009677
12578,238.0,147.0,87392:70233,2_virtual,233.021946,153.415407
80268,253.0,167.0,79123:8318,2_virtual,253.54014,169.247201
25613,239.0,149.0,120:54272:32,2_virtual,233.021946,153.415407
68706,337.0,219.0,88:32446,2_virtual,346.41377,220.500919
41409,321.0,232.0,4313:32446,2_virtual,318.76181,234.17121
19015,308.0,231.0,64102:32446,2_virtual,304.06843,229.590614
70725,223.0,148.0,71721:22:33,2_virtual,222.970679,147.009677
43883,334.0,216.0,71721:13,2_virtual,335.463536,209.477597
8011,272.0,167.0,33:26858,2_virtual,263.170432,177.010396
19501,250.0,146.0,33:26858:22,2_virtual,255.137437,140.235728
30497,310.0,213.0,71721:26858,2_virtual,307.61367,210.781147
68641,264.0,199.0,71721:18641,2_virtual,264.577206,200.838141
86630,273.0,203.0,18641:59163,2_virtual,268.561728,205.911047
75450,199.0,126.0,105:81515,2_virtual,197.61645,127.353831
26790,208.0,153.0,105:78028,2_virtual,206.842275,155.116568
99346,282.0,201.0,18641:50132,2_virtual,287.394523,193.228916
69515,263.0,186.0,71721:81515,2_virtual,266.014574,190.375833
48455,277.0,217.0,71721:59163:78028,2_virtual,276.953019,219.280629
54562,272.0,190.0,59163:81515,2_virtual,266.014574,190.375833
94129,265.0,183.0,81515:78028,2_virtual,263.170432,177.010396
12504,267.0,153.0,23449:72974:83375,2_virtual,259.065212,147.523883
67404,317.0,181.0,2552:23449,2_virtual,306.077556,181.726417
29930,294.0,176.0,41841:23449,2_virtual,295.605502,173.922491
65149,230.0,143.0,79123:21444:91636,2_virtual,222.970679,147.009677
50690,242.0,160.0,23449:51286,2_virtual,239.844309,158.206684
44342,240.0,159.0,64578:51286,2_virtual,239.844309,158.206684
37419,241.0,159.0,64578:8318:51286,2_virtual,239.844309,158.206684
14181,257.0,188.0,71721:8318,2_virtual,259.505678,196.964106
30991,261.0,171.0,64578:38638,2_virtual,263.170432,177.010396
16637,257.0,168.0,23449:38638:8318,2_virtual,253.54014,169.247201
25263,243.0,147.0,23449:64578,2_virtual,248.337786,138.117243
60989,260.0,184.0,51286:38638,2_virtual,263.170432,177.010396
39301,246.0,139.0,70233:29230:63927,2_virtual,248.337786,138.117243
93197,184.0,112.0,54272:30732,2_virtual,185.207478,118.609685
28303,238.0,154.0,87392:96699,2_virtual,239.844309,158.206684
30011,247.0,173.0,32:87392:5,2_virtual,253.54014,169.247201
1122,254.0,167.0,87392:96699:5,2_virtual,253.54014,169.247201
47723,242.0,164.0,54272:32:5,2_virtual,244.948061,162.320933
92915,248.0,158.0,54272:96699:5,2_virtual,250.836714,157.262675
56228,243.0,144.0,54272:5:29230,2_virtual,248.337786,138.117243
10984,321.0,213.0,9048:70694,2_virtual,323.5895,208.748489
75762,275.0,174.0,9048:23449,2_virtual,273.541481,183.542203
70717,215.0,122.0,23835:91636:29230,2_virtual,221.105013,119.973451
74431,322.0,182.0,23449:13,2_virtual,306.077556,181.726417
25598,206.0,157.0,105:71721,2_virtual,206.842275,155.116568
81986,285.0,197.0,2344:32446,2_virtual,287.394523,193.228916
31912,200.0,139.0,18641:105,2_virtual,196.093096,143.678037
97544,278.0,204.0,18641:32446,2_virtual,271.616588,208.929101
59121,266.0,189.0,2344:71721:18641,2_virtual,266.014574,190.375833
27911,296.0,180.0,39006:72974,2_virtual,298.542306,180.289302
38585,221.0,120.0,22:63927,2_virtual,221.105013,119.973451
67966,267.0,212.0,84:13702,2_virtual,269.603088,216.159457
67169,202.0,136.0,105:79123,2_virtual,195.118954,131.074943
78902,238.0,185.0,13568:84,2_virtual,239.105846,185.930734
33677,209.0,125.0,10321:91636,2_virtual,211.571835,116.146512
67492,241.0,144.0,10321:21444:25121,2_virtual,248.337786,138.117243
13111,213.0,128.0,21444:91636,2_virtual,216.991779,130.219811
80081,274.0,167.0,25121:95,2_virtual,263.170432,177.010396
51034,270.0,177.0,64102:5:22,2_virtual,263.170432,177.010396
58453,246.0,155.0,120:13568:32,2_virtual,250.836714,157.262675
11790,232.0,135.0,120:33:13568,2_virtual,231.048222,125.269662
64068,197.0,120.0,105:8318:22,2_virtual,198.865557,118.312894
26653,171.0,105.0,30732:91636,2_virtual,172.199352,111.307596
64193,205.0,118.0,91636:63927,2_virtual,198.865557,118.312894
6572,225.0,138.0,37427:30732:60221,2_virtual,222.970679,147.009677
33222,233.0,138.0,23835:63927,2_virtual,242.392363,134.597826
16192,228.0,163.0,87392:32,2_virtual,232.021775,166.358449
94055,248.0,145.0,120:87392,2_virtual,248.337786,138.117243
1338,236.0,145.0,87392:5:22,2_virtual,233.021946,153.415407
27148,234.0,131.0,120:87392:22,2_virtual,231.048222,125.269662
71766,284.0,195.0,5:38638,2_virtual,287.394523,193.228916
89365,263.0,182.0,5:51286,2_virtual,263.170432,177.010396
7251,296.0,168.0,26858:29230,2_virtual,293.251576,166.883131
37271,279.0,197.0,120:9048:84,2_virtual,287.394523,193.228916
46355,255.0,181.0,9048:84:22,2_virtual,263.170432,177.010396
35004,246.0,164.0,120:84:22,2_virtual,244.948061,162.320933
26608,302.0,225.0,26858:84,2_virtual,303.034402,224.469712
39626,277.0,189.0,9048:54467,2_virtual,273.541481,183.542203
88877,238.0,160.0,33:77738,2_virtual,239.844309,158.206684
49024,250.0,194.0,23449:84,2_virtual,247.361031,193.392151
16505,194.0,122.0,105:23449,2_virtual,194.916052,125.424975
65811,270.0,171.0,23449:77738:5230,2_virtual,263.170432,177.010396
9613,208.0,113.0,91636:29230,2_virtual,211.571835,116.146512
98008,223.0,130.0,120:30732,2_virtual,216.991779,130.219811
48902,274.0,228.0,51552:71721,2_virtual,276.311922,228.58987
87533,203.0,134.0,99:30732,2_virtual,195.118954,131.074943
49389,364.0,173.0,88:90040,2_virtual,370.982585,179.261752
60804,268.0,152.0,30620:22,2_virtual,259.065212,147.523883
15859,327.0,220.0,4313:50132:30620,2_virtual,323.5895,208.748489
63686,233.0,142.0,25121:81126,2_virtual,222.970679,147.009677
77062,231.0,143.0,70233:69933:81126,2_virtual,222.970679,147.009677
6168,254.0,148.0,25121:5230,2_virtual,256.200862,151.74229
64245,278.0,205.0,49:23449,2_virtual,273.744884,211.031755
64349,285.0,153.0,120:83375,2_virtual,284.986256,152.807715
33593,287.0,164.0,30620:29230,2_virtual,292.511771,160.224882
87630,260.0,183.0,51552:29230,2_virtual,263.170432,177.010396
92704,262.0,194.0,51552:23449,2_virtual,259.505678,196.964106
30486,305.0,221.0,51552:30620,2_virtual,303.034402,220.18588
81329,284.0,189.0,51552:30620:29230,2_virtual,287.394523,193.228916
95347,230.0,128.0,120:59802,2_virtual,231.048222,125.269662
29914,192.0,111.0,105:29230,2_virtual,198.865557,118.312894
69964,239.0,140.0,120:54272:99,2_virtual,242.392363,134.597826
29748,335.0,211.0,49:75646,2_virtual,335.463536,209.477597
85284,323.0,177.0,5:75646,2_virtual,306.077556,181.726417
61322,236.0,150.0,23835:8318,2_virtual,233.021946,153.415407
65225,223.0,131.0,54272:23449,2_virtual,216.991779,130.219811
3691,276.0,174.0,23835:95,2_virtual,273.541481,183.542203
71785,227.0,133.0,25121:23835,2_virtual,231.048222,125.269662
57397,305.0,193.0,39006:13702,2_virtual,302.353193,188.696934
51331,263.0,165.0,23449:13702,2_virtual,253.54014,169.247201
25167,256.0,155.0,23835:5230,2_virtual,256.200862,151.74229
66339,184.0,111.0,74867:30732:91636,2_virtual,185.207478,118.609685
53533,231.0,138.0,28802:91636:5230,2_virtual,242.392363,134.597826
8008,225.0,141.0,30732:5230,2_virtual,222.970679,147.009677
79361,224.0,133.0,28802:74867,2_virtual,216.991779,130.219811
32732,247.0,147.0,74867:5230,2_virtual,248.337786,138.117243
19131,203.0,127.0,28802:30732,2_virtual,197.61645,127.353831
68298,262.0,154.0,37427:5230,2_virtual,256.200862,151.74229
47113,239.0,140.0,28802:37427,2_virtual,242.392363,134.597826
49140,263.0,165.0,8318:5230,2_virtual,253.54014,169.247201
94826,255.0,163.0,8318:99:5230,2_virtual,253.54014,169.247201
76084,235.0,150.0,105:39006,2_virtual,233.021946,153.415407
21920,265.0,157.0,99:83375,2_virtual,256.200862,151.74229
23432,304.0,176.0,120:39006,2_virtual,302.782344,177.268189
93824,288.0,169.0,23449:39006:83375,2_virtual,293.251576,166.883131
15280,207.0,118.0,37427:91636,2_virtual,211.571835,116.146512
52132,332.0,213.0,88:7781,2_virtual,335.463536,209.477597
34064,272.0,190.0,82522:7781,2_virtual,266.014574,190.375833
84036,259.0,170.0,82522:79123,2_virtual,253.54014,169.247201
19141,241.0,169.0,33:7781,2_virtual,234.422616,166.5628
52189,264.0,165.0,82522:75205:13702,2_virtual,253.54014,169.247201
6561,269.0,179.0,75205:79123:7781,2_virtual,263.170432,177.010396
5337,319.0,164.0,90040:5,2_virtual,304.882234,179.464997
30645,379.0,188.0,13:75646,2_virtual,370.982585,196.327759
10520,230.0,157.0,32:13568,2_virtual,233.021946,153.415407
89509,235.0,165.0,54272:71721,2_virtual,234.422616,166.5628
96588,210.0,133.0,59802:99,2_virtual,213.368771,138.99126
60280,249.0,171.0,59802:64102,2_virtual,253.54014,169.247201
50549,331.0,198.0,90040:49,2_virtual,337.034725,194.273799
51593,293.0,191.0,9048:13702,2_virtual,294.045902,186.563746
23835,251.0,156.0,13568:13702,2_virtual,250.836714,157.262675
88834,269.0,171.0,13568:9048:13702,2_virtual,263.170432,177.010396
95630,243.0,143.0,13702:22,2_virtual,248.337786,138.117243
54962,216.0,127.0,105:83375,2_virtual,216.991779,130.219811
5311,276.0,194.0,71721:5230,2_virtual,266.014574,190.375833
92513,192.0,111.0,74867:91636,2_virtual,198.865557,118.312894
39719,202.0,124.0,33:74867,2_virtual,197.61645,127.353831
81487,226.0,130.0,74867:37427,2_virtual,231.048222,125.269662
26067,232.0,143.0,84156:75205,2_virtual,222.970679,147.009677
62292,209.0,130.0,74867:84156,2_virtual,216.991779,130.219811
20297,234.0,135.0,74867:75205,2_virtual,242.392363,134.597826
36536,225.0,136.0,74867:84156:75205,2_virtual,216.991779,130.219811
76352,219.0,137.0,28802:84156:41479,2_virtual,213.368771,138.99126
39074,262.0,165.0,5230:99062,2_virtual,253.54014,169.247201
47506,253.0,151.0,30620:91636,2_virtual,256.200862,151.74229
10333,209.0,130.0,91636:8318,2_virtual,216.991779,130.219811
50766,288.0,181.0,30620:8318,2_virtual,294.045902,186.563746
62786,250.0,154.0,91636:30620:8318,2_virtual,250.836714,157.262675
71595,216.0,143.0,43677:99062,2_virtual,211.594265,141.393216
17640,207.0,129.0,91636:99062,2_virtual,197.61645,127.353831
14993,239.0,150.0,9048:91636,2_virtual,233.021946,153.415407
62366,237.0,149.0,43677:5230,2_virtual,233.021946,153.415407
56464,238.0,152.0,43677:5230:99062,2_virtual,233.021946,153.415407
27778,198.0,115.0,43677:22,2_virtual,198.865557,118.312894
87620,261.0,164.0,30620:43677,2_virtual,253.54014,169.247201
58500,242.0,144.0,30620:43677:22,2_virtual,248.337786,138.117243
27561,248.0,163.0,9048:43677,2_virtual,244.948061,162.320933
39662,259.0,166.0,9048:43677:5230,2_virtual,253.54014,169.247201
61760,233.0,143.0,9048:43677:22,2_virtual,233.021946,153.415407
50024,286.0,180.0,30620:99062,2_virtual,294.045902,186.563746
5719,307.0,187.0,5:81533,2_virtual,304.94565,184.788307
5276,283.0,169.0,99:81533,2_virtual,293.251576,166.883131
30053,191.0,121.0,105:64578,2_virtual,194.916052,125.424975
32039,264.0,169.0,64578:5,2_virtual,263.170432,177.010396
68855,277.0,161.0,64578:81533:72974,2_virtual,284.986256,152.807715
74089,256.0,168.0,32:5:29230,2_virtual,253.54014,169.247201
62643,229.0,133.0,87392:29230,2_virtual,231.048222,125.269662
34421,229.0,166.0,105:64102,2_virtual,229.198362,168.632237
61407,263.0,163.0,33:30620,2_virtual,253.54014,169.247201
91925,272.0,151.0,120:30620:22,2_virtual,279.5192,149.800834
58906,324.0,218.0,30620:64102,2_virtual,323.5895,208.748489
68610,286.0,218.0,49:79123,2_virtual,285.440157,216.278109
69377,234.0,150.0,59802:5,2_virtual,233.021946,153.415407
36231,201.0,119.0,13568:59802,2_virtual,198.865557,118.312894
71120,206.0,124.0,54272:91636:8318,2_virtual,197.61645,127.353831
17263,232.0,136.0,120:91636:8318,2_virtual,242.392363,134.597826
22491,194.0,122.0,23449:105,2_virtual,194.916052,125.424975
33448,211.0,147.0,105:38638,2_virtual,210.732191,148.124568
26955,270.0,175.0,70233:38638,2_virtual,263.170432,177.010396
82955,268.0,168.0,120:38638:8318,2_virtual,263.170432,177.010396
90504,217.0,139.0,10321:43677,2_virtual,213.368771,138.99126
30084,240.0,152.0,10321:84156:60221,2_virtual,239.844309,158.206684
17274,199.0,132.0,84156:43677,2_virtual,195.118954,131.074943
4182,229.0,147.0,60221:43677,2_virtual,222.970679,147.009677
33317,217.0,132.0,25121:84156,2_virtual,216.991779,130.219811
27045,258.0,182.0,23449:71721,2_virtual,263.170432,177.010396
89068,240.0,151.0,9048:33:13568,2_virtual,239.844309,158.206684
27270,271.0,165.0,70694:22,2_virtual,263.170432,177.010396
98287,239.0,162.0,105:70694,2_virtual,239.844309,158.206684
56059,195.0,122.0,33:69933,2_virtual,194.916052,125.424975
44392,219.0,122.0,69933:29230,2_virtual,221.105013,119.973451
65536,226.0,141.0,2894:63927,2_virtual,222.970679,147.009677
64283,241.0,142.0,23449:63927,2_virtual,242.392363,134.597826
77577,230.0,146.0,23449:2894,2_virtual,222.970679,147.009677
7896,316.0,221.0,49:26858:5,2_virtual,313.670121,231.954107
24072,270.0,177.0,5:64102:22,2_virtual,263.170432,177.010396
62520,278.0,171.0,13568:26858:79123,2_virtual,273.541481,183.542203
30041,329.0,199.0,88:25145,2_virtual,337.034725,194.273799
2736,296.0,224.0,25145:49,2_virtual,299.489077,219.407513
6783,341.0,201.0,25145:13,2_virtual,339.156466,200.381842
72572,261.0,185.0,32:25145,2_virtual,266.014574,190.375833
82635,244.0,144.0,25145:22,2_virtual,248.337786,138.117243
60219,268.0,188.0,38638:74831,2_virtual,266.014574,190.375833
32395,269.0,175.0,23449:74831:44615,2_virtual,263.170432,177.010396
63239,263.0,172.0,23449:38638,2_virtual,263.170432,177.010396
62327,315.0,215.0,4313:5,2_virtual,307.61367,210.781147
34277,333.0,222.0,4313:95,2_virtual,335.463536,209.477597
83577,317.0,212.0,4313:5:95,2_virtual,323.5895,208.748489
65971,251.0,234.0,62572:101,2_virtual,254.126223,241.34925
18157,287.0,252.0,101:64102,2_virtual,289.092492,249.827612
67535,324.0,189.0,26858:30620:83375,2_virtual,337.420496,188.10146
36820,277.0,166.0,79123:83375,2_virtual,284.986256,152.807715
14929,206.0,128.0,13568:43677,2_virtual,197.61645,127.353831
66667,210.0,124.0,2894:22,2_virtual,211.571835,116.146512
91587,193.0,124.0,10321:105,2_virtual,194.916052,125.424975
37905,272.0,186.0,9048:51286,2_virtual,273.541481,183.542203
38296,241.0,166.0,51286:8318,2_virtual,244.948061,162.320933
8114,254.0,187.0,71721:99,2_virtual,247.361031,193.392151
16917,223.0,148.0,9048:105,2_virtual,222.970679,147.009677
1042,269.0,176.0,9048:60450,2_virtual,263.170432,177.010396
9888,212.0,141.0,25145:105,2_virtual,211.594265,141.393216
77272,280.0,231.0,50132:84,2_virtual,277.164871,234.213182
32457,261.0,188.0,32:99:50132,2_virtual,266.014574,190.375833
83526,273.0,196.0,50132:51286,2_virtual,266.014574,190.375833
2029,285.0,206.0,9048:49:99,2_virtual,288.446353,211.872477
41150,262.0,172.0,9048:99:8318,2_virtual,263.170432,177.010396
55381,271.0,207.0,49:60450,2_virtual,271.616588,208.929101
34021,254.0,201.0,32:71721,2_virtual,250.817193,201.830667
4285,287.0,182.0,24817:99,2_virtual,294.045902,186.563746
31069,239.0,151.0,24817:105,2_virtual,233.021946,153.415407
32454,281.0,190.0,51286:95,2_virtual,287.394523,193.228916
56499,249.0,170.0,77738:2894,2_virtual,253.54014,169.247201
78842,227.0,165.0,32:2894,2_virtual,225.653122,168.927674
53203,325.0,191.0,13:88758,2_virtual,337.034725,194.273799
68417,245.0,162.0,99:88758,2_virtual,244.948061,162.320933
58597,306.0,189.0,91020:88758,2_virtual,302.353193,188.696934
3116,280.0,197.0,8318:64102,2_virtual,287.394523,193.228916
43189,263.0,173.0,25145:8318,2_virtual,263.170432,177.010396
86957,300.0,210.0,25145:64102,2_virtual,297.421106,215.606612
6059,281.0,172.0,120:77738,2_virtual,293.251576,166.883131
91989,333.0,206.0,9048:91020,2_virtual,335.463536,209.477597
33847,247.0,147.0,120:2894,2_virtual,248.337786,138.117243
71239,227.0,151.0,99:2894,2_virtual,222.970679,147.009677
46615,220.0,162.0,105:32446,2_virtual,217.627093,164.496124
35603,302.0,213.0,9048:32446,2_virtual,303.920712,217.52695
40883,271.0,193.0,8318:32446,2_virtual,266.014574,190.375833
26175,261.0,183.0,77738:51286,2_virtual,263.170432,177.010396
9175,275.0,190.0,50132:8318,2_virtual,273.541481,183.542203
9328,266.0,190.0,64102:2894,2_virtual,266.014574,190.375833
69790,280.0,197.0,64102:8318,2_virtual,287.394523,193.228916
35251,229.0,152.0,2894:8318,2_virtual,233.021946,153.415407
87115,212.0,146.0,105:77738,2_virtual,210.732191,148.124568
19040,305.0,196.0,38337:48812,3_virtual,299.242245,195.277785
10490,331.0,235.0,49:27439,3_virtual,333.435164,238.898196
8453,339.0,206.0,48812:27439,3_virtual,342.238159,205.594444
63279,320.0,223.0,49:32140,3_virtual,313.670121,231.954107
60648,303.0,210.0,49:28453,3_virtual,307.61367,210.781147
61107,285.0,171.0,99:32140,3_virtual,293.251576,166.883131
13369,316.0,174.0,32140:28453:40575,3_virtual,304.882234,179.464997
71164,302.0,184.0,67034:45476:17079,3_virtual,304.94565,184.788307
51398,279.0,166.0,37128:45476,3_virtual,293.251576,166.883131
27505,298.0,179.0,37128:17079,3_virtual,298.542306,180.289302
51935,259.0,159.0,37128:67034,3_virtual,256.200862,151.74229
70552,323.0,218.0,3236:52367,3_virtual,323.5895,208.748489
58380,275.0,216.0,14657:46955,3_virtual,276.735225,213.986068
65564,355.0,197.0,13:2733,3_virtual,367.109121,189.263226
37145,316.0,190.0,82106:13,3_virtual,304.94565,184.788307
72648,272.0,213.0,49:82106,3_virtual,271.998577,212.799359
91156,299.0,247.0,49:46955,3_virtual,298.441172,243.817913
80535,241.0,178.0,33:46955,3_virtual,234.8195,180.374359
89340,214.0,144.0,33:82106,3_virtual,210.584473,143.939215
33671,310.0,220.0,49:2733,3_virtual,303.920712,217.52695
21971,278.0,191.0,82106:46955:2733,3_virtual,273.541481,183.542203
48612,285.0,195.0,71402:2733,3_virtual,287.394523,193.228916
60880,274.0,222.0,71402:46955,3_virtual,272.510628,221.037662
75226,251.0,192.0,71402:14657:82106,3_virtual,247.361031,193.392151
50860,268.0,189.0,18641:84866,3_virtual,266.014574,190.375833
9094,343.0,214.0,29992:88,3_virtual,341.921345,209.633834
77573,250.0,168.0,99:25405,3_virtual,253.54014,169.247201
52746,270.0,163.0,120:25405,3_virtual,263.170432,177.010396
30449,319.0,195.0,88:25405,3_virtual,309.788537,205.727901
56907,260.0,172.0,96699:25405,3_virtual,263.170432,177.010396
69494,338.0,213.0,8228:13,3_virtual,335.463536,209.477597
98830,334.0,205.0,18363:13,3_virtual,335.463536,209.477597
24328,235.0,168.0,33:8228,3_virtual,234.422616,166.5628
8091,295.0,208.0,40323:95557,3_virtual,292.873077,204.893878
81693,231.0,160.0,33:18363,3_virtual,232.021775,166.358449
32575,276.0,199.0,18363:8228:95557,3_virtual,268.561728,205.911047
93217,263.0,175.0,95557:8318,3_virtual,263.170432,177.010396
40676,348.0,197.0,69881:13,3_virtual,339.156466,200.381842
19359,302.0,184.0,67444:69881:11404,3_virtual,304.94565,184.788307
74232,324.0,192.0,48921:26858,3_virtual,337.034725,194.273799
46858,329.0,193.0,48921:91020,3_virtual,337.034725,194.273799
87031,348.0,195.0,48921:13,3_virtual,339.156466,200.381842
93352,275.0,199.0,64018:71414,3_virtual,268.561728,205.911047
94490,260.0,181.0,75992:13461:36710,3_virtual,263.170432,177.010396
11539,311.0,199.0,48339:13702,3_virtual,309.788537,205.727901
17689,320.0,194.0,88:29813,3_virtual,323.5895,208.748489
26991,319.0,191.0,88:3429,3_virtual,304.94565,184.788307
65152,263.0,173.0,3429:29813,3_virtual,263.170432,177.010396
98912,273.0,179.0,29813:13702,3_virtual,273.541481,183.542203
28788,321.0,202.0,39236:5,3_virtual,323.5895,208.748489
47180,279.0,195.0,99:83557,3_virtual,287.394523,193.228916
78707,350.0,148.0,92:83557,3_virtual,349.636582,164.698011
39022,318.0,234.0,83557:64102,3_virtual,318.76181,234.17121
87187,300.0,208.0,83557:13702,3_virtual,292.873077,204.893878
52562,335.0,184.0,90040:83557,3_virtual,337.420496,188.10146
47453,359.0,224.0,83557:13,3_virtual,346.41377,220.500919
50432,222.0,132.0,85793:33,3_virtual,216.991779,130.219811
1548,329.0,198.0,88:60633,3_virtual,337.034725,194.273799
43676,277.0,160.0,37128:67082:89237,3_virtual,279.5192,149.800834
39967,264.0,224.0,17385:84,3_virtual,265.241779,218.679324
8522,300.0,212.0,17385:66497,3_virtual,297.421106,215.606612
39047,268.0,201.0,60368:17385,3_virtual,265.933747,202.618602
62070,292.0,235.0,49:17385,3_virtual,290.842493,240.474494
88562,240.0,205.0,66880:84,3_virtual,242.978708,197.780834
12512,264.0,221.0,84:93295,3_virtual,265.241779,218.679324
94080,292.0,231.0,49:93295,3_virtual,290.842493,240.474494
98215,266.0,184.0,31591:93295,3_virtual,266.014574,190.375833
39976,258.0,193.0,66880:17385:93295,3_virtual,259.505678,196.964106
94170,244.0,182.0,66880:60368,3_virtual,239.105846,185.930734
88033,308.0,190.0,51768:87358,3_virtual,302.353193,188.696934
76233,265.0,186.0,99:13092,3_virtual,266.014574,190.375833
36666,277.0,194.0,79123:13092,3_virtual,287.394523,193.228916
69642,272.0,227.0,13092:84,3_virtual,272.978859,230.360559
86982,330.0,203.0,48962:5,3_virtual,335.463536,209.477597
79302,358.0,208.0,41841:48962,3_virtual,362.971623,211.452847
52533,284.0,188.0,25405:44615,3_virtual,287.394523,193.228916
67158,272.0,154.0,3236:22,3_virtual,279.5192,149.800834
98111,270.0,160.0,54272:3236,3_virtual,279.5192,149.800834
6294,262.0,174.0,89293:93095,3_virtual,263.170432,177.010396
26288,236.0,153.0,54272:93095,3_virtual,233.021946,153.415407
25903,366.0,219.0,39208:13,3_virtual,362.971623,211.452847
56699,253.0,164.0,67092:5,3_virtual,253.54014,169.247201
74414,271.0,172.0,67092:95,3_virtual,263.170432,177.010396
86576,283.0,174.0,9048:10978,3_virtual,293.251576,166.883131
53908,314.0,184.0,88:70978,3_virtual,306.077556,181.726417
50331,275.0,173.0,33193:99,3_virtual,273.541481,183.542203
35483,297.0,173.0,28385:72974,3_virtual,295.605502,173.922491
9474,307.0,186.0,41841:68801,3_virtual,304.94565,184.788307
92862,283.0,214.0,24512:71731,3_virtual,283.720998,215.043212
13556,285.0,198.0,24512:19797,3_virtual,287.394523,193.228916
91786,296.0,185.0,24512:36509,3_virtual,294.045902,186.563746
66692,300.0,192.0,19797:36509,3_virtual,299.242245,195.277785
17300,294.0,192.0,24512:19797:36509,3_virtual,294.045902,186.563746
74232,255.0,159.0,67265:33,3_virtual,250.836714,157.262675
2299,252.0,162.0,33:51252,3_virtual,250.836714,157.262675
51144,269.0,172.0,27059:18292,3_virtual,263.170432,177.010396
47367,265.0,177.0,18641:27059,3_virtual,263.170432,177.010396
93301,298.0,171.0,120:67265,3_virtual,298.582565,174.489873
12212,303.0,196.0,97256:67265:51252,3_virtual,299.242245,195.277785
11716,307.0,188.0,41841:27059,3_virtual,304.94565,184.788307
65662,290.0,200.0,49611:27059:34382,3_virtual,292.873077,204.893878
88422,286.0,218.0,97256:91297,3_virtual,285.440157,216.278109
66869,300.0,219.0,91297:51252,3_virtual,299.489077,219.407513
79654,303.0,216.0,91297:67265,3_virtual,303.920712,217.52695
44473,320.0,191.0,44168:88,3_virtual,304.94565,184.788307
51537,254.0,165.0,44168:8318,3_virtual,253.54014,169.247201
43415,251.0,171.0,44168:51286,3_virtual,253.54014,169.247201
65775,285.0,185.0,44168:44615,3_virtual,287.394523,193.228916
7113,229.0,148.0,44168:33,3_virtual,222.970679,147.009677
98115,251.0,164.0,44168:99,3_virtual,253.54014,169.247201
80779,213.0,131.0,13003:17086,3_virtual,216.991779,130.219811
20829,259.0,177.0,13461:36710:36727,3_virtual,263.170432,177.010396
2278,264.0,166.0,29813:72974,3_virtual,253.54014,169.247201
13533,274.0,180.0,60633:29813,3_virtual,273.541481,183.542203
27567,346.0,207.0,4465:89441,3_virtual,347.233413,210.050467
61936,253.0,164.0,75428:5,3_virtual,253.54014,169.247201
71352,249.0,142.0,120:75428,3_virtual,248.337786,138.117243
29946,229.0,160.0,32:75428,3_virtual,232.021775,166.358449
40991,243.0,138.0,120:43415,3_virtual,242.392363,134.597826
36865,212.0,134.0,87392:43415,3_virtual,213.368771,138.99126
40136,341.0,221.0,88:52367,3_virtual,346.41377,220.500919
21464,344.0,147.0,92:52367,3_virtual,349.636582,164.698011
86778,273.0,194.0,99:52367,3_virtual,266.014574,190.375833
59052,328.0,220.0,26858:52367,3_virtual,323.5895,208.748489
96568,312.0,233.0,64102:52367,3_virtual,313.670121,231.954107
66309,261.0,169.0,29992:45024,3_virtual,253.54014,169.247201
78658,245.0,135.0,45024:120,3_virtual,242.392363,134.597826
92302,190.0,114.0,49081:105,3_virtual,185.207478,118.609685
11542,239.0,144.0,49081:99,3_virtual,242.392363,134.597826
88388,348.0,200.0,28385:32911,3_virtual,342.238159,205.594444
27970,367.0,194.0,65673:13,3_virtual,370.982585,196.327759
25854,355.0,192.0,88:65673,3_virtual,367.109121,189.263226
54262,339.0,204.0,65673:4313,3_virtual,342.238159,205.594444
13508,299.0,189.0,1649:66612:36542,3_virtual,302.353193,188.696934
26622,291.0,183.0,1649:42957,3_virtual,294.045902,186.563746
18412,286.0,181.0,66612:42957,3_virtual,294.045902,186.563746
8054,306.0,187.0,2344:17079,3_virtual,304.94565,184.788307
94312,281.0,220.0,31992:95138,3_virtual,279.811783,220.553072
50361,272.0,216.0,38220:31567,3_virtual,269.603088,216.159457
57650,223.0,166.0,33:31567,3_virtual,223.092671,167.893645
45316,232.0,178.0,33:2266,3_virtual,233.787602,176.484897
98393,206.0,164.0,105:2266,3_virtual,206.892895,165.973307
42424,278.0,226.0,38220:85647,3_virtual,276.311922,228.58987
76739,325.0,212.0,13:31567,3_virtual,323.5895,208.748489
26101,197.0,152.0,105:31567,3_virtual,200.588866,148.173807
66462,244.0,178.0,33:1281,3_virtual,239.105846,185.930734
25437,347.0,224.0,1281:13,3_virtual,346.41377,220.500919
77548,335.0,223.0,2266:13,3_virtual,346.41377,220.500919
32179,200.0,156.0,105:19373,3_virtual,204.429543,152.014483
75085,218.0,164.0,1281:105,3_virtual,217.627093,164.496124
61021,226.0,170.0,33:19373,3_virtual,225.653122,168.927674
23714,260.0,218.0,2266:19373:31567,3_virtual,261.914261,216.256375
33999,277.0,223.0,1281:19373,3_virtual,276.953019,219.280629
78968,292.0,226.0,78490:53107,3_virtual,301.552546,226.93547
36991,276.0,230.0,1281:2266:85647,3_virtual,276.311922,228.58987
54486,270.0,222.0,1281:31567:85647,3_virtual,270.507656,222.10376
3124,261.0,221.0,19373:85647,3_virtual,261.914261,216.256375
79489,284.0,222.0,95138:77015,3_virtual,281.103199,222.600773
65873,294.0,228.0,31992:77015,3_virtual,301.552546,226.93547
24324,276.0,220.0,38220:19373,3_virtual,276.953019,219.280629
88402,285.0,174.0,28385:99,3_virtual,295.605502,173.922491
54805,301.0,184.0,99:62829,3_virtual,304.94565,184.788307
77532,322.0,196.0,62829:13702,3_virtual,323.5895,208.748489
83595,347.0,200.0,28385:62829,3_virtual,342.238159,205.594444
49455,318.0,194.0,28385:99836:11974,3_virtual,309.788537,205.727901
1795,279.0,172.0,59068:5,3_virtual,273.541481,183.542203
10889,273.0,163.0,23449:15637,3_virtual,279.5192,149.800834
63683,227.0,148.0,33:87699,3_virtual,222.970679,147.009677
25520,233.0,144.0,33:15623,3_virtual,233.021946,153.415407
4319,323.0,197.0,88:39447,3_virtual,323.5895,208.748489
20013,324.0,187.0,88:15623,3_virtual,337.420496,188.10146
90669,277.0,173.0,3030:15623,3_virtual,273.541481,183.542203
5155,336.0,189.0,13:15623,3_virtual,337.420496,188.10146
81369,334.0,199.0,13:39447,3_virtual,339.156466,200.381842
61121,318.0,191.0,88:87699,3_virtual,304.94565,184.788307
86189,302.0,182.0,30620:15623,3_virtual,304.882234,179.464997
49777,268.0,172.0,87699:39447:15623,3_virtual,263.170432,177.010396
12639,235.0,156.0,99:67350,3_virtual,233.021946,153.415407
68485,243.0,167.0,67350:74831,3_virtual,244.948061,162.320933
81336,238.0,157.0,8318:67350,3_virtual,239.844309,158.206684
66915,235.0,163.0,51286:67350,3_virtual,234.422616,166.5628
32871,277.0,181.0,67350:95,3_virtual,273.541481,183.542203
73172,224.0,155.0,96372:67350,3_virtual,220.826276,151.866765
14413,247.0,165.0,79123:67350,3_virtual,244.948061,162.320933
87374,260.0,176.0,99:58692,3_virtual,263.170432,177.010396
35367,235.0,156.0,32:64291,3_virtual,233.021946,153.415407
70692,221.0,125.0,60297:64291,3_virtual,221.105013,119.973451
52302,264.0,162.0,54272:20333,3_virtual,253.54014,169.247201
36623,364.0,213.0,13:20333,3_virtual,362.971623,211.452847
81957,355.0,137.0,92:20333,3_virtual,375.613182,149.886502
78534,253.0,157.0,60633:85503,3_virtual,250.836714,157.262675
83460,318.0,233.0,49:48812,3_virtual,318.76181,234.17121
47499,313.0,216.0,48812:32446,3_virtual,307.61367,210.781147
76480,346.0,207.0,8814:58086,3_virtual,347.233413,210.050467
72318,321.0,202.0,5:41151,3_virtual,323.5895,208.748489
86766,196.0,126.0,91608:105,3_virtual,194.916052,125.424975
48034,241.0,145.0,91608:83568:40376,3_virtual,248.337786,138.117243
52354,287.0,173.0,99:79155,3_virtual,295.605502,173.922491
85035,367.0,202.0,79155:13,3_virtual,370.982585,196.327759
30311,325.0,234.0,49:3236,3_virtual,326.68936,238.011887
60316,369.0,211.0,3236:13,3_virtual,362.971623,211.452847
2322,289.0,182.0,99:3236,3_virtual,294.045902,186.563746
23523,249.0,142.0,120:13003,3_virtual,248.337786,138.117243
9334,335.0,168.0,9048:1652,3_virtual,344.59524,175.541663
56279,346.0,207.0,2552:9048,3_virtual,347.233413,210.050467
22088,241.0,155.0,10312:99,3_virtual,239.844309,158.206684
41565,266.0,167.0,14840:99,3_virtual,263.170432,177.010396
4589,279.0,166.0,14840:72974,3_virtual,293.251576,166.883131
26679,271.0,169.0,99:45476,3_virtual,263.170432,177.010396
78421,278.0,175.0,14840:79123,3_virtual,273.541481,183.542203
72631,313.0,187.0,14840:49097:45476,3_virtual,304.94565,184.788307
33673,277.0,190.0,32:37717,3_virtual,273.541481,183.542203
62000,299.0,238.0,101:17079,3_virtual,298.441172,243.817913
38879,314.0,190.0,17079:37717:34943,3_virtual,304.94565,184.788307
56282,330.0,195.0,88:66331,3_virtual,337.034725,194.273799
85178,284.0,198.0,32:20333,3_virtual,287.394523,193.228916
64452,269.0,165.0,99:54955,3_virtual,263.170432,177.010396
16241,237.0,160.0,32:17869,3_virtual,239.844309,158.206684
80619,319.0,184.0,32456:88,3_virtual,306.077556,181.726417
76579,222.0,144.0,33:14602,3_virtual,222.970679,147.009677
21259,221.0,141.0,33:85722,3_virtual,222.970679,147.009677
71998,263.0,164.0,32456:44168,3_virtual,253.54014,169.247201
42541,251.0,199.0,85722:84,3_virtual,250.817193,201.830667
7517,284.0,178.0,32456:44615,3_virtual,273.541481,183.542203
81545,309.0,177.0,88:75047,3_virtual,304.882234,179.464997
77905,312.0,184.0,88:85722,3_virtual,306.077556,181.726417
85692,247.0,154.0,85722:14602:75047,3_virtual,250.836714,157.262675
65642,218.0,134.0,33:75047,3_virtual,216.991779,130.219811
6191,199.0,123.0,105:93354,3_virtual,197.61645,127.353831
94730,215.0,125.0,93354:91636,3_virtual,216.991779,130.219811
41248,260.0,154.0,93354:63422,3_virtual,256.200862,151.74229
82382,245.0,142.0,25121:63422,3_virtual,248.337786,138.117243
19338,286.0,203.0,39208:32,3_virtual,292.873077,204.893878
20988,266.0,168.0,54272:39208,3_virtual,263.170432,177.010396
19225,296.0,188.0,39208:70233,3_virtual,294.045902,186.563746
41619,264.0,163.0,39208:70233:54272,3_virtual,253.54014,169.247201
97617,276.0,179.0,39208:13003,3_virtual,273.541481,183.542203
57889,281.0,178.0,39208:87123,3_virtual,273.541481,183.542203
23176,286.0,190.0,39208:99,3_virtual,287.394523,193.228916
77348,257.0,164.0,54272:39208:99,3_virtual,253.54014,169.247201
70342,347.0,217.0,39208:91020,3_virtual,346.41377,220.500919
65394,357.0,142.0,39208:92,3_virtual,373.073125,154.252225
10573,297.0,178.0,3236:69143,3_virtual,298.542306,180.289302
65437,223.0,156.0,32:17086,3_virtual,218.561262,155.067329
20949,247.0,160.0,5:17086,3_virtual,244.948061,162.320933
41532,222.0,132.0,17086:63927,3_virtual,216.991779,130.219811
17856,243.0,138.0,120:17086,3_virtual,242.392363,134.597826
41776,350.0,178.0,29992:92951,3_virtual,344.59524,175.541663
6900,327.0,227.0,29992:4313,3_virtual,318.76181,234.17121
50219,343.0,214.0,88:29992,3_virtual,341.921345,209.633834
32827,237.0,148.0,60297:79123,3_virtual,233.021946,153.415407
55226,253.0,144.0,120:74348,3_virtual,255.137437,140.235728
78494,266.0,154.0,48812:22,3_virtual,259.065212,147.523883
62714,354.0,134.0,48812:92,3_virtual,380.058282,139.488144
62273,363.0,210.0,48812:13,3_virtual,362.971623,211.452847
73032,369.0,174.0,1652:58086,3_virtual,374.094277,172.594103
13776,368.0,137.0,39236:92,3_virtual,380.058282,139.488144
40629,332.0,236.0,49:39236,3_virtual,333.435164,238.898196
75532,300.0,186.0,2344:39006,3_virtual,302.353193,188.696934
71344,271.0,179.0,51531:69143,3_virtual,273.541481,183.542203
10965,272.0,195.0,34992:71721,3_virtual,266.014574,190.375833
25313,257.0,166.0,34992:99,3_virtual,253.54014,169.247201
10924,283.0,174.0,33193:98932,3_virtual,293.251576,166.883131
86554,295.0,177.0,14840:33193:45686,3_virtual,295.605502,173.922491
92125,274.0,168.0,14840:98932,3_virtual,263.170432,177.010396
13313,266.0,165.0,98932:45686,3_virtual,263.170432,177.010396
16508,287.0,231.0,4275:101,3_virtual,284.216445,236.64476
82847,278.0,189.0,32:4275,3_virtual,273.541481,183.542203
90024,295.0,212.0,4275:82676,3_virtual,294.565218,214.523345
73958,276.0,164.0,120:10402,3_virtual,284.986256,152.807715
20592,239.0,141.0,10402:22,3_virtual,242.392363,134.597826
93910,325.0,196.0,88:10402,3_virtual,337.034725,194.273799
64144,246.0,159.0,78185:99,3_virtual,244.948061,162.320933
48841,229.0,147.0,99:34167,3_virtual,222.970679,147.009677
4064,298.0,174.0,88:34167,3_virtual,298.582565,174.489873
98032,236.0,148.0,78185:34167,3_virtual,233.021946,153.415407
30575,314.0,186.0,88:78185,3_virtual,306.077556,181.726417
74608,352.0,202.0,28385:48962,3_virtual,347.233413,210.050467
19399,340.0,170.0,23064:45161,3_virtual,344.59524,175.541663
87396,344.0,209.0,23064:31635,3_virtual,341.921345,209.633834
23885,281.0,183.0,23064:99,3_virtual,273.541481,183.542203
47297,361.0,212.0,23064:13,3_virtual,362.971623,211.452847
60348,352.0,136.0,23064:92,3_virtual,375.613182,149.886502
14739,258.0,160.0,29992:22,3_virtual,250.836714,157.262675
26673,355.0,216.0,29992:13,3_virtual,362.971623,211.452847
6278,346.0,140.0,29992:92,3_virtual,349.636582,164.698011
6737,322.0,219.0,29992:82187,3_virtual,323.5895,208.748489
46598,234.0,152.0,33:10402,3_virtual,233.021946,153.415407
87703,327.0,121.0,10402:92,3_virtual,374.253031,113.458403
95597,336.0,198.0,10402:13,3_virtual,337.034725,194.273799
81957,264.0,210.0,10402:84,3_virtual,261.235835,210.021317
57836,292.0,221.0,49:10402,3_virtual,294.565218,214.523345
47913,300.0,192.0,10402:48812,3_virtual,299.242245,195.277785
80751,258.0,153.0,10402:29230,3_virtual,256.200862,151.74229
5352,235.0,141.0,54272:84774,3_virtual,242.392363,134.597826
8225,255.0,176.0,32:84774,3_virtual,253.54014,169.247201
59374,255.0,149.0,2516:84774,3_virtual,256.200862,151.74229
48484,269.0,172.0,98297:89363,3_virtual,263.170432,177.010396
45338,265.0,173.0,96699:63110,3_virtual,263.170432,177.010396
25204,233.0,156.0,32:93687,3_virtual,233.021946,153.415407
68780,235.0,143.0,8318:93687,3_virtual,233.021946,153.415407
69131,212.0,122.0,28862:22,3_virtual,211.571835,116.146512
85847,220.0,131.0,31432:54272,3_virtual,216.991779,130.219811
48785,311.0,190.0,79155:5,3_virtual,304.94565,184.788307
90469,257.0,175.0,37128:1650,3_virtual,263.170432,177.010396
93624,283.0,194.0,42280:99,3_virtual,287.394523,193.228916
75724,300.0,152.0,99:37740,3_virtual,289.701592,155.541243
4108,345.0,188.0,42280:37740,3_virtual,337.420496,188.10146
52678,232.0,131.0,40189:29230,3_virtual,231.048222,125.269662
58347,241.0,145.0,49081:8318,3_virtual,248.337786,138.117243
67398,227.0,141.0,60297:8318,3_virtual,222.970679,147.009677
9982,245.0,135.0,120:60297,3_virtual,242.392363,134.597826
7437,236.0,138.0,60297:57354,3_virtual,242.392363,134.597826
91570,313.0,210.0,80467:5,3_virtual,309.788537,205.727901
35744,360.0,145.0,80467:92,3_virtual,373.073125,154.252225
62527,339.0,200.0,95728:88,3_virtual,339.156466,200.381842
12883,254.0,146.0,95728:22,3_virtual,259.065212,147.523883
31129,255.0,186.0,95138:99,3_virtual,247.361031,193.392151
53973,293.0,211.0,30961:82139,3_virtual,294.565218,214.523345
36075,294.0,217.0,82139:90575,3_virtual,294.565218,214.523345
14867,283.0,179.0,120:90575,3_virtual,273.541481,183.542203
21847,263.0,162.0,49081:5,3_virtual,253.54014,169.247201
83882,313.0,191.0,23064:29250,3_virtual,304.94565,184.788307
3943,315.0,190.0,73376:30620,3_virtual,304.94565,184.788307
61265,268.0,168.0,59104:99,3_virtual,263.170432,177.010396
2042,266.0,189.0,99:52980,3_virtual,266.014574,190.375833
36118,295.0,200.0,59104:52980,3_virtual,295.831338,199.530488
93701,232.0,171.0,33:71721,3_virtual,229.198362,168.632237
35032,310.0,213.0,52980:94637,3_virtual,307.61367,210.781147
5056,339.0,192.0,13:45686,3_virtual,337.034725,194.273799
86092,221.0,139.0,33:99223,3_virtual,213.368771,138.99126
81693,318.0,187.0,88:41057,3_virtual,306.077556,181.726417
4723,241.0,146.0,13568:41057,3_virtual,248.337786,138.117243
82590,312.0,182.0,88:99223,3_virtual,306.077556,181.726417
23612,232.0,133.0,41057:22,3_virtual,231.048222,125.269662
46921,227.0,144.0,41057:33,3_virtual,222.970679,147.009677
73576,254.0,158.0,41057:99223,3_virtual,250.836714,157.262675
39842,266.0,168.0,39208:54272,3_virtual,263.170432,177.010396
12581,263.0,173.0,39208:33,3_virtual,263.170432,177.010396
76824,289.0,195.0,32:3236,3_virtual,287.394523,193.228916
78407,316.0,197.0,24817:66612,3_virtual,309.788537,205.727901
24261,315.0,196.0,24817:36542,3_virtual,309.788537,205.727901
30320,296.0,187.0,66612:36542,3_virtual,294.045902,186.563746
12742,292.0,183.0,2360:66612,3_virtual,294.045902,186.563746
65111,237.0,148.0,13568:95390,3_virtual,233.021946,153.415407
24092,195.0,125.0,105:41134,3_virtual,194.916052,125.424975
45006,197.0,132.0,105:95390,3_virtual,195.118954,131.074943
38586,226.0,140.0,54272:95390,3_virtual,222.970679,147.009677
68854,250.0,158.0,91608:41134:95390,3_virtual,250.836714,157.262675
3786,312.0,192.0,3236:57108,3_virtual,304.94565,184.788307
62173,281.0,199.0,79100:57108,3_virtual,287.394523,193.228916
12994,217.0,142.0,33:42740,3_virtual,213.368771,138.99126
97014,223.0,131.0,42740:22,3_virtual,216.991779,130.219811
95250,256.0,150.0,60297:15637,3_virtual,256.200862,151.74229
81383,176.0,109.0,60297:105,3_virtual,172.199352,111.307596
48958,192.0,111.0,60297:91636,3_virtual,198.865557,118.312894
7099,297.0,223.0,3236:84,3_virtual,299.489077,219.407513
7602,267.0,165.0,33:3236,3_virtual,263.170432,177.010396
78558,230.0,152.0,80824:32,3_virtual,233.021946,153.415407
34736,181.0,108.0,80824:105,3_virtual,172.199352,111.307596
93969,226.0,124.0,80824:64291,3_virtual,231.048222,125.269662
54390,262.0,164.0,54272:76636,3_virtual,253.54014,169.247201
89463,361.0,215.0,76636:13,3_virtual,362.971623,211.452847
90903,281.0,186.0,99:76636,3_virtual,273.541481,183.542203
9059,281.0,200.0,32:76636,3_virtual,287.394523,193.228916
88928,254.0,171.0,32:54272:76636,3_virtual,253.54014,169.247201
14460,301.0,182.0,120:76636,3_virtual,298.542306,180.289302
86507,233.0,156.0,105:76636,3_virtual,233.021946,153.415407
67916,352.0,139.0,76636:92,3_virtual,356.323282,163.797879
99628,357.0,203.0,72027:13,3_virtual,362.971623,211.452847
95830,313.0,226.0,49:72027,3_virtual,313.670121,231.954107
98314,226.0,130.0,85722:22,3_virtual,231.048222,125.269662
77394,323.0,186.0,85722:13,3_virtual,337.420496,188.10146
61321,243.0,171.0,32:85722,3_virtual,244.948061,162.320933
87363,277.0,174.0,72027:99,3_virtual,273.541481,183.542203
96961,224.0,135.0,54272:85722,3_virtual,216.991779,130.219811
24790,260.0,146.0,72027:22,3_virtual,259.065212,147.523883
84462,243.0,157.0,85722:99,3_virtual,239.844309,158.206684
29800,348.0,126.0,72027:92,3_virtual,374.253031,113.458403
23754,232.0,156.0,85722:96372,3_virtual,233.021946,153.415407
67891,216.0,128.0,33:85722:22,3_virtual,216.991779,130.219811
80932,282.0,173.0,85722:72027,3_virtual,293.251576,166.883131
5625,283.0,181.0,99:48812,3_virtual,273.541481,183.542203
79127,328.0,220.0,47028:48812,3_virtual,323.5895,208.748489
90603,344.0,208.0,48812:91020,3_virtual,341.921345,209.633834
22754,241.0,142.0,10312:49081,3_virtual,242.392363,134.597826
90160,225.0,153.0,32:60297,3_virtual,220.826276,151.866765
11395,235.0,144.0,60297:96699,3_virtual,233.021946,153.415407
66098,249.0,157.0,60297:5,3_virtual,250.836714,157.262675
80814,242.0,151.0,60297:43670,3_virtual,239.844309,158.206684
40310,247.0,157.0,105:5789,3_virtual,250.836714,157.262675
34641,279.0,160.0,5789:22,3_virtual,284.986256,152.807715
24728,343.0,220.0,39208:5789,3_virtual,346.41377,220.500919
56216,187.0,121.0,105:28847,3_virtual,185.207478,118.609685
51935,194.0,123.0,21088:105,3_virtual,194.916052,125.424975
98958,323.0,214.0,30620:79694,3_virtual,323.5895,208.748489
99197,267.0,165.0,60297:95,3_virtual,263.170432,177.010396
24193,336.0,202.0,13:18533,3_virtual,339.156466,200.381842
20075,237.0,159.0,39208:105,3_virtual,239.844309,158.206684
80343,303.0,205.0,39208:18533,3_virtual,309.788537,205.727901
4433,319.0,189.0,88:75892,3_virtual,304.94565,184.788307
44583,318.0,188.0,88:74402,3_virtual,304.94565,184.788307
81696,276.0,160.0,74402:83375,3_virtual,279.5192,149.800834
36096,272.0,171.0,39944:74402:75892,3_virtual,263.170432,177.010396
39216,268.0,147.0,28385:22,3_virtual,269.222541,140.679926
46442,306.0,187.0,28385:13702,3_virtual,304.94565,184.788307
61015,258.0,145.0,33193:22,3_virtual,259.065212,147.523883
55367,321.0,189.0,28385:33193,3_virtual,337.420496,188.10146
73487,294.0,215.0,49:45686,3_virtual,294.565218,214.523345
59541,377.0,138.0,92:58086,3_virtual,380.058282,139.488144
13916,228.0,158.0,32:67394,3_virtual,233.021946,153.415407
63803,238.0,147.0,99:63927,3_virtual,233.021946,153.415407
15375,295.0,190.0,79123:48812,3_virtual,294.045902,186.563746
19085,239.0,139.0,31432:2516,3_virtual,242.392363,134.597826
3141,281.0,169.0,2516:95,3_virtual,293.251576,166.883131
4922,301.0,190.0,79123:3236,3_virtual,302.353193,188.696934
28851,273.0,176.0,38337:8172,3_virtual,273.541481,183.542203
60438,301.0,185.0,3236:8172,3_virtual,302.353193,188.696934
41816,346.0,207.0,41841:26858,3_virtual,347.233413,210.050467
76681,282.0,175.0,39297:95,3_virtual,273.541481,183.542203
59252,310.0,207.0,82187:5,3_virtual,309.788537,205.727901
81730,325.0,211.0,82187:8814,3_virtual,323.5895,208.748489
79751,220.0,128.0,80824:67092,3_virtual,216.991779,130.219811
34684,220.0,128.0,97000:54272,3_virtual,216.991779,130.219811
98510,230.0,139.0,97000:67092,3_virtual,222.970679,147.009677
20840,289.0,189.0,3236:51286,3_virtual,287.394523,193.228916
94553,292.0,183.0,3236:8318,3_virtual,294.045902,186.563746
59724,274.0,179.0,8318:3236:51286,3_virtual,273.541481,183.542203
73369,235.0,154.0,105:20333,3_virtual,233.021946,153.415407
82483,284.0,156.0,62829:22,3_virtual,284.986256,152.807715
58724,248.0,145.0,14802:22,3_virtual,248.337786,138.117243
68580,209.0,141.0,105:62282,3_virtual,211.594265,141.393216
39297,257.0,172.0,62282:99,3_virtual,253.54014,169.247201
54334,192.0,119.0,105:76554,3_virtual,185.207478,118.609685
61246,231.0,133.0,76554:79157,3_virtual,231.048222,125.269662
87180,240.0,158.0,87392:79123,3_virtual,239.844309,158.206684
4428,226.0,143.0,54272:79123:87392,3_virtual,222.970679,147.009677
28426,265.0,172.0,99:93326,3_virtual,263.170432,177.010396
69942,276.0,176.0,75892:93326,3_virtual,273.541481,183.542203
46993,249.0,149.0,120:13397,3_virtual,256.200862,151.74229
73835,213.0,132.0,99:1214,3_virtual,216.991779,130.219811
29972,204.0,118.0,13568:1214,3_virtual,198.865557,118.312894
96927,330.0,203.0,5:58086,3_virtual,335.463536,209.477597
51745,318.0,192.0,28385:70885,3_virtual,304.94565,184.788307
66607,291.0,183.0,14802:22211:70885,3_virtual,294.045902,186.563746
77804,290.0,182.0,99:17079,3_virtual,294.045902,186.563746
43270,252.0,123.0,105:91642,3_virtual,243.600032,117.70873
65866,235.0,146.0,41018:99,3_virtual,233.021946,153.415407
95386,187.0,116.0,105:41018,3_virtual,185.207478,118.609685
58009,241.0,151.0,105:17079,3_virtual,239.844309,158.206684
22447,370.0,211.0,13:17079,3_virtual,376.772586,212.234033
59823,380.0,183.0,91642:13,3_virtual,370.982585,179.261752
67524,147.0,97.0,96:41018,3_virtual,142.813712,97.329134
88344,300.0,154.0,91642:99,3_virtual,292.511771,160.224882
34135,243.0,188.0,41018:84,3_virtual,240.375874,190.296456
87002,297.0,223.0,84:17079,3_virtual,299.489077,219.407513
61295,337.0,174.0,91642:97604,3_virtual,344.59524,175.541663
96662,311.0,194.0,13702:17079,3_virtual,302.353193,188.696934
31610,311.0,163.0,41018:91642:17079,3_virtual,302.782344,177.268189
43375,337.0,214.0,39208:17079,3_virtual,335.463536,209.477597
65107,321.0,189.0,49097:67082,3_virtual,337.420496,188.10146
95559,175.0,112.0,105:43415,3_virtual,172.199352,111.307596
99507,222.0,135.0,42864:76733,3_virtual,216.991779,130.219811
38138,308.0,185.0,88:42740,3_virtual,304.94565,184.788307
60685,220.0,136.0,54272:42740,3_virtual,216.991779,130.219811
96149,237.0,147.0,54272:10402,3_virtual,233.021946,153.415407
44938,247.0,200.0,42740:84,3_virtual,246.268762,200.090895
75578,266.0,158.0,42740:83375,3_virtual,256.200862,151.74229
89190,260.0,154.0,120:42740,3_virtual,256.200862,151.74229
14159,257.0,169.0,10402:42740,3_virtual,253.54014,169.247201
88171,257.0,209.0,60396:84,3_virtual,255.016972,208.227254
30577,205.0,139.0,105:36727,3_virtual,211.594265,141.393216
4475,201.0,137.0,105:60396,3_virtual,196.093096,143.678037
71799,256.0,172.0,60396:13461:36727,3_virtual,253.54014,169.247201
78147,275.0,196.0,13092:60396,3_virtual,266.014574,190.375833
94769,280.0,198.0,13092:36727,3_virtual,287.394523,193.228916
92613,265.0,185.0,13092:13461,3_virtual,266.014574,190.375833
11505,290.0,183.0,39208:17414,3_virtual,294.045902,186.563746
33665,275.0,181.0,39208:87392,3_virtual,273.541481,183.542203
17572,361.0,139.0,92:61527,3_virtual,375.613182,149.886502
49497,370.0,216.0,13:61527,3_virtual,376.772586,212.234033
73297,290.0,187.0,99:61527,3_virtual,294.045902,186.563746
77946,273.0,159.0,22:61527,3_virtual,279.5192,149.800834
4628,241.0,156.0,105:61527,3_virtual,239.844309,158.206684
42474,326.0,164.0,1652:5,3_virtual,347.193365,169.198675
78501,242.0,154.0,5:85717,3_virtual,239.844309,158.206684
13608,218.0,150.0,32:85717,3_virtual,220.826276,151.866765
45394,222.0,131.0,23449:85717,3_virtual,216.991779,130.219811
77130,196.0,120.0,33:85717,3_virtual,198.865557,118.312894
33299,238.0,131.0,120:30514,3_virtual,240.44936,129.275759
14751,260.0,161.0,30514:95,3_virtual,250.836714,157.262675
90674,229.0,134.0,30514:57354,3_virtual,231.048222,125.269662
49460,221.0,137.0,30514:8318,3_virtual,216.991779,130.219811
92706,229.0,155.0,32:79157,3_virtual,233.021946,153.415407
64636,232.0,142.0,79157:8318,3_virtual,222.970679,147.009677
19005,243.0,165.0,32:89514,3_virtual,244.948061,162.320933
13350,350.0,202.0,43280:13,3_virtual,347.233413,210.050467
89560,305.0,225.0,43280:49,3_virtual,303.034402,224.469712
55040,274.0,167.0,43280:89514,3_virtual,263.170432,177.010396
31097,270.0,187.0,43280:32,3_virtual,273.541481,183.542203
8917,241.0,142.0,10978:34167,3_virtual,242.392363,134.597826
57089,242.0,147.0,63422:34167,3_virtual,248.337786,138.117243
57560,263.0,165.0,63110:69143,3_virtual,253.54014,169.247201
74221,281.0,187.0,32:24009,3_virtual,273.541481,183.542203
9965,259.0,157.0,24009:33,3_virtual,256.200862,151.74229
69480,301.0,169.0,120:24009,3_virtual,298.582565,174.489873
19256,337.0,200.0,24009:26858,3_virtual,339.156466,200.381842
8455,263.0,171.0,8185:54615,3_virtual,263.170432,177.010396
3036,218.0,139.0,33:2895,3_virtual,213.368771,138.99126
79400,256.0,169.0,72972:54615:2895,3_virtual,253.54014,169.247201
60700,258.0,162.0,8185:2895,3_virtual,253.54014,169.247201
43623,241.0,153.0,12578:8318,3_virtual,239.844309,158.206684
87659,239.0,144.0,88505:12578,3_virtual,242.392363,134.597826
9417,242.0,151.0,88505:8318,3_virtual,239.844309,158.206684
92855,229.0,135.0,80268:22,3_virtual,231.048222,125.269662
46097,314.0,231.0,49:8814,3_virtual,313.670121,231.954107
2499,349.0,132.0,92:8814,3_virtual,376.783581,117.837657
88032,358.0,208.0,13:8814,3_virtual,362.971623,211.452847
70508,278.0,179.0,99:8814,3_virtual,273.541481,183.542203
92493,229.0,160.0,32:13003,3_virtual,232.021775,166.358449
29087,245.0,157.0,120:32:13003,3_virtual,239.844309,158.206684
92537,309.0,177.0,120:3236,3_virtual,304.882234,179.464997
54560,269.0,162.0,39208:22,3_virtual,263.170432,177.010396
78268,311.0,217.0,4313:84866,3_virtual,307.61367,210.781147
50515,314.0,203.0,26858:84866,3_virtual,309.788537,205.727901
75392,327.0,204.0,88:84866,3_virtual,323.5895,208.748489
7746,321.0,217.0,39208:30497,3_virtual,323.5895,208.748489
48155,354.0,214.0,30497:13,3_virtual,347.233413,210.050467
91131,347.0,217.0,39208:30497:13,3_virtual,346.41377,220.500919
77854,252.0,169.0,30497:33,3_virtual,253.54014,169.247201
33719,294.0,181.0,120:30497,3_virtual,298.542306,180.289302
62194,257.0,158.0,30497:22,3_virtual,250.836714,157.262675
51332,203.0,140.0,94129:105,3_virtual,198.726035,146.310976
5621,207.0,143.0,105:54562,3_virtual,210.584473,143.939215
63610,276.0,201.0,62282:48455,3_virtual,268.561728,205.911047
29393,271.0,196.0,94129:54562:48455,3_virtual,266.014574,190.375833
11571,267.0,199.0,18641:48455,3_virtual,264.577206,200.838141
7314,199.0,114.0,60297:1214,3_virtual,198.865557,118.312894
95097,283.0,168.0,45476:72974,3_virtual,293.251576,166.883131
24644,316.0,192.0,45476:39006,3_virtual,304.94565,184.788307
13047,298.0,180.0,39006:45476:72974,3_virtual,298.542306,180.289302
17257,320.0,188.0,14840:45476:62829,3_virtual,306.077556,181.726417
54040,319.0,211.0,9048:82187,3_virtual,323.5895,208.748489
92686,314.0,191.0,88:54615,3_virtual,304.94565,184.788307
20607,309.0,179.0,88:25263,3_virtual,306.077556,181.726417
13063,218.0,136.0,33:25263,3_virtual,213.368771,138.99126
62217,225.0,146.0,33:16637,3_virtual,222.970679,147.009677
43314,263.0,192.0,71721:16637,3_virtual,266.014574,190.375833
54703,255.0,204.0,84:16637,3_virtual,253.078613,204.7059
46215,251.0,162.0,25263:16637:54615,3_virtual,250.836714,157.262675
39690,233.0,152.0,33:63110,3_virtual,233.021946,153.415407
34910,238.0,141.0,63110:22,3_virtual,242.392363,134.597826
98239,263.0,210.0,84:63110,3_virtual,261.235835,210.021317
78985,238.0,147.0,22:93095,3_virtual,233.021946,153.415407
5031,291.0,220.0,49:63110,3_virtual,294.565218,214.523345
16460,324.0,195.0,88:63110,3_virtual,337.034725,194.273799
74158,258.0,169.0,8318:63110,3_virtual,253.54014,169.247201
36355,275.0,164.0,120:63110,3_virtual,279.5192,149.800834
24227,272.0,185.0,63110:93095,3_virtual,273.541481,183.542203
30660,242.0,162.0,32:39301,3_virtual,244.948061,162.320933
90301,194.0,118.0,105:39301,3_virtual,198.865557,118.312894
61317,273.0,162.0,79085:69143,3_virtual,279.5192,149.800834
51864,339.0,206.0,91020:8814,3_virtual,342.238159,205.594444
47136,278.0,173.0,80101:95,3_virtual,273.541481,183.542203
62875,263.0,165.0,64018:80101,3_virtual,253.54014,169.247201
4976,246.0,152.0,8318:17414,3_virtual,250.836714,157.262675
50220,253.0,156.0,96699:17414,3_virtual,250.836714,157.262675
22259,243.0,165.0,32:17414,3_virtual,244.948061,162.320933
77440,233.0,147.0,96699:17086,3_virtual,233.021946,153.415407
95501,226.0,143.0,17086:8318,3_virtual,222.970679,147.009677
10382,228.0,136.0,17086:17414,3_virtual,231.048222,125.269662
68218,242.0,139.0,80824:89518,3_virtual,242.392363,134.597826
40796,274.0,173.0,57354:5,3_virtual,273.541481,183.542203
64676,247.0,200.0,84:42740,3_virtual,246.268762,200.090895
80779,282.0,183.0,42740:95,3_virtual,273.541481,183.542203
17131,261.0,151.0,120:10312,3_virtual,259.065212,147.523883
10891,204.0,143.0,59121:105,3_virtual,202.361486,148.272286
17830,282.0,208.0,59121:32446,3_virtual,280.748847,214.235562
39404,263.0,165.0,57354:29813,3_virtual,253.54014,169.247201
86261,247.0,198.0,84:13461,3_virtual,246.268762,200.090895
20358,261.0,211.0,84:36727,3_virtual,261.235835,210.021317
84701,191.0,126.0,105:13461,3_virtual,194.916052,125.424975
29719,223.0,133.0,36869:67492:65149,3_virtual,216.991779,130.219811
27961,240.0,155.0,64620:13397,3_virtual,239.844309,158.206684
72306,267.0,164.0,80081:64620,3_virtual,263.170432,177.010396
88375,254.0,153.0,85793:96699,3_virtual,256.200862,151.74229
37657,243.0,138.0,85793:63927,3_virtual,242.392363,134.597826
43823,251.0,140.0,120:85503,3_virtual,248.337786,138.117243
36119,306.0,192.0,23064:11404,3_virtual,302.353193,188.696934
80703,253.0,155.0,63962:99,3_virtual,250.836714,157.262675
66757,216.0,155.0,105:13092,3_virtual,218.561262,155.067329
33426,203.0,119.0,91636:33222,3_virtual,198.865557,118.312894
97115,199.0,119.0,6572:91636,3_virtual,198.865557,118.312894
46451,229.0,138.0,6572:33222,3_virtual,222.970679,147.009677
78598,210.0,125.0,91636:6572:33222,3_virtual,216.991779,130.219811
10449,258.0,161.0,45024:9048,3_virtual,250.836714,157.262675
97884,226.0,124.0,45024:29230,3_virtual,231.048222,125.269662
70227,247.0,168.0,32:69143,3_virtual,244.948061,162.320933
82369,247.0,141.0,49081:69143,3_virtual,248.337786,138.117243
69419,315.0,181.0,88:69143,3_virtual,306.077556,181.726417
70281,227.0,132.0,54272:69143,3_virtual,231.048222,125.269662
50447,254.0,196.0,84:69143,3_virtual,253.234912,196.646599
77537,224.0,138.0,33:69143,3_virtual,222.970679,147.009677
34854,247.0,154.0,99:69143,3_virtual,250.836714,157.262675
97707,274.0,185.0,5:25405,3_virtual,273.541481,183.542203
15097,270.0,182.0,5:54615,3_virtual,273.541481,183.542203
91564,257.0,174.0,25405:54615,3_virtual,253.54014,169.247201
71028,263.0,202.0,88243:84,3_virtual,264.577206,200.838141
87902,291.0,212.0,49:88243,3_virtual,288.446353,211.872477
64881,248.0,183.0,84:29230,3_virtual,239.105846,185.930734
99206,257.0,144.0,88243:29230,3_virtual,259.065212,147.523883
79615,256.0,176.0,88243:84:29230,3_virtual,253.54014,169.247201
15136,239.0,133.0,88243:22,3_virtual,242.392363,134.597826
94319,327.0,113.0,88243:92,3_virtual,367.823512,93.376079
82191,290.0,223.0,48812:84,3_virtual,285.440157,216.278109
4946,336.0,189.0,88243:13,3_virtual,337.420496,188.10146
10463,300.0,184.0,88243:48812,3_virtual,298.542306,180.289302
47777,323.0,191.0,88:65811,3_virtual,337.034725,194.273799
18562,262.0,206.0,65811:84,3_virtual,264.143375,205.369254
44679,206.0,134.0,105:65811,3_virtual,213.368771,138.99126
52467,232.0,148.0,33:65811,3_virtual,233.021946,153.415407
28779,254.0,164.0,99:65811,3_virtual,253.54014,169.247201
87808,216.0,121.0,80824:60297,3_virtual,221.105013,119.973451
44817,213.0,146.0,32:1214,3_virtual,210.732191,148.124568
59814,204.0,113.0,80824:1214,3_virtual,202.551192,111.362838
7953,231.0,130.0,120:93197,3_virtual,231.048222,125.269662
21726,207.0,132.0,54112:8318,3_virtual,213.368771,138.99126
87446,244.0,162.0,32:85793,3_virtual,244.948061,162.320933
74769,230.0,130.0,60297:85793,3_virtual,231.048222,125.269662
18575,211.0,135.0,99:93197,3_virtual,213.368771,138.99126
50302,200.0,126.0,87392:93197,3_virtual,197.61645,127.353831
91224,261.0,171.0,60633:99,3_virtual,263.170432,177.010396
41185,268.0,212.0,60633:84,3_virtual,271.998577,212.799359
26364,327.0,194.0,79155:8814,3_virtual,337.034725,194.273799
20394,180.0,116.0,105:13003,3_virtual,185.207478,118.609685
91604,234.0,158.0,105:15859,3_virtual,233.021946,153.415407
25549,354.0,141.0,15859:92,3_virtual,356.323282,163.797879
91442,266.0,161.0,15859:22,3_virtual,256.200862,151.74229
89797,292.0,245.0,15859:101,3_virtual,294.611438,242.966861
59170,363.0,218.0,15859:13,3_virtual,362.971623,211.452847
96091,283.0,189.0,99:15859,3_virtual,287.394523,193.228916
13161,268.0,218.0,58692:84,3_virtual,267.40628,218.259346
41497,243.0,146.0,93354:77062,3_virtual,248.337786,138.117243
20155,251.0,149.0,23449:93354,3_virtual,256.200862,151.74229
77383,271.0,172.0,79123:45686,3_virtual,263.170432,177.010396
99724,259.0,163.0,99:45686,3_virtual,253.54014,169.247201
61466,253.0,155.0,12504:99,3_virtual,250.836714,157.262675
81867,273.0,151.0,12504:120,3_virtual,279.5192,149.800834
4529,291.0,166.0,29230:17079,3_virtual,293.251576,166.883131
59374,339.0,217.0,81350:17079,3_virtual,341.921345,209.633834
22578,273.0,154.0,22:17079,3_virtual,279.5192,149.800834
65263,290.0,177.0,29230:81350,3_virtual,295.605502,173.922491
71602,307.0,186.0,29230:81350:17079,3_virtual,304.94565,184.788307
81529,261.0,188.0,92704:87630,3_virtual,266.014574,190.375833
75568,309.0,223.0,51552:17079,3_virtual,303.034402,224.469712
31108,261.0,167.0,38585:59287,3_virtual,253.54014,169.247201
85471,195.0,120.0,54112:13003,3_virtual,198.865557,118.312894
5207,324.0,218.0,23254:59287,3_virtual,323.5895,208.748489
67589,339.0,213.0,88:59287,3_virtual,341.921345,209.633834
38126,193.0,118.0,33:29914,3_virtual,198.865557,118.312894
7614,213.0,126.0,33:64291,3_virtual,216.991779,130.219811
76106,215.0,148.0,32:29914,3_virtual,210.732191,148.124568
16211,212.0,119.0,29914:64291,3_virtual,211.571835,116.146512
92281,219.0,143.0,54272:51286,3_virtual,222.970679,147.009677
79937,205.0,131.0,54112:99,3_virtual,197.61645,127.353831
85589,297.0,178.0,60804:94637,3_virtual,298.542306,180.289302
40821,273.0,150.0,120:60804,3_virtual,279.5192,149.800834
77402,290.0,223.0,84:94637,3_virtual,285.440157,216.278109
37670,329.0,194.0,29748:85284,3_virtual,337.034725,194.273799
46173,280.0,195.0,55914:29748,3_virtual,287.394523,193.228916
88728,274.0,178.0,55914:85284,3_virtual,273.541481,183.542203
12675,294.0,189.0,55914:85284:29748,3_virtual,294.045902,186.563746
90810,235.0,146.0,71785:8318,3_virtual,233.021946,153.415407
77055,231.0,131.0,49081:65225,3_virtual,231.048222,125.269662
26930,275.0,170.0,71785:95,3_virtual,273.541481,183.542203
53293,271.0,167.0,68801:51331:45686,3_virtual,263.170432,177.010396
17782,238.0,144.0,21088:23835,3_virtual,242.392363,134.597826
14288,227.0,137.0,19131:32732:53533,3_virtual,222.970679,147.009677
14505,239.0,142.0,21088:47113:53533,3_virtual,242.392363,134.597826
88094,225.0,138.0,21088:19131,3_virtual,222.970679,147.009677
53299,243.0,143.0,47113:32732,3_virtual,248.337786,138.117243
6780,247.0,148.0,21088:32732,3_virtual,256.200862,151.74229
19327,221.0,133.0,47113:19131,3_virtual,216.991779,130.219811
61067,229.0,142.0,33:63422,3_virtual,222.970679,147.009677
56140,256.0,169.0,10402:99,3_virtual,253.54014,169.247201
69008,251.0,158.0,99:63422,3_virtual,250.836714,157.262675
81379,269.0,169.0,10402:63422,3_virtual,263.170432,177.010396
83836,281.0,163.0,120:66331,3_virtual,284.986256,152.807715
64698,352.0,141.0,59202:92,3_virtual,356.323282,163.797879
32645,232.0,158.0,105:59202,3_virtual,233.021946,153.415407
51024,361.0,217.0,59202:13,3_virtual,362.971623,211.452847
24266,281.0,188.0,59202:99,3_virtual,287.394523,193.228916
7070,260.0,151.0,120:80326,3_virtual,259.065212,147.523883
20609,294.0,174.0,93824:15637,3_virtual,295.605502,173.922491
66783,284.0,176.0,93824:13702,3_virtual,295.605502,173.922491
98786,265.0,161.0,93824:80326,3_virtual,256.200862,151.74229
64288,283.0,159.0,93824:120,3_virtual,284.986256,152.807715
28919,200.0,121.0,15280:33,3_virtual,198.865557,118.312894
2484,223.0,151.0,15280:32,3_virtual,220.826276,151.866765
79613,255.0,152.0,33:55703,3_virtual,256.200862,151.74229
64058,263.0,170.0,79123:52189,3_virtual,263.170432,177.010396
67346,266.0,172.0,6561:52189,3_virtual,263.170432,177.010396
2692,289.0,177.0,79123:55703,3_virtual,295.605502,173.922491
94391,231.0,152.0,33:6561,3_virtual,233.021946,153.415407
21057,292.0,179.0,6561:55703,3_virtual,295.605502,173.922491
92463,290.0,172.0,52189:55703,3_virtual,295.605502,173.922491
66666,282.0,180.0,80326:95,3_virtual,273.541481,183.542203
52169,361.0,196.0,85284:13,3_virtual,367.109121,189.263226
66617,197.0,127.0,105:89293,3_virtual,197.61645,127.353831
47918,281.0,209.0,49:89293,3_virtual,280.748847,214.235562
58372,265.0,153.0,120:89293,3_virtual,259.065212,147.523883
86413,316.0,110.0,92:89293,3_virtual,278.801649,146.349755
87224,237.0,143.0,13568:89293,3_virtual,242.392363,134.597826
42977,213.0,128.0,91636:89293,3_virtual,216.991779,130.219811
8135,289.0,181.0,48812:89293,3_virtual,294.045902,186.563746
71703,235.0,146.0,13003:89293,3_virtual,233.021946,153.415407
97643,229.0,133.0,85793:43415,3_virtual,231.048222,125.269662
26993,328.0,202.0,63596:5,3_virtual,323.5895,208.748489
56228,247.0,149.0,85793:8318,3_virtual,250.836714,157.262675
29254,268.0,166.0,85793:5,3_virtual,263.170432,177.010396
43714,226.0,124.0,22:17414,3_virtual,231.048222,125.269662
72608,310.0,174.0,88:3597,3_virtual,304.882234,179.464997
94476,335.0,198.0,88:39944,3_virtual,337.034725,194.273799
71681,269.0,161.0,39944:3597,3_virtual,279.5192,149.800834
30939,337.0,217.0,49:72897,3_virtual,335.463536,209.477597
21220,357.0,191.0,72897:26858,3_virtual,367.109121,189.263226
7504,276.0,181.0,51593:47646,3_virtual,273.541481,183.542203
74834,286.0,205.0,51593:79100,3_virtual,292.873077,204.893878
37990,243.0,158.0,51593:33,3_virtual,239.844309,158.206684
68321,286.0,170.0,120:51593,3_virtual,293.251576,166.883131
3794,216.0,142.0,105:14802,3_virtual,213.368771,138.99126
93143,215.0,133.0,93824:105,3_virtual,216.991779,130.219811
45722,263.0,163.0,93824:99,3_virtual,253.54014,169.247201
47184,320.0,185.0,88:63422,3_virtual,306.077556,181.726417
83208,275.0,183.0,51531:63422,3_virtual,273.541481,183.542203
86427,291.0,166.0,3236:29230,3_virtual,293.251576,166.883131
67733,260.0,148.0,54272:3236:29230,3_virtual,259.065212,147.523883
51974,210.0,127.0,33:81487,3_virtual,216.991779,130.219811
57221,200.0,115.0,91636:81487,3_virtual,198.865557,118.312894
32567,232.0,157.0,32:81487,3_virtual,233.021946,153.415407
28466,238.0,142.0,76352:75205,3_virtual,242.392363,134.597826
20133,226.0,136.0,76352:20297,3_virtual,216.991779,130.219811
59158,215.0,130.0,76352:74867,3_virtual,216.991779,130.219811
45275,229.0,136.0,76352:74867:75205,3_virtual,231.048222,125.269662
38967,249.0,156.0,48781:43677,3_virtual,250.836714,157.262675
5634,240.0,143.0,91636:48781,3_virtual,242.392363,134.597826
21933,258.0,158.0,10333:48781,3_virtual,256.200862,151.74229
35025,275.0,173.0,48781:8318,3_virtual,273.541481,183.542203
72276,238.0,153.0,50024:43677,3_virtual,233.021946,153.415407
84266,256.0,144.0,48781:22,3_virtual,255.137437,140.235728
29847,264.0,156.0,23064:22,3_virtual,256.200862,151.74229
73567,241.0,148.0,91636:48781:8318,3_virtual,233.021946,153.415407
9594,230.0,140.0,50024:91636,3_virtual,222.970679,147.009677
41155,234.0,138.0,48781:43677:22,3_virtual,242.392363,134.597826
56598,273.0,172.0,99:48781,3_virtual,263.170432,177.010396
14184,315.0,197.0,23064:48781,3_virtual,309.788537,205.727901
75537,296.0,183.0,50024:48781,3_virtual,298.542306,180.289302
76300,252.0,160.0,56867:32039,3_virtual,250.836714,157.262675
34200,209.0,129.0,105:68855,3_virtual,216.991779,130.219811
23968,270.0,165.0,68855:32039,3_virtual,263.170432,177.010396
51102,258.0,156.0,56867:68855,3_virtual,256.200862,151.74229
94430,258.0,163.0,62643:5,3_virtual,253.54014,169.247201
12927,214.0,123.0,54272:62643,3_virtual,211.571835,116.146512
60594,185.0,115.0,105:62643,3_virtual,185.207478,118.609685
79723,234.0,159.0,32:62643,3_virtual,233.021946,153.415407
30827,233.0,157.0,105:58906,3_virtual,233.021946,153.415407
19000,283.0,172.0,58906:29230,3_virtual,293.251576,166.883131
71317,290.0,244.0,58906:101,3_virtual,290.842493,240.474494
87202,361.0,217.0,58906:13,3_virtual,362.971623,211.452847
73484,281.0,188.0,58906:99,3_virtual,287.394523,193.228916
27364,259.0,171.0,33:58906,3_virtual,253.54014,169.247201
91725,358.0,135.0,90040:1652,3_virtual,380.058282,139.488144
66215,256.0,149.0,120:69377,3_virtual,256.200862,151.74229
77455,240.0,134.0,120:36231,3_virtual,242.392363,134.597826
93990,204.0,122.0,40189:1214,3_virtual,198.865557,118.312894
45053,233.0,139.0,71120:57354,3_virtual,242.392363,134.597826
27006,198.0,118.0,91636:40189,3_virtual,198.865557,118.312894
12187,324.0,218.0,47028:8814,3_virtual,323.5895,208.748489
78838,288.0,176.0,57108:79085,3_virtual,295.605502,173.922491
45973,210.0,133.0,105:45686,3_virtual,213.368771,138.99126
93352,285.0,170.0,93824:5230,3_virtual,293.251576,166.883131
25434,243.0,163.0,86716:41318,3_virtual,244.948061,162.320933
87285,205.0,132.0,105:82955,3_virtual,197.61645,127.353831
13381,267.0,178.0,86716:42740,3_virtual,263.170432,177.010396
11422,276.0,176.0,70233:86716,3_virtual,273.541481,183.542203
75755,269.0,179.0,86716:8318,3_virtual,263.170432,177.010396
59692,253.0,163.0,82955:99,3_virtual,250.836714,157.262675
47408,281.0,183.0,82955:86716,3_virtual,273.541481,183.542203
24655,208.0,132.0,17274:33317,3_virtual,213.368771,138.99126
71810,214.0,127.0,74867:33317,3_virtual,216.991779,130.219811
66563,208.0,135.0,90504:17274,3_virtual,213.368771,138.99126
39003,228.0,143.0,30084:33317:4182,3_virtual,222.970679,147.009677
54405,268.0,165.0,120:27045,3_virtual,263.170432,177.010396
26773,279.0,172.0,75762:5230,3_virtual,273.541481,183.542203
93282,266.0,178.0,75762:27045,3_virtual,263.170432,177.010396
99925,281.0,168.0,13568:3236,3_virtual,293.251576,166.883131
29334,228.0,144.0,86107:43415,3_virtual,222.970679,147.009677
55595,255.0,159.0,105:33234,3_virtual,250.836714,157.262675
70683,286.0,162.0,33234:22,3_virtual,292.511771,160.224882
40300,233.0,153.0,23064:105,3_virtual,233.021946,153.415407
8877,374.0,142.0,33234:92,3_virtual,379.264514,145.123895
72827,346.0,215.0,23064:33234,3_virtual,347.233413,210.050467
76192,206.0,123.0,44392:33,3_virtual,198.865557,118.312894
75084,234.0,152.0,77577:99,3_virtual,233.021946,153.415407
8050,234.0,165.0,32:77577,3_virtual,234.422616,166.5628
10075,268.0,168.0,69881:99,3_virtual,263.170432,177.010396
14918,314.0,181.0,77577:13,3_virtual,306.077556,181.726417
39859,267.0,173.0,9048:77577,3_virtual,263.170432,177.010396
40585,235.0,144.0,77577:64283,3_virtual,233.021946,153.415407
95707,264.0,162.0,77577:69881,3_virtual,253.54014,169.247201
38270,243.0,144.0,44097:64291,3_virtual,248.337786,138.117243
88059,296.0,188.0,7896:37587,3_virtual,294.045902,186.563746
48957,304.0,182.0,70233:26858,3_virtual,306.077556,181.726417
96193,219.0,142.0,13003:13397,3_virtual,213.368771,138.99126
76056,310.0,178.0,88:82635,3_virtual,304.882234,179.464997
3871,277.0,203.0,49:82635,3_virtual,271.616588,208.929101
7600,241.0,164.0,32:82635,3_virtual,244.948061,162.320933
87177,321.0,180.0,82635:13,3_virtual,306.077556,181.726417
18977,324.0,207.0,88:57511,3_virtual,323.5895,208.748489
10818,256.0,180.0,99:57511,3_virtual,263.170432,177.010396
28448,239.0,153.0,22:57511,3_virtual,239.844309,158.206684
73920,263.0,171.0,32395:16637,3_virtual,263.170432,177.010396
25724,276.0,164.0,73376:69143,3_virtual,284.986256,152.807715
67829,319.0,211.0,95:62327,3_virtual,323.5895,208.748489
50760,266.0,154.0,94637:22,3_virtual,259.065212,147.523883
8083,325.0,193.0,88:75762,3_virtual,337.034725,194.273799
28543,264.0,207.0,75762:84,3_virtual,264.143375,205.369254
95981,231.0,144.0,99:85503,3_virtual,222.970679,147.009677
71383,275.0,173.0,99:87358,3_virtual,273.541481,183.542203
12908,301.0,180.0,22211:67535,3_virtual,298.542306,180.289302
37201,330.0,199.0,88:38337,3_virtual,337.034725,194.273799
68029,244.0,145.0,38337:22,3_virtual,248.337786,138.117243
47991,279.0,183.0,38337:10402,3_virtual,273.541481,183.542203
16850,228.0,136.0,23449:66667,3_virtual,231.048222,125.269662
70433,256.0,176.0,10402:51286,3_virtual,253.54014,169.247201
75315,325.0,211.0,29992:3236,3_virtual,323.5895,208.748489
92457,275.0,199.0,49113:8114,3_virtual,268.561728,205.911047
86400,266.0,205.0,49:16917,3_virtual,264.143375,205.369254
6533,288.0,203.0,1042:52367,3_virtual,292.873077,204.893878
84222,217.0,144.0,51593:105,3_virtual,211.594265,141.393216
10759,207.0,143.0,105:18533,3_virtual,210.584473,143.939215
20851,269.0,214.0,38337:84,3_virtual,269.603088,216.159457
71102,341.0,201.0,38337:13,3_virtual,339.156466,200.381842
43521,261.0,186.0,32:38337,3_virtual,266.014574,190.375833
20580,275.0,187.0,29992:99,3_virtual,273.541481,183.542203
9691,282.0,229.0,29992:84,3_virtual,276.311922,228.58987
60582,231.0,158.0,99:54269,3_virtual,233.021946,153.415407
39069,311.0,187.0,13:54269,3_virtual,304.94565,184.788307
12889,353.0,223.0,13:52367,3_virtual,346.41377,220.500919
72906,289.0,205.0,63110:52367,3_virtual,292.873077,204.893878
18195,276.0,213.0,77272:83526,3_virtual,276.735225,213.986068
49725,256.0,187.0,32:18533,3_virtual,253.234912,196.646599
4868,275.0,199.0,79100:63110,3_virtual,268.561728,205.911047
36675,284.0,188.0,5:13702,3_virtual,287.394523,193.228916
82013,293.0,195.0,89365:95,3_virtual,295.831338,199.530488
21205,239.0,160.0,5:43677,3_virtual,239.844309,158.206684
23207,262.0,171.0,60633:42740,3_virtual,263.170432,177.010396
35690,263.0,183.0,99:51531,3_virtual,263.170432,177.010396
68107,263.0,196.0,32:51531,3_virtual,261.770066,199.201212
86557,291.0,227.0,49:93095,3_virtual,301.552546,226.93547
77956,255.0,175.0,99:93095,3_virtual,253.54014,169.247201
39354,207.0,144.0,105:93095,3_virtual,210.584473,143.939215
88109,263.0,216.0,84:93095,3_virtual,261.914261,216.256375
86518,251.0,184.0,79100:16917,3_virtual,247.361031,193.392151
58412,225.0,145.0,26648:105,3_virtual,222.970679,147.009677
92466,329.0,219.0,27439:52367,3_virtual,335.463536,209.477597
17347,349.0,213.0,13:86957,3_virtual,347.233413,210.050467
97650,281.0,191.0,86957:43189,3_virtual,287.394523,193.228916
54471,190.0,134.0,105:51286,3_virtual,192.340638,136.631575
94832,297.0,224.0,38337:49,3_virtual,299.489077,219.407513
59246,275.0,201.0,29992:32,3_virtual,268.561728,205.911047
16866,226.0,157.0,29992:105,3_virtual,220.826276,151.866765
91468,253.0,171.0,89365:8318,3_virtual,253.54014,169.247201
56494,273.0,208.0,32:52367,3_virtual,271.616588,208.929101
60397,275.0,157.0,3116:85503,3_virtual,279.5192,149.800834
10069,341.0,197.0,57108:13,3_virtual,339.156466,200.381842
20308,322.0,195.0,91020:57108,3_virtual,323.5895,208.748489
76973,244.0,136.0,120:66667,3_virtual,242.392363,134.597826
71851,224.0,141.0,66667:99,3_virtual,222.970679,147.009677
37990,213.0,137.0,105:57108,3_virtual,213.368771,138.99126
29737,253.0,158.0,22:59287,3_virtual,250.836714,157.262675
49755,222.0,155.0,105:35603,3_virtual,220.826276,151.866765
2788,282.0,187.0,24308:95,3_virtual,287.394523,193.228916
66604,335.0,197.0,13:63110,3_virtual,337.034725,194.273799
21002,257.0,174.0,99:9175,3_virtual,253.54014,169.247201
58258,337.0,203.0,13:9175,3_virtual,339.156466,200.381842
78351,287.0,178.0,16917:27439,3_virtual,295.605502,173.922491
72712,315.0,192.0,9048:3116,3_virtual,304.94565,184.788307
8677,277.0,168.0,35251:3116,3_virtual,273.541481,183.542203
3218,265.0,189.0,16917:52367,3_virtual,266.014574,190.375833
12042,335.0,220.0,10490:8453,4_virtual,335.463536,209.477597
76756,313.0,218.0,13369:49,4_virtual,307.61367,210.781147
63561,277.0,166.0,13369:99,4_virtual,284.986256,152.807715
11585,326.0,183.0,32140:40575,4_virtual,337.420496,188.10146
72576,278.0,168.0,27505:51398:51935,4_virtual,293.251576,166.883131
20945,342.0,205.0,48612:13,4_virtual,342.238159,205.594444
21424,325.0,204.0,75226:13,4_virtual,323.5895,208.748489
95245,280.0,227.0,49:75226,4_virtual,276.311922,228.58987
13247,292.0,242.0,60880:49,4_virtual,290.842493,240.474494
85098,234.0,173.0,60880:33,4_virtual,233.787602,176.484897
94142,222.0,158.0,33:75226,4_virtual,218.561262,155.067329
74735,297.0,228.0,49:48612,4_virtual,301.552546,226.93547
38333,270.0,203.0,60880:75226:48612,4_virtual,268.561728,205.911047
49367,260.0,206.0,14657:71402,4_virtual,264.143375,205.369254
59048,299.0,172.0,120:30449,4_virtual,298.582565,174.489873
30729,349.0,207.0,4465:48962,4_virtual,347.233413,210.050467
8210,285.0,200.0,93217:40323,4_virtual,287.394523,193.228916
14444,235.0,162.0,33:32575,4_virtual,234.422616,166.5628
34310,253.0,179.0,81693:32575,4_virtual,253.54014,169.247201
52842,305.0,202.0,98830:32575,4_virtual,309.788537,205.727901
29056,269.0,187.0,93217:32575,4_virtual,266.014574,190.375833
25635,266.0,185.0,93217:18363,4_virtual,266.014574,190.375833
93713,337.0,207.0,13:32575,4_virtual,335.463536,209.477597
85881,350.0,200.0,13:19359,4_virtual,342.238159,205.594444
28537,349.0,202.0,26858:87031,4_virtual,342.238159,205.594444
90789,354.0,203.0,91020:87031,4_virtual,347.233413,210.050467
26238,257.0,211.0,94490:84,4_virtual,257.143707,211.297404
61936,319.0,192.0,65152:88,4_virtual,304.94565,184.788307
10241,324.0,195.0,88:98912,4_virtual,337.034725,194.273799
90587,337.0,206.0,4465:26858,4_virtual,335.463536,209.477597
47977,293.0,211.0,49:43676,4_virtual,294.565218,214.523345
36339,266.0,154.0,37128:89237,4_virtual,259.065212,147.523883
34399,284.0,227.0,39976:49,4_virtual,281.103199,222.600773
69992,249.0,211.0,94170:84,4_virtual,255.016972,208.227254
87727,292.0,233.0,94080:62070,4_virtual,290.842493,240.474494
20634,270.0,196.0,17385:98215,4_virtual,266.014574,190.375833
64078,287.0,206.0,8522:93295,4_virtual,292.873077,204.893878
77466,274.0,204.0,17385:93295,4_virtual,271.616588,208.929101
7763,251.0,187.0,39976:94170,4_virtual,247.361031,193.392151
35079,256.0,217.0,39976:84,4_virtual,258.780579,213.445753
26132,289.0,181.0,30449:96699,4_virtual,294.045902,186.563746
62107,313.0,197.0,30449:44615,4_virtual,309.788537,205.727901
15622,263.0,171.0,69143:93095,4_virtual,263.170432,177.010396
5154,233.0,158.0,33:93095,4_virtual,233.021946,153.415407
90411,249.0,163.0,26288:6294,4_virtual,244.948061,162.320933
92025,267.0,185.0,79100:69143,4_virtual,266.014574,190.375833
44941,279.0,182.0,5:74414,4_virtual,273.541481,183.542203
68566,239.0,151.0,33:66331,4_virtual,233.021946,153.415407
13074,292.0,178.0,33193:68801,4_virtual,295.605502,173.922491
50795,286.0,209.0,19797:92862,4_virtual,288.446353,211.872477
18851,297.0,197.0,36509:92862,4_virtual,295.831338,199.530488
31761,282.0,185.0,18641:11716,4_virtual,273.541481,183.542203
92736,248.0,170.0,33:79654,4_virtual,253.54014,169.247201
9289,287.0,179.0,11716:18292,4_virtual,295.605502,173.922491
73053,247.0,172.0,33:66869,4_virtual,253.54014,169.247201
19852,291.0,182.0,120:79654,4_virtual,294.045902,186.563746
63821,296.0,217.0,88422:66869:79654,4_virtual,297.421106,215.606612
82442,313.0,188.0,88:98115,4_virtual,304.94565,184.788307
34424,247.0,162.0,98115:8318,4_virtual,244.948061,162.320933
44369,245.0,168.0,98115:51286,4_virtual,244.948061,162.320933
57446,279.0,181.0,98115:44615,4_virtual,273.541481,183.542203
17238,222.0,144.0,33:98115,4_virtual,222.970679,147.009677
76333,256.0,209.0,84:20829,4_virtual,255.016972,208.227254
9383,269.0,168.0,13533:72974,4_virtual,263.170432,177.010396
38325,241.0,162.0,61936:29946,4_virtual,244.948061,162.320933
26218,291.0,152.0,21464:99,4_virtual,289.701592,155.541243
78859,253.0,152.0,78658:66309,4_virtual,256.200862,151.74229
67843,301.0,190.0,1649:66612,4_virtual,302.353193,188.696934
83160,292.0,184.0,13508:26622:18412,4_virtual,294.045902,186.563746
86577,232.0,173.0,33:54486,4_virtual,233.787602,176.484897
35885,206.0,159.0,105:54486,4_virtual,208.319458,157.283104
73242,256.0,214.0,3124:31567,4_virtual,258.780579,213.445753
22987,334.0,219.0,13:54486,4_virtual,335.463536,209.477597
21883,235.0,177.0,33:36991,4_virtual,233.787602,176.484897
52054,209.0,163.0,105:36991,4_virtual,208.911712,162.083391
91751,337.0,223.0,13:36991,4_virtual,346.41377,220.500919
31106,246.0,194.0,57650:54486,4_virtual,247.361031,193.392151
91555,274.0,224.0,24324:54486:36991,4_virtual,272.510628,221.037662
36727,265.0,221.0,3124:54486,4_virtual,265.241779,218.679324
28757,268.0,225.0,3124:36991,4_virtual,270.507656,222.10376
61107,268.0,220.0,3124:24324,4_virtual,268.21393,220.294624
98941,289.0,225.0,65873:79489,4_virtual,281.103199,222.600773
78115,264.0,214.0,24324:31567,4_virtual,261.914261,216.256375
53401,293.0,179.0,99:83595,4_virtual,298.542306,180.289302
53733,314.0,191.0,83595:13702,4_virtual,304.94565,184.788307
78883,322.0,192.0,88:49777,4_virtual,337.034725,194.273799
99779,298.0,180.0,15623:4319,4_virtual,298.542306,180.289302
73397,333.0,194.0,49777:13,4_virtual,337.034725,194.273799
62671,271.0,172.0,15623:39447,4_virtual,263.170432,177.010396
11555,231.0,148.0,49777:33,4_virtual,233.021946,153.415407
13663,243.0,161.0,99:14413,4_virtual,244.948061,162.320933
52171,251.0,172.0,14413:74831,4_virtual,253.54014,169.247201
59019,285.0,186.0,14413:95,4_virtual,287.394523,193.228916
46187,243.0,168.0,14413:51286,4_virtual,244.948061,162.320933
18797,245.0,162.0,14413:8318,4_virtual,244.948061,162.320933
57763,232.0,160.0,96372:14413,4_virtual,232.021775,166.358449
83834,230.0,155.0,32:70692,4_virtual,233.021946,153.415407
59780,277.0,125.0,54272:81957,4_virtual,269.222541,140.679926
90872,377.0,176.0,13:81957,4_virtual,374.094277,172.594103
25424,355.0,171.0,76480:1652,4_virtual,356.323282,163.797879
98631,191.0,121.0,105:48034,4_virtual,194.916052,125.424975
27657,299.0,222.0,49:2322,4_virtual,299.489077,219.407513
80620,288.0,171.0,72974:72631,4_virtual,293.251576,166.883131
77740,288.0,181.0,79123:72631,4_virtual,294.045902,186.563746
9151,276.0,172.0,99:72631,4_virtual,273.541481,183.542203
97880,276.0,187.0,32:38879,4_virtual,273.541481,183.542203
32174,285.0,230.0,101:38879,4_virtual,284.216445,236.64476
11724,312.0,226.0,49:38879,4_virtual,313.670121,231.954107
25593,282.0,163.0,54272:36623,4_virtual,284.986256,152.807715
24879,301.0,199.0,32:36623,4_virtual,299.242245,195.277785
67576,250.0,197.0,85692:84,4_virtual,253.234912,196.646599
64583,311.0,183.0,88:85692,4_virtual,306.077556,181.726417
84501,297.0,173.0,88:65642,4_virtual,295.605502,173.922491
17914,232.0,144.0,65642:85692,4_virtual,233.021946,153.415407
24050,201.0,125.0,41248:105,4_virtual,197.61645,127.353831
45666,217.0,127.0,41248:91636,4_virtual,216.991779,130.219811
44843,252.0,148.0,41248:82382,4_virtual,256.200862,151.74229
33989,298.0,163.0,32:65394,4_virtual,293.251576,166.883131
91314,378.0,179.0,65394:13,4_virtual,370.982585,179.261752
30539,278.0,128.0,54272:65394,4_virtual,273.595503,142.476988
71422,288.0,139.0,65394:13003,4_virtual,278.801649,146.349755
38083,308.0,148.0,70233:65394,4_virtual,292.511771,160.224882
54326,272.0,136.0,54272:70233:65394,4_virtual,269.222541,140.679926
70202,298.0,150.0,65394:99,4_virtual,289.701592,155.541243
67023,293.0,138.0,65394:87123,4_virtual,278.801649,146.349755
61637,359.0,177.0,65394:91020,4_virtual,368.141019,182.992461
7897,241.0,161.0,32:17856,4_virtual,239.844309,158.206684
7858,265.0,165.0,17856:5,4_virtual,263.170432,177.010396
87400,240.0,137.0,17856:63927,4_virtual,242.392363,134.597826
4018,343.0,225.0,4313:9094,4_virtual,346.41377,220.500919
46555,366.0,176.0,9094:92951,4_virtual,370.982585,179.261752
12728,261.0,168.0,83460:22,4_virtual,253.54014,169.247201
25910,349.0,148.0,83460:92,4_virtual,349.636582,164.698011
2422,358.0,224.0,83460:13,4_virtual,346.41377,220.500919
94543,315.0,232.0,49:28788,4_virtual,313.670121,231.954107
81227,264.0,180.0,25313:10965,4_virtual,263.170432,177.010396
98894,236.0,144.0,8566:22,4_virtual,233.021946,153.415407
24224,278.0,170.0,13313:86554:92125,4_virtual,273.541481,183.542203
30489,237.0,153.0,98032:99,4_virtual,233.021946,153.415407
47128,275.0,167.0,98032:30575,4_virtual,263.170432,177.010396
41725,276.0,172.0,99:30575,4_virtual,273.541481,183.542203
17024,354.0,134.0,45161:60348,4_virtual,380.058282,139.488144
81294,358.0,172.0,31635:60348,4_virtual,356.323282,163.797879
58026,295.0,147.0,99:60348,4_virtual,289.701592,155.541243
94506,356.0,174.0,47297:60348,4_virtual,347.193365,169.198675
76837,263.0,161.0,6737:22,4_virtual,256.200862,151.74229
74700,360.0,217.0,6737:13,4_virtual,362.971623,211.452847
37992,351.0,141.0,6737:92,4_virtual,356.323282,163.797879
43324,340.0,127.0,47913:92,4_virtual,374.253031,113.458403
25739,226.0,139.0,33:80751,4_virtual,222.970679,147.009677
97279,319.0,108.0,92:80751,4_virtual,367.823512,93.376079
85534,328.0,184.0,13:80751,4_virtual,337.420496,188.10146
59350,349.0,204.0,47913:13,4_virtual,347.233413,210.050467
19326,256.0,197.0,84:80751,4_virtual,253.234912,196.646599
64066,284.0,207.0,49:80751,4_virtual,288.446353,211.872477
89250,231.0,128.0,22:80751,4_virtual,231.048222,125.269662
89923,279.0,172.0,47913:80751,4_virtual,273.541481,183.542203
34306,227.0,145.0,54272:8225,4_virtual,222.970679,147.009677
36652,202.0,123.0,45024:33,4_virtual,198.865557,118.312894
95258,253.0,162.0,63422:43566,4_virtual,250.836714,157.262675
99594,292.0,173.0,99:4108,4_virtual,295.605502,173.922491
15329,277.0,169.0,52678:95,4_virtual,273.541481,183.542203
89843,240.0,149.0,7437:8318,4_virtual,233.021946,153.415407
4692,257.0,143.0,120:7437,4_virtual,255.137437,140.235728
29110,276.0,184.0,91570:99,4_virtual,273.541481,183.542203
21367,336.0,177.0,35744:91570,4_virtual,340.699551,181.671941
45047,289.0,180.0,23064:69143,4_virtual,294.045902,186.563746
58304,296.0,173.0,12883:62527,4_virtual,295.605502,173.922491
10503,274.0,181.0,12883:36075,4_virtual,273.541481,183.542203
55591,239.0,158.0,32:49081,4_virtual,239.844309,158.206684
56150,301.0,214.0,23064:79100,4_virtual,297.421106,215.606612
28481,319.0,199.0,23064:3943,4_virtual,323.5895,208.748489
16150,267.0,179.0,99:36118,4_virtual,263.170432,177.010396
56755,255.0,195.0,15714:79100,4_virtual,253.234912,196.646599
68993,304.0,204.0,26858:1650,4_virtual,309.788537,205.727901
78346,250.0,162.0,1650:29230,4_virtual,250.836714,157.262675
29773,315.0,185.0,73576:88,4_virtual,306.077556,181.726417
19383,238.0,144.0,73576:13568,4_virtual,242.392363,134.597826
19247,229.0,130.0,73576:22,4_virtual,231.048222,125.269662
41950,224.0,141.0,73576:33,4_virtual,222.970679,147.009677
6990,272.0,158.0,120:20988,4_virtual,279.5192,149.800834
86720,247.0,149.0,76824:22,4_virtual,250.836714,157.262675
21846,317.0,197.0,24817:13508,4_virtual,309.788537,205.727901
6587,196.0,127.0,105:68854,4_virtual,197.61645,127.353831
20515,236.0,144.0,13568:68854,4_virtual,233.021946,153.415407
14105,225.0,136.0,54272:68854,4_virtual,216.991779,130.219811
28620,220.0,136.0,12994:97014,4_virtual,216.991779,130.219811
96195,244.0,147.0,57354:67398,4_virtual,248.337786,138.117243
64401,184.0,119.0,105:67398,4_virtual,185.207478,118.609685
24855,200.0,120.0,91636:67398,4_virtual,198.865557,118.312894
79429,264.0,160.0,15637:67398,4_virtual,256.200862,151.74229
73506,344.0,199.0,2322:13,4_virtual,339.156466,200.381842
79929,232.0,154.0,32:93969,4_virtual,233.021946,153.415407
7817,184.0,110.0,93969:105,4_virtual,185.207478,118.609685
86394,271.0,175.0,54390:90903,4_virtual,263.170432,177.010396
28208,240.0,156.0,13397:54390,4_virtual,239.844309,158.206684
41046,281.0,173.0,14460:54390,4_virtual,273.541481,183.542203
94878,260.0,165.0,14460:13397,4_virtual,253.54014,169.247201
51407,260.0,165.0,14460:13397:54390,4_virtual,253.54014,169.247201
37452,340.0,194.0,80932:13,4_virtual,337.034725,194.273799
88430,296.0,217.0,49:80932,4_virtual,297.421106,215.606612
80093,260.0,165.0,99:80932,4_virtual,253.54014,169.247201
41118,243.0,138.0,80932:22,4_virtual,242.392363,134.597826
26464,260.0,179.0,32:80932,4_virtual,263.170432,177.010396
13370,249.0,164.0,96372:80932,4_virtual,244.948061,162.320933
74523,331.0,118.0,80932:92,4_virtual,372.903625,107.028884
14782,241.0,143.0,54272:80932,4_virtual,242.392363,134.597826
77701,358.0,172.0,62273:62714,4_virtual,356.323282,163.797879
60341,242.0,160.0,32:9982,4_virtual,239.844309,158.206684
82057,252.0,151.0,96699:9982,4_virtual,256.200862,151.74229
72173,266.0,164.0,5:9982,4_virtual,263.170432,177.010396
36382,259.0,157.0,43670:9982,4_virtual,256.200862,151.74229
87007,244.0,147.0,8318:9982,4_virtual,248.337786,138.117243
85664,242.0,158.0,24728:105,4_virtual,239.844309,158.206684
97678,362.0,141.0,24728:92,4_virtual,375.613182,149.886502
68119,274.0,161.0,24728:22,4_virtual,279.5192,149.800834
58314,314.0,209.0,35603:48812,4_virtual,309.788537,205.727901
19251,314.0,196.0,12581:25903,4_virtual,309.788537,205.727901
83009,261.0,168.0,11395:5,4_virtual,253.54014,169.247201
35396,279.0,176.0,11395:95,4_virtual,273.541481,183.542203
80717,239.0,152.0,11395:8318,4_virtual,233.021946,153.415407
93530,351.0,210.0,13:80343,4_virtual,347.233413,210.050467
25273,342.0,134.0,92:80343,4_virtual,349.636582,164.698011
12598,222.0,151.0,105:80343,4_virtual,220.826276,151.866765
95012,281.0,164.0,36096:83375,4_virtual,284.986256,152.807715
86470,324.0,191.0,36096:88,4_virtual,337.034725,194.273799
69942,245.0,138.0,88402:22,4_virtual,248.337786,138.117243
73718,263.0,146.0,22:55367,4_virtual,259.065212,147.523883
20180,283.0,178.0,88402:13702,4_virtual,273.541481,183.542203
4323,303.0,181.0,88402:55367,4_virtual,304.882234,179.464997
46833,208.0,134.0,54272:96372,4_virtual,213.368771,138.99126
48992,238.0,159.0,98347:99,4_virtual,239.844309,158.206684
36902,217.0,133.0,87392:92842,4_virtual,216.991779,130.219811
43858,260.0,154.0,3141:19085,4_virtual,256.200862,151.74229
10826,306.0,191.0,3786:4922,4_virtual,302.353193,188.696934
10077,301.0,187.0,4922:60438,4_virtual,302.353193,188.696934
54418,345.0,199.0,31249:28385,4_virtual,339.156466,200.381842
71579,290.0,186.0,20840:94553,4_virtual,294.045902,186.563746
93563,191.0,119.0,39297:105,4_virtual,185.207478,118.609685
70802,309.0,111.0,20075:92,4_virtual,278.801649,146.349755
29667,186.0,115.0,105:61246,4_virtual,185.207478,118.609685
77089,224.0,142.0,87180:17086,4_virtual,222.970679,147.009677
16953,257.0,167.0,99:69942,4_virtual,253.54014,169.247201
82073,382.0,176.0,1652:13,4_virtual,374.094277,172.594103
89345,250.0,143.0,120:40189,4_virtual,248.337786,138.117243
89048,231.0,151.0,5:81383,4_virtual,233.021946,153.415407
92180,304.0,187.0,51745:66607,4_virtual,302.353193,188.696934
91761,298.0,190.0,14802:70885,4_virtual,302.353193,188.696934
88323,275.0,160.0,31610:99,4_virtual,279.5192,149.800834
50681,288.0,186.0,99:43375,4_virtual,294.045902,186.563746
2318,368.0,215.0,13:43375,4_virtual,362.971623,211.452847
63273,239.0,155.0,105:43375,4_virtual,239.844309,158.206684
36282,318.0,184.0,88344:43375,4_virtual,306.077556,181.726417
11409,355.0,189.0,31610:13,4_virtual,367.109121,189.263226
45013,186.0,111.0,96:31610,4_virtual,185.207478,118.609685
27939,358.0,198.0,59823:43375,4_virtual,367.109121,189.263226
19589,344.0,174.0,90040:43375,4_virtual,344.59524,175.541663
45874,282.0,202.0,31610:84,4_virtual,287.394523,193.228916
86584,295.0,227.0,84:43375,4_virtual,301.552546,226.93547
93692,309.0,198.0,13702:43375,4_virtual,309.788537,205.727901
84753,324.0,188.0,31610:43375,4_virtual,337.420496,188.10146
34367,349.0,182.0,91642:43375,4_virtual,344.59524,175.541663
29376,226.0,130.0,105:31610,4_virtual,231.048222,125.269662
55260,227.0,130.0,120:95559,4_virtual,231.048222,125.269662
39800,228.0,141.0,54272:14159,4_virtual,222.970679,147.009677
12908,274.0,163.0,83375:14159,4_virtual,279.5192,149.800834
9305,255.0,205.0,84:14159,4_virtual,253.078613,204.7059
44118,268.0,159.0,120:14159,4_virtual,256.200862,151.74229
45456,231.0,136.0,22:14159,4_virtual,231.048222,125.269662
33936,328.0,192.0,13:14159,4_virtual,337.034725,194.273799
68763,316.0,190.0,88:14159,4_virtual,304.94565,184.788307
75279,259.0,213.0,84:92613,4_virtual,258.780579,213.445753
48641,264.0,218.0,78147:84,4_virtual,265.241779,218.679324
68721,211.0,147.0,105:94769,4_virtual,210.732191,148.124568
6861,208.0,146.0,105:78147,4_virtual,210.584473,143.939215
55875,203.0,141.0,105:92613,4_virtual,198.726035,146.310976
17095,273.0,193.0,94769:78147:92613,4_virtual,266.014574,190.375833
12830,282.0,176.0,11209:64018,4_virtual,273.541481,183.542203
64792,264.0,185.0,11209:71414,4_virtual,266.014574,190.375833
89870,274.0,187.0,11209:64018:71414,4_virtual,273.541481,183.542203
74938,276.0,185.0,19338:20988,4_virtual,273.541481,183.542203
25996,251.0,172.0,87392:19338,4_virtual,253.54014,169.247201
3403,311.0,109.0,4628:92,4_virtual,278.801649,146.349755
49509,320.0,186.0,4628:13,4_virtual,306.077556,181.726417
34363,240.0,157.0,99:4628,4_virtual,239.844309,158.206684
97261,223.0,129.0,4628:22,4_virtual,216.991779,130.219811
81412,241.0,156.0,77130:5,4_virtual,239.844309,158.206684
95247,217.0,152.0,32:77130,4_virtual,218.561262,155.067329
27564,221.0,134.0,23449:77130,4_virtual,216.991779,130.219811
31444,272.0,172.0,49460:95,4_virtual,263.170432,177.010396
57272,241.0,145.0,57354:49460,4_virtual,248.337786,138.117243
65505,250.0,143.0,120:49460,4_virtual,248.337786,138.117243
99909,290.0,224.0,31097:49,4_virtual,285.440157,216.278109
76766,260.0,157.0,55040:23449,4_virtual,256.200862,151.74229
44091,310.0,194.0,31097:13350,4_virtual,302.353193,188.696934
41172,272.0,177.0,55040:31097,4_virtual,273.541481,183.542203
44934,226.0,143.0,33:60700,4_virtual,222.970679,147.009677
19965,257.0,165.0,79400:60700,4_virtual,253.54014,169.247201
61263,240.0,147.0,9417:87659,4_virtual,233.021946,153.415407
86651,342.0,213.0,2552:49113,4_virtual,341.921345,209.633834
20659,239.0,151.0,23523:92493,4_virtual,233.021946,153.415407
34819,250.0,142.0,49081:57354,4_virtual,248.337786,138.117243
57962,232.0,145.0,54272:29813,4_virtual,233.021946,153.415407
56755,277.0,182.0,54560:19338,4_virtual,273.541481,183.542203
66569,335.0,220.0,75392:4313,4_virtual,335.463536,209.477597
7327,338.0,207.0,75392:26858,4_virtual,335.463536,209.477597
55550,225.0,141.0,33:62194,4_virtual,222.970679,147.009677
31745,268.0,153.0,120:62194,4_virtual,259.065212,147.523883
91833,295.0,190.0,39208:62194,4_virtual,294.045902,186.563746
72803,328.0,187.0,62194:13,4_virtual,337.420496,188.10146
19891,261.0,163.0,62194:20988,4_virtual,253.54014,169.247201
50973,248.0,171.0,32:62194,4_virtual,253.54014,169.247201
53012,206.0,146.0,29393:105,4_virtual,204.67574,149.404793
73657,271.0,192.0,62282:11571,4_virtual,266.014574,190.375833
31844,269.0,197.0,29393:11571,4_virtual,264.577206,200.838141
94101,279.0,173.0,17257:99,4_virtual,273.541481,183.542203
63065,292.0,172.0,17257:72974,4_virtual,295.605502,173.922491
78538,316.0,188.0,17257:33193,4_virtual,304.94565,184.788307
92266,222.0,143.0,33:46215,4_virtual,222.970679,147.009677
43106,252.0,201.0,84:46215,4_virtual,250.817193,201.830667
11741,260.0,189.0,71721:46215,4_virtual,266.014574,190.375833
28917,313.0,187.0,88:46215,4_virtual,304.94565,184.788307
43026,238.0,144.0,24227:22,4_virtual,242.392363,134.597826
37171,233.0,155.0,33:24227,4_virtual,233.021946,153.415407
16780,263.0,213.0,24227:84,4_virtual,261.914261,216.256375
96960,275.0,167.0,120:24227,4_virtual,263.170432,177.010396
10647,291.0,223.0,49:24227,4_virtual,285.440157,216.278109
49547,324.0,198.0,88:24227,4_virtual,323.5895,208.748489
36520,258.0,172.0,24227:8318,4_virtual,253.54014,169.247201
6379,277.0,189.0,2505:61317,4_virtual,273.541481,183.542203
10696,348.0,207.0,51864:88032,4_virtual,347.233413,210.050467
3340,270.0,174.0,47136:79123,4_virtual,263.170432,177.010396
83172,243.0,151.0,96699:10382,4_virtual,239.844309,158.206684
59891,236.0,148.0,8318:10382,4_virtual,233.021946,153.415407
76511,185.0,116.0,105:10382,4_virtual,185.207478,118.609685
86740,233.0,160.0,32:10382,4_virtual,232.021775,166.358449
15753,225.0,146.0,65437:10382,4_virtual,222.970679,147.009677
45092,227.0,139.0,95501:10382,4_virtual,222.970679,147.009677
73566,371.0,137.0,47297:92,4_virtual,380.058282,139.488144
88086,243.0,175.0,10891:17830,4_virtual,233.787602,176.484897
23242,275.0,167.0,63962:85283,4_virtual,263.170432,177.010396
51313,199.0,134.0,105:71799,4_virtual,195.118954,131.074943
82584,255.0,206.0,84:71799,4_virtual,255.016972,208.227254
70739,253.0,159.0,27961:72306,4_virtual,250.836714,157.262675
48948,233.0,147.0,96699:43415,4_virtual,233.021946,153.415407
55986,191.0,113.0,91636:43415,4_virtual,185.207478,118.609685
12738,339.0,183.0,46097:1652,4_virtual,340.699551,181.671941
57324,267.0,219.0,94769:84,4_virtual,267.40628,218.259346
9264,216.0,128.0,33426:46451,4_virtual,216.991779,130.219811
36596,265.0,162.0,9048:97884,4_virtual,256.200862,151.74229
43174,247.0,154.0,82369:70227,4_virtual,250.836714,157.262675
42561,272.0,183.0,91564:5,4_virtual,273.541481,183.542203
89529,316.0,193.0,88:91564,4_virtual,304.94565,184.788307
30309,268.0,161.0,120:91564,4_virtual,256.200862,151.74229
66364,277.0,212.0,84:10463,4_virtual,276.735225,213.986068
69115,340.0,123.0,92:10463,4_virtual,374.253031,113.458403
27402,252.0,143.0,22:10463,4_virtual,255.137437,140.235728
90446,349.0,200.0,13:10463,4_virtual,342.238159,205.594444
62742,283.0,189.0,37240:10463,4_virtual,287.394523,193.228916
72204,269.0,171.0,99:10463,4_virtual,263.170432,177.010396
94731,221.0,140.0,105:10463,4_virtual,222.970679,147.009677
55878,274.0,181.0,54467:10463,4_virtual,273.541481,183.542203
89577,289.0,166.0,120:10463,4_virtual,293.251576,166.883131
61780,271.0,155.0,29230:10463,4_virtual,279.5192,149.800834
58216,265.0,183.0,84:29230:10463,4_virtual,263.170432,177.010396
81437,305.0,223.0,49:10463,4_virtual,303.034402,224.469712
7103,315.0,188.0,88:28779,4_virtual,304.94565,184.788307
80507,254.0,202.0,28779:84,4_virtual,253.078613,204.7059
20467,198.0,130.0,105:28779,4_virtual,197.61645,127.353831
57385,243.0,156.0,28779:52467,4_virtual,239.844309,158.206684
95981,274.0,179.0,32:59814,4_virtual,273.541481,183.542203
28658,254.0,143.0,7314:59814,4_virtual,255.137437,140.235728
36423,234.0,157.0,32:74769,4_virtual,233.021946,153.415407
62230,258.0,161.0,74769:5,4_virtual,250.836714,157.262675
87986,255.0,185.0,91224:82886,4_virtual,247.361031,193.392151
27528,320.0,212.0,46097:26364,4_virtual,323.5895,208.748489
87285,261.0,215.0,91442:101,4_virtual,261.914261,216.256375
74952,284.0,212.0,49:99724,4_virtual,283.720998,215.043212
43180,261.0,169.0,79123:99724,4_virtual,253.54014,169.247201
30779,329.0,189.0,99724:13,4_virtual,337.420496,188.10146
48500,273.0,151.0,120:12504,4_virtual,279.5192,149.800834
58609,220.0,139.0,33:34854,4_virtual,213.368771,138.99126
62482,194.0,125.0,105:34854,4_virtual,194.916052,125.424975
5871,273.0,157.0,4529:59374,4_virtual,279.5192,149.800834
17819,225.0,152.0,32:16211,4_virtual,220.826276,151.866765
99109,203.0,122.0,33:16211,4_virtual,198.865557,118.312894
18377,255.0,158.0,90810:26930,4_virtual,250.836714,157.262675
69859,235.0,141.0,14505:6780:19327,4_virtual,242.392363,134.597826
86753,243.0,144.0,21088:47113,4_virtual,248.337786,138.117243
48678,254.0,163.0,99:81379,4_virtual,253.54014,169.247201
5504,231.0,147.0,33:81379,4_virtual,233.021946,153.415407
50619,322.0,190.0,88:81379,4_virtual,337.420496,188.10146
41414,305.0,179.0,56282:83836,4_virtual,304.882234,179.464997
33509,356.0,179.0,51024:64698,4_virtual,344.59524,175.541663
37373,292.0,169.0,64288:15637,4_virtual,293.251576,166.883131
36553,282.0,171.0,64288:13702,4_virtual,293.251576,166.883131
37884,261.0,145.0,64288:98786,4_virtual,259.065212,147.523883
47155,276.0,173.0,79123:92463,4_virtual,273.541481,183.542203
30575,242.0,148.0,33:92463,4_virtual,239.844309,158.206684
81129,243.0,152.0,21057:33,4_virtual,239.844309,158.206684
22140,216.0,134.0,105:92463,4_virtual,216.991779,130.219811
39945,291.0,175.0,21057:92463,4_virtual,295.605502,173.922491
28779,355.0,203.0,48785:13,4_virtual,347.233413,210.050467
33009,188.0,121.0,105:71703,4_virtual,185.207478,118.609685
79273,272.0,204.0,49:71703,4_virtual,268.561728,205.911047
73756,308.0,104.0,92:71703,4_virtual,278.801649,146.349755
28383,284.0,165.0,120:8135,4_virtual,293.251576,166.883131
67920,335.0,122.0,92:8135,4_virtual,374.253031,113.458403
17936,257.0,147.0,120:71703,4_virtual,259.065212,147.523883
37209,255.0,155.0,13568:8135,4_virtual,256.200862,151.74229
67590,231.0,140.0,91636:8135,4_virtual,222.970679,147.009677
86406,262.0,163.0,71703:8135,4_virtual,253.54014,169.247201
86682,185.0,115.0,105:97643,4_virtual,185.207478,118.609685
11723,233.0,146.0,50432:8318,4_virtual,233.021946,153.415407
66803,230.0,158.0,32:50432,4_virtual,233.021946,153.415407
2832,254.0,162.0,50432:5,4_virtual,250.836714,157.262675
52780,273.0,163.0,120:16467,4_virtual,279.5192,149.800834
86077,261.0,201.0,71681:84,4_virtual,261.770066,199.201212
52223,322.0,186.0,88:71681,4_virtual,337.420496,188.10146
75596,347.0,204.0,30939:21220,4_virtual,342.238159,205.594444
13200,277.0,165.0,7504:120,4_virtual,284.986256,152.807715
44213,235.0,153.0,7504:33,4_virtual,233.021946,153.415407
80306,195.0,121.0,105:58724,4_virtual,194.916052,125.424975
83208,273.0,161.0,64288:45722,4_virtual,279.5192,149.800834
33940,212.0,128.0,64288:105,4_virtual,216.991779,130.219811
14659,325.0,197.0,83208:88,4_virtual,323.5895,208.748489
24265,257.0,170.0,83208:99,4_virtual,253.54014,169.247201
2643,280.0,163.0,86427:98111,4_virtual,284.986256,152.807715
62486,253.0,144.0,86427:70717,4_virtual,255.137437,140.235728
40490,224.0,132.0,20297:59158,4_virtual,216.991779,130.219811
99828,243.0,155.0,75537:43677,4_virtual,239.844309,158.206684
62093,247.0,149.0,75537:27778,4_virtual,250.836714,157.262675
99811,250.0,143.0,75537:22,4_virtual,248.337786,138.117243
25749,267.0,170.0,75537:99,4_virtual,263.170432,177.010396
86400,260.0,150.0,14184:22,4_virtual,259.065212,147.523883
42628,262.0,163.0,14184:10333,4_virtual,253.54014,169.247201
93047,305.0,190.0,14184:75537,4_virtual,302.353193,188.696934
83755,252.0,156.0,75537:10333,4_virtual,250.836714,157.262675
84518,200.0,126.0,105:51102,4_virtual,197.61645,127.353831
24942,252.0,152.0,23449:51102,4_virtual,256.200862,151.74229
74436,264.0,160.0,23968:51102,4_virtual,256.200862,151.74229
56762,260.0,176.0,79723:5,4_virtual,263.170432,177.010396
7570,217.0,136.0,54272:79723,4_virtual,213.368771,138.99126
79988,188.0,128.0,105:79723,4_virtual,194.916052,125.424975
63271,286.0,208.0,19000:71317,4_virtual,288.446353,211.872477
91737,266.0,185.0,71317:29230,4_virtual,266.014574,190.375833
68500,258.0,164.0,19000:30827,4_virtual,253.54014,169.247201
64630,261.0,157.0,73484:29230,4_virtual,256.200862,151.74229
37988,236.0,171.0,32:30827,4_virtual,234.422616,166.5628
10375,201.0,120.0,27006:93990,4_virtual,198.865557,118.312894
6974,261.0,158.0,64288:99,4_virtual,256.200862,151.74229
79854,283.0,165.0,64288:5230,4_virtual,293.251576,166.883131
40121,231.0,153.0,75755:41318,4_virtual,233.021946,153.415407
36947,264.0,166.0,70233:75755,4_virtual,253.54014,169.247201
61790,211.0,140.0,47408:105,4_virtual,211.594265,141.393216
94180,255.0,169.0,75755:42740,4_virtual,253.54014,169.247201
99496,205.0,138.0,105:75755,4_virtual,211.594265,141.393216
14720,267.0,173.0,47408:59692,4_virtual,263.170432,177.010396
67660,213.0,137.0,17274:39003,4_virtual,213.368771,138.99126
75521,219.0,133.0,74867:39003,4_virtual,216.991779,130.219811
78331,218.0,139.0,66563:39003,4_virtual,213.368771,138.99126
74810,272.0,163.0,120:93282,4_virtual,279.5192,149.800834
18118,321.0,195.0,88:93282,4_virtual,323.5895,208.748489
27732,274.0,174.0,93282:5230,4_virtual,273.541481,183.542203
11378,244.0,156.0,105:72827,4_virtual,239.844309,158.206684
89166,292.0,186.0,99:72827,4_virtual,294.045902,186.563746
21052,363.0,139.0,72827:92,4_virtual,375.613182,149.886502
17231,275.0,159.0,72827:22,4_virtual,279.5192,149.800834
5040,331.0,189.0,95707:13,4_virtual,337.420496,188.10146
95809,251.0,173.0,32:95707,4_virtual,253.54014,169.247201
15562,284.0,181.0,9048:95707,4_virtual,273.541481,183.542203
57709,249.0,153.0,40585:95707,4_virtual,250.836714,157.262675
22372,251.0,160.0,99:95707,4_virtual,250.836714,157.262675
88651,254.0,142.0,48957:22,4_virtual,255.137437,140.235728
41247,313.0,207.0,24512:23254,4_virtual,309.788537,205.727901
20284,251.0,160.0,86628:43670,4_virtual,250.836714,157.262675
62255,315.0,179.0,76056:87177,4_virtual,306.077556,181.726417
54991,242.0,143.0,22:47991,4_virtual,248.337786,138.117243
9354,327.0,197.0,88:47991,4_virtual,337.034725,194.273799
67788,247.0,167.0,70433:99,4_virtual,244.948061,162.320933
65700,283.0,219.0,70433:49,4_virtual,279.811783,220.553072
69396,327.0,196.0,70433:13,4_virtual,337.034725,194.273799
24879,286.0,218.0,86400:52367,4_virtual,285.440157,216.278109
11136,257.0,213.0,43521:84,4_virtual,257.143707,211.297404
51886,330.0,201.0,43521:13,4_virtual,339.156466,200.381842
95943,285.0,224.0,43521:49,4_virtual,281.103199,222.600773
58675,344.0,210.0,72906:13,4_virtual,341.921345,209.633834
58545,273.0,196.0,18533:57511,4_virtual,266.014574,190.375833
5229,217.0,146.0,105:82013,4_virtual,222.970679,147.009677
82111,312.0,193.0,63110:27439,4_virtual,302.353193,188.696934
54698,258.0,203.0,49:39354,4_virtual,253.078613,204.7059
94895,231.0,159.0,39354:77956,4_virtual,233.021946,153.415407
54307,223.0,151.0,39354:99,4_virtual,220.826276,151.866765
99377,285.0,176.0,68417:53203,4_virtual,295.605502,173.922491
6024,340.0,203.0,97650:13,4_virtual,339.156466,200.381842
77177,190.0,130.0,43677:54471,4_virtual,195.118954,131.074943
33301,268.0,204.0,94832:32,4_virtual,268.561728,205.911047
89026,348.0,220.0,94832:13,4_virtual,346.41377,220.500919
78281,272.0,200.0,56494:93095,4_virtual,265.933747,202.618602
60179,274.0,195.0,57836:56140,4_virtual,266.014574,190.375833
94704,288.0,188.0,54269:5789,4_virtual,287.394523,193.228916
19584,291.0,184.0,9048:8677,4_virtual,294.045902,186.563746
39023,338.0,192.0,13:8677,4_virtual,337.034725,194.273799
69420,232.0,164.0,33:38333,5_virtual,232.021775,166.358449
98618,246.0,180.0,38333:94142,5_virtual,239.105846,185.930734
32840,293.0,219.0,38333:64102,5_virtual,294.565218,214.523345
85775,254.0,194.0,32:38333,5_virtual,253.234912,196.646599
34198,262.0,207.0,60880:75226,5_virtual,264.143375,205.369254
42203,334.0,209.0,13:38333,5_virtual,335.463536,209.477597
80286,290.0,232.0,49:38333,5_virtual,284.216445,236.64476
69818,280.0,175.0,59048:25405,5_virtual,273.541481,183.542203
23378,286.0,205.0,25635:40323,5_virtual,292.873077,204.893878
68396,265.0,166.0,93713:33,5_virtual,263.170432,177.010396
52698,293.0,186.0,83784:25635,5_virtual,294.045902,186.563746
65781,301.0,196.0,29056:98830,5_virtual,299.242245,195.277785
19818,284.0,183.0,93713:81693,5_virtual,273.541481,183.542203
81000,301.0,196.0,93713:25635,5_virtual,299.242245,195.277785
38493,267.0,186.0,29056:25635,5_virtual,266.014574,190.375833
57640,283.0,239.0,49:35079,5_virtual,284.216445,236.64476
50858,279.0,202.0,39976:8522,5_virtual,271.616588,208.929101
43630,262.0,188.0,39976:98215,5_virtual,266.014574,190.375833
13063,253.0,202.0,7763:35079,5_virtual,250.817193,201.830667
81433,248.0,164.0,5154:15622,5_virtual,244.948061,162.320933
54215,266.0,211.0,84:44941,5_virtual,261.235835,210.021317
30300,245.0,171.0,33:63821,5_virtual,244.948061,162.320933
22741,287.0,183.0,120:63821,5_virtual,294.045902,186.563746
44234,274.0,189.0,2299:63821,5_virtual,273.541481,183.542203
28788,325.0,196.0,88:13533,5_virtual,337.034725,194.273799
18320,231.0,153.0,33:36727,5_virtual,233.021946,153.415407
39574,334.0,199.0,13:36727,5_virtual,339.156466,200.381842
92530,231.0,175.0,33:28757,5_virtual,233.787602,176.484897
50868,205.0,161.0,105:28757,5_virtual,208.664134,160.582146
45159,333.0,220.0,28757:13,5_virtual,335.463536,209.477597
26165,246.0,174.0,57650:36727,5_virtual,253.54014,169.247201
23152,267.0,207.0,78115:28757:36727,5_virtual,268.561728,205.911047
15223,277.0,176.0,61107:36727,5_virtual,273.541481,183.542203
46858,276.0,198.0,61107:28757,5_virtual,268.561728,205.911047
2978,274.0,192.0,78115:61107,5_virtual,266.014574,190.375833
53059,277.0,161.0,34992:120,5_virtual,284.986256,152.807715
4832,295.0,184.0,49777:4319,5_virtual,294.045902,186.563746
69384,315.0,182.0,11555:13,5_virtual,306.077556,181.726417
5429,300.0,187.0,49777:30620,5_virtual,302.353193,188.696934
96669,303.0,180.0,88:11555,5_virtual,304.882234,179.464997
6027,268.0,179.0,52171:59019,5_virtual,263.170432,177.010396
76093,243.0,164.0,46187:13663,5_virtual,244.948061,162.320933
99658,263.0,143.0,59780:38405,5_virtual,262.142103,140.679926
21815,270.0,164.0,72974:9151,5_virtual,263.170432,177.010396
91414,269.0,173.0,79123:9151,5_virtual,263.170432,177.010396
35022,260.0,174.0,32:25593,5_virtual,263.170432,177.010396
78683,304.0,178.0,88:17914,5_virtual,302.782344,177.268189
96613,243.0,192.0,17914:84,5_virtual,240.375874,190.296456
72501,197.0,122.0,105:44843,5_virtual,194.916052,125.424975
58552,213.0,124.0,44843:91636,5_virtual,216.991779,130.219811
92982,218.0,129.0,44843:5135,5_virtual,216.991779,130.219811
86406,241.0,161.0,17856:32,5_virtual,239.844309,158.206684
26619,354.0,206.0,4313:46555,5_virtual,347.233413,210.050467
38971,295.0,197.0,4650:95,5_virtual,295.831338,199.530488
93057,328.0,234.0,76480:49,5_virtual,326.68936,238.011887
81337,275.0,169.0,47128:41725,5_virtual,263.170432,177.010396
66767,356.0,153.0,45161:94506,5_virtual,356.323282,163.797879
32211,360.0,191.0,94506:31635,5_virtual,367.109121,189.263226
99649,297.0,166.0,94506:99,5_virtual,293.251576,166.883131
8893,311.0,189.0,74700:76837,5_virtual,304.94565,184.788307
69322,251.0,173.0,32:76837,5_virtual,253.54014,169.247201
80047,228.0,143.0,33:76837,5_virtual,222.970679,147.009677
93719,339.0,194.0,89923:13,5_virtual,337.034725,194.273799
33306,236.0,148.0,33:89923,5_virtual,233.021946,153.415407
15803,266.0,206.0,89923:84,5_virtual,264.143375,205.369254
91357,294.0,217.0,49:89923,5_virtual,294.565218,214.523345
59957,242.0,137.0,89923:22,5_virtual,242.392363,134.597826
38825,330.0,117.0,89923:92,5_virtual,372.903625,107.028884
3871,219.0,130.0,33:78658,5_virtual,216.991779,130.219811
83560,339.0,196.0,48785:85035,5_virtual,337.034725,194.273799
43442,306.0,180.0,29110:21367,5_virtual,304.882234,179.464997
71140,270.0,140.0,22:21367,5_virtual,269.222541,140.679926
14629,241.0,152.0,33:45047,5_virtual,239.844309,158.206684
39254,284.0,164.0,120:45047,5_virtual,292.511771,160.224882
79161,304.0,198.0,65098:56150,5_virtual,299.242245,195.277785
10870,277.0,183.0,68993:78346,5_virtual,273.541481,183.542203
53735,300.0,176.0,88:41950,5_virtual,298.582565,174.489873
74686,223.0,135.0,13568:41950,5_virtual,216.991779,130.219811
52598,214.0,122.0,41950:22,5_virtual,211.571835,116.146512
72786,262.0,157.0,57354:79429,5_virtual,256.200862,151.74229
65315,203.0,128.0,105:79429,5_virtual,197.61645,127.353831
68296,219.0,130.0,91636:79429,5_virtual,216.991779,130.219811
77836,265.0,170.0,86394:51407,5_virtual,263.170432,177.010396
76875,320.0,179.0,13:14782,5_virtual,306.077556,181.726417
38053,275.0,202.0,49:14782,5_virtual,268.561728,205.911047
83361,240.0,164.0,32:14782,5_virtual,244.948061,162.320933
54770,240.0,150.0,99:14782,5_virtual,233.021946,153.415407
80984,223.0,123.0,14782:22,5_virtual,221.105013,119.973451
39655,229.0,149.0,96372:14782,5_virtual,233.021946,153.415407
97054,311.0,103.0,92:14782,5_virtual,278.801649,146.349755
73993,252.0,119.0,105:97678,5_virtual,243.600032,117.70873
70006,259.0,164.0,35396:80717,5_virtual,253.54014,169.247201
65714,307.0,174.0,86470:83375,5_virtual,302.782344,177.268189
58486,254.0,142.0,4323:22,5_virtual,255.137437,140.235728
63927,283.0,168.0,4323:72974,5_virtual,293.251576,166.883131
37585,292.0,182.0,4323:13702,5_virtual,294.045902,186.563746
45876,303.0,189.0,10826:10077,5_virtual,302.353193,188.696934
95519,333.0,126.0,65394:70802,5_virtual,349.636582,164.698011
2905,228.0,141.0,92842:99,5_virtual,222.970679,147.009677
14553,234.0,139.0,89345:13003,5_virtual,242.392363,134.597826
54179,270.0,177.0,99:34367,5_virtual,263.170432,177.010396
85074,232.0,144.0,29376:99,5_virtual,233.021946,153.415407
47457,350.0,206.0,13:34367,5_virtual,347.233413,210.050467
35592,300.0,175.0,88344:34367,5_virtual,298.582565,174.489873
54872,144.0,94.0,29376:96,5_virtual,142.813712,97.329134
84144,312.0,173.0,29376:13,5_virtual,304.882234,179.464997
43537,340.0,190.0,59823:34367,5_virtual,337.420496,188.10146
58797,326.0,166.0,90040:34367,5_virtual,344.59524,175.541663
82388,291.0,190.0,13702:34367,5_virtual,294.045902,186.563746
15985,277.0,219.0,84:34367,5_virtual,276.953019,219.280629
35800,240.0,185.0,29376:84,5_virtual,239.105846,185.930734
99546,319.0,185.0,61295:34367,5_virtual,306.077556,181.726417
25466,263.0,163.0,29376:34367,5_virtual,253.54014,169.247201
12619,312.0,192.0,84753:34367,5_virtual,304.94565,184.788307
80904,258.0,152.0,54272:68763,5_virtual,256.200862,151.74229
7829,285.0,215.0,68763:84,5_virtual,283.720998,215.043212
5268,303.0,173.0,68763:83375,5_virtual,302.782344,177.268189
65955,260.0,146.0,68763:22,5_virtual,259.065212,147.523883
20583,297.0,169.0,120:68763,5_virtual,293.251576,166.883131
4893,357.0,203.0,68763:13,5_virtual,362.971623,211.452847
24974,207.0,145.0,105:17095,5_virtual,210.584473,143.939215
81955,263.0,217.0,84:17095,5_virtual,261.914261,216.256375
66460,256.0,189.0,32:17095,5_virtual,253.234912,196.646599
99077,271.0,205.0,71721:17095,5_virtual,268.561728,205.911047
96441,329.0,194.0,88:12830,5_virtual,337.034725,194.273799
69147,270.0,177.0,11505:25996,5_virtual,263.170432,177.010396
31820,271.0,157.0,97261:49509,5_virtual,279.5192,149.800834
21024,229.0,154.0,81412:95247,5_virtual,233.021946,153.415407
29958,286.0,175.0,65505:95,5_virtual,295.605502,173.922491
4691,255.0,148.0,65505:57354,5_virtual,256.200862,151.74229
87786,291.0,219.0,49:41172,5_virtual,294.565218,214.523345
19260,259.0,162.0,23449:41172,5_virtual,253.54014,169.247201
78455,311.0,189.0,41172:13350,5_virtual,304.94565,184.788307
5376,225.0,145.0,33:19965,5_virtual,222.970679,147.009677
5081,356.0,223.0,46097:13,5_virtual,346.41377,220.500919
81013,205.0,147.0,105:31844,5_virtual,204.67574,149.404793
55844,272.0,191.0,62282:31844,5_virtual,266.014574,190.375833
52328,310.0,188.0,63065:39006,5_virtual,304.94565,184.788307
40116,253.0,156.0,33:28917,5_virtual,250.836714,157.262675
27850,283.0,214.0,84:28917,5_virtual,283.720998,215.043212
48504,291.0,202.0,71721:28917,5_virtual,292.873077,204.893878
43178,216.0,134.0,33:43026,5_virtual,216.991779,130.219811
12731,258.0,146.0,120:43026,5_virtual,259.065212,147.523883
42193,289.0,219.0,49547:84,5_virtual,285.440157,216.278109
45421,245.0,163.0,36520:37171,5_virtual,244.948061,162.320933
58899,198.0,151.0,82584:105,5_virtual,200.588866,148.173807
53696,228.0,191.0,55875:84,5_virtual,227.235674,189.679284
43347,244.0,169.0,2894:17095,5_virtual,244.948061,162.320933
53998,238.0,167.0,55875:17095,5_virtual,234.422616,166.5628
6253,207.0,123.0,9264:97115,5_virtual,211.571835,116.146512
42870,311.0,190.0,88:70227,5_virtual,304.94565,184.788307
94679,277.0,177.0,5:30309,5_virtual,273.541481,183.542203
41315,322.0,186.0,88:30309,5_virtual,337.420496,188.10146
45559,279.0,232.0,84:81437,5_virtual,277.164871,234.213182
4494,276.0,203.0,64881:81437,5_virtual,271.616588,208.929101
83955,255.0,163.0,81437:22,5_virtual,253.54014,169.247201
61243,343.0,143.0,92:81437,5_virtual,349.636582,164.698011
80065,352.0,219.0,81437:13,5_virtual,346.41377,220.500919
99510,272.0,190.0,99:81437,5_virtual,266.014574,190.375833
57587,285.0,209.0,37240:81437,5_virtual,288.446353,211.872477
13325,223.0,160.0,105:81437,5_virtual,218.561262,155.067329
84002,277.0,201.0,54467:81437,5_virtual,271.616588,208.929101
91746,221.0,154.0,64881:33,5_virtual,220.826276,151.866765
50409,292.0,186.0,120:81437,5_virtual,294.045902,186.563746
88007,249.0,174.0,33:81437,5_virtual,253.54014,169.247201
80648,249.0,177.0,33:64881:81437,5_virtual,253.54014,169.247201
92635,309.0,184.0,88:57385,5_virtual,306.077556,181.726417
36798,248.0,198.0,57385:84,5_virtual,246.268762,200.090895
64528,192.0,126.0,57385:105,5_virtual,194.916052,125.424975
9749,246.0,164.0,32:28658,5_virtual,244.948061,162.320933
8065,246.0,159.0,62230:36423,5_virtual,244.948061,162.320933
55636,207.0,132.0,58609:62482,5_virtual,213.368771,138.99126
31948,281.0,167.0,65263:5871,5_virtual,293.251576,166.883131
16338,273.0,155.0,22578:5871,5_virtual,279.5192,149.800834
14020,248.0,152.0,29230:74831,5_virtual,250.836714,157.262675
47791,221.0,153.0,32:99109,5_virtual,220.826276,151.866765
72650,280.0,174.0,99:50619,5_virtual,273.541481,183.542203
4818,281.0,162.0,37884:15637,5_virtual,284.986256,152.807715
69555,271.0,164.0,37884:13702,5_virtual,263.170432,177.010396
81331,201.0,121.0,105:37884,5_virtual,198.865557,118.312894
68687,242.0,150.0,39945:33,5_virtual,239.844309,158.206684
53730,277.0,175.0,39945:79123,5_virtual,273.541481,183.542203
15412,216.0,136.0,39945:105,5_virtual,213.368771,138.99126
17413,286.0,212.0,49:86406,5_virtual,288.446353,211.872477
87055,202.0,130.0,105:86406,5_virtual,197.61645,127.353831
27099,321.0,113.0,92:86406,5_virtual,367.823512,93.376079
51456,270.0,156.0,120:86406,5_virtual,279.5192,149.800834
31910,242.0,146.0,13568:86406,5_virtual,248.337786,138.117243
9318,218.0,131.0,91636:86406,5_virtual,216.991779,130.219811
4271,250.0,174.0,32:86406,5_virtual,253.54014,169.247201
87886,288.0,213.0,84:52223,5_virtual,288.446353,211.872477
95445,256.0,159.0,13200:44213,5_virtual,250.836714,157.262675
25172,266.0,153.0,2643:62486,5_virtual,259.065212,147.523883
49872,221.0,141.0,83755:43677,5_virtual,222.970679,147.009677
31883,225.0,135.0,27778:83755,5_virtual,216.991779,130.219811
33001,228.0,129.0,83755:22,5_virtual,231.048222,125.269662
94115,245.0,157.0,99:83755,5_virtual,239.844309,158.206684
69532,255.0,146.0,22:93047,5_virtual,259.065212,147.523883
30002,278.0,173.0,83755:93047,5_virtual,273.541481,183.542203
21652,203.0,128.0,105:74436,5_virtual,197.61645,127.353831
17882,243.0,145.0,13568:74436,5_virtual,248.337786,138.117243
36683,255.0,154.0,23449:74436,5_virtual,256.200862,151.74229
44852,194.0,121.0,54272:79988,5_virtual,194.916052,125.424975
88257,204.0,135.0,14720:105,5_virtual,195.118954,131.074943
62515,257.0,158.0,99:17231,5_virtual,250.836714,157.262675
62509,208.0,128.0,105:17231,5_virtual,216.991779,130.219811
49173,328.0,111.0,92:17231,5_virtual,367.823512,93.376079
84669,325.0,188.0,22372:13,5_virtual,337.420496,188.10146
27199,245.0,172.0,32:22372,5_virtual,253.54014,169.247201
43076,278.0,180.0,9048:22372,5_virtual,273.541481,183.542203
41583,291.0,174.0,5040:22372,5_virtual,295.605502,173.922491
18030,280.0,211.0,49:22372,5_virtual,280.748847,214.235562
79653,250.0,156.0,22372:57709,5_virtual,250.836714,157.262675
90701,245.0,159.0,99:20284,5_virtual,244.948061,162.320933
30570,321.0,187.0,49497:77946,5_virtual,306.077556,181.726417
18964,266.0,150.0,9354:22,5_virtual,259.065212,147.523883
31274,247.0,152.0,105:27439,5_virtual,250.836714,157.262675
36099,311.0,215.0,5:48335,5_virtual,307.61367,210.781147
69627,312.0,220.0,42203:80286,6_virtual,303.920712,217.52695
18442,290.0,194.0,98618:42203,6_virtual,287.394523,193.228916
59026,283.0,186.0,42203:69420,6_virtual,287.394523,193.228916
6433,264.0,208.0,32:80286,6_virtual,264.143375,205.369254
77537,287.0,205.0,40323:38493,6_virtual,292.873077,204.893878
7920,247.0,160.0,81000:33,6_virtual,244.948061,162.320933
23190,294.0,187.0,83784:38493,6_virtual,294.045902,186.563746
25929,300.0,195.0,38493:98830,6_virtual,299.242245,195.277785
27857,266.0,178.0,81000:81693,6_virtual,263.170432,177.010396
24630,284.0,191.0,81000:38493,6_virtual,287.394523,193.228916
67539,259.0,190.0,32:47180,6_virtual,259.505678,196.964106
24117,264.0,199.0,49:13063,6_virtual,264.577206,200.838141
55145,235.0,150.0,33:15223,6_virtual,233.021946,153.415407
36978,209.0,136.0,105:15223,6_virtual,213.368771,138.99126
74451,338.0,196.0,13:15223,6_virtual,337.034725,194.273799
41826,261.0,159.0,33:46858,6_virtual,256.200862,151.74229
33729,235.0,145.0,105:46858,6_virtual,233.021946,153.415407
49301,364.0,204.0,46858:13,6_virtual,362.971623,211.452847
79910,250.0,171.0,57650:15223,6_virtual,253.54014,169.247201
55040,272.0,178.0,43303:15223,6_virtual,273.541481,183.542203
86853,293.0,187.0,2978:46858:15223,6_virtual,294.045902,186.563746
12034,277.0,200.0,51552:53059,6_virtual,268.561728,205.911047
33549,272.0,172.0,49777:90669,6_virtual,263.170432,177.010396
97086,269.0,161.0,120:35022,6_virtual,279.5192,149.800834
71451,295.0,150.0,33989:67023,6_virtual,289.701592,155.541243
50930,273.0,189.0,84:67023,6_virtual,273.541481,183.542203
40261,253.0,163.0,7897:7858,6_virtual,250.836714,157.262675
75277,309.0,205.0,51531:30620,6_virtual,309.788537,205.727901
28091,358.0,172.0,32211:66767,6_virtual,356.323282,163.797879
82052,364.0,166.0,38825:13,6_virtual,360.502469,163.990764
52783,262.0,121.0,38825:33,6_virtual,243.600032,117.70873
52183,320.0,189.0,38825:49,6_virtual,304.94565,184.788307
31508,292.0,179.0,38825:84,6_virtual,295.605502,173.922491
91953,267.0,110.0,38825:22,6_virtual,243.600032,117.70873
32575,288.0,160.0,43442:71140,6_virtual,292.511771,160.224882
78904,262.0,158.0,14629:39254,6_virtual,256.200862,151.74229
25945,282.0,188.0,5:10870,6_virtual,287.394523,193.228916
65450,208.0,132.0,7817:79929,6_virtual,213.368771,138.99126
50344,319.0,183.0,54770:13,6_virtual,306.077556,181.726417
77194,231.0,143.0,80984:83361,6_virtual,222.970679,147.009677
23490,275.0,175.0,99:12619,6_virtual,273.541481,183.542203
92750,251.0,160.0,25466:99,6_virtual,250.836714,157.262675
58875,355.0,204.0,12619:13,6_virtual,347.233413,210.050467
66464,306.0,173.0,88344:12619,6_virtual,302.782344,177.268189
13643,162.0,111.0,96:25466,6_virtual,169.370486,116.34701
27134,331.0,189.0,25466:13,6_virtual,337.420496,188.10146
17048,346.0,187.0,12619:59823,6_virtual,340.699551,181.671941
11571,332.0,163.0,90040:12619,6_virtual,347.193365,169.198675
80253,283.0,216.0,12619:84,6_virtual,283.720998,215.043212
20204,296.0,187.0,12619:13702,6_virtual,294.045902,186.563746
51541,324.0,183.0,12619:61295,6_virtual,337.420496,188.10146
45797,258.0,202.0,25466:84,6_virtual,261.770066,199.201212
91486,287.0,177.0,25466:12619,6_virtual,295.605502,173.922491
88911,280.0,162.0,80904:5268,6_virtual,284.986256,152.807715
19041,317.0,201.0,5081:70508,6_virtual,309.788537,205.727901
72693,226.0,135.0,33:12731,6_virtual,216.991779,130.219811
73944,250.0,178.0,43026:16780,6_virtual,253.54014,169.247201
36186,246.0,204.0,84:53998,6_virtual,248.309855,201.032938
20353,238.0,176.0,32:53998,6_virtual,233.787602,176.484897
30350,226.0,156.0,2894:53998,6_virtual,220.826276,151.866765
94900,205.0,121.0,33426:6253,6_virtual,198.865557,118.312894
22959,299.0,181.0,41315:94679,6_virtual,298.542306,180.289302
29289,273.0,213.0,50409:84,6_virtual,271.998577,212.799359
89149,352.0,219.0,13:81437,6_virtual,346.41377,220.500919
88692,269.0,192.0,37240:99510,6_virtual,266.014574,190.375833
27976,270.0,184.0,50409:64881,6_virtual,273.541481,183.542203
2722,204.0,140.0,64528:96372,6_virtual,210.584473,143.939215
12912,277.0,161.0,16338:31948,6_virtual,284.986256,152.807715
21188,274.0,171.0,72650:81379,6_virtual,263.170432,177.010396
29983,234.0,150.0,30002:43677,6_virtual,233.021946,153.415407
3317,241.0,138.0,30002:22,6_virtual,242.392363,134.597826
8091,258.0,165.0,30002:99,6_virtual,253.54014,169.247201
48558,238.0,144.0,27778:30002,6_virtual,242.392363,134.597826
68694,338.0,194.0,30002:13,6_virtual,337.034725,194.273799
57246,230.0,148.0,7570:8318,6_virtual,233.021946,153.415407
85272,214.0,152.0,105:63271,6_virtual,210.732191,148.124568
64657,210.0,136.0,66563:67660,6_virtual,213.368771,138.99126
9493,213.0,137.0,66563:78331,6_virtual,213.368771,138.99126
34169,244.0,170.0,32:79653,6_virtual,244.948061,162.320933
41310,324.0,186.0,13:79653,6_virtual,337.420496,188.10146
94141,277.0,178.0,9048:79653,6_virtual,273.541481,183.542203
36756,280.0,209.0,49:79653,6_virtual,280.748847,214.235562
37650,290.0,172.0,5040:79653,6_virtual,295.605502,173.922491
39998,295.0,208.0,40323:24630,7_virtual,292.873077,204.893878
40001,239.0,158.0,33:24630,7_virtual,239.844309,158.206684
92424,302.0,189.0,83784:24630,7_virtual,302.353193,188.696934
52903,251.0,166.0,28862:24630,7_virtual,253.54014,169.247201
33533,309.0,198.0,24630:98830,7_virtual,309.788537,205.727901
25573,257.0,175.0,81693:24630,7_virtual,263.170432,177.010396
88207,217.0,142.0,105:86853,7_virtual,213.368771,138.99126
13286,346.0,201.0,13:86853,7_virtual,342.238159,205.594444
53359,286.0,168.0,120:86853,7_virtual,293.251576,166.883131
27776,332.0,206.0,3069:86853,7_virtual,335.463536,209.477597
73248,309.0,199.0,76739:86853,7_virtual,309.788537,205.727901
89986,258.0,176.0,57650:86853,7_virtual,263.170432,177.010396
53732,280.0,184.0,86853:43303,7_virtual,273.541481,183.542203
83644,245.0,169.0,26101:86853,7_virtual,244.948061,162.320933
3596,263.0,170.0,60450:86853,7_virtual,263.170432,177.010396
7246,243.0,156.0,33:86853,7_virtual,239.844309,158.206684
26823,309.0,196.0,12728:2422,7_virtual,309.788537,205.727901
46007,348.0,204.0,73032:93057,7_virtual,342.238159,205.594444
62020,320.0,189.0,49:38825,7_virtual,304.94565,184.788307
96234,359.0,202.0,13:52183,7_virtual,362.971623,211.452847
67575,250.0,174.0,32:54390,7_virtual,253.54014,169.247201
22793,337.0,209.0,13:38053,7_virtual,335.463536,209.477597
90872,343.0,196.0,13:91486,7_virtual,339.156466,200.381842
33874,270.0,209.0,84:91486,7_virtual,271.616588,208.929101
49148,293.0,165.0,88344:91486,7_virtual,293.251576,166.883131
95403,263.0,181.0,32:91486,7_virtual,263.170432,177.010396
8748,174.0,118.0,96:91486,7_virtual,169.370486,116.34701
98353,333.0,180.0,91486:59823,7_virtual,340.699551,181.671941
97821,284.0,180.0,13702:91486,7_virtual,273.541481,183.542203
24797,319.0,156.0,90040:91486,7_virtual,302.782344,177.268189
52403,272.0,223.0,101:91486,7_virtual,270.507656,222.10376
19540,312.0,175.0,91486:61295,7_virtual,304.882234,179.464997
57369,263.0,167.0,99:91486,7_virtual,253.54014,169.247201
83843,263.0,243.0,71721:101,7_virtual,259.282055,236.453814
24648,242.0,190.0,20353:36186,7_virtual,240.375874,190.296456
24190,326.0,194.0,88:94679,7_virtual,337.034725,194.273799
33328,210.0,122.0,9982:81383,7_virtual,211.571835,116.146512
54818,216.0,132.0,3317:43677,7_virtual,216.991779,130.219811
6369,250.0,155.0,8091:22,7_virtual,250.836714,157.262675
71362,302.0,235.0,49:8091,7_virtual,304.06843,229.590614
87128,347.0,212.0,8091:13,7_virtual,347.233413,210.050467
63451,204.0,138.0,85272:33,7_virtual,211.594265,141.393216
22006,192.0,126.0,105:7246,8_virtual,194.916052,125.424975
85989,321.0,186.0,13:7246,8_virtual,306.077556,181.726417
16850,261.0,152.0,120:7246,8_virtual,256.200862,151.74229
52476,307.0,191.0,3069:7246,8_virtual,302.353193,188.696934
22756,284.0,184.0,76739:7246,8_virtual,287.394523,193.228916
8994,255.0,168.0,7246:43303,8_virtual,253.54014,169.247201
74425,233.0,161.0,57650:7246,8_virtual,232.021775,166.358449
17474,238.0,154.0,60450:7246,8_virtual,239.844309,158.206684
30517,220.0,154.0,26101:7246,8_virtual,218.561262,155.067329
79207,275.0,181.0,10889:12034,8_virtual,273.541481,183.542203
51109,284.0,169.0,50930:71451,8_virtual,293.251576,166.883131
87986,288.0,179.0,22793:54770,8_virtual,295.605502,173.922491
70614,331.0,191.0,57369:13,8_virtual,337.034725,194.273799
66009,258.0,204.0,57369:84,8_virtual,253.078613,204.7059
8806,281.0,160.0,88344:57369,8_virtual,284.986256,152.807715
34516,251.0,176.0,32:57369,8_virtual,253.54014,169.247201
84111,162.0,113.0,96:57369,8_virtual,169.370486,116.34701
27408,321.0,175.0,57369:59823,8_virtual,306.077556,181.726417
33113,272.0,175.0,57369:13702,8_virtual,273.541481,183.542203
65684,307.0,151.0,90040:57369,8_virtual,292.511771,160.224882
99204,260.0,218.0,57369:101,8_virtual,261.914261,216.256375
11093,300.0,170.0,57369:61295,8_virtual,298.582565,174.489873
90711,218.0,140.0,30660:90301,8_virtual,213.368771,138.99126
10278,303.0,162.0,27099:17413,8_virtual,292.511771,160.224882
54635,296.0,227.0,84:67589,9_virtual,301.552546,226.93547
23502,315.0,180.0,11093:70614,9_virtual,306.077556,181.726417
2883,294.0,197.0,66009:70614,9_virtual,295.831338,199.530488
12898,250.0,165.0,54635:22,10_virtual,253.54014,169.247201
41108,294.0,183.0,85989:43303,10_virtual,294.045902,186.563746
