calender,oriMac,m,occurrence_frequency_count,avg_active_timestamp_h,med_active_timestamp_h,durations_h,movement_distance,movement_distances_m_log10,if_label,if_score
7.5,"48,74,38,155,214,98","7.5-48,74,38,155,214,98",61,21.645355191256826,20.44673913043478,6.839855072463752,509.9078262997133,2.707491677769974,-1,-0.011240034154070155
7.5,"48,74,38,133,29,213","7.5-48,74,38,133,29,213",28,19.63333333333334,20.228881987577637,6.404140786749485,288.00656759410606,2.4594023913611696,-1,-0.034469744597839136
7.5,"20,178,229,137,47,142","7.5-20,178,229,137,47,142",192,23.223697916666666,20.58333333333333,6.833333333333333,1241.4449477006424,3.0939274653807614,-1,-0.03438816560469027
7.6,"204,129,42,183,42,73","7.6-204,129,42,183,42,73",602,5.758401757097012,10.480000000000004,20.293333333333333,5333.220575915275,3.726989545978364,-1,-0.01773081371519758
7.6,"48,74,38,133,29,213","7.6-48,74,38,133,29,213",139,2.5571650688379304,12.075000000000003,24.15,818.5579368079086,2.9130494238157594,1,0.1081157174715674
7.6,"64,140,31,142,167,149","7.6-64,140,31,142,167,149",241,4.200864453665282,3.617361111111112,7.261111111111111,1479.145544088744,3.170010909551127,-1,-0.03214968501354054
7.6,"32,50,51,210,96,61","7.6-32,50,51,210,96,61",136,6.595174172023933,12.049999999999997,24.1,149.48119344446542,2.174586556559703,1,0.08742715879482615
7.6,"208,151,254,41,36,198","7.6-208,151,254,41,36,198",42,3.98193961235305,10.461666666666666,20.256666666666668,116.73008437269856,2.06718279943229,1,0.01292101014157876
7.6,"48,74,38,155,214,98","7.6-48,74,38,155,214,98",230,0.6878109326908264,12.041666666666664,24.083333333333332,1378.1133479969956,3.13928493918639,1,0.08093484628148367
7.6,"20,178,229,137,47,142","7.6-20,178,229,137,47,142",54,22.70467135325465,12.041666666666664,24.083333333333332,193.02182363127065,2.2856064144316943,1,0.034682166964703165
7.6,"184,148,54,32,44,55","7.6-184,148,54,32,44,55",116,1.1926157272466074,11.992982456140354,23.980701754385954,613.3768737704883,2.787727397692767,1,0.08907633483633687
7.6,"88,198,240,41,58,135","7.6-88,198,240,41,58,135",306,1.3047230453279426,11.983333333333334,23.966666666666665,1397.4558997125284,3.1453381115039356,1,0.07613162212709523
7.6,"164,201,57,205,13,69","7.6-164,201,57,205,13,69",36,2.8492010170851403,10.177777777777777,20.177777777777777,47.9936109687823,1.6811834268405184,-1,-0.04665503192186993
7.6,"4,207,140,11,128,186","7.6-4,207,140,11,128,186",181,5.89234583880906,12.068750000000001,24.129166666666666,338.53424402388333,2.5296026057786407,1,0.11817054998154591
7.6,"208,151,254,40,222,169","7.6-208,151,254,40,222,169",148,23.958358111959146,12.0,24.0,40.083138473938924,1.6029617190605412,-1,-0.0017298735601279924
7.6,"156,95,90,12,124,73","7.6-156,95,90,12,124,73",375,3.5854167205380607,11.972962962962981,23.927407407407397,2980.4170162589235,3.474277034274017,1,0.0791126489789078
7.6,"128,214,5,75,8,213","7.6-128,214,5,75,8,213",135,3.4560493827160492,3.5791666666666657,7.108333333333333,931.6872865201923,2.969270169298315,-1,-0.0032646150203641255
7.6,"64,68,253,44,108,157","7.6-64,68,253,44,108,157",284,1.9197183098591566,2.508333333333333,4.35,1570.4439311115239,3.196022435581036,-1,-0.07450020885308717
7.6,"64,140,31,52,191,11","7.6-64,140,31,52,191,11",189,4.695079766414306,12.149999999999999,23.6,641.5941730312716,2.8072604110244606,1,0.13602381604929897
7.6,"140,206,78,224,75,99","7.6-140,206,78,224,75,99",220,6.602701028823617,12.008333333333333,23.95,688.6891987156039,2.838023271637859,1,0.1357093309653385
7.6,"164,201,57,9,43,253","7.6-164,201,57,9,43,253",105,5.173174603174601,3.7650000000000006,7.203333333333333,471.287010095346,2.673285469630933,1,0.009525027177300971
7.6,"164,204,185,229,56,107","7.6-164,204,185,229,56,107",152,2.99424342105263,5.5230769230769425,10.179487179487188,837.4692665887821,2.922968878281051,1,0.024094444851191943
7.6,"8,74,207,99,147,223","7.6-8,74,207,99,147,223",305,4.3469191082942995,9.244907407407425,17.960185185185175,2651.480886588648,3.4234885008194698,1,0.04856944498406662
7.6,"172,115,82,76,172,89","7.6-172,115,82,76,172,89",147,2.28701814058957,4.016666666666666,6.65,820.2140370750345,2.9139271974948264,-1,-0.005030755518748431
7.6,"164,125,159,153,152,106","7.6-164,125,159,153,152,106",166,1.2674466930004724,12.307222222222222,23.085555555555555,345.76069641791213,2.538775624279309,1,0.07901383447933763
7.6,"20,94,105,93,76,199","7.6-20,94,105,93,76,199",49,4.346139177740421,12.924999999999997,22.266666666666666,413.4015359604756,2.616372085880819,1,0.05616246711117023
7.6,"36,161,96,62,65,247","7.6-36,161,96,62,65,247",66,6.536237373737375,6.434848484848498,0.8636363636363724,522.1811017192967,2.717821150199406,1,0.020826246827714612
7.6,"24,208,197,242,97,13","7.6-24,208,197,242,97,13",39,6.340170940170939,6.7529761904762005,1.2273809523809662,222.1743552769469,2.346693928572183,-1,-0.021221299317986442
7.6,"248,45,124,72,127,16","7.6-248,45,124,72,127,16",96,6.581684027777779,6.524814814814793,0.8096296296296188,728.3026282923926,2.862311877235368,1,0.03752987912907413
7.6,"92,102,108,72,204,105","7.6-92,102,108,72,204,105",320,6.433333333333334,6.375490196078445,0.24901960784313915,2805.879922649641,3.4480690815011434,-1,-0.037444616364772254
7.7,"20,94,105,93,76,199","7.7-20,94,105,93,76,199",68,4.070955882352941,2.6999999999999993,5.5,370.3110813174365,2.568566708222837,-1,-0.027511974394213823
7.7,"48,74,38,155,214,98","7.7-48,74,38,155,214,98",223,1.0638220802838343,12.041666666666664,24.083333333333332,1640.3461117145653,3.2149354935041203,1,0.0839564800050992
7.7,"32,50,51,210,96,61","7.7-32,50,51,210,96,61",74,3.6794854947567326,11.939285714285731,23.878571428571433,201.87489274108236,2.305082308928585,1,0.07307852601096171
7.7,"208,151,254,41,36,198","7.7-208,151,254,41,36,198",146,23.917270636383456,12.056666666666665,24.02,34.85023340590327,1.5422056910870092,-1,-0.011208818843093216
7.7,"204,129,42,183,42,73","7.7-204,129,42,183,42,73",419,5.535105203937549,12.259999999999998,23.313333333333333,3644.3846040673943,3.5616242032653362,1,0.07161366576754219
7.7,"48,74,38,133,29,213","7.7-48,74,38,133,29,213",142,16.261119670562277,12.041666666666664,24.083333333333332,47.227817687971935,1.6741978780778959,1,0.02188916336365676
7.7,"164,201,57,205,13,69","7.7-164,201,57,205,13,69",413,4.62774414850686,3.625,6.583333333333333,2945.9621200584097,3.4692271582719303,-1,-0.06962764070615657
7.7,"20,178,229,137,47,142","7.7-20,178,229,137,47,142",74,2.9997967759632753,11.371794871794862,22.743589743589755,141.8505678803384,2.1518310787769446,1,0.04311495318286329
7.7,"184,148,54,32,44,55","7.7-184,148,54,32,44,55",272,3.88033088235294,3.7333333333333343,7.4,1789.4581295492792,3.2527215410504486,-1,-0.04436584989471637
7.7,"4,207,140,11,128,186","7.7-4,207,140,11,128,186",85,3.100783004652138,10.858333333333334,21.716666666666665,253.2684641322605,2.403581116731016,1,0.07239400625986375
7.7,"156,95,90,12,124,73","7.7-156,95,90,12,124,73",124,2.9930107526881713,4.225000000000001,8.45,789.2229715352571,2.8971997175657243,1,0.002487988700951238
7.7,"8,250,121,45,167,67","7.7-8,250,121,45,167,67",102,5.73700980392157,4.196428571428566,8.2595238095238,619.2851883802578,2.7918906929893117,1,0.03488716174797779
7.7,"64,140,31,52,191,11","7.7-64,140,31,52,191,11",62,3.422619867784645,10.432222222222222,20.74222222222222,102.87959180511922,2.0123292324353574,1,0.014102995439779664
7.7,"128,214,5,75,8,213","7.7-128,214,5,75,8,213",281,4.43358479436993,11.961492374727676,23.837799564270146,2073.4717946180144,3.3166981320438658,1,0.11672275587343106
7.7,"240,98,90,159,90,25","7.7-240,98,90,159,90,25",232,5.881751321138392,11.863172043010778,22.993010752688182,1992.8544845351553,3.2994755882787015,1,0.11955386589446099
7.7,"140,206,78,224,75,99","7.7-140,206,78,224,75,99",60,1.0783333333333331,0.9750000000000014,1.85,540.1452105174703,2.7325105295428496,-1,-0.07194573337389698
7.7,"88,198,240,41,58,135","7.7-88,198,240,41,58,135",652,4.122758367398964,11.650555555555556,22.434444444444445,4506.886272710342,3.653876599172041,-1,-0.009995644695278472
7.7,"164,201,57,9,43,253","7.7-164,201,57,9,43,253",238,7.463063375286813,12.355000000000004,22.856666666666666,994.7229954912061,2.9977021578527587,1,0.12526082816777007
7.7,"164,204,185,229,56,107","7.7-164,204,185,229,56,107",106,4.313519243213138,11.878787878787875,22.75757575757575,590.6104186428454,2.771301103853555,1,0.12096166182635754
7.7,"104,74,174,67,128,132","7.7-104,74,174,67,128,132",165,2.147903789484781,10.516666666666666,20.4,1212.384994248881,3.0836405524438213,1,0.08903653698980823
7.7,"64,140,31,142,167,149","7.7-64,140,31,142,167,149",435,6.164184124851323,12.365416666666668,23.0975,2827.470915751105,3.451398146331792,1,0.06652958440979934
7.7,"164,125,159,153,152,106","7.7-164,125,159,153,152,106",91,5.161967547557113,7.638919413919403,14.265018315018322,442.43050771560354,2.6458450660265895,1,0.0585978130810727
7.7,"8,74,207,99,147,223","7.7-8,74,207,99,147,223",232,6.102047413793102,4.561363636363659,7.243939393939379,1934.364973287728,3.2865384195559937,1,0.002995224066287605
7.7,"156,116,3,24,100,145","7.7-156,116,3,24,100,145",108,6.1050925925925945,5.024999999999999,6.683333333333334,626.7004416097116,2.7970600007293207,1,0.04363790715608323
7.7,"248,45,124,72,127,16","7.7-248,45,124,72,127,16",178,7.668632958801496,7.416666666666668,1.4666666666666666,1350.810784246555,3.130594519182855,1,0.03392161390731574
7.8,"48,74,38,133,29,213","7.8-48,74,38,133,29,213",80,2.1115271632574175,12.07424242424242,23.815151515151502,250.34646532060273,2.3985414639091056,1,0.07764901787740308
7.8,"48,74,38,155,214,98","7.8-48,74,38,155,214,98",252,0.2837731080932525,12.041666666666664,24.083333333333332,1128.2727600041717,3.0524141030559298,1,0.07046601346295406
7.8,"32,50,51,210,96,61","7.8-32,50,51,210,96,61",101,17.406684640102398,12.041666666666664,24.083333333333332,135.77123508336598,2.1328077687087155,1,0.06797484088928507
7.8,"20,178,229,137,47,142","7.8-20,178,229,137,47,142",208,5.518495851784554,11.991666666666667,24.1,1337.011369720754,3.126135100445222,1,0.12745539121296295
7.8,"64,140,31,52,191,11","7.8-64,140,31,52,191,11",46,5.790162607689495,10.779166666666669,21.558333333333334,105.69813127563759,2.0240673091252783,1,0.029543438753807938
7.8,"64,140,31,142,167,149","7.8-64,140,31,142,167,149",84,4.278769841269842,4.9346491228070235,9.864035087719287,216.82761003572531,2.3361145828603087,-1,-0.014010864327025363
7.8,"184,55,101,29,72,107","7.8-184,55,101,29,72,107",188,7.9166557400025965,12.200000000000003,23.733333333333334,345.8353536584257,2.5388693877636768,1,0.13312028028257888
7.8,"4,207,140,11,128,186","7.8-4,207,140,11,128,186",164,4.387530706028897,12.003571428571433,23.992857142857133,439.87416975045187,2.64332846012597,1,0.13095660274302456
7.8,"92,102,108,72,204,105","7.8-92,102,108,72,204,105",78,3.048741826188227,11.487575757575755,22.87818181818183,275.5557858690508,2.4402095343766272,1,0.07562535875326937
7.8,"156,95,90,12,124,73","7.8-156,95,90,12,124,73",154,3.239385843331003,12.07,24.026666666666667,1147.855616417949,3.0598872635528207,1,0.11772462016474072
7.8,"204,129,42,183,42,73","7.8-204,129,42,183,42,73",228,6.610051058722825,11.896666666666668,23.606666666666666,1629.1492815363217,3.211960881225052,1,0.13405863357953307
7.8,"8,250,121,45,167,67","7.8-8,250,121,45,167,67",83,5.56355421686747,4.002083333333331,8.0125,366.8405416734498,2.5644773260495195,1,0.007462905421889099
7.8,"88,198,240,41,58,135","7.8-88,198,240,41,58,135",292,7.24021554131984,12.125,23.416666666666668,1954.346523919297,3.291001570684322,1,0.13027316183058907
7.8,"220,114,155,222,161,114","7.8-220,114,155,222,161,114",240,8.122326388888887,5.058333333333334,9.283333333333333,1555.3290595457381,3.191822286370142,1,0.02781443517021631
7.8,"208,151,254,40,222,169","7.8-208,151,254,40,222,169",158,7.066081264665444,12.116666666666667,23.766666666666666,523.6859750416595,2.7190709431136737,1,0.14217421890709125
7.8,"104,74,174,67,128,132","7.8-104,74,174,67,128,132",213,5.753442879499218,4.925000000000001,9.583333333333334,1478.7268230911823,3.169887950750111,1,0.021683260809225446
7.8,"164,201,57,9,43,253","7.8-164,201,57,9,43,253",399,7.3019920439786805,11.907619047619065,23.441904761904766,2447.5803610888242,3.3887369598437105,1,0.10569419894093829
7.8,"132,65,103,218,221,212","7.8-132,65,103,218,221,212",84,5.856646825396826,5.199999999999999,9.3,458.91705149351685,2.6617341946132997,1,0.03093616263864507
7.8,"124,218,195,126,234,181","7.8-124,218,195,126,234,181",73,4.495333309320208,11.861111111111114,23.288888888888888,143.3148332642783,2.1562911427451144,1,0.06711845229773034
7.8,"164,125,159,153,152,106","7.8-164,125,159,153,152,106",82,6.260278294041193,10.90057870370368,21.1136574074074,405.91291480513496,2.6084328693497487,1,0.10570788782590473
7.8,"184,148,54,32,44,55","7.8-184,148,54,32,44,55",63,4.995480194217386,9.412222222222226,18.202222222222222,67.07534559094866,1.8265629189564305,-1,-0.01824857103559674
7.8,"128,214,5,75,8,213","7.8-128,214,5,75,8,213",224,3.506864948097523,12.061666666666667,23.51,1589.1498073944426,3.201164839597604,1,0.11580139729766398
7.8,"248,45,124,72,127,16","7.8-248,45,124,72,127,16",210,5.482260212049622,12.276190476190465,23.547619047619033,556.325688362297,2.745329113969983,1,0.12715771874709025
7.8,"20,94,105,93,76,199","7.8-20,94,105,93,76,199",69,4.87801959127723,11.441428571428567,21.630476190476198,426.25904223426386,2.629673604788338,1,0.096470861320744
7.8,"8,74,207,99,147,223","7.8-8,74,207,99,147,223",353,4.137822610682809,12.308333333333337,23.35,3084.5763845134234,3.4891955293091073,1,0.08059853873386746
7.8,"164,204,185,229,56,107","7.8-164,204,185,229,56,107",108,4.24195349153613,12.265151515151501,21.63030303030304,597.8760943556057,2.776611188815694,1,0.11425209588474683
7.8,"112,58,81,118,159,27","7.8-112,58,81,118,159,27",116,11.278122783148811,11.536111111111111,18.694444444444443,39.48638116368335,1.596447333466611,1,0.005015182973080012
7.8,"176,223,193,193,47,17","7.8-176,223,193,193,47,17",88,5.218560606060606,5.386076388888888,5.8034027777777775,581.6682709715417,2.7646753744089922,1,0.036208553464278426
7.8,"108,217,76,95,253,145","7.8-108,217,76,95,253,145",383,7.124562717041046,12.770333333333319,18.674000000000007,2935.3941827576646,3.467666429229863,1,0.06471504195139621
7.8,"156,116,3,24,100,145","7.8-156,116,3,24,100,145",149,6.525550776764292,10.967500000000001,13.001666666666667,1094.2094584686288,3.0391004645476274,1,0.10356430561044988
7.8,"164,201,57,205,13,69","7.8-164,201,57,205,13,69",875,7.9903619047619046,7.800000000000001,2.8,7512.599973856258,3.8757902644191438,-1,-0.13094992264085892
7.8,"60,134,209,115,214,231","7.8-60,134,209,115,214,231",91,8.520970695970696,7.848484848484837,1.6666666666666667,781.1256309453289,2.8927208884720264,1,0.05566215714549205
7.8,"208,110,152,171,43,95","7.8-208,110,152,171,43,95",48,6.826909722222222,6.824537037037015,0.04907407407406329,524.2140203170974,2.7195086321483983,1,0.010571187571786655
7.8,"240,98,90,159,90,22","7.8-240,98,90,159,90,22",148,7.611261261261262,7.675000000000001,0.14833333333333334,1067.517148350355,3.0283748601599334,1,0.03336166380455918
7.8,"32,114,13,57,246,228","7.8-32,114,13,57,246,228",92,7.712862318840582,7.708333333333332,0.016666666666666666,991.499643979254,2.9962925625979295,1,0.03758882077782255
7.8,"212,202,110,152,68,229","7.8-212,202,110,152,68,229",128,8.748697916666671,8.774999999999999,1.8166666666666667,1276.9388269888743,3.1061700924572095,1,0.0601449786492716
7.8,"8,74,207,163,234,79","7.8-8,74,207,163,234,79",123,9.84756097560976,9.850641025641039,0.06538461538461787,953.5429215617398,2.9793402465984693,1,0.06053565835536928
7.9,"32,50,51,210,96,61","7.9-32,50,51,210,96,61",173,20.357971543728276,12.066666666666663,24.133333333333333,462.8070045442518,2.6653999233391246,1,0.11803627723243054
7.9,"48,74,38,133,29,213","7.9-48,74,38,133,29,213",124,0.34871173803503525,12.008333333333333,24.016666666666666,308.84548609301555,2.4897412583231513,1,0.06974233702684135
7.9,"92,102,108,72,204,105","7.9-92,102,108,72,204,105",79,4.635589004932402,10.424999999999997,20.85,320.7183882009948,2.506123860662106,1,0.08605591562580711
7.9,"48,74,38,155,214,98","7.9-48,74,38,155,214,98",293,1.7263395500046657,12.066666666666663,24.133333333333333,1681.2213442716593,3.2256248950382287,1,0.07011740995051347
7.9,"108,135,25,15,123,144","7.9-108,135,25,15,123,144",132,6.563068181818185,4.699999999999999,8.783333333333333,727.8348042022474,2.862032819196878,1,0.047390870698625964
7.9,"156,95,90,12,124,73","7.9-156,95,90,12,124,73",107,2.0888473537027306,11.950000000000003,23.9,600.6927922833821,2.778652420876381,1,0.1014616918983478
7.9,"112,138,9,131,175,199","7.9-112,138,9,131,175,199",43,3.4023558727925556,11.048611111111114,21.430555555555557,74.4957145096405,1.87213128995168,-1,-0.016343792676199675
7.9,"8,250,121,45,167,67","7.9-8,250,121,45,167,67",420,7.285480293857697,11.14,21.053333333333335,2599.6754035381027,3.4149191251813207,1,0.07081078884805947
7.9,"20,178,229,137,47,142","7.9-20,178,229,137,47,142",179,4.154767456198746,11.933333333333337,23.866666666666667,731.4360061905577,2.864176335418188,1,0.1319721919603133
7.9,"220,240,144,185,104,48","7.9-220,240,144,185,104,48",228,22.30143188132334,12.049999999999997,24.1,1121.4927734221937,3.04979647945891,1,0.11049839781124582
7.9,"164,204,185,229,56,107","7.9-164,204,185,229,56,107",170,3.860869187516875,12.105555555555554,23.544444444444444,977.7249556890569,2.9902167003640345,1,0.13737220452204285
7.9,"8,74,207,99,147,223","7.9-8,74,207,99,147,223",141,4.794005899962066,12.083333333333336,23.5,745.4100585346048,2.872395248810364,1,0.14013800901501
7.9,"64,140,31,52,191,11","7.9-64,140,31,52,191,11",154,5.449468164766042,11.927777777777777,23.855555555555554,918.216133977155,2.962944919486079,1,0.13862751354525016
7.9,"4,207,140,11,128,186","7.9-4,207,140,11,128,186",99,3.8923796321804485,11.993055555555557,23.980555555555554,176.95712738008936,2.2478680595957736,1,0.08672266811882517
7.9,"248,45,124,72,127,16","7.9-248,45,124,72,127,16",318,7.861590378246606,12.177083333333336,23.6125,1577.2656958800885,3.1979048579041067,1,0.12723206420267746
7.9,"60,134,209,115,214,231","7.9-60,134,209,115,214,231",323,7.148400275216454,11.917407407407431,23.16814814814816,2284.2474599753014,3.35874315065973,1,0.12088700620861637
7.9,"208,151,254,40,222,169","7.9-208,151,254,40,222,169",44,5.458143939393938,5.833333333333332,11.0,181.2393555898847,2.2582525093433063,-1,-0.025788649899162408
7.9,"164,201,57,9,43,253","7.9-164,201,57,9,43,253",113,7.430098019136244,11.416666666666664,21.6,535.8034812787521,2.7290055310251584,1,0.12171380751498573
7.9,"184,55,101,29,72,107","7.9-184,55,101,29,72,107",525,7.12460135888246,12.125,23.55,3320.7304303622705,3.521233621952533,1,0.06269417208908956
7.9,"128,214,5,75,8,213","7.9-128,214,5,75,8,213",231,5.5211470865970425,11.940865384615378,23.809935897435903,1668.614583802041,3.222356035026943,1,0.12643477518187313
7.9,"208,151,254,41,36,198","7.9-208,151,254,41,36,198",101,6.515205809625977,11.997500000000002,23.721666666666668,461.5290715758231,2.6641990623008467,1,0.13321092582579025
7.9,"88,198,240,41,58,135","7.9-88,198,240,41,58,135",496,5.710335973136617,12.042653890824617,23.847212543554004,3538.7283631194227,3.548847226970385,1,0.05141368727698348
7.9,"164,125,159,153,152,106","7.9-164,125,159,153,152,106",260,6.6271747781512484,11.913333333333334,23.44,1768.5447782157166,3.247616060297676,1,0.13199654505845915
7.9,"204,129,42,183,42,73","7.9-204,129,42,183,42,73",374,7.132055722860705,12.016666666666666,23.333333333333332,2542.911870199518,3.4053313090749344,1,0.11270715103714946
7.9,"64,140,31,142,167,149","7.9-64,140,31,142,167,149",312,5.0996273200913,8.765570175438576,15.864473684210518,1719.401431201388,3.2353772839019497,1,0.05070265796151785
7.9,"104,74,174,67,128,132","7.9-104,74,174,67,128,132",94,8.221073125793733,8.769047619047598,15.138095238095234,650.9279612270817,2.813532927473377,1,0.09853749803822037
7.9,"184,148,54,32,44,55","7.9-184,148,54,32,44,55",182,8.033372151715286,12.575000000000003,22.583333333333332,1480.8769779551699,3.1705189815364787,1,0.12388959461344434
7.9,"20,94,105,93,76,199","7.9-20,94,105,93,76,199",127,17.069340308487284,12.772916666666667,22.3875,310.3874130930589,2.491904101326276,1,0.09850888036026323
7.9,"136,17,150,74,78,239","7.9-136,17,150,74,78,239",152,9.203070175438597,6.465833333333332,8.9,1031.3169445297215,3.0133921532634087,1,0.06927581729879351
7.9,"48,74,38,155,214,96","7.9-48,74,38,155,214,96",163,8.522546012269942,6.893981481481461,8.445370370370382,1124.0589625326184,3.050789092755225,1,0.06932714615506652
7.9,"160,48,74,38,155,214","7.9-160,48,74,38,155,214",190,9.780540008639722,13.125694444444449,20.45138888888889,1334.4382718953188,3.1252984891049618,1,0.12141360436523735
7.9,"108,217,76,95,253,145","7.9-108,217,76,95,253,145",209,7.600403806950901,12.658333333333331,18.55,941.0132825872817,2.973595753622421,1,0.12538011072875632
7.9,"24,217,143,31,141,109","7.9-24,217,143,31,141,109",144,9.145833333333336,7.010999999999996,6.538000000000013,1370.8476589275838,3.1369891947142525,1,0.06143272529066235
7.9,"156,116,3,24,100,145","7.9-156,116,3,24,100,145",279,6.96505376344086,8.058194444444446,4.993333333333333,2492.148359642533,3.396573892664585,1,0.012811463077000207
7.9,"40,53,69,96,185,108","7.9-40,53,69,96,185,108",74,9.804746385073475,13.327083333333334,14.354166666666666,342.4647950423258,2.5346159331870193,1,0.09276596712843449
7.9,"132,65,103,218,221,212","7.9-132,65,103,218,221,212",143,11.455696091980217,15.266666666666666,17.3,682.0386226081123,2.833808968660353,1,0.09916781621344833
7.9,"240,98,90,159,90,22","7.9-240,98,90,159,90,22",162,8.48797707224122,15.14629629629632,13.559259259259271,1321.4473414179133,3.1210498615371343,1,0.08169637969133187
7.9,"156,116,3,40,83,167","7.9-156,116,3,40,83,167",37,9.868468468468464,10.106944444444444,1.2861111111111112,320.7402481364122,2.5061534608538953,1,0.02160615970239843
7.1,"112,138,9,131,175,199","7.10-112,138,9,131,175,199",147,0.2512854354886868,12.024999999999999,24.05,32.39350991122999,1.5104580073647174,-1,-0.025984549893218856
7.1,"252,107,240,89,142,53","7.10-252,107,240,89,142,53",100,7.275880896173097,11.366666666666667,22.733333333333334,99.97703592388476,1.9999002568316244,1,0.057507989065606335
7.1,"36,17,69,161,50,93","7.10-36,17,69,161,50,93",143,11.169808439074128,11.666666666666664,23.333333333333332,36.696299359597134,1.5646222700084598,1,0.018947971595082658
7.1,"184,148,54,32,44,55","7.10-184,148,54,32,44,55",191,22.523218619023996,11.951785714285734,23.903571428571432,1028.7390404165653,3.01230522152583,1,0.12181273574591256
7.1,"32,50,51,210,96,61","7.10-32,50,51,210,96,61",211,8.566252132061008,12.0,24.0,519.238975529117,2.7153672843738232,1,0.13720725024412295
7.1,"48,74,38,155,214,98","7.10-48,74,38,155,214,98",339,5.005834532274081,12.033333333333331,24.066666666666666,1783.7704359581214,3.2513389616927126,1,0.10409134009791782
7.1,"48,74,38,133,29,213","7.10-48,74,38,133,29,213",143,23.61348048397896,12.200000000000003,23.8,207.91640996093346,2.3178887677068034,1,0.06676705012580036
7.1,"220,240,144,185,104,48","7.10-220,240,144,185,104,48",757,8.539825262900875,11.976666666666667,23.946666666666665,4413.835182139537,3.64481611205542,-1,-0.010962200648771403
7.1,"156,95,90,12,124,73","7.10-156,95,90,12,124,73",470,2.1602107513966073,12.016666666666666,24.033333333333335,2466.4057931969614,3.3920645318086717,1,0.03468657379730189
7.1,"184,55,101,29,72,107","7.10-184,55,101,29,72,107",465,10.625588912727132,11.84652777777778,23.670833333333334,3594.3319638911817,3.5556181850234627,1,0.08649475635293874
7.1,"48,69,150,180,24,101","7.10-48,69,150,180,24,101",87,5.8794409985183735,11.61333333333333,23.226666666666667,182.26552742386343,2.2607045366457132,1,0.08443008074868213
7.1,"248,45,124,72,127,16","7.10-248,45,124,72,127,16",125,15.612616409129185,12.174999999999997,23.683333333333334,394.24978418754336,2.5957714642680685,1,0.1331695536555224
7.1,"124,125,61,133,174,241","7.10-124,125,61,133,174,241",143,3.829390402705059,11.980555555555554,23.93888888888889,115.66964670345894,2.0632194090930813,1,0.07154678709151346
7.1,"172,115,82,76,172,89","7.10-172,115,82,76,172,89",322,14.083252603520279,12.426666666666662,22.846666666666668,2236.7760708023516,3.3496225079756,1,0.1281171067590815
7.1,"4,207,140,11,128,186","7.10-4,207,140,11,128,186",176,11.677376852154572,11.743749999999999,23.48472222222222,536.3937312412093,2.7294836936701286,1,0.14101286920898165
7.1,"240,103,40,135,90,171","7.10-240,103,40,135,90,171",306,8.550086213363935,12.174999999999997,23.683333333333334,1199.0743870408041,3.078846126284207,1,0.1313240821683908
7.1,"208,151,254,41,36,198","7.10-208,151,254,41,36,198",181,6.5011154864906455,12.105555555555554,23.92222222222222,674.6480766518794,2.8290772865724962,1,0.14009515063377215
7.1,"88,198,240,41,58,135","7.10-88,198,240,41,58,135",568,7.6258980583445535,11.888425925925901,23.77314814814816,3727.8809881019197,3.5714620391337557,1,0.04539864832850943
7.1,"8,74,207,99,147,223","7.10-8,74,207,99,147,223",340,3.6474367408565618,11.912179487179479,23.77564102564104,2829.6337285189056,3.451730223518012,1,0.09141100089620924
7.1,"104,160,62,174,96,98","7.10-104,160,62,174,96,98",133,7.555051219271046,12.183333333333337,23.666666666666668,23.685887981965287,1.3744896710330932,-1,-0.0023849773579142086
7.1,"180,71,245,166,44,220","7.10-180,71,245,166,44,220",155,19.570176700820788,11.715909090909086,23.398484848484838,481.425426101135,2.6825290234625174,1,0.12567374058563913
7.1,"176,241,236,211,105,14","7.10-176,241,236,211,105,14",212,12.006190487210304,12.183333333333337,23.666666666666668,644.3834960492626,2.8091444087389217,1,0.14467808550706118
7.1,"8,250,121,183,224,101","7.10-8,250,121,183,224,101",171,3.7408477661569393,11.462179487179483,22.542307692307705,376.9791739381192,2.5763173584456234,1,0.10456346308970454
7.1,"128,214,5,75,8,213","7.10-128,214,5,75,8,213",370,2.032284488901248,12.101666666666667,23.963333333333335,3091.796874024035,3.4902109537494344,1,0.05719805582137444
7.1,"140,37,5,134,24,48","7.10-140,37,5,134,24,48",183,21.68943671495312,11.933974358974375,23.76538461538462,432.10237844591927,2.6355866568298496,1,0.1202422884229154
7.1,"8,250,121,45,167,67","7.10-8,250,121,45,167,67",284,14.12596452872208,12.14,23.786666666666665,1054.8408221861641,3.0231869285798094,1,0.13724455530825752
7.1,"164,201,57,9,43,253","7.10-164,201,57,9,43,253",309,23.84937266514926,11.601372549019615,23.022745098039223,1673.9034457509795,3.223730403366368,1,0.07294565334918368
7.1,"112,58,81,118,159,27","7.10-112,58,81,118,159,27",194,9.234700660177813,11.456666666666663,22.113333333333333,570.5873680172533,2.756322152772989,1,0.1301616925418556
7.1,"164,204,185,229,56,107","7.10-164,204,185,229,56,107",172,17.3526995590891,12.065384615384616,23.802564102564098,736.0599356126427,2.866913179345709,1,0.14518870682076618
7.1,"64,140,31,142,167,149","7.10-64,140,31,142,167,149",143,0.15835361591975305,11.667187499999997,22.432291666666668,1055.0863454710131,3.023288002597818,1,0.07302155906557234
7.1,"48,90,38,155,214,98","7.10-48,90,38,155,214,98",189,11.810032358457706,10.191666666666663,19.89,1360.2796496198432,3.1336282008716037,1,0.1280430330011696
7.1,"64,68,253,44,108,157","7.10-64,68,253,44,108,157",340,23.679736584496723,12.040833333333332,23.718333333333334,2140.5043517565377,3.330516115114467,1,0.0807713112850652
7.1,"20,94,105,93,76,199","7.10-20,94,105,93,76,199",153,13.271441849505083,12.108333333333334,23.85,410.4223766722616,2.6132310309545446,1,0.13822033074732593
7.1,"204,129,42,183,42,73","7.10-204,129,42,183,42,73",452,13.013837744576842,11.871515151515162,23.236969696969705,2915.212316792249,3.4646701901939774,1,0.10001644672707605
7.1,"124,218,195,126,234,181","7.10-124,218,195,126,234,181",148,0.49185921601945787,12.108333333333334,23.75,79.00826616273852,1.8976725313038574,1,0.014877335435451
7.1,"48,74,38,155,86,98","7.10-48,74,38,155,86,98",222,13.834926630624444,11.304629629629652,21.857407407407397,1713.4837777720159,3.233879997147883,1,0.13367105390421646
7.1,"160,48,74,38,155,214","7.10-160,48,74,38,155,214",478,10.451101537552919,11.618840579710152,21.7376811594203,3721.690760283734,3.570740284248315,1,0.06965865902498153
7.1,"48,74,38,155,214,96","7.10-48,74,38,155,214,96",290,13.261695459603722,10.309027777777779,19.71527777777778,1527.8703822100294,3.1840865121724797,1,0.11419770649791222
7.1,"208,151,254,40,222,169","7.10-208,151,254,40,222,169",224,17.07256828691775,11.799338624338596,22.70608465608465,1256.1082775216282,3.099027077540773,1,0.13966806717426844
7.1,"240,98,90,159,90,22","7.10-240,98,90,159,90,22",613,18.116783143026787,11.341666666666669,20.883333333333333,4527.247375567148,3.655834225643594,1,0.024005720877132708
7.1,"48,231,188,153,110,173","7.10-48,231,188,153,110,173",683,19.11699072579954,11.683333333333337,21.5,5113.8324047785645,3.708746490825133,1,0.020425561079246868
7.1,"104,74,174,67,128,132","7.10-104,74,174,67,128,132",262,17.43942243133843,12.024999999999999,22.15,1362.928495882606,3.134473071786103,1,0.14254942727265935
7.1,"108,217,76,95,253,145","7.10-108,217,76,95,253,145",331,9.391331691885563,11.975000000000001,22.05,1842.4395688151349,3.2653932521020375,1,0.12779705337850333
7.1,"204,8,251,70,125,190","7.10-204,8,251,70,125,190",153,21.17764802545758,11.054629629629652,20.385185185185176,1413.8037062664507,3.1503891158236237,1,0.10913495804197626
7.1,"132,65,103,218,221,212","7.10-132,65,103,218,221,212",186,23.28435461640816,12.381250000000001,23.370833333333334,1285.7254775903452,3.109148249851959,1,0.09835176036345367
7.1,"48,74,36,155,214,98","7.10-48,74,36,155,214,98",128,11.160746005480446,8.526388888888889,14.613888888888889,986.1020500955763,2.993921861695791,1,0.11448076006619351
7.1,"164,48,74,38,155,214","7.10-164,48,74,38,155,214",274,10.170602340374277,10.826524758454113,19.593327294686006,2280.8478735312146,3.3580963199591713,1,0.11295793765744344
7.1,"60,134,209,115,214,231","7.10-60,134,209,115,214,231",1015,17.119708807319018,11.85111111111111,21.375555555555554,6471.012777783733,3.8109722573891194,-1,-0.07000208740659086
7.1,"252,190,123,146,220,35","7.10-252,190,123,146,220,35",163,14.164134414372043,12.524494949494965,22.460101010101013,1036.9544561321386,3.0157596822474257,1,0.14065413416259281
7.1,"216,50,20,254,96,65","7.10-216,50,20,254,96,65",333,19.80867239266518,12.510833333333338,21.716666666666665,2202.5537899404235,3.3429265233901253,1,0.11872240431600378
7.1,"48,74,38,153,214,98","7.10-48,74,38,153,214,98",212,12.423979956078643,12.168611111111112,20.040555555555557,1891.4608110683364,3.2767973476308327,1,0.13468269008952616
7.1,"52,74,38,155,214,98","7.10-52,74,38,155,214,98",273,10.746546117917102,10.877439613526576,16.82734299516907,2602.912378964812,3.4154595488343364,1,0.11167308177055829
7.1,"48,74,54,155,214,98","7.10-48,74,54,155,214,98",377,11.860328980332483,13.229166666666664,19.541666666666668,2635.610766577627,3.420881272989819,1,0.08372538750213221
7.1,"156,116,3,24,100,145","7.10-156,116,3,24,100,145",351,16.55141976228193,11.988888888888887,16.344444444444445,2003.4079574476377,3.301769394439879,1,0.10774984619366179
7.1,"48,72,38,155,214,98","7.10-48,72,38,155,214,98",188,12.737111387310911,10.928703703703682,14.175925925925936,1431.9136001061522,3.1559168139710283,1,0.1311035257130399
7.1,"48,74,38,155,214,114","7.10-48,74,38,155,214,114",220,14.468693357502938,13.094753086419757,18.04382716049382,1667.248325533466,3.222000289916187,1,0.13232864032892422
7.1,"48,74,38,27,214,98","7.10-48,74,38,27,214,98",207,14.051721618983194,11.952407407407428,14.05814814814816,1887.4498597744093,3.2758754233939262,1,0.12557747051043583
7.1,"164,220,240,144,185,104","7.10-164,220,240,144,185,104",140,11.537035802512492,13.180208333333333,16.314583333333335,741.3022402329951,2.869995312571975,1,0.13070224342804715
7.1,"76,24,154,44,218,251","7.10-76,24,154,44,218,251",314,17.563572112774228,13.684615384615384,16.464102564102568,1917.3487402586197,3.282701112458233,1,0.10591088507806656
7.1,"40,53,69,96,185,108","7.10-40,53,69,96,185,108",156,13.980121617507766,13.758333333333333,15.35,784.1911273348321,2.894421924203258,1,0.12919832307705265
7.1,"48,74,38,219,214,98","7.10-48,74,38,219,214,98",241,11.680394190871368,11.816666666666663,11.333333333333334,1734.332976060315,3.239132481711614,1,0.1065717215559614
7.1,"136,191,228,175,202,9","7.10-136,191,228,175,202,9",366,20.554591400834983,15.058333333333337,17.616666666666667,2905.362916197496,3.4632003889320875,1,0.03838660994371257
7.1,"48,74,6,133,29,213","7.10-48,74,6,133,29,213",100,13.506049511715826,13.28480392156861,13.636274509803917,392.04667658507566,2.5933377766544927,1,0.10978232194699
7.1,"156,245,49,209,69,163","7.10-156,245,49,209,69,163",238,15.835518419994504,13.556018518518542,14.843518518518508,2122.357577671155,3.3268185562508203,1,0.10629606116466145
7.1,"188,106,209,65,143,224","7.10-188,106,209,65,143,224",305,14.669983509287714,13.151851851851873,12.229629629629619,2219.2730904936398,3.3462107472058435,1,0.09651898691635435
7.1,"28,209,7,152,33,91","7.10-28,209,7,152,33,91",115,12.8422768065548,14.90166666666667,15.87,263.30075521012157,2.4204521047692586,1,0.06678913275106357
7.1,"48,74,6,155,214,98","7.10-48,74,6,155,214,98",254,11.94303388319785,14.088095238095235,13.057142857142866,2140.400701272416,3.330495084592766,1,0.09276190857529176
7.1,"48,74,38,155,214,99","7.10-48,74,38,155,214,99",241,13.413796680497924,13.119166666666665,11.095,2539.745429565827,3.404790187456344,1,0.08345969850358897
7.1,"48,74,38,155,214,66","7.10-48,74,38,155,214,66",288,13.369297345046622,15.040833333333332,15.218333333333334,2685.7688158707715,3.4290686269802477,1,0.0776176883207011
7.1,"48,148,53,197,58,225","7.10-48,148,53,197,58,225",136,14.716973039215688,11.719117647058837,7.8950980392156955,1311.1843659824776,3.117663762246382,1,0.09239346086161487
7.1,"48,66,38,155,214,98","7.10-48,66,38,155,214,98",140,13.24565476190476,12.342708333333334,8.652083333333334,1033.3202618183198,3.0142349453184036,1,0.10888161283449582
7.1,"48,74,102,155,214,98","7.10-48,74,102,155,214,98",208,12.892868589743593,13.397877846790877,11.423291925465843,1859.6979166771976,3.269442404554,1,0.10021736873582282
7.1,"144,197,74,103,36,41","7.10-144,197,74,103,36,41",250,8.461300000000001,8.451157407407429,0.23101851851850774,2390.384492552059,3.3784677626901427,-1,-0.0017326042862744195
7.1,"48,74,39,155,214,98","7.10-48,74,39,155,214,98",143,12.236713286713282,14.61304347826087,11.840579710144924,1051.482681119053,3.021802123854132,1,0.10090998329099021
7.1,"48,74,38,155,215,98","7.10-48,74,38,155,215,98",183,12.447449908925321,13.375,9.072222222222223,1402.68487972207,3.146960115526382,1,0.09928055279104336
7.1,"48,74,38,159,214,98","7.10-48,74,38,159,214,98",215,12.821716984736048,15.0623188405797,12.07536231884057,1607.6798964511186,3.20619958107662,1,0.09026210582550231
7.1,"164,125,159,153,152,107","7.10-164,125,159,153,152,107",85,13.888039215686277,13.423333333333332,8.286666666666667,465.4947437184905,2.667914781371189,1,0.09600325820062178
7.1,"252,217,8,43,220,46","7.10-252,217,8,43,220,46",113,10.221533923303838,10.614523809523803,2.490952380952367,1079.943341499043,3.0334009711167753,1,0.06656726792645762
7.1,"48,75,38,155,214,98","7.10-48,75,38,155,214,98",202,13.424504950495049,15.273333333333333,10.083333333333334,1885.8363306565502,3.2755039981695337,1,0.07488642385472993
7.1,"20,94,105,220,154,7","7.10-20,94,105,220,154,7",51,15.067647058823525,13.966666666666669,6.633333333333334,321.9081258406949,2.5077319396033935,1,0.04346021070508649
7.1,"176,241,236,166,12,79","7.10-176,241,236,166,12,79",143,16.527680652680658,15.381481481481458,10.096296296296286,1087.8257927887757,3.0365593518987506,1,0.08994588045818597
7.1,"96,230,240,177,80,251","7.10-96,230,240,177,80,251",87,10.967049808429117,10.981787634408619,0.12809139784946133,899.6588028595128,2.954077833738692,1,0.06118396876743992
7.1,"164,201,57,205,13,69","7.10-164,201,57,205,13,69",111,13.534984984984987,15.483333333333334,7.533333333333333,547.8561534488035,2.7386665439513713,1,0.07734163874356786
7.1,"20,198,151,49,18,5","7.10-20,198,151,49,18,5",12,19.227777777777774,19.366666666666667,1.5,32.39350991122999,1.5104580073647174,-1,-0.11862023028181046
7.1,"252,124,2,134,99,96","7.10-252,124,2,134,99,96",50,19.2245,19.79166666666667,2.183333333333333,283.0014326187363,2.4517886340290147,-1,-0.01480844419745797
7.11,"32,50,51,210,96,61","7.11-32,50,51,210,96,61",109,8.664438081018265,10.897222222222226,21.794444444444444,41.41917753189519,1.6172014707789242,-1,-0.0008093068153539607
7.11,"48,74,38,155,214,98","7.11-48,74,38,155,214,98",198,2.475762963696626,11.983333333333334,23.966666666666665,546.3329754309334,2.737457414344879,1,0.11564565466787002
7.11,"176,241,236,211,105,14","7.11-176,241,236,211,105,14",281,9.94900863309149,11.983333333333334,23.3,1695.8318068678457,3.2293827765932193,1,0.14056152184563675
7.11,"184,148,54,32,44,55","7.11-184,148,54,32,44,55",536,14.415794311913356,11.049999999999997,22.1,3611.8013687037883,3.5577238582395037,1,0.04719064785807153
7.11,"8,250,121,45,167,67","7.11-8,250,121,45,167,67",286,19.030821722122806,12.37833333333333,23.243333333333332,1609.0596570406503,3.206572146176881,1,0.1340309939263173
7.11,"48,74,38,133,29,213","7.11-48,74,38,133,29,213",152,2.2487492219104577,12.241666666666667,23.897619047619035,125.43064133399051,2.098403642848097,1,0.05486689134717615
7.11,"4,207,140,11,128,186","7.11-4,207,140,11,128,186",171,23.032028795680183,12.015,24.003333333333334,312.3398668096386,2.4946274207669314,1,0.09121915668850178
7.11,"156,95,90,12,124,73","7.11-156,95,90,12,124,73",251,19.72887770263155,11.783573717948713,23.562019230769234,1335.4091153730428,3.125614336359574,1,0.13531818458360756
7.11,"48,69,150,180,24,101","7.11-48,69,150,180,24,101",191,21.699198467541564,11.875,23.733333333333334,1085.1111044573113,3.0354742078457266,1,0.13158290512279724
7.11,"8,74,207,99,147,223","7.11-8,74,207,99,147,223",384,7.1115226553008135,12.0154761904762,23.969047619047632,2792.308921495111,3.4459634639077756,1,0.10125623360344155
7.11,"164,125,159,153,152,106","7.11-164,125,159,153,152,106",153,22.57086909526977,11.930555555555557,23.83888888888889,150.16167037987563,2.176559090678339,1,0.0715131838208658
7.11,"208,151,254,41,36,198","7.11-208,151,254,41,36,198",136,15.4768490629808,12.404166666666669,22.908333333333335,550.0329524669428,2.740388708850356,1,0.13110301935323415
7.11,"88,198,240,41,58,135","7.11-88,198,240,41,58,135",684,20.116302047916346,11.952777777777776,23.238888888888887,5278.833478909826,3.7225379623739028,1,0.020629145344115196
7.11,"204,129,42,183,42,73","7.11-204,129,42,183,42,73",305,1.182683941095421,12.066666666666663,23.733333333333334,2238.6736947405307,3.349990796169029,1,0.07628171862946392
7.11,"20,94,105,93,76,199","7.11-20,94,105,93,76,199",148,20.705872655840203,11.821666666666665,23.623333333333335,496.6108025303384,2.696016162315385,1,0.12337132727910582
7.11,"140,37,5,134,24,48","7.11-140,37,5,134,24,48",241,5.708146082059467,11.96089743589743,23.87820512820514,1117.2659963598057,3.0481565813508005,1,0.12700168683886082
7.11,"172,115,82,76,172,89","7.11-172,115,82,76,172,89",297,21.176994418117744,12.200000000000003,23.7,1784.1933236702193,3.251441909936059,1,0.1244727915666542
7.11,"112,138,9,131,175,199","7.11-112,138,9,131,175,199",161,11.429524363730767,11.906666666666666,23.753333333333334,247.36882951162806,2.3933449740968236,1,0.12142305739457365
7.11,"208,151,254,40,222,169","7.11-208,151,254,40,222,169",149,17.150104296567758,11.779761904761898,23.507142857142867,480.3350206084561,2.6815442516453087,1,0.13648722581247835
7.11,"8,250,121,194,19,245","7.11-8,250,121,194,19,245",152,11.287444342247726,11.899999999999999,23.1,752.2116092070671,2.876340031792658,1,0.15007817315188665
7.11,"248,45,124,72,127,16","7.11-248,45,124,72,127,16",253,3.0440159643538562,11.772348484848493,23.40530303030304,1409.959936078566,3.1492067723807677,1,0.10726725973002832
7.11,"252,190,123,146,220,35","7.11-252,190,123,146,220,35",183,12.596049326219422,11.983333333333334,23.2,923.6781337618999,2.9655206626886286,1,0.15302482234996428
7.11,"128,214,5,75,8,213","7.11-128,214,5,75,8,213",311,22.938855636317804,11.97002314814813,23.747453703703716,1992.2391037503724,3.299341460195983,1,0.10189877365562133
7.11,"192,46,37,42,205,205","7.11-192,46,37,42,205,205",206,12.880345383603185,10.453869047619065,20.649404761904766,831.6855164494716,2.9199591384428163,1,0.1309980957109858
7.11,"184,55,101,29,72,107","7.11-184,55,101,29,72,107",158,23.77599562209464,12.136904761904766,23.407142857142865,842.3560182795204,2.9254956830620946,1,0.10358548212581031
7.11,"104,160,62,174,96,98","7.11-104,160,62,174,96,98",133,5.064729778833435,12.083333333333336,23.933333333333334,92.79624996192273,1.9675304260706834,1,0.061816727350284595
7.11,"64,140,31,142,167,149","7.11-64,140,31,142,167,149",301,11.430678380611855,11.903125000000003,23.427083333333332,1911.4906030967868,3.281372167365121,1,0.1374972296698786
7.11,"112,58,81,118,159,27","7.11-112,58,81,118,159,27",265,19.99191217937504,11.666666666666664,23.1,1060.7807468857961,3.0256256287104546,1,0.1254254422463355
7.11,"164,204,185,229,56,107","7.11-164,204,185,229,56,107",255,2.6142119112186593,12.041666666666664,23.816666666666666,1670.338119091116,3.222804392340447,1,0.10470905376162176
7.11,"124,218,195,126,234,181","7.11-124,218,195,126,234,181",158,9.223475891911395,11.966666666666669,23.7,223.1725050825419,2.348640688354865,1,0.1203848159780268
7.11,"24,2,174,207,62,51","7.11-24,2,174,207,62,51",314,20.47313951658634,12.078703703703681,23.442592592592604,1365.859907280331,3.135406157167492,1,0.12567987006678055
7.11,"220,109,205,125,41,209","7.11-220,109,205,125,41,209",108,15.805420333763774,12.225000000000001,22.05,356.3462721162226,2.5518722198249266,1,0.11912988530644247
7.11,"104,74,174,67,128,132","7.11-104,74,174,67,128,132",165,20.487186920818303,12.014583333333334,23.470833333333335,812.3157147941577,2.9097248550346286,1,0.1392504833406349
7.11,"36,17,69,161,50,93","7.11-36,17,69,161,50,93",120,15.401445451231872,12.25,22.033333333333335,198.3156116175161,2.2973569036781614,1,0.0866911067051806
7.11,"124,161,119,225,7,54","7.11-124,161,119,225,7,54",204,16.852064731779272,11.952272727272742,22.571212121212124,615.8333755736235,2.789463222135657,1,0.13749398364684778
7.11,"252,124,2,134,99,96","7.11-252,124,2,134,99,96",135,19.810898143926,11.290972222222223,21.21527777777778,431.5694686002864,2.635050712916722,1,0.11472986214445768
7.11,"132,65,103,218,221,212","7.11-132,65,103,218,221,212",277,21.007845101008538,12.096130952380932,23.450595238095232,1311.6627841249342,3.117822196459071,1,0.1304117941339762
7.11,"36,6,170,198,198,211","7.11-36,6,170,198,198,211",105,9.098015873015875,5.60813492063491,9.338492063492078,1070.695478128079,3.0296659685218064,1,0.05338962257569552
7.11,"108,217,76,95,253,145","7.11-108,217,76,95,253,145",554,18.58017996111153,11.966666666666669,22.133333333333333,3488.1061229192023,3.542589689533781,1,0.06871753168821632
7.11,"36,6,170,19,129,255","7.11-36,6,170,19,129,255",234,13.43229906885232,9.776282051282053,18.1474358974359,1460.1898249011872,3.1644093178038077,1,0.11555433783587998
7.11,"216,50,20,254,96,65","7.11-216,50,20,254,96,65",92,19.74632025927596,12.676568627451005,17.333137254901974,673.7660268977118,2.8285091088967675,1,0.1125820654465372
7.11,"60,134,209,115,214,231","7.11-60,134,209,115,214,231",425,17.268032674823267,11.066666666666663,20.716666666666665,3066.5344316993765,3.486647845401497,1,0.08508842280267781
7.11,"196,64,246,34,203,41","7.11-196,64,246,34,203,41",168,9.517807539682536,6.374537037037015,10.11574074074073,1360.268846839744,3.1336247518702036,1,0.06904508202851911
7.11,"40,53,69,96,185,108","7.11-40,53,69,96,185,108",131,13.723797396866914,12.068750000000001,17.304166666666667,797.2387969926145,2.9015884251386117,1,0.14537903238649624
7.11,"204,8,251,70,125,190","7.11-204,8,251,70,125,190",140,20.737266178724113,11.588888888888889,20.511111111111113,1246.0798934268548,3.0955458883601312,1,0.11720662250828001
7.11,"48,231,188,153,110,173","7.11-48,231,188,153,110,173",1018,19.63843032272058,12.641666666666666,21.183333333333334,7902.860818448172,3.8977843334118036,-1,-0.07801543400283806
7.11,"164,201,57,9,43,253","7.11-164,201,57,9,43,253",158,5.78869521468822,13.359828431372556,21.03132352941178,683.5222306458146,2.8347526439803628,1,0.10335061990166228
7.11,"180,71,245,166,44,220","7.11-180,71,245,166,44,220",86,20.597203577477984,13.968333333333334,16.63,434.6255573242949,2.6381152605914258,1,0.0779952163906511
7.11,"136,191,228,175,202,9","7.11-136,191,228,175,202,9",386,20.96999376247107,12.828443287037018,19.392592592592603,2547.3378766569317,3.4060865532226026,1,0.07155555831363047
7.11,"56,251,20,50,26,70","7.11-56,251,20,50,26,70",170,21.38142934261771,14.016666666666666,17.866666666666667,1264.9225225442567,3.1020639254628537,1,0.09360222625460696
7.11,"32,238,40,60,214,136","7.11-32,238,40,60,214,136",163,16.61463335248383,14.247058823529414,18.0392156862745,923.4597080418619,2.965417951257772,1,0.12244096444699798
7.11,"204,102,10,209,112,18","7.11-204,102,10,209,112,18",556,18.220919823617102,12.201809764309758,13.988804713804727,3804.9641758296757,3.580350572193916,1,0.021007999869845473
7.11,"108,177,88,58,181,202","7.11-108,177,88,58,181,202",118,16.0691593162719,13.240909090909085,13.86818181818183,864.6523303300017,2.9368415162841575,1,0.12021324977696507
7.11,"156,116,3,24,100,145","7.11-156,116,3,24,100,145",146,14.220776255707761,12.613541666666663,10.39375,959.0419642588934,2.981837610765389,1,0.12056048495281474
7.11,"56,71,188,17,110,114","7.11-56,71,188,17,110,114",177,19.899279686070077,15.916666666666664,15.0,1153.1557480406,3.061887968132988,1,0.08013978305267999
7.11,"196,64,246,220,81,179","7.11-196,64,246,220,81,179",277,16.78886883273165,13.804444444444442,10.486666666666666,1938.0158210335637,3.2873573181015003,1,0.07852111301354803
7.11,"84,167,3,191,88,22","7.11-84,167,3,191,88,22",54,18.247066422166156,16.40075757575758,14.207575757575752,422.4066224706219,2.6257307184270386,1,0.04922512624718517
7.11,"48,74,54,155,214,98","7.11-48,74,54,155,214,98",78,15.439316239316241,15.769047619047598,10.428571428571432,531.1234053488433,2.7251954401686698,1,0.07957890999916284
7.11,"176,223,193,193,47,17","7.11-176,223,193,193,47,17",206,18.69716828478964,16.228796296296316,10.439074074074064,1785.2264010773579,3.251693300842383,1,0.05675718907073135
7.11,"176,241,236,166,12,79","7.11-176,241,236,166,12,79",126,20.672222222222224,18.10787037037035,9.833333333333334,695.8226390493908,2.8424985546994095,1,0.03373349912603618
7.11,"48,69,17,168,101,46","7.11-48,69,17,168,101,46",80,14.149895833333332,14.292063492063512,0.9158730158730113,892.0891913402561,2.9504082774371754,1,0.04950358298136226
7.11,"156,245,49,209,69,163","7.11-156,245,49,209,69,163",307,19.659229098805646,19.241666666666667,4.05,2832.040162944855,3.4520994080649223,-1,-0.03264669589419611
7.11,"164,201,57,205,13,69","7.11-164,201,57,205,13,69",97,19.0328178694158,19.275,1.2833333333333334,654.1955778882436,2.8157076041343845,1,0.016770074278752656
7.11,"12,75,84,85,61,8","7.11-12,75,84,85,61,8",126,19.672222222222224,19.35564102564104,1.2087179487179511,1119.4315067949606,3.0489975261142455,1,0.015010959417076974
7.11,"180,32,91,25,189,137","7.11-180,32,91,25,189,137",180,19.511759259259264,19.266666666666666,0.9666666666666667,1177.9756940804818,3.071136329470075,-1,-0.003774243871518368
7.11,"164,4,80,169,233,149","7.11-164,4,80,169,233,149",88,19.10549242424242,19.08333333333333,0.42916666666666664,850.2853572088966,2.9295647001419005,1,0.0172972524685161
7.11,"240,98,90,159,90,22","7.11-240,98,90,159,90,22",472,19.95517302259887,20.006944444444443,0.8666666666666667,3732.789787415778,3.5720335332598356,-1,-0.09367889421915332
7.12,"32,50,51,210,96,61","7.12-32,50,51,210,96,61",144,18.08333333333054,11.916666666666664,23.833333333333332,16.90529315446573,1.2280227062619722,-1,-0.007673643556910803
7.12,"48,74,38,155,214,98","7.12-48,74,38,155,214,98",129,0.16143105243732758,11.658333333333331,23.283333333333335,368.5528928295929,2.5664998243948007,1,0.07022008439997363
7.12,"184,55,101,29,72,107","7.12-184,55,101,29,72,107",543,22.640184879646135,12.023657407407427,23.851018518518508,3420.4950827289467,3.534088970423419,1,0.043111116142153794
7.12,"240,103,40,135,90,171","7.12-240,103,40,135,90,171",228,21.599697360712423,12.125,23.583333333333332,864.3996102411836,2.9367145623873476,1,0.12353071833307855
7.12,"48,74,38,133,29,213","7.12-48,74,38,133,29,213",167,9.460353037608039,11.998809523809534,23.969047619047632,220.96723157068894,2.344327874575675,1,0.1148234931788607
7.12,"208,151,254,41,36,198","7.12-208,151,254,41,36,198",153,12.479120338749008,11.817500000000003,23.101666666666667,514.4938659825702,2.7113802012834816,1,0.1451342171347924
7.12,"172,115,82,76,172,89","7.12-172,115,82,76,172,89",408,16.092889684111018,11.927083333333336,23.7125,2806.3669683983153,3.4481444599674584,1,0.11146886726516658
7.12,"104,160,62,174,96,98","7.12-104,160,62,174,96,98",75,6.112691131548947,11.058333333333337,21.45,39.4866736719309,1.5964505506327213,-1,-0.0030992556478570688
7.12,"124,218,195,126,234,181","7.12-124,218,195,126,234,181",176,0.47507505269244665,12.008333333333333,23.916666666666668,460.97449786374136,2.6636768999158797,1,0.08809399098678389
7.12,"164,125,159,153,152,106","7.12-164,125,159,153,152,106",173,0.6780191056071737,12.003472222222221,23.993055555555557,226.85638254903475,2.3557510025433293,1,0.07040901480697209
7.12,"252,107,240,89,142,53","7.12-252,107,240,89,142,53",200,18.617800483917257,11.924999999999997,23.85,556.8118897314885,2.745708500290807,1,0.13176460268917256
7.12,"164,204,185,229,56,107","7.12-164,204,185,229,56,107",151,6.669534780849684,12.068750000000001,23.504166666666666,779.1520326156053,2.891622207972733,1,0.14722431627892774
7.12,"64,68,253,44,108,157","7.12-64,68,253,44,108,157",466,20.486549918019897,12.085833333333333,23.895,2452.6963184961533,3.3896437792027694,1,0.08520077519739172
7.12,"140,37,5,134,24,48","7.12-140,37,5,134,24,48",131,22.885630691350997,11.9724358974359,23.82179487179486,382.0933240217971,2.5821694497119014,1,0.10135570984314479
7.12,"48,69,150,180,24,101","7.12-48,69,150,180,24,101",186,5.384460267307518,11.920833333333334,23.825,427.25771570231825,2.630689914240485,1,0.13112204166698382
7.12,"208,151,254,40,222,169","7.12-208,151,254,40,222,169",201,4.945201657843846,11.916666666666664,23.833333333333332,518.4749650251872,2.714727790977892,1,0.1253056996673818
7.12,"208,151,254,41,36,162","7.12-208,151,254,41,36,162",155,15.04832056729095,11.594999999999999,22.523333333333333,1011.5658288093271,3.004994150239188,1,0.1388935836229946
7.12,"24,2,174,207,62,51","7.12-24,2,174,207,62,51",257,18.934426960824183,11.787745098039224,23.27941176470589,1494.3227396894142,3.1744444053301097,1,0.13947213896970073
7.12,"8,250,121,45,167,67","7.12-8,250,121,45,167,67",357,8.479108884117066,12.0202380952381,23.992857142857133,1811.2965521834508,3.2579895604373195,1,0.12037833050333446
7.12,"64,140,31,52,191,11","7.12-64,140,31,52,191,11",153,6.088940547168136,12.009999999999998,23.98,126.7396912042059,2.1029126446507265,1,0.08827407705186419
7.12,"180,71,245,166,44,220","7.12-180,71,245,166,44,220",234,10.183424039417064,12.033333333333331,23.833333333333332,1044.9789460193294,3.019107540476031,1,0.14385817712263876
7.12,"184,148,54,32,44,55","7.12-184,148,54,32,44,55",333,6.6345887435332305,11.950000000000003,23.866666666666667,1825.4253924972113,3.2613640874698553,1,0.12040221413761781
7.12,"56,251,20,50,26,70","7.12-56,251,20,50,26,70",650,16.337864775659003,11.725000000000001,22.766666666666666,5027.440119110371,3.701346906500045,1,0.024795793926218224
7.12,"164,156,95,90,12,124","7.12-164,156,95,90,12,124",81,11.91504726550108,9.544852941176472,18.87303921568628,672.3660830556112,2.827605797698271,1,0.10646686910759945
7.12,"88,198,240,41,58,135","7.12-88,198,240,41,58,135",273,21.505900724725826,11.891666666666666,23.75,2402.943413352671,3.3807435437718394,1,0.1159140811252361
7.12,"60,134,209,115,214,231","7.12-60,134,209,115,214,231",882,20.11750489827162,11.746153846153852,23.441025641025625,6308.236540070041,3.799907969710947,-1,-0.041258974979444196
7.12,"204,129,42,183,42,73","7.12-204,129,42,183,42,73",521,19.88702593370496,12.12833333333333,23.21,3943.3463380601197,3.5958649221665357,1,0.07048670140831059
7.12,"20,94,105,93,76,199","7.12-20,94,105,93,76,199",153,4.801923109919204,12.040277777777774,24.019444444444446,191.85395502275952,2.2829707565020483,1,0.10046959329953215
7.12,"88,214,151,17,133,245","7.12-88,214,151,17,133,245",161,7.493237516642342,8.591666666666669,16.483333333333334,677.555624192601,2.830944954584494,1,0.1023218883443962
7.12,"128,214,5,75,8,213","7.12-128,214,5,75,8,213",602,2.338130143525651,11.921666666666667,23.723333333333333,4560.60321813997,3.6590222893713444,-1,-0.0012436782640097288
7.12,"248,45,124,72,127,16","7.12-248,45,124,72,127,16",470,5.1980799695167255,12.090000000000003,23.38,2683.3560861894457,3.4286783081567638,1,0.06449998662084067
7.12,"132,65,103,218,221,212","7.12-132,65,103,218,221,212",225,15.712225908622615,11.975000000000001,23.716666666666665,1277.8476532496877,3.106479079724664,1,0.14921576258968755
7.12,"8,74,207,99,147,223","7.12-8,74,207,99,147,223",260,12.92086054010969,12.024999999999999,23.216666666666665,1381.434815138961,3.1403303969663545,1,0.14241612763599343
7.12,"220,109,205,125,41,209","7.12-220,109,205,125,41,209",139,16.94711373335952,12.284090909090914,23.298484848484836,276.5064955454385,2.441705337978533,1,0.11453472822378569
7.12,"28,209,7,152,33,91","7.12-28,209,7,152,33,91",149,15.839671558556121,10.945833333333333,21.141666666666666,824.4417242735508,2.9161599629267076,1,0.13311762191019538
7.12,"56,71,188,17,110,114","7.12-56,71,188,17,110,114",150,5.089055555555554,3.164027777777779,5.7363888888888885,1123.5147917086538,3.0505787945256495,-1,-0.0029442411992565143
7.12,"164,201,57,9,43,253","7.12-164,201,57,9,43,253",256,20.988947954009085,12.029662698412693,22.987896825396813,1793.0063797075388,3.253581834830923,1,0.12816939836574492
7.12,"104,74,174,67,128,132","7.12-104,74,174,67,128,132",191,1.8039465107396522,12.1047619047619,23.423809523809535,748.3162761085462,2.8740851913639616,1,0.11505812237824614
7.12,"140,52,1,175,121,255","7.12-140,52,1,175,121,255",503,8.322007863240135,11.674999999999997,21.916666666666668,3145.5423024971014,3.4976955301242763,1,0.058199518550135665
7.12,"108,217,76,95,253,145","7.12-108,217,76,95,253,145",648,7.970251225990833,11.84375,22.3125,4407.120451038879,3.644154920377552,1,0.022124770088209122
7.12,"48,231,188,153,110,173","7.12-48,231,188,153,110,173",627,18.550830645518943,12.252272727272747,22.995454545454542,5280.727851895648,3.722693786222538,1,0.030751529254420817
7.12,"64,140,31,142,167,149","7.12-64,140,31,142,167,149",121,23.76953948416207,12.312946428571436,23.1217261904762,577.5273633912201,2.761572566033066,1,0.08509512256248647
7.12,"136,3,233,226,168,73","7.12-136,3,233,226,168,73",166,7.981905896074878,10.987004662004665,19.961888111888094,1249.0288194043162,3.096572459161862,1,0.12732510178601486
7.12,"164,80,70,27,140,33","7.12-164,80,70,27,140,33",196,18.343772840370672,12.959027777777777,19.773611111111112,1650.3571531239047,3.2175779398782027,1,0.1266543985333214
7.12,"156,116,3,24,100,145","7.12-156,116,3,24,100,145",219,7.272710523436733,10.965476190476195,18.8357142857143,1329.6460986029556,3.1237360636165037,1,0.12420132645219678
7.12,"248,135,241,149,138,83","7.12-248,135,241,149,138,83",181,20.915616148012553,12.976190476190467,21.647619047619035,1239.7870651173957,3.0933471009803526,1,0.11244253131326615
7.12,"124,161,119,225,7,54","7.12-124,161,119,225,7,54",116,9.47583847262539,10.476767676767679,16.968686868686863,407.60888448311647,2.6102436415756567,1,0.12148816552617653
7.12,"156,116,3,130,126,7","7.12-156,116,3,130,126,7",221,16.032136316303863,13.519444444444446,20.761111111111113,1315.6018078319617,3.1191244615960425,1,0.12505213513834945
7.12,"164,80,70,102,229,159","7.12-164,80,70,102,229,159",199,18.755239158558798,13.213888888888889,19.205555555555556,1342.1838001353296,3.127811992672575,1,0.12989497616011914
7.12,"140,170,206,161,68,84","7.12-140,170,206,161,68,84",133,13.24906090092717,13.157222222222224,20.274444444444445,759.3414281478142,2.8804370947615965,1,0.1269426921529424
7.12,"136,191,228,175,202,9","7.12-136,191,228,175,202,9",143,21.620358212241932,14.233333333333334,19.333333333333332,910.7245645374951,2.9593870507508826,1,0.07909117033793278
7.12,"108,177,88,58,181,202","7.12-108,177,88,58,181,202",192,14.607029571259034,14.524999999999999,17.916666666666668,1631.7414475291262,3.2126513450998107,1,0.11286545814057747
7.12,"164,201,57,205,13,69","7.12-164,201,57,205,13,69",138,13.66754257541374,12.69924242424242,13.765151515151503,487.23544229988727,2.687738872062051,1,0.12678767212333997
7.12,"148,144,52,42,136,89","7.12-148,144,52,42,136,89",599,18.801648524450584,13.299999999999997,12.966666666666667,5384.630251167257,3.73115588676289,-1,-0.0190588956500094
7.12,"212,187,200,3,91,23","7.12-212,187,200,3,91,23",332,19.054295414315284,13.116176470588222,13.967647058823527,2678.133681013376,3.427832251345685,1,0.0749926919175044
7.12,"156,245,49,209,69,163","7.12-156,245,49,209,69,163",288,17.465826741763088,12.820238095238096,13.192857142857134,2206.345622187789,3.343673545298961,1,0.10143810441138473
7.12,"172,146,50,67,121,50","7.12-172,146,50,67,121,50",360,16.613750000000003,12.052976190476201,11.127380952380966,3212.078113407011,3.5067860981910544,1,0.05425962096689646
7.12,"164,4,80,213,195,23","7.12-164,4,80,213,195,23",202,8.194262375905364,14.490833333333335,16.415,1045.6012372929579,3.019366088487165,1,0.08489173740352102
7.12,"12,147,143,206,149,155","7.12-12,147,143,206,149,155",473,19.509314724314798,13.536111111111111,13.261111111111111,3132.785466247767,3.495930655330195,1,0.03060238224736689
7.12,"176,223,193,193,47,17","7.12-176,223,193,193,47,17",156,18.642074371978914,13.418409586056661,13.344662309368205,1374.5766841690156,3.138168973049968,1,0.1148704095051199
7.12,"16,246,5,136,198,53","7.12-16,246,5,136,198,53",115,19.4439467466158,13.602083333333333,12.229166666666666,1012.1107704000576,3.005228046437451,1,0.09196634030369277
7.12,"16,177,248,92,211,109","7.12-16,177,248,92,211,109",71,14.212323943661971,13.795625000000001,11.995416666666667,626.1037486296372,2.796646304015579,1,0.09608429996724555
7.12,"208,110,152,171,43,95","7.12-208,110,152,171,43,95",183,10.489799635701274,11.298809523809531,7.2642857142857,1428.900233057121,3.1550019070657505,1,0.0914847913086072
7.12,"160,105,116,245,102,94","7.12-160,105,116,245,102,94",71,8.113732394366195,8.208564814814792,0.7421296296296188,693.6221987357738,2.8411229838830585,1,0.04186922919832592
7.12,"48,123,172,71,160,113","7.12-48,123,172,71,160,113",153,17.667142637689565,14.411111111111111,13.002222222222223,949.6513803544145,2.977564203841165,1,0.1064148229731336
7.12,"48,74,54,133,29,213","7.12-48,74,54,133,29,213",82,15.211675895455201,16.120000000000005,13.473333333333333,525.3144201272196,2.720419322553963,1,0.0797281724359426
7.12,"240,98,90,159,90,22","7.12-240,98,90,159,90,22",613,20.251134145479554,15.615277777777777,12.069444444444445,5017.582358423642,3.7004945097126627,-1,-0.048378368171238306
7.12,"216,50,20,254,96,65","7.12-216,50,20,254,96,65",145,19.468248806309226,16.854583333333338,13.929166666666667,854.6578354201322,2.9317922785513133,1,0.07095637694373669
7.12,"176,241,236,166,12,79","7.12-176,241,236,166,12,79",183,14.569535519125687,15.01715686274511,10.299019607843139,1633.4651059738057,3.2131098615265534,1,0.08309292673627872
7.12,"164,125,159,153,152,107","7.12-164,125,159,153,152,107",102,13.965441176470591,14.386388888888888,8.383888888888889,465.49436894922815,2.6679144317210794,1,0.09044652161780514
7.12,"220,85,131,232,48,95","7.12-220,85,131,232,48,95",630,19.4437962962963,15.782738095238102,8.8654761904762,5367.572650191767,3.729777931331643,-1,-0.07122919034958464
7.12,"48,148,53,197,58,225","7.12-48,148,53,197,58,225",114,13.769590643274853,16.077619047619066,5.368571428571433,967.3001659366672,2.9855612622749192,1,0.05648801766547418
7.12,"100,71,205,135,160,247","7.12-100,71,205,135,160,247",56,15.932440476190479,16.167803030303006,2.8977272727272876,641.1088902889526,2.806931799308727,1,0.029585788994607953
7.12,"156,80,209,184,151,229","7.12-156,80,209,184,151,229",146,20.525342465753425,18.9489247311828,4.4021505376344106,1437.3699252603,3.15756855367633,1,0.014556100451225906
7.12,"72,149,7,241,12,239","7.12-72,149,7,241,12,239",123,20.079945799458002,19.566666666666663,2.4,794.0911108358089,2.8998703344965624,1,0.021216948951361947
7.12,"180,165,172,27,232,229","7.12-180,165,172,27,232,229",95,19.709649122807022,19.70833333333333,0.016666666666666666,832.0978622334827,2.920174406253029,1,0.010755574471133844
7.12,"52,8,188,243,248,24","7.12-52,8,188,243,248,24",51,20.53333333333333,21.03333333333333,1.7833333333333334,346.7411503933023,2.5400053857239797,-1,-0.023276210664816555
7.13,"184,148,54,32,44,55","7.13-184,148,54,32,44,55",150,20.379944444444448,18.90049019607845,9.99901960784314,1079.0640042329967,3.0330472054436317,1,0.03682840129223486
7.13,"140,170,206,161,68,84","7.13-140,170,206,161,68,84",98,22.202465986394557,19.54472222222222,8.559444444444445,959.4591603142808,2.9820264935815226,1,0.012216751254322311
7.13,"164,125,159,153,152,106","7.13-164,125,159,153,152,106",163,20.994171779141105,19.409999999999997,9.146666666666667,1001.9621538078219,3.0008513176361786,1,0.027205476405009588
7.13,"156,95,90,12,124,73","7.13-156,95,90,12,124,73",164,21.90716463414634,19.456111111111113,9.104444444444445,1305.7028993409674,3.1158443684739905,1,0.017604246900289833
7.13,"32,50,51,210,96,61","7.13-32,50,51,210,96,61",88,20.90568181818182,20.3690476190476,7.561904761904766,612.0625049075929,2.7867957753323864,1,0.0067070046831153585
7.13,"48,74,38,133,29,213","7.13-48,74,38,133,29,213",98,21.61751700680273,20.673529411764726,6.447058823529417,712.5258896804451,2.8528006490890836,1,0.0006719874422624894
7.13,"180,71,245,166,44,220","7.13-180,71,245,166,44,220",106,23.10550314465408,20.816666666666663,6.333333333333333,662.1421034901698,2.8209512041508917,-1,-0.024974748865741248
7.13,"88,198,240,41,58,135","7.13-88,198,240,41,58,135",96,22.20494791666667,20.808333333333337,6.383333333333334,667.4981530175949,2.824450068335674,-1,-0.00949923039992473
7.13,"64,140,31,142,167,149","7.13-64,140,31,142,167,149",97,21.9180412371134,21.124285714285733,3.400952380952367,725.6270652725441,2.860713473169048,-1,-0.015604322112152569
7.14,"112,138,9,131,175,199","7.14-112,138,9,131,175,199",99,6.461881628937004,11.259642857142865,22.5092857142857,115.64675728409571,2.0631334597320805,1,0.06397330961327025
7.14,"48,74,38,133,29,213","7.14-48,74,38,133,29,213",126,8.325692720170835,11.575595238095232,23.151190476190468,575.5219022741765,2.7600618559515913,1,0.13621933706562883
7.14,"184,55,101,29,72,107","7.14-184,55,101,29,72,107",572,17.294816787428203,12.044444444444444,23.711111111111112,3764.4925934460953,3.5757064470129682,1,0.06458603256224177
7.14,"156,95,90,12,124,73","7.14-156,95,90,12,124,73",255,22.313229303509317,12.008333333333333,24.016666666666666,1515.1462358527076,3.1804545512270703,1,0.1122217501197913
7.14,"180,71,245,166,44,220","7.14-180,71,245,166,44,220",153,4.197919194977691,12.058333333333337,24.116666666666667,306.2627773174951,2.4860942165651605,1,0.11582363498920528
7.14,"132,65,103,218,221,212","7.14-132,65,103,218,221,212",239,16.230495677379,11.93690476190477,23.8595238095238,1676.8603028558964,3.2244968835804984,1,0.1447349217163711
7.14,"184,148,54,32,44,55","7.14-184,148,54,32,44,55",500,19.470559793757904,11.957575757575754,23.933333333333334,3836.9340033476374,3.5839843292404217,1,0.07290037753925266
7.14,"208,151,254,41,36,198","7.14-208,151,254,41,36,198",138,17.65304323154603,10.763194444444444,21.523611111111112,702.506854840741,2.8466505663066317,1,0.11994656756638528
7.14,"172,115,82,76,172,89","7.14-172,115,82,76,172,89",541,18.571174667572134,11.976666666666667,23.92,4001.413548915092,3.602213438339883,1,0.06463226049810139
7.14,"32,50,51,210,96,61","7.14-32,50,51,210,96,61",149,4.63979278810076,12.008333333333333,24.016666666666666,49.34529234728458,1.693245726304151,1,0.0390481406685127
7.14,"64,140,31,52,191,11","7.14-64,140,31,52,191,11",162,5.387177122905955,12.028125000000003,24.04375,329.5301585305072,2.5178951672881915,1,0.125379668936061
7.14,"164,204,185,229,56,107","7.14-164,204,185,229,56,107",212,10.592502279795855,9.001190476190466,17.3357142857143,1069.5746028051983,3.0292110819946627,1,0.11159885673042269
7.14,"116,21,117,93,235,62","7.14-116,21,117,93,235,62",327,8.578614785444557,10.516666666666666,21.0,1621.083795155443,3.209805464467912,1,0.10278973431338201
7.14,"164,125,159,153,152,106","7.14-164,125,159,153,152,106",115,18.143216411129636,11.808333333333337,23.616666666666667,323.10999447818324,2.5093503918758695,1,0.10660095793877244
7.14,"164,201,57,205,13,69","7.14-164,201,57,205,13,69",54,4.126568636665667,9.516666666666666,18.366666666666667,155.4549112204205,2.1916044470754827,1,0.026272041213292407
7.14,"72,81,197,94,156,205","7.14-72,81,197,94,156,205",145,16.39115046629748,10.632291666666667,20.597916666666666,226.0004609798168,2.354109324991589,1,0.08612316785884705
7.14,"248,135,241,149,138,83","7.14-248,135,241,149,138,83",171,6.486549707602336,3.8416666666666686,7.016666666666667,1179.1450231458311,3.071567222295002,1,0.01648442956577789
7.14,"124,218,195,126,234,181","7.14-124,218,195,126,234,181",176,0.506081690393881,11.943333333333335,23.88,433.3271157310158,2.636815866149291,1,0.08607287780963946
7.14,"140,170,206,161,68,84","7.14-140,170,206,161,68,84",111,22.56147783572799,12.141666666666666,23.583333333333332,532.8024922489684,2.726566247632671,1,0.1025963561891527
7.14,"144,120,65,31,69,55","7.14-144,120,65,31,69,55",82,21.834685067273796,12.066666666666663,23.433333333333334,348.1264221721597,2.5417369867088553,1,0.08962899251167916
7.14,"52,8,188,243,248,24","7.14-52,8,188,243,248,24",26,7.119176580686155,7.662500000000001,15.258333333333333,166.6768230327649,2.221875213932537,-1,-0.005801988964492133
7.14,"204,129,42,183,42,73","7.14-204,129,42,183,42,73",882,5.371789519598786,12.326666666666668,23.313333333333333,6861.440184343432,3.8364152816641397,-1,-0.07470439355607839
7.14,"156,116,3,130,126,7","7.14-156,116,3,130,126,7",134,3.76707741530708,12.083333333333336,23.433333333333334,561.0892817105394,2.749031972609306,1,0.12905815442245044
7.14,"4,237,51,58,71,236","7.14-4,237,51,58,71,236",184,0.38366750402311256,10.591666666666669,20.45,758.2156511921551,2.8797927449495995,1,0.06643489200686359
7.14,"4,207,140,11,128,186","7.14-4,207,140,11,128,186",123,12.440084920643338,11.743333333333332,23.253333333333334,424.8941176461932,2.6282807186360366,1,0.13418721488667978
7.14,"48,148,53,197,58,225","7.14-48,148,53,197,58,225",261,15.185619117108232,11.68611111111111,23.02777777777778,1570.0467506271718,3.1959125844073983,1,0.1402030179103278
7.14,"28,209,7,152,33,91","7.14-28,209,7,152,33,91",278,7.687315249254768,12.111666666666665,23.94333333333333,1101.3714577163819,3.0419338174540576,1,0.1274261206661006
7.14,"88,198,240,41,58,135","7.14-88,198,240,41,58,135",491,20.65404861115907,11.621212121212125,22.933333333333334,3936.0819493456675,3.5950641318777294,1,0.058343396986010154
7.14,"60,134,209,115,214,231","7.14-60,134,209,115,214,231",1111,18.225526083591742,12.123333333333335,23.62,7726.397523462616,3.8879770488521537,-1,-0.08157513750790768
7.14,"56,251,20,50,26,70","7.14-56,251,20,50,26,70",309,13.421265797487326,8.5465773809524,16.669345238095232,1926.3227081904843,3.284729044287142,1,0.08149441318988798
7.14,"8,250,121,45,167,67","7.14-8,250,121,45,167,67",234,14.37382550381706,11.702083333333334,23.170833333333334,741.1387733277381,2.8698995343594658,1,0.13462599752326854
7.14,"164,201,57,9,43,253","7.14-164,201,57,9,43,253",436,20.827840298636396,11.939479166666665,23.610625,2287.9119818991594,3.3594393127299096,1,0.10074444752548434
7.14,"24,2,174,207,62,51","7.14-24,2,174,207,62,51",390,17.213070063664613,10.994871794871806,21.02307692307691,2138.0901370517195,3.330026010133288,1,0.09613217353922726
7.14,"208,151,254,40,222,169","7.14-208,151,254,40,222,169",163,12.719671152049713,12.112037037037013,23.90925925925927,181.92342336731804,2.2598886198125863,1,0.09983077646568572
7.14,"140,37,5,134,24,48","7.14-140,37,5,134,24,48",174,21.67333044407494,12.190942028985525,23.34855072463769,921.4148733577462,2.964455218297671,1,0.13055925985047012
7.14,"248,195,158,150,36,116","7.14-248,195,158,150,36,116",191,13.26017103287004,7.618333333333332,12.73,1621.6483426897562,3.209956682558694,1,0.08082900072246596
7.14,"220,240,144,185,104,48","7.14-220,240,144,185,104,48",411,8.859096200967201,12.086538461538474,23.793589743589756,2780.699290092901,3.444154026003846,1,0.10573207479919011
7.14,"156,40,64,136,132,82","7.14-156,40,64,136,132,82",420,12.329449563869389,8.375,16.383333333333333,3398.444436177656,3.531280173696649,1,0.04266673047509595
7.14,"164,80,70,27,140,33","7.14-164,80,70,27,140,33",262,13.367233218129531,10.906481481481464,20.29074074074073,1839.2325250503336,3.264636638407474,1,0.1286023027532664
7.14,"40,53,69,96,185,108","7.14-40,53,69,96,185,108",125,12.153139226450811,10.357500000000002,20.151666666666667,381.1715584446781,2.581120487791705,1,0.11901399801578827
7.14,"248,45,124,72,127,16","7.14-248,45,124,72,127,16",382,20.573811334374298,11.96125,23.4475,2504.994147003775,3.398806715461974,1,0.10697619437116362
7.14,"104,74,174,67,128,132","7.14-104,74,174,67,128,132",195,23.952983878252425,10.566666666666663,20.7,934.6323304022998,2.970640799877322,1,0.06831667895682375
7.14,"208,151,254,41,36,162","7.14-208,151,254,41,36,162",452,9.146356063045271,12.224814814814792,22.257037037037048,3489.8695140683794,3.542809189028095,1,0.07890629658543041
7.14,"108,217,76,95,253,145","7.14-108,217,76,95,253,145",447,7.400592750668908,8.816666666666663,16.4,3093.502814144974,3.490450515431849,1,0.02900980680922627
7.14,"112,58,81,118,159,27","7.14-112,58,81,118,159,27",75,1.893149627751464,11.825000000000003,23.05,429.3410493336362,2.6328024133963095,1,0.08095976019042389
7.14,"152,151,204,174,182,173","7.14-152,151,204,174,182,173",143,13.537947252165035,12.782291666666666,22.33125,930.1654385311953,2.9685601987166286,1,0.1299365634817064
7.14,"64,140,31,142,167,149","7.14-64,140,31,142,167,149",447,19.797753740703754,12.113611111111112,23.53388888888889,2972.5226687318045,3.473125175273099,1,0.10372829887168228
7.14,"64,69,218,201,121,51","7.14-64,69,218,201,121,51",247,12.15360998650472,7.038333333333334,11.89,2811.644768728758,3.448960449802174,1,0.05214048317697306
7.14,"8,74,207,99,147,223","7.14-8,74,207,99,147,223",337,18.307172503905004,12.5,23.133333333333333,2540.571189736484,3.4049313688493648,1,0.11363770722575989
7.14,"20,94,105,93,76,199","7.14-20,94,105,93,76,199",156,2.6030535766335223,12.30972222222222,23.34722222222222,350.6805658004636,2.5449116985889866,1,0.10075767417670717
7.14,"32,84,250,87,207,6","7.14-32,84,250,87,207,6",150,10.688499999999998,6.561944444444443,9.670555555555556,1496.5036601153784,3.175077783365297,1,0.06531109724122375
7.14,"164,125,223,153,152,106","7.14-164,125,223,153,152,106",126,12.857074201623199,10.670000000000002,18.026666666666667,733.5360567747298,2.865421466336671,1,0.1396466852238834
7.14,"164,64,140,31,142,167","7.14-164,64,140,31,142,167",92,7.721829710144927,7.141333333333346,11.349333333333327,535.0139019671878,2.7283650670103796,1,0.06445856475381295
7.14,"192,203,241,128,223,206","7.14-192,203,241,128,223,206",202,10.962169966996697,6.831666666666667,11.03,1798.2729429116944,3.254855609868909,1,0.06376794725893137
7.14,"168,152,146,27,125,235","7.14-168,152,146,27,125,235",82,15.962422413934522,9.08240740740743,14.60185185185184,699.7454819359003,2.8449401030272434,1,0.08639420527118619
7.14,"20,154,16,154,204,112","7.14-20,154,16,154,204,112",188,19.607041755220585,12.491666666666667,22.65,1127.978049710377,3.05230064842178,1,0.1307214557849516
7.14,"220,68,109,46,82,108","7.14-220,68,109,46,82,108",152,15.521702507656444,9.142857142857132,14.276190476190466,1568.6858842390293,3.195535988584328,1,0.10163176475401664
7.14,"8,250,121,194,19,245","7.14-8,250,121,194,19,245",109,11.5628338455769,12.316666666666663,22.3,324.1986565168689,2.5108112107946696,1,0.1191411261628858
7.14,"48,74,38,155,214,98","7.14-48,74,38,155,214,98",170,15.252614807523049,11.538333333333334,18.343333333333334,1712.477155959923,3.2336247868174723,1,0.13583315127656131
7.14,"96,230,240,177,80,251","7.14-96,230,240,177,80,251",655,16.222669885814987,9.16785714285713,15.997619047619034,6376.394106349748,3.804575151694749,-1,-0.04569280054594471
7.14,"240,98,90,159,90,22","7.14-240,98,90,159,90,22",179,19.433646275227623,11.358333333333334,18.316666666666666,1548.6206034001564,3.1899450329744408,1,0.12388962419493765
7.14,"164,156,95,90,12,124","7.14-164,156,95,90,12,124",100,13.748749762709053,11.736666666666665,20.44,578.5587535087305,2.7623474687829797,1,0.13607145432188766
7.14,"72,70,193,161,116,246","7.14-72,70,193,161,116,246",101,13.611049900491466,11.858333333333334,18.216666666666665,260.6598564483053,2.4160741517459727,1,0.11036174212808969
7.14,"24,208,197,242,97,13","7.14-24,208,197,242,97,13",339,21.19052954453391,13.073214285714265,21.833333333333332,2188.7531684134165,3.340196787771556,1,0.08756095976768041
7.14,"132,27,119,107,15,168","7.14-132,27,119,107,15,168",111,16.31785020635595,13.39,21.153333333333332,655.2126269235168,2.8163822583347278,1,0.11280358928612028
7.14,"204,102,10,209,112,18","7.14-204,102,10,209,112,18",448,18.609609803343247,11.617361111111109,18.79861111111111,3316.707962716038,3.5207072334234644,1,0.07921921223541256
7.14,"212,26,63,131,183,163","7.14-212,26,63,131,183,163",60,11.20527777777778,8.002380952380932,7.728571428571433,572.9689701829565,2.758131102869281,1,0.060509789199927944
7.14,"216,50,20,254,96,65","7.14-216,50,20,254,96,65",127,14.617352739423607,12.078333333333333,17.19,416.8673641929049,2.6199978963118804,1,0.12922658379747037
7.14,"192,46,37,42,205,205","7.14-192,46,37,42,205,205",120,14.31034527556691,12.588888888888889,16.58888888888889,787.8598757034559,2.8964489832000497,1,0.1394303280380031
7.14,"156,116,3,24,100,145","7.14-156,116,3,24,100,145",161,15.182080337267296,12.483333333333334,15.716666666666667,587.4152243980087,2.768945198207147,1,0.12990540753652652
7.14,"224,238,27,200,231,100","7.14-224,238,27,200,231,100",186,9.07786738351254,7.753538359788362,4.6246693121692966,1903.685015828508,3.2795950915253034,1,0.048212289794624
7.14,"176,241,236,166,12,79","7.14-176,241,236,166,12,79",73,8.124959670469279,11.974444444444444,13.147777777777778,745.1591180505925,2.8722490200136943,1,0.1041222066054282
7.14,"80,142,73,24,8,214","7.14-80,142,73,24,8,214",112,6.889657738095238,6.742083333333333,1.6130555555555555,1060.7094489553267,3.0255964376278404,1,0.03808633925436922
7.14,"252,4,28,247,178,183","7.14-252,4,28,247,178,183",72,14.465277777777779,11.18537037037035,8.178148148148159,547.5270499936042,2.7384055799007636,1,0.0852158614578814
7.14,"12,75,84,85,61,8","7.14-12,75,84,85,61,8",97,14.626949050720945,13.537638888888893,13.805277777777778,592.134207696555,2.7724201510747735,1,0.11708731142263235
7.14,"48,123,172,71,127,62","7.14-48,123,172,71,127,62",99,17.291951907948427,13.524999999999999,12.183333333333334,474.9029414649696,2.6766048595336898,1,0.09582910198030542
7.14,"76,111,156,154,6,215","7.14-76,111,156,154,6,215",146,14.960157892872909,15.741666666666667,16.45,726.0555810233077,2.8609698680937172,1,0.09834769860240211
7.14,"172,146,50,67,121,50","7.14-172,146,50,67,121,50",190,11.704561403508777,12.949652777777779,9.265972222222222,1398.2802636159572,3.1455942277350815,1,0.09858309439902185
7.14,"108,177,88,58,181,202","7.14-108,177,88,58,181,202",152,11.947423245614033,14.297307692307712,9.825384615384618,1244.5359249511876,3.095007437531897,1,0.09979989566194308
7.14,"48,123,172,71,160,113","7.14-48,123,172,71,160,113",170,16.09186274509804,15.466666666666669,8.166666666666666,1229.3762875855057,3.0896848321213577,1,0.07971808348206716
7.14,"156,245,49,209,69,163","7.14-156,245,49,209,69,163",199,17.436725293132326,15.582575757575754,8.765151515151503,2145.0811332574094,3.3314437231219665,1,0.05859591292180638
7.14,"224,72,211,29,147,111","7.14-224,72,211,29,147,111",86,14.092829457364346,14.420158730158711,3.6580952380952336,817.7269535392874,2.9126083130027576,1,0.06723621168755362
7.14,"76,75,249,224,34,23","7.14-76,75,249,224,34,23",68,14.959558823529413,14.13444444444444,2.4644444444444447,843.0011035004333,2.9258281431227675,1,0.04880662063424024
7.14,"180,165,172,138,160,85","7.14-180,165,172,138,160,85",130,20.00769230769231,17.332936507936495,7.023015873015877,938.5449135161846,2.9724550603622855,1,0.04429022698313628
7.14,"116,239,75,132,114,223","7.14-116,239,75,132,114,223",70,15.895476190476188,15.893000000000015,0.1126666666666602,666.8157636917015,2.824005858107675,1,0.020782311892419192
7.14,"76,213,119,170,111,119","7.14-76,213,119,170,111,119",108,19.790354938271605,19.829166666666666,7.858333333333333,760.8023776692534,2.881271861194109,1,0.032746125159229034
7.14,"48,231,188,153,110,173","7.14-48,231,188,153,110,173",118,20.15748587570623,20.106228956228946,1.442087542087538,821.7840925235296,2.9147577302622887,1,0.009786741197558735
7.14,"232,79,37,195,200,27","7.14-232,79,37,195,200,27",92,20.004166666666663,19.728587962962983,0.8053240740740633,880.2684983339349,2.944615160285749,1,0.01525069751735375
7.14,"240,181,209,194,157,124","7.14-240,181,209,194,157,124",41,20.072357723577234,20.15,0.6666666666666666,361.7120922651526,2.558363027744883,-1,-0.021629570888473504
7.15,"252,107,240,89,142,53","7.15-252,107,240,89,142,53",146,10.581262804763583,7.441666666666666,15.0,501.4595195776277,2.700235880260457,1,0.09092078650123797
7.15,"164,125,159,153,152,106","7.15-164,125,159,153,152,106",97,7.14423466689418,7.583333333333332,15.166666666666666,34.42480959341122,1.536871546815395,-1,-0.04002386725499296
7.15,"184,148,54,32,44,55","7.15-184,148,54,32,44,55",404,11.410782216477086,7.391666666666666,14.783333333333333,3115.3934677167904,3.4935129049492195,1,0.03583839325245031
7.15,"184,55,101,29,72,107","7.15-184,55,101,29,72,107",465,13.310729804252482,7.487400793650789,14.91091269841269,3642.65166617865,3.5614176431910236,1,0.012789264088893137
7.15,"180,71,245,166,44,220","7.15-180,71,245,166,44,220",156,11.589752311683988,7.453125,14.90625,563.5911032083267,2.7509641287630333,1,0.09133419740425297
7.15,"76,111,156,154,6,215","7.15-76,111,156,154,6,215",38,11.546807270811698,7.430952380952398,14.861904761904766,164.07941995131057,2.2150541120580773,1,0.008829376342187834
7.15,"208,151,254,40,222,169","7.15-208,151,254,40,222,169",171,12.040133591718376,7.575925925925905,15.14814814814816,995.7640387814486,2.998156438026218,1,0.09878105730591902
7.15,"140,170,206,161,68,84","7.15-140,170,206,161,68,84",144,7.394707917418549,7.558333333333334,15.116666666666667,933.2675385897526,2.970006160228322,1,0.09184443744394521
7.15,"64,140,31,142,167,149","7.15-64,140,31,142,167,149",270,11.32929085797562,7.333333333333332,14.666666666666666,1734.466416373888,3.2391658952275426,1,0.07148224368409278
7.15,"156,95,90,12,124,73","7.15-156,95,90,12,124,73",136,7.509752073348507,7.592083333333335,15.1825,660.0407860186986,2.8195707728078876,1,0.09221373566820362
7.15,"144,120,65,31,69,55","7.15-144,120,65,31,69,55",123,8.233185891812788,7.600000000000001,15.0,642.3425408950839,2.8077666853088052,1,0.09314681004184633
7.15,"116,76,161,98,31,201","7.15-116,76,161,98,31,201",117,10.410963609763968,7.539814814814793,14.483333333333333,652.1237252767843,2.814330000804536,1,0.09792455504548836
7.15,"32,50,51,210,96,61","7.15-32,50,51,210,96,61",118,8.351753240247945,7.725000000000001,14.783333333333333,295.6293449178394,2.4707475410331776,1,0.0755296950308374
7.15,"20,154,16,154,204,112","7.15-20,154,16,154,204,112",342,4.7572984295946545,7.035555555555554,14.04888888888889,2494.9582130950266,3.3970632762222466,1,0.013578403132655792
7.15,"48,74,38,133,29,213","7.15-48,74,38,133,29,213",163,9.181775300730372,7.389062500000001,14.816666666666666,738.0343236154827,2.8680765599398024,1,0.09761373076300273
7.15,"204,129,42,183,42,73","7.15-204,129,42,183,42,73",366,6.460603240882092,7.371666666666666,14.256666666666666,3376.545110656837,3.5284725562710593,1,0.019820973981413692
7.15,"8,250,121,45,167,67","7.15-8,250,121,45,167,67",532,8.13399639483304,7.459166666666668,14.698333333333334,3496.9332501463177,3.5436873425266326,-1,-0.005136489708074676
7.15,"48,69,150,180,24,101","7.15-48,69,150,180,24,101",91,7.370275883172337,7.393055555555556,14.769444444444444,69.56171442077236,1.8423702771016028,-1,-0.01537607276570907
7.15,"4,207,140,11,128,186","7.15-4,207,140,11,128,186",133,7.4226778198480226,7.536111111111111,15.061111111111112,672.492997628679,2.8276877665821667,1,0.09262069808336831
7.15,"76,213,119,170,111,119","7.15-76,213,119,170,111,119",114,9.505510207888667,7.460714285714268,14.2547619047619,889.5107504765775,2.9491512012613623,1,0.09443628142247396
7.15,"140,37,5,134,24,48","7.15-140,37,5,134,24,48",177,3.486487758945387,4.45815972222222,8.91423611111111,982.534580775163,2.992347844518755,1,0.006629492515982549
7.15,"172,115,82,76,172,89","7.15-172,115,82,76,172,89",200,8.734321998041395,7.766666666666666,14.866666666666667,929.7991587398692,2.968389148907944,1,0.09487814136802353
7.15,"248,45,124,72,127,16","7.15-248,45,124,72,127,16",619,10.839812842383978,7.208333333333332,13.75,4656.235424630562,3.6680349306266122,-1,-0.04010343356522661
7.15,"156,116,3,202,211,133","7.15-156,116,3,202,211,133",182,6.0316849816849825,3.7312499999999993,6.833333333333333,959.1954687577177,2.981907118487198,1,0.007728931057148447
7.15,"20,94,105,93,76,199","7.15-20,94,105,93,76,199",77,5.8871455780068365,6.751666666666665,13.463333333333333,274.49747841356964,2.4385383592921133,1,0.025495443064768142
7.15,"8,74,207,99,147,223","7.15-8,74,207,99,147,223",401,2.6694165078692116,6.991613247863263,13.947329059829062,3301.3917027835355,3.518697055461845,-1,-0.032225372339501956
7.15,"156,116,3,130,126,7","7.15-156,116,3,130,126,7",177,10.757007087563277,7.541666666666668,14.983333333333333,1134.3549789305457,3.054748981599541,1,0.09167634328130853
7.15,"8,250,121,194,19,245","7.15-8,250,121,194,19,245",129,6.095036609887641,7.441666666666666,14.216666666666667,452.80982089461395,2.65591583760178,1,0.07439667853290599
7.15,"24,208,197,242,97,13","7.15-24,208,197,242,97,13",231,7.227705627705628,4.891071428571433,9.0154761904762,1113.0847231529428,3.04652822219405,1,0.02130044927257424
7.15,"60,134,209,115,214,231","7.15-60,134,209,115,214,231",317,6.314949009789945,7.65486111111111,14.543055555555556,2632.3255729345683,3.4203396029451687,1,0.04595333601484103
7.15,"164,201,57,9,43,253","7.15-164,201,57,9,43,253",26,6.489102564102563,4.290476190476198,6.266666666666667,146.42089214812069,2.165603048698435,-1,-0.052408966404602686
7.15,"132,65,103,218,221,212","7.15-132,65,103,218,221,212",99,6.958749964059944,7.553333333333335,14.306666666666667,491.6657159208916,2.691669925789686,1,0.07590479553725582
7.15,"84,167,3,191,88,22","7.15-84,167,3,191,88,22",159,6.88595387840671,6.178571428571434,11.4904761904762,1064.9858230175905,3.027343826529488,1,0.06473610328751983
7.15,"240,27,108,132,118,12","7.15-240,27,108,132,118,12",296,7.27660472972973,4.3015151515151615,8.360606060606045,2187.872439621965,3.34002199755937,-1,-0.010988330745556718
7.15,"124,218,195,126,234,181","7.15-124,218,195,126,234,181",120,6.098964620590732,7.466666666666669,14.666666666666666,357.1448420713488,2.552844382372848,1,0.06915262803136424
7.15,"164,80,70,27,140,33","7.15-164,80,70,27,140,33",145,8.530589184233575,7.766666666666666,14.033333333333333,1038.9058304725188,3.0165761835921923,1,0.09773405617713837
7.15,"92,102,108,72,204,105","7.15-92,102,108,72,204,105",181,8.06611418047882,5.191666666666666,6.933333333333334,1490.0770877001823,3.173208736799389,1,0.03377883461661568
7.15,"72,149,7,30,171,33","7.15-72,149,7,30,171,33",65,5.648717948717948,4.383333333333333,6.5,212.93631704550606,2.3282497382226137,-1,-0.01888462163132265
7.15,"64,140,31,52,191,11","7.15-64,140,31,52,191,11",125,10.968741653425159,8.170833333333334,13.275,721.6568215545672,2.8583307212024835,1,0.11225290735286636
7.15,"136,191,228,175,202,9","7.15-136,191,228,175,202,9",266,6.955528668288392,7.730555555555554,12.227777777777778,1806.692891988604,3.2568843359312374,1,0.05988714600521022
7.15,"152,151,204,174,182,173","7.15-152,151,204,174,182,173",78,8.745397361304125,8.230555555555554,12.35,279.5918257876096,2.4465244701236113,1,0.055903761986544676
7.15,"180,165,172,138,160,85","7.15-180,165,172,138,160,85",291,6.65704467353952,4.778787878787874,4.675757575757582,2282.0961994434674,3.358333947710099,-1,-0.01348838747621528
7.15,"88,198,240,41,58,135","7.15-88,198,240,41,58,135",104,9.41161858974359,8.65625,11.145833333333334,688.1389040748261,2.8376761114685505,1,0.09964793920538939
7.15,"156,116,3,24,100,145","7.15-156,116,3,24,100,145",71,6.9518779342723,7.267592592592571,7.40925925925927,415.54214534509657,2.618615077608911,1,0.044848086048882796
7.15,"48,74,38,155,214,98","7.15-48,74,38,155,214,98",99,8.083754208754208,9.35370370370368,10.225925925925937,1020.2239001943584,3.0086954932796077,1,0.08617441535781589
7.15,"124,161,119,218,83,242","7.15-124,161,119,218,83,242",191,9.8370855148342,7.945512820512814,4.975641025641041,1661.112858829235,3.2203991401586114,1,0.06105589582703702
7.15,"48,148,53,197,58,225","7.15-48,148,53,197,58,225",334,12.693987025948104,9.665909090909082,8.184848484848496,2945.0426206942343,3.4690915842838614,1,0.031033045119632563
7.15,"124,161,119,225,7,54","7.15-124,161,119,225,7,54",66,7.060606060606062,6.416666666666668,1.6666666666666667,359.72538976570235,2.5559710918246186,1,0.011760043855603697
7.15,"164,80,70,102,229,159","7.15-164,80,70,102,229,159",343,8.030515063168124,8.100000000000001,0.68,2809.9471451378495,3.4486981509403614,-1,-0.015792425830084222
7.15,"200,226,101,223,161,131","7.15-200,226,101,223,161,131",143,10.071153846153848,9.758333333333333,4.3,1043.552711461699,3.0185143908416037,1,0.08464551230430284
7.15,"140,217,214,204,25,121","7.15-140,217,214,204,25,121",126,9.844576719576722,11.202083333333334,6.904166666666667,1134.2858033204327,3.054722496502386,1,0.09290207551929913
7.15,"100,71,205,135,160,247","7.15-100,71,205,135,160,247",87,9.914463601532567,11.616666666666667,6.6,514.030015892545,2.7109884796098567,1,0.09140064384325358
7.15,"84,90,166,64,201,116","7.15-84,90,166,64,201,116",297,8.916470258136926,8.917346014492729,0.46385869565216126,2944.9332928613876,3.4690754618157134,-1,-0.01083717030123832
7.15,"124,176,115,164,199,70","7.15-124,176,115,164,199,70",43,9.534496124031008,9.89215686274511,1.1156862745098057,395.43785722468607,2.597078244129799,1,0.034708545874897356
7.15,"176,241,236,166,12,79","7.15-176,241,236,166,12,79",50,13.232166666666664,13.039166666666667,2.6783333333333332,531.266143445872,2.725312140052136,1,0.04784888119461689
7.18,"204,129,42,183,42,73","7.18-204,129,42,183,42,73",609,12.903468919360556,11.990625000000001,23.947916666666668,5466.0341147450945,3.7376723378943866,1,0.02105383927803861
7.18,"8,250,121,45,167,67","7.18-8,250,121,45,167,67",142,12.00352148522214,11.970833333333331,23.908333333333335,647.0719700354889,2.8109525873935675,1,0.14178221778032807
7.18,"88,198,240,41,58,135","7.18-88,198,240,41,58,135",295,12.529938967131569,11.960648148148124,23.126851851851843,2100.433785886913,3.322308995382608,1,0.1368494988607573
7.18,"48,74,38,133,29,213","7.18-48,74,38,133,29,213",112,13.142731745478146,12.208333333333336,23.716666666666665,376.53553038324003,2.5758059630634924,1,0.12456694278318681
7.18,"180,71,245,166,44,220","7.18-180,71,245,166,44,220",169,15.488110263698346,12.174999999999997,23.65,304.52468774742283,2.483622506551356,1,0.12544400708895215
7.18,"20,94,105,93,76,199","7.18-20,94,105,93,76,199",54,14.249360150973725,12.789285714285732,21.378571428571433,159.92799583930704,2.2039244948549337,1,0.04484858567502442
7.18,"32,50,51,210,96,61","7.18-32,50,51,210,96,61",89,15.859267236141285,12.041666666666664,24.05,356.4053039329735,2.5519441584728138,1,0.10746181225443996
7.18,"20,178,229,137,47,142","7.18-20,178,229,137,47,142",265,7.059410681801063,12.058333333333337,24.083333333333332,1667.4575438028198,3.2220547848813044,1,0.12551835517561943
7.18,"184,148,54,32,44,55","7.18-184,148,54,32,44,55",308,11.125193160857169,12.049999999999997,24.066666666666666,1737.765821743045,3.2399912512972953,1,0.12934137863184147
7.18,"20,154,16,154,204,112","7.18-20,154,16,154,204,112",275,12.359334627551736,12.62638888888889,22.54722222222222,2285.945596482933,3.3590658903512978,1,0.11946514824401377
7.18,"164,125,159,153,152,106","7.18-164,125,159,153,152,106",90,10.043950861933983,14.631818181818169,18.803030303030294,393.6599028672837,2.595121180981953,1,0.07808044165615319
7.18,"108,217,76,95,253,145","7.18-108,217,76,95,253,145",147,12.124358022675075,14.767948717948713,18.464102564102568,566.592944585316,2.7532711622304076,1,0.09787743872765414
7.18,"4,207,140,11,128,186","7.18-4,207,140,11,128,186",310,12.007073852144895,14.570798611111115,18.556180555555557,2154.9224118078932,3.333431637962968,1,0.07957321271944223
7.18,"156,95,90,12,124,73","7.18-156,95,90,12,124,73",67,13.66052279220319,14.581818181818171,17.436363636363627,397.3015476339681,2.5991202567935536,1,0.08347285451243897
7.18,"112,138,9,131,175,199","7.18-112,138,9,131,175,199",102,13.014684497760689,15.558333333333337,16.816666666666666,279.03324704442855,2.445655952906898,1,0.061367826923959645
7.18,"196,64,246,34,203,41","7.18-196,64,246,34,203,41",155,13.47854838709678,11.445833333333333,8.775,857.1426475720899,2.933053104184708,1,0.11152446401431049
7.18,"164,201,57,9,43,253","7.18-164,201,57,9,43,253",67,11.02139303482587,11.621875000000003,8.14375,292.8900501145873,2.4667046183400907,1,0.06695723027077727
7.18,"108,250,167,124,18,1","7.18-108,250,167,124,18,1",57,11.693128654970756,10.607777777777777,5.833333333333333,205.0736460621855,2.311909852932199,1,0.03775787287907362
7.18,"64,140,31,142,167,149","7.18-64,140,31,142,167,149",461,14.7183536172764,15.475000000000001,15.783333333333333,3042.6261373354596,3.4832485917051335,1,0.03320162769214219
7.18,"172,115,82,76,172,89","7.18-172,115,82,76,172,89",193,14.16355676591419,15.626666666666665,13.364444444444445,1366.4946945887195,3.135607949885016,1,0.10053914682504189
7.18,"60,134,209,115,214,231","7.18-60,134,209,115,214,231",323,13.842466460268312,12.455729166666664,8.153125,2658.1226987740797,3.424575024074971,1,0.0630726193569573
7.18,"40,49,102,240,235,181","7.18-40,49,102,240,235,181",117,11.72058404558404,12.429166666666667,6.908333333333333,1061.8052084073252,3.026044851328187,1,0.10049142866346034
7.18,"156,116,3,24,100,145","7.18-156,116,3,24,100,145",130,11.191025641025647,11.891666666666666,5.183333333333334,1099.8865493735432,3.0413478910472773,1,0.1001411923905216
7.18,"220,22,178,82,60,241","7.18-220,22,178,82,60,241",479,11.97432150313152,12.499908424908455,6.8950549450549365,4244.3688993831,3.6278131235808315,-1,-0.0063600470863047764
7.18,"252,124,2,134,99,96","7.18-252,124,2,134,99,96",42,9.154761904761905,9.166481481481462,0.2262962962962855,423.40941586367455,2.626760511718743,1,0.023932297011681092
7.18,"156,116,3,130,126,7","7.18-156,116,3,130,126,7",186,12.799949501441995,15.497083333333336,12.880833333333333,1539.455259806628,3.1873670718027474,1,0.09109644103648462
7.18,"132,27,119,107,15,168","7.18-132,27,119,107,15,168",142,11.149002347417834,11.108333333333334,4.116666666666666,968.5775341913536,2.9861343915225396,1,0.0938333785030967
7.18,"76,2,32,111,66,59","7.18-76,2,32,111,66,59",235,11.804889511669002,15.653611111111111,13.153888888888888,1547.3243475511767,3.1895813593276787,1,0.08005303855164314
7.18,"248,45,124,72,127,16","7.18-248,45,124,72,127,16",54,12.722773795477135,16.14372294372297,14.006493506493506,174.72370988200095,2.2423518424313307,1,0.014805615442437192
7.18,"140,170,206,161,68,84","7.18-140,170,206,161,68,84",382,12.888483661964072,16.54895833333333,14.86875,3495.6480855924074,3.543527704803856,1,0.022274642153473856
7.18,"76,213,119,170,111,119","7.18-76,213,119,170,111,119",109,12.909725136612373,16.733333333333334,14.6,531.756954256432,2.7257131782653077,1,0.06871031052397897
7.18,"72,81,197,94,156,205","7.18-72,81,197,94,156,205",76,13.867993436452766,16.65833333333333,14.45,352.13327077077076,2.546707060655309,1,0.05727641872269024
7.18,"8,74,207,99,147,223","7.18-8,74,207,99,147,223",540,13.159382716049379,12.511111111111113,6.611111111111111,4269.7525374495835,3.6304027052979895,-1,-0.019503530794499957
7.18,"76,2,32,160,146,82","7.18-76,2,32,160,146,82",87,11.455172413793107,12.112499999999997,5.9345238095238,483.75998417368476,2.6846299413898453,1,0.09805452891233807
7.18,"208,151,254,40,222,169","7.18-208,151,254,40,222,169",124,13.56812648826639,16.113888888888887,13.294444444444444,874.3816141954777,2.941701017037028,1,0.08570388881205898
7.18,"196,64,246,220,81,179","7.18-196,64,246,220,81,179",123,12.613482384823847,12.40166666666667,5.803333333333334,842.1857156706367,2.925407871069013,1,0.104650119835761
7.18,"204,102,10,209,112,18","7.18-204,102,10,209,112,18",62,10.656048387096774,10.958333333333336,3.1166666666666667,415.7963057310616,2.6188806263909723,1,0.06419746848798552
7.18,"24,158,44,153,108,178","7.18-24,158,44,153,108,178",37,13.847297297297295,12.616666666666667,6.0,306.1280925643192,2.485903185480536,1,0.040193928089165665
7.18,"96,230,240,154,21,215","7.18-96,230,240,154,21,215",176,11.427083333333329,11.091666666666669,2.5,1615.3372773489896,3.2082632154587203,1,0.059759825107202014
7.18,"152,34,239,8,233,105","7.18-152,34,239,8,233,105",122,13.683067208319187,17.115740740740762,13.564814814814826,930.5643909837171,2.9687464297842223,1,0.06913521522731458
7.18,"32,195,143,154,172,97","7.18-32,195,143,154,172,97",199,11.136222780569511,11.159444444444446,2.181111111111111,1978.6333193390042,3.2963653181363326,1,0.045439499984734344
7.18,"164,80,70,27,140,33","7.18-164,80,70,27,140,33",149,12.59395973154362,13.075000000000003,4.85,951.6503589569182,2.978477415751131,1,0.08758052658046589
7.18,"176,241,236,166,12,79","7.18-176,241,236,166,12,79",93,12.083960573476702,12.450000000000003,3.1,812.4116887952714,2.9097761633083077,1,0.07750780244981959
7.18,"76,24,154,44,218,251","7.18-76,24,154,44,218,251",120,14.217430555555552,16.659374999999997,11.28125,500.0723671901849,2.6990328571303848,1,0.06723699560829421
7.18,"140,52,1,175,121,255","7.18-140,52,1,175,121,255",112,13.557589285714286,15.692424242424252,9.315151515151504,591.0451166597637,2.7716206334506635,1,0.08410626782155006
7.18,"224,238,27,201,210,17","7.18-224,238,27,201,210,17",48,11.925347222222221,11.924999999999997,0.016666666666666666,493.47726259970705,2.6932671469651894,1,0.03785204081820914
7.18,"160,148,26,36,89,17","7.18-160,148,26,36,89,17",37,13.236711711711706,14.087962962962983,3.59074074074073,267.01640894920143,2.426537950866901,1,0.007512632968697974
7.18,"240,98,90,159,90,22","7.18-240,98,90,159,90,22",105,12.666666666666664,12.666666666666664,0.0,1031.1124812913004,3.0133060438864017,1,0.04617700164236421
7.18,"156,245,49,209,69,163","7.18-156,245,49,209,69,163",53,12.674842767295594,12.674999999999997,0.016666666666666666,407.1740215818361,2.609780061461403,1,0.03566657481859392
7.18,"48,231,188,153,110,173","7.18-48,231,188,153,110,173",221,17.904751131221715,18.441666666666663,11.199074074074064,1619.9896136954012,3.209512230141869,1,0.04054847231157277
7.19,"36,17,69,161,50,93","7.19-36,17,69,161,50,93",130,9.00142909841524,11.606944444444444,23.21388888888889,115.66923983984546,2.063217881475958,1,0.07948580057876248
7.19,"20,94,105,93,76,199","7.19-20,94,105,93,76,199",181,4.192724956490894,11.520833333333336,23.041666666666668,517.6227930901663,2.714013391878836,1,0.11786382853278737
7.19,"32,50,51,210,96,61","7.19-32,50,51,210,96,61",153,1.223985723965542,12.024999999999999,24.05,82.0204527859145,1.913922162438437,1,0.02456498481586067
7.19,"180,71,245,166,44,220","7.19-180,71,245,166,44,220",185,23.042624561355996,12.051515151515162,24.096969696969705,310.7392105785217,2.492396058093861,1,0.08572379434538913
7.19,"64,140,31,142,167,149","7.19-64,140,31,142,167,149",459,22.46724899389084,12.049999999999997,24.1,3026.201591512997,3.480897855334735,1,0.06779606597122118
7.19,"112,138,9,131,175,199","7.19-112,138,9,131,175,199",184,13.960411531284233,11.968333333333334,23.93,377.97272209048606,2.577460458374131,1,0.13137077867671587
7.19,"252,107,240,89,142,53","7.19-252,107,240,89,142,53",162,13.144536963669589,12.058333333333337,24.116666666666667,161.45289690231115,2.2080458418425044,1,0.09409606863481867
7.19,"76,213,119,170,111,119","7.19-76,213,119,170,111,119",156,0.767850623753335,12.138095238095232,24.023809523809533,523.0473834030305,2.7185410338354097,1,0.08937305506694998
7.19,"8,250,121,194,19,245","7.19-8,250,121,194,19,245",54,21.644282097077422,12.42619047619047,23.447619047619035,252.49106860447648,2.402246020377871,1,0.04605996729970546
7.19,"172,115,82,76,172,89","7.19-172,115,82,76,172,89",482,16.533918351195922,12.089285714285737,23.8547619047619,3362.678669288757,3.526685369002948,1,0.08955074895314274
7.19,"20,178,229,137,47,142","7.19-20,178,229,137,47,142",482,17.67056022797098,12.049999999999997,24.1,2820.0333272740445,3.450254240860385,1,0.08557050296631319
7.19,"184,55,101,29,72,107","7.19-184,55,101,29,72,107",401,6.7969855688765906,11.948611111111113,23.51388888888889,2745.7886981919073,3.438667113111899,1,0.10099743956692026
7.19,"88,198,240,41,58,135","7.19-88,198,240,41,58,135",542,21.427427908764095,11.988888888888887,23.955555555555556,4425.415616445909,3.6459540640627446,1,0.043025796502773495
7.19,"184,148,54,32,44,55","7.19-184,148,54,32,44,55",549,20.489412670136268,12.066666666666663,24.133333333333333,3549.8491367343604,3.5502098965829814,1,0.05311219964990532
7.19,"48,231,188,153,110,173","7.19-48,231,188,153,110,173",449,17.78844791627954,11.096666666666664,21.526666666666667,3552.7958890454247,3.5505702576419984,1,0.07289517321580818
7.19,"208,151,254,40,222,169","7.19-208,151,254,40,222,169",195,0.5134445919599857,12.157291666666666,23.61875,777.9771172773006,2.8909668232283146,1,0.09512489462381607
7.19,"8,250,121,45,167,67","7.19-8,250,121,45,167,67",458,17.810088708241345,11.976041666666667,23.947916666666668,3329.225302533575,3.5223431866664714,1,0.09462351077601383
7.19,"152,34,239,8,233,105","7.19-152,34,239,8,233,105",103,20.713597325420498,12.119791666666664,23.572916666666668,367.37185051919266,2.5651058758877503,1,0.10017156744914651
7.19,"140,170,206,161,68,84","7.19-140,170,206,161,68,84",194,8.759369195713257,11.188746438746456,22.3737891737892,1034.1420835476613,3.0145802117381377,1,0.12856377455595663
7.19,"156,116,3,130,126,7","7.19-156,116,3,130,126,7",150,1.4782321260990146,12.076190476190469,23.880952380952365,169.68510839168908,2.2296437301957215,1,0.07397866241517398
7.19,"4,207,140,11,128,186","7.19-4,207,140,11,128,186",94,6.5776835097283035,11.280555555555551,21.86111111111111,104.55373523678898,2.0193395528279985,1,0.06028469339943471
7.19,"204,129,42,183,42,73","7.19-204,129,42,183,42,73",97,5.217743214001329,11.948958333333337,23.802083333333332,247.29514761536993,2.3932155947901532,1,0.10898833780771094
7.19,"108,217,76,95,253,145","7.19-108,217,76,95,253,145",523,8.496315470103577,12.116666666666667,23.533333333333335,2858.9330638038646,3.4562039873408756,1,0.06848734330485329
7.19,"20,154,16,154,204,112","7.19-20,154,16,154,204,112",391,21.711375254299654,11.9952380952381,23.942857142857132,3211.2321642415263,3.50667170513178,1,0.08529521693417436
7.19,"140,37,5,134,24,48","7.19-140,37,5,134,24,48",203,5.282576008377718,11.92505827505827,23.76806526806529,865.5210577711175,2.9372776385459547,1,0.13998043091796236
7.19,"56,252,152,142,93,110","7.19-56,252,152,142,93,110",148,22.168325396525198,12.00277777777778,23.272222222222222,445.3709811815553,2.6487219165074327,1,0.11393778245815928
7.19,"8,74,207,99,147,223","7.19-8,74,207,99,147,223",197,16.544356314294195,11.384166666666665,22.698333333333334,1141.6454706741827,3.057531257995181,1,0.1299877460160856
7.19,"204,45,131,71,244,199","7.19-204,45,131,71,244,199",199,21.219245796131922,11.868055555555557,23.163888888888888,443.48476965770413,2.646878709698312,1,0.11612177271089558
7.19,"20,153,226,219,38,57","7.19-20,153,226,219,38,57",134,17.515814605046298,12.174999999999997,23.64,695.4995419905456,2.8422968483308773,1,0.13634447788117104
7.19,"208,151,254,41,36,198","7.19-208,151,254,41,36,198",290,20.109306442852827,12.23148148148146,23.637037037037047,1775.5147897978422,3.249324294266944,1,0.13051436675551642
7.19,"156,95,90,12,124,73","7.19-156,95,90,12,124,73",143,7.888583295359661,11.852777777777774,23.605555555555554,99.93038579377846,1.9996975640623524,1,0.07806241303201206
7.19,"76,121,110,78,156,206","7.19-76,121,110,78,156,206",97,17.437745064794488,12.197916666666664,23.870833333333334,113.75354850345943,2.0559649532098905,1,0.05317167631011693
7.19,"144,120,65,31,69,55","7.19-144,120,65,31,69,55",147,10.897515051017976,11.93888888888889,23.444444444444443,268.2591815229095,2.428554595191561,1,0.12839281207988823
7.19,"164,80,70,27,140,33","7.19-164,80,70,27,140,33",219,18.747016900547248,11.90486111111111,23.043055555555554,1313.844071777295,3.118543825813566,1,0.14391743346674324
7.19,"112,58,81,118,159,27","7.19-112,58,81,118,159,27",201,21.25570301516193,11.68888888888889,23.255555555555556,718.0129232939792,2.8561322610455786,1,0.12127317865673748
7.19,"132,65,103,218,221,212","7.19-132,65,103,218,221,212",189,17.231445041996707,12.081249999999997,24.004166666666666,1401.628775611729,3.1466330050348383,1,0.1403103301496066
7.19,"100,188,88,186,223,176","7.19-100,188,88,186,223,176",168,7.756038908614483,12.216666666666669,23.633333333333333,693.2804152409,2.8409089318114304,1,0.14615253093597042
7.19,"220,240,144,185,104,48","7.19-220,240,144,185,104,48",192,18.50075053226275,12.033888888888889,23.79888888888889,812.2504358174185,2.909689953040165,1,0.14612107853191802
7.19,"248,45,124,72,127,16","7.19-248,45,124,72,127,16",158,3.6502054519478166,12.130952380952401,23.671428571428567,183.5029698253178,2.2636430972982486,1,0.09331945289604121
7.19,"52,8,188,243,248,24","7.19-52,8,188,243,248,24",142,14.130954071325135,12.299999999999997,23.166666666666668,224.45560329106584,2.3511304515644285,1,0.10569642757383357
7.19,"164,201,57,9,43,253","7.19-164,201,57,9,43,253",236,20.034454555077,12.252083333333331,23.295833333333334,862.7937798070664,2.9359070054555363,1,0.13245160859636618
7.19,"156,116,3,24,100,145","7.19-156,116,3,24,100,145",101,8.059871333915035,12.210641025641038,22.485384615384618,735.8599759069193,2.8667951818967268,1,0.1318155602817767
7.19,"164,204,185,229,56,107","7.19-164,204,185,229,56,107",274,19.744641637473045,12.470833333333331,22.958333333333332,1436.1503241688135,3.157199900588839,1,0.1321840350679096
7.19,"64,69,218,104,146,86","7.19-64,69,218,104,146,86",324,15.821244927419428,10.016666666666666,17.066666666666666,2845.3606130924763,3.454137315494339,1,0.0906205975097179
7.19,"208,151,254,41,36,162","7.19-208,151,254,41,36,162",86,9.10639660898617,12.79,21.986666666666668,363.3264111532561,2.560296969019361,1,0.10015766378434271
7.19,"124,161,119,225,7,54","7.19-124,161,119,225,7,54",100,11.563738972718665,10.816666666666663,17.066666666666666,474.40133291111596,2.6761459005820267,1,0.12534866911618858
7.19,"76,24,154,44,218,251","7.19-76,24,154,44,218,251",223,18.883309625278308,12.458333333333336,19.85,961.3422720438458,2.9828780394843895,1,0.13213770338805186
7.19,"24,208,197,242,97,13","7.19-24,208,197,242,97,13",311,18.46320228342454,12.69824561403508,20.536842105263172,1918.8505135047099,3.28304114269338,1,0.12518714137296472
7.19,"228,163,47,85,234,94","7.19-228,163,47,85,234,94",181,11.640072376127678,12.626666666666665,19.086666666666666,785.1073256924262,2.8949290297005876,1,0.14324384032632181
7.19,"28,209,7,152,33,91","7.19-28,209,7,152,33,91",164,14.226500525630026,13.301666666666662,20.463333333333335,506.7789366600127,2.70481855593037,1,0.12297236100725861
7.19,"60,134,209,115,214,231","7.19-60,134,209,115,214,231",620,21.885870316688074,13.114583333333336,20.270833333333332,4695.396768119702,3.6716722966925177,-1,-0.005392937674312814
7.19,"164,20,178,229,137,47","7.19-164,20,178,229,137,47",111,9.16718262865934,13.413333333333334,20.326666666666668,785.0485584559386,2.894896520461482,1,0.11237356670303794
7.19,"216,50,20,254,96,65","7.19-216,50,20,254,96,65",258,17.89867218319476,13.110476190476199,19.620952380952367,1520.9440471278815,3.182113237412249,1,0.125661761108659
7.19,"76,2,32,111,66,59","7.19-76,2,32,111,66,59",315,12.865928807373294,11.116388888888892,12.877222222222223,2091.949719314979,3.3205512419129835,1,0.09942957577421141
7.19,"40,53,69,96,185,108","7.19-40,53,69,96,185,108",105,15.940367728025393,13.903125000000003,19.958333333333332,263.45588712433096,2.420707907661302,1,0.07223844490004716
7.19,"68,215,145,9,49,30","7.19-68,215,145,9,49,30",202,12.044224422442241,8.840000000000003,10.113333333333333,1326.175687849204,3.1226010619339175,1,0.0947668353939567
7.19,"12,75,84,85,61,8","7.19-12,75,84,85,61,8",94,19.45125887684741,13.15166666666667,19.143333333333334,661.6780559141024,2.820646731812335,1,0.10831145366632505
7.19,"136,191,228,175,202,9","7.19-136,191,228,175,202,9",490,8.576377732855743,15.055555555555557,15.88888888888889,3220.301072279166,3.5078964766390235,1,0.00010047286785375142
7.19,"56,71,188,17,110,114","7.19-56,71,188,17,110,114",33,16.62169951456443,15.229166666666664,15.4,241.23803387434336,2.3824457802490766,1,0.021982341068415123
7.19,"48,123,172,71,160,113","7.19-48,123,172,71,160,113",115,13.589594979020607,14.242261904761904,12.548809523809533,964.0915837013257,2.9841182915863187,1,0.1072409060756152
7.19,"108,177,88,58,181,202","7.19-108,177,88,58,181,202",141,12.177777777777777,12.515972222222224,8.868055555555555,1208.862802880361,3.082377014398376,1,0.10597057454692621
7.19,"160,148,26,36,89,17","7.19-160,148,26,36,89,17",56,10.699553571428567,10.258333333333333,3.55,374.9093814333764,2.573926307996294,1,0.054100900429168486
7.19,"140,52,1,175,121,255","7.19-140,52,1,175,121,255",185,9.317567567567565,9.066304347826062,0.9135610766045283,1869.0550523169675,3.2716220935486326,1,0.03824885558289359
7.19,"164,4,80,242,145,20","7.19-164,4,80,242,145,20",103,8.862864077669904,9.06708333333333,1.5158333333333334,983.5464626817452,2.9927948807878146,1,0.06557124709952589
7.19,"132,27,119,107,15,168","7.19-132,27,119,107,15,168",76,13.61348684210526,12.24861111111111,7.063888888888889,494.6583608682507,2.6943053540548076,1,0.09048947554100112
7.19,"72,149,7,241,12,239","7.19-72,149,7,241,12,239",116,13.83132183908046,11.847222222222221,5.894444444444445,643.0768186141498,2.8082628545844615,1,0.09647949998056249
7.19,"208,110,152,171,43,95","7.19-208,110,152,171,43,95",74,9.290315315315318,9.492361111111109,1.648611111111111,813.4408696512517,2.910325988843238,1,0.061339500635012256
7.19,"60,87,79,155,146,240","7.19-60,87,79,155,146,240",206,16.835113268608417,14.309027777777779,10.381944444444445,1246.1985880733318,3.095587254869065,1,0.09219964391945795
7.19,"48,74,38,155,214,98","7.19-48,74,38,155,214,98",154,16.794859307359303,15.27111111111111,11.524444444444445,1210.1226855416367,3.0828294025087897,1,0.09696744630995469
7.19,"240,98,90,159,90,22","7.19-240,98,90,159,90,22",510,19.01266339869281,15.375,10.95,3799.851802598326,3.5797666590986954,-1,-0.01983389685028558
7.19,"176,241,236,166,12,79","7.19-176,241,236,166,12,79",359,13.919970678480638,15.883333333333333,12.566666666666666,3464.580718466915,3.5396506840635396,1,0.0313035877090696
7.19,"48,148,53,197,58,225","7.19-48,148,53,197,58,225",63,19.4051580380978,16.66481481481479,13.762962962962952,346.9415382926067,2.540256299759311,1,0.04180715945615643
7.19,"48,148,53,201,247,101","7.19-48,148,53,201,247,101",79,10.811392405063287,10.959242424242419,1.38,779.436925215007,2.8917809763056046,1,0.06937814738013898
7.19,"160,87,227,237,223,22","7.19-160,87,227,237,223,22",339,12.977851524090461,13.233333333333334,1.5666666666666667,2827.830618058384,3.4514533924496007,-1,-0.004613083892952896
7.19,"184,148,54,62,26,221","7.19-184,148,54,62,26,221",84,12.945238095238096,13.375,1.2833333333333334,773.5658550969483,2.8884972919045113,1,0.063217539554834
7.19,"48,236,165,220,64,63","7.19-48,236,165,220,64,63",74,14.20596846846847,15.633333333333333,4.866666666666666,739.6853693584583,2.869047028638737,1,0.05787368489509187
7.19,"156,95,90,16,243,61","7.19-156,95,90,16,243,61",131,18.233333333333334,18.239999999999995,0.04666666666666667,1180.9354644655118,3.0722261650205263,-1,-0.002128570305728328
7.19,"252,124,2,134,99,96","7.19-252,124,2,134,99,96",147,20.647789115646262,20.46875,2.529166666666667,1229.1583615951263,3.0896078398728535,-1,-0.00759616837875654
7.2,"252,107,240,89,142,53","7.20-252,107,240,89,142,53",162,8.424491220222503,12.033333333333331,24.066666666666666,197.45001900481077,2.295457179873951,1,0.10851267787306423
7.2,"76,213,119,170,111,119","7.20-76,213,119,170,111,119",74,2.1150900900900886,3.1750000000000007,5.683333333333334,463.24630481514544,2.6658119637604063,-1,-0.0333876530777899
7.2,"88,198,240,41,58,135","7.20-88,198,240,41,58,135",336,1.9853244900193734,12.0,24.0,2086.547728656161,3.319428323413854,1,0.07955090496744344
7.2,"64,140,31,142,167,149","7.20-64,140,31,142,167,149",292,2.9195520333471863,11.766666666666666,22.866666666666667,2229.156928479031,3.348140643075802,1,0.08678752968827741
7.2,"184,148,54,32,44,55","7.20-184,148,54,32,44,55",855,20.401069604316135,11.658333333333331,23.316666666666666,7088.320546355161,3.8505433488854135,-1,-0.05162474128470407
7.2,"172,115,82,76,172,89","7.20-172,115,82,76,172,89",196,12.70208300012565,12.246428571428567,23.707142857142866,1456.3920747099633,3.1632783069557435,1,0.14343335714993422
7.2,"20,178,229,137,47,142","7.20-20,178,229,137,47,142",272,1.599409002426483,11.939351851851875,23.878703703703714,1154.5097004485058,3.0623975863078154,1,0.09003496718017523
7.2,"208,151,254,41,36,198","7.20-208,151,254,41,36,198",42,22.017972164591324,12.334523809523802,23.3642857142857,123.29550830206492,2.0909472553860007,1,0.00986728534932424
7.2,"8,250,121,45,167,67","7.20-8,250,121,45,167,67",347,5.5745537608980795,12.075000000000003,24.15,1750.174852530232,3.243081439369497,1,0.09933740653909023
7.2,"48,74,38,133,29,213","7.20-48,74,38,133,29,213",163,6.311284044244535,12.200000000000003,23.733333333333334,167.28471410329922,2.223456258452627,1,0.09987822491132259
7.2,"32,50,51,210,96,61","7.20-32,50,51,210,96,61",84,6.604311029582297,11.305208333333333,22.610416666666666,262.3872370108135,2.4189427063492692,1,0.09045375996894606
7.2,"112,138,9,131,175,199","7.20-112,138,9,131,175,199",147,23.944483594894415,12.0,24.0,32.39350991122999,1.5104580073647174,-1,-0.013884268696846336
7.2,"180,71,245,166,44,220","7.20-180,71,245,166,44,220",27,1.809876543209878,1.4750000000000014,2.283333333333333,183.97656475867802,2.264762505378053,-1,-0.11197218670948006
7.2,"156,95,90,12,124,73","7.20-156,95,90,12,124,73",416,22.70428402966695,11.984615384615381,23.964102564102568,3381.157429640435,3.5290653923665976,1,0.06782152146686427
7.2,"140,37,5,134,24,48","7.20-140,37,5,134,24,48",283,9.693623764595753,11.924999999999997,23.85,1365.6401699648036,3.1353362829583693,1,0.13576284258510435
7.2,"152,34,239,8,233,105","7.20-152,34,239,8,233,105",22,0.5234848484848484,0.7916666666666679,1.5833333333333333,65.2386136501763,1.8145047235136145,-1,-0.1495312843376897
7.2,"156,116,3,130,126,7","7.20-156,116,3,130,126,7",173,2.8711946050096344,4.541666666666668,9.083333333333334,1409.1074060218034,3.1489440974846654,-1,-0.003991659040891604
7.2,"204,129,42,183,42,73","7.20-204,129,42,183,42,73",760,21.620965868082276,12.174999999999997,23.683333333333334,6340.137859348286,3.802098701241877,-1,-0.017030661312217754
7.2,"20,94,105,93,76,199","7.20-20,94,105,93,76,199",129,21.598803047186543,12.0,23.966666666666665,306.95523012411456,2.487075037601286,1,0.09942459703553275
7.2,"4,207,140,11,128,186","7.20-4,207,140,11,128,186",147,1.904598368026647,11.852777777777774,23.6,675.1577724462567,2.8294052716402986,1,0.11647188233715078
7.2,"220,240,144,185,104,48","7.20-220,240,144,185,104,48",273,9.032791517609738,11.980128205128196,23.906410256410243,1669.6304675844844,3.222620361179037,1,0.13798906447941828
7.2,"164,204,185,229,56,107","7.20-164,204,185,229,56,107",216,3.0406293795937005,12.033888888888889,24.032222222222224,941.5829030701971,2.9738585641411537,1,0.1216626191516772
7.2,"48,69,150,180,24,101","7.20-48,69,150,180,24,101",157,19.66739651594903,12.016666666666666,24.0,320.48211638076197,2.505803799927071,1,0.11384701020350757
7.2,"132,65,103,218,221,212","7.20-132,65,103,218,221,212",152,6.472178456910253,12.183333333333337,23.666666666666668,296.7360928801919,2.4723703740396945,1,0.12907582722597744
7.2,"20,153,226,219,38,57","7.20-20,153,226,219,38,57",78,4.441239316239315,4.6759259259259025,9.281481481481492,352.59226936726697,2.5472727861030005,1,0.008980549254709036
7.2,"28,209,7,152,33,91","7.20-28,209,7,152,33,91",187,19.230299165970926,12.398333333333333,23.336666666666666,518.6561404667265,2.7148795239553345,1,0.1277301288840375
7.2,"184,55,101,29,72,107","7.20-184,55,101,29,72,107",792,14.901780500817082,12.091666666666669,23.85,6318.95425789445,3.8006452115728924,-1,-0.02688491686597938
7.2,"20,154,16,154,204,112","7.20-20,154,16,154,204,112",401,2.1126556249415986,12.016666666666666,23.966666666666665,3182.200905089712,3.5027275949263728,1,0.05571367061778287
7.2,"164,201,57,9,43,253","7.20-164,201,57,9,43,253",107,19.876053632289366,12.12159313725489,23.421519607843138,570.800391554212,2.7564842623574224,1,0.11537043694281734
7.2,"8,250,121,183,224,101","7.20-8,250,121,183,224,101",202,8.581023497755861,12.039351851851876,23.345370370370382,736.778670685776,2.867337044797979,1,0.14909617382017465
7.2,"208,151,254,40,222,169","7.20-208,151,254,40,222,169",149,23.699118908122546,11.982407407407429,23.835185185185175,156.5121429866404,2.1945480379048905,1,0.06245693761610682
7.2,"248,45,124,72,127,16","7.20-248,45,124,72,127,16",365,2.485897787897613,11.935714285714269,23.7142857142857,2432.5932252720504,3.386069492905615,1,0.08402766393010086
7.2,"24,2,174,207,62,51","7.20-24,2,174,207,62,51",157,17.71698216890256,12.058602941176474,23.412205882352946,550.1967956397684,2.7405180567188427,1,0.13920580134782168
7.2,"108,217,76,95,253,145","7.20-108,217,76,95,253,145",859,7.097052157313141,12.125,23.483333333333334,5867.5318378000975,3.7684554548012454,-1,-0.04522508495636657
7.2,"8,74,207,99,147,223","7.20-8,74,207,99,147,223",447,14.513231020474485,11.862878787878792,22.759090909090915,3343.0721188650978,3.524145745568732,1,0.10071107181629257
7.2,"236,193,171,217,136,197","7.20-236,193,171,217,136,197",150,0.4135312751988157,12.200000000000003,23.8,56.3815067300176,1.7511366777042376,-1,-0.0017702296665652595
7.2,"48,148,53,197,58,225","7.20-48,148,53,197,58,225",383,21.27696673442274,11.1559523809524,21.171428571428567,2853.2580779565196,3.4553410554858,1,0.07510298074722027
7.2,"76,24,154,44,218,251","7.20-76,24,154,44,218,251",188,10.087342203366651,11.516666666666666,21.066666666666666,633.7301999446083,2.8019044036011485,1,0.13856245230208258
7.2,"156,116,3,24,100,145","7.20-156,116,3,24,100,145",535,14.241163392887962,11.83508771929825,21.629824561403495,3502.05962924051,3.5443235365017514,1,0.05975405446853632
7.2,"112,58,81,118,159,27","7.20-112,58,81,118,159,27",161,11.088185106184676,12.51166666666667,21.576666666666668,488.1280857449065,2.6885337966610674,1,0.13710571486704115
7.2,"60,134,209,115,214,231","7.20-60,134,209,115,214,231",296,20.098601783766384,12.115416666666668,21.36916666666667,1825.600616612468,3.2614057737608984,1,0.13142088070389435
7.2,"24,208,197,242,97,13","7.20-24,208,197,242,97,13",337,20.11794553123451,11.785714285714263,20.9261904761905,1602.086046821092,3.2046858380004157,1,0.11781767886204259
7.2,"76,2,32,111,66,59","7.20-76,2,32,111,66,59",275,10.396442667266776,9.649999999999999,13.466666666666667,1853.2887728964427,3.2679430948203962,1,0.09845067740484786
7.2,"40,53,69,96,185,108","7.20-40,53,69,96,185,108",119,12.830357855102955,12.408333333333331,18.75,343.7702530725737,2.5362682938595698,1,0.12240964660757031
7.2,"164,80,70,27,140,33","7.20-164,80,70,27,140,33",132,8.234469696969697,6.158333333333331,6.25,968.0355896786572,2.9858913243713316,1,0.06365024876673331
7.2,"176,241,236,166,12,79","7.20-176,241,236,166,12,79",254,13.767131769536409,11.450000000000003,15.3,2353.5573205082615,3.371724779943358,1,0.115284927927998
7.2,"72,149,7,238,243,3","7.20-72,149,7,238,243,3",128,20.841453936812506,14.199074074074097,17.816666666666666,1035.9124231893873,3.015323041380968,1,0.08505162631237989
7.2,"92,102,108,72,204,105","7.20-92,102,108,72,204,105",355,8.303591549295774,7.366666666666667,7.033333333333333,2890.9499597121535,3.4610405744070922,1,0.006511804329130677
7.2,"156,245,49,209,69,163","7.20-156,245,49,209,69,163",83,11.663589574798173,11.341666666666669,14.75,113.92699673135718,2.0566266489447305,1,0.0482766734723199
7.2,"164,201,57,205,13,69","7.20-164,201,57,205,13,69",290,20.19174213837394,14.325000000000003,19.55,1417.8895371971537,3.151642397804451,1,0.08762707032364958
7.2,"124,161,119,225,7,54","7.20-124,161,119,225,7,54",169,16.252705981980302,14.313636363636377,18.172727272727254,564.9564087222434,2.752014939533186,1,0.11158559419004144
7.2,"32,50,19,210,96,61","7.20-32,50,19,210,96,61",89,11.351560251925392,13.517592592592571,16.435185185185173,338.8413786556946,2.5299964401017903,1,0.09964745429144212
7.2,"216,50,20,254,96,65","7.20-216,50,20,254,96,65",315,18.095272492063053,14.44924242424242,16.83181818181817,1650.3442720741677,3.217574550193344,1,0.08951186078819084
7.2,"48,231,188,153,110,173","7.20-48,231,188,153,110,173",469,20.90619282199707,13.840938228438219,15.909149184149186,3869.2417370715316,3.587625863811866,1,0.02409175450479495
7.2,"152,156,87,142,236,91","7.20-152,156,87,142,236,91",173,13.902793834296723,11.26222222222222,9.357777777777779,911.9177768997429,2.9599556819155524,1,0.1114492361927022
7.2,"160,157,193,211,143,65","7.20-160,157,193,211,143,65",120,11.42402777777778,10.02129629629632,6.242592592592604,806.2507393057674,2.9064701258774552,1,0.10124197754580433
7.2,"64,140,31,253,182,117","7.20-64,140,31,253,182,117",111,7.013663663663664,6.925727513227514,0.703306878306903,839.0433662661347,2.923784408079428,1,0.044861098253088205
7.2,"196,159,76,100,164,97","7.20-196,159,76,100,164,97",106,6.777201257861634,6.758333333333333,0.31666666666666665,1019.8776221133742,3.008548062713457,1,0.030685913211661253
7.2,"136,191,228,175,202,9","7.20-136,191,228,175,202,9",328,7.35802020675452,15.064999999999998,16.63,1950.7241372536823,3.2901958577393247,1,0.05040374295983496
7.2,"48,123,172,71,160,113","7.20-48,123,172,71,160,113",113,12.95272861356932,12.788055555555559,10.770555555555555,616.6189413713832,2.790016861303114,1,0.10945021675980787
7.2,"204,45,131,71,244,199","7.20-204,45,131,71,244,199",190,7.914035087719302,8.65757575757575,1.58181818181817,1273.1541561484814,3.1048809921150076,1,0.04518490061282354
7.2,"196,64,246,121,182,9","7.20-196,64,246,121,182,9",158,10.819145569620254,10.569047619047602,4.159523809523833,1302.4392171006953,3.1147574645675524,1,0.08002239562701402
7.2,"140,52,1,175,121,255","7.20-140,52,1,175,121,255",48,9.233159722222226,9.436093073593092,0.9706709956709851,375.98801451052685,2.5751740010050423,1,0.03362177922668208
7.2,"172,146,50,67,121,50","7.20-172,146,50,67,121,50",106,9.290015723270436,9.291771708683484,0.047829131652672205,822.3104175398958,2.915035792206666,1,0.058200776164136825
7.2,"164,125,159,153,152,74","7.20-164,125,159,153,152,74",112,13.460788690476193,15.162121212121207,10.742424242424248,613.8920682298478,2.788092022130481,1,0.0896864058968852
7.2,"164,125,159,153,152,107","7.20-164,125,159,153,152,107",97,14.325687285223367,13.765555555555558,7.231111111111111,535.2282542082365,2.728539031371956,1,0.08660616990972503
7.2,"8,244,88,9,84,85","7.20-8,244,88,9,84,85",27,12.31759259259259,12.316666666666663,0.03333333333333333,226.56419634145303,2.3551912799320784,-1,-0.016358100963974498
7.2,"64,69,218,104,146,86","7.20-64,69,218,104,146,86",104,16.9255608974359,16.964583333333337,8.2375,519.9452098733027,2.715957581512942,1,0.056486287290375636
7.2,"220,68,109,251,215,37","7.20-220,68,109,251,215,37",52,15.687660256410254,15.691928341384852,0.7476247987117515,587.370051342407,2.7689117990674177,1,0.0289699342223666
7.2,"180,32,91,132,237,189","7.20-180,32,91,132,237,189",59,21.19887005649717,21.1,3.933333333333333,331.6502393900399,2.520680315114678,-1,-0.027336475630395096
7.2,"24,208,197,19,23,95","7.20-24,208,197,19,23,95",90,20.23898148148148,20.255763888888893,0.5093055555555556,869.4271273692053,2.939233186674874,-1,-0.0019249990842546971
7.21,"248,45,124,72,127,16","7.21-248,45,124,72,127,16",283,4.388367003202699,10.674999999999997,20.683333333333334,1454.9242468654265,3.1628403816210375,1,0.09048721594162251
7.21,"164,125,159,153,152,106","7.21-164,125,159,153,152,106",171,21.51020018160991,12.024999999999999,24.05,346.7246310222123,2.5399846946620626,1,0.10699252597708575
7.21,"32,50,51,210,96,61","7.21-32,50,51,210,96,61",70,22.89657260035656,11.916666666666664,23.833333333333332,204.49483113957032,2.310682335150538,1,0.047596155449558586
7.21,"172,115,82,76,172,89","7.21-172,115,82,76,172,89",102,4.727689078451002,8.941666666666663,17.216666666666665,455.93800696923427,2.6589057964770544,1,0.07871895940364793
7.21,"20,178,229,137,47,142","7.21-20,178,229,137,47,142",152,1.4027421386295684,11.866666666666667,23.733333333333334,496.1462551958401,2.695609717743451,1,0.10687595835835634
7.21,"48,74,38,133,29,213","7.21-48,74,38,133,29,213",161,23.159578929902814,11.867592592592572,23.735185185185173,246.00470411901023,2.390943411791978,1,0.08045597783795694
7.21,"156,95,90,12,124,73","7.21-156,95,90,12,124,73",150,4.880555555555556,3.6083333333333343,6.55,847.3656833825221,2.9280708719621322,1,0.015043854626372699
7.21,"4,207,140,11,128,186","7.21-4,207,140,11,128,186",336,4.187177579365077,3.4991666666666674,6.410833333333334,2811.543235087168,3.4489447663499244,-1,-0.05988524145930196
7.21,"20,154,16,154,204,112","7.21-20,154,16,154,204,112",290,3.9406135381935323,10.216666666666669,20.4,1528.1882785435566,3.1841768642496433,1,0.07876399258170358
7.21,"204,129,42,183,42,73","7.21-204,129,42,183,42,73",123,5.301156850620275,10.3825,20.031666666666666,881.2793577611243,2.9451135977455976,1,0.11303869764149499
7.21,"140,37,5,134,24,48","7.21-140,37,5,134,24,48",118,3.5496468926553675,3.3416666666666686,5.889583333333333,593.4614948114163,2.773392546149219,-1,-0.01060243880870193
7.21,"64,140,31,142,167,149","7.21-64,140,31,142,167,149",198,4.6803872053872055,3.2322916666666686,4.802083333333333,1536.9478617328361,3.1866591350691733,-1,-0.034605855314887024
7.21,"8,74,207,99,147,223","7.21-8,74,207,99,147,223",181,4.538075506445672,4.072023809523799,5.244047619047633,1313.2453122991928,3.11834585924006,1,0.0005482393024762722
7.21,"172,7,95,246,102,98","7.21-172,7,95,246,102,98",91,6.46868131868132,6.470833333333331,0.3416666666666667,706.6323535208983,2.849193517947293,1,0.03286897028694313
7.22,"48,74,38,133,29,213","7.22-48,74,38,133,29,213",181,13.773485793847914,9.969444444444449,19.727777777777778,803.5526755054723,2.9050143514559545,1,0.12768493512386347
7.22,"32,50,51,210,96,61","7.22-32,50,51,210,96,61",135,13.601128200979742,9.99722222222222,19.805555555555557,895.1272069728273,2.951884757506644,1,0.12038791604339838
7.22,"20,178,229,137,47,142","7.22-20,178,229,137,47,142",237,4.5413608519559805,9.957291666666663,19.71875,1183.0138619327565,3.072989833491526,1,0.09416216742741773
7.22,"24,208,197,242,97,13","7.22-24,208,197,242,97,13",425,12.936842405123102,9.91817810457517,19.155800653594778,2919.610385669963,3.465324899858267,1,0.0744180526856405
7.22,"184,55,101,29,72,107","7.22-184,55,101,29,72,107",220,13.51062833207235,9.966666666666669,18.833333333333332,1336.6658515213708,3.1260228530527305,1,0.12434795419745814
7.22,"164,125,159,153,152,106","7.22-164,125,159,153,152,106",153,6.337065244805786,10.003030303030329,19.560606060606045,613.2314559328903,2.7876244240487673,1,0.11217559442066294
7.22,"172,115,82,76,172,89","7.22-172,115,82,76,172,89",686,17.61476957674498,10.080179028132989,19.430946291560087,5853.433658770178,3.7674107005423725,-1,-0.023438330137554253
7.22,"20,94,105,93,76,199","7.22-20,94,105,93,76,199",119,11.667536540584223,10.308333333333337,19.283333333333335,293.09434966305525,2.467007446095176,1,0.10898401819706671
7.22,"20,154,16,154,204,112","7.22-20,154,16,154,204,112",146,11.438855631511586,8.645909090909086,13.406666666666666,1330.5520246202086,3.1240318601454016,1,0.11327529361852573
7.22,"124,161,119,225,7,54","7.22-124,161,119,225,7,54",137,10.310156976176797,10.158333333333331,18.983333333333334,248.87615557918102,2.3959832895517756,1,0.10430412614820705
7.22,"92,102,108,72,204,105","7.22-92,102,108,72,204,105",120,7.529932942614547,10.173484848484833,19.053030303030294,849.652355542314,2.929241265769598,1,0.12464286138300157
7.22,"156,245,49,209,69,163","7.22-156,245,49,209,69,163",319,15.12116167822712,10.15109890109892,18.75934065934067,2453.845973257995,3.3898472987889097,1,0.10122646606545255
7.22,"4,207,140,11,128,186","7.22-4,207,140,11,128,186",381,12.383106515809068,10.303333333333335,18.926666666666666,2567.256174477653,3.4094692070473873,1,0.09676266216102813
7.22,"76,2,32,111,66,59","7.22-76,2,32,111,66,59",165,12.72096812178956,8.708333333333336,15.416666666666666,1247.4721269633455,3.0960308506952288,1,0.1112836178050341
7.22,"248,45,124,72,127,16","7.22-248,45,124,72,127,16",744,15.61366625050551,10.983333333333334,17.3,5758.216166899347,3.7602879645242404,-1,-0.02132725619662801
7.22,"8,74,207,99,147,223","7.22-8,74,207,99,147,223",114,15.610544532693016,11.963888888888889,15.527777777777779,470.8867535769496,2.672916473561535,1,0.12231155451097153
7.22,"164,125,159,153,144,106","7.22-164,125,159,153,144,106",89,14.750338374858348,10.604166666666664,15.891666666666667,693.5002823434304,2.841046642222813,1,0.11631984081166286
7.22,"156,116,3,24,100,145","7.22-156,116,3,24,100,145",248,17.57972543556659,10.899999999999999,17.133333333333333,1713.9939128553624,3.2340092752196057,1,0.11776045580582273
7.22,"156,95,90,12,124,73","7.22-156,95,90,12,124,73",204,16.69674184059874,11.186666666666667,17.19333333333333,1404.1164875248146,3.1474031389837256,1,0.12731051002196792
7.22,"76,24,154,44,218,251","7.22-76,24,154,44,218,251",674,18.24932099685591,11.316666666666663,15.966666666666667,5056.39987515849,3.7038414119332854,-1,-0.014495196000204102
7.22,"132,65,103,218,221,212","7.22-132,65,103,218,221,212",165,12.177566481326448,11.216666666666669,16.2,683.7823910534437,2.8349179125372204,1,0.14107901198197148
7.22,"48,231,188,153,110,173","7.22-48,231,188,153,110,173",218,16.59343700571228,10.512500000000003,14.365,1762.980642311004,3.2462475437322955,1,0.1069742136866969
7.22,"204,129,42,183,42,73","7.22-204,129,42,183,42,73",307,12.999318787558206,11.715000000000003,16.27,2204.7636274422603,3.3433620356178544,1,0.11816556983225845
7.22,"208,151,254,41,36,198","7.22-208,151,254,41,36,198",131,13.303172703535088,11.649999999999999,15.983333333333333,921.6812871640811,2.964580770126467,1,0.13596664913108036
7.22,"180,32,91,170,165,77","7.22-180,32,91,170,165,77",84,8.485416666666666,7.838888888888889,7.944444444444445,487.9647289922326,2.688388431515747,1,0.06534876018653485
7.22,"164,201,57,205,13,69","7.22-164,201,57,205,13,69",299,12.5809406785412,10.558333333333337,13.25,2743.2427200627585,3.4382642353553057,1,0.09937386537986764
7.22,"40,51,52,19,114,25","7.22-40,51,52,19,114,25",102,17.860049019607843,13.11333333333333,11.29,886.9461893065256,2.9478972721472347,1,0.09635755305941696
7.22,"60,134,209,115,214,231","7.22-60,134,209,115,214,231",62,10.227150537634401,9.516666666666666,2.3333333333333335,440.8134763772146,2.6442548631277485,1,0.052284104236069884
7.22,"176,181,195,110,67,147","7.22-176,181,195,110,67,147",117,14.622720797720795,14.30222222222222,10.171111111111111,499.07936145851806,2.6981696107597184,1,0.09924830407357349
7.22,"48,74,38,5,29,213","7.22-48,74,38,5,29,213",55,12.562727272727273,13.382857142857134,8.3942857142857,378.76974397333646,2.57837528038873,1,0.06990123113875785
7.22,"136,3,233,226,168,73","7.22-136,3,233,226,168,73",35,11.50142857142857,12.687738095238103,6.905476190476199,301.9318528622128,2.479908932143898,1,0.04568761297023971
7.22,"36,6,170,254,239,81","7.22-36,6,170,254,239,81",71,11.05657276995305,10.75,2.6444444444444444,431.9597477315231,2.635443278869172,1,0.062343533455783195
7.22,"108,177,88,58,181,202","7.22-108,177,88,58,181,202",170,11.595098039215685,14.23041666666667,10.014166666666666,1231.3665487880075,3.0903873514041487,1,0.09797279824702332
7.22,"48,236,165,220,64,63","7.22-48,236,165,220,64,63",65,10.079358974358975,10.380000000000003,2.14,674.1595576939391,2.828762695979126,1,0.06269724256142462
7.22,"160,157,193,211,143,65","7.22-160,157,193,211,143,65",119,15.439565826330536,13.705952380952397,8.4547619047619,849.0585905360189,2.9289376604070987,1,0.10371417704305519
7.22,"240,98,90,159,90,22","7.22-240,98,90,159,90,22",127,18.623228346456685,14.912962962962986,9.625925925925937,1067.5934936472374,3.02840591835478,1,0.08324950525321845
7.22,"108,30,215,75,1,75","7.22-108,30,215,75,1,75",87,12.950000000000003,13.110317460317454,6.565079365079356,437.45271439590346,2.6409311156742508,1,0.08466914632564038
7.22,"156,40,64,136,177,250","7.22-156,40,64,136,177,250",88,9.885890151515149,9.88392857142857,0.03214285714286638,862.9800492800528,2.93600075563672,1,0.057835123666440225
7.22,"164,125,159,153,152,107","7.22-164,125,159,153,152,107",116,15.477658045977009,14.725000000000001,7.016666666666667,646.2493991804683,2.810400152337622,1,0.0840383197018329
7.22,"48,148,53,197,58,225","7.22-48,148,53,197,58,225",52,15.927083333333336,15.700000000000003,8.4,164.6907022775302,2.2166690814797523,1,0.0024693222480938193
7.22,"208,151,254,40,222,169","7.22-208,151,254,40,222,169",46,15.078260869565227,15.058333333333337,0.05,464.0789868221863,2.6665919043083295,1,0.01094547436509219
7.22,"192,165,62,38,190,207","7.22-192,165,62,38,190,207",68,18.780269607843138,18.775,0.016666666666666666,749.4953569650231,2.874768946789748,1,0.008933281897387957
7.22,"184,148,54,32,44,55","7.22-184,148,54,32,44,55",185,18.816981981981982,19.016666666666666,0.43333333333333335,1844.896764016495,3.2659720691008403,-1,-0.021894236371813314
7.23,"20,178,229,137,47,142","7.23-20,178,229,137,47,142",210,21.664603174603172,19.6384259259259,8.789814814814825,1794.1882601416705,3.253868010642898,-1,-0.0010143089559554452
7.23,"164,125,159,153,152,106","7.23-164,125,159,153,152,106",195,21.70123931623931,19.759166666666665,8.435,1651.3263532845215,3.2178329117995808,1,0.0033426445043608366
7.23,"8,250,121,45,167,67","7.23-8,250,121,45,167,67",108,21.550462962962968,19.58710144927538,8.519130434782612,704.6068263523629,2.8479468463853905,1,0.014505305883700914
7.23,"48,74,38,133,29,213","7.23-48,74,38,133,29,213",92,21.488224637681157,20.835714285714268,6.628571428571433,851.1040034330305,2.9299826333598156,1,0.0033450488817763357
7.23,"60,134,209,115,214,231","7.23-60,134,209,115,214,231",83,20.36335341365462,20.822467320261445,5.9939542483659976,839.0439856157076,2.9237847286588083,1,0.010792594109716669
7.23,"116,240,109,123,88,76","7.23-116,240,109,123,88,76",118,22.06843220338982,21.049999999999997,5.866666666666666,943.8024695536315,2.9748811093834,-1,-0.004635027727144969
7.23,"4,207,140,11,128,186","7.23-4,207,140,11,128,186",32,21.38645833333333,21.26233766233765,4.8389610389610365,219.00794229997956,2.340459864769387,-1,-0.0726416397075933
7.23,"20,198,151,49,18,5","7.23-20,198,151,49,18,5",47,22.08439716312057,22.10714285714286,0.7476190476190337,454.4553933345239,2.657491261860774,-1,-0.060540721482053805
7.24,"32,50,51,210,96,61","7.24-32,50,51,210,96,61",184,10.926225121120241,11.839583333333337,23.679166666666667,519.244280753716,2.7153717216716897,1,0.1441636260487018
7.24,"8,250,121,45,167,67","7.24-8,250,121,45,167,67",224,17.26002043720866,11.678921568627445,23.357843137254886,1459.3324321136683,3.164154234311121,1,0.14053285896952805
7.24,"20,178,229,137,47,142","7.24-20,178,229,137,47,142",241,22.971242812630337,11.962698412698423,23.925396825396845,677.1592478268934,2.8306908139134914,1,0.09448353105817203
7.24,"164,125,159,153,152,106","7.24-164,125,159,153,152,106",55,0.9278647804327333,10.109722222222224,20.219444444444445,446.74812720858847,2.650062740596416,1,0.02197247618685849
7.24,"208,151,254,41,36,162","7.24-208,151,254,41,36,162",58,6.395234212367655,11.405530303030325,22.39893939393938,359.979674335829,2.5562779797311874,1,0.0839472581707057
7.24,"164,201,57,205,13,69","7.24-164,201,57,205,13,69",555,21.907696589472454,11.391666666666666,22.216666666666665,3907.9236588382296,3.5919460712010003,1,0.028193621077355013
7.24,"220,109,205,125,41,209","7.24-220,109,205,125,41,209",141,14.1134153299375,12.172727272727258,23.954545454545457,56.3815067300176,1.7511366777042376,1,0.030141235730549942
7.24,"48,74,38,133,29,213","7.24-48,74,38,133,29,213",223,3.676345859652809,12.0,24.0,825.5899116691894,2.916764377435787,1,0.11871713193902306
7.24,"108,217,76,95,253,145","7.24-108,217,76,95,253,145",422,6.063211955625782,12.208333333333336,23.75,3027.809437309106,3.4811285382885964,1,0.08062139937011531
7.24,"208,151,254,40,222,169","7.24-208,151,254,40,222,169",414,3.261453889661012,11.950000000000003,23.2,2586.9360575895735,3.412785694205834,1,0.07114813800399133
7.24,"204,129,42,183,42,73","7.24-204,129,42,183,42,73",671,9.464605420813493,11.538636363636343,22.589393939393954,5181.4274955146975,3.714449425385738,1,0.004714917084450043
7.24,"116,240,109,123,88,76","7.24-116,240,109,123,88,76",195,14.650618672107147,8.756250000000001,17.6,1036.452366704094,3.0155493475751536,1,0.11018641541666463
7.24,"60,134,209,115,214,231","7.24-60,134,209,115,214,231",1315,13.74826212102609,12.052083333333336,23.895833333333332,10124.21304920975,4.005361275672568,-1,-0.11413956325841901
7.24,"156,95,90,12,124,73","7.24-156,95,90,12,124,73",328,19.040118099535825,12.017592592592571,23.998148148148157,1561.1018636285512,3.193431242183775,1,0.12691247687033114
7.24,"4,207,140,11,128,186","7.24-4,207,140,11,128,186",153,23.841696958421206,12.048484848484833,24.036363636363628,123.9762325508121,2.093338434667164,1,0.04888688214424325
7.24,"132,65,103,218,221,212","7.24-132,65,103,218,221,212",177,4.870077171379959,11.617013888888891,22.84513888888889,1203.7541590579406,3.080537800654122,1,0.11745236473417264
7.24,"48,69,150,180,24,101","7.24-48,69,150,180,24,101",139,10.884466197121265,11.663194444444443,22.28472222222222,372.6569059167218,2.571309173798484,1,0.1303369727197528
7.24,"220,240,144,185,104,48","7.24-220,240,144,185,104,48",375,10.06588580350873,12.110317460317454,24.012698412698423,2050.475862364977,3.3118546612590083,1,0.1127128291777798
7.24,"140,37,5,134,24,48","7.24-140,37,5,134,24,48",210,5.936680452943152,12.113095238095234,24.073809523809533,743.6179816287588,2.8713498830198785,1,0.13218186151923728
7.24,"164,201,57,9,43,253","7.24-164,201,57,9,43,253",177,8.705088150565917,11.88974358974361,23.61282051282052,623.930503567206,2.7951362185315958,1,0.14755603680426754
7.24,"212,131,4,236,83,154","7.24-212,131,4,236,83,154",274,0.07006768006898845,11.983333333333334,23.153333333333332,1857.4394472255653,3.268914664605183,1,0.06568090197472115
7.24,"8,74,207,99,147,223","7.24-8,74,207,99,147,223",363,1.8934767305873637,11.833333333333336,22.8,1993.7791896505635,3.299677058676552,1,0.06608798424407958
7.24,"204,8,251,70,125,190","7.24-204,8,251,70,125,190",385,14.695830697944102,10.678472222222226,20.456944444444446,2552.461643070338,3.4069592244795905,1,0.09969614796826148
7.24,"164,204,185,229,56,107","7.24-164,204,185,229,56,107",190,1.0205983476420335,12.02666666666667,23.813333333333333,770.9439437054965,2.887022801106167,1,0.10641788411286435
7.24,"208,151,254,41,36,198","7.24-208,151,254,41,36,198",195,14.03579016179773,12.237499999999997,23.348333333333333,880.7777649565847,2.944866342432192,1,0.15234432540216014
7.24,"248,45,124,72,127,16","7.24-248,45,124,72,127,16",212,6.332002226185589,12.141666666666666,23.30185185185184,1197.7941688449157,3.0783821945015375,1,0.13996074394660857
7.24,"24,2,174,207,62,51","7.24-24,2,174,207,62,51",366,20.15340626050288,11.918333333333337,23.43,1768.8796791222198,3.2476982927907607,1,0.11825990128843705
7.24,"28,123,35,129,140,184","7.24-28,123,35,129,140,184",86,15.455528530994838,9.608333333333334,18.116666666666667,265.5908410452121,2.424213094219665,1,0.06576945406595275
7.24,"48,161,250,41,151,15","7.24-48,161,250,41,151,15",233,19.111256987513663,11.791666666666664,22.483333333333334,1036.7931604418304,3.015692123564935,1,0.13464106653443703
7.24,"156,116,3,24,100,145","7.24-156,116,3,24,100,145",241,9.479640355510298,11.950000000000003,21.766666666666666,1469.2212845598422,3.1670872113285324,1,0.13753577232059916
7.24,"48,231,188,153,110,173","7.24-48,231,188,153,110,173",949,18.90998666523106,12.066666666666663,21.9,7588.438433694587,3.880152414972758,-1,-0.05323056519736846
7.24,"164,20,178,229,137,47","7.24-164,20,178,229,137,47",204,15.045813848100716,12.193333333333335,22.546666666666667,1328.4481696891467,3.123344614781594,1,0.14645591647746808
7.24,"76,2,32,111,66,59","7.24-76,2,32,111,66,59",161,12.12808348264532,8.670741758241782,15.420054945054936,1108.8609506395828,3.0448770897415094,1,0.11185569681462432
7.24,"164,125,159,25,152,106","7.24-164,125,159,25,152,106",223,14.591485854259641,11.83222222222222,21.297777777777778,1221.8824405939822,3.0870294236992404,1,0.14345987686640788
7.24,"128,138,139,124,94,97","7.24-128,138,139,124,94,97",245,17.57959195431735,11.466666666666669,20.433333333333334,1738.1469279144735,3.240086485165263,1,0.13705018143487402
7.24,"64,140,31,142,167,149","7.24-64,140,31,142,167,149",273,20.824195057343942,12.674999999999997,22.783333333333335,1298.1115449617457,3.1133120124026976,1,0.11355019489666279
7.24,"48,148,53,197,58,225","7.24-48,148,53,197,58,225",369,18.47323990387571,11.549999999999997,20.65,2537.407032999755,3.404390139277983,1,0.1100582700259578
7.24,"160,20,178,229,137,47","7.24-160,20,178,229,137,47",189,9.28383025829529,8.604166666666664,14.558333333333334,1577.3818591224476,3.197936841860666,1,0.10856811271423639
7.24,"172,115,82,76,172,89","7.24-172,115,82,76,172,89",320,11.408855434780982,12.691666666666663,22.65,2075.19079688944,3.3170580327237196,1,0.1156044054488854
7.24,"144,173,247,200,14,93","7.24-144,173,247,200,14,93",107,13.959187114544758,8.903333333333336,14.34,769.8315763401057,2.886395720670003,1,0.11243265686736625
7.24,"40,53,69,96,185,108","7.24-40,53,69,96,185,108",113,16.096218448347233,11.549999999999997,19.333333333333332,438.15523919851665,2.641628009094167,1,0.12204298800796487
7.24,"156,245,49,209,69,163","7.24-156,245,49,209,69,163",279,19.380661622645793,11.710119047619067,19.653571428571432,2208.7633769850413,3.344149192750563,1,0.12473306962257974
7.24,"20,94,105,93,76,199","7.24-20,94,105,93,76,199",142,10.643490052978485,12.799999999999997,22.466666666666665,293.09435057247856,2.46700744744272,1,0.10666330368711657
7.24,"240,98,90,159,90,25","7.24-240,98,90,159,90,25",526,20.93552735221476,12.558333333333337,21.183333333333334,2828.513653982757,3.4515582795357016,1,0.05464375245236408
7.24,"124,161,119,225,7,54","7.24-124,161,119,225,7,54",270,8.550856515232406,12.66893939393941,21.171212121212125,1028.4571009855322,3.012186181112103,1,0.11509139912887345
7.24,"36,17,69,161,50,93","7.24-36,17,69,161,50,93",250,19.988311235176745,13.107142857142868,21.91904761904763,1318.1784659166124,3.119974212622029,1,0.11286109611609607
7.24,"164,208,151,254,41,36","7.24-164,208,151,254,41,36",103,14.682203412474081,11.992156862745112,20.14901960784314,475.8633762158274,2.677482281559793,1,0.12764692106100206
7.24,"112,58,81,118,159,27","7.24-112,58,81,118,159,27",235,19.94028395375858,13.101190476190467,21.930952380952366,1223.3881794290617,3.0875642799597793,1,0.11114097159540953
7.24,"240,98,90,159,90,22","7.24-240,98,90,159,90,22",252,19.158002383533137,12.706944444444446,18.28611111111111,2034.9310606932772,3.3085497008007265,1,0.12255487973754026
7.24,"24,208,197,242,97,13","7.24-24,208,197,242,97,13",307,15.624963859741248,12.677651515151503,19.69469696969696,1850.339410563816,3.2672513990056387,1,0.12458062116509433
7.24,"64,69,218,104,146,86","7.24-64,69,218,104,146,86",303,19.134553542359086,11.89754901960783,17.37156862745097,2343.329880389122,3.369833430358886,1,0.1113467720972775
7.24,"204,102,10,209,112,18","7.24-204,102,10,209,112,18",176,10.456960227272731,8.347516025641042,9.592467948717951,1455.6867877270192,3.163067940227843,1,0.08767710737956019
7.24,"56,110,162,121,182,28","7.24-56,110,162,121,182,28",174,19.407127032326173,13.094999999999999,17.11,1017.5582446791759,3.007559277473478,1,0.12469119705462006
7.24,"20,198,151,49,18,5","7.24-20,198,151,49,18,5",70,10.342738095238097,10.493055555555557,11.647222222222222,139.19608451220475,2.143627019048539,1,0.0407740085793703
7.24,"8,250,121,183,224,101","7.24-8,250,121,183,224,101",176,18.21059205345263,14.734615384615381,18.26410256410257,625.029291845827,2.7959003709263355,1,0.09909209887465115
7.24,"36,121,243,168,250,69","7.24-36,121,243,168,250,69",87,14.769252873563218,11.202777777777776,8.65,860.0366337515305,2.9345169506590234,1,0.09807123134308343
7.24,"48,123,172,71,160,113","7.24-48,123,172,71,160,113",97,10.919072164948453,11.82,10.606666666666667,804.9965663243713,2.9057940279087897,1,0.1167979738784326
7.24,"20,178,229,137,63,142","7.24-20,178,229,137,63,142",123,14.483257686895278,14.789215686274503,14.445098039215695,871.6698070156655,2.9403520031112995,1,0.11489906871923461
7.24,"184,148,54,32,44,55","7.24-184,148,54,32,44,55",352,19.287518503117976,15.323210784313723,16.305245098039222,2065.567886605631,3.3150394729963266,1,0.06167796814767973
7.24,"12,75,84,85,61,8","7.24-12,75,84,85,61,8",158,12.58546432236516,14.961342592592572,14.252314814814826,1194.0796030562515,3.077033279905333,1,0.10487048257336729
7.24,"48,74,38,155,214,98","7.24-48,74,38,155,214,98",104,19.372971447243508,14.721666666666664,13.99,984.3203477842659,2.993136462896106,1,0.08788867101975595
7.24,"196,64,246,220,81,179","7.24-196,64,246,220,81,179",92,12.021098144718454,15.08214285714287,12.797619047619033,310.94457121301963,2.492682978860395,1,0.06958359595223279
7.24,"32,130,106,176,114,25","7.24-32,130,106,176,114,25",52,16.039583333333333,14.291666666666664,10.75,308.5516212425941,2.4893278326977804,1,0.05244111995381556
7.24,"20,178,245,137,47,142","7.24-20,178,245,137,47,142",122,13.761407103825135,14.244166666666665,9.471666666666666,1015.9073500484112,3.0068541024385738,1,0.10283322129487804
7.24,"176,241,236,166,12,79","7.24-176,241,236,166,12,79",124,22.857593429238626,16.733333333333334,12.533333333333333,1238.974290904959,3.0930622947263844,1,0.02186871783132116
7.24,"164,125,159,153,152,122","7.24-164,125,159,153,152,122",114,14.322660818713452,14.42619047619047,7.614285714285701,827.0337146714446,2.917523214265141,1,0.09562722391269252
7.24,"160,157,193,211,143,65","7.24-160,157,193,211,143,65",140,14.112261904761908,15.480208333333337,9.09375,1109.137496748635,3.044985387788261,1,0.09040397637144182
7.24,"148,233,238,151,204,44","7.24-148,233,238,151,204,44",45,19.587037037037028,19.608333333333334,0.4166666666666667,456.696541465973,2.659627722734807,-1,-0.007797430548010631
7.24,"108,250,167,124,18,1","7.24-108,250,167,124,18,1",101,19.471204620462046,19.47460317460316,0.049206349206344584,1065.6015674974017,3.027594850672858,1,0.0007651015707340614
7.25,"220,109,205,125,41,209","7.25-220,109,205,125,41,209",193,20.471544005162208,11.966666666666669,23.933333333333334,363.44737916563486,2.5604415414886708,1,0.11166570420543498
7.25,"64,140,31,142,167,149","7.25-64,140,31,142,167,149",548,21.713011143843165,12.033333333333331,24.066666666666666,4509.766558772872,3.654154061864503,1,0.031260080522659606
7.25,"20,178,229,137,47,142","7.25-20,178,229,137,47,142",135,1.401543209876543,1.0833333333333321,2.1666666666666665,813.2486175753305,2.9102233337062233,-1,-0.058493687180493414
7.25,"164,125,159,153,152,106","7.25-164,125,159,153,152,106",26,0.21201615270478563,10.719444444444449,21.43888888888889,183.6888121280732,2.2640827056851953,-1,-0.016835034416437966
7.25,"32,50,51,210,96,61","7.25-32,50,51,210,96,61",287,16.52312728614802,12.075000000000003,24.15,1675.9967999170028,3.2242731850700848,1,0.12756860441947437
7.25,"172,115,82,76,172,89","7.25-172,115,82,76,172,89",333,19.272200454862773,11.98375,23.740833333333335,2519.884566513547,3.401380646625025,1,0.12472292591180556
7.25,"208,151,254,41,36,162","7.25-208,151,254,41,36,162",86,17.263371762980206,13.016666666666666,21.966666666666665,34.85023340590327,1.5422056910870092,-1,-0.028173724369879416
7.25,"208,151,254,41,36,198","7.25-208,151,254,41,36,198",254,16.973259741459874,12.104166666666664,23.541666666666668,1098.4429315346056,3.040777498522412,1,0.14174653313108415
7.25,"48,74,38,133,29,213","7.25-48,74,38,133,29,213",290,18.208329004830215,12.102380952380933,23.538095238095234,1334.7147957018615,3.125388474775086,1,0.1345960922551691
7.25,"92,102,108,72,204,105","7.25-92,102,108,72,204,105",177,22.680393016745448,12.075757575757578,24.148484848484838,271.19973326645555,2.43328925805283,1,0.07910649479010234
7.25,"204,129,42,183,42,73","7.25-204,129,42,183,42,73",313,9.858039515755685,11.96212962962965,23.572407407407397,2133.659083481767,3.32912502896361,1,0.1328654008605319
7.25,"220,240,144,185,104,48","7.25-220,240,144,185,104,48",854,20.843590412276658,12.008333333333333,24.016666666666666,5892.905921349607,3.7703295077564642,-1,-0.03624189396287025
7.25,"116,21,117,93,235,62","7.25-116,21,117,93,235,62",224,16.059200747177073,12.066666666666663,24.133333333333333,836.9801029953069,2.9227151339047843,1,0.13388073611711065
7.25,"164,204,185,229,56,107","7.25-164,204,185,229,56,107",199,6.84203784755163,12.038333333333334,24.05666666666667,382.70348569519604,2.5828624178327964,1,0.1282165096250834
7.25,"60,134,209,115,214,231","7.25-60,134,209,115,214,231",1150,9.19005867485596,12.02268518518521,23.95462962962962,8530.824130197481,3.9309909887183054,-1,-0.10829959760398289
7.25,"156,95,90,12,124,73","7.25-156,95,90,12,124,73",143,3.7009702049234283,11.759374999999999,23.514583333333334,472.98304639638076,2.6748455741660235,1,0.12233474547911821
7.25,"140,37,5,134,24,48","7.25-140,37,5,134,24,48",207,9.797048816530223,11.977380952380933,23.911904761904765,945.6347151903441,2.9757234072119503,1,0.14778714702196133
7.25,"132,65,103,218,221,212","7.25-132,65,103,218,221,212",120,2.5634281745381204,11.710714285714268,23.378571428571433,756.107408608545,2.8785834934544243,1,0.10894647207917618
7.25,"112,138,9,131,175,199","7.25-112,138,9,131,175,199",80,7.853104308513608,11.680555555555557,22.894444444444446,101.56513376488134,2.0067446448347095,1,0.059309805517520575
7.25,"44,255,238,86,45,209","7.25-44,255,238,86,45,209",137,20.38517541188976,12.11973684210524,23.82719298245615,628.5929515533451,2.798369506941424,1,0.12242628154905566
7.25,"184,148,54,32,44,55","7.25-184,148,54,32,44,55",372,18.779216417254435,10.32142857142857,20.3904761904762,1974.6666564059674,3.2954937928728416,1,0.09303502495185656
7.25,"164,201,57,9,43,253","7.25-164,201,57,9,43,253",401,21.911742403929782,12.049999999999997,23.933333333333334,2549.9792758727053,3.4065366508611317,1,0.08692345301132187
7.25,"4,207,140,11,128,186","7.25-4,207,140,11,128,186",145,2.4955802901862727,11.759920634920647,23.342063492063478,116.25142977017114,2.065398302959645,1,0.061621211966889855
7.25,"108,217,76,95,253,145","7.25-108,217,76,95,253,145",610,9.571485734448556,11.441666666666663,22.016666666666666,4799.9193608512705,3.6812339412440256,1,0.01599442906817594
7.25,"212,131,4,236,83,154","7.25-212,131,4,236,83,154",202,4.933158599342923,11.589285714285737,22.8547619047619,890.7107639403152,2.949736700650316,1,0.11871986733370193
7.25,"220,245,5,135,187,95","7.25-220,245,5,135,187,95",241,2.6875728444519797,12.0,23.1,843.1980372102704,2.925929586922384,1,0.10633427543208124
7.25,"48,69,150,180,24,101","7.25-48,69,150,180,24,101",205,17.134581239398173,12.141666666666666,23.65,790.012331653393,2.897633870438824,1,0.14944378588406426
7.25,"8,74,207,99,147,223","7.25-8,74,207,99,147,223",260,1.9826962271851332,11.850000000000001,23.366666666666667,1255.84573104071,3.098936293642714,1,0.09727116200052882
7.25,"248,45,124,72,127,16","7.25-248,45,124,72,127,16",534,23.20335860385617,11.839529914529933,23.29017094017094,3696.1927666189167,3.5677546127904405,1,0.0333560163215898
7.25,"208,151,254,40,222,169","7.25-208,151,254,40,222,169",205,20.463258591773993,11.996296296296322,23.607407407407397,894.1803776698961,2.9514251352667595,1,0.13851956572069263
7.25,"76,2,32,111,66,59","7.25-76,2,32,111,66,59",243,10.779806397214038,11.590277777777779,22.247222222222224,1712.8187630296857,3.233711411780324,1,0.12951997918583008
7.25,"8,250,121,45,167,67","7.25-8,250,121,45,167,67",176,8.425934336442712,12.73833333333333,22.656666666666666,725.3029090725206,2.8605194193500814,1,0.12264721823648861
7.25,"72,149,7,30,171,33","7.25-72,149,7,30,171,33",150,20.892251361191512,12.533333333333331,22.0,455.543174516194,2.658529543911801,1,0.1084198093109543
7.25,"48,231,188,153,110,173","7.25-48,231,188,153,110,173",515,20.277313520857113,12.67297008547007,21.45149572649573,3978.2796855076067,3.5996953121224555,1,0.046674343231667414
7.25,"156,116,3,24,100,145","7.25-156,116,3,24,100,145",230,9.101835596440385,11.12222222222222,17.844444444444445,1462.336226833087,3.165047239017218,1,0.12813806462136418
7.25,"48,161,250,41,151,15","7.25-48,161,250,41,151,15",250,17.097449466074416,12.576890756302518,20.610924369747906,2197.710862533431,3.3419705547543885,1,0.13165982356698308
7.25,"192,46,37,42,205,205","7.25-192,46,37,42,205,205",158,16.983398021690288,11.678125000000001,18.84375,613.756074603416,2.787995803548439,1,0.13432046236010764
7.25,"140,217,214,204,25,121","7.25-140,217,214,204,25,121",131,14.322382263754523,11.77037037037038,18.666666666666668,186.6710927743909,2.2710770698474594,1,0.0904767469977793
7.25,"196,64,246,220,81,179","7.25-196,64,246,220,81,179",136,10.63634789843683,12.665476190476198,19.564285714285734,408.8757217836616,2.6115913237888244,1,0.1273591114355837
7.25,"76,24,154,44,218,251","7.25-76,24,154,44,218,251",197,17.14195353439984,12.700000000000003,19.633333333333333,681.772232103807,2.83363930887634,1,0.1327257446091743
7.25,"28,209,7,152,33,91","7.25-28,209,7,152,33,91",128,16.91108492377869,14.042156862745117,19.684313725490195,350.9505396583175,2.5452459145654402,1,0.08638100492653777
7.25,"164,201,57,205,13,69","7.25-164,201,57,205,13,69",250,19.88618654680763,13.777008928571433,20.273065476190467,1748.8543448790238,3.2427536403251898,1,0.1090586241012097
7.25,"12,75,84,85,61,8","7.25-12,75,84,85,61,8",274,14.759599978856542,12.674999999999997,17.466666666666665,2175.230267143088,3.337505237592396,1,0.12621851456602923
7.25,"164,125,159,153,152,107","7.25-164,125,159,153,152,107",122,14.949554255494,11.337187499999999,13.338958333333334,807.3772488966277,2.9070765072518228,1,0.1259254644348839
7.25,"56,110,162,121,182,28","7.25-56,110,162,121,182,28",209,17.389663236103964,13.60652173913045,18.013043478260872,875.8766926749164,2.9424429697979533,1,0.1253345133586164
7.25,"48,74,38,155,214,98","7.25-48,74,38,155,214,98",123,20.502707691648368,13.685185185185205,16.203703703703713,1274.8067217247003,3.105444344729723,1,0.09229246229838711
7.25,"216,50,20,254,96,65","7.25-216,50,20,254,96,65",121,7.443184173100558,15.222619047619062,16.711904761904766,888.5437863858241,2.9486788341865546,1,0.07448698380689689
7.25,"80,142,73,108,149,42","7.25-80,142,73,108,149,42",198,19.630782050168374,15.091666666666669,15.683333333333334,1582.9695341251354,3.1994725564993347,1,0.09198380293247488
7.25,"156,245,49,209,69,163","7.25-156,245,49,209,69,163",155,17.95692179492907,15.372549019607831,15.811764705882362,1068.5116671068438,3.028779268598786,1,0.09787675737342555
7.25,"24,208,197,242,97,13","7.25-24,208,197,242,97,13",165,22.020179182416307,14.477777777777774,14.53888888888889,918.0457590346131,2.9628643286968304,1,0.06628844967407649
7.25,"48,148,53,197,58,225","7.25-48,148,53,197,58,225",138,15.439975845410629,13.797222222222224,11.438888888888888,1097.4940386368205,3.040402169921754,1,0.10250185113149296
7.25,"164,4,80,242,145,20","7.25-164,4,80,242,145,20",104,11.78076923076923,14.104166666666664,10.401666666666667,1133.9822260637902,3.0546062475172833,1,0.0965508482312522
7.25,"160,157,193,211,143,65","7.25-160,157,193,211,143,65",48,14.054166666666667,14.227777777777774,8.222222222222221,42.25538564115166,1.6258820696211471,-1,-0.055204539985254875
7.25,"240,98,90,159,90,22","7.25-240,98,90,159,90,22",64,13.974479166666669,13.121805555555554,3.1075,486.1615550412844,2.6867806124802196,1,0.06014840015464651
7.25,"20,71,45,69,60,115","7.25-20,71,45,69,60,115",75,18.822888888888883,18.53333333333333,2.065686274509806,371.8257175262322,2.5703394246867344,1,0.012351257186518638
7.25,"164,4,80,213,195,23","7.25-164,4,80,213,195,23",213,18.820461658841936,19.281666666666666,1.0633333333333332,1812.959912559454,3.258388201256733,-1,-0.023255854256917563
7.25,"172,162,19,84,207,90","7.25-172,162,19,84,207,90",51,19.104248366013074,19.116203703703682,0.2990740740740633,525.1523898802819,2.720285346226421,1,0.0008910616854699294
7.26,"32,50,51,210,96,61","7.26-32,50,51,210,96,61",172,13.335962909631167,12.033333333333331,24.066666666666666,319.0855299546298,2.503907110043257,1,0.12612521883519962
7.26,"164,125,159,153,152,106","7.26-164,125,159,153,152,106",176,1.2899640522264775,12.0,24.0,222.47103661840856,2.347273478437985,1,0.07903234144004867
7.26,"172,115,82,76,172,89","7.26-172,115,82,76,172,89",474,20.441845440444084,12.070833333333333,24.125,3290.6000776978635,3.517275103624393,1,0.07610431627310249
7.26,"92,102,108,72,204,105","7.26-92,102,108,72,204,105",575,9.573639293274779,6.8439393939394115,13.678787878787876,4008.4257564754553,3.6029738440637225,-1,-0.024652073739199087
7.26,"220,240,144,185,104,48","7.26-220,240,144,185,104,48",427,8.313564484809062,11.597916666666663,23.195833333333333,2498.898287821208,3.3977485794810067,1,0.09005890774273695
7.26,"64,140,31,142,167,149","7.26-64,140,31,142,167,149",475,20.61577582259578,11.800980392156859,23.598039215686278,3333.3253691870177,3.5228777076436586,1,0.08166610515609046
7.26,"116,21,117,93,235,62","7.26-116,21,117,93,235,62",373,16.00499864860114,11.91858974358972,23.096153846153854,2177.265762313914,3.3379114433093426,1,0.12278163300465772
7.26,"8,250,121,45,167,67","7.26-8,250,121,45,167,67",296,6.7346806279443765,11.983333333333334,23.966666666666665,1258.106805689502,3.0997175116598243,1,0.12086996522413324
7.26,"220,245,5,135,187,95","7.26-220,245,5,135,187,95",160,10.668495241453414,12.570833333333333,22.791666666666668,600.8406777780369,2.7787593273524913,1,0.1372989968807778
7.26,"48,74,38,133,29,213","7.26-48,74,38,133,29,213",164,2.542896018237844,11.543055555555554,23.086111111111112,746.8342826071671,2.873224245545636,1,0.1102948096889268
7.26,"252,107,240,89,142,53","7.26-252,107,240,89,142,53",146,23.920925016559735,12.010416666666664,24.0125,26.779962209068085,1.4278099598154683,-1,-0.019805747242930383
7.26,"4,207,140,11,128,186","7.26-4,207,140,11,128,186",154,18.11158482763136,11.805787037037014,23.530092592592602,519.2621741026742,2.7153866873614643,1,0.13322326165178228
7.26,"156,95,90,12,124,73","7.26-156,95,90,12,124,73",232,12.461361476907246,11.844027777777775,23.685277777777777,1591.2972856084275,3.2017513219711837,1,0.14298960532635907
7.26,"48,69,150,180,24,101","7.26-48,69,150,180,24,101",174,21.58193590481614,11.991666666666667,23.916666666666668,440.7748291956835,2.6442167858130095,1,0.11922530175543417
7.26,"164,201,57,205,13,69","7.26-164,201,57,205,13,69",477,12.148174880796141,7.975000000000001,15.316666666666666,3741.359020914564,3.5730293851083257,1,0.019354543931148882
7.26,"164,204,185,229,56,107","7.26-164,204,185,229,56,107",369,12.297185176770489,12.216666666666669,23.733333333333334,2455.3073740690543,3.3901058681518674,1,0.11612012215268541
7.26,"8,250,121,183,224,101","7.26-8,250,121,183,224,101",61,3.5116482826350692,11.031994047619065,21.943154761904765,204.03300022796236,2.309700415748602,1,0.04768700493184724
7.26,"164,201,57,9,43,253","7.26-164,201,57,9,43,253",157,22.878131379579443,12.00897435897437,23.948717948717952,680.9691118519177,2.8331274131514053,1,0.11212438091553695
7.26,"204,129,42,183,42,73","7.26-204,129,42,183,42,73",394,21.71875027967384,11.959375000000001,23.61875,2568.3622966314556,3.4096562858803803,1,0.09568650017596336
7.26,"140,37,5,134,24,48","7.26-140,37,5,134,24,48",223,1.5297492328364963,11.944047619047602,23.611904761904768,1024.1942697144837,3.0103823416620745,1,0.10358125852576305
7.26,"60,134,209,115,214,231","7.26-60,134,209,115,214,231",525,7.82030301550546,11.94916666666667,23.665,3453.9379152159418,3.538314526826849,1,0.06622329724999093
7.26,"8,74,207,99,147,223","7.26-8,74,207,99,147,223",597,21.709146449819457,12.086666666666666,23.173333333333332,4437.965181409136,3.6471838905996403,1,0.024090819053051327
7.26,"208,151,254,40,222,169","7.26-208,151,254,40,222,169",95,6.9510335495342765,11.190972222222221,21.893055555555556,319.4202703403715,2.5043624729096527,1,0.10426884715244356
7.26,"60,165,129,193,27,11","7.26-60,165,129,193,27,11",201,20.473482738965114,12.183333333333337,23.3,788.3532744639592,2.896720875825791,1,0.13361017048025065
7.26,"20,94,105,93,76,199","7.26-20,94,105,93,76,199",62,4.2175337338930685,10.838888888888889,21.244444444444444,92.79642811480434,1.9675312598407892,1,0.019772701706188278
7.26,"248,45,124,72,127,16","7.26-248,45,124,72,127,16",428,15.233414252320054,12.238888888888887,23.788888888888888,2963.0971662180636,3.471745893147426,1,0.10507897124758048
7.26,"160,164,125,159,153,152","7.26-160,164,125,159,153,152",103,15.585960004735483,12.123484848484836,22.08636363636363,633.4969214145939,2.8017445086971198,1,0.13015487956069938
7.26,"156,245,49,209,69,163","7.26-156,245,49,209,69,163",244,18.450756401991498,11.836111111111109,21.594444444444445,1859.9903653758352,3.26951069460773,1,0.14108343448571542
7.26,"116,96,250,74,250,145","7.26-116,96,250,74,250,145",121,8.665840220385675,6.3079545454545425,11.215909090909085,585.035179215424,2.7671819817741055,1,0.06657066431311182
7.26,"216,138,220,202,211,84","7.26-216,138,220,202,211,84",93,5.33081058876714,12.233333333333334,23.0,314.1462503372777,2.4971318803258784,1,0.11124380960268831
7.26,"112,58,81,118,159,27","7.26-112,58,81,118,159,27",55,4.032727598193409,10.472499999999997,19.905,263.5538889116629,2.4208694289001134,1,0.05929556432662714
7.26,"184,148,54,32,44,55","7.26-184,148,54,32,44,55",742,20.03759732936691,12.932291666666664,22.102083333333333,5469.081241429939,3.7379143747263788,-1,-0.010331035699248314
7.26,"100,162,249,97,239,54","7.26-100,162,249,97,239,54",559,11.39800119532359,8.26833333333333,12.663333333333334,3799.40418382082,3.579715496625517,1,0.0036895340099146745
7.26,"36,17,69,161,50,93","7.26-36,17,69,161,50,93",98,16.749222417940206,12.283333333333331,23.633333333333333,92.79683497841782,1.967533163989887,1,0.046239375460178256
7.26,"48,231,188,153,110,173","7.26-48,231,188,153,110,173",451,22.845454980699007,12.05972222222222,23.03611111111111,2925.245449677429,3.4661623124586134,1,0.06674849077316253
7.26,"72,125,46,223,247,70","7.26-72,125,46,223,247,70",93,10.639491013948328,10.448437499999997,18.736458333333335,586.457625916714,2.768236637942814,1,0.12728834502808656
7.26,"156,116,3,24,100,145","7.26-156,116,3,24,100,145",344,10.942436098249559,11.957371794871804,21.831410256410276,2555.2863712533463,3.407439578633469,1,0.11907107344593099
7.26,"108,217,76,95,253,145","7.26-108,217,76,95,253,145",316,7.6892776906840785,12.023809523809533,21.647619047619067,1594.0587208478594,3.202504315598661,1,0.12057647008778882
7.26,"24,208,197,242,97,13","7.26-24,208,197,242,97,13",305,19.350616294103304,12.879166666666663,21.475,1630.7671828872558,3.2123919632446882,1,0.12008902311870079
7.26,"76,2,32,111,66,59","7.26-76,2,32,111,66,59",208,10.01025992810338,12.534722222222221,19.53611111111111,1411.087759532871,3.1495540245946336,1,0.13318186822414135
7.26,"48,161,250,41,151,15","7.26-48,161,250,41,151,15",255,5.796573923518771,13.172916666666666,20.220833333333335,1932.3245802573074,3.2860800783811968,1,0.08786101612360692
7.26,"196,64,246,220,81,179","7.26-196,64,246,220,81,179",193,11.427331325299894,10.82212301587301,14.8875,1148.8424438499242,3.060260472153538,1,0.13055303783357453
7.26,"128,138,139,124,94,97","7.26-128,138,139,124,94,97",99,7.202232581071684,13.216666666666669,18.8,935.4986888964141,2.97104318317173,1,0.10378257939353291
7.26,"176,223,193,193,47,17","7.26-176,223,193,193,47,17",114,10.673952182957938,12.480000000000004,17.626666666666665,527.5802767557668,2.722288551362112,1,0.1359760052616456
7.26,"56,251,20,50,26,70","7.26-56,251,20,50,26,70",372,20.37989346523188,13.783333333333331,19.566666666666666,2446.7949393013314,3.3885975735767135,1,0.06558709416040581
7.26,"28,123,35,129,140,184","7.26-28,123,35,129,140,184",129,10.955062910475398,13.862499999999997,18.991666666666667,571.2596777252029,2.7568335705344515,1,0.10764087610230338
7.26,"80,142,73,108,149,42","7.26-80,142,73,108,149,42",190,5.5796052631578945,5.542261904761901,1.6845238095238002,1594.7684703763266,3.2026976407871097,1,0.0022550445638701566
7.26,"124,118,104,20,214,230","7.26-124,118,104,20,214,230",98,11.312414965986392,8.523333333333333,6.746666666666667,778.1527812169427,2.891064874014504,1,0.08180796582465677
7.26,"184,55,101,29,72,107","7.26-184,55,101,29,72,107",164,16.953521557669838,14.29393939393941,19.64545454545454,1114.5189434289887,3.0470874545630133,1,0.11122821684952744
7.26,"56,110,162,121,182,28","7.26-56,110,162,121,182,28",129,12.131025193092876,13.735416666666666,17.990277777777777,510.4695086770697,2.7079698059551953,1,0.1169472108231181
7.26,"12,75,84,85,60,206","7.26-12,75,84,85,60,206",67,17.73430058100009,13.429166666666667,16.541666666666668,279.12042418115124,2.445791616440747,1,0.07346411942662928
7.26,"240,98,90,159,90,22","7.26-240,98,90,159,90,22",198,20.409739184161587,14.130000000000003,13.073333333333334,1752.6472031305796,3.2436945041408736,1,0.08034795066246064
7.26,"164,4,80,251,97,31","7.26-164,4,80,251,97,31",105,6.529365079365078,6.574791666666666,0.17958333333333334,1059.0371664473237,3.024911201750306,1,0.026006055400372596
7.26,"124,161,119,225,7,54","7.26-124,161,119,225,7,54",116,15.6759222314369,15.068181818181827,16.36969696969696,322.0778329020162,2.5079608354076495,1,0.07678389461840368
7.26,"136,64,59,156,16,161","7.26-136,64,59,156,16,161",177,6.684651600753298,6.691666666666666,0.016666666666666666,1785.9965496396283,3.2518806155413755,1,0.002351391429798788
7.26,"216,50,20,254,96,65","7.26-216,50,20,254,96,65",129,20.669970823530836,15.01862745098039,16.67058823529411,854.8724650838345,2.9319013289484444,1,0.08078281208540833
7.26,"48,74,38,155,214,98","7.26-48,74,38,155,214,98",132,17.342294502727437,14.584444444444443,15.028888888888888,1116.38379341899,3.047813523194781,1,0.10483652106242303
7.26,"160,157,193,211,143,65","7.26-160,157,193,211,143,65",182,12.896932234432235,12.261458333333337,10.277083333333334,1438.0664395542542,3.157778951182635,1,0.11358555872601561
7.26,"40,53,69,96,185,108","7.26-40,53,69,96,185,108",108,17.818192252109405,14.300555555555555,14.487777777777778,675.0953141565797,2.8293650935568797,1,0.10221575716866571
7.26,"12,75,84,85,61,8","7.26-12,75,84,85,61,8",159,19.598149163466477,15.029444444444444,14.345555555555556,814.576531169475,2.910931893436673,1,0.09393702035258644
7.26,"32,244,120,99,99,16","7.26-32,244,120,99,99,16",323,15.145067973051434,14.485119047619065,12.396428571428567,2867.1869947023924,3.4574560180665053,1,0.06379773793294463
7.26,"56,55,139,72,127,192","7.26-56,55,139,72,127,192",63,11.287698412698411,11.486923076923055,0.7671794871794797,499.4990774114101,2.6985346904088408,1,0.057411624656266536
7.26,"116,210,29,242,166,80","7.26-116,210,29,242,166,80",69,11.251086956521739,11.2190476190476,0.2619047619047665,615.1042943843847,2.788948759085089,1,0.05504489911975735
7.26,"48,50,53,85,102,228","7.26-48,50,53,85,102,228",59,11.547033898305088,11.482500000000002,0.765,426.3511720257146,2.629767461182579,1,0.05244176784422816
7.26,"172,7,95,67,9,245","7.26-172,7,95,67,9,245",57,15.536842105263155,15.37166666666667,0.9233333333333333,508.6417919418267,2.706412040590115,1,0.033864569787919185
7.26,"48,148,53,197,58,225","7.26-48,148,53,197,58,225",124,18.311760752688173,19.984259259259275,4.161111111111111,1379.243230178817,3.139640860961698,1,0.020415685833264252
7.26,"64,69,218,104,146,86","7.26-64,69,218,104,146,86",64,18.868619791666667,19.204761904761895,0.876190476190467,644.652466256194,2.809325648489833,1,0.01573415560628777
7.26,"124,107,156,13,48,251","7.26-124,107,156,13,48,251",143,23.26497668997669,23.258333333333333,0.016666666666666666,1577.1510281068602,3.1978732833941135,-1,-0.08447708558866884
7.27,"32,50,51,210,96,61","7.27-32,50,51,210,96,61",86,5.520858205560836,11.40166666666667,22.723333333333333,148.03944419928607,2.1703774459067526,1,0.06668653312819361
7.27,"8,250,121,45,167,67","7.27-8,250,121,45,167,67",347,10.01196510192377,11.914215686274503,23.82843137254903,1955.4921750564188,3.2912560824530086,1,0.12480124321499225
7.27,"48,74,38,133,29,213","7.27-48,74,38,133,29,213",184,23.983754473043117,12.0,24.0,464.97989076591944,2.6674341711302954,1,0.09008804911334783
7.27,"164,204,185,229,56,107","7.27-164,204,185,229,56,107",284,14.007389992366164,11.94222222222222,23.88222222222222,1335.8040133822692,3.125742743955153,1,0.13965319529010678
7.27,"184,55,101,29,72,107","7.27-184,55,101,29,72,107",142,2.3546332737823024,12.008333333333333,24.016666666666666,548.1213550395811,2.73887672269833,1,0.11834046494237344
7.27,"20,94,105,93,76,199","7.27-20,94,105,93,76,199",185,6.6964542135815766,12.049999999999997,24.1,481.2712339002864,2.6823899042044252,1,0.13197459388587718
7.27,"36,17,69,161,50,93","7.27-36,17,69,161,50,93",138,7.8253566113312125,12.011111111111113,24.011111111111113,290.897279817747,2.463739660175675,1,0.12771067303409311
7.27,"28,209,7,152,33,91","7.27-28,209,7,152,33,91",133,6.141290726817044,3.791666666666668,7.666666666666667,626.3891859711918,2.796844251422846,1,0.020600229686991045
7.27,"172,115,82,76,172,89","7.27-172,115,82,76,172,89",475,13.458195033531307,12.016666666666666,24.033333333333335,3304.913399534263,3.5191600839132917,1,0.08500706151148196
7.27,"4,207,140,11,128,186","7.27-4,207,140,11,128,186",315,6.829220408132868,12.002083333333331,23.929166666666667,1903.7224205083785,3.2796036247050786,1,0.12605672485140862
7.27,"164,125,159,153,152,106","7.27-164,125,159,153,152,106",234,0.7411173212236865,12.0,24.0,703.1799590693171,2.847066484662934,1,0.0849374807116563
7.27,"252,107,240,89,142,53","7.27-252,107,240,89,142,53",116,8.995222262003187,11.493055555555557,22.98611111111111,72.58692951762077,1.8608584258046261,1,0.04035213810604399
7.27,"220,240,144,185,104,48","7.27-220,240,144,185,104,48",266,20.4366618047376,12.061538461538476,24.07692307692309,1069.007411502291,3.0289807162128843,1,0.12248744301880127
7.27,"208,151,254,40,222,169","7.27-208,151,254,40,222,169",341,19.803348321230473,12.183333333333337,23.666666666666668,2097.3610958419613,3.321673207971813,1,0.1268146322194615
7.27,"204,129,42,183,42,73","7.27-204,129,42,183,42,73",586,3.279194210371055,11.972222222222221,23.144444444444446,4955.89306997684,3.6951219273206526,-1,-0.0027623995971507442
7.27,"220,245,5,135,187,95","7.27-220,245,5,135,187,95",163,6.124174131188455,12.039166666666667,23.988333333333333,328.12307692423843,2.5160367754284656,1,0.12868691618796646
7.27,"156,95,90,12,124,73","7.27-156,95,90,12,124,73",116,4.513791315780537,12.066666666666663,23.966666666666665,438.270336556109,2.6417420773024762,1,0.1245018058428573
7.27,"248,45,124,72,127,16","7.27-248,45,124,72,127,16",338,5.151306902349204,11.965224358974375,23.761217948717952,2376.4351952757434,3.37592597570299,1,0.10796505173155613
7.27,"48,69,150,180,24,101","7.27-48,69,150,180,24,101",133,10.862313972706549,11.830555555555556,23.36111111111111,72.58692951762079,1.8608584258046261,1,0.05300314219254876
7.27,"192,46,37,42,205,205","7.27-192,46,37,42,205,205",157,3.178341000967488,11.502083333333331,22.170833333333334,458.6505955408401,2.661481961759309,1,0.10269784141298716
7.27,"112,58,81,118,159,27","7.27-112,58,81,118,159,27",153,18.254324340843308,12.583333333333336,21.433333333333334,575.5467386434747,2.7600805973154943,1,0.12546051211637194
7.27,"208,151,254,41,36,198","7.27-208,151,254,41,36,198",420,14.736102283590235,11.775438596491227,23.34912280701754,2796.6657825146426,3.446640568809012,1,0.10931058265370319
7.27,"64,140,31,142,167,149","7.27-64,140,31,142,167,149",819,20.32772184837541,11.93200757575758,23.581439393939412,6404.289680719369,3.8064709678276225,-1,-0.02926279074987248
7.27,"60,134,209,115,214,231","7.27-60,134,209,115,214,231",690,15.739253364213113,11.858333333333334,23.416666666666668,5405.024763470645,3.7327976880421536,1,0.022065631201063196
7.27,"164,201,57,9,43,253","7.27-164,201,57,9,43,253",174,2.9258766355392787,12.117083333333333,23.6325,863.5261532223785,2.936275495381371,1,0.1271740753201912
7.27,"132,65,103,218,221,212","7.27-132,65,103,218,221,212",156,5.221064634350044,11.778273809523796,22.985119047619033,977.1472544158612,2.9899600160844746,1,0.13265854708022623
7.27,"8,74,207,99,147,223","7.27-8,74,207,99,147,223",652,19.902597892423568,12.079999999999998,22.96,5394.704498975911,3.7319676607003145,1,0.025724587128650778
7.27,"48,236,165,220,64,63","7.27-48,236,165,220,64,63",57,23.7501069183986,8.648333333333333,16.63,571.0501863928059,2.7566742776253306,-1,-0.0009510058295556512
7.27,"108,217,76,95,253,145","7.27-108,217,76,95,253,145",303,8.453730878728738,12.366666666666667,23.4,1268.6043000424477,3.103326179142118,1,0.11904681728505423
7.27,"24,208,197,242,97,13","7.27-24,208,197,242,97,13",337,20.389343299118536,11.825000000000003,22.216666666666665,1615.5176380390506,3.2083117039576337,1,0.11725683577944196
7.27,"20,94,105,220,154,7","7.27-20,94,105,220,154,7",132,8.554795304336015,12.183333333333337,22.933333333333334,150.66744180638017,2.1780194144149565,1,0.09336783787745012
7.27,"156,116,3,24,100,145","7.27-156,116,3,24,100,145",301,8.718644593376379,12.168055555555554,23.06388888888889,2167.0483031418353,3.3358685917785906,1,0.1279977822893258
7.27,"128,138,139,124,94,97","7.27-128,138,139,124,94,97",117,5.562168503859109,12.033333333333331,22.566666666666666,821.8880463840893,2.914812664074215,1,0.1281575815899721
7.27,"28,123,35,129,140,184","7.27-28,123,35,129,140,184",123,13.406948920480652,11.658333333333331,20.95,219.77033700224618,2.3419690741402768,1,0.10115941870169781
7.27,"48,161,250,41,151,15","7.27-48,161,250,41,151,15",135,10.699072865583542,11.99444444444444,21.91111111111111,261.0205337316809,2.416674673375018,1,0.12087727576887153
7.27,"60,165,129,193,27,11","7.27-60,165,129,193,27,11",274,20.281475557626585,12.981060606060588,22.004545454545458,2005.955741606016,3.302321346736081,1,0.1116161563207359
7.27,"32,18,51,210,96,61","7.27-32,18,51,210,96,61",108,15.56993108166754,10.338095238095235,18.142857142857135,544.5034727092134,2.7360006539240054,1,0.11449900106242028
7.27,"164,32,50,51,210,96","7.27-164,32,50,51,210,96",134,13.325475620407234,12.039285714285732,21.721428571428568,363.8428738817986,2.5609138733783463,1,0.12879822683768216
7.27,"156,40,64,136,168,246","7.27-156,40,64,136,168,246",70,15.594982023396474,9.518154761904768,12.8220238095238,828.4363866154072,2.918259165739573,1,0.07910469292372813
7.27,"48,148,53,197,58,225","7.27-48,148,53,197,58,225",469,20.089287307953917,12.641666666666666,22.116666666666667,3276.50499618698,3.515410834527708,1,0.06644425396963405
7.27,"216,138,220,202,211,84","7.27-216,138,220,202,211,84",197,10.303228837105102,10.68194444444444,18.06388888888889,1065.802882109354,3.0276768903114384,1,0.13767765905835416
7.27,"48,231,188,153,110,173","7.27-48,231,188,153,110,173",563,19.051233856098044,12.738888888888887,22.288888888888888,4312.715345546803,3.6347507941213775,1,0.035417996602792656
7.27,"160,157,193,211,143,65","7.27-160,157,193,211,143,65",99,10.121195232436376,11.498484848484836,18.096969696969705,340.7059311580633,2.532379694022228,1,0.1223529476923515
7.27,"88,198,240,41,58,135","7.27-88,198,240,41,58,135",384,14.156958711090896,10.083333333333336,15.0,3188.0803805166715,3.503529262653424,1,0.08110405565353235
7.27,"228,178,251,152,66,5","7.27-228,178,251,152,66,5",103,9.82233009708738,8.040211640211638,11.298148148148158,563.6756330838793,2.7510292612776293,1,0.08294009639773409
7.27,"124,118,104,102,176,165","7.27-124,118,104,102,176,165",370,13.891879136062407,8.95462121212121,12.389242424242418,3541.142398448359,3.5491433912079575,1,0.04679937509357829
7.27,"240,15,236,59,39,162","7.27-240,15,236,59,39,162",195,11.628247863247864,8.266666666666666,10.666666666666666,1271.8594613025234,3.10443912502872,1,0.09158736422357128
7.27,"76,2,32,111,66,59","7.27-76,2,32,111,66,59",204,10.816271470057739,13.341666666666669,20.65,1081.7441877068318,3.03412457038,1,0.1183835246983248
7.27,"140,52,1,175,121,255","7.27-140,52,1,175,121,255",138,19.075386223247,11.796209273182967,17.3404761904762,789.6797452736397,2.8974509988099455,1,0.12956892837563466
7.27,"196,64,246,220,81,179","7.27-196,64,246,220,81,179",264,19.65365624715403,13.958333333333336,20.083333333333332,1510.60815155887,3.1791518239117145,1,0.1051830387686934
7.27,"252,124,2,134,99,96","7.27-252,124,2,134,99,96",37,19.623922843694274,13.655303030303003,16.789393939393953,151.98895250718382,2.1818120218952073,1,0.005342428558278267
7.27,"116,210,29,77,117,93","7.27-116,210,29,77,117,93",458,21.686603206366065,14.672222222222224,18.68888888888889,3939.2381418331693,3.595412236345526,1,0.0037399280650830535
7.27,"48,74,38,155,214,98","7.27-48,74,38,155,214,98",150,18.313786819102823,13.117843137254887,16.995686274509804,838.6696031441861,2.923590902674098,1,0.12660367065347777
7.27,"156,245,49,209,69,163","7.27-156,245,49,209,69,163",445,16.50160032487556,13.648333333333333,15.87,3665.246493323553,3.5641031869145285,1,0.057554617352063464
7.27,"76,24,154,44,218,251","7.27-76,24,154,44,218,251",267,9.90906594775808,14.475000000000001,15.55,1855.4004593921832,3.2684376597916174,1,0.08207822852318536
7.27,"12,75,84,85,60,206","7.27-12,75,84,85,60,206",110,17.633220486757708,14.329761904761902,14.692857142857134,668.8014580133854,2.82529721121098,1,0.09933721484169461
7.27,"12,75,84,85,61,8","7.27-12,75,84,85,61,8",116,14.604101770326789,14.624444444444443,14.848888888888888,764.7714683370378,2.8835316771564825,1,0.11473038968564497
7.27,"240,98,90,159,90,22","7.27-240,98,90,159,90,22",241,19.663312681742692,14.509722222222223,13.51388888888889,1862.3537714803851,3.270062182772118,1,0.08756608082451023
7.27,"160,120,23,174,226,113","7.27-160,120,23,174,226,113",46,7.622282608695652,7.774999999999999,1.3166666666666667,330.12417137825605,2.518677324123946,1,0.00917248333111853
7.27,"164,201,57,205,13,69","7.27-164,201,57,205,13,69",144,20.278564588732614,15.868181818181831,16.263636363636373,987.6922121949734,2.994621629435221,1,0.07372872799325803
7.27,"32,244,120,99,99,16","7.27-32,244,120,99,99,16",69,8.385265700483089,8.258333333333333,0.3333333333333333,613.758049505186,2.7879972009888823,1,0.03632421340846992
7.27,"208,110,152,171,43,95","7.27-208,110,152,171,43,95",104,9.60985576923077,9.641666666666666,3.3666666666666667,847.4002807063915,2.928088603527629,1,0.08186457094315625
7.27,"176,241,236,166,12,79","7.27-176,241,236,166,12,79",208,6.8581222726961455,15.704583333333332,14.773333333333333,2315.1025362319056,3.364570230746437,1,0.032907647183761046
7.27,"8,250,121,183,224,101","7.27-8,250,121,183,224,101",157,20.143468010046945,16.95017156862744,13.74867647058822,1193.0064371159392,3.076642787003443,1,0.058606672297376705
7.27,"56,55,139,223,234,228","7.27-56,55,139,223,234,228",18,9.899999999999999,10.100000000000001,0.3981481481481589,145.45085568661798,2.1627162805427433,-1,-0.031323015580133395
7.27,"224,64,7,212,220,30","7.27-224,64,7,212,220,30",70,12.638809523809527,11.835555555555558,3.2288888888888887,575.5575139354818,2.7600887280297184,1,0.07045389031387395
7.27,"156,40,64,136,127,99","7.27-156,40,64,136,127,99",84,13.711706349206352,13.707936507936488,0.1492063492063446,829.6238390833813,2.9188812229297025,1,0.050595477436980285
7.27,"220,68,109,87,214,3","7.27-220,68,109,87,214,3",42,13.879960317460316,14.452777777777776,1.6611111111111112,347.0112262163396,2.540343524949215,1,0.019757754289894014
7.27,"28,21,31,241,119,60","7.27-28,21,31,241,119,60",185,19.202747747747743,21.0,4.1,1571.7972091178153,3.196396513305005,-1,-0.0077822005507003356
7.27,"220,68,109,22,83,171","7.27-220,68,109,22,83,171",84,21.161011904761907,21.150595238095235,0.06547619047619972,937.7246128328978,2.972075315258559,-1,-0.03033668092778674
7.28,"32,50,51,210,96,61","7.28-32,50,51,210,96,61",136,10.351438390048617,9.940740740740765,19.881481481481494,316.0597025893203,2.499769127099544,1,0.10360949701437744
7.28,"164,201,57,205,13,69","7.28-164,201,57,205,13,69",117,4.485754985754987,4.988888888888887,9.311111111111112,609.8995144168949,2.785258287586022,1,0.031671289625324506
7.28,"48,74,38,133,29,213","7.28-48,74,38,133,29,213",144,3.636120972224986,10.016666666666666,20.033333333333335,494.68127993878295,2.6943254758116923,1,0.0911437833163326
7.28,"156,95,90,12,124,73","7.28-156,95,90,12,124,73",288,4.388440513249088,10.066666666666663,20.133333333333333,2073.447307767391,3.3166930031740507,1,0.07626803398157139
7.28,"164,125,159,153,152,106","7.28-164,125,159,153,152,106",30,0.8156404506123535,6.875,13.75,177.32810734028635,2.2487775787780953,-1,-0.05193649393989885
7.28,"36,17,69,161,50,93","7.28-36,17,69,161,50,93",131,10.31811081053747,10.036111111111111,20.06111111111111,172.65271808838875,2.2371734198791975,1,0.07763870388588684
7.28,"48,231,188,153,110,173","7.28-48,231,188,153,110,173",239,13.135006878837466,10.125,19.583333333333332,1818.9254459820409,3.259814898589511,1,0.11764853318224905
7.28,"8,250,121,45,167,67","7.28-8,250,121,45,167,67",304,8.011020829096555,10.033333333333331,20.066666666666666,2042.6240623093486,3.310188443632896,1,0.09446184904986493
7.28,"196,64,246,220,81,179","7.28-196,64,246,220,81,179",186,17.990562998368667,10.091666666666669,19.516666666666666,1180.0118533477767,3.071886369863478,1,0.11451897426965008
7.28,"20,94,105,93,76,199","7.28-20,94,105,93,76,199",140,8.37891799559896,10.026388888888889,20.04722222222222,198.3156116175161,2.2973569036781614,1,0.08011011877908819
7.28,"184,55,101,29,72,107","7.28-184,55,101,29,72,107",185,3.315670944589463,10.141666666666666,19.616666666666667,779.898092853004,2.8920378583276625,1,0.0995412158248482
7.28,"208,151,254,40,222,169","7.28-208,151,254,40,222,169",199,10.192624664308605,10.162037037037017,20.142592592592603,865.4810963532345,2.9372575865509445,1,0.13117690495850387
7.28,"220,240,144,185,104,48","7.28-220,240,144,185,104,48",248,7.871721818393269,10.0264880952381,20.005357142857132,1046.8685599231442,3.0198921570527535,1,0.10560964376029913
7.28,"44,255,238,86,45,209","7.28-44,255,238,86,45,209",233,13.498752697308337,10.283333333333331,19.9,969.1041582332216,2.9863704570455267,1,0.12249220996543936
7.28,"172,115,82,76,172,89","7.28-172,115,82,76,172,89",401,19.34844568454664,9.957291666666663,19.847916666666666,3332.8758694631706,3.5228191389797403,1,0.059301132793261546
7.28,"116,210,29,77,117,93","7.28-116,210,29,77,117,93",835,6.311506986027943,3.6653846153846175,6.630769230769236,7435.345020229786,3.8713011257706005,-1,-0.14704090726993357
7.28,"48,69,150,180,24,101","7.28-48,69,150,180,24,101",168,20.037649538226106,10.040624999999999,19.98125,484.57971926942565,2.6853652339994074,1,0.09563182440304469
7.28,"208,151,254,41,36,198","7.28-208,151,254,41,36,198",210,16.51312575006965,9.140833333333333,17.581666666666667,929.042789852947,2.968035717189608,1,0.10597095675181312
7.28,"64,140,31,142,167,149","7.28-64,140,31,142,167,149",636,17.750889330331596,10.025595238095235,20.0154761904762,4359.16012173497,3.6394028219217294,-1,-0.00310661045888716
7.28,"132,65,103,218,221,212","7.28-132,65,103,218,221,212",74,13.919712935971528,9.608333333333334,19.15,80.6775220870914,1.9067525509136962,-1,-2.5118216963382345e-05
7.28,"164,204,185,229,56,107","7.28-164,204,185,229,56,107",151,10.323749372716607,6.937631578947379,13.768596491228058,378.01458620301185,2.5775085579992933,1,0.07000754779846813
7.28,"140,37,5,134,24,48","7.28-140,37,5,134,24,48",115,7.946938555492209,9.883333333333333,19.0,595.8876559886846,2.77516438896309,1,0.11610619581466225
7.28,"4,207,140,11,128,186","7.28-4,207,140,11,128,186",146,14.405214817972887,10.143749999999997,20.045833333333334,221.65609971628245,2.345679687075338,1,0.0807884186357879
7.28,"204,129,42,183,42,73","7.28-204,129,42,183,42,73",302,13.307486216972102,10.220833333333331,19.491666666666667,2137.6734673674387,3.329941366845224,1,0.11291859573998358
7.28,"248,45,124,72,127,16","7.28-248,45,124,72,127,16",903,6.098279273836142,10.021666666666668,19.876666666666665,7382.521350878097,3.8682047116554203,-1,-0.10368942747041865
7.28,"8,74,207,99,147,223","7.28-8,74,207,99,147,223",453,8.16482128239604,9.875072463768106,19.329855072463754,3443.0991597907278,3.5369495303810643,1,0.0465310579174002
7.28,"60,134,209,115,214,231","7.28-60,134,209,115,214,231",616,20.674051447246054,10.053333333333335,19.826666666666668,4396.918903580532,3.6431484556009956,-1,-0.006076314177940523
7.28,"8,250,121,183,224,101","7.28-8,250,121,183,224,101",301,16.94561657317422,10.033333333333331,19.7,1315.963701432017,3.119243910185848,1,0.10433229548354839
7.28,"220,245,5,135,187,95","7.28-220,245,5,135,187,95",120,9.609538027424293,10.310714285714269,19.111904761904768,489.72537468789136,2.689952607186338,1,0.1265099404738378
7.28,"92,102,108,72,204,105","7.28-92,102,108,72,204,105",298,9.986981533156388,10.14284511784512,19.706902356902333,1706.2822280988144,3.232050867375773,1,0.10724965885944299
7.28,"108,217,76,95,253,145","7.28-108,217,76,95,253,145",558,7.914177925877507,10.261333333333347,19.355999999999995,3903.4299617791144,3.5914463913385353,1,0.024828915410025965
7.28,"164,201,57,9,43,253","7.28-164,201,57,9,43,253",108,1.9949644241798064,10.084583333333335,19.664166666666667,319.7481279949162,2.5048080105272112,1,0.06606915204852148
7.28,"112,58,81,118,159,27","7.28-112,58,81,118,159,27",378,8.538383131931056,10.211666666666666,19.476666666666667,2103.0340091269336,3.3228462959182443,1,0.08667199751919125
7.28,"196,64,246,34,203,41","7.28-196,64,246,34,203,41",214,5.564414911862583,10.566666666666663,19.066666666666666,1635.056160325331,3.2135326742443273,1,0.10991877645610332
7.28,"76,2,32,111,66,59","7.28-76,2,32,111,66,59",353,13.625513132450928,8.889166666666668,15.188333333333333,2748.2871684738893,3.439062110180668,1,0.07537248175490158
7.28,"48,161,250,41,151,15","7.28-48,161,250,41,151,15",102,9.208127450353286,10.513888888888886,18.627777777777776,240.84926679420042,2.381745328550733,1,0.10231401313747007
7.28,"16,246,5,189,13,97","7.28-16,246,5,189,13,97",195,15.99452198649757,10.797916666666666,17.970833333333335,1228.6836937434155,3.0894400946502913,1,0.13014528200938097
7.28,"156,245,49,209,69,163","7.28-156,245,49,209,69,163",414,18.257175764532967,10.267361111111114,17.948611111111113,3298.697543344157,3.5183424970311195,1,0.06515914650769883
7.28,"24,208,197,242,97,13","7.28-24,208,197,242,97,13",269,6.86336751157633,10.69642857142857,18.192857142857132,1421.3923148968815,3.1527139629940546,1,0.11074290435941614
7.28,"28,123,35,129,140,184","7.28-28,123,35,129,140,184",116,9.56716559551896,10.216666666666669,17.633333333333333,129.45959703627997,2.1121342508729173,1,0.0700925063954087
7.28,"48,148,53,197,58,225","7.28-48,148,53,197,58,225",250,12.730352603885539,10.522222222222226,17.555555555555557,1471.3114689294614,3.1677046203267447,1,0.12796643150934262
7.28,"36,121,243,168,250,69","7.28-36,121,243,168,250,69",39,1.4081769907023667,10.176666666666662,16.14666666666667,316.57515333976994,2.500476825905738,1,0.016410600620274995
7.28,"88,214,151,126,55,223","7.28-88,214,151,126,55,223",153,12.116975022852438,11.362254901960775,17.775490196078447,568.7074545354894,2.7548889209590603,1,0.13878026142288108
7.28,"156,116,3,24,100,145","7.28-156,116,3,24,100,145",212,8.993649319561868,10.977777777777774,17.022222222222222,1139.871876781883,3.0568560387630495,1,0.1286139805795637
7.28,"56,138,190,230,77,51","7.28-56,138,190,230,77,51",445,14.050642421562785,11.638888888888886,16.755555555555556,3862.5397707078155,3.5868729641765866,1,0.07294491112611273
7.28,"180,165,172,138,160,85","7.28-180,165,172,138,160,85",149,10.797986577181206,8.93416666666667,10.831666666666667,1112.4112123597083,3.0462653576115843,1,0.10078907783882857
7.28,"220,140,27,93,134,115","7.28-220,140,27,93,134,115",114,6.2698830409356745,5.372777777777777,3.0122222222222224,904.5146890083453,2.956415624046545,1,0.04029598638226428
7.28,"188,61,133,254,215,203","7.28-188,61,133,254,215,203",191,17.089887173311375,11.554797979797975,13.054040404040393,1096.1412940372738,3.0398665388797776,1,0.11979609558594478
7.28,"112,138,9,133,158,5","7.28-112,138,9,133,158,5",55,6.814242424242423,6.54675925925924,0.7046296296296188,573.5822135655561,2.7585956756616663,1,0.017664857596027428
7.28,"48,123,172,71,160,113","7.28-48,123,172,71,160,113",202,12.87874573867224,12.987222222222222,13.647777777777778,1392.1512779354414,3.143686430391548,1,0.12490394604645372
7.28,"40,53,69,96,185,108","7.28-40,53,69,96,185,108",83,14.141313073945504,13.481250000000003,12.883333333333333,116.40866735837483,2.0659853174769083,1,0.032546579719282764
7.28,"136,70,4,66,155,18","7.28-136,70,4,66,155,18",114,7.354751461988304,7.399999999999999,0.5,995.3686055599114,2.997983938751676,1,0.04333230710168634
7.28,"156,95,90,16,243,61","7.28-156,95,90,16,243,61",40,7.643750000000001,7.698611111111113,0.09861111111111111,230.02887751209178,2.3617823601780623,-1,-0.013988302444025269
7.28,"252,124,2,134,99,96","7.28-252,124,2,134,99,96",76,18.743421052631575,15.131481481481458,9.751851851851841,690.3967562404698,2.8390987422231238,1,0.07517818394166575
7.28,"64,69,218,104,146,86","7.28-64,69,218,104,146,86",213,18.50610328638497,16.22916666666667,7.325,1322.6109769098127,3.12143212277714,1,0.049061309572083545
7.28,"28,21,31,241,119,60","7.28-28,21,31,241,119,60",149,19.09334451901566,19.36347402597403,0.6254329004328854,1427.2235796506388,3.1544920122195226,1,0.0006717218766362221
7.29,"32,50,51,210,96,61","7.29-32,50,51,210,96,61",126,20.752843915343917,19.03333333333333,9.933333333333334,888.8661629353049,2.9488363739349097,1,0.03197348174105752
7.29,"156,95,90,12,124,73","7.29-156,95,90,12,124,73",92,23.381521739130434,20.866304347826066,6.199275362318828,838.3802778342551,2.923441053360431,-1,-0.01923777916603875
7.29,"184,148,54,32,44,55","7.29-184,148,54,32,44,55",76,23.173355263157887,21.203333333333333,5.326666666666667,666.1110825364801,2.8235466593653102,-1,-0.029066179956387383
7.3,"184,148,54,32,44,55","7.30-184,148,54,32,44,55",736,18.659307389753575,11.965000000000003,23.93,5883.062629526371,3.769603471796069,1,0.0017494786237122195
7.3,"32,50,51,210,96,61","7.30-32,50,51,210,96,61",221,21.84009120429205,12.008333333333333,24.016666666666666,730.5582577709025,2.8636548541096025,1,0.11415308895246551
7.3,"204,129,42,183,42,73","7.30-204,129,42,183,42,73",693,10.014826739842576,11.990972222222226,23.981944444444444,4483.057843278741,3.651574342447034,1,0.012355533616767334
7.3,"208,151,254,41,36,198","7.30-208,151,254,41,36,198",322,13.893003658251164,11.87361111111111,23.552777777777777,2237.6347330760855,3.349789194633676,1,0.13293508314055197
7.3,"48,74,38,133,29,213","7.30-48,74,38,133,29,213",248,13.773214965206071,12.067424242424252,24.13181818181817,1091.192274098286,3.0379012824147127,1,0.13263951512745664
7.3,"164,204,185,229,56,107","7.30-164,204,185,229,56,107",251,22.782198241515907,12.033888888888889,24.065555555555555,610.4414682448487,2.7856440282531705,1,0.0883736490103148
7.3,"92,102,108,72,204,105","7.30-92,102,108,72,204,105",494,5.2166199697973,11.981060606060588,23.962121212121207,2792.818404667531,3.4460426978152934,1,0.053427226295926555
7.3,"112,71,233,44,21,7","7.30-112,71,233,44,21,7",193,9.567205580635784,12.015,24.003333333333334,547.1107477684479,2.7380752463999913,1,0.14111130622347012
7.3,"172,115,82,76,172,89","7.30-172,115,82,76,172,89",309,21.022197261277086,11.981944444444444,23.93611111111111,2055.3067980428455,3.3128766586948495,1,0.11779668862588527
7.3,"8,250,121,45,167,67","7.30-8,250,121,45,167,67",154,17.893483036506186,12.060416666666669,24.1125,911.1749841609274,2.9596017879037873,1,0.1350752868517966
7.3,"4,207,140,11,128,186","7.30-4,207,140,11,128,186",138,10.114292961910994,11.788293650793655,23.571031746031757,95.61700022124404,1.9805351145135406,1,0.07146750924989576
7.3,"248,45,124,72,127,16","7.30-248,45,124,72,127,16",291,22.446112010938542,11.87777777777778,23.644444444444446,1551.2730174159265,3.1906882385116613,1,0.11069636202769467
7.3,"156,95,90,12,124,73","7.30-156,95,90,12,124,73",181,14.741320453025473,12.07628205128205,24.11410256410257,402.22297681456894,2.604466875854853,1,0.12565447525756024
7.3,"140,37,5,134,24,48","7.30-140,37,5,134,24,48",237,4.966944794521073,11.901190476190465,23.764285714285702,1190.8189330843913,3.075845730970245,1,0.12850099945990634
7.3,"184,55,101,29,72,107","7.30-184,55,101,29,72,107",343,8.276876016420411,12.038541666666667,24.022916666666667,1804.3019678578712,3.2563092227844894,1,0.11838890962631743
7.3,"240,103,40,135,90,171","7.30-240,103,40,135,90,171",190,1.5021907995010884,11.975000000000001,23.3,500.4850116343288,2.6993910758973096,1,0.10701709991611608
7.3,"24,2,174,207,62,51","7.30-24,2,174,207,62,51",303,20.431581047563938,11.380000000000003,21.54,1793.5324614515491,3.253709241453414,1,0.11476123406790395
7.3,"60,134,209,115,214,231","7.30-60,134,209,115,214,231",486,20.051273835389097,10.528921568627446,20.19117647058822,4284.349153525414,3.6318848564806587,1,0.03353010770482123
7.3,"88,198,240,41,58,135","7.30-88,198,240,41,58,135",550,16.46984652668417,12.211754385964923,23.28350877192984,4126.410419624084,3.6155724214348886,1,0.060765006643221986
7.3,"208,151,254,41,36,162","7.30-208,151,254,41,36,162",157,12.63628013836605,12.158333333333331,23.416666666666668,484.37492497049124,2.685181652578325,1,0.14667040934150682
7.3,"64,140,31,142,167,149","7.30-64,140,31,142,167,149",494,23.89948242003544,9.865196078431396,19.463725490196083,4259.47481513783,3.6293560547486696,-1,-0.024890504870906716
7.3,"24,208,197,242,97,13","7.30-24,208,197,242,97,13",327,14.073203006890521,11.234803921568613,21.397058823529417,2023.3816391848393,3.3060778047481785,1,0.12174241845816308
7.3,"196,64,246,220,81,179","7.30-196,64,246,220,81,179",315,12.932371723625197,9.644444444444446,19.02777777777778,2373.3488201547534,3.3753615728297532,1,0.096476105385435
7.3,"220,245,5,135,187,95","7.30-220,245,5,135,187,95",190,7.791125007678659,12.383333333333333,23.366666666666667,487.23126953014776,2.68773515267205,1,0.13054025262422841
7.3,"108,217,76,95,253,145","7.30-108,217,76,95,253,145",273,19.495442970865938,12.325000000000003,23.183333333333334,1240.7241306572635,3.0936752288381903,1,0.13148104060802152
7.3,"8,74,207,99,147,223","7.30-8,74,207,99,147,223",316,12.816148679761717,11.715277777777779,22.158333333333335,2800.0378668292924,3.447163904643579,1,0.1220099441495976
7.3,"132,65,103,218,221,212","7.30-132,65,103,218,221,212",177,8.75177731011069,12.42619047619047,21.980952380952367,1076.9239666523126,3.032185042175429,1,0.1358635326576933
7.3,"88,214,151,126,55,223","7.30-88,214,151,126,55,223",194,2.4457151407303472,12.429220085470071,23.005662393162396,819.245580334755,2.9134141071292925,1,0.10468601433302493
7.3,"48,231,188,153,110,173","7.30-48,231,188,153,110,173",114,0.10135156316448346,12.550925925925903,22.757407407407396,687.1190379398658,2.8370319816622707,1,0.05835511987790298
7.3,"116,21,117,93,235,62","7.30-116,21,117,93,235,62",175,14.460505369413188,12.697222222222223,22.83888888888889,322.41427490807706,2.5084142619685483,1,0.11455761112574692
7.3,"156,245,49,209,69,163","7.30-156,245,49,209,69,163",318,12.767244187534217,11.941666666666663,19.616666666666667,2481.3302241563633,3.3946845655561355,1,0.12254343209630808
7.3,"76,2,32,111,66,59","7.30-76,2,32,111,66,59",227,11.926255923362854,12.434259259259235,19.535185185185174,1547.8315138691282,3.18972368465482,1,0.13553696592731168
7.3,"136,191,228,175,202,9","7.30-136,191,228,175,202,9",169,6.07565277411668,12.591666666666669,18.816666666666666,1139.4007312797385,3.0566764938556563,1,0.1237932587328951
7.3,"48,148,53,197,58,225","7.30-48,148,53,197,58,225",133,17.254068067411758,13.703015873015879,19.208253968253977,835.18605935801,2.921783236622724,1,0.12109188565923645
7.3,"220,240,144,185,104,48","7.30-220,240,144,185,104,48",212,14.606212333715899,14.366666666666667,19.133333333333333,1434.7986820348501,3.1567909690735867,1,0.11401831889399605
7.3,"156,116,3,24,100,145","7.30-156,116,3,24,100,145",99,11.065963790194555,13.670238095238098,16.873809523809534,242.15769930506346,2.3840982818176033,1,0.07895004945454664
7.3,"216,50,20,254,96,65","7.30-216,50,20,254,96,65",212,12.546692674029448,12.697619047619064,14.528571428571434,1242.471464039571,3.0942864230371887,1,0.12909752590576973
7.3,"128,138,139,124,94,97","7.30-128,138,139,124,94,97",35,8.683945594362449,14.375555555555557,14.182222222222222,392.14152866132144,2.5934428374887055,1,0.045721614710281244
7.3,"140,52,1,175,121,255","7.30-140,52,1,175,121,255",136,11.278002450980395,13.850416666666668,11.8325,1091.4230051891134,3.0379931036723336,1,0.10666438332811568
7.3,"240,98,90,159,90,22","7.30-240,98,90,159,90,22",89,9.598501872659178,10.865476190476201,4.864285714285701,797.826473604039,2.901908443040999,1,0.08465900296807582
7.3,"32,195,143,154,172,97","7.30-32,195,143,154,172,97",89,9.048127340823967,9.008333333333333,0.5166666666666667,939.9450468006389,2.9731024636328027,1,0.0572560846673103
7.3,"228,12,253,107,226,167","7.30-228,12,253,107,226,167",74,10.700337837837836,11.875,6.216666666666667,419.4059289020022,2.6226345655456895,1,0.08710971392915556
7.3,"160,148,26,96,101,47","7.30-160,148,26,96,101,47",158,10.879113924050635,11.827777777777776,6.044444444444444,1617.3284846691326,3.2087982354852214,1,0.09271859117188452
7.3,"216,206,58,33,162,100","7.30-216,206,58,33,162,100",179,18.551536312849166,19.62647058823528,3.4470588235294173,1561.7005121068369,3.193597752710297,1,0.003032741228924607
7.3,"164,201,57,205,13,69","7.30-164,201,57,205,13,69",173,18.908766859344894,20.90555555555555,5.944444444444445,1108.7306393983854,3.0448260492764376,1,0.014799809981269174
7.3,"184,99,146,223,243,48","7.30-184,99,146,223,243,48",38,21.13004385964912,20.93125,4.8625,249.45137404704374,2.3969859004957073,-1,-0.058923458788410654
7.3,"156,245,49,193,32,81","7.30-156,245,49,193,32,81",112,18.64084821428571,18.90833333333333,0.75,1038.365449016299,3.016350228809906,1,0.015908292339868013
7.31,"48,74,38,133,29,213","7.31-48,74,38,133,29,213",227,15.552448412872423,11.975000000000001,23.95,1317.3495779539558,3.1197010366404614,1,0.14435187950825412
7.31,"32,50,51,210,96,61","7.31-32,50,51,210,96,61",158,0.2159477430035598,12.058333333333337,24.116666666666667,226.67687068978563,2.3554072085065187,1,0.055551396789884855
7.31,"156,95,90,12,124,73","7.31-156,95,90,12,124,73",157,22.457453662020242,11.954761904761902,23.9095238095238,773.8633401292759,2.888664273515016,1,0.11755707886212569
7.31,"8,250,121,45,167,67","7.31-8,250,121,45,167,67",98,6.808702787300872,11.965000000000003,23.93,452.30059706971605,2.6554271610466302,1,0.12679045508426273
7.31,"88,214,151,126,55,223","7.31-88,214,151,126,55,223",362,13.522610614855815,12.104370629370614,23.42156177156175,2208.26865654284,3.344051908258442,1,0.12926888607638437
7.31,"184,148,54,32,44,55","7.31-184,148,54,32,44,55",237,14.440132239656583,12.076388888888886,24.147222222222222,959.8965666502742,2.9822244382967114,1,0.13367500231930646
7.31,"184,55,101,29,72,107","7.31-184,55,101,29,72,107",209,17.776598181010783,12.200000000000003,23.733333333333334,626.9575191189776,2.7972381152529913,1,0.13805402219525242
7.31,"164,201,57,205,13,69","7.31-164,201,57,205,13,69",272,2.6875,3.5166666666666657,7.0,1920.7867240232356,3.283479145329179,-1,-0.06180729773940796
7.31,"4,207,140,11,128,186","7.31-4,207,140,11,128,186",171,2.3158610120645022,11.902777777777779,23.794444444444444,1017.3170441737161,3.0074563207472176,1,0.11992478794682143
7.31,"20,94,105,93,76,199","7.31-20,94,105,93,76,199",150,1.7928300910031205,11.93194444444444,23.863888888888887,700.2608097220686,2.8452598216247176,1,0.11230796948585209
7.31,"164,125,159,153,152,106","7.31-164,125,159,153,152,106",152,2.7086443754464513,12.049999999999997,23.8,404.9166760314933,2.607365663059652,1,0.1235913239069551
7.31,"48,231,188,153,110,173","7.31-48,231,188,153,110,173",93,4.299009618119195,9.666666666666664,18.633333333333333,476.23279596127855,2.6778192999612846,1,0.08041954854956385
7.31,"204,129,42,183,42,73","7.31-204,129,42,183,42,73",367,15.97044695931211,12.00150462962965,23.88449074074073,2344.4860421242925,3.3700476515144318,1,0.12152989745422682
7.31,"248,45,124,72,127,16","7.31-248,45,124,72,127,16",103,2.358566753542737,11.456944444444446,22.147222222222222,471.20263075624314,2.673207706481359,1,0.08670684182908789
7.31,"164,201,57,9,43,253","7.31-164,201,57,9,43,253",354,11.03560776791225,11.478333333333332,22.19,2035.1693894574569,3.308600561888087,1,0.11505974495176652
7.31,"140,37,5,134,24,48","7.31-140,37,5,134,24,48",220,2.676452069979911,12.141666666666666,23.525999999999993,999.6666977090159,2.9998552245258807,1,0.11699183743685437
7.31,"172,115,82,76,172,89","7.31-172,115,82,76,172,89",196,11.6073608732973,12.204999999999998,23.476666666666667,799.2234046048634,2.902668193363462,1,0.1480244524271842
7.31,"108,217,76,95,253,145","7.31-108,217,76,95,253,145",313,9.78460406969009,9.666666666666664,18.133333333333333,1513.100386932726,3.1798677423289794,1,0.09396656214704363
7.31,"8,74,207,99,147,223","7.31-8,74,207,99,147,223",245,3.4200263854117914,8.343518518518536,16.12037037037038,2206.548631167963,3.3437135035099974,1,0.03630531862060049
7.31,"88,198,240,41,58,135","7.31-88,198,240,41,58,135",315,9.540619924942009,11.093333333333334,21.413333333333334,2510.9502261029793,3.399838103894497,1,0.10559184652980103
7.31,"48,148,53,197,58,225","7.31-48,148,53,197,58,225",146,14.45823948239353,10.008333333333333,19.15,808.7264446026535,2.907801644368482,1,0.13356111142976584
7.31,"92,102,108,72,204,105","7.31-92,102,108,72,204,105",110,4.811608632036461,12.352272727272748,22.986363636363627,464.21486288266846,2.666719041256895,1,0.10899690035161125
7.31,"76,2,32,111,66,59","7.31-76,2,32,111,66,59",78,6.240860621305451,12.041666666666664,21.75,125.61101586558536,2.099027727935024,1,0.06676053830766765
7.31,"24,208,197,242,97,13","7.31-24,208,197,242,97,13",254,13.817910751558568,10.607352941176472,17.114705882352943,1456.226854120257,3.163229035566498,1,0.12389126108074189
7.31,"156,116,3,24,100,145","7.31-156,116,3,24,100,145",181,9.944867264799687,10.857916666666668,16.184166666666666,608.6451414289793,2.784364159567469,1,0.12577765592118234
7.31,"156,40,64,137,101,160","7.31-156,40,64,137,101,160",63,8.412292812979707,10.483333333333334,14.2,385.52944931334326,2.5860575579661926,1,0.08850008590030956
7.31,"64,140,31,142,167,149","7.31-64,140,31,142,167,149",124,17.351888066917518,12.030833333333334,13.713333333333333,1102.788096795383,3.0424920697986426,1,0.11791250767275108
7.31,"76,24,154,44,218,251","7.31-76,24,154,44,218,251",164,16.855819280307884,12.350000000000001,13.2,823.9519790167222,2.9159019011925325,1,0.12671312600042728
7.31,"60,87,79,155,146,240","7.31-60,87,79,155,146,240",190,10.504426771521304,12.5,13.033333333333333,967.4700028259638,2.985637508255166,1,0.13028751759502089
7.31,"208,110,152,171,43,95","7.31-208,110,152,171,43,95",98,8.102806122448982,8.174305555555556,2.4125,939.9450546491751,2.9731024672591593,1,0.0580498141277227
7.31,"176,241,236,166,12,79","7.31-176,241,236,166,12,79",153,10.606154684095856,11.524659090909083,6.380984848484837,1599.452229838479,3.203971273724686,1,0.09400655926068519
7.31,"156,245,49,209,69,163","7.31-156,245,49,209,69,163",64,15.890625,15.366666666666667,5.866666666666666,606.1747488439935,2.7825978411933914,1,0.06236713576016012
8.1,"32,50,51,210,96,61","8.1-32,50,51,210,96,61",143,4.989228322628781,12.033333333333331,24.066666666666666,335.4548102909248,2.5256340238697406,1,0.12521827447564465
8.1,"48,74,38,133,29,213","8.1-48,74,38,133,29,213",196,22.236581150611713,12.024999999999999,24.05,556.7721722354365,2.7456775208794326,1,0.11115531814130392
8.1,"172,115,82,76,172,89","8.1-172,115,82,76,172,89",452,19.365577094826335,12.2345238095238,23.597619047619034,3023.7461158430206,3.4805453234967567,1,0.10201949413409939
8.1,"184,148,54,32,44,55","8.1-184,148,54,32,44,55",203,22.90513983610702,11.950833333333335,23.901666666666667,819.808997761296,2.91371268057799,1,0.1119514329859419
8.1,"204,129,42,183,42,73","8.1-204,129,42,183,42,73",148,18.431923957626278,12.165624999999999,23.702083333333334,631.3807972728395,2.8002913691854947,1,0.1377235765592364
8.1,"156,95,90,12,124,73","8.1-156,95,90,12,124,73",150,12.053962859529271,11.993749999999999,23.979166666666668,95.95619597951463,1.9820730227696148,1,0.07073376642158596
8.1,"184,55,101,29,72,107","8.1-184,55,101,29,72,107",161,6.312060214239002,11.622916666666669,23.245833333333334,526.2913477713051,2.72122623027556,1,0.13267625870139393
8.1,"92,102,108,72,204,105","8.1-92,102,108,72,204,105",332,10.6023612088747,10.784259259259237,21.564814814814827,1646.3791964137995,3.2165298697241322,1,0.10801168651858989
8.1,"220,240,144,185,104,48","8.1-220,240,144,185,104,48",379,11.795834622471894,11.958333333333336,23.183333333333334,1892.277236133656,3.276984764889552,1,0.11886893584702135
8.1,"8,250,121,45,167,67","8.1-8,250,121,45,167,67",269,8.567698363504121,12.258333333333333,23.783333333333335,1305.8550587585396,3.115894975809961,1,0.13110014816408277
8.1,"164,201,57,9,43,253","8.1-164,201,57,9,43,253",278,3.5195163255621655,12.174999999999997,23.583333333333332,1512.109224295588,3.179583162723135,1,0.10773383110430346
8.1,"164,204,185,229,56,107","8.1-164,204,185,229,56,107",233,8.566650780617802,11.867777777777775,23.63111111111111,916.1729574863285,2.9619774686365377,1,0.1447977934679967
8.1,"64,140,31,142,167,149","8.1-64,140,31,142,167,149",141,3.286589604085787,9.93106060606059,19.787878787878793,841.0424785630013,2.924817931279031,1,0.09513820172332932
8.1,"248,45,124,72,127,16","8.1-248,45,124,72,127,16",202,23.903017146531106,11.985185185185209,23.696296296296286,880.8097479626792,2.9448821123476363,1,0.10049476801591373
8.1,"88,214,151,126,55,223","8.1-88,214,151,126,55,223",207,0.03029629408934148,11.899999999999999,23.5,516.8948789482698,2.7134022294872397,1,0.07775922699268589
8.1,"208,151,254,41,36,198","8.1-208,151,254,41,36,198",34,21.6944172847998,12.62642857142857,21.4995238095238,166.4399925621224,2.2212576877131394,1,0.00910768139169893
8.1,"88,198,240,41,58,135","8.1-88,198,240,41,58,135",228,10.25912637336774,8.730555555555554,16.705555555555556,1861.6901650952461,3.2699074044724092,1,0.09884032699321976
8.1,"8,74,207,99,147,223","8.1-8,74,207,99,147,223",216,3.662287503864058,11.858333333333334,22.516666666666666,1127.6678402176253,3.0521811950338282,1,0.11270389018328458
8.1,"132,65,103,218,221,212","8.1-132,65,103,218,221,212",145,6.265984428066601,12.266666666666666,22.933333333333334,538.2516115237452,2.7309853387738756,1,0.1359022358007841
8.1,"28,209,7,152,33,91","8.1-28,209,7,152,33,91",222,7.074048311931207,11.475000000000001,21.15,826.8777758369108,2.917441319464915,1,0.12520701433266324
8.1,"140,37,5,134,24,48","8.1-140,37,5,134,24,48",161,13.51540049734956,12.325000000000003,22.783333333333335,568.7502116642127,2.7549215712908084,1,0.1396340875980664
8.1,"108,217,76,95,253,145","8.1-108,217,76,95,253,145",278,9.624296375541562,12.258333333333333,22.316666666666666,1364.1406874178213,3.1348591625627145,1,0.12800073966124015
8.1,"124,107,156,13,48,251","8.1-124,107,156,13,48,251",51,9.178104575163395,6.143333333333334,8.013333333333334,455.04733923271505,2.658056579290318,1,0.02816482932018327
8.1,"36,17,69,161,50,93","8.1-36,17,69,161,50,93",82,23.2663477135971,12.658333333333331,22.883333333333333,316.5600589915084,2.5004561181894984,1,0.059768473265876865
8.1,"20,94,105,93,76,199","8.1-20,94,105,93,76,199",110,7.1233785499406315,12.25,22.066666666666666,417.61035079001044,2.6207712544464923,1,0.12148255843657985
8.1,"176,241,236,166,12,79","8.1-176,241,236,166,12,79",241,15.119094142860794,11.844509803921554,19.875686274509807,2308.0069711059577,3.3632371162290484,1,0.13038997516797862
8.1,"116,242,250,31,57,102","8.1-116,242,250,31,57,102",184,13.698464880754312,10.0,17.566666666666666,813.3374023386159,2.910270744334789,1,0.13438874995701744
8.1,"252,124,2,134,99,96","8.1-252,124,2,134,99,96",116,11.982429777120448,10.853333333333332,18.726666666666667,597.2236939895877,2.776137029402629,1,0.13498393368456874
8.1,"32,195,143,154,172,97","8.1-32,195,143,154,172,97",116,6.325862068965517,4.404824561403494,6.257017543859644,1333.072656571894,3.1248538204478633,1,0.033955788698190714
8.1,"60,134,209,115,214,231","8.1-60,134,209,115,214,231",395,23.61758762238243,13.126666666666665,21.946666666666665,2969.3698014213355,3.4726642874295393,1,0.03680972416653472
8.1,"48,231,188,153,110,173","8.1-48,231,188,153,110,173",406,20.38932884954303,13.403205128205137,18.95,2773.318353961007,3.4429997258464295,1,0.06191128331015805
8.1,"224,238,27,200,231,100","8.1-224,238,27,200,231,100",106,9.037106918238997,7.226190476190467,6.447619047619034,1216.9625557126076,3.0852772157834187,1,0.06559672803387484
8.1,"76,24,154,44,218,251","8.1-76,24,154,44,218,251",238,8.889425390885618,12.957638888888887,17.95138888888889,1658.436217472556,3.2196987734543105,1,0.11263994266982347
8.1,"156,245,49,209,69,163","8.1-156,245,49,209,69,163",73,15.699988222835302,11.966071428571432,15.198809523809533,803.0551031230052,2.9047453462266306,1,0.11357010368934523
8.1,"156,116,3,24,100,145","8.1-156,116,3,24,100,145",231,10.767439208759967,13.704166666666666,14.841666666666667,1571.2031372170482,3.1962323375983557,1,0.10938684618003786
8.1,"56,110,162,121,182,28","8.1-56,110,162,121,182,28",202,15.422212536073625,12.634768518518541,13.171203703703714,1266.7173550558587,3.102679720776573,1,0.12385209283716181
8.1,"208,110,152,171,43,95","8.1-208,110,152,171,43,95",84,8.266964285714288,8.649509803921553,2.899019607843139,947.8373852459417,2.9767338344391505,1,0.06019737315334606
8.1,"24,208,197,242,97,13","8.1-24,208,197,242,97,13",238,18.97674546110441,14.574637681159402,13.249275362318828,1247.0286284574506,3.0958764238381087,1,0.09085249307201393
8.1,"76,2,32,111,66,59","8.1-76,2,32,111,66,59",67,13.242537313432834,14.225000000000001,11.953333333333333,432.1917818631098,2.635676504505955,1,0.08530649045726824
8.1,"164,85,144,17,227,45","8.1-164,85,144,17,227,45",60,18.29558795830427,16.4,15.166666666666666,251.00664430480552,2.3996852176831145,1,0.029635798747728925
8.1,"236,86,35,145,44,89","8.1-236,86,35,145,44,89",88,17.022064393939388,16.525,11.816666666666666,196.70770322387847,2.2938213675559247,1,0.01618102396956622
8.1,"68,44,5,255,214,248","8.1-68,44,5,255,214,248",59,11.457485875706212,11.49444444444444,1.0444444444444445,631.0828078730037,2.8000863491692503,1,0.06237279169595367
8.1,"4,212,66,60,181,121","8.1-4,212,66,60,181,121",274,17.844555961070554,17.34166666666667,10.65,2463.080982958044,3.3914786911219372,1,0.025048870633654574
8.1,"48,148,53,197,58,225","8.1-48,148,53,197,58,225",105,18.467142857142854,18.46805555555555,7.1305555555555555,432.9170635085425,2.636404703950267,1,0.03090231742852012
8.1,"124,253,130,25,171,35","8.1-124,253,130,25,171,35",88,17.21505681818182,18.89861111111111,6.863888888888889,790.061471677705,2.89766088340665,1,0.03501371963544897
8.1,"104,219,202,173,64,35","8.1-104,219,202,173,64,35",107,18.18380062305296,18.9002976190476,5.7327380952380995,1105.7549715267533,3.0436589006546027,1,0.03429869563628951
8.1,"172,196,189,220,236,105","8.1-172,196,189,220,236,105",52,20.85096153846154,20.116666666666667,6.366666666666666,356.15185281472316,2.5516352080238907,-1,-0.005395970288828322
8.1,"240,98,90,159,90,22","8.1-240,98,90,159,90,22",17,19.058333333333337,19.058333333333337,1.7333333333333334,190.1030945245009,2.278989186428707,-1,-0.05912146015207109
8.1,"164,201,57,205,13,69","8.1-164,201,57,205,13,69",65,20.27423076923077,21.759027777777774,3.751388888888889,365.4428780905034,2.5628195025830136,-1,-0.0232387335207328
8.2,"184,55,101,29,72,107","8.2-184,55,101,29,72,107",152,12.893013955361194,12.102083333333333,24.029166666666665,296.5461084987031,2.472092229267588,1,0.12253411170207074
8.2,"32,50,51,210,96,61","8.2-32,50,51,210,96,61",210,22.982559736799292,12.066666666666663,24.133333333333333,806.6547575708469,2.906687699575507,1,0.10328174482745667
8.2,"184,148,54,32,44,55","8.2-184,148,54,32,44,55",345,18.65105603911182,11.975000000000001,23.95,2341.5366156480004,3.369500953426894,1,0.1222512897393555
8.2,"48,74,38,133,29,213","8.2-48,74,38,133,29,213",316,13.665235794542529,12.233333333333334,23.8,2353.5135812635162,3.3717167088039877,1,0.1286128612363172
8.2,"172,115,82,76,172,89","8.2-172,115,82,76,172,89",308,15.831038349769436,12.050462962962953,24.099074074074064,1497.066326779446,3.1752410419704424,1,0.12638064376276242
8.2,"8,250,121,45,167,67","8.2-8,250,121,45,167,67",213,11.413314837186189,12.183333333333337,23.7,787.9421441764497,2.8964943299421373,1,0.15073922439434628
8.2,"164,201,57,9,43,253","8.2-164,201,57,9,43,253",372,21.262053956348716,12.166666666666664,23.666666666666668,3213.2735999306087,3.5069477059067227,1,0.10092691564287215
8.2,"156,95,90,12,124,73","8.2-156,95,90,12,124,73",171,6.249897209841629,11.718518518518508,23.32962962962962,425.0825456271265,2.6284732727077706,1,0.13392098393557167
8.2,"248,45,124,72,127,16","8.2-248,45,124,72,127,16",185,22.600233883683348,11.991666666666667,23.916666666666668,559.5170041157998,2.7478132895800895,1,0.1145729329031957
8.2,"48,69,150,180,24,101","8.2-48,69,150,180,24,101",170,3.1134269901550775,12.033333333333331,23.366666666666667,538.2163757106961,2.730956907423646,1,0.12875410897827305
8.2,"204,129,42,183,42,73","8.2-204,129,42,183,42,73",519,17.242584918955043,12.091666666666669,23.916666666666668,3108.780510508206,3.492590060595751,1,0.08161198844962686
8.2,"132,65,103,218,221,212","8.2-132,65,103,218,221,212",202,1.1610998181436338,12.166666666666664,23.5,1584.925221331093,3.200008776503685,1,0.09105286712294136
8.2,"60,134,209,115,214,231","8.2-60,134,209,115,214,231",175,20.061688328240912,11.965476190476167,22.730952380952367,1388.974711437757,3.142694338766402,1,0.13669910595932122
8.2,"64,140,31,142,167,149","8.2-64,140,31,142,167,149",73,0.8589041095890408,0.857407407407397,0.048148148148158924,551.61098318618,2.7416329048744865,-1,-0.07891265936575298
8.2,"124,161,119,225,7,54","8.2-124,161,119,225,7,54",214,19.2386374652045,12.641666666666666,22.716666666666665,695.3877507186877,2.8422270363010287,1,0.1224695206400474
8.2,"48,231,188,153,110,173","8.2-48,231,188,153,110,173",231,20.540789370512275,12.299999999999997,21.933333333333334,1021.9395601307076,3.0094252113780384,1,0.12419904541893662
8.2,"164,147,63,77,244,70","8.2-164,147,63,77,244,70",73,9.770547945205479,6.341666666666669,9.45,500.8894394106951,2.699741875263063,1,0.046728510866344886
8.2,"24,208,197,242,97,13","8.2-24,208,197,242,97,13",190,10.609000486703016,12.591666666666669,21.15,1213.4964430946466,3.0840385076999834,1,0.1419396208316656
8.2,"108,217,76,95,253,145","8.2-108,217,76,95,253,145",416,9.235892230906995,13.008333333333333,21.816666666666666,2462.8214693357913,3.3914329308433615,1,0.07179684955498444
8.2,"164,147,63,249,181,97","8.2-164,147,63,249,181,97",106,8.76305031446541,7.708333333333332,9.083333333333334,555.6721654324091,2.7448186427780548,1,0.07555215022243256
8.2,"136,191,228,175,202,9","8.2-136,191,228,175,202,9",263,20.01635079536711,13.215740740740728,18.631481481481494,1591.3163114538393,3.201756514445497,1,0.11448572781120031
8.2,"72,76,134,151,123,179","8.2-72,76,134,151,123,179",116,9.92172554253274,12.8857142857143,13.771428571428567,1176.894594086885,3.070737567978243,1,0.11800256320188413
8.2,"156,116,3,24,100,145","8.2-156,116,3,24,100,145",176,13.3872106366839,14.609722222222224,15.786111111111111,1281.343602233385,3.1076656047987683,1,0.11291209867042085
8.2,"12,75,84,85,61,8","8.2-12,75,84,85,61,8",131,16.88135341511922,13.924999999999997,14.316666666666666,571.0550828933284,2.756678001490748,1,0.10757375874598635
8.2,"76,2,32,111,66,59","8.2-76,2,32,111,66,59",69,11.16292270531401,12.001041666666666,8.36875,358.2529648813642,2.554189793280932,1,0.087033504152984
8.2,"56,110,162,121,182,28","8.2-56,110,162,121,182,28",347,16.819356388088373,13.741666666666667,11.816666666666666,2997.852596435756,3.476810274900394,1,0.05630135673034292
8.2,"48,74,38,155,214,98","8.2-48,74,38,155,214,98",103,13.376348151320022,15.056249999999999,13.945833333333333,545.6088270223001,2.7368813878508904,1,0.0962037549418212
8.2,"76,209,161,210,51,150","8.2-76,209,161,210,51,150",132,12.254608585858591,10.419444444444444,4.294444444444444,1150.0272089869982,3.0607081156345872,1,0.08250007362630107
8.2,"240,98,90,159,90,22","8.2-240,98,90,159,90,22",121,19.917148760330576,15.81388888888889,9.005555555555556,1091.5752222272386,3.038053669016809,1,0.06612347592318674
8.2,"60,205,93,152,169,81","8.2-60,205,93,152,169,81",44,9.805113636363636,10.023611111111109,0.9138888888888889,307.9397877621844,2.488465806113977,1,0.028279949348680722
8.2,"176,241,236,166,12,79","8.2-176,241,236,166,12,79",109,13.023318042813457,13.475833333333334,6.851666666666667,1002.9147963921471,3.001264038674938,1,0.09097636929745084
8.2,"144,197,74,191,237,207","8.2-144,197,74,191,237,207",30,12.192777777777778,12.12854030501088,0.6355119825707839,324.67119284035834,2.51144375661036,1,0.010796617481785176
8.2,"36,121,243,168,250,69","8.2-36,121,243,168,250,69",21,17.70238095238095,18.031101190476164,3.1336309523809662,233.24486091790914,2.367812083717224,-1,-0.0496888934427433
8.2,"88,214,151,26,190,189","8.2-88,214,151,26,190,189",76,16.473464912280704,16.475,0.05,526.5822889105249,2.721466247937957,1,0.01533003628025742
8.2,"8,49,139,91,150,53","8.2-8,49,139,91,150,53",44,17.7248106060606,17.62222222222222,0.5777777777777777,454.8499791686943,2.65786817915689,-1,-0.003868715331238559
8.3,"164,125,159,153,152,106","8.3-164,125,159,153,152,106",163,20.349318467112447,12.00277777777778,23.961111111111112,203.54435773148015,2.3086590681988572,1,0.08976208672432623
8.3,"32,50,51,210,96,61","8.3-32,50,51,210,96,61",150,23.914048506205017,11.906944444444449,23.81388888888889,182.0156131694534,2.2601086430537998,1,0.06482071165499637
8.3,"48,74,38,133,29,213","8.3-48,74,38,133,29,213",115,19.847605414608427,12.191666666666663,23.716666666666665,416.2291487385711,2.6193324908036297,1,0.11628700566508615
8.3,"172,115,82,76,172,89","8.3-172,115,82,76,172,89",210,19.853554070364027,12.164285714285697,23.188095238095233,1237.085265967236,3.092399634360626,1,0.14116092218838816
8.3,"24,2,174,207,62,51","8.3-24,2,174,207,62,51",17,20.768212192405,14.712499999999999,16.947222222222223,82.22026697134429,1.9149788826120933,-1,-0.0559246266578729
8.3,"8,250,121,45,167,67","8.3-8,250,121,45,167,67",168,8.487580625532663,12.191666666666663,23.716666666666665,267.60499375324196,2.427494213502517,1,0.12884346472752978
8.3,"204,129,42,183,42,73","8.3-204,129,42,183,42,73",125,13.74344967809661,12.080555555555556,23.872222222222224,313.49772556093546,2.4962343943535985,1,0.12349609933367611
8.3,"184,148,54,32,44,55","8.3-184,148,54,32,44,55",290,20.254627704479603,11.930555555555557,23.772222222222222,1842.7077426593773,3.2654564606584975,1,0.1332030287263833
8.3,"164,204,185,229,56,107","8.3-164,204,185,229,56,107",193,3.1966310660310695,11.600980392156863,23.03137254901961,438.795785333712,2.6422624474917744,1,0.10728705955057832
8.3,"56,251,20,50,26,70","8.3-56,251,20,50,26,70",215,16.585394267403935,11.634999999999998,23.063333333333333,977.6109202230298,2.9901660441322298,1,0.13766388685594194
8.3,"108,217,76,95,253,145","8.3-108,217,76,95,253,145",53,21.639301150457314,10.950000000000003,20.8,167.9070527975734,2.2250689387034925,1,0.023541800467355434
8.3,"48,69,150,180,24,101","8.3-48,69,150,180,24,101",159,8.037517654946798,11.283333333333331,21.5,935.3220957543085,2.9709611941025305,1,0.13000368004884455
8.3,"4,207,140,11,128,186","8.3-4,207,140,11,128,186",259,21.472722629375415,12.341666666666669,23.516666666666666,1841.6480976080543,3.265206648734131,1,0.11942423118621964
8.3,"156,95,90,12,124,73","8.3-156,95,90,12,124,73",121,22.732698295501564,12.176851851851843,23.812962962962953,410.7521472124894,2.6135798423934005,1,0.09798154497978112
8.3,"128,138,139,124,94,97","8.3-128,138,139,124,94,97",163,21.062333913492363,11.269166666666663,21.138333333333332,1342.75500236786,3.1279967789933285,1,0.11228945158340231
8.3,"164,201,57,205,13,69","8.3-164,201,57,205,13,69",93,10.603864297540573,11.0775,19.638333333333332,434.8396193926676,2.638329106940761,1,0.12069093623932547
8.3,"60,134,209,115,214,231","8.3-60,134,209,115,214,231",209,18.107901909317583,12.340476190476167,21.7857142857143,1121.1588984947925,3.049667168214098,1,0.1383821229722273
8.3,"48,231,188,153,110,173","8.3-48,231,188,153,110,173",286,18.03840470942686,12.331862745098022,22.063725490196084,1800.873093228303,3.2554831093478063,1,0.1337635586060561
8.3,"76,224,219,6,254,11","8.3-76,224,219,6,254,11",166,17.98036712139252,11.184523809523832,19.66904761904763,921.2663992809447,2.9643852317260837,1,0.13035480019033052
8.3,"64,140,31,142,167,149","8.3-64,140,31,142,167,149",281,18.443562345546855,12.608771929824563,22.81578947368421,1879.6072126087765,3.2740671028704833,1,0.12959133762298064
8.3,"156,116,3,24,100,145","8.3-156,116,3,24,100,145",77,8.327914748723916,10.149999999999999,16.244444444444444,458.93075998299787,2.661747167398685,1,0.10150932073054175
8.3,"240,98,90,159,90,22","8.3-240,98,90,159,90,22",98,21.742598727760523,12.482916666666668,21.565833333333334,636.8775877915348,2.8040559660002375,1,0.09871625009527224
8.3,"48,148,53,197,58,225","8.3-48,148,53,197,58,225",101,8.29270194558068,11.585,19.296666666666667,528.8937377369222,2.7233684248703747,1,0.12507540723468558
8.3,"16,232,167,43,109,51","8.3-16,232,167,43,109,51",203,9.968842364532023,6.793749999999999,9.1125,2124.4258629654005,3.327241579922202,1,0.045784344737132554
8.3,"24,208,197,242,97,13","8.3-24,208,197,242,97,13",76,21.473772584708584,10.891666666666666,17.183333333333334,380.5261822399128,2.580384543921632,1,0.06693091736673318
8.3,"248,45,124,72,127,16","8.3-248,45,124,72,127,16",165,16.43157341183414,13.083333333333336,22.066666666666666,485.27213739321473,2.685985356380693,1,0.11788418483648588
8.3,"48,236,165,220,64,63","8.3-48,236,165,220,64,63",94,19.996659862367572,14.234722222222224,14.036111111111111,838.6618482372519,2.923586886874732,1,0.08737059358999272
8.3,"76,2,32,111,66,59","8.3-76,2,32,111,66,59",147,11.742290249433111,12.141666666666666,8.616666666666667,1213.2892252211022,3.083964340804715,1,0.10803812493521087
8.3,"76,242,2,182,151,11","8.3-76,242,2,182,151,11",83,13.699469683079538,15.58425925925927,13.731481481481492,514.4325524650785,2.711328442242472,1,0.09085392854271612
8.3,"216,155,59,110,163,119","8.3-216,155,59,110,163,119",36,19.633333333333333,19.71944444444445,0.3018518518518734,329.9865498871722,2.5184962385784173,-1,-0.028803055492077956
8.3,"136,90,133,83,3,85","8.3-136,90,133,83,3,85",78,22.023397435897436,22.008035714285697,0.28273809523809984,888.7151043812627,2.948762561392182,-1,-0.04649039863569748
8.4,"156,95,90,12,124,73","8.4-156,95,90,12,124,73",133,14.45211047840807,11.93259259259257,23.86148148148149,612.4570169341841,2.7870756147290887,1,0.13846807825191432
8.4,"4,207,140,11,128,186","8.4-4,207,140,11,128,186",405,9.77372739040284,9.325000000000003,18.107575757575752,2691.725863294446,3.430030827423823,1,0.06576570646736513
8.4,"204,129,42,183,42,73","8.4-204,129,42,183,42,73",238,12.793187688923144,9.759259259259238,18.781481481481492,1258.0661493837008,3.0997034770051477,1,0.11667140194520159
8.4,"172,115,82,76,172,89","8.4-172,115,82,76,172,89",169,1.4287453945516089,11.93194444444444,23.863888888888887,679.0524648143436,2.8319033299493217,1,0.10665872214138855
8.4,"32,50,51,210,96,61","8.4-32,50,51,210,96,61",155,20.994881289683534,12.088888888888889,23.511111111111113,660.1108648873492,2.8196168809439657,1,0.12995160476496054
8.4,"164,125,159,153,152,106","8.4-164,125,159,153,152,106",132,2.485472902145026,9.204924242424248,18.373484848484836,622.3835171251678,2.7940580825093084,1,0.07391065318269169
8.4,"64,140,31,142,167,149","8.4-64,140,31,142,167,149",190,7.726323806157243,11.731303879310339,23.46030890804599,1028.136872868558,3.0120509348680273,1,0.1411364035955026
8.4,"248,45,124,72,127,16","8.4-248,45,124,72,127,16",206,10.801796441560777,11.968055555555551,23.830555555555556,782.6212262616896,2.893551622664215,1,0.1477178708648122
8.4,"8,250,121,45,167,67","8.4-8,250,121,45,167,67",190,8.17457395107332,12.141666666666666,23.616666666666667,628.0305594419251,2.7979807766577305,1,0.14762972433310712
8.4,"48,74,38,133,29,213","8.4-48,74,38,133,29,213",232,9.271646773175165,11.924999999999997,23.85,1306.331861090596,3.1160535193065977,1,0.1433278837225625
8.4,"164,201,57,9,43,253","8.4-164,201,57,9,43,253",227,7.235206801741997,12.116666666666667,23.533333333333335,628.029160698203,2.7979798094000907,1,0.13401402227265213
8.4,"184,148,54,32,44,55","8.4-184,148,54,32,44,55",336,19.65104803845556,11.955555555555556,23.77777777777778,1975.8780705769584,3.2957601412083797,1,0.1298705340636882
8.4,"88,198,240,41,58,135","8.4-88,198,240,41,58,135",123,13.362913955628727,9.102291666666666,16.09125,734.3652504431788,2.865912118223374,1,0.11680112860105907
8.4,"12,75,84,85,61,8","8.4-12,75,84,85,61,8",49,1.0201936560329492,7.786979166666669,14.573958333333334,531.9365461619864,2.725859829108407,-1,-0.004233990316560909
8.4,"48,148,53,197,58,225","8.4-48,148,53,197,58,225",108,11.56787233844084,10.119166666666665,17.495,563.9100217382969,2.7512098128840905,1,0.12546674107066957
8.4,"240,53,117,178,237,246","8.4-240,53,117,178,237,246",170,9.171853594719643,9.869047619047599,18.4952380952381,894.0109241922981,2.9513428256051437,1,0.13248230262444222
8.4,"92,102,108,72,204,105","8.4-92,102,108,72,204,105",158,6.339113042083845,12.135897435897434,22.73846153846153,907.7983751290948,2.957989401062592,1,0.1389775490474453
8.4,"172,7,95,31,176,22","8.4-172,7,95,31,176,22",87,16.301175759040976,12.436666666666667,22.526666666666667,313.67395474130876,2.496478459463694,1,0.10085767058822193
8.4,"76,242,2,182,151,11","8.4-76,242,2,182,151,11",116,13.894617056427002,11.249509803921555,14.934313725490194,1150.1133267716978,3.0607406358029206,1,0.12236148167275906
8.4,"164,155,79,139,21,186","8.4-164,155,79,139,21,186",99,15.285101204196213,11.29351851851851,12.272222222222222,1039.876229241307,3.0169816506869016,1,0.10031593711873948
8.4,"220,240,144,185,104,48","8.4-220,240,144,185,104,48",289,9.681286043829296,11.715000000000003,10.863333333333333,2219.082771123873,3.3461735015884497,1,0.07846732811843254
8.4,"60,134,209,115,214,231","8.4-60,134,209,115,214,231",146,8.146175799086762,7.83195488721805,2.7884711779448357,1485.2092103291968,3.17178763378247,1,0.04467551994024305
8.4,"176,241,236,166,12,79","8.4-176,241,236,166,12,79",211,9.790481832543449,10.269999999999996,2.74,2018.6921421411084,3.3050700925128567,1,0.03884754799496959
8.4,"76,224,219,6,254,11","8.4-76,224,219,6,254,11",90,16.06583333333333,15.490740740740762,7.118518518518508,740.3873240629883,2.869458974726163,1,0.07631959468490512
8.4,"48,195,217,242,37,206","8.4-48,195,217,242,37,206",44,16.932196969696967,17.1,0.4,469.61694225656703,2.671743756458918,-1,-0.002496214873899616
8.5,"32,50,51,210,96,61","8.5-32,50,51,210,96,61",143,21.814539388555247,11.833333333333336,23.666666666666668,82.22061062611178,1.9149806978221722,1,0.040282551239329556
8.5,"208,151,254,41,36,198","8.5-208,151,254,41,36,198",175,15.220401228213088,12.0,24.0,212.22478091852992,2.3267960939282437,1,0.09979178547369882
8.5,"64,140,31,142,167,149","8.5-64,140,31,142,167,149",164,19.178498124165333,11.782499999999999,23.565,409.6025904466849,2.6123626945818943,1,0.1274532762372489
8.5,"172,115,82,76,172,89","8.5-172,115,82,76,172,89",224,21.20594392495487,12.133333333333333,23.6,1072.0218246104234,3.030203626971858,1,0.13270053606884008
8.5,"184,148,54,32,44,55","8.5-184,148,54,32,44,55",168,19.53966532032459,11.78583333333333,23.571666666666665,400.2916475194813,2.602376528216411,1,0.12437026405061541
8.5,"48,74,38,133,29,213","8.5-48,74,38,133,29,213",229,17.619622534536354,12.067361111111111,24.131944444444443,1102.9218593829685,3.042544744316053,1,0.1348562561962678
8.5,"164,201,57,9,43,253","8.5-164,201,57,9,43,253",176,19.371900896646444,12.166666666666664,23.666666666666668,814.7121133783733,2.9110041735762318,1,0.1468718453682712
8.5,"204,129,42,183,42,73","8.5-204,129,42,183,42,73",221,21.013546736787212,12.067708333333336,23.435416666666665,1001.5051954359067,3.000653206593442,1,0.13292901095203025
8.5,"8,250,121,45,167,67","8.5-8,250,121,45,167,67",176,9.361899390232445,12.174999999999997,23.583333333333332,683.3521623033903,2.834644572977755,1,0.15194239784716757
8.5,"24,2,174,207,62,51","8.5-24,2,174,207,62,51",181,17.861258086632013,10.489814814814792,20.146296296296285,658.1466232990875,2.818322657437755,1,0.11900094273899109
8.5,"172,7,95,31,176,22","8.5-172,7,95,31,176,22",188,15.588413207257318,11.034722222222221,21.46388888888889,1313.28909514326,3.118360338127166,1,0.12908392861524387
8.5,"228,163,47,85,234,94","8.5-228,163,47,85,234,94",200,5.099429264430633,11.354901960784339,21.50980392156864,994.5003262119766,2.997604929915998,1,0.11792311391380039
8.5,"156,95,90,16,243,61","8.5-156,95,90,16,243,61",161,15.682578120589579,9.730128205128196,16.860256410256422,861.3536456131566,2.9351814961750105,1,0.11996528508330406
8.5,"28,209,7,152,33,91","8.5-28,209,7,152,33,91",286,9.388164654564541,12.024999999999999,19.883333333333333,1731.295238953399,3.2383711347239816,1,0.12493061710954617
8.5,"36,17,69,161,50,93","8.5-36,17,69,161,50,93",139,10.94090367900569,12.816666666666663,21.466666666666665,534.1615413794699,2.7276726164297704,1,0.12457672673608622
8.5,"208,40,186,185,241,75","8.5-208,40,186,185,241,75",217,19.305993942093036,13.008333333333333,21.683333333333334,872.921546025939,2.940975213168237,1,0.12199555168700321
8.5,"52,28,240,91,232,31","8.5-52,28,240,91,232,31",197,7.924150047801734,8.025666666666673,12.248666666666654,1890.4367280785598,3.276562146334268,1,0.07431868620199061
8.5,"48,231,188,153,110,173","8.5-48,231,188,153,110,173",207,17.15899852869127,13.350000000000001,14.966666666666667,1353.3276035189,3.1314029401146315,1,0.12040564989798674
8.5,"60,134,209,115,214,231","8.5-60,134,209,115,214,231",30,20.675149424244697,15.244791666666664,13.14375,226.92684942102602,2.355885883569126,-1,-0.006094529469310328
8.5,"48,195,217,242,37,206","8.5-48,195,217,242,37,206",50,8.950833333333335,8.491369047619067,1.1666666666666667,469.61694225656703,2.671743756458918,1,0.03245418671913891
8.5,"196,159,76,86,142,39","8.5-196,159,76,86,142,39",166,9.592218875502006,10.182407407407425,3.831481481481492,1378.0364746548387,3.139260712877618,1,0.07160038674324498
8.5,"24,208,197,242,97,13","8.5-24,208,197,242,97,13",174,15.06360148153621,16.05083333333333,14.431666666666667,844.8304267832814,2.926769546697931,1,0.09357451516778581
8.6,"84,103,6,160,201,79","8.6-84,103,6,160,201,79",83,14.945268064822155,12.013095238095232,23.8404761904762,350.40765500172114,2.544573585192083,1,0.11244044085178684
8.6,"172,115,82,76,172,89","8.6-172,115,82,76,172,89",164,19.66799911863658,11.839285714285737,23.2738095238095,1022.6633800899526,3.0097327048489126,1,0.14118913954193052
8.6,"48,74,38,133,29,213","8.6-48,74,38,133,29,213",240,15.750233057309488,12.134090909090915,23.601515151515162,1087.6857208964993,3.0365034271660276,1,0.14611126534696944
8.6,"184,148,54,32,44,55","8.6-184,148,54,32,44,55",473,18.585996390440048,11.796666666666667,23.593333333333334,3668.0333274912105,3.564433272984836,1,0.08665798890717924
8.6,"204,129,42,183,42,73","8.6-204,129,42,183,42,73",98,0.8908875873404107,11.801388888888887,23.56388888888889,553.454513018735,2.7430819331519865,1,0.07889402186933803
8.6,"116,21,117,93,235,62","8.6-116,21,117,93,235,62",173,3.6610392511419816,12.07564102564104,24.04871794871795,435.62147325157014,2.639109279451078,1,0.12037065826330962
8.6,"64,140,31,142,167,149","8.6-64,140,31,142,167,149",303,19.820250155329703,12.119230769230768,24.061538461538472,2180.4540501061774,3.3385469389821125,1,0.12274720263635142
8.6,"88,214,151,126,55,223","8.6-88,214,151,126,55,223",118,19.53196752122419,12.119871794871806,22.56025641025642,707.297613084908,2.84960219247266,1,0.12863226040718112
8.6,"8,250,121,45,167,67","8.6-8,250,121,45,167,67",220,11.343862465610556,12.008333333333333,23.216666666666665,814.7144808016089,2.9110054355647756,1,0.1473713873931659
8.6,"208,40,186,185,241,75","8.6-208,40,186,185,241,75",177,20.616397855350957,11.924999999999997,23.016666666666666,809.1958303484912,2.9080536362573097,1,0.1342353726666941
8.6,"220,240,144,185,104,48","8.6-220,240,144,185,104,48",183,10.233643194385781,10.060416666666669,19.4125,680.3736774415783,2.8327475031136546,1,0.13134149745337437
8.6,"48,148,53,197,58,225","8.6-48,148,53,197,58,225",145,12.122924940651632,11.21190476190477,21.876190476190466,385.6004120877483,2.586137489357711,1,0.124637868487191
8.6,"32,50,51,210,96,61","8.6-32,50,51,210,96,61",179,14.585216396093166,12.183333333333337,23.7,388.2512834274455,2.589112900033658,1,0.13462670630329648
8.6,"228,163,47,85,234,94","8.6-228,163,47,85,234,94",169,16.947833697336712,10.835294117647052,20.57058823529411,772.7216244024237,2.8880230660268826,1,0.13494958740209412
8.6,"208,151,254,41,36,198","8.6-208,151,254,41,36,198",114,2.1048224175142805,12.399999999999999,23.266666666666666,88.47629815825277,1.9468269434918613,1,0.013480190644272971
8.6,"76,2,32,111,66,59","8.6-76,2,32,111,66,59",129,11.520978659840328,12.641666666666666,22.783333333333335,566.4014354008839,2.7531243452923997,1,0.12842104910743934
8.6,"24,208,197,242,97,13","8.6-24,208,197,242,97,13",236,5.658359108531044,12.014583333333334,21.933333333333334,1204.9185480334786,3.08095768978623,1,0.11948133858763926
8.6,"156,116,3,24,100,145","8.6-156,116,3,24,100,145",144,15.279697262828492,12.577777777777776,22.61111111111111,462.5561848215759,2.6651644922663738,1,0.130762622162875
8.6,"60,134,209,115,214,231","8.6-60,134,209,115,214,231",151,13.893232953158357,12.31388888888889,20.805555555555557,455.5426517384343,2.6585290455185877,1,0.13948368590884325
8.6,"24,2,174,207,62,51","8.6-24,2,174,207,62,51",47,21.6914162323508,14.194583333333334,18.0025,232.75493441256492,2.366898896808837,1,0.012163106040147253
8.6,"12,147,143,206,149,155","8.6-12,147,143,206,149,155",168,17.618998692802183,13.168750000000003,21.929166666666667,573.8179766890091,2.7587741497910283,1,0.11547631459023688
8.6,"48,231,188,153,110,173","8.6-48,231,188,153,110,173",288,20.787545052701734,13.341666666666669,21.55,1290.7381302841463,3.1108381399359564,1,0.09812779489722978
8.6,"228,51,174,107,86,247","8.6-228,51,174,107,86,247",188,14.77974290780142,10.619702380952397,11.443333333333333,1519.34549827611,3.181656543404008,1,0.1044364268353627
8.6,"216,50,20,254,96,65","8.6-216,50,20,254,96,65",174,18.35005966540117,13.206862745098022,16.933333333333334,1529.7710649461796,3.1846264421444834,1,0.12180382747752894
8.6,"136,90,133,83,3,85","8.6-136,90,133,83,3,85",197,18.228116214429086,14.428703703703682,17.746296296296286,2156.842371703611,3.333818406761899,1,0.0980908983752134
8.6,"136,191,228,175,202,9","8.6-136,191,228,175,202,9",197,18.801512187908987,13.133333333333333,14.5,863.9229720378631,2.9364750222124556,1,0.11202178462115597
8.6,"172,7,95,31,176,22","8.6-172,7,95,31,176,22",171,16.095822214626242,15.0,18.166666666666668,606.484674615859,2.7828198310659764,1,0.10311356757115037
8.6,"20,198,151,49,18,5","8.6-20,198,151,49,18,5",42,18.243253968253967,18.508333333333333,2.398148148148159,385.0164360492393,2.585479269594545,-1,-0.0009352380328037091
8.6,"204,8,251,70,125,190","8.6-204,8,251,70,125,190",141,19.307683215130027,20.301388888888887,2.8305555555555557,1153.7665146248107,3.062117930423217,1,0.009946698844064294
8.7,"32,50,51,210,96,61","8.7-32,50,51,210,96,61",96,0.18708032978639288,11.702272727272714,23.404545454545456,405.38141972532,2.60786383933556,1,0.06284707060890515
8.7,"48,74,38,133,29,213","8.7-48,74,38,133,29,213",116,7.371389491798813,11.662500000000001,23.316666666666666,671.8717390518171,2.8272863737404608,1,0.13290337483133668
8.7,"48,231,188,153,110,173","8.7-48,231,188,153,110,173",259,19.32500552556177,11.048333333333332,22.083333333333332,1106.9396479860661,3.0441239431360585,1,0.11471720643166583
8.7,"172,7,95,31,176,22","8.7-172,7,95,31,176,22",270,20.795820639862363,11.718333333333334,23.436666666666667,1277.560073760504,3.10638133079445,1,0.1270576968583807
8.7,"64,140,31,142,167,149","8.7-64,140,31,142,167,149",157,0.5764441278280276,11.801666666666662,23.60333333333333,262.33097503568126,2.41884957344527,1,0.07474626210204016
8.7,"204,129,42,183,42,73","8.7-204,129,42,183,42,73",188,19.235191410338597,11.86746031746032,23.731746031746024,687.2200452468921,2.837095818770142,1,0.14095785851951503
8.7,"172,115,82,76,172,89","8.7-172,115,82,76,172,89",147,23.947269186876838,11.926388888888887,23.84722222222222,56.83352721769876,1.7546046101824566,1,0.01816117219113489
8.7,"184,148,54,32,44,55","8.7-184,148,54,32,44,55",263,22.75441454914362,11.842129629629618,23.682407407407396,1303.6679243441213,3.1151669802062205,1,0.1087434829266491
8.7,"252,4,28,35,119,153","8.7-252,4,28,35,119,153",305,14.212201105257163,12.149999999999999,23.633333333333333,2050.763459073735,3.311915570488655,1,0.13960593611174188
8.7,"156,95,90,12,124,73","8.7-156,95,90,12,124,73",202,20.29556661054393,11.784895833333337,23.563541666666666,1483.2564666862131,3.1712162504462125,1,0.13120144596486732
8.7,"176,70,146,156,89,69","8.7-176,70,146,156,89,69",293,17.8596449903335,11.424999999999997,20.983333333333334,2038.5173147612595,3.309314404614928,1,0.12400550283577422
8.7,"8,250,121,45,167,67","8.7-8,250,121,45,167,67",253,10.13284746446038,12.358333333333334,22.816666666666666,1040.9990716164673,3.017450342198312,1,0.13028759017829666
8.7,"88,198,240,41,58,135","8.7-88,198,240,41,58,135",146,12.346564931295159,8.674722222222222,15.616666666666667,817.5204689039907,2.9124986352415174,1,0.1183259792829941
8.7,"136,191,228,175,202,9","8.7-136,191,228,175,202,9",117,17.070838825459834,12.116666666666667,19.966666666666665,191.62169591672438,2.2824446794997155,1,0.08395359996388191
8.7,"152,207,83,118,160,172","8.7-152,207,83,118,160,172",94,17.380422851454625,13.014583333333334,18.670833333333334,571.4025759608605,2.7569421939099823,1,0.11561765537063218
8.7,"44,220,173,148,169,213","8.7-44,220,173,148,169,213",121,17.86322289243243,12.478472222222223,18.40972222222222,824.6067931607536,2.9162469082243474,1,0.13482821817845086
8.7,"60,134,209,115,214,231","8.7-60,134,209,115,214,231",245,17.08623999442481,14.964583333333337,17.7375,1283.7140548149096,3.1084682961269765,1,0.10038471134324156
8.7,"76,2,32,111,66,59","8.7-76,2,32,111,66,59",74,13.035022522522524,12.567982456140356,9.902631578947378,388.1735753877936,2.589025967801775,1,0.09824683070478224
8.7,"56,251,20,50,26,70","8.7-56,251,20,50,26,70",67,16.77039800995025,14.43,11.773333333333333,543.8663158005575,2.735492161747782,1,0.07872286768996822
8.7,"124,161,119,201,50,40","8.7-124,161,119,201,50,40",253,16.914197848060503,17.406481481481492,12.987037037037048,2294.914707843235,3.3607665493062346,1,0.04062999754230123
8.7,"144,173,247,200,14,93","8.7-144,173,247,200,14,93",56,17.85848214285714,16.009137426900594,7.895614035087703,562.2967907362305,2.7499656048156034,1,0.046753727973333714
8.7,"248,154,120,184,155,117","8.7-248,154,120,184,155,117",103,17.145469255663443,17.133333333333333,0.03333333333333333,814.4791061149004,2.9108799478030396,1,0.010468939085521378
8.7,"12,28,87,249,59,150","8.7-12,28,87,249,59,150",79,18.177426160337546,18.1830357142857,0.35,888.7159184500558,2.9487629592085587,1,0.008445352209776935
8.7,"108,250,167,124,18,1","8.7-108,250,167,124,18,1",35,19.629285714285714,19.674074074074063,0.41481481481482557,329.9865498871722,2.5184962385784173,-1,-0.03018534845814569
