m,trajs,cluster
"7.6-32,50,51,210,96,61+2","[[669, 0], [669, 0], [669, 0], [669, 0], [669, 0], [669, 0], [669, 0], [669, 0], [669, 0], [669, 0], [669, 0], [669, 0], [669, 0], [669, 0], [669, 0], [669, 0], [669, 0], [669, 0], [669, 0], [669, 0], [669, 0], [669, 0], [669, 0], [669, 0], [669, 0], [669, 0], [669, 0], [669, 0], [669, 0], [669, 0], [669, 0], [669, 0], [669, 0], [669, 0], [669, 0], [669, 0], [669, 0], [669, 0], [669, 0], [669, 0], [669, 0], [669, 0], [669, 0], [669, 0], [669, 0], [669, 0], [669, 0], [669, 0], [669, 0], [669, 0], [669, 0], [669, 0], [669, 0], [669, 0], [669, 0], [669, 0], [669, 0], [669, 0], [669, 0], [669, 0], [669, 0], [669, 0], [669, 0], [669, 0], [669, 0], [669, 0], [669, 0], [669, 0], [669, 0], [669, 0], [669, 0], [669, 0], [669, 0], [669, 0], [669, 0], [669, 0], [669, 0], [669, 0], [669, 0], [669, 0], [669, 0], [669, 0], [669, 0], [669, 0], [669, 0], [669, 0], [669, 0], [669, 0], [669, 0], [669, 0], [669, 0], [669, 0], [669, 0], [669, 0], [669, 0], [669, 0], [669, 0], [669, 0], [669, 0], [669, 0], [669, 0], [669, 0], [669, 0], [669, 0], [669, 0], [669, 0], [669, 0], [669, 0], [669, 0], [669, 0], [669, 0]]",0
"7.6-48,74,38,133,29,213+2","[[870, 0], [870, 0], [870, 0], [870, 0], [870, 0], [870, 0], [870, 0], [870, 0], [870, 0], [870, 0], [870, 0], [870, 0], [870, 0], [870, 0], [870, 0], [870, 0], [870, 0]]",0
"7.6-48,74,38,133,29,213+5","[[628, 0], [628, 0], [628, 0], [628, 0], [628, 0]]",0
"7.6-48,74,38,155,214,98+3","[[749, 0]]",0
"7.6-48,74,38,155,214,98+10","[[747, 0], [747, 0], [747, 0], [747, 0], [747, 0], [747, 0]]",0
"7.6-48,74,38,155,214,98+11","[[788, 4], [789, 0], [789, 1], [829, 4], [830, 0], [830, 4], [831, 4]]",0
"7.6-48,74,38,155,214,98+12","[[832, 3], [831, 3], [830, 0], [830, 2], [790, 3], [789, 0], [789, 3]]",0
"7.6-48,74,38,155,214,98+14","[[665, 0]]",0
"7.6-48,74,38,155,214,98+15","[[499, 0], [499, 4], [500, 4], [501, 1], [541, 0], [541, 1], [581, 4], [582, 0], [582, 4], [583, 1], [623, 0], [623, 0], [623, 1], [663, 4], [664, 0], [664, 4], [665, 0], [665, 1], [705, 4], [706, 0], [706, 4], [707, 1], [747, 0], [747, 1], [787, 4], [788, 0], [788, 4], [789, 0], [789, 4], [790, 1], [830, 0], [830, 4], [831, 4]]",0
"7.6-48,74,38,155,214,98+16","[[832, 0], [832, 0]]",0
"7.6-48,74,38,155,214,98+18","[[910, 0], [910, 0], [910, 0]]",0
"7.6-48,74,38,155,214,98+21","[[951, 0], [951, 0]]",0
"7.6-48,74,38,155,214,98+22","[[832, 3], [831, 3], [830, 0], [830, 3], [829, 2], [789, 0], [789, 3]]",0
"7.6-48,74,38,155,214,98+23","[[788, 0], [788, 0], [788, 0], [788, 0], [788, 0], [788, 0], [788, 0], [788, 0], [788, 0], [788, 0], [788, 0], [788, 0], [788, 0], [788, 0], [788, 0], [788, 0], [788, 0], [788, 0], [788, 0], [788, 0], [788, 0], [788, 0], [788, 0], [788, 0], [788, 0], [788, 0], [788, 0]]",0
"7.6-208,151,254,41,36,198+1","[[832, 0], [832, 0], [832, 0], [832, 0], [832, 0], [832, 0], [832, 0], [832, 0], [832, 0]]",0
"7.6-208,151,254,41,36,198+3","[[832, 0], [832, 0], [832, 0], [832, 0], [832, 0], [832, 0], [832, 0], [832, 0], [832, 0]]",0
"7.6-204,129,42,183,42,73+2","[[834, 0], [834, 0], [834, 0], [834, 0]]",0
"7.6-204,129,42,183,42,73+11","[[832, 3], [831, 3], [830, 0], [830, 3], [829, 2], [789, 0], [789, 3], [788, 0], [788, 3], [787, 2], [747, 0], [747, 1], [787, 3], [786, 0], [786, 3], [785, 0], [785, 0], [785, 3], [784, 0], [784, 0], [784, 2], [744, 3]]",0
"7.6-204,129,42,183,42,73+14","[[832, 3], [831, 3], [830, 0], [830, 3], [829, 2], [789, 0], [789, 3], [788, 0], [788, 3], [787, 2], [747, 0], [747, 3], [746, 2], [706, 0], [706, 2], [666, 3], [665, 0], [665, 3], [664, 0], [664, 2], [624, 3], [623, 0], [623, 0], [623, 2], [583, 3], [582, 0], [582, 3], [581, 2], [541, 0], [541, 3], [540, 3], [539, 2], [499, 0]]",0
"7.6-204,129,42,183,42,73+15","[[499, 0], [499, 4], [500, 4], [501, 1], [541, 0], [541, 4], [542, 1], [582, 0], [582, 4], [583, 1], [623, 0], [623, 0], [623, 4], [624, 1], [664, 0], [664, 4], [665, 0], [665, 1], [705, 4], [706, 0], [706, 1], [746, 4], [747, 0], [747, 1], [787, 4], [788, 0], [788, 4], [789, 0], [789, 4], [790, 1], [830, 0], [830, 4], [831, 4]]",0
"7.6-204,129,42,183,42,73+16","[[832, 3], [831, 3], [830, 0], [830, 3], [829, 2], [789, 0], [789, 3], [788, 0], [788, 3], [787, 2], [747, 0], [747, 2], [707, 3], [706, 0], [706, 2], [666, 3], [665, 0], [665, 3], [664, 0], [664, 3], [663, 2], [623, 0], [623, 0], [623, 3], [622, 2], [582, 0], [582, 2], [542, 3], [541, 0], [541, 3], [540, 2], [500, 3], [499, 0]]",0
"7.6-204,129,42,183,42,73+17","[[499, 2], [459, 0], [459, 4], [460, 0], [460, 2]]",0
"7.6-204,129,42,183,42,73+18","[[420, 1], [460, 0], [460, 3], [459, 0], [459, 1], [499, 0], [499, 0], [499, 4], [500, 1], [540, 4], [541, 0], [541, 1], [581, 4], [582, 0], [582, 4], [583, 1], [623, 0], [623, 0], [623, 4], [624, 1], [664, 0], [664, 4], [665, 0], [665, 4], [666, 1], [706, 0], [706, 1], [746, 4], [747, 0], [747, 1], [787, 4], [788, 0], [788, 4], [789, 0], [789, 4], [790, 1], [830, 0], [830, 4], [831, 4]]",0
"7.6-204,129,42,183,42,73+19","[[832, 3], [831, 3], [830, 0], [830, 2], [790, 3], [789, 0], [789, 3], [788, 0], [788, 3], [787, 2], [747, 0], [747, 3], [746, 1], [786, 0], [786, 3], [785, 0], [785, 0], [785, 3], [784, 0], [784, 0], [784, 2], [744, 3]]",0
"7.6-204,129,42,183,42,73+20","[[743, 0], [743, 2], [703, 0], [703, 2], [663, 0], [663, 2], [623, 0], [623, 0], [623, 3], [622, 2], [582, 0], [582, 2], [542, 3], [541, 0], [541, 3], [540, 3], [539, 2], [499, 0], [499, 0], [499, 2], [459, 0], [459, 4], [460, 0], [460, 2]]",0
"7.6-204,129,42,183,42,73+29","[[1071, 2], [1031, 0], [1031, 0], [1031, 4], [1032, 0], [1032, 2], [992, 0], [992, 0], [992, 4], [993, 1], [1033, 0], [1033, 2], [993, 0], [993, 2], [953, 0], [953, 4], [954, 0], [954, 0], [954, 2], [914, 0], [914, 2], [874, 0], [874, 4], [875, 4], [876, 0], [876, 4]]",0
"7.6-204,129,42,183,42,73+32","[[789, 0], [789, 0]]",0
"7.6-204,129,42,183,42,73+34","[[789, 0], [789, 0], [789, 0], [789, 0], [789, 0], [789, 0], [789, 0], [789, 0], [789, 0], [789, 0], [789, 0], [789, 0], [789, 0], [789, 0], [789, 0], [789, 0], [789, 0], [789, 0], [789, 0], [789, 0], [789, 0], [789, 0], [789, 0], [789, 0], [789, 0], [789, 0], [789, 0], [789, 0], [789, 0], [789, 0], [789, 0], [789, 0], [789, 0], [789, 0], [789, 0], [789, 0], [789, 0], [789, 0], [789, 0], [789, 0], [789, 0], [789, 0], [789, 0], [789, 0], [789, 0], [789, 0], [789, 0], [789, 0], [789, 0], [789, 0], [789, 0], [789, 0], [789, 0], [789, 0], [789, 0], [789, 0], [789, 0], [789, 0], [789, 0], [789, 0], [789, 0], [789, 0], [789, 0], [789, 0], [789, 0], [789, 0], [789, 0], [789, 0], [789, 0], [789, 0], [789, 0], [789, 0], [789, 0], [789, 0], [789, 0], [789, 0], [789, 0], [789, 0], [789, 0], [789, 0], [789, 0], [789, 0], [789, 0], [789, 0], [789, 0], [789, 0], [789, 0], [789, 0], [789, 0], [789, 0], [789, 0], [789, 0], [789, 0], [789, 0], [789, 0], [789, 0], [789, 0], [789, 0]]",0
"7.6-88,198,240,41,58,135+2","[[914, 0], [914, 0], [914, 0], [914, 0]]",0
"7.6-88,198,240,41,58,135+8","[[914, 0]]",0
"7.6-88,198,240,41,58,135+12","[[914, 0], [914, 0], [914, 0], [914, 0], [914, 0], [914, 0], [914, 0], [914, 0], [914, 0], [914, 0], [914, 0], [914, 0], [914, 0], [914, 0], [914, 0], [914, 0], [914, 0], [914, 0], [914, 0], [914, 0], [914, 0], [914, 0], [914, 0], [914, 0], [914, 0], [914, 0], [914, 0], [914, 0], [914, 0], [914, 0], [914, 0], [914, 0], [914, 0], [914, 0], [914, 0], [914, 0], [914, 0], [914, 0], [914, 0], [914, 0], [914, 0], [914, 0], [914, 0], [914, 0], [914, 0], [914, 0], [914, 0], [914, 0], [914, 0], [914, 0], [914, 0], [914, 0], [914, 0], [914, 0], [914, 0], [914, 0], [914, 0], [914, 0], [914, 0], [914, 0], [914, 0], [914, 0], [914, 0], [914, 0], [914, 0], [914, 0], [914, 0], [914, 0], [914, 0], [914, 0], [914, 0], [914, 0], [914, 0], [914, 0], [914, 0], [914, 0], [914, 0], [914, 0], [914, 0], [914, 0], [914, 0], [914, 0], [914, 0], [914, 0], [914, 0], [914, 0], [914, 0], [914, 0], [914, 0], [914, 0], [914, 0], [914, 0], [914, 0], [914, 0], [914, 0], [914, 0], [914, 0], [914, 0], [914, 0], [914, 0], [914, 0], [914, 0], [914, 0], [914, 0], [914, 0], [914, 0], [914, 0], [914, 0], [914, 0], [914, 0], [914, 0], [914, 0], [914, 0], [914, 0], [914, 0], [914, 0], [914, 0], [914, 0], [914, 0], [914, 0], [914, 0], [914, 0], [914, 0], [914, 0], [914, 0], [914, 0], [914, 0], [914, 0], [914, 0]]",0
"7.6-184,148,54,32,44,55+2","[[870, 0], [870, 0], [870, 0], [870, 0], [870, 0], [870, 0], [870, 0], [870, 0], [870, 0], [870, 0], [870, 0], [870, 0], [870, 0], [870, 0], [870, 0], [870, 0], [870, 0], [870, 0], [870, 0], [870, 0], [870, 0], [870, 0], [870, 0], [870, 0], [870, 0], [870, 0], [870, 0], [870, 0], [870, 0], [870, 0], [870, 0], [870, 0], [870, 0], [870, 0], [870, 0], [870, 0], [870, 0], [870, 0], [870, 0], [870, 0], [870, 0]]",0
"7.6-20,178,229,137,47,142+3","[[788, 0], [788, 0], [788, 0], [788, 0], [788, 0], [788, 0], [788, 0], [788, 0], [788, 0], [788, 0], [788, 0], [788, 0], [788, 0], [788, 0], [788, 0], [788, 0], [788, 0], [788, 0], [788, 0], [788, 0], [788, 0], [788, 0], [788, 0], [788, 0], [788, 0], [788, 0], [788, 0], [788, 0]]",0
"7.6-164,201,57,205,13,69+2","[[789, 0], [789, 0], [789, 0], [789, 0], [789, 0], [789, 0], [789, 0], [789, 0], [789, 0], [789, 0], [789, 0], [789, 0], [789, 0], [789, 0], [789, 0], [789, 0], [789, 0], [789, 0], [789, 0], [789, 0], [789, 0], [789, 0], [789, 0], [789, 0], [789, 0], [789, 0], [789, 0], [789, 0]]",0
"7.6-208,151,254,40,222,169+2","[[541, 0], [541, 0], [541, 0], [541, 0], [541, 0], [541, 0], [541, 0], [541, 0], [541, 0], [541, 0], [541, 0], [541, 0], [541, 0], [541, 0], [541, 0], [541, 0], [541, 0], [541, 0], [541, 0], [541, 0], [541, 0], [541, 0], [541, 0], [541, 0], [541, 0], [541, 0], [541, 0], [541, 0], [541, 0], [541, 0], [541, 0], [541, 0], [541, 0], [541, 0], [541, 0], [541, 0], [541, 0], [541, 0], [541, 0], [541, 0], [541, 0], [541, 0], [541, 0], [541, 0], [541, 0], [541, 0], [541, 0], [541, 0], [541, 0], [541, 0], [541, 0], [541, 0], [541, 0], [541, 0], [541, 0], [541, 0], [541, 0], [541, 0], [541, 0], [541, 0], [541, 0], [541, 0], [541, 0], [541, 0], [541, 0], [541, 0], [541, 0], [541, 0], [541, 0], [541, 0], [541, 0], [541, 0], [541, 0], [541, 0], [541, 0], [541, 0], [541, 0], [541, 0], [541, 0], [541, 0], [541, 0], [541, 0], [541, 0], [541, 0], [541, 0], [541, 0], [541, 0], [541, 0], [541, 0], [541, 0], [541, 0], [541, 0], [541, 0], [541, 0], [541, 0], [541, 0], [541, 0], [541, 0], [541, 0], [541, 0], [541, 0], [541, 0], [541, 0], [541, 0], [541, 0], [541, 0], [541, 0], [541, 0], [541, 0], [541, 0], [541, 0], [541, 0], [541, 0], [541, 0], [541, 0], [541, 0], [541, 0], [541, 0], [541, 0], [541, 0], [541, 0], [541, 0], [541, 0], [541, 0], [541, 0], [541, 0], [541, 0], [541, 0], [541, 0], [541, 0], [541, 0], [541, 0], [541, 0], [541, 0], [541, 0], [541, 0], [541, 0], [541, 0], [541, 0], [541, 0], [541, 0]]",0
"7.6-4,207,140,11,128,186+2","[[544, 0], [544, 0], [544, 0], [544, 0], [544, 0], [544, 0], [544, 0], [544, 0], [544, 0], [544, 0], [544, 0], [544, 0], [544, 0], [544, 0], [544, 0], [544, 0], [544, 0], [544, 0], [544, 0], [544, 0], [544, 0], [544, 0], [544, 0], [544, 0], [544, 0], [544, 0], [544, 0], [544, 0], [544, 0], [544, 0], [544, 0], [544, 0], [544, 0], [544, 0], [544, 0], [544, 0], [544, 0]]",0
"7.6-4,207,140,11,128,186+6","[[544, 0], [544, 0], [544, 0], [544, 0], [544, 0], [544, 0], [544, 0], [544, 0], [544, 0], [544, 0], [544, 0], [544, 0], [544, 0], [544, 0], [544, 0], [544, 0], [544, 0], [544, 0], [544, 0], [544, 0], [544, 0], [544, 0], [544, 0], [544, 0], [544, 0], [544, 0], [544, 0], [544, 0], [544, 0], [544, 0], [544, 0], [544, 0], [544, 0], [544, 0], [544, 0], [544, 0], [544, 0], [544, 0], [544, 0], [544, 0], [544, 0], [544, 0], [544, 0], [544, 0], [544, 0], [544, 0], [544, 0], [544, 0], [544, 0], [544, 0], [544, 0], [544, 0], [544, 0], [544, 0], [544, 0], [544, 0], [544, 0], [544, 0], [544, 0], [544, 0], [544, 0], [544, 0], [544, 0], [544, 0], [544, 0], [544, 0], [544, 0], [544, 0], [544, 0], [544, 0], [544, 0], [544, 0], [544, 0], [544, 0], [544, 0], [544, 0], [544, 0], [544, 0], [544, 0], [544, 0], [544, 0], [544, 0], [544, 0], [544, 0], [544, 0], [544, 0], [544, 0], [544, 0], [544, 0], [544, 0], [544, 0], [544, 0], [544, 0], [544, 0], [544, 0], [544, 0], [544, 0], [544, 0], [544, 0], [544, 0], [544, 0]]",0
"7.6-156,95,90,12,124,73+4","[[706, 0]]",0
"7.6-156,95,90,12,124,73+6","[[706, 0]]",0
"7.6-156,95,90,12,124,73+19","[[665, 0]]",0
"7.6-156,95,90,12,124,73+34","[[709, 0], [709, 0], [709, 0], [709, 0], [709, 0], [709, 0], [709, 0], [709, 0], [709, 0]]",0
"7.6-64,140,31,52,191,11+1","[[832, 0], [832, 0], [832, 0], [832, 0], [832, 4], [833, 0], [833, 4], [834, 0], [834, 1], [874, 0], [874, 4], [875, 4], [876, 0], [876, 4]]",0
"7.6-64,140,31,52,191,11+2","[[877, 3], [876, 0], [876, 3], [875, 3], [874, 0], [874, 2], [834, 0], [834, 3], [833, 0], [833, 3]]",0
"7.6-64,140,31,52,191,11+3","[[832, 4], [833, 0], [833, 4], [834, 0], [834, 1], [874, 0], [874, 4], [875, 4], [876, 0], [876, 4]]",0
"7.6-64,140,31,52,191,11+4","[[877, 3], [876, 0], [876, 3], [875, 3], [874, 0], [874, 2], [834, 0], [834, 3], [833, 0], [833, 3]]",0
"7.6-64,140,31,52,191,11+5","[[832, 0], [832, 4], [833, 0], [833, 4], [834, 0], [834, 1], [874, 0], [874, 4], [875, 4], [876, 0], [876, 4]]",0
"7.6-64,140,31,52,191,11+6","[[877, 0], [877, 3], [876, 0], [876, 3], [875, 3], [874, 0], [874, 2], [834, 0], [834, 3], [833, 0], [833, 3]]",0
"7.6-64,140,31,52,191,11+7","[[832, 4], [833, 0], [833, 4], [834, 0], [834, 1], [874, 0], [874, 4], [875, 4], [876, 0], [876, 4]]",0
"7.6-64,140,31,52,191,11+10","[[879, 3], [878, 0], [878, 3], [877, 0], [877, 3], [876, 0], [876, 3], [875, 3], [874, 0], [874, 2], [834, 0], [834, 3], [833, 0], [833, 3], [832, 0], [832, 3], [831, 3], [830, 0], [830, 2], [790, 3], [789, 0], [789, 3]]",0
"7.6-64,140,31,52,191,11+15","[[788, 4], [789, 0], [789, 4], [790, 1], [830, 0], [830, 4], [831, 4], [832, 0], [832, 4], [833, 0], [833, 4], [834, 0], [834, 1], [874, 0], [874, 4], [875, 4], [876, 0], [876, 4]]",0
"7.6-64,140,31,52,191,11+16","[[877, 0], [877, 0], [877, 0], [877, 0], [877, 0], [877, 0], [877, 0], [877, 0], [877, 0], [877, 0], [877, 3], [876, 0], [876, 3], [875, 3], [874, 0], [874, 2], [834, 0], [834, 3], [833, 0], [833, 3], [832, 0], [832, 3], [831, 3], [830, 0], [830, 2], [790, 3], [789, 0], [789, 3]]",0
"7.6-64,140,31,52,191,11+17","[[788, 4], [789, 0], [789, 4], [790, 1], [830, 0], [830, 4], [831, 4], [832, 0], [832, 4], [833, 0], [833, 4], [834, 0], [834, 1], [874, 0], [874, 4], [875, 4], [876, 0], [876, 4]]",0
"7.6-64,140,31,52,191,11+20","[[877, 4], [878, 0], [878, 4]]",0
"7.6-64,140,31,52,191,11+21","[[879, 3], [878, 0], [878, 3], [877, 0], [877, 3], [876, 0], [876, 3], [875, 3], [874, 0], [874, 2], [834, 0], [834, 3], [833, 0], [833, 3]]",0
"7.6-64,140,31,52,191,11+22","[[832, 4], [833, 0], [833, 4], [834, 0], [834, 1], [874, 0], [874, 4], [875, 4], [876, 0], [876, 4]]",0
"7.6-64,140,31,52,191,11+23","[[877, 4], [878, 0], [878, 4]]",0
"7.6-64,140,31,52,191,11+24","[[879, 0], [879, 0], [879, 0], [879, 0], [879, 0], [879, 0], [879, 0], [879, 0], [879, 0], [879, 0], [879, 0], [879, 0], [879, 0], [879, 0], [879, 0], [879, 0], [879, 0], [879, 0], [879, 0], [879, 0], [879, 0], [879, 0], [879, 0], [879, 0], [879, 0], [879, 0], [879, 0], [879, 0], [879, 0], [879, 0], [879, 0], [879, 0], [879, 0], [879, 0], [879, 0], [879, 0], [879, 0], [879, 0], [879, 0], [879, 0], [879, 0], [879, 0], [879, 0], [879, 0], [879, 0], [879, 0], [879, 0], [879, 0], [879, 0], [879, 0], [879, 0], [879, 0], [879, 0], [879, 0], [879, 0], [879, 0], [879, 0], [879, 0], [879, 0], [879, 0], [879, 0], [879, 0], [879, 0], [879, 0], [879, 0], [879, 0], [879, 0], [879, 0], [879, 0], [879, 0], [879, 0], [879, 0], [879, 0], [879, 0], [879, 0], [879, 0], [879, 0], [879, 0], [879, 0], [879, 0], [879, 0], [879, 0], [879, 0], [879, 0], [879, 0], [879, 0], [879, 0], [879, 0], [879, 0], [879, 0], [879, 0], [879, 0], [879, 0], [879, 0], [879, 0], [879, 0], [879, 0], [879, 0], [879, 0], [879, 0], [879, 0], [879, 0], [879, 0], [879, 0], [879, 0]]",0
"7.6-140,206,78,224,75,99+2","[[789, 0], [789, 0], [789, 0], [789, 0], [789, 0], [789, 0], [789, 0], [789, 0], [789, 0], [789, 0], [789, 0], [789, 0], [789, 0], [789, 0], [789, 0], [789, 0], [789, 0], [789, 0], [789, 0], [789, 0], [789, 0], [789, 0], [789, 0], [789, 0], [789, 0], [789, 0], [789, 0], [789, 0], [789, 0], [789, 0], [789, 0], [789, 0], [789, 0], [789, 0], [789, 0]]",0
"7.6-140,206,78,224,75,99+8","[[789, 0], [789, 0], [789, 0], [789, 0], [789, 0], [789, 0], [789, 0], [789, 0], [789, 0], [789, 0], [789, 0], [789, 0], [789, 0], [789, 0], [789, 0], [789, 0], [789, 0], [789, 0], [789, 0], [789, 0], [789, 0], [789, 0], [789, 0], [789, 0], [789, 0], [789, 0], [789, 0], [789, 0], [789, 0], [789, 0], [789, 0], [789, 0], [789, 0], [789, 0], [789, 0], [789, 0], [789, 0], [789, 0], [789, 0], [789, 0], [789, 0], [789, 0], [789, 0], [789, 0], [789, 0], [789, 0], [789, 0], [789, 0], [789, 0], [789, 0], [789, 0], [789, 0], [789, 0], [789, 0], [789, 0], [789, 0], [789, 0], [789, 0], [789, 0], [789, 0], [789, 0], [789, 0], [789, 0], [789, 0], [789, 0], [789, 0], [789, 0], [789, 0], [789, 0], [789, 0], [789, 0], [789, 0], [789, 0], [789, 0], [789, 0], [789, 0], [789, 0], [789, 0], [789, 0], [789, 0], [789, 0], [789, 0], [789, 0], [789, 0], [789, 0], [789, 0], [789, 0], [789, 0], [789, 0], [789, 0], [789, 0], [789, 0], [789, 0], [789, 0], [789, 0], [789, 0], [789, 0], [789, 0]]",0
"7.6-164,125,159,153,152,106+1","[[420, 1], [460, 0], [460, 3], [459, 0], [459, 1], [499, 0], [499, 0], [499, 4], [500, 1], [540, 4], [541, 0], [541, 4], [542, 1], [582, 0], [582, 4], [583, 1], [623, 0], [623, 0], [623, 1], [663, 4], [664, 0], [664, 4], [665, 0], [665, 4], [666, 1], [706, 0], [706, 1], [746, 4], [747, 0], [747, 1], [787, 4]]",0
"7.6-164,125,159,153,152,106+3","[[503, 0], [503, 0], [503, 0], [503, 0], [503, 0]]",0
"7.6-164,125,159,153,152,106+5","[[503, 0], [503, 0], [503, 0], [503, 0], [503, 0], [503, 0], [503, 0], [503, 0], [503, 0], [503, 0], [503, 0], [503, 0], [503, 0], [503, 0], [503, 0], [503, 0], [503, 0], [503, 0], [503, 0], [503, 0], [503, 0], [503, 0], [503, 0], [503, 0], [503, 0], [503, 0], [503, 0], [503, 0], [503, 0], [503, 0], [503, 0], [503, 0], [503, 0], [503, 0], [503, 0], [503, 0], [503, 0], [503, 0], [503, 0], [503, 0], [503, 0], [503, 0], [503, 0], [503, 0], [503, 0], [503, 0], [503, 0], [503, 0], [503, 0], [503, 0], [503, 0], [503, 0], [503, 0], [503, 0], [503, 0], [503, 0], [503, 0], [503, 0], [503, 0], [503, 0], [503, 0], [503, 0], [503, 0], [503, 0], [503, 0], [503, 0], [503, 0], [503, 0], [503, 0], [503, 0], [503, 0], [503, 0], [503, 0], [503, 0], [503, 0], [503, 0], [503, 0], [503, 0], [503, 0], [503, 0], [503, 0], [503, 0], [503, 0], [503, 0], [503, 0], [503, 0], [503, 0], [503, 0], [503, 0], [503, 0], [503, 0], [503, 0], [503, 0], [503, 0], [503, 0], [503, 0], [503, 0], [503, 0], [503, 0], [503, 0], [503, 0], [503, 0], [503, 0], [503, 0], [503, 0], [503, 0], [503, 0], [503, 0], [503, 0], [503, 0], [503, 0], [503, 0], [503, 0], [503, 0], [503, 0], [503, 0], [503, 0], [503, 0], [503, 0], [503, 0], [503, 0]]",0
"7.6-20,94,105,93,76,199+5","[[877, 0], [877, 0], [877, 0], [877, 3], [876, 0], [876, 3], [875, 3], [874, 0], [874, 2], [834, 0], [834, 3], [833, 0], [833, 3]]",0
"7.6-20,94,105,93,76,199+6","[[832, 4], [833, 0], [833, 4], [834, 0], [834, 1], [874, 0], [874, 4], [875, 4], [876, 0], [876, 4]]",0
"7.6-20,94,105,93,76,199+7","[[877, 3], [876, 0], [876, 3], [875, 3], [874, 0], [874, 2], [834, 0], [834, 3], [833, 0], [833, 3], [832, 0], [832, 3], [831, 3], [830, 0], [830, 3], [829, 2], [789, 0], [789, 3]]",0
"7.7-32,50,51,210,96,61+2","[[874, 0], [874, 0], [874, 0], [874, 0], [874, 0], [874, 0], [874, 0], [874, 0], [874, 0], [874, 0], [874, 0], [874, 0], [874, 0], [874, 0], [874, 0], [874, 0], [874, 0], [874, 0], [874, 0], [874, 0], [874, 0], [874, 0], [874, 0], [874, 0], [874, 0], [874, 0], [874, 0], [874, 0], [874, 0], [874, 0], [874, 0], [874, 0], [874, 0], [874, 0], [874, 0], [874, 0], [874, 0], [874, 0], [874, 0], [874, 0], [874, 0], [874, 0], [874, 0], [874, 0], [874, 0], [874, 0]]",0
"7.7-48,74,38,155,214,98+21","[[833, 0], [833, 0], [833, 0], [833, 0], [833, 0]]",0
"7.7-48,74,38,155,214,98+22","[[747, 0], [747, 0], [747, 0], [747, 0], [747, 0], [747, 0], [747, 0], [747, 0], [747, 0], [747, 0]]",0
"7.7-48,74,38,155,214,98+23","[[665, 0], [665, 0], [665, 0], [665, 0], [665, 0], [665, 0], [665, 0]]",0
"7.7-48,74,38,155,214,98+25","[[985, 3], [984, 0], [984, 1], [1024, 0], [1024, 0], [1024, 1], [1064, 4], [1065, 0], [1065, 0], [1065, 1]]",0
"7.7-208,151,254,41,36,198+2","[[789, 0], [789, 0], [789, 0], [789, 0], [789, 0], [789, 0], [789, 0], [789, 0], [789, 0], [789, 0], [789, 0], [789, 0], [789, 0], [789, 0], [789, 0], [789, 0], [789, 0], [789, 0], [789, 0], [789, 0], [789, 0], [789, 0], [789, 0], [789, 0], [789, 0], [789, 0], [789, 0], [789, 0], [789, 0], [789, 0], [789, 0], [789, 0], [789, 0], [789, 0], [789, 0], [789, 0], [789, 0], [789, 0], [789, 0], [789, 0], [789, 0], [789, 0], [789, 0], [789, 0], [789, 0], [789, 0], [789, 0], [789, 0], [789, 0], [789, 0], [789, 0], [789, 0], [789, 0], [789, 0], [789, 0], [789, 0], [789, 0], [789, 0], [789, 0], [789, 0], [789, 0], [789, 0], [789, 0], [789, 0], [789, 0], [789, 0], [789, 0], [789, 0], [789, 0], [789, 0], [789, 0], [789, 0], [789, 0], [789, 0], [789, 0], [789, 0], [789, 0], [789, 0], [789, 0], [789, 0], [789, 0], [789, 0], [789, 0], [789, 0], [789, 0], [789, 0], [789, 0], [789, 0], [789, 0], [789, 0], [789, 0], [789, 0], [789, 0], [789, 0], [789, 0], [789, 0], [789, 0], [789, 0], [789, 0], [789, 0], [789, 0], [789, 0], [789, 0], [789, 0], [789, 0], [789, 0], [789, 0], [789, 0], [789, 0], [789, 0], [789, 0], [789, 0], [789, 0], [789, 0], [789, 0], [789, 0], [789, 0], [789, 0], [789, 0], [789, 0], [789, 0], [789, 0], [789, 0], [789, 0], [789, 0], [789, 0], [789, 0], [789, 0], [789, 0], [789, 0], [789, 0], [789, 0], [789, 0], [789, 0], [789, 0], [789, 0], [789, 0], [789, 0], [789, 0], [789, 0]]",0
"7.7-204,129,42,183,42,73+2","[[789, 0], [789, 0], [789, 0], [789, 0], [789, 0], [789, 0], [789, 0], [789, 0], [789, 0]]",0
"7.7-204,129,42,183,42,73+3","[[420, 1], [460, 0], [460, 3], [459, 0], [459, 1], [499, 0], [499, 0], [499, 4], [500, 1], [540, 4], [541, 0], [541, 1], [581, 4], [582, 0], [582, 4], [583, 1], [623, 0], [623, 0], [623, 1], [663, 4], [664, 0], [664, 4], [665, 0], [665, 4], [666, 1], [706, 0], [706, 1], [746, 4], [747, 0], [747, 1], [787, 4], [788, 0], [788, 4], [789, 0], [789, 1], [829, 4], [830, 0], [830, 4], [831, 4], [832, 0], [832, 4], [833, 0], [833, 4], [834, 0], [834, 1], [874, 0], [874, 4], [875, 4], [876, 0], [876, 4]]",0
"7.7-204,129,42,183,42,73+6","[[420, 1], [460, 0], [460, 3], [459, 0], [459, 1], [499, 0], [499, 0], [499, 4], [500, 4], [501, 1], [541, 0], [541, 1], [581, 4], [582, 0], [582, 4], [583, 1], [623, 0], [623, 0], [623, 4], [624, 1], [664, 0], [664, 4], [665, 0], [665, 1], [705, 4], [706, 0], [706, 1], [746, 4], [747, 0], [747, 1], [787, 4], [788, 0], [788, 4], [789, 0], [789, 1], [829, 4], [830, 0], [830, 4], [831, 4], [832, 0], [832, 4], [833, 0], [833, 4], [834, 0], [834, 1], [874, 0], [874, 4], [875, 4], [876, 0], [876, 4]]",0
"7.7-204,129,42,183,42,73+17","[[743, 4], [744, 1], [784, 0], [784, 0], [784, 4], [785, 0], [785, 0], [785, 4], [786, 0], [786, 4], [787, 2], [747, 0], [747, 4], [748, 1], [788, 0], [788, 4], [789, 0], [789, 1], [829, 0], [829, 1], [869, 3], [868, 0], [868, 0], [868, 1], [908, 0], [908, 3], [907, 0], [907, 1], [947, 0], [947, 3], [946, 0], [946, 3], [945, 0], [945, 1]]",0
"7.7-204,129,42,183,42,73+18","[[985, 2], [945, 0], [945, 4], [946, 0], [946, 4], [947, 0], [947, 2], [907, 0], [907, 4], [908, 0], [908, 2], [868, 0], [868, 0], [868, 4], [869, 2], [829, 0], [829, 2], [789, 0], [789, 3], [788, 0], [788, 3], [787, 2], [747, 0], [747, 3], [746, 1], [786, 0], [786, 3], [785, 0], [785, 0], [785, 3], [784, 0], [784, 0], [784, 3], [783, 2]]",0
"7.7-204,129,42,183,42,73+21","[[985, 2], [945, 0], [945, 4], [946, 0], [946, 4], [947, 0], [947, 2], [907, 0], [907, 4], [908, 0], [908, 2], [868, 0], [868, 0], [868, 4], [869, 2], [829, 0], [829, 2], [789, 0], [789, 3], [788, 0], [788, 2], [748, 3], [747, 0], [747, 3], [746, 1], [786, 0], [786, 3], [785, 0], [785, 0], [785, 3], [784, 0], [784, 0], [784, 3], [783, 2]]",0
"7.7-204,129,42,183,42,73+24","[[879, 3], [878, 0], [878, 3], [877, 0], [877, 3], [876, 0], [876, 3], [875, 3], [874, 0], [874, 2], [834, 0], [834, 3], [833, 0], [833, 3], [832, 0], [832, 3], [831, 3], [830, 0], [830, 3], [829, 2], [789, 0], [789, 3], [788, 0], [788, 3], [787, 2], [747, 0], [747, 2], [707, 3], [706, 0], [706, 2], [666, 3], [665, 0], [665, 3], [664, 0], [664, 3], [663, 2], [623, 0], [623, 0], [623, 3], [622, 2], [582, 0], [582, 3], [581, 2], [541, 0], [541, 3], [540, 2], [500, 3], [499, 0], [499, 0], [499, 2], [459, 0], [459, 4], [460, 0], [460, 2]]",0
"7.7-204,129,42,183,42,73+26","[[789, 0], [789, 0], [789, 0], [789, 0]]",0
"7.7-204,129,42,183,42,73+28","[[789, 0], [789, 0]]",0
"7.7-204,129,42,183,42,73+29","[[420, 1], [460, 0], [460, 3], [459, 0], [459, 1], [499, 0], [499, 0], [499, 4], [500, 4], [501, 1], [541, 0], [541, 4], [542, 1], [582, 0], [582, 4], [583, 1], [623, 0], [623, 0], [623, 1], [663, 4], [664, 0], [664, 4], [665, 0], [665, 4], [666, 1], [706, 0], [706, 1], [746, 4], [747, 0], [747, 4], [748, 1]]",0
"7.7-48,74,38,133,29,213+3","[[874, 0], [874, 0], [874, 0], [874, 0], [874, 0], [874, 0]]",0
"7.7-48,74,38,133,29,213+4","[[833, 0], [833, 0], [833, 0], [833, 0], [833, 0], [833, 0], [833, 0], [833, 0], [833, 0], [833, 0], [833, 0], [833, 0], [833, 0], [833, 0], [833, 0], [833, 0], [833, 0], [833, 0], [833, 0], [833, 0], [833, 0], [833, 0], [833, 0], [833, 0], [833, 0], [833, 0], [833, 0], [833, 0], [833, 0], [833, 0], [833, 0], [833, 0], [833, 0], [833, 0], [833, 0], [833, 0], [833, 0], [833, 0], [833, 0], [833, 0], [833, 0], [833, 0], [833, 0], [833, 0], [833, 0], [833, 0], [833, 0], [833, 0], [833, 0], [833, 0], [833, 0], [833, 0], [833, 0], [833, 0], [833, 0], [833, 0], [833, 0], [833, 0], [833, 0], [833, 0], [833, 0], [833, 0], [833, 0], [833, 0], [833, 0], [833, 0], [833, 0], [833, 0], [833, 0], [833, 0], [833, 0], [833, 0], [833, 0], [833, 0], [833, 0], [833, 0], [833, 0], [833, 0], [833, 0], [833, 0], [833, 0], [833, 0], [833, 0], [833, 0], [833, 0], [833, 0], [833, 0], [833, 0], [833, 0], [833, 0], [833, 0], [833, 0], [833, 0], [833, 0], [833, 0], [833, 0], [833, 0], [833, 0], [833, 0], [833, 0], [833, 0], [833, 0], [833, 0], [833, 0], [833, 0], [833, 0], [833, 0], [833, 0], [833, 0], [833, 0], [833, 0], [833, 0], [833, 0], [833, 0], [833, 0], [833, 0], [833, 0], [833, 0], [833, 0], [833, 0]]",0
"7.7-20,178,229,137,47,142+3","[[865, 0], [865, 0], [865, 0], [865, 0], [865, 0], [865, 0], [865, 0], [865, 0], [865, 0], [865, 0], [865, 0], [865, 0], [865, 0], [865, 0], [865, 0], [865, 0], [865, 0], [865, 0], [865, 0], [865, 0], [865, 0], [865, 0], [865, 0], [865, 0], [865, 0], [865, 0], [865, 0], [865, 0], [865, 0], [865, 0], [865, 0], [865, 0], [865, 0], [865, 0], [865, 0], [865, 0], [865, 0], [865, 0], [865, 0], [865, 0], [865, 0], [865, 0], [865, 0], [865, 0], [865, 0]]",0
"7.7-4,207,140,11,128,186+2","[[544, 0], [544, 0], [544, 0], [544, 0], [544, 0], [544, 0], [544, 0], [544, 0], [544, 0], [544, 0], [544, 0]]",0
"7.7-4,207,140,11,128,186+4","[[544, 0], [544, 0], [544, 0], [544, 0], [544, 0], [544, 0], [544, 0], [544, 0], [544, 0], [544, 0], [544, 0], [544, 0], [544, 0], [544, 0], [544, 0], [544, 0], [544, 0], [544, 0], [544, 0], [544, 0], [544, 0], [544, 0], [544, 0], [544, 0], [544, 0], [544, 0], [544, 0], [544, 0], [544, 0], [544, 0], [544, 0], [544, 0]]",0
"7.7-64,140,31,52,191,11+6","[[832, 0], [832, 0], [832, 0], [832, 0], [832, 0], [832, 0], [832, 0], [832, 0], [832, 0], [832, 0], [832, 0], [832, 0], [832, 0], [832, 0], [832, 0], [832, 0], [832, 0], [832, 0], [832, 0], [832, 0], [832, 0], [832, 0], [832, 0], [832, 0], [832, 0], [832, 0], [832, 0], [832, 0], [832, 0], [832, 0], [832, 0], [832, 0], [832, 0], [832, 0], [832, 0], [832, 0], [832, 0], [832, 0], [832, 0], [832, 0], [832, 0], [832, 0], [832, 0], [832, 0]]",0
"7.7-128,214,5,75,8,213+3","[[747, 0]]",0
"7.7-128,214,5,75,8,213+8","[[907, 0], [907, 0], [907, 0]]",0
"7.7-128,214,5,75,8,213+17","[[907, 0], [907, 0], [907, 0]]",0
"7.7-128,214,5,75,8,213+19","[[907, 0], [907, 0], [907, 0], [907, 0], [907, 0]]",0
"7.7-128,214,5,75,8,213+20","[[1071, 2], [1031, 0], [1031, 0], [1031, 4], [1032, 0], [1032, 2], [992, 0], [992, 0], [992, 1], [1032, 4], [1033, 0], [1033, 2], [993, 0], [993, 2], [953, 0], [953, 4], [954, 0], [954, 0], [954, 2], [914, 0], [914, 2], [874, 0], [874, 2], [834, 0], [834, 3], [833, 0], [833, 3]]",0
"7.7-240,98,90,159,90,25+1","[[874, 0], [874, 0], [874, 0], [874, 0], [874, 0], [874, 0], [874, 0], [874, 0], [874, 0], [874, 0], [874, 0], [874, 0], [874, 0], [874, 0], [874, 0]]",0
"7.7-240,98,90,159,90,25+2","[[832, 3], [831, 3], [830, 0], [830, 2], [790, 3], [789, 0], [789, 3], [788, 0], [788, 3], [787, 2], [747, 0], [747, 3], [746, 2], [706, 0], [706, 2], [666, 3], [665, 0], [665, 3], [664, 0], [664, 3], [663, 2]]",0
"7.7-240,98,90,159,90,25+5","[[420, 1], [460, 0], [460, 3], [459, 0], [459, 1], [499, 0], [499, 0], [499, 4], [500, 4], [501, 1], [541, 0], [541, 1], [581, 4], [582, 0], [582, 1], [622, 4], [623, 0], [623, 0], [623, 1], [663, 0], [663, 1], [703, 0], [703, 1], [743, 0]]",0
"7.7-240,98,90,159,90,25+13","[[41, 4], [42, 1], [82, 0], [82, 4], [83, 1], [123, 0], [123, 4], [124, 1], [164, 0], [164, 0], [164, 4], [165, 1], [205, 0], [205, 4], [206, 0], [206, 1], [246, 4], [247, 0], [247, 4], [248, 1], [288, 0], [288, 4], [289, 0], [289, 4], [290, 4], [291, 1], [331, 0], [331, 4], [332, 4], [333, 1], [373, 0], [373, 4], [374, 0], [374, 1], [414, 4], [415, 0], [415, 4], [416, 1], [456, 4], [457, 0], [457, 4], [458, 0], [458, 1], [498, 4], [499, 0], [499, 0], [499, 4], [500, 1], [540, 4], [541, 0], [541, 1], [581, 4], [582, 0], [582, 1], [622, 4], [623, 0], [623, 0], [623, 4], [624, 1], [664, 0], [664, 4], [665, 0], [665, 4], [666, 1], [706, 0], [706, 1], [746, 4], [747, 0], [747, 4], [748, 1], [788, 0], [788, 4], [789, 0], [789, 1], [829, 4], [830, 0], [830, 4], [831, 4]]",0
"7.7-88,198,240,41,58,135+1","[[951, 0], [951, 0], [951, 0], [951, 0]]",0
"7.7-88,198,240,41,58,135+17","[[674, 0]]",0
"7.7-88,198,240,41,58,135+18","[[788, 0], [788, 0], [788, 4], [789, 0], [789, 1], [829, 4], [830, 0], [830, 4], [831, 4], [832, 0], [832, 4], [833, 0], [833, 4], [834, 0], [834, 0], [834, 3], [833, 0], [833, 2], [793, 0], [793, 2], [753, 0], [753, 4], [754, 0], [754, 2], [714, 0], [714, 2], [674, 0], [674, 0], [674, 4], [675, 0], [675, 4], [676, 0], [676, 0], [676, 2], [636, 4], [637, 0], [637, 0], [637, 2], [597, 0], [597, 0], [597, 4], [598, 2], [558, 0], [558, 2], [518, 0], [518, 0], [518, 2], [478, 3], [477, 0], [477, 0], [477, 2], [437, 0], [437, 0], [437, 2], [397, 3], [396, 0], [396, 0], [396, 2], [356, 0], [356, 4], [357, 0], [357, 2], [317, 0], [317, 0], [317, 4], [318, 2], [278, 0], [278, 3], [277, 0], [277, 4]]",0
"7.7-88,198,240,41,58,135+19","[[278, 3], [277, 0], [277, 4], [278, 0], [278, 1], [318, 3], [317, 0], [317, 0], [317, 1], [357, 0], [357, 3], [356, 0], [356, 1], [396, 0], [396, 0], [396, 1], [436, 4], [437, 0], [437, 0], [437, 1], [477, 0], [477, 0], [477, 1], [517, 4], [518, 0], [518, 0], [518, 1], [558, 0], [558, 1], [598, 3], [597, 0], [597, 0], [597, 1], [637, 0], [637, 0], [637, 1], [677, 3], [676, 0], [676, 0], [676, 3], [675, 0], [675, 3], [674, 0], [674, 0], [674, 1], [714, 0], [714, 1], [754, 0], [754, 3], [753, 0], [753, 1], [793, 0], [793, 1], [833, 0], [833, 4], [834, 0], [834, 0], [834, 3], [833, 0], [833, 3], [832, 0], [832, 3], [831, 3], [830, 0], [830, 2], [790, 3], [789, 0], [789, 3]]",0
"7.7-88,198,240,41,58,135+20","[[788, 4], [789, 0], [789, 1], [829, 4], [830, 0], [830, 4], [831, 4], [832, 0], [832, 4], [833, 0], [833, 4], [834, 0], [834, 0], [834, 3], [833, 0], [833, 2], [793, 0], [793, 2], [753, 0], [753, 4], [754, 0], [754, 2], [714, 0], [714, 2], [674, 0], [674, 0], [674, 4], [675, 0], [675, 4], [676, 0], [676, 0], [676, 4], [677, 2], [637, 0], [637, 0], [637, 2], [597, 0], [597, 0], [597, 2], [557, 4], [558, 0], [558, 2], [518, 0], [518, 0], [518, 3], [517, 2], [477, 0], [477, 0], [477, 2], [437, 0], [437, 0], [437, 2], [397, 3], [396, 0], [396, 0], [396, 2], [356, 0], [356, 4], [357, 0], [357, 2], [317, 0], [317, 0], [317, 2], [277, 4], [278, 0], [278, 3], [277, 0], [277, 4]]",0
"7.7-88,198,240,41,58,135+21","[[278, 3], [277, 0], [277, 4], [278, 0], [278, 3], [277, 1], [317, 0], [317, 0], [317, 1], [357, 0], [357, 3], [356, 0], [356, 1], [396, 0], [396, 0], [396, 4], [397, 1], [437, 0], [437, 0], [437, 1], [477, 0], [477, 0], [477, 1], [517, 4], [518, 0], [518, 0], [518, 1], [558, 0], [558, 3], [557, 1], [597, 0], [597, 0], [597, 1], [637, 0], [637, 0], [637, 3], [636, 1], [676, 0], [676, 0], [676, 3], [675, 0], [675, 3], [674, 0], [674, 0], [674, 1], [714, 0], [714, 1], [754, 0], [754, 3], [753, 0], [753, 1], [793, 0], [793, 1], [833, 0], [833, 4], [834, 0], [834, 0], [834, 3], [833, 0], [833, 3], [832, 0], [832, 3], [831, 3], [830, 0], [830, 3], [829, 2], [789, 0], [789, 3]]",0
"7.7-88,198,240,41,58,135+23","[[914, 0], [914, 0], [914, 0], [914, 0], [914, 0], [914, 0], [914, 0], [914, 0], [914, 0], [914, 0], [914, 0], [914, 0], [914, 0], [914, 0], [914, 0], [914, 0], [914, 0], [914, 0], [914, 0], [914, 0], [914, 0], [914, 0], [914, 0], [914, 0]]",0
"7.7-88,198,240,41,58,135+28","[[623, 0], [623, 3], [622, 2], [582, 0], [582, 2], [542, 3], [541, 0], [541, 3], [540, 2], [500, 3], [499, 0], [499, 0], [499, 2], [459, 0], [459, 4], [460, 0], [460, 2]]",0
"7.7-164,201,57,9,43,253+2","[[874, 0], [874, 0], [874, 0], [874, 0], [874, 0], [874, 0], [874, 0], [874, 0], [874, 0], [874, 0], [874, 0]]",0
"7.7-164,201,57,9,43,253+4","[[874, 0], [874, 0]]",0
"7.7-164,201,57,9,43,253+7","[[879, 3], [878, 0], [878, 3], [877, 0], [877, 3], [876, 0], [876, 3], [875, 3], [874, 0], [874, 2], [834, 0], [834, 3], [833, 0], [833, 3], [832, 0], [832, 3], [831, 3], [830, 0], [830, 2], [790, 3], [789, 0], [789, 3]]",0
"7.7-164,201,57,9,43,253+10","[[623, 4], [624, 1], [664, 0], [664, 4], [665, 0], [665, 1], [705, 4], [706, 0], [706, 4], [707, 1], [747, 0], [747, 4], [748, 1]]",0
"7.7-164,201,57,9,43,253+12","[[874, 0], [874, 0], [874, 0], [874, 0], [874, 0], [874, 0], [874, 0], [874, 0], [874, 0], [874, 0], [874, 0], [874, 0], [874, 0], [874, 0], [874, 0], [874, 0], [874, 0], [874, 0], [874, 0], [874, 0], [874, 0], [874, 0], [874, 0], [874, 0], [874, 0], [874, 0], [874, 0], [874, 0], [874, 0], [874, 0], [874, 0], [874, 0], [874, 0], [874, 0], [874, 0], [874, 0], [874, 0], [874, 0], [874, 0], [874, 0], [874, 0], [874, 0], [874, 0], [874, 0], [874, 0], [874, 0], [874, 0], [874, 0], [874, 0], [874, 0], [874, 0], [874, 0], [874, 0], [874, 0], [874, 0], [874, 0], [874, 0], [874, 0], [874, 0], [874, 0], [874, 0], [874, 0], [874, 0], [874, 0], [874, 0], [874, 0], [874, 0], [874, 0], [874, 0], [874, 0], [874, 0], [874, 0], [874, 0], [874, 0], [874, 0], [874, 0], [874, 0], [874, 0], [874, 0], [874, 0], [874, 0], [874, 0], [874, 0], [874, 0], [874, 0], [874, 0], [874, 0], [874, 0], [874, 0], [874, 0], [874, 0], [874, 0], [874, 0], [874, 0], [874, 0]]",0
"7.7-164,204,185,229,56,107+1","[[988, 0], [988, 0], [988, 0], [988, 0], [988, 0], [988, 0], [988, 0], [988, 0], [988, 0], [988, 0], [988, 0], [988, 0], [988, 0], [988, 0], [988, 0], [988, 0], [988, 0], [988, 0], [988, 0], [988, 0], [988, 0], [988, 0], [988, 0], [988, 0], [988, 0]]",0
"7.7-164,204,185,229,56,107+2","[[623, 4], [624, 1], [664, 0], [664, 2], [624, 4], [625, 0], [625, 0], [625, 2], [585, 0], [585, 4], [586, 0], [586, 0], [586, 4], [587, 0], [587, 0]]",0
"7.7-164,204,185,229,56,107+3","[[587, 0], [587, 0], [587, 3], [586, 0], [586, 0], [586, 3], [585, 0], [585, 2], [545, 3], [544, 0], [544, 0], [544, 2], [504, 0], [504, 3], [503, 0], [503, 2], [463, 3], [462, 0], [462, 3], [461, 0], [461, 3], [460, 0], [460, 2]]",0
"7.7-164,204,185,229,56,107+4","[[420, 1], [460, 0], [460, 3], [459, 0], [459, 1], [499, 0], [499, 0], [499, 4], [500, 1], [540, 4], [541, 0], [541, 4], [542, 1], [582, 0], [582, 1], [622, 4], [623, 0], [623, 0], [623, 1], [663, 4], [664, 0], [664, 4], [665, 0], [665, 4], [666, 1], [706, 0], [706, 1], [746, 4], [747, 0], [747, 4], [748, 1], [788, 0], [788, 4], [789, 0], [789, 4], [790, 1], [830, 0], [830, 4], [831, 4], [832, 0], [832, 4], [833, 0], [833, 4], [834, 0], [834, 1], [874, 0], [874, 1], [914, 0], [914, 1], [954, 0], [954, 0], [954, 3], [953, 0], [953, 1], [993, 0], [993, 1], [1033, 0], [1033, 2], [993, 3], [992, 0], [992, 0], [992, 1], [1032, 0], [1032, 3], [1031, 0], [1031, 0], [1031, 1]]",0
"7.7-64,140,31,142,167,149+4","[[877, 2], [837, 0], [837, 0], [837, 2], [797, 0], [797, 3], [796, 2], [756, 0], [756, 0], [756, 4], [757, 2], [717, 0], [717, 0], [717, 2], [677, 0], [677, 2], [637, 0], [637, 0], [637, 2], [597, 0], [597, 0], [597, 2], [557, 4], [558, 0], [558, 2], [518, 0], [518, 0], [518, 2], [478, 3], [477, 0], [477, 0], [477, 2], [437, 0], [437, 0], [437, 2], [397, 3], [396, 0], [396, 0], [396, 2], [356, 0], [356, 4], [357, 0], [357, 2], [317, 0], [317, 0], [317, 4], [318, 2], [278, 0], [278, 3], [277, 0], [277, 4]]",0
"7.7-64,140,31,142,167,149+5","[[278, 3], [277, 0], [277, 4], [278, 0], [278, 1], [318, 3], [317, 0], [317, 0], [317, 1], [357, 0], [357, 3], [356, 0], [356, 1], [396, 0], [396, 0], [396, 1], [436, 4], [437, 0], [437, 0], [437, 1], [477, 0], [477, 0], [477, 1], [517, 4], [518, 0], [518, 0], [518, 1], [558, 0], [558, 3], [557, 1], [597, 0], [597, 0], [597, 1], [637, 0], [637, 0], [637, 1], [677, 0], [677, 1], [717, 0], [717, 0], [717, 3], [716, 1], [756, 0], [756, 0], [756, 1], [796, 4], [797, 0], [797, 1], [837, 0], [837, 0], [837, 1]]",0
"7.7-64,140,31,142,167,149+6","[[877, 3], [876, 0], [876, 3], [875, 3], [874, 0], [874, 2], [834, 0], [834, 3], [833, 0], [833, 3]]",0
"7.7-64,140,31,142,167,149+7","[[832, 4], [833, 0], [833, 4], [834, 0], [834, 1], [874, 0], [874, 4], [875, 4], [876, 0], [876, 4]]",0
"7.7-64,140,31,142,167,149+11","[[870, 0], [870, 0]]",0
"7.7-64,140,31,142,167,149+26","[[1071, 2], [1031, 0], [1031, 0], [1031, 4], [1032, 0], [1032, 2], [992, 0], [992, 0], [992, 1], [1032, 4], [1033, 0], [1033, 2], [993, 0], [993, 2], [953, 0], [953, 4], [954, 0], [954, 0], [954, 2], [914, 0], [914, 2], [874, 0], [874, 2], [834, 0], [834, 3], [833, 0], [833, 3], [832, 0], [832, 3], [831, 3], [830, 0], [830, 2], [790, 3], [789, 0], [789, 3]]",0
"7.8-32,50,51,210,96,61+3","[[750, 0], [750, 0]]",0
"7.8-32,50,51,210,96,61+5","[[832, 0], [832, 0], [832, 0], [832, 0], [832, 0], [832, 0], [832, 0], [832, 0], [832, 0], [832, 0], [832, 0], [832, 0], [832, 0], [832, 0], [832, 0]]",0
"7.8-48,74,38,133,29,213+2","[[869, 0], [869, 0], [869, 0], [869, 0], [869, 0], [869, 0], [869, 0], [869, 0], [869, 0], [869, 0], [869, 0], [869, 0], [869, 0], [869, 0], [869, 0], [869, 0], [869, 0], [869, 0], [869, 0], [869, 0], [869, 0], [869, 0], [869, 0], [869, 0], [869, 0], [869, 0], [869, 0], [869, 0], [869, 0], [869, 0], [869, 0], [869, 0], [869, 0], [869, 0], [869, 0], [869, 0], [869, 0], [869, 0], [869, 0]]",0
"7.8-48,74,38,133,29,213+3","[[587, 0], [587, 0], [587, 3], [586, 0], [586, 0], [586, 3], [585, 0], [585, 1], [625, 0], [625, 0], [625, 1], [665, 3], [664, 0], [664, 2], [624, 3]]",0
"7.8-48,74,38,133,29,213+4","[[623, 1], [663, 4], [664, 0], [664, 2], [624, 4], [625, 0], [625, 0], [625, 2], [585, 0], [585, 4], [586, 0], [586, 0], [586, 4], [587, 0], [587, 0]]",0
"7.8-48,74,38,155,214,98+1","[[832, 3], [831, 3], [830, 0], [830, 3], [829, 2], [789, 0], [789, 3]]",0
"7.8-48,74,38,155,214,98+3","[[826, 0]]",0
"7.8-48,74,38,155,214,98+5","[[908, 0]]",0
"7.8-48,74,38,155,214,98+7","[[908, 0], [908, 0], [908, 0], [908, 0], [908, 0], [908, 0], [908, 0], [908, 0], [908, 0], [908, 0], [908, 0], [908, 0], [908, 0], [908, 0], [908, 0], [908, 0], [908, 0], [908, 0], [908, 0], [908, 0], [908, 0], [908, 0]]",0
"7.8-48,74,38,155,214,98+10","[[867, 0], [867, 0], [867, 0], [867, 0], [867, 0], [867, 0], [867, 0], [867, 0], [867, 0], [867, 0], [867, 0], [867, 0], [867, 0], [867, 0], [867, 0], [867, 0], [867, 0], [867, 0], [867, 0], [867, 0], [867, 0], [867, 0], [867, 0], [867, 0], [867, 0], [867, 0], [867, 0], [867, 0], [867, 0], [867, 0], [867, 0], [867, 0], [867, 0], [867, 0], [867, 0], [867, 0]]",0
"7.8-48,74,38,155,214,98+12","[[867, 0], [867, 0], [867, 0], [867, 0], [867, 0], [867, 0], [867, 0], [867, 0], [867, 0], [867, 0], [867, 0], [867, 0], [867, 0], [867, 0], [867, 0], [867, 0], [867, 0], [867, 0], [867, 0], [867, 0], [867, 0]]",0
"7.8-48,74,38,155,214,98+15","[[867, 0], [867, 0], [867, 0], [867, 0], [867, 0]]",0
"7.8-20,178,229,137,47,142+3","[[947, 0], [947, 0], [947, 0], [947, 0], [947, 0], [947, 0], [947, 0], [947, 0], [947, 0], [947, 0], [947, 0], [947, 0], [947, 0], [947, 0], [947, 0], [947, 0], [947, 0], [947, 0], [947, 0], [947, 0], [947, 0], [947, 0], [947, 0], [947, 0], [947, 0], [947, 0], [947, 0], [947, 0], [947, 0], [947, 0], [947, 0], [947, 0], [947, 0], [947, 0], [947, 0]]",0
"7.8-20,178,229,137,47,142+4","[[788, 0], [788, 0], [788, 0], [788, 0]]",0
"7.8-64,140,31,52,191,11+2","[[876, 0], [876, 0], [876, 0], [876, 0], [876, 0], [876, 0]]",0
"7.8-64,140,31,52,191,11+3","[[833, 0], [833, 0], [833, 0], [833, 0], [833, 0], [833, 0], [833, 0], [833, 0], [833, 0], [833, 0], [833, 0], [833, 0], [833, 0], [833, 0], [833, 0], [833, 0], [833, 0], [833, 0], [833, 0], [833, 0], [833, 0], [833, 0], [833, 0]]",0
"7.8-184,55,101,29,72,107+1","[[788, 0], [788, 0], [788, 0], [788, 0], [788, 0], [788, 0], [788, 0], [788, 0], [788, 0], [788, 0], [788, 0], [788, 0], [788, 0], [788, 0], [788, 0], [788, 0], [788, 0], [788, 0], [788, 0], [788, 0], [788, 0], [788, 0], [788, 0], [788, 0], [788, 0], [788, 0], [788, 0], [788, 0], [788, 0], [788, 0], [788, 0], [788, 0], [788, 0], [788, 0], [788, 0], [788, 0], [788, 0], [788, 0], [788, 0], [788, 0], [788, 0], [788, 0], [788, 4], [789, 0], [789, 1], [829, 4], [830, 0], [830, 4], [831, 4]]",0
"7.8-184,55,101,29,72,107+2","[[832, 3], [831, 3], [830, 0], [830, 2], [790, 3], [789, 0], [789, 3]]",0
"7.8-184,55,101,29,72,107+3","[[788, 0], [788, 0], [788, 0], [788, 0], [788, 0], [788, 0], [788, 2], [748, 3], [747, 0], [747, 1], [787, 3], [786, 0], [786, 3], [785, 0], [785, 0], [785, 3], [784, 0], [784, 0], [784, 2], [744, 3]]",0
"7.8-184,55,101,29,72,107+4","[[743, 4], [744, 1], [784, 0], [784, 0], [784, 4], [785, 0], [785, 0], [785, 4], [786, 0], [786, 4], [787, 2], [747, 0], [747, 4], [748, 1], [788, 0], [788, 4], [789, 0], [789, 1], [829, 0], [829, 1], [869, 3], [868, 0], [868, 0], [868, 1], [908, 0], [908, 3], [907, 0], [907, 1], [947, 0], [947, 3], [946, 0], [946, 3], [945, 0], [945, 1]]",0
"7.8-184,55,101,29,72,107+5","[[985, 2], [945, 0], [945, 4], [946, 0], [946, 4], [947, 0], [947, 2], [907, 0], [907, 4], [908, 0], [908, 2], [868, 0], [868, 0], [868, 4], [869, 2], [829, 0], [829, 2], [789, 0], [789, 3]]",0
"7.8-184,55,101,29,72,107+6","[[788, 0], [788, 0], [788, 0], [788, 0], [788, 0], [788, 0], [788, 0], [788, 0], [788, 0], [788, 0], [788, 0], [788, 0], [788, 0], [788, 0], [788, 0], [788, 0], [788, 0], [788, 0], [788, 0], [788, 0], [788, 0], [788, 0], [788, 0], [788, 0], [788, 0], [788, 0], [788, 0], [788, 0], [788, 0], [788, 0], [788, 0], [788, 0], [788, 0], [788, 0], [788, 0], [788, 0], [788, 0], [788, 0], [788, 0], [788, 0], [788, 0], [788, 0], [788, 0], [788, 0], [788, 0], [788, 0], [788, 0], [788, 0], [788, 0], [788, 0], [788, 0], [788, 0], [788, 0], [788, 0], [788, 0], [788, 0], [788, 0], [788, 0], [788, 0], [788, 0], [788, 0], [788, 0], [788, 0], [788, 0], [788, 0], [788, 0], [788, 0], [788, 0], [788, 0], [788, 0], [788, 0], [788, 0], [788, 0], [788, 0], [788, 0], [788, 0], [788, 0], [788, 0], [788, 0], [788, 0], [788, 0], [788, 0], [788, 0], [788, 0], [788, 0], [788, 0], [788, 0], [788, 0], [788, 0], [788, 0], [788, 0], [788, 0], [788, 0]]",0
"7.8-4,207,140,11,128,186+5","[[504, 0], [504, 0], [504, 0], [504, 0], [504, 0], [504, 0], [504, 0], [504, 0], [504, 0], [504, 0], [504, 0], [504, 0], [504, 0], [504, 0], [504, 0], [504, 0], [504, 0], [504, 0], [504, 0], [504, 0], [504, 0], [504, 0], [504, 0], [504, 0], [504, 0], [504, 0], [504, 0], [504, 0], [504, 0], [504, 0], [504, 0], [504, 0], [504, 0], [504, 0], [504, 0], [504, 0], [504, 0], [504, 0], [504, 0], [504, 0], [504, 0], [504, 0], [504, 0], [504, 0], [504, 0], [504, 0], [504, 0]]",0
"7.8-4,207,140,11,128,186+7","[[504, 0], [504, 0], [504, 0]]",0
"7.8-4,207,140,11,128,186+12","[[541, 0], [541, 0], [541, 0], [541, 0], [541, 0], [541, 0], [541, 0], [541, 0], [541, 0], [541, 0], [541, 0], [541, 0], [541, 0], [541, 0], [541, 0], [541, 0], [541, 0], [541, 0], [541, 0], [541, 0], [541, 0], [541, 0], [541, 0], [541, 0], [541, 0], [541, 0], [541, 0], [541, 0], [541, 0], [541, 0], [541, 0], [541, 0], [541, 0], [541, 0], [541, 0], [541, 0], [541, 0], [541, 0], [541, 0], [541, 0], [541, 0], [541, 0], [541, 0], [541, 0], [541, 0], [541, 0]]",0
"7.8-92,102,108,72,204,105+3","[[665, 0], [665, 0], [665, 0], [665, 0], [665, 0], [665, 0], [665, 0], [665, 0], [665, 0], [665, 0], [665, 0], [665, 0], [665, 0], [665, 0], [665, 0], [665, 0], [665, 0], [665, 0], [665, 0], [665, 0], [665, 0], [665, 0], [665, 0], [665, 0], [665, 0], [665, 0], [665, 0], [665, 0], [665, 0], [665, 0], [665, 0], [665, 0], [665, 0], [665, 0], [665, 0], [665, 0], [665, 0], [665, 0]]",0
"7.8-156,95,90,12,124,73+2","[[749, 0], [749, 0], [749, 0], [749, 0], [749, 0], [749, 0], [749, 0], [749, 0], [749, 0], [749, 0], [749, 0], [749, 0], [749, 0], [749, 0], [749, 0], [749, 0], [749, 0], [749, 0], [749, 0], [749, 0], [749, 0], [749, 0], [749, 0], [749, 0], [749, 0]]",0
"7.8-156,95,90,12,124,73+5","[[709, 0], [709, 0], [709, 0], [709, 0], [709, 0], [709, 0], [709, 0], [709, 0], [709, 0]]",0
"7.8-204,129,42,183,42,73+22","[[788, 4], [789, 0], [789, 4], [790, 1], [830, 0], [830, 4], [831, 4]]",0
"7.8-204,129,42,183,42,73+23","[[832, 0], [832, 0], [832, 0], [832, 0], [832, 0], [832, 0], [832, 0], [832, 0], [832, 0], [832, 0], [832, 0], [832, 0], [832, 0], [832, 0], [832, 0]]",0
"7.8-88,198,240,41,58,135+1","[[951, 0], [951, 0], [951, 0], [951, 0], [951, 0], [951, 0], [951, 0], [951, 0], [951, 0], [951, 0], [951, 0], [951, 0], [951, 0], [951, 0], [951, 0], [951, 0], [951, 0], [951, 0], [951, 0], [951, 0], [951, 0], [951, 0], [951, 0], [951, 0], [951, 0], [951, 0], [951, 0], [951, 0], [951, 0], [951, 0], [951, 0], [951, 0], [951, 0], [951, 0], [951, 0], [951, 0], [951, 0], [951, 0], [951, 0], [951, 0], [951, 0], [951, 0]]",0
"7.8-88,198,240,41,58,135+3","[[951, 0]]",0
"7.8-88,198,240,41,58,135+6","[[985, 2], [945, 0], [945, 4], [946, 0], [946, 4], [947, 0], [947, 2], [907, 0], [907, 4], [908, 0], [908, 2], [868, 0], [868, 0], [868, 4], [869, 2], [829, 0], [829, 2], [789, 0], [789, 3], [788, 0], [788, 2], [748, 3], [747, 0], [747, 2], [707, 3], [706, 0], [706, 2], [666, 3], [665, 0], [665, 3], [664, 0], [664, 3], [663, 2], [623, 0], [623, 0], [623, 3], [622, 2], [582, 0], [582, 3], [581, 2], [541, 0], [541, 3], [540, 2], [500, 3], [499, 0], [499, 0], [499, 2], [459, 0], [459, 4], [460, 0], [460, 2]]",0
"7.8-88,198,240,41,58,135+9","[[587, 0], [587, 0], [587, 3], [586, 0], [586, 0], [586, 3], [585, 0], [585, 3], [584, 2], [544, 0], [544, 0], [544, 2], [504, 0], [504, 3], [503, 0], [503, 2], [463, 3], [462, 0], [462, 3], [461, 0], [461, 3], [460, 0], [460, 2]]",0
"7.8-88,198,240,41,58,135+11","[[664, 0], [664, 0], [664, 0]]",0
"7.8-208,151,254,40,222,169+4","[[460, 0], [460, 0], [460, 0], [460, 0], [460, 0], [460, 0], [460, 0], [460, 0], [460, 0], [460, 0], [460, 0], [460, 0], [460, 0], [460, 0], [460, 0], [460, 0], [460, 0], [460, 0], [460, 0], [460, 0], [460, 0], [460, 0], [460, 0], [460, 0], [460, 0], [460, 0], [460, 0], [460, 0], [460, 0], [460, 0], [460, 0], [460, 0], [460, 0], [460, 0], [460, 0], [460, 0], [460, 0], [460, 0], [460, 0], [460, 0], [460, 0], [460, 0], [460, 0]]",0
"7.8-208,151,254,40,222,169+9","[[743, 0], [743, 2], [703, 0], [703, 2], [663, 0], [663, 2]]",0
"7.8-208,151,254,40,222,169+10","[[623, 0], [623, 0], [623, 0], [623, 0], [623, 0], [623, 0], [623, 0], [623, 0], [623, 0], [623, 0], [623, 0], [623, 0], [623, 0], [623, 0], [623, 0], [623, 0], [623, 0], [623, 0], [623, 0], [623, 0], [623, 0], [623, 0], [623, 0], [623, 0], [623, 0], [623, 0], [623, 0], [623, 0], [623, 0], [623, 0], [623, 0], [623, 0], [623, 0], [623, 0], [623, 0], [623, 0], [623, 0], [623, 0], [623, 0], [623, 0], [623, 0], [623, 0], [623, 0], [623, 0], [623, 0], [623, 0]]",0
"7.8-164,201,57,9,43,253+2","[[874, 0], [874, 0], [874, 0], [874, 0], [874, 0], [874, 0], [874, 0], [874, 0], [874, 0], [874, 0], [874, 0], [874, 0], [874, 0], [874, 0], [874, 0], [874, 0], [874, 0], [874, 0], [874, 0], [874, 0]]",0
"7.8-164,201,57,9,43,253+3","[[832, 4], [833, 0], [833, 4], [834, 0], [834, 1], [874, 0], [874, 4], [875, 4], [876, 0], [876, 4]]",0
"7.8-164,201,57,9,43,253+5","[[558, 0], [558, 0], [558, 0]]",0
"7.8-164,201,57,9,43,253+6","[[877, 3], [876, 0], [876, 3], [875, 3], [874, 0], [874, 2], [834, 0], [834, 3], [833, 0], [833, 3], [832, 0], [832, 3], [831, 3], [830, 0], [830, 3], [829, 2], [789, 0], [789, 3]]",0
"7.8-164,201,57,9,43,253+7","[[788, 4], [789, 0], [789, 4], [790, 1], [830, 0], [830, 4], [831, 4], [832, 0], [832, 4], [833, 0], [833, 4], [834, 0], [834, 1], [874, 0], [874, 1], [914, 0], [914, 1], [954, 0], [954, 0], [954, 3], [953, 0], [953, 1], [993, 0], [993, 1], [1033, 0], [1033, 2], [993, 3], [992, 0], [992, 0], [992, 1], [1032, 0], [1032, 3], [1031, 0], [1031, 0], [1031, 1]]",0
"7.8-164,201,57,9,43,253+8","[[1071, 2], [1031, 0], [1031, 0], [1031, 4], [1032, 0], [1032, 2], [992, 0], [992, 0], [992, 1], [1032, 4], [1033, 0], [1033, 2], [993, 0], [993, 2], [953, 0], [953, 4], [954, 0], [954, 0], [954, 2], [914, 0], [914, 2], [874, 0], [874, 4], [875, 4], [876, 0], [876, 4]]",0
"7.8-164,201,57,9,43,253+9","[[877, 0], [877, 2], [837, 0], [837, 0], [837, 2], [797, 0], [797, 2], [757, 3], [756, 0], [756, 0], [756, 4], [757, 2], [717, 0], [717, 0], [717, 2], [677, 0], [677, 2], [637, 0], [637, 0], [637, 2], [597, 0], [597, 0], [597, 2], [557, 4], [558, 0], [558, 2], [518, 0], [518, 0], [518, 3], [517, 2], [477, 0], [477, 0], [477, 2], [437, 0], [437, 0], [437, 2], [397, 3], [396, 0], [396, 0], [396, 2], [356, 0], [356, 4], [357, 0], [357, 2], [317, 0], [317, 0], [317, 4], [318, 2], [278, 0], [278, 3], [277, 0], [277, 4]]",0
"7.8-164,201,57,9,43,253+10","[[278, 3], [277, 0], [277, 4], [278, 0], [278, 1], [318, 3], [317, 0], [317, 0], [317, 1], [357, 0], [357, 3], [356, 0], [356, 1], [396, 0], [396, 0], [396, 4], [397, 1], [437, 0], [437, 0], [437, 1], [477, 0], [477, 0], [477, 4], [478, 1], [518, 0], [518, 0], [518, 1], [558, 0], [558, 3], [557, 1], [597, 0], [597, 0], [597, 1], [637, 0], [637, 0], [637, 1], [677, 0], [677, 1], [717, 0], [717, 0], [717, 1], [757, 3], [756, 0], [756, 0], [756, 1], [796, 4], [797, 0], [797, 1], [837, 0], [837, 0], [837, 1]]",0
"7.8-164,201,57,9,43,253+11","[[877, 3], [876, 0], [876, 3], [875, 3], [874, 0], [874, 1], [914, 0], [914, 1], [954, 0], [954, 0], [954, 3], [953, 0], [953, 1], [993, 0], [993, 1], [1033, 0], [1033, 3], [1032, 2], [992, 0], [992, 0], [992, 1], [1032, 0], [1032, 3], [1031, 0], [1031, 0], [1031, 1]]",0
"7.8-164,201,57,9,43,253+12","[[1071, 2], [1031, 0], [1031, 0], [1031, 4], [1032, 0], [1032, 2], [992, 0], [992, 0], [992, 4], [993, 1], [1033, 0], [1033, 2], [993, 0], [993, 2], [953, 0], [953, 4], [954, 0], [954, 0], [954, 2], [914, 0], [914, 2], [874, 0], [874, 4], [875, 4], [876, 0], [876, 4]]",0
"7.8-164,201,57,9,43,253+13","[[877, 0], [877, 3], [876, 0], [876, 3], [875, 3], [874, 0], [874, 1], [914, 0], [914, 1], [954, 0], [954, 0], [954, 3], [953, 0], [953, 1], [993, 0], [993, 1], [1033, 0], [1033, 3], [1032, 2], [992, 0], [992, 0], [992, 1], [1032, 0], [1032, 3], [1031, 0], [1031, 0], [1031, 1]]",0
"7.8-164,201,57,9,43,253+17","[[874, 0], [874, 0], [874, 0], [874, 0], [874, 0], [874, 0], [874, 0]]",0
"7.8-164,201,57,9,43,253+18","[[879, 3], [878, 0], [878, 3], [877, 0], [877, 3], [876, 0], [876, 3], [875, 3], [874, 0], [874, 2], [834, 0], [834, 3], [833, 0], [833, 3], [832, 0], [832, 3], [831, 3], [830, 0], [830, 3], [829, 2], [789, 0], [789, 3]]",0
"7.8-164,201,57,9,43,253+21","[[278, 3], [277, 0], [277, 4], [278, 0], [278, 1], [318, 3], [317, 0], [317, 0], [317, 1], [357, 0], [357, 3], [356, 0], [356, 1], [396, 0], [396, 0], [396, 4], [397, 1], [437, 0], [437, 0], [437, 1], [477, 0], [477, 0], [477, 1], [517, 4], [518, 0], [518, 0], [518, 1], [558, 0], [558, 3], [557, 1], [597, 0], [597, 0], [597, 1], [637, 0], [637, 0], [637, 3], [636, 1], [676, 0], [676, 0], [676, 3], [675, 0], [675, 3], [674, 0], [674, 0], [674, 1], [714, 0], [714, 1], [754, 0], [754, 3], [753, 0], [753, 1], [793, 0], [793, 1], [833, 0], [833, 4], [834, 0], [834, 0], [834, 3], [833, 0], [833, 3]]",0
"7.8-124,218,195,126,234,181+2","[[877, 0], [877, 0], [877, 0], [877, 0], [877, 0], [877, 0], [877, 0], [877, 0], [877, 0], [877, 0], [877, 0], [877, 0], [877, 0], [877, 0], [877, 0], [877, 0], [877, 0], [877, 0], [877, 0], [877, 0], [877, 0], [877, 0], [877, 0], [877, 0], [877, 0], [877, 0], [877, 0], [877, 0], [877, 0], [877, 0], [877, 0], [877, 0], [877, 0], [877, 0], [877, 0], [877, 0], [877, 0], [877, 0], [877, 0], [877, 0], [877, 0], [877, 0], [877, 0], [877, 0], [877, 0], [877, 0], [877, 0], [877, 0], [877, 0], [877, 0], [877, 0], [877, 0], [877, 0], [877, 0], [877, 0], [877, 0], [877, 0], [877, 3], [876, 0], [876, 3], [875, 3], [874, 0], [874, 2], [834, 0], [834, 3], [833, 0], [833, 3]]",0
"7.8-124,218,195,126,234,181+3","[[832, 4], [833, 0], [833, 4], [834, 0], [834, 1], [874, 0], [874, 4], [875, 4], [876, 0], [876, 4], [877, 0], [877, 4], [878, 0], [878, 4]]",0
"7.8-164,125,159,153,152,106+8","[[625, 0], [625, 0], [625, 0], [625, 0], [625, 0], [625, 0], [625, 0], [625, 0], [625, 0], [625, 0], [625, 0], [625, 0], [625, 0], [625, 0], [625, 0]]",0
"7.8-184,148,54,32,44,55+2","[[876, 0], [876, 0], [876, 0], [876, 0], [876, 0], [876, 0], [876, 0], [876, 0], [876, 0], [876, 0], [876, 0], [876, 0], [876, 0], [876, 0], [876, 0], [876, 0], [876, 0], [876, 0], [876, 0], [876, 0], [876, 0], [876, 0], [876, 0], [876, 0], [876, 0], [876, 0], [876, 0], [876, 0], [876, 0], [876, 0], [876, 0], [876, 0], [876, 0], [876, 0], [876, 0], [876, 0], [876, 0], [876, 0], [876, 0], [876, 0], [876, 0], [876, 0], [876, 0], [876, 0], [876, 0], [876, 0], [876, 0], [876, 0], [876, 0], [876, 0], [876, 0], [876, 0]]",0
"7.8-128,214,5,75,8,213+8","[[832, 4], [833, 0], [833, 4], [834, 0], [834, 1], [874, 0], [874, 4], [875, 4], [876, 0], [876, 4]]",0
"7.8-128,214,5,75,8,213+9","[[877, 3], [876, 0], [876, 3], [875, 3], [874, 0], [874, 2], [834, 0], [834, 3], [833, 0], [833, 3]]",0
"7.8-128,214,5,75,8,213+10","[[832, 4], [833, 0], [833, 4], [834, 0], [834, 1], [874, 0], [874, 4], [875, 4], [876, 0], [876, 4]]",0
"7.8-128,214,5,75,8,213+11","[[877, 3], [876, 0], [876, 3], [875, 3], [874, 0], [874, 2], [834, 0], [834, 3], [833, 0], [833, 3]]",0
"7.8-128,214,5,75,8,213+12","[[832, 4], [833, 0], [833, 4], [834, 0], [834, 1], [874, 0], [874, 4], [875, 4], [876, 0], [876, 4], [877, 0], [877, 4], [878, 0], [878, 4]]",0
"7.8-128,214,5,75,8,213+13","[[879, 3], [878, 0], [878, 3], [877, 0], [877, 3], [876, 0], [876, 3], [875, 3], [874, 0], [874, 2], [834, 0], [834, 3], [833, 0], [833, 3]]",0
"7.8-128,214,5,75,8,213+14","[[832, 4], [833, 0], [833, 4], [834, 0], [834, 1], [874, 0], [874, 4], [875, 4], [876, 0], [876, 4]]",0
"7.8-128,214,5,75,8,213+15","[[877, 3], [876, 0], [876, 3], [875, 3], [874, 0], [874, 2], [834, 0], [834, 3], [833, 0], [833, 3]]",0
"7.8-128,214,5,75,8,213+16","[[832, 4], [833, 0], [833, 4], [834, 0], [834, 1], [874, 0], [874, 4], [875, 4], [876, 0], [876, 4], [877, 0], [877, 4], [878, 0], [878, 4]]",0
"7.8-128,214,5,75,8,213+17","[[879, 3], [878, 0], [878, 3]]",0
"7.8-128,214,5,75,8,213+18","[[877, 3], [876, 0], [876, 3], [875, 3], [874, 0], [874, 2], [834, 0], [834, 3], [833, 0], [833, 3]]",0
"7.8-128,214,5,75,8,213+28","[[874, 0], [874, 0], [874, 0], [874, 0], [874, 0], [874, 0], [874, 0], [874, 0], [874, 0], [874, 0], [874, 0], [874, 0], [874, 0], [874, 0], [874, 0], [874, 0], [874, 0]]",0
"7.8-128,214,5,75,8,213+29","[[788, 3], [787, 2], [747, 0], [747, 3], [746, 2], [706, 0], [706, 3], [705, 2], [665, 0], [665, 3], [664, 0], [664, 3], [663, 2]]",0
"7.8-248,45,124,72,127,16+7","[[504, 0], [504, 0], [504, 0], [504, 0], [504, 0], [504, 0], [504, 0], [504, 0], [504, 0], [504, 0], [504, 0], [504, 0], [504, 0], [504, 0], [504, 0], [504, 0], [504, 0], [504, 0], [504, 0], [504, 0], [504, 0], [504, 0], [504, 0], [504, 0], [504, 0], [504, 0], [504, 0], [504, 0], [504, 0], [504, 0], [504, 0], [504, 0], [504, 0], [504, 0], [504, 0], [504, 0]]",0
"7.8-248,45,124,72,127,16+12","[[664, 0], [664, 0], [664, 0], [664, 0], [664, 0], [664, 0], [664, 0], [664, 0], [664, 0], [664, 0], [664, 0], [664, 0]]",0
"7.8-248,45,124,72,127,16+13","[[623, 0], [623, 0], [623, 0], [623, 0], [623, 0], [623, 0], [623, 0], [623, 0], [623, 0], [623, 0], [623, 0], [623, 0], [623, 0], [623, 0], [623, 0], [623, 0], [623, 0], [623, 0], [623, 0], [623, 0], [623, 0], [623, 0], [623, 0], [623, 0], [623, 0], [623, 0], [623, 0], [623, 0], [623, 0], [623, 0], [623, 0], [623, 0], [623, 0], [623, 0], [623, 0], [623, 0], [623, 0], [623, 0], [623, 0], [623, 0], [623, 0], [623, 0], [623, 0], [623, 0], [623, 0], [623, 0], [623, 0], [623, 0], [623, 0], [623, 0], [623, 0], [623, 0], [623, 0], [623, 0], [623, 0], [623, 0], [623, 0], [623, 0], [623, 0], [623, 0], [623, 0], [623, 0], [623, 0], [623, 0], [623, 0], [623, 0], [623, 0], [623, 0], [623, 0], [623, 0], [623, 0], [623, 0], [623, 0], [623, 0], [623, 0], [623, 0], [623, 0], [623, 0], [623, 0], [623, 0], [623, 0], [623, 0]]",0
"7.8-20,94,105,93,76,199+1","[[832, 4], [833, 0], [833, 4], [834, 0], [834, 1], [874, 0], [874, 4], [875, 4], [876, 0], [876, 4]]",0
"7.8-20,94,105,93,76,199+2","[[877, 0], [877, 0], [877, 0], [877, 0], [877, 0], [877, 0], [877, 0], [877, 0], [877, 0], [877, 0], [877, 0], [877, 0], [877, 0], [877, 0], [877, 0], [877, 0], [877, 0], [877, 0], [877, 0], [877, 0], [877, 0], [877, 0], [877, 0], [877, 0], [877, 0], [877, 0], [877, 0], [877, 3], [876, 0], [876, 3], [875, 3], [874, 0], [874, 2], [834, 0], [834, 3], [833, 0], [833, 3], [832, 0], [832, 3], [831, 3], [830, 0], [830, 2], [790, 3], [789, 0], [789, 3]]",0
"7.8-20,94,105,93,76,199+3","[[788, 4], [789, 0], [789, 4], [790, 1], [830, 0], [830, 4], [831, 4], [832, 0], [832, 4], [833, 0], [833, 4], [834, 0], [834, 1], [874, 0], [874, 4], [875, 4], [876, 0], [876, 4]]",0
"7.8-20,94,105,93,76,199+4","[[877, 3], [876, 0], [876, 3], [875, 3], [874, 0], [874, 2], [834, 0], [834, 3], [833, 0], [833, 3], [832, 0], [832, 3], [831, 3], [830, 0], [830, 3], [829, 2], [789, 0], [789, 3]]",0
"7.8-20,94,105,93,76,199+5","[[788, 4], [789, 0], [789, 4], [790, 1], [830, 0], [830, 4], [831, 4], [832, 0], [832, 4], [833, 0], [833, 4], [834, 0], [834, 1], [874, 0], [874, 4], [875, 4], [876, 0], [876, 4]]",0
"7.8-164,204,185,229,56,107+1","[[948, 0], [948, 0], [948, 0], [948, 0], [948, 0], [948, 0], [948, 0], [948, 0], [948, 0], [948, 0], [948, 0], [948, 0], [948, 0], [948, 0], [948, 0]]",0
"7.8-164,204,185,229,56,107+4","[[1071, 3], [1070, 0], [1070, 1], [1110, 0], [1110, 3], [1109, 0], [1109, 3], [1108, 0], [1108, 1], [1148, 0], [1148, 3], [1147, 0], [1147, 0], [1147, 3], [1146, 0], [1146, 0], [1146, 0], [1146, 2], [1106, 0], [1106, 3], [1105, 0], [1105, 2], [1065, 0], [1065, 0], [1065, 2], [1025, 3], [1024, 0], [1024, 0], [1024, 2], [984, 0], [984, 4]]",0
"7.8-164,204,185,229,56,107+5","[[985, 2], [945, 0], [945, 4], [946, 0], [946, 4], [947, 0], [947, 2], [907, 0], [907, 4], [908, 0], [908, 2], [868, 0], [868, 0], [868, 2], [828, 4], [829, 0], [829, 2], [789, 0], [789, 3], [788, 0], [788, 3], [787, 2], [747, 0], [747, 3], [746, 2], [706, 0], [706, 3], [705, 2], [665, 0], [665, 3], [664, 0], [664, 3], [663, 2], [623, 0], [623, 0], [623, 2], [583, 3], [582, 0], [582, 2], [542, 3], [541, 0], [541, 3], [540, 3], [539, 2], [499, 0]]",0
"7.8-164,204,185,229,56,107+6","[[499, 0], [499, 4], [500, 1], [540, 4], [541, 0], [541, 1], [581, 4], [582, 0], [582, 4], [583, 1], [623, 0], [623, 0], [623, 4], [624, 1], [664, 0], [664, 4], [665, 0], [665, 4], [666, 1], [706, 0], [706, 1], [746, 4], [747, 0], [747, 4], [748, 1], [788, 0], [788, 4], [789, 0], [789, 1], [829, 0], [829, 1], [869, 3], [868, 0], [868, 0], [868, 1], [908, 0], [908, 3], [907, 0], [907, 1], [947, 0], [947, 3], [946, 0], [946, 3], [945, 0], [945, 1]]",0
"7.8-112,58,81,118,159,27+2","[[876, 0], [876, 0], [876, 0], [876, 0], [876, 0], [876, 0], [876, 0], [876, 0], [876, 0], [876, 0], [876, 0], [876, 0], [876, 0], [876, 0], [876, 0], [876, 0], [876, 0], [876, 0], [876, 0], [876, 0], [876, 0], [876, 0], [876, 0], [876, 0], [876, 0], [876, 0], [876, 0], [876, 0], [876, 0], [876, 0], [876, 0], [876, 0], [876, 0], [876, 0], [876, 0], [876, 0], [876, 0], [876, 0], [876, 0], [876, 0], [876, 0], [876, 0], [876, 0], [876, 0], [876, 0], [876, 0], [876, 0], [876, 0], [876, 0], [876, 0], [876, 0], [876, 0], [876, 0], [876, 0], [876, 0], [876, 0], [876, 0], [876, 0], [876, 0], [876, 0], [876, 0], [876, 0], [876, 0], [876, 0], [876, 0], [876, 0], [876, 0], [876, 0], [876, 0], [876, 0], [876, 0], [876, 0], [876, 0], [876, 0], [876, 0], [876, 0], [876, 0], [876, 0], [876, 0], [876, 0], [876, 0], [876, 0], [876, 0], [876, 0], [876, 0], [876, 0], [876, 0], [876, 0], [876, 0], [876, 0], [876, 0], [876, 0], [876, 0], [876, 0], [876, 0], [876, 0], [876, 0], [876, 0], [876, 0], [876, 0], [876, 0], [876, 0], [876, 0], [876, 0], [876, 0], [876, 0], [876, 0], [876, 0], [876, 0]]",0
"7.9-48,74,38,155,214,98+1","[[832, 3], [831, 3], [830, 0], [830, 3], [829, 2], [789, 0], [789, 3]]",0
"7.9-48,74,38,155,214,98+10","[[625, 0], [625, 0]]",0
"7.9-48,74,38,155,214,98+11","[[747, 0], [747, 0]]",0
"7.9-48,74,38,155,214,98+12","[[788, 0], [788, 0], [788, 0], [788, 0], [788, 0], [788, 0], [788, 0]]",0
"7.9-48,74,38,155,214,98+21","[[664, 0], [664, 0], [664, 0]]",0
"7.9-48,74,38,155,214,98+24","[[664, 0], [664, 0], [664, 0], [664, 0]]",0
"7.9-48,74,38,155,214,98+27","[[789, 0], [789, 0], [789, 0], [789, 0], [789, 0], [789, 0], [789, 0], [789, 0], [789, 0], [789, 0], [789, 0], [789, 0], [789, 0], [789, 0], [789, 0], [789, 0], [789, 0], [789, 0], [789, 0], [789, 0], [789, 0], [789, 0], [789, 0], [789, 0], [789, 0], [789, 0], [789, 0], [789, 0], [789, 0], [789, 0], [789, 0], [789, 0], [789, 0], [789, 0], [789, 0], [789, 0], [789, 0], [789, 0], [789, 0], [789, 0], [789, 0], [789, 0], [789, 0], [789, 0], [789, 0], [789, 0]]",0
"7.9-32,50,51,210,96,61+2","[[750, 0], [750, 0], [750, 0], [750, 0], [750, 0], [750, 0], [750, 0], [750, 0], [750, 0], [750, 0], [750, 0], [750, 0], [750, 0], [750, 0], [750, 0], [750, 0], [750, 0], [750, 0], [750, 0], [750, 0], [750, 0], [750, 0], [750, 0], [750, 0], [750, 0], [750, 0], [750, 0], [750, 0], [750, 0], [750, 0], [750, 0], [750, 0], [750, 0], [750, 0], [750, 0], [750, 0], [750, 0], [750, 0], [750, 0], [750, 0], [750, 0], [750, 0], [750, 0], [750, 0], [750, 0], [750, 0], [750, 0], [750, 0], [750, 0], [750, 0], [750, 0], [750, 0], [750, 0], [750, 0], [750, 0], [750, 0], [750, 0], [750, 0], [750, 0], [750, 0], [750, 0], [750, 0], [750, 0], [750, 0], [750, 0], [750, 0], [750, 0], [750, 0], [750, 0], [750, 0], [750, 0], [750, 0], [750, 0], [750, 0], [750, 0], [750, 0], [750, 0], [750, 0], [750, 0], [750, 0], [750, 0], [750, 0], [750, 0], [750, 0], [750, 0], [750, 0], [750, 0], [750, 0], [750, 0], [750, 0], [750, 0], [750, 0], [750, 0], [750, 0], [750, 0], [750, 0], [750, 0], [750, 0], [750, 0], [750, 0], [750, 0], [750, 0], [750, 0], [750, 0]]",0
"7.9-32,50,51,210,96,61+5","[[625, 0], [625, 0], [625, 0], [625, 0], [625, 0], [625, 0]]",0
"7.9-32,50,51,210,96,61+7","[[625, 0], [625, 0], [625, 0], [625, 0], [625, 0], [625, 0], [625, 0], [625, 0], [625, 0]]",0
"7.9-48,74,38,133,29,213+3","[[750, 0], [750, 0], [750, 0], [750, 0], [750, 0], [750, 0], [750, 0], [750, 0], [750, 0], [750, 0], [750, 0], [750, 0], [750, 0], [750, 0], [750, 0], [750, 0], [750, 0], [750, 0], [750, 0], [750, 0], [750, 0], [750, 0], [750, 0], [750, 0]]",0
"7.9-48,74,38,133,29,213+6","[[747, 0], [747, 0], [747, 0], [747, 0], [747, 0], [747, 0]]",0
"7.9-48,74,38,133,29,213+9","[[750, 0], [750, 0], [750, 0], [750, 0], [750, 0], [750, 0], [750, 0], [750, 0], [750, 0], [750, 0], [750, 0], [750, 0], [750, 0], [750, 0], [750, 0], [750, 0], [750, 0], [750, 0], [750, 0], [750, 0], [750, 0], [750, 0], [750, 0], [750, 0], [750, 0], [750, 0], [750, 0], [750, 0], [750, 0], [750, 0], [750, 0], [750, 0], [750, 0], [750, 0], [750, 0], [750, 0], [750, 0], [750, 0], [750, 0], [750, 0]]",0
"7.9-92,102,108,72,204,105+18","[[750, 0], [750, 0], [750, 0], [750, 0], [750, 0]]",0
"7.9-156,95,90,12,124,73+2","[[664, 0]]",0
"7.9-156,95,90,12,124,73+4","[[664, 0], [664, 0], [664, 0], [664, 0]]",0
"7.9-156,95,90,12,124,73+5","[[747, 0]]",0
"7.9-156,95,90,12,124,73+6","[[750, 0], [750, 0], [750, 0], [750, 0], [750, 0], [750, 0], [750, 0], [750, 0], [750, 0], [750, 0], [750, 0], [750, 0], [750, 0]]",0
"7.9-156,95,90,12,124,73+9","[[587, 4], [588, 1], [628, 0], [628, 0], [628, 4], [629, 1], [669, 0], [669, 0], [669, 1], [709, 0], [709, 1], [749, 0], [749, 0], [749, 1], [789, 3], [788, 0], [788, 4], [789, 0], [789, 1], [829, 4], [830, 0], [830, 4], [831, 4]]",0
"7.9-112,138,9,131,175,199+1","[[541, 0], [541, 0], [541, 0], [541, 0], [541, 0], [541, 0], [541, 0], [541, 0], [541, 0], [541, 0], [541, 0], [541, 0], [541, 0], [541, 0], [541, 0], [541, 0], [541, 0], [541, 0], [541, 0], [541, 0], [541, 0], [541, 0], [541, 0], [541, 0], [541, 0], [541, 0], [541, 0], [541, 0], [541, 0], [541, 0]]",0
"7.9-20,178,229,137,47,142+3","[[825, 0], [825, 0], [825, 0], [825, 0], [825, 0], [825, 0], [825, 0], [825, 0], [825, 0], [825, 0], [825, 0], [825, 0], [825, 0], [825, 0], [825, 0], [825, 0], [825, 0], [825, 0], [825, 0], [825, 0], [825, 0], [825, 0], [825, 0], [825, 0], [825, 0], [825, 0], [825, 0], [825, 0], [825, 0], [825, 0], [825, 0], [825, 0], [825, 0], [825, 0], [825, 0], [825, 0], [825, 0], [825, 0], [825, 0], [825, 0], [825, 0], [825, 0], [825, 0], [825, 0], [825, 0], [825, 0], [825, 0], [825, 0], [825, 0], [825, 0], [825, 0], [825, 0], [825, 0], [825, 0], [825, 0], [825, 0], [825, 0], [825, 0], [825, 0]]",0
"7.9-220,240,144,185,104,48+5","[[989, 0], [989, 0], [989, 0], [989, 0], [989, 0], [989, 0], [989, 0], [989, 0], [989, 0], [989, 0], [989, 0], [989, 0], [989, 0], [989, 0], [989, 0], [989, 0], [989, 0], [989, 0], [989, 0], [989, 0], [989, 0], [989, 0], [989, 0]]",0
"7.9-220,240,144,185,104,48+8","[[948, 0], [948, 0], [948, 0], [948, 0], [948, 0], [948, 0], [948, 0], [948, 0], [948, 0], [948, 0], [948, 0], [948, 0], [948, 0], [948, 0], [948, 0], [948, 0], [948, 0], [948, 0], [948, 0]]",0
"7.9-220,240,144,185,104,48+9","[[832, 3], [831, 3], [830, 0], [830, 2], [790, 3], [789, 0], [789, 1], [829, 0], [829, 3], [828, 1], [868, 0], [868, 0], [868, 1], [908, 0], [908, 3], [907, 0], [907, 1], [947, 0], [947, 3], [946, 0], [946, 3], [945, 0], [945, 1], [985, 0], [985, 3], [984, 0], [984, 1], [1024, 0], [1024, 0], [1024, 4], [1025, 1], [1065, 0], [1065, 0], [1065, 1]]",0
"7.9-220,240,144,185,104,48+11","[[948, 0]]",0
"7.9-220,240,144,185,104,48+13","[[948, 0], [948, 0], [948, 0], [948, 0], [948, 0], [948, 0], [948, 0], [948, 0]]",0
"7.9-164,204,185,229,56,107+1","[[988, 0], [988, 0], [988, 0], [988, 0], [988, 0], [988, 0], [988, 0], [988, 0], [988, 0], [988, 0], [988, 0], [988, 0], [988, 0], [988, 0], [988, 0], [988, 0], [988, 0]]",0
"7.9-164,204,185,229,56,107+2","[[1105, 4], [1106, 0], [1106, 1], [1146, 0], [1146, 0], [1146, 0], [1146, 4], [1147, 0], [1147, 0], [1147, 4], [1148, 0], [1148, 2], [1108, 0], [1108, 4], [1109, 0], [1109, 4], [1110, 0], [1110, 2], [1070, 0], [1070, 4]]",0
"7.9-164,204,185,229,56,107+3","[[1071, 3], [1070, 0], [1070, 1], [1110, 0], [1110, 3], [1109, 0], [1109, 3], [1108, 0], [1108, 1], [1148, 0], [1148, 3], [1147, 0], [1147, 0], [1147, 3], [1146, 0], [1146, 0], [1146, 0], [1146, 2], [1106, 0], [1106, 3]]",0
"7.9-164,204,185,229,56,107+4","[[1105, 4], [1106, 0], [1106, 1], [1146, 0], [1146, 0], [1146, 0], [1146, 4], [1147, 0], [1147, 0], [1147, 4], [1148, 0], [1148, 2], [1108, 0], [1108, 4], [1109, 0], [1109, 4], [1110, 0], [1110, 2], [1070, 0], [1070, 4]]",0
"7.9-164,204,185,229,56,107+5","[[1071, 2], [1031, 0], [1031, 0], [1031, 4], [1032, 0], [1032, 2], [992, 0], [992, 0], [992, 4], [993, 1], [1033, 0], [1033, 2], [993, 0], [993, 2], [953, 0], [953, 4], [954, 0], [954, 0], [954, 2], [914, 0], [914, 2], [874, 0], [874, 2], [834, 0], [834, 3], [833, 0], [833, 3], [832, 0], [832, 3], [831, 3], [830, 0], [830, 2], [790, 3], [789, 0], [789, 3]]",0
"7.9-164,204,185,229,56,107+6","[[788, 2], [748, 3], [747, 0], [747, 2], [707, 3], [706, 0], [706, 2], [666, 3], [665, 0], [665, 3], [664, 0], [664, 2], [624, 3], [623, 0], [623, 0], [623, 3], [622, 2], [582, 0], [582, 2], [542, 3], [541, 0], [541, 3], [540, 3], [539, 2], [499, 0], [499, 0], [499, 2], [459, 0], [459, 4], [460, 0], [460, 2]]",0
"7.9-8,74,207,99,147,223+1","[[706, 0], [706, 0], [706, 0]]",0
"7.9-8,74,207,99,147,223+8","[[793, 0], [793, 0]]",0
"7.9-8,74,207,99,147,223+10","[[793, 0], [793, 0], [793, 0], [793, 0], [793, 0], [793, 0], [793, 0], [793, 0], [793, 0], [793, 0], [793, 0], [793, 0], [793, 0], [793, 0], [793, 0], [793, 0], [793, 0], [793, 0], [793, 0], [793, 0], [793, 0], [793, 0], [793, 0], [793, 0], [793, 0], [793, 0], [793, 0], [793, 0], [793, 0], [793, 0], [793, 0]]",0
"7.9-8,74,207,99,147,223+12","[[793, 0], [793, 0], [793, 0], [793, 0], [793, 0], [793, 0], [793, 0]]",0
"7.9-64,140,31,52,191,11+5","[[832, 0], [832, 0], [832, 0], [832, 0], [832, 0], [832, 0], [832, 0], [832, 0], [832, 0], [832, 0]]",0
"7.9-64,140,31,52,191,11+6","[[876, 0], [876, 0], [876, 0], [876, 0], [876, 0], [876, 0], [876, 0], [876, 0], [876, 0], [876, 0], [876, 0], [876, 0], [876, 0], [876, 0], [876, 0], [876, 0], [876, 0], [876, 0], [876, 0], [876, 0], [876, 0], [876, 0], [876, 0], [876, 0], [876, 0], [876, 0], [876, 0], [876, 0], [876, 0], [876, 0], [876, 0], [876, 0], [876, 0]]",0
"7.9-64,140,31,52,191,11+12","[[876, 0], [876, 0]]",0
"7.9-64,140,31,52,191,11+13","[[788, 4], [789, 0], [789, 1], [829, 4], [830, 0], [830, 4], [831, 4], [832, 0], [832, 4], [833, 0], [833, 4], [834, 0], [834, 1], [874, 0], [874, 4], [875, 4], [876, 0], [876, 4]]",0
"7.9-64,140,31,52,191,11+15","[[876, 0], [876, 0], [876, 0], [876, 0], [876, 0], [876, 0]]",0
"7.9-60,134,209,115,214,231+1","[[832, 0], [832, 0], [832, 0], [832, 0], [832, 0], [832, 0], [832, 0], [832, 0], [832, 0], [832, 0], [832, 0], [832, 0], [832, 0], [832, 0], [832, 0], [832, 0], [832, 0], [832, 0], [832, 0], [832, 0], [832, 0], [832, 4], [833, 0], [833, 4], [834, 0], [834, 1], [874, 0], [874, 4], [875, 4], [876, 0], [876, 4]]",0
"7.9-60,134,209,115,214,231+2","[[877, 3], [876, 0], [876, 3], [875, 3], [874, 0], [874, 2], [834, 0], [834, 3], [833, 0], [833, 3]]",0
"7.9-60,134,209,115,214,231+3","[[832, 4], [833, 0], [833, 4], [834, 0], [834, 1], [874, 0], [874, 4], [875, 4], [876, 0], [876, 4]]",0
"7.9-60,134,209,115,214,231+4","[[877, 3], [876, 0], [876, 3], [875, 3], [874, 0], [874, 2], [834, 0], [834, 3], [833, 0], [833, 3]]",0
"7.9-60,134,209,115,214,231+5","[[832, 4], [833, 0], [833, 4], [834, 0], [834, 1], [874, 0], [874, 4], [875, 4], [876, 0], [876, 4]]",0
"7.9-60,134,209,115,214,231+6","[[877, 3], [876, 0], [876, 3], [875, 3], [874, 0], [874, 2], [834, 0], [834, 3], [833, 0], [833, 3]]",0
"7.9-60,134,209,115,214,231+7","[[832, 0], [832, 0], [832, 0], [832, 0], [832, 0], [832, 0], [832, 0], [832, 0], [832, 4], [833, 0], [833, 4], [834, 0], [834, 1], [874, 0], [874, 4], [875, 4], [876, 0], [876, 4]]",0
"7.9-60,134,209,115,214,231+8","[[877, 3], [876, 0], [876, 3], [875, 3], [874, 0], [874, 2], [834, 0], [834, 3], [833, 0], [833, 3]]",0
"7.9-60,134,209,115,214,231+12","[[597, 0], [597, 0], [597, 0], [597, 0], [597, 0]]",0
"7.9-60,134,209,115,214,231+15","[[788, 4], [789, 0], [789, 4], [790, 1], [830, 0], [830, 4], [831, 4], [832, 0], [832, 4], [833, 0], [833, 4], [834, 0], [834, 1], [874, 0], [874, 1], [914, 0], [914, 1], [954, 0], [954, 0], [954, 3], [953, 0], [953, 1], [993, 0], [993, 1], [1033, 0], [1033, 3], [1032, 2], [992, 0], [992, 0], [992, 1], [1032, 0], [1032, 3], [1031, 0], [1031, 0], [1031, 1]]",0
"7.9-60,134,209,115,214,231+18","[[788, 4], [789, 0], [789, 4], [790, 1], [830, 0], [830, 4], [831, 4], [832, 0], [832, 4], [833, 0], [833, 4], [834, 0], [834, 1], [874, 0], [874, 1], [914, 0], [914, 1], [954, 0], [954, 0], [954, 3], [953, 0], [953, 1], [993, 0], [993, 1], [1033, 0], [1033, 2], [993, 3], [992, 0], [992, 0], [992, 1], [1032, 0], [1032, 3], [1031, 0], [1031, 0], [1031, 1]]",0
"7.9-60,134,209,115,214,231+21","[[1071, 2], [1031, 0], [1031, 0], [1031, 4], [1032, 0], [1032, 2], [992, 0], [992, 0], [992, 1], [1032, 4], [1033, 0], [1033, 2], [993, 0], [993, 2], [953, 0], [953, 4], [954, 0], [954, 0], [954, 2], [914, 0], [914, 2], [874, 0], [874, 2], [834, 0], [834, 3], [833, 0], [833, 3], [832, 0], [832, 3], [831, 3], [830, 0], [830, 3], [829, 2], [789, 0], [789, 3]]",0
"7.9-60,134,209,115,214,231+22","[[788, 3], [787, 2], [747, 0], [747, 3], [746, 2], [706, 0], [706, 3], [705, 2], [665, 0], [665, 3], [664, 0], [664, 2], [624, 3], [623, 0], [623, 0], [623, 3], [622, 2], [582, 0], [582, 2], [542, 3], [541, 0], [541, 3], [540, 2], [500, 3], [499, 0], [499, 0], [499, 2], [459, 0], [459, 4], [460, 0], [460, 2]]",0
"7.9-60,134,209,115,214,231+25","[[788, 3], [787, 2], [747, 0], [747, 3], [746, 2], [706, 0], [706, 3], [705, 2], [665, 0], [665, 3], [664, 0], [664, 2], [624, 3], [623, 0], [623, 0], [623, 3], [622, 2], [582, 0], [582, 2], [542, 3], [541, 0], [541, 3], [540, 3], [539, 2], [499, 0], [499, 0], [499, 2], [459, 0], [459, 4], [460, 0], [460, 2]]",0
"7.9-60,134,209,115,214,231+26","[[420, 1], [460, 0], [460, 3], [459, 0], [459, 1]]",0
"7.9-60,134,209,115,214,231+29","[[1071, 2], [1031, 0], [1031, 0], [1031, 4], [1032, 0], [1032, 2], [992, 0], [992, 0], [992, 4], [993, 1], [1033, 0], [1033, 2], [993, 0], [993, 2], [953, 0], [953, 4], [954, 0], [954, 0], [954, 2], [914, 0], [914, 2], [874, 0], [874, 2], [834, 0], [834, 3], [833, 0], [833, 3], [832, 0], [832, 3], [831, 3], [830, 0], [830, 2], [790, 3], [789, 0], [789, 3]]",0
"7.9-60,134,209,115,214,231+30","[[788, 3], [787, 2], [747, 0], [747, 3], [746, 2], [706, 0], [706, 2], [666, 3], [665, 0], [665, 3], [664, 0], [664, 2], [624, 3], [623, 0], [623, 0], [623, 3], [622, 2], [582, 0], [582, 2], [542, 3], [541, 0], [541, 3], [540, 3], [539, 2], [499, 0], [499, 0], [499, 2], [459, 0], [459, 4], [460, 0], [460, 2]]",0
"7.9-60,134,209,115,214,231+33","[[420, 1], [460, 0], [460, 3], [459, 0], [459, 1], [499, 0], [499, 0], [499, 4], [500, 1], [540, 4], [541, 0], [541, 1], [581, 4], [582, 0], [582, 4], [583, 1], [623, 0], [623, 0], [623, 1], [663, 0], [663, 1], [703, 0], [703, 1], [743, 0]]",0
"7.9-60,134,209,115,214,231+34","[[743, 0], [743, 2], [703, 0], [703, 2], [663, 0], [663, 2], [623, 0], [623, 0], [623, 3], [622, 2], [582, 0], [582, 3], [581, 2], [541, 0], [541, 3], [540, 2], [500, 3], [499, 0], [499, 0], [499, 2], [459, 0], [459, 4], [460, 0], [460, 2]]",0
"7.9-60,134,209,115,214,231+35","[[420, 1], [460, 0], [460, 3], [459, 0], [459, 1], [499, 0], [499, 0], [499, 4], [500, 4], [501, 1], [541, 0], [541, 4], [542, 1], [582, 0], [582, 1], [622, 4], [623, 0], [623, 0], [623, 1], [663, 0], [663, 1], [703, 0], [703, 1], [743, 0]]",0
"7.9-60,134,209,115,214,231+36","[[743, 1], [783, 4], [784, 0], [784, 0], [784, 4], [785, 0], [785, 0], [785, 4], [786, 0], [786, 2], [746, 4], [747, 0], [747, 4], [748, 1], [788, 0], [788, 4], [789, 0], [789, 4], [790, 1], [830, 0], [830, 4], [831, 4], [832, 0], [832, 4], [833, 0], [833, 4], [834, 0], [834, 0], [834, 3], [833, 0], [833, 2], [793, 0], [793, 2], [753, 0], [753, 4], [754, 0], [754, 2], [714, 0], [714, 2], [674, 0], [674, 0], [674, 4], [675, 0], [675, 4], [676, 0], [676, 0], [676, 2], [636, 4], [637, 0], [637, 0], [637, 2], [597, 0], [597, 0], [597, 4], [598, 2], [558, 0], [558, 2], [518, 0], [518, 0], [518, 2], [478, 3], [477, 0], [477, 0], [477, 2], [437, 0], [437, 0], [437, 3], [436, 2], [396, 0], [396, 0], [396, 2], [356, 0], [356, 4], [357, 0], [357, 2], [317, 0], [317, 0], [317, 4], [318, 2], [278, 0], [278, 3], [277, 0], [277, 4]]",0
"7.9-248,45,124,72,127,16+4","[[665, 0], [665, 0], [665, 0], [665, 0], [665, 0], [665, 0], [665, 0], [665, 0], [665, 0], [665, 0], [665, 0], [665, 0], [665, 0], [665, 0], [665, 0]]",0
"7.9-248,45,124,72,127,16+11","[[664, 0], [664, 0], [664, 0], [664, 0], [664, 0], [664, 0], [664, 0], [664, 0], [664, 0], [664, 0]]",0
"7.9-248,45,124,72,127,16+16","[[788, 2], [748, 4], [749, 0], [749, 0], [749, 2], [709, 0], [709, 2], [669, 0], [669, 0], [669, 3], [668, 2], [628, 0], [628, 0], [628, 2], [588, 3]]",0
"7.9-248,45,124,72,127,16+19","[[743, 0], [743, 2], [703, 0], [703, 2], [663, 0], [663, 2], [623, 0], [623, 4], [624, 1], [664, 0], [664, 4], [665, 2], [625, 0], [625, 0], [625, 2], [585, 0], [585, 4], [586, 0], [586, 0], [586, 4], [587, 0], [587, 0]]",0
"7.9-248,45,124,72,127,16+20","[[587, 0], [587, 0], [587, 3], [586, 0], [586, 0], [586, 3], [585, 0], [585, 1], [625, 0], [625, 0], [625, 1], [665, 3], [664, 0], [664, 2], [624, 3], [623, 0], [623, 1], [663, 0], [663, 1], [703, 0], [703, 1], [743, 0]]",0
"7.9-248,45,124,72,127,16+21","[[743, 0], [743, 0], [743, 0], [743, 0], [743, 0], [743, 0], [743, 0], [743, 0], [743, 0], [743, 0], [743, 0], [743, 0], [743, 0], [743, 0], [743, 0], [743, 0], [743, 0], [743, 0], [743, 0], [743, 0], [743, 0], [743, 0], [743, 0], [743, 0], [743, 0], [743, 0], [743, 0], [743, 0], [743, 0], [743, 0], [743, 0], [743, 0], [743, 0], [743, 0], [743, 0], [743, 0], [743, 0], [743, 0], [743, 0], [743, 0], [743, 0], [743, 0], [743, 0], [743, 0], [743, 0], [743, 0], [743, 0], [743, 0], [743, 0], [743, 0], [743, 0], [743, 0], [743, 0], [743, 0], [743, 0], [743, 0], [743, 0], [743, 0], [743, 0], [743, 0], [743, 0], [743, 0], [743, 0], [743, 0], [743, 0], [743, 0], [743, 0], [743, 2], [703, 0], [703, 2], [663, 0], [663, 2], [623, 0], [623, 0], [623, 2], [583, 3], [582, 0], [582, 3], [581, 2], [541, 0], [541, 3], [540, 2], [500, 3], [499, 0]]",0
"7.9-248,45,124,72,127,16+22","[[499, 2], [459, 0], [459, 4], [460, 0], [460, 4], [461, 0], [461, 4], [462, 0], [462, 4], [463, 1], [503, 0], [503, 4], [504, 0], [504, 1], [544, 0], [544, 0], [544, 1], [584, 4], [585, 0], [585, 4], [586, 0], [586, 0], [586, 4], [587, 0], [587, 0]]",0
"7.9-4,207,140,11,128,186+2","[[541, 0], [541, 0], [541, 0], [541, 0], [541, 0], [541, 0], [541, 0], [541, 0], [541, 0], [541, 0], [541, 0], [541, 0], [541, 0], [541, 0], [541, 0], [541, 0], [541, 0], [541, 0], [541, 0], [541, 0], [541, 0], [541, 0], [541, 0], [541, 0], [541, 0], [541, 0], [541, 0], [541, 0], [541, 0], [541, 0], [541, 0], [541, 0], [541, 0], [541, 0], [541, 0], [541, 0], [541, 0], [541, 0], [541, 0], [541, 0], [541, 0], [541, 0], [541, 0], [541, 0], [541, 0], [541, 0], [541, 0], [541, 0], [541, 0], [541, 0], [541, 0], [541, 0], [541, 0], [541, 0], [541, 0], [541, 0], [541, 0], [541, 0], [541, 0], [541, 0], [541, 0], [541, 0], [541, 0], [541, 0]]",0
"7.9-4,207,140,11,128,186+4","[[499, 2], [459, 0], [459, 4], [460, 0], [460, 2]]",0
"7.9-4,207,140,11,128,186+6","[[541, 0], [541, 0], [541, 0], [541, 0], [541, 0], [541, 0], [541, 0], [541, 0]]",0
"7.9-164,201,57,9,43,253+2","[[874, 0], [874, 0], [874, 0], [874, 0], [874, 0], [874, 0], [874, 0], [874, 0], [874, 0], [874, 0]]",0
"7.9-164,201,57,9,43,253+4","[[558, 0], [558, 0], [558, 0], [558, 0], [558, 0], [558, 0], [558, 0], [558, 0], [558, 0], [558, 0]]",0
"7.9-164,201,57,9,43,253+6","[[879, 3], [878, 0], [878, 3], [877, 0], [877, 3], [876, 0], [876, 3], [875, 3], [874, 0], [874, 2], [834, 0], [834, 3], [833, 0], [833, 3], [832, 0], [832, 3], [831, 3], [830, 0], [830, 2], [790, 3], [789, 0], [789, 3]]",0
"7.9-164,201,57,9,43,253+8","[[874, 0], [874, 0], [874, 0], [874, 0], [874, 0], [874, 0], [874, 0], [874, 0], [874, 0], [874, 0], [874, 0], [874, 0], [874, 0], [874, 0]]",0
"7.9-164,201,57,9,43,253+10","[[874, 0], [874, 0], [874, 0], [874, 0], [874, 0]]",0
"7.9-184,55,101,29,72,107+1","[[544, 0], [544, 0], [544, 0], [544, 0], [544, 0], [544, 0], [544, 0], [544, 0], [544, 0], [544, 0], [544, 0], [544, 0], [544, 0], [544, 0], [544, 0], [544, 0], [544, 0], [544, 0], [544, 0], [544, 0], [544, 0], [544, 0], [544, 0], [544, 0], [544, 0], [544, 0], [544, 0], [544, 0], [544, 0], [544, 0], [544, 0], [544, 0], [544, 0], [544, 0], [544, 0], [544, 0], [544, 0]]",0
"7.9-184,55,101,29,72,107+21","[[420, 1], [460, 0], [460, 3], [459, 0], [459, 1], [499, 0], [499, 0], [499, 4], [500, 1], [540, 4], [541, 0], [541, 4], [542, 1], [582, 0], [582, 1], [622, 4], [623, 0], [623, 0], [623, 1], [663, 4], [664, 0], [664, 4], [665, 0], [665, 4], [666, 1], [706, 0], [706, 4], [707, 1], [747, 0], [747, 4], [748, 1], [788, 0], [788, 4], [789, 0], [789, 1], [829, 0], [829, 1], [869, 3], [868, 0], [868, 0], [868, 1], [908, 0], [908, 3], [907, 0], [907, 1], [947, 0], [947, 3], [946, 0], [946, 3], [945, 0], [945, 1]]",0
"7.9-184,55,101,29,72,107+27","[[866, 0], [866, 0]]",0
"7.9-184,55,101,29,72,107+32","[[789, 0], [789, 0], [789, 0], [789, 0], [789, 0], [789, 0], [789, 0], [789, 0]]",0
"7.9-128,214,5,75,8,213+2","[[747, 0], [747, 0], [747, 0], [747, 0], [747, 0], [747, 0], [747, 0]]",0
"7.9-128,214,5,75,8,213+4","[[747, 0], [747, 0], [747, 0], [747, 0], [747, 0], [747, 0], [747, 0], [747, 0], [747, 0], [747, 0], [747, 0], [747, 0], [747, 0], [747, 0], [747, 0]]",0
"7.9-128,214,5,75,8,213+6","[[747, 0], [747, 0], [747, 0], [747, 0], [747, 0], [747, 0]]",0
"7.9-128,214,5,75,8,213+8","[[747, 0]]",0
"7.9-128,214,5,75,8,213+10","[[747, 0]]",0
"7.9-128,214,5,75,8,213+13","[[877, 3], [876, 0], [876, 3], [875, 3], [874, 0], [874, 2], [834, 0], [834, 3], [833, 0], [833, 3], [832, 0], [832, 3], [831, 3], [830, 0], [830, 3], [829, 2], [789, 0], [789, 1], [829, 0], [829, 3], [828, 1], [868, 0], [868, 0], [868, 1], [908, 0], [908, 3], [907, 0], [907, 1], [947, 0], [947, 3], [946, 0], [946, 3], [945, 0], [945, 1]]",0
"7.9-208,151,254,41,36,198+2","[[789, 0], [789, 0], [789, 0], [789, 0], [789, 0], [789, 0]]",0
"7.9-208,151,254,41,36,198+4","[[910, 0], [910, 0], [910, 0], [910, 0], [910, 0]]",0
"7.9-208,151,254,41,36,198+8","[[910, 0], [910, 0], [910, 0], [910, 0], [910, 0], [910, 0], [910, 0]]",0
"7.9-208,151,254,41,36,198+10","[[788, 0], [788, 0], [788, 0], [788, 0], [788, 0], [788, 0], [788, 0], [788, 0]]",0
"7.9-88,198,240,41,58,135+9","[[832, 0], [832, 0]]",0
"7.9-88,198,240,41,58,135+12","[[914, 0], [914, 0], [914, 0], [914, 0], [914, 0], [914, 0], [914, 0], [914, 0], [914, 0], [914, 0], [914, 0], [914, 0], [914, 0]]",0
"7.9-88,198,240,41,58,135+18","[[420, 1], [460, 0], [460, 4], [461, 0], [461, 4], [462, 0], [462, 1], [502, 4], [503, 0], [503, 4], [504, 0], [504, 1], [544, 0], [544, 0], [544, 1], [584, 4], [585, 0], [585, 4], [586, 0], [586, 0], [586, 4], [587, 0], [587, 0]]",0
"7.9-88,198,240,41,58,135+19","[[587, 4], [588, 1], [628, 0], [628, 0], [628, 1], [668, 4], [669, 0], [669, 0], [669, 1], [709, 0], [709, 1], [749, 0], [749, 0], [749, 1], [789, 3], [788, 0], [788, 4], [789, 0], [789, 1], [829, 0], [829, 3], [828, 1], [868, 0], [868, 0], [868, 1], [908, 0], [908, 3], [907, 0], [907, 1], [947, 0], [947, 3], [946, 0], [946, 3], [945, 0], [945, 1]]",0
"7.9-88,198,240,41,58,135+22","[[420, 1], [460, 0], [460, 4], [461, 0], [461, 4], [462, 0], [462, 4], [463, 1], [503, 0], [503, 4], [504, 0], [504, 1], [544, 0], [544, 0], [544, 1], [584, 4], [585, 0], [585, 4], [586, 0], [586, 0], [586, 4], [587, 0], [587, 0]]",0
"7.9-88,198,240,41,58,135+23","[[587, 0], [587, 0], [587, 3], [586, 0], [586, 0], [586, 3], [585, 0], [585, 1], [625, 0], [625, 0], [625, 3], [624, 1], [664, 0], [664, 3], [663, 2], [623, 0], [623, 1], [663, 0], [663, 1], [703, 0], [703, 1], [743, 0]]",0
"7.9-88,198,240,41,58,135+26","[[743, 1], [783, 4], [784, 0], [784, 0], [784, 4], [785, 0], [785, 0], [785, 4], [786, 0], [786, 4], [787, 2], [747, 0], [747, 4], [748, 1], [788, 0], [788, 4], [789, 0], [789, 4], [790, 1], [830, 0], [830, 4], [831, 4], [832, 0], [832, 4], [833, 0], [833, 4], [834, 0], [834, 1], [874, 0], [874, 4], [875, 4], [876, 0], [876, 4]]",0
"7.9-88,198,240,41,58,135+27","[[877, 3], [876, 0], [876, 3], [875, 3], [874, 0], [874, 2], [834, 0], [834, 3], [833, 0], [833, 3], [832, 0], [832, 3], [831, 3], [830, 0], [830, 2], [790, 3], [789, 0], [789, 3], [788, 0], [788, 2], [748, 3], [747, 0], [747, 1], [787, 3], [786, 0], [786, 3], [785, 0], [785, 0], [785, 3], [784, 0], [784, 0], [784, 3], [783, 2]]",0
"7.9-164,125,159,153,152,106+2","[[541, 0], [541, 0], [541, 0], [541, 0], [541, 0]]",0
"7.9-164,125,159,153,152,106+4","[[541, 0], [541, 0], [541, 0], [541, 0]]",0
"7.9-164,125,159,153,152,106+6","[[541, 0]]",0
"7.9-164,125,159,153,152,106+8","[[541, 0], [541, 0]]",0
"7.9-164,125,159,153,152,106+12","[[541, 0], [541, 0]]",0
"7.9-164,125,159,153,152,106+17","[[420, 1], [460, 0], [460, 4], [461, 0], [461, 4], [462, 0], [462, 1], [502, 4], [503, 0], [503, 4], [504, 0], [504, 1], [544, 0], [544, 0], [544, 4], [545, 1], [585, 0], [585, 4], [586, 0], [586, 0], [586, 4], [587, 0], [587, 0]]",0
"7.9-164,125,159,153,152,106+18","[[587, 0], [587, 0], [587, 3], [586, 0], [586, 0], [586, 3], [585, 0], [585, 1], [625, 0], [625, 0], [625, 1], [665, 3], [664, 0], [664, 3], [663, 2]]",0
"7.9-164,125,159,153,152,106+19","[[623, 0], [623, 3], [622, 2], [582, 0], [582, 2], [542, 3], [541, 0], [541, 3], [540, 2], [500, 3], [499, 0], [499, 0], [499, 2], [459, 0], [459, 4], [460, 0], [460, 2]]",0
"7.9-164,125,159,153,152,106+22","[[587, 1], [627, 4], [628, 0], [628, 0], [628, 4], [629, 1], [669, 0], [669, 0], [669, 1], [709, 0], [709, 1], [749, 0], [749, 0], [749, 3], [748, 1]]",0
"7.9-164,125,159,153,152,106+23","[[788, 2], [748, 3], [747, 0], [747, 3], [746, 2], [706, 0], [706, 3], [705, 2], [665, 0], [665, 3], [664, 0], [664, 3], [663, 2], [623, 0], [623, 0], [623, 2], [583, 3], [582, 0], [582, 3], [581, 2], [541, 0], [541, 3], [540, 2], [500, 3], [499, 0], [499, 0], [499, 2], [459, 0], [459, 4], [460, 0], [460, 2]]",0
"7.9-164,125,159,153,152,106+26","[[587, 0], [587, 0], [587, 3], [586, 0], [586, 0], [586, 3], [585, 0], [585, 3], [584, 2], [544, 0], [544, 0], [544, 2], [504, 0], [504, 3], [503, 0], [503, 3], [502, 2], [462, 0], [462, 3], [461, 0], [461, 3], [460, 0], [460, 2]]",0
"7.9-164,125,159,153,152,106+27","[[420, 1], [460, 0], [460, 3], [459, 0], [459, 1], [499, 0], [499, 0], [499, 4], [500, 1], [540, 4], [541, 0], [541, 4], [542, 1], [582, 0], [582, 1], [622, 4], [623, 0], [623, 0], [623, 1], [663, 4], [664, 0], [664, 4], [665, 0], [665, 4], [666, 1], [706, 0], [706, 1], [746, 4], [747, 0], [747, 1], [787, 4]]",0
"7.9-204,129,42,183,42,73+2","[[747, 0], [747, 0], [747, 0], [747, 0], [747, 0], [747, 0], [747, 0], [747, 0], [747, 0], [747, 0], [747, 0], [747, 0], [747, 0], [747, 0], [747, 0], [747, 0], [747, 0], [747, 0], [747, 0], [747, 0], [747, 0], [747, 0], [747, 0], [747, 0], [747, 0], [747, 0]]",0
"7.9-204,129,42,183,42,73+3","[[879, 3], [878, 0], [878, 3], [877, 0], [877, 3], [876, 0], [876, 3], [875, 3], [874, 0], [874, 2], [834, 0], [834, 3], [833, 0], [833, 3], [832, 0], [832, 3], [831, 3], [830, 0], [830, 2], [790, 3], [789, 0], [789, 3], [788, 0], [788, 3], [787, 2], [747, 0], [747, 3], [746, 2], [706, 0], [706, 3], [705, 2], [665, 0], [665, 3], [664, 0], [664, 3], [663, 2], [623, 0], [623, 0], [623, 3], [622, 2], [582, 0], [582, 3], [581, 2], [541, 0], [541, 3], [540, 3], [539, 2], [499, 0], [499, 0], [499, 2], [459, 0], [459, 4], [460, 0], [460, 2]]",0
"7.9-204,129,42,183,42,73+10","[[747, 0]]",0
"7.9-204,129,42,183,42,73+12","[[747, 0], [747, 0], [747, 0], [747, 0], [747, 0], [747, 0]]",0
"7.9-204,129,42,183,42,73+28","[[789, 0], [789, 0], [789, 0], [789, 0], [789, 0], [789, 0], [789, 0]]",0
"7.9-204,129,42,183,42,73+30","[[789, 0], [789, 0], [789, 0], [789, 0], [789, 0], [789, 0], [789, 0], [789, 0], [789, 0], [789, 0], [789, 0], [789, 0], [789, 0], [789, 0], [789, 0], [789, 0], [789, 0], [789, 0], [789, 0], [789, 0], [789, 0], [789, 0], [789, 0], [789, 0], [789, 0], [789, 0], [789, 0], [789, 0], [789, 0], [789, 0], [789, 0], [789, 0], [789, 0], [789, 0], [789, 0], [789, 0], [789, 0], [789, 0], [789, 0], [789, 0], [789, 0], [789, 0], [789, 0], [789, 0], [789, 0]]",0
"7.9-184,148,54,32,44,55+3","[[877, 3], [876, 0], [876, 3], [875, 3], [874, 0], [874, 2], [834, 0], [834, 3], [833, 0], [833, 3]]",0
"7.9-184,148,54,32,44,55+11","[[834, 0], [834, 0], [834, 0], [834, 0], [834, 0], [834, 0], [834, 0], [834, 0]]",0
"7.9-20,94,105,93,76,199+1","[[879, 3], [878, 0], [878, 3]]",0
"7.9-20,94,105,93,76,199+4","[[877, 0], [877, 0], [877, 0], [877, 0], [877, 0], [877, 0], [877, 0], [877, 0], [877, 0], [877, 0], [877, 0], [877, 0], [877, 0], [877, 0], [877, 3], [876, 0], [876, 3], [875, 3], [874, 0], [874, 2], [834, 0], [834, 3], [833, 0], [833, 3], [832, 0], [832, 3], [831, 3], [830, 0], [830, 2], [790, 3], [789, 0], [789, 3]]",0
"7.9-20,94,105,93,76,199+5","[[788, 4], [789, 0], [789, 1], [829, 4], [830, 0], [830, 4], [831, 4], [832, 0], [832, 4], [833, 0], [833, 4], [834, 0], [834, 1], [874, 0], [874, 4], [875, 4], [876, 0], [876, 4]]",0
"7.9-20,94,105,93,76,199+8","[[877, 0], [877, 0], [877, 0], [877, 0], [877, 0], [877, 0], [877, 0], [877, 0], [877, 0], [877, 0], [877, 0], [877, 0], [877, 0], [877, 0], [877, 0], [877, 0], [877, 0], [877, 0], [877, 0], [877, 0], [877, 0], [877, 0], [877, 0], [877, 0], [877, 0], [877, 0], [877, 0], [877, 0], [877, 0], [877, 0], [877, 0], [877, 0], [877, 0], [877, 0], [877, 0], [877, 0], [877, 0], [877, 0], [877, 0], [877, 0], [877, 0], [877, 0], [877, 0], [877, 0], [877, 0], [877, 0], [877, 0], [877, 0], [877, 0], [877, 0], [877, 0], [877, 0], [877, 0], [877, 0], [877, 0], [877, 0], [877, 0], [877, 0], [877, 0], [877, 0], [877, 0], [877, 0], [877, 0], [877, 0], [877, 0], [877, 4], [878, 0], [878, 4]]",0
"7.9-20,94,105,93,76,199+9","[[879, 3], [878, 0], [878, 3]]",0
"7.9-20,94,105,93,76,199+10","[[877, 0], [877, 0], [877, 0], [877, 0], [877, 0], [877, 0], [877, 0], [877, 0], [877, 0], [877, 0], [877, 0]]",0
"7.9-160,48,74,38,155,214+1","[[743, 0], [743, 0], [743, 0], [743, 0], [743, 0], [743, 0], [743, 4], [744, 1], [784, 0], [784, 0], [784, 4], [785, 0], [785, 0], [785, 4], [786, 0], [786, 2], [746, 4], [747, 0], [747, 4], [748, 1], [788, 0], [788, 4], [789, 0], [789, 4], [790, 1], [830, 0], [830, 4], [831, 4], [832, 0], [832, 4], [833, 0], [833, 4], [834, 0], [834, 1], [874, 0], [874, 4], [875, 4], [876, 0], [876, 4]]",0
"7.9-160,48,74,38,155,214+2","[[877, 3], [876, 0], [876, 3], [875, 3], [874, 0], [874, 1], [914, 0], [914, 1], [954, 0], [954, 0], [954, 3], [953, 0], [953, 1], [993, 0], [993, 1], [1033, 0], [1033, 2], [993, 3], [992, 0], [992, 0], [992, 1], [1032, 0], [1032, 3], [1031, 0], [1031, 0], [1031, 1]]",0
"7.9-160,48,74,38,155,214+3","[[1071, 3], [1070, 0], [1070, 1], [1110, 0], [1110, 3], [1109, 0], [1109, 3], [1108, 0], [1108, 1], [1148, 0], [1148, 3], [1147, 0], [1147, 0], [1147, 3], [1146, 0], [1146, 0], [1146, 0], [1146, 2], [1106, 0], [1106, 3], [1105, 0], [1105, 2], [1065, 0], [1065, 0], [1065, 3], [1064, 2], [1024, 0], [1024, 0], [1024, 2], [984, 0], [984, 4]]",0
"7.9-160,48,74,38,155,214+4","[[985, 2], [945, 0], [945, 4], [946, 0], [946, 4], [947, 0], [947, 2], [907, 0], [907, 4], [908, 0], [908, 2], [868, 0], [868, 0], [868, 4], [869, 2], [829, 0], [829, 2], [789, 0], [789, 3], [788, 0], [788, 3], [787, 2], [747, 0], [747, 3], [746, 2], [706, 0], [706, 3], [705, 2], [665, 0], [665, 3], [664, 0], [664, 2], [624, 3]]",0
"7.9-160,48,74,38,155,214+5","[[623, 4], [624, 1], [664, 0], [664, 4], [665, 0], [665, 4], [666, 1], [706, 0], [706, 1], [746, 4], [747, 0], [747, 1], [787, 4], [788, 0], [788, 4], [789, 0], [789, 1], [829, 0], [829, 3], [828, 1], [868, 0], [868, 0], [868, 1], [908, 0], [908, 3], [907, 0], [907, 1], [947, 0], [947, 3], [946, 0], [946, 3], [945, 0], [945, 1]]",0
"7.9-160,48,74,38,155,214+6","[[985, 3], [984, 0], [984, 1], [1024, 0], [1024, 0], [1024, 4], [1025, 1], [1065, 0], [1065, 0], [1065, 1], [1105, 0], [1105, 4], [1106, 0], [1106, 1], [1146, 0], [1146, 0], [1146, 0], [1146, 4], [1147, 0], [1147, 0], [1147, 4], [1148, 0], [1148, 2], [1108, 0], [1108, 4], [1109, 0], [1109, 4], [1110, 0], [1110, 2], [1070, 0], [1070, 4]]",0
"7.9-160,48,74,38,155,214+7","[[1071, 3], [1070, 0], [1070, 1], [1110, 0], [1110, 3], [1109, 0], [1109, 3], [1108, 0], [1108, 1], [1148, 0], [1148, 3], [1147, 0], [1147, 0], [1147, 3], [1146, 0], [1146, 0], [1146, 0], [1146, 2], [1106, 0], [1106, 3], [1105, 0], [1105, 2], [1065, 0], [1065, 0], [1065, 3], [1064, 2], [1024, 0], [1024, 0], [1024, 2], [984, 0], [984, 4]]",0
"7.9-160,48,74,38,155,214+8","[[985, 0], [985, 3], [984, 0], [984, 1], [1024, 0], [1024, 0], [1024, 1], [1064, 4], [1065, 0], [1065, 0], [1065, 1], [1105, 0], [1105, 4], [1106, 0], [1106, 1], [1146, 0], [1146, 0], [1146, 0], [1146, 4], [1147, 0], [1147, 0], [1147, 4], [1148, 0], [1148, 2], [1108, 0], [1108, 4], [1109, 0], [1109, 4], [1110, 0], [1110, 2], [1070, 0], [1070, 4]]",0
"7.9-160,48,74,38,155,214+9","[[1071, 3], [1070, 0], [1070, 1], [1110, 0], [1110, 3], [1109, 0], [1109, 3], [1108, 0], [1108, 1], [1148, 0], [1148, 3], [1147, 0], [1147, 0], [1147, 3], [1146, 0], [1146, 0], [1146, 0], [1146, 2], [1106, 0], [1106, 3], [1105, 0], [1105, 2], [1065, 0], [1065, 0], [1065, 3], [1064, 2], [1024, 0], [1024, 0], [1024, 2], [984, 0], [984, 4]]",0
"7.9-160,48,74,38,155,214+10","[[985, 2], [945, 0], [945, 4], [946, 0], [946, 4], [947, 0], [947, 2], [907, 0], [907, 4], [908, 0], [908, 2], [868, 0], [868, 0], [868, 4], [869, 2], [829, 0], [829, 2], [789, 0], [789, 4], [790, 1], [830, 0], [830, 4], [831, 4], [832, 0], [832, 4], [833, 0], [833, 4], [834, 0], [834, 1], [874, 0], [874, 4], [875, 4], [876, 0], [876, 4]]",0
"7.9-160,48,74,38,155,214+11","[[877, 3], [876, 0], [876, 3], [875, 3], [874, 0], [874, 2], [834, 0], [834, 3], [833, 0], [833, 3], [832, 0], [832, 3], [831, 3], [830, 0], [830, 3], [829, 2], [789, 0], [789, 3], [788, 0], [788, 3], [787, 2], [747, 0], [747, 3], [746, 2], [706, 0], [706, 3], [705, 2], [665, 0], [665, 3], [664, 0], [664, 2], [624, 3], [623, 0], [623, 0], [623, 2], [583, 3], [582, 0], [582, 2], [542, 3], [541, 0], [541, 3], [540, 3], [539, 2], [499, 0], [499, 0], [499, 3], [498, 2], [458, 0], [458, 3], [457, 0], [457, 3], [456, 2], [416, 3], [415, 0], [415, 3], [414, 2]]",0
"7.9-108,217,76,95,253,145+1","[[985, 0], [985, 0], [985, 0], [985, 0], [985, 0], [985, 0], [985, 0], [985, 0], [985, 0], [985, 0], [985, 0], [985, 0], [985, 0], [985, 0], [985, 0], [985, 0], [985, 0], [985, 0], [985, 0], [985, 0], [985, 2], [945, 0], [945, 4], [946, 0], [946, 4], [947, 0], [947, 2], [907, 0], [907, 4], [908, 0], [908, 2], [868, 0], [868, 0], [868, 2], [828, 4], [829, 0], [829, 2], [789, 0], [789, 3]]",0
"7.9-108,217,76,95,253,145+2","[[788, 4], [789, 0], [789, 4], [790, 1], [830, 0], [830, 4], [831, 4], [832, 0], [832, 4], [833, 0], [833, 4], [834, 0], [834, 1], [874, 0], [874, 4], [875, 4], [876, 0], [876, 4], [877, 0], [877, 4], [878, 0], [878, 4]]",0
"7.9-108,217,76,95,253,145+3","[[879, 3], [878, 0], [878, 3], [877, 0], [877, 3], [876, 0], [876, 3], [875, 3], [874, 0], [874, 2], [834, 0], [834, 3], [833, 0], [833, 3], [832, 0], [832, 3], [831, 3], [830, 0], [830, 3], [829, 2], [789, 0], [789, 3], [788, 0], [788, 2], [748, 3], [747, 0], [747, 3], [746, 2], [706, 0], [706, 2], [666, 3], [665, 0], [665, 3], [664, 0], [664, 2], [624, 3], [623, 0], [623, 0], [623, 2], [583, 3], [582, 0], [582, 3], [581, 2], [541, 0], [541, 3], [540, 3], [539, 2], [499, 0], [499, 0], [499, 2], [459, 0], [459, 4], [460, 0], [460, 2]]",0
"7.9-108,217,76,95,253,145+4","[[420, 1], [460, 0], [460, 3], [459, 0], [459, 1], [499, 0], [499, 0], [499, 4], [500, 1], [540, 4], [541, 0], [541, 1], [581, 4], [582, 0], [582, 1], [622, 4], [623, 0]]",0
"7.9-108,217,76,95,253,145+5","[[623, 4], [624, 1], [664, 0], [664, 4], [665, 0], [665, 4], [666, 1], [706, 0], [706, 1], [746, 4], [747, 0], [747, 1], [787, 4]]",0
"7.9-108,217,76,95,253,145+6","[[788, 3], [787, 2], [747, 0], [747, 3], [746, 2], [706, 0], [706, 3], [705, 2], [665, 0], [665, 3], [664, 0], [664, 2], [624, 3], [623, 0], [623, 0], [623, 2], [583, 3], [582, 0], [582, 3], [581, 2], [541, 0], [541, 3], [540, 3], [539, 2], [499, 0], [499, 0], [499, 2], [459, 0], [459, 4], [460, 0], [460, 2]]",0
"7.9-108,217,76,95,253,145+7","[[420, 1], [460, 0], [460, 3], [459, 0], [459, 1], [499, 0], [499, 0], [499, 4], [500, 4], [501, 1], [541, 0], [541, 4], [542, 1], [582, 0], [582, 4], [583, 1], [623, 0]]",0
"7.9-108,217,76,95,253,145+8","[[623, 1], [663, 4], [664, 0], [664, 4], [665, 0], [665, 4], [666, 1], [706, 0], [706, 1], [746, 4], [747, 0], [747, 4], [748, 1]]",0
"7.9-108,217,76,95,253,145+9","[[788, 4], [789, 0], [789, 1], [829, 0], [829, 1], [869, 3], [868, 0], [868, 0], [868, 1], [908, 0], [908, 3], [907, 0], [907, 1], [947, 0], [947, 3], [946, 0], [946, 3], [945, 0], [945, 1]]",0
"7.9-108,217,76,95,253,145+10","[[985, 0], [985, 0], [985, 0], [985, 0], [985, 0], [985, 0], [985, 0], [985, 0], [985, 0], [985, 0], [985, 0], [985, 0], [985, 0], [985, 0], [985, 0], [985, 0], [985, 0], [985, 0], [985, 0], [985, 0], [985, 0], [985, 0], [985, 0], [985, 0], [985, 0], [985, 0], [985, 0], [985, 0], [985, 0], [985, 0], [985, 0], [985, 0], [985, 0], [985, 0], [985, 0], [985, 0], [985, 0], [985, 0], [985, 0], [985, 0], [985, 0], [985, 0], [985, 0], [985, 0], [985, 0], [985, 0], [985, 0], [985, 0], [985, 0], [985, 0], [985, 0], [985, 0], [985, 0], [985, 0], [985, 0], [985, 0], [985, 0], [985, 0], [985, 0], [985, 0], [985, 0], [985, 0], [985, 0], [985, 0], [985, 0], [985, 0], [985, 0], [985, 0], [985, 0], [985, 0], [985, 0], [985, 0], [985, 0], [985, 0], [985, 0], [985, 0], [985, 0], [985, 0], [985, 0], [985, 0], [985, 0], [985, 0], [985, 0], [985, 0], [985, 0], [985, 0]]",0
"7.9-40,53,69,96,185,108+1","[[460, 0], [460, 0], [460, 0], [460, 0], [460, 0], [460, 0], [460, 0], [460, 0], [460, 0], [460, 0], [460, 0], [460, 0], [460, 0], [460, 0], [460, 0], [460, 0], [460, 0], [460, 0], [460, 0], [460, 0], [460, 0], [460, 0]]",0
"7.9-40,53,69,96,185,108+5","[[460, 0]]",0
"7.9-132,65,103,218,221,212+2","[[460, 0], [460, 0], [460, 0], [460, 0], [460, 0], [460, 0]]",0
"7.9-132,65,103,218,221,212+7","[[499, 0], [499, 0], [499, 0], [499, 0], [499, 0], [499, 0], [499, 0], [499, 0], [499, 0], [499, 0], [499, 0], [499, 0], [499, 0], [499, 0], [499, 0], [499, 0], [499, 0], [499, 0], [499, 0], [499, 0], [499, 0], [499, 0], [499, 0], [499, 0], [499, 0], [499, 0], [499, 0], [499, 0], [499, 0], [499, 0], [499, 0], [499, 0], [499, 0], [499, 0], [499, 0], [499, 0], [499, 0], [499, 0], [499, 0], [499, 0], [499, 0], [499, 0], [499, 0], [499, 0], [499, 0], [499, 0], [499, 0], [499, 0], [499, 0], [499, 0], [499, 0], [499, 0], [499, 0], [499, 0], [499, 0], [499, 0], [499, 0], [499, 0], [499, 0], [499, 0], [499, 0], [499, 0], [499, 0], [499, 0], [499, 0], [499, 0], [499, 0], [499, 0], [499, 0], [499, 0], [499, 0], [499, 0], [499, 0]]",0
"7.10-112,138,9,131,175,199+2","[[541, 0], [541, 0], [541, 0], [541, 0], [541, 0], [541, 0], [541, 0], [541, 0], [541, 0], [541, 0], [541, 0], [541, 0], [541, 0], [541, 0], [541, 0], [541, 0], [541, 0], [541, 0], [541, 0], [541, 0], [541, 0], [541, 0], [541, 0], [541, 0], [541, 0], [541, 0], [541, 0], [541, 0], [541, 0], [541, 0], [541, 0], [541, 0], [541, 0], [541, 0], [541, 0], [541, 0], [541, 0], [541, 0], [541, 0], [541, 0], [541, 0], [541, 0], [541, 0], [541, 0], [541, 0], [541, 0], [541, 0], [541, 0], [541, 0], [541, 0], [541, 0], [541, 0], [541, 0], [541, 0], [541, 0], [541, 0], [541, 0], [541, 0], [541, 0], [541, 0], [541, 0], [541, 0], [541, 0], [541, 0], [541, 0], [541, 0], [541, 0], [541, 0], [541, 0], [541, 0], [541, 0], [541, 0], [541, 0], [541, 0], [541, 0], [541, 0], [541, 0], [541, 0], [541, 0], [541, 0], [541, 0], [541, 0], [541, 0], [541, 0], [541, 0], [541, 0], [541, 0], [541, 0], [541, 0], [541, 0], [541, 0], [541, 0], [541, 0], [541, 0], [541, 0], [541, 0], [541, 0], [541, 0], [541, 0], [541, 0], [541, 0], [541, 0], [541, 0], [541, 0], [541, 0], [541, 0], [541, 0], [541, 0], [541, 0], [541, 0], [541, 0], [541, 0], [541, 0], [541, 0], [541, 0], [541, 0], [541, 0], [541, 0], [541, 0], [541, 0], [541, 0], [541, 0], [541, 0], [541, 0], [541, 0], [541, 0], [541, 0], [541, 0], [541, 0], [541, 0], [541, 0], [541, 0], [541, 0], [541, 0], [541, 0], [541, 0], [541, 0], [541, 0], [541, 0], [541, 0], [541, 0]]",0
"7.10-252,107,240,89,142,53+2","[[458, 0], [458, 0], [458, 0], [458, 0], [458, 0], [458, 0], [458, 0], [458, 0], [458, 0], [458, 0], [458, 0], [458, 0], [458, 0], [458, 0], [458, 0], [458, 0], [458, 0], [458, 0], [458, 0], [458, 0], [458, 0], [458, 0], [458, 0], [458, 0], [458, 0], [458, 0], [458, 0], [458, 0], [458, 0], [458, 0], [458, 0], [458, 0], [458, 0], [458, 0], [458, 0], [458, 0], [458, 0], [458, 0], [458, 0], [458, 0], [458, 0], [458, 0], [458, 0], [458, 0], [458, 0], [458, 0], [458, 0], [458, 0], [458, 0], [458, 0], [458, 0], [458, 0], [458, 0], [458, 0], [458, 0], [458, 0], [458, 0], [458, 0], [458, 0], [458, 0], [458, 0], [458, 0], [458, 0], [458, 0], [458, 0], [458, 0], [458, 0], [458, 0], [458, 0], [458, 0], [458, 0], [458, 0], [458, 0], [458, 0], [458, 0], [458, 0], [458, 0], [458, 0], [458, 0], [458, 0], [458, 0]]",0
"7.10-252,107,240,89,142,53+3","[[544, 0], [544, 0]]",0
"7.10-36,17,69,161,50,93+2","[[876, 0], [876, 0], [876, 0], [876, 0], [876, 0], [876, 0], [876, 0], [876, 0], [876, 0], [876, 0], [876, 0], [876, 0], [876, 0], [876, 0], [876, 0], [876, 0], [876, 0], [876, 0], [876, 0], [876, 0], [876, 0], [876, 0], [876, 0], [876, 0], [876, 0], [876, 0], [876, 0], [876, 0], [876, 0], [876, 0], [876, 0], [876, 0], [876, 0], [876, 0], [876, 0], [876, 0], [876, 0], [876, 0], [876, 0], [876, 0], [876, 0], [876, 0], [876, 0], [876, 0], [876, 0], [876, 0], [876, 0], [876, 0], [876, 0], [876, 0], [876, 0], [876, 0], [876, 0], [876, 0], [876, 0], [876, 0], [876, 0], [876, 0], [876, 0], [876, 0], [876, 0], [876, 0], [876, 0], [876, 0], [876, 0], [876, 0], [876, 0], [876, 0], [876, 0], [876, 0], [876, 0], [876, 0], [876, 0], [876, 0], [876, 0], [876, 0], [876, 0], [876, 0], [876, 0], [876, 0], [876, 0], [876, 0], [876, 0], [876, 0], [876, 0], [876, 0], [876, 0], [876, 0], [876, 0], [876, 0], [876, 0], [876, 0], [876, 0], [876, 0], [876, 0], [876, 0], [876, 0], [876, 0], [876, 0], [876, 0], [876, 0], [876, 0], [876, 0], [876, 0], [876, 0], [876, 0], [876, 0], [876, 0], [876, 0], [876, 0], [876, 0], [876, 0], [876, 0], [876, 0], [876, 0], [876, 0], [876, 0], [876, 0], [876, 0], [876, 0], [876, 0], [876, 0], [876, 0], [876, 0], [876, 0], [876, 0], [876, 0], [876, 0], [876, 0], [876, 0], [876, 0], [876, 0], [876, 0], [876, 0], [876, 0], [876, 0], [876, 0]]",0
"7.10-184,148,54,32,44,55+2","[[756, 0], [756, 0], [756, 0], [756, 0], [756, 0], [756, 0], [756, 0], [756, 0], [756, 0], [756, 0], [756, 0], [756, 0], [756, 0], [756, 0], [756, 0], [756, 0], [756, 0], [756, 0], [756, 0], [756, 0], [756, 0], [756, 0], [756, 0], [756, 0], [756, 0], [756, 0], [756, 0], [756, 0], [756, 0], [756, 0], [756, 0], [756, 0], [756, 0], [756, 0], [756, 0], [756, 0], [756, 0], [756, 0], [756, 0], [756, 0], [756, 0], [756, 0], [756, 0]]",0
"7.10-184,148,54,32,44,55+5","[[714, 0], [714, 0], [714, 0], [714, 0], [714, 0]]",0
"7.10-184,148,54,32,44,55+8","[[797, 0], [797, 0]]",0
"7.10-48,74,38,155,214,98+2","[[867, 0], [867, 0], [867, 0], [867, 0]]",0
"7.10-48,74,38,155,214,98+12","[[789, 0]]",0
"7.10-48,74,38,155,214,98+24","[[539, 0], [539, 0], [539, 0], [539, 0]]",0
"7.10-48,74,38,133,29,213+4","[[747, 0], [747, 0], [747, 0], [747, 0], [747, 0], [747, 0], [747, 0], [747, 0], [747, 0], [747, 0]]",0
"7.10-48,74,38,133,29,213+5","[[750, 0], [750, 0], [750, 0], [750, 0], [750, 0], [750, 0], [750, 0], [750, 0], [750, 0], [750, 0], [750, 0], [750, 0], [750, 0], [750, 0], [750, 0], [750, 0], [750, 0]]",0
"7.10-32,50,51,210,96,61+2","[[750, 0], [750, 0], [750, 0], [750, 0], [750, 0], [750, 0]]",0
"7.10-32,50,51,210,96,61+4","[[750, 0], [750, 0], [750, 0], [750, 0], [750, 0], [750, 0], [750, 0], [750, 0], [750, 0], [750, 0], [750, 0], [750, 0], [750, 0], [750, 0], [750, 0], [750, 0], [750, 0], [750, 0], [750, 0], [750, 0], [750, 0], [750, 0], [750, 0], [750, 0], [750, 0], [750, 0], [750, 0], [750, 0], [750, 0], [750, 0], [750, 0], [750, 0], [750, 0], [750, 0], [750, 0], [750, 0], [750, 0], [750, 0], [750, 0], [750, 0], [750, 0], [750, 0], [750, 0], [750, 0], [750, 0], [750, 0], [750, 0], [750, 0], [750, 0], [750, 0], [750, 0], [750, 0], [750, 0], [750, 0], [750, 0], [750, 0]]",0
"7.10-32,50,51,210,96,61+6","[[750, 0], [750, 0], [750, 0], [750, 0], [750, 0], [750, 0], [750, 0], [750, 0], [750, 0], [750, 0], [750, 0], [750, 0], [750, 0], [750, 0], [750, 0], [750, 0], [750, 0], [750, 0], [750, 0], [750, 0], [750, 0], [750, 0], [750, 0], [750, 0], [750, 0], [750, 0], [750, 0], [750, 0], [750, 0], [750, 0], [750, 0], [750, 0], [750, 0], [750, 0], [750, 0], [750, 0], [750, 0], [750, 0], [750, 0], [750, 0], [750, 0], [750, 0], [750, 0], [750, 0], [750, 0], [750, 0], [750, 0], [750, 0], [750, 0], [750, 0], [750, 0], [750, 0], [750, 0], [750, 0], [750, 0], [750, 0], [750, 0], [750, 0], [750, 0], [750, 0], [750, 0], [750, 0], [750, 0], [750, 0], [750, 0], [750, 0], [750, 0], [750, 0], [750, 0], [750, 0], [750, 0], [750, 0], [750, 0], [750, 0]]",0
"7.10-184,55,101,29,72,107+2","[[747, 0], [747, 0], [747, 0], [747, 0], [747, 0], [747, 0], [747, 0], [747, 0], [747, 0], [747, 0], [747, 0], [747, 0], [747, 0], [747, 0], [747, 0], [747, 0], [747, 0], [747, 0], [747, 0], [747, 0], [747, 0], [747, 0], [747, 0], [747, 0], [747, 0], [747, 0], [747, 0], [747, 0], [747, 0], [747, 0], [747, 0], [747, 0], [747, 0], [747, 0], [747, 0], [747, 0], [747, 0], [747, 0], [747, 0], [747, 0], [747, 0]]",0
"7.10-184,55,101,29,72,107+4","[[985, 2], [945, 0], [945, 4], [946, 0], [946, 4], [947, 0], [947, 2], [907, 0], [907, 4], [908, 0], [908, 2], [868, 0], [868, 0], [868, 4], [869, 2], [829, 0], [829, 2], [789, 0], [789, 3], [788, 0], [788, 3], [787, 2], [747, 0], [747, 2], [707, 3], [706, 0], [706, 2], [666, 3], [665, 0], [665, 3], [664, 0], [664, 3], [663, 2]]",0
"7.10-184,55,101,29,72,107+11","[[985, 2], [945, 0], [945, 4], [946, 0], [946, 4], [947, 0], [947, 2], [907, 0], [907, 4], [908, 0], [908, 2], [868, 0], [868, 0], [868, 2], [828, 4], [829, 0], [829, 2], [789, 0], [789, 3], [788, 0], [788, 2], [748, 3], [747, 0], [747, 3], [746, 2], [706, 0], [706, 2], [666, 3], [665, 0], [665, 3], [664, 0], [664, 2], [624, 3]]",0
"7.10-184,55,101,29,72,107+15","[[747, 0], [747, 0], [747, 0]]",0
"7.10-184,55,101,29,72,107+20","[[544, 0], [544, 0], [544, 0], [544, 0], [544, 0], [544, 0], [544, 0], [544, 0], [544, 0], [544, 0], [544, 0], [544, 0]]",0
"7.10-184,55,101,29,72,107+27","[[985, 2], [945, 0], [945, 4], [946, 0], [946, 4], [947, 0], [947, 2], [907, 0], [907, 4], [908, 0], [908, 2], [868, 0], [868, 0], [868, 4], [869, 2], [829, 0], [829, 2], [789, 0], [789, 1], [829, 4], [830, 0], [830, 4], [831, 4], [832, 0], [832, 4], [833, 0], [833, 4], [834, 0], [834, 1], [874, 0], [874, 4], [875, 4], [876, 0], [876, 4]]",0
"7.10-248,45,124,72,127,16+2","[[622, 0], [622, 0], [622, 0], [622, 0], [622, 0], [622, 0], [622, 0], [622, 0], [622, 0]]",0
"7.10-248,45,124,72,127,16+13","[[623, 0], [623, 0], [623, 0], [623, 0], [623, 0], [623, 0], [623, 0], [623, 0], [623, 0], [623, 0], [623, 0], [623, 0], [623, 0], [623, 0]]",0
"7.10-248,45,124,72,127,16+21","[[664, 0], [664, 0], [664, 0], [664, 0], [664, 0], [664, 0], [664, 0], [664, 0], [664, 0], [664, 0], [664, 0], [664, 0], [664, 0], [664, 0], [664, 0], [664, 0], [664, 0], [664, 0], [664, 0], [664, 0], [664, 0], [664, 0], [664, 0], [664, 0], [664, 0], [664, 0], [664, 0], [664, 0], [664, 0], [664, 0], [664, 0], [664, 0], [664, 0], [664, 0], [664, 0], [664, 0], [664, 0], [664, 0], [664, 0], [664, 0], [664, 0], [664, 0], [664, 0], [664, 0], [664, 0], [664, 0], [664, 0], [664, 0], [664, 0], [664, 0], [664, 0]]",0
"7.10-248,45,124,72,127,16+26","[[623, 0], [623, 0], [623, 0], [623, 0], [623, 0], [623, 0], [623, 0], [623, 0], [623, 0], [623, 0], [623, 0], [623, 0], [623, 0], [623, 0], [623, 0], [623, 0], [623, 0]]",0
"7.10-248,45,124,72,127,16+36","[[623, 0], [623, 0], [623, 0], [623, 0], [623, 0], [623, 0], [623, 0], [623, 0], [623, 0], [623, 0], [623, 0], [623, 0], [623, 0], [623, 0], [623, 0]]",0
"7.10-48,69,150,180,24,101+2","[[541, 0], [541, 0], [541, 0], [541, 0], [541, 0], [541, 0], [541, 0], [541, 0], [541, 0], [541, 0], [541, 0], [541, 0], [541, 0], [541, 0], [541, 0], [541, 0], [541, 0], [541, 0], [541, 0], [541, 0], [541, 0], [541, 0], [541, 0], [541, 0], [541, 0], [541, 0], [541, 0], [541, 0], [541, 0], [541, 0], [541, 0], [541, 0], [541, 0], [541, 0], [541, 0], [541, 0], [541, 0], [541, 0], [541, 0], [541, 0], [541, 0]]",0
"7.10-48,69,150,180,24,101+3","[[457, 0], [457, 0], [457, 0], [457, 0], [457, 0], [457, 0], [457, 0], [457, 0], [457, 0], [457, 0], [457, 0], [457, 0], [457, 0], [457, 0], [457, 0], [457, 0], [457, 0], [457, 0], [457, 0], [457, 0], [457, 0]]",0
"7.10-124,125,61,133,174,241+1","[[879, 3], [878, 0], [878, 3], [877, 0], [877, 3], [876, 0], [876, 3], [875, 3], [874, 0], [874, 2], [834, 0], [834, 3], [833, 0], [833, 3]]",0
"7.10-124,125,61,133,174,241+2","[[832, 0], [832, 0], [832, 0], [832, 0], [832, 0], [832, 0], [832, 0], [832, 0], [832, 0], [832, 0], [832, 0], [832, 0], [832, 0], [832, 0], [832, 0], [832, 0], [832, 0], [832, 0], [832, 0], [832, 0], [832, 0], [832, 0], [832, 0], [832, 0], [832, 0], [832, 0], [832, 0], [832, 0], [832, 0], [832, 0], [832, 0], [832, 0], [832, 0], [832, 0], [832, 0], [832, 0], [832, 0], [832, 0], [832, 0], [832, 0], [832, 0], [832, 0], [832, 0], [832, 0], [832, 0], [832, 0], [832, 0], [832, 0], [832, 0], [832, 0], [832, 0], [832, 0], [832, 0], [832, 0], [832, 0], [832, 0], [832, 0], [832, 0], [832, 0], [832, 0], [832, 0], [832, 0], [832, 0], [832, 0], [832, 0], [832, 0], [832, 0], [832, 0], [832, 0], [832, 0], [832, 0], [832, 0], [832, 0], [832, 0], [832, 0], [832, 0], [832, 0], [832, 0], [832, 0], [832, 0], [832, 0], [832, 0], [832, 0], [832, 0], [832, 0], [832, 0], [832, 0], [832, 0], [832, 0], [832, 0], [832, 0], [832, 0], [832, 0], [832, 0], [832, 0], [832, 0], [832, 0], [832, 0], [832, 0], [832, 0], [832, 0], [832, 0], [832, 0]]",0
"7.10-124,125,61,133,174,241+3","[[876, 0], [876, 0], [876, 0], [876, 0], [876, 0], [876, 0], [876, 0], [876, 0], [876, 0], [876, 0], [876, 0], [876, 0], [876, 0], [876, 0], [876, 0], [876, 0], [876, 0], [876, 0], [876, 0], [876, 0], [876, 0], [876, 0], [876, 0]]",0
"7.10-172,115,82,76,172,89+4","[[789, 0], [789, 0], [789, 0], [789, 0], [789, 0], [789, 0], [789, 0], [789, 0], [789, 0], [789, 0], [789, 0], [789, 0], [789, 0], [789, 0], [789, 0], [789, 0], [789, 0], [789, 0], [789, 0], [789, 0], [789, 0], [789, 0], [789, 0], [789, 0], [789, 0], [789, 0], [789, 0], [789, 0], [789, 0], [789, 0], [789, 0], [789, 0], [789, 0], [789, 0], [789, 0]]",0
"7.10-172,115,82,76,172,89+8","[[664, 0], [664, 0], [664, 0], [664, 0], [664, 0], [664, 0], [664, 0], [664, 0], [664, 0], [664, 0]]",0
"7.10-172,115,82,76,172,89+11","[[499, 2], [459, 0], [459, 4], [460, 0], [460, 2]]",0
"7.10-172,115,82,76,172,89+12","[[420, 1], [460, 0], [460, 3], [459, 0], [459, 1], [499, 0], [499, 0], [499, 4], [500, 1], [540, 4], [541, 0], [541, 1], [581, 4], [582, 0], [582, 1], [622, 4], [623, 0]]",0
"7.10-172,115,82,76,172,89+15","[[499, 2], [459, 0], [459, 4], [460, 0], [460, 4], [461, 0], [461, 4], [462, 0], [462, 1], [502, 4], [503, 0], [503, 4], [504, 0], [504, 1], [544, 0], [544, 0], [544, 1], [584, 4], [585, 0], [585, 4], [586, 0], [586, 0], [586, 4], [587, 0], [587, 0]]",0
"7.10-172,115,82,76,172,89+25","[[832, 3], [831, 3], [830, 0], [830, 2], [790, 3], [789, 0], [789, 3]]",0
"7.10-172,115,82,76,172,89+29","[[664, 0], [664, 0], [664, 0], [664, 0], [664, 0], [664, 0], [664, 0], [664, 0], [664, 0], [664, 0], [664, 0], [664, 0], [664, 0], [664, 0], [664, 0], [664, 0], [664, 0], [664, 0], [664, 0], [664, 0]]",0
"7.10-4,207,140,11,128,186+2","[[623, 0], [623, 0], [623, 0], [623, 0], [623, 0], [623, 0], [623, 0], [623, 0], [623, 0], [623, 0], [623, 0], [623, 0], [623, 0], [623, 0], [623, 0], [623, 0], [623, 0], [623, 0], [623, 0], [623, 0], [623, 0], [623, 0], [623, 0], [623, 0], [623, 0], [623, 0], [623, 0], [623, 0], [623, 0], [623, 0], [623, 0], [623, 0], [623, 0], [623, 0], [623, 0], [623, 0], [623, 0], [623, 0], [623, 0], [623, 0], [623, 0], [623, 0], [623, 0], [623, 0], [623, 0], [623, 0], [623, 0], [623, 0], [623, 0], [623, 0], [623, 0], [623, 0], [623, 0], [623, 0], [623, 0], [623, 0], [623, 0], [623, 0], [623, 0]]",0
"7.10-4,207,140,11,128,186+4","[[623, 0], [623, 0], [623, 0], [623, 0], [623, 0], [623, 0], [623, 0], [623, 0], [623, 0], [623, 0], [623, 0], [623, 0], [623, 0], [623, 0], [623, 0], [623, 0], [623, 0], [623, 0], [623, 0]]",0
"7.10-4,207,140,11,128,186+6","[[623, 0], [623, 0], [623, 0], [623, 0], [623, 0], [623, 0], [623, 0], [623, 0], [623, 0], [623, 0], [623, 0], [623, 0], [623, 0], [623, 0], [623, 0], [623, 0], [623, 0], [623, 0], [623, 0], [623, 0], [623, 0], [623, 0], [623, 0], [623, 0], [623, 0], [623, 0], [623, 0], [623, 0], [623, 0], [623, 0], [623, 0], [623, 0], [623, 0], [623, 0], [623, 0], [623, 0], [623, 0], [623, 0], [623, 0], [623, 0]]",0
"7.10-240,103,40,135,90,171+1","[[1105, 0], [1105, 0], [1105, 0], [1105, 0], [1105, 0], [1105, 0], [1105, 0], [1105, 0], [1105, 0], [1105, 0], [1105, 0], [1105, 0], [1105, 0], [1105, 0], [1105, 0], [1105, 4], [1106, 0], [1106, 1], [1146, 0], [1146, 0], [1146, 0], [1146, 4], [1147, 0], [1147, 0], [1147, 4], [1148, 0], [1148, 2], [1108, 0], [1108, 4], [1109, 0], [1109, 4], [1110, 0], [1110, 2], [1070, 0], [1070, 4]]",0
"7.10-240,103,40,135,90,171+2","[[1071, 3], [1070, 0], [1070, 1], [1110, 0], [1110, 3], [1109, 0], [1109, 3], [1108, 0], [1108, 1], [1148, 0], [1148, 3], [1147, 0], [1147, 0], [1147, 3], [1146, 0], [1146, 0], [1146, 0], [1146, 2], [1106, 0], [1106, 3]]",0
"7.10-240,103,40,135,90,171+3","[[1105, 0], [1105, 0], [1105, 0], [1105, 0], [1105, 0], [1105, 0], [1105, 0], [1105, 0], [1105, 0], [1105, 0], [1105, 0], [1105, 0], [1105, 0], [1105, 0], [1105, 4], [1106, 0], [1106, 1], [1146, 0], [1146, 0], [1146, 0], [1146, 4], [1147, 0], [1147, 0], [1147, 4], [1148, 0], [1148, 2], [1108, 0], [1108, 4], [1109, 0], [1109, 4], [1110, 0], [1110, 2], [1070, 0], [1070, 4]]",0
"7.10-240,103,40,135,90,171+4","[[1071, 3], [1070, 0], [1070, 1], [1110, 0], [1110, 3], [1109, 0], [1109, 3], [1108, 0], [1108, 1], [1148, 0], [1148, 3], [1147, 0], [1147, 0], [1147, 3], [1146, 0], [1146, 0], [1146, 0], [1146, 2], [1106, 0], [1106, 3]]",0
"7.10-240,103,40,135,90,171+5","[[1105, 0], [1105, 0], [1105, 0], [1105, 0], [1105, 0], [1105, 4], [1106, 0], [1106, 1], [1146, 0], [1146, 0], [1146, 0], [1146, 4], [1147, 0], [1147, 0], [1147, 4], [1148, 0], [1148, 2], [1108, 0], [1108, 4], [1109, 0], [1109, 4], [1110, 0], [1110, 2], [1070, 0], [1070, 4]]",0
"7.10-240,103,40,135,90,171+6","[[1071, 3], [1070, 0], [1070, 1], [1110, 0], [1110, 3], [1109, 0], [1109, 3], [1108, 0], [1108, 1], [1148, 0], [1148, 3], [1147, 0], [1147, 0], [1147, 3], [1146, 0], [1146, 0], [1146, 0], [1146, 2], [1106, 0], [1106, 3]]",0
"7.10-240,103,40,135,90,171+7","[[1105, 0], [1105, 0], [1105, 0], [1105, 0], [1105, 0], [1105, 0], [1105, 0], [1105, 0], [1105, 0], [1105, 0], [1105, 0], [1105, 0], [1105, 0], [1105, 2], [1065, 0], [1065, 0], [1065, 3], [1064, 2], [1024, 0], [1024, 0], [1024, 2], [984, 0], [984, 4]]",0
"7.10-240,103,40,135,90,171+8","[[985, 2], [945, 0], [945, 4], [946, 0], [946, 4], [947, 0], [947, 2], [907, 0], [907, 4], [908, 0], [908, 2], [868, 0], [868, 0], [868, 4], [869, 2], [829, 0], [829, 2], [789, 0], [789, 3], [788, 0], [788, 2], [748, 3], [747, 0], [747, 3], [746, 1], [786, 0], [786, 3], [785, 0], [785, 0], [785, 3], [784, 0], [784, 0], [784, 3], [783, 2]]",0
"7.10-240,103,40,135,90,171+9","[[743, 1], [783, 4], [784, 0], [784, 0], [784, 4], [785, 0], [785, 0], [785, 4], [786, 0], [786, 4], [787, 2], [747, 0], [747, 1], [787, 4], [788, 0], [788, 4], [789, 0], [789, 1], [829, 0], [829, 1], [869, 3], [868, 0], [868, 0], [868, 1], [908, 0], [908, 3], [907, 0], [907, 1], [947, 0], [947, 3], [946, 0], [946, 3], [945, 0], [945, 1], [985, 0], [985, 3], [984, 0], [984, 1], [1024, 0], [1024, 0], [1024, 4], [1025, 1], [1065, 0], [1065, 0], [1065, 1]]",0
"7.10-240,103,40,135,90,171+10","[[1105, 0], [1105, 0], [1105, 0], [1105, 0], [1105, 0], [1105, 0], [1105, 0], [1105, 0], [1105, 0], [1105, 0], [1105, 0], [1105, 0], [1105, 0], [1105, 0], [1105, 0], [1105, 0], [1105, 0], [1105, 2], [1065, 0], [1065, 0], [1065, 3], [1064, 2], [1024, 0], [1024, 0], [1024, 2], [984, 0], [984, 4]]",0
"7.10-240,103,40,135,90,171+11","[[985, 3], [984, 0], [984, 1], [1024, 0], [1024, 0], [1024, 4], [1025, 1], [1065, 0], [1065, 0], [1065, 1]]",0
"7.10-240,103,40,135,90,171+12","[[1105, 2], [1065, 0], [1065, 0], [1065, 3], [1064, 2], [1024, 0], [1024, 0], [1024, 2], [984, 0], [984, 4]]",0
"7.10-240,103,40,135,90,171+13","[[985, 3], [984, 0], [984, 1], [1024, 0], [1024, 0], [1024, 4], [1025, 1], [1065, 0], [1065, 0], [1065, 1]]",0
"7.10-240,103,40,135,90,171+14","[[1105, 0], [1105, 0], [1105, 0], [1105, 0], [1105, 0], [1105, 0], [1105, 0], [1105, 0], [1105, 0], [1105, 0], [1105, 0], [1105, 0], [1105, 0], [1105, 0], [1105, 0], [1105, 0], [1105, 0], [1105, 2], [1065, 0], [1065, 0], [1065, 3], [1064, 2], [1024, 0], [1024, 0], [1024, 2], [984, 0], [984, 4]]",0
"7.10-240,103,40,135,90,171+15","[[985, 3], [984, 0], [984, 1], [1024, 0], [1024, 0], [1024, 4], [1025, 1], [1065, 0], [1065, 0], [1065, 1], [1105, 0], [1105, 4], [1106, 0], [1106, 1], [1146, 0], [1146, 0], [1146, 0], [1146, 4], [1147, 0], [1147, 0], [1147, 4], [1148, 0], [1148, 2], [1108, 0], [1108, 4], [1109, 0], [1109, 4], [1110, 0], [1110, 2], [1070, 0], [1070, 4]]",0
"7.10-240,103,40,135,90,171+16","[[1071, 3], [1070, 0], [1070, 1], [1110, 0], [1110, 3], [1109, 0], [1109, 3], [1108, 0], [1108, 1], [1148, 0], [1148, 3], [1147, 0], [1147, 0], [1147, 3], [1146, 0], [1146, 0], [1146, 0], [1146, 2], [1106, 0], [1106, 3]]",0
"7.10-240,103,40,135,90,171+17","[[1105, 2], [1065, 0], [1065, 0], [1065, 3], [1064, 2], [1024, 0], [1024, 0], [1024, 2], [984, 0], [984, 4]]",0
"7.10-240,103,40,135,90,171+18","[[985, 3], [984, 0], [984, 1], [1024, 0], [1024, 0], [1024, 4], [1025, 1], [1065, 0], [1065, 0], [1065, 1]]",0
"7.10-240,103,40,135,90,171+19","[[1105, 0], [1105, 0], [1105, 0], [1105, 0], [1105, 0], [1105, 0], [1105, 0], [1105, 0], [1105, 0], [1105, 0], [1105, 0], [1105, 0], [1105, 0], [1105, 0], [1105, 0], [1105, 0], [1105, 0], [1105, 0]]",0
"7.10-208,151,254,41,36,198+8","[[832, 0], [832, 0], [832, 0], [832, 0], [832, 0], [832, 0], [832, 0], [832, 0], [832, 0], [832, 0], [832, 0], [832, 0], [832, 0], [832, 0], [832, 0], [832, 0], [832, 0], [832, 0], [832, 0], [832, 0], [832, 0], [832, 0], [832, 0], [832, 0], [832, 0], [832, 0], [832, 0], [832, 0], [832, 0], [832, 0], [832, 0], [832, 0], [832, 0], [832, 0], [832, 0], [832, 0], [832, 0], [832, 0], [832, 0]]",0
"7.10-208,151,254,41,36,198+13","[[834, 0], [834, 0], [834, 0], [834, 0], [834, 0], [834, 0], [834, 0], [834, 0]]",0
"7.10-208,151,254,41,36,198+16","[[910, 0], [910, 0], [910, 0], [910, 0], [910, 0], [910, 0], [910, 0], [910, 0], [910, 0], [910, 0], [910, 0], [910, 0], [910, 0], [910, 0], [910, 0], [910, 0], [910, 0]]",0
"7.10-88,198,240,41,58,135+2","[[637, 0], [637, 0], [637, 0], [637, 0], [637, 0], [637, 0], [637, 0], [637, 0], [637, 0], [637, 0], [637, 0], [637, 0], [637, 0], [637, 0], [637, 0], [637, 0], [637, 0], [637, 0], [637, 0], [637, 0], [637, 0], [637, 0], [637, 0], [637, 0], [637, 0], [637, 0], [637, 0], [637, 0], [637, 0], [637, 0], [637, 0], [637, 0], [637, 0], [637, 0]]",0
"7.10-88,198,240,41,58,135+6","[[637, 0], [637, 0], [637, 0], [637, 0], [637, 0], [637, 0]]",0
"7.10-88,198,240,41,58,135+16","[[743, 0]]",0
"7.10-88,198,240,41,58,135+20","[[743, 0], [743, 0], [743, 0], [743, 0], [743, 0], [743, 0], [743, 0], [743, 0], [743, 0], [743, 0], [743, 0], [743, 0], [743, 0], [743, 0], [743, 0], [743, 0], [743, 0], [743, 0], [743, 0], [743, 0], [743, 0], [743, 0], [743, 2], [703, 0], [703, 2], [663, 0], [663, 2]]",0
"7.10-88,198,240,41,58,135+21","[[623, 1], [663, 0], [663, 1], [703, 0], [703, 1], [743, 0]]",0
"7.10-88,198,240,41,58,135+22","[[743, 0], [743, 0], [743, 0], [743, 0], [743, 0], [743, 0], [743, 0], [743, 1], [783, 4], [784, 0], [784, 0], [784, 4], [785, 0], [785, 0], [785, 4], [786, 0], [786, 2], [746, 4], [747, 0], [747, 4], [748, 1], [788, 0], [788, 4], [789, 0], [789, 1], [829, 4], [830, 0], [830, 4], [831, 4]]",0
"7.10-88,198,240,41,58,135+29","[[717, 0], [717, 0], [717, 0], [717, 0], [717, 0], [717, 0], [717, 0], [717, 0], [717, 0], [717, 0], [717, 0]]",0
"7.10-8,74,207,99,147,223+13","[[625, 0], [625, 0], [625, 0], [625, 0]]",0
"7.10-8,74,207,99,147,223+20","[[664, 0], [664, 0], [664, 0], [664, 0], [664, 0], [664, 0], [664, 0]]",0
"7.10-8,74,207,99,147,223+21","[[420, 1], [460, 0], [460, 3], [459, 0], [459, 1], [499, 0], [499, 0], [499, 4], [500, 4], [501, 1], [541, 0], [541, 4], [542, 1], [582, 0], [582, 4], [583, 1], [623, 0], [623, 0], [623, 4], [624, 1], [664, 0], [664, 4], [665, 0], [665, 1], [705, 4], [706, 0], [706, 1], [746, 4], [747, 0], [747, 4], [748, 1]]",0
"7.10-8,74,207,99,147,223+28","[[625, 0], [625, 0], [625, 0], [625, 0], [625, 0], [625, 0], [625, 0], [625, 0]]",0
"7.10-104,160,62,174,96,98+2","[[750, 0], [750, 0], [750, 0], [750, 0], [750, 0], [750, 0], [750, 0], [750, 0], [750, 0], [750, 0], [750, 0], [750, 0], [750, 0], [750, 0], [750, 0], [750, 0], [750, 0], [750, 0], [750, 0], [750, 0], [750, 0], [750, 0], [750, 0], [750, 0], [750, 0], [750, 0], [750, 0], [750, 0], [750, 0], [750, 0], [750, 0], [750, 0], [750, 0], [750, 0], [750, 0], [750, 0], [750, 0], [750, 0], [750, 0], [750, 0], [750, 0], [750, 0], [750, 0], [750, 0], [750, 0], [750, 0], [750, 0], [750, 0], [750, 0], [750, 0], [750, 0], [750, 0], [750, 0], [750, 0], [750, 0], [750, 0], [750, 0], [750, 0], [750, 0], [750, 0], [750, 0], [750, 0], [750, 0], [750, 0], [750, 0], [750, 0], [750, 0], [750, 0], [750, 0], [750, 0], [750, 0], [750, 0], [750, 0], [750, 0], [750, 0], [750, 0], [750, 0], [750, 0], [750, 0], [750, 0], [750, 0], [750, 0], [750, 0], [750, 0], [750, 0], [750, 0], [750, 0], [750, 0], [750, 0], [750, 0], [750, 0], [750, 0], [750, 0], [750, 0], [750, 0], [750, 0], [750, 0], [750, 0], [750, 0], [750, 0], [750, 0], [750, 0], [750, 0]]",0
"7.10-104,160,62,174,96,98+3","[[750, 0], [750, 0], [750, 0], [750, 0], [750, 0], [750, 0], [750, 0], [750, 0], [750, 0], [750, 0], [750, 0], [750, 0], [750, 0], [750, 0], [750, 0], [750, 0], [750, 0], [750, 0], [750, 0], [750, 0], [750, 0]]",0
"7.10-180,71,245,166,44,220+2","[[951, 0], [951, 0], [951, 0], [951, 0], [951, 0], [951, 0], [951, 0], [951, 0], [951, 0]]",0
"7.10-180,71,245,166,44,220+4","[[951, 0], [951, 0], [951, 0], [951, 0], [951, 0], [951, 0], [951, 0], [951, 0], [951, 0], [951, 0], [951, 0], [951, 0], [951, 0], [951, 0], [951, 0], [951, 0], [951, 0], [951, 0], [951, 0], [951, 0]]",0
"7.10-180,71,245,166,44,220+6","[[951, 0], [951, 0], [951, 0], [951, 0], [951, 0], [951, 0], [951, 0], [951, 0], [951, 0], [951, 0], [951, 0], [951, 0], [951, 0], [951, 0], [951, 0], [951, 0], [951, 0], [951, 0], [951, 0], [951, 0], [951, 0], [951, 0], [951, 0], [951, 0], [951, 0], [951, 0], [951, 0], [951, 0], [951, 0], [951, 0], [951, 0], [951, 0], [951, 0], [951, 0], [951, 0], [951, 0], [951, 0], [951, 0], [951, 0], [951, 0], [951, 0], [951, 0], [951, 0], [951, 0], [951, 0], [951, 0], [951, 0]]",0
"7.10-180,71,245,166,44,220+8","[[951, 0], [951, 0], [951, 0], [951, 0], [951, 0], [951, 0], [951, 0], [951, 0], [951, 0], [951, 0], [951, 0], [951, 0], [951, 0], [951, 0], [951, 0], [951, 0], [951, 0], [951, 0], [951, 0], [951, 0], [951, 0], [951, 0], [951, 0], [951, 0], [951, 0], [951, 0], [951, 0], [951, 0], [951, 0], [951, 0], [951, 0], [951, 0]]",0
"7.10-176,241,236,211,105,14+1","[[788, 0], [788, 0], [788, 0], [788, 0], [788, 0], [788, 0], [788, 0], [788, 0], [788, 0], [788, 0], [788, 0], [788, 0], [788, 0], [788, 0], [788, 0], [788, 0], [788, 0], [788, 0], [788, 0], [788, 0], [788, 0], [788, 0], [788, 0], [788, 0], [788, 0], [788, 0], [788, 0], [788, 0], [788, 0], [788, 0], [788, 0], [788, 0], [788, 0], [788, 0], [788, 0], [788, 0], [788, 0], [788, 0], [788, 0], [788, 0], [788, 0], [788, 0], [788, 0], [788, 0], [788, 0], [788, 0], [788, 0], [788, 0], [788, 0], [788, 0], [788, 0], [788, 0], [788, 0], [788, 0], [788, 0], [788, 0], [788, 0], [788, 0], [788, 0], [788, 0], [788, 0], [788, 0], [788, 0], [788, 0], [788, 0], [788, 0], [788, 0], [788, 0], [788, 0], [788, 0], [788, 0], [788, 4], [789, 0], [789, 1], [829, 4], [830, 0], [830, 4], [831, 4]]",0
"7.10-176,241,236,211,105,14+2","[[832, 3], [831, 3], [830, 0], [830, 2], [790, 3], [789, 0], [789, 3]]",0
"7.10-176,241,236,211,105,14+3","[[788, 4], [789, 0], [789, 1], [829, 4], [830, 0], [830, 4], [831, 4]]",0
"7.10-176,241,236,211,105,14+4","[[832, 3], [831, 3], [830, 0], [830, 2], [790, 3], [789, 0], [789, 3], [788, 0], [788, 3], [787, 2], [747, 0], [747, 3], [746, 2], [706, 0], [706, 2], [666, 3], [665, 0], [665, 3], [664, 0], [664, 3], [663, 2], [623, 0], [623, 0], [623, 2], [583, 3], [582, 0], [582, 2], [542, 3], [541, 0], [541, 3], [540, 2], [500, 3], [499, 0], [499, 0], [499, 2], [459, 0], [459, 4], [460, 0], [460, 2]]",0
"7.10-176,241,236,211,105,14+5","[[420, 1], [460, 0], [460, 3], [459, 0], [459, 1], [499, 0], [499, 0], [499, 4], [500, 1], [540, 4], [541, 0], [541, 1], [581, 4], [582, 0], [582, 4], [583, 1], [623, 0], [623, 0], [623, 1], [663, 4], [664, 0], [664, 4], [665, 0], [665, 4], [666, 1], [706, 0], [706, 4], [707, 1], [747, 0], [747, 1], [787, 4]]",0
"7.10-176,241,236,211,105,14+6","[[788, 4], [789, 0], [789, 4], [790, 1], [830, 0], [830, 4], [831, 4]]",0
"7.10-176,241,236,211,105,14+7","[[832, 3], [831, 3], [830, 0], [830, 2], [790, 3], [789, 0], [789, 1], [829, 0], [829, 3], [828, 1], [868, 0], [868, 0], [868, 1], [908, 0], [908, 3], [907, 0], [907, 1], [947, 0], [947, 3], [946, 0], [946, 3], [945, 0], [945, 1]]",0
"7.10-176,241,236,211,105,14+8","[[985, 2], [945, 0], [945, 4], [946, 0], [946, 4], [947, 0], [947, 2], [907, 0], [907, 4], [908, 0], [908, 2], [868, 0], [868, 0], [868, 2], [828, 4], [829, 0], [829, 2], [789, 0], [789, 3]]",0
"7.10-176,241,236,211,105,14+9","[[788, 0], [788, 0], [788, 0], [788, 0], [788, 0], [788, 0], [788, 0], [788, 0], [788, 0], [788, 0], [788, 0], [788, 0], [788, 0], [788, 0], [788, 0], [788, 0], [788, 0], [788, 0], [788, 0], [788, 0], [788, 0], [788, 0], [788, 0], [788, 0], [788, 0], [788, 0], [788, 0], [788, 0], [788, 0], [788, 0], [788, 0], [788, 0], [788, 0], [788, 0], [788, 0], [788, 0], [788, 0], [788, 0], [788, 0], [788, 0], [788, 0], [788, 0], [788, 0], [788, 0], [788, 0], [788, 0], [788, 0], [788, 0], [788, 0], [788, 0], [788, 0], [788, 0], [788, 0], [788, 0], [788, 0], [788, 0], [788, 0], [788, 0], [788, 0], [788, 0], [788, 0], [788, 0], [788, 0], [788, 0], [788, 0], [788, 0], [788, 0], [788, 0], [788, 0]]",0
"7.10-8,250,121,183,224,101+4","[[717, 0], [717, 0], [717, 0], [717, 0], [717, 0], [717, 0], [717, 0], [717, 0], [717, 0], [717, 0], [717, 0], [717, 0], [717, 0], [717, 0], [717, 0], [717, 0], [717, 0], [717, 0], [717, 0], [717, 0], [717, 0], [717, 0], [717, 0], [717, 0], [717, 0], [717, 0], [717, 0], [717, 0], [717, 0], [717, 0], [717, 0], [717, 0], [717, 0], [717, 0], [717, 0], [717, 0], [717, 0], [717, 0], [717, 0], [717, 0], [717, 0], [717, 0], [717, 0], [717, 0], [717, 0], [717, 0], [717, 0], [717, 0], [717, 0], [717, 0], [717, 0], [717, 0], [717, 0], [717, 0], [717, 0], [717, 0], [717, 0], [717, 0], [717, 0], [717, 0], [717, 0], [717, 0], [717, 0], [717, 0], [717, 0], [717, 0], [717, 0], [717, 0], [717, 0], [717, 0], [717, 0], [717, 0], [717, 0], [717, 0], [717, 0], [717, 0], [717, 0], [717, 0], [717, 0], [717, 0], [717, 0], [717, 0], [717, 0], [717, 0], [717, 0], [717, 0], [717, 0], [717, 0], [717, 0], [717, 0], [717, 0], [717, 0], [717, 0], [717, 0], [717, 0], [717, 0], [717, 0], [717, 0], [717, 0]]",0
"7.10-8,250,121,183,224,101+5","[[597, 0], [597, 0], [597, 0], [597, 0]]",0
"7.10-128,214,5,75,8,213+3","[[625, 0], [625, 0]]",0
"7.10-128,214,5,75,8,213+9","[[625, 0], [625, 0], [625, 0], [625, 0], [625, 0], [625, 0], [625, 0], [625, 0], [625, 0], [625, 0]]",0
"7.10-128,214,5,75,8,213+14","[[747, 0]]",0
"7.10-128,214,5,75,8,213+16","[[747, 0], [747, 0], [747, 0], [747, 0], [747, 0]]",0
"7.10-128,214,5,75,8,213+27","[[789, 0], [789, 0], [789, 0], [789, 0], [789, 0]]",0
"7.10-128,214,5,75,8,213+33","[[789, 0], [789, 0], [789, 0], [789, 0], [789, 0], [789, 0], [789, 0], [789, 0], [789, 0]]",0
"7.10-140,37,5,134,24,48+2","[[948, 0], [948, 0], [948, 0], [948, 0], [948, 0], [948, 0], [948, 0], [948, 0], [948, 0], [948, 0], [948, 0], [948, 0], [948, 0], [948, 0], [948, 0], [948, 0]]",0
"7.10-140,37,5,134,24,48+4","[[948, 0], [948, 0], [948, 0], [948, 0], [948, 0], [948, 0], [948, 0], [948, 0], [948, 0]]",0
"7.10-140,37,5,134,24,48+5","[[788, 4], [789, 0], [789, 1], [829, 4], [830, 0], [830, 4], [831, 4]]",0
"7.10-140,37,5,134,24,48+7","[[948, 0], [948, 0], [948, 0], [948, 0], [948, 0], [948, 0], [948, 0], [948, 0], [948, 0], [948, 0], [948, 0], [948, 0], [948, 0], [948, 0], [948, 0], [948, 0], [948, 0], [948, 0], [948, 0], [948, 0], [948, 0], [948, 0], [948, 0], [948, 0], [948, 0], [948, 0], [948, 0], [948, 0], [948, 0], [948, 0], [948, 0], [948, 0], [948, 0], [948, 0], [948, 0], [948, 0], [948, 0], [948, 0], [948, 0], [948, 0]]",0
"7.10-140,37,5,134,24,48+9","[[948, 0], [948, 0], [948, 0], [948, 0], [948, 0], [948, 0], [948, 0], [948, 0], [948, 0], [948, 0], [948, 0], [948, 0], [948, 0], [948, 0], [948, 0], [948, 0], [948, 0], [948, 0], [948, 0], [948, 0], [948, 0], [948, 0], [948, 0], [948, 0], [948, 0], [948, 0], [948, 0], [948, 0], [948, 0], [948, 0], [948, 0], [948, 0], [948, 0], [948, 0], [948, 0], [948, 0], [948, 0], [948, 0], [948, 0], [948, 0], [948, 0]]",0
"7.10-112,58,81,118,159,27+2","[[750, 0], [750, 0], [750, 0], [750, 0], [750, 0], [750, 0], [750, 0], [750, 0], [750, 0], [750, 0], [750, 0], [750, 0], [750, 0], [750, 0], [750, 0], [750, 0], [750, 0], [750, 0], [750, 0], [750, 0], [750, 0], [750, 0], [750, 0], [750, 0], [750, 0], [750, 0], [750, 0], [750, 0], [750, 0], [750, 0], [750, 0], [750, 0]]",0
"7.10-112,58,81,118,159,27+10","[[750, 0], [750, 0], [750, 0], [750, 0], [750, 0], [750, 0], [750, 0], [750, 0], [750, 0], [750, 0], [750, 0], [750, 0], [750, 0], [750, 0], [750, 0], [750, 0], [750, 0], [750, 0], [750, 0], [750, 0], [750, 0], [750, 0], [750, 0], [750, 0], [750, 0], [750, 0], [750, 0], [750, 0], [750, 0], [750, 0], [750, 0], [750, 0], [750, 0], [750, 0], [750, 0], [750, 0], [750, 0], [750, 0], [750, 0], [750, 0], [750, 0], [750, 0], [750, 0], [750, 0], [750, 0], [750, 0], [750, 0], [750, 0], [750, 0], [750, 0], [750, 0], [750, 0], [750, 0], [750, 0], [750, 0], [750, 0], [750, 0], [750, 0], [750, 0], [750, 0], [750, 0], [750, 0], [750, 0], [750, 0]]",0
"7.10-8,250,121,45,167,67+2","[[874, 0], [874, 0], [874, 0], [874, 0], [874, 0], [874, 0], [874, 0], [874, 0], [874, 0], [874, 0], [874, 0], [874, 0], [874, 0], [874, 0], [874, 0], [874, 0], [874, 0], [874, 0], [874, 0], [874, 0], [874, 0], [874, 0], [874, 0], [874, 0], [874, 0], [874, 0], [874, 0], [874, 0], [874, 0], [874, 0], [874, 0], [874, 0], [874, 0], [874, 0], [874, 0], [874, 0], [874, 0], [874, 0], [874, 0], [874, 0], [874, 0], [874, 0], [874, 0], [874, 0], [874, 0], [874, 0], [874, 0], [874, 0], [874, 0], [874, 0], [874, 0], [874, 0], [874, 0], [874, 0], [874, 0], [874, 0], [874, 0], [874, 0], [874, 0], [874, 0], [874, 0], [874, 0], [874, 0], [874, 0], [874, 0], [874, 0]]",0
"7.10-8,250,121,45,167,67+8","[[874, 0], [874, 0], [874, 0], [874, 0], [874, 0], [874, 0], [874, 0], [874, 0], [874, 0], [874, 0], [874, 0], [874, 0], [874, 0], [874, 0], [874, 0], [874, 0], [874, 0], [874, 0], [874, 0], [874, 0], [874, 0]]",0
"7.10-8,250,121,45,167,67+10","[[874, 0], [874, 0], [874, 0], [874, 0], [874, 0], [874, 0], [874, 0], [874, 0], [874, 0], [874, 0], [874, 0], [874, 0], [874, 0], [874, 0], [874, 0], [874, 0], [874, 0], [874, 0], [874, 0], [874, 0], [874, 0], [874, 0], [874, 0], [874, 0], [874, 0], [874, 0], [874, 0], [874, 0], [874, 0], [874, 0], [874, 0], [874, 0], [874, 0], [874, 0]]",0
"7.10-164,201,57,9,43,253+4","[[874, 0], [874, 0], [874, 0], [874, 0], [874, 0], [874, 0], [874, 0], [874, 0], [874, 0], [874, 0], [874, 0], [874, 0], [874, 0], [874, 0], [874, 0]]",0
"7.10-164,201,57,9,43,253+7","[[558, 0], [558, 0], [558, 0], [558, 0], [558, 0], [558, 0], [558, 0], [558, 0], [558, 0], [558, 0], [558, 0], [558, 0]]",0
"7.10-164,201,57,9,43,253+13","[[675, 0], [675, 0]]",0
"7.10-164,201,57,9,43,253+18","[[558, 0], [558, 0]]",0
"7.10-164,204,185,229,56,107+2","[[989, 0], [989, 0], [989, 0], [989, 0], [989, 0], [989, 0], [989, 0], [989, 0], [989, 0], [989, 0], [989, 0], [989, 0], [989, 0], [989, 0], [989, 0], [989, 0], [989, 0]]",0
"7.10-164,204,185,229,56,107+4","[[985, 2], [945, 0], [945, 4], [946, 0], [946, 4], [947, 0], [947, 2], [907, 0], [907, 4], [908, 0], [908, 2], [868, 0], [868, 0], [868, 2], [828, 4], [829, 0], [829, 2], [789, 0], [789, 3]]",0
"7.10-164,204,185,229,56,107+5","[[788, 2], [748, 3], [747, 0], [747, 3], [746, 2], [706, 0], [706, 3], [705, 2], [665, 0], [665, 3], [664, 0], [664, 2], [624, 3], [623, 0], [623, 0], [623, 3], [622, 2], [582, 0], [582, 3], [581, 2], [541, 0], [541, 3], [540, 3], [539, 2], [499, 0], [499, 0], [499, 2], [459, 0], [459, 4], [460, 0], [460, 2]]",0
"7.10-164,204,185,229,56,107+6","[[420, 1], [460, 0], [460, 3], [459, 0], [459, 1]]",0
"7.10-164,204,185,229,56,107+7","[[499, 0], [499, 4], [500, 1], [540, 4], [541, 0], [541, 4], [542, 1], [582, 0], [582, 1], [622, 4], [623, 0]]",0
"7.10-164,204,185,229,56,107+10","[[985, 3], [984, 0], [984, 1], [1024, 0], [1024, 0], [1024, 1], [1064, 4], [1065, 0], [1065, 0], [1065, 1], [1105, 0], [1105, 4], [1106, 0], [1106, 1], [1146, 0], [1146, 0], [1146, 0], [1146, 4], [1147, 0], [1147, 0], [1147, 4], [1148, 0], [1148, 2], [1108, 0], [1108, 4], [1109, 0], [1109, 4], [1110, 0], [1110, 2], [1070, 0], [1070, 4]]",0
"7.10-164,204,185,229,56,107+12","[[989, 0], [989, 0], [989, 0], [989, 0], [989, 0], [989, 0], [989, 0], [989, 0], [989, 0], [989, 0], [989, 0], [989, 0], [989, 0], [989, 0], [989, 0], [989, 0], [989, 0], [989, 0], [989, 0], [989, 0], [989, 0], [989, 0], [989, 0], [989, 0], [989, 0], [989, 0], [989, 0], [989, 0], [989, 0], [989, 0], [989, 0], [989, 0], [989, 0]]",0
"7.10-64,140,31,142,167,149+4","[[709, 0]]",0
"7.10-64,140,31,142,167,149+6","[[587, 0], [587, 0], [587, 3], [586, 0], [586, 0], [586, 3], [585, 0], [585, 2], [545, 3], [544, 0], [544, 0], [544, 2], [504, 0], [504, 3], [503, 0], [503, 3], [502, 2], [462, 0], [462, 3], [461, 0], [461, 3], [460, 0], [460, 2]]",0
"7.10-64,140,31,142,167,149+8","[[797, 0], [797, 0], [797, 0], [797, 0], [797, 0], [797, 0], [797, 0], [797, 0], [797, 0]]",0
"7.10-64,68,253,44,108,157+6","[[1067, 0], [1067, 0], [1067, 0], [1067, 0], [1067, 0], [1067, 0]]",0
"7.10-64,68,253,44,108,157+8","[[420, 1], [460, 0], [460, 3], [459, 0], [459, 1]]",0
"7.10-64,68,253,44,108,157+9","[[499, 2], [459, 0], [459, 4], [460, 0], [460, 2]]",0
"7.10-64,68,253,44,108,157+10","[[420, 1], [460, 0], [460, 4], [461, 0], [461, 4], [462, 0], [462, 1], [502, 4], [503, 0], [503, 4], [504, 0], [504, 1], [544, 0], [544, 0], [544, 4], [545, 1], [585, 0], [585, 4], [586, 0], [586, 0], [586, 4], [587, 0], [587, 0]]",0
"7.10-64,68,253,44,108,157+11","[[587, 1], [627, 4], [628, 0], [628, 0], [628, 4], [629, 1], [669, 0], [669, 0], [669, 1], [709, 0], [709, 1], [749, 0], [749, 0], [749, 1], [789, 3]]",0
"7.10-64,68,253,44,108,157+12","[[788, 3], [787, 2], [747, 0], [747, 2], [707, 3], [706, 0], [706, 3], [705, 2], [665, 0], [665, 3], [664, 0], [664, 2], [624, 3], [623, 0], [623, 0], [623, 3], [622, 2], [582, 0], [582, 2], [542, 3], [541, 0], [541, 3], [540, 2], [500, 3], [499, 0], [499, 0], [499, 2], [459, 0], [459, 4], [460, 0], [460, 2]]",0
"7.10-64,68,253,44,108,157+15","[[985, 2], [945, 0], [945, 4], [946, 0], [946, 4], [947, 0], [947, 2], [907, 0], [907, 4], [908, 0], [908, 2], [868, 0], [868, 0], [868, 4], [869, 2], [829, 0], [829, 2], [789, 0], [789, 3], [788, 0], [788, 3], [787, 2], [747, 0], [747, 3], [746, 2], [706, 0], [706, 3], [705, 2], [665, 0], [665, 3], [664, 0], [664, 2], [624, 3], [623, 0], [623, 0], [623, 2], [583, 3], [582, 0], [582, 2], [542, 3], [541, 0], [541, 3], [540, 2], [500, 3], [499, 0], [499, 0], [499, 2], [459, 3], [458, 0], [458, 3], [457, 0], [457, 3], [456, 3], [455, 2], [415, 0], [415, 3], [414, 2], [374, 0], [374, 3], [373, 0], [373, 3], [372, 2], [332, 3], [331, 0], [331, 3], [330, 2], [290, 3], [289, 0], [289, 3], [288, 0], [288, 2], [248, 3], [247, 0], [247, 2], [207, 3]]",0
"7.10-64,68,253,44,108,157+16","[[206, 3], [205, 0], [205, 3], [204, 2], [164, 0], [164, 0], [164, 3], [163, 2], [123, 0], [123, 2], [83, 3], [82, 0], [82, 3], [81, 2]]",0
"7.10-64,68,253,44,108,157+17","[[41, 1], [81, 4], [82, 0], [82, 1], [122, 4], [123, 0], [123, 4], [124, 1], [164, 0], [164, 0], [164, 1], [204, 4], [205, 0], [205, 4], [206, 0], [206, 1], [246, 4], [247, 0], [247, 4], [248, 1], [288, 0], [288, 4], [289, 0], [289, 4], [290, 1], [330, 4], [331, 0], [331, 4], [332, 4], [333, 1], [373, 0], [373, 4], [374, 0], [374, 1], [414, 4], [415, 0], [415, 4], [416, 4], [417, 1], [457, 0], [457, 4], [458, 0], [458, 4], [459, 1], [499, 0], [499, 2], [459, 0], [459, 4], [460, 0], [460, 2]]",0
"7.10-64,68,253,44,108,157+19","[[1067, 0], [1067, 0], [1067, 0], [1067, 0], [1067, 0], [1067, 0], [1067, 0], [1067, 0], [1067, 0], [1067, 0], [1067, 0], [1067, 0], [1067, 0], [1067, 0], [1067, 0], [1067, 0], [1067, 0], [1067, 0], [1067, 0], [1067, 0], [1067, 0], [1067, 0], [1067, 0], [1067, 0], [1067, 0], [1067, 0], [1067, 0], [1067, 0], [1067, 0], [1067, 0], [1067, 0], [1067, 0], [1067, 0], [1067, 0], [1067, 0], [1067, 0], [1067, 0], [1067, 0]]",0
"7.10-20,94,105,93,76,199+2","[[750, 0], [750, 0], [750, 0], [750, 0]]",0
"7.10-20,94,105,93,76,199+4","[[750, 0], [750, 0], [750, 0], [750, 0], [750, 0], [750, 0]]",0
"7.10-20,94,105,93,76,199+6","[[750, 0], [750, 0], [750, 0]]",0
"7.10-20,94,105,93,76,199+10","[[750, 0], [750, 0], [750, 0], [750, 0], [750, 0], [750, 0]]",0
"7.10-20,94,105,93,76,199+12","[[750, 0], [750, 0], [750, 0], [750, 0], [750, 0], [750, 0], [750, 0], [750, 0], [750, 0], [750, 0], [750, 0], [750, 0], [750, 0], [750, 0], [750, 0], [750, 0], [750, 0], [750, 0], [750, 0], [750, 0], [750, 0], [750, 0], [750, 0], [750, 0], [750, 0], [750, 0], [750, 0], [750, 0], [750, 0], [750, 0], [750, 0], [750, 0], [750, 0], [750, 0], [750, 0], [750, 0], [750, 0], [750, 0], [750, 0], [750, 0], [750, 0], [750, 0], [750, 0], [750, 0], [750, 0], [750, 0], [750, 0], [750, 0], [750, 0], [750, 0], [750, 0], [750, 0], [750, 0], [750, 0], [750, 0], [750, 0], [750, 0], [750, 0], [750, 0], [750, 0], [750, 0], [750, 0], [750, 0], [750, 0], [750, 0], [750, 0], [750, 0], [750, 0], [750, 0], [750, 0], [750, 0], [750, 0], [750, 0]]",0
"7.10-204,129,42,183,42,73+4","[[952, 0], [952, 0], [952, 0], [952, 0], [952, 0], [952, 0], [952, 0], [952, 0], [952, 0], [952, 0], [952, 0]]",0
"7.10-204,129,42,183,42,73+5","[[876, 0]]",0
"7.10-204,129,42,183,42,73+8","[[587, 0], [587, 0], [587, 4], [588, 1], [628, 0], [628, 0], [628, 1], [668, 4], [669, 0], [669, 0], [669, 1], [709, 0], [709, 1], [749, 0], [749, 0], [749, 3], [748, 1], [788, 0], [788, 4], [789, 0], [789, 1], [829, 4], [830, 0], [830, 4], [831, 4], [832, 0], [832, 4], [833, 0], [833, 4], [834, 0], [834, 1], [874, 0], [874, 4], [875, 4], [876, 0], [876, 4], [877, 0], [877, 4], [878, 0], [878, 4]]",0
"7.10-204,129,42,183,42,73+9","[[879, 3], [878, 0], [878, 3], [877, 0], [877, 3], [876, 0], [876, 3], [875, 3], [874, 0], [874, 2], [834, 0], [834, 3], [833, 0], [833, 3], [832, 0], [832, 3], [831, 3], [830, 0], [830, 2], [790, 3], [789, 0], [789, 3], [788, 0], [788, 4], [789, 2], [749, 0], [749, 0], [749, 2], [709, 0], [709, 2], [669, 0], [669, 0], [669, 2], [629, 3], [628, 0], [628, 0], [628, 2], [588, 3]]",0
"7.10-204,129,42,183,42,73+12","[[587, 0], [587, 0], [587, 0], [587, 0], [587, 0], [587, 0], [587, 0], [587, 0], [587, 0], [587, 0], [587, 0], [587, 0], [587, 0], [587, 0], [587, 0], [587, 0], [587, 0], [587, 0], [587, 0], [587, 0], [587, 0], [587, 0], [587, 0], [587, 0], [587, 0], [587, 0], [587, 0], [587, 0], [587, 0], [587, 0], [587, 0], [587, 0], [587, 0], [587, 0], [587, 0], [587, 0], [587, 0], [587, 0], [587, 0], [587, 0], [587, 0], [587, 4], [588, 1], [628, 0], [628, 0], [628, 4], [629, 1], [669, 0], [669, 0], [669, 1], [709, 0], [709, 1], [749, 0], [749, 0], [749, 1], [789, 3], [788, 0], [788, 4], [789, 0], [789, 4], [790, 1], [830, 0], [830, 4], [831, 4], [832, 0], [832, 4], [833, 0], [833, 4], [834, 0], [834, 1], [874, 0], [874, 1], [914, 0], [914, 1], [954, 0], [954, 0], [954, 3], [953, 0], [953, 1], [993, 0], [993, 1], [1033, 0], [1033, 3], [1032, 2], [992, 0], [992, 0], [992, 1], [1032, 0], [1032, 3], [1031, 0], [1031, 0], [1031, 1]]",0
"7.10-204,129,42,183,42,73+13","[[1071, 2], [1031, 0], [1031, 0], [1031, 4], [1032, 0], [1032, 2], [992, 0], [992, 0], [992, 1], [1032, 4], [1033, 0], [1033, 2], [993, 0], [993, 2], [953, 0], [953, 4], [954, 0], [954, 0], [954, 2], [914, 0], [914, 2], [874, 0], [874, 2], [834, 0], [834, 3], [833, 0], [833, 3], [832, 0], [832, 3], [831, 3], [830, 0], [830, 3], [829, 2], [789, 0], [789, 3], [788, 0], [788, 4], [789, 2], [749, 0], [749, 0], [749, 2], [709, 0], [709, 2], [669, 0], [669, 0], [669, 2], [629, 3], [628, 0], [628, 0], [628, 2], [588, 3]]",0
"7.10-204,129,42,183,42,73+14","[[587, 4], [588, 1], [628, 0], [628, 0], [628, 4], [629, 1], [669, 0], [669, 0], [669, 1], [709, 0], [709, 1], [749, 0], [749, 0], [749, 1], [789, 3], [788, 0], [788, 4], [789, 0], [789, 1], [829, 4], [830, 0], [830, 4], [831, 4], [832, 0], [832, 4], [833, 0], [833, 4], [834, 0], [834, 1], [874, 0], [874, 1], [914, 0], [914, 1], [954, 0], [954, 0], [954, 3], [953, 0], [953, 1], [993, 0], [993, 1], [1033, 0], [1033, 2], [993, 3], [992, 0], [992, 0], [992, 1], [1032, 0], [1032, 3], [1031, 0], [1031, 0], [1031, 1]]",0
"7.10-204,129,42,183,42,73+15","[[1071, 2], [1031, 0], [1031, 0], [1031, 4], [1032, 0], [1032, 2], [992, 0], [992, 0], [992, 1], [1032, 4], [1033, 0], [1033, 2], [993, 0], [993, 2], [953, 0], [953, 4], [954, 0], [954, 0], [954, 2], [914, 0], [914, 2], [874, 0], [874, 2], [834, 0], [834, 3], [833, 0], [833, 3], [832, 0], [832, 3], [831, 3], [830, 0], [830, 3], [829, 2], [789, 0], [789, 3], [788, 0], [788, 4], [789, 2], [749, 0], [749, 0], [749, 2], [709, 0], [709, 2], [669, 0], [669, 0], [669, 3], [668, 2], [628, 0], [628, 0], [628, 3], [627, 2]]",0
"7.10-204,129,42,183,42,73+16","[[587, 0], [587, 0], [587, 3], [586, 0], [586, 0], [586, 3], [585, 0], [585, 1], [625, 0], [625, 0], [625, 3], [624, 1], [664, 0], [664, 3], [663, 2], [623, 0], [623, 1], [663, 0], [663, 1], [703, 0], [703, 1], [743, 0]]",0
"7.10-204,129,42,183,42,73+25","[[869, 0]]",0
"7.10-124,218,195,126,234,181+6","[[876, 0], [876, 0], [876, 0], [876, 0], [876, 0], [876, 0], [876, 0], [876, 0], [876, 0], [876, 0], [876, 0], [876, 0], [876, 0], [876, 0], [876, 0], [876, 0], [876, 0], [876, 0], [876, 0], [876, 0], [876, 0], [876, 0], [876, 0], [876, 0], [876, 0], [876, 0], [876, 0], [876, 0], [876, 0], [876, 0], [876, 0], [876, 0], [876, 0], [876, 0], [876, 0], [876, 0], [876, 0], [876, 0], [876, 0], [876, 0], [876, 0], [876, 0], [876, 0], [876, 0], [876, 0], [876, 0], [876, 0], [876, 0], [876, 0], [876, 0], [876, 0], [876, 0], [876, 0], [876, 0], [876, 0], [876, 0], [876, 0], [876, 0], [876, 0], [876, 0], [876, 0], [876, 0], [876, 0], [876, 0], [876, 0], [876, 0], [876, 0], [876, 0], [876, 0], [876, 0], [876, 0], [876, 0], [876, 0], [876, 0], [876, 0], [876, 0], [876, 0], [876, 0], [876, 0], [876, 0], [876, 0], [876, 0], [876, 0], [876, 0], [876, 0], [876, 0], [876, 0], [876, 0], [876, 0], [876, 0], [876, 0], [876, 0], [876, 0], [876, 0], [876, 0], [876, 0], [876, 0], [876, 0], [876, 0], [876, 0], [876, 0], [876, 0], [876, 0], [876, 0], [876, 0], [876, 0], [876, 0], [876, 0], [876, 0], [876, 0], [876, 0], [876, 0], [876, 0], [876, 0], [876, 0], [876, 0], [876, 0], [876, 0], [876, 0], [876, 0], [876, 0], [876, 0], [876, 0], [876, 0], [876, 0], [876, 0], [876, 0], [876, 0], [876, 0], [876, 0], [876, 0], [876, 0], [876, 0], [876, 0], [876, 0]]",0
"7.10-208,151,254,40,222,169+2","[[544, 0], [544, 0], [544, 0], [544, 0], [544, 0], [544, 0], [544, 0], [544, 0], [544, 0], [544, 0], [544, 0], [544, 0], [544, 0], [544, 0], [544, 0], [544, 0], [544, 0], [544, 0], [544, 0], [544, 0], [544, 0], [544, 0], [544, 0], [544, 0]]",0
"7.10-208,151,254,40,222,169+5","[[541, 0], [541, 0], [541, 0], [541, 0], [541, 0], [541, 0], [541, 0], [541, 0], [541, 0], [541, 0], [541, 0], [541, 0], [541, 0], [541, 0], [541, 0], [541, 0], [541, 0], [541, 0], [541, 0], [541, 0], [541, 0], [541, 0], [541, 0], [541, 0], [541, 0], [541, 0]]",0
"7.10-208,151,254,40,222,169+7","[[541, 0], [541, 0], [541, 0], [541, 0]]",0
"7.10-208,151,254,40,222,169+8","[[544, 0], [544, 0], [544, 0], [544, 0], [544, 0], [544, 0], [544, 0], [544, 0], [544, 0], [544, 0], [544, 0], [544, 0], [544, 0], [544, 0], [544, 0], [544, 0], [544, 0]]",0
"7.10-208,151,254,40,222,169+11","[[743, 4], [744, 1], [784, 0], [784, 0], [784, 4], [785, 0], [785, 0], [785, 4], [786, 0], [786, 4], [787, 2], [747, 0], [747, 1], [787, 4]]",0
"7.10-208,151,254,40,222,169+12","[[788, 4], [789, 0], [789, 4], [790, 1], [830, 0], [830, 4], [831, 4]]",0
"7.10-208,151,254,40,222,169+15","[[788, 4], [789, 0], [789, 1], [829, 4], [830, 0], [830, 4], [831, 4]]",0
"7.10-104,74,174,67,128,132+1","[[832, 0], [832, 0], [832, 3], [831, 3], [830, 0], [830, 3], [829, 2], [789, 0], [789, 3]]",0
"7.10-104,74,174,67,128,132+2","[[788, 4], [789, 0], [789, 4], [790, 1], [830, 0], [830, 4], [831, 4]]",0
"7.10-104,74,174,67,128,132+3","[[832, 0], [832, 3], [831, 3], [830, 0], [830, 3], [829, 2], [789, 0], [789, 3]]",0
"7.10-104,74,174,67,128,132+4","[[788, 4], [789, 0], [789, 1], [829, 4], [830, 0], [830, 4], [831, 4]]",0
"7.10-104,74,174,67,128,132+5","[[832, 4], [833, 0], [833, 4], [834, 0], [834, 1], [874, 0], [874, 4], [875, 4], [876, 0], [876, 4]]",0
"7.10-104,74,174,67,128,132+6","[[877, 3], [876, 0], [876, 3], [875, 3], [874, 0], [874, 2], [834, 0], [834, 3], [833, 0], [833, 3]]",0
"7.10-104,74,174,67,128,132+7","[[832, 0], [832, 4], [833, 0], [833, 4], [834, 0], [834, 1], [874, 0], [874, 1], [914, 0], [914, 1], [954, 0], [954, 0], [954, 3], [953, 0], [953, 1], [993, 0], [993, 1], [1033, 0], [1033, 2], [993, 3], [992, 0], [992, 0], [992, 1], [1032, 0], [1032, 3], [1031, 0], [1031, 0], [1031, 1]]",0
"7.10-104,74,174,67,128,132+8","[[1071, 2], [1031, 0], [1031, 0], [1031, 4], [1032, 0], [1032, 2], [992, 0], [992, 0], [992, 4], [993, 1], [1033, 0], [1033, 2], [993, 0], [993, 2], [953, 0], [953, 4], [954, 0], [954, 0], [954, 2], [914, 0], [914, 2], [874, 0], [874, 4], [875, 4], [876, 0], [876, 4]]",0
"7.10-104,74,174,67,128,132+9","[[877, 3], [876, 0], [876, 3], [875, 3], [874, 0], [874, 2], [834, 0], [834, 3], [833, 0], [833, 3]]",0
"7.10-104,74,174,67,128,132+10","[[832, 0], [832, 0], [832, 0], [832, 0], [832, 0], [832, 0], [832, 0], [832, 0], [832, 0], [832, 0], [832, 0], [832, 0], [832, 0], [832, 0], [832, 0], [832, 0], [832, 0], [832, 0], [832, 0], [832, 0], [832, 0], [832, 0], [832, 0], [832, 0], [832, 0], [832, 0], [832, 0], [832, 0], [832, 0], [832, 0], [832, 0], [832, 0], [832, 0], [832, 0], [832, 0], [832, 0], [832, 0], [832, 0], [832, 0], [832, 0], [832, 4], [833, 0], [833, 4], [834, 0], [834, 1], [874, 0], [874, 1], [914, 0], [914, 1], [954, 0], [954, 0], [954, 3], [953, 0], [953, 1], [993, 0], [993, 1], [1033, 0], [1033, 2], [993, 3], [992, 0], [992, 0], [992, 1], [1032, 0], [1032, 3], [1031, 0], [1031, 0], [1031, 1]]",0
"7.10-104,74,174,67,128,132+11","[[1071, 2], [1031, 0], [1031, 0], [1031, 4], [1032, 0], [1032, 2], [992, 0], [992, 0], [992, 4], [993, 1], [1033, 0], [1033, 2], [993, 0], [993, 2], [953, 0], [953, 4], [954, 0], [954, 0], [954, 2], [914, 0], [914, 2], [874, 0], [874, 2], [834, 0], [834, 3], [833, 0], [833, 3]]",0
"7.10-104,74,174,67,128,132+12","[[832, 0], [832, 0], [832, 0], [832, 0], [832, 0], [832, 0], [832, 0], [832, 0], [832, 0], [832, 0], [832, 4], [833, 0], [833, 4], [834, 0], [834, 1], [874, 0], [874, 1], [914, 0], [914, 1], [954, 0], [954, 0], [954, 3], [953, 0], [953, 1], [993, 0], [993, 1], [1033, 0], [1033, 2], [993, 3], [992, 0], [992, 0], [992, 1], [1032, 0], [1032, 3], [1031, 0], [1031, 0], [1031, 1]]",0
"7.10-104,74,174,67,128,132+13","[[1071, 2], [1031, 0], [1031, 0], [1031, 4], [1032, 0], [1032, 2], [992, 0], [992, 0], [992, 4], [993, 1], [1033, 0], [1033, 2], [993, 0], [993, 2], [953, 0], [953, 4], [954, 0], [954, 0], [954, 2], [914, 0], [914, 2], [874, 0], [874, 2], [834, 0], [834, 3], [833, 0], [833, 3]]",0
"7.10-104,74,174,67,128,132+14","[[832, 0], [832, 4], [833, 0], [833, 4], [834, 0], [834, 1], [874, 0], [874, 4], [875, 4], [876, 0], [876, 4]]",0
"7.10-104,74,174,67,128,132+15","[[877, 3], [876, 0], [876, 3], [875, 3], [874, 0], [874, 2], [834, 0], [834, 3], [833, 0], [833, 3]]",0
"7.10-104,74,174,67,128,132+16","[[832, 0], [832, 0], [832, 0], [832, 0], [832, 0], [832, 0], [832, 3], [831, 3], [830, 0], [830, 3], [829, 2], [789, 0], [789, 3]]",0
"7.10-104,74,174,67,128,132+17","[[788, 4], [789, 0], [789, 4], [790, 1], [830, 0], [830, 4], [831, 4], [832, 0], [832, 4], [833, 0], [833, 4], [834, 0], [834, 1], [874, 0], [874, 4], [875, 4], [876, 0], [876, 4]]",0
"7.10-104,74,174,67,128,132+18","[[877, 3], [876, 0], [876, 3], [875, 3], [874, 0], [874, 1], [914, 0], [914, 1], [954, 0], [954, 0], [954, 3], [953, 0], [953, 1], [993, 0], [993, 1], [1033, 0], [1033, 2], [993, 3], [992, 0], [992, 0], [992, 1], [1032, 0], [1032, 3], [1031, 0], [1031, 0], [1031, 1]]",0
"7.10-104,74,174,67,128,132+19","[[1071, 2], [1031, 0], [1031, 0], [1031, 4], [1032, 0], [1032, 2], [992, 0], [992, 0], [992, 4], [993, 1], [1033, 0], [1033, 2], [993, 0], [993, 2], [953, 0], [953, 4], [954, 0], [954, 0], [954, 2], [914, 0], [914, 2], [874, 0], [874, 2], [834, 0], [834, 3], [833, 0], [833, 3]]",0
"7.10-104,74,174,67,128,132+20","[[832, 0], [832, 0], [832, 0], [832, 0], [832, 0], [832, 0], [832, 0], [832, 0], [832, 0], [832, 0], [832, 0], [832, 0], [832, 0], [832, 0]]",0
"7.10-108,217,76,95,253,145+1","[[866, 0], [866, 0], [866, 0], [866, 0], [866, 0], [866, 0], [866, 0], [866, 0], [866, 0], [866, 0], [866, 0], [866, 0], [866, 0], [866, 0], [866, 0], [866, 0], [866, 0], [866, 0], [866, 0], [866, 0], [866, 0], [866, 0], [866, 0], [866, 0], [866, 0], [866, 0], [866, 0], [866, 0], [866, 0], [866, 0], [866, 0], [866, 0], [866, 0]]",0
"7.10-108,217,76,95,253,145+2","[[420, 1], [460, 0], [460, 3], [459, 0], [459, 1], [499, 0], [499, 0], [499, 4], [500, 1], [540, 4], [541, 0], [541, 4], [542, 1], [582, 0], [582, 4], [583, 1], [623, 0], [623, 0], [623, 1], [663, 4], [664, 0], [664, 4], [665, 0], [665, 4], [666, 1], [706, 0], [706, 4], [707, 1], [747, 0], [747, 1], [787, 4], [788, 0], [788, 4], [789, 0], [789, 4], [790, 1], [830, 0], [830, 4], [831, 4]]",0
"7.10-108,217,76,95,253,145+3","[[832, 3], [831, 3], [830, 0], [830, 2], [790, 3], [789, 0], [789, 3], [788, 0], [788, 3], [787, 2], [747, 0], [747, 3], [746, 1], [786, 0], [786, 3], [785, 0], [785, 0], [785, 3], [784, 0], [784, 0], [784, 3], [783, 2]]",0
"7.10-108,217,76,95,253,145+6","[[420, 1], [460, 0], [460, 3], [459, 0], [459, 1]]",0
"7.10-108,217,76,95,253,145+7","[[499, 2], [459, 0], [459, 4], [460, 0], [460, 2]]",0
"7.10-108,217,76,95,253,145+9","[[866, 0], [866, 0], [866, 0], [866, 0], [866, 0], [866, 0], [866, 0], [866, 0], [866, 0], [866, 0], [866, 0], [866, 0], [866, 0]]",0
"7.10-108,217,76,95,253,145+10","[[985, 2], [945, 0], [945, 4], [946, 0], [946, 4], [947, 0], [947, 2], [907, 0], [907, 4], [908, 0], [908, 2], [868, 0], [868, 0], [868, 4], [869, 2], [829, 0], [829, 2], [789, 0], [789, 3], [788, 0], [788, 2], [748, 3], [747, 0], [747, 3], [746, 2], [706, 0], [706, 2], [666, 3], [665, 0], [665, 3], [664, 0], [664, 3], [663, 2], [623, 0], [623, 0], [623, 3], [622, 2], [582, 0], [582, 2], [542, 3], [541, 0], [541, 3], [540, 2], [500, 3], [499, 0], [499, 0], [499, 2], [459, 0], [459, 4], [460, 0], [460, 2]]",0
"7.10-108,217,76,95,253,145+11","[[420, 1], [460, 0], [460, 3], [459, 0], [459, 1], [499, 0], [499, 0], [499, 4], [500, 1], [540, 4], [541, 0], [541, 1], [581, 4], [582, 0], [582, 4], [583, 1], [623, 0], [623, 0], [623, 4], [624, 1], [664, 0], [664, 4], [665, 0], [665, 1], [705, 4], [706, 0], [706, 1], [746, 4], [747, 0], [747, 1], [787, 4], [788, 0], [788, 4], [789, 0], [789, 1], [829, 4], [830, 0], [830, 4], [831, 4]]",0
"7.10-108,217,76,95,253,145+15","[[866, 0], [866, 0], [866, 0], [866, 0], [866, 0]]",0
"7.10-108,217,76,95,253,145+16","[[985, 2], [945, 0], [945, 4], [946, 0], [946, 4], [947, 0], [947, 2], [907, 0], [907, 4], [908, 0], [908, 2], [868, 0], [868, 0], [868, 4], [869, 2], [829, 0], [829, 2], [789, 0], [789, 3], [788, 0], [788, 2], [748, 3], [747, 0], [747, 3], [746, 2], [706, 0], [706, 2], [666, 3], [665, 0], [665, 3], [664, 0], [664, 3], [663, 2], [623, 0], [623, 0], [623, 2], [583, 3], [582, 0], [582, 2], [542, 3], [541, 0], [541, 3], [540, 3], [539, 2], [499, 0], [499, 0], [499, 2], [459, 0], [459, 4], [460, 0], [460, 2]]",0
"7.10-108,217,76,95,253,145+17","[[420, 1], [460, 0], [460, 3], [459, 0], [459, 1], [499, 0], [499, 0], [499, 4], [500, 1], [540, 4], [541, 0], [541, 1], [581, 4], [582, 0], [582, 1], [622, 4], [623, 0], [623, 0], [623, 1], [663, 4], [664, 0], [664, 4], [665, 0], [665, 1], [705, 4], [706, 0], [706, 4], [707, 1], [747, 0], [747, 1], [787, 4], [788, 0], [788, 4], [789, 0], [789, 1], [829, 0], [829, 1], [869, 3], [868, 0], [868, 0], [868, 1], [908, 0], [908, 3], [907, 0], [907, 1], [947, 0], [947, 3], [946, 0], [946, 3], [945, 0], [945, 1]]",0
"7.10-108,217,76,95,253,145+18","[[985, 0], [985, 0], [985, 0], [985, 0], [985, 0], [985, 0], [985, 0], [985, 0], [985, 0], [985, 0], [985, 0], [985, 0], [985, 0], [985, 0], [985, 0], [985, 0]]",0
"7.10-132,65,103,218,221,212+2","[[460, 0], [460, 0], [460, 0]]",0
"7.10-132,65,103,218,221,212+4","[[460, 0], [460, 0], [460, 0], [460, 0], [460, 0], [460, 0], [460, 0], [460, 0], [460, 0], [460, 0], [460, 0], [460, 0], [460, 0], [460, 0], [460, 0], [460, 0], [460, 0], [460, 0], [460, 0], [460, 0]]",0
"7.10-132,65,103,218,221,212+6","[[460, 0], [460, 0], [460, 0], [460, 0], [460, 0], [460, 0], [460, 0], [460, 0], [460, 0], [460, 0], [460, 0], [460, 0], [460, 0], [460, 0], [460, 0], [460, 0], [460, 0], [460, 0], [460, 0], [460, 0], [460, 0], [460, 0], [460, 0], [460, 0], [460, 0], [460, 0], [460, 0], [460, 0], [460, 0], [460, 0], [460, 0], [460, 0], [460, 0], [460, 0], [460, 0], [460, 0], [460, 0], [460, 0], [460, 0], [460, 0], [460, 0], [460, 0], [460, 0], [460, 0], [460, 0], [460, 0], [460, 0], [460, 0], [460, 0], [460, 0], [460, 0], [460, 0], [460, 0], [460, 0], [460, 0], [460, 0], [460, 0], [460, 0], [460, 0], [460, 0], [460, 0], [460, 0], [460, 0], [460, 0], [460, 0], [460, 0], [460, 0], [460, 0], [460, 0]]",0
"7.10-132,65,103,218,221,212+7","[[170, 3], [169, 0], [169, 0], [169, 2], [129, 3], [128, 0], [128, 3], [127, 1], [167, 0], [167, 1], [207, 3], [206, 0], [206, 0], [206, 3], [205, 0], [205, 3], [204, 2], [164, 0], [164, 0], [164, 3], [163, 2], [123, 0], [123, 2], [83, 3], [82, 0], [82, 2], [42, 3]]",0
"7.10-132,65,103,218,221,212+9","[[460, 0], [460, 0], [460, 0]]",0
"7.10-132,65,103,218,221,212+11","[[460, 0], [460, 0], [460, 0], [460, 0], [460, 0], [460, 0], [460, 0], [460, 0], [460, 0], [460, 0], [460, 0], [460, 0], [460, 0], [460, 0], [460, 0], [460, 0], [460, 0], [460, 0], [460, 0], [460, 0], [460, 0], [460, 0]]",0
"7.10-252,190,123,146,220,35+4","[[747, 0], [747, 0], [747, 0], [747, 0], [747, 0], [747, 0], [747, 0], [747, 0], [747, 0], [747, 0]]",0
"7.10-252,190,123,146,220,35+10","[[747, 0], [747, 0], [747, 0], [747, 0], [747, 0], [747, 0], [747, 0], [747, 0], [747, 0], [747, 0], [747, 0], [747, 0], [747, 0], [747, 0], [747, 0], [747, 0], [747, 0], [747, 0], [747, 0], [747, 0], [747, 0], [747, 0], [747, 0], [747, 0], [747, 0], [747, 0], [747, 0], [747, 0], [747, 0], [747, 0], [747, 0], [747, 0], [747, 0], [747, 0], [747, 0], [747, 0], [747, 0], [747, 0], [747, 0], [747, 0], [747, 0], [747, 0], [747, 0], [747, 0], [747, 0], [747, 0], [747, 0], [747, 0], [747, 0]]",0
"7.10-40,53,69,96,185,108+1","[[541, 0], [541, 0], [541, 0], [541, 0], [541, 0], [541, 0], [541, 0], [541, 0], [541, 0], [541, 0]]",0
"7.10-40,53,69,96,185,108+6","[[460, 0], [460, 0], [460, 0], [460, 0], [460, 0], [460, 0], [460, 0], [460, 0]]",0
"7.10-40,53,69,96,185,108+11","[[541, 0], [541, 0], [541, 0], [541, 0], [541, 0], [541, 0], [541, 0], [541, 0], [541, 0], [541, 0], [541, 0], [541, 0], [541, 0], [541, 0], [541, 0], [541, 0], [541, 0], [541, 0], [541, 0], [541, 0], [541, 0], [541, 0], [541, 0], [541, 0], [541, 0], [541, 0], [541, 0], [541, 0], [541, 0], [541, 0], [541, 0], [541, 0], [541, 0], [541, 0], [541, 0], [541, 0], [541, 0], [541, 0], [541, 0], [541, 0], [541, 0], [541, 0], [541, 0], [541, 0], [541, 0]]",0
"7.10-28,209,7,152,33,91+2","[[874, 0]]",0
"7.10-28,209,7,152,33,91+6","[[874, 0], [874, 0], [874, 0], [874, 0], [874, 0], [874, 0], [874, 0], [874, 0], [874, 0], [874, 0], [874, 0], [874, 0], [874, 0], [874, 0], [874, 0], [874, 0], [874, 0], [874, 0], [874, 0], [874, 0], [874, 0], [874, 0], [874, 0], [874, 0], [874, 0], [874, 0], [874, 0], [874, 0], [874, 0], [874, 0], [874, 0], [874, 0], [874, 0], [874, 0], [874, 0], [874, 0], [874, 0], [874, 0], [874, 0], [874, 0], [874, 0], [874, 0], [874, 0], [874, 0], [874, 0], [874, 0], [874, 0], [874, 0], [874, 0], [874, 0], [874, 0], [874, 0], [874, 0], [874, 0], [874, 0], [874, 0], [874, 0], [874, 0], [874, 0], [874, 0], [874, 0], [874, 0], [874, 0], [874, 0], [874, 0], [874, 0], [874, 0], [874, 0], [874, 0], [874, 0], [874, 0], [874, 0], [874, 0], [874, 0], [874, 0], [874, 0], [874, 0], [874, 0], [874, 0], [874, 0], [874, 0], [874, 0], [874, 0]]",0
"7.11-184,148,54,32,44,55+5","[[628, 0], [628, 0], [628, 0], [628, 0], [628, 0], [628, 0], [628, 0], [628, 0], [628, 0], [628, 0], [628, 0], [628, 0], [628, 0], [628, 0], [628, 0]]",0
"7.11-184,148,54,32,44,55+30","[[876, 0], [876, 0], [876, 0], [876, 0], [876, 0], [876, 0], [876, 0], [876, 0], [876, 0], [876, 0], [876, 0], [876, 0], [876, 0], [876, 0], [876, 0], [876, 0], [876, 0], [876, 0]]",0
"7.11-176,241,236,211,105,14+1","[[544, 0], [544, 0], [544, 0], [544, 0], [544, 0], [544, 0], [544, 0], [544, 0]]",0
"7.11-176,241,236,211,105,14+2","[[789, 0], [789, 0], [789, 0], [789, 0], [789, 0], [789, 0], [789, 0], [789, 0], [789, 0], [789, 0], [789, 0], [789, 0], [789, 0], [789, 0], [789, 0], [789, 0], [789, 0], [789, 0], [789, 0], [789, 0], [789, 0], [789, 0], [789, 0], [789, 0], [789, 0], [789, 0], [789, 0], [789, 0], [789, 0], [789, 0], [789, 0], [789, 0], [789, 0], [789, 0], [789, 0], [789, 0], [789, 0], [789, 0], [789, 0], [789, 0], [789, 0], [789, 0]]",0
"7.11-176,241,236,211,105,14+3","[[877, 3], [876, 0], [876, 3], [875, 3], [874, 0], [874, 2], [834, 0], [834, 3], [833, 0], [833, 3], [832, 0], [832, 3], [831, 3], [830, 0], [830, 2], [790, 3], [789, 0], [789, 1], [829, 0], [829, 1], [869, 3], [868, 0], [868, 0], [868, 1], [908, 0], [908, 3], [907, 0], [907, 1], [947, 0], [947, 3], [946, 0], [946, 3], [945, 0], [945, 1]]",0
"7.11-176,241,236,211,105,14+6","[[877, 3], [876, 0], [876, 3], [875, 3], [874, 0], [874, 2], [834, 0], [834, 3], [833, 0], [833, 3], [832, 0], [832, 3], [831, 3], [830, 0], [830, 3], [829, 2], [789, 0], [789, 1], [829, 0], [829, 1], [869, 3], [868, 0], [868, 0], [868, 1], [908, 0], [908, 3], [907, 0], [907, 1], [947, 0], [947, 3], [946, 0], [946, 3], [945, 0], [945, 1]]",0
"7.11-176,241,236,211,105,14+9","[[877, 3], [876, 0], [876, 3], [875, 3], [874, 0], [874, 2], [834, 0], [834, 3], [833, 0], [833, 3], [832, 0], [832, 3], [831, 3], [830, 0], [830, 2], [790, 3], [789, 0], [789, 1], [829, 0], [829, 3], [828, 1], [868, 0], [868, 0], [868, 1], [908, 0], [908, 3], [907, 0], [907, 1], [947, 0], [947, 3], [946, 0], [946, 3], [945, 0], [945, 1]]",0
"7.11-176,241,236,211,105,14+12","[[877, 3], [876, 0], [876, 3], [875, 3], [874, 0], [874, 2], [834, 0], [834, 3], [833, 0], [833, 3], [832, 0], [832, 3], [831, 3], [830, 0], [830, 2], [790, 3], [789, 0], [789, 1], [829, 0], [829, 1], [869, 3], [868, 0], [868, 0], [868, 1], [908, 0], [908, 3], [907, 0], [907, 1], [947, 0], [947, 3], [946, 0], [946, 3], [945, 0], [945, 1]]",0
"7.11-176,241,236,211,105,14+22","[[747, 0]]",0
"7.11-176,241,236,211,105,14+23","[[788, 0], [788, 0], [788, 0], [788, 0], [788, 0], [788, 0], [788, 0], [788, 0], [788, 0]]",0
"7.11-32,50,51,210,96,61+3","[[747, 0], [747, 0], [747, 0], [747, 0], [747, 0], [747, 0], [747, 0], [747, 0], [747, 0], [747, 0], [747, 0], [747, 0], [747, 0], [747, 0], [747, 0], [747, 0], [747, 0], [747, 0], [747, 0], [747, 0], [747, 0], [747, 0], [747, 0], [747, 0], [747, 0], [747, 0], [747, 0], [747, 0], [747, 0], [747, 0], [747, 0], [747, 0], [747, 0], [747, 0], [747, 0], [747, 0], [747, 0], [747, 0], [747, 0], [747, 0], [747, 0], [747, 0], [747, 0], [747, 0], [747, 0], [747, 0], [747, 0], [747, 0], [747, 0], [747, 0], [747, 0], [747, 0], [747, 0], [747, 0], [747, 0], [747, 0], [747, 0], [747, 0], [747, 0], [747, 0], [747, 0], [747, 0], [747, 0], [747, 0], [747, 0], [747, 0], [747, 0], [747, 0], [747, 0], [747, 0], [747, 0], [747, 0], [747, 0], [747, 0], [747, 0], [747, 0], [747, 0], [747, 0], [747, 0], [747, 0], [747, 0], [747, 0], [747, 0], [747, 0], [747, 0], [747, 0], [747, 0], [747, 0], [747, 0], [747, 0], [747, 0], [747, 0], [747, 0], [747, 0], [747, 0]]",0
"7.11-48,74,38,155,214,98+2","[[706, 0], [706, 0], [706, 0], [706, 0], [706, 0], [706, 0], [706, 0], [706, 0], [706, 0], [706, 0], [706, 0], [706, 0], [706, 0], [706, 0], [706, 0], [706, 0], [706, 0], [706, 0], [706, 0], [706, 0], [706, 0]]",0
"7.11-48,74,38,155,214,98+3","[[750, 0], [750, 0]]",0
"7.11-48,74,38,155,214,98+6","[[747, 0], [747, 0], [747, 0], [747, 0], [747, 0], [747, 0], [747, 0], [747, 0], [747, 0], [747, 0], [747, 0], [747, 0], [747, 0], [747, 0], [747, 0], [747, 0], [747, 0], [747, 0], [747, 0], [747, 0], [747, 0], [747, 0], [747, 0], [747, 0], [747, 0], [747, 0], [747, 0], [747, 0], [747, 0], [747, 0], [747, 0], [747, 0], [747, 0], [747, 0], [747, 0], [747, 0], [747, 0], [747, 0], [747, 0], [747, 0], [747, 0], [747, 0], [747, 0], [747, 0], [747, 0], [747, 0], [747, 0], [747, 0], [747, 0], [747, 0], [747, 0], [747, 0], [747, 0], [747, 0], [747, 0], [747, 0], [747, 0], [747, 0], [747, 0], [747, 0], [747, 0]]",0
"7.11-48,74,38,155,214,98+7","[[910, 0], [910, 0], [910, 0], [910, 0], [910, 0], [910, 0], [910, 0], [910, 0], [910, 0], [910, 0], [910, 0], [910, 0], [910, 0], [910, 0], [910, 0], [910, 0], [910, 0], [910, 0], [910, 0], [910, 0], [910, 0], [910, 0], [910, 0], [910, 0], [910, 0], [910, 0], [910, 0], [910, 0], [910, 0], [910, 0], [910, 0], [910, 0]]",0
"7.11-48,74,38,133,29,213+2","[[706, 0], [706, 0], [706, 0], [706, 0], [706, 0], [706, 0], [706, 0], [706, 0], [706, 0], [706, 0], [706, 0], [706, 0], [706, 0], [706, 0], [706, 0], [706, 0], [706, 0], [706, 0], [706, 0], [706, 0], [706, 0], [706, 0], [706, 0], [706, 0], [706, 0], [706, 0], [706, 0], [706, 0], [706, 0], [706, 0], [706, 0], [706, 0], [706, 0], [706, 0], [706, 0], [706, 0], [706, 0], [706, 0], [706, 0], [706, 0], [706, 0]]",0
"7.11-48,74,38,133,29,213+3","[[709, 0], [709, 0], [709, 0], [709, 0], [709, 0], [709, 0], [709, 0], [709, 0], [709, 0], [709, 0], [709, 0], [709, 0], [709, 0], [709, 0], [709, 0], [709, 0], [709, 0], [709, 0], [709, 0], [709, 0], [709, 0], [709, 0], [709, 0], [709, 0], [709, 0], [709, 0], [709, 0], [709, 0], [709, 0], [709, 0], [709, 0], [709, 0], [709, 0], [709, 0], [709, 0], [709, 0], [709, 0], [709, 0], [709, 0], [709, 0], [709, 0], [709, 0], [709, 0], [709, 0], [709, 0], [709, 0], [709, 0], [709, 0], [709, 0], [709, 0], [709, 0], [709, 0], [709, 0], [709, 0], [709, 0], [709, 0], [709, 0], [709, 0], [709, 0], [709, 0], [709, 0], [709, 0], [709, 0], [709, 0], [709, 0], [709, 0], [709, 0], [709, 0], [709, 0], [709, 0], [709, 0], [709, 0], [709, 0], [709, 0], [709, 0], [709, 0], [709, 0], [709, 0], [709, 0], [709, 0], [709, 0], [709, 0], [709, 0], [709, 0], [709, 0], [709, 0], [709, 0], [709, 0], [709, 0], [709, 0], [709, 0], [709, 0], [709, 0]]",0
"7.11-8,250,121,45,167,67+2","[[874, 0], [874, 0], [874, 0], [874, 0], [874, 0], [874, 0], [874, 0], [874, 0], [874, 0], [874, 0], [874, 0], [874, 0], [874, 0], [874, 0]]",0
"7.11-8,250,121,45,167,67+3","[[278, 3], [277, 0], [277, 4], [278, 0], [278, 3], [277, 1], [317, 0], [317, 0], [317, 1], [357, 0], [357, 3], [356, 0], [356, 1], [396, 0], [396, 0], [396, 1], [436, 4], [437, 0], [437, 0], [437, 1], [477, 0], [477, 0], [477, 4], [478, 1], [518, 0], [518, 0], [518, 1], [558, 0], [558, 3], [557, 1], [597, 0], [597, 0], [597, 1], [637, 0], [637, 0], [637, 1], [677, 0], [677, 1], [717, 0], [717, 0], [717, 3], [716, 1], [756, 0], [756, 0], [756, 1], [796, 4], [797, 0], [797, 1], [837, 0], [837, 0], [837, 1]]",0
"7.11-8,250,121,45,167,67+4","[[877, 0], [877, 0], [877, 0], [877, 0], [877, 0], [877, 0], [877, 3], [876, 0], [876, 3], [875, 3], [874, 0], [874, 2], [834, 0], [834, 3], [833, 0], [833, 3], [832, 0], [832, 3], [831, 3], [830, 0], [830, 2], [790, 3], [789, 0], [789, 3]]",0
"7.11-8,250,121,45,167,67+5","[[788, 4], [789, 0], [789, 1], [829, 4], [830, 0], [830, 4], [831, 4], [832, 0], [832, 4], [833, 0], [833, 4], [834, 0], [834, 1], [874, 0], [874, 4], [875, 4], [876, 0], [876, 4]]",0
"7.11-8,250,121,45,167,67+6","[[877, 0], [877, 0], [877, 0], [877, 0], [877, 0]]",0
"7.11-8,250,121,45,167,67+8","[[832, 0]]",0
"7.11-8,250,121,45,167,67+9","[[874, 0], [874, 0], [874, 0], [874, 0], [874, 0], [874, 0], [874, 0], [874, 0], [874, 0], [874, 0], [874, 0], [874, 0], [874, 0], [874, 0], [874, 0], [874, 0], [874, 0], [874, 0], [874, 0], [874, 0], [874, 0], [874, 0], [874, 0]]",0
"7.11-8,250,121,45,167,67+10","[[788, 4], [789, 0], [789, 4], [790, 1], [830, 0], [830, 4], [831, 4], [832, 0], [832, 4], [833, 0], [833, 4], [834, 0], [834, 1], [874, 0], [874, 4], [875, 4], [876, 0], [876, 4]]",0
"7.11-8,250,121,45,167,67+11","[[877, 0], [877, 0], [877, 0], [877, 0], [877, 0], [877, 2], [837, 0], [837, 0], [837, 2], [797, 0], [797, 3], [796, 2], [756, 0], [756, 0], [756, 2], [716, 4], [717, 0], [717, 0], [717, 2], [677, 0], [677, 2], [637, 0], [637, 0], [637, 2], [597, 0], [597, 0], [597, 4], [598, 2], [558, 0], [558, 2], [518, 0], [518, 0], [518, 3], [517, 2], [477, 0], [477, 0], [477, 2], [437, 0], [437, 0], [437, 2], [397, 3], [396, 0], [396, 0], [396, 2], [356, 0], [356, 4], [357, 0], [357, 2], [317, 0], [317, 0], [317, 2], [277, 4], [278, 0], [278, 3], [277, 0], [277, 4]]",0
"7.11-8,250,121,45,167,67+12","[[278, 3], [277, 0], [277, 4], [278, 0], [278, 3], [277, 1], [317, 0], [317, 0], [317, 1], [357, 0], [357, 3], [356, 0], [356, 1], [396, 0], [396, 0], [396, 1], [436, 4], [437, 0], [437, 0], [437, 1], [477, 0], [477, 0], [477, 4], [478, 1], [518, 0], [518, 0], [518, 1], [558, 0], [558, 3], [557, 1], [597, 0], [597, 0], [597, 1], [637, 0], [637, 0], [637, 1], [677, 0], [677, 1], [717, 0], [717, 0], [717, 3], [716, 1], [756, 0], [756, 0], [756, 4], [757, 1], [797, 0], [797, 1], [837, 0], [837, 0], [837, 1]]",0
"7.11-8,250,121,45,167,67+16","[[874, 0], [874, 0], [874, 0], [874, 0], [874, 0], [874, 0], [874, 0], [874, 0], [874, 0], [874, 0], [874, 0], [874, 0], [874, 0]]",0
"7.11-4,207,140,11,128,186+1","[[420, 1], [460, 0], [460, 3], [459, 0], [459, 1], [499, 0], [499, 0], [499, 4], [500, 1], [540, 4], [541, 0], [541, 4], [542, 1], [582, 0], [582, 1], [622, 4], [623, 0]]",0
"7.11-4,207,140,11,128,186+2","[[623, 0], [623, 0], [623, 0], [623, 0], [623, 0], [623, 0], [623, 0], [623, 0], [623, 0], [623, 0], [623, 0], [623, 0], [623, 0], [623, 0], [623, 0], [623, 0], [623, 0], [623, 0], [623, 0], [623, 0], [623, 0], [623, 0], [623, 0], [623, 0], [623, 0], [623, 0], [623, 0], [623, 0], [623, 0], [623, 0], [623, 0], [623, 0], [623, 0], [623, 0], [623, 0], [623, 0], [623, 0], [623, 0], [623, 0], [623, 0], [623, 0], [623, 0], [623, 0], [623, 0], [623, 0], [623, 0], [623, 0], [623, 0], [623, 0], [623, 0], [623, 0], [623, 0], [623, 0], [623, 0], [623, 0], [623, 0], [623, 0], [623, 0], [623, 0], [623, 0], [623, 0], [623, 0], [623, 0], [623, 0], [623, 0], [623, 0], [623, 0], [623, 0], [623, 0], [623, 0], [623, 0], [623, 0], [623, 0], [623, 0], [623, 0], [623, 0], [623, 0], [623, 0], [623, 0], [623, 0], [623, 0], [623, 0], [623, 0], [623, 0], [623, 0], [623, 0], [623, 0], [623, 0], [623, 0], [623, 0], [623, 0], [623, 0], [623, 0], [623, 0], [623, 0], [623, 0], [623, 0], [623, 0], [623, 0], [623, 0], [623, 0], [623, 0], [623, 0], [623, 0], [623, 0], [623, 0], [623, 0], [623, 0], [623, 0], [623, 0], [623, 0], [623, 0], [623, 0], [623, 0], [623, 0], [623, 0], [623, 0], [623, 0], [623, 0], [623, 0], [623, 0], [623, 0], [623, 0], [623, 0], [623, 0], [623, 0], [623, 0], [623, 0], [623, 0], [623, 0], [623, 0], [623, 0], [623, 0], [623, 0], [623, 0], [623, 0], [623, 3], [622, 2], [582, 0], [582, 2], [542, 3], [541, 0], [541, 3], [540, 3], [539, 2], [499, 0], [499, 0], [499, 3], [498, 2], [458, 0], [458, 3], [457, 0], [457, 3], [456, 3], [455, 2], [415, 0], [415, 3], [414, 2]]",0
"7.11-4,207,140,11,128,186+3","[[374, 4], [375, 1], [415, 0], [415, 4], [416, 1], [456, 4], [457, 0], [457, 4], [458, 0], [458, 1], [498, 4], [499, 0], [499, 0], [499, 4], [500, 1], [540, 4], [541, 0], [541, 1], [581, 4], [582, 0], [582, 4], [583, 1], [623, 0]]",0
"7.11-4,207,140,11,128,186+4","[[623, 0], [623, 0], [623, 0], [623, 0], [623, 0]]",0
"7.11-156,95,90,12,124,73+4","[[747, 0], [747, 0], [747, 0], [747, 0], [747, 0], [747, 0], [747, 0], [747, 0], [747, 0], [747, 0], [747, 0], [747, 0], [747, 0], [747, 0], [747, 0], [747, 0], [747, 0], [747, 0], [747, 0], [747, 0], [747, 0], [747, 0], [747, 0], [747, 0], [747, 0], [747, 0], [747, 0], [747, 0], [747, 0], [747, 0], [747, 0], [747, 0], [747, 0]]",0
"7.11-156,95,90,12,124,73+7","[[750, 0], [750, 0], [750, 0], [750, 0], [750, 0], [750, 0], [750, 0]]",0
"7.11-156,95,90,12,124,73+9","[[750, 0], [750, 0], [750, 0], [750, 0], [750, 0], [750, 0], [750, 0], [750, 0], [750, 0], [750, 0], [750, 0], [750, 0], [750, 0], [750, 0], [750, 0], [750, 0], [750, 0], [750, 0], [750, 0], [750, 0], [750, 0], [750, 0], [750, 0], [750, 0], [750, 0], [750, 0], [750, 0], [750, 0], [750, 0], [750, 0], [750, 0], [750, 0], [750, 0], [750, 0], [750, 0], [750, 0], [750, 0], [750, 0], [750, 0], [750, 0], [750, 0], [750, 0], [750, 0]]",0
"7.11-156,95,90,12,124,73+13","[[750, 0], [750, 0], [750, 0], [750, 0], [750, 0], [750, 0], [750, 0], [750, 0], [750, 0], [750, 0], [750, 0]]",0
"7.11-48,69,150,180,24,101+2","[[457, 0], [457, 0], [457, 0], [457, 0], [457, 0], [457, 0], [457, 0], [457, 0], [457, 0], [457, 0], [457, 0], [457, 0], [457, 0], [457, 0], [457, 0], [457, 0], [457, 0], [457, 0], [457, 0], [457, 0], [457, 0], [457, 0], [457, 0], [457, 0], [457, 0], [457, 0], [457, 0], [457, 0], [457, 0], [457, 0], [457, 0], [457, 0], [457, 0], [457, 0], [457, 0], [457, 0], [457, 0], [457, 0], [457, 0], [457, 0], [457, 0], [457, 0], [457, 0], [457, 0], [457, 0], [457, 0], [457, 0], [457, 0], [457, 0], [457, 0], [457, 0], [457, 0], [457, 0], [457, 0], [457, 0], [457, 0], [457, 0], [457, 0], [457, 0], [457, 0], [457, 0], [457, 0], [457, 0], [457, 0], [457, 0], [457, 0], [457, 0], [457, 0], [457, 0]]",0
"7.11-48,69,150,180,24,101+14","[[457, 0], [457, 0], [457, 0], [457, 0], [457, 0], [457, 0], [457, 0], [457, 0], [457, 0], [457, 0]]",0
"7.11-8,74,207,99,147,223+4","[[706, 0], [706, 0], [706, 0], [706, 0], [706, 0]]",0
"7.11-8,74,207,99,147,223+15","[[788, 2], [748, 4], [749, 0], [749, 0], [749, 2], [709, 0], [709, 2], [669, 0], [669, 0], [669, 3], [668, 2], [628, 0], [628, 0], [628, 2], [588, 3]]",0
"7.11-8,74,207,99,147,223+18","[[788, 2], [748, 4], [749, 0], [749, 0], [749, 2], [709, 0], [709, 2], [669, 0], [669, 0], [669, 2], [629, 3], [628, 0], [628, 0], [628, 2], [588, 3]]",0
"7.11-8,74,207,99,147,223+19","[[587, 4], [588, 1], [628, 0], [628, 0], [628, 4], [629, 1], [669, 0], [669, 0], [669, 1], [709, 0], [709, 1], [749, 0], [749, 0], [749, 3], [748, 1]]",0
"7.11-8,74,207,99,147,223+20","[[788, 4], [789, 0], [789, 4], [790, 1], [830, 0], [830, 4], [831, 4], [832, 0], [832, 4], [833, 0], [833, 4], [834, 0], [834, 1], [874, 0], [874, 4], [875, 4], [876, 0], [876, 4]]",0
"7.11-8,74,207,99,147,223+21","[[877, 3], [876, 0], [876, 3], [875, 3], [874, 0], [874, 2], [834, 0], [834, 3], [833, 0], [833, 3], [832, 0], [832, 3], [831, 3], [830, 0], [830, 2], [790, 3], [789, 0], [789, 3], [788, 0], [788, 2], [748, 4], [749, 0], [749, 0], [749, 2], [709, 0], [709, 2], [669, 0], [669, 0], [669, 2], [629, 3], [628, 0], [628, 0], [628, 3], [627, 2]]",0
"7.11-8,74,207,99,147,223+23","[[664, 0], [664, 0], [664, 0], [664, 0], [664, 0]]",0
"7.11-8,74,207,99,147,223+24","[[788, 4], [789, 2], [749, 0], [749, 0], [749, 2], [709, 0], [709, 2], [669, 0], [669, 0], [669, 3], [668, 2], [628, 0], [628, 0], [628, 2], [588, 3]]",0
"7.11-8,74,207,99,147,223+32","[[877, 3], [876, 0], [876, 3], [875, 3], [874, 0], [874, 2], [834, 0], [834, 3], [833, 0], [833, 3], [832, 0], [832, 3], [831, 3], [830, 0], [830, 3], [829, 2], [789, 0], [789, 3], [788, 0], [788, 2], [748, 4], [749, 0], [749, 0], [749, 2], [709, 0], [709, 2], [669, 0], [669, 0], [669, 3], [668, 2], [628, 0], [628, 0], [628, 3], [627, 2]]",0
"7.11-8,74,207,99,147,223+35","[[788, 4], [789, 0], [789, 1], [829, 4], [830, 0], [830, 4], [831, 4], [832, 0], [832, 4], [833, 0], [833, 4], [834, 0], [834, 1], [874, 0], [874, 4], [875, 4], [876, 0], [876, 4]]",0
"7.11-8,74,207,99,147,223+36","[[877, 3], [876, 0], [876, 3], [875, 3], [874, 0], [874, 2], [834, 0], [834, 3], [833, 0], [833, 3], [832, 0], [832, 3], [831, 3], [830, 0], [830, 3], [829, 2], [789, 0], [789, 3]]",0
"7.11-8,74,207,99,147,223+37","[[788, 0], [788, 0], [788, 0], [788, 0], [788, 0], [788, 0], [788, 0], [788, 0], [788, 0], [788, 0], [788, 0], [788, 0], [788, 0], [788, 0], [788, 0], [788, 0], [788, 3], [787, 2], [747, 0], [747, 1], [787, 3], [786, 0], [786, 3], [785, 0], [785, 0], [785, 3], [784, 0], [784, 0], [784, 2], [744, 3]]",0
"7.11-8,74,207,99,147,223+40","[[743, 0], [743, 4], [744, 1], [784, 0], [784, 0], [784, 4], [785, 0], [785, 0], [785, 4], [786, 0], [786, 2], [746, 4], [747, 0], [747, 1], [787, 4]]",0
"7.11-8,74,207,99,147,223+43","[[743, 4], [744, 1], [784, 0], [784, 0], [784, 4], [785, 0], [785, 0], [785, 4], [786, 0], [786, 2], [746, 4], [747, 0], [747, 4], [748, 1]]",0
"7.11-8,74,207,99,147,223+45","[[747, 0]]",0
"7.11-8,74,207,99,147,223+46","[[420, 1], [460, 0], [460, 3], [459, 0], [459, 1], [499, 0], [499, 0], [499, 4], [500, 1], [540, 4], [541, 0], [541, 4], [542, 1], [582, 0], [582, 1], [622, 4], [623, 0], [623, 0], [623, 1], [663, 4], [664, 0], [664, 4], [665, 0], [665, 1], [705, 4], [706, 0], [706, 1], [746, 4], [747, 0], [747, 1], [787, 4]]",0
"7.11-8,74,207,99,147,223+49","[[832, 3], [831, 3], [830, 0], [830, 3], [829, 2], [789, 0], [789, 3], [788, 0], [788, 3], [787, 2], [747, 0], [747, 3], [746, 1], [786, 0], [786, 3], [785, 0], [785, 0], [785, 3], [784, 0], [784, 0], [784, 3], [783, 2]]",0
"7.11-8,74,207,99,147,223+50","[[743, 0], [743, 0], [743, 0]]",0
"7.11-164,125,159,153,152,106+2","[[541, 0], [541, 0], [541, 0], [541, 0], [541, 0], [541, 0], [541, 0], [541, 0], [541, 0], [541, 0], [541, 0], [541, 0], [541, 0], [541, 0], [541, 0], [541, 0], [541, 0], [541, 0], [541, 0], [541, 0], [541, 0], [541, 0], [541, 0], [541, 0], [541, 0], [541, 0], [541, 0], [541, 0], [541, 0], [541, 0], [541, 0], [541, 0], [541, 0], [541, 0], [541, 0], [541, 0], [541, 0], [541, 0], [541, 0], [541, 0], [541, 0], [541, 0], [541, 0], [541, 0], [541, 0], [541, 0], [541, 0], [541, 0], [541, 0], [541, 0], [541, 0], [541, 0], [541, 0], [541, 0], [541, 0], [541, 0], [541, 0], [541, 0], [541, 0], [541, 0], [541, 0], [541, 0], [541, 0], [541, 0], [541, 0], [541, 0], [541, 0], [541, 0], [541, 0]]",0
"7.11-164,125,159,153,152,106+3","[[499, 0], [499, 0], [499, 0], [499, 0], [499, 0], [499, 0], [499, 0], [499, 0], [499, 0], [499, 0], [499, 0], [499, 0], [499, 0], [499, 0], [499, 0], [499, 0], [499, 0], [499, 0], [499, 0], [499, 0], [499, 0], [499, 0], [499, 0], [499, 0], [499, 0], [499, 0], [499, 0], [499, 0], [499, 0], [499, 0], [499, 0], [499, 0], [499, 0], [499, 0], [499, 0], [499, 0], [499, 0], [499, 0], [499, 0], [499, 0], [499, 0], [499, 0], [499, 0], [499, 0], [499, 0], [499, 0], [499, 0], [499, 0], [499, 0], [499, 0], [499, 0], [499, 0], [499, 0], [499, 0], [499, 0], [499, 0], [499, 0], [499, 0], [499, 0], [499, 0], [499, 0], [499, 0]]",0
"7.11-208,151,254,41,36,198+2","[[789, 0], [789, 0], [789, 0], [789, 0], [789, 0], [789, 0], [789, 0], [789, 0], [789, 0], [789, 0], [789, 0]]",0
"7.11-208,151,254,41,36,198+5","[[910, 0], [910, 0], [910, 0], [910, 0], [910, 0], [910, 0], [910, 0], [910, 0], [910, 0], [910, 0], [910, 0], [910, 0], [910, 0], [910, 0], [910, 0], [910, 0], [910, 0], [910, 0], [910, 0], [910, 0], [910, 0], [910, 0], [910, 0], [910, 0], [910, 0], [910, 0], [910, 0], [910, 0], [910, 0], [910, 0], [910, 0], [910, 0], [910, 0], [910, 0], [910, 0], [910, 0], [910, 0], [910, 0], [910, 0], [910, 0], [910, 0], [910, 0], [910, 0], [910, 0], [910, 0], [910, 0], [910, 0], [910, 0], [910, 0]]",0
"7.11-204,129,42,183,42,73+29","[[420, 1], [460, 0], [460, 4], [461, 0], [461, 4], [462, 0], [462, 4], [463, 1], [503, 0], [503, 4], [504, 0], [504, 1], [544, 0], [544, 0], [544, 1], [584, 4], [585, 0], [585, 4], [586, 0], [586, 0], [586, 4], [587, 0], [587, 0]]",0
"7.11-204,129,42,183,42,73+33","[[789, 0], [789, 0], [789, 0], [789, 0], [789, 0], [789, 0], [789, 0], [789, 0], [789, 0], [789, 0], [789, 0], [789, 0], [789, 0], [789, 0], [789, 0], [789, 0], [789, 0], [789, 0], [789, 0], [789, 0], [789, 0], [789, 0]]",0
"7.11-20,94,105,93,76,199+1","[[832, 0], [832, 0], [832, 0], [832, 0], [832, 0], [832, 0], [832, 0], [832, 0], [832, 0], [832, 0], [832, 0], [832, 0], [832, 0], [832, 0], [832, 0], [832, 0], [832, 0], [832, 0], [832, 0], [832, 0], [832, 0], [832, 0], [832, 0], [832, 0], [832, 0], [832, 0], [832, 0], [832, 0], [832, 0], [832, 0], [832, 0], [832, 0], [832, 0], [832, 0], [832, 0], [832, 0], [832, 0], [832, 0], [832, 0], [832, 0], [832, 0], [832, 0], [832, 4], [833, 0], [833, 4], [834, 0], [834, 1], [874, 0], [874, 4], [875, 4], [876, 0], [876, 4], [877, 0], [877, 4], [878, 0], [878, 4]]",0
"7.11-20,94,105,93,76,199+2","[[879, 3], [878, 0], [878, 3], [877, 0], [877, 3], [876, 0], [876, 3], [875, 3], [874, 0], [874, 2], [834, 0], [834, 3], [833, 0], [833, 3]]",0
"7.11-20,94,105,93,76,199+3","[[832, 0], [832, 0], [832, 0], [832, 0], [832, 0], [832, 0], [832, 0], [832, 0], [832, 0], [832, 0], [832, 0]]",0
"7.11-20,94,105,93,76,199+5","[[832, 0], [832, 0], [832, 0], [832, 0], [832, 0], [832, 0], [832, 0], [832, 0], [832, 0], [832, 0], [832, 0], [832, 0], [832, 0], [832, 0], [832, 0], [832, 0], [832, 0], [832, 0], [832, 0], [832, 0], [832, 0], [832, 0], [832, 0], [832, 0], [832, 4], [833, 0], [833, 4], [834, 0], [834, 1], [874, 0], [874, 4], [875, 4], [876, 0], [876, 4]]",0
"7.11-20,94,105,93,76,199+6","[[877, 3], [876, 0], [876, 3], [875, 3], [874, 0], [874, 2], [834, 0], [834, 3], [833, 0], [833, 3]]",0
"7.11-20,94,105,93,76,199+7","[[832, 0], [832, 3], [831, 3], [830, 0], [830, 3], [829, 2], [789, 0], [789, 3], [788, 0], [788, 3], [787, 2], [747, 0], [747, 3], [746, 2], [706, 0], [706, 2], [666, 3], [665, 0], [665, 3], [664, 0], [664, 3], [663, 2]]",0
"7.11-20,94,105,93,76,199+8","[[623, 1], [663, 4], [664, 0], [664, 4], [665, 0], [665, 1], [705, 4], [706, 0], [706, 4], [707, 1], [747, 0], [747, 1], [787, 4], [788, 0], [788, 4], [789, 0], [789, 4], [790, 1], [830, 0], [830, 4], [831, 4]]",0
"7.11-20,94,105,93,76,199+9","[[832, 0], [832, 0], [832, 0], [832, 0], [832, 0], [832, 0], [832, 0], [832, 0]]",0
"7.11-20,94,105,93,76,199+11","[[832, 0], [832, 0], [832, 0], [832, 0], [832, 0]]",0
"7.11-88,198,240,41,58,135+2","[[717, 0], [717, 0], [717, 0], [717, 0], [717, 0], [717, 0], [717, 0], [717, 0], [717, 0], [717, 0], [717, 0], [717, 0], [717, 0], [717, 0], [717, 0], [717, 0], [717, 0], [717, 0], [717, 0], [717, 0], [717, 0], [717, 0], [717, 0], [717, 0], [717, 0], [717, 0], [717, 0], [717, 0], [717, 0], [717, 0], [717, 0], [717, 0], [717, 0], [717, 0], [717, 0], [717, 0], [717, 0], [717, 0], [717, 0], [717, 0], [717, 0], [717, 0], [717, 0], [717, 0], [717, 0]]",0
"7.11-88,198,240,41,58,135+6","[[460, 0], [460, 0], [460, 0], [460, 0], [460, 0]]",0
"7.11-140,37,5,134,24,48+2","[[948, 0], [948, 0], [948, 0], [948, 0], [948, 0], [948, 0], [948, 0], [948, 0], [948, 0], [948, 0], [948, 0], [948, 0], [948, 0], [948, 0], [948, 0], [948, 0], [948, 0], [948, 0], [948, 0], [948, 0], [948, 0], [948, 0], [948, 0], [948, 0], [948, 0], [948, 0], [948, 0], [948, 0]]",0
"7.11-140,37,5,134,24,48+3","[[788, 3], [787, 2], [747, 0], [747, 3], [746, 2], [706, 0], [706, 3], [705, 2], [665, 0], [665, 3], [664, 0], [664, 2], [624, 3], [623, 0], [623, 0], [623, 2], [583, 3], [582, 0], [582, 2], [542, 3], [541, 0], [541, 3], [540, 3], [539, 2], [499, 0], [499, 0], [499, 2], [459, 0], [459, 4], [460, 0], [460, 2]]",0
"7.11-140,37,5,134,24,48+4","[[420, 1], [460, 0], [460, 4], [461, 0], [461, 4], [462, 0], [462, 1], [502, 4], [503, 0], [503, 4], [504, 0], [504, 1], [544, 0], [544, 0], [544, 4], [545, 1], [585, 0], [585, 4], [586, 0], [586, 0], [586, 4], [587, 0], [587, 0]]",0
"7.11-140,37,5,134,24,48+5","[[587, 4], [588, 1], [628, 0], [628, 0], [628, 1], [668, 4], [669, 0], [669, 0], [669, 1], [709, 0], [709, 1], [749, 0], [749, 0], [749, 3], [748, 1]]",0
"7.11-140,37,5,134,24,48+6","[[788, 3], [787, 2], [747, 0], [747, 2], [707, 3], [706, 0], [706, 3], [705, 2], [665, 0], [665, 3], [664, 0], [664, 2], [624, 3], [623, 0], [623, 0], [623, 3], [622, 2], [582, 0], [582, 2], [542, 3], [541, 0], [541, 3], [540, 3], [539, 2], [499, 0]]",0
"7.11-140,37,5,134,24,48+8","[[948, 0], [948, 0], [948, 0], [948, 0], [948, 0], [948, 0], [948, 0], [948, 0], [948, 0], [948, 0], [948, 0], [948, 0], [948, 0], [948, 0], [948, 0], [948, 0], [948, 0], [948, 0], [948, 0], [948, 0], [948, 0], [948, 0], [948, 0], [948, 0], [948, 0], [948, 0], [948, 0], [948, 0], [948, 0], [948, 0], [948, 0], [948, 0], [948, 0], [948, 0], [948, 0], [948, 0], [948, 0], [948, 0], [948, 0], [948, 0], [948, 0], [948, 0], [948, 0], [948, 0], [948, 0], [948, 0], [948, 0], [948, 0], [948, 0]]",0
"7.11-140,37,5,134,24,48+10","[[948, 0], [948, 0], [948, 0], [948, 0], [948, 0], [948, 0], [948, 0], [948, 0], [948, 0], [948, 0], [948, 0], [948, 0], [948, 0], [948, 0], [948, 0], [948, 0], [948, 0], [948, 0], [948, 0], [948, 0], [948, 0], [948, 0]]",0
"7.11-172,115,82,76,172,89+1","[[832, 0], [832, 0], [832, 0], [832, 0], [832, 0], [832, 0], [832, 0], [832, 0], [832, 0], [832, 0], [832, 0], [832, 0], [832, 0], [832, 0], [832, 0], [832, 0], [832, 0], [832, 0], [832, 0], [832, 0], [832, 0], [832, 0], [832, 0], [832, 0], [832, 0], [832, 0], [832, 0], [832, 0], [832, 0], [832, 0], [832, 0], [832, 0], [832, 0], [832, 0], [832, 0], [832, 0], [832, 0], [832, 0], [832, 0], [832, 0], [832, 0], [832, 0], [832, 0], [832, 0], [832, 0], [832, 3], [831, 3], [830, 0], [830, 2], [790, 3], [789, 0], [789, 3], [788, 0], [788, 3], [787, 2], [747, 0], [747, 2], [707, 3], [706, 0], [706, 3], [705, 2], [665, 0], [665, 3], [664, 0], [664, 3], [663, 2], [623, 0], [623, 0], [623, 3], [622, 2], [582, 0], [582, 2], [542, 3], [541, 0], [541, 3], [540, 3], [539, 2], [499, 0], [499, 0], [499, 2], [459, 0], [459, 4], [460, 0], [460, 2]]",0
"7.11-172,115,82,76,172,89+2","[[420, 1], [460, 0], [460, 3], [459, 0], [459, 1]]",0
"7.11-172,115,82,76,172,89+3","[[499, 0], [499, 0], [499, 0], [499, 0], [499, 0], [499, 0], [499, 4], [500, 1], [540, 4], [541, 0], [541, 1], [581, 4], [582, 0], [582, 1], [622, 4], [623, 0], [623, 0], [623, 1], [663, 4], [664, 0], [664, 4], [665, 0], [665, 1], [705, 4], [706, 0], [706, 1], [746, 4], [747, 0], [747, 4], [748, 1], [788, 0], [788, 4], [789, 0], [789, 1], [829, 4], [830, 0], [830, 4], [831, 4]]",0
"7.11-172,115,82,76,172,89+4","[[832, 0], [832, 0], [832, 0], [832, 0], [832, 0], [832, 0], [832, 3], [831, 3], [830, 0], [830, 2], [790, 3], [789, 0], [789, 3], [788, 0], [788, 3], [787, 2], [747, 0], [747, 3], [746, 1], [786, 0], [786, 3], [785, 0], [785, 0], [785, 3], [784, 0], [784, 0], [784, 2], [744, 3]]",0
"7.11-172,115,82,76,172,89+5","[[743, 0], [743, 0], [743, 0], [743, 0], [743, 0], [743, 0], [743, 0], [743, 0], [743, 0], [743, 0], [743, 0], [743, 0]]",0
"7.11-172,115,82,76,172,89+7","[[832, 3], [831, 3], [830, 0], [830, 3], [829, 2], [789, 0], [789, 3], [788, 0], [788, 2], [748, 3], [747, 0], [747, 1], [787, 3], [786, 0], [786, 3], [785, 0], [785, 0], [785, 3], [784, 0], [784, 0], [784, 3], [783, 2]]",0
"7.11-172,115,82,76,172,89+8","[[743, 0], [743, 0], [743, 0], [743, 0], [743, 0], [743, 0], [743, 0], [743, 0], [743, 0], [743, 0], [743, 1], [783, 4], [784, 0], [784, 0], [784, 4], [785, 0], [785, 0], [785, 4], [786, 0], [786, 4], [787, 2], [747, 0], [747, 1], [787, 4]]",0
"7.11-172,115,82,76,172,89+9","[[788, 2], [748, 3], [747, 0], [747, 1], [787, 3], [786, 0], [786, 3], [785, 0], [785, 0], [785, 3], [784, 0], [784, 0], [784, 2], [744, 3]]",0
"7.11-172,115,82,76,172,89+10","[[743, 0], [743, 4], [744, 1], [784, 0], [784, 0], [784, 4], [785, 0], [785, 0], [785, 4], [786, 0], [786, 2], [746, 4], [747, 0], [747, 4], [748, 1]]",0
"7.11-172,115,82,76,172,89+11","[[788, 0], [788, 0], [788, 0], [788, 0], [788, 3], [787, 2], [747, 0], [747, 1], [787, 3], [786, 0], [786, 3], [785, 0], [785, 0], [785, 3], [784, 0], [784, 0], [784, 2], [744, 3]]",0
"7.11-172,115,82,76,172,89+17","[[789, 0], [789, 0]]",0
"7.11-172,115,82,76,172,89+19","[[789, 0], [789, 0], [789, 0], [789, 0], [789, 0]]",0
"7.11-112,138,9,131,175,199+2","[[541, 0], [541, 0], [541, 0], [541, 0], [541, 0], [541, 0], [541, 0], [541, 0], [541, 0], [541, 0], [541, 0], [541, 0], [541, 0], [541, 0], [541, 0], [541, 0], [541, 0], [541, 0], [541, 0], [541, 0], [541, 0], [541, 0], [541, 0], [541, 0], [541, 0], [541, 0], [541, 0], [541, 0], [541, 0], [541, 0], [541, 0], [541, 0], [541, 0], [541, 0], [541, 0], [541, 0], [541, 0], [541, 0], [541, 0], [541, 0], [541, 0], [541, 0], [541, 0], [541, 0], [541, 0], [541, 0], [541, 0], [541, 0], [541, 0], [541, 0], [541, 0], [541, 0], [541, 0], [541, 0], [541, 0], [541, 0], [541, 0], [541, 0], [541, 0], [541, 0], [541, 0], [541, 0], [541, 0], [541, 0], [541, 0], [541, 0]]",0
"7.11-112,138,9,131,175,199+4","[[541, 0], [541, 0], [541, 0], [541, 0], [541, 0], [541, 0], [541, 0], [541, 0], [541, 0], [541, 0], [541, 0], [541, 0], [541, 0], [541, 0], [541, 0], [541, 0], [541, 0], [541, 0], [541, 0], [541, 0], [541, 0], [541, 0], [541, 0], [541, 0], [541, 0], [541, 0], [541, 0], [541, 0], [541, 0], [541, 0], [541, 0], [541, 0], [541, 0], [541, 0], [541, 0], [541, 0], [541, 0], [541, 0], [541, 0], [541, 0], [541, 0], [541, 0], [541, 0], [541, 0], [541, 0], [541, 0], [541, 0], [541, 0], [541, 0], [541, 0], [541, 0], [541, 0], [541, 0], [541, 0], [541, 0], [541, 0], [541, 0], [541, 0], [541, 0], [541, 0], [541, 0], [541, 0], [541, 0], [541, 0], [541, 0], [541, 0], [541, 0]]",0
"7.11-208,151,254,40,222,169+2","[[504, 0]]",0
"7.11-208,151,254,40,222,169+4","[[541, 0], [541, 0], [541, 0], [541, 0], [541, 0], [541, 0], [541, 0], [541, 0], [541, 0]]",0
"7.11-208,151,254,40,222,169+6","[[541, 0]]",0
"7.11-208,151,254,40,222,169+8","[[499, 0], [499, 0], [499, 0], [499, 0], [499, 0], [499, 0], [499, 0], [499, 0], [499, 2], [459, 0], [459, 4], [460, 0], [460, 2]]",0
"7.11-208,151,254,40,222,169+9","[[420, 0], [420, 0], [420, 0], [420, 0], [420, 0], [420, 0], [420, 0], [420, 0], [420, 0], [420, 0], [420, 0], [420, 0]]",0
"7.11-208,151,254,40,222,169+11","[[544, 0], [544, 0], [544, 0], [544, 0], [544, 0], [544, 0], [544, 0], [544, 0], [544, 0], [544, 0], [544, 0], [544, 0], [544, 0]]",0
"7.11-208,151,254,40,222,169+14","[[541, 0], [541, 0], [541, 0], [541, 0], [541, 0], [541, 0], [541, 0], [541, 0], [541, 0], [541, 0], [541, 0], [541, 0], [541, 0], [541, 0], [541, 0], [541, 0], [541, 0], [541, 0], [541, 0], [541, 0], [541, 0], [541, 0], [541, 0], [541, 0], [541, 0], [541, 0], [541, 0], [541, 0], [541, 0], [541, 0]]",0
"7.11-8,250,121,194,19,245+2","[[625, 0], [625, 0], [625, 0], [625, 0], [625, 0], [625, 0], [625, 0], [625, 0], [625, 0], [625, 0], [625, 0], [625, 0], [625, 0], [625, 0], [625, 0], [625, 0], [625, 0]]",0
"7.11-8,250,121,194,19,245+5","[[789, 0], [789, 0], [789, 0]]",0
"7.11-8,250,121,194,19,245+7","[[789, 0], [789, 0], [789, 0], [789, 0], [789, 0], [789, 0], [789, 0], [789, 0], [789, 0], [789, 0], [789, 0], [789, 0], [789, 0], [789, 0], [789, 0], [789, 0], [789, 0], [789, 0], [789, 0], [789, 0], [789, 0], [789, 0], [789, 0], [789, 0], [789, 0], [789, 0], [789, 0], [789, 0], [789, 0], [789, 0], [789, 0], [789, 0], [789, 0], [789, 0], [789, 0], [789, 0], [789, 0], [789, 0]]",0
"7.11-8,250,121,194,19,245+8","[[625, 0], [625, 0], [625, 0], [625, 0], [625, 0], [625, 0], [625, 0]]",0
"7.11-248,45,124,72,127,16+2","[[706, 0], [706, 0], [706, 0], [706, 0], [706, 0], [706, 0], [706, 0], [706, 0], [706, 0], [706, 0], [706, 0], [706, 0], [706, 0], [706, 0], [706, 0], [706, 0], [706, 0], [706, 0], [706, 0]]",0
"7.11-248,45,124,72,127,16+4","[[665, 0], [665, 0], [665, 0], [665, 0], [665, 0], [665, 0], [665, 0], [665, 0], [665, 0], [665, 0], [665, 0], [665, 0], [665, 0], [665, 0], [665, 0], [665, 0], [665, 0], [665, 0], [665, 0], [665, 0]]",0
"7.11-248,45,124,72,127,16+6","[[665, 0]]",0
"7.11-248,45,124,72,127,16+8","[[665, 0], [665, 0], [665, 0], [665, 0], [665, 0], [665, 0], [665, 0], [665, 0], [665, 0], [665, 0], [665, 0], [665, 0], [665, 0], [665, 0], [665, 0], [665, 0], [665, 0], [665, 0], [665, 0], [665, 0], [665, 0], [665, 0], [665, 0], [665, 0], [665, 0], [665, 0], [665, 0], [665, 0], [665, 0], [665, 0], [665, 0], [665, 0], [665, 0], [665, 0], [665, 0], [665, 0], [665, 0], [665, 0], [665, 0], [665, 0], [665, 0], [665, 0], [665, 0], [665, 0], [665, 0], [665, 0], [665, 0], [665, 0], [665, 0], [665, 0], [665, 0], [665, 0], [665, 0], [665, 0], [665, 0], [665, 0], [665, 0], [665, 0], [665, 0]]",0
"7.11-252,190,123,146,220,35+1","[[832, 0], [832, 0], [832, 0], [832, 0], [832, 0], [832, 0], [832, 0], [832, 0], [832, 0], [832, 0], [832, 0], [832, 0], [832, 0], [832, 0], [832, 0], [832, 0], [832, 0], [832, 0], [832, 0], [832, 0], [832, 0], [832, 0], [832, 0], [832, 0], [832, 0], [832, 0], [832, 0], [832, 0], [832, 0], [832, 0], [832, 0], [832, 0], [832, 0], [832, 0], [832, 0], [832, 0], [832, 0], [832, 0], [832, 0], [832, 0], [832, 0], [832, 0], [832, 0], [832, 0], [832, 0], [832, 0], [832, 3], [831, 3], [830, 0], [830, 3], [829, 2], [789, 0], [789, 3], [788, 0], [788, 2], [748, 3], [747, 0], [747, 3], [746, 2], [706, 0], [706, 3], [705, 2], [665, 0], [665, 3], [664, 0], [664, 2], [624, 3], [623, 0], [623, 0], [623, 3], [622, 2], [582, 0], [582, 2], [542, 3], [541, 0], [541, 3], [540, 2], [500, 3], [499, 0], [499, 0], [499, 2], [459, 0], [459, 4], [460, 0], [460, 2]]",0
"7.11-252,190,123,146,220,35+2","[[420, 1], [460, 0], [460, 3], [459, 0], [459, 1], [499, 0], [499, 0], [499, 4], [500, 4], [501, 1], [541, 0], [541, 4], [542, 1], [582, 0], [582, 4], [583, 1], [623, 0], [623, 0], [623, 4], [624, 1], [664, 0], [664, 4], [665, 0], [665, 1], [705, 4], [706, 0], [706, 1], [746, 4], [747, 0], [747, 1], [787, 4], [788, 0], [788, 4], [789, 0], [789, 1], [829, 4], [830, 0], [830, 4], [831, 4]]",0
"7.11-252,190,123,146,220,35+6","[[789, 0], [789, 0], [789, 0], [789, 0], [789, 0], [789, 0], [789, 0], [789, 0]]",0
"7.11-252,190,123,146,220,35+8","[[789, 0], [789, 0], [789, 0], [789, 0], [789, 0], [789, 0], [789, 0], [789, 0], [789, 0], [789, 0], [789, 0], [789, 0], [789, 0], [789, 0], [789, 0], [789, 0], [789, 0], [789, 0], [789, 0], [789, 0], [789, 0], [789, 0], [789, 0], [789, 0], [789, 0], [789, 0], [789, 0], [789, 0], [789, 0], [789, 0], [789, 0], [789, 0], [789, 0]]",0
"7.11-128,214,5,75,8,213+3","[[625, 0], [625, 0], [625, 0]]",0
"7.11-128,214,5,75,8,213+5","[[625, 0], [625, 0], [625, 0], [625, 0], [625, 0], [625, 0], [625, 0], [625, 0], [625, 0], [625, 0], [625, 0], [625, 0], [625, 0], [625, 0], [625, 0]]",0
"7.11-128,214,5,75,8,213+7","[[625, 0], [625, 0], [625, 0], [625, 0], [625, 0], [625, 0]]",0
"7.11-128,214,5,75,8,213+11","[[907, 0], [907, 0], [907, 0], [907, 0], [907, 0], [907, 0], [907, 0], [907, 0], [907, 0], [907, 0], [907, 0], [907, 0], [907, 0], [907, 0], [907, 0], [907, 0], [907, 0], [907, 0], [907, 0], [907, 0], [907, 0], [907, 0], [907, 0]]",0
"7.11-128,214,5,75,8,213+14","[[874, 0], [874, 0], [874, 0], [874, 0], [874, 0], [874, 0], [874, 0], [874, 0], [874, 0], [874, 0], [874, 0], [874, 0], [874, 0], [874, 0]]",0
"7.11-128,214,5,75,8,213+17","[[907, 0], [907, 0]]",0
"7.11-192,46,37,42,205,205+2","[[460, 0], [460, 0], [460, 0], [460, 0], [460, 0], [460, 0], [460, 0], [460, 0], [460, 0], [460, 0], [460, 0], [460, 0], [460, 0], [460, 0], [460, 0], [460, 0], [460, 0], [460, 0], [460, 0], [460, 0], [460, 0], [460, 0], [460, 0], [460, 0], [460, 0], [460, 0], [460, 0], [460, 0], [460, 0], [460, 0], [460, 0], [460, 0], [460, 0], [460, 0], [460, 0], [460, 0], [460, 0], [460, 0], [460, 0], [460, 0], [460, 0], [460, 0], [460, 0], [460, 0], [460, 0], [460, 0], [460, 0], [460, 0], [460, 0], [460, 0], [460, 0], [460, 0], [460, 0], [460, 0], [460, 0], [460, 0], [460, 0], [460, 0], [460, 0], [460, 0], [460, 0], [460, 0], [460, 0], [460, 0], [460, 0], [460, 0]]",0
"7.11-192,46,37,42,205,205+10","[[460, 0], [460, 0], [460, 0], [460, 0], [460, 0], [460, 0], [460, 0], [460, 0], [460, 0], [460, 0], [460, 0], [460, 0], [460, 0], [460, 0], [460, 0], [460, 0], [460, 0], [460, 0], [460, 0], [460, 0], [460, 0], [460, 0], [460, 0], [460, 0], [460, 0], [460, 0], [460, 0], [460, 0], [460, 0], [460, 0], [460, 0], [460, 0], [460, 0], [460, 0], [460, 0], [460, 0], [460, 0], [460, 0], [460, 0], [460, 0], [460, 0], [460, 0]]",0
"7.11-192,46,37,42,205,205+13","[[587, 0]]",0
"7.11-184,55,101,29,72,107+1","[[788, 0], [788, 0], [788, 0], [788, 0], [788, 0], [788, 0], [788, 0], [788, 0], [788, 0], [788, 0], [788, 0], [788, 0], [788, 0], [788, 0], [788, 0], [788, 0], [788, 0], [788, 0], [788, 0], [788, 0], [788, 0], [788, 0], [788, 0], [788, 0], [788, 0], [788, 0], [788, 0], [788, 0], [788, 0], [788, 0], [788, 0], [788, 0], [788, 0], [788, 0], [788, 0], [788, 0], [788, 0], [788, 0], [788, 0], [788, 0], [788, 0], [788, 0], [788, 0], [788, 0], [788, 0], [788, 0], [788, 0], [788, 0], [788, 0], [788, 0], [788, 0]]",0
"7.11-184,55,101,29,72,107+5","[[832, 3], [831, 3], [830, 0], [830, 3], [829, 2], [789, 0], [789, 3]]",0
"7.11-184,55,101,29,72,107+12","[[832, 3], [831, 3], [830, 0], [830, 2], [790, 3], [789, 0], [789, 3], [788, 0], [788, 3], [787, 2], [747, 0], [747, 2], [707, 3], [706, 0], [706, 3], [705, 2], [665, 0], [665, 3], [664, 0], [664, 3], [663, 2]]",0
"7.11-184,55,101,29,72,107+13","[[623, 4], [624, 1], [664, 0], [664, 4], [665, 0], [665, 4], [666, 1], [706, 0], [706, 1], [746, 4], [747, 0], [747, 1], [787, 4]]",0
"7.11-104,160,62,174,96,98+2","[[876, 0], [876, 0], [876, 0], [876, 0], [876, 0], [876, 0], [876, 0], [876, 0], [876, 0], [876, 0], [876, 0], [876, 0], [876, 0], [876, 0], [876, 0], [876, 0], [876, 0], [876, 0], [876, 0], [876, 0], [876, 0], [876, 0], [876, 0], [876, 0], [876, 0], [876, 0], [876, 0], [876, 0], [876, 0], [876, 0], [876, 0], [876, 0], [876, 0], [876, 0], [876, 0], [876, 0], [876, 0], [876, 0], [876, 0], [876, 0], [876, 0], [876, 0], [876, 0], [876, 0], [876, 0], [876, 0], [876, 0], [876, 0], [876, 0], [876, 0], [876, 0], [876, 0], [876, 0], [876, 0], [876, 0], [876, 0], [876, 0], [876, 0], [876, 0], [876, 0], [876, 0], [876, 0], [876, 0], [876, 0], [876, 0], [876, 0], [876, 0], [876, 0], [876, 0], [876, 0], [876, 0], [876, 0], [876, 0], [876, 0], [876, 0], [876, 0], [876, 0], [876, 0], [876, 0], [876, 0], [876, 0], [876, 0], [876, 0], [876, 0], [876, 0], [876, 0], [876, 0], [876, 0], [876, 0], [876, 0], [876, 0], [876, 0]]",0
"7.11-104,160,62,174,96,98+4","[[876, 0], [876, 0], [876, 0], [876, 0], [876, 0], [876, 0], [876, 0], [876, 0], [876, 0], [876, 0], [876, 0], [876, 0], [876, 0], [876, 0], [876, 0], [876, 0], [876, 0], [876, 0], [876, 0], [876, 0], [876, 0], [876, 0], [876, 0], [876, 0], [876, 0]]",0
"7.11-112,58,81,118,159,27+2","[[874, 0], [874, 0], [874, 0], [874, 0], [874, 0], [874, 0], [874, 0], [874, 0], [874, 0], [874, 0], [874, 0], [874, 0], [874, 0], [874, 0], [874, 0], [874, 0], [874, 0], [874, 0], [874, 0], [874, 0], [874, 0], [874, 0], [874, 0], [874, 0], [874, 0], [874, 0], [874, 0], [874, 0], [874, 0], [874, 0], [874, 0], [874, 0], [874, 0], [874, 0], [874, 0]]",0
"7.11-112,58,81,118,159,27+3","[[832, 3], [831, 3], [830, 0], [830, 2], [790, 3], [789, 0], [789, 3]]",0
"7.11-112,58,81,118,159,27+5","[[874, 0], [874, 0], [874, 0], [874, 0], [874, 0], [874, 0], [874, 0], [874, 0], [874, 0], [874, 0], [874, 0], [874, 0], [874, 0], [874, 0], [874, 0], [874, 0], [874, 0], [874, 0], [874, 0], [874, 0], [874, 0], [874, 0], [874, 0], [874, 0], [874, 0], [874, 0], [874, 0], [874, 0], [874, 0], [874, 0], [874, 0], [874, 0], [874, 0], [874, 0], [874, 0], [874, 0], [874, 0], [874, 0], [874, 0], [874, 0], [874, 0], [874, 0], [874, 0], [874, 0], [874, 0], [874, 0], [874, 0], [874, 0], [874, 0], [874, 0], [874, 0], [874, 0]]",0
"7.11-112,58,81,118,159,27+7","[[874, 0], [874, 0], [874, 0], [874, 0], [874, 0], [874, 0], [874, 0], [874, 0], [874, 0], [874, 0], [874, 0], [874, 0], [874, 0], [874, 0], [874, 0], [874, 0], [874, 0], [874, 0]]",0
"7.11-112,58,81,118,159,27+9","[[874, 0], [874, 0], [874, 0], [874, 0], [874, 0], [874, 0]]",0
"7.11-112,58,81,118,159,27+11","[[874, 0], [874, 0], [874, 0], [874, 0], [874, 0], [874, 0], [874, 0], [874, 0]]",0
"7.11-64,140,31,142,167,149+8","[[717, 0], [717, 0], [717, 0], [717, 0], [717, 0]]",0
"7.11-64,140,31,142,167,149+10","[[717, 0], [717, 0], [717, 0], [717, 0], [717, 0], [717, 0], [717, 0], [717, 0], [717, 0], [717, 0], [717, 0], [717, 0], [717, 0], [717, 0], [717, 0], [717, 0], [717, 0], [717, 0], [717, 0], [717, 0], [717, 0], [717, 0], [717, 0], [717, 0], [717, 0], [717, 0], [717, 0], [717, 0], [717, 0], [717, 0], [717, 0], [717, 0], [717, 0], [717, 0], [717, 0], [717, 0], [717, 0], [717, 0], [717, 0], [717, 0], [717, 0], [717, 0], [717, 0], [717, 0], [717, 0], [717, 0], [717, 0], [717, 0], [717, 0], [717, 0], [717, 0], [717, 0], [717, 0], [717, 0], [717, 0], [717, 0], [717, 0], [717, 0], [717, 0], [717, 0], [717, 0], [717, 0], [717, 0], [717, 0], [717, 0], [717, 0]]",0
"7.11-164,204,185,229,56,107+7","[[989, 0], [989, 0], [989, 0], [989, 0], [989, 0], [989, 0], [989, 0], [989, 0], [989, 0], [989, 0], [989, 0], [989, 0], [989, 0], [989, 0], [989, 0], [989, 0], [989, 0], [989, 0], [989, 0], [989, 0], [989, 0], [989, 0], [989, 0], [989, 0], [989, 0], [989, 0], [989, 0], [989, 0], [989, 0], [989, 0]]",0
"7.11-164,204,185,229,56,107+9","[[788, 2], [748, 3], [747, 0], [747, 3], [746, 2], [706, 0], [706, 3], [705, 2], [665, 0], [665, 3], [664, 0], [664, 3], [663, 2], [623, 0], [623, 0], [623, 2], [583, 3], [582, 0], [582, 2], [542, 3], [541, 0], [541, 3], [540, 2], [500, 3], [499, 0]]",0
"7.11-164,204,185,229,56,107+10","[[499, 2], [459, 0], [459, 4], [460, 0], [460, 2]]",0
"7.11-164,204,185,229,56,107+11","[[420, 1], [460, 0], [460, 4], [461, 0], [461, 4], [462, 0], [462, 4], [463, 1], [503, 0], [503, 4], [504, 0], [504, 1], [544, 0], [544, 0], [544, 4], [545, 1], [585, 0], [585, 4], [586, 0], [586, 0], [586, 4], [587, 0], [587, 0]]",0
"7.11-164,204,185,229,56,107+14","[[985, 2], [945, 0], [945, 4], [946, 0], [946, 4], [947, 0], [947, 2], [907, 0], [907, 4], [908, 0], [908, 2], [868, 0], [868, 0], [868, 4], [869, 2], [829, 0], [829, 2], [789, 0], [789, 3], [788, 0], [788, 3], [787, 2], [747, 0], [747, 2], [707, 3], [706, 0], [706, 2], [666, 3], [665, 0], [665, 3], [664, 0], [664, 2], [624, 3], [623, 0], [623, 0], [623, 2], [583, 3], [582, 0], [582, 3], [581, 2], [541, 0], [541, 3], [540, 3], [539, 2], [499, 0], [499, 0], [499, 2], [459, 3], [458, 0], [458, 3], [457, 0], [457, 3], [456, 2], [416, 3], [415, 0], [415, 3], [414, 2], [374, 0], [374, 3], [373, 0], [373, 3], [372, 3], [371, 2], [331, 0], [331, 3], [330, 3], [329, 2], [289, 0], [289, 3], [288, 0], [288, 3], [287, 2], [247, 0], [247, 2], [207, 3]]",0
"7.11-164,204,185,229,56,107+15","[[206, 3], [205, 0], [205, 2], [165, 3], [164, 0], [164, 0], [164, 3], [163, 2], [123, 0], [123, 2], [83, 3], [82, 0], [82, 2], [42, 3]]",0
"7.11-164,204,185,229,56,107+16","[[41, 4], [42, 1], [82, 0], [82, 4], [83, 1], [123, 0], [123, 1], [163, 4], [164, 0], [164, 0], [164, 4], [165, 1], [205, 0], [205, 4]]",0
"7.11-164,204,185,229,56,107+17","[[206, 1], [246, 4], [247, 0], [247, 4], [248, 1], [288, 0], [288, 4], [289, 0], [289, 4], [290, 1], [330, 4], [331, 0], [331, 4], [332, 1], [372, 4], [373, 0], [373, 4], [374, 0], [374, 1], [414, 4], [415, 0], [415, 4], [416, 4], [417, 1], [457, 0], [457, 4], [458, 0], [458, 4], [459, 1], [499, 0], [499, 0], [499, 4], [500, 4], [501, 1], [541, 0], [541, 1], [581, 4], [582, 0], [582, 1], [622, 4], [623, 0], [623, 0], [623, 1], [663, 4], [664, 0], [664, 4], [665, 0], [665, 1], [705, 4], [706, 0], [706, 4], [707, 1], [747, 0], [747, 1], [787, 4]]",0
"7.11-164,204,185,229,56,107+18","[[788, 3], [787, 2], [747, 0], [747, 2], [707, 3], [706, 0], [706, 2], [666, 3], [665, 0], [665, 3], [664, 0], [664, 2], [624, 3], [623, 0], [623, 0], [623, 2], [583, 3], [582, 0], [582, 2], [542, 3], [541, 0], [541, 3], [540, 2], [500, 3], [499, 0]]",0
"7.11-164,204,185,229,56,107+20","[[989, 0], [989, 0], [989, 0], [989, 0], [989, 0], [989, 0]]",0
"7.11-124,218,195,126,234,181+2","[[876, 0], [876, 0], [876, 0], [876, 0], [876, 0], [876, 0], [876, 0], [876, 0], [876, 0], [876, 0], [876, 0], [876, 0], [876, 0], [876, 0], [876, 0], [876, 0], [876, 0], [876, 0], [876, 0], [876, 0], [876, 0], [876, 0], [876, 0], [876, 0], [876, 0], [876, 0], [876, 0], [876, 0], [876, 0], [876, 0], [876, 0], [876, 0], [876, 0], [876, 0], [876, 0], [876, 0], [876, 0], [876, 0], [876, 0], [876, 0], [876, 0], [876, 0], [876, 0], [876, 0], [876, 0], [876, 0], [876, 0], [876, 0], [876, 0], [876, 0], [876, 0], [876, 0], [876, 0]]",0
"7.11-124,218,195,126,234,181+6","[[876, 0], [876, 0], [876, 0], [876, 0], [876, 0], [876, 0], [876, 0], [876, 0], [876, 0], [876, 0], [876, 0], [876, 0], [876, 0], [876, 0], [876, 0], [876, 0], [876, 0], [876, 0], [876, 0], [876, 0], [876, 0], [876, 0], [876, 0], [876, 0], [876, 0], [876, 0], [876, 0], [876, 0], [876, 0], [876, 0], [876, 0], [876, 0], [876, 0], [876, 0], [876, 0], [876, 0], [876, 0], [876, 0], [876, 0], [876, 0], [876, 0], [876, 0], [876, 0], [876, 0], [876, 0], [876, 0], [876, 0], [876, 0], [876, 0], [876, 0], [876, 0], [876, 0], [876, 0], [876, 0], [876, 0], [876, 0], [876, 0], [876, 0], [876, 0], [876, 0], [876, 0], [876, 0], [876, 0], [876, 0], [876, 0], [876, 0], [876, 0], [876, 0], [876, 0], [876, 0], [876, 0], [876, 0], [876, 0], [876, 0], [876, 0]]",0
"7.11-24,2,174,207,62,51+7","[[717, 0], [717, 0], [717, 0], [717, 0], [717, 0], [717, 0], [717, 0], [717, 0], [717, 0], [717, 0], [717, 0], [717, 0], [717, 0], [717, 0], [717, 0], [717, 0], [717, 0], [717, 0], [717, 0], [717, 0], [717, 0], [717, 0], [717, 0], [717, 0], [717, 0], [717, 0], [717, 0], [717, 0], [717, 0], [717, 0], [717, 0], [717, 0], [717, 0], [717, 0], [717, 0], [717, 0], [717, 0], [717, 0], [717, 0], [717, 0], [717, 0], [717, 0], [717, 0], [717, 0], [717, 0], [717, 0], [717, 0], [717, 0], [717, 0], [717, 0], [717, 0], [717, 0], [717, 0], [717, 0], [717, 0], [717, 0], [717, 0], [717, 0], [717, 0], [717, 0], [717, 0], [717, 0], [717, 0], [717, 0], [717, 0], [717, 0], [717, 0], [717, 0], [717, 0], [717, 0], [717, 0], [717, 0], [717, 0], [717, 0], [717, 0], [717, 0], [717, 0]]",0
"7.11-24,2,174,207,62,51+15","[[597, 0], [597, 0], [597, 0], [597, 0], [597, 0], [597, 0], [597, 0], [597, 0], [597, 0], [597, 0], [597, 0], [597, 0], [597, 0], [597, 0], [597, 0], [597, 0], [597, 0], [597, 0], [597, 0], [597, 0]]",0
"7.11-220,109,205,125,41,209+3","[[1071, 2], [1031, 0], [1031, 0], [1031, 4], [1032, 0], [1032, 2], [992, 0], [992, 0], [992, 4], [993, 1], [1033, 0], [1033, 2], [993, 0], [993, 2], [953, 0], [953, 4], [954, 0], [954, 0], [954, 2], [914, 0], [914, 2], [874, 0], [874, 4], [875, 4], [876, 0], [876, 4], [877, 0], [877, 4], [878, 0], [878, 4]]",0
"7.11-220,109,205,125,41,209+5","[[951, 0], [951, 0], [951, 0], [951, 0], [951, 0], [951, 0], [951, 0], [951, 0], [951, 0], [951, 0], [951, 0], [951, 0], [951, 0], [951, 0], [951, 0], [951, 0], [951, 0], [951, 0], [951, 0], [951, 0], [951, 0], [951, 0], [951, 0], [951, 0], [951, 0], [951, 0], [951, 0], [951, 0], [951, 0], [951, 0], [951, 0], [951, 0], [951, 0], [951, 0], [951, 0], [951, 0], [951, 0], [951, 0], [951, 0], [951, 0], [951, 0], [951, 0], [951, 0], [951, 0], [951, 0], [951, 0], [951, 0], [951, 0], [951, 0], [951, 0], [951, 0], [951, 0], [951, 0], [951, 0], [951, 0]]",0
"7.11-104,74,174,67,128,132+2","[[789, 0], [789, 0], [789, 0], [789, 0], [789, 0], [789, 0], [789, 0], [789, 0], [789, 0], [789, 0], [789, 0], [789, 0], [789, 0], [789, 0], [789, 0], [789, 0], [789, 0], [789, 0], [789, 0], [789, 0], [789, 0], [789, 0], [789, 0], [789, 0], [789, 0], [789, 0], [789, 0], [789, 0], [789, 0], [789, 0], [789, 0]]",0
"7.11-104,74,174,67,128,132+3","[[832, 0], [832, 0], [832, 0], [832, 0], [832, 0], [832, 0], [832, 0], [832, 0], [832, 0], [832, 0], [832, 0], [832, 3], [831, 3], [830, 0], [830, 2], [790, 3], [789, 0], [789, 3]]",0
"7.11-104,74,174,67,128,132+4","[[788, 4], [789, 0], [789, 1], [829, 4], [830, 0], [830, 4], [831, 4]]",0
"7.11-104,74,174,67,128,132+9","[[832, 4], [833, 0], [833, 4], [834, 0], [834, 1], [874, 0], [874, 4], [875, 4], [876, 0], [876, 4]]",0
"7.11-104,74,174,67,128,132+13","[[789, 0], [789, 0], [789, 0], [789, 0], [789, 0], [789, 0], [789, 0], [789, 0], [789, 0], [789, 0], [789, 0], [789, 0], [789, 0], [789, 0], [789, 0], [789, 0], [789, 0], [789, 0], [789, 0], [789, 0], [789, 0], [789, 0], [789, 0], [789, 0], [789, 0], [789, 0], [789, 0]]",0
"7.11-36,17,69,161,50,93+2","[[876, 0], [876, 0], [876, 0], [876, 0], [876, 0], [876, 0], [876, 0], [876, 0], [876, 0], [876, 0], [876, 0], [876, 0], [876, 0], [876, 0], [876, 0], [876, 0], [876, 0], [876, 0], [876, 0], [876, 0], [876, 0], [876, 0], [876, 0], [876, 0], [876, 0], [876, 0], [876, 0], [876, 0], [876, 0], [876, 0], [876, 0], [876, 0], [876, 0], [876, 0], [876, 0], [876, 0], [876, 0], [876, 0], [876, 0], [876, 0], [876, 0], [876, 0], [876, 0], [876, 0], [876, 0], [876, 0], [876, 0], [876, 0], [876, 0], [876, 0], [876, 0], [876, 0], [876, 0], [876, 0], [876, 0], [876, 0], [876, 0], [876, 0], [876, 0], [876, 0], [876, 0], [876, 0], [876, 0], [876, 0], [876, 0], [876, 0], [876, 0], [876, 0], [876, 0], [876, 0]]",0
"7.11-36,17,69,161,50,93+4","[[876, 0], [876, 0], [876, 0], [876, 0], [876, 0], [876, 0], [876, 0], [876, 0], [876, 0], [876, 0], [876, 0], [876, 0], [876, 0], [876, 0], [876, 0], [876, 0], [876, 0], [876, 0], [876, 0], [876, 0], [876, 0], [876, 0], [876, 0], [876, 0], [876, 0]]",0
"7.11-124,161,119,225,7,54+1","[[951, 0], [951, 0], [951, 0], [951, 0], [951, 0], [951, 0], [951, 0], [951, 0], [951, 0], [951, 0], [951, 0], [951, 0], [951, 0], [951, 0], [951, 0], [951, 0], [951, 0], [951, 0], [951, 0], [951, 0], [951, 0], [951, 0], [951, 0], [951, 0], [951, 0], [951, 0], [951, 0], [951, 0], [951, 0], [951, 0], [951, 0], [951, 0], [951, 0], [951, 0], [951, 0], [951, 0], [951, 0], [951, 0], [951, 0], [951, 0], [951, 0], [951, 0], [951, 0], [951, 0], [951, 0], [951, 0], [951, 0], [951, 0], [951, 0], [951, 0]]",0
"7.11-124,161,119,225,7,54+3","[[951, 0], [951, 0], [951, 0], [951, 0], [951, 0], [951, 0], [951, 0]]",0
"7.11-124,161,119,225,7,54+5","[[951, 0], [951, 0], [951, 0], [951, 0], [951, 0], [951, 0], [951, 0], [951, 0], [951, 0], [951, 0], [951, 0], [951, 0], [951, 0], [951, 0], [951, 0], [951, 0], [951, 0], [951, 0], [951, 0], [951, 0], [951, 0], [951, 0], [951, 0], [951, 0], [951, 0], [951, 0], [951, 0], [951, 0], [951, 0], [951, 0], [951, 0]]",0
"7.11-252,124,2,134,99,96+1","[[788, 0], [788, 0], [788, 0], [788, 0], [788, 0], [788, 0], [788, 0], [788, 0], [788, 0], [788, 0], [788, 0], [788, 0], [788, 0], [788, 0], [788, 0], [788, 0], [788, 0], [788, 0], [788, 0], [788, 0], [788, 4], [789, 0], [789, 1], [829, 4], [830, 0], [830, 4], [831, 4]]",0
"7.11-252,124,2,134,99,96+2","[[832, 0], [832, 0], [832, 0], [832, 0], [832, 0], [832, 0], [832, 0], [832, 0], [832, 0], [832, 0], [832, 0], [832, 0], [832, 0], [832, 0], [832, 0], [832, 0], [832, 0], [832, 0], [832, 0], [832, 0], [832, 0], [832, 0], [832, 0], [832, 0], [832, 0], [832, 3], [831, 3], [830, 0], [830, 3], [829, 2], [789, 0], [789, 3]]",0
"7.11-252,124,2,134,99,96+3","[[788, 4], [789, 0], [789, 4], [790, 1], [830, 0], [830, 4], [831, 4]]",0
"7.11-252,124,2,134,99,96+5","[[747, 0], [747, 0], [747, 0], [747, 0], [747, 0], [747, 0], [747, 0], [747, 0], [747, 0], [747, 0], [747, 0], [747, 0], [747, 0], [747, 0], [747, 0], [747, 0], [747, 0], [747, 0], [747, 0], [747, 0], [747, 0], [747, 0], [747, 0], [747, 0], [747, 0], [747, 0], [747, 0], [747, 0], [747, 0], [747, 0], [747, 0], [747, 0], [747, 0], [747, 0], [747, 0], [747, 0], [747, 0], [747, 0], [747, 0], [747, 0], [747, 0], [747, 0], [747, 0], [747, 0], [747, 0]]",0
"7.11-132,65,103,218,221,212+2","[[460, 0], [460, 0], [460, 0], [460, 0], [460, 0], [460, 0], [460, 0], [460, 0], [460, 0], [460, 0], [460, 0], [460, 0], [460, 0], [460, 0], [460, 0], [460, 0], [460, 0], [460, 0], [460, 0], [460, 0], [460, 0], [460, 0], [460, 0], [460, 0], [460, 0], [460, 0], [460, 0], [460, 0], [460, 0], [460, 0], [460, 0], [460, 0], [460, 0], [460, 0], [460, 0], [460, 0], [460, 0], [460, 0], [460, 0], [460, 0], [460, 0], [460, 0], [460, 0], [460, 0], [460, 0], [460, 0], [460, 0], [460, 0], [460, 0], [460, 0], [460, 0], [460, 0], [460, 0], [460, 0], [460, 0]]",0
"7.11-132,65,103,218,221,212+3","[[420, 1], [460, 0], [460, 3], [459, 0], [459, 1]]",0
"7.11-132,65,103,218,221,212+9","[[457, 0], [457, 0]]",0
"7.11-132,65,103,218,221,212+12","[[460, 0], [460, 0], [460, 0], [460, 0], [460, 0], [460, 0], [460, 0], [460, 0], [460, 0], [460, 0], [460, 0], [460, 0], [460, 0], [460, 0], [460, 0], [460, 0], [460, 0], [460, 0], [460, 0], [460, 0], [460, 0], [460, 0], [460, 0]]",0
"7.11-132,65,103,218,221,212+15","[[623, 1], [663, 4], [664, 0], [664, 4], [665, 0], [665, 4], [666, 1], [706, 0], [706, 1], [746, 4], [747, 0], [747, 4], [748, 1]]",0
"7.11-132,65,103,218,221,212+19","[[460, 0], [460, 0], [460, 0], [460, 0], [460, 0], [460, 0], [460, 0], [460, 0], [460, 0], [460, 0], [460, 0]]",0
"7.11-216,50,20,254,96,65+1","[[832, 3], [831, 3], [830, 0], [830, 2], [790, 3], [789, 0], [789, 3]]",0
"7.11-216,50,20,254,96,65+2","[[788, 4], [789, 0], [789, 4], [790, 1], [830, 0], [830, 4], [831, 4]]",0
"7.11-216,50,20,254,96,65+3","[[832, 4], [833, 0], [833, 4], [834, 0], [834, 1], [874, 0], [874, 1], [914, 0], [914, 1], [954, 0], [954, 0], [954, 3], [953, 0], [953, 1], [993, 0], [993, 1], [1033, 0], [1033, 2], [993, 3], [992, 0], [992, 0], [992, 1], [1032, 0], [1032, 3], [1031, 0], [1031, 0], [1031, 1]]",0
"7.11-216,50,20,254,96,65+4","[[1071, 2], [1031, 0], [1031, 0], [1031, 4], [1032, 0], [1032, 2], [992, 0], [992, 0], [992, 4], [993, 1], [1033, 0], [1033, 2], [993, 0], [993, 2], [953, 0], [953, 4], [954, 0], [954, 0], [954, 2], [914, 0], [914, 2], [874, 0], [874, 2], [834, 0], [834, 3], [833, 0], [833, 3], [832, 0], [832, 3], [831, 3], [830, 0], [830, 3], [829, 2], [789, 0], [789, 3], [788, 0], [788, 2], [748, 3], [747, 0], [747, 3], [746, 2], [706, 0], [706, 3], [705, 2], [665, 0], [665, 3], [664, 0], [664, 2], [624, 3]]",0
"7.11-216,50,20,254,96,65+5","[[623, 1], [663, 4], [664, 0], [664, 4], [665, 0], [665, 1], [705, 4], [706, 0], [706, 4], [707, 1], [747, 0], [747, 4], [748, 1]]",0
"7.11-216,50,20,254,96,65+6","[[788, 0], [788, 0], [788, 4], [789, 0], [789, 4], [790, 1], [830, 0], [830, 4], [831, 4]]",0
"7.11-216,50,20,254,96,65+7","[[832, 4], [833, 0], [833, 4], [834, 0], [834, 1], [874, 0], [874, 1], [914, 0], [914, 1], [954, 0], [954, 0], [954, 3], [953, 0], [953, 1], [993, 0], [993, 1], [1033, 0], [1033, 3], [1032, 2], [992, 0], [992, 0], [992, 1], [1032, 0], [1032, 3], [1031, 0], [1031, 0], [1031, 1]]",0
"7.11-216,50,20,254,96,65+8","[[1071, 2], [1031, 0], [1031, 0], [1031, 4], [1032, 0], [1032, 2], [992, 0], [992, 0], [992, 4], [993, 1], [1033, 0], [1033, 2], [993, 0], [993, 2], [953, 0], [953, 4], [954, 0], [954, 0], [954, 2], [914, 0], [914, 2], [874, 0], [874, 2], [834, 0], [834, 3], [833, 0], [833, 3]]",0
"7.11-36,6,170,19,129,255+1","[[832, 3], [831, 3], [830, 0], [830, 3], [829, 2], [789, 0], [789, 1], [829, 0], [829, 3], [828, 1], [868, 0], [868, 0], [868, 1], [908, 0], [908, 3], [907, 0], [907, 1], [947, 0], [947, 3], [946, 0], [946, 3], [945, 0], [945, 1]]",0
"7.11-36,6,170,19,129,255+6","[[985, 0], [985, 0], [985, 0], [985, 0], [985, 0], [985, 0], [985, 0], [985, 0], [985, 0], [985, 0], [985, 0], [985, 0], [985, 0], [985, 0], [985, 0], [985, 0], [985, 0], [985, 0], [985, 0], [985, 0], [985, 0], [985, 0], [985, 0], [985, 0], [985, 2], [945, 0], [945, 4], [946, 0], [946, 4], [947, 0], [947, 2], [907, 0], [907, 4], [908, 0], [908, 2], [868, 0], [868, 0], [868, 4], [869, 2], [829, 0], [829, 2], [789, 0], [789, 1], [829, 4], [830, 0], [830, 4], [831, 4], [832, 0], [832, 4], [833, 0], [833, 4], [834, 0], [834, 1], [874, 0], [874, 4], [875, 4], [876, 0], [876, 4]]",0
"7.11-36,6,170,19,129,255+8","[[834, 0], [834, 0]]",0
"7.11-36,6,170,19,129,255+9","[[788, 4], [789, 0], [789, 1], [829, 0], [829, 1], [869, 3], [868, 0], [868, 0], [868, 1], [908, 0], [908, 3], [907, 0], [907, 1], [947, 0], [947, 3], [946, 0], [946, 3], [945, 0], [945, 1]]",0
"7.11-36,6,170,19,129,255+10","[[985, 0], [985, 0], [985, 0], [985, 0], [985, 0], [985, 0], [985, 0], [985, 0], [985, 0], [985, 0], [985, 0], [985, 0], [985, 0], [985, 0], [985, 0], [985, 0], [985, 0], [985, 0], [985, 0], [985, 0], [985, 0], [985, 0], [985, 0], [985, 0], [985, 0], [985, 0], [985, 0], [985, 0], [985, 0], [985, 0], [985, 0], [985, 0], [985, 0], [985, 0], [985, 0], [985, 3], [984, 0], [984, 1], [1024, 0], [1024, 0], [1024, 1], [1064, 4], [1065, 0], [1065, 0], [1065, 1]]",0
"7.11-36,6,170,19,129,255+11","[[1105, 2], [1065, 0], [1065, 0], [1065, 2], [1025, 3], [1024, 0], [1024, 0], [1024, 2], [984, 0], [984, 4]]",0
"7.11-36,6,170,19,129,255+12","[[985, 2], [945, 0], [945, 4], [946, 0], [946, 4], [947, 0], [947, 2], [907, 0], [907, 4], [908, 0], [908, 2], [868, 0], [868, 0], [868, 4], [869, 2], [829, 0], [829, 2], [789, 0], [789, 3]]",0
"7.11-36,6,170,19,129,255+13","[[788, 4], [789, 0], [789, 1], [829, 4], [830, 0], [830, 4], [831, 4], [832, 0], [832, 4], [833, 0], [833, 4], [834, 0], [834, 1], [874, 0], [874, 4], [875, 4], [876, 0], [876, 4]]",0
"7.11-60,134,209,115,214,231+2","[[674, 0], [674, 0], [674, 0], [674, 0], [674, 0], [674, 0], [674, 0], [674, 0], [674, 0], [674, 0], [674, 0], [674, 0], [674, 0], [674, 0], [674, 0], [674, 0], [674, 0], [674, 0], [674, 0], [674, 0], [674, 0], [674, 0], [674, 0], [674, 0], [674, 0], [674, 0], [674, 0], [674, 0], [674, 0], [674, 0], [674, 0], [674, 0], [674, 0], [674, 0], [674, 0], [674, 0]]",0
"7.11-60,134,209,115,214,231+12","[[914, 0], [914, 0], [914, 0], [914, 0], [914, 0], [914, 0]]",0
"7.11-60,134,209,115,214,231+15","[[830, 0], [830, 0], [830, 0], [830, 0], [830, 0], [830, 0], [830, 0]]",0
"7.11-60,134,209,115,214,231+16","[[587, 0], [587, 0], [587, 3], [586, 0], [586, 0], [586, 3], [585, 0], [585, 1], [625, 0], [625, 0], [625, 1], [665, 3], [664, 0], [664, 2], [624, 3], [623, 0], [623, 1], [663, 0], [663, 1], [703, 0], [703, 1], [743, 0]]",0
"7.11-60,134,209,115,214,231+30","[[665, 0], [665, 0], [665, 0], [665, 0], [665, 0], [665, 0]]",0
"7.11-40,53,69,96,185,108+3","[[420, 1], [460, 0], [460, 3], [459, 0], [459, 1], [499, 0], [499, 2], [459, 3], [458, 0], [458, 3], [457, 0], [457, 3], [456, 3], [455, 2], [415, 0], [415, 2], [375, 3]]",0
"7.11-40,53,69,96,185,108+11","[[460, 0], [460, 0], [460, 0], [460, 0], [460, 0], [460, 0], [460, 0], [460, 0], [460, 0], [460, 0], [460, 0], [460, 0], [460, 0], [460, 0], [460, 0], [460, 0], [460, 0], [460, 0], [460, 0], [460, 0], [460, 0], [460, 0], [460, 0], [460, 0], [460, 0], [460, 0], [460, 0], [460, 0], [460, 0], [460, 0], [460, 0], [460, 0], [460, 0], [460, 0], [460, 0], [460, 0], [460, 0], [460, 0], [460, 0], [460, 0], [460, 0], [460, 0], [460, 0], [460, 0], [460, 0]]",0
"7.11-164,201,57,9,43,253+4","[[717, 0], [717, 0], [717, 0], [717, 0], [717, 0], [717, 0], [717, 0], [717, 0], [717, 0], [717, 0], [717, 0], [717, 0], [717, 0], [717, 0], [717, 0], [717, 0], [717, 0], [717, 0]]",0
"7.11-164,201,57,9,43,253+6","[[717, 0], [717, 0], [717, 0], [717, 0], [717, 0], [717, 0], [717, 0], [717, 0], [717, 0], [717, 0], [717, 0], [717, 0], [717, 0], [717, 0], [717, 0], [717, 0], [717, 0], [717, 0], [717, 0], [717, 0], [717, 0], [717, 0], [717, 0], [717, 0]]",0
"7.11-180,71,245,166,44,220+2","[[834, 0], [834, 0], [834, 0], [834, 0], [834, 0], [834, 0], [834, 0], [834, 0], [834, 0], [834, 0], [834, 0], [834, 0], [834, 0], [834, 0], [834, 0]]",0
"7.11-180,71,245,166,44,220+4","[[834, 0], [834, 0], [834, 0], [834, 0], [834, 0], [834, 0]]",0
"7.11-180,71,245,166,44,220+6","[[834, 0]]",0
"7.11-136,191,228,175,202,9+1","[[879, 3], [878, 0], [878, 3], [877, 0], [877, 3], [876, 0], [876, 3], [875, 3], [874, 0], [874, 2], [834, 0], [834, 3], [833, 0], [833, 3]]",0
"7.11-136,191,228,175,202,9+2","[[832, 0]]",0
"7.11-136,191,228,175,202,9+16","[[874, 0]]",0
"7.11-136,191,228,175,202,9+17","[[1071, 2], [1031, 0], [1031, 0], [1031, 4], [1032, 0], [1032, 2], [992, 0], [992, 0], [992, 1], [1032, 4], [1033, 0], [1033, 2], [993, 0], [993, 2], [953, 0], [953, 4], [954, 0], [954, 0], [954, 2], [914, 0], [914, 2], [874, 0], [874, 2], [834, 0], [834, 0], [834, 3], [833, 0], [833, 2], [793, 0], [793, 2], [753, 0], [753, 4], [754, 0], [754, 2], [714, 0], [714, 2], [674, 0], [674, 0], [674, 4], [675, 0], [675, 4], [676, 0], [676, 0], [676, 4], [677, 2], [637, 0], [637, 0], [637, 2], [597, 0], [597, 0], [597, 2], [557, 4], [558, 0], [558, 2], [518, 0], [518, 0], [518, 2], [478, 3], [477, 0], [477, 0], [477, 2], [437, 0], [437, 0], [437, 3], [436, 2], [396, 0], [396, 0], [396, 2], [356, 0], [356, 4], [357, 0], [357, 2], [317, 0], [317, 0], [317, 4], [318, 2], [278, 0], [278, 3], [277, 0], [277, 4]]",0
"7.12-32,50,51,210,96,61+2","[[709, 0], [709, 0], [709, 0], [709, 0], [709, 0], [709, 0], [709, 0], [709, 0], [709, 0], [709, 0], [709, 0], [709, 0], [709, 0], [709, 0], [709, 0], [709, 0], [709, 0], [709, 0], [709, 0], [709, 0], [709, 0], [709, 0], [709, 0], [709, 0], [709, 0], [709, 0], [709, 0], [709, 0], [709, 0], [709, 0], [709, 0], [709, 0], [709, 0], [709, 0], [709, 0], [709, 0], [709, 0], [709, 0], [709, 0], [709, 0], [709, 0], [709, 0], [709, 0], [709, 0], [709, 0], [709, 0], [709, 0], [709, 0], [709, 0], [709, 0], [709, 0], [709, 0], [709, 0], [709, 0], [709, 0], [709, 0], [709, 0], [709, 0], [709, 0], [709, 0], [709, 0], [709, 0], [709, 0], [709, 0], [709, 0], [709, 0], [709, 0], [709, 0], [709, 0], [709, 0], [709, 0], [709, 0], [709, 0], [709, 0], [709, 0], [709, 0], [709, 0], [709, 0], [709, 0], [709, 0], [709, 0], [709, 0], [709, 0], [709, 0], [709, 0], [709, 0], [709, 0], [709, 0], [709, 0], [709, 0], [709, 0], [709, 0], [709, 0], [709, 0], [709, 0], [709, 0], [709, 0], [709, 0], [709, 0], [709, 0], [709, 0], [709, 0], [709, 0], [709, 0], [709, 0], [709, 0], [709, 0], [709, 0], [709, 0], [709, 0], [709, 0], [709, 0], [709, 0], [709, 0], [709, 0], [709, 0], [709, 0], [709, 0], [709, 0], [709, 0], [709, 0], [709, 0], [709, 0], [709, 0], [709, 0], [709, 0], [709, 0], [709, 0], [709, 0], [709, 0], [709, 0], [709, 0], [709, 0], [709, 0], [709, 0], [709, 0], [709, 0], [709, 0], [709, 0], [709, 0]]",0
"7.12-48,74,38,155,214,98+5","[[830, 0], [830, 0], [830, 0], [830, 0], [830, 0], [830, 0], [830, 0], [830, 0], [830, 0], [830, 0], [830, 0], [830, 0], [830, 0], [830, 0], [830, 0], [830, 0], [830, 0], [830, 0], [830, 0], [830, 0], [830, 0], [830, 0], [830, 0], [830, 0], [830, 0], [830, 0], [830, 0], [830, 0], [830, 0], [830, 0], [830, 0], [830, 0], [830, 0], [830, 0], [830, 0]]",0
"7.12-48,74,38,155,214,98+6","[[832, 3], [831, 3], [830, 0], [830, 3], [829, 2], [789, 0], [789, 3]]",0
"7.12-48,74,38,155,214,98+8","[[830, 0], [830, 0], [830, 0], [830, 0], [830, 0], [830, 0], [830, 0], [830, 0], [830, 0], [830, 0], [830, 0], [830, 0], [830, 0], [830, 0], [830, 0], [830, 0], [830, 0], [830, 0], [830, 0], [830, 0], [830, 0], [830, 0], [830, 0], [830, 0], [830, 0], [830, 0], [830, 0], [830, 0], [830, 0], [830, 0], [830, 0], [830, 0], [830, 0], [830, 0], [830, 0]]",0
"7.12-240,103,40,135,90,171+1","[[989, 0]]",0
"7.12-240,103,40,135,90,171+3","[[989, 0], [989, 0], [989, 0], [989, 0], [989, 0], [989, 0], [989, 0], [989, 0], [989, 0], [989, 0], [989, 0], [989, 0], [989, 0], [989, 0], [989, 0], [989, 0], [989, 0], [989, 0], [989, 0], [989, 0], [989, 0], [989, 0], [989, 0], [989, 0], [989, 0], [989, 0], [989, 0], [989, 0], [989, 0], [989, 0], [989, 0], [989, 0], [989, 0], [989, 0], [989, 0]]",0
"7.12-240,103,40,135,90,171+4","[[1105, 2], [1065, 0], [1065, 0], [1065, 3], [1064, 2], [1024, 0], [1024, 0], [1024, 2], [984, 0], [984, 4]]",0
"7.12-240,103,40,135,90,171+5","[[985, 0], [985, 0], [985, 0], [985, 0], [985, 0], [985, 0], [985, 0], [985, 0], [985, 0], [985, 0]]",0
"7.12-240,103,40,135,90,171+6","[[989, 0], [989, 0], [989, 0], [989, 0], [989, 0], [989, 0], [989, 0], [989, 0], [989, 0], [989, 0], [989, 0], [989, 0], [989, 0], [989, 0], [989, 0], [989, 0], [989, 0], [989, 0]]",0
"7.12-240,103,40,135,90,171+11","[[1105, 0], [1105, 0]]",0
"7.12-208,151,254,41,36,198+2","[[625, 0], [625, 0], [625, 0], [625, 0], [625, 0], [625, 0], [625, 0], [625, 0], [625, 0], [625, 0], [625, 0], [625, 0], [625, 0], [625, 0], [625, 0], [625, 0], [625, 0], [625, 0], [625, 0], [625, 0], [625, 0], [625, 0], [625, 0], [625, 0], [625, 0], [625, 0], [625, 0], [625, 0], [625, 0], [625, 0], [625, 0], [625, 0], [625, 0], [625, 0], [625, 0], [625, 0], [625, 0], [625, 0], [625, 0], [625, 0], [625, 0], [625, 0], [625, 0], [625, 0], [625, 0], [625, 0], [625, 0], [625, 0], [625, 0], [625, 0], [625, 0], [625, 0], [625, 0], [625, 0], [625, 0], [625, 0], [625, 0]]",0
"7.12-208,151,254,41,36,198+4","[[625, 0], [625, 0], [625, 0], [625, 0], [625, 0], [625, 0], [625, 0], [625, 0], [625, 0], [625, 0], [625, 0], [625, 0], [625, 0], [625, 0], [625, 0], [625, 0], [625, 0], [625, 0], [625, 0], [625, 0], [625, 0], [625, 0], [625, 0], [625, 0], [625, 0], [625, 0], [625, 0], [625, 0], [625, 0], [625, 0], [625, 0], [625, 0], [625, 0], [625, 0], [625, 0], [625, 0], [625, 0], [625, 0], [625, 0], [625, 0], [625, 0], [625, 0], [625, 0]]",0
"7.12-48,74,38,133,29,213+2","[[750, 0], [750, 0], [750, 0], [750, 0], [750, 0], [750, 0], [750, 0], [750, 0], [750, 0], [750, 0], [750, 0], [750, 0], [750, 0], [750, 0], [750, 0], [750, 0], [750, 0], [750, 0], [750, 0], [750, 0], [750, 0], [750, 0], [750, 0], [750, 0], [750, 0], [750, 0], [750, 0], [750, 0], [750, 0], [750, 0], [750, 0], [750, 0], [750, 0], [750, 0], [750, 0], [750, 0], [750, 0], [750, 0], [750, 0], [750, 0], [750, 0], [750, 0], [750, 0], [750, 0], [750, 0], [750, 0], [750, 0], [750, 0], [750, 0], [750, 0], [750, 0], [750, 0], [750, 0], [750, 0], [750, 0], [750, 0], [750, 0]]",0
"7.12-48,74,38,133,29,213+4","[[750, 0], [750, 0], [750, 0], [750, 0], [750, 0], [750, 0], [750, 0], [750, 0], [750, 0], [750, 0], [750, 0], [750, 0], [750, 0], [750, 0], [750, 0], [750, 0], [750, 0], [750, 0], [750, 0], [750, 0], [750, 0], [750, 0], [750, 0], [750, 0], [750, 0], [750, 0], [750, 0], [750, 0], [750, 0], [750, 0], [750, 0], [750, 0], [750, 0], [750, 0], [750, 0], [750, 0], [750, 0], [750, 0], [750, 0], [750, 0], [750, 0], [750, 0], [750, 0], [750, 0], [750, 0], [750, 0], [750, 0], [750, 0], [750, 0], [750, 0], [750, 0], [750, 0], [750, 0], [750, 0], [750, 0], [750, 0], [750, 0], [750, 0], [750, 0], [750, 0], [750, 0], [750, 0], [750, 0], [750, 0], [750, 0], [750, 0], [750, 0], [750, 0], [750, 0], [750, 0], [750, 0], [750, 0], [750, 0], [750, 0], [750, 0], [750, 0], [750, 0], [750, 0], [750, 0], [750, 0]]",0
"7.12-172,115,82,76,172,89+4","[[544, 0], [544, 0], [544, 0], [544, 0], [544, 0], [544, 0], [544, 0], [544, 0], [544, 0], [544, 0], [544, 0], [544, 0], [544, 0], [544, 0], [544, 0], [544, 0], [544, 0], [544, 0], [544, 0], [544, 0], [544, 0], [544, 0], [544, 0], [544, 0], [544, 0], [544, 0], [544, 0], [544, 0], [544, 0], [544, 0], [544, 0], [544, 0], [544, 0], [544, 0], [544, 0], [544, 0], [544, 0], [544, 0], [544, 0], [544, 0], [544, 0], [544, 0], [544, 0], [544, 0], [544, 0]]",0
"7.12-172,115,82,76,172,89+10","[[793, 0], [793, 0], [793, 0], [793, 0], [793, 0]]",0
"7.12-172,115,82,76,172,89+23","[[628, 0], [628, 0], [628, 0], [628, 0], [628, 0], [628, 0], [628, 0], [628, 0], [628, 0], [628, 0], [628, 0], [628, 0]]",0
"7.12-172,115,82,76,172,89+25","[[877, 3], [876, 0], [876, 3], [875, 3], [874, 0], [874, 2], [834, 0], [834, 3], [833, 0], [833, 3], [832, 0], [832, 3], [831, 3], [830, 0], [830, 2], [790, 3], [789, 0], [789, 3], [788, 0], [788, 2], [748, 3], [747, 0], [747, 2], [707, 3], [706, 0], [706, 3], [705, 2], [665, 0], [665, 3], [664, 0], [664, 2], [624, 3], [623, 0], [623, 0], [623, 2], [583, 3], [582, 0], [582, 2], [542, 3], [541, 0], [541, 3], [540, 2], [500, 3], [499, 0]]",0
"7.12-172,115,82,76,172,89+31","[[747, 0], [747, 0]]",0
"7.12-104,160,62,174,96,98+1","[[832, 0], [832, 0], [832, 0], [832, 0], [832, 0], [832, 0], [832, 0], [832, 0], [832, 0], [832, 0], [832, 0], [832, 0], [832, 0], [832, 0], [832, 0], [832, 0], [832, 0], [832, 0], [832, 0], [832, 0], [832, 0], [832, 0], [832, 0], [832, 0], [832, 0], [832, 0], [832, 0], [832, 0], [832, 0], [832, 0], [832, 0], [832, 0], [832, 0], [832, 0], [832, 0], [832, 0], [832, 0], [832, 0], [832, 0], [832, 0], [832, 0], [832, 0], [832, 0], [832, 0], [832, 0], [832, 0], [832, 0], [832, 0], [832, 0], [832, 0], [832, 0], [832, 0], [832, 0], [832, 0], [832, 0], [832, 0], [832, 0], [832, 0], [832, 0], [832, 0], [832, 0], [832, 0], [832, 0], [832, 0], [832, 0], [832, 0], [832, 0], [832, 0]]",0
"7.12-124,218,195,126,234,181+2","[[876, 0], [876, 0], [876, 0], [876, 0], [876, 0], [876, 0], [876, 0], [876, 0]]",0
"7.12-124,218,195,126,234,181+4","[[876, 0], [876, 0], [876, 0], [876, 0], [876, 0], [876, 0], [876, 0], [876, 0], [876, 0], [876, 0], [876, 0], [876, 0], [876, 0], [876, 0], [876, 0], [876, 0], [876, 0], [876, 0], [876, 0], [876, 0], [876, 0], [876, 0], [876, 0], [876, 0], [876, 0], [876, 0], [876, 0], [876, 0], [876, 0], [876, 0], [876, 0], [876, 0], [876, 0], [876, 0], [876, 0], [876, 0], [876, 0], [876, 0], [876, 0], [876, 0], [876, 0], [876, 0], [876, 0], [876, 0], [876, 0], [876, 0], [876, 0]]",0
"7.12-124,218,195,126,234,181+6","[[876, 0], [876, 0], [876, 0], [876, 0], [876, 0], [876, 0], [876, 0], [876, 0], [876, 0], [876, 0], [876, 0], [876, 0], [876, 0], [876, 0], [876, 0], [876, 0], [876, 0], [876, 0], [876, 0], [876, 0], [876, 0], [876, 0], [876, 0], [876, 0], [876, 0], [876, 0]]",0
"7.12-124,218,195,126,234,181+8","[[876, 0], [876, 0], [876, 0], [876, 0], [876, 0], [876, 0], [876, 0], [876, 0], [876, 0], [876, 0], [876, 0], [876, 0], [876, 0], [876, 0], [876, 0], [876, 0], [876, 0], [876, 0], [876, 0], [876, 0], [876, 0], [876, 0], [876, 0], [876, 0], [876, 0], [876, 0]]",0
"7.12-124,218,195,126,234,181+10","[[876, 0], [876, 0], [876, 0], [876, 0], [876, 0], [876, 0], [876, 0], [876, 0], [876, 0]]",0
"7.12-164,125,159,153,152,106+2","[[585, 0], [585, 0]]",0
"7.12-164,125,159,153,152,106+5","[[582, 0], [582, 0], [582, 0], [582, 0], [582, 0], [582, 0], [582, 0], [582, 0], [582, 0], [582, 0], [582, 0], [582, 0], [582, 0], [582, 0], [582, 0], [582, 0], [582, 0], [582, 0], [582, 0], [582, 0], [582, 0], [582, 0], [582, 0], [582, 0], [582, 0], [582, 0], [582, 0], [582, 0], [582, 0], [582, 0], [582, 0], [582, 0], [582, 0], [582, 0], [582, 0], [582, 0], [582, 0], [582, 0], [582, 0], [582, 0], [582, 0], [582, 0], [582, 0], [582, 0], [582, 0], [582, 0], [582, 0], [582, 0], [582, 0], [582, 0], [582, 0], [582, 0], [582, 0], [582, 0], [582, 0], [582, 0], [582, 0], [582, 0], [582, 0], [582, 0], [582, 0], [582, 0], [582, 0], [582, 0], [582, 0], [582, 0], [582, 0], [582, 0], [582, 0], [582, 0], [582, 0], [582, 0], [582, 0], [582, 0], [582, 0], [582, 0], [582, 0], [582, 0], [582, 0], [582, 0], [582, 0], [582, 0], [582, 0], [582, 0], [582, 0], [582, 0], [582, 0], [582, 0], [582, 0], [582, 0], [582, 0], [582, 0], [582, 0], [582, 0], [582, 0], [582, 0], [582, 0], [582, 0], [582, 0], [582, 0], [582, 0], [582, 0], [582, 0], [582, 0], [582, 0], [582, 0], [582, 0], [582, 0], [582, 0], [582, 0], [582, 0], [582, 0], [582, 0], [582, 0], [582, 0], [582, 0], [582, 0], [582, 0], [582, 0], [582, 0], [582, 0], [582, 0], [582, 0], [582, 0], [582, 0], [582, 0], [582, 0], [582, 0], [582, 0], [582, 0], [582, 0], [582, 0], [582, 0], [582, 0]]",0
"7.12-252,107,240,89,142,53+2","[[460, 0], [460, 0], [460, 0], [460, 0], [460, 0], [460, 0], [460, 0], [460, 0], [460, 0], [460, 0], [460, 0], [460, 0], [460, 0], [460, 0], [460, 0], [460, 0]]",0
"7.12-252,107,240,89,142,53+3","[[503, 0], [503, 0], [503, 0], [503, 0], [503, 0], [503, 0], [503, 0], [503, 0], [503, 0], [503, 0], [503, 0], [503, 0], [503, 0], [503, 0], [503, 0], [503, 0], [503, 0], [503, 0], [503, 0], [503, 0], [503, 0], [503, 0], [503, 0], [503, 0], [503, 0], [503, 0], [503, 0], [503, 0], [503, 0], [503, 0], [503, 0], [503, 0], [503, 0], [503, 0], [503, 0], [503, 0], [503, 0], [503, 0], [503, 0], [503, 0], [503, 0], [503, 0], [503, 0], [503, 0], [503, 0], [503, 0], [503, 0], [503, 0], [503, 0], [503, 0], [503, 0], [503, 0], [503, 0], [503, 0], [503, 0], [503, 0], [503, 0], [503, 0], [503, 0], [503, 0], [503, 0], [503, 0], [503, 0], [503, 0], [503, 0], [503, 0], [503, 0], [503, 0], [503, 0], [503, 0], [503, 0]]",0
"7.12-252,107,240,89,142,53+5","[[503, 0], [503, 0], [503, 0], [503, 0], [503, 0], [503, 0], [503, 0], [503, 0], [503, 0], [503, 0], [503, 0], [503, 0], [503, 0], [503, 0], [503, 0]]",0
"7.12-252,107,240,89,142,53+9","[[503, 0], [503, 0], [503, 0], [503, 0], [503, 0], [503, 0], [503, 0], [503, 0], [503, 0], [503, 0], [503, 0], [503, 0]]",0
"7.12-252,107,240,89,142,53+11","[[503, 0], [503, 0], [503, 0], [503, 0], [503, 0], [503, 0], [503, 0], [503, 0], [503, 0], [503, 0], [503, 0], [503, 0], [503, 0], [503, 0]]",0
"7.12-164,204,185,229,56,107+2","[[989, 0], [989, 0], [989, 0], [989, 0], [989, 0], [989, 0], [989, 0], [989, 0], [989, 0], [989, 0], [989, 0], [989, 0], [989, 0], [989, 0], [989, 0], [989, 0], [989, 0]]",0
"7.12-164,204,185,229,56,107+3","[[623, 1], [663, 4], [664, 0], [664, 4], [665, 0], [665, 1], [705, 4], [706, 0], [706, 4], [707, 1], [747, 0], [747, 1], [787, 4]]",0
"7.12-164,204,185,229,56,107+6","[[743, 0], [743, 2], [703, 0], [703, 2], [663, 0], [663, 2]]",0
"7.12-164,204,185,229,56,107+9","[[1071, 0]]",0
"7.12-64,68,253,44,108,157+5","[[988, 0]]",0
"7.12-64,68,253,44,108,157+9","[[988, 0], [988, 0], [988, 0], [988, 0], [988, 0], [988, 0]]",0
"7.12-64,68,253,44,108,157+10","[[1071, 3], [1070, 0], [1070, 1], [1110, 0], [1110, 3], [1109, 0], [1109, 3], [1108, 0], [1108, 1], [1148, 0], [1148, 3], [1147, 0], [1147, 0], [1147, 3], [1146, 0], [1146, 0], [1146, 0], [1146, 2], [1106, 0], [1106, 3], [1105, 0], [1105, 2], [1065, 0], [1065, 0], [1065, 2], [1025, 3], [1024, 0], [1024, 0], [1024, 2], [984, 0], [984, 4]]",0
"7.12-64,68,253,44,108,157+11","[[985, 0], [985, 0], [985, 0], [985, 0], [985, 0], [985, 0], [985, 0], [985, 0], [985, 0], [985, 0], [985, 0], [985, 0], [985, 0], [985, 0], [985, 0], [985, 0]]",0
"7.12-64,68,253,44,108,157+12","[[1067, 0], [1067, 0], [1067, 0], [1067, 0], [1067, 0], [1067, 0], [1067, 0], [1067, 0], [1067, 0], [1067, 0], [1067, 0], [1067, 0], [1067, 0], [1067, 0], [1067, 0], [1067, 0], [1067, 0], [1067, 0], [1067, 0], [1067, 0], [1067, 0], [1067, 0], [1067, 0]]",0
"7.12-64,68,253,44,108,157+16","[[832, 3], [831, 3], [830, 0], [830, 3], [829, 2], [789, 0], [789, 3]]",0
"7.12-64,68,253,44,108,157+17","[[788, 2], [748, 4], [749, 0], [749, 0], [749, 2], [709, 0], [709, 2], [669, 0], [669, 0], [669, 2], [629, 3], [628, 0], [628, 0], [628, 2], [588, 3]]",0
"7.12-64,68,253,44,108,157+18","[[587, 0], [587, 0], [587, 3], [586, 0], [586, 0], [586, 3], [585, 0], [585, 3], [584, 2], [544, 0], [544, 0], [544, 2], [504, 0], [504, 3], [503, 0], [503, 2], [463, 3], [462, 0], [462, 3], [461, 0], [461, 3], [460, 0], [460, 3], [459, 0], [459, 1], [499, 0], [499, 2], [459, 3], [458, 0], [458, 3], [457, 0], [457, 3], [456, 2], [416, 3], [415, 0], [415, 3], [414, 2], [374, 0], [374, 3], [373, 0], [373, 3], [372, 3], [371, 2], [331, 0], [331, 3], [330, 3], [329, 2], [289, 0], [289, 3], [288, 0], [288, 2], [248, 3], [247, 0], [247, 2], [207, 3], [206, 0], [206, 3], [205, 0], [205, 3], [204, 2], [164, 0], [164, 0], [164, 2], [124, 3], [123, 0], [123, 3], [122, 2], [82, 0], [82, 2], [42, 3]]",0
"7.12-64,68,253,44,108,157+22","[[1067, 0], [1067, 0], [1067, 0], [1067, 0], [1067, 0]]",0
"7.12-48,69,150,180,24,101+2","[[460, 0], [460, 0], [460, 0], [460, 0], [460, 0], [460, 0], [460, 0], [460, 0], [460, 0], [460, 0], [460, 0], [460, 0], [460, 0], [460, 0], [460, 0], [460, 0], [460, 0], [460, 0], [460, 0], [460, 0], [460, 0], [460, 0], [460, 0], [460, 0], [460, 0], [460, 0], [460, 0], [460, 0], [460, 0], [460, 0], [460, 0], [460, 0], [460, 0], [460, 0], [460, 0], [460, 0], [460, 0], [460, 0], [460, 0], [460, 0], [460, 0], [460, 0], [460, 0]]",0
"7.12-48,69,150,180,24,101+4","[[460, 0], [460, 0], [460, 0], [460, 0], [460, 0], [460, 0], [460, 0], [460, 0], [460, 0], [460, 0], [460, 0], [460, 0], [460, 0], [460, 0], [460, 0], [460, 0], [460, 0], [460, 0], [460, 0], [460, 0], [460, 0], [460, 0], [460, 0], [460, 0], [460, 0], [460, 0], [460, 0], [460, 0], [460, 0], [460, 0], [460, 0], [460, 0], [460, 0], [460, 0], [460, 0], [460, 0], [460, 0], [460, 0], [460, 0], [460, 0], [460, 0], [460, 0], [460, 0], [460, 0], [460, 0], [460, 0], [460, 0], [460, 0], [460, 0], [460, 0], [460, 0], [460, 0], [460, 0], [460, 0], [460, 0], [460, 0], [460, 0], [460, 0], [460, 0], [460, 0], [460, 0], [460, 0], [460, 0], [460, 0], [460, 0], [460, 0], [460, 0], [460, 0], [460, 0], [460, 0], [460, 0], [460, 0], [460, 0], [460, 0], [460, 0], [460, 0], [460, 0], [460, 0], [460, 0]]",0
"7.12-48,69,150,180,24,101+6","[[460, 0], [460, 0], [460, 0], [460, 0], [460, 0], [460, 0], [460, 0], [460, 0], [460, 0], [460, 0], [460, 0], [460, 0], [460, 0]]",0
"7.12-140,37,5,134,24,48+2","[[1105, 0], [1105, 0], [1105, 0], [1105, 0], [1105, 0], [1105, 0], [1105, 0], [1105, 0], [1105, 0], [1105, 0], [1105, 0], [1105, 0], [1105, 0], [1105, 0], [1105, 0], [1105, 0], [1105, 0], [1105, 0], [1105, 0], [1105, 0], [1105, 0], [1105, 2], [1065, 0], [1065, 0], [1065, 2], [1025, 3], [1024, 0], [1024, 0], [1024, 2], [984, 0], [984, 4]]",0
"7.12-140,37,5,134,24,48+3","[[985, 2], [945, 0], [945, 4], [946, 0], [946, 4], [947, 0], [947, 2], [907, 0], [907, 4], [908, 0], [908, 2], [868, 0], [868, 0], [868, 2], [828, 4], [829, 0], [829, 2], [789, 0], [789, 3]]",0
"7.12-140,37,5,134,24,48+5","[[948, 0], [948, 0], [948, 0], [948, 0], [948, 0], [948, 0], [948, 0], [948, 0], [948, 0], [948, 0], [948, 0], [948, 0], [948, 0], [948, 0], [948, 0], [948, 0], [948, 0], [948, 0], [948, 0], [948, 0]]",0
"7.12-140,37,5,134,24,48+7","[[948, 0], [948, 0], [948, 0], [948, 0], [948, 0], [948, 0], [948, 0], [948, 0], [948, 0], [948, 0], [948, 0], [948, 0], [948, 0], [948, 0], [948, 0], [948, 0], [948, 0], [948, 0], [948, 0], [948, 0], [948, 0], [948, 0]]",0
"7.12-208,151,254,40,222,169+2","[[541, 0], [541, 0], [541, 0], [541, 0], [541, 0], [541, 0], [541, 0], [541, 0], [541, 0], [541, 0], [541, 0], [541, 0], [541, 0], [541, 0], [541, 0], [541, 0], [541, 0], [541, 0], [541, 0], [541, 0], [541, 0], [541, 0], [541, 0], [541, 0], [541, 0]]",0
"7.12-208,151,254,40,222,169+4","[[541, 0], [541, 0]]",0
"7.12-208,151,254,40,222,169+6","[[541, 0], [541, 0], [541, 0], [541, 0], [541, 0], [541, 0], [541, 0], [541, 0], [541, 0], [541, 0], [541, 0], [541, 0], [541, 0], [541, 0], [541, 0]]",0
"7.12-208,151,254,40,222,169+7","[[420, 1], [460, 0], [460, 3], [459, 0], [459, 1]]",0
"7.12-208,151,254,40,222,169+9","[[541, 0], [541, 0], [541, 0], [541, 0], [541, 0], [541, 0], [541, 0], [541, 0], [541, 0], [541, 0], [541, 0], [541, 0], [541, 0], [541, 0], [541, 0], [541, 0], [541, 0], [541, 0], [541, 0], [541, 0], [541, 0], [541, 0], [541, 0], [541, 0], [541, 0], [541, 0], [541, 0], [541, 0], [541, 0], [541, 0], [541, 0], [541, 0], [541, 0], [541, 0], [541, 0], [541, 0], [541, 0], [541, 0], [541, 0], [541, 0], [541, 0], [541, 0], [541, 0], [541, 0], [541, 0], [541, 0], [541, 0], [541, 0], [541, 0], [541, 0], [541, 0], [541, 0], [541, 0], [541, 0], [541, 0], [541, 0], [541, 0], [541, 0], [541, 0], [541, 0], [541, 0], [541, 0], [541, 0], [541, 0], [541, 0], [541, 0], [541, 0], [541, 0], [541, 0], [541, 0], [541, 0]]",0
"7.12-208,151,254,40,222,169+11","[[541, 0], [541, 0], [541, 0], [541, 0], [541, 0]]",0
"7.12-208,151,254,41,36,162+1","[[789, 0], [789, 0], [789, 0], [789, 0], [789, 0], [789, 0], [789, 0], [789, 0], [789, 0], [789, 0], [789, 0], [789, 0], [789, 0], [789, 0], [789, 0], [789, 0], [789, 0], [789, 0], [789, 0], [789, 0], [789, 0]]",0
"7.12-208,151,254,41,36,162+2","[[832, 3], [831, 3], [830, 0], [830, 3], [829, 2], [789, 0], [789, 3]]",0
"7.12-208,151,254,41,36,162+4","[[789, 0], [789, 0], [789, 0], [789, 0], [789, 0], [789, 0]]",0
"7.12-208,151,254,41,36,162+6","[[789, 0]]",0
"7.12-208,151,254,41,36,162+8","[[789, 0], [789, 0], [789, 0]]",0
"7.12-208,151,254,41,36,162+9","[[788, 4], [789, 0], [789, 4], [790, 1], [830, 0], [830, 4], [831, 4], [832, 0], [832, 4], [833, 0], [833, 4], [834, 0], [834, 1], [874, 0], [874, 4], [875, 4], [876, 0], [876, 4]]",0
"7.12-208,151,254,41,36,162+10","[[877, 3], [876, 0], [876, 3], [875, 3], [874, 0], [874, 2], [834, 0], [834, 3], [833, 0], [833, 3]]",0
"7.12-208,151,254,41,36,162+11","[[832, 0], [832, 0], [832, 0], [832, 0], [832, 0], [832, 0], [832, 3], [831, 3], [830, 0], [830, 2], [790, 3], [789, 0], [789, 3]]",0
"7.12-208,151,254,41,36,162+14","[[832, 4], [833, 0], [833, 4], [834, 0], [834, 1], [874, 0], [874, 4], [875, 4], [876, 0], [876, 4]]",0
"7.12-24,2,174,207,62,51+4","[[952, 0], [952, 0], [952, 0], [952, 0], [952, 0], [952, 0], [952, 0], [952, 0], [952, 0], [952, 0], [952, 0], [952, 0], [952, 0]]",0
"7.12-24,2,174,207,62,51+5","[[832, 4], [833, 0], [833, 4], [834, 0], [834, 1], [874, 0], [874, 1], [914, 0], [914, 1], [954, 0], [954, 0], [954, 3], [953, 0], [953, 1], [993, 0], [993, 1], [1033, 0], [1033, 3], [1032, 2], [992, 0], [992, 0], [992, 1], [1032, 0], [1032, 3], [1031, 0], [1031, 0], [1031, 1]]",0
"7.12-24,2,174,207,62,51+10","[[832, 4], [833, 0], [833, 4], [834, 0], [834, 1], [874, 0], [874, 4], [875, 4], [876, 0], [876, 4]]",0
"7.12-24,2,174,207,62,51+15","[[558, 0], [558, 0], [558, 0], [558, 0], [558, 0], [558, 0], [558, 0], [558, 0], [558, 0], [558, 0], [558, 0], [558, 0], [558, 0], [558, 0], [558, 0]]",0
"7.12-24,2,174,207,62,51+16","[[877, 3], [876, 0], [876, 3], [875, 3], [874, 0], [874, 1], [914, 0], [914, 1], [954, 0], [954, 0], [954, 3], [953, 0], [953, 1], [993, 0], [993, 1], [1033, 0], [1033, 2], [993, 3], [992, 0], [992, 0], [992, 1], [1032, 0], [1032, 3], [1031, 0], [1031, 0], [1031, 1]]",0
"7.12-24,2,174,207,62,51+17","[[1071, 2], [1031, 0], [1031, 0], [1031, 4], [1032, 0], [1032, 2], [992, 0], [992, 0], [992, 1], [1032, 4], [1033, 0], [1033, 2], [993, 0], [993, 2], [953, 0], [953, 4], [954, 0], [954, 0], [954, 2], [914, 0], [914, 2], [874, 0], [874, 2], [834, 0], [834, 3], [833, 0], [833, 3], [832, 0], [832, 3], [831, 3], [830, 0], [830, 3], [829, 2], [789, 0], [789, 3]]",0
"7.12-24,2,174,207,62,51+18","[[788, 4], [789, 0], [789, 1], [829, 4], [830, 0], [830, 4], [831, 4], [832, 0], [832, 4], [833, 0], [833, 4], [834, 0], [834, 1], [874, 0], [874, 4], [875, 4], [876, 0], [876, 4]]",0
"7.12-24,2,174,207,62,51+20","[[834, 0]]",0
"7.12-8,250,121,45,167,67+1","[[832, 4], [833, 0], [833, 4], [834, 0], [834, 1], [874, 0], [874, 4], [875, 4], [876, 0], [876, 4]]",0
"7.12-8,250,121,45,167,67+2","[[877, 0], [877, 0], [877, 0], [877, 0], [877, 0]]",0
"7.12-8,250,121,45,167,67+6","[[877, 0], [877, 0], [877, 2], [837, 0], [837, 0], [837, 2], [797, 0], [797, 3], [796, 2], [756, 0], [756, 0], [756, 2], [716, 4], [717, 0], [717, 0], [717, 2], [677, 0], [677, 2], [637, 0], [637, 0], [637, 2], [597, 0], [597, 0], [597, 2], [557, 4], [558, 0], [558, 2], [518, 0], [518, 0], [518, 2], [478, 3], [477, 0], [477, 0], [477, 2], [437, 0], [437, 0], [437, 2], [397, 3], [396, 0], [396, 0], [396, 2], [356, 0], [356, 4], [357, 0], [357, 2], [317, 0], [317, 0], [317, 4], [318, 2], [278, 0], [278, 3], [277, 0], [277, 4]]",0
"7.12-8,250,121,45,167,67+7","[[278, 3], [277, 0], [277, 4], [278, 0], [278, 1], [318, 3], [317, 0], [317, 0], [317, 1], [357, 0], [357, 3], [356, 0], [356, 1], [396, 0], [396, 0], [396, 4], [397, 1], [437, 0], [437, 0], [437, 1], [477, 0], [477, 0], [477, 1], [517, 4], [518, 0], [518, 0], [518, 1], [558, 0], [558, 3], [557, 1], [597, 0], [597, 0], [597, 1], [637, 0], [637, 0], [637, 1], [677, 0], [677, 1], [717, 0], [717, 0], [717, 3], [716, 1], [756, 0], [756, 0], [756, 4], [757, 1], [797, 0], [797, 1], [837, 0], [837, 0], [837, 1]]",0
"7.12-8,250,121,45,167,67+8","[[877, 2], [837, 0], [837, 0], [837, 2], [797, 0], [797, 2], [757, 3], [756, 0], [756, 0], [756, 2], [716, 4], [717, 0], [717, 0], [717, 2], [677, 0], [677, 2], [637, 0], [637, 0], [637, 2], [597, 0], [597, 0], [597, 2], [557, 4], [558, 0], [558, 2], [518, 0], [518, 0], [518, 2], [478, 3], [477, 0], [477, 0], [477, 2], [437, 0], [437, 0], [437, 3], [436, 2], [396, 0], [396, 0], [396, 2], [356, 0], [356, 4], [357, 0], [357, 2], [317, 0], [317, 0], [317, 4], [318, 2], [278, 0], [278, 3], [277, 0], [277, 4]]",0
"7.12-8,250,121,45,167,67+10","[[874, 0], [874, 0], [874, 0], [874, 0], [874, 0]]",0
"7.12-8,250,121,45,167,67+16","[[874, 0], [874, 0], [874, 0], [874, 0], [874, 0], [874, 0], [874, 0], [874, 0], [874, 0], [874, 0], [874, 0], [874, 0], [874, 0], [874, 0], [874, 0], [874, 0], [874, 0], [874, 0], [874, 0], [874, 0], [874, 0], [874, 0], [874, 0], [874, 0], [874, 0], [874, 0], [874, 0], [874, 0], [874, 0], [874, 0], [874, 0], [874, 0], [874, 0], [874, 0], [874, 0], [874, 0], [874, 0], [874, 0], [874, 0], [874, 0], [874, 0], [874, 0], [874, 0], [874, 0], [874, 0], [874, 0], [874, 0], [874, 0]]",0
"7.12-8,250,121,45,167,67+18","[[874, 0], [874, 0], [874, 0], [874, 0], [874, 0], [874, 0], [874, 0], [874, 0], [874, 0], [874, 0], [874, 0], [874, 0], [874, 0], [874, 0], [874, 0], [874, 0], [874, 0], [874, 0], [874, 0], [874, 0], [874, 0], [874, 0], [874, 0], [874, 0], [874, 0], [874, 0], [874, 0], [874, 0], [874, 0], [874, 0], [874, 0], [874, 0], [874, 0], [874, 0]]",0
"7.12-64,140,31,52,191,11+2","[[874, 0], [874, 0], [874, 0], [874, 0], [874, 0], [874, 0], [874, 0], [874, 0], [874, 0], [874, 0], [874, 0], [874, 0], [874, 0], [874, 0], [874, 0]]",0
"7.12-64,140,31,52,191,11+4","[[874, 0], [874, 0], [874, 0], [874, 0], [874, 0], [874, 0], [874, 0], [874, 0], [874, 0], [874, 0], [874, 0], [874, 0], [874, 0], [874, 0], [874, 0], [874, 0], [874, 0], [874, 0], [874, 0], [874, 0], [874, 0], [874, 0], [874, 0], [874, 0], [874, 0], [874, 0], [874, 0], [874, 0], [874, 0], [874, 0], [874, 0], [874, 0], [874, 0], [874, 0], [874, 0], [874, 0], [874, 0], [874, 0], [874, 0]]",0
"7.12-64,140,31,52,191,11+6","[[874, 0], [874, 0], [874, 0], [874, 0], [874, 0], [874, 0], [874, 0], [874, 0], [874, 0], [874, 0], [874, 0], [874, 0], [874, 0], [874, 0], [874, 0], [874, 0], [874, 0], [874, 0], [874, 0], [874, 0], [874, 0], [874, 0], [874, 0], [874, 0], [874, 0], [874, 0], [874, 0], [874, 0], [874, 0], [874, 0], [874, 0], [874, 0], [874, 0], [874, 0], [874, 0], [874, 0], [874, 0], [874, 0], [874, 0], [874, 0], [874, 0], [874, 0], [874, 0], [874, 0], [874, 0], [874, 0], [874, 0], [874, 0], [874, 0], [874, 0], [874, 0], [874, 0], [874, 0], [874, 0], [874, 0], [874, 0], [874, 0], [874, 0], [874, 0], [874, 0], [874, 0], [874, 0], [874, 0], [874, 0], [874, 0], [874, 0], [874, 0], [874, 0], [874, 0], [874, 0], [874, 0], [874, 0], [874, 0]]",0
"7.12-20,94,105,93,76,199+2","[[876, 0], [876, 0], [876, 0], [876, 0], [876, 0], [876, 0], [876, 0], [876, 0], [876, 0], [876, 0], [876, 0], [876, 0], [876, 0]]",0
"7.12-20,94,105,93,76,199+3","[[879, 0]]",0
"7.12-20,94,105,93,76,199+4","[[876, 0], [876, 0], [876, 0], [876, 0], [876, 0], [876, 0], [876, 0], [876, 0], [876, 0], [876, 0], [876, 0], [876, 0], [876, 0], [876, 0]]",0
"7.12-20,94,105,93,76,199+5","[[832, 0], [832, 0], [832, 0], [832, 0], [832, 0], [832, 0], [832, 0], [832, 0], [832, 0], [832, 0], [832, 0]]",0
"7.12-20,94,105,93,76,199+6","[[876, 0], [876, 0], [876, 0], [876, 0], [876, 0], [876, 0], [876, 0], [876, 0], [876, 0], [876, 0], [876, 0], [876, 0], [876, 0], [876, 0], [876, 0], [876, 0], [876, 0], [876, 0], [876, 0], [876, 0], [876, 0], [876, 0], [876, 0], [876, 0], [876, 0], [876, 0], [876, 0], [876, 0], [876, 0], [876, 0], [876, 0], [876, 0], [876, 0], [876, 0], [876, 0], [876, 0], [876, 0], [876, 0], [876, 0], [876, 0], [876, 0], [876, 0], [876, 0], [876, 0], [876, 0], [876, 0], [876, 0], [876, 0], [876, 0], [876, 0], [876, 0], [876, 0], [876, 0], [876, 0], [876, 0], [876, 0], [876, 0], [876, 0], [876, 0], [876, 0], [876, 0], [876, 0], [876, 0], [876, 0], [876, 0], [876, 0], [876, 0], [876, 0], [876, 0], [876, 0], [876, 0], [876, 0], [876, 0], [876, 0], [876, 0], [876, 0], [876, 0], [876, 0], [876, 0], [876, 0], [876, 0]]",0
"7.12-184,148,54,32,44,55+2","[[674, 0], [674, 0], [674, 0], [674, 0], [674, 0], [674, 0], [674, 0], [674, 0], [674, 0], [674, 0], [674, 0], [674, 0], [674, 0], [674, 0], [674, 0], [674, 0], [674, 0], [674, 0], [674, 0], [674, 0], [674, 0], [674, 0], [674, 0], [674, 0]]",0
"7.12-184,148,54,32,44,55+6","[[674, 0], [674, 0], [674, 0], [674, 0], [674, 0], [674, 0], [674, 0]]",0
"7.12-184,148,54,32,44,55+8","[[674, 0], [674, 0], [674, 0], [674, 0]]",0
"7.12-184,148,54,32,44,55+10","[[674, 0], [674, 0], [674, 0], [674, 0], [674, 0], [674, 0], [674, 0], [674, 0], [674, 0], [674, 0], [674, 0], [674, 0], [674, 0], [674, 0], [674, 0], [674, 0], [674, 0], [674, 0], [674, 0]]",0
"7.12-184,148,54,32,44,55+12","[[674, 0], [674, 0], [674, 0], [674, 0], [674, 0], [674, 0], [674, 0], [674, 0], [674, 0], [674, 0], [674, 0], [674, 0], [674, 0]]",0
"7.12-184,148,54,32,44,55+18","[[669, 0], [669, 0], [669, 0], [669, 0], [669, 0], [669, 0], [669, 0], [669, 0], [669, 0], [669, 0]]",0
"7.12-56,251,20,50,26,70+2","[[948, 0], [948, 0], [948, 0]]",0
"7.12-56,251,20,50,26,70+6","[[948, 0], [948, 0], [948, 0], [948, 0], [948, 0]]",0
"7.12-56,251,20,50,26,70+8","[[989, 0], [989, 0], [989, 0], [989, 0], [989, 0], [989, 0], [989, 0], [989, 0], [989, 0], [989, 0], [989, 0], [989, 0], [989, 0], [989, 0], [989, 0], [989, 0], [989, 0], [989, 0], [989, 0], [989, 0], [989, 0], [989, 0], [989, 0], [989, 0]]",0
"7.12-56,251,20,50,26,70+18","[[832, 3], [831, 3], [830, 0], [830, 2], [790, 3], [789, 0], [789, 3], [788, 0], [788, 3], [787, 2], [747, 0], [747, 2], [707, 3], [706, 0], [706, 2], [666, 3], [665, 0], [665, 3], [664, 0], [664, 2], [624, 3], [623, 0], [623, 0], [623, 2], [583, 3], [582, 0], [582, 3], [581, 2], [541, 0], [541, 3], [540, 3], [539, 2], [499, 0], [499, 0], [499, 2], [459, 0], [459, 4], [460, 0], [460, 2]]",0
"7.12-56,251,20,50,26,70+19","[[420, 1], [460, 0], [460, 3], [459, 0], [459, 1], [499, 0], [499, 0], [499, 4], [500, 1], [540, 4], [541, 0], [541, 4], [542, 1], [582, 0], [582, 4], [583, 1], [623, 0], [623, 0], [623, 1], [663, 4], [664, 0], [664, 4], [665, 0], [665, 1], [705, 4], [706, 0], [706, 1], [746, 4], [747, 0], [747, 1], [787, 4], [788, 0], [788, 4], [789, 0], [789, 1], [829, 4], [830, 0], [830, 4], [831, 4]]",0
"7.12-56,251,20,50,26,70+20","[[832, 0], [832, 3], [831, 3], [830, 0], [830, 3], [829, 2], [789, 0], [789, 3], [788, 0], [788, 3], [787, 2], [747, 0], [747, 2], [707, 3], [706, 0], [706, 2], [666, 3], [665, 0], [665, 3], [664, 0], [664, 3], [663, 2], [623, 0], [623, 0], [623, 2], [583, 3], [582, 0], [582, 2], [542, 3], [541, 0], [541, 3], [540, 3], [539, 2], [499, 0], [499, 0], [499, 2], [459, 0], [459, 4], [460, 0], [460, 2]]",0
"7.12-56,251,20,50,26,70+21","[[420, 1], [460, 0], [460, 3], [459, 0], [459, 1], [499, 0], [499, 0], [499, 4], [500, 4], [501, 1], [541, 0], [541, 4], [542, 1], [582, 0], [582, 1], [622, 4], [623, 0], [623, 0], [623, 1], [663, 4], [664, 0], [664, 4], [665, 0], [665, 1], [705, 4], [706, 0], [706, 1], [746, 4], [747, 0], [747, 4], [748, 1], [788, 0], [788, 4], [789, 0], [789, 4], [790, 1], [830, 0], [830, 4], [831, 4]]",0
"7.12-56,251,20,50,26,70+22","[[832, 0], [832, 0], [832, 0], [832, 0], [832, 3], [831, 3], [830, 0], [830, 2], [790, 3], [789, 0], [789, 3], [788, 0], [788, 2], [748, 3], [747, 0], [747, 2], [707, 3], [706, 0], [706, 3], [705, 2], [665, 0], [665, 3], [664, 0], [664, 3], [663, 2], [623, 0], [623, 0], [623, 2], [583, 3], [582, 0], [582, 3], [581, 2], [541, 0], [541, 3], [540, 2], [500, 3], [499, 0], [499, 0], [499, 2], [459, 0], [459, 4], [460, 0], [460, 2]]",0
"7.12-56,251,20,50,26,70+23","[[420, 1], [460, 0], [460, 3], [459, 0], [459, 1], [499, 0], [499, 0], [499, 4], [500, 1], [540, 4], [541, 0], [541, 1], [581, 4], [582, 0], [582, 1], [622, 4], [623, 0], [623, 0], [623, 1], [663, 4], [664, 0], [664, 4], [665, 0], [665, 4], [666, 1], [706, 0], [706, 4], [707, 1], [747, 0], [747, 4], [748, 1], [788, 0], [788, 4], [789, 0], [789, 4], [790, 1], [830, 0], [830, 4], [831, 4]]",0
"7.12-56,251,20,50,26,70+27","[[625, 0]]",0
"7.12-56,251,20,50,26,70+29","[[832, 3], [831, 3], [830, 0], [830, 3], [829, 2], [789, 0], [789, 3]]",0
"7.12-56,251,20,50,26,70+33","[[789, 0], [789, 0], [789, 0], [789, 0], [789, 0], [789, 0], [789, 0], [789, 0], [789, 0], [789, 0], [789, 0], [789, 0], [789, 0], [789, 0], [789, 0], [789, 0], [789, 0]]",0
"7.12-56,251,20,50,26,70+34","[[623, 1], [663, 4], [664, 0], [664, 4], [665, 0], [665, 4], [666, 1], [706, 0], [706, 1], [746, 4], [747, 0], [747, 1], [787, 4], [788, 0], [788, 4], [789, 0], [789, 4], [790, 1], [830, 0], [830, 4], [831, 4], [832, 0], [832, 4], [833, 0], [833, 4], [834, 0], [834, 1], [874, 0], [874, 4], [875, 4], [876, 0], [876, 4]]",0
"7.12-88,198,240,41,58,135+11","[[675, 0], [675, 0], [675, 0], [675, 0], [675, 0], [675, 0]]",0
"7.12-88,198,240,41,58,135+17","[[832, 4], [833, 0], [833, 4], [834, 0], [834, 1], [874, 0], [874, 4], [875, 4], [876, 0], [876, 4], [877, 0], [877, 4], [878, 0], [878, 4]]",0
"7.12-88,198,240,41,58,135+18","[[879, 3], [878, 0], [878, 3], [877, 0], [877, 3], [876, 0], [876, 3], [875, 3], [874, 0], [874, 2], [834, 0], [834, 3], [833, 0], [833, 3], [832, 0], [832, 3], [831, 3], [830, 0], [830, 3], [829, 2], [789, 0], [789, 3], [788, 0], [788, 3], [787, 2], [747, 0], [747, 3], [746, 2], [706, 0], [706, 2], [666, 3], [665, 0], [665, 3], [664, 0], [664, 3], [663, 2]]",0
"7.12-88,198,240,41,58,135+19","[[623, 4], [624, 1], [664, 0], [664, 4], [665, 0], [665, 1], [705, 4], [706, 0], [706, 1], [746, 4], [747, 0], [747, 4], [748, 1], [788, 0], [788, 4], [789, 0], [789, 1], [829, 4], [830, 0], [830, 4], [831, 4]]",0
"7.12-88,198,240,41,58,135+20","[[832, 4], [833, 0], [833, 4], [834, 0], [834, 1], [874, 0], [874, 4], [875, 4], [876, 0], [876, 4], [877, 0], [877, 4], [878, 0], [878, 4]]",0
"7.12-88,198,240,41,58,135+22","[[675, 0]]",0
"7.12-180,71,245,166,44,220+4","[[951, 0], [951, 0]]",0
"7.12-180,71,245,166,44,220+12","[[951, 0], [951, 0], [951, 0], [951, 0], [951, 0], [951, 0], [951, 0], [951, 0], [951, 0], [951, 0], [951, 0], [951, 0], [951, 0], [951, 0], [951, 0], [951, 0], [951, 0], [951, 0], [951, 0], [951, 0], [951, 0], [951, 0], [951, 0], [951, 0], [951, 0], [951, 0], [951, 0], [951, 0], [951, 0], [951, 0], [951, 0], [951, 0], [951, 0], [951, 0], [951, 0], [951, 0], [951, 0], [951, 0], [951, 0], [951, 0], [951, 0], [951, 0], [951, 0], [951, 0], [951, 0], [951, 0], [951, 0], [951, 0], [951, 0], [951, 0], [951, 0], [951, 0], [951, 0], [951, 0], [951, 0], [951, 0], [951, 0], [951, 0], [951, 0], [951, 0], [951, 0], [951, 0], [951, 0], [951, 0], [951, 0], [951, 0], [951, 0], [951, 0], [951, 0], [951, 0], [951, 0], [951, 0], [951, 0], [951, 0], [951, 0], [951, 0], [951, 0], [951, 0], [951, 0], [951, 0], [951, 0]]",0
"7.12-60,134,209,115,214,231+1","[[832, 3], [831, 3], [830, 0], [830, 2], [790, 3], [789, 0], [789, 3], [788, 0], [788, 4], [789, 2], [749, 0], [749, 0], [749, 2], [709, 0], [709, 2], [669, 0], [669, 0], [669, 2], [629, 3], [628, 0], [628, 0], [628, 2], [588, 3]]",0
"7.12-60,134,209,115,214,231+4","[[587, 4], [588, 1], [628, 0], [628, 0], [628, 4], [629, 1], [669, 0], [669, 0], [669, 1], [709, 0], [709, 1], [749, 0], [749, 0], [749, 1], [789, 3]]",0
"7.12-60,134,209,115,214,231+6","[[709, 0], [709, 0], [709, 0], [709, 0], [709, 0], [709, 0], [709, 0], [709, 0], [709, 0], [709, 0], [709, 0], [709, 0], [709, 0], [709, 0], [709, 0], [709, 0], [709, 0], [709, 0], [709, 0], [709, 0], [709, 0], [709, 0], [709, 0], [709, 0], [709, 0], [709, 0]]",0
"7.12-60,134,209,115,214,231+10","[[464, 0], [464, 0], [464, 0], [464, 0], [464, 0], [464, 0], [464, 0], [464, 0], [464, 0], [464, 0], [464, 0], [464, 0]]",0
"7.12-60,134,209,115,214,231+17","[[676, 0], [676, 0], [676, 0]]",0
"7.12-60,134,209,115,214,231+30","[[464, 0]]",0
"7.12-60,134,209,115,214,231+35","[[676, 0], [676, 0], [676, 0]]",0
"7.12-60,134,209,115,214,231+37","[[499, 2], [459, 0], [459, 4], [460, 0], [460, 2]]",0
"7.12-60,134,209,115,214,231+38","[[420, 1], [460, 0], [460, 3], [459, 0], [459, 1], [499, 0], [499, 0], [499, 4], [500, 4], [501, 1], [541, 0], [541, 1], [581, 4], [582, 0], [582, 1], [622, 4], [623, 0], [623, 0], [623, 1], [663, 4], [664, 0], [664, 4], [665, 0], [665, 4], [666, 1], [706, 0], [706, 1], [746, 4], [747, 0], [747, 1], [787, 4], [788, 0], [788, 4], [789, 0], [789, 1], [829, 0], [829, 3], [828, 1], [868, 0], [868, 0], [868, 1], [908, 0], [908, 3], [907, 0], [907, 1], [947, 0], [947, 3], [946, 0], [946, 3], [945, 0], [945, 1]]",0
"7.12-60,134,209,115,214,231+41","[[985, 2], [945, 0], [945, 4], [946, 0], [946, 4], [947, 0], [947, 2], [907, 0], [907, 4], [908, 0], [908, 2], [868, 0], [868, 0], [868, 4], [869, 2], [829, 0], [829, 2], [789, 0], [789, 3], [788, 0], [788, 3], [787, 2], [747, 0], [747, 2], [707, 3], [706, 0], [706, 2], [666, 3], [665, 0], [665, 3], [664, 0], [664, 2], [624, 3], [623, 0], [623, 0], [623, 3], [622, 2], [582, 0], [582, 3], [581, 2], [541, 0], [541, 3], [540, 2], [500, 3], [499, 0], [499, 0], [499, 2], [459, 0], [459, 4], [460, 0], [460, 2]]",0
"7.12-164,156,95,90,12,124+1","[[832, 3], [831, 3], [830, 0], [830, 2], [790, 3], [789, 0], [789, 3], [788, 0], [788, 3], [787, 2], [747, 0], [747, 3], [746, 2], [706, 0], [706, 2], [666, 3], [665, 0], [665, 3], [664, 0], [664, 3], [663, 2]]",0
"7.12-164,156,95,90,12,124+2","[[623, 1], [663, 0], [663, 1], [703, 0], [703, 1], [743, 0]]",0
"7.12-164,156,95,90,12,124+3","[[743, 4], [744, 1], [784, 0], [784, 0], [784, 4], [785, 0], [785, 0], [785, 4], [786, 0], [786, 2], [746, 4], [747, 0], [747, 1], [787, 4]]",0
"7.12-164,156,95,90,12,124+4","[[788, 2], [748, 4], [749, 0], [749, 0], [749, 2], [709, 0], [709, 2], [669, 0], [669, 0], [669, 2], [629, 3], [628, 0], [628, 0], [628, 3], [627, 2]]",0
"7.12-164,156,95,90,12,124+5","[[587, 0], [587, 0], [587, 3], [586, 0], [586, 0], [586, 3], [585, 0], [585, 1], [625, 0], [625, 0], [625, 3], [624, 1], [664, 0], [664, 2], [624, 3], [623, 0], [623, 1], [663, 0], [663, 1], [703, 0], [703, 1], [743, 0]]",0
"7.12-164,156,95,90,12,124+6","[[743, 0], [743, 2], [703, 0], [703, 2], [663, 0], [663, 2]]",0
"7.12-164,156,95,90,12,124+7","[[623, 4], [624, 1], [664, 0], [664, 4], [665, 0], [665, 1], [705, 4], [706, 0], [706, 4], [707, 1], [747, 0], [747, 1], [787, 4]]",0
"7.12-164,156,95,90,12,124+8","[[788, 4], [789, 0], [789, 1], [829, 4], [830, 0], [830, 4], [831, 4], [832, 0], [832, 4], [833, 0], [833, 4], [834, 0], [834, 1], [874, 0], [874, 4], [875, 4], [876, 0], [876, 4]]",0
"7.12-164,156,95,90,12,124+9","[[877, 3], [876, 0], [876, 3], [875, 3], [874, 0], [874, 2], [834, 0], [834, 3], [833, 0], [833, 3], [832, 0], [832, 3], [831, 3], [830, 0], [830, 2], [790, 3], [789, 0], [789, 3], [788, 0], [788, 2], [748, 3], [747, 0], [747, 3], [746, 1], [786, 0], [786, 3], [785, 0], [785, 0], [785, 3], [784, 0], [784, 0], [784, 2], [744, 3]]",0
"7.12-128,214,5,75,8,213+4","[[789, 0], [789, 0], [789, 0]]",0
"7.12-128,214,5,75,8,213+8","[[789, 0], [789, 0], [789, 0], [789, 0], [789, 0], [789, 0], [789, 0]]",0
"7.12-128,214,5,75,8,213+13","[[747, 0], [747, 0], [747, 0], [747, 0], [747, 0]]",0
"7.12-128,214,5,75,8,213+25","[[747, 0], [747, 0], [747, 0], [747, 0], [747, 0], [747, 0], [747, 0], [747, 0], [747, 0], [747, 0], [747, 0], [747, 0], [747, 0], [747, 0], [747, 0]]",0
"7.12-128,214,5,75,8,213+27","[[747, 0], [747, 0], [747, 0], [747, 0], [747, 0], [747, 0], [747, 0], [747, 0], [747, 0], [747, 0], [747, 0], [747, 0], [747, 0], [747, 0], [747, 0], [747, 0]]",0
"7.12-128,214,5,75,8,213+29","[[747, 0], [747, 0], [747, 0], [747, 0], [747, 0], [747, 0], [747, 0], [747, 0], [747, 0], [747, 0], [747, 0], [747, 0], [747, 0], [747, 0], [747, 0], [747, 0], [747, 0], [747, 0], [747, 0], [747, 0], [747, 0], [747, 0], [747, 0], [747, 0], [747, 0], [747, 0], [747, 0], [747, 0], [747, 0], [747, 0], [747, 0], [747, 0], [747, 0], [747, 0], [747, 0]]",0
"7.12-128,214,5,75,8,213+34","[[789, 0]]",0
"7.12-128,214,5,75,8,213+36","[[789, 0], [789, 0], [789, 0], [789, 0], [789, 0]]",0
"7.12-128,214,5,75,8,213+41","[[747, 0]]",0
"7.12-248,45,124,72,127,16+1","[[541, 0], [541, 0], [541, 0], [541, 0], [541, 0], [541, 0], [541, 0], [541, 0], [541, 0], [541, 0], [541, 0], [541, 0], [541, 0], [541, 0]]",0
"7.12-248,45,124,72,127,16+6","[[541, 0]]",0
"7.12-248,45,124,72,127,16+20","[[623, 4], [624, 1], [664, 0], [664, 2], [624, 4], [625, 0], [625, 0], [625, 2], [585, 0], [585, 4], [586, 0], [586, 0], [586, 4], [587, 0], [587, 0]]",0
"7.12-248,45,124,72,127,16+23","[[499, 2], [459, 0], [459, 4], [460, 0], [460, 4], [461, 0], [461, 4], [462, 0], [462, 1], [502, 4], [503, 0], [503, 4], [504, 0], [504, 1], [544, 0], [544, 0], [544, 4], [545, 1], [585, 0], [585, 4], [586, 0], [586, 0], [586, 4], [587, 0], [587, 0]]",0
"7.12-248,45,124,72,127,16+37","[[832, 3], [831, 3], [830, 0], [830, 3], [829, 2], [789, 0], [789, 1], [829, 0], [829, 3], [828, 1], [868, 0], [868, 0], [868, 1], [908, 0], [908, 3], [907, 0], [907, 1], [947, 0], [947, 3], [946, 0], [946, 3], [945, 0], [945, 1]]",0
"7.12-248,45,124,72,127,16+44","[[664, 0], [664, 0], [664, 0], [664, 0], [664, 0], [664, 0], [664, 0], [664, 0], [664, 0], [664, 0], [664, 0], [664, 0], [664, 0], [664, 0], [664, 0], [664, 0], [664, 0], [664, 0], [664, 0], [664, 0], [664, 0], [664, 0], [664, 0], [664, 0], [664, 0], [664, 0], [664, 0], [664, 0], [664, 0], [664, 0], [664, 0], [664, 0], [664, 0], [664, 0], [664, 0], [664, 0]]",0
"7.12-248,45,124,72,127,16+46","[[664, 0], [664, 0], [664, 0], [664, 0], [664, 0], [664, 0], [664, 0], [664, 0], [664, 0], [664, 0]]",0
"7.12-248,45,124,72,127,16+49","[[461, 0], [461, 0], [461, 0], [461, 0], [461, 0], [461, 0], [461, 0], [461, 0], [461, 0], [461, 0], [461, 0], [461, 0], [461, 0], [461, 0], [461, 0], [461, 0], [461, 0], [461, 0], [461, 0], [461, 0], [461, 0], [461, 0], [461, 0], [461, 0]]",0
"7.12-248,45,124,72,127,16+50","[[459, 0], [459, 0]]",0
"7.12-132,65,103,218,221,212+2","[[460, 0], [460, 0], [460, 0], [460, 0], [460, 0], [460, 0], [460, 0], [460, 0], [460, 0], [460, 0], [460, 0], [460, 0], [460, 0], [460, 0], [460, 0], [460, 0], [460, 0], [460, 0], [460, 0], [460, 0], [460, 0], [460, 0], [460, 0], [460, 0], [460, 0], [460, 0], [460, 0], [460, 0], [460, 0], [460, 0], [460, 0], [460, 0], [460, 0], [460, 0], [460, 0], [460, 0], [460, 0], [460, 0], [460, 0]]",0
"7.12-132,65,103,218,221,212+6","[[460, 0], [460, 0], [460, 0], [460, 0], [460, 0], [460, 0], [460, 0], [460, 0], [460, 0], [460, 0], [460, 0], [460, 0], [460, 0], [460, 0], [460, 0], [460, 0], [460, 0], [460, 0], [460, 0], [460, 0], [460, 0], [460, 0], [460, 0], [460, 0], [460, 0], [460, 0], [460, 0], [460, 0], [460, 0], [460, 0], [460, 0]]",0
"7.12-132,65,103,218,221,212+8","[[460, 0], [460, 0], [460, 0], [460, 0], [460, 0], [460, 0], [460, 0], [460, 0], [460, 0], [460, 0], [460, 0], [460, 0], [460, 0], [460, 0], [460, 0], [460, 0], [460, 0]]",0
"7.12-132,65,103,218,221,212+9","[[206, 3], [205, 0], [205, 3], [204, 2], [164, 0], [164, 0], [164, 2], [124, 3], [123, 0], [123, 2], [83, 3], [82, 0], [82, 3], [81, 2]]",0
"7.12-132,65,103,218,221,212+11","[[460, 0], [460, 0], [460, 0], [460, 0], [460, 0], [460, 0], [460, 0], [460, 0], [460, 0], [460, 0], [460, 0], [460, 0], [460, 0], [460, 0], [460, 0], [460, 0], [460, 0], [460, 0], [460, 0], [460, 0]]",0
"7.12-8,74,207,99,147,223+1","[[747, 0], [747, 0], [747, 0], [747, 0], [747, 0], [747, 0], [747, 0], [747, 0]]",0
"7.12-8,74,207,99,147,223+3","[[747, 0], [747, 0], [747, 0], [747, 0], [747, 0], [747, 0], [747, 0], [747, 0], [747, 0], [747, 0], [747, 0], [747, 0], [747, 0], [747, 0], [747, 0], [747, 0], [747, 0], [747, 0], [747, 0], [747, 0], [747, 0], [747, 0]]",0
"7.12-8,74,207,99,147,223+5","[[832, 3], [831, 3], [830, 0], [830, 2], [790, 3], [789, 0], [789, 3], [788, 0], [788, 2], [748, 3], [747, 0], [747, 1], [787, 3], [786, 0], [786, 3], [785, 0], [785, 0], [785, 3], [784, 0], [784, 0], [784, 2], [744, 3]]",0
"7.12-8,74,207,99,147,223+6","[[743, 0], [743, 2], [703, 0], [703, 2], [663, 0], [663, 2], [623, 0], [623, 4], [624, 1], [664, 0], [664, 4], [665, 2], [625, 0], [625, 0], [625, 2], [585, 0], [585, 4], [586, 0], [586, 0], [586, 4], [587, 0], [587, 0]]",0
"7.12-8,74,207,99,147,223+8","[[747, 0], [747, 0], [747, 0], [747, 0], [747, 0], [747, 0]]",0
"7.12-8,74,207,99,147,223+10","[[747, 0], [747, 0], [747, 0], [747, 0], [747, 0], [747, 0], [747, 0], [747, 0], [747, 0], [747, 0], [747, 0], [747, 0], [747, 0], [747, 0]]",0
"7.12-8,74,207,99,147,223+12","[[788, 4], [789, 0], [789, 1], [829, 4], [830, 0], [830, 4], [831, 4], [832, 0], [832, 4], [833, 0], [833, 4], [834, 0], [834, 1], [874, 0], [874, 4], [875, 4], [876, 0], [876, 4]]",0
"7.12-8,74,207,99,147,223+15","[[743, 0], [743, 0], [743, 0], [743, 0], [743, 0], [743, 0], [743, 0], [743, 0], [743, 0], [743, 0], [743, 0], [743, 0], [743, 0], [743, 0], [743, 0], [743, 0], [743, 0], [743, 0], [743, 0], [743, 1], [783, 4], [784, 0], [784, 0], [784, 4], [785, 0], [785, 0], [785, 4], [786, 0], [786, 2], [746, 4], [747, 0], [747, 1], [787, 4], [788, 0], [788, 4], [789, 0], [789, 4], [790, 1], [830, 0], [830, 4], [831, 4], [832, 0], [832, 4], [833, 0], [833, 4], [834, 0], [834, 1], [874, 0], [874, 4], [875, 4], [876, 0], [876, 4]]",0
"7.12-8,74,207,99,147,223+17","[[664, 0], [664, 0], [664, 0], [664, 0], [664, 0], [664, 0], [664, 0], [664, 0], [664, 0], [664, 0], [664, 0], [664, 0], [664, 0], [664, 0], [664, 0], [664, 0], [664, 0], [664, 0], [664, 0], [664, 0], [664, 0], [664, 0]]",0
"7.12-28,209,7,152,33,91+4","[[717, 0]]",0
"7.12-28,209,7,152,33,91+6","[[877, 0], [877, 0], [877, 0], [877, 0], [877, 0], [877, 0], [877, 0], [877, 0], [877, 0], [877, 0]]",0
"7.12-28,209,7,152,33,91+10","[[717, 0], [717, 0], [717, 0], [717, 0], [717, 0], [717, 0], [717, 0], [717, 0]]",0
"7.12-220,109,205,125,41,209+2","[[951, 0], [951, 0], [951, 0], [951, 0], [951, 0], [951, 0], [951, 0], [951, 0], [951, 0], [951, 0], [951, 0], [951, 0], [951, 0], [951, 0], [951, 0], [951, 0], [951, 0], [951, 0], [951, 0], [951, 0], [951, 0], [951, 0], [951, 0], [951, 0], [951, 0], [951, 0], [951, 0], [951, 0], [951, 0], [951, 0], [951, 0], [951, 0], [951, 0], [951, 0], [951, 0], [951, 0], [951, 0], [951, 0], [951, 0], [951, 0], [951, 0], [951, 0], [951, 0], [951, 0], [951, 0], [951, 0], [951, 0], [951, 0], [951, 0], [951, 0], [951, 0], [951, 0], [951, 0], [951, 0], [951, 0], [951, 0], [951, 0], [951, 0], [951, 0], [951, 0], [951, 0], [951, 0], [951, 0], [951, 0]]",0
"7.12-220,109,205,125,41,209+3","[[832, 4], [833, 0], [833, 4], [834, 0], [834, 1], [874, 0], [874, 1], [914, 0], [914, 1], [954, 0], [954, 0], [954, 3], [953, 0], [953, 1], [993, 0], [993, 1], [1033, 0], [1033, 2], [993, 3], [992, 0], [992, 0], [992, 1], [1032, 0], [1032, 3], [1031, 0], [1031, 0], [1031, 1]]",0
"7.12-220,109,205,125,41,209+5","[[951, 0], [951, 0], [951, 0], [951, 0], [951, 0], [951, 0], [951, 0], [951, 0], [951, 0], [951, 0], [951, 0], [951, 0], [951, 0], [951, 0], [951, 0], [951, 0], [951, 0], [951, 0], [951, 0], [951, 0], [951, 0], [951, 0], [951, 0]]",0
"7.12-164,201,57,9,43,253+4","[[750, 0], [750, 0], [750, 0], [750, 0], [750, 0], [750, 0], [750, 0], [750, 0], [750, 0], [750, 0], [750, 0], [750, 0], [750, 0], [750, 0], [750, 0], [750, 0]]",0
"7.12-164,201,57,9,43,253+11","[[499, 2], [459, 0], [459, 4], [460, 0], [460, 2]]",0
"7.12-164,201,57,9,43,253+12","[[420, 1], [460, 0], [460, 4], [461, 0], [461, 4], [462, 0], [462, 4], [463, 1], [503, 0], [503, 4], [504, 0], [504, 1], [544, 0], [544, 0], [544, 4], [545, 1], [585, 0], [585, 4], [586, 0], [586, 0], [586, 4], [587, 0], [587, 0]]",0
"7.12-164,201,57,9,43,253+13","[[587, 0], [587, 0], [587, 3], [586, 0], [586, 0], [586, 3], [585, 0], [585, 3], [584, 2], [544, 0], [544, 0], [544, 2], [504, 0], [504, 3], [503, 0], [503, 3], [502, 2], [462, 0], [462, 3], [461, 0], [461, 3], [460, 0], [460, 2]]",0
"7.12-164,201,57,9,43,253+20","[[797, 0], [797, 0]]",0
"7.12-104,74,174,67,128,132+1","[[877, 3], [876, 0], [876, 3], [875, 3], [874, 0], [874, 2], [834, 0], [834, 3], [833, 0], [833, 3]]",0
"7.12-104,74,174,67,128,132+2","[[832, 0], [832, 0], [832, 0], [832, 0], [832, 0], [832, 3], [831, 3], [830, 0], [830, 3], [829, 2], [789, 0], [789, 3]]",0
"7.12-104,74,174,67,128,132+6","[[874, 0], [874, 0], [874, 0], [874, 0], [874, 0], [874, 0], [874, 0], [874, 0], [874, 0], [874, 0], [874, 0], [874, 0], [874, 0], [874, 0], [874, 0], [874, 0], [874, 0], [874, 0], [874, 0], [874, 0], [874, 0], [874, 0], [874, 0], [874, 0], [874, 0], [874, 0], [874, 0], [874, 0], [874, 0], [874, 0], [874, 0], [874, 0], [874, 0]]",0
"7.12-104,74,174,67,128,132+8","[[874, 0], [874, 0], [874, 0], [874, 0], [874, 0], [874, 0], [874, 0], [874, 0], [874, 0], [874, 0], [874, 0], [874, 0], [874, 0], [874, 0], [874, 0], [874, 0], [874, 0]]",0
"7.12-104,74,174,67,128,132+10","[[874, 0], [874, 0], [874, 0], [874, 0], [874, 0], [874, 0], [874, 0], [874, 0], [874, 0], [874, 0], [874, 0], [874, 0], [874, 0], [874, 0], [874, 0], [874, 0], [874, 0], [874, 0], [874, 0], [874, 0], [874, 0], [874, 0], [874, 0], [874, 0], [874, 0], [874, 0], [874, 0], [874, 0], [874, 0], [874, 0], [874, 0], [874, 0], [874, 0], [874, 0], [874, 0]]",0
"7.12-104,74,174,67,128,132+11","[[832, 3], [831, 3], [830, 0], [830, 2], [790, 3], [789, 0], [789, 3]]",0
"7.12-104,74,174,67,128,132+15","[[874, 0]]",0
"7.12-108,217,76,95,253,145+34","[[985, 0], [985, 0], [985, 0], [985, 0], [985, 0], [985, 0], [985, 0], [985, 0], [985, 0], [985, 0], [985, 0], [985, 0], [985, 0], [985, 0], [985, 0], [985, 0], [985, 0], [985, 0], [985, 0], [985, 0], [985, 0], [985, 0], [985, 0], [985, 0], [985, 0], [985, 0], [985, 0], [985, 0], [985, 0], [985, 0], [985, 0], [985, 0], [985, 0], [985, 0], [985, 0], [985, 0], [985, 0], [985, 0], [985, 0], [985, 0], [985, 0], [985, 0], [985, 0], [985, 0], [985, 0], [985, 0], [985, 0], [985, 0], [985, 2], [945, 0], [945, 4], [946, 0], [946, 4], [947, 0], [947, 2], [907, 0], [907, 4], [908, 0], [908, 2], [868, 0], [868, 0], [868, 4], [869, 2], [829, 0], [829, 2], [789, 0], [789, 3], [788, 0], [788, 2], [748, 3], [747, 0], [747, 3], [746, 2], [706, 0], [706, 2], [666, 3], [665, 0], [665, 3], [664, 0], [664, 3], [663, 2]]",0
"7.12-108,217,76,95,253,145+35","[[623, 4], [624, 1], [664, 0], [664, 4], [665, 0], [665, 1], [705, 4], [706, 0], [706, 1], [746, 4], [747, 0], [747, 1], [787, 4], [788, 0], [788, 4], [789, 0], [789, 1], [829, 0], [829, 3], [828, 1], [868, 0], [868, 0], [868, 1], [908, 0], [908, 3], [907, 0], [907, 1], [947, 0], [947, 3], [946, 0], [946, 3], [945, 0], [945, 1]]",0
"7.12-108,217,76,95,253,145+44","[[743, 1], [783, 4], [784, 0], [784, 0], [784, 4], [785, 0], [785, 0], [785, 4], [786, 0], [786, 4], [787, 2], [747, 0], [747, 1], [787, 4], [788, 0], [788, 4], [789, 0], [789, 1], [829, 0], [829, 3], [828, 1], [868, 0], [868, 0], [868, 1], [908, 0], [908, 3], [907, 0], [907, 1], [947, 0], [947, 3], [946, 0], [946, 3], [945, 0], [945, 1]]",0
"7.12-108,217,76,95,253,145+45","[[985, 0], [985, 0], [985, 0], [985, 0], [985, 0], [985, 0], [985, 0], [985, 0], [985, 0]]",0
"7.12-64,140,31,142,167,149+2","[[709, 0], [709, 0], [709, 0], [709, 0], [709, 0], [709, 0], [709, 0], [709, 0], [709, 0], [709, 0], [709, 0], [709, 0], [709, 0], [709, 0], [709, 0], [709, 0], [709, 0], [709, 0], [709, 0], [709, 0], [709, 0], [709, 0], [709, 0], [709, 0], [709, 0], [709, 0], [709, 0], [709, 0], [709, 0], [709, 0], [709, 0]]",0
"7.12-64,140,31,142,167,149+4","[[877, 4], [878, 0], [878, 4]]",0
"7.12-64,140,31,142,167,149+5","[[879, 3], [878, 0], [878, 3], [877, 0], [877, 3], [876, 0], [876, 3], [875, 3], [874, 0], [874, 2], [834, 0], [834, 3], [833, 0], [833, 3]]",0
"7.12-64,140,31,142,167,149+8","[[709, 0], [709, 0], [709, 0], [709, 0], [709, 0], [709, 0], [709, 0], [709, 0], [709, 0], [709, 0], [709, 0], [709, 0], [709, 0]]",0
"7.12-136,3,233,226,168,73+1","[[788, 0], [788, 0], [788, 0], [788, 0], [788, 0], [788, 0], [788, 0], [788, 0], [788, 0], [788, 0], [788, 0], [788, 0], [788, 0], [788, 0], [788, 0], [788, 0], [788, 0], [788, 0], [788, 0], [788, 0], [788, 0], [788, 0], [788, 0], [788, 0], [788, 0], [788, 0], [788, 0], [788, 0], [788, 0], [788, 0], [788, 0], [788, 0], [788, 0]]",0
"7.12-136,3,233,226,168,73+3","[[832, 3], [831, 3], [830, 0], [830, 3], [829, 2], [789, 0], [789, 3], [788, 0], [788, 2], [748, 3], [747, 0], [747, 2], [707, 3], [706, 0], [706, 3], [705, 2], [665, 0], [665, 3], [664, 0], [664, 3], [663, 2]]",0
"7.12-136,3,233,226,168,73+4","[[623, 4], [624, 1], [664, 0], [664, 4], [665, 0], [665, 1], [705, 4], [706, 0], [706, 1], [746, 4], [747, 0], [747, 1], [787, 4], [788, 0], [788, 4], [789, 0], [789, 1], [829, 4], [830, 0], [830, 4], [831, 4]]",0
"7.12-136,3,233,226,168,73+5","[[832, 3], [831, 3], [830, 0], [830, 2], [790, 3], [789, 0], [789, 3], [788, 0], [788, 2], [748, 3], [747, 0], [747, 2], [707, 3], [706, 0], [706, 3], [705, 2], [665, 0], [665, 3], [664, 0], [664, 2], [624, 3]]",0
"7.12-136,3,233,226,168,73+8","[[832, 3], [831, 3], [830, 0], [830, 3], [829, 2], [789, 0], [789, 3], [788, 0], [788, 3], [787, 2], [747, 0], [747, 2], [707, 3], [706, 0], [706, 3], [705, 2], [665, 0], [665, 3], [664, 0], [664, 2], [624, 3]]",0
"7.12-136,3,233,226,168,73+9","[[623, 0], [623, 0], [623, 0], [623, 0], [623, 0], [623, 0], [623, 0], [623, 0], [623, 0], [623, 0], [623, 0], [623, 0], [623, 0], [623, 0], [623, 0], [623, 0], [623, 0], [623, 0], [623, 0], [623, 0], [623, 1], [663, 4], [664, 0], [664, 4], [665, 0], [665, 1], [705, 4], [706, 0], [706, 4], [707, 1], [747, 0], [747, 1], [787, 4]]",0
"7.12-136,3,233,226,168,73+10","[[788, 3], [787, 2], [747, 0], [747, 2], [707, 3], [706, 0], [706, 2], [666, 3], [665, 0], [665, 3], [664, 0], [664, 2], [624, 3]]",0
"7.12-164,80,70,27,140,33+3","[[499, 0], [499, 4], [500, 4], [501, 1], [541, 0], [541, 1], [581, 4], [582, 0], [582, 4], [583, 1], [623, 0], [623, 0], [623, 1], [663, 0], [663, 1], [703, 0], [703, 1], [743, 0]]",0
"7.12-164,80,70,27,140,33+4","[[743, 0], [743, 0]]",0
"7.12-164,80,70,27,140,33+5","[[664, 0]]",0
"7.12-164,80,70,27,140,33+7","[[832, 3], [831, 3], [830, 0], [830, 2], [790, 3], [789, 0], [789, 3], [788, 0], [788, 3], [787, 2], [747, 0], [747, 3], [746, 2], [706, 0], [706, 2], [666, 3], [665, 0], [665, 3], [664, 0], [664, 3], [663, 2]]",0
"7.12-164,80,70,27,140,33+25","[[420, 1], [460, 0], [460, 3], [459, 0], [459, 1], [499, 0], [499, 0], [499, 4], [500, 4], [501, 1], [541, 0], [541, 4], [542, 1], [582, 0], [582, 1], [622, 4], [623, 0]]",0
"7.12-156,116,3,24,100,145+1","[[788, 3], [787, 2], [747, 0], [747, 2], [707, 3], [706, 0], [706, 2], [666, 3], [665, 0], [665, 3], [664, 0], [664, 3], [663, 2]]",0
"7.12-156,116,3,24,100,145+3","[[664, 0], [664, 0], [664, 0], [664, 0], [664, 0], [664, 0], [664, 0]]",0
"7.12-156,116,3,24,100,145+6","[[623, 1], [663, 4], [664, 0], [664, 4], [665, 0], [665, 1], [705, 4], [706, 0], [706, 4], [707, 1], [747, 0], [747, 1], [787, 4], [788, 0], [788, 4], [789, 0], [789, 1], [829, 4], [830, 0], [830, 4], [831, 4], [832, 0], [832, 4], [833, 0], [833, 4], [834, 0], [834, 1], [874, 0], [874, 4], [875, 4], [876, 0], [876, 4]]",0
"7.12-156,116,3,24,100,145+9","[[985, 2], [945, 0], [945, 4], [946, 0], [946, 4], [947, 0], [947, 2], [907, 0], [907, 4], [908, 0], [908, 2], [868, 0], [868, 0], [868, 4], [869, 2], [829, 0], [829, 2], [789, 0], [789, 3], [788, 0], [788, 2], [748, 3], [747, 0], [747, 3], [746, 2], [706, 0], [706, 3], [705, 2], [665, 0], [665, 3], [664, 0], [664, 2], [624, 3]]",0
"7.12-156,116,3,24,100,145+11","[[747, 0], [747, 0], [747, 0]]",0
"7.12-156,116,3,24,100,145+13","[[747, 0], [747, 0], [747, 0], [747, 0], [747, 0], [747, 0], [747, 0], [747, 0], [747, 0], [747, 0], [747, 0], [747, 0], [747, 0], [747, 0], [747, 0]]",0
"7.12-156,116,3,24,100,145+17","[[747, 0], [747, 0], [747, 0], [747, 0], [747, 0], [747, 0], [747, 0], [747, 0], [747, 0], [747, 0], [747, 0], [747, 0], [747, 0], [747, 0], [747, 0], [747, 0], [747, 0], [747, 0]]",0
"7.12-248,135,241,149,138,83+3","[[788, 2], [748, 3], [747, 0], [747, 1], [787, 3], [786, 0], [786, 3], [785, 0], [785, 0], [785, 3], [784, 0], [784, 0], [784, 3], [783, 2]]",0
"7.12-248,135,241,149,138,83+5","[[664, 0]]",0
"7.12-248,135,241,149,138,83+7","[[747, 0], [747, 0]]",0
"7.12-248,135,241,149,138,83+10","[[504, 0]]",0
"7.12-248,135,241,149,138,83+17","[[460, 0]]",0
"7.12-248,135,241,149,138,83+19","[[460, 0], [460, 0], [460, 0], [460, 0], [460, 0], [460, 0]]",0
"7.12-124,161,119,225,7,54+3","[[832, 0], [832, 0], [832, 0], [832, 0], [832, 0], [832, 0], [832, 0], [832, 0], [832, 0], [832, 0], [832, 0], [832, 0], [832, 0], [832, 0]]",0
"7.12-124,161,119,225,7,54+4","[[914, 0], [914, 0], [914, 0], [914, 0], [914, 0], [914, 0], [914, 0], [914, 0], [914, 0], [914, 0], [914, 0], [914, 0], [914, 0], [914, 0], [914, 0], [914, 0], [914, 0], [914, 0], [914, 0], [914, 0], [914, 0], [914, 0], [914, 0], [914, 0], [914, 0], [914, 0], [914, 0], [914, 0], [914, 0], [914, 0], [914, 0], [914, 0], [914, 0], [914, 0], [914, 0], [914, 0], [914, 0], [914, 0]]",0
"7.12-156,116,3,130,126,7+3","[[788, 0], [788, 0], [788, 0], [788, 0], [788, 0], [788, 0], [788, 0], [788, 0], [788, 0], [788, 0], [788, 0], [788, 0], [788, 0], [788, 0], [788, 0], [788, 0], [788, 0], [788, 0], [788, 0], [788, 0], [788, 0], [788, 0], [788, 0], [788, 0], [788, 0], [788, 0], [788, 0], [788, 0], [788, 0], [788, 0], [788, 0], [788, 0], [788, 0], [788, 0], [788, 0], [788, 0], [788, 3], [787, 2], [747, 0], [747, 1], [787, 3], [786, 0], [786, 3], [785, 0], [785, 0], [785, 3], [784, 0], [784, 0], [784, 3], [783, 2]]",0
"7.12-156,116,3,130,126,7+4","[[743, 0], [743, 2], [703, 0], [703, 2], [663, 0], [663, 2], [623, 0], [623, 0], [623, 2], [583, 3], [582, 0], [582, 2], [542, 3], [541, 0], [541, 3], [540, 2], [500, 3], [499, 0]]",0
"7.12-156,116,3,130,126,7+15","[[541, 0], [541, 0], [541, 0], [541, 0], [541, 0], [541, 0], [541, 0], [541, 0], [541, 0], [541, 0], [541, 0], [541, 0], [541, 0], [541, 0], [541, 0], [541, 0], [541, 0], [541, 0], [541, 0], [541, 0], [541, 0], [541, 0], [541, 0], [541, 0], [541, 0], [541, 0], [541, 0], [541, 0], [541, 0], [541, 0], [541, 0], [541, 0], [541, 0], [541, 0], [541, 0], [541, 0]]",0
"7.12-140,170,206,161,68,84+14","[[206, 4], [207, 1], [247, 0], [247, 1], [287, 4], [288, 0], [288, 4], [289, 0], [289, 4], [290, 1], [330, 4], [331, 0], [331, 4], [332, 1], [372, 4], [373, 0], [373, 4], [374, 0], [374, 4], [375, 1], [415, 0], [415, 4], [416, 4], [417, 1], [457, 0], [457, 4], [458, 0], [458, 1], [498, 4], [499, 0], [499, 0], [499, 4], [500, 4], [501, 1], [541, 0], [541, 4], [542, 1], [582, 0], [582, 1], [622, 4], [623, 0]]",0
"7.12-140,170,206,161,68,84+15","[[623, 0], [623, 0], [623, 0], [623, 0], [623, 0], [623, 0], [623, 0], [623, 0], [623, 0]]",0
"7.12-140,170,206,161,68,84+16","[[586, 0], [586, 0]]",0
"7.12-140,170,206,161,68,84+17","[[623, 0], [623, 0], [623, 0], [623, 0], [623, 0]]",0
"7.12-164,80,70,102,229,159+3","[[587, 0], [587, 0], [587, 3], [586, 0], [586, 0], [586, 3], [585, 0], [585, 1], [625, 0], [625, 0], [625, 1], [665, 3], [664, 0], [664, 2], [624, 3], [623, 0], [623, 1], [663, 0], [663, 1], [703, 0], [703, 1], [743, 0]]",0
"7.14-112,138,9,131,175,199+2","[[544, 0], [544, 0], [544, 0], [544, 0], [544, 0], [544, 0], [544, 0], [544, 0], [544, 0], [544, 0], [544, 0], [544, 0], [544, 0], [544, 0], [544, 0], [544, 0], [544, 0], [544, 0], [544, 0], [544, 0], [544, 0], [544, 0], [544, 0], [544, 0], [544, 0], [544, 0], [544, 0], [544, 0], [544, 0], [544, 0], [544, 0], [544, 0], [544, 0], [544, 0], [544, 0], [544, 0], [544, 0], [544, 0], [544, 0], [544, 0], [544, 0], [544, 0], [544, 0], [544, 0], [544, 0], [544, 0], [544, 0], [544, 0], [544, 0], [544, 0], [544, 0], [544, 0], [544, 0], [544, 0], [544, 0], [544, 0], [544, 0], [544, 0], [544, 0], [544, 0], [544, 0], [544, 0], [544, 0], [544, 0], [544, 0], [544, 0], [544, 0], [544, 0], [544, 0], [544, 0], [544, 0], [544, 0], [544, 0], [544, 0], [544, 0], [544, 0], [544, 0], [544, 0], [544, 0], [544, 0], [544, 0], [544, 0]]",0
"7.14-48,74,38,133,29,213+2","[[793, 0], [793, 0], [793, 0], [793, 0], [793, 0], [793, 0], [793, 0], [793, 0], [793, 0], [793, 0], [793, 0], [793, 0], [793, 0], [793, 0], [793, 0], [793, 0], [793, 0], [793, 0], [793, 0], [793, 0], [793, 0], [793, 0], [793, 0], [793, 0], [793, 0], [793, 0], [793, 0], [793, 0], [793, 0], [793, 0], [793, 0], [793, 0], [793, 0], [793, 0], [793, 0], [793, 0], [793, 0]]",0
"7.14-48,74,38,133,29,213+3","[[669, 0], [669, 0], [669, 0], [669, 0], [669, 0], [669, 0], [669, 0], [669, 0], [669, 0], [669, 0], [669, 0], [669, 0], [669, 0]]",0
"7.14-48,74,38,133,29,213+6","[[793, 0], [793, 0]]",0
"7.14-180,71,245,166,44,220+1","[[788, 4], [789, 0], [789, 1], [829, 4], [830, 0], [830, 4], [831, 4]]",0
"7.14-180,71,245,166,44,220+2","[[832, 0], [832, 0], [832, 0], [832, 0], [832, 0], [832, 0], [832, 0], [832, 0], [832, 0], [832, 0], [832, 0], [832, 0], [832, 0], [832, 0], [832, 0], [832, 0], [832, 0], [832, 0], [832, 0], [832, 0], [832, 0], [832, 0], [832, 0], [832, 0], [832, 0], [832, 0], [832, 0], [832, 0], [832, 0], [832, 0], [832, 0], [832, 0], [832, 0], [832, 0], [832, 3], [831, 3], [830, 0], [830, 2], [790, 3], [789, 0], [789, 3]]",0
"7.14-180,71,245,166,44,220+3","[[788, 4], [789, 0], [789, 4], [790, 1], [830, 0], [830, 4], [831, 4], [832, 0], [832, 4], [833, 0], [833, 4], [834, 0], [834, 1], [874, 0], [874, 4], [875, 4], [876, 0], [876, 4]]",0
"7.14-180,71,245,166,44,220+4","[[877, 3], [876, 0], [876, 3], [875, 3], [874, 0], [874, 2], [834, 0], [834, 3], [833, 0], [833, 3]]",0
"7.14-180,71,245,166,44,220+5","[[832, 0], [832, 0], [832, 0], [832, 3], [831, 3], [830, 0], [830, 2], [790, 3], [789, 0], [789, 3]]",0
"7.14-180,71,245,166,44,220+6","[[788, 4], [789, 0], [789, 1], [829, 4], [830, 0], [830, 4], [831, 4]]",0
"7.14-180,71,245,166,44,220+7","[[832, 0], [832, 0], [832, 0], [832, 0], [832, 0], [832, 0], [832, 0], [832, 0], [832, 0], [832, 0], [832, 0], [832, 0], [832, 0], [832, 0], [832, 0], [832, 0], [832, 0], [832, 0], [832, 0], [832, 0], [832, 0], [832, 0], [832, 0], [832, 0], [832, 0], [832, 0], [832, 0], [832, 0], [832, 0], [832, 0], [832, 0], [832, 0], [832, 0], [832, 0], [832, 0], [832, 0], [832, 0], [832, 0], [832, 0], [832, 0], [832, 0], [832, 0], [832, 0], [832, 0], [832, 0], [832, 0], [832, 0], [832, 0], [832, 0], [832, 0], [832, 0], [832, 0], [832, 0], [832, 0], [832, 0], [832, 0], [832, 0], [832, 0], [832, 0], [832, 0], [832, 0], [832, 0], [832, 0], [832, 0], [832, 0], [832, 0], [832, 0], [832, 0], [832, 0], [832, 0], [832, 0], [832, 0], [832, 0], [832, 0], [832, 0], [832, 0], [832, 0], [832, 0], [832, 0], [832, 0], [832, 0], [832, 0], [832, 0]]",0
"7.14-156,95,90,12,124,73+4","[[625, 0], [625, 0], [625, 0], [625, 0], [625, 0], [625, 0], [625, 0], [625, 0], [625, 0], [625, 0], [625, 0], [625, 0], [625, 0], [625, 0], [625, 0], [625, 0], [625, 0], [625, 0], [625, 0], [625, 0], [625, 0], [625, 0], [625, 0], [625, 0], [625, 0], [625, 0], [625, 0], [625, 0], [625, 0], [625, 0], [625, 0], [625, 0], [625, 0], [625, 0]]",0
"7.14-156,95,90,12,124,73+5","[[750, 0], [750, 0], [750, 0], [750, 0], [750, 0], [750, 0], [750, 0], [750, 0], [750, 0], [750, 0], [750, 0], [750, 0], [750, 0], [750, 0], [750, 0], [750, 0], [750, 0], [750, 0], [750, 0]]",0
"7.14-156,95,90,12,124,73+8","[[710, 0], [710, 0], [710, 0], [710, 0], [710, 0], [710, 0], [710, 0], [710, 0], [710, 0], [710, 0], [710, 0], [710, 0], [710, 0], [710, 0], [710, 0], [710, 0], [710, 0], [710, 0], [710, 0], [710, 0], [710, 0], [710, 0], [710, 0], [710, 0], [710, 0], [710, 0], [710, 0], [710, 0], [710, 0], [710, 0], [710, 0], [710, 0], [710, 0], [710, 0], [710, 0], [710, 0], [710, 0], [710, 0], [710, 0], [710, 0], [710, 0], [710, 0], [710, 0], [710, 0], [710, 0], [710, 0], [710, 0], [710, 0], [710, 0], [710, 0], [710, 0], [710, 0], [710, 0], [710, 0], [710, 0], [710, 0], [710, 0], [710, 0]]",0
"7.14-156,95,90,12,124,73+15","[[625, 0], [625, 0], [625, 0]]",0
"7.14-156,95,90,12,124,73+17","[[625, 0], [625, 0], [625, 0]]",0
"7.14-132,65,103,218,221,212+2","[[457, 0], [457, 0]]",0
"7.14-132,65,103,218,221,212+6","[[41, 1], [81, 4], [82, 0], [82, 4], [83, 1], [123, 0], [123, 4], [124, 1], [164, 0], [164, 0], [164, 1], [204, 4], [205, 0], [205, 4]]",0
"7.14-132,65,103,218,221,212+8","[[457, 0], [457, 0], [457, 0]]",0
"7.14-132,65,103,218,221,212+10","[[457, 0], [457, 0], [457, 0], [457, 0], [457, 0], [457, 0], [457, 0], [457, 0], [457, 0], [457, 0], [457, 0], [457, 0], [457, 0], [457, 0], [457, 0], [457, 0], [457, 0], [457, 0], [457, 0], [457, 0], [457, 0], [457, 0], [457, 0], [457, 0], [457, 0], [457, 0], [457, 0], [457, 0], [457, 0]]",0
"7.14-132,65,103,218,221,212+12","[[457, 0], [457, 0], [457, 0], [457, 0], [457, 0], [457, 0], [457, 0], [457, 0], [457, 0], [457, 0], [457, 0], [457, 0], [457, 0]]",0
"7.14-132,65,103,218,221,212+14","[[623, 1], [663, 4], [664, 0], [664, 2], [624, 4], [625, 0], [625, 0], [625, 2], [585, 0], [585, 4], [586, 0], [586, 0], [586, 4], [587, 0], [587, 0]]",0
"7.14-132,65,103,218,221,212+17","[[623, 1], [663, 4], [664, 0], [664, 2], [624, 4], [625, 0], [625, 0], [625, 2], [585, 0], [585, 4], [586, 0], [586, 0], [586, 4], [587, 0], [587, 0]]",0
"7.14-132,65,103,218,221,212+19","[[457, 0], [457, 0], [457, 0], [457, 0], [457, 0], [457, 0]]",0
"7.14-184,148,54,32,44,55+2","[[706, 0], [706, 0], [706, 0], [706, 0], [706, 0], [706, 0], [706, 0], [706, 0], [706, 0]]",0
"7.14-184,148,54,32,44,55+6","[[706, 0], [706, 0], [706, 0], [706, 0], [706, 0], [706, 0], [706, 0], [706, 0]]",0
"7.14-184,148,54,32,44,55+16","[[499, 0], [499, 4], [500, 4], [501, 1], [541, 0], [541, 4], [542, 1], [582, 0], [582, 4], [583, 1], [623, 0], [623, 0], [623, 4], [624, 1], [664, 0], [664, 4], [665, 0], [665, 4], [666, 1], [706, 0], [706, 4], [707, 1], [747, 0], [747, 4], [748, 1], [788, 0], [788, 4], [789, 0], [789, 4], [790, 1], [830, 0], [830, 4], [831, 4]]",0
"7.14-184,148,54,32,44,55+17","[[832, 3], [831, 3], [830, 0], [830, 2], [790, 3], [789, 0], [789, 3], [788, 0], [788, 2], [748, 3], [747, 0], [747, 3], [746, 2], [706, 0], [706, 3], [705, 2], [665, 0], [665, 3], [664, 0], [664, 3], [663, 2], [623, 0], [623, 0], [623, 2], [583, 3], [582, 0], [582, 2], [542, 3], [541, 0], [541, 3], [540, 3], [539, 2], [499, 0]]",0
"7.14-184,148,54,32,44,55+22","[[374, 1], [414, 4], [415, 0], [415, 4], [416, 1], [456, 4], [457, 0], [457, 4], [458, 0], [458, 4], [459, 1], [499, 0], [499, 2], [459, 0], [459, 4], [460, 0], [460, 4], [461, 0], [461, 4], [462, 0], [462, 1], [502, 4], [503, 0], [503, 4], [504, 0], [504, 1], [544, 0], [544, 0], [544, 1], [584, 4], [585, 0], [585, 4], [586, 0], [586, 0], [586, 4], [587, 0], [587, 0]]",0
"7.14-184,148,54,32,44,55+23","[[587, 0], [587, 0], [587, 0], [587, 0], [587, 0], [587, 0], [587, 0], [587, 0], [587, 0], [587, 0], [587, 0], [587, 0], [587, 0], [587, 3], [586, 0], [586, 0], [586, 3], [585, 0], [585, 2], [545, 3], [544, 0], [544, 0], [544, 2], [504, 0], [504, 3], [503, 0], [503, 3], [502, 2], [462, 0], [462, 3], [461, 0], [461, 3], [460, 0], [460, 2]]",0
"7.14-184,148,54,32,44,55+24","[[420, 1], [460, 0], [460, 4], [461, 0], [461, 4], [462, 0], [462, 1], [502, 4], [503, 0], [503, 4], [504, 0], [504, 1], [544, 0], [544, 0], [544, 1], [584, 4], [585, 0], [585, 4], [586, 0], [586, 0], [586, 4], [587, 0], [587, 0]]",0
"7.14-184,148,54,32,44,55+25","[[587, 0], [587, 0], [587, 3], [586, 0], [586, 0], [586, 3], [585, 0], [585, 2], [545, 3], [544, 0], [544, 0], [544, 2], [504, 0], [504, 3], [503, 0], [503, 2], [463, 3], [462, 0], [462, 3], [461, 0], [461, 3], [460, 0], [460, 2]]",0
"7.14-184,148,54,32,44,55+31","[[637, 0], [637, 0], [637, 0], [637, 0], [637, 0]]",0
"7.14-184,148,54,32,44,55+34","[[876, 0]]",0
"7.14-32,50,51,210,96,61+2","[[750, 0], [750, 0], [750, 0], [750, 0], [750, 0], [750, 0], [750, 0], [750, 0], [750, 0], [750, 0], [750, 0], [750, 0], [750, 0], [750, 0], [750, 0], [750, 0], [750, 0], [750, 0], [750, 0], [750, 0], [750, 0], [750, 0], [750, 0], [750, 0], [750, 0], [750, 0], [750, 0], [750, 0], [750, 0], [750, 0], [750, 0], [750, 0], [750, 0], [750, 0], [750, 0], [750, 0], [750, 0], [750, 0], [750, 0], [750, 0], [750, 0], [750, 0], [750, 0], [750, 0], [750, 0], [750, 0], [750, 0], [750, 0], [750, 0], [750, 0], [750, 0], [750, 0], [750, 0], [750, 0], [750, 0], [750, 0], [750, 0], [750, 0], [750, 0], [750, 0], [750, 0], [750, 0], [750, 0], [750, 0], [750, 0], [750, 0], [750, 0], [750, 0], [750, 0], [750, 0], [750, 0], [750, 0], [750, 0], [750, 0], [750, 0], [750, 0], [750, 0], [750, 0], [750, 0], [750, 0], [750, 0], [750, 0], [750, 0], [750, 0], [750, 0], [750, 0], [750, 0], [750, 0], [750, 0], [750, 0], [750, 0], [750, 0], [750, 0], [750, 0], [750, 0], [750, 0], [750, 0], [750, 0], [750, 0], [750, 0], [750, 0], [750, 0], [750, 0], [750, 0], [750, 0], [750, 0], [750, 0], [750, 0], [750, 0], [750, 0], [750, 0], [750, 0], [750, 0], [750, 0], [750, 0], [750, 0], [750, 0], [750, 0], [750, 0], [750, 0], [750, 0], [750, 0], [750, 0], [750, 0], [750, 0], [750, 0], [750, 0], [750, 0], [750, 0], [750, 0], [750, 0], [750, 0], [750, 0], [750, 0], [750, 0], [750, 0], [750, 0], [750, 0], [750, 0], [750, 0], [750, 0]]",0
"7.14-208,151,254,41,36,198+3","[[834, 0], [834, 0], [834, 0], [834, 0], [834, 0], [834, 0], [834, 0], [834, 0], [834, 0], [834, 0], [834, 0], [834, 0], [834, 0], [834, 0], [834, 0]]",0
"7.14-208,151,254,41,36,198+8","[[910, 0], [910, 0], [910, 0], [910, 0], [910, 0], [910, 0], [910, 0], [910, 0], [910, 0], [910, 0]]",0
"7.14-208,151,254,41,36,198+10","[[834, 0], [834, 0], [834, 0]]",0
"7.14-172,115,82,76,172,89+2","[[834, 0], [834, 0], [834, 0], [834, 0], [834, 0], [834, 0], [834, 0], [834, 0], [834, 0], [834, 0], [834, 0], [834, 0], [834, 0], [834, 0], [834, 0], [834, 0], [834, 0], [834, 0], [834, 0], [834, 0], [834, 0], [834, 0], [834, 0], [834, 0], [834, 0], [834, 0], [834, 0], [834, 0], [834, 0], [834, 0], [834, 0], [834, 0], [834, 0], [834, 0], [834, 0], [834, 0], [834, 0], [834, 0], [834, 0], [834, 0], [834, 0], [834, 0], [834, 0], [834, 0], [834, 0], [834, 0], [834, 0], [834, 0], [834, 0], [834, 0], [834, 0], [834, 0], [834, 0], [834, 0]]",0
"7.14-172,115,82,76,172,89+3","[[499, 0], [499, 4], [500, 4], [501, 1], [541, 0], [541, 1], [581, 4], [582, 0], [582, 4], [583, 1], [623, 0], [623, 0], [623, 1], [663, 4], [664, 0], [664, 4], [665, 0], [665, 1], [705, 4], [706, 0], [706, 1], [746, 4], [747, 0], [747, 4], [748, 1]]",0
"7.14-172,115,82,76,172,89+10","[[788, 0], [788, 0], [788, 0], [788, 0], [788, 0], [788, 0], [788, 0]]",0
"7.14-172,115,82,76,172,89+12","[[788, 4], [789, 0], [789, 4], [790, 1], [830, 0], [830, 4], [831, 4], [832, 0], [832, 4], [833, 0], [833, 4], [834, 0], [834, 1], [874, 0], [874, 4], [875, 4], [876, 0], [876, 4]]",0
"7.14-172,115,82,76,172,89+13","[[877, 3], [876, 0], [876, 3], [875, 3], [874, 0], [874, 2], [834, 0], [834, 3], [833, 0], [833, 3], [832, 0], [832, 3], [831, 3], [830, 0], [830, 3], [829, 2], [789, 0], [789, 3], [788, 0], [788, 2], [748, 4], [749, 0], [749, 0], [749, 2], [709, 0], [709, 2], [669, 0], [669, 0], [669, 3], [668, 2], [628, 0], [628, 0], [628, 3], [627, 2]]",0
"7.14-172,115,82,76,172,89+14","[[587, 0], [587, 0], [587, 0], [587, 0], [587, 4], [588, 1], [628, 0], [628, 0], [628, 1], [668, 4], [669, 0], [669, 0], [669, 1], [709, 0], [709, 1], [749, 0], [749, 0], [749, 3], [748, 1], [788, 0], [788, 4], [789, 0], [789, 1], [829, 0], [829, 3], [828, 1], [868, 0], [868, 0], [868, 1], [908, 0], [908, 3], [907, 0], [907, 1], [947, 0], [947, 3], [946, 0], [946, 3], [945, 0], [945, 1]]",0
"7.14-172,115,82,76,172,89+15","[[985, 2], [945, 0], [945, 4], [946, 0], [946, 4], [947, 0], [947, 2], [907, 0], [907, 4], [908, 0], [908, 2], [868, 0], [868, 0], [868, 2], [828, 4], [829, 0], [829, 2], [789, 0], [789, 3], [788, 0], [788, 2], [748, 4], [749, 0], [749, 0], [749, 2], [709, 0], [709, 2], [669, 0], [669, 0], [669, 3], [668, 2], [628, 0], [628, 0], [628, 2], [588, 3]]",0
"7.14-172,115,82,76,172,89+16","[[587, 4], [588, 1], [628, 0], [628, 0], [628, 1], [668, 4], [669, 0], [669, 0], [669, 1], [709, 0], [709, 1], [749, 0], [749, 0], [749, 3], [748, 1], [788, 0], [788, 4], [789, 0], [789, 1], [829, 0], [829, 1], [869, 3], [868, 0], [868, 0], [868, 1], [908, 0], [908, 3], [907, 0], [907, 1], [947, 0], [947, 3], [946, 0], [946, 3], [945, 0], [945, 1]]",0
"7.14-172,115,82,76,172,89+17","[[985, 2], [945, 0], [945, 4], [946, 0], [946, 4], [947, 0], [947, 2], [907, 0], [907, 4], [908, 0], [908, 2], [868, 0], [868, 0], [868, 2], [828, 4], [829, 0], [829, 2], [789, 0], [789, 3]]",0
"7.14-172,115,82,76,172,89+23","[[587, 0], [587, 0], [587, 3], [586, 0], [586, 0], [586, 3], [585, 0], [585, 3], [584, 2], [544, 0], [544, 0], [544, 2], [504, 0], [504, 3], [503, 0], [503, 3], [502, 2], [462, 0], [462, 3], [461, 0], [461, 3], [460, 0], [460, 3], [459, 0], [459, 1]]",0
"7.14-172,115,82,76,172,89+24","[[499, 2], [459, 0], [459, 4], [460, 0], [460, 4], [461, 0], [461, 4], [462, 0], [462, 4], [463, 1], [503, 0], [503, 4], [504, 0], [504, 1], [544, 0], [544, 0], [544, 1], [584, 4], [585, 0], [585, 4], [586, 0], [586, 0], [586, 4], [587, 0], [587, 0]]",0
"7.14-172,115,82,76,172,89+25","[[587, 0], [587, 0], [587, 3], [586, 0], [586, 0], [586, 3], [585, 0], [585, 1], [625, 0], [625, 0], [625, 1], [665, 3], [664, 0], [664, 2], [624, 3], [623, 0], [623, 1], [663, 0], [663, 1], [703, 0], [703, 1], [743, 0]]",0
"7.14-172,115,82,76,172,89+26","[[743, 1], [783, 4], [784, 0], [784, 0], [784, 4], [785, 0], [785, 0], [785, 4], [786, 0], [786, 4], [787, 2], [747, 0], [747, 4], [748, 1], [788, 0], [788, 4], [789, 0], [789, 1], [829, 0], [829, 3], [828, 1], [868, 0], [868, 0], [868, 1], [908, 0], [908, 3], [907, 0], [907, 1], [947, 0], [947, 3], [946, 0], [946, 3], [945, 0], [945, 1]]",0
"7.14-172,115,82,76,172,89+27","[[985, 2], [945, 0], [945, 4], [946, 0], [946, 4], [947, 0], [947, 2], [907, 0], [907, 4], [908, 0], [908, 2], [868, 0], [868, 0], [868, 4], [869, 2], [829, 0], [829, 2], [789, 0], [789, 3], [788, 0], [788, 4], [789, 2], [749, 0], [749, 0], [749, 2], [709, 0], [709, 2], [669, 0], [669, 0], [669, 2], [629, 3], [628, 0], [628, 0], [628, 2], [588, 3]]",0
"7.14-172,115,82,76,172,89+32","[[879, 3], [878, 0], [878, 3], [877, 0], [877, 3], [876, 0], [876, 3], [875, 3], [874, 0], [874, 2], [834, 0], [834, 3], [833, 0], [833, 3], [832, 0], [832, 3], [831, 3], [830, 0], [830, 2], [790, 3], [789, 0], [789, 3], [788, 0], [788, 3], [787, 2], [747, 0], [747, 1], [787, 3], [786, 0], [786, 3], [785, 0], [785, 0], [785, 3], [784, 0], [784, 0], [784, 3], [783, 2]]",0
"7.14-172,115,82,76,172,89+33","[[743, 0], [743, 0], [743, 0], [743, 0], [743, 0], [743, 4], [744, 1], [784, 0], [784, 0], [784, 4], [785, 0], [785, 0], [785, 4], [786, 0], [786, 2], [746, 4], [747, 0], [747, 4], [748, 1], [788, 0], [788, 4], [789, 0], [789, 1], [829, 4], [830, 0], [830, 4], [831, 4]]",0
"7.14-64,140,31,52,191,11+2","[[833, 0], [833, 0], [833, 0], [833, 0], [833, 0], [833, 0], [833, 0], [833, 0], [833, 0], [833, 0], [833, 0]]",0
"7.14-64,140,31,52,191,11+6","[[833, 0], [833, 0], [833, 0], [833, 0], [833, 0], [833, 0], [833, 0], [833, 0], [833, 0], [833, 0], [833, 0], [833, 0], [833, 0], [833, 0], [833, 0], [833, 0], [833, 0], [833, 0], [833, 0], [833, 0], [833, 0], [833, 0], [833, 0], [833, 0], [833, 0], [833, 0], [833, 0], [833, 0], [833, 0], [833, 0], [833, 0]]",0
"7.14-64,140,31,52,191,11+7","[[877, 4], [878, 0], [878, 4]]",0
"7.14-64,140,31,52,191,11+10","[[833, 0], [833, 0], [833, 0], [833, 0], [833, 0], [833, 0], [833, 0], [833, 0], [833, 0], [833, 0], [833, 0], [833, 0], [833, 0], [833, 0], [833, 0], [833, 0], [833, 0], [833, 0], [833, 0], [833, 0], [833, 0], [833, 0], [833, 0], [833, 0], [833, 0], [833, 0], [833, 0], [833, 0], [833, 0], [833, 0], [833, 0], [833, 0], [833, 0], [833, 0], [833, 0], [833, 0], [833, 0], [833, 0], [833, 0], [833, 0], [833, 0], [833, 0], [833, 0], [833, 0], [833, 0], [833, 0], [833, 0], [833, 0], [833, 0], [833, 0], [833, 0], [833, 0], [833, 0], [833, 0], [833, 0], [833, 0], [833, 0], [833, 0], [833, 0], [833, 0], [833, 0], [833, 0], [833, 0], [833, 0], [833, 0], [833, 0], [833, 0], [833, 0], [833, 0], [833, 0], [833, 0], [833, 0], [833, 0]]",0
"7.14-116,21,117,93,235,62+2","[[951, 0], [951, 0], [951, 0], [951, 0], [951, 0], [951, 0], [951, 0], [951, 0], [951, 0], [951, 0], [951, 0], [951, 0], [951, 0], [951, 0], [951, 0], [951, 0], [951, 0], [951, 0], [951, 0], [951, 0], [951, 0], [951, 0], [951, 0], [951, 0], [951, 0], [951, 0], [951, 0], [951, 0], [951, 0], [951, 0], [951, 0], [951, 0], [951, 0], [951, 0], [951, 0], [951, 0], [951, 0], [951, 0], [951, 0], [951, 0], [951, 0], [951, 0], [951, 0], [951, 0], [951, 0]]",0
"7.14-116,21,117,93,235,62+5","[[985, 2], [945, 0], [945, 4], [946, 0], [946, 4], [947, 0], [947, 2], [907, 0], [907, 4], [908, 0], [908, 2], [868, 0], [868, 0], [868, 4], [869, 2], [829, 0], [829, 2], [789, 0], [789, 3], [788, 0], [788, 2], [748, 3], [747, 0], [747, 3], [746, 1], [786, 0], [786, 3], [785, 0], [785, 0], [785, 3], [784, 0], [784, 0], [784, 2], [744, 3]]",0
"7.14-116,21,117,93,235,62+6","[[743, 0], [743, 2], [703, 0], [703, 2], [663, 0], [663, 2], [623, 0], [623, 0], [623, 3], [622, 2], [582, 0], [582, 2], [542, 3], [541, 0], [541, 3], [540, 3], [539, 2], [499, 0], [499, 0], [499, 2], [459, 0], [459, 4], [460, 0], [460, 2]]",0
"7.14-116,21,117,93,235,62+7","[[420, 1], [460, 0], [460, 3], [459, 0], [459, 1]]",0
"7.14-116,21,117,93,235,62+8","[[499, 0], [499, 4], [500, 1], [540, 4], [541, 0], [541, 1], [581, 4], [582, 0], [582, 4], [583, 1], [623, 0], [623, 0], [623, 1], [663, 4], [664, 0], [664, 4], [665, 0], [665, 4], [666, 1], [706, 0], [706, 1], [746, 4], [747, 0], [747, 1], [787, 4]]",0
"7.14-116,21,117,93,235,62+9","[[788, 2], [748, 3], [747, 0], [747, 1], [787, 3], [786, 0], [786, 3], [785, 0], [785, 0], [785, 3], [784, 0], [784, 0], [784, 3], [783, 2]]",0
"7.14-116,21,117,93,235,62+10","[[743, 0], [743, 2], [703, 0], [703, 2], [663, 0], [663, 2], [623, 0], [623, 0], [623, 2], [583, 3], [582, 0], [582, 3], [581, 2], [541, 0], [541, 3], [540, 3], [539, 2], [499, 0], [499, 0], [499, 2], [459, 0], [459, 4], [460, 0], [460, 2]]",0
"7.14-116,21,117,93,235,62+11","[[420, 1], [460, 0], [460, 3], [459, 0], [459, 1]]",0
"7.14-116,21,117,93,235,62+12","[[499, 0], [499, 4], [500, 1], [540, 4], [541, 0], [541, 1], [581, 4], [582, 0], [582, 4], [583, 1], [623, 0], [623, 0], [623, 1], [663, 0], [663, 1], [703, 0], [703, 1], [743, 0]]",0
"7.14-116,21,117,93,235,62+13","[[743, 0], [743, 2], [703, 0], [703, 2], [663, 0], [663, 2], [623, 0], [623, 0], [623, 3], [622, 2], [582, 0], [582, 3], [581, 2], [541, 0], [541, 3], [540, 2], [500, 3], [499, 0], [499, 0], [499, 2], [459, 0], [459, 4], [460, 0], [460, 2]]",0
"7.14-116,21,117,93,235,62+14","[[420, 1], [460, 0], [460, 3], [459, 0], [459, 1]]",0
"7.14-116,21,117,93,235,62+15","[[499, 0], [499, 4], [500, 4], [501, 1], [541, 0], [541, 4], [542, 1], [582, 0], [582, 1], [622, 4], [623, 0], [623, 0], [623, 1], [663, 0], [663, 1], [703, 0], [703, 1], [743, 0]]",0
"7.14-116,21,117,93,235,62+16","[[743, 0], [743, 2], [703, 0], [703, 2], [663, 0], [663, 2], [623, 0], [623, 0], [623, 2], [583, 3], [582, 0], [582, 2], [542, 3], [541, 0], [541, 3], [540, 3], [539, 2], [499, 0], [499, 0], [499, 2], [459, 0], [459, 4], [460, 0], [460, 2]]",0
"7.14-116,21,117,93,235,62+18","[[951, 0], [951, 0], [951, 0], [951, 0], [951, 0], [951, 0], [951, 0], [951, 0], [951, 0], [951, 0], [951, 0], [951, 0], [951, 0], [951, 0], [951, 0], [951, 0], [951, 0], [951, 0], [951, 0], [951, 0], [951, 0], [951, 0], [951, 0], [951, 0], [951, 0], [951, 0], [951, 0], [951, 0], [951, 0], [951, 0], [951, 0], [951, 0], [951, 0], [951, 0], [951, 0], [951, 0], [951, 0], [951, 0], [951, 0], [951, 0], [951, 0], [951, 0], [951, 0], [951, 0], [951, 0], [951, 0], [951, 0], [951, 0], [951, 0], [951, 0], [951, 0], [951, 0], [951, 0], [951, 0], [951, 0], [951, 0], [951, 0], [951, 0], [951, 0], [951, 0], [951, 0], [951, 0], [951, 0], [951, 0], [951, 0], [951, 0]]",0
"7.14-164,201,57,205,13,69+1","[[827, 0], [827, 0], [827, 0], [827, 0], [827, 0], [827, 0], [827, 0], [827, 0], [827, 0], [827, 0], [827, 0], [827, 0], [827, 0], [827, 0]]",0
"7.14-164,201,57,205,13,69+8","[[750, 0]]",0
"7.14-164,125,159,153,152,106+8","[[499, 0], [499, 0], [499, 0], [499, 0], [499, 0], [499, 0], [499, 0], [499, 0], [499, 0], [499, 0], [499, 0], [499, 0], [499, 0], [499, 0], [499, 0], [499, 0], [499, 0], [499, 0], [499, 0], [499, 0], [499, 0], [499, 0], [499, 0], [499, 0], [499, 0], [499, 0], [499, 0], [499, 0], [499, 0], [499, 0], [499, 0], [499, 0], [499, 0], [499, 0], [499, 0], [499, 0], [499, 0], [499, 0], [499, 0], [499, 0], [499, 0], [499, 0], [499, 0], [499, 0], [499, 0], [499, 0], [499, 0], [499, 0], [499, 0], [499, 0], [499, 0], [499, 0], [499, 0], [499, 0], [499, 0], [499, 0], [499, 0], [499, 0], [499, 0], [499, 0], [499, 0], [499, 0], [499, 0], [499, 0], [499, 0], [499, 0], [499, 0], [499, 0], [499, 0], [499, 0], [499, 0], [499, 0], [499, 0], [499, 0], [499, 0]]",0
"7.14-72,81,197,94,156,205+1","[[460, 0], [460, 0], [460, 0], [460, 0], [460, 0], [460, 0], [460, 0], [460, 0], [460, 0], [460, 0], [460, 0], [460, 0], [460, 0], [460, 0], [460, 0], [460, 0], [460, 0], [460, 0], [460, 0], [460, 0], [460, 0], [460, 0], [460, 0], [460, 0], [460, 0], [460, 0], [460, 0], [460, 0], [460, 0], [460, 0], [460, 0], [460, 0], [460, 0], [460, 0], [460, 0], [460, 0], [460, 0], [460, 0], [460, 0], [460, 0], [460, 0], [460, 0], [460, 0], [460, 0], [460, 0], [460, 0], [460, 0], [460, 0], [460, 0], [460, 0], [460, 0], [460, 0], [460, 0], [460, 0], [460, 0], [460, 0], [460, 0], [460, 0], [460, 0], [460, 0], [460, 0], [460, 0], [460, 0], [460, 0], [460, 0], [460, 0], [460, 0], [460, 0], [460, 0], [460, 0], [460, 0], [460, 0], [460, 0], [460, 0], [460, 0], [460, 0], [460, 0], [460, 0], [460, 0], [460, 0], [460, 0], [460, 0], [460, 0], [460, 0], [460, 0], [460, 0], [460, 0], [460, 0], [460, 0], [460, 0], [460, 0], [460, 0], [460, 0], [460, 0], [460, 0], [460, 0], [460, 0], [460, 0], [460, 0], [460, 0], [460, 0], [460, 0], [460, 0], [460, 0], [460, 0], [460, 0], [460, 0], [460, 0], [460, 0], [460, 0], [460, 0], [460, 0], [460, 0], [460, 0], [460, 0], [460, 0], [460, 0], [460, 0], [460, 0], [460, 0], [460, 0], [460, 0]]",0
"7.14-124,218,195,126,234,181+6","[[876, 0], [876, 0], [876, 0], [876, 0], [876, 0], [876, 0], [876, 0], [876, 0], [876, 0], [876, 0], [876, 0], [876, 0], [876, 0], [876, 0], [876, 0], [876, 0], [876, 0], [876, 0], [876, 0], [876, 0], [876, 0], [876, 0], [876, 0], [876, 0], [876, 0], [876, 0], [876, 0], [876, 0], [876, 0], [876, 0], [876, 0], [876, 0], [876, 0], [876, 0], [876, 0], [876, 0], [876, 0], [876, 0], [876, 0], [876, 0], [876, 0], [876, 0], [876, 0], [876, 0], [876, 0], [876, 0], [876, 0], [876, 0], [876, 0], [876, 0], [876, 0], [876, 0], [876, 0], [876, 0], [876, 0], [876, 0], [876, 0], [876, 0], [876, 0], [876, 0], [876, 0], [876, 0], [876, 0], [876, 0], [876, 0], [876, 0], [876, 0], [876, 0], [876, 0], [876, 0], [876, 0], [876, 0], [876, 0], [876, 0], [876, 0], [876, 0], [876, 0], [876, 0], [876, 0], [876, 0], [876, 0], [876, 0], [876, 0], [876, 0], [876, 0], [876, 0], [876, 0], [876, 0], [876, 0], [876, 0], [876, 0], [876, 0], [876, 0], [876, 0], [876, 0], [876, 0], [876, 0], [876, 0], [876, 0], [876, 0], [876, 0], [876, 0], [876, 0], [876, 0], [876, 0], [876, 0], [876, 0], [876, 0], [876, 0], [876, 0], [876, 0], [876, 0], [876, 0], [876, 0], [876, 0], [876, 0], [876, 0], [876, 0], [876, 0], [876, 0], [876, 0], [876, 0], [876, 0], [876, 0], [876, 0], [876, 0]]",0
"7.14-140,170,206,161,68,84+1","[[541, 0]]",0
"7.14-140,170,206,161,68,84+10","[[625, 0], [625, 0], [625, 0], [625, 0]]",0
"7.14-140,170,206,161,68,84+11","[[499, 0], [499, 0], [499, 0], [499, 0], [499, 0], [499, 0], [499, 0], [499, 0], [499, 0], [499, 0], [499, 0], [499, 0], [499, 0], [499, 0], [499, 0], [499, 0], [499, 0], [499, 0], [499, 0], [499, 0], [499, 0], [499, 0], [499, 0], [499, 0], [499, 0], [499, 0], [499, 0], [499, 0], [499, 0], [499, 0], [499, 0], [499, 0], [499, 0], [499, 0]]",0
"7.14-144,120,65,31,69,55+1","[[541, 0]]",0
"7.14-144,120,65,31,69,55+5","[[541, 0], [541, 0], [541, 0], [541, 0], [541, 0], [541, 0], [541, 0], [541, 0], [541, 0], [541, 0], [541, 0], [541, 0], [541, 0], [541, 0], [541, 0], [541, 0], [541, 0], [541, 0], [541, 0], [541, 0], [541, 0], [541, 0], [541, 0], [541, 0], [541, 0], [541, 0], [541, 0], [541, 0], [541, 0], [541, 0], [541, 0], [541, 0], [541, 0], [541, 0], [541, 0], [541, 0], [541, 0], [541, 0], [541, 0], [541, 0], [541, 0]]",0
"7.14-204,129,42,183,42,73+19","[[876, 0]]",0
"7.14-204,129,42,183,42,73+29","[[743, 0], [743, 2], [703, 0], [703, 2], [663, 0], [663, 2], [623, 0], [623, 0], [623, 2], [583, 3], [582, 0], [582, 3], [581, 2], [541, 0], [541, 3], [540, 2], [500, 3], [499, 0], [499, 0], [499, 2], [459, 0], [459, 4], [460, 0], [460, 2]]",0
"7.14-204,129,42,183,42,73+32","[[743, 0], [743, 2], [703, 0], [703, 2], [663, 0], [663, 2], [623, 0], [623, 1], [663, 4], [664, 0], [664, 4], [665, 2], [625, 0], [625, 0], [625, 2], [585, 0], [585, 4], [586, 0], [586, 0], [586, 4], [587, 0], [587, 0]]",0
"7.14-204,129,42,183,42,73+33","[[587, 0], [587, 0], [587, 3], [586, 0], [586, 0], [586, 3], [585, 0], [585, 3], [584, 2], [544, 0], [544, 0], [544, 2], [504, 0], [504, 3], [503, 0], [503, 3], [502, 2], [462, 0], [462, 3], [461, 0], [461, 3], [460, 0], [460, 3], [459, 0], [459, 1]]",0
"7.14-204,129,42,183,42,73+34","[[499, 2], [459, 0], [459, 4], [460, 0], [460, 4], [461, 0], [461, 4], [462, 0], [462, 1], [502, 4], [503, 0], [503, 4], [504, 0], [504, 1], [544, 0], [544, 0], [544, 4], [545, 1], [585, 0], [585, 4], [586, 0], [586, 0], [586, 4], [587, 0], [587, 0]]",0
"7.14-204,129,42,183,42,73+35","[[587, 0], [587, 0], [587, 0], [587, 0], [587, 0]]",0
"7.14-204,129,42,183,42,73+38","[[834, 0], [834, 0], [834, 0], [834, 0], [834, 0], [834, 0], [834, 0], [834, 0]]",0
"7.14-204,129,42,183,42,73+41","[[749, 0], [749, 0], [749, 0], [749, 0], [749, 0], [749, 0]]",0
"7.14-204,129,42,183,42,73+49","[[623, 4], [624, 1], [664, 0], [664, 4], [665, 0], [665, 4], [666, 1], [706, 0], [706, 1], [746, 4], [747, 0], [747, 1], [787, 4], [788, 0], [788, 4], [789, 0], [789, 1], [829, 0], [829, 1], [869, 3], [868, 0], [868, 0], [868, 1], [908, 0], [908, 3], [907, 0], [907, 1], [947, 0], [947, 3], [946, 0], [946, 3], [945, 0], [945, 1]]",0
"7.14-204,129,42,183,42,73+54","[[623, 1], [663, 4], [664, 0], [664, 4], [665, 0], [665, 1], [705, 4], [706, 0], [706, 1], [746, 4], [747, 0], [747, 1], [787, 4], [788, 0], [788, 4], [789, 0], [789, 1], [829, 0], [829, 1], [869, 3], [868, 0], [868, 0], [868, 1], [908, 0], [908, 3], [907, 0], [907, 1], [947, 0], [947, 3], [946, 0], [946, 3], [945, 0], [945, 1]]",0
"7.14-204,129,42,183,42,73+57","[[587, 0], [587, 0], [587, 0], [587, 4], [588, 1], [628, 0], [628, 0], [628, 1], [668, 4], [669, 0], [669, 0], [669, 1], [709, 0], [709, 1], [749, 0], [749, 0], [749, 1], [789, 3], [788, 0], [788, 4], [789, 0], [789, 1], [829, 4], [830, 0], [830, 4], [831, 4], [832, 0], [832, 4], [833, 0], [833, 4], [834, 0], [834, 1], [874, 0], [874, 4], [875, 4], [876, 0], [876, 4], [877, 0], [877, 4], [878, 0], [878, 4]]",0
"7.14-204,129,42,183,42,73+58","[[879, 3], [878, 0], [878, 3], [877, 0], [877, 3], [876, 0], [876, 3], [875, 3], [874, 0], [874, 2], [834, 0], [834, 3], [833, 0], [833, 3], [832, 0], [832, 3], [831, 3], [830, 0], [830, 2], [790, 3], [789, 0], [789, 3], [788, 0], [788, 2], [748, 4], [749, 0], [749, 0], [749, 2], [709, 0], [709, 2], [669, 0], [669, 0], [669, 2], [629, 3], [628, 0], [628, 0], [628, 3], [627, 2]]",0
"7.14-204,129,42,183,42,73+59","[[587, 0], [587, 0], [587, 3], [586, 0], [586, 0], [586, 3], [585, 0], [585, 1], [625, 0], [625, 0], [625, 1], [665, 3], [664, 0], [664, 3], [663, 2]]",0
"7.14-204,129,42,183,42,73+60","[[623, 4], [624, 1], [664, 0], [664, 4], [665, 2], [625, 0], [625, 0], [625, 2], [585, 0], [585, 4], [586, 0], [586, 0], [586, 4], [587, 0], [587, 0]]",0
"7.14-156,116,3,130,126,7+1","[[541, 0]]",0
"7.14-156,116,3,130,126,7+5","[[541, 0], [541, 0], [541, 0], [541, 0], [541, 0], [541, 0], [541, 0], [541, 0], [541, 0], [541, 0], [541, 0], [541, 0], [541, 0], [541, 0], [541, 0], [541, 0], [541, 0], [541, 0], [541, 0], [541, 0], [541, 0], [541, 0], [541, 0], [541, 0], [541, 0], [541, 0], [541, 0], [541, 0], [541, 0], [541, 0], [541, 0], [541, 0], [541, 0], [541, 0], [541, 0], [541, 0], [541, 0]]",0
"7.14-156,116,3,130,126,7+7","[[420, 0], [420, 0], [420, 0], [420, 0], [420, 0], [420, 0], [420, 0], [420, 0], [420, 0], [420, 0], [420, 0], [420, 1], [460, 0], [460, 3], [459, 0], [459, 1], [499, 0], [499, 0], [499, 4], [500, 4], [501, 1], [541, 0], [541, 4], [542, 1], [582, 0], [582, 4], [583, 1], [623, 0]]",0
"7.14-156,116,3,130,126,7+8","[[623, 0], [623, 2], [583, 3], [582, 0], [582, 3], [581, 2], [541, 0], [541, 3], [540, 3], [539, 2], [499, 0], [499, 0], [499, 2], [459, 0], [459, 4], [460, 0], [460, 2]]",0
"7.14-156,116,3,130,126,7+12","[[457, 0], [457, 0], [457, 0], [457, 0], [457, 0], [457, 0], [457, 0], [457, 0], [457, 0], [457, 0], [457, 0], [457, 0], [457, 0], [457, 0], [457, 0], [457, 0], [457, 0]]",0
"7.14-156,116,3,130,126,7+15","[[420, 1], [460, 0], [460, 3], [459, 0], [459, 1], [499, 0], [499, 0], [499, 4], [500, 1], [540, 4], [541, 0], [541, 4], [542, 1], [582, 0], [582, 4], [583, 1], [623, 0]]",0
"7.14-156,116,3,130,126,7+16","[[623, 0], [623, 2], [583, 3], [582, 0], [582, 2], [542, 3], [541, 0], [541, 3], [540, 2], [500, 3], [499, 0], [499, 0], [499, 2], [459, 0], [459, 4], [460, 0], [460, 2]]",0
"7.14-156,116,3,130,126,7+21","[[420, 1], [460, 0], [460, 3], [459, 0], [459, 1], [499, 0], [499, 0], [499, 4], [500, 1], [540, 4], [541, 0], [541, 1], [581, 4], [582, 0], [582, 4], [583, 1], [623, 0]]",0
"7.14-156,116,3,130,126,7+22","[[623, 0], [623, 3], [622, 2], [582, 0], [582, 3], [581, 2], [541, 0], [541, 3], [540, 2], [500, 3], [499, 0], [499, 0], [499, 2], [459, 0], [459, 4], [460, 0], [460, 2]]",0
"7.14-156,116,3,130,126,7+23","[[420, 1], [460, 0], [460, 3], [459, 0], [459, 1], [499, 0], [499, 0], [499, 4], [500, 1], [540, 4], [541, 0], [541, 1], [581, 4], [582, 0], [582, 4], [583, 1], [623, 0]]",0
"7.14-156,116,3,130,126,7+24","[[623, 0], [623, 2], [583, 3], [582, 0], [582, 3], [581, 2], [541, 0], [541, 3], [540, 2], [500, 3], [499, 0], [499, 0], [499, 2], [459, 0], [459, 4], [460, 0], [460, 2]]",0
"7.14-156,116,3,130,126,7+25","[[420, 1], [460, 0], [460, 3], [459, 0], [459, 1]]",0
"7.14-156,116,3,130,126,7+26","[[499, 0], [499, 4], [500, 4], [501, 1], [541, 0], [541, 1], [581, 4], [582, 0], [582, 4], [583, 1], [623, 0]]",0
"7.14-4,237,51,58,71,236+7","[[541, 0], [541, 0], [541, 0], [541, 0], [541, 0], [541, 0], [541, 0], [541, 0], [541, 0], [541, 0], [541, 0], [541, 0], [541, 0], [541, 0], [541, 0], [541, 0], [541, 0], [541, 0], [541, 0], [541, 0], [541, 0], [541, 0], [541, 0], [541, 0], [541, 0], [541, 0], [541, 0], [541, 0], [541, 0], [541, 0], [541, 0], [541, 0], [541, 0], [541, 0], [541, 0], [541, 0], [541, 0], [541, 0], [541, 0], [541, 0], [541, 0], [541, 0], [541, 0], [541, 0], [541, 0], [541, 0], [541, 0], [541, 0], [541, 0], [541, 0], [541, 0], [541, 0], [541, 0], [541, 0], [541, 0], [541, 0], [541, 0], [541, 0], [541, 0], [541, 0], [541, 0], [541, 0], [541, 0], [541, 0], [541, 0], [541, 0], [541, 0], [541, 0], [541, 0], [541, 0], [541, 0], [541, 0], [541, 0], [541, 0], [541, 0], [541, 0], [541, 0], [541, 0], [541, 0], [541, 0], [541, 0], [541, 0], [541, 0], [541, 0], [541, 0], [541, 0], [541, 0], [541, 0], [541, 0], [541, 0], [541, 0], [541, 0], [541, 0], [541, 0], [541, 0], [541, 0], [541, 0], [541, 0], [541, 0], [541, 0], [541, 0], [541, 0], [541, 0], [541, 0], [541, 0], [541, 0], [541, 0], [541, 0], [541, 0], [541, 0], [541, 0]]",0
"7.14-4,237,51,58,71,236+8","[[420, 1], [460, 0], [460, 3], [459, 0], [459, 1], [499, 0], [499, 3], [498, 2], [458, 0], [458, 3], [457, 0], [457, 3], [456, 3], [455, 2], [415, 0], [415, 3], [414, 2]]",0
"7.14-4,237,51,58,71,236+9","[[374, 1], [414, 4], [415, 0], [415, 4], [416, 4], [417, 1], [457, 0], [457, 4], [458, 0], [458, 1], [498, 4], [499, 0], [499, 2], [459, 0], [459, 4], [460, 0], [460, 2]]",0
"7.14-4,207,140,11,128,186+3","[[581, 0], [581, 0], [581, 0], [581, 0], [581, 0], [581, 0], [581, 0], [581, 0], [581, 0], [581, 0], [581, 0], [581, 0], [581, 0], [581, 0], [581, 0], [581, 0], [581, 0], [581, 0], [581, 0], [581, 0], [581, 0], [581, 0], [581, 0], [581, 0], [581, 0], [581, 0], [581, 0], [581, 0], [581, 0], [581, 0], [581, 0], [581, 0], [581, 0], [581, 0], [581, 0], [581, 0], [581, 0], [581, 0], [581, 0], [581, 0], [581, 0], [581, 0], [581, 0], [581, 0], [581, 0], [581, 0], [581, 0], [581, 0], [581, 0], [581, 0]]",0
"7.14-4,207,140,11,128,186+5","[[581, 0], [581, 0], [581, 0], [581, 0], [581, 0], [581, 0], [581, 0], [581, 0], [581, 0], [581, 0], [581, 0], [581, 0], [581, 0], [581, 0], [581, 0], [581, 0], [581, 0], [581, 0], [581, 0], [581, 0], [581, 0], [581, 0], [581, 0], [581, 0], [581, 0], [581, 0], [581, 0], [581, 0], [581, 0], [581, 0], [581, 0], [581, 0], [581, 0], [581, 0], [581, 0], [581, 0], [581, 0], [581, 0], [581, 0], [581, 0], [581, 0], [581, 0], [581, 0], [581, 0], [581, 0], [581, 0], [581, 0], [581, 0], [581, 0], [581, 0], [581, 0], [581, 0], [581, 0], [581, 0], [581, 0], [581, 0], [581, 0], [581, 0], [581, 0], [581, 0], [581, 0], [581, 0], [581, 0], [581, 0], [581, 0], [581, 0], [581, 0], [581, 0]]",0
"7.14-48,148,53,197,58,225+3","[[788, 0], [788, 0], [788, 0], [788, 0], [788, 0], [788, 0], [788, 0], [788, 0], [788, 0], [788, 0], [788, 3], [787, 2], [747, 0], [747, 2], [707, 3], [706, 0], [706, 3], [705, 2], [665, 0], [665, 3], [664, 0], [664, 2], [624, 3]]",0
"7.14-48,148,53,197,58,225+8","[[623, 1], [663, 0], [663, 1], [703, 0], [703, 1], [743, 0]]",0
"7.14-48,148,53,197,58,225+9","[[743, 0], [743, 2], [703, 0], [703, 2], [663, 0], [663, 2]]",0
"7.14-48,148,53,197,58,225+10","[[623, 0], [623, 0], [623, 0], [623, 0], [623, 0], [623, 0], [623, 1], [663, 4], [664, 0], [664, 4], [665, 0], [665, 1], [705, 4], [706, 0], [706, 4], [707, 1], [747, 0], [747, 1], [787, 4], [788, 0], [788, 4], [789, 0], [789, 1], [829, 0], [829, 1], [869, 3], [868, 0], [868, 0], [868, 1], [908, 0], [908, 3], [907, 0], [907, 1], [947, 0], [947, 3], [946, 0], [946, 3], [945, 0], [945, 1], [985, 0], [985, 3], [984, 0], [984, 1], [1024, 0], [1024, 0], [1024, 1], [1064, 4], [1065, 0], [1065, 0], [1065, 1]]",0
"7.14-48,148,53,197,58,225+11","[[1105, 2], [1065, 0], [1065, 0], [1065, 3], [1064, 2], [1024, 0], [1024, 0], [1024, 2], [984, 0], [984, 4], [985, 0], [985, 2], [945, 0], [945, 4], [946, 0], [946, 4], [947, 0], [947, 2], [907, 0], [907, 4], [908, 0], [908, 2], [868, 0], [868, 0], [868, 4], [869, 2], [829, 0], [829, 2], [789, 0], [789, 3], [788, 0], [788, 3], [787, 2], [747, 0], [747, 3], [746, 2], [706, 0], [706, 2], [666, 3], [665, 0], [665, 3], [664, 0], [664, 2], [624, 3]]",0
"7.14-48,148,53,197,58,225+16","[[587, 0], [587, 0], [587, 3], [586, 0], [586, 0], [586, 3], [585, 0], [585, 2], [545, 3], [544, 0], [544, 0], [544, 2], [504, 0], [504, 3], [503, 0], [503, 2], [463, 3], [462, 0], [462, 3], [461, 0], [461, 3], [460, 0], [460, 2]]",0
"7.14-48,148,53,197,58,225+17","[[420, 1], [460, 0], [460, 3], [459, 0], [459, 1]]",0
"7.14-48,148,53,197,58,225+19","[[664, 0], [664, 0], [664, 0], [664, 0], [664, 0], [664, 0], [664, 0], [664, 0], [664, 0], [664, 0]]",0
"7.14-48,148,53,197,58,225+20","[[420, 1], [460, 0], [460, 3], [459, 0], [459, 1], [499, 0], [499, 0], [499, 4], [500, 4], [501, 1], [541, 0], [541, 4], [542, 1], [582, 0], [582, 1], [622, 4], [623, 0], [623, 0], [623, 4], [624, 1], [664, 0], [664, 4], [665, 0], [665, 4], [666, 1], [706, 0], [706, 4], [707, 1], [747, 0], [747, 4], [748, 1], [788, 0], [788, 4], [789, 0], [789, 4], [790, 1], [830, 0], [830, 4], [831, 4]]",0
"7.14-48,148,53,197,58,225+21","[[832, 3], [831, 3], [830, 0], [830, 2], [790, 3], [789, 0], [789, 3], [788, 0], [788, 2], [748, 3], [747, 0], [747, 3], [746, 2], [706, 0], [706, 3], [705, 2], [665, 0], [665, 3], [664, 0], [664, 2], [624, 3], [623, 0], [623, 0], [623, 2], [583, 3], [582, 0], [582, 3], [581, 2], [541, 0], [541, 3], [540, 3], [539, 2], [499, 0]]",0
"7.14-48,148,53,197,58,225+23","[[664, 0], [664, 0], [664, 0], [664, 0], [664, 0], [664, 0], [664, 0], [664, 0], [664, 0], [664, 0], [664, 0]]",0
"7.14-48,148,53,197,58,225+25","[[664, 0], [664, 0], [664, 0], [664, 0], [664, 0], [664, 0], [664, 0], [664, 0], [664, 0], [664, 0], [664, 0], [664, 0]]",0
"7.14-28,209,7,152,33,91+4","[[874, 0], [874, 0], [874, 0], [874, 0], [874, 0], [874, 0], [874, 0], [874, 0], [874, 0], [874, 0], [874, 0], [874, 0]]",0
"7.14-28,209,7,152,33,91+5","[[877, 0], [877, 0], [877, 0], [877, 0], [877, 0], [877, 0], [877, 0], [877, 0], [877, 0], [877, 0], [877, 0]]",0
"7.14-28,209,7,152,33,91+6","[[874, 0], [874, 0], [874, 0], [874, 0], [874, 0]]",0
"7.14-28,209,7,152,33,91+11","[[952, 0]]",0
"7.14-28,209,7,152,33,91+12","[[874, 0], [874, 0], [874, 0], [874, 0], [874, 0], [874, 0], [874, 0], [874, 0], [874, 0], [874, 0], [874, 0], [874, 0], [874, 0], [874, 0], [874, 0], [874, 0], [874, 0], [874, 0], [874, 0], [874, 0], [874, 0], [874, 0], [874, 0], [874, 0], [874, 0]]",0
"7.14-88,198,240,41,58,135+6","[[623, 0], [623, 0], [623, 0], [623, 0], [623, 0], [623, 0], [623, 0], [623, 0], [623, 0], [623, 0], [623, 0], [623, 0], [623, 0], [623, 0], [623, 0], [623, 0], [623, 0], [623, 0], [623, 0], [623, 0], [623, 0], [623, 0], [623, 0], [623, 0]]",0
"7.14-88,198,240,41,58,135+11","[[876, 0], [876, 0], [876, 0], [876, 0], [876, 0], [876, 0], [876, 0]]",0
"7.14-88,198,240,41,58,135+24","[[747, 0]]",0
"7.14-88,198,240,41,58,135+29","[[832, 0], [832, 0], [832, 0], [832, 0], [832, 0], [832, 0], [832, 0], [832, 0], [832, 0], [832, 0], [832, 0], [832, 0], [832, 0], [832, 0], [832, 0], [832, 0], [832, 0], [832, 4], [833, 0], [833, 4], [834, 0], [834, 1], [874, 0], [874, 4], [875, 4], [876, 0], [876, 4], [877, 0], [877, 4], [878, 0], [878, 4]]",0
"7.14-88,198,240,41,58,135+34","[[420, 1], [460, 0], [460, 3], [459, 0], [459, 1], [499, 0], [499, 0], [499, 4], [500, 1], [540, 4], [541, 0], [541, 1], [581, 4], [582, 0], [582, 4], [583, 1], [623, 0], [623, 0], [623, 4], [624, 1], [664, 0], [664, 4], [665, 0], [665, 4], [666, 1], [706, 0], [706, 4], [707, 1], [747, 0], [747, 4], [748, 1], [788, 0], [788, 4], [789, 0], [789, 1], [829, 0], [829, 1], [869, 3], [868, 0], [868, 0], [868, 1], [908, 0], [908, 3], [907, 0], [907, 1], [947, 0], [947, 3], [946, 0], [946, 3], [945, 0], [945, 1]]",0
"7.14-88,198,240,41,58,135+38","[[675, 0], [675, 0], [675, 0], [675, 0]]",0
"7.14-56,251,20,50,26,70+7","[[788, 4], [789, 0], [789, 4], [790, 1], [830, 0], [830, 4], [831, 4]]",0
"7.14-56,251,20,50,26,70+8","[[832, 0], [832, 0], [832, 0], [832, 3], [831, 3], [830, 0], [830, 2], [790, 3], [789, 0], [789, 3]]",0
"7.14-56,251,20,50,26,70+11","[[1105, 0]]",0
"7.14-56,251,20,50,26,70+13","[[985, 3], [984, 0], [984, 1], [1024, 0], [1024, 0], [1024, 1], [1064, 4], [1065, 0], [1065, 0], [1065, 1]]",0
"7.14-56,251,20,50,26,70+14","[[1105, 2], [1065, 0], [1065, 0], [1065, 3], [1064, 2], [1024, 0], [1024, 0], [1024, 2], [984, 0], [984, 4]]",0
"7.14-56,251,20,50,26,70+15","[[985, 3], [984, 0], [984, 1], [1024, 0], [1024, 0], [1024, 4], [1025, 1], [1065, 0], [1065, 0], [1065, 1]]",0
"7.14-56,251,20,50,26,70+17","[[789, 0], [789, 0], [789, 0], [789, 0], [789, 0]]",0
"7.14-56,251,20,50,26,70+19","[[749, 0], [749, 0], [749, 0], [749, 0], [749, 0], [749, 0], [749, 0], [749, 0], [749, 0], [749, 0], [749, 0], [749, 0], [749, 0], [749, 0], [749, 0], [749, 0], [749, 0]]",0
"7.14-56,251,20,50,26,70+26","[[985, 3], [984, 0], [984, 1], [1024, 0], [1024, 0], [1024, 4], [1025, 1], [1065, 0], [1065, 0], [1065, 1]]",0
"7.14-8,250,121,45,167,67+3","[[877, 0], [877, 0], [877, 0], [877, 0], [877, 0], [877, 0], [877, 0], [877, 0], [877, 0], [877, 0], [877, 0], [877, 0], [877, 0], [877, 0], [877, 0], [877, 0], [877, 0], [877, 0], [877, 0], [877, 0], [877, 0], [877, 0], [877, 0], [877, 0], [877, 0], [877, 0], [877, 0], [877, 0], [877, 0], [877, 0], [877, 0], [877, 0], [877, 0], [877, 0], [877, 0], [877, 0], [877, 0], [877, 0], [877, 0], [877, 0], [877, 0], [877, 0], [877, 0], [877, 0], [877, 0], [877, 0], [877, 0], [877, 0], [877, 2], [837, 0], [837, 0], [837, 2], [797, 0], [797, 2], [757, 3], [756, 0], [756, 0], [756, 4], [757, 2], [717, 0], [717, 0], [717, 2], [677, 0], [677, 2], [637, 0], [637, 0], [637, 2], [597, 0], [597, 0], [597, 4], [598, 2], [558, 0], [558, 2], [518, 0], [518, 0], [518, 3], [517, 2], [477, 0], [477, 0], [477, 2], [437, 0], [437, 0], [437, 2], [397, 3], [396, 0], [396, 0], [396, 2], [356, 0], [356, 4], [357, 0], [357, 2], [317, 0], [317, 0], [317, 4], [318, 2], [278, 0], [278, 3], [277, 0], [277, 4]]",0
"7.14-8,250,121,45,167,67+4","[[278, 3], [277, 0], [277, 4], [278, 0], [278, 3], [277, 1], [317, 0], [317, 0], [317, 1], [357, 0], [357, 3], [356, 0], [356, 1], [396, 0], [396, 0], [396, 4], [397, 1], [437, 0], [437, 0], [437, 1], [477, 0], [477, 0], [477, 4], [478, 1], [518, 0], [518, 0], [518, 1], [558, 0], [558, 1], [598, 3], [597, 0], [597, 0], [597, 1], [637, 0], [637, 0], [637, 1], [677, 0], [677, 1], [717, 0], [717, 0], [717, 3], [716, 1], [756, 0], [756, 0], [756, 1], [796, 4], [797, 0], [797, 1], [837, 0], [837, 0], [837, 1]]",0
"7.14-8,250,121,45,167,67+5","[[877, 0], [877, 0], [877, 0], [877, 0], [877, 0], [877, 0], [877, 0], [877, 0], [877, 0], [877, 0], [877, 0], [877, 0], [877, 0], [877, 0], [877, 0], [877, 0], [877, 0], [877, 0], [877, 0], [877, 0], [877, 0], [877, 0], [877, 0], [877, 0], [877, 0], [877, 0], [877, 0], [877, 0], [877, 0], [877, 0], [877, 0], [877, 0], [877, 0], [877, 0], [877, 0], [877, 0], [877, 0], [877, 0], [877, 0], [877, 0], [877, 0], [877, 0], [877, 0], [877, 0], [877, 0], [877, 0], [877, 0], [877, 0], [877, 0], [877, 0], [877, 0], [877, 0], [877, 0], [877, 0], [877, 0], [877, 0], [877, 0], [877, 0], [877, 0], [877, 2], [837, 0], [837, 0], [837, 2], [797, 0], [797, 2], [757, 3], [756, 0], [756, 0], [756, 2], [716, 4], [717, 0], [717, 0], [717, 2], [677, 0], [677, 2], [637, 0], [637, 0], [637, 2], [597, 0], [597, 0], [597, 2], [557, 4], [558, 0], [558, 2], [518, 0], [518, 0], [518, 2], [478, 3], [477, 0], [477, 0], [477, 2], [437, 0], [437, 0], [437, 2], [397, 3], [396, 0], [396, 0], [396, 2], [356, 0], [356, 4], [357, 0], [357, 2], [317, 0], [317, 0], [317, 2], [277, 4], [278, 0], [278, 3], [277, 0], [277, 4]]",0
"7.14-8,250,121,45,167,67+6","[[278, 3], [277, 0], [277, 4], [278, 0], [278, 3], [277, 1], [317, 0], [317, 0], [317, 1], [357, 0], [357, 3], [356, 0], [356, 1], [396, 0], [396, 0], [396, 4], [397, 1], [437, 0], [437, 0], [437, 1], [477, 0], [477, 0], [477, 1], [517, 4], [518, 0], [518, 0], [518, 1], [558, 0], [558, 3], [557, 1], [597, 0], [597, 0], [597, 1], [637, 0], [637, 0], [637, 1], [677, 0], [677, 1], [717, 0], [717, 0], [717, 3], [716, 1], [756, 0], [756, 0], [756, 4], [757, 1], [797, 0], [797, 1], [837, 0], [837, 0], [837, 1]]",0
"7.14-164,201,57,9,43,253+2","[[558, 0], [558, 0], [558, 0], [558, 0], [558, 0], [558, 0], [558, 0], [558, 0], [558, 0], [558, 0], [558, 0], [558, 0], [558, 0], [558, 0], [558, 0], [558, 0], [558, 0], [558, 0], [558, 0], [558, 0], [558, 0], [558, 0], [558, 0], [558, 0], [558, 0], [558, 0], [558, 0], [558, 0]]",0
"7.14-164,201,57,9,43,253+3","[[877, 0], [877, 0], [877, 0], [877, 0], [877, 0], [877, 0], [877, 0], [877, 0], [877, 0], [877, 0], [877, 0], [877, 0], [877, 0], [877, 0], [877, 0], [877, 0], [877, 0], [877, 0], [877, 0], [877, 0], [877, 0], [877, 0], [877, 0], [877, 0], [877, 0], [877, 0], [877, 0], [877, 0], [877, 0], [877, 0], [877, 0], [877, 0], [877, 0], [877, 0], [877, 0], [877, 0], [877, 0], [877, 0], [877, 0], [877, 0], [877, 0], [877, 0], [877, 0], [877, 0], [877, 0], [877, 0], [877, 0], [877, 0], [877, 0], [877, 0], [877, 0], [877, 0], [877, 0], [877, 0], [877, 0], [877, 0], [877, 0], [877, 0], [877, 0], [877, 0], [877, 0], [877, 0], [877, 0], [877, 0], [877, 0], [877, 0], [877, 0], [877, 0], [877, 0], [877, 0], [877, 0], [877, 0], [877, 0], [877, 3], [876, 0], [876, 3], [875, 3], [874, 0], [874, 1], [914, 0], [914, 1], [954, 0], [954, 0], [954, 3], [953, 0], [953, 1], [993, 0], [993, 1], [1033, 0], [1033, 2], [993, 3], [992, 0], [992, 0], [992, 1], [1032, 0], [1032, 3], [1031, 0], [1031, 0], [1031, 1]]",0
"7.14-164,201,57,9,43,253+5","[[717, 0], [717, 0], [717, 0], [717, 0]]",0
"7.14-164,201,57,9,43,253+6","[[788, 4], [789, 0], [789, 1], [829, 4], [830, 0], [830, 4], [831, 4], [832, 0], [832, 4], [833, 0], [833, 4], [834, 0], [834, 1], [874, 0], [874, 1], [914, 0], [914, 1], [954, 0], [954, 0], [954, 3], [953, 0], [953, 1], [993, 0], [993, 1], [1033, 0], [1033, 2], [993, 3], [992, 0], [992, 0], [992, 1], [1032, 0], [1032, 3], [1031, 0], [1031, 0], [1031, 1]]",0
"7.14-24,2,174,207,62,51+1","[[832, 0], [832, 0], [832, 0], [832, 0], [832, 0], [832, 0], [832, 0], [832, 0], [832, 0], [832, 0], [832, 0], [832, 0], [832, 0], [832, 0], [832, 0], [832, 0], [832, 0], [832, 0], [832, 0], [832, 0], [832, 0], [832, 0], [832, 0], [832, 3], [831, 3], [830, 0], [830, 3], [829, 2], [789, 0], [789, 3]]",0
"7.14-24,2,174,207,62,51+2","[[788, 4], [789, 0], [789, 4], [790, 1], [830, 0], [830, 4], [831, 4]]",0
"7.14-24,2,174,207,62,51+5","[[832, 0]]",0
"7.14-208,151,254,40,222,169+2","[[544, 0], [544, 0], [544, 0], [544, 0], [544, 0], [544, 0], [544, 0], [544, 0], [544, 0], [544, 0], [544, 0], [544, 0], [544, 0], [544, 0], [544, 0], [544, 0], [544, 0], [544, 0], [544, 0], [544, 0], [544, 0], [544, 0], [544, 0], [544, 0], [544, 0], [544, 0], [544, 0], [544, 0], [544, 0], [544, 0], [544, 0], [544, 0], [544, 0], [544, 0], [544, 0], [544, 0], [544, 0], [544, 0], [544, 0], [544, 0], [544, 0], [544, 0], [544, 0], [544, 0], [544, 0], [544, 0], [544, 0], [544, 0], [544, 0], [544, 0], [544, 0], [544, 0], [544, 0], [544, 0], [544, 0], [544, 0], [544, 0], [544, 0], [544, 0], [544, 0], [544, 0], [544, 0], [544, 0], [544, 0], [544, 0], [544, 0], [544, 0], [544, 0]]",0
"7.14-208,151,254,40,222,169+4","[[544, 0], [544, 0], [544, 0], [544, 0], [544, 0], [544, 0], [544, 0], [544, 0], [544, 0], [544, 0], [544, 0], [544, 0], [544, 0], [544, 0], [544, 0], [544, 0], [544, 0], [544, 0], [544, 0], [544, 0], [544, 0], [544, 0], [544, 0], [544, 0], [544, 0], [544, 0], [544, 0], [544, 0], [544, 0], [544, 0], [544, 0], [544, 0], [544, 0], [544, 0], [544, 0], [544, 0], [544, 0], [544, 0], [544, 0], [544, 0], [544, 0], [544, 0], [544, 0], [544, 0], [544, 0], [544, 0], [544, 0], [544, 0], [544, 0], [544, 0], [544, 0], [544, 0], [544, 0], [544, 0], [544, 0], [544, 0], [544, 0], [544, 0], [544, 0], [544, 0], [544, 0], [544, 0], [544, 0], [544, 0], [544, 0]]",0
"7.14-140,37,5,134,24,48+1","[[948, 0], [948, 0], [948, 0], [948, 0], [948, 0], [948, 0], [948, 0], [948, 0], [948, 0], [948, 0], [948, 0], [948, 0], [948, 0], [948, 0], [948, 0], [948, 0], [948, 0], [948, 0], [948, 0], [948, 0], [948, 0], [948, 0], [948, 0], [948, 0]]",0
"7.14-140,37,5,134,24,48+8","[[985, 3], [984, 0], [984, 1], [1024, 0], [1024, 0], [1024, 1], [1064, 4], [1065, 0], [1065, 0], [1065, 1]]",0
"7.14-140,37,5,134,24,48+10","[[948, 0], [948, 0], [948, 0], [948, 0]]",0
"7.14-140,37,5,134,24,48+13","[[1105, 2], [1065, 0], [1065, 0], [1065, 2], [1025, 3], [1024, 0], [1024, 0], [1024, 2], [984, 0], [984, 4], [985, 0], [985, 2], [945, 0], [945, 4], [946, 0], [946, 4], [947, 0], [947, 2], [907, 0], [907, 4], [908, 0], [908, 2], [868, 0], [868, 0], [868, 2], [828, 4], [829, 0], [829, 2], [789, 0], [789, 3], [788, 0], [788, 2], [748, 3], [747, 0], [747, 2], [707, 3], [706, 0], [706, 2], [666, 3], [665, 0], [665, 3], [664, 0], [664, 3], [663, 2]]",0
"7.14-220,240,144,185,104,48+2","[[948, 0], [948, 0], [948, 0], [948, 0], [948, 0], [948, 0], [948, 0], [948, 0], [948, 0], [948, 0], [948, 0], [948, 0], [948, 0], [948, 0], [948, 0], [948, 0], [948, 0], [948, 0], [948, 0], [948, 0], [948, 0], [948, 0], [948, 0], [948, 0], [948, 0], [948, 0], [948, 0], [948, 0]]",0
"7.14-220,240,144,185,104,48+4","[[948, 0], [948, 0], [948, 0], [948, 0], [948, 0], [948, 0], [948, 0], [948, 0], [948, 0], [948, 0], [948, 0], [948, 0], [948, 0], [948, 0], [948, 0], [948, 0], [948, 0], [948, 0], [948, 0], [948, 0], [948, 0]]",0
"7.14-220,240,144,185,104,48+7","[[832, 4], [833, 0], [833, 4], [834, 0], [834, 1], [874, 0], [874, 4], [875, 4], [876, 0], [876, 4]]",0
"7.14-220,240,144,185,104,48+10","[[587, 1], [627, 4], [628, 0], [628, 0], [628, 4], [629, 1], [669, 0], [669, 0], [669, 1], [709, 0], [709, 1], [749, 0], [749, 0], [749, 3], [748, 1], [788, 0], [788, 4], [789, 0], [789, 1], [829, 4], [830, 0], [830, 4], [831, 4]]",0
"7.14-220,240,144,185,104,48+11","[[832, 4], [833, 0], [833, 4], [834, 0], [834, 1], [874, 0], [874, 4], [875, 4], [876, 0], [876, 4]]",0
"7.14-220,240,144,185,104,48+14","[[587, 4], [588, 1], [628, 0], [628, 0], [628, 1], [668, 4], [669, 0], [669, 0], [669, 1], [709, 0], [709, 1], [749, 0], [749, 0], [749, 3], [748, 1], [788, 0], [788, 4], [789, 0], [789, 1], [829, 4], [830, 0], [830, 4], [831, 4]]",0
"7.14-220,240,144,185,104,48+15","[[832, 4], [833, 0], [833, 4], [834, 0], [834, 1], [874, 0], [874, 4], [875, 4], [876, 0], [876, 4]]",0
"7.14-220,240,144,185,104,48+17","[[663, 0], [663, 0]]",0
"7.14-220,240,144,185,104,48+18","[[499, 0], [499, 4], [500, 1], [540, 4], [541, 0], [541, 1], [581, 4], [582, 0], [582, 1], [622, 4], [623, 0], [623, 0], [623, 1], [663, 0], [663, 1], [703, 0], [703, 1], [743, 0]]",0
"7.14-220,240,144,185,104,48+21","[[788, 2], [748, 4], [749, 0], [749, 0], [749, 2], [709, 0], [709, 2], [669, 0], [669, 0], [669, 3], [668, 2], [628, 0], [628, 0], [628, 3], [627, 2]]",0
"7.14-220,240,144,185,104,48+24","[[877, 3], [876, 0], [876, 3], [875, 3], [874, 0], [874, 2], [834, 0], [834, 3], [833, 0], [833, 3], [832, 0], [832, 3], [831, 3], [830, 0], [830, 3], [829, 2], [789, 0], [789, 3]]",0
"7.14-220,240,144,185,104,48+27","[[877, 3], [876, 0], [876, 3], [875, 3], [874, 0], [874, 2], [834, 0], [834, 3], [833, 0], [833, 3], [832, 0], [832, 3], [831, 3], [830, 0], [830, 3], [829, 2], [789, 0], [789, 3]]",0
"7.14-220,240,144,185,104,48+32","[[948, 0], [948, 0], [948, 0], [948, 0], [948, 0], [948, 0], [948, 0], [948, 0], [948, 0], [948, 0], [948, 0], [948, 0], [948, 0], [948, 0], [948, 0], [948, 0], [948, 0], [948, 0], [948, 0], [948, 0], [948, 0], [948, 0], [948, 0], [948, 0]]",0
"7.14-164,80,70,27,140,33+3","[[499, 0], [499, 4], [500, 1], [540, 4], [541, 0], [541, 4], [542, 1], [582, 0], [582, 1], [622, 4], [623, 0], [623, 0], [623, 1], [663, 4], [664, 0], [664, 4], [665, 0], [665, 1], [705, 4], [706, 0], [706, 4], [707, 1], [747, 0], [747, 4], [748, 1]]",0
"7.14-164,80,70,27,140,33+4","[[788, 2], [748, 3], [747, 0], [747, 2], [707, 3], [706, 0], [706, 2], [666, 3], [665, 0], [665, 3], [664, 0], [664, 2], [624, 3], [623, 0], [623, 0], [623, 2], [583, 3], [582, 0], [582, 2], [542, 3], [541, 0], [541, 3], [540, 3], [539, 2], [499, 0]]",0
"7.14-164,80,70,27,140,33+9","[[544, 0]]",0
"7.14-164,80,70,27,140,33+13","[[743, 0], [743, 2], [703, 0], [703, 2], [663, 0], [663, 2], [623, 0], [623, 4], [624, 1], [664, 0], [664, 4], [665, 2], [625, 0], [625, 0], [625, 2], [585, 0], [585, 4], [586, 0], [586, 0], [586, 4], [587, 0], [587, 0]]",0
"7.14-164,80,70,27,140,33+20","[[460, 0], [460, 0], [460, 0], [460, 0], [460, 0], [460, 0], [460, 0], [460, 0], [460, 0], [460, 0], [460, 0]]",0
"7.14-164,80,70,27,140,33+23","[[460, 0], [460, 0], [460, 0], [460, 0], [460, 0]]",0
"7.14-164,80,70,27,140,33+26","[[541, 0], [541, 0]]",0
"7.14-40,53,69,96,185,108+1","[[420, 1], [460, 0], [460, 3], [459, 0], [459, 1], [499, 0], [499, 0], [499, 4], [500, 1], [540, 4], [541, 0], [541, 1], [581, 4], [582, 0], [582, 4], [583, 1], [623, 0]]",0
"7.14-40,53,69,96,185,108+2","[[623, 0], [623, 0], [623, 0], [623, 0], [623, 0], [623, 0], [623, 0], [623, 0], [623, 0], [623, 0], [623, 0], [623, 2], [583, 3], [582, 0], [582, 3], [581, 2], [541, 0], [541, 3], [540, 3], [539, 2], [499, 0]]",0
"7.14-40,53,69,96,185,108+3","[[499, 0], [499, 0], [499, 0], [499, 0]]",0
"7.14-40,53,69,96,185,108+4","[[541, 0], [541, 0], [541, 0], [541, 0], [541, 0], [541, 0], [541, 0], [541, 0], [541, 0], [541, 0], [541, 0], [541, 0], [541, 0], [541, 0], [541, 0], [541, 0], [541, 0], [541, 0], [541, 0], [541, 0], [541, 0], [541, 0], [541, 0], [541, 0], [541, 0], [541, 0], [541, 0], [541, 0], [541, 0], [541, 0], [541, 0], [541, 0], [541, 0], [541, 0], [541, 0], [541, 0], [541, 0], [541, 0], [541, 0], [541, 0], [541, 0], [541, 0], [541, 0], [541, 0], [541, 0]]",0
"7.14-40,53,69,96,185,108+6","[[541, 0], [541, 0], [541, 0], [541, 0], [541, 0]]",0
"7.14-40,53,69,96,185,108+9","[[460, 0], [460, 0]]",0
"7.14-248,45,124,72,127,16+5","[[706, 0], [706, 0], [706, 0], [706, 0], [706, 0], [706, 0], [706, 0], [706, 0], [706, 0], [706, 0], [706, 0], [706, 0], [706, 0], [706, 0], [706, 0], [706, 0], [706, 0], [706, 0], [706, 0], [706, 0], [706, 0], [706, 0], [706, 0]]",0
"7.14-248,45,124,72,127,16+15","[[665, 0], [665, 0], [665, 0], [665, 0], [665, 0]]",0
"7.14-248,45,124,72,127,16+21","[[625, 0], [625, 0], [625, 0], [625, 0], [625, 0], [625, 0], [625, 0]]",0
"7.14-248,45,124,72,127,16+29","[[665, 0], [665, 0], [665, 0], [665, 0], [665, 0], [665, 0], [665, 0], [665, 0]]",0
"7.14-248,45,124,72,127,16+34","[[788, 2], [748, 3], [747, 0], [747, 2], [707, 3], [706, 0], [706, 2], [666, 3], [665, 0], [665, 3], [664, 0], [664, 2], [624, 3], [623, 0], [623, 0], [623, 2], [583, 3], [582, 0], [582, 2], [542, 3], [541, 0], [541, 3], [540, 3], [539, 2], [499, 0], [499, 0], [499, 3], [498, 2], [458, 0], [458, 3], [457, 0], [457, 3], [456, 3], [455, 2], [415, 0], [415, 3], [414, 2]]",0
"7.14-104,74,174,67,128,132+1","[[832, 4], [833, 0], [833, 4], [834, 0], [834, 1], [874, 0], [874, 1], [914, 0], [914, 1], [954, 0], [954, 0], [954, 3], [953, 0], [953, 1], [993, 0], [993, 1], [1033, 0], [1033, 3], [1032, 2], [992, 0], [992, 0], [992, 1], [1032, 0], [1032, 3], [1031, 0], [1031, 0], [1031, 1]]",0
"7.14-104,74,174,67,128,132+2","[[1071, 2], [1031, 0], [1031, 0], [1031, 4], [1032, 0], [1032, 2], [992, 0], [992, 0], [992, 4], [993, 1], [1033, 0], [1033, 2], [993, 0], [993, 2], [953, 0], [953, 4], [954, 0], [954, 0], [954, 2], [914, 0], [914, 2], [874, 0], [874, 2], [834, 0], [834, 3], [833, 0], [833, 3]]",0
"7.14-104,74,174,67,128,132+3","[[832, 3], [831, 3], [830, 0], [830, 3], [829, 2], [789, 0], [789, 3]]",0
"7.14-104,74,174,67,128,132+4","[[788, 4], [789, 0], [789, 1], [829, 4], [830, 0], [830, 4], [831, 4]]",0
"7.14-104,74,174,67,128,132+5","[[832, 0], [832, 0], [832, 0], [832, 0], [832, 0], [832, 0], [832, 0], [832, 0], [832, 0], [832, 0], [832, 0], [832, 0], [832, 0], [832, 0], [832, 0], [832, 0], [832, 0], [832, 0], [832, 0], [832, 0], [832, 0], [832, 0], [832, 0], [832, 3], [831, 3], [830, 0], [830, 2], [790, 3], [789, 0], [789, 3]]",0
"7.14-104,74,174,67,128,132+6","[[788, 4], [789, 0], [789, 4], [790, 1], [830, 0], [830, 4], [831, 4]]",0
"7.14-104,74,174,67,128,132+7","[[832, 0], [832, 0], [832, 4], [833, 0], [833, 4], [834, 0], [834, 1], [874, 0], [874, 4], [875, 4], [876, 0], [876, 4]]",0
"7.14-104,74,174,67,128,132+8","[[877, 3], [876, 0], [876, 3], [875, 3], [874, 0], [874, 2], [834, 0], [834, 3], [833, 0], [833, 3]]",0
"7.14-104,74,174,67,128,132+9","[[832, 0], [832, 0], [832, 4], [833, 0], [833, 4], [834, 0], [834, 1], [874, 0], [874, 4], [875, 4], [876, 0], [876, 4]]",0
"7.14-104,74,174,67,128,132+10","[[877, 3], [876, 0], [876, 3], [875, 3], [874, 0], [874, 2], [834, 0], [834, 3], [833, 0], [833, 3]]",0
"7.14-104,74,174,67,128,132+11","[[832, 0], [832, 0], [832, 4], [833, 0], [833, 4], [834, 0], [834, 1], [874, 0], [874, 4], [875, 4], [876, 0], [876, 4]]",0
"7.14-104,74,174,67,128,132+12","[[877, 0], [877, 0], [877, 0], [877, 0], [877, 0], [877, 0], [877, 0], [877, 0], [877, 0], [877, 0], [877, 0], [877, 0], [877, 0], [877, 0], [877, 3], [876, 0], [876, 3], [875, 3], [874, 0], [874, 2], [834, 0], [834, 3], [833, 0], [833, 3]]",0
"7.14-104,74,174,67,128,132+13","[[832, 0], [832, 0], [832, 0], [832, 0], [832, 0], [832, 0], [832, 0], [832, 0], [832, 0], [832, 0], [832, 0], [832, 0], [832, 0], [832, 0], [832, 0], [832, 0], [832, 0], [832, 0], [832, 0], [832, 0], [832, 0], [832, 0], [832, 4], [833, 0], [833, 4], [834, 0], [834, 1], [874, 0], [874, 4], [875, 4], [876, 0], [876, 4]]",0
"7.14-104,74,174,67,128,132+14","[[877, 3], [876, 0], [876, 3], [875, 3], [874, 0], [874, 1], [914, 0], [914, 1], [954, 0], [954, 0], [954, 3], [953, 0], [953, 1], [993, 0], [993, 1], [1033, 0], [1033, 3], [1032, 2], [992, 0], [992, 0], [992, 1], [1032, 0], [1032, 3], [1031, 0], [1031, 0], [1031, 1]]",0
"7.14-104,74,174,67,128,132+15","[[1071, 2], [1031, 0], [1031, 0], [1031, 4], [1032, 0], [1032, 2], [992, 0], [992, 0], [992, 4], [993, 1], [1033, 0], [1033, 2], [993, 0], [993, 2], [953, 0], [953, 4], [954, 0], [954, 0], [954, 2], [914, 0], [914, 2], [874, 0], [874, 2], [834, 0], [834, 3], [833, 0], [833, 3]]",0
"7.14-104,74,174,67,128,132+16","[[832, 0], [832, 0], [832, 0], [832, 0], [832, 0], [832, 0], [832, 0]]",0
"7.14-208,151,254,41,36,162+10","[[879, 3], [878, 0], [878, 3], [877, 0], [877, 2], [837, 0], [837, 0], [837, 2], [797, 0], [797, 3], [796, 2], [756, 0], [756, 0], [756, 4], [757, 2], [717, 0], [717, 0], [717, 2], [677, 0], [677, 2], [637, 0], [637, 0], [637, 2], [597, 0], [597, 0], [597, 4], [598, 2], [558, 0], [558, 2], [518, 0], [518, 0], [518, 3], [517, 2], [477, 0], [477, 0], [477, 2], [437, 0], [437, 0], [437, 3], [436, 2], [396, 0], [396, 0], [396, 2], [356, 0], [356, 4], [357, 0], [357, 2], [317, 0], [317, 0], [317, 4], [318, 2], [278, 0], [278, 3], [277, 0], [277, 4]]",0
"7.14-208,151,254,41,36,162+15","[[420, 1], [460, 0], [460, 4], [461, 0], [461, 4], [462, 0], [462, 4], [463, 1], [503, 0], [503, 4], [504, 0], [504, 1], [544, 0], [544, 0], [544, 1], [584, 4], [585, 0], [585, 4], [586, 0], [586, 0], [586, 4], [587, 0], [587, 0]]",0
"7.14-208,151,254,41,36,162+20","[[834, 0], [834, 0], [834, 0], [834, 0], [834, 0], [834, 0], [834, 0]]",0
"7.14-208,151,254,41,36,162+21","[[879, 3], [878, 0], [878, 3], [877, 0], [877, 3], [876, 0], [876, 3], [875, 3], [874, 0], [874, 1], [914, 0], [914, 1], [954, 0], [954, 0], [954, 3], [953, 0], [953, 1], [993, 0], [993, 1], [1033, 0], [1033, 2], [993, 3], [992, 0], [992, 0], [992, 1], [1032, 0], [1032, 3], [1031, 0], [1031, 0], [1031, 1]]",0
"7.14-208,151,254,41,36,162+22","[[1071, 2], [1031, 0], [1031, 0], [1031, 4], [1032, 0], [1032, 2], [992, 0], [992, 0], [992, 1], [1032, 4], [1033, 0], [1033, 2], [993, 0], [993, 2], [953, 0], [953, 4], [954, 0], [954, 0], [954, 2], [914, 0], [914, 2], [874, 0], [874, 4], [875, 4], [876, 0], [876, 4], [877, 0], [877, 4], [878, 0], [878, 4]]",0
"7.14-208,151,254,41,36,162+24","[[834, 0], [834, 0], [834, 0], [834, 0], [834, 0], [834, 0], [834, 0], [834, 0], [834, 0], [834, 0], [834, 0], [834, 0]]",0
"7.14-208,151,254,41,36,162+26","[[834, 0]]",0
"7.14-208,151,254,41,36,162+28","[[834, 0], [834, 0], [834, 0], [834, 0], [834, 0], [834, 0], [834, 0], [834, 0], [834, 0], [834, 0], [834, 0], [834, 0], [834, 0], [834, 0], [834, 0], [834, 0], [834, 0], [834, 0], [834, 0], [834, 0], [834, 0], [834, 0], [834, 0], [834, 0], [834, 0], [834, 0], [834, 0], [834, 0], [834, 0], [834, 0], [834, 0]]",0
"7.14-112,58,81,118,159,27+2","[[874, 0]]",0
"7.14-112,58,81,118,159,27+3","[[832, 4], [833, 0], [833, 4], [834, 0], [834, 1], [874, 0], [874, 4], [875, 4], [876, 0], [876, 4]]",0
"7.14-112,58,81,118,159,27+4","[[877, 0], [877, 0], [877, 0], [877, 0], [877, 0], [877, 3], [876, 0], [876, 3], [875, 3], [874, 0], [874, 2], [834, 0], [834, 3], [833, 0], [833, 3]]",0
"7.14-112,58,81,118,159,27+5","[[832, 0], [832, 0], [832, 0], [832, 4], [833, 0], [833, 4], [834, 0], [834, 1], [874, 0], [874, 4], [875, 4], [876, 0], [876, 4]]",0
"7.14-112,58,81,118,159,27+6","[[877, 0], [877, 0], [877, 0], [877, 0], [877, 0], [877, 0], [877, 0], [877, 0], [877, 0], [877, 0], [877, 0]]",0
"7.14-112,58,81,118,159,27+8","[[788, 4], [789, 0], [789, 4], [790, 1], [830, 0], [830, 4], [831, 4], [832, 0], [832, 4], [833, 0], [833, 4], [834, 0], [834, 1], [874, 0], [874, 4], [875, 4], [876, 0], [876, 4]]",0
"7.14-112,58,81,118,159,27+9","[[877, 0]]",0
"7.14-152,151,204,174,182,173+1","[[877, 4], [878, 0], [878, 4]]",0
"7.14-152,151,204,174,182,173+2","[[879, 0], [879, 0], [879, 3], [878, 0], [878, 3], [877, 0], [877, 3], [876, 0], [876, 3], [875, 3], [874, 0], [874, 2], [834, 0], [834, 3], [833, 0], [833, 3]]",0
"7.14-152,151,204,174,182,173+3","[[832, 0], [832, 0], [832, 0], [832, 0], [832, 4], [833, 0], [833, 4], [834, 0], [834, 1], [874, 0], [874, 4], [875, 4], [876, 0], [876, 4], [877, 0], [877, 4], [878, 0], [878, 4]]",0
"7.14-152,151,204,174,182,173+5","[[876, 0], [876, 0], [876, 0], [876, 0], [876, 0], [876, 0], [876, 0], [876, 0], [876, 0], [876, 0]]",0
"7.14-152,151,204,174,182,173+6","[[877, 3], [876, 0], [876, 3], [875, 3], [874, 0], [874, 2], [834, 0], [834, 3], [833, 0], [833, 3]]",0
"7.14-152,151,204,174,182,173+7","[[832, 4], [833, 0], [833, 4], [834, 0], [834, 1], [874, 0], [874, 4], [875, 4], [876, 0], [876, 4], [877, 0], [877, 4], [878, 0], [878, 4]]",0
"7.14-152,151,204,174,182,173+8","[[879, 3], [878, 0], [878, 3], [877, 0], [877, 3], [876, 0], [876, 3], [875, 3], [874, 0], [874, 2], [834, 0], [834, 3], [833, 0], [833, 3]]",0
"7.14-152,151,204,174,182,173+9","[[832, 4], [833, 0], [833, 4], [834, 0], [834, 1], [874, 0], [874, 4], [875, 4], [876, 0], [876, 4], [877, 0], [877, 4], [878, 0], [878, 4]]",0
"7.14-152,151,204,174,182,173+10","[[879, 0], [879, 0], [879, 0], [879, 0], [879, 3], [878, 0], [878, 3], [877, 0], [877, 3], [876, 0], [876, 3], [875, 3], [874, 0], [874, 2], [834, 0], [834, 3], [833, 0], [833, 3]]",0
"7.14-152,151,204,174,182,173+12","[[876, 0], [876, 0], [876, 0]]",0
"7.14-152,151,204,174,182,173+16","[[876, 0], [876, 0], [876, 0], [876, 0], [876, 0], [876, 0], [876, 0]]",0
"7.14-152,151,204,174,182,173+18","[[877, 4], [878, 0], [878, 4]]",0
"7.14-64,140,31,142,167,149+2","[[914, 0], [914, 0], [914, 0], [914, 0], [914, 0], [914, 0]]",0
"7.14-64,140,31,142,167,149+5","[[597, 0], [597, 0], [597, 0], [597, 0], [597, 0], [597, 0], [597, 0], [597, 0], [597, 0], [597, 0], [597, 0], [597, 0], [597, 0]]",0
"7.14-64,140,31,142,167,149+6","[[623, 0], [623, 0], [623, 0], [623, 0], [623, 0], [623, 0], [623, 0], [623, 0], [623, 0], [623, 0], [623, 0], [623, 0], [623, 0], [623, 0], [623, 0], [623, 0], [623, 0], [623, 0], [623, 0], [623, 0], [623, 0], [623, 0], [623, 0], [623, 0], [623, 0], [623, 0], [623, 0], [623, 0], [623, 0], [623, 0], [623, 0], [623, 0], [623, 0]]",0
"7.14-64,140,31,142,167,149+7","[[464, 0]]",0
"7.14-64,140,31,142,167,149+12","[[278, 3], [277, 0], [277, 4], [278, 0], [278, 3], [277, 1], [317, 0], [317, 0], [317, 1], [357, 0], [357, 3], [356, 0], [356, 1], [396, 0], [396, 0], [396, 4], [397, 1], [437, 0], [437, 0], [437, 1], [477, 0], [477, 0], [477, 1], [517, 4], [518, 0], [518, 0], [518, 1], [558, 0], [558, 3], [557, 1], [597, 0], [597, 0], [597, 1], [637, 0], [637, 0], [637, 3], [636, 1], [676, 0], [676, 0], [676, 3], [675, 0], [675, 3], [674, 0], [674, 0], [674, 1], [714, 0], [714, 1], [754, 0], [754, 3], [753, 0], [753, 1], [793, 0], [793, 1], [833, 0], [833, 4], [834, 0], [834, 0], [834, 3], [833, 0], [833, 3], [832, 0], [832, 3], [831, 3], [830, 0], [830, 2], [790, 3], [789, 0], [789, 3], [788, 0], [788, 2], [748, 4], [749, 0], [749, 0], [749, 2], [709, 0], [709, 2], [669, 0], [669, 0], [669, 3], [668, 2], [628, 0], [628, 0], [628, 2], [588, 3]]",0
"7.14-64,140,31,142,167,149+13","[[587, 0], [587, 0], [587, 0], [587, 0], [587, 0], [587, 0], [587, 0], [587, 0], [587, 3], [586, 0], [586, 0], [586, 3], [585, 0], [585, 1], [625, 0], [625, 0], [625, 3], [624, 1], [664, 0], [664, 3], [663, 2], [623, 0], [623, 1], [663, 0], [663, 1], [703, 0], [703, 1], [743, 0]]",0
"7.14-64,140,31,142,167,149+14","[[743, 4], [744, 1], [784, 0], [784, 0], [784, 4], [785, 0], [785, 0], [785, 4], [786, 0], [786, 2], [746, 4], [747, 0], [747, 4], [748, 1], [788, 0], [788, 4], [789, 0], [789, 1], [829, 0], [829, 3], [828, 1], [868, 0], [868, 0], [868, 1], [908, 0], [908, 3], [907, 0], [907, 1], [947, 0], [947, 3], [946, 0], [946, 3], [945, 0], [945, 1]]",0
"7.14-64,140,31,142,167,149+15","[[985, 2], [945, 0], [945, 4], [946, 0], [946, 4], [947, 0], [947, 2], [907, 0], [907, 4], [908, 0], [908, 2], [868, 0], [868, 0], [868, 2], [828, 4], [829, 0], [829, 2], [789, 0], [789, 3], [788, 0], [788, 2], [748, 4], [749, 0], [749, 0], [749, 2], [709, 0], [709, 2], [669, 0], [669, 0], [669, 3], [668, 2], [628, 0], [628, 0], [628, 3], [627, 2]]",0
"7.14-64,140,31,142,167,149+16","[[587, 0], [587, 0], [587, 3], [586, 0], [586, 0], [586, 3], [585, 0], [585, 2], [545, 3], [544, 0], [544, 0], [544, 2], [504, 0], [504, 3], [503, 0], [503, 3], [502, 2], [462, 0], [462, 3], [461, 0], [461, 3], [460, 0], [460, 3], [459, 0], [459, 1]]",0
"7.14-64,140,31,142,167,149+17","[[499, 2], [459, 0], [459, 4], [460, 0], [460, 4], [461, 0], [461, 4], [462, 0], [462, 4], [463, 1], [503, 0], [503, 4], [504, 0], [504, 1], [544, 0], [544, 0], [544, 1], [584, 4], [585, 0], [585, 4], [586, 0], [586, 0], [586, 4], [587, 0], [587, 0]]",0
"7.14-64,140,31,142,167,149+18","[[587, 0], [587, 0], [587, 3], [586, 0], [586, 0], [586, 3], [585, 0], [585, 1], [625, 0], [625, 0], [625, 1], [665, 3], [664, 0], [664, 3], [663, 2], [623, 0], [623, 1], [663, 0], [663, 1], [703, 0], [703, 1], [743, 0]]",0
"7.14-20,94,105,93,76,199+2","[[876, 0], [876, 0], [876, 0], [876, 0], [876, 0], [876, 0], [876, 0], [876, 0], [876, 0], [876, 0], [876, 0], [876, 0], [876, 0], [876, 0], [876, 0], [876, 0], [876, 0], [876, 0], [876, 0], [876, 0], [876, 0], [876, 0], [876, 0], [876, 0], [876, 0], [876, 0]]",0
"7.14-20,94,105,93,76,199+4","[[876, 0], [876, 0], [876, 0], [876, 0], [876, 0], [876, 0], [876, 0], [876, 0], [876, 0], [876, 0], [876, 0], [876, 0], [876, 0], [876, 0], [876, 0], [876, 0], [876, 0], [876, 0], [876, 0], [876, 0], [876, 0], [876, 0], [876, 0], [876, 0], [876, 0], [876, 0], [876, 0], [876, 0], [876, 0], [876, 0], [876, 0], [876, 0], [876, 0], [876, 0], [876, 0], [876, 0], [876, 0], [876, 0], [876, 0], [876, 0], [876, 0], [876, 0], [876, 0], [876, 0], [876, 0], [876, 0], [876, 0], [876, 0], [876, 0], [876, 0], [876, 0], [876, 0], [876, 0], [876, 0], [876, 0], [876, 0], [876, 0]]",0
"7.14-20,94,105,93,76,199+6","[[876, 0], [876, 0], [876, 0], [876, 0], [876, 0], [876, 0], [876, 0], [876, 0], [876, 0], [876, 0], [876, 0], [876, 0], [876, 0], [876, 0], [876, 0], [876, 0], [876, 0], [876, 0], [876, 0], [876, 0], [876, 0], [876, 0], [876, 0], [876, 0], [876, 0], [876, 0], [876, 0], [876, 0]]",0
"7.14-164,125,223,153,152,106+1","[[587, 0], [587, 0], [587, 3], [586, 0], [586, 0], [586, 3], [585, 0], [585, 3], [584, 2], [544, 0], [544, 0], [544, 2], [504, 0], [504, 3], [503, 0], [503, 3], [502, 2], [462, 0], [462, 3], [461, 0], [461, 3], [460, 0], [460, 2]]",0
"7.14-164,125,223,153,152,106+2","[[420, 1], [460, 0], [460, 4], [461, 0], [461, 4], [462, 0], [462, 4], [463, 1], [503, 0], [503, 4], [504, 0], [504, 1], [544, 0], [544, 0], [544, 1], [584, 4], [585, 0], [585, 4], [586, 0], [586, 0], [586, 4], [587, 0], [587, 0]]",0
"7.14-164,125,223,153,152,106+3","[[587, 0], [587, 0], [587, 3], [586, 0], [586, 0], [586, 3], [585, 0], [585, 2], [545, 3], [544, 0], [544, 0], [544, 2], [504, 0], [504, 3], [503, 0], [503, 2], [463, 3], [462, 0], [462, 3], [461, 0], [461, 3], [460, 0], [460, 2]]",0
"7.14-164,125,223,153,152,106+4","[[420, 1], [460, 0], [460, 4], [461, 0], [461, 4], [462, 0], [462, 1], [502, 4], [503, 0], [503, 4], [504, 0], [504, 1], [544, 0], [544, 0], [544, 4], [545, 1], [585, 0], [585, 4], [586, 0], [586, 0], [586, 4], [587, 0], [587, 0]]",0
"7.14-164,125,223,153,152,106+5","[[587, 0], [587, 0], [587, 0], [587, 0], [587, 0], [587, 0], [587, 0], [587, 0], [587, 0], [587, 0], [587, 0], [587, 0], [587, 0], [587, 0], [587, 0], [587, 0], [587, 0], [587, 0], [587, 0], [587, 0], [587, 0], [587, 0], [587, 0], [587, 0], [587, 3], [586, 0], [586, 0], [586, 3], [585, 0], [585, 3], [584, 2], [544, 0], [544, 0], [544, 2], [504, 0], [504, 3], [503, 0], [503, 3], [502, 2], [462, 0], [462, 3], [461, 0], [461, 3], [460, 0], [460, 3], [459, 0], [459, 1], [499, 0], [499, 3], [498, 2], [458, 0], [458, 3], [457, 0], [457, 3], [456, 3], [455, 2], [415, 0], [415, 2], [375, 3]]",0
"7.14-164,125,223,153,152,106+6","[[374, 4], [375, 1], [415, 0], [415, 4], [416, 1], [456, 4], [457, 0], [457, 4], [458, 0], [458, 1], [498, 4]]",0
"7.14-164,125,223,153,152,106+7","[[499, 0], [499, 0], [499, 0], [499, 2], [459, 0], [459, 4], [460, 0], [460, 4], [461, 0], [461, 4], [462, 0], [462, 4], [463, 1], [503, 0], [503, 4], [504, 0], [504, 1], [544, 0], [544, 0], [544, 1], [584, 4], [585, 0], [585, 4], [586, 0], [586, 0], [586, 4], [587, 0], [587, 0]]",0
"7.14-164,125,223,153,152,106+8","[[587, 0], [587, 0], [587, 0], [587, 0]]",0
"7.14-8,250,121,194,19,245+2","[[789, 0], [789, 0]]",0
"7.14-8,250,121,194,19,245+3","[[877, 3], [876, 0], [876, 3], [875, 3], [874, 0], [874, 2], [834, 0], [834, 3], [833, 0], [833, 3]]",0
"7.14-8,250,121,194,19,245+4","[[832, 3], [831, 3], [830, 0], [830, 3], [829, 2], [789, 0], [789, 3], [788, 0], [788, 2], [748, 4], [749, 0], [749, 0], [749, 2], [709, 0], [709, 2], [669, 0], [669, 0], [669, 3], [668, 2], [628, 0], [628, 0], [628, 2], [588, 3]]",0
"7.14-8,250,121,194,19,245+5","[[587, 0], [587, 0], [587, 0], [587, 0], [587, 0], [587, 0], [587, 0], [587, 0], [587, 0], [587, 0], [587, 0], [587, 0], [587, 0], [587, 0], [587, 0], [587, 0], [587, 0], [587, 0], [587, 0], [587, 0], [587, 0], [587, 0], [587, 0], [587, 0], [587, 0], [587, 0], [587, 0], [587, 0], [587, 0], [587, 0], [587, 0], [587, 0], [587, 0], [587, 0], [587, 0], [587, 0], [587, 0], [587, 0], [587, 0], [587, 0], [587, 0], [587, 0], [587, 0], [587, 0], [587, 0], [587, 0], [587, 0], [587, 0], [587, 0], [587, 0], [587, 0], [587, 0], [587, 0], [587, 0], [587, 0], [587, 0], [587, 0], [587, 0], [587, 0], [587, 0], [587, 0], [587, 0]]",0
"7.14-20,154,16,154,204,112+2","[[789, 0], [789, 0], [789, 0], [789, 0], [789, 0], [789, 0], [789, 0], [789, 0], [789, 0], [789, 0], [789, 0], [789, 0], [789, 0]]",0
"7.14-20,154,16,154,204,112+3","[[788, 0], [788, 0], [788, 0], [788, 0], [788, 0], [788, 0], [788, 0], [788, 0], [788, 4], [789, 0], [789, 1], [829, 4], [830, 0], [830, 4], [831, 4]]",0
"7.14-20,154,16,154,204,112+4","[[832, 0], [832, 0], [832, 0], [832, 0], [832, 0], [832, 0], [832, 0], [832, 0], [832, 0], [832, 0], [832, 0], [832, 0], [832, 0], [832, 0], [832, 0], [832, 0], [832, 0], [832, 3], [831, 3], [830, 0], [830, 2], [790, 3], [789, 0], [789, 3]]",0
"7.14-20,154,16,154,204,112+9","[[747, 0], [747, 0], [747, 0], [747, 0], [747, 0], [747, 0], [747, 0], [747, 0], [747, 0], [747, 0], [747, 0]]",0
"7.14-20,154,16,154,204,112+13","[[747, 0], [747, 0], [747, 0]]",0
"7.14-20,154,16,154,204,112+15","[[747, 0], [747, 0], [747, 0], [747, 0]]",0
"7.14-164,156,95,90,12,124+1","[[788, 0], [788, 0], [788, 0], [788, 0], [788, 0], [788, 0], [788, 0], [788, 0], [788, 0], [788, 0], [788, 0], [788, 0], [788, 0], [788, 0], [788, 0], [788, 0], [788, 0], [788, 0], [788, 0], [788, 0], [788, 0], [788, 4], [789, 2], [749, 0], [749, 0], [749, 2], [709, 0], [709, 2], [669, 0], [669, 0], [669, 2], [629, 3], [628, 0], [628, 0], [628, 2], [588, 3]]",0
"7.14-164,156,95,90,12,124+2","[[587, 0], [587, 0], [587, 3], [586, 0], [586, 0], [586, 3], [585, 0], [585, 1], [625, 0], [625, 0], [625, 3], [624, 1], [664, 0], [664, 3], [663, 2], [623, 0], [623, 1], [663, 0], [663, 1], [703, 0], [703, 1], [743, 0]]",0
"7.14-164,156,95,90,12,124+3","[[743, 0], [743, 2], [703, 0], [703, 2], [663, 0], [663, 2]]",0
"7.14-164,156,95,90,12,124+4","[[623, 4], [624, 1], [664, 0], [664, 4], [665, 0], [665, 1], [705, 4], [706, 0], [706, 1], [746, 4], [747, 0], [747, 1], [787, 4]]",0
"7.14-164,156,95,90,12,124+5","[[788, 2], [748, 3], [747, 0], [747, 3], [746, 1], [786, 0], [786, 3], [785, 0], [785, 0], [785, 3], [784, 0], [784, 0], [784, 3], [783, 2]]",0
"7.14-164,156,95,90,12,124+6","[[743, 4], [744, 1], [784, 0], [784, 0], [784, 4], [785, 0], [785, 0], [785, 4], [786, 0], [786, 2], [746, 4], [747, 0], [747, 4], [748, 1], [788, 0], [788, 4], [789, 0], [789, 4], [790, 1], [830, 0], [830, 4], [831, 4]]",0
"7.14-164,156,95,90,12,124+7","[[832, 3], [831, 3], [830, 0], [830, 3], [829, 2], [789, 0], [789, 3], [788, 0], [788, 4], [789, 2], [749, 0], [749, 0], [749, 2], [709, 0], [709, 2], [669, 0], [669, 0], [669, 3], [668, 2], [628, 0], [628, 0], [628, 2], [588, 3]]",0
"7.14-164,156,95,90,12,124+8","[[587, 0], [587, 0], [587, 3], [586, 0], [586, 0], [586, 3], [585, 0], [585, 1], [625, 0], [625, 0], [625, 1], [665, 3], [664, 0], [664, 3], [663, 2], [623, 0], [623, 1], [663, 0], [663, 1], [703, 0], [703, 1], [743, 0]]",0
"7.14-72,70,193,161,116,246+2","[[703, 0], [703, 0], [703, 0], [703, 0], [703, 0], [703, 0], [703, 0], [703, 0], [703, 0], [703, 0], [703, 0], [703, 0]]",0
"7.14-72,70,193,161,116,246+7","[[625, 0], [625, 0], [625, 0], [625, 0], [625, 0], [625, 0], [625, 0], [625, 0], [625, 0], [625, 0], [625, 0], [625, 0], [625, 0], [625, 0], [625, 0], [625, 0], [625, 0], [625, 0], [625, 0], [625, 0], [625, 0], [625, 0], [625, 0], [625, 0], [625, 0], [625, 0], [625, 0], [625, 0], [625, 0], [625, 0], [625, 0], [625, 0], [625, 0], [625, 0], [625, 0], [625, 0], [625, 0], [625, 0], [625, 0], [625, 0], [625, 0], [625, 0], [625, 0], [625, 0], [625, 0], [625, 0], [625, 0], [625, 0], [625, 0]]",0
"7.14-132,27,119,107,15,168+3","[[587, 0], [587, 0], [587, 3], [586, 0], [586, 0], [586, 3], [585, 0], [585, 1], [625, 0], [625, 0], [625, 1], [665, 3], [664, 0], [664, 2], [624, 3]]",0
"7.14-132,27,119,107,15,168+5","[[544, 0], [544, 0], [544, 0], [544, 0], [544, 0], [544, 0], [544, 0], [544, 0], [544, 0], [544, 0], [544, 0], [544, 0]]",0
"7.14-132,27,119,107,15,168+6","[[499, 0], [499, 0], [499, 0], [499, 0]]",0
"7.14-132,27,119,107,15,168+12","[[541, 0], [541, 0]]",0
"7.14-132,27,119,107,15,168+13","[[374, 4], [375, 1], [415, 0], [415, 4], [416, 1], [456, 4], [457, 0], [457, 4], [458, 0], [458, 4], [459, 1]]",0
"7.14-216,50,20,254,96,65+1","[[832, 0], [832, 0], [832, 0], [832, 0], [832, 0], [832, 0], [832, 0], [832, 0], [832, 0], [832, 0], [832, 0], [832, 0], [832, 0], [832, 0], [832, 0], [832, 0], [832, 0], [832, 0], [832, 0], [832, 0], [832, 0], [832, 0], [832, 0], [832, 0], [832, 0], [832, 3], [831, 3], [830, 0], [830, 3], [829, 2], [789, 0], [789, 3]]",0
"7.14-216,50,20,254,96,65+2","[[788, 0], [788, 0], [788, 0], [788, 0], [788, 0], [788, 0], [788, 0], [788, 0], [788, 0], [788, 0], [788, 0], [788, 0], [788, 0], [788, 0], [788, 0], [788, 0], [788, 0], [788, 0], [788, 0], [788, 0], [788, 0], [788, 0], [788, 0], [788, 0], [788, 0], [788, 0], [788, 0], [788, 0], [788, 0], [788, 0], [788, 0], [788, 0], [788, 0], [788, 0], [788, 0], [788, 0], [788, 0], [788, 0], [788, 0], [788, 0], [788, 0], [788, 0], [788, 0], [788, 0], [788, 0], [788, 0], [788, 0], [788, 0], [788, 0], [788, 4], [789, 0], [789, 1], [829, 4], [830, 0], [830, 4], [831, 4]]",0
"7.14-216,50,20,254,96,65+3","[[832, 4], [833, 0], [833, 4], [834, 0], [834, 1], [874, 0], [874, 4], [875, 4], [876, 0], [876, 4]]",0
"7.14-216,50,20,254,96,65+4","[[877, 3], [876, 0], [876, 3], [875, 3], [874, 0], [874, 1], [914, 0], [914, 1], [954, 0], [954, 0], [954, 3], [953, 0], [953, 1], [993, 0], [993, 1], [1033, 0], [1033, 2], [993, 3], [992, 0], [992, 0], [992, 1], [1032, 0], [1032, 3], [1031, 0], [1031, 0], [1031, 1]]",0
"7.14-216,50,20,254,96,65+5","[[1071, 2], [1031, 0], [1031, 0], [1031, 4], [1032, 0], [1032, 2], [992, 0], [992, 0], [992, 1], [1032, 4], [1033, 0], [1033, 2], [993, 0], [993, 2], [953, 0], [953, 4], [954, 0], [954, 0], [954, 2], [914, 0], [914, 2], [874, 0], [874, 2], [834, 0], [834, 3], [833, 0], [833, 3]]",0
"7.14-216,50,20,254,96,65+6","[[832, 3], [831, 3], [830, 0], [830, 3], [829, 2], [789, 0], [789, 3]]",0
"7.14-216,50,20,254,96,65+7","[[788, 4], [789, 0], [789, 1], [829, 4], [830, 0], [830, 4], [831, 4]]",0
"7.14-192,46,37,42,205,205+1","[[499, 2], [459, 3], [458, 0], [458, 3], [457, 0], [457, 3], [456, 3], [455, 2], [415, 0], [415, 2], [375, 3]]",0
"7.14-192,46,37,42,205,205+2","[[374, 0], [374, 0], [374, 0], [374, 0], [374, 0], [374, 0], [374, 0], [374, 0], [374, 0], [374, 0], [374, 4], [375, 1], [415, 0], [415, 4], [416, 1], [456, 4], [457, 0], [457, 4], [458, 0], [458, 4], [459, 1]]",0
"7.14-192,46,37,42,205,205+3","[[499, 2], [459, 3], [458, 0], [458, 3], [457, 0], [457, 3], [456, 3], [455, 2], [415, 0], [415, 3], [414, 2]]",0
"7.14-192,46,37,42,205,205+5","[[460, 0], [460, 0], [460, 0], [460, 0], [460, 0], [460, 0], [460, 0], [460, 0], [460, 0]]",0
"7.14-192,46,37,42,205,205+6","[[420, 2], [380, 0], [380, 3], [379, 0], [379, 0], [379, 3], [378, 0], [378, 2], [338, 0], [338, 3], [337, 0], [337, 0], [337, 2], [297, 3], [296, 0], [296, 0], [296, 3], [295, 0], [295, 3], [294, 0], [294, 0], [294, 3], [293, 2], [253, 0], [253, 0], [253, 3], [252, 2], [212, 0], [212, 0], [212, 3], [211, 2], [171, 0], [171, 3]]",0
"7.14-192,46,37,42,205,205+7","[[170, 4], [171, 0], [171, 1], [211, 4], [212, 0], [212, 0], [212, 1], [252, 4], [253, 0], [253, 0], [253, 4], [254, 1], [294, 0], [294, 0], [294, 1], [334, 0], [334, 1], [374, 0], [374, 1], [414, 4], [415, 0], [415, 4], [416, 1], [456, 4], [457, 0], [457, 4], [458, 0], [458, 1], [498, 4]]",0
"7.14-192,46,37,42,205,205+8","[[499, 3], [498, 2], [458, 0], [458, 3], [457, 0], [457, 3], [456, 2], [416, 3], [415, 0], [415, 3], [414, 2]]",0
"7.14-192,46,37,42,205,205+10","[[460, 0]]",0
"7.14-192,46,37,42,205,205+12","[[460, 0], [460, 0], [460, 0], [460, 0], [460, 0], [460, 0], [460, 0], [460, 0], [460, 0], [460, 0], [460, 0], [460, 0], [460, 0], [460, 0], [460, 0]]",0
"7.14-156,116,3,24,100,145+1","[[743, 0], [743, 2], [703, 0], [703, 2], [663, 0], [663, 2]]",0
"7.14-156,116,3,24,100,145+2","[[623, 0], [623, 0], [623, 0], [623, 0], [623, 0], [623, 0], [623, 0], [623, 0], [623, 0], [623, 0], [623, 0], [623, 0], [623, 0], [623, 0], [623, 0]]",0
"7.14-156,116,3,24,100,145+5","[[664, 0], [664, 0], [664, 0], [664, 0], [664, 0], [664, 0], [664, 0], [664, 0], [664, 0], [664, 0], [664, 0], [664, 0], [664, 0], [664, 0], [664, 0], [664, 0], [664, 0], [664, 0], [664, 0], [664, 0], [664, 0], [664, 0], [664, 0], [664, 0], [664, 0], [664, 0], [664, 0], [664, 0], [664, 0], [664, 0], [664, 0], [664, 0], [664, 0], [664, 0], [664, 0], [664, 0], [664, 0], [664, 0], [664, 0], [664, 0], [664, 0], [664, 0], [664, 0], [664, 0], [664, 0], [664, 0], [664, 0], [664, 0], [664, 0], [664, 0], [664, 0], [664, 0], [664, 0], [664, 0], [664, 0], [664, 0], [664, 0], [664, 0], [664, 0], [664, 0], [664, 0], [664, 0], [664, 0], [664, 0], [664, 0], [664, 0], [664, 0], [664, 0], [664, 0], [664, 0]]",0
"7.14-76,111,156,154,6,215+4","[[625, 0], [625, 0], [625, 0], [625, 0], [625, 0], [625, 0], [625, 0], [625, 0], [625, 0], [625, 0], [625, 0], [625, 0], [625, 0], [625, 0], [625, 0], [625, 0], [625, 0], [625, 0], [625, 0], [625, 0], [625, 0], [625, 0], [625, 0], [625, 0], [625, 0], [625, 0], [625, 0], [625, 0], [625, 0], [625, 0], [625, 0], [625, 0], [625, 0], [625, 0], [625, 0], [625, 0], [625, 0], [625, 0], [625, 0], [625, 0], [625, 0], [625, 0], [625, 0], [625, 0], [625, 0], [625, 0], [625, 0], [625, 0], [625, 0]]",0
"7.14-76,111,156,154,6,215+6","[[625, 0], [625, 0], [625, 0], [625, 0], [625, 0], [625, 0], [625, 0], [625, 0], [625, 0]]",0
"7.18-204,129,42,183,42,73+3","[[623, 0], [623, 2], [583, 3], [582, 0], [582, 2], [542, 3], [541, 0], [541, 3], [540, 2], [500, 3], [499, 0], [499, 0], [499, 2], [459, 0], [459, 4], [460, 0], [460, 2]]",0
"7.18-204,129,42,183,42,73+10","[[952, 0], [952, 0], [952, 0], [952, 0], [952, 0]]",0
"7.18-204,129,42,183,42,73+12","[[834, 0], [834, 0], [834, 0], [834, 0], [834, 0]]",0
"7.18-204,129,42,183,42,73+13","[[374, 1], [414, 4], [415, 0], [415, 4], [416, 1], [456, 4], [457, 0], [457, 4], [458, 0], [458, 1], [498, 4], [499, 0], [499, 2], [459, 0], [459, 4], [460, 0], [460, 2]]",0
"7.18-204,129,42,183,42,73+16","[[374, 4], [375, 1], [415, 0], [415, 4], [416, 4], [417, 1], [457, 0], [457, 4], [458, 0], [458, 1], [498, 4], [499, 0], [499, 2], [459, 0], [459, 4], [460, 0], [460, 2]]",0
"7.18-204,129,42,183,42,73+23","[[834, 0], [834, 0], [834, 0], [834, 0], [834, 0], [834, 0], [834, 0], [834, 0], [834, 0], [834, 0]]",0
