m,trajs,cluster
"7.6-164,201,57,9,43,253+2","[[3429, 0], [3429, 0], [3429, 0], [3429, 0], [3429, 0], [3429, 0], [3429, 0], [3429, 0], [3429, 0], [3429, 0], [3429, 0], [3429, 0], [3429, 0], [3429, 0], [3429, 0], [3429, 0], [3429, 0], [3429, 0], [3429, 0], [3429, 0], [3429, 0], [3429, 0], [3429, 0], [3429, 0]]",2
"7.6-164,201,57,9,43,253+6","[[3429, 0], [3429, 0], [3429, 0], [3429, 0]]",2
"7.6-36,161,96,62,65,247+1","[[3890, 4], [3891, 2], [3811, 0], [3811, 4], [3812, 4], [3813, 2], [3733, 0], [3733, 4], [3734, 0], [3734, 2], [3654, 4], [3655, 0], [3655, 4], [3656, 2], [3576, 0], [3576, 2], [3496, 4], [3497, 0], [3497, 2], [3417, 0], [3417, 2], [3337, 2], [3257, 4], [3258, 0], [3258, 2], [3178, 4], [3179, 0], [3179, 3], [3178, 3], [3177, 2], [3097, 0], [3097, 3], [3096, 2], [3016, 3], [3015, 3], [3014, 2], [2934, 0], [2934, 3], [2933, 2], [2853, 3], [2852, 0], [2852, 2], [2772, 3], [2771, 2], [2691, 3], [2690, 0], [2690, 3], [2689, 3], [2688, 2], [2608, 0], [2608, 3], [2607, 2], [2527, 0], [2527, 3], [2526, 2], [2446, 0], [2446, 3], [2445, 3], [2444, 2], [2364, 0], [2364, 3], [2363, 2], [2283, 2], [2203, 3], [2202, 0], [2202, 2], [2122, 3], [2121, 3], [2120, 3], [2119, 2], [2039, 0], [2039, 3]]",2
"7.6-36,161,96,62,65,247+2","[[2038, 2], [1958, 4], [1959, 2], [1879, 0], [1879, 4], [1880, 2], [1800, 0], [1800, 2], [1720, 2], [1640, 4]]",2
"7.6-36,161,96,62,65,247+3","[[1641, 1], [1721, 1], [1801, 3], [1800, 0], [1800, 3], [1799, 1], [1879, 0], [1879, 1], [1959, 3], [1958, 1]]",2
"7.6-36,161,96,62,65,247+4","[[2038, 2], [1958, 2], [1878, 4], [1879, 0], [1879, 2], [1799, 4], [1800, 0], [1800, 4], [1801, 1], [1881, 4], [1882, 0], [1882, 4], [1883, 4], [1884, 0], [1884, 1], [1964, 4], [1965, 4], [1966, 1], [2046, 0], [2046, 4], [2047, 4], [2048, 0], [2048, 1], [2128, 0], [2128, 4], [2129, 1], [2209, 0], [2209, 4], [2210, 1], [2290, 4], [2291, 0], [2291, 4], [2292, 0], [2292, 4], [2293, 0], [2293, 4], [2294, 0], [2294, 4], [2295, 1], [2375, 0]]",2
"7.6-36,161,96,62,65,247+5","[[2375, 0], [2375, 3], [2374, 2], [2294, 0], [2294, 3], [2293, 0], [2293, 3], [2292, 0], [2292, 1], [2372, 3], [2371, 0], [2371, 1], [2451, 0], [2451, 3], [2450, 1], [2530, 0], [2530, 3], [2529, 3], [2528, 1], [2608, 0], [2608, 3], [2607, 2]]",2
"7.6-36,161,96,62,65,247+6","[[2527, 4], [2528, 1], [2608, 0], [2608, 4], [2609, 1], [2689, 4], [2690, 0], [2690, 4], [2691, 1], [2771, 4], [2772, 1], [2852, 0], [2852, 4], [2853, 1], [2933, 4], [2934, 0], [2934, 4], [2935, 1], [3015, 4], [3016, 4], [3017, 1]]",2
"7.6-36,161,96,62,65,247+7","[[3097, 2], [3017, 3], [3016, 3], [3015, 3], [3014, 2], [2934, 0], [2934, 3], [2933, 2], [2853, 3], [2852, 0], [2852, 3], [2851, 2], [2771, 2], [2691, 3], [2690, 0], [2690, 3], [2689, 2], [2609, 3], [2608, 0], [2608, 3], [2607, 2]]",2
"7.6-24,208,197,242,97,13+1","[[4222, 1], [4302, 3], [4301, 0], [4301, 1], [4381, 3], [4380, 0], [4380, 3], [4379, 3], [4378, 1], [4458, 0], [4458, 3], [4457, 0], [4457, 1], [4537, 3], [4536, 0], [4536, 3], [4535, 0], [4535, 3], [4534, 0], [4534, 3], [4533, 0], [4533, 3], [4532, 0], [4532, 0], [4532, 2], [4452, 2], [4372, 0], [4372, 3]]",2
"7.6-24,208,197,242,97,13+2","[[4371, 2], [4291, 0], [4291, 2], [4211, 3], [4210, 0], [4210, 3], [4209, 2], [4129, 0], [4129, 3], [4128, 2], [4048, 0], [4048, 2], [3968, 4], [3969, 0], [3969, 4], [3970, 2], [3890, 0], [3890, 2], [3810, 4], [3811, 0], [3811, 4], [3812, 4], [3813, 2], [3733, 0], [3733, 4], [3734, 0], [3734, 4], [3735, 2], [3655, 0], [3655, 2], [3575, 4], [3576, 0], [3576, 4], [3577, 2], [3497, 0], [3497, 2], [3417, 0], [3417, 2], [3337, 4], [3338, 2], [3258, 0], [3258, 2], [3178, 4], [3179, 0], [3179, 3], [3178, 3], [3177, 2]]",2
"7.6-24,208,197,242,97,13+3","[[3097, 0], [3097, 4], [3098, 4], [3099, 1], [3179, 0], [3179, 1], [3259, 4], [3260, 4], [3261, 1], [3341, 0], [3341, 4], [3342, 4], [3343, 4]]",2
"7.6-24,208,197,242,97,13+4","[[3344, 0], [3344, 0]]",2
"7.6-248,45,124,72,127,16+1","[[2527, 3], [2526, 2], [2446, 0], [2446, 3], [2445, 3], [2444, 2], [2364, 0], [2364, 3], [2363, 2], [2283, 3], [2282, 2], [2202, 0], [2202, 3], [2201, 2], [2121, 3], [2120, 2], [2040, 3], [2039, 0], [2039, 3], [2038, 0], [2038, 2], [1958, 4], [1959, 2], [1879, 0], [1879, 4], [1880, 2], [1800, 0], [1800, 2], [1720, 4], [1721, 2]]",2
"7.6-248,45,124,72,127,16+2","[[1641, 1], [1721, 3], [1720, 1], [1800, 0], [1800, 1], [1880, 3], [1879, 0], [1879, 1], [1959, 1], [2039, 3], [2038, 0], [2038, 4], [2039, 0], [2039, 1], [2119, 4], [2120, 4], [2121, 4], [2122, 1], [2202, 0], [2202, 1], [2282, 4], [2283, 1], [2363, 4], [2364, 0], [2364, 4], [2365, 4], [2366, 1], [2446, 0], [2446, 4], [2447, 1]]",2
"7.6-248,45,124,72,127,16+3","[[2527, 0], [2527, 2], [2447, 3], [2446, 0], [2446, 3], [2445, 3], [2444, 2], [2364, 0], [2364, 2], [2284, 3], [2283, 2], [2203, 3], [2202, 0], [2202, 3], [2201, 2], [2121, 3], [2120, 3], [2119, 2], [2039, 0], [2039, 3], [2038, 0], [2038, 2], [1958, 4], [1959, 2], [1879, 0], [1879, 2], [1799, 4], [1800, 0], [1800, 2], [1720, 4], [1721, 2]]",2
"7.6-248,45,124,72,127,16+4","[[1641, 1], [1721, 1], [1801, 3], [1800, 0], [1800, 4], [1801, 1], [1881, 4], [1882, 0], [1882, 4], [1883, 4], [1884, 0], [1884, 1], [1964, 4], [1965, 1], [2045, 4], [2046, 0], [2046, 4], [2047, 4], [2048, 0], [2048, 1], [2128, 0], [2128, 1], [2208, 4], [2209, 0], [2209, 4], [2210, 1], [2290, 4], [2291, 0], [2291, 4], [2292, 0], [2292, 4], [2293, 0], [2293, 4], [2294, 0], [2294, 4], [2295, 1], [2375, 0]]",2
"7.6-248,45,124,72,127,16+5","[[2375, 0], [2375, 3], [2374, 2], [2294, 0], [2294, 3], [2293, 0], [2293, 3], [2292, 0], [2292, 3], [2291, 1], [2371, 0], [2371, 1], [2451, 0], [2451, 1], [2531, 3], [2530, 0], [2530, 3], [2529, 1], [2609, 3], [2608, 0], [2608, 3], [2607, 2]]",2
"7.6-248,45,124,72,127,16+6","[[2527, 4], [2528, 1], [2608, 0], [2608, 4], [2609, 4], [2610, 2], [2530, 0], [2530, 4], [2531, 2], [2451, 0], [2451, 2], [2371, 0], [2371, 4], [2372, 2], [2292, 0], [2292, 4], [2293, 0], [2293, 4], [2294, 0], [2294, 4], [2295, 1], [2375, 0]]",2
"7.6-248,45,124,72,127,16+7","[[2375, 0], [2375, 3], [2374, 2], [2294, 0], [2294, 3], [2293, 0], [2293, 3], [2292, 0], [2292, 1], [2372, 3], [2371, 0], [2371, 1], [2451, 0], [2451, 1], [2531, 3], [2530, 0], [2530, 3], [2529, 3], [2528, 1], [2608, 0], [2608, 3], [2607, 2]]",2
"7.7-8,250,121,45,167,67+2","[[3429, 0], [3429, 0], [3429, 0], [3429, 0], [3429, 0], [3429, 0], [3429, 0], [3429, 0], [3429, 0], [3429, 0], [3429, 0], [3429, 0], [3429, 0], [3429, 0], [3429, 0], [3429, 0], [3429, 0], [3429, 0], [3429, 0], [3429, 0], [3429, 0], [3429, 0], [3429, 0], [3429, 0], [3429, 0], [3429, 0]]",2
"7.7-8,250,121,45,167,67+7","[[3097, 4], [3098, 4], [3099, 1], [3179, 0], [3179, 4], [3180, 1], [3260, 4], [3261, 1], [3341, 0], [3341, 4], [3342, 4], [3343, 4], [3344, 0], [3344, 4], [3345, 4], [3346, 4], [3347, 0], [3347, 4], [3348, 0], [3348, 4], [3349, 1], [3429, 0], [3429, 4], [3430, 4], [3431, 4], [3432, 0], [3432, 4], [3433, 4], [3434, 4], [3435, 0], [3435, 4], [3436, 4], [3437, 0], [3437, 4], [3438, 4], [3439, 1]]",2
"7.7-8,250,121,45,167,67+9","[[3429, 0], [3429, 0], [3429, 0], [3429, 0], [3429, 0], [3429, 0], [3429, 0]]",2
"7.7-164,125,159,153,152,106+2","[[2123, 0], [2123, 0], [2123, 0], [2123, 0], [2123, 0], [2123, 0], [2123, 0], [2123, 0], [2123, 0], [2123, 0], [2123, 0], [2123, 0], [2123, 0], [2123, 0], [2123, 0], [2123, 0], [2123, 0], [2123, 0]]",2
"7.7-164,125,159,153,152,106+9","[[2123, 0], [2123, 0], [2123, 0], [2123, 0], [2123, 0], [2123, 0]]",2
"7.7-8,74,207,99,147,223+5","[[2527, 3], [2526, 2], [2446, 0], [2446, 3], [2445, 2], [2365, 3], [2364, 0], [2364, 2], [2284, 3], [2283, 2], [2203, 3], [2202, 0], [2202, 3], [2201, 2], [2121, 3], [2120, 3], [2119, 2], [2039, 0], [2039, 3], [2038, 0], [2038, 2], [1958, 4], [1959, 2], [1879, 0], [1879, 2], [1799, 4], [1800, 0], [1800, 2], [1720, 2], [1640, 4]]",2
"7.7-156,116,3,24,100,145+1","[[3344, 0], [3344, 0], [3344, 0], [3344, 0], [3344, 0], [3344, 0], [3344, 0], [3344, 0], [3344, 0], [3344, 0], [3344, 0], [3344, 0], [3344, 0], [3344, 0], [3344, 0], [3344, 0], [3344, 0], [3344, 0], [3344, 0], [3344, 0], [3344, 0], [3344, 0], [3344, 0], [3344, 0], [3344, 0], [3344, 0], [3344, 0], [3344, 0], [3344, 3], [3343, 3], [3342, 3], [3341, 0], [3341, 3], [3340, 2], [3260, 3], [3259, 2], [3179, 0], [3179, 3], [3178, 2], [3098, 3]]",2
"7.7-156,116,3,24,100,145+2","[[3097, 4], [3098, 4], [3099, 1], [3179, 0], [3179, 1], [3259, 4], [3260, 1], [3340, 4], [3341, 0], [3341, 4], [3342, 4], [3343, 4]]",2
"7.7-156,116,3,24,100,145+3","[[3344, 3], [3343, 3], [3342, 3], [3341, 0], [3341, 3], [3340, 2], [3260, 2], [3180, 3], [3179, 0], [3179, 3], [3178, 1], [3258, 0], [3258, 1], [3338, 1], [3418, 3], [3417, 0], [3417, 1], [3497, 0], [3497, 1], [3577, 3], [3576, 0], [3576, 1], [3656, 3], [3655, 0], [3655, 1], [3735, 3], [3734, 0], [3734, 3], [3733, 0], [3733, 3], [3732, 3], [3731, 1], [3811, 0], [3811, 1], [3891, 3]]",2
"7.7-156,116,3,24,100,145+4","[[3890, 4], [3891, 2], [3811, 0], [3811, 4], [3812, 4], [3813, 2], [3733, 0], [3733, 4], [3734, 0], [3734, 2], [3654, 4], [3655, 0], [3655, 4], [3656, 2], [3576, 0], [3576, 4], [3577, 2], [3497, 0], [3497, 2], [3417, 0], [3417, 2], [3337, 4], [3338, 2], [3258, 0], [3258, 2], [3178, 4], [3179, 0], [3179, 1], [3259, 4], [3260, 4], [3261, 1], [3341, 0], [3341, 4], [3342, 4], [3343, 4]]",2
"7.7-156,116,3,24,100,145+5","[[3344, 3], [3343, 3], [3342, 3], [3341, 0], [3341, 3], [3340, 2], [3260, 3], [3259, 2], [3179, 0], [3179, 3], [3178, 3], [3177, 2]]",2
"7.7-156,116,3,24,100,145+6","[[3097, 4], [3098, 1], [3178, 4], [3179, 0], [3179, 1], [3259, 4], [3260, 1], [3340, 4], [3341, 0], [3341, 4], [3342, 4], [3343, 4]]",2
"7.7-156,116,3,24,100,145+7","[[3344, 3], [3343, 3], [3342, 3], [3341, 0], [3341, 2], [3261, 3], [3260, 2], [3180, 3], [3179, 0], [3179, 1], [3259, 3], [3258, 0], [3258, 1], [3338, 3], [3337, 1], [3417, 0], [3417, 1], [3497, 0], [3497, 3], [3496, 1], [3576, 0], [3576, 3], [3575, 1], [3655, 0], [3655, 1], [3735, 3], [3734, 0], [3734, 3], [3733, 0], [3733, 3], [3732, 3], [3731, 1], [3811, 0], [3811, 1], [3891, 3]]",2
"7.7-156,116,3,24,100,145+8","[[3890, 2], [3810, 4], [3811, 0], [3811, 4], [3812, 2], [3732, 4], [3733, 0], [3733, 4], [3734, 0], [3734, 4], [3735, 2], [3655, 0], [3655, 4], [3656, 2], [3576, 0], [3576, 2], [3496, 4], [3497, 0], [3497, 2], [3417, 0], [3417, 2], [3337, 2], [3257, 4], [3258, 0], [3258, 2], [3178, 4], [3179, 0], [3179, 4], [3180, 1], [3260, 1], [3340, 4], [3341, 0], [3341, 4], [3342, 4], [3343, 4]]",2
"7.7-156,116,3,24,100,145+12","[[2608, 0], [2608, 0]]",2
"7.8-64,140,31,142,167,149+2","[[3500, 0], [3500, 0], [3500, 0], [3500, 0], [3500, 0], [3500, 0], [3500, 0], [3500, 0], [3500, 0], [3500, 0], [3500, 0], [3500, 0], [3500, 0], [3500, 0], [3500, 0], [3500, 0], [3500, 0], [3500, 0], [3500, 0], [3500, 0], [3500, 0], [3500, 0], [3500, 0], [3500, 0], [3500, 0], [3500, 0], [3500, 0], [3500, 0], [3500, 0], [3500, 0], [3500, 0], [3500, 0], [3500, 0], [3500, 0], [3500, 0], [3500, 0], [3500, 0], [3500, 0], [3500, 0], [3500, 0], [3500, 0], [3500, 0], [3500, 0], [3500, 0], [3500, 0]]",2
"7.8-8,250,121,45,167,67+2","[[3429, 0], [3429, 0], [3429, 0], [3429, 0], [3429, 0], [3429, 0], [3429, 0], [3429, 0], [3429, 0], [3429, 0], [3429, 0], [3429, 0], [3429, 0], [3429, 0], [3429, 0], [3429, 0], [3429, 0], [3429, 0], [3429, 0], [3429, 0], [3429, 0], [3429, 0], [3429, 0], [3429, 0], [3429, 0], [3429, 0], [3429, 0], [3429, 0], [3429, 0], [3429, 0], [3429, 0], [3429, 0], [3429, 0], [3429, 0], [3429, 0], [3429, 0], [3429, 0], [3429, 0], [3429, 0], [3429, 0], [3429, 0], [3429, 0], [3429, 0], [3429, 0], [3429, 0]]",2
"7.8-8,250,121,45,167,67+5","[[3097, 4], [3098, 4], [3099, 1], [3179, 0], [3179, 1], [3259, 4], [3260, 4], [3261, 1], [3341, 0], [3341, 4], [3342, 4], [3343, 4], [3344, 0], [3344, 4], [3345, 4], [3346, 4], [3347, 0], [3347, 4], [3348, 0], [3348, 1], [3428, 4], [3429, 0], [3429, 4], [3430, 4], [3431, 4], [3432, 0], [3432, 4], [3433, 4], [3434, 4], [3435, 0], [3435, 4], [3436, 4], [3437, 0], [3437, 4], [3438, 4], [3439, 1]]",2
"7.8-220,114,155,222,161,114+1","[[2608, 0], [2608, 0], [2608, 0], [2608, 0], [2608, 0], [2608, 0], [2608, 0], [2608, 0], [2608, 0], [2608, 0], [2608, 0], [2608, 0], [2608, 0], [2608, 0], [2608, 0], [2608, 0], [2608, 0], [2608, 0], [2608, 0], [2608, 0], [2608, 0], [2608, 0], [2608, 0], [2608, 0], [2608, 0], [2608, 0], [2608, 0], [2608, 0], [2608, 0], [2608, 0], [2608, 0], [2608, 0], [2608, 0], [2608, 0], [2608, 0], [2608, 0], [2608, 0], [2608, 0], [2608, 0], [2608, 0], [2608, 0], [2608, 0], [2608, 0], [2608, 0], [2608, 0], [2608, 0], [2608, 0], [2608, 0], [2608, 0], [2608, 0]]",2
"7.8-220,114,155,222,161,114+4","[[1641, 1], [1721, 1], [1801, 3], [1800, 0], [1800, 4], [1801, 4], [1802, 1], [1882, 0], [1882, 4], [1883, 4], [1884, 0], [1884, 4], [1885, 1], [1965, 1], [2045, 4], [2046, 0], [2046, 4], [2047, 4], [2048, 0], [2048, 1], [2128, 0], [2128, 4], [2129, 1], [2209, 0], [2209, 4], [2210, 4], [2211, 1], [2291, 0], [2291, 4], [2292, 0], [2292, 4], [2293, 0], [2293, 4], [2294, 0], [2294, 1], [2374, 4], [2375, 0]]",2
"7.8-220,114,155,222,161,114+5","[[2375, 0], [2375, 2], [2295, 3], [2294, 0], [2294, 3], [2293, 0], [2293, 3], [2292, 0], [2292, 3], [2291, 0], [2291, 3], [2290, 2], [2210, 3], [2209, 0], [2209, 3], [2208, 2], [2128, 0], [2128, 2], [2048, 0], [2048, 3], [2047, 3], [2046, 0], [2046, 2], [1966, 3], [1965, 2], [1885, 3], [1884, 0], [1884, 3], [1883, 3], [1882, 0], [1882, 3], [1881, 3], [1880, 2], [1800, 0], [1800, 2], [1720, 2], [1640, 4]]",2
"7.8-220,114,155,222,161,114+10","[[1641, 1], [1721, 1], [1801, 3], [1800, 0], [1800, 4], [1801, 4], [1802, 1], [1882, 0], [1882, 4], [1883, 4], [1884, 0], [1884, 4], [1885, 1], [1965, 4], [1966, 1], [2046, 0], [2046, 4], [2047, 4], [2048, 0], [2048, 1], [2128, 0], [2128, 1], [2208, 4], [2209, 0], [2209, 4], [2210, 4], [2211, 1], [2291, 0], [2291, 4], [2292, 0], [2292, 4], [2293, 0], [2293, 4], [2294, 0], [2294, 1], [2374, 4], [2375, 0]]",2
"7.8-220,114,155,222,161,114+11","[[2375, 0], [2375, 3], [2374, 2], [2294, 0], [2294, 3], [2293, 0], [2293, 3], [2292, 0], [2292, 3], [2291, 0], [2291, 3], [2290, 3], [2289, 2], [2209, 0], [2209, 2], [2129, 3], [2128, 0], [2128, 2], [2048, 0], [2048, 3], [2047, 3], [2046, 0], [2046, 3], [2045, 2], [1965, 2], [1885, 3], [1884, 0], [1884, 3], [1883, 3], [1882, 0], [1882, 3], [1881, 2], [1801, 3], [1800, 0], [1800, 2], [1720, 2], [1640, 4]]",2
"7.8-220,114,155,222,161,114+12","[[1641, 1], [1721, 3], [1720, 1], [1800, 0], [1800, 1], [1880, 3], [1879, 0], [1879, 1], [1959, 3], [1958, 1], [2038, 0], [2038, 4], [2039, 0], [2039, 4], [2040, 1], [2120, 4], [2121, 4], [2122, 1], [2202, 0], [2202, 4], [2203, 1], [2283, 4], [2284, 1], [2364, 0], [2364, 4], [2365, 1], [2445, 4], [2446, 0], [2446, 4], [2447, 1]]",2
"7.8-220,114,155,222,161,114+13","[[2527, 2], [2447, 3], [2446, 0], [2446, 3], [2445, 3], [2444, 2], [2364, 0], [2364, 2], [2284, 3], [2283, 3], [2282, 2], [2202, 0], [2202, 3], [2201, 2], [2121, 3], [2120, 2], [2040, 3], [2039, 0], [2039, 3], [2038, 0], [2038, 2], [1958, 2], [1878, 4], [1879, 0], [1879, 4], [1880, 2], [1800, 0], [1800, 2], [1720, 4], [1721, 2]]",2
"7.8-220,114,155,222,161,114+14","[[1641, 1], [1721, 3], [1720, 1], [1800, 0], [1800, 1], [1880, 3], [1879, 0], [1879, 1], [1959, 3], [1958, 1], [2038, 0], [2038, 4], [2039, 0], [2039, 4], [2040, 1], [2120, 4], [2121, 4], [2122, 1], [2202, 0], [2202, 4], [2203, 1], [2283, 4], [2284, 1], [2364, 0], [2364, 4], [2365, 4], [2366, 1], [2446, 0], [2446, 1], [2526, 4]]",2
"7.8-220,114,155,222,161,114+15","[[2527, 3], [2526, 2], [2446, 0], [2446, 3], [2445, 2], [2365, 3], [2364, 0], [2364, 2], [2284, 3], [2283, 2], [2203, 3], [2202, 0], [2202, 2], [2122, 3], [2121, 3], [2120, 2], [2040, 3], [2039, 0], [2039, 3], [2038, 0], [2038, 2], [1958, 4], [1959, 2], [1879, 0], [1879, 4], [1880, 2], [1800, 0], [1800, 2], [1720, 4], [1721, 2]]",2
"7.8-220,114,155,222,161,114+16","[[1641, 1], [1721, 3], [1720, 1], [1800, 0], [1800, 3], [1799, 1], [1879, 0], [1879, 1], [1959, 3], [1958, 1], [2038, 0], [2038, 4], [2039, 0], [2039, 4], [2040, 1], [2120, 4], [2121, 4], [2122, 1], [2202, 0], [2202, 1], [2282, 4], [2283, 1], [2363, 4], [2364, 0], [2364, 4], [2365, 4], [2366, 1], [2446, 0], [2446, 1], [2526, 4]]",2
"7.8-220,114,155,222,161,114+17","[[2527, 2], [2447, 3], [2446, 0], [2446, 3], [2445, 2], [2365, 3], [2364, 0], [2364, 2], [2284, 3], [2283, 3], [2282, 2], [2202, 0], [2202, 2], [2122, 3], [2121, 3], [2120, 3], [2119, 2], [2039, 0], [2039, 3], [2038, 0], [2038, 2], [1958, 4], [1959, 2], [1879, 0], [1879, 2], [1799, 4], [1800, 0], [1800, 2], [1720, 4], [1721, 2]]",2
"7.8-220,114,155,222,161,114+18","[[1641, 1], [1721, 1], [1801, 3], [1800, 0], [1800, 1], [1880, 3], [1879, 0], [1879, 1], [1959, 3], [1958, 1]]",2
"7.8-220,114,155,222,161,114+19","[[2038, 2], [1958, 4], [1959, 2], [1879, 0], [1879, 4], [1880, 2], [1800, 0], [1800, 2], [1720, 2], [1640, 4]]",2
"7.8-132,65,103,218,221,212+1","[[1800, 0], [1800, 0], [1800, 0], [1800, 0], [1800, 0], [1800, 0], [1800, 0], [1800, 0], [1800, 0], [1800, 0], [1800, 0], [1800, 0], [1800, 0], [1800, 0], [1800, 0], [1800, 0], [1800, 0], [1800, 0], [1800, 0], [1800, 0], [1800, 0], [1800, 0], [1800, 0], [1800, 0], [1800, 0], [1800, 0], [1800, 0], [1800, 0], [1800, 0], [1800, 0], [1800, 0], [1800, 0], [1800, 0], [1800, 0], [1800, 0], [1800, 0], [1800, 0], [1800, 0], [1800, 0]]",2
"7.8-132,65,103,218,221,212+2","[[242, 1], [322, 4], [323, 4], [324, 1], [404, 0], [404, 1], [484, 4], [485, 4], [486, 4], [487, 1], [567, 0], [567, 4], [568, 1], [648, 0], [648, 4], [649, 1], [729, 0], [729, 1], [809, 1], [889, 4], [890, 0], [890, 4], [891, 4]]",2
"7.8-132,65,103,218,221,212+4","[[1800, 0], [1800, 0]]",2
"7.8-176,223,193,193,47,17+3","[[3348, 0], [3348, 0], [3348, 0], [3348, 0], [3348, 0], [3348, 0], [3348, 0], [3348, 0], [3348, 0], [3348, 0], [3348, 0], [3348, 0], [3348, 0], [3348, 0], [3348, 0], [3348, 0], [3348, 0], [3348, 0]]",2
"7.8-176,223,193,193,47,17+5","[[3097, 2], [3017, 3], [3016, 3], [3015, 3], [3014, 2], [2934, 0], [2934, 3], [2933, 3], [2932, 2], [2852, 0], [2852, 3], [2851, 2], [2771, 2], [2691, 3], [2690, 0], [2690, 3], [2689, 2], [2609, 3], [2608, 0], [2608, 3], [2607, 2], [2527, 0], [2527, 3], [2526, 2], [2446, 0], [2446, 3], [2445, 3], [2444, 2], [2364, 0], [2364, 3], [2363, 2], [2283, 3], [2282, 2], [2202, 0], [2202, 2], [2122, 3], [2121, 3], [2120, 2], [2040, 3], [2039, 0], [2039, 3], [2038, 0], [2038, 2], [1958, 4], [1959, 2], [1879, 0], [1879, 2], [1799, 4], [1800, 0], [1800, 2], [1720, 4], [1721, 2]]",2
"7.8-176,223,193,193,47,17+6","[[1641, 1], [1721, 3], [1720, 1], [1800, 0], [1800, 1], [1880, 3], [1879, 0], [1879, 1], [1959, 1], [2039, 3], [2038, 0], [2038, 4], [2039, 0], [2039, 1], [2119, 4], [2120, 4], [2121, 1], [2201, 4], [2202, 0], [2202, 4], [2203, 1], [2283, 1], [2363, 4], [2364, 0], [2364, 4], [2365, 1], [2445, 4], [2446, 0], [2446, 1], [2526, 4], [2527, 0], [2527, 4], [2528, 1], [2608, 0], [2608, 4], [2609, 1], [2689, 4], [2690, 0], [2690, 1], [2770, 4], [2771, 1], [2851, 4], [2852, 0], [2852, 4], [2853, 4], [2854, 1], [2934, 0], [2934, 4], [2935, 1], [3015, 4], [3016, 1], [3096, 4]]",2
"7.8-156,116,3,24,100,145+1","[[3344, 0], [3344, 0], [3344, 0], [3344, 0], [3344, 0], [3344, 0], [3344, 0], [3344, 0], [3344, 0], [3344, 0], [3344, 0], [3344, 0], [3344, 0], [3344, 3], [3343, 3], [3342, 3], [3341, 0], [3341, 3], [3340, 2], [3260, 2], [3180, 3], [3179, 0], [3179, 3], [3178, 1], [3258, 0], [3258, 1], [3338, 3], [3337, 1], [3417, 0], [3417, 1], [3497, 0], [3497, 1], [3577, 3], [3576, 0], [3576, 1], [3656, 3], [3655, 0], [3655, 1], [3735, 3], [3734, 0], [3734, 3], [3733, 0], [3733, 3], [3732, 3], [3731, 1], [3811, 0], [3811, 3], [3810, 1]]",2
"7.8-156,116,3,24,100,145+2","[[3890, 4], [3891, 2], [3811, 0], [3811, 4], [3812, 2], [3732, 4], [3733, 0], [3733, 4], [3734, 0], [3734, 2], [3654, 4], [3655, 0], [3655, 4], [3656, 2], [3576, 0], [3576, 2], [3496, 4], [3497, 0], [3497, 2], [3417, 0], [3417, 2], [3337, 2], [3257, 4], [3258, 0], [3258, 2], [3178, 4], [3179, 0], [3179, 3], [3178, 3], [3177, 2]]",2
"7.8-156,116,3,24,100,145+3","[[3097, 4], [3098, 4], [3099, 1], [3179, 0], [3179, 1], [3259, 3], [3258, 0], [3258, 1], [3338, 3], [3337, 1], [3417, 0], [3417, 1], [3497, 0], [3497, 3], [3496, 1], [3576, 0], [3576, 3], [3575, 1], [3655, 0], [3655, 3], [3654, 1], [3734, 0], [3734, 3], [3733, 0], [3733, 3], [3732, 3], [3731, 1], [3811, 0], [3811, 3], [3810, 1]]",2
"7.8-156,116,3,24,100,145+4","[[3890, 2], [3810, 4], [3811, 0], [3811, 4], [3812, 2], [3732, 4], [3733, 0], [3733, 4], [3734, 0], [3734, 2], [3654, 4], [3655, 0], [3655, 4], [3656, 2], [3576, 0], [3576, 4], [3577, 2], [3497, 0], [3497, 2], [3417, 0], [3417, 2], [3337, 2], [3257, 4], [3258, 0], [3258, 2], [3178, 4], [3179, 0], [3179, 1], [3259, 4], [3260, 1], [3340, 4], [3341, 0], [3341, 4], [3342, 4], [3343, 4]]",2
"7.8-156,116,3,24,100,145+5","[[3344, 3], [3343, 3], [3342, 3], [3341, 0], [3341, 2], [3261, 3], [3260, 2], [3180, 3], [3179, 0], [3179, 3], [3178, 3], [3177, 2]]",2
"7.8-156,116,3,24,100,145+6","[[3097, 2], [3017, 3], [3016, 3], [3015, 3], [3014, 2], [2934, 0], [2934, 3], [2933, 3], [2932, 2], [2852, 0], [2852, 2], [2772, 3], [2771, 3], [2770, 2], [2690, 0], [2690, 3], [2689, 3], [2688, 2], [2608, 0], [2608, 2], [2528, 3], [2527, 0], [2527, 2], [2447, 3], [2446, 0], [2446, 3], [2445, 2], [2365, 3], [2364, 0], [2364, 2], [2284, 3], [2283, 2], [2203, 3], [2202, 0], [2202, 3], [2201, 2], [2121, 3], [2120, 2], [2040, 3], [2039, 0], [2039, 3], [2038, 0], [2038, 2], [1958, 4], [1959, 2], [1879, 0], [1879, 2], [1799, 4], [1800, 0], [1800, 2], [1720, 2], [1640, 4]]",2
"7.8-156,116,3,24,100,145+7","[[1641, 1], [1721, 3], [1720, 1], [1800, 0], [1800, 1], [1880, 3], [1879, 0], [1879, 1], [1959, 1], [2039, 3], [2038, 0], [2038, 4], [2039, 0], [2039, 4], [2040, 1], [2120, 4], [2121, 1], [2201, 4], [2202, 0], [2202, 4], [2203, 1], [2283, 4], [2284, 1], [2364, 0], [2364, 4], [2365, 4], [2366, 1], [2446, 0], [2446, 1], [2526, 4], [2527, 0], [2527, 1], [2607, 4], [2608, 0], [2608, 4], [2609, 4], [2610, 1], [2690, 0], [2690, 4], [2691, 1], [2771, 1], [2851, 4], [2852, 0], [2852, 4], [2853, 4], [2854, 1], [2934, 0], [2934, 4], [2935, 1], [3015, 4], [3016, 1], [3096, 4], [3097, 0], [3097, 4], [3098, 1], [3178, 4], [3179, 0], [3179, 1], [3259, 3], [3258, 0], [3258, 1], [3338, 1], [3418, 3], [3417, 0], [3417, 1], [3497, 0], [3497, 1], [3577, 3], [3576, 0], [3576, 3], [3575, 1], [3655, 0], [3655, 3], [3654, 1], [3734, 0], [3734, 3], [3733, 0], [3733, 3], [3732, 3], [3731, 1], [3811, 0], [3811, 1], [3891, 3]]",2
"7.8-156,116,3,24,100,145+8","[[3890, 4], [3891, 2], [3811, 0], [3811, 4], [3812, 2], [3732, 4], [3733, 0], [3733, 4], [3734, 0], [3734, 4], [3735, 2], [3655, 0], [3655, 2], [3575, 4], [3576, 0], [3576, 4], [3577, 2], [3497, 0], [3497, 2], [3417, 0], [3417, 2], [3337, 2], [3257, 4], [3258, 0], [3258, 4], [3259, 2], [3179, 0], [3179, 1], [3259, 4], [3260, 4], [3261, 1], [3341, 0], [3341, 4], [3342, 4], [3343, 4], [3344, 0], [3344, 4], [3345, 4], [3346, 4], [3347, 0], [3347, 4], [3348, 0], [3348, 4], [3349, 1], [3429, 0], [3429, 4], [3430, 4], [3431, 4], [3432, 0], [3432, 4], [3433, 4], [3434, 4]]",2
"7.8-156,116,3,24,100,145+9","[[3435, 3], [3434, 3], [3433, 3], [3432, 0], [3432, 3], [3431, 3], [3430, 3], [3429, 0], [3429, 2], [3349, 3], [3348, 0], [3348, 3], [3347, 0], [3347, 3], [3346, 3], [3345, 3]]",2
"7.8-156,116,3,24,100,145+11","[[2608, 0], [2608, 0], [2608, 0], [2608, 0]]",2
"7.8-156,116,3,24,100,145+12","[[2527, 2], [2447, 3], [2446, 0], [2446, 3], [2445, 2], [2365, 3], [2364, 0], [2364, 3], [2363, 2], [2283, 2], [2203, 3], [2202, 0], [2202, 2], [2122, 3], [2121, 3], [2120, 2], [2040, 3], [2039, 0], [2039, 3], [2038, 0], [2038, 2], [1958, 4], [1959, 2], [1879, 0], [1879, 4], [1880, 2], [1800, 0], [1800, 2], [1720, 2], [1640, 4]]",2
"7.8-60,134,209,115,214,231+1","[[3344, 0], [3344, 0], [3344, 0], [3344, 0], [3344, 0], [3344, 0], [3344, 0], [3344, 0], [3344, 0], [3344, 0], [3344, 0], [3344, 4], [3345, 4], [3346, 4], [3347, 0], [3347, 4], [3348, 0], [3348, 4], [3349, 1], [3429, 0], [3429, 4], [3430, 4], [3431, 4], [3432, 0], [3432, 4], [3433, 4], [3434, 4]]",2
"7.8-60,134,209,115,214,231+2","[[3435, 3], [3434, 3], [3433, 3], [3432, 0], [3432, 3], [3431, 3], [3430, 3], [3429, 0], [3429, 3], [3428, 2], [3348, 0], [3348, 3], [3347, 0], [3347, 3], [3346, 3], [3345, 3]]",2
"7.8-60,134,209,115,214,231+3","[[3344, 4], [3345, 4], [3346, 4], [3347, 0], [3347, 4], [3348, 0], [3348, 1], [3428, 4], [3429, 0], [3429, 4], [3430, 4], [3431, 4], [3432, 0], [3432, 4], [3433, 4], [3434, 4], [3435, 0], [3435, 4], [3436, 4], [3437, 0], [3437, 4], [3438, 1], [3518, 4]]",2
"7.8-60,134,209,115,214,231+4","[[3519, 3], [3518, 2], [3438, 3], [3437, 0], [3437, 3], [3436, 3], [3435, 0], [3435, 3], [3434, 3], [3433, 3], [3432, 0], [3432, 3], [3431, 3], [3430, 3], [3429, 0], [3429, 3], [3428, 2], [3348, 0], [3348, 3], [3347, 0], [3347, 3], [3346, 3], [3345, 3], [3344, 0], [3344, 3], [3343, 3], [3342, 3], [3341, 0], [3341, 3], [3340, 2], [3260, 2], [3180, 3], [3179, 0], [3179, 3], [3178, 3], [3177, 2], [3097, 0], [3097, 3], [3096, 2], [3016, 3], [3015, 2], [2935, 3], [2934, 0], [2934, 3], [2933, 2], [2853, 3], [2852, 0], [2852, 3], [2851, 2], [2771, 2], [2691, 3], [2690, 0], [2690, 3], [2689, 3], [2688, 2], [2608, 0], [2608, 2], [2528, 3], [2527, 0], [2527, 3], [2526, 2], [2446, 0], [2446, 3], [2445, 2], [2365, 3], [2364, 0], [2364, 3], [2363, 2], [2283, 2], [2203, 3], [2202, 0], [2202, 2], [2122, 3], [2121, 3], [2120, 2], [2040, 3], [2039, 0], [2039, 3]]",2
"7.8-60,134,209,115,214,231+5","[[2038, 2], [1958, 2], [1878, 4], [1879, 0], [1879, 2], [1799, 4], [1800, 0], [1800, 2], [1720, 2], [1640, 4]]",2
"7.8-60,134,209,115,214,231+6","[[1641, 1], [1721, 3], [1720, 1], [1800, 0], [1800, 3], [1799, 1], [1879, 0], [1879, 1], [1959, 1], [2039, 3], [2038, 0], [2038, 4], [2039, 0], [2039, 1], [2119, 4], [2120, 4], [2121, 1], [2201, 4], [2202, 0], [2202, 4], [2203, 1], [2283, 1], [2363, 4], [2364, 0], [2364, 4], [2365, 4], [2366, 1], [2446, 0], [2446, 1], [2526, 4], [2527, 0], [2527, 4], [2528, 1], [2608, 0], [2608, 4], [2609, 1], [2689, 4], [2690, 0], [2690, 4], [2691, 1], [2771, 4], [2772, 1], [2852, 0], [2852, 4], [2853, 1], [2933, 4], [2934, 0], [2934, 1], [3014, 4], [3015, 4], [3016, 4], [3017, 1]]",2
"7.8-60,134,209,115,214,231+7","[[3097, 3], [3096, 2], [3016, 3], [3015, 2], [2935, 3], [2934, 0], [2934, 3], [2933, 2], [2853, 3], [2852, 0], [2852, 2], [2772, 3], [2771, 3], [2770, 2], [2690, 0], [2690, 3], [2689, 2], [2609, 3], [2608, 0], [2608, 3], [2607, 2], [2527, 0], [2527, 3], [2526, 2], [2446, 0], [2446, 3], [2445, 3], [2444, 2], [2364, 0], [2364, 2], [2284, 3], [2283, 3], [2282, 2], [2202, 0], [2202, 3], [2201, 2], [2121, 3], [2120, 2], [2040, 3], [2039, 0], [2039, 3]]",2
"7.8-60,134,209,115,214,231+8","[[2038, 4], [2039, 0], [2039, 1], [2119, 4], [2120, 4], [2121, 4], [2122, 1], [2202, 0], [2202, 4], [2203, 1], [2283, 4], [2284, 1], [2364, 0], [2364, 4], [2365, 1], [2445, 4], [2446, 0], [2446, 4], [2447, 1], [2527, 0], [2527, 1], [2607, 1], [2687, 3], [2686, 0], [2686, 1], [2766, 1], [2846, 0], [2846, 1], [2926, 0], [2926, 4], [2927, 1]]",2
"7.8-8,74,207,163,234,79+1","[[3344, 3], [3343, 3], [3342, 3], [3341, 0], [3341, 2], [3261, 3], [3260, 2], [3180, 3], [3179, 0], [3179, 3], [3178, 1], [3258, 0], [3258, 1], [3338, 3], [3337, 1], [3417, 0], [3417, 1], [3497, 0], [3497, 1], [3577, 3], [3576, 0], [3576, 3], [3575, 1], [3655, 0], [3655, 3], [3654, 1], [3734, 0], [3734, 3], [3733, 0], [3733, 3], [3732, 1], [3812, 3], [3811, 0], [3811, 1], [3891, 3]]",1
"7.8-8,74,207,163,234,79+2","[[3890, 4], [3891, 2], [3811, 0], [3811, 4], [3812, 4], [3813, 2], [3733, 0], [3733, 4], [3734, 0], [3734, 2], [3654, 4], [3655, 0], [3655, 2], [3575, 4], [3576, 0], [3576, 2], [3496, 4], [3497, 0], [3497, 2], [3417, 0], [3417, 2], [3337, 2], [3257, 4], [3258, 0], [3258, 4], [3259, 2], [3179, 0], [3179, 4], [3180, 1], [3260, 1], [3340, 4], [3341, 0], [3341, 4], [3342, 4], [3343, 4]]",1
"7.8-8,74,207,163,234,79+3","[[3344, 3], [3343, 3], [3342, 3], [3341, 0], [3341, 2], [3261, 3], [3260, 2], [3180, 3], [3179, 0], [3179, 3], [3178, 2], [3098, 3]]",1
"7.8-8,74,207,163,234,79+4","[[3097, 4], [3098, 4], [3099, 1], [3179, 0], [3179, 3], [3178, 1], [3258, 0], [3258, 1], [3338, 1], [3418, 3], [3417, 0], [3417, 1], [3497, 0], [3497, 3], [3496, 1], [3576, 0], [3576, 1], [3656, 3], [3655, 0], [3655, 3], [3654, 1], [3734, 0], [3734, 3], [3733, 0], [3733, 3], [3732, 3], [3731, 1], [3811, 0], [3811, 1], [3891, 3]]",1
"7.8-8,74,207,163,234,79+5","[[3890, 2], [3810, 4], [3811, 0], [3811, 4], [3812, 2], [3732, 4], [3733, 0], [3733, 4], [3734, 0], [3734, 4], [3735, 2], [3655, 0], [3655, 4], [3656, 2], [3576, 0], [3576, 2], [3496, 4], [3497, 0], [3497, 2], [3417, 0], [3417, 2], [3337, 2], [3257, 4], [3258, 0], [3258, 4], [3259, 2], [3179, 0], [3179, 3], [3178, 2], [3098, 3]]",1
"7.8-8,74,207,163,234,79+6","[[3097, 4], [3098, 1], [3178, 4], [3179, 0], [3179, 4], [3180, 1], [3260, 1], [3340, 4], [3341, 0], [3341, 4], [3342, 4], [3343, 4]]",1
"7.8-8,74,207,163,234,79+7","[[3344, 3], [3343, 3], [3342, 3], [3341, 0], [3341, 3], [3340, 2], [3260, 2], [3180, 3], [3179, 0], [3179, 3], [3178, 1], [3258, 0], [3258, 1], [3338, 1], [3418, 3], [3417, 0], [3417, 1], [3497, 0], [3497, 1], [3577, 3], [3576, 0], [3576, 1], [3656, 3], [3655, 0], [3655, 1], [3735, 3], [3734, 0], [3734, 3], [3733, 0], [3733, 3], [3732, 1], [3812, 3], [3811, 0], [3811, 3], [3810, 1]]",1
"7.8-8,74,207,163,234,79+8","[[3890, 4], [3891, 2], [3811, 0], [3811, 4], [3812, 2], [3732, 4], [3733, 0], [3733, 4], [3734, 0], [3734, 2], [3654, 4], [3655, 0], [3655, 4], [3656, 2], [3576, 0], [3576, 2], [3496, 4], [3497, 0], [3497, 2], [3417, 0], [3417, 2], [3337, 2], [3257, 4], [3258, 0], [3258, 4], [3259, 2], [3179, 0], [3179, 4], [3180, 1], [3260, 4], [3261, 1], [3341, 0], [3341, 4], [3342, 4], [3343, 4], [3344, 0], [3344, 4], [3345, 4], [3346, 4], [3347, 0], [3347, 4], [3348, 0], [3348, 4], [3349, 1], [3429, 0], [3429, 4], [3430, 4], [3431, 4], [3432, 0], [3432, 4], [3433, 4], [3434, 4]]",1
"7.8-8,74,207,163,234,79+9","[[3435, 3], [3434, 3], [3433, 3], [3432, 0], [3432, 3], [3431, 3], [3430, 3], [3429, 0], [3429, 3], [3428, 2], [3348, 0], [3348, 3], [3347, 0], [3347, 3], [3346, 3], [3345, 3]]",1
"7.8-8,74,207,163,234,79+10","[[3344, 3], [3343, 3], [3342, 3], [3341, 0], [3341, 3], [3340, 2], [3260, 2], [3180, 3], [3179, 0], [3179, 3], [3178, 2], [3098, 3]]",1
"7.8-8,74,207,163,234,79+11","[[3097, 4], [3098, 1], [3178, 4], [3179, 0], [3179, 1], [3259, 4], [3260, 4], [3261, 1], [3341, 0], [3341, 4], [3342, 4], [3343, 4]]",1
"7.8-8,74,207,163,234,79+12","[[3344, 3], [3343, 3], [3342, 3], [3341, 0], [3341, 3], [3340, 2], [3260, 3], [3259, 2], [3179, 0], [3179, 3], [3178, 2], [3098, 3]]",1
"7.8-8,74,207,163,234,79+13","[[3097, 4], [3098, 1], [3178, 4], [3179, 0], [3179, 3], [3178, 1], [3258, 0], [3258, 1], [3338, 3], [3337, 1], [3417, 0], [3417, 1], [3497, 0], [3497, 3], [3496, 1], [3576, 0], [3576, 1], [3656, 3], [3655, 0], [3655, 1], [3735, 3], [3734, 0], [3734, 3], [3733, 0], [3733, 3], [3732, 1], [3812, 3], [3811, 0], [3811, 1], [3891, 3]]",1
"7.8-8,74,207,163,234,79+14","[[3890, 2], [3810, 4], [3811, 0], [3811, 4], [3812, 2], [3732, 4], [3733, 0], [3733, 4], [3734, 0], [3734, 4], [3735, 2], [3655, 0], [3655, 4], [3656, 2], [3576, 0], [3576, 4], [3577, 2], [3497, 0], [3497, 2], [3417, 0], [3417, 2], [3337, 2], [3257, 4], [3258, 0], [3258, 4], [3259, 2], [3179, 0], [3179, 3], [3178, 2], [3098, 3]]",1
"7.9-108,135,25,15,123,144+1","[[3007, 0], [3007, 0], [3007, 0], [3007, 0], [3007, 0], [3007, 0], [3007, 0], [3007, 0], [3007, 0], [3007, 0], [3007, 0], [3007, 0], [3007, 0], [3007, 0], [3007, 0], [3007, 0], [3007, 0], [3007, 0], [3007, 2], [2927, 3], [2926, 0], [2926, 2], [2846, 0], [2846, 2], [2766, 2], [2686, 0], [2686, 2], [2606, 4], [2607, 2]]",2
"7.9-108,135,25,15,123,144+2","[[2527, 1], [2607, 1], [2687, 3], [2686, 0], [2686, 1], [2766, 1], [2846, 0], [2846, 1], [2926, 0], [2926, 4], [2927, 1]]",2
"7.9-108,135,25,15,123,144+3","[[3007, 2], [2927, 3], [2926, 0], [2926, 2], [2846, 0], [2846, 2], [2766, 2], [2686, 0], [2686, 2], [2606, 4], [2607, 2]]",2
"7.9-108,135,25,15,123,144+4","[[2527, 1], [2607, 1], [2687, 3], [2686, 0], [2686, 1], [2766, 1], [2846, 0], [2846, 1], [2926, 0], [2926, 1], [3006, 4]]",2
"7.9-108,135,25,15,123,144+5","[[3007, 0], [3007, 0], [3007, 0], [3007, 0], [3007, 0], [3007, 0], [3007, 0], [3007, 0], [3007, 0], [3007, 0], [3007, 0], [3007, 0], [3007, 0], [3007, 0], [3007, 0], [3007, 0], [3007, 0], [3007, 0], [3007, 0], [3007, 0], [3007, 0], [3007, 1], [3087, 4], [3088, 0], [3088, 4], [3089, 0], [3089, 4], [3090, 1], [3170, 0], [3170, 4], [3171, 0], [3171, 4], [3172, 2], [3092, 4], [3093, 0], [3093, 2], [3013, 2], [2933, 4], [2934, 0], [2934, 4], [2935, 1], [3015, 4], [3016, 4], [3017, 1]]",2
"7.9-108,135,25,15,123,144+6","[[3097, 2], [3017, 3], [3016, 3], [3015, 3], [3014, 2], [2934, 0], [2934, 1], [3014, 3], [3013, 1], [3093, 0], [3093, 3], [3092, 3], [3091, 1], [3171, 0], [3171, 3], [3170, 0], [3170, 3], [3169, 2], [3089, 0], [3089, 3], [3088, 0], [3088, 3], [3087, 2]]",2
"7.9-108,135,25,15,123,144+7","[[3007, 4], [3008, 1], [3088, 0], [3088, 4], [3089, 0], [3089, 1], [3169, 4], [3170, 0], [3170, 4], [3171, 0], [3171, 4], [3172, 4], [3173, 2], [3093, 0], [3093, 2], [3013, 2], [2933, 4], [2934, 0], [2934, 1], [3014, 4], [3015, 4], [3016, 1], [3096, 4]]",2
"7.9-108,135,25,15,123,144+8","[[3097, 2], [3017, 3], [3016, 3], [3015, 2], [2935, 3], [2934, 0], [2934, 1], [3014, 1], [3094, 3], [3093, 0], [3093, 3], [3092, 3], [3091, 1], [3171, 0], [3171, 3], [3170, 0], [3170, 2], [3090, 3], [3089, 0], [3089, 3], [3088, 0], [3088, 3], [3087, 2]]",2
"7.9-108,135,25,15,123,144+9","[[3007, 4], [3008, 1], [3088, 0], [3088, 4], [3089, 0], [3089, 4], [3090, 1], [3170, 0], [3170, 4], [3171, 0], [3171, 4], [3172, 4], [3173, 2], [3093, 0], [3093, 2], [3013, 4], [3014, 2], [2934, 0], [2934, 4], [2935, 1], [3015, 4], [3016, 4], [3017, 1]]",2
"7.9-108,135,25,15,123,144+10","[[3097, 2], [3017, 3], [3016, 3], [3015, 2], [2935, 3], [2934, 0], [2934, 1], [3014, 3], [3013, 1], [3093, 0], [3093, 3], [3092, 3], [3091, 1], [3171, 0], [3171, 3], [3170, 0], [3170, 3], [3169, 2], [3089, 0], [3089, 3], [3088, 0], [3088, 2], [3008, 3]]",2
"7.9-108,135,25,15,123,144+11","[[3007, 0], [3007, 0], [3007, 0], [3007, 0], [3007, 2], [2927, 3], [2926, 0], [2926, 2], [2846, 0], [2846, 2], [2766, 2], [2686, 0], [2686, 2], [2606, 2], [2526, 4], [2527, 0], [2527, 3], [2526, 2], [2446, 0], [2446, 3], [2445, 2], [2365, 3], [2364, 0], [2364, 3], [2363, 2], [2283, 2], [2203, 3], [2202, 0], [2202, 2], [2122, 3], [2121, 3], [2120, 3], [2119, 2], [2039, 0], [2039, 3]]",2
"7.9-108,135,25,15,123,144+12","[[2038, 2], [1958, 3], [1957, 2], [1877, 0], [1877, 3], [1876, 3], [1875, 2], [1795, 3], [1794, 0], [1794, 3], [1793, 2], [1713, 3], [1712, 2], [1632, 3], [1631, 0], [1631, 3], [1630, 3], [1629, 2], [1549, 3], [1548, 0], [1548, 3], [1547, 3], [1546, 2], [1466, 0], [1466, 3], [1465, 2], [1385, 3], [1384, 2], [1304, 3], [1303, 0], [1303, 3], [1302, 3], [1301, 3], [1300, 2], [1220, 3], [1219, 0], [1219, 3], [1218, 3], [1217, 2], [1137, 0], [1137, 3], [1136, 2], [1056, 3], [1055, 0], [1055, 3], [1054, 2], [974, 3], [973, 2], [893, 3]]",2
"7.9-8,250,121,45,167,67+2","[[3429, 0], [3429, 0], [3429, 0], [3429, 0], [3429, 0], [3429, 0], [3429, 0], [3429, 0], [3429, 0], [3429, 0], [3429, 0], [3429, 0], [3429, 0], [3429, 0], [3429, 0], [3429, 0], [3429, 0], [3429, 0]]",1
"7.9-8,250,121,45,167,67+3","[[1036, 1], [1116, 3], [1115, 0], [1115, 4], [1116, 0], [1116, 3], [1115, 1], [1195, 0], [1195, 1], [1275, 0], [1275, 1], [1355, 3], [1354, 0], [1354, 1], [1434, 3], [1433, 0], [1433, 1], [1513, 0], [1513, 1], [1593, 0], [1593, 1], [1673, 4], [1674, 0], [1674, 1], [1754, 0], [1754, 1], [1834, 0], [1834, 4], [1835, 1], [1915, 0], [1915, 4], [1916, 1], [1996, 0], [1996, 1], [2076, 0], [2076, 1], [2156, 1], [2236, 0], [2236, 1], [2316, 1], [2396, 3], [2395, 0], [2395, 0], [2395, 3], [2394, 1], [2474, 0], [2474, 1], [2554, 0], [2554, 1], [2634, 0], [2634, 1], [2714, 1], [2794, 0], [2794, 1], [2874, 0], [2874, 3], [2873, 1], [2953, 0], [2953, 1], [3033, 0], [3033, 1], [3113, 1], [3193, 4], [3194, 0], [3194, 1], [3274, 4], [3275, 0], [3275, 1], [3355, 0], [3355, 1]]",1
"7.9-8,250,121,45,167,67+4","[[3435, 3], [3434, 3], [3433, 3], [3432, 0], [3432, 3], [3431, 3], [3430, 3], [3429, 0], [3429, 3], [3428, 2], [3348, 0], [3348, 3], [3347, 0], [3347, 3], [3346, 3], [3345, 3], [3344, 0], [3344, 3], [3343, 3], [3342, 3], [3341, 0], [3341, 2], [3261, 3], [3260, 2], [3180, 3], [3179, 0], [3179, 3], [3178, 2], [3098, 3]]",1
"7.9-8,250,121,45,167,67+5","[[3097, 4], [3098, 4], [3099, 1], [3179, 0], [3179, 1], [3259, 4], [3260, 1], [3340, 4], [3341, 0], [3341, 4], [3342, 4], [3343, 4], [3344, 0], [3344, 4], [3345, 4], [3346, 4], [3347, 0], [3347, 4], [3348, 0], [3348, 4], [3349, 1], [3429, 0], [3429, 4], [3430, 4], [3431, 4], [3432, 0], [3432, 4], [3433, 4], [3434, 4]]",1
"7.9-8,250,121,45,167,67+6","[[3435, 0], [3435, 0], [3435, 3], [3434, 3], [3433, 3], [3432, 0], [3432, 3], [3431, 3], [3430, 3], [3429, 0], [3429, 1], [3509, 1], [3589, 0], [3589, 1], [3669, 1], [3749, 0], [3749, 3], [3748, 1], [3828, 0], [3828, 3], [3827, 0], [3827, 1], [3907, 1], [3987, 0], [3987, 3], [3986, 1], [4066, 0], [4066, 3], [4065, 2], [3985, 0], [3985, 3], [3984, 0], [3984, 1], [4064, 0], [4064, 3], [4063, 0], [4063, 1], [4143, 0], [4143, 3], [4142, 1]]",1
"7.9-8,250,121,45,167,67+7","[[4222, 4], [4223, 2], [4143, 0], [4143, 2], [4063, 0], [4063, 4], [4064, 0], [4064, 2], [3984, 0], [3984, 4], [3985, 0], [3985, 1], [4065, 4], [4066, 0], [4066, 4], [4067, 2], [3987, 0], [3987, 2], [3907, 2], [3827, 0], [3827, 4], [3828, 0], [3828, 2], [3748, 4], [3749, 0], [3749, 2], [3669, 2], [3589, 0], [3589, 2], [3509, 2], [3429, 0], [3429, 2], [3349, 3], [3348, 0], [3348, 0], [3348, 3], [3347, 2], [3267, 0], [3267, 2], [3187, 2], [3107, 0], [3107, 2], [3027, 0], [3027, 2], [2947, 4], [2948, 0], [2948, 2], [2868, 0], [2868, 2], [2788, 2], [2708, 4], [2709, 0], [2709, 2], [2629, 0], [2629, 4], [2630, 4], [2631, 0], [2631, 4], [2632, 0], [2632, 4], [2633, 0], [2633, 2], [2553, 4], [2554, 0], [2554, 2], [2474, 0], [2474, 4], [2475, 2], [2395, 0], [2395, 0], [2395, 2], [2315, 2], [2235, 4], [2236, 0], [2236, 2], [2156, 2], [2076, 0], [2076, 2], [1996, 0], [1996, 2], [1916, 3], [1915, 0], [1915, 3], [1914, 2], [1834, 0], [1834, 2], [1754, 0], [1754, 2], [1674, 0], [1674, 3], [1673, 2], [1593, 0], [1593, 2], [1513, 0], [1513, 2], [1433, 0], [1433, 4], [1434, 2], [1354, 0], [1354, 2], [1274, 4], [1275, 0], [1275, 2], [1195, 0], [1195, 2], [1115, 4], [1116, 0], [1116, 3], [1115, 0], [1115, 4], [1116, 2]]",1
"7.9-8,250,121,45,167,67+8","[[1036, 1], [1116, 3], [1115, 0], [1115, 4], [1116, 0], [1116, 3], [1115, 1], [1195, 0], [1195, 1], [1275, 0], [1275, 3], [1274, 1], [1354, 0], [1354, 3], [1353, 1], [1433, 0], [1433, 1], [1513, 0], [1513, 1], [1593, 0], [1593, 1], [1673, 4], [1674, 0], [1674, 1], [1754, 0], [1754, 1], [1834, 0], [1834, 1], [1914, 4], [1915, 0], [1915, 1], [1995, 4], [1996, 0], [1996, 1], [2076, 0], [2076, 1], [2156, 1], [2236, 0], [2236, 1], [2316, 3], [2315, 1], [2395, 0], [2395, 0], [2395, 3], [2394, 1], [2474, 0], [2474, 1], [2554, 0], [2554, 1], [2634, 0], [2634, 1], [2714, 1], [2794, 0], [2794, 1], [2874, 0], [2874, 1], [2954, 3], [2953, 0], [2953, 1], [3033, 0], [3033, 1], [3113, 4], [3114, 1], [3194, 0], [3194, 4], [3195, 1], [3275, 0], [3275, 1], [3355, 0], [3355, 1]]",1
"7.9-8,250,121,45,167,67+9","[[3435, 2], [3355, 0], [3355, 2], [3275, 0], [3275, 3], [3274, 2], [3194, 0], [3194, 2], [3114, 3], [3113, 2], [3033, 0], [3033, 2], [2953, 0], [2953, 2], [2873, 4], [2874, 0], [2874, 2], [2794, 0], [2794, 2], [2714, 2], [2634, 0], [2634, 2], [2554, 0], [2554, 2], [2474, 0], [2474, 2], [2394, 4], [2395, 0], [2395, 0], [2395, 2], [2315, 2], [2235, 4], [2236, 0], [2236, 2], [2156, 2], [2076, 0], [2076, 2], [1996, 0], [1996, 2], [1916, 3], [1915, 0], [1915, 3], [1914, 2], [1834, 0], [1834, 2], [1754, 0], [1754, 2], [1674, 0], [1674, 3], [1673, 2], [1593, 0], [1593, 2], [1513, 0], [1513, 2], [1433, 0], [1433, 2], [1353, 4], [1354, 0], [1354, 2], [1274, 4], [1275, 0], [1275, 2], [1195, 0], [1195, 2], [1115, 4], [1116, 0], [1116, 3], [1115, 0], [1115, 4], [1116, 2]]",1
"7.9-8,250,121,45,167,67+10","[[1036, 3], [1035, 1], [1115, 0], [1115, 4], [1116, 0], [1116, 1], [1196, 3], [1195, 0], [1195, 1], [1275, 0], [1275, 1], [1355, 3], [1354, 0], [1354, 1], [1434, 3], [1433, 0], [1433, 1], [1513, 0], [1513, 1], [1593, 0], [1593, 4], [1594, 1], [1674, 0], [1674, 1], [1754, 0], [1754, 1], [1834, 0], [1834, 4], [1835, 1], [1915, 0], [1915, 1], [1995, 4], [1996, 0], [1996, 1], [2076, 0], [2076, 1], [2156, 1], [2236, 0], [2236, 1], [2316, 3], [2315, 1], [2395, 0], [2395, 0], [2395, 3], [2394, 1], [2474, 0], [2474, 1], [2554, 0], [2554, 1], [2634, 0], [2634, 1], [2714, 1], [2794, 0], [2794, 1], [2874, 0], [2874, 1], [2954, 3], [2953, 0], [2953, 1], [3033, 0], [3033, 1], [3113, 4], [3114, 1], [3194, 0], [3194, 4], [3195, 1], [3275, 0], [3275, 1], [3355, 0], [3355, 1]]",1
"7.9-8,250,121,45,167,67+11","[[3435, 0], [3435, 0], [3435, 0], [3435, 2], [3355, 0], [3355, 2], [3275, 0], [3275, 2], [3195, 3], [3194, 0], [3194, 2], [3114, 2], [3034, 3], [3033, 0], [3033, 2], [2953, 0], [2953, 2], [2873, 4], [2874, 0], [2874, 2], [2794, 0], [2794, 2], [2714, 2], [2634, 0], [2634, 2], [2554, 0], [2554, 2], [2474, 0], [2474, 4], [2475, 2], [2395, 0], [2395, 0], [2395, 2], [2315, 2], [2235, 4], [2236, 0], [2236, 2], [2156, 2], [2076, 0], [2076, 2], [1996, 0], [1996, 3], [1995, 2], [1915, 0], [1915, 3], [1914, 2], [1834, 0], [1834, 2], [1754, 0], [1754, 2], [1674, 0], [1674, 3], [1673, 2], [1593, 0], [1593, 2], [1513, 0], [1513, 2], [1433, 0], [1433, 4], [1434, 2], [1354, 0], [1354, 4], [1355, 2], [1275, 0], [1275, 2], [1195, 0], [1195, 2], [1115, 4], [1116, 0], [1116, 3], [1115, 0], [1115, 4], [1116, 2]]",1
"7.9-8,250,121,45,167,67+12","[[1036, 1], [1116, 3], [1115, 0], [1115, 4], [1116, 0], [1116, 1], [1196, 3], [1195, 0], [1195, 1], [1275, 0], [1275, 1], [1355, 3], [1354, 0], [1354, 3], [1353, 1], [1433, 0], [1433, 1], [1513, 0], [1513, 1], [1593, 0], [1593, 4], [1594, 1], [1674, 0], [1674, 1], [1754, 0], [1754, 1], [1834, 0], [1834, 1], [1914, 4], [1915, 0], [1915, 1], [1995, 4], [1996, 0], [1996, 1], [2076, 0], [2076, 1], [2156, 1], [2236, 0], [2236, 1], [2316, 1], [2396, 3], [2395, 0], [2395, 0], [2395, 3], [2394, 1], [2474, 0], [2474, 1], [2554, 0], [2554, 1], [2634, 0], [2634, 1], [2714, 1], [2794, 0], [2794, 1], [2874, 0], [2874, 3], [2873, 1], [2953, 0], [2953, 1], [3033, 0], [3033, 1], [3113, 4], [3114, 1], [3194, 0], [3194, 1], [3274, 4], [3275, 0], [3275, 1], [3355, 0], [3355, 1]]",1
"7.9-8,250,121,45,167,67+13","[[3435, 0], [3435, 3], [3434, 3], [3433, 3], [3432, 0], [3432, 3], [3431, 3], [3430, 3], [3429, 0], [3429, 3], [3428, 2], [3348, 0], [3348, 3], [3347, 0], [3347, 3], [3346, 3], [3345, 3], [3344, 0], [3344, 3], [3343, 3], [3342, 3], [3341, 0], [3341, 2], [3261, 3], [3260, 3], [3259, 2], [3179, 0], [3179, 3], [3178, 1], [3258, 0], [3258, 1], [3338, 1], [3418, 3], [3417, 0], [3417, 1], [3497, 0], [3497, 1], [3577, 3], [3576, 0], [3576, 1], [3656, 3], [3655, 0], [3655, 1], [3735, 3], [3734, 0], [3734, 3], [3733, 0], [3733, 3], [3732, 1], [3812, 3], [3811, 0], [3811, 3], [3810, 1]]",1
"7.9-8,250,121,45,167,67+14","[[3890, 2], [3810, 4], [3811, 0], [3811, 4], [3812, 2], [3732, 4], [3733, 0], [3733, 4], [3734, 0], [3734, 4], [3735, 2], [3655, 0], [3655, 2], [3575, 4], [3576, 0], [3576, 2], [3496, 4], [3497, 0], [3497, 2], [3417, 0], [3417, 2], [3337, 2], [3257, 4], [3258, 0], [3258, 2], [3178, 4], [3179, 0], [3179, 4], [3180, 1], [3260, 1], [3340, 4], [3341, 0], [3341, 4], [3342, 4], [3343, 4], [3344, 0], [3344, 4], [3345, 4], [3346, 4], [3347, 0], [3347, 4], [3348, 0], [3348, 4], [3349, 1], [3429, 0], [3429, 4], [3430, 4], [3431, 4], [3432, 0], [3432, 4], [3433, 4], [3434, 4]]",1
"7.9-8,250,121,45,167,67+15","[[3435, 3], [3434, 3], [3433, 3], [3432, 0], [3432, 3], [3431, 3], [3430, 3], [3429, 0], [3429, 2], [3349, 3], [3348, 0], [3348, 3], [3347, 0], [3347, 3], [3346, 3], [3345, 3], [3344, 0], [3344, 3], [3343, 3], [3342, 3], [3341, 0], [3341, 3], [3340, 2], [3260, 3], [3259, 2], [3179, 0], [3179, 3], [3178, 2], [3098, 3], [3097, 0], [3097, 2], [3017, 3], [3016, 3], [3015, 2], [2935, 3], [2934, 0], [2934, 3], [2933, 2], [2853, 3], [2852, 0], [2852, 3], [2851, 2], [2771, 2], [2691, 3], [2690, 0], [2690, 3], [2689, 3], [2688, 2], [2608, 0], [2608, 3], [2607, 2], [2527, 0], [2527, 3], [2526, 2], [2446, 0], [2446, 3], [2445, 3], [2444, 2], [2364, 0], [2364, 2], [2284, 3], [2283, 2], [2203, 3], [2202, 0], [2202, 3], [2201, 2], [2121, 3], [2120, 2], [2040, 3], [2039, 0], [2039, 3], [2038, 0], [2038, 2], [1958, 4], [1959, 2], [1879, 0], [1879, 4], [1880, 2], [1800, 0], [1800, 2], [1720, 2], [1640, 4]]",1
"7.9-8,250,121,45,167,67+19","[[3429, 0], [3429, 0], [3429, 0], [3429, 0], [3429, 0], [3429, 0], [3429, 0], [3429, 0], [3429, 0], [3429, 0], [3429, 0], [3429, 0], [3429, 0], [3429, 0]]",1
"7.9-208,151,254,40,222,169+1","[[2202, 0], [2202, 0]]",2
"7.9-208,151,254,40,222,169+4","[[2128, 0], [2128, 0], [2128, 0], [2128, 0], [2128, 0], [2128, 0], [2128, 0], [2128, 0], [2128, 0], [2128, 0], [2128, 0], [2128, 0], [2128, 0]]",2
"7.9-64,140,31,142,167,149+1","[[3660, 0], [3660, 0], [3660, 0], [3660, 0], [3660, 0], [3660, 0], [3660, 0], [3660, 0]]",2
"7.9-64,140,31,142,167,149+4","[[3344, 4], [3345, 4], [3346, 4], [3347, 0], [3347, 4], [3348, 0], [3348, 4], [3349, 1], [3429, 0], [3429, 1], [3509, 1], [3589, 0], [3589, 1], [3669, 1], [3749, 0], [3749, 3], [3748, 1], [3828, 0], [3828, 3], [3827, 0], [3827, 1], [3907, 1], [3987, 0], [3987, 1], [4067, 3], [4066, 0], [4066, 3], [4065, 2], [3985, 0], [3985, 3], [3984, 0], [3984, 1], [4064, 0], [4064, 3], [4063, 0], [4063, 1], [4143, 0], [4143, 1], [4223, 3]]",2
"7.9-64,140,31,142,167,149+5","[[4222, 0], [4222, 0], [4222, 0], [4222, 0], [4222, 0], [4222, 0], [4222, 0], [4222, 0], [4222, 0], [4222, 0], [4222, 2], [4142, 4], [4143, 0], [4143, 2], [4063, 0], [4063, 4], [4064, 0], [4064, 2], [3984, 0], [3984, 4], [3985, 0], [3985, 4], [3986, 1], [4066, 0], [4066, 4], [4067, 2], [3987, 0], [3987, 2], [3907, 2], [3827, 0], [3827, 4], [3828, 0], [3828, 2], [3748, 4], [3749, 0], [3749, 2], [3669, 2], [3589, 0], [3589, 2], [3509, 2], [3429, 0], [3429, 3], [3428, 2], [3348, 0], [3348, 3], [3347, 0], [3347, 3], [3346, 3], [3345, 3]]",2
"7.9-64,140,31,142,167,149+6","[[3344, 4], [3345, 4], [3346, 4], [3347, 0], [3347, 4], [3348, 0], [3348, 4], [3349, 1], [3429, 0], [3429, 1], [3509, 1], [3589, 0], [3589, 1], [3669, 1], [3749, 0], [3749, 1], [3829, 3], [3828, 0], [3828, 3], [3827, 0], [3827, 1], [3907, 1], [3987, 0], [3987, 1], [4067, 3], [4066, 0], [4066, 2], [3986, 3], [3985, 0], [3985, 3], [3984, 0], [3984, 1], [4064, 0], [4064, 3], [4063, 0], [4063, 1], [4143, 0], [4143, 3], [4142, 1]]",2
"7.9-64,140,31,142,167,149+7","[[4222, 0], [4222, 0], [4222, 0], [4222, 0], [4222, 0], [4222, 0], [4222, 0], [4222, 0], [4222, 0], [4222, 0], [4222, 0], [4222, 0], [4222, 0], [4222, 0], [4222, 0], [4222, 0], [4222, 0], [4222, 4], [4223, 2], [4143, 0], [4143, 2], [4063, 0], [4063, 4], [4064, 0], [4064, 2], [3984, 0], [3984, 4], [3985, 0], [3985, 1], [4065, 4], [4066, 0], [4066, 2], [3986, 4], [3987, 0], [3987, 2], [3907, 2], [3827, 0], [3827, 4], [3828, 0], [3828, 2], [3748, 4], [3749, 0], [3749, 2], [3669, 2], [3589, 0], [3589, 2], [3509, 2], [3429, 0], [3429, 3], [3428, 2], [3348, 0], [3348, 3], [3347, 0], [3347, 3], [3346, 3], [3345, 3]]",2
"7.9-64,140,31,142,167,149+8","[[3344, 4], [3345, 4], [3346, 4], [3347, 0], [3347, 4], [3348, 0], [3348, 1], [3428, 4], [3429, 0], [3429, 1], [3509, 1], [3589, 0], [3589, 1], [3669, 1], [3749, 0], [3749, 3], [3748, 1], [3828, 0], [3828, 3], [3827, 0], [3827, 1], [3907, 1], [3987, 0], [3987, 1], [4067, 3], [4066, 0], [4066, 3], [4065, 2], [3985, 0], [3985, 3], [3984, 0], [3984, 1], [4064, 0], [4064, 3], [4063, 0], [4063, 1], [4143, 0], [4143, 1], [4223, 3]]",2
"7.9-64,140,31,142,167,149+9","[[4222, 0], [4222, 4], [4223, 2], [4143, 0], [4143, 2], [4063, 0], [4063, 4], [4064, 0], [4064, 2], [3984, 0], [3984, 4], [3985, 0], [3985, 1], [4065, 4], [4066, 0], [4066, 4], [4067, 2], [3987, 0], [3987, 2], [3907, 2], [3827, 0], [3827, 4], [3828, 0], [3828, 4], [3829, 2], [3749, 0], [3749, 2], [3669, 2], [3589, 0], [3589, 2], [3509, 2], [3429, 0], [3429, 4], [3430, 4], [3431, 4], [3432, 0], [3432, 4], [3433, 4], [3434, 4]]",2
"7.9-64,140,31,142,167,149+10","[[3435, 3], [3434, 3], [3433, 3], [3432, 0], [3432, 3], [3431, 3], [3430, 3], [3429, 0], [3429, 3], [3428, 2], [3348, 0], [3348, 3], [3347, 0], [3347, 3], [3346, 3], [3345, 3]]",2
"7.9-64,140,31,142,167,149+13","[[4222, 2], [4142, 4], [4143, 0], [4143, 2], [4063, 0], [4063, 4], [4064, 0], [4064, 2], [3984, 0], [3984, 4], [3985, 0], [3985, 4], [3986, 1], [4066, 0], [4066, 4], [4067, 2], [3987, 0], [3987, 2], [3907, 2], [3827, 0], [3827, 4], [3828, 0], [3828, 4], [3829, 2], [3749, 0], [3749, 2], [3669, 2], [3589, 0], [3589, 2], [3509, 2], [3429, 0], [3429, 2], [3349, 3], [3348, 0], [3348, 3], [3347, 0], [3347, 3], [3346, 3], [3345, 3], [3344, 0], [3344, 3], [3343, 3], [3342, 3], [3341, 0], [3341, 3], [3340, 2], [3260, 2], [3180, 3], [3179, 0], [3179, 3], [3178, 3], [3177, 2]]",2
"7.9-64,140,31,142,167,149+14","[[3097, 0], [3097, 0], [3097, 0], [3097, 0], [3097, 0], [3097, 4], [3098, 4], [3099, 1], [3179, 0], [3179, 4], [3180, 1], [3260, 4], [3261, 1], [3341, 0], [3341, 4], [3342, 4], [3343, 4], [3344, 0], [3344, 4], [3345, 4], [3346, 4], [3347, 0], [3347, 4], [3348, 0], [3348, 0], [3348, 3], [3347, 2], [3267, 0], [3267, 2], [3187, 2], [3107, 0], [3107, 2], [3027, 0], [3027, 4], [3028, 2], [2948, 0], [2948, 2], [2868, 0], [2868, 2], [2788, 2], [2708, 4], [2709, 0], [2709, 2], [2629, 0], [2629, 4], [2630, 4], [2631, 0], [2631, 4], [2632, 0], [2632, 4], [2633, 0], [2633, 4], [2634, 2], [2554, 0], [2554, 2], [2474, 0], [2474, 4], [2475, 2], [2395, 0], [2395, 0], [2395, 2], [2315, 4], [2316, 2], [2236, 0], [2236, 2], [2156, 2], [2076, 0], [2076, 2], [1996, 0], [1996, 2], [1916, 3], [1915, 0], [1915, 2], [1835, 3], [1834, 0], [1834, 2], [1754, 0], [1754, 2], [1674, 0], [1674, 2], [1594, 3], [1593, 0], [1593, 2], [1513, 0], [1513, 2], [1433, 0], [1433, 2], [1353, 4], [1354, 0], [1354, 2], [1274, 4], [1275, 0], [1275, 2], [1195, 0], [1195, 4], [1196, 2], [1116, 0], [1116, 3], [1115, 0], [1115, 4], [1116, 2]]",2
"7.9-104,74,174,67,128,132+1","[[3344, 0], [3344, 0], [3344, 0], [3344, 0], [3344, 0], [3344, 0], [3344, 0], [3344, 0], [3344, 0], [3344, 0], [3344, 3], [3343, 3], [3342, 3], [3341, 0], [3341, 2], [3261, 3], [3260, 2], [3180, 3], [3179, 0], [3179, 3], [3178, 3], [3177, 2]]",2
"7.9-104,74,174,67,128,132+2","[[3097, 4], [3098, 1], [3178, 4], [3179, 0], [3179, 4], [3180, 1], [3260, 4], [3261, 1], [3341, 0], [3341, 4], [3342, 4], [3343, 4], [3344, 0], [3344, 4], [3345, 4], [3346, 4], [3347, 0], [3347, 4], [3348, 0], [3348, 1], [3428, 4], [3429, 0], [3429, 4], [3430, 4], [3431, 4], [3432, 0], [3432, 4], [3433, 4], [3434, 4]]",2
"7.9-104,74,174,67,128,132+3","[[3435, 3], [3434, 3], [3433, 3], [3432, 0], [3432, 3], [3431, 3], [3430, 3], [3429, 0], [3429, 3], [3428, 2], [3348, 0], [3348, 3], [3347, 0], [3347, 3], [3346, 3], [3345, 3]]",2
"7.9-104,74,174,67,128,132+4","[[3344, 4], [3345, 4], [3346, 4], [3347, 0], [3347, 4], [3348, 0], [3348, 4], [3349, 1], [3429, 0], [3429, 4], [3430, 4], [3431, 4], [3432, 0], [3432, 4], [3433, 4], [3434, 4]]",2
"7.9-104,74,174,67,128,132+5","[[3435, 0], [3435, 3], [3434, 3], [3433, 3], [3432, 0], [3432, 3], [3431, 3], [3430, 3], [3429, 0], [3429, 2], [3349, 3], [3348, 0], [3348, 3], [3347, 0], [3347, 3], [3346, 3], [3345, 3]]",2
"7.9-104,74,174,67,128,132+6","[[3344, 0], [3344, 4], [3345, 4], [3346, 4], [3347, 0], [3347, 4], [3348, 0], [3348, 1], [3428, 4], [3429, 0], [3429, 1], [3509, 1], [3589, 0], [3589, 1], [3669, 1], [3749, 0], [3749, 3], [3748, 1], [3828, 0], [3828, 3], [3827, 0], [3827, 1], [3907, 1], [3987, 0], [3987, 1], [4067, 3], [4066, 0], [4066, 2], [3986, 3], [3985, 0], [3985, 3], [3984, 0], [3984, 1], [4064, 0], [4064, 3], [4063, 0], [4063, 1], [4143, 0], [4143, 3], [4142, 1]]",2
"7.9-104,74,174,67,128,132+7","[[4222, 2], [4142, 4], [4143, 0], [4143, 2], [4063, 0], [4063, 4], [4064, 0], [4064, 2], [3984, 0], [3984, 4], [3985, 0], [3985, 1], [4065, 4], [4066, 0], [4066, 2], [3986, 4], [3987, 0], [3987, 2], [3907, 2], [3827, 0], [3827, 4], [3828, 0], [3828, 2], [3748, 4], [3749, 0], [3749, 2], [3669, 2], [3589, 0], [3589, 2], [3509, 2], [3429, 0], [3429, 3], [3428, 2], [3348, 0], [3348, 3], [3347, 0], [3347, 3], [3346, 3], [3345, 3]]",2
"7.9-104,74,174,67,128,132+8","[[3344, 4], [3345, 4], [3346, 4], [3347, 0], [3347, 4], [3348, 0], [3348, 4], [3349, 1], [3429, 0], [3429, 4], [3430, 4], [3431, 4], [3432, 0], [3432, 4], [3433, 4], [3434, 4]]",2
"7.9-104,74,174,67,128,132+9","[[3435, 3], [3434, 3], [3433, 3], [3432, 0], [3432, 3], [3431, 3], [3430, 3], [3429, 0], [3429, 3], [3428, 2], [3348, 0], [3348, 3], [3347, 0], [3347, 3], [3346, 3], [3345, 3]]",2
"7.9-104,74,174,67,128,132+10","[[3344, 0], [3344, 4], [3345, 4], [3346, 4], [3347, 0], [3347, 4], [3348, 0], [3348, 1], [3428, 4], [3429, 0], [3429, 4], [3430, 4], [3431, 4], [3432, 0], [3432, 4], [3433, 4], [3434, 4]]",2
"7.9-136,17,150,74,78,239+1","[[3097, 0], [3097, 0], [3097, 0], [3097, 0], [3097, 0], [3097, 0], [3097, 0], [3097, 0], [3097, 0], [3097, 0], [3097, 0], [3097, 0], [3097, 0], [3097, 0], [3097, 0], [3097, 0], [3097, 0], [3097, 0], [3097, 0], [3097, 0], [3097, 0], [3097, 0], [3097, 0], [3097, 0], [3097, 0], [3097, 0], [3097, 3], [3096, 2], [3016, 3], [3015, 3], [3014, 2], [2934, 0], [2934, 3], [2933, 2], [2853, 3], [2852, 0], [2852, 3], [2851, 2], [2771, 2], [2691, 3], [2690, 0], [2690, 3], [2689, 3], [2688, 2], [2608, 0], [2608, 2], [2528, 3], [2527, 0], [2527, 2], [2447, 3], [2446, 0], [2446, 3], [2445, 3], [2444, 2], [2364, 0], [2364, 2], [2284, 3], [2283, 3], [2282, 2], [2202, 0], [2202, 3], [2201, 2], [2121, 3], [2120, 2], [2040, 3], [2039, 0], [2039, 3]]",2
"7.9-136,17,150,74,78,239+2","[[2038, 4], [2039, 0], [2039, 4], [2040, 1], [2120, 4], [2121, 1], [2201, 4], [2202, 0], [2202, 1], [2282, 4], [2283, 4], [2284, 1], [2364, 0], [2364, 4], [2365, 1], [2445, 4], [2446, 0], [2446, 4], [2447, 1], [2527, 0], [2527, 1], [2607, 4], [2608, 0], [2608, 4], [2609, 1], [2689, 4], [2690, 0], [2690, 4], [2691, 1], [2771, 4], [2772, 1], [2852, 0], [2852, 4], [2853, 1], [2933, 4], [2934, 0], [2934, 4], [2935, 1], [3015, 4], [3016, 1], [3096, 4]]",2
"7.9-136,17,150,74,78,239+3","[[3097, 4], [3098, 1], [3178, 4], [3179, 0], [3179, 1], [3259, 4], [3260, 1], [3340, 4], [3341, 0], [3341, 4], [3342, 4], [3343, 4]]",2
"7.9-136,17,150,74,78,239+4","[[3344, 3], [3343, 3], [3342, 3], [3341, 0], [3341, 2], [3261, 3], [3260, 2], [3180, 3], [3179, 0], [3179, 3], [3178, 2], [3098, 3]]",2
"7.9-136,17,150,74,78,239+5","[[3097, 2], [3017, 4], [3018, 0], [3018, 2], [2938, 4], [2939, 0], [2939, 2], [2859, 2], [2779, 0], [2779, 2], [2699, 3], [2698, 0], [2698, 2], [2618, 0], [2618, 2], [2538, 3], [2537, 0], [2537, 2], [2457, 3], [2456, 0], [2456, 3], [2455, 2]]",2
"7.9-136,17,150,74,78,239+6","[[2375, 4], [2376, 1], [2456, 0], [2456, 1], [2536, 4], [2537, 0], [2537, 1], [2617, 4], [2618, 0], [2618, 1], [2698, 0], [2698, 1], [2778, 4], [2779, 0], [2779, 1], [2859, 1], [2939, 0], [2939, 1], [3019, 3], [3018, 0], [3018, 3], [3017, 1]]",2
"7.9-136,17,150,74,78,239+7","[[3097, 4], [3098, 1], [3178, 4], [3179, 0], [3179, 1], [3259, 4], [3260, 4], [3261, 1], [3341, 0], [3341, 4], [3342, 4], [3343, 4], [3344, 0], [3344, 4], [3345, 4], [3346, 4], [3347, 0], [3347, 4], [3348, 0], [3348, 4], [3349, 1], [3429, 0], [3429, 4], [3430, 4], [3431, 4], [3432, 0], [3432, 4], [3433, 4], [3434, 4]]",2
"7.9-136,17,150,74,78,239+8","[[3435, 3], [3434, 3], [3433, 3], [3432, 0], [3432, 3], [3431, 3], [3430, 3], [3429, 0], [3429, 3], [3428, 2], [3348, 0], [3348, 3], [3347, 0], [3347, 3], [3346, 3], [3345, 3], [3344, 0], [3344, 3], [3343, 3], [3342, 3], [3341, 0], [3341, 3], [3340, 2], [3260, 2], [3180, 3], [3179, 0], [3179, 3], [3178, 2], [3098, 3]]",2
"7.9-136,17,150,74,78,239+9","[[3097, 2], [3017, 4], [3018, 0], [3018, 2], [2938, 4], [2939, 0], [2939, 2], [2859, 2], [2779, 0], [2779, 3], [2778, 2], [2698, 0], [2698, 2], [2618, 0], [2618, 2], [2538, 3], [2537, 0], [2537, 3], [2536, 2], [2456, 0], [2456, 2], [2376, 3]]",2
"7.9-136,17,150,74,78,239+10","[[2375, 4], [2376, 1], [2456, 0], [2456, 4], [2457, 1], [2537, 0], [2537, 1], [2617, 4], [2618, 0], [2618, 1], [2698, 0], [2698, 1], [2778, 4], [2779, 0], [2779, 1], [2859, 1], [2939, 0], [2939, 3], [2938, 1], [3018, 0], [3018, 1], [3098, 3]]",2
"7.9-136,17,150,74,78,239+11","[[3097, 4], [3098, 4], [3099, 1], [3179, 0], [3179, 1], [3259, 4], [3260, 1], [3340, 4], [3341, 0], [3341, 4], [3342, 4], [3343, 4]]",2
"7.9-136,17,150,74,78,239+12","[[3344, 3], [3343, 3], [3342, 3], [3341, 0], [3341, 3], [3340, 2], [3260, 3], [3259, 2], [3179, 0], [3179, 3], [3178, 3], [3177, 2], [3097, 0], [3097, 2], [3017, 3], [3016, 3], [3015, 3], [3014, 2], [2934, 0], [2934, 1], [3014, 1], [3094, 3], [3093, 0], [3093, 3], [3092, 1], [3172, 3], [3171, 0], [3171, 3], [3170, 0], [3170, 2], [3090, 3], [3089, 0], [3089, 3], [3088, 0], [3088, 2], [3008, 3]]",2
"7.9-136,17,150,74,78,239+13","[[3007, 1], [3087, 4], [3088, 0], [3088, 4], [3089, 0], [3089, 1], [3169, 4], [3170, 0], [3170, 4], [3171, 0], [3171, 4], [3172, 2], [3092, 4], [3093, 0], [3093, 2], [3013, 4], [3014, 2], [2934, 0], [2934, 1], [3014, 4], [3015, 4], [3016, 1], [3096, 4]]",2
"7.9-136,17,150,74,78,239+14","[[3097, 0], [3097, 4], [3098, 2], [3018, 0], [3018, 2], [2938, 4], [2939, 0], [2939, 2], [2859, 2], [2779, 0], [2779, 3], [2778, 2], [2698, 0], [2698, 2], [2618, 0], [2618, 3], [2617, 2], [2537, 0], [2537, 2], [2457, 3], [2456, 0], [2456, 3], [2455, 2]]",2
"7.9-136,17,150,74,78,239+15","[[2375, 1], [2455, 4], [2456, 0], [2456, 4], [2457, 1], [2537, 0], [2537, 4], [2538, 1], [2618, 0], [2618, 1], [2698, 0], [2698, 4], [2699, 1], [2779, 0], [2779, 1], [2859, 1], [2939, 0], [2939, 1], [3019, 3], [3018, 0], [3018, 3], [3017, 1]]",2
"7.9-48,74,38,155,214,96+1","[[4371, 2], [4291, 0], [4291, 3], [4290, 2], [4210, 0], [4210, 3], [4209, 2], [4129, 0], [4129, 3], [4128, 2], [4048, 0], [4048, 2], [3968, 4], [3969, 0], [3969, 2], [3889, 4], [3890, 0], [3890, 4], [3891, 2], [3811, 0], [3811, 4], [3812, 4], [3813, 2], [3733, 0], [3733, 4], [3734, 0], [3734, 4], [3735, 2], [3655, 0], [3655, 2], [3575, 4], [3576, 0], [3576, 2], [3496, 4], [3497, 0], [3497, 2], [3417, 0], [3417, 2], [3337, 4], [3338, 2], [3258, 0], [3258, 4], [3259, 2], [3179, 0], [3179, 3], [3178, 2], [3098, 3]]",2
"7.9-48,74,38,155,214,96+2","[[3097, 4], [3098, 1], [3178, 4], [3179, 0], [3179, 3], [3178, 1], [3258, 0], [3258, 1], [3338, 1], [3418, 3], [3417, 0], [3417, 1], [3497, 0], [3497, 3], [3496, 1], [3576, 0], [3576, 3], [3575, 1], [3655, 0], [3655, 3], [3654, 1], [3734, 0], [3734, 3], [3733, 0], [3733, 3], [3732, 1], [3812, 3], [3811, 0], [3811, 3], [3810, 1]]",2
"7.9-48,74,38,155,214,96+3","[[3890, 4], [3891, 2], [3811, 0], [3811, 4], [3812, 4], [3813, 2], [3733, 0], [3733, 4], [3734, 0], [3734, 2], [3654, 4], [3655, 0], [3655, 2], [3575, 4], [3576, 0], [3576, 2], [3496, 4], [3497, 0], [3497, 2], [3417, 0], [3417, 2], [3337, 2], [3257, 4], [3258, 0], [3258, 4], [3259, 2], [3179, 0], [3179, 3], [3178, 3], [3177, 2], [3097, 0], [3097, 3], [3096, 2], [3016, 3], [3015, 3], [3014, 2], [2934, 0], [2934, 3], [2933, 2], [2853, 3], [2852, 0], [2852, 2], [2772, 3], [2771, 3], [2770, 2], [2690, 0], [2690, 3], [2689, 2], [2609, 3], [2608, 0], [2608, 2], [2528, 3], [2527, 0], [2527, 2], [2447, 3], [2446, 0], [2446, 3], [2445, 3], [2444, 2], [2364, 0], [2364, 3], [2363, 2], [2283, 3], [2282, 2], [2202, 0], [2202, 3], [2201, 2], [2121, 3], [2120, 2], [2040, 3], [2039, 0], [2039, 3], [2038, 0], [2038, 2], [1958, 4], [1959, 2], [1879, 0], [1879, 2], [1799, 4], [1800, 0], [1800, 2], [1720, 4], [1721, 2]]",2
"7.9-48,74,38,155,214,96+4","[[1641, 1], [1721, 1], [1801, 3], [1800, 0], [1800, 3], [1799, 1], [1879, 0], [1879, 1], [1959, 3], [1958, 1], [2038, 0], [2038, 4], [2039, 0], [2039, 1], [2119, 4], [2120, 4], [2121, 4], [2122, 1], [2202, 0], [2202, 1], [2282, 4], [2283, 4], [2284, 1], [2364, 0], [2364, 4], [2365, 1], [2445, 4], [2446, 0], [2446, 4], [2447, 1], [2527, 0], [2527, 4], [2528, 1], [2608, 0], [2608, 4], [2609, 4], [2610, 1], [2690, 0], [2690, 4], [2691, 1], [2771, 1], [2851, 4], [2852, 0], [2852, 4], [2853, 4], [2854, 1], [2934, 0], [2934, 1], [3014, 4], [3015, 4], [3016, 4], [3017, 1], [3097, 0], [3097, 4], [3098, 1], [3178, 4], [3179, 0], [3179, 1], [3259, 3], [3258, 0], [3258, 1], [3338, 1], [3418, 3], [3417, 0], [3417, 1], [3497, 0], [3497, 3], [3496, 1], [3576, 0], [3576, 3], [3575, 1], [3655, 0], [3655, 3], [3654, 1], [3734, 0], [3734, 3], [3733, 0], [3733, 3], [3732, 3], [3731, 1], [3811, 0], [3811, 1], [3891, 3], [3890, 0], [3890, 1], [3970, 3], [3969, 0], [3969, 3], [3968, 1], [4048, 0], [4048, 4], [4049, 1], [4129, 0], [4129, 4], [4130, 1], [4210, 0], [4210, 4], [4211, 1], [4291, 0], [4291, 1]]",2
"7.9-48,74,38,155,214,96+5","[[4371, 0], [4371, 0], [4371, 0], [4371, 0], [4371, 0], [4371, 0], [4371, 0], [4371, 0], [4371, 0], [4371, 0], [4371, 2], [4291, 0], [4291, 3], [4290, 2], [4210, 0], [4210, 3], [4209, 2], [4129, 0], [4129, 3], [4128, 2], [4048, 0], [4048, 4], [4049, 2], [3969, 0], [3969, 4], [3970, 2], [3890, 0], [3890, 2], [3810, 4], [3811, 0], [3811, 4], [3812, 2], [3732, 4], [3733, 0], [3733, 4], [3734, 0], [3734, 2], [3654, 4], [3655, 0], [3655, 2], [3575, 4], [3576, 0], [3576, 2], [3496, 4], [3497, 0], [3497, 2], [3417, 0], [3417, 2], [3337, 2], [3257, 4], [3258, 0], [3258, 4], [3259, 2], [3179, 0], [3179, 3], [3178, 3], [3177, 2]]",2
"7.9-48,74,38,155,214,96+6","[[3097, 4], [3098, 1], [3178, 4], [3179, 0], [3179, 3], [3178, 1], [3258, 0], [3258, 1], [3338, 3], [3337, 1], [3417, 0], [3417, 1], [3497, 0], [3497, 3], [3496, 1], [3576, 0], [3576, 1], [3656, 3], [3655, 0], [3655, 3], [3654, 1], [3734, 0], [3734, 3], [3733, 0], [3733, 3], [3732, 1], [3812, 3], [3811, 0], [3811, 3], [3810, 1], [3890, 0], [3890, 3], [3889, 1], [3969, 0], [3969, 1], [4049, 3], [4048, 0], [4048, 4], [4049, 1], [4129, 0], [4129, 1], [4209, 4], [4210, 0], [4210, 4], [4211, 1], [4291, 0], [4291, 1]]",2
"7.9-48,74,38,155,214,96+7","[[4371, 2], [4291, 0], [4291, 2], [4211, 3], [4210, 0], [4210, 2], [4130, 3], [4129, 0], [4129, 2], [4049, 3], [4048, 0], [4048, 2], [3968, 4], [3969, 0], [3969, 2], [3889, 4], [3890, 0], [3890, 4], [3891, 2], [3811, 0], [3811, 4], [3812, 2], [3732, 4], [3733, 0], [3733, 4], [3734, 0], [3734, 4], [3735, 2], [3655, 0], [3655, 4], [3656, 2], [3576, 0], [3576, 2], [3496, 4], [3497, 0], [3497, 2], [3417, 0], [3417, 2], [3337, 2], [3257, 4], [3258, 0], [3258, 2], [3178, 4], [3179, 0], [3179, 1], [3259, 4], [3260, 4], [3261, 1], [3341, 0], [3341, 4], [3342, 4], [3343, 4]]",2
"7.9-48,74,38,155,214,96+8","[[3344, 3], [3343, 3], [3342, 3], [3341, 0], [3341, 2], [3261, 3], [3260, 3], [3259, 2], [3179, 0], [3179, 1], [3259, 3], [3258, 0], [3258, 1], [3338, 3], [3337, 1], [3417, 0], [3417, 1], [3497, 0], [3497, 1], [3577, 3], [3576, 0], [3576, 1], [3656, 3], [3655, 0], [3655, 3], [3654, 1], [3734, 0], [3734, 3], [3733, 0], [3733, 3], [3732, 3], [3731, 1], [3811, 0], [3811, 3], [3810, 1], [3890, 0], [3890, 3], [3889, 1], [3969, 0], [3969, 1], [4049, 3], [4048, 0], [4048, 1], [4128, 4], [4129, 0], [4129, 1], [4209, 4], [4210, 0], [4210, 1], [4290, 4], [4291, 0], [4291, 1]]",2
"7.9-24,217,143,31,141,109+1","[[3890, 4], [3891, 2], [3811, 0], [3811, 4], [3812, 2], [3732, 4], [3733, 0], [3733, 4], [3734, 0], [3734, 2], [3654, 4], [3655, 0], [3655, 4], [3656, 2], [3576, 0], [3576, 4], [3577, 2], [3497, 0], [3497, 2], [3417, 0], [3417, 2], [3337, 4], [3338, 2], [3258, 0], [3258, 2], [3178, 4], [3179, 0], [3179, 3], [3178, 3], [3177, 2], [3097, 0], [3097, 3], [3096, 2], [3016, 3], [3015, 3], [3014, 2], [2934, 0], [2934, 3], [2933, 3], [2932, 2], [2852, 0], [2852, 3], [2851, 2], [2771, 2], [2691, 3], [2690, 0], [2690, 3], [2689, 2], [2609, 3], [2608, 0], [2608, 3], [2607, 2], [2527, 0], [2527, 2], [2447, 3], [2446, 0], [2446, 3], [2445, 2], [2365, 3], [2364, 0], [2364, 2], [2284, 3], [2283, 3], [2282, 2], [2202, 0], [2202, 3], [2201, 2], [2121, 3], [2120, 3], [2119, 2], [2039, 0], [2039, 3], [2038, 0], [2038, 2], [1958, 4], [1959, 2], [1879, 0], [1879, 4], [1880, 2], [1800, 0], [1800, 2], [1720, 4], [1721, 2]]",1
"7.9-24,217,143,31,141,109+2","[[1641, 1], [1721, 1], [1801, 3], [1800, 0], [1800, 3], [1799, 1], [1879, 0], [1879, 1], [1959, 1], [2039, 3], [2038, 0], [2038, 4], [2039, 0], [2039, 1], [2119, 4], [2120, 4], [2121, 1], [2201, 4], [2202, 0], [2202, 1], [2282, 4], [2283, 1], [2363, 4], [2364, 0], [2364, 4], [2365, 1], [2445, 4], [2446, 0], [2446, 1], [2526, 4], [2527, 0], [2527, 1], [2607, 4], [2608, 0], [2608, 4], [2609, 1], [2689, 4], [2690, 0], [2690, 4], [2691, 1], [2771, 1], [2851, 4], [2852, 0], [2852, 4], [2853, 1], [2933, 4], [2934, 0], [2934, 4], [2935, 1], [3015, 4], [3016, 4], [3017, 1], [3097, 0], [3097, 4], [3098, 1], [3178, 4], [3179, 0], [3179, 4], [3180, 1], [3260, 4], [3261, 1], [3341, 0], [3341, 4], [3342, 4], [3343, 4]]",1
"7.9-24,217,143,31,141,109+3","[[3344, 3], [3343, 3], [3342, 3], [3341, 0], [3341, 2], [3261, 3], [3260, 3], [3259, 2], [3179, 0], [3179, 3], [3178, 3], [3177, 2]]",1
"7.9-24,217,143,31,141,109+4","[[3097, 4], [3098, 1], [3178, 4], [3179, 0], [3179, 1], [3259, 4], [3260, 4], [3261, 1], [3341, 0], [3341, 4], [3342, 4], [3343, 4], [3344, 0], [3344, 4], [3345, 4], [3346, 4], [3347, 0], [3347, 4], [3348, 0], [3348, 1], [3428, 4], [3429, 0], [3429, 4], [3430, 4], [3431, 4], [3432, 0], [3432, 4], [3433, 4], [3434, 4]]",1
"7.9-24,217,143,31,141,109+5","[[3435, 3], [3434, 3], [3433, 3], [3432, 0], [3432, 3], [3431, 3], [3430, 3], [3429, 0], [3429, 2], [3349, 3], [3348, 0], [3348, 3], [3347, 0], [3347, 3], [3346, 3], [3345, 3]]",1
"7.9-24,217,143,31,141,109+6","[[3344, 3], [3343, 3], [3342, 3], [3341, 0], [3341, 2], [3261, 3], [3260, 2], [3180, 3], [3179, 0], [3179, 3], [3178, 2], [3098, 3]]",1
"7.9-24,217,143,31,141,109+7","[[3097, 4], [3098, 4], [3099, 1], [3179, 0], [3179, 4], [3180, 1], [3260, 1], [3340, 4], [3341, 0], [3341, 4], [3342, 4], [3343, 4], [3344, 0], [3344, 4], [3345, 4], [3346, 4], [3347, 0], [3347, 4], [3348, 0], [3348, 1], [3428, 4], [3429, 0], [3429, 4], [3430, 4], [3431, 4], [3432, 0], [3432, 4], [3433, 4], [3434, 4]]",1
"7.9-24,217,143,31,141,109+8","[[3435, 3], [3434, 3], [3433, 3], [3432, 0], [3432, 3], [3431, 3], [3430, 3], [3429, 0], [3429, 2], [3349, 3], [3348, 0], [3348, 3], [3347, 0], [3347, 3], [3346, 3], [3345, 3], [3344, 0], [3344, 3], [3343, 3], [3342, 3], [3341, 0], [3341, 3], [3340, 2], [3260, 3], [3259, 2], [3179, 0], [3179, 3], [3178, 2], [3098, 3], [3097, 0], [3097, 2], [3017, 4], [3018, 0], [3018, 4], [3019, 2], [2939, 0], [2939, 2], [2859, 2], [2779, 0], [2779, 3], [2778, 2], [2698, 0], [2698, 2], [2618, 0], [2618, 2], [2538, 3], [2537, 0], [2537, 3], [2536, 2], [2456, 0], [2456, 2], [2376, 3]]",1
"7.9-24,217,143,31,141,109+9","[[2375, 1], [2455, 4], [2456, 0], [2456, 1], [2536, 4], [2537, 0], [2537, 1], [2617, 4], [2618, 0], [2618, 1], [2698, 0], [2698, 1], [2778, 4], [2779, 0], [2779, 1], [2859, 1], [2939, 0], [2939, 1], [3019, 3], [3018, 0], [3018, 1], [3098, 3], [3097, 0], [3097, 4], [3098, 1], [3178, 4], [3179, 0], [3179, 4], [3180, 1], [3260, 1], [3340, 4], [3341, 0], [3341, 4], [3342, 4], [3343, 4]]",1
"7.9-24,217,143,31,141,109+10","[[3344, 3], [3343, 3], [3342, 3], [3341, 0], [3341, 2], [3261, 3], [3260, 3], [3259, 2], [3179, 0], [3179, 3], [3178, 2], [3098, 3]]",1
"7.9-24,217,143,31,141,109+11","[[3097, 4], [3098, 1], [3178, 4], [3179, 0], [3179, 4], [3180, 1], [3260, 4], [3261, 1], [3341, 0], [3341, 4], [3342, 4], [3343, 4], [3344, 0], [3344, 4], [3345, 4], [3346, 4], [3347, 0], [3347, 4], [3348, 0], [3348, 1], [3428, 4], [3429, 0], [3429, 4], [3430, 4], [3431, 4], [3432, 0], [3432, 4], [3433, 4], [3434, 4]]",1
"7.9-24,217,143,31,141,109+12","[[3435, 3], [3434, 3], [3433, 3], [3432, 0], [3432, 3], [3431, 3], [3430, 3], [3429, 0], [3429, 2], [3349, 3], [3348, 0], [3348, 3], [3347, 0], [3347, 3], [3346, 3], [3345, 3]]",1
"7.9-24,217,143,31,141,109+13","[[3344, 3], [3343, 3], [3342, 3], [3341, 0], [3341, 3], [3340, 2], [3260, 3], [3259, 2], [3179, 0], [3179, 3], [3178, 2], [3098, 3]]",1
"7.9-24,217,143,31,141,109+14","[[3097, 4], [3098, 1], [3178, 4], [3179, 0], [3179, 1], [3259, 4], [3260, 4], [3261, 1], [3341, 0], [3341, 4], [3342, 4], [3343, 4], [3344, 0], [3344, 4], [3345, 4], [3346, 4], [3347, 0], [3347, 4], [3348, 0], [3348, 1], [3428, 4], [3429, 0], [3429, 4], [3430, 4], [3431, 4], [3432, 0], [3432, 4], [3433, 4], [3434, 4]]",1
"7.9-24,217,143,31,141,109+15","[[3435, 3], [3434, 3], [3433, 3], [3432, 0], [3432, 3], [3431, 3], [3430, 3], [3429, 0], [3429, 3], [3428, 2], [3348, 0], [3348, 3], [3347, 0], [3347, 3], [3346, 3], [3345, 3]]",1
"7.9-24,217,143,31,141,109+16","[[3344, 3], [3343, 3], [3342, 3], [3341, 0], [3341, 2], [3261, 3], [3260, 3], [3259, 2], [3179, 0], [3179, 3], [3178, 3], [3177, 2]]",1
"7.9-156,116,3,40,83,167+1","[[3097, 3], [3096, 2], [3016, 3], [3015, 3], [3014, 2], [2934, 0], [2934, 3], [2933, 3], [2932, 2], [2852, 0], [2852, 2], [2772, 3], [2771, 2], [2691, 3], [2690, 0], [2690, 3], [2689, 2], [2609, 3], [2608, 0], [2608, 3], [2607, 2], [2527, 0], [2527, 3], [2526, 2], [2446, 0], [2446, 3], [2445, 2], [2365, 3], [2364, 0], [2364, 2], [2284, 3], [2283, 2], [2203, 3], [2202, 0], [2202, 3], [2201, 2], [2121, 3], [2120, 2], [2040, 3], [2039, 0], [2039, 3]]",2
"7.9-156,116,3,40,83,167+2","[[2038, 2], [1958, 4], [1959, 2], [1879, 0], [1879, 2], [1799, 4], [1800, 0], [1800, 2], [1720, 2], [1640, 4]]",2
"7.9-156,116,3,40,83,167+3","[[1641, 1], [1721, 3], [1720, 1], [1800, 0], [1800, 1], [1880, 3], [1879, 0], [1879, 1], [1959, 3], [1958, 1], [2038, 0], [2038, 4], [2039, 0], [2039, 4], [2040, 1], [2120, 4], [2121, 1], [2201, 4], [2202, 0], [2202, 1], [2282, 4], [2283, 4], [2284, 1], [2364, 0], [2364, 4], [2365, 4], [2366, 1], [2446, 0], [2446, 1], [2526, 4], [2527, 0], [2527, 4], [2528, 1], [2608, 0], [2608, 4], [2609, 4], [2610, 1], [2690, 0], [2690, 1], [2770, 4], [2771, 1], [2851, 4], [2852, 0], [2852, 4], [2853, 1], [2933, 4], [2934, 0], [2934, 4], [2935, 1], [3015, 4], [3016, 1], [3096, 4]]",2
"7.9-156,116,3,40,83,167+4","[[3097, 0], [3097, 0], [3097, 0], [3097, 0], [3097, 4], [3098, 4], [3099, 1], [3179, 0], [3179, 1], [3259, 4], [3260, 1], [3340, 4], [3341, 0], [3341, 4], [3342, 4], [3343, 4]]",2
"7.10-48,90,38,155,214,98+1","[[3097, 4], [3098, 4], [3099, 1], [3179, 0], [3179, 4], [3180, 1], [3260, 4], [3261, 1], [3341, 0], [3341, 4], [3342, 4], [3343, 4]]",1
"7.10-48,90,38,155,214,98+2","[[3344, 0], [3344, 0], [3344, 0], [3344, 0], [3344, 0], [3344, 0], [3344, 0], [3344, 0], [3344, 0], [3344, 0], [3344, 0], [3344, 0], [3344, 0], [3344, 0], [3344, 0], [3344, 0], [3344, 0], [3344, 0], [3344, 0], [3344, 0], [3344, 0], [3344, 0], [3344, 0], [3344, 0], [3344, 0], [3344, 0], [3344, 0], [3344, 0], [3344, 0], [3344, 0], [3344, 0], [3344, 0], [3344, 0], [3344, 0], [3344, 0], [3344, 0], [3344, 0], [3344, 0], [3344, 0], [3344, 0], [3344, 0], [3344, 3], [3343, 3], [3342, 3], [3341, 0], [3341, 2], [3261, 3], [3260, 2], [3180, 3], [3179, 0], [3179, 3], [3178, 1], [3258, 0], [3258, 1], [3338, 3], [3337, 1], [3417, 0], [3417, 1], [3497, 0], [3497, 1], [3577, 3], [3576, 0], [3576, 1], [3656, 3], [3655, 0], [3655, 3], [3654, 1], [3734, 0], [3734, 3], [3733, 0], [3733, 3], [3732, 1], [3812, 3], [3811, 0], [3811, 1], [3891, 3]]",1
"7.10-48,90,38,155,214,98+3","[[3890, 2], [3810, 4], [3811, 0], [3811, 4], [3812, 4], [3813, 2], [3733, 0], [3733, 4], [3734, 0], [3734, 2], [3654, 4], [3655, 0], [3655, 2], [3575, 4], [3576, 0], [3576, 2], [3496, 4], [3497, 0], [3497, 2], [3417, 0], [3417, 2], [3337, 4], [3338, 2], [3258, 0], [3258, 2], [3178, 4], [3179, 0], [3179, 4], [3180, 1], [3260, 1], [3340, 4], [3341, 0], [3341, 4], [3342, 4], [3343, 4], [3344, 0], [3344, 4], [3345, 4], [3346, 4], [3347, 0], [3347, 4], [3348, 0], [3348, 4], [3349, 1], [3429, 0], [3429, 4], [3430, 4], [3431, 4], [3432, 0], [3432, 4], [3433, 4], [3434, 4]]",1
"7.10-48,90,38,155,214,98+4","[[3435, 3], [3434, 3], [3433, 3], [3432, 0], [3432, 3], [3431, 3], [3430, 3], [3429, 0], [3429, 2], [3349, 3], [3348, 0], [3348, 3], [3347, 0], [3347, 3], [3346, 3], [3345, 3], [3344, 0], [3344, 3], [3343, 3], [3342, 3], [3341, 0], [3341, 3], [3340, 2], [3260, 3], [3259, 2], [3179, 0], [3179, 3], [3178, 3], [3177, 2]]",1
"7.10-48,90,38,155,214,98+5","[[3097, 4], [3098, 1], [3178, 4], [3179, 0], [3179, 1], [3259, 4], [3260, 4], [3261, 1], [3341, 0], [3341, 4], [3342, 4], [3343, 4], [3344, 0], [3344, 4], [3345, 4], [3346, 4], [3347, 0], [3347, 4], [3348, 0], [3348, 1], [3428, 4], [3429, 0], [3429, 4], [3430, 4], [3431, 4], [3432, 0], [3432, 4], [3433, 4], [3434, 4]]",1
"7.10-48,90,38,155,214,98+6","[[3435, 3], [3434, 3], [3433, 3], [3432, 0], [3432, 3], [3431, 3], [3430, 3], [3429, 0], [3429, 2], [3349, 3], [3348, 0], [3348, 3], [3347, 0], [3347, 3], [3346, 3], [3345, 3], [3344, 0], [3344, 3], [3343, 3], [3342, 3], [3341, 0], [3341, 2], [3261, 3], [3260, 3], [3259, 2], [3179, 0], [3179, 3], [3178, 2], [3098, 3], [3097, 0], [3097, 4], [3098, 2], [3018, 0], [3018, 2], [2938, 4], [2939, 0], [2939, 2], [2859, 2], [2779, 0], [2779, 3], [2778, 2], [2698, 0], [2698, 2], [2618, 0], [2618, 3], [2617, 2], [2537, 0], [2537, 3], [2536, 2], [2456, 0], [2456, 3], [2455, 2]]",1
"7.10-48,90,38,155,214,98+7","[[2375, 1], [2455, 4], [2456, 0], [2456, 1], [2536, 4], [2537, 0], [2537, 1], [2617, 4], [2618, 0], [2618, 1], [2698, 0], [2698, 1], [2778, 4], [2779, 0], [2779, 1], [2859, 1], [2939, 0], [2939, 1], [3019, 3], [3018, 0], [3018, 1], [3098, 3]]",1
"7.10-48,90,38,155,214,98+8","[[3097, 4], [3098, 1], [3178, 4], [3179, 0], [3179, 4], [3180, 1], [3260, 4], [3261, 1], [3341, 0], [3341, 4], [3342, 4], [3343, 4]]",1
"7.10-48,90,38,155,214,98+9","[[3344, 4], [3345, 4], [3346, 4], [3347, 0], [3347, 4], [3348, 0], [3348, 1], [3428, 4], [3429, 0], [3429, 4], [3430, 4], [3431, 4], [3432, 0], [3432, 4], [3433, 4], [3434, 4]]",1
"7.10-48,90,38,155,214,98+10","[[3435, 3], [3434, 3], [3433, 3], [3432, 0], [3432, 3], [3431, 3], [3430, 3], [3429, 0], [3429, 2], [3349, 3], [3348, 0], [3348, 3], [3347, 0], [3347, 3], [3346, 3], [3345, 3]]",1
"7.10-48,90,38,155,214,98+11","[[3344, 4], [3345, 4], [3346, 4], [3347, 0], [3347, 4], [3348, 0], [3348, 1], [3428, 4], [3429, 0], [3429, 4], [3430, 4], [3431, 4], [3432, 0], [3432, 4], [3433, 4], [3434, 4]]",1
"7.10-48,90,38,155,214,98+12","[[3435, 3], [3434, 3], [3433, 3], [3432, 0], [3432, 3], [3431, 3], [3430, 3], [3429, 0], [3429, 2], [3349, 3], [3348, 0], [3348, 3], [3347, 0], [3347, 3], [3346, 3], [3345, 3], [3344, 0], [3344, 3], [3343, 3], [3342, 3], [3341, 0], [3341, 2], [3261, 3], [3260, 2], [3180, 3], [3179, 0], [3179, 3], [3178, 3], [3177, 2], [3097, 0], [3097, 2], [3017, 3], [3016, 3], [3015, 3], [3014, 2], [2934, 0], [2934, 3], [2933, 3], [2932, 2], [2852, 0], [2852, 3], [2851, 2], [2771, 2], [2691, 3], [2690, 0], [2690, 3], [2689, 3], [2688, 2], [2608, 0], [2608, 2], [2528, 3], [2527, 0], [2527, 3], [2526, 2], [2446, 0], [2446, 3], [2445, 3], [2444, 2], [2364, 0], [2364, 3], [2363, 2], [2283, 3], [2282, 2], [2202, 0], [2202, 2], [2122, 3], [2121, 3], [2120, 3], [2119, 2], [2039, 0], [2039, 3], [2038, 0], [2038, 2], [1958, 4], [1959, 2], [1879, 0], [1879, 4], [1880, 2], [1800, 0], [1800, 2], [1720, 2], [1640, 4]]",1
"7.10-48,90,38,155,214,98+13","[[1641, 0], [1641, 0], [1641, 1], [1721, 3], [1720, 1], [1800, 0], [1800, 3], [1799, 1], [1879, 0], [1879, 1], [1959, 3], [1958, 1], [2038, 0], [2038, 4], [2039, 0], [2039, 4], [2040, 1], [2120, 4], [2121, 1], [2201, 4], [2202, 0], [2202, 1], [2282, 4], [2283, 1], [2363, 4], [2364, 0], [2364, 4], [2365, 4], [2366, 1], [2446, 0], [2446, 1], [2526, 4], [2527, 0], [2527, 1], [2607, 4], [2608, 0], [2608, 4], [2609, 4], [2610, 1], [2690, 0], [2690, 1], [2770, 4], [2771, 4], [2772, 1], [2852, 0], [2852, 4], [2853, 4], [2854, 1], [2934, 0], [2934, 4], [2935, 1], [3015, 4], [3016, 1], [3096, 4], [3097, 0], [3097, 4], [3098, 4], [3099, 1], [3179, 0], [3179, 1], [3259, 4], [3260, 4], [3261, 1], [3341, 0], [3341, 4], [3342, 4], [3343, 4]]",1
"7.10-48,90,38,155,214,98+14","[[3344, 3], [3343, 3], [3342, 3], [3341, 0], [3341, 2], [3261, 3], [3260, 2], [3180, 3], [3179, 0], [3179, 3], [3178, 2], [3098, 3]]",1
"7.10-48,90,38,155,214,98+15","[[3097, 4], [3098, 4], [3099, 1], [3179, 0], [3179, 1], [3259, 4], [3260, 1], [3340, 4], [3341, 0], [3341, 4], [3342, 4], [3343, 4]]",1
"7.10-48,74,38,155,86,98+1","[[1641, 1], [1721, 1], [1801, 3], [1800, 0], [1800, 3], [1799, 1], [1879, 0], [1879, 1], [1959, 3], [1958, 1], [2038, 0], [2038, 4], [2039, 0], [2039, 1], [2119, 4], [2120, 4], [2121, 1], [2201, 4], [2202, 0], [2202, 1], [2282, 4], [2283, 4], [2284, 1], [2364, 0], [2364, 4], [2365, 4], [2366, 1], [2446, 0], [2446, 1], [2526, 4], [2527, 0], [2527, 1], [2607, 4], [2608, 0], [2608, 4], [2609, 1], [2689, 4], [2690, 0], [2690, 4], [2691, 1], [2771, 1], [2851, 4], [2852, 0], [2852, 4], [2853, 4], [2854, 1], [2934, 0], [2934, 1], [3014, 4], [3015, 4], [3016, 1], [3096, 4], [3097, 0], [3097, 4], [3098, 1], [3178, 4], [3179, 0], [3179, 4], [3180, 1], [3260, 4], [3261, 1], [3341, 0], [3341, 4], [3342, 4], [3343, 4]]",1
"7.10-48,74,38,155,86,98+2","[[3344, 3], [3343, 3], [3342, 3], [3341, 0], [3341, 3], [3340, 2], [3260, 2], [3180, 3], [3179, 0], [3179, 3], [3178, 3], [3177, 2]]",1
"7.10-48,74,38,155,86,98+3","[[3097, 2], [3017, 3], [3016, 3], [3015, 2], [2935, 3], [2934, 0], [2934, 3], [2933, 3], [2932, 2], [2852, 0], [2852, 2], [2772, 3], [2771, 2], [2691, 3], [2690, 0], [2690, 3], [2689, 2], [2609, 3], [2608, 0], [2608, 3], [2607, 2], [2527, 0], [2527, 3], [2526, 2], [2446, 0], [2446, 3], [2445, 3], [2444, 2], [2364, 0], [2364, 3], [2363, 2], [2283, 3], [2282, 2], [2202, 0], [2202, 3], [2201, 2], [2121, 3], [2120, 2], [2040, 3], [2039, 0], [2039, 3], [2038, 0], [2038, 2], [1958, 4], [1959, 2], [1879, 0], [1879, 4], [1880, 2], [1800, 0], [1800, 2], [1720, 2], [1640, 4]]",1
"7.10-48,74,38,155,86,98+4","[[1641, 1], [1721, 3], [1720, 1], [1800, 0], [1800, 1], [1880, 3], [1879, 0], [1879, 1], [1959, 1], [2039, 3], [2038, 0], [2038, 4], [2039, 0], [2039, 4], [2040, 1], [2120, 4], [2121, 4], [2122, 1], [2202, 0], [2202, 1], [2282, 4], [2283, 1], [2363, 4], [2364, 0], [2364, 4], [2365, 4], [2366, 1], [2446, 0], [2446, 4], [2447, 1], [2527, 0], [2527, 4], [2528, 1], [2608, 0], [2608, 4], [2609, 1], [2689, 4], [2690, 0], [2690, 1], [2770, 4], [2771, 4], [2772, 1], [2852, 0], [2852, 4], [2853, 4], [2854, 1], [2934, 0], [2934, 4], [2935, 1], [3015, 4], [3016, 1], [3096, 4]]",1
"7.10-48,74,38,155,86,98+5","[[3097, 0], [3097, 0], [3097, 0], [3097, 0], [3097, 0], [3097, 2], [3017, 3], [3016, 3], [3015, 2], [2935, 3], [2934, 0], [2934, 3], [2933, 3], [2932, 2], [2852, 0], [2852, 2], [2772, 3], [2771, 2], [2691, 3], [2690, 0], [2690, 3], [2689, 2], [2609, 3], [2608, 0], [2608, 2], [2528, 3], [2527, 0], [2527, 3], [2526, 2], [2446, 0], [2446, 3], [2445, 2], [2365, 3], [2364, 0], [2364, 3], [2363, 2], [2283, 3], [2282, 2], [2202, 0], [2202, 2], [2122, 3], [2121, 3], [2120, 3], [2119, 2], [2039, 0], [2039, 3], [2038, 0], [2038, 2], [1958, 2], [1878, 4], [1879, 0], [1879, 2], [1799, 4], [1800, 0], [1800, 2], [1720, 4], [1721, 2]]",1
"7.10-48,74,38,155,86,98+6","[[1641, 1], [1721, 1], [1801, 3], [1800, 0], [1800, 3], [1799, 1], [1879, 0], [1879, 1], [1959, 1], [2039, 3], [2038, 0], [2038, 4], [2039, 0], [2039, 1], [2119, 4], [2120, 4], [2121, 1], [2201, 4], [2202, 0], [2202, 4], [2203, 1], [2283, 4], [2284, 1], [2364, 0], [2364, 4], [2365, 1], [2445, 4], [2446, 0], [2446, 1], [2526, 4], [2527, 0], [2527, 1], [2607, 4], [2608, 0], [2608, 4], [2609, 1], [2689, 4], [2690, 0], [2690, 4], [2691, 1], [2771, 4], [2772, 1], [2852, 0], [2852, 4], [2853, 4], [2854, 1], [2934, 0], [2934, 1], [3014, 4], [3015, 4], [3016, 4], [3017, 1], [3097, 0], [3097, 4], [3098, 4], [3099, 1], [3179, 0], [3179, 1], [3259, 4], [3260, 1], [3340, 4], [3341, 0], [3341, 4], [3342, 4], [3343, 4]]",1
"7.10-48,74,38,155,86,98+7","[[3344, 3], [3343, 3], [3342, 3], [3341, 0], [3341, 2], [3261, 3], [3260, 2], [3180, 3], [3179, 0], [3179, 3], [3178, 3], [3177, 2], [3097, 0], [3097, 3], [3096, 2], [3016, 3], [3015, 2], [2935, 3], [2934, 0], [2934, 3], [2933, 3], [2932, 2], [2852, 0], [2852, 3], [2851, 2], [2771, 3], [2770, 2], [2690, 0], [2690, 3], [2689, 2], [2609, 3], [2608, 0], [2608, 3], [2607, 2], [2527, 0], [2527, 2], [2447, 3], [2446, 0], [2446, 3], [2445, 2], [2365, 3], [2364, 0], [2364, 3], [2363, 2], [2283, 2], [2203, 3], [2202, 0], [2202, 2], [2122, 3], [2121, 3], [2120, 3], [2119, 2], [2039, 0], [2039, 3], [2038, 0], [2038, 2], [1958, 2], [1878, 4], [1879, 0], [1879, 2], [1799, 4], [1800, 0], [1800, 2], [1720, 2], [1640, 4]]",1
"7.10-48,74,38,155,86,98+8","[[1641, 1], [1721, 1], [1801, 3], [1800, 0], [1800, 1], [1880, 3], [1879, 0], [1879, 1], [1959, 3], [1958, 1], [2038, 0], [2038, 4], [2039, 0], [2039, 1], [2119, 4], [2120, 4], [2121, 1], [2201, 4], [2202, 0], [2202, 4], [2203, 1], [2283, 4], [2284, 1], [2364, 0], [2364, 4], [2365, 4], [2366, 1], [2446, 0], [2446, 1], [2526, 4]]",1
"7.10-48,74,38,155,86,98+9","[[2527, 2], [2447, 3], [2446, 0], [2446, 3], [2445, 2], [2365, 3], [2364, 0], [2364, 3], [2363, 2], [2283, 3], [2282, 2], [2202, 0], [2202, 2], [2122, 3], [2121, 3], [2120, 3], [2119, 2], [2039, 0], [2039, 3], [2038, 0], [2038, 2], [1958, 4], [1959, 2], [1879, 0], [1879, 2], [1799, 4], [1800, 0], [1800, 2], [1720, 2], [1640, 4]]",1
"7.10-48,74,38,155,86,98+10","[[1641, 1], [1721, 1], [1801, 3], [1800, 0], [1800, 3], [1799, 1], [1879, 0], [1879, 1], [1959, 3], [1958, 1], [2038, 0], [2038, 4], [2039, 0], [2039, 1], [2119, 4], [2120, 4], [2121, 1], [2201, 4], [2202, 0], [2202, 1], [2282, 4], [2283, 4], [2284, 1], [2364, 0], [2364, 4], [2365, 1], [2445, 4], [2446, 0], [2446, 1], [2526, 4], [2527, 0], [2527, 4], [2528, 1], [2608, 0], [2608, 4], [2609, 1], [2689, 4], [2690, 0], [2690, 1], [2770, 4], [2771, 4], [2772, 1], [2852, 0], [2852, 4], [2853, 4], [2854, 1], [2934, 0], [2934, 1], [3014, 4], [3015, 4], [3016, 4], [3017, 1], [3097, 0], [3097, 4], [3098, 4], [3099, 1], [3179, 0], [3179, 1], [3259, 4], [3260, 4], [3261, 1], [3341, 0], [3341, 4], [3342, 4], [3343, 4]]",1
"7.10-48,74,38,155,86,98+11","[[3344, 3], [3343, 3], [3342, 3], [3341, 0], [3341, 2], [3261, 3], [3260, 3], [3259, 2], [3179, 0], [3179, 3], [3178, 3], [3177, 2]]",1
"7.10-48,74,38,155,86,98+12","[[3097, 4], [3098, 1], [3178, 4], [3179, 0], [3179, 1], [3259, 3], [3258, 0], [3258, 1], [3338, 1], [3418, 3], [3417, 0], [3417, 1], [3497, 0], [3497, 1], [3577, 3], [3576, 0], [3576, 1], [3656, 3], [3655, 0], [3655, 3], [3654, 1], [3734, 0], [3734, 3], [3733, 0], [3733, 3], [3732, 1], [3812, 3], [3811, 0], [3811, 3], [3810, 1], [3890, 0], [3890, 3], [3889, 1], [3969, 0], [3969, 3], [3968, 1], [4048, 0], [4048, 1], [4128, 4], [4129, 0], [4129, 4], [4130, 1], [4210, 0], [4210, 1], [4290, 4], [4291, 0], [4291, 1]]",1
"7.10-48,74,38,155,86,98+13","[[4371, 0], [4371, 0], [4371, 0], [4371, 0], [4371, 0], [4371, 4], [4372, 0], [4372, 1], [4452, 1], [4532, 0], [4532, 0], [4532, 4], [4533, 0], [4533, 4], [4534, 0], [4534, 4], [4535, 0], [4535, 4], [4536, 0], [4536, 4], [4537, 2], [4457, 0], [4457, 4], [4458, 0], [4458, 4], [4459, 2], [4379, 4], [4380, 0], [4380, 4], [4381, 2], [4301, 0], [4301, 4], [4302, 2]]",1
"7.10-48,74,38,155,86,98+14","[[4222, 2], [4142, 4], [4143, 0], [4143, 2], [4063, 0], [4063, 4], [4064, 0], [4064, 2], [3984, 0], [3984, 4], [3985, 0], [3985, 1], [4065, 4], [4066, 0], [4066, 2], [3986, 4], [3987, 0], [3987, 2], [3907, 2], [3827, 0], [3827, 4], [3828, 0], [3828, 2], [3748, 4], [3749, 0], [3749, 2], [3669, 2], [3589, 0], [3589, 2], [3509, 2], [3429, 0], [3429, 2], [3349, 3], [3348, 0], [3348, 3], [3347, 0], [3347, 3], [3346, 3], [3345, 3], [3344, 0], [3344, 3], [3343, 3], [3342, 3], [3341, 0], [3341, 3], [3340, 2], [3260, 2], [3180, 3], [3179, 0], [3179, 3], [3178, 3], [3177, 2]]",1
"7.10-48,74,38,155,86,98+15","[[3097, 0], [3097, 0], [3097, 0], [3097, 0], [3097, 0], [3097, 0], [3097, 0], [3097, 0], [3097, 0], [3097, 0], [3097, 0], [3097, 0], [3097, 0], [3097, 0], [3097, 0], [3097, 0], [3097, 0], [3097, 0], [3097, 0], [3097, 0], [3097, 0], [3097, 0], [3097, 0], [3097, 0], [3097, 0]]",1
"7.10-48,74,38,155,214,96+1","[[3435, 3], [3434, 3], [3433, 3], [3432, 0], [3432, 3], [3431, 3], [3430, 3], [3429, 0], [3429, 1], [3509, 1], [3589, 0], [3589, 1], [3669, 1], [3749, 0], [3749, 1], [3829, 3], [3828, 0], [3828, 3], [3827, 0], [3827, 1], [3907, 1], [3987, 0], [3987, 1], [4067, 3], [4066, 0], [4066, 3], [4065, 2], [3985, 0], [3985, 3], [3984, 0], [3984, 1], [4064, 0], [4064, 3], [4063, 0], [4063, 1], [4143, 0], [4143, 3], [4142, 1], [4222, 0], [4222, 3], [4221, 1], [4301, 0], [4301, 1], [4381, 3], [4380, 0], [4380, 3], [4379, 3], [4378, 1], [4458, 0], [4458, 3], [4457, 0], [4457, 3], [4456, 1], [4536, 0], [4536, 3], [4535, 0], [4535, 3], [4534, 0], [4534, 3], [4533, 0], [4533, 3], [4532, 0], [4532, 0], [4532, 2], [4452, 2], [4372, 0], [4372, 3]]",1
"7.10-48,74,38,155,214,96+2","[[4371, 0], [4371, 0], [4371, 0], [4371, 0], [4371, 0], [4371, 0], [4371, 0], [4371, 0], [4371, 0], [4371, 0], [4371, 0], [4371, 0], [4371, 0], [4371, 0], [4371, 0], [4371, 0], [4371, 0], [4371, 0], [4371, 0], [4371, 0], [4371, 0], [4371, 0], [4371, 0], [4371, 0], [4371, 0], [4371, 0], [4371, 0], [4371, 0], [4371, 0], [4371, 0], [4371, 0], [4371, 0], [4371, 0], [4371, 0], [4371, 0], [4371, 0], [4371, 0], [4371, 0], [4371, 0], [4371, 0], [4371, 0], [4371, 0], [4371, 0], [4371, 0], [4371, 0], [4371, 0], [4371, 0], [4371, 0], [4371, 0], [4371, 0], [4371, 0], [4371, 0], [4371, 0], [4371, 0], [4371, 0], [4371, 0], [4371, 0], [4371, 4], [4372, 0], [4372, 1], [4452, 1], [4532, 0], [4532, 0], [4532, 4], [4533, 0], [4533, 4], [4534, 0], [4534, 4], [4535, 0], [4535, 4], [4536, 0], [4536, 2], [4456, 4], [4457, 0], [4457, 4], [4458, 0], [4458, 4], [4459, 4], [4460, 2], [4380, 0], [4380, 2], [4300, 4], [4301, 0], [4301, 2], [4221, 4], [4222, 0], [4222, 4], [4223, 2], [4143, 0], [4143, 2], [4063, 0], [4063, 4], [4064, 0], [4064, 2], [3984, 0], [3984, 4], [3985, 0], [3985, 4], [3986, 1], [4066, 0], [4066, 4], [4067, 2], [3987, 0], [3987, 2], [3907, 2], [3827, 0], [3827, 4], [3828, 0], [3828, 2], [3748, 4], [3749, 0], [3749, 2], [3669, 2], [3589, 0], [3589, 2], [3509, 2], [3429, 0], [3429, 4], [3430, 4], [3431, 4], [3432, 0], [3432, 4], [3433, 4], [3434, 4]]",1
"7.10-48,74,38,155,214,96+3","[[3435, 3], [3434, 3], [3433, 3], [3432, 0], [3432, 3], [3431, 3], [3430, 3], [3429, 0], [3429, 3], [3428, 2], [3348, 0], [3348, 3], [3347, 0], [3347, 3], [3346, 3], [3345, 3]]",1
"7.10-48,74,38,155,214,96+4","[[3344, 0], [3344, 0], [3344, 3], [3343, 3], [3342, 3], [3341, 0], [3341, 2], [3261, 3], [3260, 2], [3180, 3], [3179, 0], [3179, 1], [3259, 3], [3258, 0], [3258, 1], [3338, 3], [3337, 1], [3417, 0], [3417, 1], [3497, 0], [3497, 3], [3496, 1], [3576, 0], [3576, 1], [3656, 3], [3655, 0], [3655, 3], [3654, 1], [3734, 0], [3734, 3], [3733, 0], [3733, 3], [3732, 1], [3812, 3], [3811, 0], [3811, 3], [3810, 1], [3890, 0], [3890, 3], [3889, 1], [3969, 0], [3969, 3], [3968, 1], [4048, 0], [4048, 4], [4049, 1], [4129, 0], [4129, 4], [4130, 1], [4210, 0], [4210, 4], [4211, 1], [4291, 0], [4291, 1]]",1
"7.10-48,74,38,155,214,96+5","[[4371, 2], [4291, 0], [4291, 2], [4211, 3], [4210, 0], [4210, 3], [4209, 2], [4129, 0], [4129, 2], [4049, 3], [4048, 0], [4048, 4], [4049, 2], [3969, 0], [3969, 4], [3970, 2], [3890, 0], [3890, 4], [3891, 2], [3811, 0], [3811, 4], [3812, 2], [3732, 4], [3733, 0], [3733, 4], [3734, 0], [3734, 4], [3735, 2], [3655, 0], [3655, 2], [3575, 4], [3576, 0], [3576, 4], [3577, 2], [3497, 0], [3497, 2], [3417, 0], [3417, 2], [3337, 4], [3338, 2], [3258, 0], [3258, 4], [3259, 2], [3179, 0], [3179, 1], [3259, 4], [3260, 1], [3340, 4], [3341, 0], [3341, 4], [3342, 4], [3343, 4]]",1
"7.10-48,74,38,155,214,96+6","[[3344, 3], [3343, 3], [3342, 3], [3341, 0], [3341, 2], [3261, 3], [3260, 3], [3259, 2], [3179, 0], [3179, 1], [3259, 3], [3258, 0], [3258, 1], [3338, 1], [3418, 3], [3417, 0], [3417, 1], [3497, 0], [3497, 1], [3577, 3], [3576, 0], [3576, 3], [3575, 1], [3655, 0], [3655, 3], [3654, 1], [3734, 0], [3734, 3], [3733, 0], [3733, 3], [3732, 3], [3731, 1], [3811, 0], [3811, 1], [3891, 3], [3890, 0], [3890, 3], [3889, 1], [3969, 0], [3969, 1], [4049, 3], [4048, 0], [4048, 1], [4128, 4], [4129, 0], [4129, 4], [4130, 1], [4210, 0], [4210, 1], [4290, 4], [4291, 0], [4291, 1]]",1
"7.10-48,74,38,155,214,96+7","[[4371, 0], [4371, 2], [4291, 0], [4291, 3], [4290, 2], [4210, 0], [4210, 3], [4209, 2], [4129, 0], [4129, 2], [4049, 3], [4048, 0], [4048, 4], [4049, 2], [3969, 0], [3969, 4], [3970, 2], [3890, 0], [3890, 4], [3891, 2], [3811, 0], [3811, 4], [3812, 4], [3813, 2], [3733, 0], [3733, 4], [3734, 0], [3734, 2], [3654, 4], [3655, 0], [3655, 4], [3656, 2], [3576, 0], [3576, 2], [3496, 4], [3497, 0], [3497, 2], [3417, 0], [3417, 2], [3337, 2], [3257, 4], [3258, 0], [3258, 4], [3259, 2], [3179, 0], [3179, 3], [3178, 2], [3098, 3], [3097, 0], [3097, 3], [3096, 2], [3016, 3], [3015, 2], [2935, 3], [2934, 0], [2934, 3], [2933, 2], [2853, 3], [2852, 0], [2852, 2], [2772, 3], [2771, 2], [2691, 3], [2690, 0], [2690, 3], [2689, 2], [2609, 3], [2608, 0], [2608, 3], [2607, 2], [2527, 0], [2527, 2], [2447, 3], [2446, 0], [2446, 3], [2445, 3], [2444, 2], [2364, 0], [2364, 2], [2284, 3], [2283, 2], [2203, 3], [2202, 0], [2202, 3], [2201, 2], [2121, 3], [2120, 3], [2119, 2], [2039, 0], [2039, 3], [2038, 0], [2038, 2], [1958, 2], [1878, 4], [1879, 0], [1879, 4], [1880, 2], [1800, 0], [1800, 2], [1720, 4], [1721, 2]]",1
"7.10-48,74,38,155,214,96+8","[[1641, 0], [1641, 1], [1721, 3], [1720, 1], [1800, 0], [1800, 3], [1799, 1], [1879, 0], [1879, 1], [1959, 3], [1958, 1], [2038, 0], [2038, 4], [2039, 0], [2039, 1], [2119, 4], [2120, 4], [2121, 1], [2201, 4], [2202, 0], [2202, 4], [2203, 1], [2283, 1], [2363, 4], [2364, 0], [2364, 4], [2365, 1], [2445, 4], [2446, 0], [2446, 1], [2526, 4], [2527, 0], [2527, 4], [2528, 1], [2608, 0], [2608, 4], [2609, 4], [2610, 1], [2690, 0], [2690, 4], [2691, 1], [2771, 4], [2772, 1], [2852, 0], [2852, 4], [2853, 4], [2854, 1], [2934, 0], [2934, 1], [3014, 4], [3015, 4], [3016, 4], [3017, 1], [3097, 0], [3097, 4], [3098, 4], [3099, 1], [3179, 0], [3179, 3], [3178, 1], [3258, 0], [3258, 1], [3338, 1], [3418, 3], [3417, 0], [3417, 1], [3497, 0], [3497, 3], [3496, 1], [3576, 0], [3576, 1], [3656, 3], [3655, 0], [3655, 3], [3654, 1], [3734, 0], [3734, 3], [3733, 0], [3733, 3], [3732, 3], [3731, 1], [3811, 0], [3811, 3], [3810, 1], [3890, 0], [3890, 1], [3970, 3], [3969, 0], [3969, 1], [4049, 3], [4048, 0], [4048, 4], [4049, 1], [4129, 0], [4129, 1], [4209, 4], [4210, 0], [4210, 4], [4211, 1], [4291, 0], [4291, 1]]",1
"7.10-48,74,38,155,214,96+9","[[4371, 0], [4371, 0], [4371, 0], [4371, 0], [4371, 0], [4371, 0], [4371, 0], [4371, 0], [4371, 0], [4371, 0], [4371, 2], [4291, 0], [4291, 3], [4290, 2], [4210, 0], [4210, 3], [4209, 2], [4129, 0], [4129, 2], [4049, 3], [4048, 0], [4048, 2], [3968, 4], [3969, 0], [3969, 2], [3889, 4], [3890, 0], [3890, 2], [3810, 4], [3811, 0], [3811, 4], [3812, 4], [3813, 2], [3733, 0], [3733, 4], [3734, 0], [3734, 2], [3654, 4], [3655, 0], [3655, 2], [3575, 4], [3576, 0], [3576, 2], [3496, 4], [3497, 0], [3497, 2], [3417, 0], [3417, 2], [3337, 2], [3257, 4], [3258, 0], [3258, 2], [3178, 4], [3179, 0], [3179, 3], [3178, 2], [3098, 3]]",1
"7.10-48,74,38,155,214,96+10","[[3097, 0], [3097, 0], [3097, 0], [3097, 4], [3098, 1], [3178, 4], [3179, 0], [3179, 3], [3178, 1], [3258, 0], [3258, 1], [3338, 1], [3418, 3], [3417, 0], [3417, 1], [3497, 0], [3497, 3], [3496, 1], [3576, 0], [3576, 1], [3656, 3], [3655, 0], [3655, 3], [3654, 1], [3734, 0], [3734, 3], [3733, 0], [3733, 3], [3732, 1], [3812, 3], [3811, 0], [3811, 1], [3891, 3], [3890, 0], [3890, 1], [3970, 3], [3969, 0], [3969, 1], [4049, 3], [4048, 0], [4048, 4], [4049, 1], [4129, 0], [4129, 4], [4130, 1], [4210, 0], [4210, 1], [4290, 4], [4291, 0], [4291, 1]]",1
"7.10-48,74,38,155,214,96+11","[[4371, 0], [4371, 0], [4371, 0], [4371, 0], [4371, 0], [4371, 0], [4371, 0], [4371, 0], [4371, 0], [4371, 0], [4371, 0], [4371, 0], [4371, 0], [4371, 0]]",1
"7.10-204,8,251,70,125,190+1","[[3344, 3], [3343, 3], [3342, 3], [3341, 0], [3341, 3], [3340, 2], [3260, 3], [3259, 2], [3179, 0], [3179, 3], [3178, 2], [3098, 3], [3097, 0], [3097, 2], [3017, 3], [3016, 3], [3015, 3], [3014, 2], [2934, 0], [2934, 3], [2933, 3], [2932, 2], [2852, 0], [2852, 3], [2851, 2], [2771, 3], [2770, 2], [2690, 0], [2690, 3], [2689, 2], [2609, 3], [2608, 0], [2608, 3], [2607, 2], [2527, 0], [2527, 3], [2526, 2], [2446, 0], [2446, 3], [2445, 3], [2444, 2], [2364, 0], [2364, 3], [2363, 2], [2283, 3], [2282, 2], [2202, 0], [2202, 2], [2122, 3], [2121, 3], [2120, 3], [2119, 2], [2039, 0], [2039, 3], [2038, 0], [2038, 2], [1958, 2], [1878, 4], [1879, 0], [1879, 2], [1799, 4], [1800, 0], [1800, 2], [1720, 4], [1721, 2]]",1
"7.10-204,8,251,70,125,190+2","[[1641, 1], [1721, 1], [1801, 3], [1800, 0], [1800, 1], [1880, 3], [1879, 0], [1879, 1], [1959, 3], [1958, 1], [2038, 0], [2038, 4], [2039, 0], [2039, 1], [2119, 4], [2120, 4], [2121, 1], [2201, 4], [2202, 0], [2202, 1], [2282, 4], [2283, 1], [2363, 4], [2364, 0], [2364, 4], [2365, 1], [2445, 4], [2446, 0], [2446, 1], [2526, 4], [2527, 0], [2527, 1], [2607, 4], [2608, 0], [2608, 4], [2609, 4], [2610, 1], [2690, 0], [2690, 1], [2770, 4], [2771, 1], [2851, 4], [2852, 0], [2852, 4], [2853, 4], [2854, 1], [2934, 0], [2934, 4], [2935, 1], [3015, 4], [3016, 1], [3096, 4], [3097, 0], [3097, 4], [3098, 1], [3178, 4], [3179, 0], [3179, 1], [3259, 4], [3260, 4], [3261, 1], [3341, 0], [3341, 4], [3342, 4], [3343, 4]]",1
"7.10-204,8,251,70,125,190+3","[[3344, 3], [3343, 3], [3342, 3], [3341, 0], [3341, 2], [3261, 3], [3260, 2], [3180, 3], [3179, 0], [3179, 3], [3178, 2], [3098, 3], [3097, 0], [3097, 3], [3096, 2], [3016, 3], [3015, 2], [2935, 3], [2934, 0], [2934, 1], [3014, 1], [3094, 3], [3093, 0], [3093, 3], [3092, 3], [3091, 1], [3171, 0], [3171, 3], [3170, 0], [3170, 2], [3090, 3], [3089, 0], [3089, 3], [3088, 0], [3088, 2], [3008, 3]]",1
"7.10-204,8,251,70,125,190+4","[[3007, 3], [3006, 2], [2926, 0], [2926, 2], [2846, 0], [2846, 2], [2766, 2], [2686, 0], [2686, 2], [2606, 4], [2607, 2], [2527, 0], [2527, 2], [2447, 3], [2446, 0], [2446, 3], [2445, 2], [2365, 3], [2364, 0], [2364, 3], [2363, 2], [2283, 3], [2282, 2], [2202, 0], [2202, 2], [2122, 3], [2121, 3], [2120, 3], [2119, 2], [2039, 0], [2039, 3], [2038, 0], [2038, 2], [1958, 4], [1959, 2], [1879, 0], [1879, 2], [1799, 4], [1800, 0], [1800, 2], [1720, 2], [1640, 4]]",1
"7.10-204,8,251,70,125,190+5","[[1641, 0], [1641, 0], [1641, 0], [1641, 0], [1641, 0], [1641, 0], [1641, 0], [1641, 0], [1641, 0], [1641, 1], [1721, 3], [1720, 1], [1800, 0], [1800, 3], [1799, 1], [1879, 0], [1879, 1], [1959, 1], [2039, 3], [2038, 0], [2038, 4], [2039, 0], [2039, 4], [2040, 1], [2120, 4], [2121, 1], [2201, 4], [2202, 0], [2202, 4], [2203, 1], [2283, 4], [2284, 1], [2364, 0], [2364, 4], [2365, 1], [2445, 4], [2446, 0], [2446, 1], [2526, 4], [2527, 0], [2527, 4], [2528, 1], [2608, 0], [2608, 4], [2609, 1], [2689, 4], [2690, 0], [2690, 4], [2691, 1], [2771, 1], [2851, 4], [2852, 0], [2852, 4], [2853, 1], [2933, 4], [2934, 0], [2934, 1], [3014, 4], [3015, 4], [3016, 4], [3017, 1], [3097, 0], [3097, 4], [3098, 1], [3178, 4], [3179, 0], [3179, 4], [3180, 1], [3260, 1], [3340, 4], [3341, 0], [3341, 4], [3342, 4], [3343, 4]]",1
"7.10-204,8,251,70,125,190+6","[[3344, 3], [3343, 3], [3342, 3], [3341, 0], [3341, 3], [3340, 2], [3260, 3], [3259, 2], [3179, 0], [3179, 3], [3178, 3], [3177, 2], [3097, 0], [3097, 2], [3017, 3], [3016, 3], [3015, 2], [2935, 3], [2934, 0], [2934, 3], [2933, 2], [2853, 3], [2852, 0], [2852, 2], [2772, 3], [2771, 3], [2770, 2], [2690, 0], [2690, 3], [2689, 3], [2688, 2], [2608, 0], [2608, 3], [2607, 2], [2527, 0], [2527, 2], [2447, 3], [2446, 0], [2446, 3], [2445, 3], [2444, 2], [2364, 0], [2364, 2], [2284, 3], [2283, 3], [2282, 2], [2202, 0], [2202, 2], [2122, 3], [2121, 3], [2120, 2], [2040, 3], [2039, 0], [2039, 3], [2038, 0], [2038, 2], [1958, 2], [1878, 4], [1879, 0], [1879, 2], [1799, 4], [1800, 0], [1800, 2], [1720, 4], [1721, 2]]",1
"7.10-204,8,251,70,125,190+7","[[1641, 1], [1721, 3], [1720, 1], [1800, 0], [1800, 3], [1799, 1], [1879, 0], [1879, 1], [1959, 1], [2039, 3], [2038, 0], [2038, 4], [2039, 0], [2039, 1], [2119, 4], [2120, 4], [2121, 4], [2122, 1], [2202, 0], [2202, 1], [2282, 4], [2283, 4], [2284, 1], [2364, 0], [2364, 4], [2365, 1], [2445, 4], [2446, 0], [2446, 1], [2526, 4], [2527, 0], [2527, 4], [2528, 1], [2608, 0], [2608, 4], [2609, 4], [2610, 1], [2690, 0], [2690, 4], [2691, 1], [2771, 4], [2772, 1], [2852, 0], [2852, 4], [2853, 1], [2933, 4], [2934, 0], [2934, 1], [3014, 4], [3015, 4], [3016, 1], [3096, 4], [3097, 0], [3097, 4], [3098, 1], [3178, 4], [3179, 0], [3179, 4], [3180, 1], [3260, 1], [3340, 4], [3341, 0], [3341, 4], [3342, 4], [3343, 4]]",1
"7.10-204,8,251,70,125,190+8","[[3344, 3], [3343, 3], [3342, 3], [3341, 0], [3341, 3], [3340, 2], [3260, 3], [3259, 2], [3179, 0], [3179, 3], [3178, 2], [3098, 3], [3097, 0], [3097, 4], [3098, 2], [3018, 0], [3018, 4], [3019, 2], [2939, 0], [2939, 2], [2859, 2], [2779, 0], [2779, 3], [2778, 2], [2698, 0], [2698, 2], [2618, 0], [2618, 2], [2538, 3], [2537, 0], [2537, 2], [2457, 3], [2456, 0], [2456, 2], [2376, 3]]",1
"7.10-204,8,251,70,125,190+9","[[2375, 1], [2455, 4], [2456, 0], [2456, 4], [2457, 1], [2537, 0], [2537, 1], [2617, 4], [2618, 0], [2618, 1], [2698, 0], [2698, 4], [2699, 1], [2779, 0], [2779, 1], [2859, 1], [2939, 0], [2939, 1], [3019, 3], [3018, 0], [3018, 1], [3098, 3], [3097, 0], [3097, 4], [3098, 1], [3178, 4], [3179, 0], [3179, 1], [3259, 4], [3260, 4], [3261, 1], [3341, 0], [3341, 4], [3342, 4], [3343, 4]]",1
"7.10-204,8,251,70,125,190+10","[[3344, 3], [3343, 3], [3342, 3], [3341, 0], [3341, 2], [3261, 3], [3260, 2], [3180, 3], [3179, 0], [3179, 3], [3178, 3], [3177, 2], [3097, 0], [3097, 3], [3096, 2], [3016, 3], [3015, 3], [3014, 2], [2934, 0], [2934, 1], [3014, 3], [3013, 1], [3093, 0], [3093, 3], [3092, 1], [3172, 3], [3171, 0], [3171, 3], [3170, 0], [3170, 2], [3090, 3], [3089, 0], [3089, 3], [3088, 0], [3088, 2], [3008, 3]]",1
"7.10-48,74,36,155,214,98+1","[[3344, 3], [3343, 3], [3342, 3], [3341, 0], [3341, 3], [3340, 2], [3260, 2], [3180, 3], [3179, 0], [3179, 3], [3178, 3], [3177, 2], [3097, 0], [3097, 2], [3017, 3], [3016, 3], [3015, 3], [3014, 2], [2934, 0], [2934, 3], [2933, 3], [2932, 2], [2852, 0], [2852, 3], [2851, 2], [2771, 3], [2770, 2], [2690, 0], [2690, 3], [2689, 3], [2688, 2], [2608, 0], [2608, 2], [2528, 3], [2527, 0], [2527, 3], [2526, 2], [2446, 0], [2446, 3], [2445, 3], [2444, 2], [2364, 0], [2364, 2], [2284, 3], [2283, 2], [2203, 3], [2202, 0], [2202, 2], [2122, 3], [2121, 3], [2120, 3], [2119, 2], [2039, 0], [2039, 3], [2038, 0], [2038, 2], [1958, 2], [1878, 4], [1879, 0], [1879, 4], [1880, 2], [1800, 0], [1800, 2], [1720, 4], [1721, 2]]",1
"7.10-48,74,36,155,214,98+2","[[1641, 0], [1641, 0], [1641, 0], [1641, 0], [1641, 0], [1641, 0], [1641, 0], [1641, 0], [1641, 0], [1641, 0], [1641, 0], [1641, 0], [1641, 0], [1641, 0], [1641, 0], [1641, 0], [1641, 0], [1641, 0], [1641, 0], [1641, 0], [1641, 0], [1641, 1], [1721, 1], [1801, 3], [1800, 0], [1800, 1], [1880, 3], [1879, 0], [1879, 1], [1959, 3], [1958, 1], [2038, 0], [2038, 4], [2039, 0], [2039, 4], [2040, 1], [2120, 4], [2121, 1], [2201, 4], [2202, 0], [2202, 1], [2282, 4], [2283, 1], [2363, 4], [2364, 0], [2364, 4], [2365, 4], [2366, 1], [2446, 0], [2446, 1], [2526, 4], [2527, 0], [2527, 4], [2528, 1], [2608, 0], [2608, 4], [2609, 4], [2610, 1], [2690, 0], [2690, 1], [2770, 4], [2771, 1], [2851, 4], [2852, 0], [2852, 4], [2853, 4], [2854, 1], [2934, 0], [2934, 1], [3014, 4], [3015, 4], [3016, 1], [3096, 4]]",1
"7.10-48,74,36,155,214,98+3","[[3097, 4], [3098, 1], [3178, 4], [3179, 0], [3179, 1], [3259, 4], [3260, 1], [3340, 4], [3341, 0], [3341, 4], [3342, 4], [3343, 4]]",1
"7.10-48,74,36,155,214,98+4","[[3344, 3], [3343, 3], [3342, 3], [3341, 0], [3341, 3], [3340, 2], [3260, 2], [3180, 3], [3179, 0], [3179, 3], [3178, 1], [3258, 0], [3258, 1], [3338, 1], [3418, 3], [3417, 0], [3417, 1], [3497, 0], [3497, 3], [3496, 1], [3576, 0], [3576, 1], [3656, 3], [3655, 0], [3655, 1], [3735, 3], [3734, 0], [3734, 3], [3733, 0], [3733, 3], [3732, 3], [3731, 1], [3811, 0], [3811, 3], [3810, 1]]",1
"7.10-48,74,36,155,214,98+5","[[3890, 4], [3891, 2], [3811, 0], [3811, 4], [3812, 4], [3813, 2], [3733, 0], [3733, 4], [3734, 0], [3734, 2], [3654, 4], [3655, 0], [3655, 2], [3575, 4], [3576, 0], [3576, 4], [3577, 2], [3497, 0], [3497, 2], [3417, 0], [3417, 2], [3337, 2], [3257, 4], [3258, 0], [3258, 2], [3178, 4], [3179, 0], [3179, 4], [3180, 1], [3260, 4], [3261, 1], [3341, 0], [3341, 4], [3342, 4], [3343, 4]]",1
"7.10-48,74,36,155,214,98+6","[[3344, 3], [3343, 3], [3342, 3], [3341, 0], [3341, 2], [3261, 3], [3260, 3], [3259, 2], [3179, 0], [3179, 3], [3178, 3], [3177, 2]]",1
"7.10-48,74,36,155,214,98+7","[[3097, 2], [3017, 3], [3016, 3], [3015, 2], [2935, 3], [2934, 0], [2934, 3], [2933, 3], [2932, 2], [2852, 0], [2852, 2], [2772, 3], [2771, 2], [2691, 3], [2690, 0], [2690, 3], [2689, 2], [2609, 3], [2608, 0], [2608, 3], [2607, 2], [2527, 0], [2527, 2], [2447, 3], [2446, 0], [2446, 3], [2445, 3], [2444, 2], [2364, 0], [2364, 3], [2363, 2], [2283, 2], [2203, 3], [2202, 0], [2202, 2], [2122, 3], [2121, 3], [2120, 3], [2119, 2], [2039, 0], [2039, 3], [2038, 0], [2038, 2], [1958, 2], [1878, 4], [1879, 0], [1879, 2], [1799, 4], [1800, 0], [1800, 2], [1720, 2], [1640, 4]]",1
"7.10-48,74,36,155,214,98+8","[[1641, 1], [1721, 3], [1720, 1], [1800, 0], [1800, 3], [1799, 1], [1879, 0], [1879, 1], [1959, 1], [2039, 3], [2038, 0], [2038, 4], [2039, 0], [2039, 1], [2119, 4], [2120, 4], [2121, 4], [2122, 1], [2202, 0], [2202, 4], [2203, 1], [2283, 1], [2363, 4], [2364, 0], [2364, 4], [2365, 1], [2445, 4], [2446, 0], [2446, 4], [2447, 1], [2527, 0], [2527, 4], [2528, 1], [2608, 0], [2608, 4], [2609, 4], [2610, 1], [2690, 0], [2690, 4], [2691, 1], [2771, 1], [2851, 4], [2852, 0], [2852, 4], [2853, 1], [2933, 4], [2934, 0], [2934, 1], [3014, 4], [3015, 4], [3016, 1], [3096, 4], [3097, 0], [3097, 4], [3098, 4], [3099, 1], [3179, 0], [3179, 4], [3180, 1], [3260, 4], [3261, 1], [3341, 0], [3341, 4], [3342, 4], [3343, 4]]",1
"7.10-48,74,36,155,214,98+9","[[3344, 3], [3343, 3], [3342, 3], [3341, 0], [3341, 3], [3340, 2], [3260, 2], [3180, 3], [3179, 0], [3179, 3], [3178, 2], [3098, 3]]",1
"7.10-48,74,36,155,214,98+10","[[3097, 4], [3098, 4], [3099, 1], [3179, 0], [3179, 1], [3259, 4], [3260, 1], [3340, 4], [3341, 0], [3341, 4], [3342, 4], [3343, 4]]",1
"7.10-48,74,36,155,214,98+11","[[3344, 0], [3344, 0], [3344, 0]]",1
"7.10-216,50,20,254,96,65+1","[[3097, 4], [3098, 4], [3099, 1], [3179, 0], [3179, 1], [3259, 4], [3260, 4], [3261, 1], [3341, 0], [3341, 4], [3342, 4], [3343, 4], [3344, 0], [3344, 4], [3345, 4], [3346, 4], [3347, 0], [3347, 4], [3348, 0], [3348, 1], [3428, 4], [3429, 0], [3429, 1], [3509, 1], [3589, 0], [3589, 1], [3669, 1], [3749, 0], [3749, 1], [3829, 3], [3828, 0], [3828, 3], [3827, 0], [3827, 1], [3907, 1], [3987, 0], [3987, 3], [3986, 1], [4066, 0], [4066, 3], [4065, 2], [3985, 0], [3985, 3], [3984, 0], [3984, 1], [4064, 0], [4064, 3], [4063, 0], [4063, 1], [4143, 0], [4143, 3], [4142, 1]]",1
"7.10-216,50,20,254,96,65+2","[[4222, 2], [4142, 4], [4143, 0], [4143, 2], [4063, 0], [4063, 4], [4064, 0], [4064, 2], [3984, 0], [3984, 4], [3985, 0], [3985, 4], [3986, 1], [4066, 0], [4066, 2], [3986, 4], [3987, 0], [3987, 2], [3907, 2], [3827, 0], [3827, 4], [3828, 0], [3828, 4], [3829, 2], [3749, 0], [3749, 2], [3669, 2], [3589, 0], [3589, 2], [3509, 2], [3429, 0], [3429, 3], [3428, 2], [3348, 0], [3348, 3], [3347, 0], [3347, 3], [3346, 3], [3345, 3]]",1
"7.10-216,50,20,254,96,65+3","[[3344, 3], [3343, 3], [3342, 3], [3341, 0], [3341, 3], [3340, 2], [3260, 2], [3180, 3], [3179, 0], [3179, 3], [3178, 2], [3098, 3]]",1
"7.10-216,50,20,254,96,65+4","[[3097, 4], [3098, 4], [3099, 1], [3179, 0], [3179, 4], [3180, 1], [3260, 4], [3261, 1], [3341, 0], [3341, 4], [3342, 4], [3343, 4]]",1
"7.10-216,50,20,254,96,65+5","[[3344, 0], [3344, 0], [3344, 0], [3344, 0], [3344, 0], [3344, 0], [3344, 0], [3344, 0], [3344, 0], [3344, 3], [3343, 3], [3342, 3], [3341, 0], [3341, 3], [3340, 2], [3260, 2], [3180, 3], [3179, 0], [3179, 3], [3178, 3], [3177, 2]]",1
"7.10-216,50,20,254,96,65+6","[[3097, 4], [3098, 1], [3178, 4], [3179, 0], [3179, 4], [3180, 1], [3260, 4], [3261, 1], [3341, 0], [3341, 4], [3342, 4], [3343, 4]]",1
"7.10-216,50,20,254,96,65+7","[[3344, 3], [3343, 3], [3342, 3], [3341, 0], [3341, 2], [3261, 3], [3260, 2], [3180, 3], [3179, 0], [3179, 3], [3178, 3], [3177, 2]]",1
"7.10-216,50,20,254,96,65+8","[[3097, 4], [3098, 4], [3099, 1], [3179, 0], [3179, 4], [3180, 1], [3260, 1], [3340, 4], [3341, 0], [3341, 4], [3342, 4], [3343, 4], [3344, 0], [3344, 4], [3345, 4], [3346, 4], [3347, 0], [3347, 4], [3348, 0], [3348, 4], [3349, 1], [3429, 0], [3429, 1], [3509, 1], [3589, 0], [3589, 1], [3669, 1], [3749, 0], [3749, 1], [3829, 3], [3828, 0], [3828, 3], [3827, 0], [3827, 1], [3907, 1], [3987, 0], [3987, 3], [3986, 1], [4066, 0], [4066, 2], [3986, 3], [3985, 0], [3985, 3], [3984, 0], [3984, 1], [4064, 0], [4064, 3], [4063, 0], [4063, 1], [4143, 0], [4143, 3], [4142, 1]]",1
"7.10-216,50,20,254,96,65+9","[[4222, 4], [4223, 2], [4143, 0], [4143, 2], [4063, 0], [4063, 4], [4064, 0], [4064, 2], [3984, 0], [3984, 4], [3985, 0], [3985, 1], [4065, 4], [4066, 0], [4066, 2], [3986, 4], [3987, 0], [3987, 2], [3907, 2], [3827, 0], [3827, 4], [3828, 0], [3828, 4], [3829, 2], [3749, 0], [3749, 2], [3669, 2], [3589, 0], [3589, 2], [3509, 2], [3429, 0], [3429, 2], [3349, 3], [3348, 0], [3348, 3], [3347, 0], [3347, 3], [3346, 3], [3345, 3]]",1
"7.10-216,50,20,254,96,65+10","[[3344, 3], [3343, 3], [3342, 3], [3341, 0], [3341, 2], [3261, 3], [3260, 2], [3180, 3], [3179, 0], [3179, 3], [3178, 2], [3098, 3]]",1
"7.10-216,50,20,254,96,65+11","[[3097, 4], [3098, 1], [3178, 4], [3179, 0], [3179, 1], [3259, 4], [3260, 4], [3261, 1], [3341, 0], [3341, 4], [3342, 4], [3343, 4], [3344, 0], [3344, 4], [3345, 4], [3346, 4], [3347, 0], [3347, 4], [3348, 0], [3348, 4], [3349, 1], [3429, 0], [3429, 1], [3509, 1], [3589, 0], [3589, 1], [3669, 1], [3749, 0], [3749, 1], [3829, 3], [3828, 0], [3828, 3], [3827, 0], [3827, 1], [3907, 1], [3987, 0], [3987, 3], [3986, 1], [4066, 0], [4066, 3], [4065, 2], [3985, 0], [3985, 3], [3984, 0], [3984, 1], [4064, 0], [4064, 3], [4063, 0], [4063, 1], [4143, 0], [4143, 1], [4223, 3]]",1
"7.10-216,50,20,254,96,65+12","[[4222, 4], [4223, 2], [4143, 0], [4143, 2], [4063, 0], [4063, 4], [4064, 0], [4064, 2], [3984, 0], [3984, 4], [3985, 0], [3985, 1], [4065, 4], [4066, 0], [4066, 2], [3986, 4], [3987, 0], [3987, 2], [3907, 2], [3827, 0], [3827, 4], [3828, 0], [3828, 4], [3829, 2], [3749, 0], [3749, 2], [3669, 2], [3589, 0], [3589, 2], [3509, 2], [3429, 0], [3429, 2], [3349, 3], [3348, 0], [3348, 3], [3347, 0], [3347, 3], [3346, 3], [3345, 3]]",1
"7.10-216,50,20,254,96,65+13","[[3344, 4], [3345, 4], [3346, 4], [3347, 0], [3347, 4], [3348, 0], [3348, 0], [3348, 2], [3268, 3], [3267, 0], [3267, 2], [3187, 2], [3107, 0], [3107, 2], [3027, 0], [3027, 2], [2947, 4], [2948, 0], [2948, 2], [2868, 0], [2868, 2], [2788, 4], [2789, 2], [2709, 0], [2709, 2], [2629, 0], [2629, 4], [2630, 4], [2631, 0], [2631, 4], [2632, 0], [2632, 4], [2633, 0], [2633, 2], [2553, 4], [2554, 0], [2554, 2], [2474, 0], [2474, 4], [2475, 2], [2395, 0], [2395, 0], [2395, 2], [2315, 4], [2316, 2], [2236, 0], [2236, 2], [2156, 2], [2076, 0], [2076, 2], [1996, 0], [1996, 3], [1995, 2], [1915, 0], [1915, 3], [1914, 2], [1834, 0], [1834, 2], [1754, 0], [1754, 2], [1674, 0], [1674, 2], [1594, 3], [1593, 0], [1593, 2], [1513, 0], [1513, 2], [1433, 0], [1433, 2], [1353, 4], [1354, 0], [1354, 2], [1274, 4], [1275, 0], [1275, 2], [1195, 0], [1195, 4], [1196, 2], [1116, 0], [1116, 3], [1115, 0], [1115, 4], [1116, 2]]",1
"7.10-216,50,20,254,96,65+14","[[1036, 3], [1035, 1], [1115, 0], [1115, 4], [1116, 0], [1116, 1], [1196, 3], [1195, 0], [1195, 1], [1275, 0], [1275, 3], [1274, 1], [1354, 0], [1354, 1], [1434, 3], [1433, 0], [1433, 1], [1513, 0], [1513, 1], [1593, 0], [1593, 1], [1673, 4], [1674, 0], [1674, 1], [1754, 0], [1754, 1], [1834, 0], [1834, 4], [1835, 1], [1915, 0], [1915, 1], [1995, 4], [1996, 0], [1996, 1], [2076, 0], [2076, 1], [2156, 1], [2236, 0], [2236, 1], [2316, 3], [2315, 1], [2395, 0], [2395, 0], [2395, 3], [2394, 1], [2474, 0], [2474, 1], [2554, 0], [2554, 1], [2634, 3], [2633, 0], [2633, 3], [2632, 0], [2632, 3], [2631, 0], [2631, 3], [2630, 3], [2629, 0], [2629, 1], [2709, 0], [2709, 1], [2789, 3], [2788, 1], [2868, 0], [2868, 1], [2948, 0], [2948, 1], [3028, 3], [3027, 0], [3027, 1], [3107, 0], [3107, 1], [3187, 1], [3267, 0], [3267, 4], [3268, 1], [3348, 0], [3348, 0], [3348, 1], [3428, 4], [3429, 0], [3429, 1], [3509, 1], [3589, 0], [3589, 1], [3669, 1], [3749, 0], [3749, 1], [3829, 3], [3828, 0], [3828, 3], [3827, 0], [3827, 1], [3907, 1], [3987, 0], [3987, 3], [3986, 1], [4066, 0], [4066, 3], [4065, 2], [3985, 0], [3985, 3], [3984, 0], [3984, 1], [4064, 0], [4064, 3], [4063, 0], [4063, 1], [4143, 0], [4143, 3], [4142, 1]]",1
"7.10-216,50,20,254,96,65+15","[[4222, 4], [4223, 2], [4143, 0], [4143, 2], [4063, 0], [4063, 4], [4064, 0], [4064, 2], [3984, 0], [3984, 4], [3985, 0], [3985, 4], [3986, 1], [4066, 0], [4066, 4], [4067, 2], [3987, 0], [3987, 2], [3907, 2], [3827, 0], [3827, 4], [3828, 0], [3828, 4], [3829, 2], [3749, 0], [3749, 2], [3669, 2], [3589, 0], [3589, 2], [3509, 2], [3429, 0], [3429, 2], [3349, 3], [3348, 0], [3348, 0], [3348, 2], [3268, 3], [3267, 0], [3267, 2], [3187, 2], [3107, 0], [3107, 2], [3027, 0], [3027, 2], [2947, 4], [2948, 0], [2948, 2], [2868, 0], [2868, 2], [2788, 4], [2789, 2], [2709, 0], [2709, 2], [2629, 0], [2629, 4], [2630, 4], [2631, 0], [2631, 4], [2632, 0], [2632, 4], [2633, 0], [2633, 4], [2634, 2], [2554, 0], [2554, 2], [2474, 0], [2474, 2], [2394, 4], [2395, 0], [2395, 0], [2395, 2], [2315, 2], [2235, 4], [2236, 0], [2236, 2], [2156, 2], [2076, 0], [2076, 2], [1996, 0], [1996, 2], [1916, 3], [1915, 0], [1915, 3], [1914, 2], [1834, 0], [1834, 2], [1754, 0], [1754, 2], [1674, 0], [1674, 3], [1673, 2], [1593, 0], [1593, 2], [1513, 0], [1513, 2], [1433, 0], [1433, 4], [1434, 2], [1354, 0], [1354, 4], [1355, 2], [1275, 0], [1275, 2], [1195, 0], [1195, 4], [1196, 2], [1116, 0], [1116, 3], [1115, 0], [1115, 4], [1116, 2]]",1
"7.10-216,50,20,254,96,65+16","[[1036, 3], [1035, 1], [1115, 0], [1115, 4], [1116, 0], [1116, 3], [1115, 1], [1195, 0], [1195, 1], [1275, 0], [1275, 1], [1355, 3], [1354, 0], [1354, 1], [1434, 3], [1433, 0], [1433, 1], [1513, 0], [1513, 1], [1593, 0], [1593, 1], [1673, 4], [1674, 0], [1674, 1], [1754, 0], [1754, 1], [1834, 0], [1834, 4], [1835, 1], [1915, 0], [1915, 4], [1916, 1], [1996, 0], [1996, 1], [2076, 0], [2076, 1], [2156, 1], [2236, 0], [2236, 1], [2316, 1], [2396, 3], [2395, 0], [2395, 0], [2395, 3], [2394, 1], [2474, 0], [2474, 1], [2554, 0], [2554, 1], [2634, 3], [2633, 0], [2633, 3], [2632, 0], [2632, 3], [2631, 0], [2631, 3], [2630, 3], [2629, 0], [2629, 1], [2709, 0], [2709, 1], [2789, 1], [2869, 3], [2868, 0], [2868, 1], [2948, 0], [2948, 1], [3028, 3], [3027, 0], [3027, 1], [3107, 0], [3107, 1], [3187, 1], [3267, 0], [3267, 4], [3268, 1], [3348, 0], [3348, 0], [3348, 3], [3347, 0], [3347, 3], [3346, 3], [3345, 3], [3344, 0], [3344, 3], [3343, 3], [3342, 3], [3341, 0], [3341, 2], [3261, 3], [3260, 2], [3180, 3], [3179, 0], [3179, 3], [3178, 2], [3098, 3]]",1
"7.10-216,50,20,254,96,65+17","[[3097, 4], [3098, 1], [3178, 4], [3179, 0], [3179, 1], [3259, 4], [3260, 1], [3340, 4], [3341, 0], [3341, 4], [3342, 4], [3343, 4], [3344, 0], [3344, 4], [3345, 4], [3346, 4], [3347, 0], [3347, 4], [3348, 0], [3348, 4], [3349, 1], [3429, 0], [3429, 1], [3509, 1], [3589, 0], [3589, 1], [3669, 1], [3749, 0], [3749, 3], [3748, 1], [3828, 0], [3828, 3], [3827, 0], [3827, 1], [3907, 1], [3987, 0], [3987, 1], [4067, 3], [4066, 0], [4066, 2], [3986, 3], [3985, 0], [3985, 3], [3984, 0], [3984, 1], [4064, 0], [4064, 3], [4063, 0], [4063, 1], [4143, 0], [4143, 3], [4142, 1]]",1
"7.10-216,50,20,254,96,65+18","[[4222, 4], [4223, 2], [4143, 0], [4143, 2], [4063, 0], [4063, 4], [4064, 0], [4064, 2], [3984, 0], [3984, 4], [3985, 0], [3985, 1], [4065, 4], [4066, 0], [4066, 2], [3986, 4], [3987, 0], [3987, 2], [3907, 2], [3827, 0], [3827, 4], [3828, 0], [3828, 4], [3829, 2], [3749, 0], [3749, 2], [3669, 2], [3589, 0], [3589, 2], [3509, 2], [3429, 0], [3429, 3], [3428, 2], [3348, 0], [3348, 3], [3347, 0], [3347, 3], [3346, 3], [3345, 3], [3344, 0], [3344, 3], [3343, 3], [3342, 3], [3341, 0], [3341, 2], [3261, 3], [3260, 2], [3180, 3], [3179, 0], [3179, 3], [3178, 2], [3098, 3]]",1
"7.10-48,74,38,153,214,98+1","[[2527, 3], [2526, 2], [2446, 0], [2446, 3], [2445, 3], [2444, 2], [2364, 0], [2364, 2], [2284, 3], [2283, 2], [2203, 3], [2202, 0], [2202, 3], [2201, 2], [2121, 3], [2120, 3], [2119, 2], [2039, 0], [2039, 3], [2038, 0], [2038, 2], [1958, 4], [1959, 2], [1879, 0], [1879, 2], [1799, 4], [1800, 0], [1800, 2], [1720, 2], [1640, 4]]",1
"7.10-48,74,38,153,214,98+2","[[1641, 1], [1721, 1], [1801, 3], [1800, 0], [1800, 1], [1880, 3], [1879, 0], [1879, 1], [1959, 1], [2039, 3], [2038, 0], [2038, 4], [2039, 0], [2039, 1], [2119, 4], [2120, 4], [2121, 1], [2201, 4], [2202, 0], [2202, 1], [2282, 4], [2283, 1], [2363, 4], [2364, 0], [2364, 4], [2365, 4], [2366, 1], [2446, 0], [2446, 1], [2526, 4], [2527, 0], [2527, 1], [2607, 4], [2608, 0], [2608, 4], [2609, 1], [2689, 4], [2690, 0], [2690, 4], [2691, 1], [2771, 1], [2851, 4], [2852, 0], [2852, 4], [2853, 1], [2933, 4], [2934, 0], [2934, 1], [3014, 4], [3015, 4], [3016, 4], [3017, 1], [3097, 0], [3097, 4], [3098, 4], [3099, 1], [3179, 0], [3179, 1], [3259, 4], [3260, 1], [3340, 4], [3341, 0], [3341, 4], [3342, 4], [3343, 4]]",1
"7.10-48,74,38,153,214,98+3","[[3344, 3], [3343, 3], [3342, 3], [3341, 0], [3341, 3], [3340, 2], [3260, 2], [3180, 3], [3179, 0], [3179, 3], [3178, 2], [3098, 3], [3097, 0], [3097, 3], [3096, 2], [3016, 3], [3015, 3], [3014, 2], [2934, 0], [2934, 3], [2933, 2], [2853, 3], [2852, 0], [2852, 2], [2772, 3], [2771, 2], [2691, 3], [2690, 0], [2690, 3], [2689, 2], [2609, 3], [2608, 0], [2608, 2], [2528, 3], [2527, 0], [2527, 2], [2447, 3], [2446, 0], [2446, 3], [2445, 2], [2365, 3], [2364, 0], [2364, 3], [2363, 2], [2283, 2], [2203, 3], [2202, 0], [2202, 2], [2122, 3], [2121, 3], [2120, 3], [2119, 2], [2039, 0], [2039, 3], [2038, 0], [2038, 2], [1958, 2], [1878, 4], [1879, 0], [1879, 4], [1880, 2], [1800, 0], [1800, 2], [1720, 4], [1721, 2]]",1
"7.10-48,74,38,153,214,98+4","[[1641, 1], [1721, 3], [1720, 1], [1800, 0], [1800, 3], [1799, 1], [1879, 0], [1879, 1], [1959, 1], [2039, 3], [2038, 0], [2038, 4], [2039, 0], [2039, 4], [2040, 1], [2120, 4], [2121, 1], [2201, 4], [2202, 0], [2202, 4], [2203, 1], [2283, 1], [2363, 4], [2364, 0], [2364, 4], [2365, 4], [2366, 1], [2446, 0], [2446, 4], [2447, 1], [2527, 0], [2527, 1], [2607, 4], [2608, 0], [2608, 4], [2609, 1], [2689, 4], [2690, 0], [2690, 4], [2691, 1], [2771, 1], [2851, 4], [2852, 0], [2852, 4], [2853, 1], [2933, 4], [2934, 0], [2934, 4], [2935, 1], [3015, 4], [3016, 1], [3096, 4]]",1
"7.10-48,74,38,153,214,98+5","[[3097, 2], [3017, 3], [3016, 3], [3015, 2], [2935, 3], [2934, 0], [2934, 3], [2933, 3], [2932, 2], [2852, 0], [2852, 2], [2772, 3], [2771, 3], [2770, 2], [2690, 0], [2690, 3], [2689, 2], [2609, 3], [2608, 0], [2608, 2], [2528, 3], [2527, 0], [2527, 3], [2526, 2], [2446, 0], [2446, 3], [2445, 2], [2365, 3], [2364, 0], [2364, 2], [2284, 3], [2283, 2], [2203, 3], [2202, 0], [2202, 2], [2122, 3], [2121, 3], [2120, 2], [2040, 3], [2039, 0], [2039, 3], [2038, 0], [2038, 2], [1958, 2], [1878, 4], [1879, 0], [1879, 2], [1799, 4], [1800, 0], [1800, 2], [1720, 2], [1640, 4]]",1
"7.10-48,74,38,153,214,98+6","[[1641, 1], [1721, 3], [1720, 1], [1800, 0], [1800, 1], [1880, 3], [1879, 0], [1879, 1], [1959, 1], [2039, 3], [2038, 0], [2038, 4], [2039, 0], [2039, 4], [2040, 1], [2120, 4], [2121, 4], [2122, 1], [2202, 0], [2202, 1], [2282, 4], [2283, 4], [2284, 1], [2364, 0], [2364, 4], [2365, 4], [2366, 1], [2446, 0], [2446, 1], [2526, 4], [2527, 0], [2527, 4], [2528, 1], [2608, 0], [2608, 4], [2609, 1], [2689, 4], [2690, 0], [2690, 1], [2770, 4], [2771, 1], [2851, 4], [2852, 0], [2852, 4], [2853, 4], [2854, 1], [2934, 0], [2934, 1], [3014, 4], [3015, 4], [3016, 4], [3017, 1], [3097, 0], [3097, 4], [3098, 1], [3178, 4], [3179, 0], [3179, 1], [3259, 4], [3260, 1], [3340, 4], [3341, 0], [3341, 4], [3342, 4], [3343, 4], [3344, 0], [3344, 4], [3345, 4], [3346, 4], [3347, 0], [3347, 4], [3348, 0], [3348, 4], [3349, 1], [3429, 0], [3429, 1], [3509, 1], [3589, 0], [3589, 1], [3669, 1], [3749, 0], [3749, 3], [3748, 1], [3828, 0], [3828, 3], [3827, 0], [3827, 1], [3907, 1], [3987, 0], [3987, 1], [4067, 3], [4066, 0], [4066, 2], [3986, 3], [3985, 0], [3985, 3], [3984, 0], [3984, 1], [4064, 0], [4064, 3], [4063, 0], [4063, 1], [4143, 0], [4143, 3], [4142, 1]]",1
"7.10-48,74,38,153,214,98+7","[[4222, 2], [4142, 4], [4143, 0], [4143, 2], [4063, 0], [4063, 4], [4064, 0], [4064, 2], [3984, 0], [3984, 4], [3985, 0], [3985, 4], [3986, 1], [4066, 0], [4066, 2], [3986, 4], [3987, 0], [3987, 2], [3907, 2], [3827, 0], [3827, 4], [3828, 0], [3828, 4], [3829, 2], [3749, 0], [3749, 2], [3669, 2], [3589, 0], [3589, 2], [3509, 2], [3429, 0], [3429, 2], [3349, 3], [3348, 0], [3348, 3], [3347, 0], [3347, 3], [3346, 3], [3345, 3], [3344, 0], [3344, 3], [3343, 3], [3342, 3], [3341, 0], [3341, 3], [3340, 2], [3260, 3], [3259, 2], [3179, 0], [3179, 3], [3178, 2], [3098, 3], [3097, 0], [3097, 3], [3096, 2], [3016, 3], [3015, 2], [2935, 3], [2934, 0], [2934, 1], [3014, 3], [3013, 1], [3093, 0], [3093, 3], [3092, 1], [3172, 3], [3171, 0], [3171, 3], [3170, 0], [3170, 2], [3090, 3], [3089, 0], [3089, 3], [3088, 0], [3088, 2], [3008, 3]]",1
"7.10-48,74,38,153,214,98+8","[[3007, 4], [3008, 1], [3088, 0], [3088, 4], [3089, 0], [3089, 1], [3169, 4], [3170, 0], [3170, 4], [3171, 0], [3171, 4], [3172, 2], [3092, 4], [3093, 0], [3093, 2], [3013, 2], [2933, 4], [2934, 0], [2934, 4], [2935, 1], [3015, 4], [3016, 4], [3017, 1], [3097, 0], [3097, 4], [3098, 4], [3099, 1], [3179, 0], [3179, 3], [3178, 1], [3258, 0], [3258, 1], [3338, 1], [3418, 3], [3417, 0], [3417, 1], [3497, 0], [3497, 1], [3577, 3], [3576, 0], [3576, 3], [3575, 1], [3655, 0], [3655, 3], [3654, 1], [3734, 0], [3734, 3], [3733, 0], [3733, 3], [3732, 3], [3731, 1], [3811, 0], [3811, 3], [3810, 1], [3890, 0], [3890, 1], [3970, 3], [3969, 0], [3969, 1], [4049, 3], [4048, 0], [4048, 4], [4049, 1], [4129, 0], [4129, 1], [4209, 4], [4210, 0], [4210, 4], [4211, 1], [4291, 0], [4291, 1]]",1
"7.10-48,74,38,153,214,98+9","[[4371, 2], [4291, 0], [4291, 3], [4290, 2], [4210, 0], [4210, 2], [4130, 3], [4129, 0], [4129, 2], [4049, 3], [4048, 0], [4048, 4], [4049, 2], [3969, 0], [3969, 2], [3889, 4], [3890, 0], [3890, 4], [3891, 2], [3811, 0], [3811, 4], [3812, 2], [3732, 4], [3733, 0], [3733, 4], [3734, 0], [3734, 2], [3654, 4], [3655, 0], [3655, 4], [3656, 2], [3576, 0], [3576, 2], [3496, 4], [3497, 0], [3497, 2], [3417, 0], [3417, 2], [3337, 4], [3338, 2], [3258, 0], [3258, 2], [3178, 4], [3179, 0], [3179, 4], [3180, 1], [3260, 1], [3340, 4], [3341, 0], [3341, 4], [3342, 4], [3343, 4]]",1
"7.10-48,74,38,153,214,98+10","[[3344, 3], [3343, 3], [3342, 3], [3341, 0], [3341, 3], [3340, 2], [3260, 3], [3259, 2], [3179, 0], [3179, 3], [3178, 2], [3098, 3]]",1
"7.10-48,74,38,153,214,98+11","[[3097, 4], [3098, 1], [3178, 4], [3179, 0], [3179, 1], [3259, 4], [3260, 1], [3340, 4], [3341, 0], [3341, 4], [3342, 4], [3343, 4]]",1
"7.10-48,74,38,153,214,98+12","[[3344, 3], [3343, 3], [3342, 3], [3341, 0], [3341, 2], [3261, 3], [3260, 3], [3259, 2], [3179, 0], [3179, 3], [3178, 3], [3177, 2], [3097, 0], [3097, 3], [3096, 2], [3016, 3], [3015, 3], [3014, 2], [2934, 0], [2934, 1], [3014, 1], [3094, 3], [3093, 0], [3093, 3], [3092, 3], [3091, 1], [3171, 0], [3171, 3], [3170, 0], [3170, 2], [3090, 3], [3089, 0], [3089, 3], [3088, 0], [3088, 2], [3008, 3]]",1
"7.10-48,74,38,153,214,98+13","[[3007, 1], [3087, 4], [3088, 0], [3088, 4], [3089, 0], [3089, 1], [3169, 4], [3170, 0], [3170, 4], [3171, 0], [3171, 4], [3172, 2], [3092, 4], [3093, 0], [3093, 2], [3013, 2], [2933, 4], [2934, 0], [2934, 4], [2935, 1], [3015, 4], [3016, 4], [3017, 1]]",1
"7.10-48,74,38,153,214,98+14","[[3097, 3], [3096, 2], [3016, 3], [3015, 3], [3014, 2], [2934, 0], [2934, 3], [2933, 2], [2853, 3], [2852, 0], [2852, 2], [2772, 3], [2771, 2], [2691, 3], [2690, 0], [2690, 3], [2689, 2], [2609, 3], [2608, 0], [2608, 2], [2528, 3], [2527, 0], [2527, 3], [2526, 2], [2446, 0], [2446, 3], [2445, 3], [2444, 2], [2364, 0], [2364, 2], [2284, 3], [2283, 2], [2203, 3], [2202, 0], [2202, 3], [2201, 2], [2121, 3], [2120, 3], [2119, 2], [2039, 0], [2039, 3], [2038, 0], [2038, 2], [1958, 4], [1959, 2], [1879, 0], [1879, 2], [1799, 4], [1800, 0], [1800, 2], [1720, 2], [1640, 4]]",1
"7.10-48,74,54,155,214,98+1","[[4222, 2], [4142, 4], [4143, 0], [4143, 2], [4063, 0], [4063, 4], [4064, 0], [4064, 2], [3984, 0], [3984, 4], [3985, 0], [3985, 1], [4065, 4], [4066, 0], [4066, 4], [4067, 2], [3987, 0], [3987, 2], [3907, 2], [3827, 0], [3827, 4], [3828, 0], [3828, 2], [3748, 4], [3749, 0], [3749, 2], [3669, 2], [3589, 0], [3589, 2], [3509, 2], [3429, 0], [3429, 2], [3349, 3], [3348, 0], [3348, 3], [3347, 0], [3347, 3], [3346, 3], [3345, 3], [3344, 0], [3344, 3], [3343, 3], [3342, 3], [3341, 0], [3341, 2], [3261, 3], [3260, 3], [3259, 2], [3179, 0], [3179, 3], [3178, 3], [3177, 2]]",1
"7.10-48,74,54,155,214,98+2","[[3097, 0], [3097, 0], [3097, 0], [3097, 0], [3097, 0], [3097, 0], [3097, 0], [3097, 0], [3097, 0], [3097, 0], [3097, 0], [3097, 0], [3097, 4], [3098, 1], [3178, 4], [3179, 0], [3179, 4], [3180, 1], [3260, 4], [3261, 1], [3341, 0], [3341, 4], [3342, 4], [3343, 4]]",1
"7.10-48,74,54,155,214,98+3","[[3344, 3], [3343, 3], [3342, 3], [3341, 0], [3341, 3], [3340, 2], [3260, 3], [3259, 2], [3179, 0], [3179, 3], [3178, 1], [3258, 0], [3258, 1], [3338, 1], [3418, 3], [3417, 0], [3417, 1], [3497, 0], [3497, 3], [3496, 1], [3576, 0], [3576, 1], [3656, 3], [3655, 0], [3655, 1], [3735, 3], [3734, 0], [3734, 3], [3733, 0], [3733, 3], [3732, 3], [3731, 1], [3811, 0], [3811, 3], [3810, 1], [3890, 0], [3890, 1], [3970, 3], [3969, 0], [3969, 3], [3968, 1], [4048, 0], [4048, 1], [4128, 4], [4129, 0], [4129, 1], [4209, 4], [4210, 0], [4210, 4], [4211, 1], [4291, 0], [4291, 1]]",1
"7.10-48,74,54,155,214,98+4","[[4371, 2], [4291, 0], [4291, 3], [4290, 2], [4210, 0], [4210, 2], [4130, 3], [4129, 0], [4129, 2], [4049, 3], [4048, 0], [4048, 4], [4049, 2], [3969, 0], [3969, 4], [3970, 2], [3890, 0], [3890, 4], [3891, 2], [3811, 0], [3811, 4], [3812, 2], [3732, 4], [3733, 0], [3733, 4], [3734, 0], [3734, 2], [3654, 4], [3655, 0], [3655, 4], [3656, 2], [3576, 0], [3576, 2], [3496, 4], [3497, 0], [3497, 2], [3417, 0], [3417, 2], [3337, 2], [3257, 4], [3258, 0], [3258, 2], [3178, 4], [3179, 0], [3179, 1], [3259, 4], [3260, 4], [3261, 1], [3341, 0], [3341, 4], [3342, 4], [3343, 4]]",1
"7.10-48,74,54,155,214,98+5","[[3344, 4], [3345, 4], [3346, 4], [3347, 0], [3347, 4], [3348, 0], [3348, 1], [3428, 4], [3429, 0], [3429, 1], [3509, 1], [3589, 0], [3589, 1], [3669, 1], [3749, 0], [3749, 3], [3748, 1], [3828, 0], [3828, 3], [3827, 0], [3827, 1], [3907, 1], [3987, 0], [3987, 3], [3986, 1], [4066, 0], [4066, 3], [4065, 2], [3985, 0], [3985, 3], [3984, 0], [3984, 1], [4064, 0], [4064, 3], [4063, 0], [4063, 1], [4143, 0], [4143, 1], [4223, 3]]",1
"7.10-48,74,54,155,214,98+6","[[4222, 4], [4223, 2], [4143, 0], [4143, 2], [4063, 0], [4063, 4], [4064, 0], [4064, 2], [3984, 0], [3984, 4], [3985, 0], [3985, 1], [4065, 4], [4066, 0], [4066, 4], [4067, 2], [3987, 0], [3987, 2], [3907, 2], [3827, 0], [3827, 4], [3828, 0], [3828, 2], [3748, 4], [3749, 0], [3749, 2], [3669, 2], [3589, 0], [3589, 2], [3509, 2], [3429, 0], [3429, 3], [3428, 2], [3348, 0], [3348, 3], [3347, 0], [3347, 3], [3346, 3], [3345, 3], [3344, 0], [3344, 3], [3343, 3], [3342, 3], [3341, 0], [3341, 2], [3261, 3], [3260, 2], [3180, 3], [3179, 0], [3179, 3], [3178, 2], [3098, 3], [3097, 0], [3097, 2], [3017, 3], [3016, 3], [3015, 2], [2935, 3], [2934, 0], [2934, 3], [2933, 2], [2853, 3], [2852, 0], [2852, 2], [2772, 3], [2771, 3], [2770, 2], [2690, 0], [2690, 3], [2689, 2], [2609, 3], [2608, 0], [2608, 3], [2607, 2], [2527, 0], [2527, 2], [2447, 3], [2446, 0], [2446, 3], [2445, 2], [2365, 3], [2364, 0], [2364, 3], [2363, 2], [2283, 3], [2282, 2], [2202, 0], [2202, 2], [2122, 3], [2121, 3], [2120, 3], [2119, 2], [2039, 0], [2039, 3], [2038, 0], [2038, 2], [1958, 4], [1959, 2], [1879, 0], [1879, 4], [1880, 2], [1800, 0], [1800, 2], [1720, 2], [1640, 4]]",1
"7.10-48,74,54,155,214,98+7","[[1641, 1], [1721, 3], [1720, 1], [1800, 0], [1800, 3], [1799, 1], [1879, 0], [1879, 1], [1959, 1], [2039, 3], [2038, 0], [2038, 4], [2039, 0], [2039, 1], [2119, 4], [2120, 4], [2121, 1], [2201, 4], [2202, 0], [2202, 4], [2203, 1], [2283, 4], [2284, 1], [2364, 0], [2364, 4], [2365, 4], [2366, 1], [2446, 0], [2446, 4], [2447, 1], [2527, 0], [2527, 1], [2607, 4], [2608, 0], [2608, 4], [2609, 1], [2689, 4], [2690, 0], [2690, 4], [2691, 1], [2771, 1], [2851, 4], [2852, 0], [2852, 4], [2853, 4], [2854, 1], [2934, 0], [2934, 1], [3014, 4], [3015, 4], [3016, 4], [3017, 1], [3097, 0], [3097, 4], [3098, 1], [3178, 4], [3179, 0], [3179, 4], [3180, 1], [3260, 4], [3261, 1], [3341, 0], [3341, 4], [3342, 4], [3343, 4], [3344, 0], [3344, 4], [3345, 4], [3346, 4], [3347, 0], [3347, 4], [3348, 0], [3348, 1], [3428, 4], [3429, 0], [3429, 4], [3430, 4], [3431, 4], [3432, 0], [3432, 4], [3433, 4], [3434, 4]]",1
"7.10-48,74,54,155,214,98+8","[[3435, 3], [3434, 3], [3433, 3], [3432, 0], [3432, 3], [3431, 3], [3430, 3], [3429, 0], [3429, 1], [3509, 1], [3589, 0], [3589, 1], [3669, 1], [3749, 0], [3749, 3], [3748, 1], [3828, 0], [3828, 3], [3827, 0], [3827, 1], [3907, 1], [3987, 0], [3987, 1], [4067, 3], [4066, 0], [4066, 2], [3986, 3], [3985, 0], [3985, 3], [3984, 0], [3984, 1], [4064, 0], [4064, 3], [4063, 0], [4063, 1], [4143, 0], [4143, 3], [4142, 1], [4222, 0], [4222, 1], [4302, 3], [4301, 0], [4301, 1], [4381, 3], [4380, 0], [4380, 3], [4379, 3], [4378, 1], [4458, 0], [4458, 3], [4457, 0], [4457, 1], [4537, 3], [4536, 0], [4536, 3], [4535, 0], [4535, 3], [4534, 0], [4534, 3], [4533, 0], [4533, 3], [4532, 0], [4532, 0], [4532, 2], [4452, 2], [4372, 0], [4372, 3]]",1
"7.10-48,74,54,155,214,98+9","[[4371, 0], [4371, 2], [4291, 0], [4291, 2], [4211, 3], [4210, 0], [4210, 2], [4130, 3], [4129, 0], [4129, 3], [4128, 2], [4048, 0], [4048, 2], [3968, 4], [3969, 0], [3969, 4], [3970, 2], [3890, 0], [3890, 2], [3810, 4], [3811, 0], [3811, 4], [3812, 2], [3732, 4], [3733, 0], [3733, 4], [3734, 0], [3734, 2], [3654, 4], [3655, 0], [3655, 2], [3575, 4], [3576, 0], [3576, 4], [3577, 2], [3497, 0], [3497, 2], [3417, 0], [3417, 2], [3337, 4], [3338, 2], [3258, 0], [3258, 4], [3259, 2], [3179, 0], [3179, 3], [3178, 2], [3098, 3]]",1
"7.10-48,74,54,155,214,98+10","[[3097, 4], [3098, 4], [3099, 1], [3179, 0], [3179, 4], [3180, 1], [3260, 1], [3340, 4], [3341, 0], [3341, 4], [3342, 4], [3343, 4]]",1
"7.10-48,74,54,155,214,98+11","[[3344, 3], [3343, 3], [3342, 3], [3341, 0], [3341, 3], [3340, 2], [3260, 3], [3259, 2], [3179, 0], [3179, 1], [3259, 3], [3258, 0], [3258, 1], [3338, 3], [3337, 1], [3417, 0], [3417, 1], [3497, 0], [3497, 3], [3496, 1], [3576, 0], [3576, 1], [3656, 3], [3655, 0], [3655, 3], [3654, 1], [3734, 0], [3734, 3], [3733, 0], [3733, 3], [3732, 3], [3731, 1], [3811, 0], [3811, 1], [3891, 3], [3890, 0], [3890, 3], [3889, 1], [3969, 0], [3969, 1], [4049, 3], [4048, 0], [4048, 4], [4049, 1], [4129, 0], [4129, 4], [4130, 1], [4210, 0], [4210, 1], [4290, 4], [4291, 0], [4291, 1]]",1
"7.10-48,74,54,155,214,98+12","[[4371, 2], [4291, 0], [4291, 3], [4290, 2], [4210, 0], [4210, 3], [4209, 2], [4129, 0], [4129, 2], [4049, 3], [4048, 0], [4048, 4], [4049, 2], [3969, 0], [3969, 2], [3889, 4], [3890, 0], [3890, 2], [3810, 4], [3811, 0], [3811, 4], [3812, 4], [3813, 2], [3733, 0], [3733, 4], [3734, 0], [3734, 2], [3654, 4], [3655, 0], [3655, 2], [3575, 4], [3576, 0], [3576, 4], [3577, 2], [3497, 0], [3497, 2], [3417, 0], [3417, 2], [3337, 2], [3257, 4], [3258, 0], [3258, 4], [3259, 2], [3179, 0], [3179, 3], [3178, 3], [3177, 2], [3097, 0], [3097, 3], [3096, 2], [3016, 3], [3015, 2], [2935, 3], [2934, 0], [2934, 3], [2933, 2], [2853, 3], [2852, 0], [2852, 3], [2851, 2], [2771, 3], [2770, 2], [2690, 0], [2690, 3], [2689, 3], [2688, 2], [2608, 0], [2608, 3], [2607, 2], [2527, 0], [2527, 3], [2526, 2], [2446, 0], [2446, 3], [2445, 2], [2365, 3], [2364, 0], [2364, 2], [2284, 3], [2283, 2], [2203, 3], [2202, 0], [2202, 3], [2201, 2], [2121, 3], [2120, 2], [2040, 3], [2039, 0], [2039, 3], [2038, 0], [2038, 2], [1958, 4], [1959, 2], [1879, 0], [1879, 2], [1799, 4], [1800, 0], [1800, 2], [1720, 4], [1721, 2]]",1
"7.10-48,74,54,155,214,98+13","[[1641, 1], [1721, 1], [1801, 3], [1800, 0], [1800, 1], [1880, 3], [1879, 0], [1879, 1], [1959, 3], [1958, 1], [2038, 0], [2038, 4], [2039, 0], [2039, 4], [2040, 1], [2120, 4], [2121, 1], [2201, 4], [2202, 0], [2202, 1], [2282, 4], [2283, 1], [2363, 4], [2364, 0], [2364, 4], [2365, 4], [2366, 1], [2446, 0], [2446, 4], [2447, 1], [2527, 0], [2527, 1], [2607, 4], [2608, 0], [2608, 4], [2609, 4], [2610, 1], [2690, 0], [2690, 4], [2691, 1], [2771, 1], [2851, 4], [2852, 0], [2852, 4], [2853, 4], [2854, 1], [2934, 0], [2934, 4], [2935, 1], [3015, 4], [3016, 4], [3017, 1], [3097, 0], [3097, 4], [3098, 4], [3099, 1], [3179, 0], [3179, 4], [3180, 1], [3260, 4], [3261, 1], [3341, 0], [3341, 4], [3342, 4], [3343, 4], [3344, 0], [3344, 4], [3345, 4], [3346, 4], [3347, 0], [3347, 4], [3348, 0], [3348, 4], [3349, 1], [3429, 0], [3429, 4], [3430, 4], [3431, 4], [3432, 0], [3432, 4], [3433, 4], [3434, 4]]",1
"7.10-48,74,54,155,214,98+14","[[3435, 3], [3434, 3], [3433, 3], [3432, 0], [3432, 3], [3431, 3], [3430, 3], [3429, 0], [3429, 3], [3428, 2], [3348, 0], [3348, 3], [3347, 0], [3347, 3], [3346, 3], [3345, 3], [3344, 0], [3344, 3], [3343, 3], [3342, 3], [3341, 0], [3341, 3], [3340, 2], [3260, 3], [3259, 2], [3179, 0], [3179, 3], [3178, 3], [3177, 2], [3097, 0], [3097, 2], [3017, 3], [3016, 3], [3015, 3], [3014, 2], [2934, 0], [2934, 1], [3014, 3], [3013, 1], [3093, 0], [3093, 3], [3092, 1], [3172, 3], [3171, 0], [3171, 3], [3170, 0], [3170, 3], [3169, 2], [3089, 0], [3089, 3], [3088, 0], [3088, 3], [3087, 2]]",1
"7.10-48,74,54,155,214,98+15","[[3007, 2], [2927, 3], [2926, 0], [2926, 2], [2846, 0], [2846, 2], [2766, 2], [2686, 0], [2686, 2], [2606, 2], [2526, 4], [2527, 0], [2527, 4], [2528, 1], [2608, 0], [2608, 4], [2609, 4], [2610, 2], [2530, 0], [2530, 2], [2450, 4], [2451, 0], [2451, 2], [2371, 0], [2371, 4], [2372, 2], [2292, 0], [2292, 4], [2293, 0], [2293, 4], [2294, 0], [2294, 4], [2295, 1], [2375, 0]]",1
"7.10-48,74,54,155,214,98+16","[[2375, 1], [2455, 4], [2456, 0], [2456, 1], [2536, 4], [2537, 0], [2537, 1], [2617, 4], [2618, 0], [2618, 1], [2698, 0], [2698, 1], [2778, 4], [2779, 0], [2779, 1], [2859, 1], [2939, 0], [2939, 1], [3019, 3], [3018, 0], [3018, 3], [3017, 1], [3097, 0], [3097, 4], [3098, 4], [3099, 1], [3179, 0], [3179, 1], [3259, 3], [3258, 0], [3258, 1], [3338, 3], [3337, 1], [3417, 0], [3417, 1], [3497, 0], [3497, 3], [3496, 1], [3576, 0], [3576, 1], [3656, 3], [3655, 0], [3655, 1], [3735, 3], [3734, 0], [3734, 3], [3733, 0], [3733, 3], [3732, 1], [3812, 3], [3811, 0], [3811, 3], [3810, 1], [3890, 0], [3890, 3], [3889, 1], [3969, 0], [3969, 1], [4049, 3], [4048, 0], [4048, 1], [4128, 4], [4129, 0], [4129, 1], [4209, 4], [4210, 0], [4210, 4], [4211, 1], [4291, 0], [4291, 1]]",1
"7.10-48,74,54,155,214,98+17","[[4371, 2], [4291, 0], [4291, 3], [4290, 2], [4210, 0], [4210, 2], [4130, 3], [4129, 0], [4129, 3], [4128, 2], [4048, 0], [4048, 2], [3968, 4], [3969, 0], [3969, 4], [3970, 2], [3890, 0], [3890, 2], [3810, 4], [3811, 0], [3811, 4], [3812, 4], [3813, 2], [3733, 0], [3733, 4], [3734, 0], [3734, 4], [3735, 2], [3655, 0], [3655, 4], [3656, 2], [3576, 0], [3576, 4], [3577, 2], [3497, 0], [3497, 2], [3417, 0], [3417, 2], [3337, 2], [3257, 4], [3258, 0], [3258, 4], [3259, 2], [3179, 0], [3179, 3], [3178, 3], [3177, 2]]",1
"7.10-48,74,54,155,214,98+18","[[3097, 4], [3098, 4], [3099, 1], [3179, 0], [3179, 1], [3259, 4], [3260, 1], [3340, 4], [3341, 0], [3341, 4], [3342, 4], [3343, 4]]",1
"7.10-48,74,54,155,214,98+19","[[3344, 0], [3344, 0], [3344, 0], [3344, 0], [3344, 0], [3344, 0], [3344, 0], [3344, 0], [3344, 0], [3344, 0], [3344, 0], [3344, 0], [3344, 0], [3344, 0], [3344, 0], [3344, 0], [3344, 0], [3344, 0], [3344, 0], [3344, 0], [3344, 0], [3344, 3], [3343, 3], [3342, 3], [3341, 0], [3341, 2], [3261, 3], [3260, 3], [3259, 2], [3179, 0], [3179, 3], [3178, 2], [3098, 3]]",1
"7.10-48,74,54,155,214,98+20","[[3097, 4], [3098, 1], [3178, 4], [3179, 0], [3179, 4], [3180, 1], [3260, 4], [3261, 1], [3341, 0], [3341, 4], [3342, 4], [3343, 4]]",1
"7.10-48,74,54,155,214,98+21","[[3344, 0], [3344, 0], [3344, 0], [3344, 0], [3344, 0], [3344, 0], [3344, 0], [3344, 0], [3344, 0], [3344, 0], [3344, 0], [3344, 0], [3344, 0], [3344, 0]]",1
"7.10-156,116,3,24,100,145+1","[[3344, 0], [3344, 0], [3344, 0], [3344, 0], [3344, 0], [3344, 0], [3344, 0], [3344, 0], [3344, 0], [3344, 0], [3344, 0], [3344, 0], [3344, 0], [3344, 0], [3344, 3], [3343, 3], [3342, 3], [3341, 0], [3341, 2], [3261, 3], [3260, 3], [3259, 2], [3179, 0], [3179, 3], [3178, 1], [3258, 0], [3258, 1], [3338, 3], [3337, 1], [3417, 0], [3417, 1], [3497, 0], [3497, 3], [3496, 1], [3576, 0], [3576, 1], [3656, 3], [3655, 0], [3655, 3], [3654, 1], [3734, 0], [3734, 3], [3733, 0], [3733, 3], [3732, 3], [3731, 1], [3811, 0], [3811, 3], [3810, 1]]",1
"7.10-156,116,3,24,100,145+2","[[3890, 4], [3891, 2], [3811, 0], [3811, 4], [3812, 2], [3732, 4], [3733, 0], [3733, 4], [3734, 0], [3734, 2], [3654, 4], [3655, 0], [3655, 4], [3656, 2], [3576, 0], [3576, 2], [3496, 4], [3497, 0], [3497, 2], [3417, 0], [3417, 2], [3337, 4], [3338, 2], [3258, 0], [3258, 2], [3178, 4], [3179, 0], [3179, 4], [3180, 1], [3260, 4], [3261, 1], [3341, 0], [3341, 4], [3342, 4], [3343, 4]]",1
"7.10-156,116,3,24,100,145+3","[[3344, 3], [3343, 3], [3342, 3], [3341, 0], [3341, 2], [3261, 3], [3260, 3], [3259, 2], [3179, 0], [3179, 3], [3178, 3], [3177, 2]]",1
"7.10-156,116,3,24,100,145+5","[[3249, 0], [3249, 0], [3249, 0], [3249, 0], [3249, 0], [3249, 0], [3249, 0]]",1
"7.10-156,116,3,24,100,145+10","[[3344, 3], [3343, 3], [3342, 3], [3341, 0], [3341, 2], [3261, 3], [3260, 2], [3180, 3], [3179, 0], [3179, 3], [3178, 2], [3098, 3], [3097, 0], [3097, 3], [3096, 2], [3016, 3], [3015, 2], [2935, 3], [2934, 0], [2934, 1], [3014, 3], [3013, 1], [3093, 0], [3093, 3], [3092, 1], [3172, 3], [3171, 0], [3171, 3], [3170, 0], [3170, 3], [3169, 2], [3089, 0], [3089, 3], [3088, 0], [3088, 3], [3087, 2]]",1
"7.10-156,116,3,24,100,145+14","[[3890, 2], [3810, 4], [3811, 0], [3811, 4], [3812, 4], [3813, 2], [3733, 0], [3733, 4], [3734, 0], [3734, 2], [3654, 4], [3655, 0], [3655, 4], [3656, 2], [3576, 0], [3576, 2], [3496, 4], [3497, 0], [3497, 2], [3417, 0], [3417, 2], [3337, 2], [3257, 4], [3258, 0], [3258, 2], [3178, 4], [3179, 0], [3179, 3], [3178, 2], [3098, 3], [3097, 0], [3097, 3], [3096, 2], [3016, 3], [3015, 2], [2935, 3], [2934, 0], [2934, 1], [3014, 3], [3013, 1], [3093, 0], [3093, 3], [3092, 3], [3091, 1], [3171, 0], [3171, 3], [3170, 0], [3170, 3], [3169, 2], [3089, 0], [3089, 3], [3088, 0], [3088, 3], [3087, 2]]",1
"7.10-156,116,3,24,100,145+15","[[3007, 0], [3007, 0], [3007, 1], [3087, 4], [3088, 0], [3088, 4], [3089, 0], [3089, 1], [3169, 4], [3170, 0], [3170, 4], [3171, 0], [3171, 4], [3172, 4], [3173, 2], [3093, 0], [3093, 2], [3013, 2], [2933, 4], [2934, 0], [2934, 4], [2935, 1], [3015, 4], [3016, 1], [3096, 4], [3097, 0], [3097, 4], [3098, 1], [3178, 4], [3179, 0], [3179, 1], [3259, 4], [3260, 4], [3261, 1], [3341, 0], [3341, 4], [3342, 4], [3343, 4]]",1
"7.10-156,116,3,24,100,145+16","[[3344, 4], [3345, 4], [3346, 4], [3347, 0], [3347, 4], [3348, 0], [3348, 1], [3428, 4], [3429, 0], [3429, 1], [3509, 1], [3589, 0], [3589, 1], [3669, 1], [3749, 0], [3749, 1], [3829, 3], [3828, 0], [3828, 3], [3827, 0], [3827, 1], [3907, 1], [3987, 0], [3987, 1], [4067, 3], [4066, 0], [4066, 3], [4065, 2], [3985, 0], [3985, 3], [3984, 0], [3984, 1], [4064, 0], [4064, 3], [4063, 0], [4063, 1], [4143, 0], [4143, 3], [4142, 1]]",1
"7.10-156,116,3,24,100,145+18","[[3249, 0], [3249, 0], [3249, 0], [3249, 0], [3249, 0], [3249, 0]]",1
"7.10-156,116,3,24,100,145+19","[[1641, 1], [1721, 1], [1801, 3], [1800, 0], [1800, 4], [1801, 4], [1802, 1], [1882, 0], [1882, 4], [1883, 4], [1884, 0], [1884, 4], [1885, 1], [1965, 4], [1966, 1], [2046, 0], [2046, 4], [2047, 4], [2048, 0], [2048, 1], [2128, 0], [2128, 4], [2129, 1], [2209, 0], [2209, 4], [2210, 1], [2290, 4], [2291, 0], [2291, 4], [2292, 0], [2292, 4], [2293, 0], [2293, 4], [2294, 0], [2294, 4], [2295, 1], [2375, 0]]",1
"7.10-156,116,3,24,100,145+24","[[2375, 0], [2375, 2], [2295, 3], [2294, 0], [2294, 3], [2293, 0], [2293, 3], [2292, 0], [2292, 3], [2291, 1], [2371, 0], [2371, 1], [2451, 0], [2451, 3], [2450, 1], [2530, 0], [2530, 3], [2529, 1], [2609, 3], [2608, 0], [2608, 3], [2607, 2]]",1
"7.10-156,116,3,24,100,145+27","[[2375, 0], [2375, 2], [2295, 3], [2294, 0], [2294, 3], [2293, 0], [2293, 3], [2292, 0], [2292, 1], [2372, 3], [2371, 0], [2371, 1], [2451, 0], [2451, 1], [2531, 3], [2530, 0], [2530, 3], [2529, 3], [2528, 1], [2608, 0], [2608, 2], [2528, 3]]",1
"7.10-48,72,38,155,214,98+1","[[4371, 2], [4291, 0], [4291, 2], [4211, 3], [4210, 0], [4210, 3], [4209, 2], [4129, 0], [4129, 3], [4128, 2], [4048, 0], [4048, 4], [4049, 2], [3969, 0], [3969, 4], [3970, 2], [3890, 0], [3890, 4], [3891, 2], [3811, 0], [3811, 4], [3812, 2], [3732, 4], [3733, 0], [3733, 4], [3734, 0], [3734, 4], [3735, 2], [3655, 0], [3655, 2], [3575, 4], [3576, 0], [3576, 4], [3577, 2], [3497, 0], [3497, 2], [3417, 0], [3417, 2], [3337, 2], [3257, 4], [3258, 0], [3258, 2], [3178, 4], [3179, 0], [3179, 3], [3178, 2], [3098, 3]]",1
"7.10-48,72,38,155,214,98+2","[[3097, 2], [3017, 3], [3016, 3], [3015, 3], [3014, 2], [2934, 0], [2934, 3], [2933, 2], [2853, 3], [2852, 0], [2852, 2], [2772, 3], [2771, 3], [2770, 2], [2690, 0], [2690, 3], [2689, 3], [2688, 2], [2608, 0], [2608, 2], [2528, 3], [2527, 0], [2527, 3], [2526, 2], [2446, 0], [2446, 3], [2445, 2], [2365, 3], [2364, 0], [2364, 2], [2284, 3], [2283, 2], [2203, 3], [2202, 0], [2202, 3], [2201, 2], [2121, 3], [2120, 3], [2119, 2], [2039, 0], [2039, 3], [2038, 0], [2038, 2], [1958, 4], [1959, 2], [1879, 0], [1879, 2], [1799, 4], [1800, 0], [1800, 2], [1720, 2], [1640, 4]]",1
"7.10-48,72,38,155,214,98+3","[[1641, 1], [1721, 3], [1720, 1], [1800, 0], [1800, 3], [1799, 1], [1879, 0], [1879, 1], [1959, 1], [2039, 3], [2038, 0], [2038, 4], [2039, 0], [2039, 1], [2119, 4], [2120, 4], [2121, 1], [2201, 4], [2202, 0], [2202, 1], [2282, 4], [2283, 1], [2363, 4], [2364, 0], [2364, 4], [2365, 4], [2366, 1], [2446, 0], [2446, 4], [2447, 1], [2527, 0], [2527, 4], [2528, 1], [2608, 0], [2608, 4], [2609, 1], [2689, 4], [2690, 0], [2690, 1], [2770, 4], [2771, 1], [2851, 4], [2852, 0], [2852, 4], [2853, 1], [2933, 4], [2934, 0], [2934, 4], [2935, 1], [3015, 4], [3016, 4], [3017, 1], [3097, 0], [3097, 4], [3098, 4], [3099, 1], [3179, 0], [3179, 4], [3180, 1], [3260, 1], [3340, 4], [3341, 0], [3341, 4], [3342, 4], [3343, 4]]",1
"7.10-48,72,38,155,214,98+4","[[3344, 0], [3344, 0], [3344, 0], [3344, 0], [3344, 3], [3343, 3], [3342, 3], [3341, 0], [3341, 2], [3261, 3], [3260, 2], [3180, 3], [3179, 0], [3179, 3], [3178, 2], [3098, 3], [3097, 0], [3097, 2], [3017, 3], [3016, 3], [3015, 3], [3014, 2], [2934, 0], [2934, 3], [2933, 2], [2853, 3], [2852, 0], [2852, 3], [2851, 2], [2771, 3], [2770, 2], [2690, 0], [2690, 3], [2689, 2], [2609, 3], [2608, 0], [2608, 3], [2607, 2], [2527, 0], [2527, 2], [2447, 3], [2446, 0], [2446, 3], [2445, 3], [2444, 2], [2364, 0], [2364, 3], [2363, 2], [2283, 2], [2203, 3], [2202, 0], [2202, 2], [2122, 3], [2121, 3], [2120, 3], [2119, 2], [2039, 0], [2039, 3], [2038, 0], [2038, 2], [1958, 2], [1878, 4], [1879, 0], [1879, 2], [1799, 4], [1800, 0], [1800, 2], [1720, 2], [1640, 4]]",1
"7.10-48,72,38,155,214,98+5","[[1641, 1], [1721, 3], [1720, 1], [1800, 0], [1800, 3], [1799, 1], [1879, 0], [1879, 1], [1959, 1], [2039, 3], [2038, 0], [2038, 4], [2039, 0], [2039, 1], [2119, 4], [2120, 4], [2121, 4], [2122, 1], [2202, 0], [2202, 1], [2282, 4], [2283, 1], [2363, 4], [2364, 0], [2364, 4], [2365, 1], [2445, 4], [2446, 0], [2446, 4], [2447, 1], [2527, 0], [2527, 4], [2528, 1], [2608, 0], [2608, 4], [2609, 4], [2610, 1], [2690, 0], [2690, 1], [2770, 4], [2771, 1], [2851, 4], [2852, 0], [2852, 4], [2853, 4], [2854, 1], [2934, 0], [2934, 1], [3014, 4], [3015, 4], [3016, 4], [3017, 1], [3097, 0], [3097, 4], [3098, 4], [3099, 1], [3179, 0], [3179, 3], [3178, 1], [3258, 0], [3258, 1], [3338, 1], [3418, 3], [3417, 0], [3417, 1], [3497, 0], [3497, 3], [3496, 1], [3576, 0], [3576, 3], [3575, 1], [3655, 0], [3655, 3], [3654, 1], [3734, 0], [3734, 3], [3733, 0], [3733, 3], [3732, 3], [3731, 1], [3811, 0], [3811, 1], [3891, 3], [3890, 0], [3890, 1], [3970, 3], [3969, 0], [3969, 3], [3968, 1], [4048, 0], [4048, 4], [4049, 1], [4129, 0], [4129, 4], [4130, 1], [4210, 0], [4210, 4], [4211, 1], [4291, 0], [4291, 1]]",1
"7.10-48,72,38,155,214,98+6","[[4371, 2], [4291, 0], [4291, 3], [4290, 2], [4210, 0], [4210, 2], [4130, 3], [4129, 0], [4129, 2], [4049, 3], [4048, 0], [4048, 4], [4049, 2], [3969, 0], [3969, 4], [3970, 2], [3890, 0], [3890, 2], [3810, 4], [3811, 0], [3811, 4], [3812, 4], [3813, 2], [3733, 0], [3733, 4], [3734, 0], [3734, 2], [3654, 4], [3655, 0], [3655, 4], [3656, 2], [3576, 0], [3576, 2], [3496, 4], [3497, 0], [3497, 2], [3417, 0], [3417, 2], [3337, 4], [3338, 2], [3258, 0], [3258, 4], [3259, 2], [3179, 0], [3179, 4], [3180, 1], [3260, 4], [3261, 1], [3341, 0], [3341, 4], [3342, 4], [3343, 4]]",1
"7.10-48,72,38,155,214,98+7","[[3344, 3], [3343, 3], [3342, 3], [3341, 0], [3341, 3], [3340, 2], [3260, 3], [3259, 2], [3179, 0], [3179, 1], [3259, 3], [3258, 0], [3258, 1], [3338, 1], [3418, 3], [3417, 0], [3417, 1], [3497, 0], [3497, 1], [3577, 3], [3576, 0], [3576, 1], [3656, 3], [3655, 0], [3655, 3], [3654, 1], [3734, 0], [3734, 3], [3733, 0], [3733, 3], [3732, 3], [3731, 1], [3811, 0], [3811, 3], [3810, 1], [3890, 0], [3890, 3], [3889, 1], [3969, 0], [3969, 3], [3968, 1], [4048, 0], [4048, 4], [4049, 1], [4129, 0], [4129, 1], [4209, 4], [4210, 0], [4210, 4], [4211, 1], [4291, 0], [4291, 1]]",1
"7.10-48,72,38,155,214,98+8","[[4371, 2], [4291, 0], [4291, 3], [4290, 2], [4210, 0], [4210, 2], [4130, 3], [4129, 0], [4129, 2], [4049, 3], [4048, 0], [4048, 4], [4049, 2], [3969, 0], [3969, 4], [3970, 2], [3890, 0], [3890, 2], [3810, 4], [3811, 0], [3811, 4], [3812, 4], [3813, 2], [3733, 0], [3733, 4], [3734, 0], [3734, 2], [3654, 4], [3655, 0], [3655, 2], [3575, 4], [3576, 0], [3576, 2], [3496, 4], [3497, 0], [3497, 2], [3417, 0], [3417, 2], [3337, 2], [3257, 4], [3258, 0], [3258, 2], [3178, 4], [3179, 0], [3179, 3], [3178, 2], [3098, 3], [3097, 0], [3097, 2], [3017, 3], [3016, 3], [3015, 2], [2935, 3], [2934, 0], [2934, 3], [2933, 2], [2853, 3], [2852, 0], [2852, 2], [2772, 3], [2771, 3], [2770, 2], [2690, 0], [2690, 3], [2689, 3], [2688, 2], [2608, 0], [2608, 2], [2528, 3]]",1
"7.10-48,72,38,155,214,98+9","[[2527, 1], [2607, 4], [2608, 0], [2608, 4], [2609, 4], [2610, 1], [2690, 0], [2690, 1], [2770, 4], [2771, 1], [2851, 4], [2852, 0], [2852, 4], [2853, 4], [2854, 1], [2934, 0], [2934, 1], [3014, 4], [3015, 4], [3016, 1], [3096, 4], [3097, 0], [3097, 4], [3098, 4], [3099, 1], [3179, 0], [3179, 1], [3259, 4], [3260, 1], [3340, 4], [3341, 0], [3341, 4], [3342, 4], [3343, 4]]",1
"7.10-48,72,38,155,214,98+10","[[3344, 0], [3344, 0], [3344, 0], [3344, 0], [3344, 0], [3344, 3], [3343, 3], [3342, 3], [3341, 0], [3341, 2], [3261, 3], [3260, 2], [3180, 3], [3179, 0], [3179, 3], [3178, 2], [3098, 3]]",1
"7.10-48,72,38,155,214,98+11","[[3097, 0], [3097, 0], [3097, 0], [3097, 0], [3097, 0], [3097, 0], [3097, 0], [3097, 0], [3097, 0], [3097, 0], [3097, 0]]",1
"7.10-48,74,38,155,214,114+1","[[4222, 4], [4223, 2], [4143, 0], [4143, 2], [4063, 0], [4063, 4], [4064, 0], [4064, 2], [3984, 0], [3984, 4], [3985, 0], [3985, 4], [3986, 1], [4066, 0], [4066, 2], [3986, 4], [3987, 0], [3987, 2], [3907, 2], [3827, 0], [3827, 4], [3828, 0], [3828, 4], [3829, 2], [3749, 0], [3749, 2], [3669, 2], [3589, 0], [3589, 2], [3509, 2], [3429, 0], [3429, 3], [3428, 2], [3348, 0], [3348, 3], [3347, 0], [3347, 3], [3346, 3], [3345, 3], [3344, 0], [3344, 3], [3343, 3], [3342, 3], [3341, 0], [3341, 3], [3340, 2], [3260, 3], [3259, 2], [3179, 0], [3179, 3], [3178, 2], [3098, 3], [3097, 0], [3097, 3], [3096, 2], [3016, 3], [3015, 3], [3014, 2], [2934, 0], [2934, 1], [3014, 3], [3013, 1], [3093, 0], [3093, 3], [3092, 3], [3091, 1], [3171, 0], [3171, 3], [3170, 0], [3170, 2], [3090, 3], [3089, 0], [3089, 3], [3088, 0], [3088, 2], [3008, 3]]",1
"7.10-48,74,38,155,214,114+2","[[3007, 0], [3007, 0], [3007, 0], [3007, 0], [3007, 0], [3007, 0], [3007, 0], [3007, 0], [3007, 0], [3007, 0], [3007, 0], [3007, 0], [3007, 0], [3007, 1], [3087, 4], [3088, 0], [3088, 4], [3089, 0], [3089, 1], [3169, 4], [3170, 0], [3170, 4], [3171, 0], [3171, 4], [3172, 2], [3092, 4], [3093, 0], [3093, 2], [3013, 4], [3014, 2], [2934, 0], [2934, 1], [3014, 4], [3015, 4], [3016, 4], [3017, 1], [3097, 0], [3097, 4], [3098, 1], [3178, 4], [3179, 0], [3179, 4], [3180, 1], [3260, 1], [3340, 4], [3341, 0], [3341, 4], [3342, 4], [3343, 4]]",1
"7.10-48,74,38,155,214,114+3","[[3344, 3], [3343, 3], [3342, 3], [3341, 0], [3341, 3], [3340, 2], [3260, 3], [3259, 2], [3179, 0], [3179, 3], [3178, 1], [3258, 0], [3258, 1], [3338, 1], [3418, 3], [3417, 0], [3417, 1], [3497, 0], [3497, 1], [3577, 3], [3576, 0], [3576, 1], [3656, 3], [3655, 0], [3655, 1], [3735, 3], [3734, 0], [3734, 3], [3733, 0], [3733, 3], [3732, 3], [3731, 1], [3811, 0], [3811, 1], [3891, 3], [3890, 0], [3890, 3], [3889, 1], [3969, 0], [3969, 3], [3968, 1], [4048, 0], [4048, 1], [4128, 4], [4129, 0], [4129, 1], [4209, 4], [4210, 0], [4210, 1], [4290, 4], [4291, 0], [4291, 1]]",1
"7.10-48,74,38,155,214,114+4","[[4371, 2], [4291, 0], [4291, 2], [4211, 3], [4210, 0], [4210, 3], [4209, 2], [4129, 0], [4129, 2], [4049, 3], [4048, 0], [4048, 4], [4049, 2], [3969, 0], [3969, 4], [3970, 2], [3890, 0], [3890, 2], [3810, 4], [3811, 0], [3811, 4], [3812, 4], [3813, 2], [3733, 0], [3733, 4], [3734, 0], [3734, 4], [3735, 2], [3655, 0], [3655, 2], [3575, 4], [3576, 0], [3576, 2], [3496, 4], [3497, 0], [3497, 2], [3417, 0], [3417, 2], [3337, 4], [3338, 2], [3258, 0], [3258, 2], [3178, 4], [3179, 0], [3179, 4], [3180, 1], [3260, 1], [3340, 4], [3341, 0], [3341, 4], [3342, 4], [3343, 4]]",1
"7.10-48,74,38,155,214,114+5","[[3344, 3], [3343, 3], [3342, 3], [3341, 0], [3341, 3], [3340, 2], [3260, 2], [3180, 3], [3179, 0], [3179, 3], [3178, 1], [3258, 0], [3258, 1], [3338, 1], [3418, 3], [3417, 0], [3417, 1], [3497, 0], [3497, 1], [3577, 3], [3576, 0], [3576, 1], [3656, 3], [3655, 0], [3655, 1], [3735, 3], [3734, 0], [3734, 3], [3733, 0], [3733, 3], [3732, 3], [3731, 1], [3811, 0], [3811, 3], [3810, 1]]",1
"7.10-48,74,38,155,214,114+6","[[3890, 4], [3891, 2], [3811, 0], [3811, 4], [3812, 2], [3732, 4], [3733, 0], [3733, 4], [3734, 0], [3734, 2], [3654, 4], [3655, 0], [3655, 4], [3656, 2], [3576, 0], [3576, 4], [3577, 2], [3497, 0], [3497, 2], [3417, 0], [3417, 2], [3337, 4], [3338, 2], [3258, 0], [3258, 4], [3259, 2], [3179, 0], [3179, 3], [3178, 3], [3177, 2], [3097, 0], [3097, 3], [3096, 2], [3016, 3], [3015, 3], [3014, 2], [2934, 0], [2934, 3], [2933, 2], [2853, 3], [2852, 0], [2852, 3], [2851, 2], [2771, 3], [2770, 2], [2690, 0], [2690, 3], [2689, 3], [2688, 2], [2608, 0], [2608, 3], [2607, 2], [2527, 0], [2527, 2], [2447, 3], [2446, 0], [2446, 3], [2445, 3], [2444, 2], [2364, 0], [2364, 3], [2363, 2], [2283, 3], [2282, 2], [2202, 0], [2202, 3], [2201, 2], [2121, 3], [2120, 3], [2119, 2], [2039, 0], [2039, 3], [2038, 0], [2038, 2], [1958, 4], [1959, 2], [1879, 0], [1879, 2], [1799, 4], [1800, 0], [1800, 2], [1720, 2], [1640, 4]]",1
"7.10-48,74,38,155,214,114+7","[[1641, 1], [1721, 1], [1801, 3], [1800, 0], [1800, 1], [1880, 3], [1879, 0], [1879, 1], [1959, 1], [2039, 3], [2038, 0], [2038, 4], [2039, 0], [2039, 4], [2040, 1], [2120, 4], [2121, 4], [2122, 1], [2202, 0], [2202, 4], [2203, 1], [2283, 4], [2284, 1], [2364, 0], [2364, 4], [2365, 4], [2366, 1], [2446, 0], [2446, 1], [2526, 4], [2527, 0], [2527, 1], [2607, 4], [2608, 0], [2608, 4], [2609, 1], [2689, 4], [2690, 0], [2690, 1], [2770, 4], [2771, 4], [2772, 1], [2852, 0], [2852, 4], [2853, 4], [2854, 1], [2934, 0], [2934, 4], [2935, 1], [3015, 4], [3016, 4], [3017, 1], [3097, 0], [3097, 4], [3098, 1], [3178, 4], [3179, 0], [3179, 4], [3180, 1], [3260, 1], [3340, 4], [3341, 0], [3341, 4], [3342, 4], [3343, 4]]",1
"7.10-48,74,38,155,214,114+8","[[3344, 3], [3343, 3], [3342, 3], [3341, 0], [3341, 3], [3340, 2], [3260, 3], [3259, 2], [3179, 0], [3179, 3], [3178, 2], [3098, 3], [3097, 0], [3097, 2], [3017, 3], [3016, 3], [3015, 2], [2935, 3], [2934, 0], [2934, 3], [2933, 3], [2932, 2], [2852, 0], [2852, 2], [2772, 3], [2771, 3], [2770, 2], [2690, 0], [2690, 3], [2689, 3], [2688, 2], [2608, 0], [2608, 3], [2607, 2], [2527, 0], [2527, 3], [2526, 2], [2446, 0], [2446, 3], [2445, 3], [2444, 2], [2364, 0], [2364, 3], [2363, 2], [2283, 2], [2203, 3], [2202, 0], [2202, 3], [2201, 2], [2121, 3], [2120, 3], [2119, 2], [2039, 0], [2039, 3], [2038, 0], [2038, 2], [1958, 2], [1878, 4], [1879, 0], [1879, 2], [1799, 4], [1800, 0], [1800, 2], [1720, 2], [1640, 4]]",1
"7.10-48,74,38,155,214,114+9","[[1641, 1], [1721, 1], [1801, 3], [1800, 0], [1800, 1], [1880, 3], [1879, 0], [1879, 1], [1959, 3], [1958, 1], [2038, 0], [2038, 4], [2039, 0], [2039, 1], [2119, 4], [2120, 4], [2121, 1], [2201, 4], [2202, 0], [2202, 1], [2282, 4], [2283, 1], [2363, 4], [2364, 0], [2364, 4], [2365, 4], [2366, 1], [2446, 0], [2446, 1], [2526, 4], [2527, 0], [2527, 1], [2607, 4], [2608, 0], [2608, 4], [2609, 4], [2610, 1], [2690, 0], [2690, 1], [2770, 4], [2771, 4], [2772, 1], [2852, 0], [2852, 4], [2853, 1], [2933, 4], [2934, 0], [2934, 4], [2935, 1], [3015, 4], [3016, 1], [3096, 4]]",1
"7.10-48,74,38,155,214,114+10","[[3097, 4], [3098, 1], [3178, 4], [3179, 0], [3179, 1], [3259, 4], [3260, 4], [3261, 1], [3341, 0], [3341, 4], [3342, 4], [3343, 4]]",1
"7.10-48,74,38,155,214,114+11","[[3344, 0], [3344, 3], [3343, 3], [3342, 3], [3341, 0], [3341, 3], [3340, 2], [3260, 3], [3259, 2], [3179, 0], [3179, 3], [3178, 3], [3177, 2]]",1
"7.10-48,74,38,155,214,114+12","[[3097, 4], [3098, 1], [3178, 4], [3179, 0], [3179, 1], [3259, 3], [3258, 0], [3258, 1], [3338, 1], [3418, 3], [3417, 0], [3417, 1], [3497, 0], [3497, 1], [3577, 3], [3576, 0], [3576, 1], [3656, 3], [3655, 0], [3655, 3], [3654, 1], [3734, 0], [3734, 3], [3733, 0], [3733, 3], [3732, 3], [3731, 1], [3811, 0], [3811, 3], [3810, 1], [3890, 0], [3890, 3], [3889, 1], [3969, 0], [3969, 3], [3968, 1], [4048, 0], [4048, 4], [4049, 1], [4129, 0], [4129, 1], [4209, 4], [4210, 0], [4210, 4], [4211, 1], [4291, 0], [4291, 1]]",1
"7.10-48,74,38,155,214,114+13","[[4371, 2], [4291, 0], [4291, 3], [4290, 2], [4210, 0], [4210, 2], [4130, 3], [4129, 0], [4129, 3], [4128, 2], [4048, 0], [4048, 2], [3968, 4], [3969, 0], [3969, 2], [3889, 4], [3890, 0], [3890, 4], [3891, 2], [3811, 0], [3811, 4], [3812, 2], [3732, 4], [3733, 0], [3733, 4], [3734, 0], [3734, 2], [3654, 4], [3655, 0], [3655, 4], [3656, 2], [3576, 0], [3576, 4], [3577, 2], [3497, 0], [3497, 2], [3417, 0], [3417, 2], [3337, 2], [3257, 4], [3258, 0], [3258, 4], [3259, 2], [3179, 0], [3179, 3], [3178, 3], [3177, 2]]",1
"7.10-48,74,38,155,214,114+14","[[3097, 0], [3097, 0], [3097, 0], [3097, 0], [3097, 0]]",1
"7.10-48,74,38,27,214,98+1","[[3435, 3], [3434, 3], [3433, 3], [3432, 0], [3432, 3], [3431, 3], [3430, 3], [3429, 0], [3429, 2], [3349, 3], [3348, 0], [3348, 3], [3347, 0], [3347, 3], [3346, 3], [3345, 3], [3344, 0], [3344, 3], [3343, 3], [3342, 3], [3341, 0], [3341, 3], [3340, 2], [3260, 2], [3180, 3], [3179, 0], [3179, 3], [3178, 2], [3098, 3]]",1
"7.10-48,74,38,27,214,98+2","[[3097, 4], [3098, 1], [3178, 4], [3179, 0], [3179, 3], [3178, 1], [3258, 0], [3258, 1], [3338, 1], [3418, 3], [3417, 0], [3417, 1], [3497, 0], [3497, 3], [3496, 1], [3576, 0], [3576, 3], [3575, 1], [3655, 0], [3655, 3], [3654, 1], [3734, 0], [3734, 3], [3733, 0], [3733, 3], [3732, 3], [3731, 1], [3811, 0], [3811, 1], [3891, 3], [3890, 0], [3890, 3], [3889, 1], [3969, 0], [3969, 3], [3968, 1], [4048, 0], [4048, 4], [4049, 1], [4129, 0], [4129, 1], [4209, 4], [4210, 0], [4210, 4], [4211, 1], [4291, 0], [4291, 1]]",1
"7.10-48,74,38,27,214,98+3","[[4371, 2], [4291, 0], [4291, 3], [4290, 2], [4210, 0], [4210, 2], [4130, 3], [4129, 0], [4129, 2], [4049, 3], [4048, 0], [4048, 4], [4049, 2], [3969, 0], [3969, 2], [3889, 4], [3890, 0], [3890, 2], [3810, 4], [3811, 0], [3811, 4], [3812, 2], [3732, 4], [3733, 0], [3733, 4], [3734, 0], [3734, 4], [3735, 2], [3655, 0], [3655, 2], [3575, 4], [3576, 0], [3576, 2], [3496, 4], [3497, 0], [3497, 2], [3417, 0], [3417, 2], [3337, 4], [3338, 2], [3258, 0], [3258, 4], [3259, 2], [3179, 0], [3179, 4], [3180, 1], [3260, 1], [3340, 4], [3341, 0], [3341, 4], [3342, 4], [3343, 4]]",1
"7.10-48,74,38,27,214,98+4","[[3344, 3], [3343, 3], [3342, 3], [3341, 0], [3341, 2], [3261, 3], [3260, 3], [3259, 2], [3179, 0], [3179, 3], [3178, 2], [3098, 3]]",1
"7.10-48,74,38,27,214,98+5","[[3097, 2], [3017, 3], [3016, 3], [3015, 3], [3014, 2], [2934, 0], [2934, 3], [2933, 2], [2853, 3], [2852, 0], [2852, 2], [2772, 3], [2771, 3], [2770, 2], [2690, 0], [2690, 3], [2689, 2], [2609, 3], [2608, 0], [2608, 3], [2607, 2], [2527, 0], [2527, 3], [2526, 2], [2446, 0], [2446, 3], [2445, 3], [2444, 2], [2364, 0], [2364, 3], [2363, 2], [2283, 2], [2203, 3], [2202, 0], [2202, 3], [2201, 2], [2121, 3], [2120, 2], [2040, 3], [2039, 0], [2039, 3], [2038, 0], [2038, 2], [1958, 4], [1959, 2], [1879, 0], [1879, 4], [1880, 2], [1800, 0], [1800, 2], [1720, 2], [1640, 4]]",1
"7.10-48,74,38,27,214,98+6","[[1641, 0], [1641, 0], [1641, 0], [1641, 0], [1641, 0], [1641, 0], [1641, 1], [1721, 3], [1720, 1], [1800, 0], [1800, 3], [1799, 1], [1879, 0], [1879, 1], [1959, 3], [1958, 1], [2038, 0], [2038, 4], [2039, 0], [2039, 4], [2040, 1], [2120, 4], [2121, 1], [2201, 4], [2202, 0], [2202, 4], [2203, 1], [2283, 4], [2284, 1], [2364, 0], [2364, 4], [2365, 1], [2445, 4], [2446, 0], [2446, 1], [2526, 4], [2527, 0], [2527, 1], [2607, 4], [2608, 0], [2608, 4], [2609, 1], [2689, 4], [2690, 0], [2690, 4], [2691, 1], [2771, 1], [2851, 4], [2852, 0], [2852, 4], [2853, 1], [2933, 4], [2934, 0], [2934, 4], [2935, 1], [3015, 4], [3016, 1], [3096, 4], [3097, 0], [3097, 4], [3098, 4], [3099, 1], [3179, 0], [3179, 1], [3259, 4], [3260, 1], [3340, 4], [3341, 0], [3341, 4], [3342, 4], [3343, 4]]",1
"7.10-48,74,38,27,214,98+7","[[3344, 3], [3343, 3], [3342, 3], [3341, 0], [3341, 2], [3261, 3], [3260, 2], [3180, 3], [3179, 0], [3179, 3], [3178, 3], [3177, 2], [3097, 0], [3097, 2], [3017, 3], [3016, 3], [3015, 2], [2935, 3], [2934, 0], [2934, 3], [2933, 2], [2853, 3], [2852, 0], [2852, 2], [2772, 3], [2771, 2], [2691, 3], [2690, 0], [2690, 3], [2689, 3], [2688, 2], [2608, 0], [2608, 2], [2528, 3], [2527, 0], [2527, 2], [2447, 3], [2446, 0], [2446, 3], [2445, 3], [2444, 2], [2364, 0], [2364, 2], [2284, 3], [2283, 2], [2203, 3], [2202, 0], [2202, 2], [2122, 3], [2121, 3], [2120, 3], [2119, 2], [2039, 0], [2039, 3], [2038, 0], [2038, 2], [1958, 3], [1957, 2], [1877, 0], [1877, 3], [1876, 2], [1796, 3], [1795, 3], [1794, 0], [1794, 2], [1714, 3], [1713, 3], [1712, 2], [1632, 3], [1631, 0], [1631, 3], [1630, 3], [1629, 2], [1549, 3]]",1
"7.10-48,74,38,27,214,98+8","[[1548, 4], [1549, 4], [1550, 1], [1630, 4], [1631, 0], [1631, 4], [1632, 1], [1712, 4], [1713, 4], [1714, 1], [1794, 0], [1794, 4], [1795, 4], [1796, 1], [1876, 4], [1877, 0], [1877, 1], [1957, 1], [2037, 4], [2038, 0], [2038, 4], [2039, 0], [2039, 4], [2040, 1], [2120, 4], [2121, 4], [2122, 1], [2202, 0], [2202, 4], [2203, 1], [2283, 4], [2284, 1], [2364, 0], [2364, 4], [2365, 1], [2445, 4], [2446, 0], [2446, 4], [2447, 1], [2527, 0], [2527, 4], [2528, 1], [2608, 0], [2608, 4], [2609, 1], [2689, 4], [2690, 0], [2690, 1], [2770, 4], [2771, 4], [2772, 1], [2852, 0], [2852, 4], [2853, 4], [2854, 1], [2934, 0], [2934, 4], [2935, 1], [3015, 4], [3016, 1], [3096, 4]]",1
"7.10-48,74,38,27,214,98+9","[[3097, 4], [3098, 1], [3178, 4], [3179, 0], [3179, 3], [3178, 1], [3258, 0], [3258, 1], [3338, 3], [3337, 1], [3417, 0], [3417, 1], [3497, 0], [3497, 3], [3496, 1], [3576, 0], [3576, 3], [3575, 1], [3655, 0], [3655, 3], [3654, 1], [3734, 0], [3734, 3], [3733, 0], [3733, 3], [3732, 1], [3812, 3], [3811, 0], [3811, 1], [3891, 3], [3890, 0], [3890, 3], [3889, 1], [3969, 0], [3969, 3], [3968, 1], [4048, 0], [4048, 4], [4049, 1], [4129, 0], [4129, 1], [4209, 4], [4210, 0], [4210, 4], [4211, 1], [4291, 0], [4291, 1]]",1
"7.10-48,74,38,27,214,98+10","[[4371, 2], [4291, 0], [4291, 2], [4211, 3], [4210, 0], [4210, 2], [4130, 3], [4129, 0], [4129, 2], [4049, 3], [4048, 0], [4048, 2], [3968, 4], [3969, 0], [3969, 2], [3889, 4], [3890, 0], [3890, 2], [3810, 4], [3811, 0], [3811, 4], [3812, 2], [3732, 4], [3733, 0], [3733, 4], [3734, 0], [3734, 4], [3735, 2], [3655, 0], [3655, 4], [3656, 2], [3576, 0], [3576, 2], [3496, 4], [3497, 0], [3497, 2], [3417, 0], [3417, 2], [3337, 2], [3257, 4], [3258, 0], [3258, 4], [3259, 2], [3179, 0], [3179, 3], [3178, 3], [3177, 2]]",1
"7.10-48,74,38,27,214,98+11","[[3097, 4], [3098, 4], [3099, 1], [3179, 0], [3179, 1], [3259, 4], [3260, 4], [3261, 1], [3341, 0], [3341, 4], [3342, 4], [3343, 4]]",1
"7.10-48,74,38,27,214,98+12","[[3344, 3], [3343, 3], [3342, 3], [3341, 0], [3341, 2], [3261, 3], [3260, 3], [3259, 2], [3179, 0], [3179, 3], [3178, 2], [3098, 3], [3097, 0], [3097, 3], [3096, 2], [3016, 3], [3015, 3], [3014, 2], [2934, 0], [2934, 3], [2933, 2], [2853, 3], [2852, 0], [2852, 3], [2851, 2], [2771, 2], [2691, 3], [2690, 0], [2690, 3], [2689, 3], [2688, 2], [2608, 0], [2608, 3], [2607, 2], [2527, 0], [2527, 3], [2526, 2], [2446, 0], [2446, 3], [2445, 3], [2444, 2], [2364, 0], [2364, 2], [2284, 3], [2283, 3], [2282, 2], [2202, 0], [2202, 3], [2201, 2], [2121, 3], [2120, 3], [2119, 2], [2039, 0], [2039, 3], [2038, 0], [2038, 2], [1958, 2], [1878, 4], [1879, 0], [1879, 2], [1799, 4], [1800, 0], [1800, 2], [1720, 4], [1721, 2]]",1
"7.10-48,74,38,27,214,98+13","[[1641, 1], [1721, 1], [1801, 3], [1800, 0], [1800, 1], [1880, 3], [1879, 0], [1879, 1], [1959, 1], [2039, 3], [2038, 0], [2038, 4], [2039, 0], [2039, 4], [2040, 1], [2120, 4], [2121, 1], [2201, 4], [2202, 0], [2202, 1], [2282, 4], [2283, 1], [2363, 4], [2364, 0], [2364, 4], [2365, 1], [2445, 4], [2446, 0], [2446, 1], [2526, 4], [2527, 0], [2527, 4], [2528, 1], [2608, 0], [2608, 4], [2609, 4], [2610, 1], [2690, 0], [2690, 1], [2770, 4], [2771, 4], [2772, 1], [2852, 0], [2852, 4], [2853, 1], [2933, 4], [2934, 0], [2934, 1], [3014, 4], [3015, 4], [3016, 1], [3096, 4], [3097, 0], [3097, 4], [3098, 1], [3178, 4], [3179, 0], [3179, 4], [3180, 1], [3260, 4], [3261, 1], [3341, 0], [3341, 4], [3342, 4], [3343, 4]]",1
"7.10-48,74,38,27,214,98+14","[[3344, 3], [3343, 3], [3342, 3], [3341, 0], [3341, 2], [3261, 3], [3260, 3], [3259, 2], [3179, 0], [3179, 3], [3178, 2], [3098, 3], [3097, 0], [3097, 3], [3096, 2], [3016, 3], [3015, 2], [2935, 3], [2934, 0], [2934, 3], [2933, 3], [2932, 2], [2852, 0], [2852, 2], [2772, 3], [2771, 2], [2691, 3], [2690, 0], [2690, 3], [2689, 2], [2609, 3], [2608, 0], [2608, 2], [2528, 3], [2527, 0], [2527, 3], [2526, 2], [2446, 0], [2446, 3], [2445, 3], [2444, 2], [2364, 0], [2364, 3], [2363, 2], [2283, 2], [2203, 3], [2202, 0], [2202, 2], [2122, 3], [2121, 3], [2120, 2], [2040, 3], [2039, 0], [2039, 3], [2038, 0], [2038, 2], [1958, 2], [1878, 4], [1879, 0], [1879, 4], [1880, 2], [1800, 0], [1800, 2], [1720, 2], [1640, 4]]",1
"7.10-164,220,240,144,185,104+1","[[4371, 2], [4291, 0], [4291, 2], [4211, 3], [4210, 0], [4210, 3], [4209, 2], [4129, 0], [4129, 2], [4049, 3], [4048, 0], [4048, 2], [3968, 4], [3969, 0], [3969, 2], [3889, 4]]",1
"7.10-164,220,240,144,185,104+2","[[3890, 2], [3810, 4], [3811, 0], [3811, 4], [3812, 2], [3732, 4], [3733, 0], [3733, 4], [3734, 0], [3734, 4], [3735, 2], [3655, 0], [3655, 4], [3656, 2], [3576, 0], [3576, 4], [3577, 2], [3497, 0], [3497, 2], [3417, 0], [3417, 2], [3337, 2], [3257, 4], [3258, 0], [3258, 4], [3259, 2], [3179, 0], [3179, 3], [3178, 2], [3098, 3], [3097, 0], [3097, 3], [3096, 2], [3016, 3], [3015, 3], [3014, 2], [2934, 0], [2934, 3], [2933, 2], [2853, 3], [2852, 0], [2852, 3], [2851, 2], [2771, 2], [2691, 3], [2690, 0], [2690, 3], [2689, 3], [2688, 2], [2608, 0], [2608, 3], [2607, 2], [2527, 0], [2527, 3], [2526, 2], [2446, 0], [2446, 3], [2445, 2], [2365, 3], [2364, 0], [2364, 3], [2363, 2], [2283, 3], [2282, 2], [2202, 0], [2202, 3], [2201, 2], [2121, 3], [2120, 3], [2119, 2], [2039, 0], [2039, 3], [2038, 0], [2038, 2], [1958, 4], [1959, 2], [1879, 0], [1879, 2], [1799, 4], [1800, 0], [1800, 2], [1720, 2], [1640, 4]]",1
"7.10-164,220,240,144,185,104+3","[[1641, 1], [1721, 3], [1720, 1], [1800, 0], [1800, 3], [1799, 1], [1879, 0], [1879, 1], [1959, 1], [2039, 3], [2038, 0], [2038, 4], [2039, 0], [2039, 4], [2040, 1], [2120, 4], [2121, 4], [2122, 1], [2202, 0], [2202, 1], [2282, 4], [2283, 1], [2363, 4], [2364, 0], [2364, 4], [2365, 1], [2445, 4], [2446, 0], [2446, 1], [2526, 4], [2527, 0], [2527, 1], [2607, 4], [2608, 0], [2608, 4], [2609, 4], [2610, 1], [2690, 0], [2690, 4], [2691, 1], [2771, 1], [2851, 4], [2852, 0], [2852, 4], [2853, 1], [2933, 4], [2934, 0], [2934, 1], [3014, 4], [3015, 4], [3016, 4], [3017, 1], [3097, 0], [3097, 4], [3098, 4], [3099, 1], [3179, 0], [3179, 1], [3259, 3], [3258, 0], [3258, 1], [3338, 1], [3418, 3], [3417, 0], [3417, 1], [3497, 0], [3497, 1], [3577, 3], [3576, 0], [3576, 1], [3656, 3], [3655, 0], [3655, 3], [3654, 1], [3734, 0], [3734, 3], [3733, 0], [3733, 3], [3732, 3], [3731, 1], [3811, 0], [3811, 1], [3891, 3], [3890, 0], [3890, 3], [3889, 1], [3969, 0], [3969, 3], [3968, 1], [4048, 0], [4048, 4], [4049, 1], [4129, 0], [4129, 4], [4130, 1], [4210, 0], [4210, 4], [4211, 1], [4291, 0], [4291, 1]]",1
"7.10-164,220,240,144,185,104+4","[[4371, 2], [4291, 0], [4291, 3], [4290, 2], [4210, 0], [4210, 2], [4130, 3], [4129, 0], [4129, 3], [4128, 2], [4048, 0], [4048, 2], [3968, 4], [3969, 0], [3969, 4], [3970, 2]]",1
"7.10-164,220,240,144,185,104+5","[[3890, 0], [3890, 0], [3890, 0], [3890, 0], [3890, 0], [3890, 0], [3890, 0], [3890, 0], [3890, 0], [3890, 0], [3890, 0], [3890, 0], [3890, 0], [3890, 0], [3890, 0], [3890, 0], [3890, 0], [3890, 0], [3890, 0], [3890, 0], [3890, 0], [3890, 0], [3890, 0], [3890, 0], [3890, 0], [3890, 0], [3890, 0], [3890, 0], [3890, 0], [3890, 0], [3890, 0], [3890, 0], [3890, 0], [3890, 3], [3889, 1], [3969, 0], [3969, 3], [3968, 1], [4048, 0], [4048, 1], [4128, 4], [4129, 0], [4129, 1], [4209, 4], [4210, 0], [4210, 1], [4290, 4], [4291, 0], [4291, 1], [4371, 0], [4371, 4], [4372, 0], [4372, 1], [4452, 1], [4532, 0], [4532, 0], [4532, 4], [4533, 0], [4533, 4], [4534, 0], [4534, 4], [4535, 0], [4535, 4], [4536, 0], [4536, 2], [4456, 4], [4457, 0], [4457, 4], [4458, 0], [4458, 4], [4459, 2], [4379, 4], [4380, 0], [4380, 4], [4381, 2], [4301, 0], [4301, 4], [4302, 2]]",1
"7.10-164,220,240,144,185,104+6","[[4222, 3], [4221, 1], [4301, 0], [4301, 1], [4381, 3], [4380, 0], [4380, 3], [4379, 1], [4459, 3], [4458, 0], [4458, 3], [4457, 0], [4457, 1], [4537, 3], [4536, 0], [4536, 3], [4535, 0], [4535, 3], [4534, 0], [4534, 3], [4533, 0], [4533, 3], [4532, 0], [4532, 0], [4532, 2], [4452, 2], [4372, 0], [4372, 3], [4371, 0], [4371, 2], [4291, 0], [4291, 3], [4290, 2], [4210, 0], [4210, 2], [4130, 3], [4129, 0], [4129, 3], [4128, 2], [4048, 0], [4048, 4], [4049, 2], [3969, 0], [3969, 4], [3970, 2]]",1
"7.10-164,220,240,144,185,104+7","[[3890, 3], [3889, 1], [3969, 0], [3969, 1], [4049, 3], [4048, 0], [4048, 4], [4049, 1], [4129, 0], [4129, 1], [4209, 4], [4210, 0], [4210, 4], [4211, 1], [4291, 0], [4291, 1]]",1
"7.10-76,24,154,44,218,251+1","[[3890, 4], [3891, 2], [3811, 0], [3811, 4], [3812, 4], [3813, 2], [3733, 0], [3733, 4], [3734, 0], [3734, 4], [3735, 2], [3655, 0], [3655, 2], [3575, 4], [3576, 0], [3576, 2], [3496, 4], [3497, 0], [3497, 2], [3417, 0], [3417, 2], [3337, 2], [3257, 4], [3258, 0], [3258, 4], [3259, 2], [3179, 0], [3179, 1], [3259, 4], [3260, 1], [3340, 4], [3341, 0], [3341, 4], [3342, 4], [3343, 4]]",1
"7.10-76,24,154,44,218,251+2","[[3344, 3], [3343, 3], [3342, 3], [3341, 0], [3341, 3], [3340, 2], [3260, 3], [3259, 2], [3179, 0], [3179, 3], [3178, 1], [3258, 0], [3258, 1], [3338, 3], [3337, 1], [3417, 0], [3417, 1], [3497, 0], [3497, 3], [3496, 1], [3576, 0], [3576, 3], [3575, 1], [3655, 0], [3655, 1], [3735, 3], [3734, 0], [3734, 3], [3733, 0], [3733, 3], [3732, 1], [3812, 3], [3811, 0], [3811, 1], [3891, 3]]",1
"7.10-76,24,154,44,218,251+3","[[3890, 0], [3890, 0], [3890, 0], [3890, 0], [3890, 0], [3890, 0], [3890, 0], [3890, 0], [3890, 0], [3890, 0], [3890, 0], [3890, 0], [3890, 0], [3890, 0], [3890, 0], [3890, 0], [3890, 0], [3890, 0], [3890, 0], [3890, 0], [3890, 0], [3890, 0], [3890, 0], [3890, 0], [3890, 0], [3890, 0], [3890, 0], [3890, 0], [3890, 0], [3890, 0], [3890, 0], [3890, 0], [3890, 0], [3890, 0], [3890, 0], [3890, 0], [3890, 0], [3890, 0], [3890, 0], [3890, 0], [3890, 0], [3890, 0], [3890, 0], [3890, 0], [3890, 0], [3890, 0], [3890, 0], [3890, 0], [3890, 0], [3890, 0], [3890, 0], [3890, 0], [3890, 0], [3890, 0], [3890, 0], [3890, 0], [3890, 0], [3890, 0], [3890, 0], [3890, 0], [3890, 0], [3890, 0], [3890, 0], [3890, 4], [3891, 2], [3811, 0], [3811, 4], [3812, 4], [3813, 2], [3733, 0], [3733, 4], [3734, 0], [3734, 4], [3735, 2], [3655, 0], [3655, 4], [3656, 2], [3576, 0], [3576, 2], [3496, 4], [3497, 0], [3497, 2], [3417, 0], [3417, 2], [3337, 2], [3257, 4], [3258, 0], [3258, 2], [3178, 4], [3179, 0], [3179, 3], [3178, 2], [3098, 3]]",1
"7.10-76,24,154,44,218,251+4","[[3097, 2], [3017, 4], [3018, 0], [3018, 4], [3019, 2], [2939, 0], [2939, 2], [2859, 2], [2779, 0], [2779, 2], [2699, 3], [2698, 0], [2698, 2], [2618, 0], [2618, 2], [2538, 3], [2537, 0], [2537, 2], [2457, 3], [2456, 0], [2456, 2], [2376, 3]]",1
"7.10-76,24,154,44,218,251+5","[[2375, 1], [2455, 4], [2456, 0], [2456, 4], [2457, 1], [2537, 0], [2537, 1], [2617, 4], [2618, 0], [2618, 1], [2698, 0], [2698, 1], [2778, 4], [2779, 0], [2779, 1], [2859, 1], [2939, 0], [2939, 1], [3019, 3], [3018, 0], [3018, 1], [3098, 3]]",1
"7.10-76,24,154,44,218,251+8","[[2375, 1], [2455, 4], [2456, 0], [2456, 1], [2536, 4], [2537, 0], [2537, 1], [2617, 4], [2618, 0], [2618, 1], [2698, 0], [2698, 1], [2778, 4], [2779, 0], [2779, 1], [2859, 1], [2939, 0], [2939, 3], [2938, 1], [3018, 0], [3018, 3], [3017, 1]]",1
"7.10-76,24,154,44,218,251+13","[[3097, 4], [3098, 4], [3099, 1], [3179, 0], [3179, 4], [3180, 1], [3260, 4], [3261, 1], [3341, 0], [3341, 4], [3342, 4], [3343, 4], [3344, 0], [3344, 4], [3345, 4], [3346, 4], [3347, 0], [3347, 4], [3348, 0], [3348, 4], [3349, 1], [3429, 0], [3429, 4], [3430, 4], [3431, 4], [3432, 0], [3432, 4], [3433, 4], [3434, 4]]",1
"7.10-76,24,154,44,218,251+14","[[3435, 3], [3434, 3], [3433, 3], [3432, 0], [3432, 3], [3431, 3], [3430, 3], [3429, 0], [3429, 3], [3428, 2], [3348, 0], [3348, 3], [3347, 0], [3347, 3], [3346, 3], [3345, 3], [3344, 0], [3344, 3], [3343, 3], [3342, 3], [3341, 0], [3341, 3], [3340, 2], [3260, 3], [3259, 2], [3179, 0], [3179, 3], [3178, 2], [3098, 3]]",1
"7.10-76,24,154,44,218,251+15","[[3097, 0], [3097, 4], [3098, 1], [3178, 4], [3179, 0], [3179, 1], [3259, 3], [3258, 0], [3258, 1], [3338, 1], [3418, 3], [3417, 0], [3417, 1], [3497, 0], [3497, 1], [3577, 3], [3576, 0], [3576, 3], [3575, 1], [3655, 0], [3655, 3], [3654, 1], [3734, 0], [3734, 3], [3733, 0], [3733, 3], [3732, 3], [3731, 1], [3811, 0], [3811, 1], [3891, 3]]",1
"7.10-76,24,154,44,218,251+16","[[3890, 2], [3810, 4], [3811, 0], [3811, 4], [3812, 2], [3732, 4], [3733, 0], [3733, 4], [3734, 0], [3734, 2], [3654, 4], [3655, 0], [3655, 4], [3656, 2], [3576, 0], [3576, 2], [3496, 4], [3497, 0], [3497, 2], [3417, 0], [3417, 2], [3337, 2], [3257, 4], [3258, 0], [3258, 2], [3178, 4], [3179, 0], [3179, 3], [3178, 3], [3177, 2]]",1
"7.10-76,24,154,44,218,251+19","[[3097, 4], [3098, 1], [3178, 4], [3179, 0], [3179, 1], [3259, 3], [3258, 0], [3258, 1], [3338, 1], [3418, 3], [3417, 0], [3417, 1], [3497, 0], [3497, 3], [3496, 1], [3576, 0], [3576, 1], [3656, 3], [3655, 0], [3655, 1], [3735, 3], [3734, 0], [3734, 3], [3733, 0], [3733, 3], [3732, 3], [3731, 1], [3811, 0], [3811, 1], [3891, 3]]",1
"7.10-76,24,154,44,218,251+20","[[3890, 3], [3889, 1], [3969, 0], [3969, 1], [4049, 3], [4048, 0], [4048, 1], [4128, 4], [4129, 0], [4129, 4], [4130, 1], [4210, 0], [4210, 1], [4290, 4], [4291, 0], [4291, 1]]",1
"7.10-76,24,154,44,218,251+21","[[4371, 2], [4291, 0], [4291, 3], [4290, 2], [4210, 0], [4210, 2], [4130, 3], [4129, 0], [4129, 3], [4128, 2], [4048, 0], [4048, 4], [4049, 2], [3969, 0], [3969, 4], [3970, 2]]",1
"7.10-76,24,154,44,218,251+22","[[3890, 0], [3890, 0], [3890, 0], [3890, 0], [3890, 0], [3890, 0], [3890, 0], [3890, 0], [3890, 0], [3890, 0], [3890, 0], [3890, 0], [3890, 0], [3890, 0], [3890, 0], [3890, 0], [3890, 0]]",1
"7.10-48,74,38,219,214,98+1","[[3890, 0], [3890, 0], [3890, 0], [3890, 3], [3889, 1], [3969, 0], [3969, 1], [4049, 3], [4048, 0], [4048, 4], [4049, 1], [4129, 0], [4129, 1], [4209, 4], [4210, 0], [4210, 1], [4290, 4], [4291, 0], [4291, 1]]",1
"7.10-48,74,38,219,214,98+2","[[4371, 0], [4371, 0], [4371, 2], [4291, 0], [4291, 2], [4211, 3], [4210, 0], [4210, 3], [4209, 2], [4129, 0], [4129, 2], [4049, 3], [4048, 0], [4048, 2], [3968, 4], [3969, 0], [3969, 2], [3889, 4]]",1
"7.10-48,74,38,219,214,98+3","[[3890, 0], [3890, 0], [3890, 0], [3890, 0], [3890, 3], [3889, 1], [3969, 0], [3969, 1], [4049, 3], [4048, 0], [4048, 4], [4049, 1], [4129, 0], [4129, 4], [4130, 1], [4210, 0], [4210, 4], [4211, 1], [4291, 0], [4291, 1]]",1
"7.10-48,74,38,219,214,98+4","[[4371, 2], [4291, 0], [4291, 3], [4290, 2], [4210, 0], [4210, 2], [4130, 3], [4129, 0], [4129, 3], [4128, 2], [4048, 0], [4048, 2], [3968, 4], [3969, 0], [3969, 4], [3970, 2], [3890, 0], [3890, 4], [3891, 2], [3811, 0], [3811, 4], [3812, 4], [3813, 2], [3733, 0], [3733, 4], [3734, 0], [3734, 4], [3735, 2], [3655, 0], [3655, 4], [3656, 2], [3576, 0], [3576, 2], [3496, 4], [3497, 0], [3497, 2], [3417, 0], [3417, 2], [3337, 4], [3338, 2], [3258, 0], [3258, 4], [3259, 2], [3179, 0], [3179, 3], [3178, 2], [3098, 3], [3097, 0], [3097, 2], [3017, 3], [3016, 3], [3015, 2], [2935, 3], [2934, 0], [2934, 3], [2933, 3], [2932, 2], [2852, 0], [2852, 2], [2772, 3], [2771, 2], [2691, 3], [2690, 0], [2690, 3], [2689, 3], [2688, 2], [2608, 0], [2608, 3], [2607, 2], [2527, 0], [2527, 2], [2447, 3], [2446, 0], [2446, 3], [2445, 2], [2365, 3], [2364, 0], [2364, 2], [2284, 3], [2283, 3], [2282, 2], [2202, 0], [2202, 2], [2122, 3], [2121, 3], [2120, 3], [2119, 2], [2039, 0], [2039, 3], [2038, 0], [2038, 2], [1958, 3], [1957, 2], [1877, 0], [1877, 3], [1876, 2], [1796, 3], [1795, 3], [1794, 0], [1794, 2], [1714, 3], [1713, 3], [1712, 2], [1632, 3], [1631, 0], [1631, 3], [1630, 3], [1629, 2], [1549, 3]]",1
"7.10-48,74,38,219,214,98+5","[[1548, 4], [1549, 4], [1550, 1], [1630, 4], [1631, 0], [1631, 4], [1632, 1], [1712, 4], [1713, 4], [1714, 1], [1794, 0], [1794, 4], [1795, 1], [1875, 4], [1876, 4], [1877, 0], [1877, 1], [1957, 4], [1958, 1], [2038, 0], [2038, 4], [2039, 0], [2039, 4], [2040, 1], [2120, 4], [2121, 1], [2201, 4], [2202, 0], [2202, 1], [2282, 4], [2283, 4], [2284, 1], [2364, 0], [2364, 4], [2365, 4], [2366, 1], [2446, 0], [2446, 4], [2447, 1], [2527, 0], [2527, 4], [2528, 1], [2608, 0], [2608, 4], [2609, 1], [2689, 4], [2690, 0], [2690, 1], [2770, 4], [2771, 4], [2772, 1], [2852, 0], [2852, 4], [2853, 1], [2933, 4], [2934, 0], [2934, 4], [2935, 1], [3015, 4], [3016, 4], [3017, 1], [3097, 0], [3097, 4], [3098, 1], [3178, 4], [3179, 0], [3179, 1], [3259, 3], [3258, 0], [3258, 1], [3338, 3], [3337, 1], [3417, 0], [3417, 1], [3497, 0], [3497, 1], [3577, 3], [3576, 0], [3576, 3], [3575, 1], [3655, 0], [3655, 3], [3654, 1], [3734, 0], [3734, 3], [3733, 0], [3733, 3], [3732, 3], [3731, 1], [3811, 0], [3811, 3], [3810, 1], [3890, 0], [3890, 3], [3889, 1], [3969, 0], [3969, 3], [3968, 1], [4048, 0], [4048, 4], [4049, 1], [4129, 0], [4129, 1], [4209, 4], [4210, 0], [4210, 1], [4290, 4], [4291, 0], [4291, 1]]",1
"7.10-48,74,38,219,214,98+6","[[4371, 2], [4291, 0], [4291, 3], [4290, 2], [4210, 0], [4210, 2], [4130, 3], [4129, 0], [4129, 3], [4128, 2], [4048, 0], [4048, 4], [4049, 2], [3969, 0], [3969, 4], [3970, 2], [3890, 0], [3890, 2], [3810, 4], [3811, 0], [3811, 4], [3812, 4], [3813, 2], [3733, 0], [3733, 4], [3734, 0], [3734, 2], [3654, 4], [3655, 0], [3655, 4], [3656, 2], [3576, 0], [3576, 4], [3577, 2], [3497, 0], [3497, 2], [3417, 0], [3417, 2], [3337, 4], [3338, 2], [3258, 0], [3258, 2], [3178, 4], [3179, 0], [3179, 3], [3178, 2], [3098, 3]]",1
"7.10-48,74,38,219,214,98+7","[[3097, 3], [3096, 2], [3016, 3], [3015, 3], [3014, 2], [2934, 0], [2934, 3], [2933, 3], [2932, 2], [2852, 0], [2852, 2], [2772, 3], [2771, 3], [2770, 2], [2690, 0], [2690, 3], [2689, 3], [2688, 2], [2608, 0], [2608, 3], [2607, 2], [2527, 0], [2527, 2], [2447, 3], [2446, 0], [2446, 3], [2445, 3], [2444, 2], [2364, 0], [2364, 3], [2363, 2], [2283, 3], [2282, 2], [2202, 0], [2202, 3], [2201, 2], [2121, 3], [2120, 2], [2040, 3], [2039, 0], [2039, 3], [2038, 0], [2038, 2], [1958, 2], [1878, 4], [1879, 0], [1879, 4], [1880, 2], [1800, 0], [1800, 2], [1720, 4], [1721, 2]]",1
"7.10-48,74,38,219,214,98+8","[[1641, 1], [1721, 3], [1720, 1], [1800, 0], [1800, 1], [1880, 3], [1879, 0], [1879, 1], [1959, 1], [2039, 3], [2038, 0], [2038, 4], [2039, 0], [2039, 1], [2119, 4], [2120, 4], [2121, 1], [2201, 4], [2202, 0], [2202, 4], [2203, 1], [2283, 4], [2284, 1], [2364, 0], [2364, 4], [2365, 4], [2366, 1], [2446, 0], [2446, 4], [2447, 1], [2527, 0], [2527, 1], [2607, 4], [2608, 0], [2608, 4], [2609, 4], [2610, 1], [2690, 0], [2690, 4], [2691, 1], [2771, 1], [2851, 4], [2852, 0], [2852, 4], [2853, 1], [2933, 4], [2934, 0], [2934, 4], [2935, 1], [3015, 4], [3016, 1], [3096, 4], [3097, 0], [3097, 4], [3098, 1], [3178, 4], [3179, 0], [3179, 4], [3180, 1], [3260, 4], [3261, 1], [3341, 0], [3341, 4], [3342, 4], [3343, 4]]",1
"7.10-48,74,38,219,214,98+9","[[3344, 3], [3343, 3], [3342, 3], [3341, 0], [3341, 3], [3340, 2], [3260, 3], [3259, 2], [3179, 0], [3179, 1], [3259, 3], [3258, 0], [3258, 1], [3338, 3], [3337, 1], [3417, 0], [3417, 1], [3497, 0], [3497, 1], [3577, 3], [3576, 0], [3576, 1], [3656, 3], [3655, 0], [3655, 3], [3654, 1], [3734, 0], [3734, 3], [3733, 0], [3733, 3], [3732, 3], [3731, 1], [3811, 0], [3811, 1], [3891, 3], [3890, 0], [3890, 1], [3970, 3], [3969, 0], [3969, 1], [4049, 3], [4048, 0], [4048, 4], [4049, 1], [4129, 0], [4129, 4], [4130, 1], [4210, 0], [4210, 4], [4211, 1], [4291, 0], [4291, 1]]",1
"7.10-48,74,38,219,214,98+10","[[4371, 2], [4291, 0], [4291, 3], [4290, 2], [4210, 0], [4210, 2], [4130, 3], [4129, 0], [4129, 3], [4128, 2], [4048, 0], [4048, 4], [4049, 2], [3969, 0], [3969, 2], [3889, 4], [3890, 0], [3890, 4], [3891, 2], [3811, 0], [3811, 4], [3812, 2], [3732, 4], [3733, 0], [3733, 4], [3734, 0], [3734, 4], [3735, 2], [3655, 0], [3655, 4], [3656, 2], [3576, 0], [3576, 2], [3496, 4], [3497, 0], [3497, 2], [3417, 0], [3417, 2], [3337, 4], [3338, 2], [3258, 0], [3258, 2], [3178, 4], [3179, 0], [3179, 1], [3259, 4], [3260, 1], [3340, 4], [3341, 0], [3341, 4], [3342, 4], [3343, 4]]",1
"7.10-48,74,38,219,214,98+11","[[3344, 3], [3343, 3], [3342, 3], [3341, 0], [3341, 3], [3340, 2], [3260, 3], [3259, 2], [3179, 0], [3179, 1], [3259, 3], [3258, 0], [3258, 1], [3338, 3], [3337, 1], [3417, 0], [3417, 1], [3497, 0], [3497, 3], [3496, 1], [3576, 0], [3576, 3], [3575, 1], [3655, 0], [3655, 1], [3735, 3], [3734, 0], [3734, 3], [3733, 0], [3733, 3], [3732, 1], [3812, 3], [3811, 0], [3811, 1], [3891, 3], [3890, 0], [3890, 3], [3889, 1], [3969, 0], [3969, 3], [3968, 1], [4048, 0], [4048, 4], [4049, 1], [4129, 0], [4129, 4], [4130, 1], [4210, 0], [4210, 4], [4211, 1], [4291, 0], [4291, 1]]",1
"7.10-48,74,38,219,214,98+12","[[4371, 2], [4291, 0], [4291, 3], [4290, 2], [4210, 0], [4210, 2], [4130, 3], [4129, 0], [4129, 3], [4128, 2], [4048, 0], [4048, 4], [4049, 2], [3969, 0], [3969, 4], [3970, 2], [3890, 0], [3890, 2], [3810, 4], [3811, 0], [3811, 4], [3812, 4], [3813, 2], [3733, 0], [3733, 4], [3734, 0], [3734, 2], [3654, 4], [3655, 0], [3655, 2], [3575, 4], [3576, 0], [3576, 2], [3496, 4], [3497, 0], [3497, 2], [3417, 0], [3417, 2], [3337, 2], [3257, 4], [3258, 0], [3258, 2], [3178, 4], [3179, 0], [3179, 1], [3259, 4], [3260, 1], [3340, 4], [3341, 0], [3341, 4], [3342, 4], [3343, 4]]",1
"7.10-48,74,38,219,214,98+13","[[3344, 3], [3343, 3], [3342, 3], [3341, 0], [3341, 3], [3340, 2], [3260, 3], [3259, 2], [3179, 0], [3179, 3], [3178, 3], [3177, 2], [3097, 0], [3097, 3], [3096, 2], [3016, 3], [3015, 3], [3014, 2], [2934, 0], [2934, 1], [3014, 3], [3013, 1], [3093, 0], [3093, 3], [3092, 3], [3091, 1], [3171, 0], [3171, 3], [3170, 0], [3170, 3], [3169, 2], [3089, 0], [3089, 3], [3088, 0], [3088, 2], [3008, 3]]",1
"7.10-48,74,38,219,214,98+14","[[3007, 0], [3007, 0], [3007, 0], [3007, 0], [3007, 0], [3007, 0], [3007, 0], [3007, 0], [3007, 0], [3007, 0], [3007, 0], [3007, 0], [3007, 0], [3007, 0], [3007, 0], [3007, 0]]",1
"7.10-48,74,6,133,29,213+1","[[3344, 0], [3344, 0], [3344, 0], [3344, 0], [3344, 0], [3344, 0], [3344, 0], [3344, 0], [3344, 0], [3344, 0], [3344, 0], [3344, 0], [3344, 0], [3344, 0], [3344, 0], [3344, 0], [3344, 0], [3344, 0], [3344, 0], [3344, 0], [3344, 0], [3344, 0], [3344, 0], [3344, 0], [3344, 0], [3344, 0], [3344, 0], [3344, 0], [3344, 0], [3344, 0], [3344, 0], [3344, 0], [3344, 0], [3344, 0], [3344, 0], [3344, 4], [3345, 4], [3346, 4], [3347, 0], [3347, 4], [3348, 0], [3348, 4], [3349, 1], [3429, 0], [3429, 4], [3430, 4], [3431, 4], [3432, 0], [3432, 4], [3433, 4], [3434, 4]]",1
"7.10-48,74,6,133,29,213+2","[[3435, 3], [3434, 3], [3433, 3], [3432, 0], [3432, 3], [3431, 3], [3430, 3], [3429, 0], [3429, 3], [3428, 2], [3348, 0], [3348, 3], [3347, 0], [3347, 3], [3346, 3], [3345, 3]]",1
"7.10-48,74,6,133,29,213+3","[[3344, 4], [3345, 4], [3346, 4], [3347, 0], [3347, 4], [3348, 0], [3348, 4], [3349, 1], [3429, 0], [3429, 4], [3430, 4], [3431, 4], [3432, 0], [3432, 4], [3433, 4], [3434, 4]]",1
"7.10-48,74,6,133,29,213+4","[[3435, 3], [3434, 3], [3433, 3], [3432, 0], [3432, 3], [3431, 3], [3430, 3], [3429, 0], [3429, 3], [3428, 2], [3348, 0], [3348, 3], [3347, 0], [3347, 3], [3346, 3], [3345, 3]]",1
"7.10-48,74,6,133,29,213+5","[[3344, 3], [3343, 3], [3342, 3], [3341, 0], [3341, 2], [3261, 3], [3260, 3], [3259, 2], [3179, 0], [3179, 3], [3178, 3], [3177, 2]]",1
"7.10-48,74,6,133,29,213+6","[[3097, 4], [3098, 1], [3178, 4], [3179, 0], [3179, 4], [3180, 1], [3260, 4], [3261, 1], [3341, 0], [3341, 4], [3342, 4], [3343, 4]]",1
"7.10-48,74,6,133,29,213+7","[[3344, 0], [3344, 0], [3344, 0], [3344, 0], [3344, 0], [3344, 0], [3344, 0], [3344, 0], [3344, 0], [3344, 0], [3344, 0], [3344, 0], [3344, 0], [3344, 0], [3344, 0], [3344, 0], [3344, 0], [3344, 4], [3345, 4], [3346, 4], [3347, 0], [3347, 4], [3348, 0], [3348, 4], [3349, 1], [3429, 0], [3429, 1], [3509, 1], [3589, 0], [3589, 1], [3669, 1], [3749, 0], [3749, 1], [3829, 3], [3828, 0], [3828, 3], [3827, 0], [3827, 1], [3907, 1], [3987, 0], [3987, 1], [4067, 3], [4066, 0], [4066, 2], [3986, 3], [3985, 0], [3985, 3], [3984, 0], [3984, 1], [4064, 0], [4064, 3], [4063, 0], [4063, 1], [4143, 0], [4143, 3], [4142, 1]]",1
"7.10-156,245,49,209,69,163+1","[[2038, 2], [1958, 2], [1878, 3], [1877, 0], [1877, 3], [1876, 2], [1796, 3], [1795, 3], [1794, 0], [1794, 2], [1714, 3], [1713, 3], [1712, 2], [1632, 3], [1631, 0], [1631, 3], [1630, 2], [1550, 3], [1549, 3], [1548, 0], [1548, 3], [1547, 2], [1467, 3], [1466, 0], [1466, 2], [1386, 3], [1385, 3], [1384, 3], [1383, 2], [1303, 0], [1303, 3], [1302, 3], [1301, 2], [1221, 3], [1220, 3], [1219, 0], [1219, 3], [1218, 2], [1138, 3], [1137, 0], [1137, 3], [1136, 3], [1135, 2], [1055, 0], [1055, 2], [975, 3], [974, 3], [973, 3], [972, 2], [892, 0], [892, 3], [891, 3], [890, 0], [890, 2], [810, 3], [809, 2], [729, 0], [729, 3], [728, 2], [648, 0], [648, 2], [568, 3], [567, 0], [567, 2], [487, 3], [486, 3], [485, 2], [405, 3], [404, 0], [404, 3], [403, 2], [323, 3], [322, 2]]",1
"7.10-156,245,49,209,69,163+2","[[242, 4], [243, 1], [323, 1], [403, 4], [404, 0], [404, 4], [405, 1], [485, 4], [486, 4], [487, 1], [567, 0], [567, 4], [568, 1], [648, 0], [648, 4], [649, 1], [729, 0], [729, 1], [809, 4], [810, 1], [890, 0], [890, 4], [891, 4], [892, 0], [892, 1], [972, 4], [973, 4], [974, 1], [1054, 4], [1055, 0], [1055, 4], [1056, 1], [1136, 4], [1137, 0], [1137, 4], [1138, 4], [1139, 1], [1219, 0], [1219, 4], [1220, 4], [1221, 4], [1222, 1], [1302, 4], [1303, 0], [1303, 4], [1304, 1], [1384, 4], [1385, 1], [1465, 4], [1466, 0], [1466, 4], [1467, 1], [1547, 4], [1548, 0], [1548, 4], [1549, 1], [1629, 4], [1630, 4], [1631, 0], [1631, 1], [1711, 4], [1712, 4], [1713, 1], [1793, 4], [1794, 0], [1794, 4], [1795, 1], [1875, 4], [1876, 4], [1877, 0], [1877, 1], [1957, 4], [1958, 1], [2038, 0], [2038, 4], [2039, 0], [2039, 1], [2119, 4], [2120, 4], [2121, 4], [2122, 1], [2202, 0], [2202, 4], [2203, 1], [2283, 1], [2363, 4], [2364, 0], [2364, 4], [2365, 1], [2445, 4], [2446, 0], [2446, 4], [2447, 1], [2527, 0], [2527, 1], [2607, 4], [2608, 0], [2608, 4], [2609, 4], [2610, 1], [2690, 0], [2690, 1], [2770, 4], [2771, 1], [2851, 4], [2852, 0], [2852, 4], [2853, 1], [2933, 4], [2934, 0], [2934, 4], [2935, 1], [3015, 4], [3016, 1], [3096, 4], [3097, 0], [3097, 4], [3098, 1], [3178, 4], [3179, 0], [3179, 1], [3259, 4], [3260, 4], [3261, 1], [3341, 0], [3341, 4], [3342, 4], [3343, 4], [3344, 0], [3344, 4], [3345, 4], [3346, 4], [3347, 0], [3347, 4], [3348, 0], [3348, 1], [3428, 4], [3429, 0], [3429, 4], [3430, 4], [3431, 4], [3432, 0], [3432, 4], [3433, 4], [3434, 4]]",1
"7.10-156,245,49,209,69,163+3","[[3435, 3], [3434, 3], [3433, 3], [3432, 0], [3432, 3], [3431, 3], [3430, 3], [3429, 0], [3429, 3], [3428, 2], [3348, 0], [3348, 3], [3347, 0], [3347, 3], [3346, 3], [3345, 3], [3344, 0], [3344, 3], [3343, 3], [3342, 3], [3341, 0], [3341, 3], [3340, 2], [3260, 3], [3259, 2], [3179, 0], [3179, 3], [3178, 2], [3098, 3], [3097, 0], [3097, 3], [3096, 2], [3016, 3], [3015, 2], [2935, 3], [2934, 0], [2934, 3], [2933, 3], [2932, 2], [2852, 0], [2852, 3], [2851, 2], [2771, 2], [2691, 3], [2690, 0], [2690, 3], [2689, 2], [2609, 3], [2608, 0], [2608, 3], [2607, 2]]",1
"7.10-156,245,49,209,69,163+4","[[2527, 4], [2528, 1], [2608, 0], [2608, 4], [2609, 2], [2529, 4], [2530, 0], [2530, 4], [2531, 2], [2451, 0], [2451, 2], [2371, 0], [2371, 4], [2372, 2], [2292, 0], [2292, 4], [2293, 0], [2293, 4], [2294, 0], [2294, 1], [2374, 4], [2375, 0]]",1
"7.10-156,245,49,209,69,163+5","[[2375, 0], [2375, 2], [2295, 3], [2294, 0], [2294, 3], [2293, 0], [2293, 3], [2292, 0], [2292, 1], [2372, 3], [2371, 0], [2371, 1], [2451, 0], [2451, 3], [2450, 1], [2530, 0], [2530, 3], [2529, 1], [2609, 3], [2608, 0], [2608, 3], [2607, 2]]",1
"7.10-156,245,49,209,69,163+6","[[2527, 1], [2607, 4], [2608, 0], [2608, 4], [2609, 2], [2529, 4], [2530, 0], [2530, 2], [2450, 4], [2451, 0], [2451, 2], [2371, 0], [2371, 4], [2372, 2], [2292, 0], [2292, 4], [2293, 0], [2293, 4], [2294, 0], [2294, 4], [2295, 1], [2375, 0]]",1
"7.10-156,245,49,209,69,163+7","[[2375, 0], [2375, 3], [2374, 2], [2294, 0], [2294, 3], [2293, 0], [2293, 3], [2292, 0], [2292, 3], [2291, 1], [2371, 0], [2371, 1], [2451, 0], [2451, 1], [2531, 3], [2530, 0], [2530, 3], [2529, 3], [2528, 1], [2608, 0], [2608, 2], [2528, 3]]",1
"7.10-156,245,49,209,69,163+10","[[2527, 4], [2528, 1], [2608, 0], [2608, 4], [2609, 2], [2529, 4], [2530, 0], [2530, 2], [2450, 4], [2451, 0], [2451, 2], [2371, 0], [2371, 4], [2372, 2], [2292, 0], [2292, 4], [2293, 0], [2293, 4], [2294, 0], [2294, 1], [2374, 4], [2375, 0]]",1
"7.10-156,245,49,209,69,163+11","[[2375, 0], [2375, 2], [2295, 3], [2294, 0], [2294, 3], [2293, 0], [2293, 3], [2292, 0], [2292, 1], [2372, 3], [2371, 0], [2371, 1], [2451, 0], [2451, 3], [2450, 1], [2530, 0], [2530, 3], [2529, 3], [2528, 1], [2608, 0], [2608, 3], [2607, 2]]",1
"7.10-156,245,49,209,69,163+12","[[2527, 4], [2528, 1], [2608, 0], [2608, 4], [2609, 4], [2610, 1], [2690, 0], [2690, 1], [2770, 4], [2771, 4], [2772, 1], [2852, 0], [2852, 4], [2853, 4], [2854, 1], [2934, 0], [2934, 1], [3014, 4], [3015, 4], [3016, 4], [3017, 1], [3097, 0], [3097, 4], [3098, 1], [3178, 4], [3179, 0], [3179, 4], [3180, 1], [3260, 1], [3340, 4], [3341, 0], [3341, 4], [3342, 4], [3343, 4]]",1
"7.10-156,245,49,209,69,163+13","[[3344, 3], [3343, 3], [3342, 3], [3341, 0], [3341, 2], [3261, 3], [3260, 2], [3180, 3], [3179, 0], [3179, 1], [3259, 3], [3258, 0], [3258, 1], [3338, 3], [3337, 1], [3417, 0], [3417, 1], [3497, 0], [3497, 3], [3496, 1], [3576, 0], [3576, 3], [3575, 1], [3655, 0], [3655, 3], [3654, 1], [3734, 0], [3734, 3], [3733, 0], [3733, 3], [3732, 3], [3731, 1], [3811, 0], [3811, 3], [3810, 1]]",1
"7.10-156,245,49,209,69,163+14","[[3890, 4], [3891, 2], [3811, 0], [3811, 4], [3812, 2], [3732, 4], [3733, 0], [3733, 4], [3734, 0], [3734, 4], [3735, 2], [3655, 0], [3655, 2], [3575, 4], [3576, 0], [3576, 4], [3577, 2], [3497, 0], [3497, 2], [3417, 0], [3417, 2], [3337, 2], [3257, 4], [3258, 0], [3258, 4], [3259, 2], [3179, 0], [3179, 3], [3178, 3], [3177, 2], [3097, 0], [3097, 3], [3096, 2], [3016, 3], [3015, 2], [2935, 3], [2934, 0], [2934, 3], [2933, 3], [2932, 2], [2852, 0], [2852, 3], [2851, 2], [2771, 2], [2691, 3], [2690, 0], [2690, 3], [2689, 2], [2609, 3], [2608, 0], [2608, 2], [2528, 3]]",1
"7.10-156,245,49,209,69,163+15","[[2527, 1], [2607, 4], [2608, 0], [2608, 4], [2609, 1], [2689, 4], [2690, 0], [2690, 4], [2691, 1], [2771, 1], [2851, 4], [2852, 0], [2852, 4], [2853, 1], [2933, 4], [2934, 0], [2934, 4], [2935, 1], [3015, 4], [3016, 4], [3017, 1], [3097, 0], [3097, 4], [3098, 1], [3178, 4], [3179, 0], [3179, 1], [3259, 4], [3260, 1], [3340, 4], [3341, 0], [3341, 4], [3342, 4], [3343, 4]]",1
"7.10-156,245,49,209,69,163+16","[[3344, 3], [3343, 3], [3342, 3], [3341, 0], [3341, 3], [3340, 2], [3260, 3], [3259, 2], [3179, 0], [3179, 3], [3178, 3], [3177, 2], [3097, 0], [3097, 2], [3017, 3], [3016, 3], [3015, 2], [2935, 3], [2934, 0], [2934, 3], [2933, 3], [2932, 2], [2852, 0], [2852, 2], [2772, 3], [2771, 2], [2691, 3], [2690, 0], [2690, 3], [2689, 3], [2688, 2], [2608, 0], [2608, 3], [2607, 2]]",1
"7.10-156,245,49,209,69,163+17","[[2527, 1], [2607, 4], [2608, 0], [2608, 4], [2609, 4], [2610, 1], [2690, 0], [2690, 1], [2770, 4], [2771, 4], [2772, 1], [2852, 0], [2852, 4], [2853, 1], [2933, 4], [2934, 0], [2934, 4], [2935, 1], [3015, 4], [3016, 1], [3096, 4], [3097, 0], [3097, 4], [3098, 4], [3099, 1], [3179, 0], [3179, 3], [3178, 1], [3258, 0], [3258, 1], [3338, 3], [3337, 1], [3417, 0], [3417, 1], [3497, 0], [3497, 1], [3577, 3], [3576, 0], [3576, 3], [3575, 1], [3655, 0], [3655, 3], [3654, 1], [3734, 0], [3734, 3], [3733, 0], [3733, 3], [3732, 3], [3731, 1], [3811, 0], [3811, 1], [3891, 3]]",1
"7.10-156,245,49,209,69,163+18","[[3890, 2], [3810, 4], [3811, 0], [3811, 4], [3812, 4], [3813, 2], [3733, 0], [3733, 4], [3734, 0], [3734, 2], [3654, 4], [3655, 0], [3655, 2], [3575, 4], [3576, 0], [3576, 2], [3496, 4], [3497, 0], [3497, 2], [3417, 0], [3417, 2], [3337, 2], [3257, 4], [3258, 0], [3258, 4], [3259, 2], [3179, 0], [3179, 3], [3178, 2], [3098, 3], [3097, 0], [3097, 2], [3017, 3], [3016, 3], [3015, 2], [2935, 3], [2934, 0], [2934, 3], [2933, 2], [2853, 3], [2852, 0], [2852, 2], [2772, 3], [2771, 2], [2691, 3], [2690, 0], [2690, 3], [2689, 2], [2609, 3], [2608, 0], [2608, 2], [2528, 3]]",1
"7.10-188,106,209,65,143,224+1","[[3344, 3], [3343, 3], [3342, 3], [3341, 0], [3341, 2], [3261, 3], [3260, 2], [3180, 3], [3179, 0], [3179, 3], [3178, 3], [3177, 2], [3097, 0], [3097, 3], [3096, 2], [3016, 3], [3015, 2], [2935, 3], [2934, 0], [2934, 3], [2933, 2], [2853, 3], [2852, 0], [2852, 2], [2772, 3], [2771, 3], [2770, 2], [2690, 0], [2690, 3], [2689, 3], [2688, 2], [2608, 0], [2608, 3], [2607, 2], [2527, 0], [2527, 2], [2447, 3], [2446, 0], [2446, 3], [2445, 2], [2365, 3], [2364, 0], [2364, 3], [2363, 2], [2283, 2], [2203, 3], [2202, 0], [2202, 3], [2201, 2], [2121, 3], [2120, 2], [2040, 3], [2039, 0], [2039, 3], [2038, 0], [2038, 2], [1958, 2], [1878, 4], [1879, 0], [1879, 2], [1799, 4], [1800, 0], [1800, 2], [1720, 2], [1640, 4]]",1
"7.10-188,106,209,65,143,224+2","[[1641, 1], [1721, 3], [1720, 1], [1800, 0], [1800, 1], [1880, 3], [1879, 0], [1879, 1], [1959, 3], [1958, 1], [2038, 0], [2038, 4], [2039, 0], [2039, 1], [2119, 4], [2120, 4], [2121, 1], [2201, 4], [2202, 0], [2202, 1], [2282, 4], [2283, 1], [2363, 4], [2364, 0], [2364, 4], [2365, 4], [2366, 1], [2446, 0], [2446, 1], [2526, 4], [2527, 0], [2527, 1], [2607, 4], [2608, 0], [2608, 4], [2609, 4], [2610, 1], [2690, 0], [2690, 1], [2770, 4], [2771, 4], [2772, 1], [2852, 0], [2852, 4], [2853, 4], [2854, 1], [2934, 0], [2934, 4], [2935, 1], [3015, 4], [3016, 1], [3096, 4], [3097, 0], [3097, 4], [3098, 1], [3178, 4], [3179, 0], [3179, 4], [3180, 1], [3260, 4], [3261, 1], [3341, 0], [3341, 4], [3342, 4], [3343, 4]]",1
"7.10-188,106,209,65,143,224+3","[[3344, 4], [3345, 4], [3346, 4], [3347, 0], [3347, 4], [3348, 0], [3348, 4], [3349, 1], [3429, 0], [3429, 4], [3430, 4], [3431, 4], [3432, 0], [3432, 4], [3433, 4], [3434, 4]]",1
"7.10-188,106,209,65,143,224+4","[[3435, 3], [3434, 3], [3433, 3], [3432, 0], [3432, 3], [3431, 3], [3430, 3], [3429, 0], [3429, 2], [3349, 3], [3348, 0], [3348, 3], [3347, 0], [3347, 3], [3346, 3], [3345, 3]]",1
"7.10-188,106,209,65,143,224+5","[[3344, 0], [3344, 0], [3344, 0], [3344, 0], [3344, 0], [3344, 0], [3344, 0], [3344, 0], [3344, 4], [3345, 4], [3346, 4], [3347, 0], [3347, 4], [3348, 0], [3348, 1], [3428, 4], [3429, 0], [3429, 4], [3430, 4], [3431, 4], [3432, 0], [3432, 4], [3433, 4], [3434, 4]]",1
"7.10-188,106,209,65,143,224+6","[[3435, 3], [3434, 3], [3433, 3], [3432, 0], [3432, 3], [3431, 3], [3430, 3], [3429, 0], [3429, 2], [3349, 3], [3348, 0], [3348, 3], [3347, 0], [3347, 3], [3346, 3], [3345, 3], [3344, 0], [3344, 3], [3343, 3], [3342, 3], [3341, 0], [3341, 3], [3340, 2], [3260, 2], [3180, 3], [3179, 0], [3179, 3], [3178, 3], [3177, 2], [3097, 0], [3097, 3], [3096, 2], [3016, 3], [3015, 2], [2935, 3], [2934, 0], [2934, 3], [2933, 3], [2932, 2], [2852, 0], [2852, 2], [2772, 3], [2771, 3], [2770, 2], [2690, 0], [2690, 3], [2689, 3], [2688, 2], [2608, 0], [2608, 3], [2607, 2], [2527, 0], [2527, 2], [2447, 3], [2446, 0], [2446, 3], [2445, 2], [2365, 3], [2364, 0], [2364, 3], [2363, 2], [2283, 3], [2282, 2], [2202, 0], [2202, 3], [2201, 2], [2121, 3], [2120, 2], [2040, 3], [2039, 0], [2039, 3], [2038, 0], [2038, 2], [1958, 4], [1959, 2], [1879, 0], [1879, 2], [1799, 4], [1800, 0], [1800, 2], [1720, 4], [1721, 2]]",1
"7.10-188,106,209,65,143,224+7","[[1641, 1], [1721, 3], [1720, 1], [1800, 0], [1800, 1], [1880, 3], [1879, 0], [1879, 1], [1959, 3], [1958, 1], [2038, 0], [2038, 4], [2039, 0], [2039, 1], [2119, 4], [2120, 4], [2121, 1], [2201, 4], [2202, 0], [2202, 4], [2203, 1], [2283, 1], [2363, 4], [2364, 0], [2364, 4], [2365, 1], [2445, 4], [2446, 0], [2446, 4], [2447, 1], [2527, 0], [2527, 4], [2528, 1], [2608, 0], [2608, 4], [2609, 4], [2610, 1], [2690, 0], [2690, 4], [2691, 1], [2771, 1], [2851, 4], [2852, 0], [2852, 4], [2853, 1], [2933, 4], [2934, 0], [2934, 4], [2935, 1], [3015, 4], [3016, 1], [3096, 4], [3097, 0], [3097, 4], [3098, 1], [3178, 4], [3179, 0], [3179, 1], [3259, 4], [3260, 1], [3340, 4], [3341, 0], [3341, 4], [3342, 4], [3343, 4]]",1
"7.10-188,106,209,65,143,224+8","[[3344, 0], [3344, 0], [3344, 0], [3344, 0], [3344, 0], [3344, 0], [3344, 0], [3344, 0], [3344, 0], [3344, 4], [3345, 4], [3346, 4], [3347, 0], [3347, 4], [3348, 0], [3348, 4], [3349, 1], [3429, 0], [3429, 1], [3509, 1], [3589, 0], [3589, 1], [3669, 1], [3749, 0], [3749, 3], [3748, 1], [3828, 0], [3828, 3], [3827, 0], [3827, 1], [3907, 1], [3987, 0], [3987, 3], [3986, 1], [4066, 0], [4066, 2], [3986, 3], [3985, 0], [3985, 3], [3984, 0], [3984, 1], [4064, 0], [4064, 3], [4063, 0], [4063, 1], [4143, 0], [4143, 1], [4223, 3]]",1
"7.10-188,106,209,65,143,224+9","[[4222, 0], [4222, 4], [4223, 2], [4143, 0], [4143, 2], [4063, 0], [4063, 4], [4064, 0], [4064, 2], [3984, 0], [3984, 4], [3985, 0], [3985, 1], [4065, 4], [4066, 0], [4066, 2], [3986, 4], [3987, 0], [3987, 2], [3907, 2], [3827, 0], [3827, 4], [3828, 0], [3828, 2], [3748, 4], [3749, 0], [3749, 2], [3669, 2], [3589, 0], [3589, 2], [3509, 2], [3429, 0], [3429, 2], [3349, 3], [3348, 0], [3348, 3], [3347, 0], [3347, 3], [3346, 3], [3345, 3]]",1
"7.10-188,106,209,65,143,224+10","[[3344, 4], [3345, 4], [3346, 4], [3347, 0], [3347, 4], [3348, 0], [3348, 4], [3349, 1], [3429, 0], [3429, 1], [3509, 1], [3589, 0], [3589, 1], [3669, 1], [3749, 0], [3749, 1], [3829, 3], [3828, 0], [3828, 3], [3827, 0], [3827, 1], [3907, 1], [3987, 0], [3987, 1], [4067, 3], [4066, 0], [4066, 2], [3986, 3], [3985, 0], [3985, 3], [3984, 0], [3984, 1], [4064, 0], [4064, 3], [4063, 0], [4063, 1], [4143, 0], [4143, 1], [4223, 3]]",1
"7.10-188,106,209,65,143,224+11","[[4222, 0], [4222, 4], [4223, 2], [4143, 0], [4143, 2], [4063, 0], [4063, 4], [4064, 0], [4064, 2], [3984, 0], [3984, 4], [3985, 0], [3985, 1], [4065, 4], [4066, 0], [4066, 2], [3986, 4], [3987, 0], [3987, 2], [3907, 2], [3827, 0], [3827, 4], [3828, 0], [3828, 2], [3748, 4], [3749, 0], [3749, 2], [3669, 2], [3589, 0], [3589, 2], [3509, 2], [3429, 0], [3429, 2], [3349, 3], [3348, 0], [3348, 3], [3347, 0], [3347, 3], [3346, 3], [3345, 3]]",1
"7.10-188,106,209,65,143,224+12","[[3344, 0], [3344, 3], [3343, 3], [3342, 3], [3341, 0], [3341, 2], [3261, 3], [3260, 3], [3259, 2], [3179, 0], [3179, 3], [3178, 3], [3177, 2], [3097, 0], [3097, 2], [3017, 3], [3016, 3], [3015, 3], [3014, 2], [2934, 0], [2934, 3], [2933, 2], [2853, 3], [2852, 0], [2852, 3], [2851, 2], [2771, 2], [2691, 3], [2690, 0], [2690, 3], [2689, 2], [2609, 3], [2608, 0], [2608, 2], [2528, 3], [2527, 0], [2527, 3], [2526, 2], [2446, 0], [2446, 3], [2445, 3], [2444, 2], [2364, 0], [2364, 2], [2284, 3], [2283, 3], [2282, 2], [2202, 0], [2202, 3], [2201, 2], [2121, 3], [2120, 2], [2040, 3], [2039, 0], [2039, 3], [2038, 0], [2038, 2], [1958, 4], [1959, 2], [1879, 0], [1879, 4], [1880, 2], [1800, 0], [1800, 2], [1720, 4], [1721, 2]]",1
"7.10-188,106,209,65,143,224+13","[[1641, 0], [1641, 1], [1721, 3], [1720, 1], [1800, 0], [1800, 1], [1880, 3], [1879, 0], [1879, 1], [1959, 3], [1958, 1]]",1
"7.10-188,106,209,65,143,224+14","[[2038, 2], [1958, 4], [1959, 2], [1879, 0], [1879, 4], [1880, 2], [1800, 0], [1800, 2], [1720, 2], [1640, 4]]",1
"7.10-188,106,209,65,143,224+15","[[1641, 1], [1721, 3], [1720, 1], [1800, 0], [1800, 3], [1799, 1], [1879, 0], [1879, 1], [1959, 1], [2039, 3], [2038, 0], [2038, 4], [2039, 0], [2039, 4], [2040, 1], [2120, 4], [2121, 1], [2201, 4], [2202, 0], [2202, 1], [2282, 4], [2283, 4], [2284, 1], [2364, 0], [2364, 4], [2365, 1], [2445, 4], [2446, 0], [2446, 1], [2526, 4], [2527, 0], [2527, 4], [2528, 1], [2608, 0], [2608, 4], [2609, 1], [2689, 4], [2690, 0], [2690, 1], [2770, 4], [2771, 1], [2851, 4], [2852, 0], [2852, 4], [2853, 1], [2933, 4], [2934, 0], [2934, 4], [2935, 1], [3015, 4], [3016, 4], [3017, 1]]",1
"7.10-188,106,209,65,143,224+16","[[3097, 4], [3098, 1], [3178, 4], [3179, 0], [3179, 1], [3259, 4], [3260, 4], [3261, 1], [3341, 0], [3341, 4], [3342, 4], [3343, 4]]",1
"7.10-188,106,209,65,143,224+17","[[3344, 3], [3343, 3], [3342, 3], [3341, 0], [3341, 3], [3340, 2], [3260, 3], [3259, 2], [3179, 0], [3179, 3], [3178, 2], [3098, 3]]",1
"7.10-188,106,209,65,143,224+18","[[3097, 4], [3098, 1], [3178, 4], [3179, 0], [3179, 1], [3259, 4], [3260, 1], [3340, 4], [3341, 0], [3341, 4], [3342, 4], [3343, 4]]",1
"7.10-188,106,209,65,143,224+19","[[3344, 0], [3344, 0], [3344, 0], [3344, 0], [3344, 0], [3344, 0], [3344, 0], [3344, 0], [3344, 4], [3345, 4], [3346, 4], [3347, 0], [3347, 4], [3348, 0], [3348, 0], [3348, 3], [3347, 2], [3267, 0], [3267, 2], [3187, 2], [3107, 0], [3107, 2], [3027, 0], [3027, 2], [2947, 4], [2948, 0], [2948, 2], [2868, 0], [2868, 2], [2788, 4], [2789, 2], [2709, 0], [2709, 2], [2629, 0], [2629, 4], [2630, 4], [2631, 0], [2631, 4], [2632, 0], [2632, 4], [2633, 0], [2633, 2], [2553, 4], [2554, 0], [2554, 2], [2474, 0], [2474, 4], [2475, 2], [2395, 0], [2395, 0], [2395, 2], [2315, 2], [2235, 4], [2236, 0], [2236, 2], [2156, 2], [2076, 0], [2076, 2], [1996, 0], [1996, 3], [1995, 2], [1915, 0], [1915, 3], [1914, 2], [1834, 0], [1834, 2], [1754, 0], [1754, 2], [1674, 0], [1674, 3], [1673, 2], [1593, 0], [1593, 2], [1513, 0], [1513, 2], [1433, 0], [1433, 4], [1434, 2], [1354, 0], [1354, 4], [1355, 2], [1275, 0], [1275, 2], [1195, 0], [1195, 4], [1196, 2], [1116, 0], [1116, 3], [1115, 0], [1115, 4], [1116, 2]]",1
"7.10-188,106,209,65,143,224+20","[[1036, 3], [1035, 1], [1115, 0], [1115, 4], [1116, 0], [1116, 1], [1196, 3], [1195, 0], [1195, 1], [1275, 0], [1275, 3], [1274, 1], [1354, 0], [1354, 3], [1353, 1], [1433, 0], [1433, 1], [1513, 0], [1513, 1], [1593, 0], [1593, 4], [1594, 1], [1674, 0], [1674, 1], [1754, 0], [1754, 1], [1834, 0], [1834, 4], [1835, 1], [1915, 0], [1915, 1], [1995, 4], [1996, 0], [1996, 1], [2076, 0], [2076, 1], [2156, 1], [2236, 0], [2236, 1], [2316, 1], [2396, 3], [2395, 0], [2395, 0], [2395, 3], [2394, 1], [2474, 0], [2474, 1], [2554, 0], [2554, 1], [2634, 3], [2633, 0], [2633, 3], [2632, 0], [2632, 3], [2631, 0], [2631, 3], [2630, 3], [2629, 0], [2629, 1], [2709, 0], [2709, 1], [2789, 3], [2788, 1], [2868, 0], [2868, 1], [2948, 0], [2948, 1], [3028, 3], [3027, 0], [3027, 1], [3107, 0], [3107, 1], [3187, 1], [3267, 0], [3267, 1], [3347, 4], [3348, 0], [3348, 0], [3348, 3], [3347, 0], [3347, 3], [3346, 3], [3345, 3]]",1
"7.10-48,74,6,155,214,98+1","[[2527, 4], [2528, 1], [2608, 0], [2608, 4], [2609, 4], [2610, 1], [2690, 0], [2690, 4], [2691, 1], [2771, 4], [2772, 1], [2852, 0], [2852, 4], [2853, 1], [2933, 4], [2934, 0], [2934, 1], [3014, 4], [3015, 4], [3016, 4], [3017, 1]]",1
"7.10-48,74,6,155,214,98+2","[[3097, 3], [3096, 2], [3016, 3], [3015, 3], [3014, 2], [2934, 0], [2934, 3], [2933, 3], [2932, 2], [2852, 0], [2852, 2], [2772, 3], [2771, 2], [2691, 3], [2690, 0], [2690, 3], [2689, 3], [2688, 2], [2608, 0], [2608, 2], [2528, 3], [2527, 0], [2527, 2], [2447, 3], [2446, 0], [2446, 3], [2445, 2], [2365, 3], [2364, 0], [2364, 3], [2363, 2], [2283, 3], [2282, 2], [2202, 0], [2202, 3], [2201, 2], [2121, 3], [2120, 2], [2040, 3], [2039, 0], [2039, 3], [2038, 0], [2038, 2], [1958, 4], [1959, 2], [1879, 0], [1879, 4], [1880, 2], [1800, 0], [1800, 2], [1720, 4], [1721, 2]]",1
"7.10-48,74,6,155,214,98+3","[[1641, 1], [1721, 1], [1801, 3], [1800, 0], [1800, 3], [1799, 1], [1879, 0], [1879, 1], [1959, 3], [1958, 1], [2038, 0], [2038, 4], [2039, 0], [2039, 4], [2040, 1], [2120, 4], [2121, 1], [2201, 4], [2202, 0], [2202, 4], [2203, 1], [2283, 1], [2363, 4], [2364, 0], [2364, 4], [2365, 4], [2366, 1], [2446, 0], [2446, 4], [2447, 1], [2527, 0], [2527, 4], [2528, 1], [2608, 0], [2608, 4], [2609, 4], [2610, 1], [2690, 0], [2690, 1], [2770, 4], [2771, 1], [2851, 4], [2852, 0], [2852, 4], [2853, 1], [2933, 4], [2934, 0], [2934, 4], [2935, 1], [3015, 4], [3016, 1], [3096, 4]]",1
"7.10-48,74,6,155,214,98+4","[[3097, 4], [3098, 4], [3099, 1], [3179, 0], [3179, 4], [3180, 1], [3260, 1], [3340, 4], [3341, 0], [3341, 4], [3342, 4], [3343, 4], [3344, 0], [3344, 4], [3345, 4], [3346, 4], [3347, 0], [3347, 4], [3348, 0], [3348, 4], [3349, 1], [3429, 0], [3429, 4], [3430, 4], [3431, 4], [3432, 0], [3432, 4], [3433, 4], [3434, 4]]",1
"7.10-48,74,6,155,214,98+5","[[3435, 3], [3434, 3], [3433, 3], [3432, 0], [3432, 3], [3431, 3], [3430, 3], [3429, 0], [3429, 1], [3509, 1], [3589, 0], [3589, 1], [3669, 1], [3749, 0], [3749, 1], [3829, 3], [3828, 0], [3828, 3], [3827, 0], [3827, 1], [3907, 1], [3987, 0], [3987, 3], [3986, 1], [4066, 0], [4066, 3], [4065, 2], [3985, 0], [3985, 3], [3984, 0], [3984, 1], [4064, 0], [4064, 3], [4063, 0], [4063, 1], [4143, 0], [4143, 1], [4223, 3], [4222, 0], [4222, 3], [4221, 1], [4301, 0], [4301, 3], [4300, 1], [4380, 0], [4380, 3], [4379, 3], [4378, 1], [4458, 0], [4458, 3], [4457, 0], [4457, 1], [4537, 3], [4536, 0], [4536, 3], [4535, 0], [4535, 3], [4534, 0], [4534, 3], [4533, 0], [4533, 3], [4532, 0], [4532, 0], [4532, 2], [4452, 2], [4372, 0], [4372, 3]]",1
"7.10-48,74,6,155,214,98+6","[[4371, 4], [4372, 0], [4372, 1], [4452, 1], [4532, 0], [4532, 0], [4532, 4], [4533, 0], [4533, 4], [4534, 0], [4534, 4], [4535, 0], [4535, 4], [4536, 0], [4536, 4], [4537, 2], [4457, 0], [4457, 4], [4458, 0], [4458, 4], [4459, 2], [4379, 4], [4380, 0], [4380, 2], [4300, 4], [4301, 0], [4301, 4], [4302, 2], [4222, 0], [4222, 4], [4223, 2], [4143, 0], [4143, 2], [4063, 0], [4063, 4], [4064, 0], [4064, 2], [3984, 0], [3984, 4], [3985, 0], [3985, 1], [4065, 4], [4066, 0], [4066, 4], [4067, 2], [3987, 0], [3987, 2], [3907, 2], [3827, 0], [3827, 4], [3828, 0], [3828, 2], [3748, 4], [3749, 0], [3749, 2], [3669, 2], [3589, 0], [3589, 2], [3509, 2], [3429, 0], [3429, 4], [3430, 4], [3431, 4], [3432, 0], [3432, 4], [3433, 4], [3434, 4]]",1
"7.10-48,74,6,155,214,98+7","[[3435, 3], [3434, 3], [3433, 3], [3432, 0], [3432, 3], [3431, 3], [3430, 3], [3429, 0], [3429, 2], [3349, 3], [3348, 0], [3348, 3], [3347, 0], [3347, 3], [3346, 3], [3345, 3], [3344, 0], [3344, 3], [3343, 3], [3342, 3], [3341, 0], [3341, 3], [3340, 2], [3260, 2], [3180, 3], [3179, 0], [3179, 3], [3178, 3], [3177, 2]]",1
"7.10-48,74,6,155,214,98+8","[[3097, 4], [3098, 1], [3178, 4], [3179, 0], [3179, 1], [3259, 4], [3260, 4], [3261, 1], [3341, 0], [3341, 4], [3342, 4], [3343, 4], [3344, 0], [3344, 4], [3345, 4], [3346, 4], [3347, 0], [3347, 4], [3348, 0], [3348, 1], [3428, 4], [3429, 0], [3429, 4], [3430, 4], [3431, 4], [3432, 0], [3432, 4], [3433, 4], [3434, 4]]",1
"7.10-48,74,6,155,214,98+9","[[3435, 3], [3434, 3], [3433, 3], [3432, 0], [3432, 3], [3431, 3], [3430, 3], [3429, 0], [3429, 1], [3509, 1], [3589, 0], [3589, 1], [3669, 1], [3749, 0], [3749, 3], [3748, 1], [3828, 0], [3828, 3], [3827, 0], [3827, 1], [3907, 1], [3987, 0], [3987, 3], [3986, 1], [4066, 0], [4066, 3], [4065, 2], [3985, 0], [3985, 3], [3984, 0], [3984, 1], [4064, 0], [4064, 3], [4063, 0], [4063, 1], [4143, 0], [4143, 3], [4142, 1], [4222, 0], [4222, 1], [4302, 3], [4301, 0], [4301, 3], [4300, 1], [4380, 0], [4380, 3], [4379, 3], [4378, 1], [4458, 0], [4458, 3], [4457, 0], [4457, 1], [4537, 3], [4536, 0], [4536, 3], [4535, 0], [4535, 3], [4534, 0], [4534, 3], [4533, 0], [4533, 3], [4532, 0], [4532, 0], [4532, 2], [4452, 2], [4372, 0], [4372, 3]]",1
"7.10-48,74,6,155,214,98+10","[[4371, 2], [4291, 0], [4291, 2], [4211, 3], [4210, 0], [4210, 3], [4209, 2], [4129, 0], [4129, 3], [4128, 2], [4048, 0], [4048, 4], [4049, 2], [3969, 0], [3969, 2], [3889, 4], [3890, 0], [3890, 4], [3891, 2], [3811, 0], [3811, 4], [3812, 4], [3813, 2], [3733, 0], [3733, 4], [3734, 0], [3734, 4], [3735, 2], [3655, 0], [3655, 2], [3575, 4], [3576, 0], [3576, 4], [3577, 2], [3497, 0], [3497, 2], [3417, 0], [3417, 2], [3337, 4], [3338, 2], [3258, 0], [3258, 4], [3259, 2], [3179, 0], [3179, 3], [3178, 3], [3177, 2], [3097, 0], [3097, 2], [3017, 3], [3016, 3], [3015, 2], [2935, 3], [2934, 0], [2934, 1], [3014, 3], [3013, 1], [3093, 0], [3093, 3], [3092, 3], [3091, 1], [3171, 0], [3171, 3], [3170, 0], [3170, 2], [3090, 3], [3089, 0], [3089, 3], [3088, 0], [3088, 2], [3008, 3]]",1
"7.10-48,74,6,155,214,98+11","[[3007, 1], [3087, 4], [3088, 0], [3088, 4], [3089, 0], [3089, 4], [3090, 1], [3170, 0], [3170, 4], [3171, 0], [3171, 4], [3172, 4], [3173, 2], [3093, 0], [3093, 2], [3013, 4], [3014, 2], [2934, 0], [2934, 4], [2935, 1], [3015, 4], [3016, 4], [3017, 1], [3097, 0], [3097, 4], [3098, 4], [3099, 1], [3179, 0], [3179, 4], [3180, 1], [3260, 1], [3340, 4], [3341, 0], [3341, 4], [3342, 4], [3343, 4]]",1
"7.10-48,74,6,155,214,98+12","[[3344, 4], [3345, 4], [3346, 4], [3347, 0], [3347, 4], [3348, 0], [3348, 1], [3428, 4], [3429, 0], [3429, 4], [3430, 4], [3431, 4], [3432, 0], [3432, 4], [3433, 4], [3434, 4]]",1
"7.10-48,74,6,155,214,98+13","[[3435, 3], [3434, 3], [3433, 3], [3432, 0], [3432, 3], [3431, 3], [3430, 3], [3429, 0], [3429, 3], [3428, 2], [3348, 0], [3348, 3], [3347, 0], [3347, 3], [3346, 3], [3345, 3], [3344, 0], [3344, 3], [3343, 3], [3342, 3], [3341, 0], [3341, 3], [3340, 2], [3260, 3], [3259, 2], [3179, 0], [3179, 3], [3178, 3], [3177, 2], [3097, 0], [3097, 3], [3096, 2], [3016, 3], [3015, 3], [3014, 2], [2934, 0], [2934, 1], [3014, 3], [3013, 1], [3093, 0], [3093, 3], [3092, 1], [3172, 3], [3171, 0], [3171, 3], [3170, 0], [3170, 3], [3169, 2], [3089, 0], [3089, 3], [3088, 0], [3088, 3], [3087, 2]]",1
"7.10-48,74,6,155,214,98+14","[[3007, 4], [3008, 1], [3088, 0], [3088, 4], [3089, 0], [3089, 1], [3169, 4], [3170, 0], [3170, 4], [3171, 0], [3171, 4], [3172, 4], [3173, 2], [3093, 0], [3093, 2], [3013, 4], [3014, 2], [2934, 0], [2934, 1], [3014, 4], [3015, 4], [3016, 4], [3017, 1], [3097, 0], [3097, 4], [3098, 1], [3178, 4], [3179, 0], [3179, 4], [3180, 1], [3260, 4], [3261, 1], [3341, 0], [3341, 4], [3342, 4], [3343, 4]]",1
"7.10-48,74,6,155,214,98+15","[[3344, 4], [3345, 4], [3346, 4], [3347, 0], [3347, 4], [3348, 0], [3348, 1], [3428, 4], [3429, 0], [3429, 4], [3430, 4], [3431, 4], [3432, 0], [3432, 4], [3433, 4], [3434, 4]]",1
"7.10-48,74,6,155,214,98+16","[[3435, 3], [3434, 3], [3433, 3], [3432, 0], [3432, 3], [3431, 3], [3430, 3], [3429, 0], [3429, 3], [3428, 2], [3348, 0], [3348, 3], [3347, 0], [3347, 3], [3346, 3], [3345, 3], [3344, 0], [3344, 3], [3343, 3], [3342, 3], [3341, 0], [3341, 3], [3340, 2], [3260, 2], [3180, 3], [3179, 0], [3179, 3], [3178, 2], [3098, 3], [3097, 0], [3097, 2], [3017, 3], [3016, 3], [3015, 3], [3014, 2], [2934, 0], [2934, 1], [3014, 3], [3013, 1], [3093, 0], [3093, 3], [3092, 1], [3172, 3], [3171, 0], [3171, 3], [3170, 0], [3170, 3], [3169, 2], [3089, 0], [3089, 3], [3088, 0], [3088, 2], [3008, 3]]",1
"7.10-48,74,6,155,214,98+17","[[3007, 1], [3087, 4], [3088, 0], [3088, 4], [3089, 0], [3089, 1], [3169, 4], [3170, 0], [3170, 4], [3171, 0], [3171, 4], [3172, 2], [3092, 4], [3093, 0], [3093, 2], [3013, 4], [3014, 2], [2934, 0], [2934, 4], [2935, 1], [3015, 4], [3016, 4], [3017, 1], [3097, 0], [3097, 4], [3098, 1], [3178, 4], [3179, 0], [3179, 4], [3180, 1], [3260, 1], [3340, 4], [3341, 0], [3341, 4], [3342, 4], [3343, 4]]",1
"7.10-48,74,6,155,214,98+18","[[3344, 0], [3344, 0], [3344, 0], [3344, 0], [3344, 0], [3344, 0], [3344, 3], [3343, 3], [3342, 3], [3341, 0], [3341, 3], [3340, 2], [3260, 3], [3259, 2], [3179, 0], [3179, 3], [3178, 2], [3098, 3]]",1
"7.10-48,74,6,155,214,98+19","[[3097, 4], [3098, 1], [3178, 4], [3179, 0], [3179, 4], [3180, 1], [3260, 1], [3340, 4], [3341, 0], [3341, 4], [3342, 4], [3343, 4]]",1
"7.10-48,74,6,155,214,98+20","[[3344, 0], [3344, 0], [3344, 0], [3344, 0], [3344, 0], [3344, 0], [3344, 0]]",1
"7.10-48,148,53,197,58,225+9","[[3097, 3], [3096, 2], [3016, 3], [3015, 3], [3014, 2], [2934, 0], [2934, 1], [3014, 3], [3013, 1], [3093, 0], [3093, 3], [3092, 3], [3091, 1], [3171, 0], [3171, 3], [3170, 0], [3170, 3], [3169, 2], [3089, 0], [3089, 3], [3088, 0], [3088, 3], [3087, 2]]",1
"7.10-48,148,53,197,58,225+10","[[3007, 1], [3087, 4], [3088, 0], [3088, 4], [3089, 0], [3089, 4], [3090, 1], [3170, 0], [3170, 4], [3171, 0], [3171, 4], [3172, 2], [3092, 4], [3093, 0], [3093, 2], [3013, 2], [2933, 4], [2934, 0], [2934, 1], [3014, 4], [3015, 4], [3016, 1], [3096, 4]]",1
"7.10-48,148,53,197,58,225+11","[[3097, 3], [3096, 2], [3016, 3], [3015, 3], [3014, 2], [2934, 0], [2934, 1], [3014, 3], [3013, 1], [3093, 0], [3093, 3], [3092, 1], [3172, 3], [3171, 0], [3171, 3], [3170, 0], [3170, 3], [3169, 2], [3089, 0], [3089, 3], [3088, 0], [3088, 2], [3008, 3]]",1
"7.10-48,66,38,155,214,98+1","[[3344, 3], [3343, 3], [3342, 3], [3341, 0], [3341, 2], [3261, 3], [3260, 2], [3180, 3], [3179, 0], [3179, 3], [3178, 2], [3098, 3]]",1
"7.10-48,66,38,155,214,98+2","[[3097, 4], [3098, 1], [3178, 4], [3179, 0], [3179, 4], [3180, 1], [3260, 4], [3261, 1], [3341, 0], [3341, 4], [3342, 4], [3343, 4], [3344, 0], [3344, 4], [3345, 4], [3346, 4], [3347, 0], [3347, 4], [3348, 0], [3348, 4], [3349, 1], [3429, 0], [3429, 4], [3430, 4], [3431, 4], [3432, 0], [3432, 4], [3433, 4], [3434, 4]]",1
"7.10-48,66,38,155,214,98+3","[[3435, 3], [3434, 3], [3433, 3], [3432, 0], [3432, 3], [3431, 3], [3430, 3], [3429, 0], [3429, 3], [3428, 2], [3348, 0], [3348, 3], [3347, 0], [3347, 3], [3346, 3], [3345, 3], [3344, 0], [3344, 3], [3343, 3], [3342, 3], [3341, 0], [3341, 3], [3340, 2], [3260, 2], [3180, 3], [3179, 0], [3179, 3], [3178, 2], [3098, 3]]",1
"7.10-48,66,38,155,214,98+4","[[3097, 4], [3098, 4], [3099, 1], [3179, 0], [3179, 1], [3259, 4], [3260, 1], [3340, 4], [3341, 0], [3341, 4], [3342, 4], [3343, 4]]",1
"7.10-48,66,38,155,214,98+5","[[3344, 3], [3343, 3], [3342, 3], [3341, 0], [3341, 2], [3261, 3], [3260, 2], [3180, 3], [3179, 0], [3179, 3], [3178, 1], [3258, 0], [3258, 1], [3338, 3], [3337, 1], [3417, 0], [3417, 1], [3497, 0], [3497, 1], [3577, 3], [3576, 0], [3576, 3], [3575, 1], [3655, 0], [3655, 3], [3654, 1], [3734, 0], [3734, 3], [3733, 0], [3733, 3], [3732, 1], [3812, 3], [3811, 0], [3811, 3], [3810, 1], [3890, 0], [3890, 3], [3889, 1], [3969, 0], [3969, 3], [3968, 1], [4048, 0], [4048, 1], [4128, 4], [4129, 0], [4129, 4], [4130, 1], [4210, 0], [4210, 1], [4290, 4], [4291, 0], [4291, 1]]",1
"7.10-48,66,38,155,214,98+6","[[4371, 2], [4291, 0], [4291, 3], [4290, 2], [4210, 0], [4210, 3], [4209, 2], [4129, 0], [4129, 3], [4128, 2], [4048, 0], [4048, 4], [4049, 2], [3969, 0], [3969, 2], [3889, 4], [3890, 0], [3890, 4], [3891, 2], [3811, 0], [3811, 4], [3812, 2], [3732, 4], [3733, 0], [3733, 4], [3734, 0], [3734, 4], [3735, 2], [3655, 0], [3655, 4], [3656, 2], [3576, 0], [3576, 4], [3577, 2], [3497, 0], [3497, 2], [3417, 0], [3417, 2], [3337, 2], [3257, 4], [3258, 0], [3258, 2], [3178, 4], [3179, 0], [3179, 4], [3180, 1], [3260, 1], [3340, 4], [3341, 0], [3341, 4], [3342, 4], [3343, 4]]",1
"7.10-48,66,38,155,214,98+7","[[3344, 4], [3345, 4], [3346, 4], [3347, 0], [3347, 4], [3348, 0], [3348, 4], [3349, 1], [3429, 0], [3429, 1], [3509, 1], [3589, 0], [3589, 1], [3669, 1], [3749, 0], [3749, 1], [3829, 3], [3828, 0], [3828, 3], [3827, 0], [3827, 1], [3907, 1], [3987, 0], [3987, 1], [4067, 3], [4066, 0], [4066, 2], [3986, 3], [3985, 0], [3985, 3], [3984, 0], [3984, 1], [4064, 0], [4064, 3], [4063, 0], [4063, 1], [4143, 0], [4143, 1], [4223, 3]]",1
"7.10-48,66,38,155,214,98+8","[[4222, 2], [4142, 4], [4143, 0], [4143, 2], [4063, 0], [4063, 4], [4064, 0], [4064, 2], [3984, 0], [3984, 4], [3985, 0], [3985, 4], [3986, 1], [4066, 0], [4066, 2], [3986, 4], [3987, 0], [3987, 2], [3907, 2], [3827, 0], [3827, 4], [3828, 0], [3828, 4], [3829, 2], [3749, 0], [3749, 2], [3669, 2], [3589, 0], [3589, 2], [3509, 2], [3429, 0], [3429, 3], [3428, 2], [3348, 0], [3348, 3], [3347, 0], [3347, 3], [3346, 3], [3345, 3]]",1
"7.10-48,66,38,155,214,98+9","[[3344, 3], [3343, 3], [3342, 3], [3341, 0], [3341, 3], [3340, 2], [3260, 3], [3259, 2], [3179, 0], [3179, 1], [3259, 3], [3258, 0], [3258, 1], [3338, 1], [3418, 3], [3417, 0], [3417, 1], [3497, 0], [3497, 3], [3496, 1], [3576, 0], [3576, 1], [3656, 3], [3655, 0], [3655, 1], [3735, 3], [3734, 0], [3734, 3], [3733, 0], [3733, 3], [3732, 3], [3731, 1], [3811, 0], [3811, 1], [3891, 3], [3890, 0], [3890, 1], [3970, 3], [3969, 0], [3969, 1], [4049, 3], [4048, 0], [4048, 4], [4049, 1], [4129, 0], [4129, 1], [4209, 4], [4210, 0], [4210, 1], [4290, 4], [4291, 0], [4291, 1]]",1
"7.10-48,66,38,155,214,98+10","[[4371, 0], [4371, 0], [4371, 0], [4371, 0], [4371, 0], [4371, 4], [4372, 0], [4372, 1], [4452, 1], [4532, 0], [4532, 0], [4532, 4], [4533, 0], [4533, 4], [4534, 0], [4534, 4], [4535, 0], [4535, 4], [4536, 0], [4536, 4], [4537, 2], [4457, 0], [4457, 4], [4458, 0], [4458, 4], [4459, 2], [4379, 4], [4380, 0], [4380, 4], [4381, 2], [4301, 0], [4301, 2], [4221, 4], [4222, 0], [4222, 2], [4142, 4], [4143, 0], [4143, 2], [4063, 0], [4063, 4], [4064, 0], [4064, 2], [3984, 0], [3984, 4], [3985, 0], [3985, 4], [3986, 1], [4066, 0], [4066, 4], [4067, 2], [3987, 0], [3987, 2], [3907, 2], [3827, 0], [3827, 4], [3828, 0], [3828, 2], [3748, 4], [3749, 0], [3749, 2], [3669, 2], [3589, 0], [3589, 2], [3509, 2], [3429, 0], [3429, 4], [3430, 4], [3431, 4], [3432, 0], [3432, 4], [3433, 4], [3434, 4]]",1
"7.10-48,74,102,155,214,98+1","[[3435, 3], [3434, 3], [3433, 3], [3432, 0], [3432, 3], [3431, 3], [3430, 3], [3429, 0], [3429, 2], [3349, 3], [3348, 0], [3348, 3], [3347, 0], [3347, 3], [3346, 3], [3345, 3], [3344, 0], [3344, 3], [3343, 3], [3342, 3], [3341, 0], [3341, 2], [3261, 3], [3260, 3], [3259, 2], [3179, 0], [3179, 3], [3178, 3], [3177, 2], [3097, 0], [3097, 2], [3017, 3], [3016, 3], [3015, 3], [3014, 2], [2934, 0], [2934, 3], [2933, 3], [2932, 2], [2852, 0], [2852, 3], [2851, 2], [2771, 2], [2691, 3], [2690, 0], [2690, 3], [2689, 3], [2688, 2], [2608, 0], [2608, 2], [2528, 3], [2527, 0], [2527, 2], [2447, 3], [2446, 0], [2446, 3], [2445, 3], [2444, 2], [2364, 0], [2364, 2], [2284, 3], [2283, 3], [2282, 2], [2202, 0], [2202, 3], [2201, 2], [2121, 3], [2120, 3], [2119, 2], [2039, 0], [2039, 3], [2038, 0], [2038, 2], [1958, 2], [1878, 4], [1879, 0], [1879, 4], [1880, 2], [1800, 0], [1800, 2], [1720, 4], [1721, 2]]",1
"7.10-48,74,102,155,214,98+2","[[1641, 1], [1721, 3], [1720, 1], [1800, 0], [1800, 3], [1799, 1], [1879, 0], [1879, 1], [1959, 1], [2039, 3], [2038, 0], [2038, 4], [2039, 0], [2039, 4], [2040, 1], [2120, 4], [2121, 1], [2201, 4], [2202, 0], [2202, 4], [2203, 1], [2283, 4], [2284, 1], [2364, 0], [2364, 4], [2365, 1], [2445, 4], [2446, 0], [2446, 1], [2526, 4], [2527, 0], [2527, 4], [2528, 1], [2608, 0], [2608, 4], [2609, 4], [2610, 1], [2690, 0], [2690, 1], [2770, 4], [2771, 1], [2851, 4], [2852, 0], [2852, 4], [2853, 4], [2854, 1], [2934, 0], [2934, 4], [2935, 1], [3015, 4], [3016, 1], [3096, 4]]",1
"7.10-48,74,102,155,214,98+3","[[3097, 2], [3017, 3], [3016, 3], [3015, 2], [2935, 3], [2934, 0], [2934, 3], [2933, 3], [2932, 2], [2852, 0], [2852, 3], [2851, 2], [2771, 2], [2691, 3], [2690, 0], [2690, 3], [2689, 2], [2609, 3], [2608, 0], [2608, 3], [2607, 2], [2527, 0], [2527, 2], [2447, 3], [2446, 0], [2446, 3], [2445, 2], [2365, 3], [2364, 0], [2364, 3], [2363, 2], [2283, 3], [2282, 2], [2202, 0], [2202, 2], [2122, 3], [2121, 3], [2120, 2], [2040, 3], [2039, 0], [2039, 3], [2038, 0], [2038, 2], [1958, 4], [1959, 2], [1879, 0], [1879, 2], [1799, 4], [1800, 0], [1800, 2], [1720, 2], [1640, 4]]",1
"7.10-48,74,102,155,214,98+4","[[1641, 1], [1721, 1], [1801, 3], [1800, 0], [1800, 3], [1799, 1], [1879, 0], [1879, 1], [1959, 3], [1958, 1], [2038, 0], [2038, 4], [2039, 0], [2039, 4], [2040, 1], [2120, 4], [2121, 4], [2122, 1], [2202, 0], [2202, 4], [2203, 1], [2283, 1], [2363, 4], [2364, 0], [2364, 4], [2365, 4], [2366, 1], [2446, 0], [2446, 4], [2447, 1], [2527, 0], [2527, 4], [2528, 1], [2608, 0], [2608, 4], [2609, 4], [2610, 1], [2690, 0], [2690, 4], [2691, 1], [2771, 4], [2772, 1], [2852, 0], [2852, 4], [2853, 4], [2854, 1], [2934, 0], [2934, 1], [3014, 4], [3015, 4], [3016, 1], [3096, 4], [3097, 0], [3097, 4], [3098, 1], [3178, 4], [3179, 0], [3179, 1], [3259, 4], [3260, 4], [3261, 1], [3341, 0], [3341, 4], [3342, 4], [3343, 4], [3344, 0], [3344, 4], [3345, 4], [3346, 4], [3347, 0], [3347, 4], [3348, 0], [3348, 1], [3428, 4], [3429, 0], [3429, 4], [3430, 4], [3431, 4], [3432, 0], [3432, 4], [3433, 4], [3434, 4]]",1
"7.10-48,74,102,155,214,98+5","[[3435, 3], [3434, 3], [3433, 3], [3432, 0], [3432, 3], [3431, 3], [3430, 3], [3429, 0], [3429, 2], [3349, 3], [3348, 0], [3348, 3], [3347, 0], [3347, 3], [3346, 3], [3345, 3], [3344, 0], [3344, 3], [3343, 3], [3342, 3], [3341, 0], [3341, 2], [3261, 3], [3260, 2], [3180, 3], [3179, 0], [3179, 3], [3178, 2], [3098, 3], [3097, 0], [3097, 2], [3017, 3], [3016, 3], [3015, 3], [3014, 2], [2934, 0], [2934, 3], [2933, 2], [2853, 3], [2852, 0], [2852, 3], [2851, 2], [2771, 3], [2770, 2], [2690, 0], [2690, 3], [2689, 2], [2609, 3], [2608, 0], [2608, 2], [2528, 3], [2527, 0], [2527, 2], [2447, 3], [2446, 0], [2446, 3], [2445, 2], [2365, 3], [2364, 0], [2364, 3], [2363, 2], [2283, 3], [2282, 2], [2202, 0], [2202, 2], [2122, 3], [2121, 3], [2120, 2], [2040, 3], [2039, 0], [2039, 3], [2038, 0], [2038, 2], [1958, 2], [1878, 4], [1879, 0], [1879, 2], [1799, 4], [1800, 0], [1800, 2], [1720, 4], [1721, 2]]",1
"7.10-48,74,102,155,214,98+6","[[1641, 1], [1721, 3], [1720, 1], [1800, 0], [1800, 3], [1799, 1], [1879, 0], [1879, 1], [1959, 1], [2039, 3], [2038, 0], [2038, 4], [2039, 0], [2039, 4], [2040, 1], [2120, 4], [2121, 4], [2122, 1], [2202, 0], [2202, 1], [2282, 4], [2283, 4], [2284, 1], [2364, 0], [2364, 4], [2365, 1], [2445, 4], [2446, 0], [2446, 1], [2526, 4], [2527, 0], [2527, 1], [2607, 4], [2608, 0], [2608, 4], [2609, 1], [2689, 4], [2690, 0], [2690, 1], [2770, 4], [2771, 4], [2772, 1], [2852, 0], [2852, 4], [2853, 1], [2933, 4], [2934, 0], [2934, 4], [2935, 1], [3015, 4], [3016, 1], [3096, 4], [3097, 0], [3097, 4], [3098, 1], [3178, 4], [3179, 0], [3179, 3], [3178, 1], [3258, 0], [3258, 1], [3338, 1], [3418, 3], [3417, 0], [3417, 1], [3497, 0], [3497, 1], [3577, 3], [3576, 0], [3576, 3], [3575, 1], [3655, 0], [3655, 1], [3735, 3], [3734, 0], [3734, 3], [3733, 0], [3733, 3], [3732, 3], [3731, 1], [3811, 0], [3811, 1], [3891, 3]]",1
"7.10-48,74,102,155,214,98+7","[[3890, 2], [3810, 4], [3811, 0], [3811, 4], [3812, 2], [3732, 4], [3733, 0], [3733, 4], [3734, 0], [3734, 2], [3654, 4], [3655, 0], [3655, 4], [3656, 2], [3576, 0], [3576, 4], [3577, 2], [3497, 0], [3497, 2], [3417, 0], [3417, 2], [3337, 2], [3257, 4], [3258, 0], [3258, 4], [3259, 2], [3179, 0], [3179, 3], [3178, 2], [3098, 3], [3097, 0], [3097, 3], [3096, 2], [3016, 3], [3015, 2], [2935, 3], [2934, 0], [2934, 3], [2933, 3], [2932, 2], [2852, 0], [2852, 3], [2851, 2], [2771, 3], [2770, 2], [2690, 0], [2690, 3], [2689, 3], [2688, 2], [2608, 0], [2608, 3], [2607, 2], [2527, 0], [2527, 3], [2526, 2], [2446, 0], [2446, 3], [2445, 2], [2365, 3], [2364, 0], [2364, 3], [2363, 2], [2283, 2], [2203, 3], [2202, 0], [2202, 3], [2201, 2], [2121, 3], [2120, 3], [2119, 2], [2039, 0], [2039, 3], [2038, 0], [2038, 2], [1958, 4], [1959, 2], [1879, 0], [1879, 4], [1880, 2], [1800, 0], [1800, 2], [1720, 2], [1640, 4]]",1
"7.10-48,74,102,155,214,98+8","[[1641, 1], [1721, 1], [1801, 3], [1800, 0], [1800, 4], [1801, 4], [1802, 1], [1882, 0], [1882, 4], [1883, 4], [1884, 0], [1884, 1], [1964, 4], [1965, 4], [1966, 1], [2046, 0], [2046, 4], [2047, 4], [2048, 0], [2048, 1], [2128, 0], [2128, 4], [2129, 1], [2209, 0], [2209, 4], [2210, 4], [2211, 1], [2291, 0], [2291, 4], [2292, 0], [2292, 4], [2293, 0], [2293, 4], [2294, 0], [2294, 1], [2374, 4], [2375, 0]]",1
"7.10-48,74,102,155,214,98+9","[[2375, 1], [2455, 4], [2456, 0], [2456, 4], [2457, 1], [2537, 0], [2537, 1], [2617, 4], [2618, 0], [2618, 1], [2698, 0], [2698, 4], [2699, 1], [2779, 0], [2779, 1], [2859, 1], [2939, 0], [2939, 3], [2938, 1], [3018, 0], [3018, 1], [3098, 3], [3097, 0], [3097, 4], [3098, 4], [3099, 1], [3179, 0], [3179, 1], [3259, 3], [3258, 0], [3258, 1], [3338, 1], [3418, 3], [3417, 0], [3417, 1], [3497, 0], [3497, 3], [3496, 1], [3576, 0], [3576, 3], [3575, 1], [3655, 0], [3655, 3], [3654, 1], [3734, 0], [3734, 3], [3733, 0], [3733, 3], [3732, 3], [3731, 1], [3811, 0], [3811, 3], [3810, 1], [3890, 0], [3890, 1], [3970, 3], [3969, 0], [3969, 1], [4049, 3], [4048, 0], [4048, 4], [4049, 1], [4129, 0], [4129, 4], [4130, 1], [4210, 0], [4210, 1], [4290, 4], [4291, 0], [4291, 1]]",1
"7.10-48,74,102,155,214,98+10","[[4371, 2], [4291, 0], [4291, 3], [4290, 2], [4210, 0], [4210, 3], [4209, 2], [4129, 0], [4129, 3], [4128, 2], [4048, 0], [4048, 2], [3968, 4], [3969, 0], [3969, 4], [3970, 2], [3890, 0], [3890, 4], [3891, 2], [3811, 0], [3811, 4], [3812, 4], [3813, 2], [3733, 0], [3733, 4], [3734, 0], [3734, 4], [3735, 2], [3655, 0], [3655, 4], [3656, 2], [3576, 0], [3576, 4], [3577, 2], [3497, 0], [3497, 2], [3417, 0], [3417, 2], [3337, 4], [3338, 2], [3258, 0], [3258, 4], [3259, 2], [3179, 0], [3179, 1], [3259, 4], [3260, 4], [3261, 1], [3341, 0], [3341, 4], [3342, 4], [3343, 4]]",1
"7.10-48,74,102,155,214,98+11","[[3344, 0], [3344, 0], [3344, 0], [3344, 4], [3345, 4], [3346, 4], [3347, 0], [3347, 4], [3348, 0], [3348, 4], [3349, 1], [3429, 0], [3429, 4], [3430, 4], [3431, 4], [3432, 0], [3432, 4], [3433, 4], [3434, 4]]",1
"7.10-48,74,39,155,214,98+1","[[4371, 2], [4291, 0], [4291, 3], [4290, 2], [4210, 0], [4210, 2], [4130, 3], [4129, 0], [4129, 3], [4128, 2], [4048, 0], [4048, 2], [3968, 4], [3969, 0], [3969, 2], [3889, 4], [3890, 0], [3890, 4], [3891, 2], [3811, 0], [3811, 4], [3812, 2], [3732, 4], [3733, 0], [3733, 4], [3734, 0], [3734, 4], [3735, 2], [3655, 0], [3655, 4], [3656, 2], [3576, 0], [3576, 4], [3577, 2], [3497, 0], [3497, 2], [3417, 0], [3417, 2], [3337, 4], [3338, 2], [3258, 0], [3258, 4], [3259, 2], [3179, 0], [3179, 3], [3178, 2], [3098, 3], [3097, 0], [3097, 2], [3017, 3], [3016, 3], [3015, 2], [2935, 3], [2934, 0], [2934, 3], [2933, 3], [2932, 2], [2852, 0], [2852, 2], [2772, 3], [2771, 2], [2691, 3], [2690, 0], [2690, 3], [2689, 3], [2688, 2], [2608, 0], [2608, 3], [2607, 2]]",1
"7.10-48,74,39,155,214,98+2","[[2527, 2], [2447, 3], [2446, 0], [2446, 3], [2445, 2], [2365, 3], [2364, 0], [2364, 3], [2363, 2], [2283, 3], [2282, 2], [2202, 0], [2202, 3], [2201, 2], [2121, 3], [2120, 2], [2040, 3], [2039, 0], [2039, 3], [2038, 0], [2038, 2], [1958, 4], [1959, 2], [1879, 0], [1879, 2], [1799, 4], [1800, 0], [1800, 2], [1720, 4], [1721, 2]]",1
"7.10-48,74,39,155,214,98+3","[[1641, 1], [1721, 3], [1720, 1], [1800, 0], [1800, 1], [1880, 3], [1879, 0], [1879, 1], [1959, 1], [2039, 3], [2038, 0], [2038, 4], [2039, 0], [2039, 4], [2040, 1], [2120, 4], [2121, 4], [2122, 1], [2202, 0], [2202, 1], [2282, 4], [2283, 4], [2284, 1], [2364, 0], [2364, 4], [2365, 1], [2445, 4], [2446, 0], [2446, 4], [2447, 1], [2527, 0], [2527, 4], [2528, 1], [2608, 0], [2608, 4], [2609, 4], [2610, 1], [2690, 0], [2690, 4], [2691, 1], [2771, 4], [2772, 1], [2852, 0], [2852, 4], [2853, 4], [2854, 1], [2934, 0], [2934, 1], [3014, 4], [3015, 4], [3016, 1], [3096, 4], [3097, 0], [3097, 4], [3098, 1], [3178, 4], [3179, 0], [3179, 1], [3259, 4], [3260, 1], [3340, 4], [3341, 0], [3341, 4], [3342, 4], [3343, 4]]",1
"7.10-48,74,39,155,214,98+4","[[3344, 3], [3343, 3], [3342, 3], [3341, 0], [3341, 2], [3261, 3], [3260, 2], [3180, 3], [3179, 0], [3179, 1], [3259, 3], [3258, 0], [3258, 1], [3338, 1], [3418, 3], [3417, 0], [3417, 1], [3497, 0], [3497, 3], [3496, 1], [3576, 0], [3576, 1], [3656, 3], [3655, 0], [3655, 3], [3654, 1], [3734, 0], [3734, 3], [3733, 0], [3733, 3], [3732, 1], [3812, 3], [3811, 0], [3811, 1], [3891, 3], [3890, 0], [3890, 1], [3970, 3], [3969, 0], [3969, 1], [4049, 3], [4048, 0], [4048, 1], [4128, 4], [4129, 0], [4129, 4], [4130, 1], [4210, 0], [4210, 1], [4290, 4], [4291, 0], [4291, 1]]",1
"7.10-48,74,39,155,214,98+5","[[4371, 2], [4291, 0], [4291, 3], [4290, 2], [4210, 0], [4210, 3], [4209, 2], [4129, 0], [4129, 2], [4049, 3], [4048, 0], [4048, 4], [4049, 2], [3969, 0], [3969, 4], [3970, 2], [3890, 0], [3890, 4], [3891, 2], [3811, 0], [3811, 4], [3812, 2], [3732, 4], [3733, 0], [3733, 4], [3734, 0], [3734, 2], [3654, 4], [3655, 0], [3655, 2], [3575, 4], [3576, 0], [3576, 2], [3496, 4], [3497, 0], [3497, 2], [3417, 0], [3417, 2], [3337, 4], [3338, 2], [3258, 0], [3258, 4], [3259, 2], [3179, 0], [3179, 4], [3180, 1], [3260, 4], [3261, 1], [3341, 0], [3341, 4], [3342, 4], [3343, 4]]",1
"7.10-48,74,39,155,214,98+6","[[3344, 0], [3344, 0], [3344, 0], [3344, 0], [3344, 0], [3344, 0], [3344, 0], [3344, 0], [3344, 0], [3344, 0], [3344, 0], [3344, 0], [3344, 0], [3344, 0], [3344, 0], [3344, 3], [3343, 3], [3342, 3], [3341, 0], [3341, 2], [3261, 3], [3260, 2], [3180, 3], [3179, 0], [3179, 3], [3178, 2], [3098, 3]]",1
"7.10-48,74,39,155,214,98+7","[[3097, 0], [3097, 0], [3097, 2], [3017, 3], [3016, 3], [3015, 2], [2935, 3], [2934, 0], [2934, 3], [2933, 2], [2853, 3], [2852, 0], [2852, 2], [2772, 3], [2771, 3], [2770, 2], [2690, 0], [2690, 3], [2689, 2], [2609, 3], [2608, 0], [2608, 3], [2607, 2], [2527, 0], [2527, 2], [2447, 3], [2446, 0], [2446, 3], [2445, 3], [2444, 2], [2364, 0], [2364, 3], [2363, 2], [2283, 2], [2203, 3], [2202, 0], [2202, 2], [2122, 3], [2121, 3], [2120, 2], [2040, 3], [2039, 0], [2039, 3], [2038, 0], [2038, 2], [1958, 2], [1878, 4], [1879, 0], [1879, 4], [1880, 2], [1800, 0], [1800, 2], [1720, 2], [1640, 4]]",1
"7.10-48,74,39,155,214,98+8","[[1641, 0], [1641, 1], [1721, 1], [1801, 3], [1800, 0], [1800, 1], [1880, 3], [1879, 0], [1879, 1], [1959, 3], [1958, 1], [2038, 0], [2038, 4], [2039, 0], [2039, 4], [2040, 1], [2120, 4], [2121, 4], [2122, 1], [2202, 0], [2202, 4], [2203, 1], [2283, 1], [2363, 4], [2364, 0], [2364, 4], [2365, 1], [2445, 4], [2446, 0], [2446, 1], [2526, 4], [2527, 0], [2527, 4], [2528, 1], [2608, 0], [2608, 4], [2609, 4], [2610, 1], [2690, 0], [2690, 4], [2691, 1], [2771, 4], [2772, 1], [2852, 0], [2852, 4], [2853, 1], [2933, 4], [2934, 0], [2934, 1], [3014, 4], [3015, 4], [3016, 1], [3096, 4]]",1
"7.10-48,74,39,155,214,98+9","[[3097, 4], [3098, 1], [3178, 4], [3179, 0], [3179, 4], [3180, 1], [3260, 4], [3261, 1], [3341, 0], [3341, 4], [3342, 4], [3343, 4]]",1
"7.10-48,74,39,155,214,98+10","[[3344, 0], [3344, 0], [3344, 0]]",1
"7.10-48,74,38,155,215,98+1","[[1641, 1], [1721, 3], [1720, 1], [1800, 0], [1800, 1], [1880, 3], [1879, 0], [1879, 1], [1959, 3], [1958, 1], [2038, 0], [2038, 4], [2039, 0], [2039, 4], [2040, 1], [2120, 4], [2121, 4], [2122, 1], [2202, 0], [2202, 4], [2203, 1], [2283, 1], [2363, 4], [2364, 0], [2364, 4], [2365, 1], [2445, 4], [2446, 0], [2446, 1], [2526, 4], [2527, 0], [2527, 4], [2528, 1], [2608, 0], [2608, 4], [2609, 4], [2610, 1], [2690, 0], [2690, 1], [2770, 4], [2771, 4], [2772, 1], [2852, 0], [2852, 4], [2853, 4], [2854, 1], [2934, 0], [2934, 1], [3014, 4], [3015, 4], [3016, 4], [3017, 1], [3097, 0], [3097, 4], [3098, 1], [3178, 4], [3179, 0], [3179, 4], [3180, 1], [3260, 1], [3340, 4], [3341, 0], [3341, 4], [3342, 4], [3343, 4]]",1
"7.10-48,74,38,155,215,98+2","[[3344, 3], [3343, 3], [3342, 3], [3341, 0], [3341, 2], [3261, 3], [3260, 3], [3259, 2], [3179, 0], [3179, 3], [3178, 1], [3258, 0], [3258, 1], [3338, 3], [3337, 1], [3417, 0], [3417, 1], [3497, 0], [3497, 1], [3577, 3], [3576, 0], [3576, 1], [3656, 3], [3655, 0], [3655, 1], [3735, 3], [3734, 0], [3734, 3], [3733, 0], [3733, 3], [3732, 1], [3812, 3], [3811, 0], [3811, 1], [3891, 3], [3890, 0], [3890, 1], [3970, 3], [3969, 0], [3969, 3], [3968, 1], [4048, 0], [4048, 1], [4128, 4], [4129, 0], [4129, 4], [4130, 1], [4210, 0], [4210, 4], [4211, 1], [4291, 0], [4291, 1]]",1
"7.10-48,74,38,155,215,98+3","[[4371, 2], [4291, 0], [4291, 3], [4290, 2], [4210, 0], [4210, 3], [4209, 2], [4129, 0], [4129, 2], [4049, 3], [4048, 0], [4048, 4], [4049, 2], [3969, 0], [3969, 2], [3889, 4], [3890, 0], [3890, 4], [3891, 2], [3811, 0], [3811, 4], [3812, 2], [3732, 4], [3733, 0], [3733, 4], [3734, 0], [3734, 2], [3654, 4], [3655, 0], [3655, 4], [3656, 2], [3576, 0], [3576, 4], [3577, 2], [3497, 0], [3497, 2], [3417, 0], [3417, 2], [3337, 4], [3338, 2], [3258, 0], [3258, 4], [3259, 2], [3179, 0], [3179, 3], [3178, 2], [3098, 3], [3097, 0], [3097, 2], [3017, 3], [3016, 3], [3015, 2], [2935, 3], [2934, 0], [2934, 3], [2933, 2], [2853, 3], [2852, 0], [2852, 3], [2851, 2], [2771, 3], [2770, 2], [2690, 0], [2690, 3], [2689, 2], [2609, 3], [2608, 0], [2608, 3], [2607, 2], [2527, 0], [2527, 2], [2447, 3], [2446, 0], [2446, 3], [2445, 2], [2365, 3], [2364, 0], [2364, 2], [2284, 3], [2283, 3], [2282, 2], [2202, 0], [2202, 2], [2122, 3], [2121, 3], [2120, 2], [2040, 3], [2039, 0], [2039, 3], [2038, 0], [2038, 2], [1958, 4], [1959, 2], [1879, 0], [1879, 2], [1799, 4], [1800, 0], [1800, 2], [1720, 4], [1721, 2]]",1
"7.10-48,74,38,155,215,98+4","[[1641, 1], [1721, 1], [1801, 3], [1800, 0], [1800, 3], [1799, 1], [1879, 0], [1879, 1], [1959, 3], [1958, 1], [2038, 0], [2038, 4], [2039, 0], [2039, 4], [2040, 1], [2120, 4], [2121, 1], [2201, 4], [2202, 0], [2202, 4], [2203, 1], [2283, 4], [2284, 1], [2364, 0], [2364, 4], [2365, 4], [2366, 1], [2446, 0], [2446, 1], [2526, 4], [2527, 0], [2527, 4], [2528, 1], [2608, 0], [2608, 4], [2609, 1], [2689, 4], [2690, 0], [2690, 4], [2691, 1], [2771, 1], [2851, 4], [2852, 0], [2852, 4], [2853, 4], [2854, 1], [2934, 0], [2934, 4], [2935, 1], [3015, 4], [3016, 4], [3017, 1]]",1
"7.10-48,74,38,155,215,98+5","[[3097, 0], [3097, 0], [3097, 0], [3097, 0], [3097, 4], [3098, 1], [3178, 4], [3179, 0], [3179, 4], [3180, 1], [3260, 4], [3261, 1], [3341, 0], [3341, 4], [3342, 4], [3343, 4]]",1
"7.10-48,74,38,155,215,98+6","[[3344, 3], [3343, 3], [3342, 3], [3341, 0], [3341, 2], [3261, 3], [3260, 3], [3259, 2], [3179, 0], [3179, 1], [3259, 3], [3258, 0], [3258, 1], [3338, 1], [3418, 3], [3417, 0], [3417, 1], [3497, 0], [3497, 3], [3496, 1], [3576, 0], [3576, 3], [3575, 1], [3655, 0], [3655, 3], [3654, 1], [3734, 0], [3734, 3], [3733, 0], [3733, 3], [3732, 3], [3731, 1], [3811, 0], [3811, 1], [3891, 3], [3890, 0], [3890, 3], [3889, 1], [3969, 0], [3969, 3], [3968, 1], [4048, 0], [4048, 4], [4049, 1], [4129, 0], [4129, 1], [4209, 4], [4210, 0], [4210, 4], [4211, 1], [4291, 0], [4291, 1]]",1
"7.10-48,74,38,155,215,98+7","[[4371, 2], [4291, 0], [4291, 2], [4211, 3], [4210, 0], [4210, 2], [4130, 3], [4129, 0], [4129, 3], [4128, 2], [4048, 0], [4048, 4], [4049, 2], [3969, 0], [3969, 2], [3889, 4], [3890, 0], [3890, 4], [3891, 2], [3811, 0], [3811, 4], [3812, 4], [3813, 2], [3733, 0], [3733, 4], [3734, 0], [3734, 4], [3735, 2], [3655, 0], [3655, 4], [3656, 2], [3576, 0], [3576, 4], [3577, 2], [3497, 0], [3497, 2], [3417, 0], [3417, 2], [3337, 4], [3338, 2], [3258, 0], [3258, 4], [3259, 2], [3179, 0], [3179, 1], [3259, 4], [3260, 1], [3340, 4], [3341, 0], [3341, 4], [3342, 4], [3343, 4]]",1
"7.10-48,74,38,155,215,98+8","[[3344, 0], [3344, 0], [3344, 0], [3344, 0], [3344, 0], [3344, 0], [3344, 0], [3344, 3], [3343, 3], [3342, 3], [3341, 0], [3341, 3], [3340, 2], [3260, 3], [3259, 2], [3179, 0], [3179, 3], [3178, 2], [3098, 3]]",1
"7.10-48,74,38,155,215,98+9","[[3097, 0], [3097, 4], [3098, 1], [3178, 4], [3179, 0], [3179, 1], [3259, 3], [3258, 0], [3258, 1], [3338, 3], [3337, 1], [3417, 0], [3417, 1], [3497, 0], [3497, 1], [3577, 3], [3576, 0], [3576, 1], [3656, 3], [3655, 0], [3655, 3], [3654, 1], [3734, 0], [3734, 3], [3733, 0], [3733, 3], [3732, 3], [3731, 1], [3811, 0], [3811, 1], [3891, 3], [3890, 0], [3890, 1], [3970, 3], [3969, 0], [3969, 3], [3968, 1], [4048, 0], [4048, 4], [4049, 1], [4129, 0], [4129, 1], [4209, 4], [4210, 0], [4210, 4], [4211, 1], [4291, 0], [4291, 1]]",1
"7.10-48,74,38,155,215,98+10","[[4371, 2], [4291, 0], [4291, 3], [4290, 2], [4210, 0], [4210, 3], [4209, 2], [4129, 0], [4129, 2], [4049, 3], [4048, 0], [4048, 4], [4049, 2], [3969, 0], [3969, 2], [3889, 4], [3890, 0], [3890, 4], [3891, 2], [3811, 0], [3811, 4], [3812, 4], [3813, 2], [3733, 0], [3733, 4], [3734, 0], [3734, 4], [3735, 2], [3655, 0], [3655, 4], [3656, 2], [3576, 0], [3576, 2], [3496, 4], [3497, 0], [3497, 2], [3417, 0], [3417, 2], [3337, 4], [3338, 2], [3258, 0], [3258, 4], [3259, 2], [3179, 0], [3179, 3], [3178, 3], [3177, 2]]",1
"7.10-48,74,38,155,215,98+11","[[3097, 3], [3096, 2], [3016, 3], [3015, 3], [3014, 2], [2934, 0], [2934, 3], [2933, 2], [2853, 3], [2852, 0], [2852, 2], [2772, 3], [2771, 2], [2691, 3], [2690, 0], [2690, 3], [2689, 3], [2688, 2], [2608, 0], [2608, 2], [2528, 3], [2527, 0], [2527, 3], [2526, 2], [2446, 0], [2446, 3], [2445, 2], [2365, 3], [2364, 0], [2364, 2], [2284, 3], [2283, 3], [2282, 2], [2202, 0], [2202, 2], [2122, 3], [2121, 3], [2120, 3], [2119, 2], [2039, 0], [2039, 3], [2038, 0], [2038, 2], [1958, 4], [1959, 2], [1879, 0], [1879, 4], [1880, 2], [1800, 0], [1800, 2], [1720, 2], [1640, 4]]",1
"7.10-48,74,38,159,214,98+1","[[3435, 3], [3434, 3], [3433, 3], [3432, 0], [3432, 3], [3431, 3], [3430, 3], [3429, 0], [3429, 3], [3428, 2], [3348, 0], [3348, 3], [3347, 0], [3347, 3], [3346, 3], [3345, 3], [3344, 0], [3344, 3], [3343, 3], [3342, 3], [3341, 0], [3341, 3], [3340, 2], [3260, 3], [3259, 2], [3179, 0], [3179, 3], [3178, 2], [3098, 3], [3097, 0], [3097, 3], [3096, 2], [3016, 3], [3015, 3], [3014, 2], [2934, 0], [2934, 3], [2933, 3], [2932, 2], [2852, 0], [2852, 3], [2851, 2], [2771, 2], [2691, 3], [2690, 0], [2690, 3], [2689, 2], [2609, 3], [2608, 0], [2608, 2], [2528, 3], [2527, 0], [2527, 2], [2447, 3], [2446, 0], [2446, 3], [2445, 2], [2365, 3], [2364, 0], [2364, 3], [2363, 2], [2283, 2], [2203, 3], [2202, 0], [2202, 2], [2122, 3], [2121, 3], [2120, 3], [2119, 2], [2039, 0], [2039, 3], [2038, 0], [2038, 2], [1958, 2], [1878, 4], [1879, 0], [1879, 2], [1799, 4], [1800, 0], [1800, 2], [1720, 2], [1640, 4]]",1
"7.10-48,74,38,159,214,98+2","[[1641, 0], [1641, 0], [1641, 0], [1641, 0], [1641, 0], [1641, 0], [1641, 1], [1721, 3], [1720, 1], [1800, 0], [1800, 1], [1880, 3], [1879, 0], [1879, 1], [1959, 1], [2039, 3], [2038, 0], [2038, 4], [2039, 0], [2039, 1], [2119, 4], [2120, 4], [2121, 1], [2201, 4], [2202, 0], [2202, 4], [2203, 1], [2283, 4], [2284, 1], [2364, 0], [2364, 4], [2365, 4], [2366, 1], [2446, 0], [2446, 1], [2526, 4], [2527, 0], [2527, 1], [2607, 4], [2608, 0], [2608, 4], [2609, 4], [2610, 1], [2690, 0], [2690, 1], [2770, 4], [2771, 1], [2851, 4], [2852, 0], [2852, 4], [2853, 4], [2854, 1], [2934, 0], [2934, 1], [3014, 4], [3015, 4], [3016, 1], [3096, 4]]",1
"7.10-48,74,38,159,214,98+3","[[3097, 3], [3096, 2], [3016, 3], [3015, 3], [3014, 2], [2934, 0], [2934, 3], [2933, 2], [2853, 3], [2852, 0], [2852, 2], [2772, 3], [2771, 3], [2770, 2], [2690, 0], [2690, 3], [2689, 2], [2609, 3], [2608, 0], [2608, 2], [2528, 3], [2527, 0], [2527, 2], [2447, 3], [2446, 0], [2446, 3], [2445, 2], [2365, 3], [2364, 0], [2364, 2], [2284, 3], [2283, 2], [2203, 3], [2202, 0], [2202, 2], [2122, 3], [2121, 3], [2120, 3], [2119, 2], [2039, 0], [2039, 3], [2038, 0], [2038, 2], [1958, 2], [1878, 4], [1879, 0], [1879, 4], [1880, 2], [1800, 0], [1800, 2], [1720, 4], [1721, 2]]",1
"7.10-48,74,38,159,214,98+4","[[1641, 1], [1721, 3], [1720, 1], [1800, 0], [1800, 1], [1880, 3], [1879, 0], [1879, 1], [1959, 3], [1958, 1], [2038, 0], [2038, 4], [2039, 0], [2039, 1], [2119, 4], [2120, 4], [2121, 4], [2122, 1], [2202, 0], [2202, 4], [2203, 1], [2283, 4], [2284, 1], [2364, 0], [2364, 4], [2365, 4], [2366, 1], [2446, 0], [2446, 1], [2526, 4], [2527, 0], [2527, 1], [2607, 4], [2608, 0], [2608, 4], [2609, 4], [2610, 1], [2690, 0], [2690, 1], [2770, 4], [2771, 4], [2772, 1], [2852, 0], [2852, 4], [2853, 1], [2933, 4], [2934, 0], [2934, 1], [3014, 4], [3015, 4], [3016, 4], [3017, 1], [3097, 0], [3097, 4], [3098, 1], [3178, 4], [3179, 0], [3179, 4], [3180, 1], [3260, 4], [3261, 1], [3341, 0], [3341, 4], [3342, 4], [3343, 4]]",1
"7.10-48,74,38,159,214,98+5","[[3344, 3], [3343, 3], [3342, 3], [3341, 0], [3341, 2], [3261, 3], [3260, 2], [3180, 3], [3179, 0], [3179, 1], [3259, 3], [3258, 0], [3258, 1], [3338, 3], [3337, 1], [3417, 0], [3417, 1], [3497, 0], [3497, 3], [3496, 1], [3576, 0], [3576, 3], [3575, 1], [3655, 0], [3655, 1], [3735, 3], [3734, 0], [3734, 3], [3733, 0], [3733, 3], [3732, 1], [3812, 3], [3811, 0], [3811, 1], [3891, 3], [3890, 0], [3890, 1], [3970, 3], [3969, 0], [3969, 3], [3968, 1], [4048, 0], [4048, 1], [4128, 4], [4129, 0], [4129, 4], [4130, 1], [4210, 0], [4210, 1], [4290, 4], [4291, 0], [4291, 1]]",1
"7.10-48,74,38,159,214,98+6","[[4371, 2], [4291, 0], [4291, 3], [4290, 2], [4210, 0], [4210, 3], [4209, 2], [4129, 0], [4129, 2], [4049, 3], [4048, 0], [4048, 4], [4049, 2], [3969, 0], [3969, 2], [3889, 4], [3890, 0], [3890, 2], [3810, 4], [3811, 0], [3811, 4], [3812, 4], [3813, 2], [3733, 0], [3733, 4], [3734, 0], [3734, 2], [3654, 4], [3655, 0], [3655, 4], [3656, 2], [3576, 0], [3576, 2], [3496, 4], [3497, 0], [3497, 2], [3417, 0], [3417, 2], [3337, 2], [3257, 4], [3258, 0], [3258, 4], [3259, 2], [3179, 0], [3179, 1], [3259, 4], [3260, 4], [3261, 1], [3341, 0], [3341, 4], [3342, 4], [3343, 4]]",1
"7.10-48,74,38,159,214,98+7","[[3344, 4], [3345, 4], [3346, 4], [3347, 0], [3347, 4], [3348, 0], [3348, 4], [3349, 1], [3429, 0], [3429, 4], [3430, 4], [3431, 4], [3432, 0], [3432, 4], [3433, 4], [3434, 4]]",1
"7.10-48,74,38,159,214,98+8","[[3435, 0], [3435, 0], [3435, 0], [3435, 0], [3435, 0], [3435, 3], [3434, 3], [3433, 3], [3432, 0], [3432, 3], [3431, 3], [3430, 3], [3429, 0], [3429, 2], [3349, 3], [3348, 0], [3348, 3], [3347, 0], [3347, 3], [3346, 3], [3345, 3], [3344, 0], [3344, 3], [3343, 3], [3342, 3], [3341, 0], [3341, 2], [3261, 3], [3260, 3], [3259, 2], [3179, 0], [3179, 3], [3178, 2], [3098, 3], [3097, 0], [3097, 2], [3017, 3], [3016, 3], [3015, 2], [2935, 3], [2934, 0], [2934, 3], [2933, 3], [2932, 2], [2852, 0], [2852, 2], [2772, 3], [2771, 2], [2691, 3], [2690, 0], [2690, 3], [2689, 2], [2609, 3], [2608, 0], [2608, 2], [2528, 3], [2527, 0], [2527, 2], [2447, 3], [2446, 0], [2446, 3], [2445, 3], [2444, 2], [2364, 0], [2364, 2], [2284, 3], [2283, 3], [2282, 2], [2202, 0], [2202, 2], [2122, 3], [2121, 3], [2120, 2], [2040, 3], [2039, 0], [2039, 3], [2038, 0], [2038, 2], [1958, 2], [1878, 4], [1879, 0], [1879, 4], [1880, 2], [1800, 0], [1800, 2], [1720, 4], [1721, 2]]",1
"7.10-48,74,38,159,214,98+9","[[1641, 1], [1721, 1], [1801, 3], [1800, 0], [1800, 3], [1799, 1], [1879, 0], [1879, 1], [1959, 3], [1958, 1], [2038, 0], [2038, 4], [2039, 0], [2039, 4], [2040, 1], [2120, 4], [2121, 4], [2122, 1], [2202, 0], [2202, 1], [2282, 4], [2283, 1], [2363, 4], [2364, 0], [2364, 4], [2365, 1], [2445, 4], [2446, 0], [2446, 4], [2447, 1], [2527, 0], [2527, 4], [2528, 1], [2608, 0], [2608, 4], [2609, 4], [2610, 1], [2690, 0], [2690, 4], [2691, 1], [2771, 4], [2772, 1], [2852, 0], [2852, 4], [2853, 4], [2854, 1], [2934, 0], [2934, 4], [2935, 1], [3015, 4], [3016, 4], [3017, 1], [3097, 0], [3097, 4], [3098, 1], [3178, 4], [3179, 0], [3179, 1], [3259, 4], [3260, 1], [3340, 4], [3341, 0], [3341, 4], [3342, 4], [3343, 4]]",1
"7.10-48,74,38,159,214,98+10","[[3344, 3], [3343, 3], [3342, 3], [3341, 0], [3341, 2], [3261, 3], [3260, 2], [3180, 3], [3179, 0], [3179, 3], [3178, 2], [3098, 3], [3097, 0], [3097, 2], [3017, 3], [3016, 3], [3015, 2], [2935, 3], [2934, 0], [2934, 3], [2933, 2], [2853, 3], [2852, 0], [2852, 2], [2772, 3], [2771, 3], [2770, 2], [2690, 0], [2690, 3], [2689, 2], [2609, 3], [2608, 0], [2608, 2], [2528, 3], [2527, 0], [2527, 2], [2447, 3], [2446, 0], [2446, 3], [2445, 3], [2444, 2], [2364, 0], [2364, 2], [2284, 3], [2283, 2], [2203, 3], [2202, 0], [2202, 3], [2201, 2], [2121, 3], [2120, 2], [2040, 3], [2039, 0], [2039, 3], [2038, 0], [2038, 2], [1958, 2], [1878, 4], [1879, 0], [1879, 2], [1799, 4], [1800, 0], [1800, 2], [1720, 4], [1721, 2]]",1
"7.10-48,74,38,159,214,98+11","[[1641, 0], [1641, 0], [1641, 0], [1641, 0], [1641, 0], [1641, 0], [1641, 0], [1641, 0], [1641, 0], [1641, 0], [1641, 0], [1641, 0], [1641, 0], [1641, 0], [1641, 0], [1641, 0], [1641, 0], [1641, 0], [1641, 0], [1641, 0], [1641, 0], [1641, 0], [1641, 0], [1641, 0], [1641, 0], [1641, 0], [1641, 0], [1641, 0], [1641, 0], [1641, 0], [1641, 0], [1641, 0], [1641, 0], [1641, 0], [1641, 0], [1641, 0], [1641, 0]]",1
"7.10-164,125,159,153,152,107+1","[[3097, 2], [3017, 4], [3018, 0], [3018, 4], [3019, 2], [2939, 0], [2939, 2], [2859, 2], [2779, 0], [2779, 3], [2778, 2], [2698, 0], [2698, 2], [2618, 0], [2618, 3], [2617, 2], [2537, 0], [2537, 2], [2457, 3], [2456, 0], [2456, 3], [2455, 2]]",1
"7.10-164,125,159,153,152,107+2","[[2375, 0], [2375, 0], [2375, 0], [2375, 0], [2375, 0], [2375, 0], [2375, 2], [2295, 3], [2294, 0], [2294, 3], [2293, 0], [2293, 3], [2292, 0], [2292, 3], [2291, 0], [2291, 3], [2290, 3], [2289, 2], [2209, 0], [2209, 3], [2208, 2], [2128, 0], [2128, 2], [2048, 0], [2048, 3], [2047, 3], [2046, 0], [2046, 2], [1966, 3], [1965, 2], [1885, 3], [1884, 0], [1884, 3], [1883, 3], [1882, 0], [1882, 3], [1881, 3], [1880, 2], [1800, 0], [1800, 2], [1720, 4], [1721, 2]]",1
"7.10-164,125,159,153,152,107+3","[[1641, 1], [1721, 1], [1801, 3], [1800, 0], [1800, 4], [1801, 4], [1802, 1], [1882, 0], [1882, 4], [1883, 4], [1884, 0], [1884, 1], [1964, 4], [1965, 4], [1966, 1], [2046, 0], [2046, 4], [2047, 4], [2048, 0], [2048, 1], [2128, 0], [2128, 4], [2129, 1], [2209, 0], [2209, 4], [2210, 1], [2290, 4], [2291, 0], [2291, 4], [2292, 0], [2292, 4], [2293, 0], [2293, 4], [2294, 0], [2294, 1], [2374, 4], [2375, 0]]",1
"7.10-164,125,159,153,152,107+4","[[2375, 0], [2375, 0], [2375, 0], [2375, 0], [2375, 0], [2375, 3], [2374, 2], [2294, 0], [2294, 3], [2293, 0], [2293, 3], [2292, 0], [2292, 1], [2372, 3], [2371, 0], [2371, 1], [2451, 0], [2451, 3], [2450, 1], [2530, 0], [2530, 3], [2529, 1], [2609, 3], [2608, 0], [2608, 3], [2607, 2]]",1
"7.10-164,125,159,153,152,107+5","[[2527, 1], [2607, 4], [2608, 0], [2608, 4], [2609, 4], [2610, 2], [2530, 0], [2530, 4], [2531, 2], [2451, 0], [2451, 2], [2371, 0], [2371, 2], [2291, 4], [2292, 0], [2292, 4], [2293, 0], [2293, 4], [2294, 0], [2294, 4], [2295, 1], [2375, 0]]",1
"7.10-164,125,159,153,152,107+6","[[2375, 0], [2375, 0], [2375, 3], [2374, 2], [2294, 0], [2294, 3], [2293, 0], [2293, 3], [2292, 0], [2292, 3], [2291, 0], [2291, 3], [2290, 3], [2289, 2], [2209, 0], [2209, 2], [2129, 3], [2128, 0], [2128, 2], [2048, 0], [2048, 3], [2047, 3], [2046, 0], [2046, 3], [2045, 2], [1965, 2], [1885, 3], [1884, 0], [1884, 3], [1883, 3], [1882, 0], [1882, 3], [1881, 3], [1880, 2], [1800, 0], [1800, 2], [1720, 4], [1721, 2]]",1
"7.10-164,125,159,153,152,107+7","[[1641, 0], [1641, 0]]",1
"7.10-252,217,8,43,220,46+1","[[242, 1], [322, 4], [323, 1], [403, 4], [404, 0], [404, 1], [484, 4], [485, 4], [486, 4], [487, 1], [567, 0], [567, 1], [647, 4], [648, 0], [648, 1], [728, 4], [729, 0], [729, 1], [809, 4], [810, 1], [890, 0], [890, 4], [891, 4], [892, 0], [892, 1], [972, 4], [973, 4], [974, 4], [975, 1], [1055, 0], [1055, 4], [1056, 4], [1057, 1], [1137, 0], [1137, 4], [1138, 4], [1139, 1], [1219, 0], [1219, 4], [1220, 4], [1221, 4], [1222, 1], [1302, 4], [1303, 0], [1303, 1], [1383, 4], [1384, 4], [1385, 1], [1465, 4], [1466, 0], [1466, 4], [1467, 4], [1468, 1], [1548, 0], [1548, 4], [1549, 4], [1550, 1], [1630, 4], [1631, 0], [1631, 1], [1711, 4], [1712, 4], [1713, 1], [1793, 4], [1794, 0], [1794, 4], [1795, 1], [1875, 4], [1876, 4], [1877, 0], [1877, 1], [1957, 1], [2037, 4], [2038, 0], [2038, 2], [1958, 4], [1959, 2], [1879, 0], [1879, 2], [1799, 4], [1800, 0], [1800, 2], [1720, 4], [1721, 2]]",1
"7.10-252,217,8,43,220,46+2","[[1641, 1], [1721, 3], [1720, 1], [1800, 0], [1800, 1], [1880, 3], [1879, 0], [1879, 1], [1959, 3], [1958, 1]]",1
"7.10-252,217,8,43,220,46+3","[[2038, 0], [2038, 2], [1958, 4], [1959, 2], [1879, 0], [1879, 4], [1880, 2], [1800, 0], [1800, 4], [1801, 4], [1802, 1], [1882, 0], [1882, 4], [1883, 4], [1884, 0], [1884, 1], [1964, 4], [1965, 4], [1966, 1], [2046, 0], [2046, 4], [2047, 4], [2048, 0], [2048, 1], [2128, 0], [2128, 4], [2129, 1], [2209, 0], [2209, 4], [2210, 4], [2211, 1], [2291, 0], [2291, 4], [2292, 0], [2292, 4], [2293, 0], [2293, 4], [2294, 0], [2294, 1], [2374, 4], [2375, 0]]",1
"7.10-252,217,8,43,220,46+4","[[2375, 0], [2375, 0], [2375, 0], [2375, 2], [2295, 3], [2294, 0], [2294, 3], [2293, 0], [2293, 3], [2292, 0], [2292, 3], [2291, 0], [2291, 3], [2290, 2], [2210, 3], [2209, 0], [2209, 2], [2129, 3], [2128, 0], [2128, 2], [2048, 0], [2048, 3], [2047, 3], [2046, 0], [2046, 3], [2045, 2], [1965, 3], [1964, 2], [1884, 0], [1884, 3], [1883, 3], [1882, 0], [1882, 3], [1881, 3], [1880, 2], [1800, 0], [1800, 2], [1720, 2], [1640, 4]]",1
"7.10-252,217,8,43,220,46+5","[[1641, 1], [1721, 3], [1720, 1], [1800, 0], [1800, 1], [1880, 3], [1879, 0], [1879, 1], [1959, 3], [1958, 1], [2038, 0], [2038, 2], [1958, 3], [1957, 2], [1877, 0], [1877, 3], [1876, 2], [1796, 3], [1795, 3], [1794, 0], [1794, 3], [1793, 2], [1713, 3], [1712, 3], [1711, 2], [1631, 0], [1631, 3], [1630, 3], [1629, 2], [1549, 3], [1548, 0], [1548, 3], [1547, 2], [1467, 3], [1466, 0], [1466, 2], [1386, 3], [1385, 3], [1384, 3], [1383, 2], [1303, 0], [1303, 3], [1302, 3], [1301, 2], [1221, 3], [1220, 3], [1219, 0], [1219, 3], [1218, 2], [1138, 3], [1137, 0], [1137, 3], [1136, 2], [1056, 3], [1055, 0], [1055, 3], [1054, 2], [974, 3], [973, 3], [972, 2]]",1
"7.10-252,217,8,43,220,46+6","[[892, 0], [892, 3], [891, 3], [890, 0], [890, 2], [810, 3], [809, 2], [729, 0], [729, 2], [649, 3], [648, 0], [648, 3], [647, 2], [567, 0], [567, 3], [566, 2], [486, 3], [485, 2], [405, 3], [404, 0], [404, 3], [403, 2], [323, 2], [243, 3]]",1
"7.10-252,217,8,43,220,46+7","[[242, 0], [242, 4], [243, 1], [323, 4], [324, 1], [404, 0], [404, 1], [484, 4], [485, 4], [486, 1], [566, 4], [567, 0], [567, 1], [647, 4], [648, 0], [648, 1], [728, 4], [729, 0], [729, 1], [809, 4], [810, 1], [890, 0], [890, 4], [891, 4]]",1
"7.10-252,217,8,43,220,46+8","[[892, 0], [892, 0], [892, 4], [893, 1], [973, 4], [974, 1], [1054, 4], [1055, 0], [1055, 4], [1056, 1], [1136, 4], [1137, 0], [1137, 4], [1138, 4], [1139, 1], [1219, 0], [1219, 4], [1220, 4], [1221, 1], [1301, 4], [1302, 4], [1303, 0], [1303, 1], [1383, 4], [1384, 4], [1385, 4], [1386, 1], [1466, 0], [1466, 4], [1467, 4], [1468, 1], [1548, 0], [1548, 4], [1549, 4], [1550, 1], [1630, 4], [1631, 0], [1631, 4], [1632, 1], [1712, 4], [1713, 1], [1793, 4], [1794, 0], [1794, 4], [1795, 1], [1875, 4], [1876, 4], [1877, 0], [1877, 1], [1957, 4], [1958, 1], [2038, 0], [2038, 4], [2039, 0], [2039, 4], [2040, 1], [2120, 4], [2121, 1], [2201, 4], [2202, 0], [2202, 4], [2203, 1], [2283, 1], [2363, 4], [2364, 0], [2364, 4], [2365, 1], [2445, 4], [2446, 0], [2446, 1], [2526, 4], [2527, 0], [2527, 1], [2607, 4], [2608, 0], [2608, 4], [2609, 1], [2689, 4], [2690, 0], [2690, 1], [2770, 4], [2771, 4], [2772, 1], [2852, 0], [2852, 4], [2853, 1], [2933, 4], [2934, 0], [2934, 1], [3014, 4], [3015, 4], [3016, 1], [3096, 4]]",1
"7.10-252,217,8,43,220,46+9","[[3097, 4], [3098, 1], [3178, 4], [3179, 0], [3179, 4], [3180, 1], [3260, 4], [3261, 1], [3341, 0], [3341, 4], [3342, 4], [3343, 4]]",1
"7.10-48,75,38,155,214,98+1","[[3097, 4], [3098, 4], [3099, 1], [3179, 0], [3179, 4], [3180, 1], [3260, 1], [3340, 4], [3341, 0], [3341, 4], [3342, 4], [3343, 4]]",1
"7.10-48,75,38,155,214,98+2","[[3344, 3], [3343, 3], [3342, 3], [3341, 0], [3341, 2], [3261, 3], [3260, 2], [3180, 3], [3179, 0], [3179, 3], [3178, 3], [3177, 2], [3097, 0], [3097, 3], [3096, 2], [3016, 3], [3015, 2], [2935, 3], [2934, 0], [2934, 3], [2933, 3], [2932, 2], [2852, 0], [2852, 2], [2772, 3], [2771, 3], [2770, 2], [2690, 0], [2690, 3], [2689, 3], [2688, 2], [2608, 0], [2608, 2], [2528, 3], [2527, 0], [2527, 3], [2526, 2], [2446, 0], [2446, 3], [2445, 2], [2365, 3], [2364, 0], [2364, 2], [2284, 3], [2283, 2], [2203, 3], [2202, 0], [2202, 2], [2122, 3], [2121, 3], [2120, 3], [2119, 2], [2039, 0], [2039, 3], [2038, 0], [2038, 2], [1958, 4], [1959, 2], [1879, 0], [1879, 4], [1880, 2], [1800, 0], [1800, 2], [1720, 4], [1721, 2]]",1
"7.10-48,75,38,155,214,98+3","[[1641, 1], [1721, 3], [1720, 1], [1800, 0], [1800, 3], [1799, 1], [1879, 0], [1879, 1], [1959, 3], [1958, 1], [2038, 0], [2038, 4], [2039, 0], [2039, 4], [2040, 1], [2120, 4], [2121, 4], [2122, 1], [2202, 0], [2202, 4], [2203, 1], [2283, 1], [2363, 4], [2364, 0], [2364, 4], [2365, 1], [2445, 4], [2446, 0], [2446, 4], [2447, 1], [2527, 0], [2527, 4], [2528, 1], [2608, 0], [2608, 4], [2609, 4], [2610, 1], [2690, 0], [2690, 1], [2770, 4], [2771, 4], [2772, 1], [2852, 0], [2852, 4], [2853, 4], [2854, 1], [2934, 0], [2934, 1], [3014, 4], [3015, 4], [3016, 4], [3017, 1], [3097, 0], [3097, 4], [3098, 4], [3099, 1], [3179, 0], [3179, 1], [3259, 4], [3260, 1], [3340, 4], [3341, 0], [3341, 4], [3342, 4], [3343, 4]]",1
"7.10-48,75,38,155,214,98+4","[[3344, 3], [3343, 3], [3342, 3], [3341, 0], [3341, 3], [3340, 2], [3260, 3], [3259, 2], [3179, 0], [3179, 3], [3178, 3], [3177, 2], [3097, 0], [3097, 2], [3017, 3], [3016, 3], [3015, 2], [2935, 3], [2934, 0], [2934, 1], [3014, 3], [3013, 1], [3093, 0], [3093, 3], [3092, 1], [3172, 3], [3171, 0], [3171, 3], [3170, 0], [3170, 2], [3090, 3], [3089, 0], [3089, 3], [3088, 0], [3088, 3], [3087, 2]]",1
"7.10-48,75,38,155,214,98+5","[[3007, 2], [2927, 3], [2926, 0], [2926, 2], [2846, 0], [2846, 2], [2766, 2], [2686, 0], [2686, 2], [2606, 2], [2526, 4], [2527, 0], [2527, 3], [2526, 2], [2446, 0], [2446, 3], [2445, 3], [2444, 2], [2364, 0], [2364, 3], [2363, 2], [2283, 2], [2203, 3], [2202, 0], [2202, 2], [2122, 3], [2121, 3], [2120, 2], [2040, 3], [2039, 0], [2039, 3], [2038, 0], [2038, 2], [1958, 4], [1959, 2], [1879, 0], [1879, 4], [1880, 2], [1800, 0], [1800, 2], [1720, 4], [1721, 2]]",1
"7.10-48,75,38,155,214,98+6","[[1641, 1], [1721, 3], [1720, 1], [1800, 0], [1800, 1], [1880, 3], [1879, 0], [1879, 1], [1959, 3], [1958, 1], [2038, 0], [2038, 4], [2039, 0], [2039, 4], [2040, 1], [2120, 4], [2121, 4], [2122, 1], [2202, 0], [2202, 4], [2203, 1], [2283, 1], [2363, 4], [2364, 0], [2364, 4], [2365, 1], [2445, 4], [2446, 0], [2446, 4], [2447, 1], [2527, 0], [2527, 1], [2607, 4], [2608, 0], [2608, 4], [2609, 1], [2689, 4], [2690, 0], [2690, 1], [2770, 4], [2771, 4], [2772, 1], [2852, 0], [2852, 4], [2853, 4], [2854, 1], [2934, 0], [2934, 4], [2935, 1], [3015, 4], [3016, 4], [3017, 1], [3097, 0], [3097, 4], [3098, 4], [3099, 1], [3179, 0], [3179, 3], [3178, 1], [3258, 0], [3258, 1], [3338, 3], [3337, 1], [3417, 0], [3417, 1], [3497, 0], [3497, 3], [3496, 1], [3576, 0], [3576, 3], [3575, 1], [3655, 0], [3655, 3], [3654, 1], [3734, 0], [3734, 3], [3733, 0], [3733, 3], [3732, 1], [3812, 3], [3811, 0], [3811, 1], [3891, 3]]",1
"7.10-48,75,38,155,214,98+7","[[3890, 2], [3810, 4], [3811, 0], [3811, 4], [3812, 4], [3813, 2], [3733, 0], [3733, 4], [3734, 0], [3734, 4], [3735, 2], [3655, 0], [3655, 4], [3656, 2], [3576, 0], [3576, 2], [3496, 4], [3497, 0], [3497, 2], [3417, 0], [3417, 2], [3337, 2], [3257, 4], [3258, 0], [3258, 4], [3259, 2], [3179, 0], [3179, 4], [3180, 1], [3260, 1], [3340, 4], [3341, 0], [3341, 4], [3342, 4], [3343, 4]]",1
"7.10-48,75,38,155,214,98+8","[[3344, 3], [3343, 3], [3342, 3], [3341, 0], [3341, 3], [3340, 2], [3260, 3], [3259, 2], [3179, 0], [3179, 3], [3178, 2], [3098, 3], [3097, 0], [3097, 2], [3017, 3], [3016, 3], [3015, 2], [2935, 3], [2934, 0], [2934, 3], [2933, 3], [2932, 2], [2852, 0], [2852, 2], [2772, 3], [2771, 2], [2691, 3], [2690, 0], [2690, 3], [2689, 3], [2688, 2], [2608, 0], [2608, 2], [2528, 3], [2527, 0], [2527, 2], [2447, 3], [2446, 0], [2446, 3], [2445, 3], [2444, 2], [2364, 0], [2364, 3], [2363, 2], [2283, 2], [2203, 3], [2202, 0], [2202, 2], [2122, 3], [2121, 3], [2120, 2], [2040, 3], [2039, 0], [2039, 3], [2038, 0], [2038, 2], [1958, 2], [1878, 4], [1879, 0], [1879, 4], [1880, 2], [1800, 0], [1800, 2], [1720, 2], [1640, 4]]",1
"7.10-48,75,38,155,214,98+9","[[1641, 1], [1721, 1], [1801, 3], [1800, 0], [1800, 1], [1880, 3], [1879, 0], [1879, 1], [1959, 1], [2039, 3], [2038, 0], [2038, 4], [2039, 0], [2039, 1], [2119, 4], [2120, 4], [2121, 4], [2122, 1], [2202, 0], [2202, 4], [2203, 1], [2283, 1], [2363, 4], [2364, 0], [2364, 4], [2365, 1], [2445, 4], [2446, 0], [2446, 4], [2447, 1], [2527, 0], [2527, 4], [2528, 1], [2608, 0], [2608, 4], [2609, 1], [2689, 4], [2690, 0], [2690, 4], [2691, 1], [2771, 1], [2851, 4], [2852, 0], [2852, 4], [2853, 4], [2854, 1], [2934, 0], [2934, 4], [2935, 1], [3015, 4], [3016, 1], [3096, 4], [3097, 0], [3097, 4], [3098, 4], [3099, 1], [3179, 0], [3179, 1], [3259, 4], [3260, 1], [3340, 4], [3341, 0], [3341, 4], [3342, 4], [3343, 4]]",1
"7.10-48,75,38,155,214,98+10","[[3344, 3], [3343, 3], [3342, 3], [3341, 0], [3341, 3], [3340, 2], [3260, 2], [3180, 3], [3179, 0], [3179, 3], [3178, 2], [3098, 3], [3097, 0], [3097, 2], [3017, 3], [3016, 3], [3015, 2], [2935, 3], [2934, 0], [2934, 3], [2933, 2], [2853, 3], [2852, 0], [2852, 3], [2851, 2], [2771, 3], [2770, 2], [2690, 0], [2690, 3], [2689, 3], [2688, 2], [2608, 0], [2608, 2], [2528, 3], [2527, 0], [2527, 3], [2526, 2], [2446, 0], [2446, 3], [2445, 2], [2365, 3], [2364, 0], [2364, 3], [2363, 2], [2283, 2], [2203, 3], [2202, 0], [2202, 3], [2201, 2], [2121, 3], [2120, 3], [2119, 2], [2039, 0], [2039, 3], [2038, 0], [2038, 2], [1958, 4], [1959, 2], [1879, 0], [1879, 4], [1880, 2], [1800, 0], [1800, 2], [1720, 2], [1640, 4]]",1
"7.10-48,75,38,155,214,98+11","[[1641, 1], [1721, 3], [1720, 1], [1800, 0], [1800, 3], [1799, 1], [1879, 0], [1879, 1], [1959, 3], [1958, 1], [2038, 0], [2038, 4], [2039, 0], [2039, 4], [2040, 1], [2120, 4], [2121, 1], [2201, 4], [2202, 0], [2202, 4], [2203, 1], [2283, 1], [2363, 4], [2364, 0], [2364, 4], [2365, 4], [2366, 1], [2446, 0], [2446, 1], [2526, 4], [2527, 0], [2527, 1], [2607, 4], [2608, 0], [2608, 4], [2609, 1], [2689, 4], [2690, 0], [2690, 4], [2691, 1], [2771, 4], [2772, 1], [2852, 0], [2852, 4], [2853, 1], [2933, 4], [2934, 0], [2934, 4], [2935, 1], [3015, 4], [3016, 4], [3017, 1], [3097, 0], [3097, 4], [3098, 4], [3099, 1], [3179, 0], [3179, 4], [3180, 1], [3260, 4], [3261, 1], [3341, 0], [3341, 4], [3342, 4], [3343, 4]]",1
"7.10-48,75,38,155,214,98+12","[[3344, 0], [3344, 0], [3344, 3], [3343, 3], [3342, 3], [3341, 0], [3341, 2], [3261, 3], [3260, 3], [3259, 2], [3179, 0], [3179, 3], [3178, 3], [3177, 2]]",1
"7.10-48,75,38,155,214,98+13","[[3097, 4], [3098, 1], [3178, 4], [3179, 0], [3179, 1], [3259, 4], [3260, 4], [3261, 1], [3341, 0], [3341, 4], [3342, 4], [3343, 4]]",1
"7.10-48,75,38,155,214,98+14","[[3344, 0], [3344, 0], [3344, 0], [3344, 0], [3344, 3], [3343, 3], [3342, 3], [3341, 0], [3341, 3], [3340, 2], [3260, 2], [3180, 3], [3179, 0], [3179, 3], [3178, 2], [3098, 3]]",1
"7.10-48,75,38,155,214,98+15","[[3097, 4], [3098, 4], [3099, 1], [3179, 0], [3179, 1], [3259, 4], [3260, 4], [3261, 1], [3341, 0], [3341, 4], [3342, 4], [3343, 4]]",1
"7.10-48,75,38,155,214,98+16","[[3344, 3], [3343, 3], [3342, 3], [3341, 0], [3341, 2], [3261, 3], [3260, 3], [3259, 2], [3179, 0], [3179, 3], [3178, 2], [3098, 3]]",1
"7.10-48,75,38,155,214,98+17","[[3097, 0], [3097, 0], [3097, 0], [3097, 0], [3097, 0], [3097, 0], [3097, 4], [3098, 4], [3099, 1], [3179, 0], [3179, 1], [3259, 4], [3260, 4], [3261, 1], [3341, 0], [3341, 4], [3342, 4], [3343, 4]]",1
"7.10-20,94,105,220,154,7+1","[[1548, 0], [1548, 0], [1548, 0], [1548, 0], [1548, 0], [1548, 0], [1548, 0], [1548, 0], [1548, 0], [1548, 0], [1548, 0], [1548, 0], [1548, 0], [1548, 0], [1548, 0], [1548, 0], [1548, 0], [1548, 0], [1548, 0], [1548, 0], [1548, 0], [1548, 4], [1549, 1], [1629, 4], [1630, 4], [1631, 0], [1631, 4], [1632, 1], [1712, 4], [1713, 1], [1793, 4], [1794, 0], [1794, 4], [1795, 1], [1875, 4], [1876, 4], [1877, 0], [1877, 1], [1957, 4], [1958, 1]]",1
"7.10-20,94,105,220,154,7+2","[[2038, 2], [1958, 2], [1878, 4], [1879, 0], [1879, 4], [1880, 2], [1800, 0], [1800, 2], [1720, 4], [1721, 2]]",1
"7.10-20,94,105,220,154,7+3","[[1641, 1], [1721, 1], [1801, 3], [1800, 0], [1800, 1], [1880, 3], [1879, 0], [1879, 1], [1959, 1], [2039, 3], [2038, 0], [2038, 2], [1958, 3], [1957, 2], [1877, 0], [1877, 3], [1876, 3], [1875, 2], [1795, 3], [1794, 0], [1794, 3], [1793, 2], [1713, 3], [1712, 2], [1632, 3], [1631, 0], [1631, 3], [1630, 3], [1629, 2], [1549, 3], [1548, 0], [1548, 3], [1547, 2], [1467, 3], [1466, 0], [1466, 3], [1465, 2], [1385, 3], [1384, 3], [1383, 2], [1303, 0], [1303, 3], [1302, 3], [1301, 2], [1221, 3], [1220, 3], [1219, 0], [1219, 3], [1218, 3], [1217, 2], [1137, 0], [1137, 3], [1136, 3], [1135, 2], [1055, 0], [1055, 2], [975, 3], [974, 3], [973, 2], [893, 3]]",1
"7.10-20,94,105,220,154,7+4","[[892, 3], [891, 3], [890, 0], [890, 2], [810, 2], [730, 3], [729, 0], [729, 3], [728, 2], [648, 0], [648, 2], [568, 3], [567, 0], [567, 2], [487, 3], [486, 3], [485, 3], [484, 2], [404, 0], [404, 2], [324, 3], [323, 2], [243, 3]]",1
"7.10-176,241,236,166,12,79+1","[[2038, 2], [1958, 2], [1878, 3], [1877, 0], [1877, 3], [1876, 3], [1875, 2], [1795, 3], [1794, 0], [1794, 2], [1714, 3], [1713, 3], [1712, 2], [1632, 3], [1631, 0], [1631, 3], [1630, 3], [1629, 2], [1549, 3]]",1
"7.10-176,241,236,166,12,79+3","[[3179, 0], [3179, 0], [3179, 0], [3179, 0], [3179, 0], [3179, 0], [3179, 0], [3179, 0], [3179, 0], [3179, 0], [3179, 0], [3179, 0], [3179, 0], [3179, 0], [3179, 0], [3179, 0], [3179, 0], [3179, 0], [3179, 0], [3179, 0], [3179, 0], [3179, 0], [3179, 0], [3179, 0], [3179, 0], [3179, 0], [3179, 0], [3179, 0]]",1
"7.10-176,241,236,166,12,79+6","[[3890, 4], [3891, 2], [3811, 0], [3811, 4], [3812, 4], [3813, 2], [3733, 0], [3733, 4], [3734, 0], [3734, 4], [3735, 2], [3655, 0], [3655, 4], [3656, 2], [3576, 0], [3576, 4], [3577, 2], [3497, 0], [3497, 2], [3417, 0], [3417, 2], [3337, 2], [3257, 4], [3258, 0], [3258, 2], [3178, 4], [3179, 0], [3179, 3], [3178, 2], [3098, 3], [3097, 0], [3097, 3], [3096, 2], [3016, 3], [3015, 2], [2935, 3], [2934, 0], [2934, 3], [2933, 2], [2853, 3], [2852, 0], [2852, 3], [2851, 2], [2771, 3], [2770, 2], [2690, 0], [2690, 3], [2689, 3], [2688, 2], [2608, 0], [2608, 3], [2607, 2]]",1
"7.10-176,241,236,166,12,79+7","[[2527, 4], [2528, 1], [2608, 0], [2608, 4], [2609, 4], [2610, 1], [2690, 0], [2690, 4], [2691, 1], [2771, 1], [2851, 4], [2852, 0], [2852, 4], [2853, 4], [2854, 1], [2934, 0], [2934, 1], [3014, 4], [3015, 4], [3016, 1], [3096, 4]]",1
"7.10-176,241,236,166,12,79+10","[[2038, 2], [1958, 2], [1878, 3], [1877, 0], [1877, 3], [1876, 2], [1796, 3], [1795, 3], [1794, 0], [1794, 2], [1714, 3], [1713, 3], [1712, 2], [1632, 3], [1631, 0], [1631, 3], [1630, 2], [1550, 3], [1549, 3], [1548, 0], [1548, 3], [1547, 3], [1546, 2], [1466, 0], [1466, 2], [1386, 3], [1385, 3], [1384, 2], [1304, 3], [1303, 0], [1303, 3], [1302, 3], [1301, 2], [1221, 3], [1220, 3], [1219, 0], [1219, 3], [1218, 3], [1217, 2], [1137, 0], [1137, 3], [1136, 2], [1056, 3], [1055, 0], [1055, 3], [1054, 2], [974, 3], [973, 3], [972, 2], [892, 0], [892, 3], [891, 3], [890, 0], [890, 2], [810, 2], [730, 3], [729, 0], [729, 3], [728, 2], [648, 0], [648, 2], [568, 3], [567, 0], [567, 3], [566, 2], [486, 3], [485, 2], [405, 3], [404, 0], [404, 3], [403, 2], [323, 2], [243, 3]]",1
"7.10-96,230,240,177,80,251+1","[[3344, 3], [3343, 3], [3342, 3], [3341, 0], [3341, 2], [3261, 3], [3260, 2], [3180, 3], [3179, 0], [3179, 3], [3178, 3], [3177, 2], [3097, 0], [3097, 2], [3017, 3], [3016, 3], [3015, 2], [2935, 3], [2934, 0], [2934, 3], [2933, 2], [2853, 3], [2852, 0], [2852, 3], [2851, 2], [2771, 3], [2770, 2], [2690, 0], [2690, 3], [2689, 3], [2688, 2], [2608, 0], [2608, 3], [2607, 2], [2527, 0], [2527, 3], [2526, 2], [2446, 0], [2446, 3], [2445, 3], [2444, 2], [2364, 0], [2364, 3], [2363, 2], [2283, 3], [2282, 2], [2202, 0], [2202, 2], [2122, 3], [2121, 3], [2120, 3], [2119, 2], [2039, 0], [2039, 3], [2038, 0], [2038, 2], [1958, 3], [1957, 2], [1877, 0], [1877, 3], [1876, 3], [1875, 2], [1795, 3], [1794, 0], [1794, 3], [1793, 2], [1713, 3], [1712, 3], [1711, 2], [1631, 0], [1631, 3], [1630, 3], [1629, 2], [1549, 3], [1548, 0], [1548, 3], [1547, 3], [1546, 2], [1466, 0], [1466, 2], [1386, 3], [1385, 3], [1384, 3], [1383, 2], [1303, 0], [1303, 3], [1302, 3], [1301, 2], [1221, 3], [1220, 3], [1219, 0], [1219, 3], [1218, 2], [1138, 3], [1137, 0], [1137, 3], [1136, 3], [1135, 2], [1055, 0], [1055, 2], [975, 3], [974, 3], [973, 2], [893, 3], [892, 0], [892, 3], [891, 3], [890, 0], [890, 2], [810, 2], [730, 3], [729, 0], [729, 3], [728, 2], [648, 0], [648, 2], [568, 3], [567, 0], [567, 2], [487, 3], [486, 3], [485, 2], [405, 3], [404, 0], [404, 2], [324, 3], [323, 2], [243, 3]]",1
"7.10-96,230,240,177,80,251+2","[[242, 1], [322, 4], [323, 4], [324, 1], [404, 0], [404, 1], [484, 4], [485, 4], [486, 1], [566, 4], [567, 0], [567, 1], [647, 4], [648, 0], [648, 1], [728, 4], [729, 0], [729, 1], [809, 1], [889, 4], [890, 0], [890, 4], [891, 4], [892, 0], [892, 4], [893, 1], [973, 4], [974, 4], [975, 1], [1055, 0], [1055, 4], [1056, 4], [1057, 1], [1137, 0], [1137, 4], [1138, 4], [1139, 1], [1219, 0], [1219, 4], [1220, 4], [1221, 1], [1301, 4], [1302, 4], [1303, 0], [1303, 4], [1304, 1], [1384, 4], [1385, 1], [1465, 4], [1466, 0], [1466, 4], [1467, 4], [1468, 1], [1548, 0], [1548, 4], [1549, 1], [1629, 4], [1630, 4], [1631, 0], [1631, 4], [1632, 1], [1712, 4], [1713, 1], [1793, 4], [1794, 0], [1794, 4], [1795, 1], [1875, 4], [1876, 4], [1877, 0], [1877, 1], [1957, 1], [2037, 4], [2038, 0], [2038, 2], [1958, 2], [1878, 4], [1879, 0], [1879, 4], [1880, 2], [1800, 0], [1800, 2], [1720, 4], [1721, 2]]",1
"7.10-96,230,240,177,80,251+3","[[1641, 1], [1721, 3], [1720, 1], [1800, 0], [1800, 4], [1801, 1], [1881, 4], [1882, 0], [1882, 4], [1883, 4], [1884, 0], [1884, 1], [1964, 4], [1965, 4], [1966, 1], [2046, 0], [2046, 4], [2047, 4], [2048, 0], [2048, 1], [2128, 0], [2128, 1], [2208, 4], [2209, 0], [2209, 4], [2210, 4], [2211, 1], [2291, 0], [2291, 4], [2292, 0], [2292, 4], [2293, 0], [2293, 4], [2294, 0], [2294, 4], [2295, 1], [2375, 0]]",1
"7.10-96,230,240,177,80,251+4","[[2375, 1], [2455, 4], [2456, 0], [2456, 4], [2457, 1], [2537, 0], [2537, 4], [2538, 1], [2618, 0], [2618, 1], [2698, 0], [2698, 4], [2699, 1], [2779, 0], [2779, 1], [2859, 1], [2939, 0], [2939, 3], [2938, 1], [3018, 0], [3018, 1], [3098, 3], [3097, 0], [3097, 4], [3098, 4], [3099, 1], [3179, 0], [3179, 4], [3180, 1], [3260, 4], [3261, 1], [3341, 0], [3341, 4], [3342, 4], [3343, 4], [3344, 0], [3344, 4], [3345, 4], [3346, 4], [3347, 0], [3347, 4], [3348, 0], [3348, 4], [3349, 1], [3429, 0], [3429, 4], [3430, 4], [3431, 4], [3432, 0], [3432, 4], [3433, 4], [3434, 4]]",1
"7.10-96,230,240,177,80,251+5","[[3435, 4], [3436, 4], [3437, 0], [3437, 4], [3438, 4], [3439, 1]]",1
"7.10-96,230,240,177,80,251+6","[[3519, 3], [3518, 2], [3438, 3], [3437, 0], [3437, 3], [3436, 3]]",1
"7.10-164,201,57,205,13,69+1","[[3097, 0], [3097, 0], [3097, 0], [3097, 0], [3097, 4], [3098, 4], [3099, 1], [3179, 0], [3179, 1], [3259, 4], [3260, 4], [3261, 1], [3341, 0], [3341, 4], [3342, 4], [3343, 4]]",1
"7.10-164,201,57,205,13,69+2","[[3344, 3], [3343, 3], [3342, 3], [3341, 0], [3341, 3], [3340, 2], [3260, 3], [3259, 2], [3179, 0], [3179, 1], [3259, 3], [3258, 0], [3258, 1], [3338, 1], [3418, 3], [3417, 0], [3417, 1], [3497, 0], [3497, 1], [3577, 3], [3576, 0], [3576, 1], [3656, 3], [3655, 0], [3655, 1], [3735, 3], [3734, 0], [3734, 3], [3733, 0], [3733, 3], [3732, 1], [3812, 3], [3811, 0], [3811, 3], [3810, 1]]",1
"7.10-164,201,57,205,13,69+3","[[3890, 2], [3810, 4], [3811, 0], [3811, 4], [3812, 2], [3732, 4], [3733, 0], [3733, 4], [3734, 0], [3734, 4], [3735, 2], [3655, 0], [3655, 4], [3656, 2], [3576, 0], [3576, 4], [3577, 2], [3497, 0], [3497, 2], [3417, 0], [3417, 2], [3337, 4], [3338, 2], [3258, 0], [3258, 2], [3178, 4], [3179, 0], [3179, 1], [3259, 4], [3260, 4], [3261, 1], [3341, 0], [3341, 4], [3342, 4], [3343, 4]]",1
"7.10-164,201,57,205,13,69+4","[[3344, 3], [3343, 3], [3342, 3], [3341, 0], [3341, 3], [3340, 2], [3260, 3], [3259, 2], [3179, 0], [3179, 1], [3259, 3], [3258, 0], [3258, 1], [3338, 1], [3418, 3], [3417, 0], [3417, 1], [3497, 0], [3497, 1], [3577, 3], [3576, 0], [3576, 1], [3656, 3], [3655, 0], [3655, 3], [3654, 1], [3734, 0], [3734, 3], [3733, 0], [3733, 3], [3732, 1], [3812, 3], [3811, 0], [3811, 1], [3891, 3]]",1
"7.10-164,201,57,205,13,69+5","[[3890, 2], [3810, 4], [3811, 0], [3811, 4], [3812, 2], [3732, 4], [3733, 0], [3733, 4], [3734, 0], [3734, 4], [3735, 2], [3655, 0], [3655, 2], [3575, 4], [3576, 0], [3576, 2], [3496, 4], [3497, 0], [3497, 2], [3417, 0], [3417, 2], [3337, 4], [3338, 2], [3258, 0], [3258, 4], [3259, 2], [3179, 0], [3179, 1], [3259, 4], [3260, 1], [3340, 4], [3341, 0], [3341, 4], [3342, 4], [3343, 4], [3344, 0], [3344, 4], [3345, 4], [3346, 4], [3347, 0], [3347, 4], [3348, 0], [3348, 4], [3349, 1], [3429, 0], [3429, 4], [3430, 4], [3431, 4], [3432, 0], [3432, 4], [3433, 4], [3434, 4]]",1
"7.10-164,201,57,205,13,69+6","[[3435, 3], [3434, 3], [3433, 3], [3432, 0], [3432, 3], [3431, 3], [3430, 3], [3429, 0], [3429, 3], [3428, 2], [3348, 0], [3348, 3], [3347, 0], [3347, 3], [3346, 3], [3345, 3], [3344, 0], [3344, 3], [3343, 3], [3342, 3], [3341, 0], [3341, 3], [3340, 2], [3260, 2], [3180, 3], [3179, 0], [3179, 3], [3178, 2], [3098, 3]]",1
"7.10-164,201,57,205,13,69+7","[[3097, 0], [3097, 0], [3097, 0], [3097, 0], [3097, 0], [3097, 0], [3097, 0], [3097, 0], [3097, 0], [3097, 0], [3097, 0], [3097, 0], [3097, 0], [3097, 0], [3097, 0], [3097, 0], [3097, 0], [3097, 0], [3097, 0], [3097, 0], [3097, 0], [3097, 0], [3097, 0], [3097, 0], [3097, 0], [3097, 0], [3097, 0], [3097, 0], [3097, 0], [3097, 0], [3097, 0], [3097, 0], [3097, 0], [3097, 0], [3097, 0], [3097, 0], [3097, 0], [3097, 0], [3097, 0]]",1
"7.11-36,6,170,198,198,211+1","[[3097, 2], [3017, 3], [3016, 3], [3015, 2], [2935, 3], [2934, 0], [2934, 3], [2933, 3], [2932, 2], [2852, 0], [2852, 3], [2851, 2], [2771, 3], [2770, 2], [2690, 0], [2690, 3], [2689, 3], [2688, 2], [2608, 0], [2608, 2], [2528, 3], [2527, 0], [2527, 3], [2526, 2], [2446, 0], [2446, 3], [2445, 2], [2365, 3], [2364, 0], [2364, 2], [2284, 3], [2283, 2], [2203, 3], [2202, 0], [2202, 2], [2122, 3], [2121, 3], [2120, 3], [2119, 2], [2039, 0], [2039, 3], [2038, 0], [2038, 2], [1958, 2], [1878, 4], [1879, 0], [1879, 2], [1799, 4], [1800, 0], [1800, 2], [1720, 2], [1640, 4]]",2
"7.11-36,6,170,198,198,211+2","[[1641, 1], [1721, 1], [1801, 3], [1800, 0], [1800, 3], [1799, 1], [1879, 0], [1879, 1], [1959, 3], [1958, 1], [2038, 0], [2038, 4], [2039, 0], [2039, 1], [2119, 4], [2120, 4], [2121, 1], [2201, 4], [2202, 0], [2202, 1], [2282, 4], [2283, 1], [2363, 4], [2364, 0], [2364, 4], [2365, 4], [2366, 1], [2446, 0], [2446, 1], [2526, 4], [2527, 0], [2527, 4], [2528, 1], [2608, 0], [2608, 4], [2609, 1], [2689, 4], [2690, 0], [2690, 4], [2691, 1], [2771, 1], [2851, 4], [2852, 0], [2852, 4], [2853, 4], [2854, 1], [2934, 0], [2934, 1], [3014, 4], [3015, 4], [3016, 1], [3096, 4], [3097, 0], [3097, 4], [3098, 4], [3099, 1], [3179, 0], [3179, 4], [3180, 1], [3260, 1], [3340, 4], [3341, 0], [3341, 4], [3342, 4], [3343, 4]]",2
"7.11-36,6,170,198,198,211+3","[[3344, 3], [3343, 3], [3342, 3], [3341, 0], [3341, 2], [3261, 3], [3260, 3], [3259, 2], [3179, 0], [3179, 3], [3178, 2], [3098, 3]]",2
"7.11-36,6,170,198,198,211+4","[[3097, 3], [3096, 2], [3016, 3], [3015, 2], [2935, 3], [2934, 0], [2934, 3], [2933, 3], [2932, 2], [2852, 0], [2852, 3], [2851, 2], [2771, 3], [2770, 2], [2690, 0], [2690, 3], [2689, 2], [2609, 3], [2608, 0], [2608, 3], [2607, 2], [2527, 0], [2527, 3], [2526, 2], [2446, 0], [2446, 3], [2445, 3], [2444, 2], [2364, 0], [2364, 3], [2363, 2], [2283, 3], [2282, 2], [2202, 0], [2202, 2], [2122, 3], [2121, 3], [2120, 2], [2040, 3], [2039, 0], [2039, 3], [2038, 0], [2038, 2], [1958, 3], [1957, 2], [1877, 0], [1877, 3], [1876, 2], [1796, 3], [1795, 3], [1794, 0], [1794, 2], [1714, 3], [1713, 3], [1712, 3], [1711, 2], [1631, 0], [1631, 3], [1630, 3], [1629, 2], [1549, 3], [1548, 0], [1548, 3], [1547, 2], [1467, 3], [1466, 0], [1466, 2], [1386, 3], [1385, 3], [1384, 2], [1304, 3], [1303, 0], [1303, 3], [1302, 3], [1301, 3], [1300, 2], [1220, 3], [1219, 0], [1219, 3], [1218, 2], [1138, 3], [1137, 0], [1137, 3], [1136, 2], [1056, 3], [1055, 0], [1055, 3], [1054, 2], [974, 3], [973, 3], [972, 2]]",2
"7.11-36,6,170,198,198,211+5","[[892, 2], [812, 4], [813, 0], [813, 4], [814, 2], [734, 4], [735, 2], [655, 0], [655, 4], [656, 2], [576, 4], [577, 0], [577, 4], [578, 1], [658, 0], [658, 4], [659, 0], [659, 1], [739, 4]]",2
"7.11-36,6,170,198,198,211+6","[[740, 2], [660, 3], [659, 0], [659, 3], [658, 0], [658, 2], [578, 3], [577, 0], [577, 3], [576, 1], [656, 3], [655, 0], [655, 3], [654, 1], [734, 3], [733, 1], [813, 0], [813, 1], [893, 3]]",2
"7.11-36,6,170,198,198,211+7","[[892, 1], [972, 4], [973, 4], [974, 4], [975, 1], [1055, 0], [1055, 4], [1056, 4], [1057, 1], [1137, 0], [1137, 4], [1138, 1], [1218, 4], [1219, 0], [1219, 4], [1220, 4], [1221, 4], [1222, 1], [1302, 4], [1303, 0], [1303, 4], [1304, 1], [1384, 4], [1385, 1], [1465, 4], [1466, 0], [1466, 4], [1467, 1], [1547, 4], [1548, 0], [1548, 4], [1549, 1], [1629, 4], [1630, 4], [1631, 0], [1631, 1], [1711, 4], [1712, 4], [1713, 4], [1714, 1], [1794, 0], [1794, 4], [1795, 4], [1796, 1], [1876, 4], [1877, 0], [1877, 1], [1957, 4], [1958, 1], [2038, 0], [2038, 2], [1958, 2], [1878, 4], [1879, 0], [1879, 2], [1799, 4], [1800, 0], [1800, 2], [1720, 4], [1721, 2]]",2
"7.11-36,6,170,198,198,211+8","[[1641, 1], [1721, 1], [1801, 3], [1800, 0], [1800, 1], [1880, 3], [1879, 0], [1879, 1], [1959, 3], [1958, 1]]",2
"7.11-36,6,170,198,198,211+9","[[2038, 2], [1958, 2], [1878, 4], [1879, 0], [1879, 2], [1799, 4], [1800, 0], [1800, 2], [1720, 2], [1640, 4]]",2
"7.11-36,6,170,198,198,211+10","[[1641, 1], [1721, 3], [1720, 1], [1800, 0], [1800, 1], [1880, 3], [1879, 0], [1879, 1], [1959, 3], [1958, 1], [2038, 0], [2038, 4], [2039, 0], [2039, 1], [2119, 4], [2120, 4], [2121, 1], [2201, 4], [2202, 0], [2202, 1], [2282, 4], [2283, 4], [2284, 1], [2364, 0], [2364, 4], [2365, 4], [2366, 1], [2446, 0], [2446, 4], [2447, 1], [2527, 0], [2527, 1], [2607, 3], [2606, 1], [2686, 0], [2686, 1], [2766, 1], [2846, 0], [2846, 1], [2926, 0], [2926, 1], [3006, 4]]",2
"7.11-108,217,76,95,253,145+1","[[3890, 0], [3890, 0], [3890, 0], [3890, 0], [3890, 0], [3890, 0], [3890, 0], [3890, 0], [3890, 0], [3890, 0], [3890, 0], [3890, 0], [3890, 0], [3890, 0], [3890, 0], [3890, 0], [3890, 0], [3890, 0], [3890, 0], [3890, 0], [3890, 0], [3890, 0], [3890, 0], [3890, 0], [3890, 0], [3890, 0], [3890, 0], [3890, 0], [3890, 0], [3890, 2], [3810, 4], [3811, 0], [3811, 4], [3812, 4], [3813, 2], [3733, 0], [3733, 4], [3734, 0], [3734, 2], [3654, 4], [3655, 0], [3655, 2], [3575, 4], [3576, 0], [3576, 4], [3577, 2], [3497, 0], [3497, 2], [3417, 0], [3417, 2], [3337, 4], [3338, 2], [3258, 0], [3258, 4], [3259, 2], [3179, 0], [3179, 3], [3178, 3], [3177, 2], [3097, 0], [3097, 4], [3098, 2], [3018, 0], [3018, 2], [2938, 4], [2939, 0], [2939, 2], [2859, 2], [2779, 0], [2779, 3], [2778, 2], [2698, 0], [2698, 2], [2618, 0], [2618, 2], [2538, 3], [2537, 0], [2537, 2], [2457, 3], [2456, 0], [2456, 3], [2455, 2]]",1
"7.11-108,217,76,95,253,145+2","[[2375, 1], [2455, 4], [2456, 0], [2456, 4], [2457, 1], [2537, 0], [2537, 4], [2538, 1], [2618, 0], [2618, 1], [2698, 0], [2698, 4], [2699, 1], [2779, 0], [2779, 1], [2859, 1], [2939, 0], [2939, 1], [3019, 3], [3018, 0], [3018, 1], [3098, 3], [3097, 0], [3097, 4], [3098, 4], [3099, 1], [3179, 0], [3179, 1], [3259, 3], [3258, 0], [3258, 1], [3338, 1], [3418, 3], [3417, 0], [3417, 1], [3497, 0], [3497, 3], [3496, 1], [3576, 0], [3576, 1], [3656, 3], [3655, 0], [3655, 3], [3654, 1], [3734, 0], [3734, 3], [3733, 0], [3733, 3], [3732, 3], [3731, 1], [3811, 0], [3811, 1], [3891, 3]]",1
"7.11-108,217,76,95,253,145+6","[[3890, 0], [3890, 0], [3890, 0], [3890, 4], [3891, 2], [3811, 0], [3811, 4], [3812, 2], [3732, 4], [3733, 0], [3733, 4], [3734, 0], [3734, 2], [3654, 4], [3655, 0], [3655, 4], [3656, 2], [3576, 0], [3576, 2], [3496, 4], [3497, 0], [3497, 2], [3417, 0], [3417, 2], [3337, 2], [3257, 4], [3258, 0], [3258, 2], [3178, 4], [3179, 0], [3179, 3], [3178, 3], [3177, 2]]",1
"7.11-108,217,76,95,253,145+7","[[3097, 4], [3098, 1], [3178, 4], [3179, 0], [3179, 3], [3178, 1], [3258, 0], [3258, 1], [3338, 1], [3418, 3], [3417, 0], [3417, 1], [3497, 0], [3497, 3], [3496, 1], [3576, 0], [3576, 3], [3575, 1], [3655, 0], [3655, 1], [3735, 3], [3734, 0], [3734, 3], [3733, 0], [3733, 3], [3732, 1], [3812, 3], [3811, 0], [3811, 1], [3891, 3]]",1
"7.11-108,217,76,95,253,145+8","[[3890, 0], [3890, 0], [3890, 0], [3890, 0], [3890, 0], [3890, 0], [3890, 0], [3890, 0], [3890, 0], [3890, 0], [3890, 0], [3890, 0], [3890, 0], [3890, 0], [3890, 0], [3890, 0], [3890, 0], [3890, 0], [3890, 0], [3890, 0], [3890, 0], [3890, 0], [3890, 0], [3890, 0], [3890, 0], [3890, 0], [3890, 0], [3890, 0], [3890, 0], [3890, 0], [3890, 0], [3890, 0], [3890, 0], [3890, 0], [3890, 0], [3890, 0], [3890, 2], [3810, 4], [3811, 0], [3811, 4], [3812, 4], [3813, 2], [3733, 0], [3733, 4], [3734, 0], [3734, 4], [3735, 2], [3655, 0], [3655, 2], [3575, 4], [3576, 0], [3576, 4], [3577, 2], [3497, 0], [3497, 2], [3417, 0], [3417, 2], [3337, 4], [3338, 2], [3258, 0], [3258, 2], [3178, 4], [3179, 0], [3179, 3], [3178, 2], [3098, 3], [3097, 0], [3097, 3], [3096, 2], [3016, 3], [3015, 3], [3014, 2], [2934, 0], [2934, 1], [3014, 3], [3013, 1], [3093, 0], [3093, 3], [3092, 1], [3172, 3], [3171, 0], [3171, 3], [3170, 0], [3170, 2], [3090, 3], [3089, 0], [3089, 3], [3088, 0], [3088, 3], [3087, 2]]",1
"7.11-108,217,76,95,253,145+9","[[3007, 4], [3008, 1], [3088, 0], [3088, 4], [3089, 0], [3089, 1], [3169, 4], [3170, 0], [3170, 4], [3171, 0], [3171, 4], [3172, 4], [3173, 2], [3093, 0], [3093, 2], [3013, 4], [3014, 2], [2934, 0], [2934, 4], [2935, 1], [3015, 4], [3016, 4], [3017, 1], [3097, 0], [3097, 4], [3098, 1], [3178, 4], [3179, 0], [3179, 1], [3259, 3], [3258, 0], [3258, 1], [3338, 3], [3337, 1], [3417, 0], [3417, 1], [3497, 0], [3497, 1], [3577, 3], [3576, 0], [3576, 3], [3575, 1], [3655, 0], [3655, 1], [3735, 3], [3734, 0], [3734, 3], [3733, 0], [3733, 3], [3732, 3], [3731, 1], [3811, 0], [3811, 1], [3891, 3]]",1
"7.11-108,217,76,95,253,145+10","[[3890, 0], [3890, 0], [3890, 0], [3890, 0], [3890, 0], [3890, 0], [3890, 2], [3810, 4], [3811, 0], [3811, 4], [3812, 2], [3732, 4], [3733, 0], [3733, 4], [3734, 0], [3734, 2], [3654, 4], [3655, 0], [3655, 2], [3575, 4], [3576, 0], [3576, 4], [3577, 2], [3497, 0], [3497, 2], [3417, 0], [3417, 2], [3337, 4], [3338, 2], [3258, 0], [3258, 2], [3178, 4], [3179, 0], [3179, 3], [3178, 2], [3098, 3], [3097, 0], [3097, 4], [3098, 2], [3018, 0], [3018, 4], [3019, 2], [2939, 0], [2939, 2], [2859, 2], [2779, 0], [2779, 2], [2699, 3], [2698, 0], [2698, 2], [2618, 0], [2618, 2], [2538, 3], [2537, 0], [2537, 3], [2536, 2], [2456, 0], [2456, 2], [2376, 3]]",1
"7.11-108,217,76,95,253,145+11","[[2375, 4], [2376, 1], [2456, 0], [2456, 4], [2457, 1], [2537, 0], [2537, 4], [2538, 1], [2618, 0], [2618, 1], [2698, 0], [2698, 4], [2699, 1], [2779, 0], [2779, 1], [2859, 1], [2939, 0], [2939, 3], [2938, 1], [3018, 0], [3018, 1], [3098, 3]]",1
"7.11-108,217,76,95,253,145+12","[[3097, 4], [3098, 4], [3099, 1], [3179, 0], [3179, 3], [3178, 1], [3258, 0], [3258, 1], [3338, 1], [3418, 3], [3417, 0], [3417, 1], [3497, 0], [3497, 3], [3496, 1], [3576, 0], [3576, 3], [3575, 1], [3655, 0], [3655, 1], [3735, 3], [3734, 0], [3734, 3], [3733, 0], [3733, 3], [3732, 1], [3812, 3], [3811, 0], [3811, 1], [3891, 3]]",1
"7.11-108,217,76,95,253,145+13","[[3890, 2], [3810, 4], [3811, 0], [3811, 4], [3812, 4], [3813, 2], [3733, 0], [3733, 4], [3734, 0], [3734, 2], [3654, 4], [3655, 0], [3655, 2], [3575, 4], [3576, 0], [3576, 4], [3577, 2], [3497, 0], [3497, 2], [3417, 0], [3417, 2], [3337, 4], [3338, 2], [3258, 0], [3258, 4], [3259, 2], [3179, 0], [3179, 3], [3178, 3], [3177, 2], [3097, 0], [3097, 2], [3017, 4], [3018, 0], [3018, 4], [3019, 2], [2939, 0], [2939, 2], [2859, 2], [2779, 0], [2779, 3], [2778, 2], [2698, 0], [2698, 2], [2618, 0], [2618, 3], [2617, 2], [2537, 0], [2537, 2], [2457, 3], [2456, 0], [2456, 2], [2376, 3]]",1
"7.11-108,217,76,95,253,145+19","[[3007, 4], [3008, 1], [3088, 0], [3088, 4], [3089, 0], [3089, 4], [3090, 1], [3170, 0], [3170, 4], [3171, 0], [3171, 4], [3172, 4], [3173, 2], [3093, 0], [3093, 2], [3013, 4], [3014, 2], [2934, 0], [2934, 1], [3014, 4], [3015, 4], [3016, 1], [3096, 4], [3097, 0], [3097, 4], [3098, 4], [3099, 1], [3179, 0], [3179, 4], [3180, 1], [3260, 4], [3261, 1], [3341, 0], [3341, 4], [3342, 4], [3343, 4]]",1
"7.11-108,217,76,95,253,145+25","[[2375, 0], [2375, 3], [2374, 2], [2294, 0], [2294, 3], [2293, 0], [2293, 3], [2292, 0], [2292, 3], [2291, 1], [2371, 0], [2371, 1], [2451, 0], [2451, 1], [2531, 3], [2530, 0], [2530, 3], [2529, 1], [2609, 3], [2608, 0], [2608, 2], [2528, 3], [2527, 0], [2527, 1], [2607, 3], [2606, 1], [2686, 0], [2686, 1], [2766, 1], [2846, 0], [2846, 1], [2926, 0], [2926, 1], [3006, 4]]",1
"7.11-108,217,76,95,253,145+33","[[3097, 3], [3096, 2], [3016, 3], [3015, 3], [3014, 2], [2934, 0], [2934, 1], [3014, 1], [3094, 3], [3093, 0], [3093, 3], [3092, 1], [3172, 3], [3171, 0], [3171, 3], [3170, 0], [3170, 2], [3090, 3], [3089, 0], [3089, 3], [3088, 0], [3088, 3], [3087, 2]]",1
"7.11-108,217,76,95,253,145+41","[[3890, 0], [3890, 0], [3890, 0], [3890, 0], [3890, 0], [3890, 0], [3890, 0], [3890, 0], [3890, 0], [3890, 0], [3890, 0], [3890, 0], [3890, 0], [3890, 0], [3890, 0], [3890, 0], [3890, 0], [3890, 0]]",1
"7.11-196,64,246,34,203,41+1","[[3890, 2], [3810, 4], [3811, 0], [3811, 4], [3812, 4], [3813, 2], [3733, 0], [3733, 4], [3734, 0], [3734, 2], [3654, 4], [3655, 0], [3655, 2], [3575, 4], [3576, 0], [3576, 2], [3496, 4], [3497, 0], [3497, 2], [3417, 0], [3417, 2], [3337, 4], [3338, 2], [3258, 0], [3258, 4], [3259, 2], [3179, 0], [3179, 4], [3180, 1], [3260, 4], [3261, 1], [3341, 0], [3341, 4], [3342, 4], [3343, 4]]",2
"7.11-196,64,246,34,203,41+3","[[3816, 0], [3816, 0], [3816, 0]]",2
"7.11-196,64,246,34,203,41+4","[[3097, 2], [3017, 3], [3016, 3], [3015, 2], [2935, 3], [2934, 0], [2934, 3], [2933, 3], [2932, 2], [2852, 0], [2852, 3], [2851, 2], [2771, 2], [2691, 3], [2690, 0], [2690, 3], [2689, 3], [2688, 2], [2608, 0], [2608, 3], [2607, 2], [2527, 0], [2527, 3], [2526, 2], [2446, 0], [2446, 3], [2445, 2], [2365, 3], [2364, 0], [2364, 2], [2284, 3], [2283, 3], [2282, 2], [2202, 0], [2202, 2], [2122, 3], [2121, 3], [2120, 3], [2119, 2], [2039, 0], [2039, 3], [2038, 0], [2038, 2], [1958, 2], [1878, 4], [1879, 0], [1879, 2], [1799, 4], [1800, 0], [1800, 2], [1720, 4], [1721, 2]]",2
"7.11-196,64,246,34,203,41+7","[[3097, 2], [3017, 3], [3016, 3], [3015, 3], [3014, 2], [2934, 0], [2934, 3], [2933, 3], [2932, 2], [2852, 0], [2852, 3], [2851, 2], [2771, 2], [2691, 3], [2690, 0], [2690, 3], [2689, 3], [2688, 2], [2608, 0], [2608, 2], [2528, 3], [2527, 0], [2527, 3], [2526, 2], [2446, 0], [2446, 3], [2445, 2], [2365, 3], [2364, 0], [2364, 3], [2363, 2], [2283, 3], [2282, 2], [2202, 0], [2202, 2], [2122, 3], [2121, 3], [2120, 3], [2119, 2], [2039, 0], [2039, 3], [2038, 0], [2038, 2], [1958, 4], [1959, 2], [1879, 0], [1879, 2], [1799, 4], [1800, 0], [1800, 2], [1720, 4], [1721, 2]]",2
"7.11-196,64,246,34,203,41+9","[[3816, 0], [3816, 0], [3816, 0], [3816, 0], [3816, 0], [3816, 0]]",2
"7.11-196,64,246,34,203,41+10","[[3097, 3], [3096, 2], [3016, 3], [3015, 2], [2935, 3], [2934, 0], [2934, 3], [2933, 3], [2932, 2], [2852, 0], [2852, 3], [2851, 2], [2771, 2], [2691, 3], [2690, 0], [2690, 3], [2689, 3], [2688, 2], [2608, 0], [2608, 3], [2607, 2], [2527, 0], [2527, 3], [2526, 2], [2446, 0], [2446, 3], [2445, 2], [2365, 3], [2364, 0], [2364, 2], [2284, 3], [2283, 3], [2282, 2], [2202, 0], [2202, 2], [2122, 3], [2121, 3], [2120, 2], [2040, 3], [2039, 0], [2039, 3]]",2
"7.11-196,64,246,34,203,41+11","[[2038, 2], [1958, 3], [1957, 2], [1877, 0], [1877, 3], [1876, 2], [1796, 3], [1795, 3], [1794, 0], [1794, 2], [1714, 3], [1713, 3], [1712, 2], [1632, 3], [1631, 0], [1631, 3], [1630, 2], [1550, 3], [1549, 3], [1548, 0], [1548, 3], [1547, 2], [1467, 3], [1466, 0], [1466, 3], [1465, 2], [1385, 3], [1384, 2], [1304, 3], [1303, 0], [1303, 3], [1302, 3], [1301, 3], [1300, 2], [1220, 3], [1219, 0], [1219, 3], [1218, 3], [1217, 2], [1137, 0], [1137, 3], [1136, 2], [1056, 3], [1055, 0], [1055, 3], [1054, 2], [974, 3], [973, 2], [893, 3], [892, 0], [892, 3], [891, 3], [890, 0], [890, 2], [810, 2], [730, 3], [729, 0], [729, 3], [728, 2], [648, 0], [648, 3], [647, 2], [567, 0], [567, 2], [487, 3], [486, 3], [485, 2], [405, 3], [404, 0], [404, 3], [403, 2], [323, 3], [322, 2]]",2
"7.11-204,8,251,70,125,190+1","[[3097, 2], [3017, 3], [3016, 3], [3015, 3], [3014, 2], [2934, 0], [2934, 3], [2933, 2], [2853, 3], [2852, 0], [2852, 3], [2851, 2], [2771, 2], [2691, 3], [2690, 0], [2690, 3], [2689, 2], [2609, 3], [2608, 0], [2608, 2], [2528, 3], [2527, 0], [2527, 3], [2526, 2], [2446, 0], [2446, 3], [2445, 2], [2365, 3], [2364, 0], [2364, 2], [2284, 3], [2283, 2], [2203, 3], [2202, 0], [2202, 3], [2201, 2], [2121, 3], [2120, 2], [2040, 3], [2039, 0], [2039, 3], [2038, 0], [2038, 2], [1958, 4], [1959, 2], [1879, 0], [1879, 2], [1799, 4], [1800, 0], [1800, 2], [1720, 2], [1640, 4]]",1
"7.11-204,8,251,70,125,190+2","[[1641, 1], [1721, 3], [1720, 1], [1800, 0], [1800, 1], [1880, 3], [1879, 0], [1879, 1], [1959, 3], [1958, 1], [2038, 0], [2038, 4], [2039, 0], [2039, 1], [2119, 4], [2120, 4], [2121, 1], [2201, 4], [2202, 0], [2202, 1], [2282, 4], [2283, 4], [2284, 1], [2364, 0], [2364, 4], [2365, 4], [2366, 1], [2446, 0], [2446, 1], [2526, 4], [2527, 0], [2527, 1], [2607, 1], [2687, 3], [2686, 0], [2686, 1], [2766, 1], [2846, 0], [2846, 1], [2926, 0], [2926, 1], [3006, 4]]",1
"7.11-204,8,251,70,125,190+3","[[3007, 1], [3087, 4], [3088, 0], [3088, 4], [3089, 0], [3089, 1], [3169, 4], [3170, 0], [3170, 4], [3171, 0], [3171, 4], [3172, 2], [3092, 4], [3093, 0], [3093, 2], [3013, 4], [3014, 2], [2934, 0], [2934, 4], [2935, 1], [3015, 4], [3016, 1], [3096, 4]]",1
"7.11-204,8,251,70,125,190+4","[[3097, 2], [3017, 4], [3018, 0], [3018, 2], [2938, 4], [2939, 0], [2939, 2], [2859, 2], [2779, 0], [2779, 2], [2699, 3], [2698, 0], [2698, 2], [2618, 0], [2618, 3], [2617, 2], [2537, 0], [2537, 2], [2457, 3], [2456, 0], [2456, 2], [2376, 3]]",1
"7.11-204,8,251,70,125,190+5","[[2375, 1], [2455, 4], [2456, 0], [2456, 4], [2457, 1], [2537, 0], [2537, 4], [2538, 1], [2618, 0], [2618, 1], [2698, 0], [2698, 1], [2778, 4], [2779, 0], [2779, 1], [2859, 1], [2939, 0], [2939, 3], [2938, 1], [3018, 0], [3018, 3], [3017, 1]]",1
"7.11-204,8,251,70,125,190+6","[[3097, 3], [3096, 2], [3016, 3], [3015, 3], [3014, 2], [2934, 0], [2934, 1], [3014, 1], [3094, 3], [3093, 0], [3093, 3], [3092, 1], [3172, 3], [3171, 0], [3171, 3], [3170, 0], [3170, 2], [3090, 3], [3089, 0], [3089, 3], [3088, 0], [3088, 2], [3008, 3]]",1
"7.11-204,8,251,70,125,190+7","[[3007, 1], [3087, 4], [3088, 0], [3088, 4], [3089, 0], [3089, 1], [3169, 4], [3170, 0], [3170, 4], [3171, 0], [3171, 4], [3172, 4], [3173, 2], [3093, 0], [3093, 2], [3013, 4], [3014, 2], [2934, 0], [2934, 4], [2935, 1], [3015, 4], [3016, 4], [3017, 1], [3097, 0], [3097, 4], [3098, 1], [3178, 4], [3179, 0], [3179, 1], [3259, 4], [3260, 1], [3340, 4], [3341, 0], [3341, 4], [3342, 4], [3343, 4]]",1
"7.11-204,8,251,70,125,190+8","[[3344, 4], [3345, 4], [3346, 4], [3347, 0], [3347, 4], [3348, 0], [3348, 1], [3428, 4], [3429, 0], [3429, 4], [3430, 4], [3431, 4], [3432, 0], [3432, 4], [3433, 4], [3434, 4]]",1
"7.11-204,8,251,70,125,190+9","[[3435, 3], [3434, 3], [3433, 3], [3432, 0], [3432, 3], [3431, 3], [3430, 3], [3429, 0], [3429, 2], [3349, 3], [3348, 0], [3348, 3], [3347, 0], [3347, 3], [3346, 3], [3345, 3], [3344, 0], [3344, 3], [3343, 3], [3342, 3], [3341, 0], [3341, 2], [3261, 3], [3260, 3], [3259, 2], [3179, 0], [3179, 3], [3178, 3], [3177, 2], [3097, 0], [3097, 2], [3017, 3], [3016, 3], [3015, 3], [3014, 2], [2934, 0], [2934, 3], [2933, 3], [2932, 2], [2852, 0], [2852, 3], [2851, 2], [2771, 2], [2691, 3], [2690, 0], [2690, 3], [2689, 3], [2688, 2], [2608, 0], [2608, 2], [2528, 3], [2527, 0], [2527, 2], [2447, 3], [2446, 0], [2446, 3], [2445, 3], [2444, 2], [2364, 0], [2364, 2], [2284, 3], [2283, 3], [2282, 2], [2202, 0], [2202, 2], [2122, 3], [2121, 3], [2120, 3], [2119, 2], [2039, 0], [2039, 3], [2038, 0], [2038, 2], [1958, 4], [1959, 2], [1879, 0], [1879, 4], [1880, 2], [1800, 0], [1800, 2], [1720, 2], [1640, 4]]",1
"7.11-204,8,251,70,125,190+10","[[1641, 1], [1721, 1], [1801, 3], [1800, 0], [1800, 3], [1799, 1], [1879, 0], [1879, 1], [1959, 1], [2039, 3], [2038, 0], [2038, 4], [2039, 0], [2039, 1], [2119, 4], [2120, 4], [2121, 4], [2122, 1], [2202, 0], [2202, 4], [2203, 1], [2283, 1], [2363, 4], [2364, 0], [2364, 4], [2365, 4], [2366, 1], [2446, 0], [2446, 1], [2526, 4], [2527, 0], [2527, 1], [2607, 3], [2606, 1], [2686, 0], [2686, 1], [2766, 1], [2846, 0], [2846, 1], [2926, 0], [2926, 1], [3006, 4]]",1
"7.11-204,8,251,70,125,190+11","[[3007, 3], [3006, 2], [2926, 0], [2926, 2], [2846, 0], [2846, 2], [2766, 2], [2686, 0], [2686, 2], [2606, 2], [2526, 4], [2527, 0], [2527, 3], [2526, 2], [2446, 0], [2446, 3], [2445, 3], [2444, 2], [2364, 0], [2364, 2], [2284, 3], [2283, 3], [2282, 2], [2202, 0], [2202, 3], [2201, 2], [2121, 3], [2120, 2], [2040, 3], [2039, 0], [2039, 3], [2038, 0], [2038, 2], [1958, 2], [1878, 4], [1879, 0], [1879, 2], [1799, 4], [1800, 0], [1800, 2], [1720, 4], [1721, 2]]",1
"7.11-204,8,251,70,125,190+12","[[1641, 1], [1721, 1], [1801, 3], [1800, 0], [1800, 1], [1880, 3], [1879, 0], [1879, 1], [1959, 3], [1958, 1], [2038, 0], [2038, 4], [2039, 0], [2039, 4], [2040, 1], [2120, 4], [2121, 1], [2201, 4], [2202, 0], [2202, 4], [2203, 1], [2283, 1], [2363, 4], [2364, 0], [2364, 4], [2365, 4], [2366, 1], [2446, 0], [2446, 1], [2526, 4], [2527, 0], [2527, 4], [2528, 1], [2608, 0], [2608, 4], [2609, 4], [2610, 1], [2690, 0], [2690, 1], [2770, 4], [2771, 4], [2772, 1], [2852, 0], [2852, 4], [2853, 4], [2854, 1], [2934, 0], [2934, 1], [3014, 4], [3015, 4], [3016, 1], [3096, 4]]",1
"7.11-32,238,40,60,214,136+1","[[3344, 4], [3345, 4], [3346, 4], [3347, 0], [3347, 4], [3348, 0], [3348, 1], [3428, 4], [3429, 0], [3429, 1], [3509, 1], [3589, 0], [3589, 1], [3669, 1], [3749, 0], [3749, 1], [3829, 3], [3828, 0], [3828, 3], [3827, 0], [3827, 1], [3907, 1], [3987, 0], [3987, 1], [4067, 3], [4066, 0], [4066, 3], [4065, 2], [3985, 0], [3985, 3], [3984, 0], [3984, 1], [4064, 0], [4064, 3], [4063, 0], [4063, 1], [4143, 0], [4143, 3], [4142, 1]]",1
"7.11-32,238,40,60,214,136+2","[[4222, 2], [4142, 4], [4143, 0], [4143, 2], [4063, 0], [4063, 4], [4064, 0], [4064, 2], [3984, 0], [3984, 4], [3985, 0], [3985, 1], [4065, 4], [4066, 0], [4066, 2], [3986, 4], [3987, 0], [3987, 2], [3907, 2], [3827, 0], [3827, 4], [3828, 0], [3828, 4], [3829, 2], [3749, 0], [3749, 2], [3669, 2], [3589, 0], [3589, 2], [3509, 2], [3429, 0], [3429, 2], [3349, 3], [3348, 0], [3348, 3], [3347, 0], [3347, 3], [3346, 3], [3345, 3]]",1
"7.11-32,238,40,60,214,136+3","[[3344, 0], [3344, 0], [3344, 0], [3344, 0], [3344, 0], [3344, 0], [3344, 0], [3344, 0], [3344, 0], [3344, 0], [3344, 0], [3344, 0], [3344, 0], [3344, 0], [3344, 0], [3344, 0], [3344, 0], [3344, 0], [3344, 0], [3344, 0], [3344, 0], [3344, 0], [3344, 0], [3344, 0], [3344, 0], [3344, 0], [3344, 0], [3344, 0], [3344, 0], [3344, 0], [3344, 0], [3344, 0], [3344, 0], [3344, 0], [3344, 0], [3344, 3], [3343, 3], [3342, 3], [3341, 0], [3341, 3], [3340, 2], [3260, 3], [3259, 2], [3179, 0], [3179, 3], [3178, 2], [3098, 3], [3097, 0], [3097, 2], [3017, 3], [3016, 3], [3015, 2], [2935, 3], [2934, 0], [2934, 3], [2933, 3], [2932, 2], [2852, 0], [2852, 3], [2851, 2], [2771, 3], [2770, 2], [2690, 0], [2690, 3], [2689, 2], [2609, 3], [2608, 0], [2608, 3], [2607, 2], [2527, 0], [2527, 3], [2526, 2], [2446, 0], [2446, 3], [2445, 2], [2365, 3], [2364, 0], [2364, 2], [2284, 3], [2283, 2], [2203, 3], [2202, 0], [2202, 2], [2122, 3], [2121, 3], [2120, 2], [2040, 3], [2039, 0], [2039, 3], [2038, 0], [2038, 2], [1958, 2], [1878, 4], [1879, 0], [1879, 4], [1880, 2], [1800, 0], [1800, 2], [1720, 4], [1721, 2]]",1
"7.11-32,238,40,60,214,136+4","[[1641, 1], [1721, 1], [1801, 3], [1800, 0], [1800, 3], [1799, 1], [1879, 0], [1879, 1], [1959, 1], [2039, 3], [2038, 0], [2038, 4], [2039, 0], [2039, 4], [2040, 1], [2120, 4], [2121, 1], [2201, 4], [2202, 0], [2202, 1], [2282, 4], [2283, 4], [2284, 1], [2364, 0], [2364, 4], [2365, 1], [2445, 4], [2446, 0], [2446, 1], [2526, 4], [2527, 0], [2527, 4], [2528, 1], [2608, 0], [2608, 4], [2609, 4], [2610, 1], [2690, 0], [2690, 4], [2691, 1], [2771, 4], [2772, 1], [2852, 0], [2852, 4], [2853, 1], [2933, 4], [2934, 0], [2934, 1], [3014, 4], [3015, 4], [3016, 1], [3096, 4]]",1
"7.11-32,238,40,60,214,136+5","[[3097, 4], [3098, 4], [3099, 1], [3179, 0], [3179, 1], [3259, 4], [3260, 1], [3340, 4], [3341, 0], [3341, 4], [3342, 4], [3343, 4]]",1
"7.11-32,238,40,60,214,136+6","[[3344, 3], [3343, 3], [3342, 3], [3341, 0], [3341, 2], [3261, 3], [3260, 3], [3259, 2], [3179, 0], [3179, 3], [3178, 2], [3098, 3], [3097, 0], [3097, 3], [3096, 2], [3016, 3], [3015, 3], [3014, 2], [2934, 0], [2934, 3], [2933, 2], [2853, 3], [2852, 0], [2852, 3], [2851, 2], [2771, 3], [2770, 2], [2690, 0], [2690, 3], [2689, 3], [2688, 2], [2608, 0], [2608, 3], [2607, 2], [2527, 0], [2527, 2], [2447, 3], [2446, 0], [2446, 3], [2445, 2], [2365, 3], [2364, 0], [2364, 3], [2363, 2], [2283, 3], [2282, 2], [2202, 0], [2202, 3], [2201, 2], [2121, 3], [2120, 3], [2119, 2], [2039, 0], [2039, 3], [2038, 0], [2038, 2], [1958, 2], [1878, 4], [1879, 0], [1879, 2], [1799, 4], [1800, 0], [1800, 2], [1720, 4], [1721, 2]]",1
"7.11-32,238,40,60,214,136+7","[[1641, 1], [1721, 1], [1801, 3], [1800, 0], [1800, 3], [1799, 1], [1879, 0], [1879, 1], [1959, 1], [2039, 3], [2038, 0], [2038, 4], [2039, 0], [2039, 1], [2119, 4], [2120, 4], [2121, 1], [2201, 4], [2202, 0], [2202, 4], [2203, 1], [2283, 1], [2363, 4], [2364, 0], [2364, 4], [2365, 1], [2445, 4], [2446, 0], [2446, 1], [2526, 4], [2527, 0], [2527, 1], [2607, 4], [2608, 0], [2608, 4], [2609, 1], [2689, 4], [2690, 0], [2690, 4], [2691, 1], [2771, 1], [2851, 4], [2852, 0], [2852, 4], [2853, 1], [2933, 4], [2934, 0], [2934, 4], [2935, 1], [3015, 4], [3016, 1], [3096, 4], [3097, 0], [3097, 4], [3098, 4], [3099, 1], [3179, 0], [3179, 1], [3259, 4], [3260, 4], [3261, 1], [3341, 0], [3341, 4], [3342, 4], [3343, 4]]",1
"7.11-32,238,40,60,214,136+8","[[3344, 0], [3344, 0], [3344, 0], [3344, 0], [3344, 0], [3344, 0], [3344, 0], [3344, 0], [3344, 0], [3344, 0], [3344, 0], [3344, 0], [3344, 0], [3344, 0], [3344, 0], [3344, 0], [3344, 0], [3344, 0], [3344, 0], [3344, 0], [3344, 0], [3344, 0], [3344, 0], [3344, 0], [3344, 0]]",1
"7.11-204,102,10,209,112,18+1","[[3435, 3], [3434, 3], [3433, 3], [3432, 0], [3432, 3], [3431, 3], [3430, 3], [3429, 0], [3429, 3], [3428, 2], [3348, 0], [3348, 3], [3347, 0], [3347, 3], [3346, 3], [3345, 3], [3344, 0], [3344, 3], [3343, 3], [3342, 3], [3341, 0], [3341, 3], [3340, 2], [3260, 3], [3259, 2], [3179, 0], [3179, 1], [3259, 3], [3258, 0], [3258, 1], [3338, 1], [3418, 3], [3417, 0], [3417, 1], [3497, 0], [3497, 1], [3577, 3], [3576, 0], [3576, 1], [3656, 3], [3655, 0], [3655, 1], [3735, 3], [3734, 0], [3734, 3], [3733, 0], [3733, 3], [3732, 3], [3731, 1], [3811, 0], [3811, 1], [3891, 3]]",1
"7.11-204,102,10,209,112,18+2","[[3890, 1], [3970, 3], [3969, 0], [3969, 1], [4049, 3], [4048, 0], [4048, 1], [4128, 4], [4129, 0], [4129, 4], [4130, 1], [4210, 0], [4210, 4], [4211, 1], [4291, 0], [4291, 1]]",1
"7.11-204,102,10,209,112,18+3","[[4371, 2], [4291, 0], [4291, 3], [4290, 2], [4210, 0], [4210, 3], [4209, 2], [4129, 0], [4129, 2], [4049, 3], [4048, 0], [4048, 4], [4049, 2], [3969, 0], [3969, 4], [3970, 2]]",1
"7.11-204,102,10,209,112,18+19","[[4222, 4], [4223, 2], [4143, 0], [4143, 2], [4063, 0], [4063, 4], [4064, 0], [4064, 2], [3984, 0], [3984, 4], [3985, 0], [3985, 1], [4065, 4], [4066, 0], [4066, 4], [4067, 2], [3987, 0], [3987, 2], [3907, 2], [3827, 0], [3827, 4], [3828, 0], [3828, 4], [3829, 2], [3749, 0], [3749, 2], [3669, 2], [3589, 0], [3589, 2], [3509, 2], [3429, 0], [3429, 2], [3349, 3], [3348, 0], [3348, 3], [3347, 0], [3347, 3], [3346, 3], [3345, 3]]",1
"7.11-204,102,10,209,112,18+20","[[3344, 3], [3343, 3], [3342, 3], [3341, 0], [3341, 2], [3261, 3], [3260, 2], [3180, 3], [3179, 0], [3179, 3], [3178, 3], [3177, 2], [3097, 0], [3097, 3], [3096, 2], [3016, 3], [3015, 3], [3014, 2], [2934, 0], [2934, 3], [2933, 2], [2853, 3], [2852, 0], [2852, 3], [2851, 2], [2771, 2], [2691, 3], [2690, 0], [2690, 3], [2689, 2], [2609, 3], [2608, 0], [2608, 2], [2528, 3], [2527, 0], [2527, 3], [2526, 2], [2446, 0], [2446, 3], [2445, 3], [2444, 2], [2364, 0], [2364, 3], [2363, 2], [2283, 2], [2203, 3], [2202, 0], [2202, 2], [2122, 3], [2121, 3], [2120, 2], [2040, 3], [2039, 0], [2039, 3]]",1
"7.11-108,177,88,58,181,202+1","[[2038, 4], [2039, 0], [2039, 1], [2119, 4], [2120, 4], [2121, 4], [2122, 1], [2202, 0], [2202, 1], [2282, 4], [2283, 4], [2284, 1], [2364, 0], [2364, 4], [2365, 4], [2366, 1], [2446, 0], [2446, 1], [2526, 4], [2527, 0], [2527, 1], [2607, 4], [2608, 0], [2608, 4], [2609, 4], [2610, 1], [2690, 0], [2690, 1], [2770, 4], [2771, 4], [2772, 1], [2852, 0], [2852, 4], [2853, 1], [2933, 4], [2934, 0], [2934, 4], [2935, 1], [3015, 4], [3016, 4], [3017, 1], [3097, 0], [3097, 4], [3098, 4], [3099, 1], [3179, 0], [3179, 3], [3178, 1], [3258, 0], [3258, 1], [3338, 3], [3337, 1], [3417, 0], [3417, 1], [3497, 0], [3497, 3], [3496, 1], [3576, 0], [3576, 3], [3575, 1], [3655, 0], [3655, 1], [3735, 3], [3734, 0], [3734, 3], [3733, 0], [3733, 3], [3732, 1], [3812, 3], [3811, 0], [3811, 1], [3891, 3]]",1
"7.11-108,177,88,58,181,202+2","[[3890, 4], [3891, 2], [3811, 0], [3811, 4], [3812, 4], [3813, 2], [3733, 0], [3733, 4], [3734, 0], [3734, 4], [3735, 2], [3655, 0], [3655, 2], [3575, 4], [3576, 0], [3576, 2], [3496, 4], [3497, 0], [3497, 2], [3417, 0], [3417, 2], [3337, 4], [3338, 2], [3258, 0], [3258, 2], [3178, 4], [3179, 0], [3179, 1], [3259, 4], [3260, 4], [3261, 1], [3341, 0], [3341, 4], [3342, 4], [3343, 4]]",1
"7.11-108,177,88,58,181,202+3","[[3344, 3], [3343, 3], [3342, 3], [3341, 0], [3341, 2], [3261, 3], [3260, 2], [3180, 3], [3179, 0], [3179, 3], [3178, 1], [3258, 0], [3258, 1], [3338, 3], [3337, 1], [3417, 0], [3417, 1], [3497, 0], [3497, 1], [3577, 3], [3576, 0], [3576, 1], [3656, 3], [3655, 0], [3655, 1], [3735, 3], [3734, 0], [3734, 3], [3733, 0], [3733, 3], [3732, 1], [3812, 3], [3811, 0], [3811, 1], [3891, 3]]",1
"7.11-108,177,88,58,181,202+4","[[3890, 0], [3890, 0], [3890, 0], [3890, 0], [3890, 0], [3890, 0], [3890, 0], [3890, 0], [3890, 4], [3891, 2], [3811, 0], [3811, 4], [3812, 4], [3813, 2], [3733, 0], [3733, 4], [3734, 0], [3734, 2], [3654, 4], [3655, 0], [3655, 4], [3656, 2], [3576, 0], [3576, 2], [3496, 4], [3497, 0], [3497, 2], [3417, 0], [3417, 2], [3337, 2], [3257, 4], [3258, 0], [3258, 4], [3259, 2], [3179, 0], [3179, 1], [3259, 4], [3260, 4], [3261, 1], [3341, 0], [3341, 4], [3342, 4], [3343, 4]]",1
"7.11-108,177,88,58,181,202+5","[[3344, 0], [3344, 0], [3344, 0], [3344, 3], [3343, 3], [3342, 3], [3341, 0], [3341, 3], [3340, 2], [3260, 3], [3259, 2], [3179, 0], [3179, 3], [3178, 3], [3177, 2], [3097, 0], [3097, 2], [3017, 3], [3016, 3], [3015, 3], [3014, 2], [2934, 0], [2934, 3], [2933, 3], [2932, 2], [2852, 0], [2852, 3], [2851, 2], [2771, 3], [2770, 2], [2690, 0], [2690, 3], [2689, 3], [2688, 2], [2608, 0], [2608, 3], [2607, 2], [2527, 0], [2527, 2], [2447, 3], [2446, 0], [2446, 3], [2445, 3], [2444, 2], [2364, 0], [2364, 3], [2363, 2], [2283, 2], [2203, 3], [2202, 0], [2202, 2], [2122, 3], [2121, 3], [2120, 2], [2040, 3], [2039, 0], [2039, 3], [2038, 0], [2038, 2], [1958, 4], [1959, 2], [1879, 0], [1879, 2], [1799, 4], [1800, 0], [1800, 2], [1720, 2], [1640, 4]]",1
"7.11-108,177,88,58,181,202+6","[[1641, 1], [1721, 1], [1801, 3], [1800, 0], [1800, 4], [1801, 4], [1802, 1], [1882, 0], [1882, 4], [1883, 4], [1884, 0], [1884, 4], [1885, 1], [1965, 1], [2045, 4], [2046, 0], [2046, 4], [2047, 4], [2048, 0], [2048, 1], [2128, 0], [2128, 4], [2129, 1], [2209, 0], [2209, 4], [2210, 4], [2211, 1], [2291, 0], [2291, 4], [2292, 0], [2292, 4], [2293, 0], [2293, 4], [2294, 0], [2294, 1], [2374, 4], [2375, 0]]",1
"7.11-108,177,88,58,181,202+7","[[2375, 4], [2376, 1], [2456, 0], [2456, 4], [2457, 1], [2537, 0], [2537, 4], [2538, 1], [2618, 0], [2618, 1], [2698, 0], [2698, 1], [2778, 4], [2779, 0], [2779, 1], [2859, 1], [2939, 0], [2939, 1], [3019, 3], [3018, 0], [3018, 3], [3017, 1], [3097, 0], [3097, 4], [3098, 1], [3178, 4], [3179, 0], [3179, 1], [3259, 3], [3258, 0], [3258, 1], [3338, 3], [3337, 1], [3417, 0], [3417, 1], [3497, 0], [3497, 3], [3496, 1], [3576, 0], [3576, 1], [3656, 3], [3655, 0], [3655, 3], [3654, 1], [3734, 0], [3734, 3], [3733, 0], [3733, 3], [3732, 1], [3812, 3], [3811, 0], [3811, 1], [3891, 3]]",1
"7.11-156,116,3,24,100,145+1","[[2608, 0], [2608, 0], [2608, 0], [2608, 0], [2608, 0], [2608, 0], [2608, 0]]",1
"7.11-156,116,3,24,100,145+2","[[3344, 3], [3343, 3], [3342, 3], [3341, 0], [3341, 3], [3340, 2], [3260, 2], [3180, 3], [3179, 0], [3179, 3], [3178, 3], [3177, 2], [3097, 0], [3097, 3], [3096, 2], [3016, 3], [3015, 2], [2935, 3], [2934, 0], [2934, 1], [3014, 1], [3094, 3], [3093, 0], [3093, 3], [3092, 3], [3091, 1], [3171, 0], [3171, 3], [3170, 0], [3170, 3], [3169, 2], [3089, 0], [3089, 3], [3088, 0], [3088, 3], [3087, 2]]",1
"7.11-156,116,3,24,100,145+5","[[3007, 1], [3087, 4], [3088, 0], [3088, 4], [3089, 0], [3089, 4], [3090, 1], [3170, 0], [3170, 4], [3171, 0], [3171, 4], [3172, 2], [3092, 4], [3093, 0], [3093, 2], [3013, 2], [2933, 4], [2934, 0], [2934, 1], [3014, 4], [3015, 4], [3016, 4], [3017, 1], [3097, 0], [3097, 4], [3098, 1], [3178, 4], [3179, 0], [3179, 1], [3259, 3], [3258, 0], [3258, 1], [3338, 3], [3337, 1], [3417, 0], [3417, 1], [3497, 0], [3497, 3], [3496, 1], [3576, 0], [3576, 1], [3656, 3], [3655, 0], [3655, 1], [3735, 3], [3734, 0], [3734, 3], [3733, 0], [3733, 3], [3732, 3], [3731, 1], [3811, 0], [3811, 1], [3891, 3]]",1
"7.11-156,116,3,24,100,145+6","[[3890, 0], [3890, 0], [3890, 0], [3890, 0], [3890, 0], [3890, 0], [3890, 0], [3890, 0], [3890, 0], [3890, 0], [3890, 0], [3890, 0], [3890, 0], [3890, 0], [3890, 0], [3890, 0], [3890, 0], [3890, 0], [3890, 0], [3890, 0], [3890, 0]]",1
"7.11-156,116,3,24,100,145+7","[[2608, 0], [2608, 0]]",1
"7.11-196,64,246,220,81,179+2","[[3816, 0], [3816, 0], [3816, 0], [3816, 0], [3816, 0], [3816, 0], [3816, 0], [3816, 0], [3816, 0], [3816, 0], [3816, 0], [3816, 0], [3816, 0], [3816, 0], [3816, 0], [3816, 0], [3816, 0], [3816, 0], [3816, 0], [3816, 0], [3816, 0], [3816, 0], [3816, 0], [3816, 0], [3816, 0], [3816, 0], [3816, 0], [3816, 0], [3816, 0], [3816, 0], [3816, 0], [3816, 0], [3816, 0], [3816, 0], [3816, 0], [3816, 0]]",1
"7.11-196,64,246,220,81,179+3","[[3097, 4], [3098, 1], [3178, 4], [3179, 0], [3179, 4], [3180, 1], [3260, 4], [3261, 1], [3341, 0], [3341, 4], [3342, 4], [3343, 4], [3344, 0], [3344, 4], [3345, 4], [3346, 4], [3347, 0], [3347, 4], [3348, 0], [3348, 1], [3428, 4], [3429, 0], [3429, 4], [3430, 4], [3431, 4], [3432, 0], [3432, 4], [3433, 4], [3434, 4]]",1
"7.11-196,64,246,220,81,179+4","[[3435, 3], [3434, 3], [3433, 3], [3432, 0], [3432, 3], [3431, 3], [3430, 3], [3429, 0], [3429, 2], [3349, 3], [3348, 0], [3348, 3], [3347, 0], [3347, 3], [3346, 3], [3345, 3], [3344, 0], [3344, 3], [3343, 3], [3342, 3], [3341, 0], [3341, 2], [3261, 3], [3260, 3], [3259, 2], [3179, 0], [3179, 3], [3178, 3], [3177, 2], [3097, 0], [3097, 2], [3017, 3], [3016, 3], [3015, 3], [3014, 2], [2934, 0], [2934, 3], [2933, 2], [2853, 3], [2852, 0], [2852, 3], [2851, 2], [2771, 3], [2770, 2], [2690, 0], [2690, 3], [2689, 2], [2609, 3], [2608, 0], [2608, 2], [2528, 3], [2527, 0], [2527, 3], [2526, 2], [2446, 0], [2446, 3], [2445, 2], [2365, 3], [2364, 0], [2364, 2], [2284, 3], [2283, 2], [2203, 3], [2202, 0], [2202, 3], [2201, 2], [2121, 3], [2120, 3], [2119, 2], [2039, 0], [2039, 3], [2038, 0], [2038, 2], [1958, 2], [1878, 4], [1879, 0], [1879, 4], [1880, 2], [1800, 0], [1800, 2], [1720, 2], [1640, 4]]",1
"7.11-196,64,246,220,81,179+5","[[1641, 1], [1721, 3], [1720, 1], [1800, 0], [1800, 3], [1799, 1], [1879, 0], [1879, 1], [1959, 3], [1958, 1]]",1
"7.11-196,64,246,220,81,179+8","[[2527, 4], [2528, 1], [2608, 0], [2608, 4], [2609, 1], [2689, 4], [2690, 0], [2690, 4], [2691, 1], [2771, 1], [2851, 4], [2852, 0], [2852, 4], [2853, 4], [2854, 1], [2934, 0], [2934, 1], [3014, 4], [3015, 4], [3016, 4], [3017, 1], [3097, 0], [3097, 4], [3098, 1], [3178, 4], [3179, 0], [3179, 1], [3259, 4], [3260, 1], [3340, 4], [3341, 0], [3341, 4], [3342, 4], [3343, 4], [3344, 0], [3344, 4], [3345, 4], [3346, 4], [3347, 0], [3347, 4], [3348, 0], [3348, 1], [3428, 4], [3429, 0], [3429, 4], [3430, 4], [3431, 4], [3432, 0], [3432, 4], [3433, 4], [3434, 4]]",1
"7.11-196,64,246,220,81,179+9","[[3435, 3], [3434, 3], [3433, 3], [3432, 0], [3432, 3], [3431, 3], [3430, 3], [3429, 0], [3429, 2], [3349, 3], [3348, 0], [3348, 3], [3347, 0], [3347, 3], [3346, 3], [3345, 3]]",1
"7.11-196,64,246,220,81,179+10","[[3344, 3], [3343, 3], [3342, 3], [3341, 0], [3341, 2], [3261, 3], [3260, 3], [3259, 2], [3179, 0], [3179, 3], [3178, 3], [3177, 2]]",1
"7.11-196,64,246,220,81,179+11","[[3097, 2], [3017, 3], [3016, 3], [3015, 2], [2935, 3], [2934, 0], [2934, 3], [2933, 3], [2932, 2], [2852, 0], [2852, 3], [2851, 2], [2771, 3], [2770, 2], [2690, 0], [2690, 3], [2689, 3], [2688, 2], [2608, 0], [2608, 2], [2528, 3]]",1
"7.11-196,64,246,220,81,179+12","[[2527, 1], [2607, 4], [2608, 0], [2608, 4], [2609, 1], [2689, 4], [2690, 0], [2690, 4], [2691, 1], [2771, 1], [2851, 4], [2852, 0], [2852, 4], [2853, 1], [2933, 4], [2934, 0], [2934, 1], [3014, 4], [3015, 4], [3016, 4], [3017, 1]]",1
"7.11-196,64,246,220,81,179+13","[[3097, 4], [3098, 4], [3099, 1], [3179, 0], [3179, 1], [3259, 4], [3260, 1], [3340, 4], [3341, 0], [3341, 4], [3342, 4], [3343, 4], [3344, 0], [3344, 4], [3345, 4], [3346, 4], [3347, 0], [3347, 4], [3348, 0], [3348, 4], [3349, 1], [3429, 0], [3429, 4], [3430, 4], [3431, 4], [3432, 0], [3432, 4], [3433, 4], [3434, 4]]",1
"7.11-196,64,246,220,81,179+14","[[3435, 3], [3434, 3], [3433, 3], [3432, 0], [3432, 3], [3431, 3], [3430, 3], [3429, 0], [3429, 2], [3349, 3], [3348, 0], [3348, 3], [3347, 0], [3347, 3], [3346, 3], [3345, 3], [3344, 0], [3344, 3], [3343, 3], [3342, 3], [3341, 0], [3341, 3], [3340, 2], [3260, 2], [3180, 3], [3179, 0], [3179, 3], [3178, 2], [3098, 3]]",1
"7.11-196,64,246,220,81,179+15","[[3097, 4], [3098, 1], [3178, 4], [3179, 0], [3179, 4], [3180, 1], [3260, 4], [3261, 1], [3341, 0], [3341, 4], [3342, 4], [3343, 4]]",1
"7.11-196,64,246,220,81,179+17","[[3816, 0], [3816, 0], [3816, 0], [3816, 0], [3816, 0]]",1
"7.11-196,64,246,220,81,179+18","[[3097, 4], [3098, 1], [3178, 4], [3179, 0], [3179, 4], [3180, 1], [3260, 1], [3340, 4], [3341, 0], [3341, 4], [3342, 4], [3343, 4], [3344, 0], [3344, 4], [3345, 4], [3346, 4], [3347, 0], [3347, 4], [3348, 0], [3348, 1], [3428, 4], [3429, 0], [3429, 1], [3509, 1], [3589, 0], [3589, 1], [3669, 1], [3749, 0], [3749, 1], [3829, 3], [3828, 0], [3828, 3], [3827, 0], [3827, 1], [3907, 1], [3987, 0], [3987, 1], [4067, 3], [4066, 0], [4066, 3], [4065, 2], [3985, 0], [3985, 3], [3984, 0], [3984, 1], [4064, 0], [4064, 3], [4063, 0], [4063, 1], [4143, 0], [4143, 3], [4142, 1]]",1
"7.11-196,64,246,220,81,179+19","[[4222, 4], [4223, 2], [4143, 0], [4143, 2], [4063, 0], [4063, 4], [4064, 0], [4064, 2], [3984, 0], [3984, 4], [3985, 0], [3985, 4], [3986, 1], [4066, 0], [4066, 4], [4067, 2], [3987, 0], [3987, 2], [3907, 2], [3827, 0], [3827, 4], [3828, 0], [3828, 4], [3829, 2], [3749, 0], [3749, 2], [3669, 2], [3589, 0], [3589, 2], [3509, 2], [3429, 0], [3429, 3], [3428, 2], [3348, 0], [3348, 3], [3347, 0], [3347, 3], [3346, 3], [3345, 3]]",1
"7.11-196,64,246,220,81,179+20","[[3344, 3], [3343, 3], [3342, 3], [3341, 0], [3341, 3], [3340, 2], [3260, 2], [3180, 3], [3179, 0], [3179, 3], [3178, 3], [3177, 2], [3097, 0], [3097, 3], [3096, 2], [3016, 3], [3015, 2], [2935, 3], [2934, 0], [2934, 1], [3014, 3], [3013, 1], [3093, 0], [3093, 3], [3092, 3], [3091, 1], [3171, 0], [3171, 3], [3170, 0], [3170, 3], [3169, 2], [3089, 0], [3089, 3], [3088, 0], [3088, 3], [3087, 2]]",1
"7.11-196,64,246,220,81,179+21","[[3007, 3], [3006, 2], [2926, 0], [2926, 2], [2846, 0], [2846, 2], [2766, 2], [2686, 0], [2686, 2], [2606, 2], [2526, 4], [2527, 0], [2527, 1], [2607, 4], [2608, 0], [2608, 4], [2609, 4], [2610, 2], [2530, 0], [2530, 2], [2450, 4], [2451, 0], [2451, 2], [2371, 0], [2371, 2], [2291, 4], [2292, 0], [2292, 4], [2293, 0], [2293, 4], [2294, 0], [2294, 1], [2374, 4], [2375, 0]]",1
"7.11-84,167,3,191,88,22+1","[[2038, 4], [2039, 0], [2039, 4], [2040, 1], [2120, 4], [2121, 1], [2201, 4], [2202, 0], [2202, 1], [2282, 4], [2283, 1], [2363, 4], [2364, 0], [2364, 4], [2365, 4], [2366, 1], [2446, 0], [2446, 1], [2526, 4], [2527, 0], [2527, 1], [2607, 3], [2606, 1], [2686, 0], [2686, 1], [2766, 1], [2846, 0], [2846, 1], [2926, 0], [2926, 4], [2927, 1]]",1
"7.11-84,167,3,191,88,22+2","[[3007, 0], [3007, 0], [3007, 3], [3006, 2], [2926, 0], [2926, 2], [2846, 0], [2846, 2], [2766, 2], [2686, 0], [2686, 2], [2606, 2], [2526, 4], [2527, 0], [2527, 2], [2447, 3], [2446, 0], [2446, 3], [2445, 2], [2365, 3], [2364, 0], [2364, 3], [2363, 2], [2283, 2], [2203, 3], [2202, 0], [2202, 2], [2122, 3], [2121, 3], [2120, 3], [2119, 2], [2039, 0], [2039, 3], [2038, 0], [2038, 2], [1958, 2], [1878, 4], [1879, 0], [1879, 4], [1880, 2], [1800, 0], [1800, 2], [1720, 4], [1721, 2]]",1
"7.11-84,167,3,191,88,22+3","[[1641, 1], [1721, 1], [1801, 3], [1800, 0], [1800, 1], [1880, 3], [1879, 0], [1879, 1], [1959, 3], [1958, 1]]",1
"7.11-84,167,3,191,88,22+4","[[2038, 0], [2038, 0], [2038, 4], [2039, 0], [2039, 1], [2119, 4], [2120, 4], [2121, 4], [2122, 1], [2202, 0], [2202, 1], [2282, 4], [2283, 4], [2284, 1], [2364, 0], [2364, 4], [2365, 1], [2445, 4], [2446, 0], [2446, 1], [2526, 4]]",1
"7.11-84,167,3,191,88,22+5","[[2527, 0], [2527, 3], [2526, 2], [2446, 0], [2446, 3], [2445, 3], [2444, 2], [2364, 0], [2364, 3], [2363, 2], [2283, 3], [2282, 2], [2202, 0], [2202, 2], [2122, 3], [2121, 3], [2120, 2], [2040, 3], [2039, 0], [2039, 3]]",1
"7.11-84,167,3,191,88,22+6","[[2038, 4], [2039, 0], [2039, 1], [2119, 4], [2120, 4], [2121, 4], [2122, 1], [2202, 0], [2202, 4], [2203, 1], [2283, 1], [2363, 4], [2364, 0], [2364, 4], [2365, 4], [2366, 1], [2446, 0], [2446, 4], [2447, 1], [2527, 0], [2527, 1], [2607, 1], [2687, 3], [2686, 0], [2686, 1], [2766, 1], [2846, 0], [2846, 1], [2926, 0], [2926, 4], [2927, 1]]",1
"7.11-48,74,54,155,214,98+1","[[3344, 4], [3345, 4], [3346, 4], [3347, 0], [3347, 4], [3348, 0], [3348, 1], [3428, 4], [3429, 0], [3429, 4], [3430, 4], [3431, 4], [3432, 0], [3432, 4], [3433, 4], [3434, 4]]",1
"7.11-48,74,54,155,214,98+2","[[3435, 3], [3434, 3], [3433, 3], [3432, 0], [3432, 3], [3431, 3], [3430, 3], [3429, 0], [3429, 3], [3428, 2], [3348, 0], [3348, 3], [3347, 0], [3347, 3], [3346, 3], [3345, 3], [3344, 0], [3344, 3], [3343, 3], [3342, 3], [3341, 0], [3341, 2], [3261, 3], [3260, 3], [3259, 2], [3179, 0], [3179, 3], [3178, 3], [3177, 2]]",1
"7.11-48,74,54,155,214,98+3","[[3097, 0], [3097, 0], [3097, 0], [3097, 0], [3097, 0], [3097, 0], [3097, 0], [3097, 0], [3097, 0], [3097, 0], [3097, 3], [3096, 2], [3016, 3], [3015, 2], [2935, 3], [2934, 0], [2934, 3], [2933, 2], [2853, 3], [2852, 0], [2852, 2], [2772, 3], [2771, 3], [2770, 2], [2690, 0], [2690, 3], [2689, 3], [2688, 2], [2608, 0], [2608, 3], [2607, 2]]",1
"7.11-48,74,54,155,214,98+4","[[2527, 1], [2607, 4], [2608, 0], [2608, 4], [2609, 1], [2689, 4], [2690, 0], [2690, 4], [2691, 1], [2771, 1], [2851, 4], [2852, 0], [2852, 4], [2853, 4], [2854, 1], [2934, 0], [2934, 4], [2935, 1], [3015, 4], [3016, 4], [3017, 1], [3097, 0], [3097, 4], [3098, 4], [3099, 1], [3179, 0], [3179, 1], [3259, 4], [3260, 4], [3261, 1], [3341, 0], [3341, 4], [3342, 4], [3343, 4]]",1
"7.11-48,74,54,155,214,98+5","[[3344, 3], [3343, 3], [3342, 3], [3341, 0], [3341, 3], [3340, 2], [3260, 3], [3259, 2], [3179, 0], [3179, 3], [3178, 2], [3098, 3]]",1
"7.11-48,74,54,155,214,98+6","[[3097, 4], [3098, 4], [3099, 1], [3179, 0], [3179, 4], [3180, 1], [3260, 4], [3261, 1], [3341, 0], [3341, 4], [3342, 4], [3343, 4], [3344, 0], [3344, 4], [3345, 4], [3346, 4], [3347, 0], [3347, 4], [3348, 0], [3348, 1], [3428, 4], [3429, 0], [3429, 4], [3430, 4], [3431, 4], [3432, 0], [3432, 4], [3433, 4], [3434, 4]]",1
"7.11-48,74,54,155,214,98+7","[[3435, 3], [3434, 3], [3433, 3], [3432, 0], [3432, 3], [3431, 3], [3430, 3], [3429, 0], [3429, 2], [3349, 3], [3348, 0], [3348, 3], [3347, 0], [3347, 3], [3346, 3], [3345, 3]]",1
"7.11-48,74,54,155,214,98+8","[[3344, 3], [3343, 3], [3342, 3], [3341, 0], [3341, 2], [3261, 3], [3260, 3], [3259, 2], [3179, 0], [3179, 3], [3178, 2], [3098, 3]]",1
"7.11-48,74,54,155,214,98+9","[[3097, 0], [3097, 0], [3097, 0], [3097, 0], [3097, 0], [3097, 0], [3097, 0], [3097, 0], [3097, 0], [3097, 0], [3097, 0], [3097, 0], [3097, 0]]",1
"7.11-48,69,17,168,101,46+1","[[1641, 1], [1721, 1], [1801, 3], [1800, 0], [1800, 3], [1799, 1], [1879, 0], [1879, 1], [1959, 1], [2039, 3], [2038, 0], [2038, 2], [1958, 3], [1957, 2], [1877, 0], [1877, 3], [1876, 2], [1796, 3], [1795, 3], [1794, 0], [1794, 3], [1793, 2], [1713, 3], [1712, 3], [1711, 2], [1631, 0], [1631, 3], [1630, 2], [1550, 3], [1549, 3], [1548, 0], [1548, 3], [1547, 2], [1467, 3], [1466, 0], [1466, 2], [1386, 3], [1385, 3], [1384, 3], [1383, 2], [1303, 0], [1303, 3], [1302, 3], [1301, 2], [1221, 3], [1220, 3], [1219, 0], [1219, 3], [1218, 2], [1138, 3], [1137, 0], [1137, 3], [1136, 3], [1135, 2], [1055, 0], [1055, 3], [1054, 2], [974, 3], [973, 2], [893, 3], [892, 0], [892, 3], [891, 3], [890, 0], [890, 2], [810, 3], [809, 2], [729, 0], [729, 2], [649, 3], [648, 0], [648, 3], [647, 2], [567, 0], [567, 3], [566, 2], [486, 3], [485, 2], [405, 3], [404, 0], [404, 2], [324, 3], [323, 3], [322, 2]]",1
"7.11-48,69,17,168,101,46+2","[[242, 1], [322, 4], [323, 1], [403, 4], [404, 0], [404, 1], [484, 4], [485, 4], [486, 4], [487, 1], [567, 0], [567, 4], [568, 1], [648, 0], [648, 1], [728, 4], [729, 0], [729, 1], [809, 1], [889, 4], [890, 0], [890, 4], [891, 4], [892, 0], [892, 1], [972, 4], [973, 4], [974, 4], [975, 1], [1055, 0], [1055, 4], [1056, 4], [1057, 1], [1137, 0], [1137, 4], [1138, 1], [1218, 4], [1219, 0], [1219, 4], [1220, 4], [1221, 4], [1222, 1], [1302, 4], [1303, 0], [1303, 1], [1383, 4], [1384, 4], [1385, 4], [1386, 1], [1466, 0], [1466, 4], [1467, 1], [1547, 4], [1548, 0], [1548, 4], [1549, 4], [1550, 1], [1630, 4], [1631, 0], [1631, 4], [1632, 1], [1712, 4], [1713, 1], [1793, 4], [1794, 0], [1794, 4], [1795, 1], [1875, 4], [1876, 4], [1877, 0], [1877, 1], [1957, 4], [1958, 1]]",1
"7.11-48,69,17,168,101,46+3","[[2038, 4], [2039, 0], [2039, 4], [2040, 1], [2120, 4], [2121, 4], [2122, 1], [2202, 0], [2202, 1], [2282, 4], [2283, 4], [2284, 1], [2364, 0], [2364, 4], [2365, 1], [2445, 4], [2446, 0], [2446, 4], [2447, 1], [2527, 0], [2527, 4], [2528, 1], [2608, 0], [2608, 4], [2609, 1], [2689, 4], [2690, 0], [2690, 1], [2770, 4], [2771, 1], [2851, 4], [2852, 0], [2852, 4], [2853, 1], [2933, 4], [2934, 0], [2934, 4], [2935, 1], [3015, 4], [3016, 4], [3017, 1], [3097, 0], [3097, 4], [3098, 1], [3178, 4], [3179, 0], [3179, 1], [3259, 4], [3260, 1], [3340, 4], [3341, 0], [3341, 4], [3342, 4], [3343, 4]]",1
"7.11-48,69,17,168,101,46+4","[[3344, 4], [3345, 4], [3346, 4], [3347, 0], [3347, 4], [3348, 0], [3348, 4], [3349, 1], [3429, 0], [3429, 4], [3430, 4], [3431, 4], [3432, 0], [3432, 4], [3433, 4], [3434, 4]]",1
"7.11-48,69,17,168,101,46+5","[[3435, 3], [3434, 3], [3433, 3], [3432, 0], [3432, 3], [3431, 3], [3430, 3], [3429, 0], [3429, 2], [3349, 3], [3348, 0], [3348, 3], [3347, 0], [3347, 3], [3346, 3], [3345, 3], [3344, 0], [3344, 3], [3343, 3], [3342, 3], [3341, 0], [3341, 2], [3261, 3], [3260, 3], [3259, 2], [3179, 0], [3179, 3], [3178, 3], [3177, 2], [3097, 0], [3097, 2], [3017, 3], [3016, 3], [3015, 3], [3014, 2], [2934, 0], [2934, 3], [2933, 3], [2932, 2], [2852, 0], [2852, 2], [2772, 3], [2771, 2], [2691, 3], [2690, 0], [2690, 3], [2689, 2], [2609, 3], [2608, 0], [2608, 3], [2607, 2], [2527, 0], [2527, 3], [2526, 2], [2446, 0], [2446, 3], [2445, 2], [2365, 3], [2364, 0], [2364, 3], [2363, 2], [2283, 2], [2203, 3], [2202, 0], [2202, 3], [2201, 2], [2121, 3], [2120, 2], [2040, 3], [2039, 0], [2039, 3]]",1
"7.11-48,69,17,168,101,46+6","[[2038, 2], [1958, 4], [1959, 2], [1879, 0], [1879, 2], [1799, 4], [1800, 0], [1800, 2], [1720, 2], [1640, 4]]",1
"7.12-88,214,151,17,133,245+1","[[3890, 0], [3890, 0], [3890, 0], [3890, 0], [3890, 0], [3890, 0], [3890, 0], [3890, 0], [3890, 0], [3890, 0], [3890, 0], [3890, 0], [3890, 0], [3890, 2], [3810, 4], [3811, 0], [3811, 4], [3812, 4], [3813, 2], [3733, 0], [3733, 4], [3734, 0], [3734, 4], [3735, 2], [3655, 0], [3655, 2], [3575, 4], [3576, 0], [3576, 4], [3577, 2], [3497, 0], [3497, 2], [3417, 0], [3417, 2], [3337, 2], [3257, 4], [3258, 0], [3258, 2], [3178, 4], [3179, 0], [3179, 3], [3178, 3], [3177, 2]]",2
"7.12-88,214,151,17,133,245+2","[[3097, 4], [3098, 1], [3178, 4], [3179, 0], [3179, 1], [3259, 3], [3258, 0], [3258, 1], [3338, 3], [3337, 1], [3417, 0], [3417, 1], [3497, 0], [3497, 1], [3577, 3], [3576, 0], [3576, 1], [3656, 3], [3655, 0], [3655, 3], [3654, 1], [3734, 0], [3734, 3], [3733, 0], [3733, 3], [3732, 1], [3812, 3], [3811, 0], [3811, 3], [3810, 1]]",2
"7.12-88,214,151,17,133,245+3","[[3890, 0], [3890, 0], [3890, 0], [3890, 0], [3890, 0], [3890, 0], [3890, 2], [3810, 4], [3811, 0], [3811, 4], [3812, 2], [3732, 4], [3733, 0], [3733, 4], [3734, 0], [3734, 4], [3735, 2], [3655, 0], [3655, 2], [3575, 4], [3576, 0], [3576, 2], [3496, 4], [3497, 0], [3497, 2], [3417, 0], [3417, 2], [3337, 4], [3338, 2], [3258, 0], [3258, 4], [3259, 2], [3179, 0], [3179, 3], [3178, 2], [3098, 3], [3097, 0], [3097, 2], [3017, 4], [3018, 0], [3018, 2], [2938, 4], [2939, 0], [2939, 2], [2859, 2], [2779, 0], [2779, 3], [2778, 2], [2698, 0], [2698, 2], [2618, 0], [2618, 2], [2538, 3], [2537, 0], [2537, 3], [2536, 2], [2456, 0], [2456, 3], [2455, 2]]",2
"7.12-88,214,151,17,133,245+4","[[2375, 4], [2376, 1], [2456, 0], [2456, 1], [2536, 4], [2537, 0], [2537, 1], [2617, 4], [2618, 0], [2618, 1], [2698, 0], [2698, 4], [2699, 1], [2779, 0], [2779, 1], [2859, 1], [2939, 0], [2939, 1], [3019, 3], [3018, 0], [3018, 3], [3017, 1]]",2
"7.12-88,214,151,17,133,245+5","[[3097, 3], [3096, 2], [3016, 3], [3015, 2], [2935, 3], [2934, 0], [2934, 3], [2933, 3], [2932, 2], [2852, 0], [2852, 2], [2772, 3], [2771, 2], [2691, 3], [2690, 0], [2690, 3], [2689, 3], [2688, 2], [2608, 0], [2608, 3], [2607, 2], [2527, 0], [2527, 3], [2526, 2], [2446, 0], [2446, 3], [2445, 2], [2365, 3], [2364, 0], [2364, 2], [2284, 3], [2283, 3], [2282, 2], [2202, 0], [2202, 2], [2122, 3], [2121, 3], [2120, 3], [2119, 2], [2039, 0], [2039, 3]]",2
"7.12-88,214,151,17,133,245+6","[[2038, 2], [1958, 2], [1878, 4], [1879, 0], [1879, 4], [1880, 2], [1800, 0], [1800, 2], [1720, 2], [1640, 4]]",2
"7.12-88,214,151,17,133,245+7","[[1641, 1], [1721, 3], [1720, 1], [1800, 0], [1800, 3], [1799, 1], [1879, 0], [1879, 1], [1959, 1], [2039, 3], [2038, 0], [2038, 4], [2039, 0], [2039, 1], [2119, 4], [2120, 4], [2121, 1], [2201, 4], [2202, 0], [2202, 4], [2203, 1], [2283, 1], [2363, 4], [2364, 0], [2364, 4], [2365, 1], [2445, 4], [2446, 0], [2446, 1], [2526, 4], [2527, 0], [2527, 4], [2528, 1], [2608, 0], [2608, 4], [2609, 4], [2610, 1], [2690, 0], [2690, 1], [2770, 4], [2771, 4], [2772, 1], [2852, 0], [2852, 4], [2853, 4], [2854, 1], [2934, 0], [2934, 1], [3014, 4], [3015, 4], [3016, 1], [3096, 4], [3097, 0], [3097, 4], [3098, 1], [3178, 4], [3179, 0], [3179, 3], [3178, 1], [3258, 0], [3258, 1], [3338, 3], [3337, 1], [3417, 0], [3417, 1], [3497, 0], [3497, 3], [3496, 1], [3576, 0], [3576, 1], [3656, 3], [3655, 0], [3655, 3], [3654, 1], [3734, 0], [3734, 3], [3733, 0], [3733, 3], [3732, 1], [3812, 3], [3811, 0], [3811, 1], [3891, 3]]",2
"7.12-88,214,151,17,133,245+8","[[3890, 0], [3890, 0], [3890, 0], [3890, 0], [3890, 0], [3890, 0], [3890, 0], [3890, 0], [3890, 0], [3890, 0], [3890, 0], [3890, 0], [3890, 0], [3890, 0], [3890, 0], [3890, 0], [3890, 0], [3890, 0], [3890, 0], [3890, 0], [3890, 0], [3890, 0], [3890, 0], [3890, 0], [3890, 0], [3890, 0], [3890, 0], [3890, 0], [3890, 0], [3890, 0], [3890, 0], [3890, 0], [3890, 0], [3890, 0], [3890, 0], [3890, 0], [3890, 0], [3890, 0], [3890, 0], [3890, 0], [3890, 0], [3890, 0], [3890, 0], [3890, 0], [3890, 0], [3890, 0], [3890, 0], [3890, 0], [3890, 0], [3890, 0], [3890, 0]]",2
"7.12-140,52,1,175,121,255+1","[[2852, 0], [2852, 0], [2852, 0], [2852, 0], [2852, 0], [2852, 0], [2852, 0], [2852, 0], [2852, 0], [2852, 0], [2852, 0], [2852, 0], [2852, 0], [2852, 0], [2852, 0], [2852, 0], [2852, 0], [2852, 0], [2852, 0], [2852, 0], [2852, 0], [2852, 0], [2852, 0], [2852, 0], [2852, 0], [2852, 0], [2852, 0], [2852, 0], [2852, 0], [2852, 0], [2852, 0], [2852, 0], [2852, 0], [2852, 0], [2852, 0], [2852, 0], [2852, 0], [2852, 0], [2852, 0], [2852, 0], [2852, 0], [2852, 0], [2852, 0], [2852, 0]]",1
"7.12-140,52,1,175,121,255+2","[[2375, 4], [2376, 1], [2456, 0], [2456, 1], [2536, 4], [2537, 0], [2537, 1], [2617, 4], [2618, 0], [2618, 1], [2698, 0], [2698, 4], [2699, 1], [2779, 0], [2779, 1], [2859, 1], [2939, 0], [2939, 1], [3019, 3], [3018, 0], [3018, 3], [3017, 1], [3097, 0], [3097, 4], [3098, 1], [3178, 4], [3179, 0], [3179, 4], [3180, 1], [3260, 4], [3261, 1], [3341, 0], [3341, 4], [3342, 4], [3343, 4], [3344, 0], [3344, 4], [3345, 4], [3346, 4], [3347, 0], [3347, 4], [3348, 0], [3348, 4], [3349, 1], [3429, 0], [3429, 1], [3509, 1], [3589, 0], [3589, 1], [3669, 1], [3749, 0], [3749, 3], [3748, 1], [3828, 0], [3828, 3], [3827, 0], [3827, 1], [3907, 1], [3987, 0], [3987, 1], [4067, 3], [4066, 0], [4066, 3], [4065, 2], [3985, 0], [3985, 3], [3984, 0], [3984, 1], [4064, 0], [4064, 3], [4063, 0], [4063, 1], [4143, 0], [4143, 1], [4223, 3]]",1
"7.12-140,52,1,175,121,255+11","[[3890, 4], [3891, 2], [3811, 0], [3811, 4], [3812, 4], [3813, 2], [3733, 0], [3733, 4], [3734, 0], [3734, 4], [3735, 2], [3655, 0], [3655, 2], [3575, 4], [3576, 0], [3576, 2], [3496, 4], [3497, 0], [3497, 2], [3417, 0], [3417, 2], [3337, 2], [3257, 4], [3258, 0], [3258, 4], [3259, 2], [3179, 0], [3179, 3], [3178, 3], [3177, 2], [3097, 0], [3097, 2], [3017, 4], [3018, 0], [3018, 4], [3019, 2], [2939, 0], [2939, 2], [2859, 2], [2779, 0], [2779, 3], [2778, 2], [2698, 0], [2698, 2], [2618, 0], [2618, 2], [2538, 3], [2537, 0], [2537, 3], [2536, 2], [2456, 0], [2456, 3], [2455, 2]]",1
"7.12-140,52,1,175,121,255+14","[[3890, 4], [3891, 2], [3811, 0], [3811, 4], [3812, 2], [3732, 4], [3733, 0], [3733, 4], [3734, 0], [3734, 4], [3735, 2], [3655, 0], [3655, 4], [3656, 2], [3576, 0], [3576, 4], [3577, 2], [3497, 0], [3497, 2], [3417, 0], [3417, 2], [3337, 2], [3257, 4], [3258, 0], [3258, 4], [3259, 2], [3179, 0], [3179, 3], [3178, 2], [3098, 3], [3097, 0], [3097, 2], [3017, 4], [3018, 0], [3018, 2], [2938, 4], [2939, 0], [2939, 2], [2859, 2], [2779, 0], [2779, 2], [2699, 3], [2698, 0], [2698, 2], [2618, 0], [2618, 3], [2617, 2], [2537, 0], [2537, 2], [2457, 3], [2456, 0], [2456, 3], [2455, 2]]",1
"7.12-140,52,1,175,121,255+17","[[3890, 4], [3891, 2], [3811, 0], [3811, 4], [3812, 2], [3732, 4], [3733, 0], [3733, 4], [3734, 0], [3734, 4], [3735, 2], [3655, 0], [3655, 2], [3575, 4], [3576, 0], [3576, 4], [3577, 2], [3497, 0], [3497, 2], [3417, 0], [3417, 2], [3337, 2], [3257, 4], [3258, 0], [3258, 4], [3259, 2], [3179, 0], [3179, 3], [3178, 2], [3098, 3], [3097, 0], [3097, 2], [3017, 4], [3018, 0], [3018, 4], [3019, 2], [2939, 0], [2939, 2], [2859, 2], [2779, 0], [2779, 3], [2778, 2], [2698, 0], [2698, 2], [2618, 0], [2618, 3], [2617, 2], [2537, 0], [2537, 3], [2536, 2], [2456, 0], [2456, 2], [2376, 3]]",1
"7.12-140,52,1,175,121,255+20","[[3890, 4], [3891, 2], [3811, 0], [3811, 4], [3812, 2], [3732, 4], [3733, 0], [3733, 4], [3734, 0], [3734, 4], [3735, 2], [3655, 0], [3655, 2], [3575, 4], [3576, 0], [3576, 2], [3496, 4], [3497, 0], [3497, 2], [3417, 0], [3417, 2], [3337, 2], [3257, 4], [3258, 0], [3258, 2], [3178, 4], [3179, 0], [3179, 3], [3178, 3], [3177, 2], [3097, 0], [3097, 4], [3098, 2], [3018, 0], [3018, 4], [3019, 2], [2939, 0], [2939, 2], [2859, 2], [2779, 0], [2779, 3], [2778, 2], [2698, 0], [2698, 2], [2618, 0], [2618, 3], [2617, 2], [2537, 0], [2537, 3], [2536, 2], [2456, 0], [2456, 2], [2376, 3]]",1
"7.12-140,52,1,175,121,255+23","[[3890, 2], [3810, 4], [3811, 0], [3811, 4], [3812, 2], [3732, 4], [3733, 0], [3733, 4], [3734, 0], [3734, 2], [3654, 4], [3655, 0], [3655, 4], [3656, 2], [3576, 0], [3576, 2], [3496, 4], [3497, 0], [3497, 2], [3417, 0], [3417, 2], [3337, 2], [3257, 4], [3258, 0], [3258, 4], [3259, 2], [3179, 0], [3179, 3], [3178, 2], [3098, 3]]",1
"7.12-140,52,1,175,121,255+24","[[3097, 2], [3017, 3], [3016, 3], [3015, 2], [2935, 3], [2934, 0], [2934, 3], [2933, 2], [2853, 3], [2852, 0], [2852, 3], [2851, 2], [2771, 2], [2691, 3], [2690, 0], [2690, 3], [2689, 2], [2609, 3], [2608, 0], [2608, 2], [2528, 3], [2527, 0], [2527, 3], [2526, 2], [2446, 0], [2446, 3], [2445, 2], [2365, 3], [2364, 0], [2364, 2], [2284, 3], [2283, 3], [2282, 2], [2202, 0], [2202, 2], [2122, 3], [2121, 3], [2120, 2], [2040, 3], [2039, 0], [2039, 3]]",1
"7.12-140,52,1,175,121,255+25","[[2038, 0], [2038, 0], [2038, 0], [2038, 0], [2038, 0], [2038, 0], [2038, 0], [2038, 0], [2038, 0], [2038, 0], [2038, 0], [2038, 0], [2038, 0], [2038, 0], [2038, 0], [2038, 0], [2038, 0], [2038, 0], [2038, 0], [2038, 0], [2038, 0], [2038, 0], [2038, 0], [2038, 0], [2038, 0], [2038, 0], [2038, 0], [2038, 0], [2038, 0], [2038, 0], [2038, 0], [2038, 0], [2038, 0], [2038, 0], [2038, 0], [2038, 0], [2038, 0], [2038, 0], [2038, 0], [2038, 0], [2038, 0], [2038, 0], [2038, 0], [2038, 0], [2038, 0], [2038, 0], [2038, 0], [2038, 0], [2038, 0], [2038, 0], [2038, 0], [2038, 0], [2038, 0], [2038, 0], [2038, 0], [2038, 0], [2038, 0], [2038, 0], [2038, 0], [2038, 0], [2038, 0], [2038, 0], [2038, 0], [2038, 0], [2038, 0], [2038, 0], [2038, 0], [2038, 0], [2038, 0], [2038, 2], [1958, 3], [1957, 2], [1877, 0], [1877, 3], [1876, 3], [1875, 2], [1795, 3], [1794, 0], [1794, 3], [1793, 2], [1713, 3], [1712, 3], [1711, 2], [1631, 0], [1631, 3], [1630, 2], [1550, 3], [1549, 3], [1548, 0], [1548, 3], [1547, 3], [1546, 2], [1466, 0], [1466, 2], [1386, 3], [1385, 3], [1384, 2], [1304, 3], [1303, 0], [1303, 3], [1302, 3], [1301, 2], [1221, 3], [1220, 3], [1219, 0], [1219, 3], [1218, 2], [1138, 3], [1137, 0], [1137, 3], [1136, 2], [1056, 3], [1055, 0], [1055, 3], [1054, 2], [974, 3], [973, 3], [972, 2], [892, 0], [892, 3], [891, 3], [890, 0], [890, 2], [810, 3], [809, 2], [729, 0], [729, 2], [649, 3], [648, 0], [648, 2], [568, 3], [567, 0], [567, 2], [487, 3], [486, 3], [485, 3], [484, 2], [404, 0], [404, 2], [324, 3], [323, 2], [243, 3]]",1
"7.12-140,52,1,175,121,255+26","[[242, 4], [243, 1], [323, 4], [324, 1], [404, 0], [404, 4], [405, 1], [485, 4], [486, 4], [487, 1], [567, 0], [567, 1], [647, 4], [648, 0], [648, 4], [649, 1], [729, 0], [729, 1], [809, 1], [889, 4], [890, 0], [890, 4], [891, 4], [892, 0], [892, 1], [972, 4], [973, 4], [974, 1], [1054, 4], [1055, 0], [1055, 4], [1056, 1], [1136, 4], [1137, 0], [1137, 4], [1138, 4], [1139, 1], [1219, 0], [1219, 4], [1220, 4], [1221, 4], [1222, 1], [1302, 4], [1303, 0], [1303, 4], [1304, 1], [1384, 4], [1385, 4], [1386, 1], [1466, 0], [1466, 4], [1467, 1], [1547, 4], [1548, 0], [1548, 4], [1549, 1], [1629, 4], [1630, 4], [1631, 0], [1631, 4], [1632, 1], [1712, 4], [1713, 4], [1714, 1], [1794, 0], [1794, 4], [1795, 4], [1796, 1], [1876, 4], [1877, 0], [1877, 1], [1957, 1], [2037, 4]]",1
"7.12-140,52,1,175,121,255+27","[[2038, 4], [2039, 0], [2039, 4], [2040, 1], [2120, 4], [2121, 1], [2201, 4], [2202, 0], [2202, 1], [2282, 4], [2283, 4], [2284, 1], [2364, 0], [2364, 4], [2365, 1], [2445, 4], [2446, 0], [2446, 4], [2447, 1], [2527, 0], [2527, 1], [2607, 4], [2608, 0], [2608, 4], [2609, 1], [2689, 4], [2690, 0], [2690, 4], [2691, 1], [2771, 4], [2772, 1], [2852, 0], [2852, 4], [2853, 1], [2933, 4], [2934, 0], [2934, 4], [2935, 1], [3015, 4], [3016, 1], [3096, 4], [3097, 0], [3097, 4], [3098, 1], [3178, 4], [3179, 0], [3179, 1], [3259, 4], [3260, 1], [3340, 4], [3341, 0], [3341, 4], [3342, 4], [3343, 4]]",1
"7.12-140,52,1,175,121,255+28","[[3344, 4], [3345, 4], [3346, 4], [3347, 0], [3347, 4], [3348, 0], [3348, 4], [3349, 1], [3429, 0], [3429, 4], [3430, 4], [3431, 4], [3432, 0], [3432, 4], [3433, 4], [3434, 4]]",1
"7.12-140,52,1,175,121,255+29","[[3435, 4], [3436, 4], [3437, 0], [3437, 4], [3438, 1], [3518, 4]]",1
"7.12-140,52,1,175,121,255+30","[[3519, 3], [3518, 2], [3438, 3], [3437, 0], [3437, 3], [3436, 3], [3435, 0], [3435, 3], [3434, 3], [3433, 3], [3432, 0], [3432, 3], [3431, 3], [3430, 3], [3429, 0], [3429, 2], [3349, 3], [3348, 0], [3348, 3], [3347, 0], [3347, 3], [3346, 3], [3345, 3], [3344, 0], [3344, 3], [3343, 3], [3342, 3], [3341, 0], [3341, 3], [3340, 2], [3260, 3], [3259, 2], [3179, 0], [3179, 3], [3178, 2], [3098, 3], [3097, 0], [3097, 2], [3017, 3], [3016, 3], [3015, 3], [3014, 2], [2934, 0], [2934, 3], [2933, 3], [2932, 2], [2852, 0], [2852, 2], [2772, 3], [2771, 2], [2691, 3], [2690, 0], [2690, 3], [2689, 2], [2609, 3], [2608, 0], [2608, 2], [2528, 3], [2527, 0], [2527, 3], [2526, 2], [2446, 0], [2446, 3], [2445, 3], [2444, 2], [2364, 0], [2364, 2], [2284, 3], [2283, 2], [2203, 3], [2202, 0], [2202, 2], [2122, 3], [2121, 3], [2120, 2], [2040, 3], [2039, 0], [2039, 3], [2038, 0], [2038, 2], [1958, 4], [1959, 2], [1879, 0], [1879, 4], [1880, 2], [1800, 0], [1800, 2], [1720, 4], [1721, 2]]",1
"7.12-108,177,88,58,181,202+1","[[3344, 3], [3343, 3], [3342, 3], [3341, 0], [3341, 2], [3261, 3], [3260, 2], [3180, 3], [3179, 0], [3179, 3], [3178, 3], [3177, 2]]",1
"7.12-108,177,88,58,181,202+2","[[3097, 4], [3098, 1], [3178, 4], [3179, 0], [3179, 3], [3178, 1], [3258, 0], [3258, 1], [3338, 1], [3418, 3], [3417, 0], [3417, 1], [3497, 0], [3497, 3], [3496, 1], [3576, 0], [3576, 1], [3656, 3], [3655, 0], [3655, 3], [3654, 1], [3734, 0], [3734, 3], [3733, 0], [3733, 3], [3732, 1], [3812, 3], [3811, 0], [3811, 3], [3810, 1]]",1
"7.12-108,177,88,58,181,202+3","[[3890, 4], [3891, 2], [3811, 0], [3811, 4], [3812, 2], [3732, 4], [3733, 0], [3733, 4], [3734, 0], [3734, 4], [3735, 2], [3655, 0], [3655, 2], [3575, 4], [3576, 0], [3576, 4], [3577, 2], [3497, 0], [3497, 2], [3417, 0], [3417, 2], [3337, 4], [3338, 2], [3258, 0], [3258, 2], [3178, 4], [3179, 0], [3179, 3], [3178, 3], [3177, 2]]",1
"7.12-108,177,88,58,181,202+4","[[3097, 4], [3098, 1], [3178, 4], [3179, 0], [3179, 1], [3259, 3], [3258, 0], [3258, 1], [3338, 1], [3418, 3], [3417, 0], [3417, 1], [3497, 0], [3497, 3], [3496, 1], [3576, 0], [3576, 3], [3575, 1], [3655, 0], [3655, 3], [3654, 1], [3734, 0], [3734, 3], [3733, 0], [3733, 3], [3732, 3], [3731, 1], [3811, 0], [3811, 1], [3891, 3]]",1
"7.12-108,177,88,58,181,202+5","[[3890, 2], [3810, 4], [3811, 0], [3811, 4], [3812, 4], [3813, 2], [3733, 0], [3733, 4], [3734, 0], [3734, 2], [3654, 4], [3655, 0], [3655, 2], [3575, 4], [3576, 0], [3576, 2], [3496, 4], [3497, 0], [3497, 2], [3417, 0], [3417, 2], [3337, 4], [3338, 2], [3258, 0], [3258, 4], [3259, 2], [3179, 0], [3179, 3], [3178, 3], [3177, 2], [3097, 0], [3097, 2], [3017, 4], [3018, 0], [3018, 2], [2938, 4], [2939, 0], [2939, 2], [2859, 2], [2779, 0], [2779, 2], [2699, 3], [2698, 0], [2698, 2], [2618, 0], [2618, 3], [2617, 2], [2537, 0], [2537, 3], [2536, 2], [2456, 0], [2456, 3], [2455, 2]]",1
"7.12-108,177,88,58,181,202+6","[[2375, 0], [2375, 0], [2375, 0], [2375, 0], [2375, 0], [2375, 0], [2375, 2], [2295, 3], [2294, 0], [2294, 3], [2293, 0], [2293, 3], [2292, 0], [2292, 3], [2291, 0], [2291, 3], [2290, 3], [2289, 2], [2209, 0], [2209, 2], [2129, 3], [2128, 0], [2128, 2], [2048, 0], [2048, 3], [2047, 3], [2046, 0], [2046, 2], [1966, 3], [1965, 3], [1964, 2], [1884, 0], [1884, 3], [1883, 3], [1882, 0], [1882, 3], [1881, 2], [1801, 3], [1800, 0], [1800, 2], [1720, 2], [1640, 4]]",1
"7.12-108,177,88,58,181,202+7","[[1641, 1], [1721, 1], [1801, 3], [1800, 0], [1800, 3], [1799, 1], [1879, 0], [1879, 1], [1959, 1], [2039, 3], [2038, 0], [2038, 4], [2039, 0], [2039, 1], [2119, 4], [2120, 4], [2121, 4], [2122, 1], [2202, 0], [2202, 4], [2203, 1], [2283, 4], [2284, 1], [2364, 0], [2364, 4], [2365, 1], [2445, 4], [2446, 0], [2446, 4], [2447, 1], [2527, 0], [2527, 4], [2528, 1], [2608, 0], [2608, 4], [2609, 1], [2689, 4], [2690, 0], [2690, 4], [2691, 1], [2771, 4], [2772, 1], [2852, 0], [2852, 4], [2853, 4], [2854, 1], [2934, 0], [2934, 4], [2935, 1], [3015, 4], [3016, 4], [3017, 1], [3097, 0], [3097, 4], [3098, 1], [3178, 4], [3179, 0], [3179, 3], [3178, 1], [3258, 0], [3258, 1], [3338, 3], [3337, 1], [3417, 0], [3417, 1], [3497, 0], [3497, 3], [3496, 1], [3576, 0], [3576, 1], [3656, 3], [3655, 0], [3655, 1], [3735, 3], [3734, 0], [3734, 3], [3733, 0], [3733, 3], [3732, 3], [3731, 1], [3811, 0], [3811, 1], [3891, 3]]",1
"7.12-108,177,88,58,181,202+8","[[3890, 4], [3891, 2], [3811, 0], [3811, 4], [3812, 4], [3813, 2], [3733, 0], [3733, 4], [3734, 0], [3734, 4], [3735, 2], [3655, 0], [3655, 2], [3575, 4], [3576, 0], [3576, 4], [3577, 2], [3497, 0], [3497, 2], [3417, 0], [3417, 2], [3337, 2], [3257, 4], [3258, 0], [3258, 4], [3259, 2], [3179, 0], [3179, 3], [3178, 2], [3098, 3], [3097, 0], [3097, 2], [3017, 3], [3016, 3], [3015, 2], [2935, 3], [2934, 0], [2934, 3], [2933, 3], [2932, 2], [2852, 0], [2852, 3], [2851, 2], [2771, 3], [2770, 2], [2690, 0], [2690, 3], [2689, 3], [2688, 2], [2608, 0], [2608, 2], [2528, 3], [2527, 0], [2527, 2], [2447, 3], [2446, 0], [2446, 3], [2445, 3], [2444, 2], [2364, 0], [2364, 3], [2363, 2], [2283, 3], [2282, 2], [2202, 0], [2202, 2], [2122, 3], [2121, 3], [2120, 2], [2040, 3], [2039, 0], [2039, 3], [2038, 0], [2038, 2], [1958, 2], [1878, 4], [1879, 0], [1879, 4], [1880, 2], [1800, 0], [1800, 2], [1720, 2], [1640, 4]]",1
"7.12-108,177,88,58,181,202+9","[[1641, 1], [1721, 1], [1801, 3], [1800, 0], [1800, 3], [1799, 1], [1879, 0], [1879, 1], [1959, 3], [1958, 1], [2038, 0], [2038, 4], [2039, 0], [2039, 4], [2040, 1], [2120, 4], [2121, 1], [2201, 4], [2202, 0], [2202, 1], [2282, 4], [2283, 1], [2363, 4], [2364, 0], [2364, 4], [2365, 4], [2366, 1], [2446, 0], [2446, 4], [2447, 1], [2527, 0], [2527, 4], [2528, 1], [2608, 0], [2608, 4], [2609, 1], [2689, 4], [2690, 0], [2690, 4], [2691, 1], [2771, 1], [2851, 4], [2852, 0], [2852, 4], [2853, 1], [2933, 4], [2934, 0], [2934, 1], [3014, 4], [3015, 4], [3016, 4], [3017, 1]]",1
"7.12-108,177,88,58,181,202+10","[[3097, 4], [3098, 1], [3178, 4], [3179, 0], [3179, 1], [3259, 4], [3260, 4], [3261, 1], [3341, 0], [3341, 4], [3342, 4], [3343, 4]]",1
"7.12-108,177,88,58,181,202+11","[[3344, 3], [3343, 3], [3342, 3], [3341, 0], [3341, 2], [3261, 3], [3260, 2], [3180, 3], [3179, 0], [3179, 3], [3178, 3], [3177, 2], [3097, 0], [3097, 2], [3017, 3], [3016, 3], [3015, 2], [2935, 3], [2934, 0], [2934, 3], [2933, 2], [2853, 3], [2852, 0], [2852, 3], [2851, 2], [2771, 2], [2691, 3], [2690, 0], [2690, 3], [2689, 3], [2688, 2], [2608, 0], [2608, 2], [2528, 3], [2527, 0], [2527, 2], [2447, 3], [2446, 0], [2446, 3], [2445, 2], [2365, 3], [2364, 0], [2364, 3], [2363, 2], [2283, 3], [2282, 2], [2202, 0], [2202, 2], [2122, 3], [2121, 3], [2120, 3], [2119, 2], [2039, 0], [2039, 3], [2038, 0], [2038, 2], [1958, 2], [1878, 4], [1879, 0], [1879, 2], [1799, 4], [1800, 0], [1800, 2], [1720, 4], [1721, 2]]",1
"7.12-108,177,88,58,181,202+12","[[1641, 1], [1721, 3], [1720, 1], [1800, 0], [1800, 3], [1799, 1], [1879, 0], [1879, 1], [1959, 3], [1958, 1], [2038, 0], [2038, 4], [2039, 0], [2039, 4], [2040, 1], [2120, 4], [2121, 4], [2122, 1], [2202, 0], [2202, 4], [2203, 1], [2283, 4], [2284, 1], [2364, 0], [2364, 4], [2365, 1], [2445, 4], [2446, 0], [2446, 4], [2447, 1], [2527, 0], [2527, 1], [2607, 4], [2608, 0], [2608, 4], [2609, 4], [2610, 1], [2690, 0], [2690, 4], [2691, 1], [2771, 1], [2851, 4], [2852, 0], [2852, 4], [2853, 4], [2854, 1], [2934, 0], [2934, 4], [2935, 1], [3015, 4], [3016, 4], [3017, 1], [3097, 0], [3097, 4], [3098, 4], [3099, 1], [3179, 0], [3179, 1], [3259, 4], [3260, 4], [3261, 1], [3341, 0], [3341, 4], [3342, 4], [3343, 4]]",1
"7.12-108,177,88,58,181,202+13","[[3344, 3], [3343, 3], [3342, 3], [3341, 0], [3341, 3], [3340, 2], [3260, 2], [3180, 3], [3179, 0], [3179, 3], [3178, 2], [3098, 3], [3097, 0], [3097, 2], [3017, 3], [3016, 3], [3015, 3], [3014, 2], [2934, 0], [2934, 3], [2933, 2], [2853, 3], [2852, 0], [2852, 2], [2772, 3], [2771, 2], [2691, 3], [2690, 0], [2690, 3], [2689, 3], [2688, 2], [2608, 0], [2608, 2], [2528, 3], [2527, 0], [2527, 2], [2447, 3], [2446, 0], [2446, 3], [2445, 2], [2365, 3], [2364, 0], [2364, 3], [2363, 2], [2283, 2], [2203, 3], [2202, 0], [2202, 2], [2122, 3], [2121, 3], [2120, 3], [2119, 2], [2039, 0], [2039, 3], [2038, 0], [2038, 2], [1958, 2], [1878, 4], [1879, 0], [1879, 2], [1799, 4], [1800, 0], [1800, 2], [1720, 2], [1640, 4]]",1
"7.12-164,201,57,205,13,69+1","[[3097, 4], [3098, 2], [3018, 0], [3018, 4], [3019, 2], [2939, 0], [2939, 2], [2859, 2], [2779, 0], [2779, 2], [2699, 3], [2698, 0], [2698, 2], [2618, 0], [2618, 3], [2617, 2], [2537, 0], [2537, 3], [2536, 2], [2456, 0], [2456, 3], [2455, 2]]",1
"7.12-164,201,57,205,13,69+2","[[2375, 1], [2455, 4], [2456, 0], [2456, 1], [2536, 4], [2537, 0], [2537, 4], [2538, 1], [2618, 0], [2618, 1], [2698, 0], [2698, 1], [2778, 4], [2779, 0], [2779, 1], [2859, 1], [2939, 0], [2939, 3], [2938, 1], [3018, 0], [3018, 3], [3017, 1], [3097, 0], [3097, 4], [3098, 4], [3099, 1], [3179, 0], [3179, 1], [3259, 3], [3258, 0], [3258, 1], [3338, 1], [3418, 3], [3417, 0], [3417, 1], [3497, 0], [3497, 1], [3577, 3], [3576, 0], [3576, 3], [3575, 1], [3655, 0], [3655, 1], [3735, 3], [3734, 0], [3734, 3], [3733, 0], [3733, 3], [3732, 1], [3812, 3], [3811, 0], [3811, 1], [3891, 3]]",1
"7.12-164,201,57,205,13,69+3","[[3890, 0], [3890, 0], [3890, 0], [3890, 0], [3890, 0], [3890, 0], [3890, 0], [3890, 0], [3890, 0], [3890, 0], [3890, 0], [3890, 0], [3890, 0], [3890, 0], [3890, 0], [3890, 0], [3890, 0], [3890, 0], [3890, 0], [3890, 0], [3890, 0], [3890, 0], [3890, 0], [3890, 0], [3890, 0], [3890, 0], [3890, 0], [3890, 0], [3890, 0], [3890, 0], [3890, 0], [3890, 0], [3890, 0], [3890, 0], [3890, 0], [3890, 0], [3890, 0], [3890, 0], [3890, 0], [3890, 0], [3890, 0], [3890, 0], [3890, 0], [3890, 0], [3890, 0], [3890, 0], [3890, 0], [3890, 0], [3890, 0], [3890, 0], [3890, 0], [3890, 0], [3890, 0], [3890, 0], [3890, 0], [3890, 0], [3890, 0], [3890, 0], [3890, 0], [3890, 0], [3890, 0], [3890, 0], [3890, 0], [3890, 0], [3890, 0], [3890, 0], [3890, 0], [3890, 0], [3890, 0], [3890, 0], [3890, 0], [3890, 0], [3890, 0], [3890, 0], [3890, 0], [3890, 0], [3890, 0], [3890, 4], [3891, 2], [3811, 0], [3811, 4], [3812, 4], [3813, 2], [3733, 0], [3733, 4], [3734, 0], [3734, 2], [3654, 4], [3655, 0], [3655, 2], [3575, 4], [3576, 0], [3576, 4], [3577, 2], [3497, 0], [3497, 2], [3417, 0], [3417, 2], [3337, 4], [3338, 2], [3258, 0], [3258, 2], [3178, 4], [3179, 0], [3179, 1], [3259, 4], [3260, 4], [3261, 1], [3341, 0], [3341, 4], [3342, 4], [3343, 4], [3344, 0], [3344, 4], [3345, 4], [3346, 4], [3347, 0], [3347, 4], [3348, 0], [3348, 1], [3428, 4], [3429, 0], [3429, 4], [3430, 4], [3431, 4], [3432, 0], [3432, 4], [3433, 4], [3434, 4]]",1
"7.12-164,201,57,205,13,69+4","[[3435, 3], [3434, 3], [3433, 3], [3432, 0], [3432, 3], [3431, 3], [3430, 3], [3429, 0], [3429, 2], [3349, 3], [3348, 0], [3348, 3], [3347, 0], [3347, 3], [3346, 3], [3345, 3]]",1
"7.12-164,4,80,213,195,23+1","[[2527, 2], [2447, 3], [2446, 0], [2446, 3], [2445, 3], [2444, 2], [2364, 0], [2364, 2], [2284, 3], [2283, 2], [2203, 3], [2202, 0], [2202, 2], [2122, 3], [2121, 3], [2120, 2], [2040, 3], [2039, 0], [2039, 3], [2038, 0], [2038, 2], [1958, 2], [1878, 4], [1879, 0], [1879, 4], [1880, 2], [1800, 0], [1800, 2], [1720, 2], [1640, 4]]",1
"7.12-164,4,80,213,195,23+2","[[1641, 1], [1721, 3], [1720, 1], [1800, 0], [1800, 3], [1799, 1], [1879, 0], [1879, 1], [1959, 1], [2039, 3], [2038, 0], [2038, 4], [2039, 0], [2039, 4], [2040, 1], [2120, 4], [2121, 1], [2201, 4], [2202, 0], [2202, 4], [2203, 1], [2283, 1], [2363, 4], [2364, 0], [2364, 4], [2365, 1], [2445, 4], [2446, 0], [2446, 4], [2447, 1]]",1
"7.12-164,4,80,213,195,23+3","[[2527, 2], [2447, 3], [2446, 0], [2446, 3], [2445, 2], [2365, 3], [2364, 0], [2364, 2], [2284, 3], [2283, 3], [2282, 2], [2202, 0], [2202, 3], [2201, 2], [2121, 3], [2120, 3], [2119, 2], [2039, 0], [2039, 3]]",1
"7.12-164,4,80,213,195,23+4","[[2038, 2], [1958, 4], [1959, 2], [1879, 0], [1879, 4], [1880, 2], [1800, 0], [1800, 2], [1720, 2], [1640, 4]]",1
"7.12-164,4,80,213,195,23+5","[[1641, 1], [1721, 3], [1720, 1], [1800, 0], [1800, 1], [1880, 3], [1879, 0], [1879, 1], [1959, 3], [1958, 1], [2038, 0], [2038, 4], [2039, 0], [2039, 1], [2119, 4], [2120, 4], [2121, 1], [2201, 4], [2202, 0], [2202, 1], [2282, 4], [2283, 1], [2363, 4], [2364, 0], [2364, 4], [2365, 4], [2366, 1], [2446, 0], [2446, 1], [2526, 4]]",1
"7.12-164,4,80,213,195,23+6","[[2527, 3], [2526, 2], [2446, 0], [2446, 3], [2445, 2], [2365, 3], [2364, 0], [2364, 2], [2284, 3], [2283, 3], [2282, 2], [2202, 0], [2202, 2], [2122, 3], [2121, 3], [2120, 2], [2040, 3], [2039, 0], [2039, 3]]",1
"7.12-164,4,80,213,195,23+7","[[2038, 4], [2039, 0], [2039, 1], [2119, 4], [2120, 4], [2121, 4], [2122, 1], [2202, 0], [2202, 1], [2282, 4], [2283, 1], [2363, 4], [2364, 0], [2364, 4], [2365, 1], [2445, 4], [2446, 0], [2446, 1], [2526, 4], [2527, 0], [2527, 1], [2607, 1], [2687, 3], [2686, 0], [2686, 1], [2766, 1], [2846, 0], [2846, 1], [2926, 0], [2926, 1], [3006, 4]]",1
"7.12-164,4,80,213,195,23+8","[[3007, 2], [2927, 3], [2926, 0], [2926, 2], [2846, 0], [2846, 2], [2766, 2], [2686, 0], [2686, 2], [2606, 2], [2526, 4], [2527, 0], [2527, 3], [2526, 2], [2446, 0], [2446, 3], [2445, 3], [2444, 2], [2364, 0], [2364, 2], [2284, 3], [2283, 2], [2203, 3], [2202, 0], [2202, 2], [2122, 3], [2121, 3], [2120, 3], [2119, 2], [2039, 0], [2039, 3]]",1
"7.12-164,4,80,213,195,23+9","[[2038, 4], [2039, 0], [2039, 1], [2119, 4], [2120, 4], [2121, 4], [2122, 1], [2202, 0], [2202, 4], [2203, 1], [2283, 4], [2284, 1], [2364, 0], [2364, 4], [2365, 4], [2366, 1], [2446, 0], [2446, 1], [2526, 4]]",1
"7.12-164,4,80,213,195,23+10","[[2527, 2], [2447, 3], [2446, 0], [2446, 3], [2445, 2], [2365, 3], [2364, 0], [2364, 2], [2284, 3], [2283, 2], [2203, 3], [2202, 0], [2202, 2], [2122, 3], [2121, 3], [2120, 3], [2119, 2], [2039, 0], [2039, 3]]",1
"7.12-164,4,80,213,195,23+11","[[2038, 0], [2038, 0], [2038, 0], [2038, 0], [2038, 2], [1958, 2], [1878, 4], [1879, 0], [1879, 2], [1799, 4], [1800, 0], [1800, 4], [1801, 4], [1802, 1], [1882, 0], [1882, 4], [1883, 4], [1884, 0], [1884, 4], [1885, 1], [1965, 1], [2045, 4], [2046, 0], [2046, 4], [2047, 4], [2048, 0], [2048, 1], [2128, 0], [2128, 1], [2208, 4], [2209, 0], [2209, 4], [2210, 1], [2290, 4], [2291, 0], [2291, 4], [2292, 0], [2292, 4], [2293, 0], [2293, 4], [2294, 0], [2294, 4], [2295, 1], [2375, 0]]",1
"7.12-164,4,80,213,195,23+12","[[2375, 0], [2375, 3], [2374, 2], [2294, 0], [2294, 3], [2293, 0], [2293, 3], [2292, 0], [2292, 3], [2291, 0], [2291, 3], [2290, 2], [2210, 3], [2209, 0], [2209, 2], [2129, 3], [2128, 0], [2128, 2], [2048, 0], [2048, 3], [2047, 3], [2046, 0], [2046, 3], [2045, 2], [1965, 2], [1885, 3], [1884, 0], [1884, 3], [1883, 3], [1882, 0], [1882, 3], [1881, 3], [1880, 2], [1800, 0], [1800, 1], [1880, 3], [1879, 0], [1879, 1], [1959, 3], [1958, 1]]",1
"7.12-164,4,80,213,195,23+13","[[2038, 0], [2038, 0], [2038, 0], [2038, 0], [2038, 0], [2038, 0], [2038, 0], [2038, 0], [2038, 0], [2038, 0], [2038, 0], [2038, 0], [2038, 0], [2038, 0], [2038, 0], [2038, 0], [2038, 0], [2038, 0], [2038, 0], [2038, 0], [2038, 0], [2038, 0], [2038, 0], [2038, 0], [2038, 0], [2038, 0], [2038, 0], [2038, 0], [2038, 0], [2038, 0], [2038, 0], [2038, 0], [2038, 0], [2038, 0], [2038, 0], [2038, 0], [2038, 0], [2038, 0], [2038, 0], [2038, 0], [2038, 0], [2038, 0], [2038, 0], [2038, 0], [2038, 0], [2038, 0], [2038, 0], [2038, 0], [2038, 0], [2038, 0], [2038, 0], [2038, 0], [2038, 0], [2038, 0], [2038, 0], [2038, 0], [2038, 0], [2038, 0], [2038, 0], [2038, 0], [2038, 0], [2038, 0], [2038, 0], [2038, 0], [2038, 0], [2038, 0], [2038, 0], [2038, 0], [2038, 0], [2038, 0], [2038, 0], [2038, 0], [2038, 2], [1958, 4], [1959, 2], [1879, 0], [1879, 4], [1880, 2], [1800, 0], [1800, 2], [1720, 4], [1721, 2]]",1
"7.12-164,4,80,213,195,23+14","[[1641, 1], [1721, 1], [1801, 3], [1800, 0], [1800, 1], [1880, 3], [1879, 0], [1879, 1], [1959, 3], [1958, 1]]",1
"7.12-164,4,80,213,195,23+15","[[2038, 2], [1958, 4], [1959, 2], [1879, 0], [1879, 4], [1880, 2], [1800, 0], [1800, 2], [1720, 4], [1721, 2]]",1
"7.12-164,4,80,213,195,23+16","[[1641, 1], [1721, 3], [1720, 1], [1800, 0], [1800, 1], [1880, 3], [1879, 0], [1879, 1], [1959, 1], [2039, 3], [2038, 0], [2038, 4], [2039, 0], [2039, 4], [2040, 1], [2120, 4], [2121, 1], [2201, 4], [2202, 0], [2202, 4], [2203, 1], [2283, 4], [2284, 1], [2364, 0], [2364, 4], [2365, 1], [2445, 4], [2446, 0], [2446, 1], [2526, 4]]",1
"7.12-176,223,193,193,47,17+1","[[3890, 4], [3891, 2], [3811, 0], [3811, 4], [3812, 2], [3732, 4], [3733, 0], [3733, 4], [3734, 0], [3734, 4], [3735, 2], [3655, 0], [3655, 2], [3575, 4], [3576, 0], [3576, 2], [3496, 4], [3497, 0], [3497, 2], [3417, 0], [3417, 2], [3337, 4], [3338, 2], [3258, 0], [3258, 2], [3178, 4], [3179, 0], [3179, 3], [3178, 2], [3098, 3], [3097, 0], [3097, 2], [3017, 3], [3016, 3], [3015, 3], [3014, 2], [2934, 0], [2934, 3], [2933, 3], [2932, 2], [2852, 0], [2852, 2], [2772, 3], [2771, 3], [2770, 2], [2690, 0], [2690, 3], [2689, 2], [2609, 3], [2608, 0], [2608, 2], [2528, 3]]",1
"7.12-176,223,193,193,47,17+2","[[2527, 4], [2528, 1], [2608, 0], [2608, 4], [2609, 1], [2689, 4], [2690, 0], [2690, 1], [2770, 4], [2771, 1], [2851, 4], [2852, 0], [2852, 4], [2853, 1], [2933, 4], [2934, 0], [2934, 4], [2935, 1], [3015, 4], [3016, 1], [3096, 4]]",1
"7.12-176,223,193,193,47,17+3","[[3097, 4], [3098, 4], [3099, 1], [3179, 0], [3179, 4], [3180, 1], [3260, 4], [3261, 1], [3341, 0], [3341, 4], [3342, 4], [3343, 4]]",1
"7.12-176,223,193,193,47,17+4","[[3344, 3], [3343, 3], [3342, 3], [3341, 0], [3341, 2], [3261, 3], [3260, 3], [3259, 2], [3179, 0], [3179, 1], [3259, 3], [3258, 0], [3258, 1], [3338, 3], [3337, 1], [3417, 0], [3417, 1], [3497, 0], [3497, 3], [3496, 1], [3576, 0], [3576, 1], [3656, 3], [3655, 0], [3655, 1], [3735, 3], [3734, 0], [3734, 3], [3733, 0], [3733, 3], [3732, 3], [3731, 1], [3811, 0], [3811, 1], [3891, 3]]",1
"7.12-176,223,193,193,47,17+5","[[3890, 4], [3891, 2], [3811, 0], [3811, 4], [3812, 4], [3813, 2], [3733, 0], [3733, 4], [3734, 0], [3734, 4], [3735, 2], [3655, 0], [3655, 2], [3575, 4], [3576, 0], [3576, 4], [3577, 2], [3497, 0], [3497, 2], [3417, 0], [3417, 2], [3337, 2], [3257, 4], [3258, 0], [3258, 4], [3259, 2], [3179, 0], [3179, 3], [3178, 3], [3177, 2]]",1
"7.12-176,223,193,193,47,17+6","[[3097, 4], [3098, 4], [3099, 1], [3179, 0], [3179, 1], [3259, 4], [3260, 4], [3261, 1], [3341, 0], [3341, 4], [3342, 4], [3343, 4], [3344, 0], [3344, 4], [3345, 4], [3346, 4], [3347, 0], [3347, 4], [3348, 0], [3348, 4], [3349, 1], [3429, 0], [3429, 4], [3430, 4], [3431, 4], [3432, 0], [3432, 4], [3433, 4], [3434, 4]]",1
"7.12-176,223,193,193,47,17+7","[[3435, 3], [3434, 3], [3433, 3], [3432, 0], [3432, 3], [3431, 3], [3430, 3], [3429, 0], [3429, 2], [3349, 3], [3348, 0], [3348, 3], [3347, 0], [3347, 3], [3346, 3], [3345, 3]]",1
"7.12-176,223,193,193,47,17+8","[[3344, 3], [3343, 3], [3342, 3], [3341, 0], [3341, 3], [3340, 2], [3260, 3], [3259, 2], [3179, 0], [3179, 3], [3178, 2], [3098, 3]]",1
"7.12-176,223,193,193,47,17+9","[[3097, 0], [3097, 0], [3097, 0], [3097, 0], [3097, 0], [3097, 4], [3098, 4], [3099, 1], [3179, 0], [3179, 1], [3259, 4], [3260, 4], [3261, 1], [3341, 0], [3341, 4], [3342, 4], [3343, 4], [3344, 0], [3344, 4], [3345, 4], [3346, 4], [3347, 0], [3347, 4], [3348, 0], [3348, 1], [3428, 4], [3429, 0], [3429, 4], [3430, 4], [3431, 4], [3432, 0], [3432, 4], [3433, 4], [3434, 4]]",1
"7.12-176,223,193,193,47,17+10","[[3435, 3], [3434, 3], [3433, 3], [3432, 0], [3432, 3], [3431, 3], [3430, 3], [3429, 0], [3429, 2], [3349, 3], [3348, 0], [3348, 3], [3347, 0], [3347, 3], [3346, 3], [3345, 3], [3344, 0], [3344, 3], [3343, 3], [3342, 3], [3341, 0], [3341, 3], [3340, 2], [3260, 2], [3180, 3], [3179, 0], [3179, 1], [3259, 3], [3258, 0], [3258, 1], [3338, 3], [3337, 1], [3417, 0], [3417, 1], [3497, 0], [3497, 3], [3496, 1], [3576, 0], [3576, 3], [3575, 1], [3655, 0], [3655, 1], [3735, 3], [3734, 0], [3734, 3], [3733, 0], [3733, 3], [3732, 1], [3812, 3], [3811, 0], [3811, 1], [3891, 3]]",1
"7.12-176,223,193,193,47,17+11","[[3890, 2], [3810, 4], [3811, 0], [3811, 4], [3812, 2], [3732, 4], [3733, 0], [3733, 4], [3734, 0], [3734, 2], [3654, 4], [3655, 0], [3655, 2], [3575, 4], [3576, 0], [3576, 2], [3496, 4], [3497, 0], [3497, 2], [3417, 0], [3417, 2], [3337, 4], [3338, 2], [3258, 0], [3258, 4], [3259, 2], [3179, 0], [3179, 1], [3259, 4], [3260, 1], [3340, 4], [3341, 0], [3341, 4], [3342, 4], [3343, 4], [3344, 0], [3344, 4], [3345, 4], [3346, 4], [3347, 0], [3347, 4], [3348, 0], [3348, 4], [3349, 1], [3429, 0], [3429, 4], [3430, 4], [3431, 4], [3432, 0], [3432, 4], [3433, 4], [3434, 4]]",1
"7.12-176,223,193,193,47,17+12","[[3435, 3], [3434, 3], [3433, 3], [3432, 0], [3432, 3], [3431, 3], [3430, 3], [3429, 0], [3429, 2], [3349, 3], [3348, 0], [3348, 3], [3347, 0], [3347, 3], [3346, 3], [3345, 3], [3344, 0], [3344, 3], [3343, 3], [3342, 3], [3341, 0], [3341, 2], [3261, 3], [3260, 2], [3180, 3], [3179, 0], [3179, 3], [3178, 3], [3177, 2]]",1
"7.12-176,223,193,193,47,17+13","[[3097, 3], [3096, 2], [3016, 3], [3015, 2], [2935, 3], [2934, 0], [2934, 3], [2933, 3], [2932, 2], [2852, 0], [2852, 2], [2772, 3], [2771, 3], [2770, 2], [2690, 0], [2690, 3], [2689, 2], [2609, 3], [2608, 0], [2608, 3], [2607, 2], [2527, 0], [2527, 2], [2447, 3], [2446, 0], [2446, 3], [2445, 3], [2444, 2], [2364, 0], [2364, 2], [2284, 3], [2283, 3], [2282, 2], [2202, 0], [2202, 3], [2201, 2], [2121, 3], [2120, 2], [2040, 3], [2039, 0], [2039, 3], [2038, 0], [2038, 2], [1958, 2], [1878, 4], [1879, 0], [1879, 4], [1880, 2], [1800, 0], [1800, 2], [1720, 2], [1640, 4]]",1
"7.12-176,223,193,193,47,17+14","[[1641, 1], [1721, 3], [1720, 1], [1800, 0], [1800, 1], [1880, 3], [1879, 0], [1879, 1], [1959, 1], [2039, 3], [2038, 0], [2038, 4], [2039, 0], [2039, 4], [2040, 1], [2120, 4], [2121, 4], [2122, 1], [2202, 0], [2202, 1], [2282, 4], [2283, 1], [2363, 4], [2364, 0], [2364, 4], [2365, 1], [2445, 4], [2446, 0], [2446, 4], [2447, 1], [2527, 0], [2527, 1], [2607, 4], [2608, 0], [2608, 4], [2609, 1], [2689, 4], [2690, 0], [2690, 4], [2691, 1], [2771, 4], [2772, 1], [2852, 0], [2852, 4], [2853, 4], [2854, 1], [2934, 0], [2934, 4], [2935, 1], [3015, 4], [3016, 1], [3096, 4], [3097, 0], [3097, 4], [3098, 4], [3099, 1], [3179, 0], [3179, 1], [3259, 4], [3260, 1], [3340, 4], [3341, 0], [3341, 4], [3342, 4], [3343, 4]]",1
"7.12-16,246,5,136,198,53+5","[[1641, 1], [1721, 1], [1801, 3], [1800, 0], [1800, 1], [1880, 3], [1879, 0], [1879, 1], [1959, 3], [1958, 1], [2038, 0], [2038, 4], [2039, 0], [2039, 1], [2119, 4], [2120, 4], [2121, 1], [2201, 4], [2202, 0], [2202, 1], [2282, 4], [2283, 1], [2363, 4], [2364, 0], [2364, 4], [2365, 4], [2366, 1], [2446, 0], [2446, 1], [2526, 4], [2527, 0], [2527, 4], [2528, 1], [2608, 0], [2608, 4], [2609, 1], [2689, 4], [2690, 0], [2690, 1], [2770, 4], [2771, 1], [2851, 4], [2852, 0], [2852, 4], [2853, 4], [2854, 1], [2934, 0], [2934, 1], [3014, 4], [3015, 4], [3016, 4], [3017, 1], [3097, 0], [3097, 4], [3098, 4], [3099, 1], [3179, 0], [3179, 4], [3180, 1], [3260, 1], [3340, 4], [3341, 0], [3341, 4], [3342, 4], [3343, 4], [3344, 0], [3344, 4], [3345, 4], [3346, 4], [3347, 0], [3347, 4], [3348, 0], [3348, 1], [3428, 4], [3429, 0], [3429, 1], [3509, 1], [3589, 0], [3589, 1], [3669, 1], [3749, 0], [3749, 1], [3829, 3], [3828, 0], [3828, 3], [3827, 0], [3827, 1], [3907, 1], [3987, 0], [3987, 1], [4067, 3], [4066, 0], [4066, 3], [4065, 2], [3985, 0], [3985, 3], [3984, 0], [3984, 1], [4064, 0], [4064, 3], [4063, 0], [4063, 1], [4143, 0], [4143, 1], [4223, 3]]",1
"7.12-16,246,5,136,198,53+6","[[4222, 2], [4142, 4], [4143, 0], [4143, 2], [4063, 0], [4063, 4], [4064, 0], [4064, 2], [3984, 0], [3984, 4], [3985, 0], [3985, 4], [3986, 1], [4066, 0], [4066, 4], [4067, 2], [3987, 0], [3987, 2], [3907, 2], [3827, 0], [3827, 4], [3828, 0], [3828, 2], [3748, 4], [3749, 0], [3749, 2], [3669, 2], [3589, 0], [3589, 2], [3509, 2], [3429, 0], [3429, 4], [3430, 4], [3431, 4], [3432, 0], [3432, 4], [3433, 4], [3434, 4]]",1
"7.12-208,110,152,171,43,95+1","[[3519, 3], [3518, 2], [3438, 3], [3437, 0], [3437, 3], [3436, 3], [3435, 0], [3435, 3], [3434, 3], [3433, 3], [3432, 0], [3432, 3], [3431, 3], [3430, 3], [3429, 0], [3429, 2], [3349, 3], [3348, 0], [3348, 3], [3347, 0], [3347, 3], [3346, 3], [3345, 3], [3344, 0], [3344, 3], [3343, 3], [3342, 3], [3341, 0], [3341, 2], [3261, 3], [3260, 3], [3259, 2], [3179, 0], [3179, 3], [3178, 3], [3177, 2]]",1
"7.12-208,110,152,171,43,95+2","[[3097, 4], [3098, 1], [3178, 4], [3179, 0], [3179, 4], [3180, 1], [3260, 4], [3261, 1], [3341, 0], [3341, 4], [3342, 4], [3343, 4], [3344, 0], [3344, 4], [3345, 4], [3346, 4], [3347, 0], [3347, 4], [3348, 0], [3348, 1], [3428, 4], [3429, 0], [3429, 4], [3430, 4], [3431, 4], [3432, 0], [3432, 4], [3433, 4], [3434, 4], [3435, 0], [3435, 4], [3436, 4], [3437, 0], [3437, 4], [3438, 4], [3439, 1]]",1
"7.12-208,110,152,171,43,95+3","[[3519, 3], [3518, 2], [3438, 3], [3437, 0], [3437, 3], [3436, 3]]",1
"7.12-208,110,152,171,43,95+4","[[3435, 3], [3434, 3], [3433, 3], [3432, 0], [3432, 3], [3431, 3], [3430, 3], [3429, 0], [3429, 2], [3349, 3], [3348, 0], [3348, 3], [3347, 0], [3347, 3], [3346, 3], [3345, 3]]",1
"7.12-208,110,152,171,43,95+5","[[3344, 3], [3343, 3], [3342, 3], [3341, 0], [3341, 3], [3340, 2], [3260, 3], [3259, 2], [3179, 0], [3179, 3], [3178, 3], [3177, 2], [3097, 0], [3097, 3], [3096, 2], [3016, 3], [3015, 2], [2935, 3], [2934, 0], [2934, 3], [2933, 2], [2853, 3], [2852, 0], [2852, 3], [2851, 2], [2771, 3], [2770, 2], [2690, 0], [2690, 3], [2689, 2], [2609, 3], [2608, 0], [2608, 3], [2607, 2], [2527, 0], [2527, 2], [2447, 3], [2446, 0], [2446, 3], [2445, 3], [2444, 2], [2364, 0], [2364, 2], [2284, 3], [2283, 2], [2203, 3], [2202, 0], [2202, 3], [2201, 2], [2121, 3], [2120, 2], [2040, 3], [2039, 0], [2039, 3]]",1
"7.12-208,110,152,171,43,95+6","[[2038, 2], [1958, 2], [1878, 4], [1879, 0], [1879, 4], [1880, 2], [1800, 0], [1800, 4], [1801, 4], [1802, 1], [1882, 0], [1882, 4], [1883, 4], [1884, 0], [1884, 1], [1964, 4], [1965, 4], [1966, 1], [2046, 0], [2046, 4], [2047, 4], [2048, 0], [2048, 1], [2128, 0], [2128, 1], [2208, 4], [2209, 0], [2209, 4], [2210, 4], [2211, 1], [2291, 0], [2291, 4], [2292, 0], [2292, 4], [2293, 0], [2293, 4], [2294, 0], [2294, 1], [2374, 4], [2375, 0]]",1
"7.12-208,110,152,171,43,95+7","[[2375, 0], [2375, 3], [2374, 2], [2294, 0], [2294, 3], [2293, 0], [2293, 3], [2292, 0], [2292, 3], [2291, 0], [2291, 3], [2290, 2], [2210, 3], [2209, 0], [2209, 3], [2208, 2], [2128, 0], [2128, 2], [2048, 0], [2048, 3], [2047, 3], [2046, 0], [2046, 3], [2045, 2], [1965, 2], [1885, 3], [1884, 0], [1884, 3], [1883, 3], [1882, 0], [1882, 3], [1881, 2], [1801, 3], [1800, 0], [1800, 3], [1799, 1], [1879, 0], [1879, 1], [1959, 1], [2039, 3]]",1
"7.12-208,110,152,171,43,95+8","[[2038, 2], [1958, 3], [1957, 2], [1877, 0], [1877, 3], [1876, 3], [1875, 2], [1795, 3], [1794, 0], [1794, 3], [1793, 2], [1713, 3], [1712, 2], [1632, 3], [1631, 0], [1631, 3], [1630, 3], [1629, 2], [1549, 3], [1548, 0], [1548, 3], [1547, 3], [1546, 2], [1466, 0], [1466, 2], [1386, 3], [1385, 3], [1384, 3], [1383, 2], [1303, 0], [1303, 3], [1302, 3], [1301, 2], [1221, 3], [1220, 3], [1219, 0], [1219, 3], [1218, 3], [1217, 2], [1137, 0], [1137, 3], [1136, 3], [1135, 2], [1055, 0], [1055, 3], [1054, 2], [974, 3], [973, 2], [893, 3], [892, 0], [892, 3], [891, 3], [890, 0], [890, 2], [810, 3], [809, 2], [729, 0], [729, 2], [649, 3], [648, 0], [648, 3], [647, 2], [567, 0], [567, 2], [487, 3], [486, 3], [485, 2], [405, 3], [404, 0], [404, 2], [324, 3], [323, 2], [243, 3]]",1
"7.12-208,110,152,171,43,95+9","[[242, 0], [242, 0], [242, 0], [242, 0], [242, 0], [242, 0], [242, 0], [242, 0], [242, 0], [242, 0], [242, 0], [242, 0], [242, 0], [242, 0], [242, 0], [242, 0], [242, 0], [242, 0], [242, 0], [242, 0], [242, 0], [242, 0], [242, 0], [242, 0], [242, 0], [242, 0], [242, 0], [242, 0], [242, 0], [242, 0], [242, 0], [242, 0], [242, 0], [242, 0], [242, 0], [242, 0], [242, 0], [242, 0], [242, 0], [242, 0], [242, 0], [242, 0], [242, 1], [322, 4], [323, 1], [403, 4], [404, 0], [404, 1], [484, 4], [485, 4], [486, 1], [566, 4], [567, 0], [567, 1], [647, 4], [648, 0], [648, 1], [728, 4], [729, 0], [729, 1], [809, 4], [810, 1], [890, 0], [890, 4], [891, 4], [892, 0], [892, 1], [972, 4], [973, 4], [974, 1], [1054, 4], [1055, 0], [1055, 4], [1056, 4], [1057, 1], [1137, 0], [1137, 4], [1138, 4], [1139, 1], [1219, 0], [1219, 4], [1220, 4], [1221, 4], [1222, 1], [1302, 4], [1303, 0], [1303, 4], [1304, 1], [1384, 4], [1385, 4], [1386, 1], [1466, 0], [1466, 4], [1467, 1], [1547, 4], [1548, 0], [1548, 4], [1549, 4], [1550, 1], [1630, 4], [1631, 0], [1631, 1], [1711, 4], [1712, 4], [1713, 1], [1793, 4], [1794, 0], [1794, 4], [1795, 1], [1875, 4], [1876, 4], [1877, 0], [1877, 1], [1957, 1], [2037, 4], [2038, 0], [2038, 4], [2039, 0], [2039, 1], [2119, 4], [2120, 4], [2121, 4], [2122, 1], [2202, 0], [2202, 4], [2203, 1], [2283, 4], [2284, 1], [2364, 0], [2364, 4], [2365, 4], [2366, 1], [2446, 0], [2446, 4], [2447, 1], [2527, 0], [2527, 4], [2528, 1], [2608, 0], [2608, 4], [2609, 4], [2610, 1], [2690, 0], [2690, 1], [2770, 4], [2771, 4], [2772, 1], [2852, 0], [2852, 4], [2853, 1], [2933, 4], [2934, 0], [2934, 4], [2935, 1], [3015, 4], [3016, 1], [3096, 4]]",1
"7.12-208,110,152,171,43,95+10","[[3097, 4], [3098, 1], [3178, 4], [3179, 0], [3179, 1], [3259, 4], [3260, 1], [3340, 4], [3341, 0], [3341, 4], [3342, 4], [3343, 4]]",1
"7.12-208,110,152,171,43,95+11","[[3344, 4], [3345, 4], [3346, 4], [3347, 0], [3347, 4], [3348, 0], [3348, 1], [3428, 4], [3429, 0], [3429, 4], [3430, 4], [3431, 4], [3432, 0], [3432, 4], [3433, 4], [3434, 4]]",1
"7.12-208,110,152,171,43,95+12","[[3435, 3], [3434, 3], [3433, 3], [3432, 0], [3432, 3], [3431, 3], [3430, 3], [3429, 0], [3429, 3], [3428, 2], [3348, 0], [3348, 3], [3347, 0], [3347, 3], [3346, 3], [3345, 3]]",1
"7.12-208,110,152,171,43,95+13","[[3344, 4], [3345, 4], [3346, 4], [3347, 0], [3347, 4], [3348, 0], [3348, 4], [3349, 1], [3429, 0], [3429, 4], [3430, 4], [3431, 4], [3432, 0], [3432, 4], [3433, 4], [3434, 4]]",1
"7.12-160,105,116,245,102,94+1","[[242, 1], [322, 4], [323, 4], [324, 1], [404, 0], [404, 1], [484, 4], [485, 4], [486, 4], [487, 1], [567, 0], [567, 1], [647, 4], [648, 0], [648, 4], [649, 1], [729, 0], [729, 1], [809, 1], [889, 4], [890, 0], [890, 4], [891, 4]]",2
"7.12-160,105,116,245,102,94+2","[[892, 4], [893, 1], [973, 4], [974, 4], [975, 1], [1055, 0], [1055, 4], [1056, 1], [1136, 4], [1137, 0], [1137, 4], [1138, 4], [1139, 1], [1219, 0], [1219, 4], [1220, 4], [1221, 4], [1222, 1], [1302, 4], [1303, 0], [1303, 4], [1304, 1], [1384, 4], [1385, 1], [1465, 4], [1466, 0], [1466, 4], [1467, 1], [1547, 4], [1548, 0], [1548, 4], [1549, 1], [1629, 4], [1630, 4], [1631, 0], [1631, 4], [1632, 1], [1712, 4], [1713, 1], [1793, 4], [1794, 0], [1794, 4], [1795, 1], [1875, 4], [1876, 4], [1877, 0], [1877, 1], [1957, 4], [1958, 1], [2038, 0], [2038, 2], [1958, 2], [1878, 4], [1879, 0], [1879, 2], [1799, 4], [1800, 0], [1800, 2], [1720, 2], [1640, 4]]",2
"7.12-160,105,116,245,102,94+3","[[1641, 1], [1721, 3], [1720, 1], [1800, 0], [1800, 3], [1799, 1], [1879, 0], [1879, 1], [1959, 1], [2039, 3]]",2
"7.12-160,105,116,245,102,94+4","[[2038, 4], [2039, 0], [2039, 4], [2040, 1], [2120, 4], [2121, 1], [2201, 4], [2202, 0], [2202, 1], [2282, 4], [2283, 1], [2363, 4], [2364, 0], [2364, 4], [2365, 1], [2445, 4], [2446, 0], [2446, 1], [2526, 4], [2527, 0], [2527, 4], [2528, 1], [2608, 0], [2608, 4], [2609, 4], [2610, 1], [2690, 0], [2690, 4], [2691, 1], [2771, 1], [2851, 4], [2852, 0], [2852, 4], [2853, 4], [2854, 1], [2934, 0], [2934, 1], [3014, 4], [3015, 4], [3016, 1], [3096, 4]]",2
"7.12-160,105,116,245,102,94+5","[[3097, 3], [3096, 2], [3016, 3], [3015, 3], [3014, 2], [2934, 0], [2934, 3], [2933, 2], [2853, 3], [2852, 0], [2852, 2], [2772, 3], [2771, 2], [2691, 3], [2690, 0], [2690, 3], [2689, 2], [2609, 3], [2608, 0], [2608, 2], [2528, 3], [2527, 0], [2527, 2], [2447, 3], [2446, 0], [2446, 3], [2445, 3], [2444, 2], [2364, 0], [2364, 3], [2363, 2], [2283, 3], [2282, 2], [2202, 0], [2202, 2], [2122, 3], [2121, 3], [2120, 2], [2040, 3], [2039, 0], [2039, 3], [2038, 0], [2038, 2], [1958, 2], [1878, 4], [1879, 0], [1879, 2], [1799, 4], [1800, 0], [1800, 2], [1720, 4], [1721, 2]]",2
"7.12-160,105,116,245,102,94+6","[[1641, 1], [1721, 1], [1801, 3], [1800, 0], [1800, 1], [1880, 3], [1879, 0], [1879, 1], [1959, 3], [1958, 1], [2038, 0], [2038, 4], [2039, 0], [2039, 1], [2119, 4], [2120, 4], [2121, 1], [2201, 4], [2202, 0], [2202, 1], [2282, 4], [2283, 4], [2284, 1], [2364, 0], [2364, 4], [2365, 1], [2445, 4], [2446, 0], [2446, 1], [2526, 4], [2527, 0], [2527, 1], [2607, 1], [2687, 3], [2686, 0], [2686, 1], [2766, 1], [2846, 0], [2846, 1], [2926, 0], [2926, 4], [2927, 1]]",2
"7.12-160,105,116,245,102,94+7","[[3007, 1], [3087, 4], [3088, 0], [3088, 4], [3089, 0], [3089, 4], [3090, 1], [3170, 0], [3170, 4], [3171, 0], [3171, 4], [3172, 4], [3173, 2], [3093, 0], [3093, 2], [3013, 4], [3014, 2], [2934, 0], [2934, 1], [3014, 4], [3015, 4], [3016, 1], [3096, 4]]",2
"7.12-48,123,172,71,160,113+1","[[2038, 2], [1958, 4], [1959, 2], [1879, 0], [1879, 4], [1880, 2], [1800, 0], [1800, 2], [1720, 2], [1640, 4]]",1
"7.12-48,123,172,71,160,113+2","[[1641, 0], [1641, 0], [1641, 1], [1721, 1], [1801, 3], [1800, 0], [1800, 1], [1880, 3], [1879, 0], [1879, 1], [1959, 3], [1958, 1], [2038, 0], [2038, 4], [2039, 0], [2039, 1], [2119, 4], [2120, 4], [2121, 1], [2201, 4], [2202, 0], [2202, 1], [2282, 4], [2283, 4], [2284, 1], [2364, 0], [2364, 4], [2365, 1], [2445, 4], [2446, 0], [2446, 1], [2526, 4], [2527, 0], [2527, 1], [2607, 1], [2687, 3], [2686, 0], [2686, 1], [2766, 1], [2846, 0], [2846, 1], [2926, 0], [2926, 4], [2927, 1]]",1
"7.12-48,123,172,71,160,113+3","[[3007, 3], [3006, 2], [2926, 0], [2926, 2], [2846, 0], [2846, 2], [2766, 2], [2686, 0], [2686, 2], [2606, 2], [2526, 4], [2527, 0], [2527, 4], [2528, 1], [2608, 0], [2608, 4], [2609, 2], [2529, 4], [2530, 0], [2530, 4], [2531, 2], [2451, 0], [2451, 2], [2371, 0], [2371, 4], [2372, 2], [2292, 0], [2292, 4], [2293, 0], [2293, 4], [2294, 0], [2294, 4], [2295, 1], [2375, 0]]",1
"7.12-48,123,172,71,160,113+4","[[2375, 0], [2375, 3], [2374, 2], [2294, 0], [2294, 3], [2293, 0], [2293, 3], [2292, 0], [2292, 3], [2291, 0], [2291, 3], [2290, 3], [2289, 2], [2209, 0], [2209, 3], [2208, 2], [2128, 0], [2128, 2], [2048, 0], [2048, 3], [2047, 3], [2046, 0], [2046, 2], [1966, 3], [1965, 3], [1964, 2], [1884, 0], [1884, 3], [1883, 3], [1882, 0], [1882, 3], [1881, 2], [1801, 3], [1800, 0], [1800, 2], [1720, 4], [1721, 2]]",1
"7.12-48,123,172,71,160,113+5","[[1641, 0], [1641, 0], [1641, 0], [1641, 0], [1641, 0], [1641, 0], [1641, 0], [1641, 0], [1641, 0], [1641, 1], [1721, 1], [1801, 3], [1800, 0], [1800, 1], [1880, 3], [1879, 0], [1879, 1], [1959, 3], [1958, 1], [2038, 0], [2038, 4], [2039, 0], [2039, 1], [2119, 4], [2120, 4], [2121, 1], [2201, 4], [2202, 0], [2202, 4], [2203, 1], [2283, 4], [2284, 1], [2364, 0], [2364, 4], [2365, 4], [2366, 1], [2446, 0], [2446, 4], [2447, 1], [2527, 0], [2527, 1], [2607, 3], [2606, 1], [2686, 0], [2686, 1], [2766, 1], [2846, 0], [2846, 1], [2926, 0], [2926, 4], [2927, 1]]",1
"7.12-48,123,172,71,160,113+6","[[3007, 0], [3007, 0], [3007, 0], [3007, 0], [3007, 0], [3007, 0], [3007, 0], [3007, 0], [3007, 0], [3007, 0], [3007, 0], [3007, 0], [3007, 0], [3007, 0], [3007, 0], [3007, 0], [3007, 3], [3006, 2], [2926, 0], [2926, 2], [2846, 0], [2846, 2], [2766, 2], [2686, 0], [2686, 2], [2606, 4], [2607, 2], [2527, 0], [2527, 1], [2607, 4], [2608, 0], [2608, 4], [2609, 2], [2529, 4], [2530, 0], [2530, 2], [2450, 4], [2451, 0], [2451, 2], [2371, 0], [2371, 4], [2372, 2], [2292, 0], [2292, 4], [2293, 0], [2293, 4], [2294, 0], [2294, 1], [2374, 4], [2375, 0]]",1
"7.12-48,123,172,71,160,113+7","[[2375, 0], [2375, 2], [2295, 3], [2294, 0], [2294, 3], [2293, 0], [2293, 3], [2292, 0], [2292, 3], [2291, 0], [2291, 3], [2290, 3], [2289, 2], [2209, 0], [2209, 2], [2129, 3], [2128, 0], [2128, 2], [2048, 0], [2048, 3], [2047, 3], [2046, 0], [2046, 2], [1966, 3], [1965, 2], [1885, 3], [1884, 0], [1884, 3], [1883, 3], [1882, 0], [1882, 3], [1881, 2], [1801, 3], [1800, 0], [1800, 2], [1720, 4], [1721, 2]]",1
"7.12-48,123,172,71,160,113+8","[[1641, 1], [1721, 1], [1801, 3], [1800, 0], [1800, 3], [1799, 1], [1879, 0], [1879, 1], [1959, 3], [1958, 1], [2038, 0], [2038, 4], [2039, 0], [2039, 4], [2040, 1], [2120, 4], [2121, 4], [2122, 1], [2202, 0], [2202, 4], [2203, 1], [2283, 1], [2363, 4], [2364, 0], [2364, 4], [2365, 4], [2366, 1], [2446, 0], [2446, 4], [2447, 1], [2527, 0], [2527, 1], [2607, 1], [2687, 3], [2686, 0], [2686, 1], [2766, 1], [2846, 0], [2846, 1], [2926, 0], [2926, 1], [3006, 4]]",1
"7.12-48,123,172,71,160,113+9","[[3007, 3], [3006, 2], [2926, 0], [2926, 2], [2846, 0], [2846, 2], [2766, 2], [2686, 0], [2686, 2], [2606, 2], [2526, 4], [2527, 0], [2527, 2], [2447, 3], [2446, 0], [2446, 3], [2445, 2], [2365, 3], [2364, 0], [2364, 3], [2363, 2], [2283, 3], [2282, 2], [2202, 0], [2202, 2], [2122, 3], [2121, 3], [2120, 3], [2119, 2], [2039, 0], [2039, 3], [2038, 0], [2038, 2], [1958, 2], [1878, 4], [1879, 0], [1879, 2], [1799, 4], [1800, 0], [1800, 2], [1720, 4], [1721, 2]]",1
"7.12-48,123,172,71,160,113+10","[[1641, 1], [1721, 1], [1801, 3], [1800, 0], [1800, 4], [1801, 4], [1802, 1], [1882, 0], [1882, 4], [1883, 4], [1884, 0], [1884, 1], [1964, 4], [1965, 1], [2045, 4], [2046, 0], [2046, 4], [2047, 4], [2048, 0], [2048, 1], [2128, 0], [2128, 4], [2129, 1], [2209, 0], [2209, 4], [2210, 4], [2211, 1], [2291, 0], [2291, 4], [2292, 0], [2292, 4], [2293, 0], [2293, 4], [2294, 0], [2294, 4], [2295, 1], [2375, 0]]",1
"7.12-48,74,54,133,29,213+1","[[3344, 0], [3344, 0], [3344, 0], [3344, 0], [3344, 0], [3344, 0], [3344, 0], [3344, 0], [3344, 0], [3344, 0], [3344, 0], [3344, 0], [3344, 0], [3344, 0], [3344, 0], [3344, 4], [3345, 4], [3346, 4], [3347, 0], [3347, 4], [3348, 0], [3348, 4], [3349, 1], [3429, 0], [3429, 4], [3430, 4], [3431, 4], [3432, 0], [3432, 4], [3433, 4], [3434, 4]]",1
"7.12-48,74,54,133,29,213+2","[[3435, 0], [3435, 0], [3435, 0], [3435, 0], [3435, 0], [3435, 0], [3435, 0], [3435, 0], [3435, 0], [3435, 0], [3435, 0], [3435, 0], [3435, 0], [3435, 0], [3435, 3], [3434, 3], [3433, 3], [3432, 0], [3432, 3], [3431, 3], [3430, 3], [3429, 0], [3429, 2], [3349, 3], [3348, 0], [3348, 3], [3347, 0], [3347, 3], [3346, 3], [3345, 3], [3344, 0], [3344, 3], [3343, 3], [3342, 3], [3341, 0], [3341, 3], [3340, 2], [3260, 2], [3180, 3], [3179, 0], [3179, 3], [3178, 2], [3098, 3]]",1
"7.12-48,74,54,133,29,213+3","[[3097, 4], [3098, 4], [3099, 1], [3179, 0], [3179, 4], [3180, 1], [3260, 1], [3340, 4], [3341, 0], [3341, 4], [3342, 4], [3343, 4], [3344, 0], [3344, 4], [3345, 4], [3346, 4], [3347, 0], [3347, 4], [3348, 0], [3348, 1], [3428, 4], [3429, 0], [3429, 4], [3430, 4], [3431, 4], [3432, 0], [3432, 4], [3433, 4], [3434, 4], [3435, 0], [3435, 4], [3436, 4], [3437, 0], [3437, 4], [3438, 4], [3439, 1]]",1
"7.12-48,74,54,133,29,213+4","[[3519, 3], [3518, 3], [3517, 2], [3437, 0], [3437, 3], [3436, 3], [3435, 0], [3435, 3], [3434, 3], [3433, 3], [3432, 0], [3432, 3], [3431, 3], [3430, 3], [3429, 0], [3429, 3], [3428, 2], [3348, 0], [3348, 3], [3347, 0], [3347, 3], [3346, 3], [3345, 3]]",1
"7.12-48,74,54,133,29,213+5","[[3344, 4], [3345, 4], [3346, 4], [3347, 0], [3347, 4], [3348, 0], [3348, 4], [3349, 1], [3429, 0], [3429, 4], [3430, 4], [3431, 4], [3432, 0], [3432, 4], [3433, 4], [3434, 4]]",1
"7.12-48,74,54,133,29,213+6","[[3435, 3], [3434, 3], [3433, 3], [3432, 0], [3432, 3], [3431, 3], [3430, 3], [3429, 0], [3429, 2], [3349, 3], [3348, 0], [3348, 3], [3347, 0], [3347, 3], [3346, 3], [3345, 3], [3344, 0], [3344, 3], [3343, 3], [3342, 3], [3341, 0], [3341, 2], [3261, 3], [3260, 3], [3259, 2], [3179, 0], [3179, 3], [3178, 2], [3098, 3]]",1
"7.12-48,74,54,133,29,213+7","[[3097, 4], [3098, 4], [3099, 1], [3179, 0], [3179, 4], [3180, 1], [3260, 4], [3261, 1], [3341, 0], [3341, 4], [3342, 4], [3343, 4]]",1
"7.12-216,50,20,254,96,65+1","[[3344, 3], [3343, 3], [3342, 3], [3341, 0], [3341, 3], [3340, 2], [3260, 3], [3259, 2], [3179, 0], [3179, 3], [3178, 2], [3098, 3]]",1
"7.12-216,50,20,254,96,65+2","[[3097, 0], [3097, 0], [3097, 0], [3097, 0], [3097, 0], [3097, 0], [3097, 0], [3097, 0], [3097, 0], [3097, 0], [3097, 0], [3097, 0], [3097, 0], [3097, 0], [3097, 0], [3097, 0], [3097, 0], [3097, 0], [3097, 0], [3097, 0], [3097, 0], [3097, 0], [3097, 0], [3097, 0], [3097, 0], [3097, 0], [3097, 0], [3097, 0], [3097, 0], [3097, 0], [3097, 0], [3097, 0], [3097, 0], [3097, 0], [3097, 0], [3097, 0], [3097, 0], [3097, 4], [3098, 4], [3099, 1], [3179, 0], [3179, 4], [3180, 1], [3260, 1], [3340, 4], [3341, 0], [3341, 4], [3342, 4], [3343, 4]]",1
"7.12-216,50,20,254,96,65+3","[[3344, 4], [3345, 4], [3346, 4], [3347, 0], [3347, 4], [3348, 0], [3348, 1], [3428, 4], [3429, 0], [3429, 4], [3430, 4], [3431, 4], [3432, 0], [3432, 4], [3433, 4], [3434, 4]]",1
"7.12-216,50,20,254,96,65+4","[[3435, 3], [3434, 3], [3433, 3], [3432, 0], [3432, 3], [3431, 3], [3430, 3], [3429, 0], [3429, 2], [3349, 3], [3348, 0], [3348, 3], [3347, 0], [3347, 3], [3346, 3], [3345, 3], [3344, 0], [3344, 3], [3343, 3], [3342, 3], [3341, 0], [3341, 3], [3340, 2], [3260, 2], [3180, 3], [3179, 0], [3179, 3], [3178, 3], [3177, 2]]",1
"7.12-216,50,20,254,96,65+5","[[3097, 4], [3098, 1], [3178, 4], [3179, 0], [3179, 4], [3180, 1], [3260, 4], [3261, 1], [3341, 0], [3341, 4], [3342, 4], [3343, 4], [3344, 0], [3344, 4], [3345, 4], [3346, 4], [3347, 0], [3347, 4], [3348, 0], [3348, 1], [3428, 4], [3429, 0], [3429, 4], [3430, 4], [3431, 4], [3432, 0], [3432, 4], [3433, 4], [3434, 4]]",1
"7.12-216,50,20,254,96,65+6","[[3435, 3], [3434, 3], [3433, 3], [3432, 0], [3432, 3], [3431, 3], [3430, 3], [3429, 0], [3429, 1], [3509, 1], [3589, 0], [3589, 1], [3669, 1], [3749, 0], [3749, 1], [3829, 3], [3828, 0], [3828, 3], [3827, 0], [3827, 1], [3907, 1], [3987, 0], [3987, 3], [3986, 1], [4066, 0], [4066, 3], [4065, 2], [3985, 0], [3985, 3], [3984, 0], [3984, 1], [4064, 0], [4064, 3], [4063, 0], [4063, 1], [4143, 0], [4143, 1], [4223, 3]]",1
"7.12-216,50,20,254,96,65+7","[[4222, 2], [4142, 4], [4143, 0], [4143, 2], [4063, 0], [4063, 4], [4064, 0], [4064, 2], [3984, 0], [3984, 4], [3985, 0], [3985, 1], [4065, 4], [4066, 0], [4066, 2], [3986, 4], [3987, 0], [3987, 2], [3907, 2], [3827, 0], [3827, 4], [3828, 0], [3828, 4], [3829, 2], [3749, 0], [3749, 2], [3669, 2], [3589, 0], [3589, 2], [3509, 2], [3429, 0], [3429, 2], [3349, 3], [3348, 0], [3348, 3], [3347, 0], [3347, 3], [3346, 3], [3345, 3]]",1
"7.12-216,50,20,254,96,65+8","[[3344, 4], [3345, 4], [3346, 4], [3347, 0], [3347, 4], [3348, 0], [3348, 4], [3349, 1], [3429, 0], [3429, 4], [3430, 4], [3431, 4], [3432, 0], [3432, 4], [3433, 4], [3434, 4], [3435, 0], [3435, 4], [3436, 4], [3437, 0], [3437, 4], [3438, 1], [3518, 4]]",1
"7.12-216,50,20,254,96,65+9","[[3519, 3], [3518, 3], [3517, 2], [3437, 0], [3437, 3], [3436, 3], [3435, 0], [3435, 3], [3434, 3], [3433, 3], [3432, 0], [3432, 3], [3431, 3], [3430, 3], [3429, 0], [3429, 3], [3428, 2], [3348, 0], [3348, 3], [3347, 0], [3347, 3], [3346, 3], [3345, 3], [3344, 0], [3344, 3], [3343, 3], [3342, 3], [3341, 0], [3341, 2], [3261, 3], [3260, 2], [3180, 3], [3179, 0], [3179, 3], [3178, 2], [3098, 3]]",1
"7.12-216,50,20,254,96,65+10","[[3097, 0], [3097, 0], [3097, 0], [3097, 0], [3097, 0], [3097, 0], [3097, 0], [3097, 4], [3098, 4], [3099, 1], [3179, 0], [3179, 4], [3180, 1], [3260, 4], [3261, 1], [3341, 0], [3341, 4], [3342, 4], [3343, 4], [3344, 0], [3344, 4], [3345, 4], [3346, 4], [3347, 0], [3347, 4], [3348, 0], [3348, 1], [3428, 4], [3429, 0], [3429, 1], [3509, 1], [3589, 0], [3589, 1], [3669, 1], [3749, 0], [3749, 1], [3829, 3], [3828, 0], [3828, 3], [3827, 0], [3827, 1], [3907, 1], [3987, 0], [3987, 3], [3986, 1], [4066, 0], [4066, 2], [3986, 3], [3985, 0], [3985, 3], [3984, 0], [3984, 1], [4064, 0], [4064, 3], [4063, 0], [4063, 1], [4143, 0], [4143, 3], [4142, 1]]",1
"7.12-176,241,236,166,12,79+1","[[892, 4], [893, 1], [973, 4], [974, 1], [1054, 4], [1055, 0], [1055, 4], [1056, 1], [1136, 4], [1137, 0], [1137, 4], [1138, 4], [1139, 1], [1219, 0], [1219, 4], [1220, 4], [1221, 1], [1301, 4], [1302, 4], [1303, 0], [1303, 4], [1304, 1], [1384, 4], [1385, 4], [1386, 1], [1466, 0], [1466, 4], [1467, 4], [1468, 1], [1548, 0], [1548, 4], [1549, 4], [1550, 1], [1630, 4], [1631, 0], [1631, 1], [1711, 4], [1712, 4], [1713, 4], [1714, 1], [1794, 0], [1794, 4], [1795, 1], [1875, 4], [1876, 4], [1877, 0], [1877, 1], [1957, 4], [1958, 1], [2038, 0], [2038, 4], [2039, 0], [2039, 1], [2119, 4], [2120, 4], [2121, 1], [2201, 4], [2202, 0], [2202, 4], [2203, 1], [2283, 4], [2284, 1], [2364, 0], [2364, 4], [2365, 1], [2445, 4], [2446, 0], [2446, 4], [2447, 1]]",1
"7.12-176,241,236,166,12,79+2","[[2527, 3], [2526, 2], [2446, 0], [2446, 3], [2445, 2], [2365, 3], [2364, 0], [2364, 2], [2284, 3], [2283, 2], [2203, 3], [2202, 0], [2202, 2], [2122, 3], [2121, 3], [2120, 3], [2119, 2], [2039, 0], [2039, 3]]",1
"7.12-176,241,236,166,12,79+3","[[2038, 4], [2039, 0], [2039, 1], [2119, 4], [2120, 4], [2121, 4], [2122, 1], [2202, 0], [2202, 4], [2203, 1], [2283, 4], [2284, 1], [2364, 0], [2364, 4], [2365, 1], [2445, 4], [2446, 0], [2446, 1], [2526, 4], [2527, 0], [2527, 4], [2528, 1], [2608, 0], [2608, 4], [2609, 4], [2610, 1], [2690, 0], [2690, 4], [2691, 1], [2771, 1], [2851, 4], [2852, 0], [2852, 4], [2853, 1], [2933, 4], [2934, 0], [2934, 4], [2935, 1], [3015, 4], [3016, 4], [3017, 1], [3097, 0], [3097, 4], [3098, 1], [3178, 4], [3179, 0], [3179, 1], [3259, 4], [3260, 4], [3261, 1], [3341, 0], [3341, 4], [3342, 4], [3343, 4], [3344, 0], [3344, 4], [3345, 4], [3346, 4], [3347, 0], [3347, 4], [3348, 0], [3348, 1], [3428, 4], [3429, 0], [3429, 4], [3430, 4], [3431, 4], [3432, 0], [3432, 4], [3433, 4], [3434, 4]]",1
"7.12-176,241,236,166,12,79+4","[[3435, 3], [3434, 3], [3433, 3], [3432, 0], [3432, 3], [3431, 3], [3430, 3], [3429, 0], [3429, 3], [3428, 2], [3348, 0], [3348, 3], [3347, 0], [3347, 3], [3346, 3], [3345, 3]]",1
"7.12-176,241,236,166,12,79+5","[[3344, 4], [3345, 4], [3346, 4], [3347, 0], [3347, 4], [3348, 0], [3348, 1], [3428, 4], [3429, 0], [3429, 4], [3430, 4], [3431, 4], [3432, 0], [3432, 4], [3433, 4], [3434, 4]]",1
"7.12-176,241,236,166,12,79+6","[[3435, 2], [3355, 0], [3355, 2], [3275, 0], [3275, 3], [3274, 2], [3194, 0], [3194, 2], [3114, 2], [3034, 3], [3033, 0], [3033, 2], [2953, 0], [2953, 4], [2954, 2], [2874, 0], [2874, 2], [2794, 0], [2794, 2], [2714, 2], [2634, 0], [2634, 2], [2554, 0], [2554, 2], [2474, 0], [2474, 2], [2394, 4], [2395, 0], [2395, 0], [2395, 2], [2315, 4], [2316, 2], [2236, 0], [2236, 2], [2156, 2], [2076, 0], [2076, 2], [1996, 0], [1996, 2], [1916, 3], [1915, 0], [1915, 3], [1914, 2], [1834, 0], [1834, 2], [1754, 0], [1754, 2], [1674, 0], [1674, 3], [1673, 2], [1593, 0], [1593, 2], [1513, 0], [1513, 2], [1433, 0], [1433, 4], [1434, 2], [1354, 0], [1354, 2], [1274, 4], [1275, 0], [1275, 2], [1195, 0], [1195, 4], [1196, 2], [1116, 0], [1116, 3], [1115, 0], [1115, 2], [1035, 4]]",1
"7.12-176,241,236,166,12,79+7","[[1036, 1], [1116, 3], [1115, 0], [1115, 4], [1116, 0], [1116, 3], [1115, 1], [1195, 0], [1195, 1], [1275, 0], [1275, 3], [1274, 1], [1354, 0], [1354, 1], [1434, 3], [1433, 0], [1433, 1], [1513, 0], [1513, 1], [1593, 0], [1593, 1], [1673, 4], [1674, 0], [1674, 1], [1754, 0], [1754, 1], [1834, 0], [1834, 4], [1835, 1], [1915, 0], [1915, 1], [1995, 4], [1996, 0], [1996, 1], [2076, 0], [2076, 1], [2156, 1], [2236, 0], [2236, 1], [2316, 3], [2315, 1], [2395, 0], [2395, 0], [2395, 3], [2394, 1], [2474, 0], [2474, 1], [2554, 0], [2554, 1], [2634, 3], [2633, 0], [2633, 3], [2632, 0], [2632, 3], [2631, 0], [2631, 3], [2630, 3], [2629, 0], [2629, 1], [2709, 0], [2709, 1], [2789, 3], [2788, 1], [2868, 0], [2868, 1], [2948, 0], [2948, 3], [2947, 1], [3027, 0], [3027, 1], [3107, 0], [3107, 1], [3187, 1], [3267, 0], [3267, 4], [3268, 1], [3348, 0], [3348, 0], [3348, 3], [3347, 0], [3347, 3], [3346, 3], [3345, 3], [3344, 0], [3344, 3], [3343, 3], [3342, 3], [3341, 0], [3341, 2], [3261, 3], [3260, 3], [3259, 2], [3179, 0], [3179, 3], [3178, 3], [3177, 2], [3097, 0], [3097, 3], [3096, 2], [3016, 3], [3015, 3], [3014, 2], [2934, 0], [2934, 3], [2933, 2], [2853, 3], [2852, 0], [2852, 3], [2851, 2], [2771, 2], [2691, 3], [2690, 0], [2690, 3], [2689, 3], [2688, 2], [2608, 0], [2608, 2], [2528, 3], [2527, 0], [2527, 2], [2447, 3], [2446, 0], [2446, 3], [2445, 3], [2444, 2], [2364, 0], [2364, 3], [2363, 2], [2283, 3], [2282, 2], [2202, 0], [2202, 2], [2122, 3], [2121, 3], [2120, 3], [2119, 2], [2039, 0], [2039, 3], [2038, 0], [2038, 2], [1958, 4], [1959, 2], [1879, 0], [1879, 4], [1880, 2], [1800, 0], [1800, 2], [1720, 2], [1640, 4]]",1
"7.12-176,241,236,166,12,79+8","[[1641, 1], [1721, 3], [1720, 1], [1800, 0], [1800, 1], [1880, 3], [1879, 0], [1879, 1], [1959, 3], [1958, 1]]",1
"7.12-176,241,236,166,12,79+9","[[2038, 4], [2039, 0], [2039, 1], [2119, 4], [2120, 4], [2121, 1], [2201, 4], [2202, 0], [2202, 4], [2203, 1], [2283, 1], [2363, 4], [2364, 0], [2364, 4], [2365, 4], [2366, 1], [2446, 0], [2446, 1], [2526, 4], [2527, 0], [2527, 4], [2528, 1], [2608, 0], [2608, 4], [2609, 1], [2689, 4], [2690, 0], [2690, 1], [2770, 4], [2771, 1], [2851, 4], [2852, 0], [2852, 4], [2853, 4], [2854, 1], [2934, 0], [2934, 1], [3014, 4], [3015, 4], [3016, 1], [3096, 4]]",1
"7.12-176,241,236,166,12,79+10","[[3097, 2], [3017, 3], [3016, 3], [3015, 2], [2935, 3], [2934, 0], [2934, 3], [2933, 3], [2932, 2], [2852, 0], [2852, 2], [2772, 3], [2771, 2], [2691, 3], [2690, 0], [2690, 3], [2689, 2], [2609, 3], [2608, 0], [2608, 3], [2607, 2], [2527, 0], [2527, 3], [2526, 2], [2446, 0], [2446, 3], [2445, 2], [2365, 3], [2364, 0], [2364, 3], [2363, 2], [2283, 2], [2203, 3], [2202, 0], [2202, 2], [2122, 3], [2121, 3], [2120, 3], [2119, 2], [2039, 0], [2039, 3]]",1
"7.12-176,241,236,166,12,79+11","[[2038, 2], [1958, 2], [1878, 4], [1879, 0], [1879, 4], [1880, 2], [1800, 0], [1800, 2], [1720, 4], [1721, 2]]",1
"7.12-176,241,236,166,12,79+12","[[1641, 1], [1721, 1], [1801, 3], [1800, 0], [1800, 3], [1799, 1], [1879, 0], [1879, 1], [1959, 3], [1958, 1], [2038, 0], [2038, 2], [1958, 2], [1878, 3], [1877, 0], [1877, 3], [1876, 2], [1796, 3], [1795, 3], [1794, 0], [1794, 2], [1714, 3], [1713, 3], [1712, 2], [1632, 3], [1631, 0], [1631, 3], [1630, 2], [1550, 3], [1549, 3], [1548, 0], [1548, 3], [1547, 2], [1467, 3], [1466, 0], [1466, 3], [1465, 2], [1385, 3], [1384, 2], [1304, 3], [1303, 0], [1303, 3], [1302, 3], [1301, 3], [1300, 2], [1220, 3], [1219, 0], [1219, 3], [1218, 3], [1217, 2], [1137, 0], [1137, 3], [1136, 2], [1056, 3], [1055, 0], [1055, 3], [1054, 2], [974, 3], [973, 2], [893, 3]]",1
"7.12-176,241,236,166,12,79+13","[[892, 3], [891, 3], [890, 0], [890, 2], [810, 3], [809, 2], [729, 0], [729, 2], [649, 3], [648, 0], [648, 3], [647, 2], [567, 0], [567, 2], [487, 3], [486, 3], [485, 3], [484, 2], [404, 0], [404, 2], [324, 3], [323, 2], [243, 3]]",1
"7.12-164,125,159,153,152,107+1","[[1641, 1], [1721, 3], [1720, 1], [1800, 0], [1800, 4], [1801, 1], [1881, 4], [1882, 0], [1882, 4], [1883, 4], [1884, 0], [1884, 1], [1964, 4], [1965, 4], [1966, 1], [2046, 0], [2046, 4], [2047, 4], [2048, 0], [2048, 1], [2128, 0], [2128, 4], [2129, 1], [2209, 0], [2209, 4], [2210, 4], [2211, 1], [2291, 0], [2291, 4], [2292, 0], [2292, 4], [2293, 0], [2293, 4], [2294, 0], [2294, 4], [2295, 1], [2375, 0]]",1
"7.12-164,125,159,153,152,107+2","[[2375, 0], [2375, 0], [2375, 0], [2375, 0], [2375, 0], [2375, 0], [2375, 0], [2375, 0], [2375, 0], [2375, 0], [2375, 0], [2375, 0], [2375, 3], [2374, 2], [2294, 0], [2294, 3], [2293, 0], [2293, 3], [2292, 0], [2292, 1], [2372, 3], [2371, 0], [2371, 1], [2451, 0], [2451, 3], [2450, 1], [2530, 0], [2530, 3], [2529, 3], [2528, 1], [2608, 0], [2608, 2], [2528, 3]]",1
"7.12-164,125,159,153,152,107+3","[[2527, 1], [2607, 4], [2608, 0], [2608, 4], [2609, 2], [2529, 4], [2530, 0], [2530, 2], [2450, 4], [2451, 0], [2451, 2], [2371, 0], [2371, 2], [2291, 4], [2292, 0], [2292, 4], [2293, 0], [2293, 4], [2294, 0], [2294, 4], [2295, 1], [2375, 0]]",1
"7.12-164,125,159,153,152,107+4","[[2375, 0], [2375, 0], [2375, 0], [2375, 0], [2375, 0], [2375, 0], [2375, 0], [2375, 0], [2375, 0], [2375, 0], [2375, 0], [2375, 0], [2375, 0], [2375, 0], [2375, 0], [2375, 0], [2375, 0], [2375, 0], [2375, 0], [2375, 0], [2375, 3], [2374, 2], [2294, 0], [2294, 3], [2293, 0], [2293, 3], [2292, 0], [2292, 3], [2291, 0], [2291, 3], [2290, 3], [2289, 2], [2209, 0], [2209, 2], [2129, 3], [2128, 0], [2128, 2], [2048, 0], [2048, 3], [2047, 3], [2046, 0], [2046, 3], [2045, 2], [1965, 3], [1964, 2], [1884, 0], [1884, 3], [1883, 3], [1882, 0], [1882, 3], [1881, 3], [1880, 2], [1800, 0], [1800, 2], [1720, 4], [1721, 2]]",1
"7.12-164,125,159,153,152,107+5","[[1641, 1], [1721, 1], [1801, 3], [1800, 0], [1800, 4], [1801, 4], [1802, 1], [1882, 0], [1882, 4], [1883, 4], [1884, 0], [1884, 1], [1964, 4], [1965, 1], [2045, 4], [2046, 0], [2046, 4], [2047, 4], [2048, 0], [2048, 1], [2128, 0], [2128, 1], [2208, 4], [2209, 0], [2209, 4], [2210, 1], [2290, 4], [2291, 0], [2291, 4], [2292, 0], [2292, 4], [2293, 0], [2293, 4], [2294, 0], [2294, 1], [2374, 4], [2375, 0]]",1
"7.12-164,125,159,153,152,107+6","[[2375, 0], [2375, 4], [2376, 1], [2456, 0], [2456, 1], [2536, 4], [2537, 0], [2537, 1], [2617, 4], [2618, 0], [2618, 1], [2698, 0], [2698, 1], [2778, 4], [2779, 0], [2779, 1], [2859, 1], [2939, 0], [2939, 3], [2938, 1], [3018, 0], [3018, 3], [3017, 1]]",1
"7.12-48,148,53,197,58,225+1","[[3344, 3], [3343, 3], [3342, 3], [3341, 0], [3341, 2], [3261, 3], [3260, 3], [3259, 2], [3179, 0], [3179, 3], [3178, 2], [3098, 3]]",1
"7.12-48,148,53,197,58,225+2","[[3097, 2], [3017, 3], [3016, 3], [3015, 2], [2935, 3], [2934, 0], [2934, 1], [3014, 1], [3094, 3], [3093, 0], [3093, 3], [3092, 3], [3091, 1], [3171, 0], [3171, 3], [3170, 0], [3170, 2], [3090, 3], [3089, 0], [3089, 3], [3088, 0], [3088, 2], [3008, 3]]",1
"7.12-48,148,53,197,58,225+5","[[3097, 2], [3017, 3], [3016, 3], [3015, 3], [3014, 2], [2934, 0], [2934, 1], [3014, 1], [3094, 3], [3093, 0], [3093, 3], [3092, 1], [3172, 3], [3171, 0], [3171, 3], [3170, 0], [3170, 3], [3169, 2], [3089, 0], [3089, 3], [3088, 0], [3088, 3], [3087, 2]]",1
"7.12-48,148,53,197,58,225+6","[[3007, 2], [2927, 3], [2926, 0], [2926, 2], [2846, 0], [2846, 2], [2766, 2], [2686, 0], [2686, 2], [2606, 4], [2607, 2], [2527, 0], [2527, 4], [2528, 1], [2608, 0], [2608, 4], [2609, 2], [2529, 4], [2530, 0], [2530, 2], [2450, 4], [2451, 0], [2451, 2], [2371, 0], [2371, 4], [2372, 2], [2292, 0], [2292, 4], [2293, 0], [2293, 4], [2294, 0], [2294, 1], [2374, 4], [2375, 0]]",1
"7.12-48,148,53,197,58,225+9","[[3097, 2], [3017, 3], [3016, 3], [3015, 3], [3014, 2], [2934, 0], [2934, 1], [3014, 3], [3013, 1], [3093, 0], [3093, 3], [3092, 1], [3172, 3], [3171, 0], [3171, 3], [3170, 0], [3170, 3], [3169, 2], [3089, 0], [3089, 3], [3088, 0], [3088, 3], [3087, 2]]",1
"7.12-48,148,53,197,58,225+10","[[3007, 4], [3008, 1], [3088, 0], [3088, 4], [3089, 0], [3089, 4], [3090, 1], [3170, 0], [3170, 4], [3171, 0], [3171, 4], [3172, 4], [3173, 2], [3093, 0], [3093, 2], [3013, 2], [2933, 4], [2934, 0], [2934, 4], [2935, 1], [3015, 4], [3016, 4], [3017, 1]]",1
"7.14-164,204,185,229,56,107+5","[[4222, 3], [4221, 1], [4301, 0], [4301, 3], [4300, 1], [4380, 0], [4380, 3], [4379, 3], [4378, 1], [4458, 0], [4458, 3], [4457, 0], [4457, 1], [4537, 3], [4536, 0], [4536, 3], [4535, 0], [4535, 3], [4534, 0], [4534, 3], [4533, 0], [4533, 3], [4532, 0], [4532, 0], [4532, 2], [4452, 2], [4372, 0], [4372, 3], [4371, 0], [4371, 2], [4291, 0], [4291, 3], [4290, 2], [4210, 0], [4210, 3], [4209, 2], [4129, 0], [4129, 3], [4128, 2], [4048, 0], [4048, 2], [3968, 4], [3969, 0], [3969, 4], [3970, 2]]",2
"7.14-164,204,185,229,56,107+7","[[3976, 0], [3976, 0], [3976, 0], [3976, 0], [3976, 0], [3976, 0], [3976, 0], [3976, 0], [3976, 0], [3976, 0], [3976, 0], [3976, 0], [3976, 0], [3976, 0], [3976, 0], [3976, 0], [3976, 0], [3976, 0], [3976, 0], [3976, 0], [3976, 0], [3976, 0], [3976, 0], [3976, 0], [3976, 0], [3976, 0], [3976, 0], [3976, 0], [3976, 0], [3976, 0], [3976, 0], [3976, 0], [3976, 0], [3976, 0], [3976, 0], [3976, 0], [3976, 0], [3976, 0], [3976, 0], [3976, 0], [3976, 0], [3976, 0]]",2
"7.14-164,204,185,229,56,107+8","[[3816, 0], [3816, 0], [3816, 0]]",2
"7.14-164,204,185,229,56,107+9","[[2375, 0], [2375, 2], [2295, 3], [2294, 0], [2294, 3], [2293, 0], [2293, 3], [2292, 0], [2292, 3], [2291, 0], [2291, 3], [2290, 3], [2289, 2], [2209, 0], [2209, 3], [2208, 2], [2128, 0], [2128, 2], [2048, 0], [2048, 3], [2047, 3], [2046, 0], [2046, 2], [1966, 3], [1965, 2], [1885, 3], [1884, 0], [1884, 3], [1883, 3], [1882, 0], [1882, 3], [1881, 2], [1801, 3], [1800, 0], [1800, 3], [1799, 1], [1879, 0], [1879, 1], [1959, 1], [2039, 3], [2038, 0], [2038, 2], [1958, 3], [1957, 2], [1877, 0], [1877, 3], [1876, 3], [1875, 2], [1795, 3], [1794, 0], [1794, 2], [1714, 3], [1713, 3], [1712, 3], [1711, 2], [1631, 0], [1631, 3], [1630, 2], [1550, 3], [1549, 3], [1548, 0], [1548, 3], [1547, 2], [1467, 3], [1466, 0], [1466, 3], [1465, 2], [1385, 3], [1384, 3], [1383, 2], [1303, 0], [1303, 3], [1302, 3], [1301, 3], [1300, 2], [1220, 3], [1219, 0], [1219, 3], [1218, 2], [1138, 3], [1137, 0], [1137, 3], [1136, 3], [1135, 2], [1055, 0], [1055, 3], [1054, 2], [974, 3], [973, 2], [893, 3]]",2
"7.14-248,135,241,149,138,83+1","[[2202, 0], [2202, 0], [2202, 0], [2202, 0], [2202, 0], [2202, 0], [2202, 0], [2202, 0], [2202, 0], [2202, 0], [2202, 0], [2202, 0], [2202, 0], [2202, 0], [2202, 0]]",2
"7.14-52,8,188,243,248,24+1","[[2038, 2], [1958, 2], [1878, 4], [1879, 0], [1879, 4], [1880, 2], [1800, 0], [1800, 2], [1720, 2], [1640, 4]]",2
"7.14-52,8,188,243,248,24+2","[[1641, 1], [1721, 3], [1720, 1], [1800, 0], [1800, 3], [1799, 1], [1879, 0], [1879, 1], [1959, 1], [2039, 3]]",2
"7.14-52,8,188,243,248,24+3","[[2038, 0], [2038, 0], [2038, 0], [2038, 4], [2039, 0], [2039, 4], [2040, 1], [2120, 4], [2121, 1], [2201, 4], [2202, 0], [2202, 1], [2282, 4], [2283, 4], [2284, 1], [2364, 0], [2364, 4], [2365, 4], [2366, 1], [2446, 0], [2446, 1], [2526, 4], [2527, 0], [2527, 1], [2607, 1], [2687, 3], [2686, 0], [2686, 1], [2766, 1], [2846, 0], [2846, 1], [2926, 0], [2926, 4], [2927, 1]]",2
"7.14-52,8,188,243,248,24+4","[[3007, 3], [3006, 2], [2926, 0], [2926, 2], [2846, 0], [2846, 2], [2766, 2], [2686, 0], [2686, 2], [2606, 2], [2526, 4]]",2
"7.14-248,195,158,150,36,116+1","[[1641, 1], [1721, 3], [1720, 1], [1800, 0], [1800, 1], [1880, 3], [1879, 0], [1879, 1], [1959, 1], [2039, 3]]",2
"7.14-248,195,158,150,36,116+2","[[2038, 4], [2039, 0], [2039, 1], [2119, 4], [2120, 4], [2121, 1], [2201, 4], [2202, 0], [2202, 4], [2203, 1], [2283, 1], [2363, 4], [2364, 0], [2364, 4], [2365, 4], [2366, 1], [2446, 0], [2446, 4], [2447, 1], [2527, 0], [2527, 4], [2528, 1], [2608, 0], [2608, 4], [2609, 1], [2689, 4], [2690, 0], [2690, 1], [2770, 4], [2771, 4], [2772, 1], [2852, 0], [2852, 4], [2853, 4], [2854, 1], [2934, 0], [2934, 4], [2935, 1], [3015, 4], [3016, 1], [3096, 4], [3097, 0], [3097, 4], [3098, 4], [3099, 1], [3179, 0], [3179, 1], [3259, 4], [3260, 1], [3340, 4], [3341, 0], [3341, 4], [3342, 4], [3343, 4]]",2
"7.14-248,195,158,150,36,116+3","[[3344, 3], [3343, 3], [3342, 3], [3341, 0], [3341, 3], [3340, 2], [3260, 2], [3180, 3], [3179, 0], [3179, 3], [3178, 3], [3177, 2], [3097, 0], [3097, 3], [3096, 2], [3016, 3], [3015, 2], [2935, 3], [2934, 0], [2934, 3], [2933, 2], [2853, 3], [2852, 0], [2852, 2], [2772, 3], [2771, 3], [2770, 2], [2690, 0], [2690, 3], [2689, 3], [2688, 2], [2608, 0], [2608, 2], [2528, 3], [2527, 0], [2527, 3], [2526, 2], [2446, 0], [2446, 3], [2445, 2], [2365, 3], [2364, 0], [2364, 2], [2284, 3], [2283, 3], [2282, 2], [2202, 0], [2202, 3], [2201, 2], [2121, 3], [2120, 3], [2119, 2], [2039, 0], [2039, 3]]",2
"7.14-248,195,158,150,36,116+10","[[3007, 1], [3087, 4], [3088, 0], [3088, 4], [3089, 0], [3089, 4], [3090, 1], [3170, 0], [3170, 4], [3171, 0], [3171, 4], [3172, 4], [3173, 2], [3093, 0], [3093, 2], [3013, 4], [3014, 2], [2934, 0], [2934, 1], [3014, 4], [3015, 4], [3016, 1], [3096, 4]]",2
"7.14-248,195,158,150,36,116+11","[[3097, 3], [3096, 2], [3016, 3], [3015, 2], [2935, 3], [2934, 0], [2934, 1], [3014, 3], [3013, 1], [3093, 0], [3093, 3], [3092, 3], [3091, 1], [3171, 0], [3171, 3], [3170, 0], [3170, 2], [3090, 3], [3089, 0], [3089, 3], [3088, 0], [3088, 2], [3008, 3]]",2
"7.14-248,195,158,150,36,116+14","[[3097, 3], [3096, 2], [3016, 3], [3015, 3], [3014, 2], [2934, 0], [2934, 1], [3014, 3], [3013, 1], [3093, 0], [3093, 3], [3092, 1], [3172, 3], [3171, 0], [3171, 3], [3170, 0], [3170, 2], [3090, 3], [3089, 0], [3089, 3], [3088, 0], [3088, 2], [3008, 3]]",2
"7.14-248,195,158,150,36,116+15","[[3007, 1], [3087, 4], [3088, 0], [3088, 4], [3089, 0], [3089, 1], [3169, 4], [3170, 0], [3170, 4], [3171, 0], [3171, 4], [3172, 4], [3173, 2], [3093, 0], [3093, 2], [3013, 2], [2933, 4], [2934, 0], [2934, 1], [3014, 4], [3015, 4], [3016, 4], [3017, 1]]",2
"7.14-248,195,158,150,36,116+16","[[3097, 2], [3017, 4], [3018, 0], [3018, 4], [3019, 2], [2939, 0], [2939, 2], [2859, 2], [2779, 0], [2779, 2], [2699, 3], [2698, 0], [2698, 2], [2618, 0], [2618, 2], [2538, 3], [2537, 0], [2537, 2], [2457, 3], [2456, 0], [2456, 2], [2376, 3]]",2
"7.14-8,74,207,99,147,223+1","[[2934, 0], [2934, 0], [2934, 0], [2934, 0], [2934, 0], [2934, 0], [2934, 0], [2934, 0], [2934, 0], [2934, 0], [2934, 0], [2934, 0], [2934, 0], [2934, 0], [2934, 0], [2934, 0], [2934, 0], [2934, 0], [2934, 0], [2934, 0], [2934, 0], [2934, 0], [2934, 0], [2934, 0]]",1
"7.14-8,74,207,99,147,223+2","[[3097, 2], [3017, 3], [3016, 3], [3015, 3], [3014, 2], [2934, 0], [2934, 1], [3014, 1], [3094, 3], [3093, 0], [3093, 3], [3092, 1], [3172, 3], [3171, 0], [3171, 3], [3170, 0], [3170, 3], [3169, 2], [3089, 0], [3089, 3], [3088, 0], [3088, 2], [3008, 3]]",1
"7.14-8,74,207,99,147,223+3","[[3007, 3], [3006, 2], [2926, 0], [2926, 2], [2846, 0], [2846, 2], [2766, 2], [2686, 0], [2686, 2], [2606, 4], [2607, 2], [2527, 0], [2527, 4], [2528, 1], [2608, 0], [2608, 4], [2609, 2], [2529, 4], [2530, 0], [2530, 2], [2450, 4], [2451, 0], [2451, 2], [2371, 0], [2371, 2], [2291, 4], [2292, 0], [2292, 4], [2293, 0], [2293, 4], [2294, 0], [2294, 4], [2295, 1], [2375, 0]]",1
"7.14-8,74,207,99,147,223+8","[[3097, 3], [3096, 2], [3016, 3], [3015, 3], [3014, 2], [2934, 0], [2934, 3], [2933, 3], [2932, 2], [2852, 0], [2852, 2], [2772, 3], [2771, 3], [2770, 2], [2690, 0], [2690, 3], [2689, 3], [2688, 2], [2608, 0], [2608, 2], [2528, 3]]",1
"7.14-8,74,207,99,147,223+9","[[2527, 1], [2607, 4], [2608, 0], [2608, 4], [2609, 1], [2689, 4], [2690, 0], [2690, 4], [2691, 1], [2771, 4], [2772, 1], [2852, 0], [2852, 4], [2853, 4], [2854, 1], [2934, 0], [2934, 4], [2935, 1], [3015, 4], [3016, 4], [3017, 1]]",1
"7.14-8,74,207,99,147,223+10","[[3097, 4], [3098, 1], [3178, 4], [3179, 0], [3179, 4], [3180, 1], [3260, 4], [3261, 1], [3341, 0], [3341, 4], [3342, 4], [3343, 4]]",1
"7.14-8,74,207,99,147,223+11","[[3344, 3], [3343, 3], [3342, 3], [3341, 0], [3341, 3], [3340, 2], [3260, 2], [3180, 3], [3179, 0], [3179, 3], [3178, 3], [3177, 2], [3097, 0], [3097, 2], [3017, 3], [3016, 3], [3015, 2], [2935, 3], [2934, 0], [2934, 3], [2933, 3], [2932, 2], [2852, 0], [2852, 2], [2772, 3], [2771, 2], [2691, 3], [2690, 0], [2690, 3], [2689, 3], [2688, 2], [2608, 0], [2608, 2], [2528, 3], [2527, 0], [2527, 3], [2526, 2], [2446, 0], [2446, 3], [2445, 2], [2365, 3], [2364, 0], [2364, 2], [2284, 3], [2283, 3], [2282, 2], [2202, 0], [2202, 3], [2201, 2], [2121, 3], [2120, 3], [2119, 2], [2039, 0], [2039, 3], [2038, 0], [2038, 2], [1958, 2], [1878, 4], [1879, 0], [1879, 4], [1880, 2], [1800, 0], [1800, 2], [1720, 2], [1640, 4]]",1
"7.14-8,74,207,99,147,223+12","[[1641, 1], [1721, 1], [1801, 3], [1800, 0], [1800, 3], [1799, 1], [1879, 0], [1879, 1], [1959, 3], [1958, 1], [2038, 0], [2038, 4], [2039, 0], [2039, 1], [2119, 4], [2120, 4], [2121, 4], [2122, 1], [2202, 0], [2202, 4], [2203, 1], [2283, 4], [2284, 1], [2364, 0], [2364, 4], [2365, 1], [2445, 4], [2446, 0], [2446, 1], [2526, 4], [2527, 0], [2527, 1], [2607, 4], [2608, 0], [2608, 4], [2609, 1], [2689, 4], [2690, 0], [2690, 1], [2770, 4], [2771, 1], [2851, 4], [2852, 0], [2852, 4], [2853, 4], [2854, 1], [2934, 0], [2934, 1], [3014, 4], [3015, 4], [3016, 4], [3017, 1], [3097, 0], [3097, 4], [3098, 4], [3099, 1], [3179, 0], [3179, 4], [3180, 1], [3260, 1], [3340, 4], [3341, 0], [3341, 4], [3342, 4], [3343, 4], [3344, 0], [3344, 4], [3345, 4], [3346, 4], [3347, 0], [3347, 4], [3348, 0], [3348, 1], [3428, 4], [3429, 0], [3429, 4], [3430, 4], [3431, 4], [3432, 0], [3432, 4], [3433, 4], [3434, 4]]",1
"7.14-8,74,207,99,147,223+19","[[2375, 1], [2455, 4], [2456, 0], [2456, 1], [2536, 4], [2537, 0], [2537, 1], [2617, 4], [2618, 0], [2618, 1], [2698, 0], [2698, 1], [2778, 4], [2779, 0], [2779, 1], [2859, 1], [2939, 0], [2939, 3], [2938, 1], [3018, 0], [3018, 1], [3098, 3]]",1
"7.14-8,74,207,99,147,223+20","[[3097, 2], [3017, 4], [3018, 0], [3018, 4], [3019, 2], [2939, 0], [2939, 2], [2859, 2], [2779, 0], [2779, 3], [2778, 2], [2698, 0], [2698, 2], [2618, 0], [2618, 2], [2538, 3], [2537, 0], [2537, 2], [2457, 3], [2456, 0], [2456, 3], [2455, 2]]",1
"7.14-8,74,207,99,147,223+21","[[2375, 4], [2376, 1], [2456, 0], [2456, 4], [2457, 1], [2537, 0], [2537, 1], [2617, 4], [2618, 0], [2618, 1], [2698, 0], [2698, 1], [2778, 4], [2779, 0], [2779, 1], [2859, 1], [2939, 0], [2939, 1], [3019, 3], [3018, 0], [3018, 3], [3017, 1]]",1
"7.14-8,74,207,99,147,223+40","[[2934, 0], [2934, 0], [2934, 0]]",1
"7.14-8,74,207,99,147,223+44","[[2934, 0], [2934, 0], [2934, 0], [2934, 0], [2934, 0], [2934, 0], [2934, 0], [2934, 0], [2934, 0], [2934, 0], [2934, 0], [2934, 0], [2934, 0], [2934, 0], [2934, 0], [2934, 0]]",1
"7.14-32,84,250,87,207,6+1","[[1641, 1], [1721, 3], [1720, 1], [1800, 0], [1800, 3], [1799, 1], [1879, 0], [1879, 1], [1959, 3], [1958, 1], [2038, 0], [2038, 2], [1958, 2], [1878, 3], [1877, 0], [1877, 3], [1876, 2], [1796, 3], [1795, 3], [1794, 0], [1794, 2], [1714, 3], [1713, 3], [1712, 3], [1711, 2], [1631, 0], [1631, 3], [1630, 3], [1629, 2], [1549, 3], [1548, 0], [1548, 3], [1547, 3], [1546, 2], [1466, 0], [1466, 3], [1465, 2], [1385, 3], [1384, 3], [1383, 2], [1303, 0], [1303, 3], [1302, 3], [1301, 3], [1300, 2], [1220, 3], [1219, 0], [1219, 3], [1218, 2], [1138, 3], [1137, 0], [1137, 3], [1136, 2], [1056, 3], [1055, 0], [1055, 3], [1054, 2], [974, 3], [973, 2], [893, 3]]",1
"7.14-32,84,250,87,207,6+2","[[892, 1], [972, 4], [973, 4], [974, 4], [975, 1], [1055, 0], [1055, 4], [1056, 1], [1136, 4], [1137, 0], [1137, 4], [1138, 4], [1139, 1], [1219, 0], [1219, 4], [1220, 4], [1221, 1], [1301, 4], [1302, 4], [1303, 0], [1303, 4], [1304, 1], [1384, 4], [1385, 1], [1465, 4], [1466, 0], [1466, 4], [1467, 1], [1547, 4], [1548, 0], [1548, 4], [1549, 4], [1550, 1], [1630, 4], [1631, 0], [1631, 4], [1632, 1], [1712, 4], [1713, 1], [1793, 4], [1794, 0], [1794, 4], [1795, 4], [1796, 1], [1876, 4], [1877, 0], [1877, 1], [1957, 1], [2037, 4]]",1
"7.14-32,84,250,87,207,6+3","[[2038, 4], [2039, 0], [2039, 1], [2119, 4], [2120, 4], [2121, 4], [2122, 1], [2202, 0], [2202, 4], [2203, 1], [2283, 4], [2284, 1], [2364, 0], [2364, 4], [2365, 1], [2445, 4], [2446, 0], [2446, 1], [2526, 4], [2527, 0], [2527, 1], [2607, 3], [2606, 1], [2686, 0], [2686, 1], [2766, 1], [2846, 0], [2846, 1], [2926, 0], [2926, 4], [2927, 1]]",1
"7.14-32,84,250,87,207,6+4","[[3007, 2], [2927, 3], [2926, 0], [2926, 2], [2846, 0], [2846, 2], [2766, 2], [2686, 0], [2686, 2], [2606, 2], [2526, 4], [2527, 0], [2527, 2], [2447, 3], [2446, 0], [2446, 3], [2445, 3], [2444, 2], [2364, 0], [2364, 2], [2284, 3], [2283, 3], [2282, 2], [2202, 0], [2202, 3], [2201, 2], [2121, 3], [2120, 2], [2040, 3], [2039, 0], [2039, 3], [2038, 0], [2038, 2], [1958, 2], [1878, 4], [1879, 0], [1879, 4], [1880, 2], [1800, 0], [1800, 2], [1720, 2], [1640, 4]]",1
"7.14-32,84,250,87,207,6+5","[[1641, 1], [1721, 1], [1801, 3], [1800, 0], [1800, 3], [1799, 1], [1879, 0], [1879, 1], [1959, 3], [1958, 1], [2038, 0], [2038, 4], [2039, 0], [2039, 1], [2119, 4], [2120, 4], [2121, 1], [2201, 4], [2202, 0], [2202, 4], [2203, 1], [2283, 4], [2284, 1], [2364, 0], [2364, 4], [2365, 4], [2366, 1], [2446, 0], [2446, 4], [2447, 1], [2527, 0], [2527, 1], [2607, 1], [2687, 3], [2686, 0], [2686, 1], [2766, 1], [2846, 0], [2846, 1], [2926, 0], [2926, 1], [3006, 4]]",1
"7.14-32,84,250,87,207,6+6","[[3007, 2], [2927, 3], [2926, 0], [2926, 2], [2846, 0], [2846, 2], [2766, 2], [2686, 0], [2686, 2], [2606, 4], [2607, 2], [2527, 0], [2527, 3], [2526, 2], [2446, 0], [2446, 3], [2445, 2], [2365, 3], [2364, 0], [2364, 2], [2284, 3], [2283, 2], [2203, 3], [2202, 0], [2202, 2], [2122, 3], [2121, 3], [2120, 3], [2119, 2], [2039, 0], [2039, 3], [2038, 0], [2038, 2], [1958, 4], [1959, 2], [1879, 0], [1879, 2], [1799, 4], [1800, 0], [1800, 2], [1720, 2], [1640, 4]]",1
"7.14-32,84,250,87,207,6+7","[[1641, 1], [1721, 1], [1801, 3], [1800, 0], [1800, 1], [1880, 3], [1879, 0], [1879, 1], [1959, 1], [2039, 3], [2038, 0], [2038, 4], [2039, 0], [2039, 4], [2040, 1], [2120, 4], [2121, 4], [2122, 1], [2202, 0], [2202, 4], [2203, 1], [2283, 1], [2363, 4], [2364, 0], [2364, 4], [2365, 4], [2366, 1], [2446, 0], [2446, 4], [2447, 1], [2527, 0], [2527, 1], [2607, 3], [2606, 1], [2686, 0], [2686, 1], [2766, 1], [2846, 0], [2846, 1], [2926, 0], [2926, 4], [2927, 1]]",1
"7.14-32,84,250,87,207,6+8","[[3007, 4], [3008, 1], [3088, 0], [3088, 4], [3089, 0], [3089, 4], [3090, 1], [3170, 0], [3170, 4], [3171, 0], [3171, 4], [3172, 2], [3092, 4], [3093, 0], [3093, 2], [3013, 2], [2933, 4], [2934, 0], [2934, 4], [2935, 1], [3015, 4], [3016, 1], [3096, 4]]",1
"7.14-32,84,250,87,207,6+9","[[3097, 3], [3096, 2], [3016, 3], [3015, 3], [3014, 2], [2934, 0], [2934, 3], [2933, 3], [2932, 2], [2852, 0], [2852, 3], [2851, 2], [2771, 3], [2770, 2], [2690, 0], [2690, 3], [2689, 3], [2688, 2], [2608, 0], [2608, 2], [2528, 3], [2527, 0], [2527, 2], [2447, 3], [2446, 0], [2446, 3], [2445, 3], [2444, 2], [2364, 0], [2364, 2], [2284, 3], [2283, 2], [2203, 3], [2202, 0], [2202, 3], [2201, 2], [2121, 3], [2120, 2], [2040, 3], [2039, 0], [2039, 3]]",1
"7.14-32,84,250,87,207,6+10","[[2038, 4], [2039, 0], [2039, 4], [2040, 1], [2120, 4], [2121, 1], [2201, 4], [2202, 0], [2202, 4], [2203, 1], [2283, 4], [2284, 1], [2364, 0], [2364, 4], [2365, 1], [2445, 4], [2446, 0], [2446, 4], [2447, 1], [2527, 0], [2527, 4], [2528, 1], [2608, 0], [2608, 4], [2609, 4], [2610, 1], [2690, 0], [2690, 1], [2770, 4], [2771, 4], [2772, 1], [2852, 0], [2852, 4], [2853, 1], [2933, 4], [2934, 0], [2934, 1], [3014, 4], [3015, 4], [3016, 1], [3096, 4]]",1
"7.14-32,84,250,87,207,6+11","[[3097, 3], [3096, 2], [3016, 3], [3015, 2], [2935, 3], [2934, 0], [2934, 3], [2933, 2], [2853, 3], [2852, 0], [2852, 3], [2851, 2], [2771, 3], [2770, 2], [2690, 0], [2690, 3], [2689, 2], [2609, 3], [2608, 0], [2608, 2], [2528, 3], [2527, 0], [2527, 3], [2526, 2], [2446, 0], [2446, 3], [2445, 3], [2444, 2], [2364, 0], [2364, 3], [2363, 2], [2283, 2], [2203, 3], [2202, 0], [2202, 3], [2201, 2], [2121, 3], [2120, 3], [2119, 2], [2039, 0], [2039, 3]]",1
"7.14-32,84,250,87,207,6+12","[[2038, 4], [2039, 0], [2039, 1], [2119, 4], [2120, 4], [2121, 1], [2201, 4], [2202, 0], [2202, 4], [2203, 1], [2283, 1], [2363, 4], [2364, 0], [2364, 4], [2365, 1], [2445, 4], [2446, 0], [2446, 4], [2447, 1], [2527, 0], [2527, 1], [2607, 4], [2608, 0], [2608, 4], [2609, 4], [2610, 1], [2690, 0], [2690, 1], [2770, 4], [2771, 1], [2851, 4], [2852, 0], [2852, 4], [2853, 1], [2933, 4], [2934, 0], [2934, 4], [2935, 1], [3015, 4], [3016, 4], [3017, 1]]",1
"7.14-32,84,250,87,207,6+13","[[3097, 2], [3017, 3], [3016, 3], [3015, 2], [2935, 3], [2934, 0], [2934, 3], [2933, 2], [2853, 3], [2852, 0], [2852, 3], [2851, 2], [2771, 2], [2691, 3], [2690, 0], [2690, 3], [2689, 2], [2609, 3], [2608, 0], [2608, 3], [2607, 2], [2527, 0], [2527, 2], [2447, 3], [2446, 0], [2446, 3], [2445, 3], [2444, 2], [2364, 0], [2364, 2], [2284, 3], [2283, 3], [2282, 2], [2202, 0], [2202, 3], [2201, 2], [2121, 3], [2120, 2], [2040, 3], [2039, 0], [2039, 3]]",1
"7.14-164,64,140,31,142,167+1","[[4222, 0], [4222, 0], [4222, 0], [4222, 0], [4222, 0], [4222, 0], [4222, 0], [4222, 0], [4222, 0], [4222, 0], [4222, 0], [4222, 2], [4142, 4], [4143, 0], [4143, 2], [4063, 0], [4063, 4], [4064, 0], [4064, 2], [3984, 0], [3984, 4], [3985, 0], [3985, 1], [4065, 4], [4066, 0], [4066, 2], [3986, 4], [3987, 0], [3987, 2], [3907, 2], [3827, 0], [3827, 4], [3828, 0], [3828, 2], [3748, 4], [3749, 0], [3749, 2], [3669, 2], [3589, 0], [3589, 2], [3509, 2], [3429, 0], [3429, 4], [3430, 4], [3431, 4], [3432, 0], [3432, 4], [3433, 4], [3434, 4]]",2
"7.14-164,64,140,31,142,167+2","[[3435, 0], [3435, 0], [3435, 0], [3435, 0], [3435, 0], [3435, 0], [3435, 0], [3435, 0], [3435, 0], [3435, 0], [3435, 0], [3435, 0], [3435, 3], [3434, 3], [3433, 3], [3432, 0], [3432, 3], [3431, 3], [3430, 3], [3429, 0], [3429, 2], [3349, 3], [3348, 0], [3348, 3], [3347, 0], [3347, 3], [3346, 3], [3345, 3], [3344, 0], [3344, 3], [3343, 3], [3342, 3], [3341, 0], [3341, 3], [3340, 2], [3260, 3], [3259, 2], [3179, 0], [3179, 3], [3178, 2], [3098, 3]]",2
"7.14-164,64,140,31,142,167+3","[[3097, 0], [3097, 4], [3098, 4], [3099, 1], [3179, 0], [3179, 4], [3180, 1], [3260, 1], [3340, 4], [3341, 0], [3341, 4], [3342, 4], [3343, 4]]",2
"7.14-164,64,140,31,142,167+4","[[3344, 4], [3345, 4], [3346, 4], [3347, 0], [3347, 4], [3348, 0], [3348, 4], [3349, 1], [3429, 0], [3429, 1], [3509, 1], [3589, 0], [3589, 1], [3669, 1], [3749, 0], [3749, 1], [3829, 3], [3828, 0], [3828, 3], [3827, 0], [3827, 1], [3907, 1], [3987, 0], [3987, 3], [3986, 1], [4066, 0], [4066, 2], [3986, 3], [3985, 0], [3985, 3], [3984, 0], [3984, 1], [4064, 0], [4064, 3], [4063, 0], [4063, 1], [4143, 0], [4143, 1], [4223, 3]]",2
"7.14-164,64,140,31,142,167+5","[[4222, 2], [4142, 4], [4143, 0], [4143, 2], [4063, 0], [4063, 4], [4064, 0], [4064, 2], [3984, 0], [3984, 4], [3985, 0], [3985, 1], [4065, 4], [4066, 0], [4066, 4], [4067, 2], [3987, 0], [3987, 2], [3907, 2], [3827, 0], [3827, 4], [3828, 0], [3828, 4], [3829, 2], [3749, 0], [3749, 2], [3669, 2], [3589, 0], [3589, 2], [3509, 2], [3429, 0], [3429, 2], [3349, 3], [3348, 0], [3348, 3], [3347, 0], [3347, 3], [3346, 3], [3345, 3], [3344, 0], [3344, 3], [3343, 3], [3342, 3], [3341, 0], [3341, 3], [3340, 2], [3260, 2], [3180, 3], [3179, 0], [3179, 3], [3178, 2], [3098, 3], [3097, 0], [3097, 2], [3017, 3], [3016, 3], [3015, 2], [2935, 3], [2934, 0], [2934, 3], [2933, 3], [2932, 2], [2852, 0], [2852, 3], [2851, 2], [2771, 2], [2691, 3], [2690, 0], [2690, 3], [2689, 2], [2609, 3], [2608, 0], [2608, 3], [2607, 2]]",2
"7.14-192,203,241,128,223,206+1","[[3097, 4], [3098, 4], [3099, 1], [3179, 0], [3179, 1], [3259, 4], [3260, 4], [3261, 1], [3341, 0], [3341, 4], [3342, 4], [3343, 4]]",2
"7.14-192,203,241,128,223,206+2","[[3344, 3], [3343, 3], [3342, 3], [3341, 0], [3341, 3], [3340, 2], [3260, 3], [3259, 2], [3179, 0], [3179, 3], [3178, 2], [3098, 3]]",2
"7.14-192,203,241,128,223,206+3","[[3097, 2], [3017, 3], [3016, 3], [3015, 3], [3014, 2], [2934, 0], [2934, 3], [2933, 3], [2932, 2], [2852, 0], [2852, 3], [2851, 2], [2771, 3], [2770, 2], [2690, 0], [2690, 3], [2689, 2], [2609, 3], [2608, 0], [2608, 2], [2528, 3], [2527, 0], [2527, 2], [2447, 3], [2446, 0], [2446, 3], [2445, 3], [2444, 2], [2364, 0], [2364, 3], [2363, 2], [2283, 3], [2282, 2], [2202, 0], [2202, 2], [2122, 3], [2121, 3], [2120, 3], [2119, 2], [2039, 0], [2039, 3], [2038, 0], [2038, 2], [1958, 2], [1878, 3], [1877, 0], [1877, 3], [1876, 2], [1796, 3], [1795, 3], [1794, 0], [1794, 2], [1714, 3], [1713, 3], [1712, 2], [1632, 3], [1631, 0], [1631, 3], [1630, 2], [1550, 3], [1549, 3], [1548, 0], [1548, 3], [1547, 2], [1467, 3], [1466, 0], [1466, 2], [1386, 3], [1385, 3], [1384, 3], [1383, 2], [1303, 0], [1303, 3], [1302, 3], [1301, 3], [1300, 2], [1220, 3], [1219, 0], [1219, 3], [1218, 3], [1217, 2], [1137, 0], [1137, 3], [1136, 3], [1135, 2], [1055, 0], [1055, 2], [975, 3], [974, 3], [973, 2], [893, 3], [892, 0], [892, 3], [891, 3], [890, 0], [890, 2], [810, 3], [809, 2], [729, 0], [729, 3], [728, 2], [648, 0], [648, 2], [568, 3], [567, 0], [567, 3], [566, 2], [486, 3], [485, 3], [484, 2], [404, 0], [404, 2], [324, 3], [323, 2], [243, 3]]",2
"7.14-192,203,241,128,223,206+4","[[242, 4], [243, 1], [323, 4], [324, 1], [404, 0], [404, 4], [405, 1], [485, 4], [486, 1], [566, 4], [567, 0], [567, 1], [647, 4], [648, 0], [648, 4], [649, 1], [729, 0], [729, 1], [809, 4], [810, 1], [890, 0], [890, 4], [891, 4], [892, 0], [892, 1], [972, 4], [973, 4], [974, 1], [1054, 4], [1055, 0], [1055, 4], [1056, 1], [1136, 4], [1137, 0], [1137, 4], [1138, 4], [1139, 1], [1219, 0], [1219, 4], [1220, 4], [1221, 4], [1222, 1], [1302, 4], [1303, 0], [1303, 4], [1304, 1], [1384, 4], [1385, 4], [1386, 1], [1466, 0], [1466, 4], [1467, 1], [1547, 4], [1548, 0], [1548, 4], [1549, 1], [1629, 4], [1630, 4], [1631, 0], [1631, 4], [1632, 1], [1712, 4], [1713, 4], [1714, 1], [1794, 0], [1794, 4], [1795, 4], [1796, 1], [1876, 4], [1877, 0], [1877, 1], [1957, 1], [2037, 4], [2038, 0], [2038, 4], [2039, 0], [2039, 1], [2119, 4], [2120, 4], [2121, 1], [2201, 4], [2202, 0], [2202, 4], [2203, 1], [2283, 4], [2284, 1], [2364, 0], [2364, 4], [2365, 1], [2445, 4], [2446, 0], [2446, 4], [2447, 1], [2527, 0], [2527, 4], [2528, 1], [2608, 0], [2608, 4], [2609, 1], [2689, 4], [2690, 0], [2690, 4], [2691, 1], [2771, 1], [2851, 4], [2852, 0], [2852, 4], [2853, 1], [2933, 4], [2934, 0], [2934, 4], [2935, 1], [3015, 4], [3016, 1], [3096, 4], [3097, 0], [3097, 4], [3098, 1], [3178, 4], [3179, 0], [3179, 3], [3178, 1], [3258, 0], [3258, 1], [3338, 1], [3418, 3], [3417, 0], [3417, 1], [3497, 0], [3497, 3], [3496, 1], [3576, 0], [3576, 3], [3575, 1], [3655, 0], [3655, 3], [3654, 1], [3734, 0], [3734, 3], [3733, 0], [3733, 3], [3732, 3], [3731, 1], [3811, 0], [3811, 3], [3810, 1]]",2
"7.14-48,74,38,155,214,98+1","[[3097, 4], [3098, 4], [3099, 1], [3179, 0], [3179, 4], [3180, 1], [3260, 4], [3261, 1], [3341, 0], [3341, 4], [3342, 4], [3343, 4]]",1
"7.14-48,74,38,155,214,98+2","[[3344, 3], [3343, 3], [3342, 3], [3341, 0], [3341, 2], [3261, 3], [3260, 3], [3259, 2], [3179, 0], [3179, 3], [3178, 3], [3177, 2], [3097, 0], [3097, 3], [3096, 2], [3016, 3], [3015, 2], [2935, 3], [2934, 0], [2934, 3], [2933, 2], [2853, 3], [2852, 0], [2852, 3], [2851, 2], [2771, 3], [2770, 2], [2690, 0], [2690, 3], [2689, 2], [2609, 3], [2608, 0], [2608, 2], [2528, 3], [2527, 0], [2527, 2], [2447, 3], [2446, 0], [2446, 3], [2445, 3], [2444, 2], [2364, 0], [2364, 2], [2284, 3], [2283, 3], [2282, 2], [2202, 0], [2202, 3], [2201, 2], [2121, 3], [2120, 3], [2119, 2], [2039, 0], [2039, 3], [2038, 0], [2038, 2], [1958, 2], [1878, 4], [1879, 0], [1879, 4], [1880, 2], [1800, 0], [1800, 2], [1720, 2], [1640, 4]]",1
"7.14-48,74,38,155,214,98+3","[[1641, 1], [1721, 3], [1720, 1], [1800, 0], [1800, 1], [1880, 3], [1879, 0], [1879, 1], [1959, 3], [1958, 1], [2038, 0], [2038, 4], [2039, 0], [2039, 1], [2119, 4], [2120, 4], [2121, 4], [2122, 1], [2202, 0], [2202, 1], [2282, 4], [2283, 4], [2284, 1], [2364, 0], [2364, 4], [2365, 4], [2366, 1], [2446, 0], [2446, 1], [2526, 4], [2527, 0], [2527, 1], [2607, 4], [2608, 0], [2608, 4], [2609, 1], [2689, 4], [2690, 0], [2690, 1], [2770, 4], [2771, 4], [2772, 1], [2852, 0], [2852, 4], [2853, 4], [2854, 1], [2934, 0], [2934, 4], [2935, 1], [3015, 4], [3016, 1], [3096, 4], [3097, 0], [3097, 4], [3098, 1], [3178, 4], [3179, 0], [3179, 4], [3180, 1], [3260, 1], [3340, 4], [3341, 0], [3341, 4], [3342, 4], [3343, 4]]",1
"7.14-48,74,38,155,214,98+4","[[3344, 3], [3343, 3], [3342, 3], [3341, 0], [3341, 3], [3340, 2], [3260, 2], [3180, 3], [3179, 0], [3179, 3], [3178, 3], [3177, 2]]",1
"7.14-48,74,38,155,214,98+5","[[3097, 4], [3098, 1], [3178, 4], [3179, 0], [3179, 4], [3180, 1], [3260, 4], [3261, 1], [3341, 0], [3341, 4], [3342, 4], [3343, 4]]",1
"7.14-48,74,38,155,214,98+6","[[3344, 3], [3343, 3], [3342, 3], [3341, 0], [3341, 2], [3261, 3], [3260, 3], [3259, 2], [3179, 0], [3179, 3], [3178, 2], [3098, 3]]",1
"7.14-48,74,38,155,214,98+7","[[3097, 4], [3098, 1], [3178, 4], [3179, 0], [3179, 1], [3259, 4], [3260, 1], [3340, 4], [3341, 0], [3341, 4], [3342, 4], [3343, 4]]",1
"7.14-48,74,38,155,214,98+8","[[3344, 3], [3343, 3], [3342, 3], [3341, 0], [3341, 2], [3261, 3], [3260, 3], [3259, 2], [3179, 0], [3179, 3], [3178, 2], [3098, 3]]",1
"7.14-48,74,38,155,214,98+9","[[3097, 2], [3017, 3], [3016, 3], [3015, 2], [2935, 3], [2934, 0], [2934, 3], [2933, 2], [2853, 3], [2852, 0], [2852, 2], [2772, 3], [2771, 2], [2691, 3], [2690, 0], [2690, 3], [2689, 3], [2688, 2], [2608, 0], [2608, 2], [2528, 3], [2527, 0], [2527, 2], [2447, 3], [2446, 0], [2446, 3], [2445, 3], [2444, 2], [2364, 0], [2364, 2], [2284, 3], [2283, 3], [2282, 2], [2202, 0], [2202, 3], [2201, 2], [2121, 3], [2120, 2], [2040, 3], [2039, 0], [2039, 3], [2038, 0], [2038, 2], [1958, 2], [1878, 4], [1879, 0], [1879, 2], [1799, 4], [1800, 0], [1800, 2], [1720, 4], [1721, 2]]",1
"7.14-48,74,38,155,214,98+10","[[1641, 1], [1721, 1], [1801, 3], [1800, 0], [1800, 1], [1880, 3], [1879, 0], [1879, 1], [1959, 1], [2039, 3], [2038, 0], [2038, 4], [2039, 0], [2039, 4], [2040, 1], [2120, 4], [2121, 4], [2122, 1], [2202, 0], [2202, 4], [2203, 1], [2283, 1], [2363, 4], [2364, 0], [2364, 4], [2365, 4], [2366, 1], [2446, 0], [2446, 4], [2447, 1], [2527, 0], [2527, 4], [2528, 1], [2608, 0], [2608, 4], [2609, 4], [2610, 1], [2690, 0], [2690, 1], [2770, 4], [2771, 4], [2772, 1], [2852, 0], [2852, 4], [2853, 1], [2933, 4], [2934, 0], [2934, 1], [3014, 4], [3015, 4], [3016, 1], [3096, 4], [3097, 0], [3097, 4], [3098, 1], [3178, 4], [3179, 0], [3179, 4], [3180, 1], [3260, 4], [3261, 1], [3341, 0], [3341, 4], [3342, 4], [3343, 4]]",1
"7.14-48,74,38,155,214,98+11","[[3344, 0], [3344, 0], [3344, 0], [3344, 0], [3344, 0], [3344, 3], [3343, 3], [3342, 3], [3341, 0], [3341, 3], [3340, 2], [3260, 3], [3259, 2], [3179, 0], [3179, 3], [3178, 3], [3177, 2], [3097, 0], [3097, 2], [3017, 3], [3016, 3], [3015, 3], [3014, 2], [2934, 0], [2934, 3], [2933, 2], [2853, 3], [2852, 0], [2852, 2], [2772, 3], [2771, 3], [2770, 2], [2690, 0], [2690, 3], [2689, 3], [2688, 2], [2608, 0], [2608, 2], [2528, 3], [2527, 0], [2527, 3], [2526, 2], [2446, 0], [2446, 3], [2445, 2], [2365, 3], [2364, 0], [2364, 2], [2284, 3], [2283, 3], [2282, 2], [2202, 0], [2202, 3], [2201, 2], [2121, 3], [2120, 2], [2040, 3], [2039, 0], [2039, 3], [2038, 0], [2038, 2], [1958, 2], [1878, 4], [1879, 0], [1879, 2], [1799, 4], [1800, 0], [1800, 2], [1720, 4], [1721, 2]]",1
"7.14-48,74,38,155,214,98+12","[[1641, 1], [1721, 1], [1801, 3], [1800, 0], [1800, 1], [1880, 3], [1879, 0], [1879, 1], [1959, 1], [2039, 3], [2038, 0], [2038, 4], [2039, 0], [2039, 1], [2119, 4], [2120, 4], [2121, 4], [2122, 1], [2202, 0], [2202, 4], [2203, 1], [2283, 4], [2284, 1], [2364, 0], [2364, 4], [2365, 4], [2366, 1], [2446, 0], [2446, 1], [2526, 4]]",1
"7.14-48,74,38,155,214,98+13","[[2527, 1], [2607, 4], [2608, 0], [2608, 4], [2609, 1], [2689, 4], [2690, 0], [2690, 1], [2770, 4], [2771, 4], [2772, 1], [2852, 0], [2852, 4], [2853, 1], [2933, 4], [2934, 0], [2934, 4], [2935, 1], [3015, 4], [3016, 1], [3096, 4], [3097, 0], [3097, 4], [3098, 1], [3178, 4], [3179, 0], [3179, 1], [3259, 4], [3260, 4], [3261, 1], [3341, 0], [3341, 4], [3342, 4], [3343, 4], [3344, 0], [3344, 4], [3345, 4], [3346, 4], [3347, 0], [3347, 4], [3348, 0], [3348, 1], [3428, 4], [3429, 0], [3429, 4], [3430, 4], [3431, 4], [3432, 0], [3432, 4], [3433, 4], [3434, 4]]",1
"7.14-48,74,38,155,214,98+14","[[3435, 3], [3434, 3], [3433, 3], [3432, 0], [3432, 3], [3431, 3], [3430, 3], [3429, 0], [3429, 3], [3428, 2], [3348, 0], [3348, 3], [3347, 0], [3347, 3], [3346, 3], [3345, 3], [3344, 0], [3344, 3], [3343, 3], [3342, 3], [3341, 0], [3341, 3], [3340, 2], [3260, 3], [3259, 2], [3179, 0], [3179, 3], [3178, 3], [3177, 2]]",1
"7.14-48,74,38,155,214,98+15","[[3097, 2], [3017, 3], [3016, 3], [3015, 2], [2935, 3], [2934, 0], [2934, 3], [2933, 2], [2853, 3], [2852, 0], [2852, 2], [2772, 3], [2771, 3], [2770, 2], [2690, 0], [2690, 3], [2689, 3], [2688, 2], [2608, 0], [2608, 3], [2607, 2]]",1
"7.14-48,74,38,155,214,98+16","[[2527, 4], [2528, 1], [2608, 0], [2608, 4], [2609, 4], [2610, 1], [2690, 0], [2690, 4], [2691, 1], [2771, 1], [2851, 4], [2852, 0], [2852, 4], [2853, 4], [2854, 1], [2934, 0], [2934, 1], [3014, 4], [3015, 4], [3016, 1], [3096, 4], [3097, 0], [3097, 4], [3098, 4], [3099, 1], [3179, 0], [3179, 4], [3180, 1], [3260, 4], [3261, 1], [3341, 0], [3341, 4], [3342, 4], [3343, 4]]",1
"7.14-48,74,38,155,214,98+17","[[3344, 3], [3343, 3], [3342, 3], [3341, 0], [3341, 2], [3261, 3], [3260, 2], [3180, 3], [3179, 0], [3179, 3], [3178, 2], [3098, 3]]",1
"7.14-48,74,38,155,214,98+18","[[3097, 4], [3098, 4], [3099, 1], [3179, 0], [3179, 1], [3259, 4], [3260, 4], [3261, 1], [3341, 0], [3341, 4], [3342, 4], [3343, 4]]",1
"7.14-48,74,38,155,214,98+19","[[3344, 3], [3343, 3], [3342, 3], [3341, 0], [3341, 3], [3340, 2], [3260, 3], [3259, 2], [3179, 0], [3179, 3], [3178, 3], [3177, 2]]",1
"7.14-240,98,90,159,90,22+1","[[3097, 4], [3098, 4], [3099, 1], [3179, 0], [3179, 1], [3259, 4], [3260, 4], [3261, 1], [3341, 0], [3341, 4], [3342, 4], [3343, 4], [3344, 0], [3344, 4], [3345, 4], [3346, 4], [3347, 0], [3347, 4], [3348, 0], [3348, 1], [3428, 4], [3429, 0], [3429, 4], [3430, 4], [3431, 4], [3432, 0], [3432, 4], [3433, 4], [3434, 4]]",1
"7.14-240,98,90,159,90,22+2","[[3435, 3], [3434, 3], [3433, 3], [3432, 0], [3432, 3], [3431, 3], [3430, 3], [3429, 0], [3429, 2], [3349, 3], [3348, 0], [3348, 3], [3347, 0], [3347, 3], [3346, 3], [3345, 3], [3344, 0], [3344, 3], [3343, 3], [3342, 3], [3341, 0], [3341, 2], [3261, 3], [3260, 2], [3180, 3], [3179, 0], [3179, 3], [3178, 2], [3098, 3]]",1
"7.14-240,98,90,159,90,22+3","[[3097, 4], [3098, 1], [3178, 4], [3179, 0], [3179, 1], [3259, 4], [3260, 4], [3261, 1], [3341, 0], [3341, 4], [3342, 4], [3343, 4], [3344, 0], [3344, 4], [3345, 4], [3346, 4], [3347, 0], [3347, 4], [3348, 0], [3348, 4], [3349, 1], [3429, 0], [3429, 4], [3430, 4], [3431, 4], [3432, 0], [3432, 4], [3433, 4], [3434, 4]]",1
"7.14-240,98,90,159,90,22+4","[[3435, 3], [3434, 3], [3433, 3], [3432, 0], [3432, 3], [3431, 3], [3430, 3], [3429, 0], [3429, 2], [3349, 3], [3348, 0], [3348, 3], [3347, 0], [3347, 3], [3346, 3], [3345, 3], [3344, 0], [3344, 3], [3343, 3], [3342, 3], [3341, 0], [3341, 2], [3261, 3], [3260, 3], [3259, 2], [3179, 0], [3179, 3], [3178, 2], [3098, 3]]",1
"7.14-240,98,90,159,90,22+5","[[3097, 4], [3098, 4], [3099, 1], [3179, 0], [3179, 1], [3259, 4], [3260, 4], [3261, 1], [3341, 0], [3341, 4], [3342, 4], [3343, 4]]",1
"7.14-240,98,90,159,90,22+9","[[3341, 0], [3341, 0], [3341, 0], [3341, 0], [3341, 0], [3341, 0], [3341, 0], [3341, 0], [3341, 0]]",1
"7.14-240,98,90,159,90,22+10","[[3435, 3], [3434, 3], [3433, 3], [3432, 0], [3432, 3], [3431, 3], [3430, 3], [3429, 0], [3429, 2], [3349, 3], [3348, 0], [3348, 3], [3347, 0], [3347, 3], [3346, 3], [3345, 3]]",1
"7.14-240,98,90,159,90,22+13","[[3344, 3], [3343, 3], [3342, 3], [3341, 0], [3341, 3], [3340, 2], [3260, 3], [3259, 2], [3179, 0], [3179, 3], [3178, 3], [3177, 2], [3097, 0], [3097, 2], [3017, 3], [3016, 3], [3015, 3], [3014, 2], [2934, 0], [2934, 3], [2933, 3], [2932, 2], [2852, 0], [2852, 3], [2851, 2], [2771, 3], [2770, 2], [2690, 0], [2690, 3], [2689, 3], [2688, 2], [2608, 0], [2608, 3], [2607, 2], [2527, 0], [2527, 2], [2447, 3], [2446, 0], [2446, 3], [2445, 2], [2365, 3], [2364, 0], [2364, 3], [2363, 2], [2283, 2], [2203, 3], [2202, 0], [2202, 3], [2201, 2], [2121, 3], [2120, 2], [2040, 3], [2039, 0], [2039, 3], [2038, 0], [2038, 2], [1958, 2], [1878, 4], [1879, 0], [1879, 2], [1799, 4], [1800, 0], [1800, 2], [1720, 4], [1721, 2]]",1
"7.14-240,98,90,159,90,22+14","[[1641, 1], [1721, 3], [1720, 1], [1800, 0], [1800, 3], [1799, 1], [1879, 0], [1879, 1], [1959, 1], [2039, 3]]",1
"7.14-240,98,90,159,90,22+17","[[2375, 0], [2375, 2], [2295, 3], [2294, 0], [2294, 3], [2293, 0], [2293, 3], [2292, 0], [2292, 3], [2291, 0], [2291, 3], [2290, 2], [2210, 3], [2209, 0], [2209, 2], [2129, 3], [2128, 0], [2128, 2], [2048, 0], [2048, 3], [2047, 3], [2046, 0], [2046, 3], [2045, 2], [1965, 3], [1964, 2], [1884, 0], [1884, 3], [1883, 3], [1882, 0], [1882, 3], [1881, 2], [1801, 3], [1800, 0], [1800, 2], [1720, 4], [1721, 2]]",1
"7.14-240,98,90,159,90,22+18","[[1641, 1], [1721, 1], [1801, 3], [1800, 0], [1800, 1], [1880, 3], [1879, 0], [1879, 1], [1959, 1], [2039, 3]]",1
"7.14-240,98,90,159,90,22+21","[[1641, 1], [1721, 1], [1801, 3], [1800, 0], [1800, 1], [1880, 3], [1879, 0], [1879, 1], [1959, 1], [2039, 3]]",1
"7.14-24,208,197,242,97,13+1","[[4222, 0], [4222, 0], [4222, 0], [4222, 0], [4222, 0], [4222, 0], [4222, 0], [4222, 0], [4222, 0], [4222, 0], [4222, 0], [4222, 0], [4222, 0], [4222, 0], [4222, 0], [4222, 0], [4222, 0], [4222, 0], [4222, 0], [4222, 0], [4222, 0], [4222, 0], [4222, 0], [4222, 0], [4222, 0], [4222, 0], [4222, 3], [4221, 1], [4301, 0], [4301, 3], [4300, 1], [4380, 0], [4380, 3], [4379, 3], [4378, 1], [4458, 0], [4458, 3], [4457, 0], [4457, 3], [4456, 1], [4536, 0], [4536, 3], [4535, 0], [4535, 3], [4534, 0], [4534, 3], [4533, 0], [4533, 3], [4532, 0], [4532, 0], [4532, 2], [4452, 2], [4372, 0], [4372, 3]]",1
"7.14-24,208,197,242,97,13+2","[[4371, 2], [4291, 0], [4291, 3], [4290, 2], [4210, 0], [4210, 2], [4130, 3], [4129, 0], [4129, 3], [4128, 2], [4048, 0], [4048, 2], [3968, 4], [3969, 0], [3969, 2], [3889, 4]]",1
"7.14-24,208,197,242,97,13+3","[[3890, 2], [3810, 4], [3811, 0], [3811, 4], [3812, 2], [3732, 4], [3733, 0], [3733, 4], [3734, 0], [3734, 4], [3735, 2], [3655, 0], [3655, 2], [3575, 4], [3576, 0], [3576, 2], [3496, 4], [3497, 0], [3497, 2], [3417, 0], [3417, 2], [3337, 4], [3338, 2], [3258, 0], [3258, 2], [3178, 4], [3179, 0], [3179, 3], [3178, 2], [3098, 3]]",1
"7.14-24,208,197,242,97,13+4","[[3097, 4], [3098, 4], [3099, 1], [3179, 0], [3179, 1], [3259, 3], [3258, 0], [3258, 1], [3338, 1], [3418, 3], [3417, 0], [3417, 1], [3497, 0], [3497, 3], [3496, 1], [3576, 0], [3576, 1], [3656, 3], [3655, 0], [3655, 3], [3654, 1], [3734, 0], [3734, 3], [3733, 0], [3733, 3], [3732, 3], [3731, 1], [3811, 0], [3811, 1], [3891, 3], [3890, 0], [3890, 3], [3889, 1], [3969, 0], [3969, 3], [3968, 1], [4048, 0], [4048, 4], [4049, 1], [4129, 0], [4129, 1], [4209, 4], [4210, 0], [4210, 4], [4211, 1], [4291, 0], [4291, 1]]",1
"7.14-24,208,197,242,97,13+5","[[4371, 2], [4291, 0], [4291, 3], [4290, 2], [4210, 0], [4210, 2], [4130, 3], [4129, 0], [4129, 3], [4128, 2], [4048, 0], [4048, 4], [4049, 2], [3969, 0], [3969, 2], [3889, 4]]",1
"7.14-24,208,197,242,97,13+6","[[3890, 3], [3889, 1], [3969, 0], [3969, 3], [3968, 1], [4048, 0], [4048, 4], [4049, 1], [4129, 0], [4129, 4], [4130, 1], [4210, 0], [4210, 1], [4290, 4], [4291, 0], [4291, 1], [4371, 0], [4371, 4], [4372, 0], [4372, 1], [4452, 1], [4532, 0], [4532, 0], [4532, 4], [4533, 0], [4533, 4], [4534, 0], [4534, 4], [4535, 0], [4535, 4], [4536, 0], [4536, 4], [4537, 2], [4457, 0], [4457, 4], [4458, 0], [4458, 4], [4459, 2], [4379, 4], [4380, 0], [4380, 4], [4381, 2], [4301, 0], [4301, 4], [4302, 2]]",1
"7.14-24,208,197,242,97,13+7","[[4222, 2], [4142, 4], [4143, 0], [4143, 2], [4063, 0], [4063, 4], [4064, 0], [4064, 2], [3984, 0], [3984, 4], [3985, 0], [3985, 4], [3986, 1], [4066, 0], [4066, 4], [4067, 2], [3987, 0], [3987, 2], [3907, 2], [3827, 0], [3827, 4], [3828, 0], [3828, 4], [3829, 2], [3749, 0], [3749, 2], [3669, 2], [3589, 0], [3589, 2], [3509, 2], [3429, 0], [3429, 2], [3349, 3], [3348, 0], [3348, 3], [3347, 0], [3347, 3], [3346, 3], [3345, 3], [3344, 0], [3344, 3], [3343, 3], [3342, 3], [3341, 0], [3341, 3], [3340, 2], [3260, 3], [3259, 2], [3179, 0], [3179, 3], [3178, 3], [3177, 2], [3097, 0], [3097, 2], [3017, 3], [3016, 3], [3015, 3], [3014, 2], [2934, 0], [2934, 3], [2933, 2], [2853, 3], [2852, 0], [2852, 2], [2772, 3], [2771, 2], [2691, 3], [2690, 0], [2690, 3], [2689, 2], [2609, 3], [2608, 0], [2608, 2], [2528, 3]]",1
"7.14-24,208,197,242,97,13+8","[[2527, 1], [2607, 4], [2608, 0], [2608, 4], [2609, 1], [2689, 4], [2690, 0], [2690, 1], [2770, 4], [2771, 1], [2851, 4], [2852, 0], [2852, 4], [2853, 4], [2854, 1], [2934, 0], [2934, 1], [3014, 4], [3015, 4], [3016, 1], [3096, 4], [3097, 0], [3097, 4], [3098, 1], [3178, 4], [3179, 0], [3179, 1], [3259, 3], [3258, 0], [3258, 1], [3338, 1], [3418, 3], [3417, 0], [3417, 1], [3497, 0], [3497, 1], [3577, 3], [3576, 0], [3576, 1], [3656, 3], [3655, 0], [3655, 3], [3654, 1], [3734, 0], [3734, 3], [3733, 0], [3733, 3], [3732, 1], [3812, 3], [3811, 0], [3811, 3], [3810, 1]]",1
"7.14-24,208,197,242,97,13+9","[[3890, 2], [3810, 4], [3811, 0], [3811, 4], [3812, 4], [3813, 2], [3733, 0], [3733, 4], [3734, 0], [3734, 2], [3654, 4], [3655, 0], [3655, 2], [3575, 4], [3576, 0], [3576, 2], [3496, 4], [3497, 0], [3497, 2], [3417, 0], [3417, 2], [3337, 2], [3257, 4], [3258, 0], [3258, 2], [3178, 4], [3179, 0], [3179, 3], [3178, 3], [3177, 2]]",1
"7.14-24,208,197,242,97,13+10","[[3097, 4], [3098, 4], [3099, 1], [3179, 0], [3179, 4], [3180, 1], [3260, 4], [3261, 1], [3341, 0], [3341, 4], [3342, 4], [3343, 4]]",1
"7.14-24,208,197,242,97,13+11","[[3344, 4], [3345, 4], [3346, 4], [3347, 0], [3347, 4], [3348, 0], [3348, 4], [3349, 1], [3429, 0], [3429, 4], [3430, 4], [3431, 4], [3432, 0], [3432, 4], [3433, 4], [3434, 4]]",1
"7.14-24,208,197,242,97,13+12","[[3435, 4], [3436, 4], [3437, 0], [3437, 4], [3438, 1], [3518, 4]]",1
"7.14-24,208,197,242,97,13+13","[[3519, 3], [3518, 2], [3438, 3], [3437, 0], [3437, 3], [3436, 3], [3435, 0], [3435, 3], [3434, 3], [3433, 3], [3432, 0], [3432, 3], [3431, 3], [3430, 3], [3429, 0], [3429, 2], [3349, 3], [3348, 0], [3348, 3], [3347, 0], [3347, 3], [3346, 3], [3345, 3], [3344, 0], [3344, 3], [3343, 3], [3342, 3], [3341, 0], [3341, 2], [3261, 3], [3260, 3], [3259, 2], [3179, 0], [3179, 3], [3178, 2], [3098, 3]]",1
"7.14-24,208,197,242,97,13+14","[[3097, 4], [3098, 4], [3099, 1], [3179, 0], [3179, 1], [3259, 4], [3260, 4], [3261, 1], [3341, 0], [3341, 4], [3342, 4], [3343, 4]]",1
"7.14-24,208,197,242,97,13+15","[[3344, 4], [3345, 4], [3346, 4], [3347, 0], [3347, 4], [3348, 0], [3348, 4], [3349, 1], [3429, 0], [3429, 4], [3430, 4], [3431, 4], [3432, 0], [3432, 4], [3433, 4], [3434, 4]]",1
"7.14-24,208,197,242,97,13+16","[[3435, 4], [3436, 4], [3437, 0], [3437, 4], [3438, 4], [3439, 1]]",1
"7.14-24,208,197,242,97,13+17","[[3519, 3], [3518, 2], [3438, 3], [3437, 0], [3437, 3], [3436, 3], [3435, 0], [3435, 3], [3434, 3], [3433, 3], [3432, 0], [3432, 3], [3431, 3], [3430, 3], [3429, 0], [3429, 2], [3349, 3], [3348, 0], [3348, 3], [3347, 0], [3347, 3], [3346, 3], [3345, 3], [3344, 0], [3344, 3], [3343, 3], [3342, 3], [3341, 0], [3341, 2], [3261, 3], [3260, 2], [3180, 3], [3179, 0], [3179, 3], [3178, 3], [3177, 2]]",1
"7.14-24,208,197,242,97,13+18","[[3097, 4], [3098, 1], [3178, 4], [3179, 0], [3179, 1], [3259, 4], [3260, 4], [3261, 1], [3341, 0], [3341, 4], [3342, 4], [3343, 4], [3344, 0], [3344, 4], [3345, 4], [3346, 4], [3347, 0], [3347, 4], [3348, 0], [3348, 4], [3349, 1], [3429, 0], [3429, 4], [3430, 4], [3431, 4], [3432, 0], [3432, 4], [3433, 4], [3434, 4]]",1
"7.14-24,208,197,242,97,13+19","[[3435, 4], [3436, 4], [3437, 0], [3437, 4], [3438, 4], [3439, 1]]",1
"7.14-24,208,197,242,97,13+20","[[3519, 3], [3518, 2], [3438, 3], [3437, 0], [3437, 3], [3436, 3], [3435, 0], [3435, 3], [3434, 3], [3433, 3], [3432, 0], [3432, 3], [3431, 3], [3430, 3], [3429, 0], [3429, 2], [3349, 3], [3348, 0], [3348, 3], [3347, 0], [3347, 3], [3346, 3], [3345, 3], [3344, 0], [3344, 3], [3343, 3], [3342, 3], [3341, 0], [3341, 3], [3340, 2], [3260, 2], [3180, 3], [3179, 0], [3179, 3], [3178, 3], [3177, 2]]",1
"7.14-24,208,197,242,97,13+21","[[3097, 4], [3098, 4], [3099, 1], [3179, 0], [3179, 1], [3259, 4], [3260, 4], [3261, 1], [3341, 0], [3341, 4], [3342, 4], [3343, 4]]",1
"7.14-24,208,197,242,97,13+22","[[3344, 4], [3345, 4], [3346, 4], [3347, 0], [3347, 4], [3348, 0], [3348, 1], [3428, 4], [3429, 0], [3429, 4], [3430, 4], [3431, 4], [3432, 0], [3432, 4], [3433, 4], [3434, 4]]",1
"7.14-24,208,197,242,97,13+23","[[3435, 4], [3436, 4], [3437, 0], [3437, 4], [3438, 4], [3439, 1]]",1
"7.14-24,208,197,242,97,13+24","[[3519, 3], [3518, 2], [3438, 3], [3437, 0], [3437, 3], [3436, 3], [3435, 0], [3435, 3], [3434, 3], [3433, 3], [3432, 0], [3432, 3], [3431, 3], [3430, 3], [3429, 0], [3429, 2], [3349, 3], [3348, 0], [3348, 3], [3347, 0], [3347, 3], [3346, 3], [3345, 3], [3344, 0], [3344, 3], [3343, 3], [3342, 3], [3341, 0], [3341, 3], [3340, 2], [3260, 3], [3259, 2], [3179, 0], [3179, 3], [3178, 3], [3177, 2]]",1
"7.14-24,208,197,242,97,13+25","[[3097, 4], [3098, 1], [3178, 4], [3179, 0], [3179, 1], [3259, 4], [3260, 4], [3261, 1], [3341, 0], [3341, 4], [3342, 4], [3343, 4]]",1
"7.14-24,208,197,242,97,13+26","[[3344, 3], [3343, 3], [3342, 3], [3341, 0], [3341, 3], [3340, 2], [3260, 2], [3180, 3], [3179, 0], [3179, 3], [3178, 2], [3098, 3]]",1
"7.14-24,208,197,242,97,13+27","[[3097, 0], [3097, 0], [3097, 4], [3098, 4], [3099, 1], [3179, 0], [3179, 3], [3178, 1], [3258, 0], [3258, 1], [3338, 3], [3337, 1], [3417, 0], [3417, 1], [3497, 0], [3497, 3], [3496, 1], [3576, 0], [3576, 3], [3575, 1], [3655, 0], [3655, 1], [3735, 3], [3734, 0], [3734, 3], [3733, 0], [3733, 3], [3732, 1], [3812, 3], [3811, 0], [3811, 3], [3810, 1]]",1
"7.14-24,208,197,242,97,13+28","[[3890, 1], [3970, 3], [3969, 0], [3969, 3], [3968, 1], [4048, 0], [4048, 1], [4128, 4], [4129, 0], [4129, 1], [4209, 4], [4210, 0], [4210, 1], [4290, 4], [4291, 0], [4291, 1], [4371, 0], [4371, 4], [4372, 0], [4372, 1], [4452, 1], [4532, 0], [4532, 0], [4532, 4], [4533, 0], [4533, 4], [4534, 0], [4534, 4], [4535, 0], [4535, 4], [4536, 0], [4536, 2], [4456, 4], [4457, 0], [4457, 4], [4458, 0], [4458, 4], [4459, 2], [4379, 4], [4380, 0], [4380, 2], [4300, 4], [4301, 0], [4301, 4], [4302, 2]]",1
"7.14-24,208,197,242,97,13+29","[[4222, 3], [4221, 1], [4301, 0], [4301, 3], [4300, 1], [4380, 0], [4380, 3], [4379, 3], [4378, 1], [4458, 0], [4458, 3], [4457, 0], [4457, 1], [4537, 3], [4536, 0], [4536, 3], [4535, 0], [4535, 3], [4534, 0], [4534, 3], [4533, 0], [4533, 3], [4532, 0], [4532, 0], [4532, 2], [4452, 2], [4372, 0], [4372, 3]]",1
"7.14-24,208,197,242,97,13+30","[[4371, 4], [4372, 0], [4372, 1], [4452, 1], [4532, 0], [4532, 0], [4532, 4], [4533, 0], [4533, 4], [4534, 0], [4534, 4], [4535, 0], [4535, 4], [4536, 0], [4536, 4], [4537, 2], [4457, 0], [4457, 4], [4458, 0], [4458, 4], [4459, 4], [4460, 2], [4380, 0], [4380, 4], [4381, 2], [4301, 0], [4301, 2], [4221, 4]]",1
"7.14-24,208,197,242,97,13+31","[[4222, 0], [4222, 0], [4222, 0], [4222, 0], [4222, 0], [4222, 0], [4222, 0], [4222, 0], [4222, 0], [4222, 0], [4222, 0], [4222, 0], [4222, 0], [4222, 0], [4222, 0], [4222, 0], [4222, 0], [4222, 0], [4222, 0], [4222, 0], [4222, 1], [4302, 3], [4301, 0], [4301, 3], [4300, 1], [4380, 0], [4380, 3], [4379, 1], [4459, 3], [4458, 0], [4458, 3], [4457, 0], [4457, 1], [4537, 3], [4536, 0], [4536, 3], [4535, 0], [4535, 3], [4534, 0], [4534, 3], [4533, 0], [4533, 3], [4532, 0], [4532, 0], [4532, 2], [4452, 2], [4372, 0], [4372, 3]]",1
"7.14-212,26,63,131,183,163+1","[[2527, 2], [2447, 3], [2446, 0], [2446, 3], [2445, 2], [2365, 3], [2364, 0], [2364, 2], [2284, 3], [2283, 2], [2203, 3], [2202, 0], [2202, 3], [2201, 2], [2121, 3], [2120, 2], [2040, 3], [2039, 0], [2039, 3]]",2
"7.14-212,26,63,131,183,163+2","[[2038, 0], [2038, 4], [2039, 0], [2039, 4], [2040, 1], [2120, 4], [2121, 4], [2122, 1], [2202, 0], [2202, 1], [2282, 4], [2283, 1], [2363, 4], [2364, 0], [2364, 4], [2365, 4], [2366, 1], [2446, 0], [2446, 4], [2447, 1], [2527, 0], [2527, 1], [2607, 4], [2608, 0], [2608, 4], [2609, 1], [2689, 4], [2690, 0], [2690, 4], [2691, 1], [2771, 4], [2772, 1], [2852, 0], [2852, 4], [2853, 4], [2854, 1], [2934, 0], [2934, 1], [3014, 4], [3015, 4], [3016, 4], [3017, 1]]",2
"7.14-212,26,63,131,183,163+3","[[3097, 3], [3096, 2], [3016, 3], [3015, 2], [2935, 3], [2934, 0], [2934, 3], [2933, 2], [2853, 3], [2852, 0], [2852, 3], [2851, 2], [2771, 3], [2770, 2], [2690, 0], [2690, 3], [2689, 3], [2688, 2], [2608, 0], [2608, 3], [2607, 2]]",2
"7.14-212,26,63,131,183,163+4","[[2527, 1], [2607, 4], [2608, 0], [2608, 4], [2609, 4], [2610, 1], [2690, 0], [2690, 1], [2770, 4], [2771, 4], [2772, 1], [2852, 0], [2852, 4], [2853, 4], [2854, 1], [2934, 0], [2934, 1], [3014, 4], [3015, 4], [3016, 1], [3096, 4]]",2
"7.14-212,26,63,131,183,163+5","[[3097, 2], [3017, 3], [3016, 3], [3015, 2], [2935, 3], [2934, 0], [2934, 3], [2933, 3], [2932, 2], [2852, 0], [2852, 3], [2851, 2], [2771, 2], [2691, 3], [2690, 0], [2690, 3], [2689, 2], [2609, 3], [2608, 0], [2608, 3], [2607, 2]]",2
"7.14-212,26,63,131,183,163+6","[[2527, 1], [2607, 4], [2608, 0], [2608, 4], [2609, 4], [2610, 1], [2690, 0], [2690, 4], [2691, 1], [2771, 1], [2851, 4], [2852, 0], [2852, 4], [2853, 1], [2933, 4], [2934, 0], [2934, 1], [3014, 4], [3015, 4], [3016, 4], [3017, 1]]",2
"7.14-212,26,63,131,183,163+7","[[3097, 3], [3096, 2], [3016, 3], [3015, 3], [3014, 2], [2934, 0], [2934, 3], [2933, 2], [2853, 3], [2852, 0], [2852, 3], [2851, 2], [2771, 3], [2770, 2], [2690, 0], [2690, 3], [2689, 3], [2688, 2], [2608, 0], [2608, 2], [2528, 3], [2527, 0], [2527, 2], [2447, 3], [2446, 0], [2446, 3], [2445, 2], [2365, 3], [2364, 0], [2364, 3], [2363, 2], [2283, 2], [2203, 3], [2202, 0], [2202, 3], [2201, 2], [2121, 3], [2120, 2], [2040, 3], [2039, 0], [2039, 3], [2038, 0], [2038, 2], [1958, 4], [1959, 2], [1879, 0], [1879, 4], [1880, 2], [1800, 0], [1800, 2], [1720, 2], [1640, 4]]",2
"7.14-212,26,63,131,183,163+8","[[1641, 1], [1721, 3], [1720, 1], [1800, 0], [1800, 1], [1880, 3], [1879, 0], [1879, 1], [1959, 1], [2039, 3]]",2
"7.14-176,241,236,166,12,79+3","[[1641, 1], [1721, 3], [1720, 1], [1800, 0], [1800, 3], [1799, 1], [1879, 0], [1879, 1], [1959, 1], [2039, 3]]",2
"7.14-80,142,73,24,8,214+1","[[892, 4], [893, 1], [973, 4], [974, 1], [1054, 4], [1055, 0], [1055, 4], [1056, 4], [1057, 1], [1137, 0], [1137, 4], [1138, 4], [1139, 1], [1219, 0], [1219, 4], [1220, 4], [1221, 4], [1222, 1], [1302, 4], [1303, 0], [1303, 4], [1304, 1], [1384, 4], [1385, 4], [1386, 1], [1466, 0], [1466, 4], [1467, 1], [1547, 4], [1548, 0], [1548, 4], [1549, 1], [1629, 4], [1630, 4], [1631, 0], [1631, 4], [1632, 1], [1712, 4], [1713, 4], [1714, 1], [1794, 0], [1794, 4], [1795, 1], [1875, 4], [1876, 4], [1877, 0], [1877, 1], [1957, 4], [1958, 1], [2038, 0], [2038, 4], [2039, 0], [2039, 4], [2040, 1], [2120, 4], [2121, 1], [2201, 4], [2202, 0], [2202, 4], [2203, 1], [2283, 4], [2284, 1], [2364, 0], [2364, 4], [2365, 1], [2445, 4], [2446, 0], [2446, 1], [2526, 4], [2527, 0], [2527, 1], [2607, 4], [2608, 0], [2608, 4], [2609, 1], [2689, 4], [2690, 0], [2690, 4], [2691, 1], [2771, 4], [2772, 1], [2852, 0], [2852, 4], [2853, 1], [2933, 4], [2934, 0], [2934, 1], [3014, 4], [3015, 4], [3016, 1], [3096, 4], [3097, 0], [3097, 4], [3098, 4], [3099, 1], [3179, 0], [3179, 1], [3259, 4], [3260, 4], [3261, 1], [3341, 0], [3341, 4], [3342, 4], [3343, 4], [3344, 0], [3344, 4], [3345, 4], [3346, 4], [3347, 0], [3347, 4], [3348, 0], [3348, 1], [3428, 4], [3429, 0], [3429, 4], [3430, 4], [3431, 4], [3432, 0], [3432, 4], [3433, 4], [3434, 4]]",2
"7.14-80,142,73,24,8,214+3","[[3660, 0], [3660, 0], [3660, 0], [3660, 0], [3660, 0], [3660, 0]]",2
"7.14-252,4,28,247,178,183+1","[[3097, 2], [3017, 3], [3016, 3], [3015, 3], [3014, 2], [2934, 0], [2934, 1], [3014, 3], [3013, 1], [3093, 0], [3093, 3], [3092, 1], [3172, 3], [3171, 0], [3171, 3], [3170, 0], [3170, 3], [3169, 2], [3089, 0], [3089, 3], [3088, 0], [3088, 2], [3008, 3]]",1
"7.14-252,4,28,247,178,183+2","[[3007, 2], [2927, 3], [2926, 0], [2926, 2], [2846, 0], [2846, 2], [2766, 2], [2686, 0], [2686, 2], [2606, 2], [2526, 4], [2527, 0], [2527, 1], [2607, 4], [2608, 0], [2608, 4], [2609, 2], [2529, 4], [2530, 0], [2530, 2], [2450, 4], [2451, 0], [2451, 2], [2371, 0], [2371, 4], [2372, 2], [2292, 0], [2292, 4], [2293, 0], [2293, 4], [2294, 0], [2294, 1], [2374, 4], [2375, 0]]",1
"7.14-252,4,28,247,178,183+3","[[2375, 4], [2376, 1], [2456, 0], [2456, 1], [2536, 4], [2537, 0], [2537, 4], [2538, 1], [2618, 0], [2618, 1], [2698, 0], [2698, 4], [2699, 1], [2779, 0], [2779, 1], [2859, 1], [2939, 0], [2939, 1], [3019, 3], [3018, 0], [3018, 1], [3098, 3]]",1
"7.14-252,4,28,247,178,183+4","[[3097, 4], [3098, 4], [3099, 1], [3179, 0], [3179, 3], [3178, 1], [3258, 0], [3258, 1], [3338, 3], [3337, 1], [3417, 0], [3417, 1], [3497, 0], [3497, 3], [3496, 1], [3576, 0], [3576, 3], [3575, 1], [3655, 0], [3655, 3], [3654, 1], [3734, 0], [3734, 3], [3733, 0], [3733, 3], [3732, 1], [3812, 3], [3811, 0], [3811, 3], [3810, 1]]",1
"7.14-252,4,28,247,178,183+5","[[3890, 2], [3810, 4], [3811, 0], [3811, 4], [3812, 2], [3732, 4], [3733, 0], [3733, 4], [3734, 0], [3734, 4], [3735, 2], [3655, 0], [3655, 2], [3575, 4], [3576, 0], [3576, 2], [3496, 4], [3497, 0], [3497, 2], [3417, 0], [3417, 2], [3337, 2], [3257, 4], [3258, 0], [3258, 4], [3259, 2], [3179, 0], [3179, 1], [3259, 4], [3260, 1], [3340, 4], [3341, 0], [3341, 4], [3342, 4], [3343, 4]]",1
"7.14-252,4,28,247,178,183+6","[[3344, 3], [3343, 3], [3342, 3], [3341, 0], [3341, 3], [3340, 2], [3260, 3], [3259, 2], [3179, 0], [3179, 3], [3178, 2], [3098, 3]]",1
"7.14-252,4,28,247,178,183+7","[[3097, 2], [3017, 3], [3016, 3], [3015, 3], [3014, 2], [2934, 0], [2934, 3], [2933, 2], [2853, 3], [2852, 0], [2852, 2], [2772, 3], [2771, 2], [2691, 3], [2690, 0], [2690, 3], [2689, 2], [2609, 3], [2608, 0], [2608, 2], [2528, 3], [2527, 0], [2527, 3], [2526, 2], [2446, 0], [2446, 3], [2445, 2], [2365, 3], [2364, 0], [2364, 2], [2284, 3], [2283, 2], [2203, 3], [2202, 0], [2202, 3], [2201, 2], [2121, 3], [2120, 3], [2119, 2], [2039, 0], [2039, 3], [2038, 0], [2038, 2], [1958, 4], [1959, 2], [1879, 0], [1879, 4], [1880, 2], [1800, 0], [1800, 2], [1720, 4], [1721, 2]]",1
"7.14-12,75,84,85,61,8+1","[[2375, 4], [2376, 1], [2456, 0], [2456, 1], [2536, 4], [2537, 0], [2537, 4], [2538, 1], [2618, 0], [2618, 1], [2698, 0], [2698, 4], [2699, 1], [2779, 0], [2779, 1], [2859, 1], [2939, 0], [2939, 1], [3019, 3], [3018, 0], [3018, 3], [3017, 1]]",1
"7.14-12,75,84,85,61,8+2","[[3097, 2], [3017, 4], [3018, 0], [3018, 4], [3019, 2], [2939, 0], [2939, 2], [2859, 2], [2779, 0], [2779, 2], [2699, 3], [2698, 0], [2698, 2], [2618, 0], [2618, 2], [2538, 3], [2537, 0], [2537, 3], [2536, 2], [2456, 0], [2456, 3], [2455, 2]]",1
"7.14-12,75,84,85,61,8+3","[[2375, 4], [2376, 1], [2456, 0], [2456, 1], [2536, 4], [2537, 0], [2537, 1], [2617, 4], [2618, 0], [2618, 1], [2698, 0], [2698, 1], [2778, 4], [2779, 0], [2779, 1], [2859, 1], [2939, 0], [2939, 3], [2938, 1], [3018, 0], [3018, 1], [3098, 3]]",1
"7.14-12,75,84,85,61,8+4","[[3097, 0], [3097, 0], [3097, 0], [3097, 0], [3097, 0], [3097, 0], [3097, 0], [3097, 0], [3097, 0], [3097, 0], [3097, 0], [3097, 0], [3097, 0], [3097, 0], [3097, 0], [3097, 0], [3097, 0], [3097, 0], [3097, 3], [3096, 2], [3016, 3], [3015, 2], [2935, 3], [2934, 0], [2934, 3], [2933, 2], [2853, 3], [2852, 0], [2852, 2], [2772, 3], [2771, 3], [2770, 2], [2690, 0], [2690, 3], [2689, 3], [2688, 2], [2608, 0], [2608, 3], [2607, 2], [2527, 0], [2527, 2], [2447, 3], [2446, 0], [2446, 3], [2445, 2], [2365, 3], [2364, 0], [2364, 2], [2284, 3], [2283, 3], [2282, 2], [2202, 0], [2202, 2], [2122, 3], [2121, 3], [2120, 3], [2119, 2], [2039, 0], [2039, 3], [2038, 0], [2038, 2], [1958, 4], [1959, 2], [1879, 0], [1879, 4], [1880, 2], [1800, 0], [1800, 2], [1720, 4], [1721, 2]]",1
"7.14-12,75,84,85,61,8+5","[[1641, 1], [1721, 3], [1720, 1], [1800, 0], [1800, 3], [1799, 1], [1879, 0], [1879, 1], [1959, 3], [1958, 1], [2038, 0], [2038, 4], [2039, 0], [2039, 4], [2040, 1], [2120, 4], [2121, 1], [2201, 4], [2202, 0], [2202, 1], [2282, 4], [2283, 4], [2284, 1], [2364, 0], [2364, 4], [2365, 1], [2445, 4], [2446, 0], [2446, 1], [2526, 4], [2527, 0], [2527, 1], [2607, 4], [2608, 0], [2608, 4], [2609, 1], [2689, 4], [2690, 0], [2690, 1], [2770, 4], [2771, 1], [2851, 4], [2852, 0], [2852, 4], [2853, 1], [2933, 4], [2934, 0], [2934, 4], [2935, 1], [3015, 4], [3016, 4], [3017, 1]]",1
"7.14-12,75,84,85,61,8+6","[[3097, 0], [3097, 0], [3097, 4], [3098, 4], [3099, 1], [3179, 0], [3179, 3], [3178, 1], [3258, 0], [3258, 1], [3338, 3], [3337, 1], [3417, 0], [3417, 1], [3497, 0], [3497, 1], [3577, 3], [3576, 0], [3576, 3], [3575, 1], [3655, 0], [3655, 1], [3735, 3], [3734, 0], [3734, 3], [3733, 0], [3733, 3], [3732, 3], [3731, 1], [3811, 0], [3811, 3], [3810, 1]]",1
"7.14-12,75,84,85,61,8+7","[[3890, 4], [3891, 2], [3811, 0], [3811, 4], [3812, 2], [3732, 4], [3733, 0], [3733, 4], [3734, 0], [3734, 4], [3735, 2], [3655, 0], [3655, 4], [3656, 2], [3576, 0], [3576, 2], [3496, 4], [3497, 0], [3497, 2], [3417, 0], [3417, 2], [3337, 2], [3257, 4], [3258, 0], [3258, 4], [3259, 2], [3179, 0], [3179, 3], [3178, 2], [3098, 3]]",1
"7.14-48,123,172,71,127,62+1","[[3007, 0], [3007, 0], [3007, 0], [3007, 0], [3007, 0], [3007, 0], [3007, 0], [3007, 0], [3007, 0], [3007, 0], [3007, 0], [3007, 0], [3007, 0], [3007, 0], [3007, 0], [3007, 0], [3007, 0], [3007, 0], [3007, 0], [3007, 0], [3007, 0], [3007, 0], [3007, 0], [3007, 0], [3007, 3], [3006, 2], [2926, 0], [2926, 2], [2846, 0], [2846, 2], [2766, 2], [2686, 0], [2686, 2], [2606, 2], [2526, 4]]",1
"7.14-48,123,172,71,127,62+2","[[2527, 0], [2527, 0], [2527, 0], [2527, 0], [2527, 0], [2527, 0], [2527, 0], [2527, 0], [2527, 0], [2527, 0], [2527, 1], [2607, 1], [2687, 3], [2686, 0], [2686, 1], [2766, 1], [2846, 0], [2846, 1], [2926, 0], [2926, 1], [3006, 4]]",1
"7.14-48,123,172,71,127,62+3","[[3007, 2], [2927, 3], [2926, 0], [2926, 2], [2846, 0], [2846, 2], [2766, 2], [2686, 0], [2686, 2], [2606, 2], [2526, 4], [2527, 0], [2527, 4], [2528, 1], [2608, 0], [2608, 4], [2609, 2], [2529, 4], [2530, 0], [2530, 4], [2531, 2], [2451, 0], [2451, 2], [2371, 0], [2371, 4], [2372, 2], [2292, 0], [2292, 4], [2293, 0], [2293, 4], [2294, 0], [2294, 1], [2374, 4], [2375, 0]]",1
"7.14-48,123,172,71,127,62+4","[[2375, 0], [2375, 3], [2374, 2], [2294, 0], [2294, 3], [2293, 0], [2293, 3], [2292, 0], [2292, 3], [2291, 0], [2291, 3], [2290, 3], [2289, 2], [2209, 0], [2209, 3], [2208, 2], [2128, 0], [2128, 2], [2048, 0], [2048, 3], [2047, 3], [2046, 0], [2046, 3], [2045, 2], [1965, 2], [1885, 3], [1884, 0], [1884, 3], [1883, 3], [1882, 0], [1882, 3], [1881, 3], [1880, 2], [1800, 0], [1800, 2], [1720, 4], [1721, 2]]",1
"7.14-48,123,172,71,127,62+5","[[1641, 1], [1721, 1], [1801, 3], [1800, 0], [1800, 1], [1880, 3], [1879, 0], [1879, 1], [1959, 1], [2039, 3], [2038, 0], [2038, 4], [2039, 0], [2039, 1], [2119, 4], [2120, 4], [2121, 1], [2201, 4], [2202, 0], [2202, 4], [2203, 1], [2283, 4], [2284, 1], [2364, 0], [2364, 4], [2365, 1], [2445, 4], [2446, 0], [2446, 4], [2447, 1], [2527, 0], [2527, 1], [2607, 1], [2687, 3], [2686, 0], [2686, 1], [2766, 1], [2846, 0], [2846, 1], [2926, 0], [2926, 4], [2927, 1]]",1
"7.14-48,123,172,71,127,62+6","[[3007, 0], [3007, 2], [2927, 3], [2926, 0], [2926, 2], [2846, 0], [2846, 2], [2766, 2], [2686, 0], [2686, 2], [2606, 2], [2526, 4], [2527, 0], [2527, 2], [2447, 3], [2446, 0], [2446, 3], [2445, 2], [2365, 3], [2364, 0], [2364, 3], [2363, 2], [2283, 3], [2282, 2], [2202, 0], [2202, 2], [2122, 3], [2121, 3], [2120, 2], [2040, 3], [2039, 0], [2039, 3], [2038, 0], [2038, 2], [1958, 4], [1959, 2], [1879, 0], [1879, 2], [1799, 4], [1800, 0], [1800, 2], [1720, 2], [1640, 4]]",1
"7.14-172,146,50,67,121,50+1","[[3007, 3], [3006, 2], [2926, 0], [2926, 2], [2846, 0], [2846, 2], [2766, 2], [2686, 0], [2686, 2], [2606, 2], [2526, 4], [2527, 0], [2527, 2], [2447, 3], [2446, 0], [2446, 3], [2445, 2], [2365, 3], [2364, 0], [2364, 3], [2363, 2], [2283, 2], [2203, 3], [2202, 0], [2202, 3], [2201, 2], [2121, 3], [2120, 3], [2119, 2], [2039, 0], [2039, 3], [2038, 0], [2038, 2], [1958, 4], [1959, 2], [1879, 0], [1879, 4], [1880, 2], [1800, 0], [1800, 2], [1720, 2], [1640, 4]]",1
"7.14-172,146,50,67,121,50+2","[[1641, 1], [1721, 3], [1720, 1], [1800, 0], [1800, 3], [1799, 1], [1879, 0], [1879, 1], [1959, 3], [1958, 1], [2038, 0], [2038, 4], [2039, 0], [2039, 4], [2040, 1], [2120, 4], [2121, 1], [2201, 4], [2202, 0], [2202, 4], [2203, 1], [2283, 4], [2284, 1], [2364, 0], [2364, 4], [2365, 1], [2445, 4], [2446, 0], [2446, 4], [2447, 1], [2527, 0], [2527, 1], [2607, 3], [2606, 1], [2686, 0], [2686, 1], [2766, 1], [2846, 0], [2846, 1], [2926, 0], [2926, 4], [2927, 1]]",1
"7.14-172,146,50,67,121,50+8","[[2048, 0], [2048, 0], [2048, 0], [2048, 0], [2048, 0], [2048, 0], [2048, 0], [2048, 0], [2048, 0], [2048, 0], [2048, 0], [2048, 0], [2048, 0], [2048, 0], [2048, 0], [2048, 0], [2048, 0], [2048, 0], [2048, 0], [2048, 0], [2048, 0], [2048, 0], [2048, 0], [2048, 0], [2048, 0], [2048, 0], [2048, 0], [2048, 0], [2048, 0], [2048, 0], [2048, 0], [2048, 0], [2048, 0], [2048, 0], [2048, 0], [2048, 0], [2048, 0], [2048, 0], [2048, 0], [2048, 0], [2048, 0], [2048, 0], [2048, 0], [2048, 0], [2048, 0]]",1
"7.14-172,146,50,67,121,50+9","[[892, 3], [891, 3], [890, 0], [890, 2], [810, 2], [730, 3], [729, 0], [729, 2], [649, 3], [648, 0], [648, 2], [568, 3], [567, 0], [567, 3], [566, 2], [486, 3], [485, 2], [405, 3], [404, 0], [404, 2], [324, 3], [323, 3], [322, 2]]",1
"7.14-108,177,88,58,181,202+1","[[3890, 2], [3810, 4], [3811, 0], [3811, 4], [3812, 2], [3732, 4], [3733, 0], [3733, 4], [3734, 0], [3734, 4], [3735, 2], [3655, 0], [3655, 4], [3656, 2], [3576, 0], [3576, 2], [3496, 4], [3497, 0], [3497, 2], [3417, 0], [3417, 2], [3337, 4], [3338, 2], [3258, 0], [3258, 2], [3178, 4], [3179, 0], [3179, 1], [3259, 4], [3260, 1], [3340, 4], [3341, 0], [3341, 4], [3342, 4], [3343, 4]]",1
"7.14-108,177,88,58,181,202+2","[[3344, 3], [3343, 3], [3342, 3], [3341, 0], [3341, 2], [3261, 3], [3260, 2], [3180, 3], [3179, 0], [3179, 3], [3178, 2], [3098, 3], [3097, 0], [3097, 3], [3096, 2], [3016, 3], [3015, 3], [3014, 2], [2934, 0], [2934, 3], [2933, 3], [2932, 2], [2852, 0], [2852, 2], [2772, 3], [2771, 3], [2770, 2], [2690, 0], [2690, 3], [2689, 2], [2609, 3], [2608, 0], [2608, 2], [2528, 3], [2527, 0], [2527, 2], [2447, 3], [2446, 0], [2446, 3], [2445, 2], [2365, 3], [2364, 0], [2364, 2], [2284, 3], [2283, 3], [2282, 2], [2202, 0], [2202, 3], [2201, 2], [2121, 3], [2120, 3], [2119, 2], [2039, 0], [2039, 3], [2038, 0], [2038, 2], [1958, 2], [1878, 4], [1879, 0], [1879, 2], [1799, 4], [1800, 0], [1800, 2], [1720, 2], [1640, 4]]",1
"7.14-108,177,88,58,181,202+3","[[1641, 1], [1721, 1], [1801, 3], [1800, 0], [1800, 3], [1799, 1], [1879, 0], [1879, 1], [1959, 1], [2039, 3], [2038, 0], [2038, 4], [2039, 0], [2039, 1], [2119, 4], [2120, 4], [2121, 1], [2201, 4], [2202, 0], [2202, 1], [2282, 4], [2283, 1], [2363, 4], [2364, 0], [2364, 4], [2365, 4], [2366, 1], [2446, 0], [2446, 4], [2447, 1], [2527, 0], [2527, 1], [2607, 4], [2608, 0], [2608, 4], [2609, 1], [2689, 4], [2690, 0], [2690, 1], [2770, 4], [2771, 1], [2851, 4], [2852, 0], [2852, 4], [2853, 1], [2933, 4], [2934, 0], [2934, 1], [3014, 4], [3015, 4], [3016, 4], [3017, 1], [3097, 0], [3097, 4], [3098, 4], [3099, 1], [3179, 0], [3179, 1], [3259, 4], [3260, 1], [3340, 4], [3341, 0], [3341, 4], [3342, 4], [3343, 4]]",1
"7.14-108,177,88,58,181,202+4","[[3344, 3], [3343, 3], [3342, 3], [3341, 0], [3341, 2], [3261, 3], [3260, 3], [3259, 2], [3179, 0], [3179, 3], [3178, 3], [3177, 2]]",1
"7.14-108,177,88,58,181,202+5","[[3097, 4], [3098, 4], [3099, 1], [3179, 0], [3179, 4], [3180, 1], [3260, 1], [3340, 4], [3341, 0], [3341, 4], [3342, 4], [3343, 4]]",1
"7.14-108,177,88,58,181,202+6","[[3344, 3], [3343, 3], [3342, 3], [3341, 0], [3341, 3], [3340, 2], [3260, 2], [3180, 3], [3179, 0], [3179, 3], [3178, 1], [3258, 0], [3258, 1], [3338, 3], [3337, 1], [3417, 0], [3417, 1], [3497, 0], [3497, 1], [3577, 3], [3576, 0], [3576, 3], [3575, 1], [3655, 0], [3655, 3], [3654, 1], [3734, 0], [3734, 3], [3733, 0], [3733, 3], [3732, 1], [3812, 3], [3811, 0], [3811, 1], [3891, 3]]",1
"7.14-108,177,88,58,181,202+7","[[3890, 2], [3810, 4], [3811, 0], [3811, 4], [3812, 4], [3813, 2], [3733, 0], [3733, 4], [3734, 0], [3734, 4], [3735, 2], [3655, 0], [3655, 2], [3575, 4], [3576, 0], [3576, 2], [3496, 4], [3497, 0], [3497, 2], [3417, 0], [3417, 2], [3337, 4], [3338, 2], [3258, 0], [3258, 4], [3259, 2], [3179, 0], [3179, 3], [3178, 3], [3177, 2], [3097, 0], [3097, 2], [3017, 4], [3018, 0], [3018, 4], [3019, 2], [2939, 0], [2939, 2], [2859, 2], [2779, 0], [2779, 3], [2778, 2], [2698, 0], [2698, 2], [2618, 0], [2618, 3], [2617, 2], [2537, 0], [2537, 2], [2457, 3], [2456, 0], [2456, 2], [2376, 3]]",1
"7.14-108,177,88,58,181,202+8","[[2375, 0], [2375, 3], [2374, 2], [2294, 0], [2294, 3], [2293, 0], [2293, 3], [2292, 0], [2292, 3], [2291, 0], [2291, 3], [2290, 2], [2210, 3], [2209, 0], [2209, 3], [2208, 2], [2128, 0], [2128, 2], [2048, 0], [2048, 3], [2047, 3], [2046, 0], [2046, 2], [1966, 3], [1965, 3], [1964, 2], [1884, 0], [1884, 3], [1883, 3], [1882, 0], [1882, 3], [1881, 2], [1801, 3], [1800, 0], [1800, 2], [1720, 4], [1721, 2]]",1
"7.14-108,177,88,58,181,202+9","[[1641, 1], [1721, 1], [1801, 3], [1800, 0], [1800, 1], [1880, 3], [1879, 0], [1879, 1], [1959, 3], [1958, 1], [2038, 0], [2038, 4], [2039, 0], [2039, 1], [2119, 4], [2120, 4], [2121, 4], [2122, 1], [2202, 0], [2202, 4], [2203, 1], [2283, 4], [2284, 1], [2364, 0], [2364, 4], [2365, 4], [2366, 1], [2446, 0], [2446, 1], [2526, 4], [2527, 0], [2527, 4], [2528, 1], [2608, 0], [2608, 4], [2609, 4], [2610, 1], [2690, 0], [2690, 4], [2691, 1], [2771, 1], [2851, 4], [2852, 0], [2852, 4], [2853, 4], [2854, 1], [2934, 0], [2934, 1], [3014, 4], [3015, 4], [3016, 1], [3096, 4], [3097, 0], [3097, 4], [3098, 1], [3178, 4], [3179, 0], [3179, 3], [3178, 1], [3258, 0], [3258, 1], [3338, 1], [3418, 3], [3417, 0], [3417, 1], [3497, 0], [3497, 3], [3496, 1], [3576, 0], [3576, 1], [3656, 3], [3655, 0], [3655, 3], [3654, 1], [3734, 0], [3734, 3], [3733, 0], [3733, 3], [3732, 1], [3812, 3], [3811, 0], [3811, 1], [3891, 3]]",1
"7.14-108,177,88,58,181,202+10","[[3890, 0], [3890, 2], [3810, 4], [3811, 0], [3811, 4], [3812, 4], [3813, 2], [3733, 0], [3733, 4], [3734, 0], [3734, 2], [3654, 4], [3655, 0], [3655, 4], [3656, 2], [3576, 0], [3576, 4], [3577, 2], [3497, 0], [3497, 2], [3417, 0], [3417, 2], [3337, 4], [3338, 2], [3258, 0], [3258, 2], [3178, 4], [3179, 0], [3179, 3], [3178, 2], [3098, 3], [3097, 0], [3097, 2], [3017, 4], [3018, 0], [3018, 4], [3019, 2], [2939, 0], [2939, 2], [2859, 2], [2779, 0], [2779, 2], [2699, 3], [2698, 0], [2698, 2], [2618, 0], [2618, 3], [2617, 2], [2537, 0], [2537, 2], [2457, 3], [2456, 0], [2456, 3], [2455, 2]]",1
"7.14-108,177,88,58,181,202+11","[[2375, 1], [2455, 4], [2456, 0], [2456, 4], [2457, 1], [2537, 0], [2537, 4], [2538, 1], [2618, 0], [2618, 1], [2698, 0], [2698, 1], [2778, 4], [2779, 0], [2779, 1], [2859, 1], [2939, 0], [2939, 1], [3019, 3], [3018, 0], [3018, 3], [3017, 1]]",1
"7.14-48,123,172,71,160,113+1","[[2375, 0], [2375, 0], [2375, 0], [2375, 0], [2375, 0], [2375, 0], [2375, 3], [2374, 2], [2294, 0], [2294, 3], [2293, 0], [2293, 3], [2292, 0], [2292, 3], [2291, 1], [2371, 0], [2371, 1], [2451, 0], [2451, 1], [2531, 3], [2530, 0], [2530, 3], [2529, 3], [2528, 1], [2608, 0], [2608, 3], [2607, 2], [2527, 0], [2527, 1], [2607, 1], [2687, 3], [2686, 0], [2686, 1], [2766, 1], [2846, 0], [2846, 1], [2926, 0], [2926, 1], [3006, 4]]",1
"7.14-48,123,172,71,160,113+2","[[3007, 0], [3007, 0], [3007, 0], [3007, 0], [3007, 0], [3007, 0], [3007, 3], [3006, 2], [2926, 0], [2926, 2], [2846, 0], [2846, 2], [2766, 2], [2686, 0], [2686, 2], [2606, 4], [2607, 2], [2527, 0], [2527, 2], [2447, 3], [2446, 0], [2446, 3], [2445, 2], [2365, 3], [2364, 0], [2364, 3], [2363, 2], [2283, 2], [2203, 3], [2202, 0], [2202, 2], [2122, 3], [2121, 3], [2120, 2], [2040, 3], [2039, 0], [2039, 3], [2038, 0], [2038, 2], [1958, 2], [1878, 4], [1879, 0], [1879, 2], [1799, 4], [1800, 0], [1800, 2], [1720, 4], [1721, 2]]",1
"7.14-48,123,172,71,160,113+3","[[1641, 1], [1721, 3], [1720, 1], [1800, 0], [1800, 3], [1799, 1], [1879, 0], [1879, 1], [1959, 3], [1958, 1], [2038, 0], [2038, 4], [2039, 0], [2039, 1], [2119, 4], [2120, 4], [2121, 1], [2201, 4], [2202, 0], [2202, 1], [2282, 4], [2283, 4], [2284, 1], [2364, 0], [2364, 4], [2365, 1], [2445, 4], [2446, 0], [2446, 1], [2526, 4], [2527, 0], [2527, 1], [2607, 1], [2687, 3], [2686, 0], [2686, 1], [2766, 1], [2846, 0], [2846, 1], [2926, 0], [2926, 1], [3006, 4]]",1
"7.14-48,123,172,71,160,113+4","[[3007, 2], [2927, 3], [2926, 0], [2926, 2], [2846, 0], [2846, 2], [2766, 2], [2686, 0], [2686, 2], [2606, 2], [2526, 4], [2527, 0], [2527, 3], [2526, 2], [2446, 0], [2446, 3], [2445, 3], [2444, 2], [2364, 0], [2364, 2], [2284, 3], [2283, 2], [2203, 3], [2202, 0], [2202, 3], [2201, 2], [2121, 3], [2120, 3], [2119, 2], [2039, 0], [2039, 3], [2038, 0], [2038, 2], [1958, 4], [1959, 2], [1879, 0], [1879, 4], [1880, 2], [1800, 0], [1800, 2], [1720, 2], [1640, 4]]",1
"7.14-48,123,172,71,160,113+5","[[1641, 1], [1721, 3], [1720, 1], [1800, 0], [1800, 3], [1799, 1], [1879, 0], [1879, 1], [1959, 1], [2039, 3], [2038, 0], [2038, 4], [2039, 0], [2039, 1], [2119, 4], [2120, 4], [2121, 1], [2201, 4], [2202, 0], [2202, 4], [2203, 1], [2283, 4], [2284, 1], [2364, 0], [2364, 4], [2365, 4], [2366, 1], [2446, 0], [2446, 1], [2526, 4], [2527, 0], [2527, 1], [2607, 1], [2687, 3], [2686, 0], [2686, 1], [2766, 1], [2846, 0], [2846, 1], [2926, 0], [2926, 4], [2927, 1]]",1
"7.14-48,123,172,71,160,113+6","[[3007, 3], [3006, 2], [2926, 0], [2926, 2], [2846, 0], [2846, 2], [2766, 2], [2686, 0], [2686, 2], [2606, 4], [2607, 2], [2527, 0], [2527, 2], [2447, 3], [2446, 0], [2446, 3], [2445, 2], [2365, 3], [2364, 0], [2364, 3], [2363, 2], [2283, 3], [2282, 2], [2202, 0], [2202, 2], [2122, 3], [2121, 3], [2120, 3], [2119, 2], [2039, 0], [2039, 3], [2038, 0], [2038, 2], [1958, 2], [1878, 4], [1879, 0], [1879, 4], [1880, 2], [1800, 0], [1800, 2], [1720, 2], [1640, 4]]",1
"7.14-48,123,172,71,160,113+7","[[1641, 1], [1721, 3], [1720, 1], [1800, 0], [1800, 3], [1799, 1], [1879, 0], [1879, 1], [1959, 1], [2039, 3], [2038, 0], [2038, 4], [2039, 0], [2039, 4], [2040, 1], [2120, 4], [2121, 1], [2201, 4], [2202, 0], [2202, 1], [2282, 4], [2283, 4], [2284, 1], [2364, 0], [2364, 4], [2365, 1], [2445, 4], [2446, 0], [2446, 1], [2526, 4], [2527, 0], [2527, 1], [2607, 3], [2606, 1], [2686, 0], [2686, 1], [2766, 1], [2846, 0], [2846, 1], [2926, 0], [2926, 1], [3006, 4]]",1
"7.14-48,123,172,71,160,113+8","[[3007, 3], [3006, 2], [2926, 0], [2926, 2], [2846, 0], [2846, 2], [2766, 2], [2686, 0], [2686, 2], [2606, 2], [2526, 4], [2527, 0], [2527, 2], [2447, 3], [2446, 0], [2446, 3], [2445, 2], [2365, 3], [2364, 0], [2364, 2], [2284, 3], [2283, 3], [2282, 2], [2202, 0], [2202, 2], [2122, 3], [2121, 3], [2120, 3], [2119, 2], [2039, 0], [2039, 3], [2038, 0], [2038, 2], [1958, 2], [1878, 4], [1879, 0], [1879, 2], [1799, 4], [1800, 0], [1800, 2], [1720, 4], [1721, 2]]",1
"7.14-48,123,172,71,160,113+9","[[1641, 0], [1641, 0], [1641, 0], [1641, 0], [1641, 0], [1641, 0], [1641, 0], [1641, 0], [1641, 1], [1721, 3], [1720, 1], [1800, 0], [1800, 4], [1801, 1], [1881, 4], [1882, 0], [1882, 4], [1883, 4], [1884, 0], [1884, 4], [1885, 1], [1965, 4], [1966, 1], [2046, 0], [2046, 4], [2047, 4], [2048, 0], [2048, 1], [2128, 0], [2128, 4], [2129, 1], [2209, 0], [2209, 4], [2210, 1], [2290, 4], [2291, 0], [2291, 4], [2292, 0], [2292, 4], [2293, 0], [2293, 4], [2294, 0], [2294, 4], [2295, 1], [2375, 0]]",1
"7.14-48,123,172,71,160,113+10","[[2375, 0], [2375, 3], [2374, 2], [2294, 0], [2294, 3], [2293, 0], [2293, 3], [2292, 0], [2292, 3], [2291, 1], [2371, 0], [2371, 1], [2451, 0], [2451, 1], [2531, 3], [2530, 0], [2530, 3], [2529, 1], [2609, 3], [2608, 0], [2608, 2], [2528, 3]]",1
"7.14-48,123,172,71,160,113+11","[[2527, 2], [2447, 3], [2446, 0], [2446, 3], [2445, 2], [2365, 3], [2364, 0], [2364, 3], [2363, 2], [2283, 2], [2203, 3], [2202, 0], [2202, 3], [2201, 2], [2121, 3], [2120, 2], [2040, 3], [2039, 0], [2039, 3], [2038, 0], [2038, 2], [1958, 2], [1878, 4], [1879, 0], [1879, 2], [1799, 4], [1800, 0], [1800, 2], [1720, 4], [1721, 2]]",1
"7.14-48,123,172,71,160,113+12","[[1641, 1], [1721, 1], [1801, 3], [1800, 0], [1800, 1], [1880, 3], [1879, 0], [1879, 1], [1959, 1], [2039, 3], [2038, 0], [2038, 4], [2039, 0], [2039, 1], [2119, 4], [2120, 4], [2121, 4], [2122, 1], [2202, 0], [2202, 4], [2203, 1], [2283, 1], [2363, 4], [2364, 0], [2364, 4], [2365, 4], [2366, 1], [2446, 0], [2446, 4], [2447, 1], [2527, 0], [2527, 1], [2607, 3], [2606, 1], [2686, 0], [2686, 1], [2766, 1], [2846, 0], [2846, 1], [2926, 0], [2926, 1], [3006, 4]]",1
"7.14-224,72,211,29,147,111+1","[[3097, 2], [3017, 3], [3016, 3], [3015, 2], [2935, 3], [2934, 0], [2934, 3], [2933, 3], [2932, 2], [2852, 0], [2852, 3], [2851, 2], [2771, 3], [2770, 2], [2690, 0], [2690, 3], [2689, 3], [2688, 2], [2608, 0], [2608, 2], [2528, 3], [2527, 0], [2527, 3], [2526, 2], [2446, 0], [2446, 3], [2445, 3], [2444, 2], [2364, 0], [2364, 3], [2363, 2], [2283, 2], [2203, 3], [2202, 0], [2202, 2], [2122, 3], [2121, 3], [2120, 2], [2040, 3], [2039, 0], [2039, 3], [2038, 0], [2038, 2], [1958, 2], [1878, 4], [1879, 0], [1879, 2], [1799, 4], [1800, 0], [1800, 2], [1720, 2], [1640, 4]]",1
"7.14-224,72,211,29,147,111+2","[[1641, 1], [1721, 3], [1720, 1], [1800, 0], [1800, 3], [1799, 1], [1879, 0], [1879, 1], [1959, 1], [2039, 3]]",1
"7.14-224,72,211,29,147,111+3","[[2038, 2], [1958, 4], [1959, 2], [1879, 0], [1879, 4], [1880, 2], [1800, 0], [1800, 2], [1720, 4], [1721, 2]]",1
"7.14-224,72,211,29,147,111+4","[[1641, 1], [1721, 1], [1801, 3], [1800, 0], [1800, 1], [1880, 3], [1879, 0], [1879, 1], [1959, 3], [1958, 1], [2038, 0], [2038, 4], [2039, 0], [2039, 4], [2040, 1], [2120, 4], [2121, 1], [2201, 4], [2202, 0], [2202, 1], [2282, 4], [2283, 4], [2284, 1], [2364, 0], [2364, 4], [2365, 4], [2366, 1], [2446, 0], [2446, 1], [2526, 4], [2527, 0], [2527, 1], [2607, 3], [2606, 1], [2686, 0], [2686, 1], [2766, 1], [2846, 0], [2846, 1], [2926, 0], [2926, 4], [2927, 1]]",1
"7.14-224,72,211,29,147,111+5","[[3007, 3], [3006, 2], [2926, 0], [2926, 2], [2846, 0], [2846, 2], [2766, 2], [2686, 0], [2686, 2], [2606, 4], [2607, 2], [2527, 0], [2527, 2], [2447, 3], [2446, 0], [2446, 3], [2445, 2], [2365, 3], [2364, 0], [2364, 3], [2363, 2], [2283, 2], [2203, 3], [2202, 0], [2202, 3], [2201, 2], [2121, 3], [2120, 2], [2040, 3], [2039, 0], [2039, 3], [2038, 0], [2038, 2], [1958, 4], [1959, 2], [1879, 0], [1879, 2], [1799, 4], [1800, 0], [1800, 2], [1720, 2], [1640, 4]]",1
"7.14-224,72,211,29,147,111+6","[[1641, 1], [1721, 3], [1720, 1], [1800, 0], [1800, 1], [1880, 3], [1879, 0], [1879, 1], [1959, 3], [1958, 1], [2038, 0], [2038, 4], [2039, 0], [2039, 4], [2040, 1], [2120, 4], [2121, 1], [2201, 4], [2202, 0], [2202, 4], [2203, 1], [2283, 4], [2284, 1], [2364, 0], [2364, 4], [2365, 1], [2445, 4], [2446, 0], [2446, 4], [2447, 1]]",1
"7.14-224,72,211,29,147,111+7","[[2527, 3], [2526, 2], [2446, 0], [2446, 3], [2445, 2], [2365, 3], [2364, 0], [2364, 3], [2363, 2], [2283, 3], [2282, 2], [2202, 0], [2202, 2], [2122, 3], [2121, 3], [2120, 3], [2119, 2], [2039, 0], [2039, 3], [2038, 0], [2038, 2], [1958, 2], [1878, 4], [1879, 0], [1879, 2], [1799, 4], [1800, 0], [1800, 2], [1720, 4], [1721, 2]]",1
"7.14-224,72,211,29,147,111+8","[[1641, 1], [1721, 1], [1801, 3], [1800, 0], [1800, 3], [1799, 1], [1879, 0], [1879, 1], [1959, 3], [1958, 1], [2038, 0], [2038, 2], [1958, 3], [1957, 2], [1877, 0], [1877, 3], [1876, 2], [1796, 3], [1795, 3], [1794, 0], [1794, 3], [1793, 2], [1713, 3], [1712, 2], [1632, 3], [1631, 0], [1631, 3], [1630, 3], [1629, 2], [1549, 3], [1548, 0], [1548, 3], [1547, 2], [1467, 3], [1466, 0], [1466, 2], [1386, 3], [1385, 3], [1384, 2], [1304, 3], [1303, 0], [1303, 3], [1302, 3], [1301, 2], [1221, 3], [1220, 3], [1219, 0], [1219, 3], [1218, 3], [1217, 2], [1137, 0], [1137, 3], [1136, 2], [1056, 3], [1055, 0], [1055, 3], [1054, 2], [974, 3], [973, 3], [972, 2], [892, 0], [892, 3], [891, 3], [890, 0], [890, 2], [810, 3], [809, 2], [729, 0], [729, 3], [728, 2], [648, 0], [648, 3], [647, 2], [567, 0], [567, 2], [487, 3], [486, 3], [485, 3], [484, 2], [404, 0], [404, 2], [324, 3], [323, 2], [243, 3]]",1
"7.14-76,75,249,224,34,23+1","[[1641, 1], [1721, 1], [1801, 3], [1800, 0], [1800, 1], [1880, 3], [1879, 0], [1879, 1], [1959, 1], [2039, 3], [2038, 0], [2038, 2], [1958, 3], [1957, 2], [1877, 0], [1877, 3], [1876, 2], [1796, 3], [1795, 3], [1794, 0], [1794, 3], [1793, 2], [1713, 3], [1712, 3], [1711, 2], [1631, 0], [1631, 3], [1630, 3], [1629, 2], [1549, 3], [1548, 0], [1548, 3], [1547, 3], [1546, 2], [1466, 0], [1466, 3], [1465, 2], [1385, 3], [1384, 3], [1383, 2], [1303, 0], [1303, 3], [1302, 3], [1301, 2], [1221, 3], [1220, 3], [1219, 0], [1219, 3], [1218, 2], [1138, 3], [1137, 0], [1137, 3], [1136, 2], [1056, 3], [1055, 0], [1055, 2], [975, 3], [974, 3], [973, 2], [893, 3]]",1
"7.14-76,75,249,224,34,23+2","[[892, 1], [972, 4], [973, 4], [974, 1], [1054, 4], [1055, 0], [1055, 4], [1056, 4], [1057, 1], [1137, 0], [1137, 4], [1138, 1], [1218, 4], [1219, 0], [1219, 4], [1220, 4], [1221, 1], [1301, 4], [1302, 4], [1303, 0], [1303, 1], [1383, 4], [1384, 4], [1385, 1], [1465, 4], [1466, 0], [1466, 4], [1467, 1], [1547, 4]]",1
"7.14-76,75,249,224,34,23+3","[[1548, 3], [1547, 3], [1546, 2], [1466, 0], [1466, 3], [1465, 2], [1385, 3], [1384, 3], [1383, 2], [1303, 0], [1303, 3], [1302, 3], [1301, 3], [1300, 2], [1220, 3], [1219, 0], [1219, 3], [1218, 2], [1138, 3], [1137, 0], [1137, 3], [1136, 2], [1056, 3], [1055, 0], [1055, 3], [1054, 2], [974, 3], [973, 3], [972, 2], [892, 0], [892, 3], [891, 3], [890, 0], [890, 2], [810, 3], [809, 2], [729, 0], [729, 3], [728, 2], [648, 0], [648, 2], [568, 3], [567, 0], [567, 3], [566, 2], [486, 3], [485, 3], [484, 2], [404, 0], [404, 2], [324, 3], [323, 3], [322, 2]]",1
"7.14-76,75,249,224,34,23+4","[[242, 4], [243, 1], [323, 4], [324, 1], [404, 0], [404, 4], [405, 1], [485, 4], [486, 4], [487, 1], [567, 0], [567, 4], [568, 1], [648, 0], [648, 1], [728, 4], [729, 0], [729, 1], [809, 1], [889, 4], [890, 0], [890, 4], [891, 4], [892, 0], [892, 4], [893, 1], [973, 4], [974, 4], [975, 1], [1055, 0], [1055, 4], [1056, 1], [1136, 4], [1137, 0], [1137, 4], [1138, 1], [1218, 4], [1219, 0], [1219, 4], [1220, 4], [1221, 1], [1301, 4], [1302, 4], [1303, 0], [1303, 4], [1304, 1], [1384, 4], [1385, 1], [1465, 4], [1466, 0], [1466, 4], [1467, 4], [1468, 1], [1548, 0], [1548, 4], [1549, 4], [1550, 1], [1630, 4], [1631, 0], [1631, 4], [1632, 1], [1712, 4], [1713, 4], [1714, 1], [1794, 0], [1794, 4], [1795, 4], [1796, 1], [1876, 4], [1877, 0], [1877, 1], [1957, 1], [2037, 4]]",1
"7.14-76,75,249,224,34,23+5","[[2038, 2], [1958, 2], [1878, 3], [1877, 0], [1877, 3], [1876, 3], [1875, 2], [1795, 3], [1794, 0], [1794, 2], [1714, 3], [1713, 3], [1712, 2], [1632, 3], [1631, 0], [1631, 3], [1630, 2], [1550, 3], [1549, 3], [1548, 0], [1548, 3], [1547, 3], [1546, 2], [1466, 0], [1466, 3], [1465, 2], [1385, 3], [1384, 3], [1383, 2], [1303, 0], [1303, 3], [1302, 3], [1301, 3], [1300, 2], [1220, 3], [1219, 0], [1219, 3], [1218, 3], [1217, 2], [1137, 0], [1137, 3], [1136, 2], [1056, 3], [1055, 0], [1055, 3], [1054, 2], [974, 3], [973, 2], [893, 3], [892, 0], [892, 3], [891, 3], [890, 0], [890, 2], [810, 3], [809, 2], [729, 0], [729, 3], [728, 2], [648, 0], [648, 3], [647, 2], [567, 0], [567, 3], [566, 2], [486, 3], [485, 2], [405, 3], [404, 0], [404, 2], [324, 3], [323, 2], [243, 3]]",1
"7.14-180,165,172,138,160,85+1","[[2527, 2], [2447, 3], [2446, 0], [2446, 3], [2445, 3], [2444, 2], [2364, 0], [2364, 3], [2363, 2], [2283, 3], [2282, 2], [2202, 0], [2202, 3], [2201, 2], [2121, 3], [2120, 3], [2119, 2], [2039, 0], [2039, 3]]",1
"7.14-180,165,172,138,160,85+2","[[2038, 2], [1958, 4], [1959, 2], [1879, 0], [1879, 2], [1799, 4], [1800, 0], [1800, 4], [1801, 1], [1881, 4], [1882, 0], [1882, 4], [1883, 4], [1884, 0], [1884, 1], [1964, 4], [1965, 4], [1966, 1], [2046, 0], [2046, 4], [2047, 4], [2048, 0], [2048, 1], [2128, 0], [2128, 4], [2129, 1], [2209, 0], [2209, 4], [2210, 4], [2211, 1], [2291, 0], [2291, 4], [2292, 0], [2292, 4], [2293, 0], [2293, 4], [2294, 0], [2294, 1], [2374, 4], [2375, 0]]",1
"7.14-180,165,172,138,160,85+3","[[2375, 0], [2375, 3], [2374, 2], [2294, 0], [2294, 3], [2293, 0], [2293, 3], [2292, 0], [2292, 3], [2291, 0], [2291, 3], [2290, 2], [2210, 3], [2209, 0], [2209, 2], [2129, 3], [2128, 0], [2128, 2], [2048, 0], [2048, 3], [2047, 3], [2046, 0], [2046, 2], [1966, 3], [1965, 3], [1964, 2], [1884, 0], [1884, 3], [1883, 3], [1882, 0], [1882, 3], [1881, 2], [1801, 3], [1800, 0], [1800, 2], [1720, 2], [1640, 4]]",1
"7.14-180,165,172,138,160,85+4","[[1641, 1], [1721, 1], [1801, 3], [1800, 0], [1800, 4], [1801, 1], [1881, 4], [1882, 0], [1882, 4], [1883, 4], [1884, 0], [1884, 1], [1964, 4], [1965, 1], [2045, 4], [2046, 0], [2046, 4], [2047, 4], [2048, 0], [2048, 1], [2128, 0], [2128, 4], [2129, 1], [2209, 0], [2209, 4], [2210, 4], [2211, 1], [2291, 0], [2291, 4], [2292, 0], [2292, 4], [2293, 0], [2293, 4], [2294, 0], [2294, 4], [2295, 1], [2375, 0]]",1
"7.14-180,165,172,138,160,85+5","[[2375, 0], [2375, 3], [2374, 2], [2294, 0], [2294, 3], [2293, 0], [2293, 3], [2292, 0], [2292, 3], [2291, 0], [2291, 3], [2290, 2], [2210, 3], [2209, 0], [2209, 3], [2208, 2], [2128, 0], [2128, 2], [2048, 0], [2048, 3], [2047, 3], [2046, 0], [2046, 3], [2045, 2], [1965, 2], [1885, 3], [1884, 0], [1884, 3], [1883, 3], [1882, 0], [1882, 3], [1881, 3], [1880, 2], [1800, 0], [1800, 2], [1720, 4], [1721, 2]]",1
"7.14-180,165,172,138,160,85+6","[[1641, 1], [1721, 1], [1801, 3], [1800, 0], [1800, 1], [1880, 3], [1879, 0], [1879, 1], [1959, 1], [2039, 3]]",1
"7.14-180,165,172,138,160,85+7","[[2038, 0], [2038, 2], [1958, 4], [1959, 2], [1879, 0], [1879, 2], [1799, 4], [1800, 0], [1800, 4], [1801, 1], [1881, 4], [1882, 0], [1882, 4], [1883, 4], [1884, 0], [1884, 4], [1885, 1], [1965, 1], [2045, 4], [2046, 0], [2046, 4], [2047, 4], [2048, 0], [2048, 1], [2128, 0], [2128, 1], [2208, 4], [2209, 0], [2209, 4], [2210, 4], [2211, 1], [2291, 0], [2291, 4], [2292, 0], [2292, 4], [2293, 0], [2293, 4], [2294, 0], [2294, 4], [2295, 1], [2375, 0]]",1
"7.14-180,165,172,138,160,85+8","[[2375, 0], [2375, 2], [2295, 3], [2294, 0], [2294, 3], [2293, 0], [2293, 3], [2292, 0], [2292, 3], [2291, 0], [2291, 3], [2290, 2], [2210, 3], [2209, 0], [2209, 3], [2208, 2], [2128, 0], [2128, 2], [2048, 0], [2048, 3], [2047, 3], [2046, 0], [2046, 3], [2045, 2], [1965, 3], [1964, 2], [1884, 0], [1884, 3], [1883, 3], [1882, 0], [1882, 3], [1881, 3], [1880, 2], [1800, 0], [1800, 2], [1720, 2], [1640, 4]]",1
"7.14-180,165,172,138,160,85+9","[[1641, 1], [1721, 3], [1720, 1], [1800, 0], [1800, 1], [1880, 3], [1879, 0], [1879, 1], [1959, 3], [1958, 1], [2038, 0], [2038, 4], [2039, 0], [2039, 1], [2119, 4], [2120, 4], [2121, 4], [2122, 1], [2202, 0], [2202, 4], [2203, 1], [2283, 4], [2284, 1], [2364, 0], [2364, 4], [2365, 4], [2366, 1], [2446, 0], [2446, 4], [2447, 1]]",1
"7.14-180,165,172,138,160,85+10","[[2527, 4], [2528, 1], [2608, 0], [2608, 4], [2609, 2], [2529, 4], [2530, 0], [2530, 2], [2450, 4], [2451, 0], [2451, 2], [2371, 0], [2371, 4], [2372, 2], [2292, 0], [2292, 4], [2293, 0], [2293, 4], [2294, 0], [2294, 4], [2295, 1], [2375, 0]]",1
"7.14-180,165,172,138,160,85+11","[[2375, 0], [2375, 2], [2295, 3], [2294, 0], [2294, 3], [2293, 0], [2293, 3], [2292, 0], [2292, 3], [2291, 0], [2291, 3], [2290, 2], [2210, 3], [2209, 0], [2209, 3], [2208, 2], [2128, 0], [2128, 2], [2048, 0], [2048, 3], [2047, 3], [2046, 0], [2046, 3], [2045, 2], [1965, 2], [1885, 3], [1884, 0], [1884, 3], [1883, 3], [1882, 0], [1882, 3], [1881, 2], [1801, 3], [1800, 0], [1800, 2], [1720, 2], [1640, 4]]",1
"7.14-76,213,119,170,111,119+3","[[1548, 4], [1549, 4], [1550, 1], [1630, 4], [1631, 0], [1631, 4], [1632, 1], [1712, 4], [1713, 4], [1714, 1], [1794, 0], [1794, 4], [1795, 4], [1796, 1], [1876, 4], [1877, 0], [1877, 1], [1957, 1], [2037, 4], [2038, 0], [2038, 2], [1958, 4], [1959, 2], [1879, 0], [1879, 4], [1880, 2], [1800, 0], [1800, 4], [1801, 4], [1802, 1], [1882, 0], [1882, 4], [1883, 4], [1884, 0], [1884, 1], [1964, 4], [1965, 4], [1966, 1], [2046, 0], [2046, 4], [2047, 4], [2048, 0], [2048, 1], [2128, 0], [2128, 4], [2129, 1], [2209, 0], [2209, 4], [2210, 4], [2211, 1], [2291, 0], [2291, 4], [2292, 0], [2292, 4], [2293, 0], [2293, 4], [2294, 0], [2294, 4], [2295, 1], [2375, 0]]",1
"7.14-76,213,119,170,111,119+4","[[2375, 0], [2375, 3], [2374, 2], [2294, 0], [2294, 3], [2293, 0], [2293, 3], [2292, 0], [2292, 1], [2372, 3], [2371, 0], [2371, 1], [2451, 0], [2451, 3], [2450, 1], [2530, 0], [2530, 3], [2529, 3], [2528, 1], [2608, 0], [2608, 2], [2528, 3]]",1
"7.14-76,213,119,170,111,119+6","[[2451, 0], [2451, 0], [2451, 0], [2451, 0]]",1
"7.14-76,213,119,170,111,119+9","[[1641, 0], [1641, 0], [1641, 0], [1641, 0], [1641, 0], [1641, 0], [1641, 1], [1721, 1], [1801, 3], [1800, 0], [1800, 1], [1880, 3], [1879, 0], [1879, 1], [1959, 3], [1958, 1], [2038, 0], [2038, 4], [2039, 0], [2039, 1], [2119, 4], [2120, 4], [2121, 4], [2122, 1], [2202, 0], [2202, 4], [2203, 1], [2283, 4], [2284, 1], [2364, 0], [2364, 4], [2365, 1], [2445, 4], [2446, 0], [2446, 4], [2447, 1]]",1
"7.15-252,107,240,89,142,53+2","[[1800, 0], [1800, 0], [1800, 0], [1800, 0], [1800, 0], [1800, 0], [1800, 0], [1800, 0], [1800, 0], [1800, 0], [1800, 0], [1800, 0], [1800, 0]]",2
"7.15-252,107,240,89,142,53+3","[[1794, 0], [1794, 0], [1794, 0], [1794, 0], [1794, 0], [1794, 0], [1794, 0], [1794, 0], [1794, 0], [1794, 0], [1794, 0], [1794, 0], [1794, 0], [1794, 0], [1794, 0], [1794, 0], [1794, 0], [1794, 0], [1794, 0], [1794, 0], [1794, 0], [1794, 0], [1794, 0], [1794, 0], [1794, 0], [1794, 0], [1794, 0], [1794, 0], [1794, 0], [1794, 0], [1794, 0], [1794, 0], [1794, 0], [1794, 0], [1794, 0], [1794, 0], [1794, 0], [1794, 0], [1794, 0], [1794, 0], [1794, 0], [1794, 0], [1794, 0], [1794, 0], [1794, 0], [1794, 0], [1794, 0], [1794, 0], [1794, 0], [1794, 0], [1794, 0], [1794, 0], [1794, 0], [1794, 0], [1794, 0], [1794, 0], [1794, 0], [1794, 0], [1794, 0], [1794, 0]]",2
"7.15-252,107,240,89,142,53+5","[[1794, 0], [1794, 0], [1794, 0], [1794, 0], [1794, 0], [1794, 0], [1794, 0], [1794, 0], [1794, 0]]",2
"7.15-164,125,159,153,152,106+2","[[2451, 0], [2451, 0], [2451, 0], [2451, 0], [2451, 0], [2451, 0], [2451, 0], [2451, 0], [2451, 0], [2451, 0], [2451, 0], [2451, 0], [2451, 0], [2451, 0], [2451, 0], [2451, 0], [2451, 0], [2451, 0], [2451, 0], [2451, 0], [2451, 0], [2451, 0], [2451, 0], [2451, 0], [2451, 0], [2451, 0], [2451, 0], [2451, 0], [2451, 0], [2451, 0], [2451, 0], [2451, 0], [2451, 0], [2451, 0], [2451, 0], [2451, 0], [2451, 0], [2451, 0], [2451, 0], [2451, 0], [2451, 0], [2451, 0], [2451, 0], [2451, 0], [2451, 0], [2451, 0], [2451, 0], [2451, 0], [2451, 0], [2451, 0], [2451, 0], [2451, 0], [2451, 0], [2451, 0], [2451, 0], [2451, 0], [2451, 0], [2451, 0], [2451, 0], [2451, 0], [2451, 0], [2451, 0], [2451, 0], [2451, 0], [2451, 0], [2451, 0], [2451, 0], [2451, 0], [2451, 0], [2451, 0], [2451, 0], [2451, 0], [2451, 0], [2451, 0], [2451, 0], [2451, 0], [2451, 0], [2451, 0], [2451, 0], [2451, 0], [2451, 0], [2451, 0], [2451, 0], [2451, 0], [2451, 0], [2451, 0], [2451, 0], [2451, 0]]",2
"7.15-184,148,54,32,44,55+3","[[2474, 0], [2474, 0], [2474, 0], [2474, 0], [2474, 0], [2474, 0], [2474, 0], [2474, 0], [2474, 0], [2474, 0], [2474, 0], [2474, 0], [2474, 0], [2474, 0], [2474, 0]]",2
"7.15-184,148,54,32,44,55+9","[[2474, 0], [2474, 0], [2474, 0], [2474, 0], [2474, 0], [2474, 0], [2474, 0], [2474, 0], [2474, 0], [2474, 0], [2474, 0], [2474, 0], [2474, 0], [2474, 0]]",2
"7.15-184,148,54,32,44,55+20","[[1794, 0], [1794, 0], [1794, 0]]",2
"7.15-184,148,54,32,44,55+25","[[1641, 1], [1721, 3], [1720, 1], [1800, 0], [1800, 3], [1799, 1], [1879, 0], [1879, 1], [1959, 3], [1958, 1]]",2
"7.15-184,148,54,32,44,55+26","[[2038, 0], [2038, 0], [2038, 2], [1958, 3], [1957, 2], [1877, 0], [1877, 3], [1876, 2], [1796, 3], [1795, 3], [1794, 0], [1794, 2], [1714, 3], [1713, 3], [1712, 2], [1632, 3], [1631, 0], [1631, 3], [1630, 3], [1629, 2], [1549, 3]]",2
