M,Dur,A_count,Count,oriMac,date,Moment
"7.5-172,48,74,38,155,214",16.85,1.0,2.0,"172,48,74,38,155,214",7.5,16.85
"7.5-164,125,159,153,152,106",20.35,2.0,19.0,"164,125,159,153,152,106",7.5,20.35
"7.5-252,107,240,89,142,53",20.42,2.0,37.0,"252,107,240,89,142,53",7.5,20.42
"7.5-112,138,9,131,175,199",20.42,2.0,47.0,"112,138,9,131,175,199",7.5,20.42
"7.5-48,74,38,133,29,213",20.42,5.0,49.0,"48,74,38,133,29,213",7.5,20.42
"7.5-48,74,38,155,214,98",20.42,6.0,147.0,"48,74,38,155,214,98",7.5,20.42
"7.5-20,178,229,137,47,142",20.42,4.0,38.0,"20,178,229,137,47,142",7.5,20.42
"7.5-164,48,74,38,133,29",16.85,1.0,2.0,"164,48,74,38,133,29",7.5,16.85
"7.5-4,207,140,11,128,186",20.42,3.0,15.0,"4,207,140,11,128,186",7.5,20.42
"7.5-208,151,254,40,222,169",20.4,3.0,11.0,"208,151,254,40,222,169",7.5,20.4
"7.5-88,133,233,252,89,161",20.43,2.0,4.0,"88,133,233,252,89,161",7.5,20.43
"7.5-220,240,144,185,104,48",20.4,2.0,3.0,"220,240,144,185,104,48",7.5,20.4
"7.5-140,206,78,224,75,99",22.78,3.0,7.0,"140,206,78,224,75,99",7.5,22.78
"7.5-88,198,240,41,58,135",23.68,3.0,12.0,"88,198,240,41,58,135",7.5,23.68
"7.5-32,50,51,210,96,61",23.88,3.0,67.0,"32,50,51,210,96,61",7.5,23.88
"7.5-28,72,206,164,132,189",23.87,2.0,2.0,"28,72,206,164,132,189",7.5,23.87
"7.5-64,140,31,142,167,149",23.92,2.0,39.0,"64,140,31,142,167,149",7.5,23.92
"7.5-8,250,121,45,167,67",23.92,1.0,7.0,"8,250,121,45,167,67",7.5,23.92
"7.5-164,201,57,9,43,253",23.92,1.0,6.0,"164,201,57,9,43,253",7.5,23.92
"7.5-8,250,121,194,19,245",23.92,1.0,21.0,"8,250,121,194,19,245",7.5,23.92
"7.5-204,129,42,183,42,73",23.92,1.0,3.0,"204,129,42,183,42,73",7.5,23.92
"7.5-212,26,63,183,185,195",23.88,1.0,4.0,"212,26,63,183,185,195",7.5,23.88
"7.5-208,151,254,41,36,198",23.92,2.0,13.0,"208,151,254,41,36,198",7.5,23.92
"7.5-28,54,187,20,163,246",23.93,1.0,16.0,"28,54,187,20,163,246",7.5,23.93
"7.5-128,214,5,75,8,213",23.92,2.0,5.0,"128,214,5,75,8,213",7.5,23.92
"7.5-240,27,108,132,118,12",23.92,2.0,3.0,"240,27,108,132,118,12",7.5,23.92
"7.5-28,66,125,50,93,223",23.92,2.0,3.0,"28,66,125,50,93,223",7.5,23.92
"7.5-184,55,101,29,72,107",23.93,1.0,19.0,"184,55,101,29,72,107",7.5,23.93
"7.5-156,95,90,12,124,73",23.93,3.0,9.0,"156,95,90,12,124,73",7.5,23.93
"7.5-164,201,57,205,13,69",23.93,1.0,11.0,"164,201,57,205,13,69",7.5,23.93
"7.5-132,65,103,218,221,212",23.93,1.0,3.0,"132,65,103,218,221,212",7.5,23.93
"7.5-48,69,150,180,24,101",23.93,2.0,5.0,"48,69,150,180,24,101",7.5,23.93
"7.5-184,148,54,32,44,55",23.93,2.0,14.0,"184,148,54,32,44,55",7.5,23.93
"7.5-88,102,186,101,140,144",23.93,2.0,26.0,"88,102,186,101,140,144",7.5,23.93
"7.5-64,140,31,52,191,11",23.95,2.0,3.0,"64,140,31,52,191,11",7.5,23.95
"7.5-64,68,253,44,108,157",23.95,1.0,2.0,"64,68,253,44,108,157",7.5,23.95
"7.5-124,218,195,126,234,181",23.95,2.0,2.0,"124,218,195,126,234,181",7.5,23.95
"7.6-252,107,240,89,142,53",11.98,2.0,2138.0,"252,107,240,89,142,53",7.6,11.98
"7.6-32,50,51,210,96,61",11.98,6.0,4742.0,"32,50,51,210,96,61",7.6,11.98
"7.6-48,74,38,133,29,213",11.98,7.0,4707.0,"48,74,38,133,29,213",7.6,11.98
"7.6-64,140,31,142,167,149",3.62,6.0,326.0,"64,140,31,142,167,149",7.6,3.62
"7.6-8,250,121,194,19,245",11.98,1.0,74.0,"8,250,121,194,19,245",7.6,11.98
"7.6-48,74,38,155,214,98",12.0,12.0,8186.0,"48,74,38,155,214,98",7.6,12.0
"7.6-208,151,254,41,36,198",11.98,4.0,544.0,"208,151,254,41,36,198",7.6,11.98
"7.6-204,129,42,183,42,73",11.98,11.0,411.0,"204,129,42,183,42,73",7.6,11.98
"7.6-88,198,240,41,58,135",11.98,6.0,283.0,"88,198,240,41,58,135",7.6,11.98
"7.6-184,148,54,32,44,55",11.98,5.0,628.0,"184,148,54,32,44,55",7.6,11.98
"7.6-20,178,229,137,47,142",11.98,5.0,2634.0,"20,178,229,137,47,142",7.6,11.98
"7.6-164,201,57,205,13,69",11.98,4.0,630.0,"164,201,57,205,13,69",7.6,11.98
"7.6-36,82,106,59,81,234",3.52,2.0,76.0,"36,82,106,59,81,234",7.6,3.52
"7.6-28,54,187,20,163,246",11.98,2.0,94.0,"28,54,187,20,163,246",7.6,11.98
"7.6-8,250,121,45,167,67",11.98,2.0,206.0,"8,250,121,45,167,67",7.6,11.98
"7.6-212,26,63,183,185,195",3.47,1.0,104.0,"212,26,63,183,185,195",7.6,3.47
"7.6-184,55,101,29,72,107",11.98,1.0,1037.0,"184,55,101,29,72,107",7.6,11.98
"7.6-208,151,254,40,222,169",11.98,4.0,910.0,"208,151,254,40,222,169",7.6,11.98
"7.6-4,207,140,11,128,186",12.0,4.0,947.0,"4,207,140,11,128,186",7.6,12.0
"7.6-28,72,206,164,132,189",3.62,2.0,552.0,"28,72,206,164,132,189",7.6,3.62
"7.6-156,95,90,12,124,73",11.98,8.0,730.0,"156,95,90,12,124,73",7.6,11.98
"7.6-108,33,162,235,7,87",3.47,2.0,57.0,"108,33,162,235,7,87",7.6,3.47
"7.6-128,214,5,75,8,213",3.52,4.0,123.0,"128,214,5,75,8,213",7.6,3.52
"7.6-220,240,144,185,104,48",11.97,3.0,161.0,"220,240,144,185,104,48",7.6,11.97
"7.6-112,138,9,131,175,199",12.0,3.0,2406.0,"112,138,9,131,175,199",7.6,12.0
"7.6-220,245,5,135,188,48",3.6,1.0,46.0,"220,245,5,135,188,48",7.6,3.6
"7.6-156,174,211,194,70,96",3.42,1.0,8.0,"156,174,211,194,70,96",7.6,3.42
"7.6-64,68,253,44,108,157",2.27,4.0,109.0,"64,68,253,44,108,157",7.6,2.27
"7.6-48,69,150,180,24,101",12.0,2.0,405.0,"48,69,150,180,24,101",7.6,12.0
"7.6-64,140,31,52,191,11",12.0,4.0,141.0,"64,140,31,52,191,11",7.6,12.0
"7.6-240,27,108,132,118,12",3.55,2.0,36.0,"240,27,108,132,118,12",7.6,3.55
"7.6-108,247,132,46,111,88",2.37,1.0,8.0,"108,247,132,46,111,88",7.6,2.37
"7.6-132,65,103,218,221,212",11.95,3.0,89.0,"132,65,103,218,221,212",7.6,11.95
"7.6-36,161,96,63,189,117",3.03,2.0,11.0,"36,161,96,63,189,117",7.6,3.03
"7.6-140,206,78,224,75,99",11.98,5.0,348.0,"140,206,78,224,75,99",7.6,11.98
"7.6-36,161,96,61,220,245",12.0,2.0,153.0,"36,161,96,61,220,245",7.6,12.0
"7.6-240,103,40,135,90,171",12.0,2.0,256.0,"240,103,40,135,90,171",7.6,12.0
"7.6-220,245,5,135,187,95",11.95,2.0,38.0,"220,245,5,135,187,95",7.6,11.95
"7.6-28,66,125,50,93,223",11.97,2.0,59.0,"28,66,125,50,93,223",7.6,11.97
"7.6-164,201,57,9,43,253",3.67,4.0,155.0,"164,201,57,9,43,253",7.6,3.67
"7.6-104,74,174,67,128,132",3.33,3.0,19.0,"104,74,174,67,128,132",7.6,3.33
"7.6-164,204,185,229,56,107",5.62,4.0,85.0,"164,204,185,229,56,107",7.6,5.62
"7.6-192,46,37,42,205,205",11.98,2.0,49.0,"192,46,37,42,205,205",7.6,11.98
"7.6-140,37,5,134,24,48",12.0,2.0,52.0,"140,37,5,134,24,48",7.6,12.0
"7.6-64,200,31,163,246,107",12.0,2.0,7.0,"64,200,31,163,246,107",7.6,12.0
"7.6-236,193,171,217,136,197",3.65,2.0,61.0,"236,193,171,217,136,197",7.6,3.65
"7.6-124,218,195,126,234,181",12.02,3.0,63.0,"124,218,195,126,234,181",7.6,12.02
"7.6-8,74,207,99,147,223",9.75,7.0,44.0,"8,74,207,99,147,223",7.6,9.75
"7.6-28,2,25,109,232,179",3.48,1.0,6.0,"28,2,25,109,232,179",7.6,3.48
"7.6-172,115,82,76,172,89",3.83,4.0,905.0,"172,115,82,76,172,89",7.6,3.83
"7.6-72,125,46,236,65,206",3.13,2.0,4.0,"72,125,46,236,65,206",7.6,3.13
"7.6-48,231,188,153,110,173",1.7,2.0,18.0,"48,231,188,153,110,173",7.6,1.7
"7.6-228,163,47,85,234,94",3.83,2.0,9.0,"228,163,47,85,234,94",7.6,3.83
"7.6-72,70,193,160,220,65",3.63,2.0,88.0,"72,70,193,160,220,65",7.6,3.63
"7.6-252,171,144,115,155,102",3.33,1.0,7.0,"252,171,144,115,155,102",7.6,3.33
"7.6-32,238,40,60,214,136",2.98,1.0,5.0,"32,238,40,60,214,136",7.6,2.98
"7.6-36,161,96,62,63,219",12.28,1.0,58.0,"36,161,96,62,63,219",7.6,12.28
"7.6-164,125,159,153,152,106",12.27,5.0,209.0,"164,125,159,153,152,106",7.6,12.27
"7.6-24,2,174,207,62,51",3.7,2.0,14.0,"24,2,174,207,62,51",7.6,3.7
"7.6-188,206,37,205,243,112",3.73,2.0,15.0,"188,206,37,205,243,112",7.6,3.73
"7.6-212,131,4,236,83,154",4.03,2.0,4.0,"212,131,4,236,83,154",7.6,4.03
"7.6-48,74,38,155,86,98",1.68,2.0,2.0,"48,74,38,155,86,98",7.6,1.68
"7.6-156,95,91,12,124,73",2.47,1.0,3.0,"156,95,91,12,124,73",7.6,2.47
"7.6-92,74,31,185,183,247",3.42,1.0,2.0,"92,74,31,185,183,247",7.6,3.42
"7.6-48,74,38,155,214,96",3.58,1.0,3.0,"48,74,38,155,214,96",7.6,3.58
"7.6-20,94,105,93,76,199",12.77,4.0,146.0,"20,94,105,93,76,199",7.6,12.77
"7.6-112,58,81,118,159,27",4.55,2.0,51.0,"112,58,81,118,159,27",7.6,4.55
"7.6-4,207,141,11,128,186",3.63,2.0,2.0,"4,207,141,11,128,186",7.6,3.63
"7.6-204,8,251,70,125,190",4.48,5.0,7.0,"204,8,251,70,125,190",7.6,4.48
"7.6-244,96,226,16,224,222",4.4,1.0,5.0,"244,96,226,16,224,222",7.6,4.4
"7.6-72,149,7,30,171,33",4.68,2.0,2.0,"72,149,7,30,171,33",7.6,4.68
"7.6-88,102,186,101,140,144",12.9,2.0,40.0,"88,102,186,101,140,144",7.6,12.9
"7.6-236,1,238,73,129,10",3.9,1.0,17.0,"236,1,238,73,129,10",7.6,3.9
"7.6-164,125,159,153,164,102",4.53,2.0,9.0,"164,125,159,153,164,102",7.6,4.53
"7.6-72,125,46,223,247,70",3.23,2.0,3.0,"72,125,46,223,247,70",7.6,3.23
"7.6-48,74,39,155,214,98",2.67,2.0,2.0,"48,74,39,155,214,98",7.6,2.67
"7.6-156,40,64,137,101,160",3.53,2.0,6.0,"156,40,64,137,101,160",7.6,3.53
"7.6-36,82,106,59,81,232",4.18,1.0,2.0,"36,82,106,59,81,232",7.6,4.18
"7.6-176,223,193,193,47,17",5.52,3.0,4.0,"176,223,193,193,47,17",7.6,5.52
"7.6-48,74,38,155,215,98",4.73,1.0,2.0,"48,74,38,155,215,98",7.6,4.73
"7.6-176,241,236,211,105,14",5.83,2.0,49.0,"176,241,236,211,105,14",7.6,5.83
"7.6-88,133,233,252,89,161",14.77,2.0,78.0,"88,133,233,252,89,161",7.6,14.77
"7.6-116,21,117,93,235,62",14.82,2.0,51.0,"116,21,117,93,235,62",7.6,14.82
"7.6-124,161,119,225,7,54",6.17,5.0,10.0,"124,161,119,225,7,54",7.6,6.17
"7.6-152,59,103,48,125,41",6.13,2.0,3.0,"152,59,103,48,125,41",7.6,6.13
"7.6-108,217,76,95,253,145",5.98,6.0,8.0,"108,217,76,95,253,145",7.6,5.98
"7.6-36,161,96,62,65,247",6.43,6.0,14.0,"36,161,96,62,65,247",7.6,6.43
"7.6-24,208,197,242,97,13",6.63,4.0,12.0,"24,208,197,242,97,13",7.6,6.63
"7.6-248,45,124,72,127,16",6.55,5.0,58.0,"248,45,124,72,127,16",7.6,6.55
"7.6-204,102,10,209,112,18",6.58,1.0,3.0,"204,102,10,209,112,18",7.6,6.58
"7.6-36,17,69,161,50,93",15.07,3.0,248.0,"36,17,69,161,50,93",7.6,15.07
"7.6-92,102,108,72,204,105",6.38,8.0,39.0,"92,102,108,72,204,105",7.6,6.38
"7.6-8,250,121,183,224,101",6.37,2.0,10.0,"8,250,121,183,224,101",7.6,6.37
"7.6-152,59,103,48,125,65",6.32,2.0,2.0,"152,59,103,48,125,65",7.6,6.32
"7.6-156,116,3,24,100,145",6.48,3.0,18.0,"156,116,3,24,100,145",7.6,6.48
"7.6-4,212,66,137,157,91",6.5,2.0,2.0,"4,212,66,137,157,91",7.6,6.5
"7.6-208,151,254,41,36,162",6.93,3.0,11.0,"208,151,254,41,36,162",7.6,6.93
"7.6-28,209,7,152,33,91",6.77,2.0,3.0,"28,209,7,152,33,91",7.6,6.77
"7.6-56,138,190,37,3,117",6.67,2.0,2.0,"56,138,190,37,3,117",7.6,6.67
"7.6-136,191,228,175,202,9",6.83,2.0,2.0,"136,191,228,175,202,9",7.6,6.83
"7.6-76,24,154,44,218,251",7.0,1.0,3.0,"76,24,154,44,218,251",7.6,7.0
"7.6-60,134,209,115,214,231",7.08,2.0,37.0,"60,134,209,115,214,231",7.6,7.08
"7.6-172,93,92,15,82,225",6.97,2.0,6.0,"172,93,92,15,82,225",7.6,6.97
"7.6-112,71,233,44,21,7",15.62,2.0,18.0,"112,71,233,44,21,7",7.6,15.62
"7.6-212,109,109,134,11,60",23.88,2.0,52.0,"212,109,109,134,11,60",7.6,23.88
"7.7-32,50,51,210,96,61",11.98,6.0,5390.0,"32,50,51,210,96,61",7.7,11.98
"7.7-20,94,105,93,76,199",2.7,5.0,1349.0,"20,94,105,93,76,199",7.7,2.7
"7.7-48,74,38,155,214,98",12.0,12.0,11741.0,"48,74,38,155,214,98",7.7,12.0
"7.7-208,151,254,41,36,198",11.97,4.0,1433.0,"208,151,254,41,36,198",7.7,11.97
"7.7-204,129,42,183,42,73",11.97,10.0,383.0,"204,129,42,183,42,73",7.7,11.97
"7.7-112,71,233,44,21,7",11.98,2.0,1201.0,"112,71,233,44,21,7",7.7,11.98
"7.7-48,74,38,133,29,213",11.98,6.0,3301.0,"48,74,38,133,29,213",7.7,11.98
"7.7-112,138,9,131,175,199",11.92,3.0,1909.0,"112,138,9,131,175,199",7.7,11.92
"7.7-20,178,229,137,47,142",11.98,6.0,3018.0,"20,178,229,137,47,142",7.7,11.98
"7.7-164,201,57,205,13,69",3.47,7.0,964.0,"164,201,57,205,13,69",7.7,3.47
"7.7-212,109,109,134,11,60",0.1,2.0,49.0,"212,109,109,134,11,60",7.7,0.1
"7.7-240,103,40,135,90,171",11.98,1.0,393.0,"240,103,40,135,90,171",7.7,11.98
"7.7-252,107,240,89,142,53",12.0,2.0,2455.0,"252,107,240,89,142,53",7.7,12.0
"7.7-28,54,187,20,163,246",4.03,3.0,77.0,"28,54,187,20,163,246",7.7,4.03
"7.7-184,148,54,32,44,55",3.72,6.0,1506.0,"184,148,54,32,44,55",7.7,3.72
"7.7-24,2,174,207,62,51",4.03,2.0,49.0,"24,2,174,207,62,51",7.7,4.03
"7.7-4,207,140,11,128,186",12.0,4.0,980.0,"4,207,140,11,128,186",7.7,12.0
"7.7-156,95,90,12,124,73",4.17,7.0,662.0,"156,95,90,12,124,73",7.7,4.17
"7.7-48,69,150,180,24,101",12.0,2.0,621.0,"48,69,150,180,24,101",7.7,12.0
"7.7-8,250,121,45,167,67",4.17,6.0,676.0,"8,250,121,45,167,67",7.7,4.17
"7.7-184,55,101,29,72,107",12.0,2.0,1169.0,"184,55,101,29,72,107",7.7,12.0
"7.7-36,17,69,161,50,93",3.68,3.0,524.0,"36,17,69,161,50,93",7.7,3.68
"7.7-208,151,254,40,222,169",4.03,3.0,671.0,"208,151,254,40,222,169",7.7,4.03
"7.7-220,245,5,135,187,95",4.13,2.0,93.0,"220,245,5,135,187,95",7.7,4.13
"7.7-64,68,253,44,108,157",11.98,2.0,71.0,"64,68,253,44,108,157",7.7,11.98
"7.7-36,161,96,62,63,219",2.22,2.0,100.0,"36,161,96,62,63,219",7.7,2.22
"7.7-64,140,31,52,191,11",12.0,4.0,415.0,"64,140,31,52,191,11",7.7,12.0
"7.7-220,240,144,185,104,48",12.0,3.0,504.0,"220,240,144,185,104,48",7.7,12.0
"7.7-88,133,233,252,89,161",4.18,2.0,345.0,"88,133,233,252,89,161",7.7,4.18
"7.7-128,214,5,75,8,213",12.0,6.0,154.0,"128,214,5,75,8,213",7.7,12.0
"7.7-92,102,108,72,204,105",12.0,3.0,235.0,"92,102,108,72,204,105",7.7,12.0
"7.7-108,33,162,235,7,87",4.13,2.0,97.0,"108,33,162,235,7,87",7.7,4.13
"7.7-240,98,90,159,90,25",11.97,10.0,239.0,"240,98,90,159,90,25",7.7,11.97
"7.7-140,37,5,134,24,48",8.6,2.0,152.0,"140,37,5,134,24,48",7.7,8.6
"7.7-140,206,78,224,75,99",0.98,4.0,57.0,"140,206,78,224,75,99",7.7,0.98
"7.7-36,82,106,59,81,234",12.02,2.0,267.0,"36,82,106,59,81,234",7.7,12.02
"7.7-8,250,121,194,19,245",4.1,3.0,157.0,"8,250,121,194,19,245",7.7,4.1
"7.7-240,27,108,132,118,12",11.95,2.0,56.0,"240,27,108,132,118,12",7.7,11.95
"7.7-28,66,125,50,93,223",11.98,2.0,57.0,"28,66,125,50,93,223",7.7,11.98
"7.7-88,214,151,17,133,245",12.02,1.0,16.0,"88,214,151,17,133,245",7.7,12.02
"7.7-124,218,195,126,234,181",12.03,3.0,87.0,"124,218,195,126,234,181",7.7,12.03
"7.7-8,250,121,183,224,101",12.03,2.0,82.0,"8,250,121,183,224,101",7.7,12.03
"7.7-88,198,240,41,58,135",12.02,11.0,788.0,"88,198,240,41,58,135",7.7,12.02
"7.7-192,46,37,42,205,205",4.22,2.0,78.0,"192,46,37,42,205,205",7.7,4.22
"7.7-36,161,96,61,220,245",4.08,2.0,243.0,"36,161,96,61,220,245",7.7,4.08
"7.7-164,201,57,9,43,253",12.02,6.0,237.0,"164,201,57,9,43,253",7.7,12.02
"7.7-244,96,226,16,224,222",4.0,1.0,6.0,"244,96,226,16,224,222",7.7,4.0
"7.7-164,204,185,229,56,107",12.0,6.0,79.0,"164,204,185,229,56,107",7.7,12.0
"7.7-48,74,38,27,214,98",3.95,2.0,3.0,"48,74,38,27,214,98",7.7,3.95
"7.7-88,102,186,101,140,144",12.12,2.0,286.0,"88,102,186,101,140,144",7.7,12.12
"7.7-104,48,161,48,74,38",0.27,1.0,2.0,"104,48,161,48,74,38",7.7,0.27
"7.7-240,144,185,104,48,183",8.72,1.0,2.0,"240,144,185,104,48,183",7.7,8.72
"7.7-48,231,188,153,110,173",12.12,1.0,12.0,"48,231,188,153,110,173",7.7,12.12
"7.7-164,125,159,153,164,102",4.2,2.0,16.0,"164,125,159,153,164,102",7.7,4.2
"7.7-104,74,174,67,128,132",12.1,4.0,19.0,"104,74,174,67,128,132",7.7,12.1
"7.7-168,48,74,38,155,214",3.98,2.0,3.0,"168,48,74,38,155,214",7.7,3.98
"7.7-28,2,25,109,232,179",4.3,2.0,67.0,"28,2,25,109,232,179",7.7,4.3
"7.7-64,140,31,142,167,149",12.2,7.0,145.0,"64,140,31,142,167,149",7.7,12.2
"7.7-164,125,159,153,152,106",8.18,5.0,208.0,"164,125,159,153,152,106",7.7,8.18
"7.7-132,65,103,218,221,212",12.15,2.0,41.0,"132,65,103,218,221,212",7.7,12.15
"7.7-108,217,76,95,253,145",12.02,1.0,10.0,"108,217,76,95,253,145",7.7,12.02
"7.7-152,207,83,224,116,138",10.87,2.0,5.0,"152,207,83,224,116,138",7.7,10.87
"7.7-164,125,159,153,152,107",2.3,1.0,2.0,"164,125,159,153,152,107",7.7,2.3
"7.7-164,125,159,153,152,74",2.32,1.0,3.0,"164,125,159,153,152,74",7.7,2.32
"7.7-24,208,197,242,97,13",4.03,4.0,8.0,"24,208,197,242,97,13",7.7,4.03
"7.7-8,74,207,99,147,223",4.55,7.0,108.0,"8,74,207,99,147,223",7.7,4.55
"7.7-36,161,96,63,189,117",3.05,2.0,25.0,"36,161,96,63,189,117",7.7,3.05
"7.7-112,58,81,118,159,27",12.4,2.0,91.0,"112,58,81,118,159,27",7.7,12.4
"7.7-36,201,57,205,13,69",1.85,1.0,2.0,"36,201,57,205,13,69",7.7,1.85
"7.7-184,148,54,48,44,55",1.85,1.0,2.0,"184,148,54,48,44,55",7.7,1.85
"7.7-156,227,63,154,26,70",2.38,1.0,2.0,"156,227,63,154,26,70",7.7,2.38
"7.7-156,116,3,24,100,145",4.8,5.0,71.0,"156,116,3,24,100,145",7.7,4.8
"7.7-72,125,46,223,247,70",2.45,2.0,2.0,"72,125,46,223,247,70",7.7,2.45
"7.7-92,74,31,185,183,247",4.45,2.0,7.0,"92,74,31,185,183,247",7.7,4.45
"7.7-208,151,254,41,36,162",4.78,2.0,25.0,"208,151,254,41,36,162",7.7,4.78
"7.7-72,149,7,30,171,33",4.65,2.0,11.0,"72,149,7,30,171,33",7.7,4.65
"7.7-64,200,31,163,246,107",4.98,2.0,17.0,"64,200,31,163,246,107",7.7,4.98
"7.7-228,163,47,85,234,94",13.3,2.0,33.0,"228,163,47,85,234,94",7.7,13.3
"7.7-236,1,238,73,129,10",13.32,1.0,10.0,"236,1,238,73,129,10",7.7,13.32
"7.7-48,66,38,155,214,98",4.75,3.0,4.0,"48,66,38,155,214,98",7.7,4.75
"7.7-48,74,36,155,214,98",4.38,1.0,2.0,"48,74,36,155,214,98",7.7,4.38
"7.7-212,131,4,236,83,154",4.25,2.0,3.0,"212,131,4,236,83,154",7.7,4.25
"7.7-108,247,132,46,111,88",5.33,3.0,10.0,"108,247,132,46,111,88",7.7,5.33
"7.7-212,26,63,183,185,195",5.63,1.0,3.0,"212,26,63,183,185,195",7.7,5.63
"7.7-156,40,64,137,101,160",5.6,3.0,22.0,"156,40,64,137,101,160",7.7,5.6
"7.7-48,74,6,155,214,98",4.13,1.0,3.0,"48,74,6,155,214,98",7.7,4.13
"7.7-156,245,49,209,69,163",5.8,3.0,10.0,"156,245,49,209,69,163",7.7,5.8
"7.7-48,74,38,155,214,96",5.32,2.0,4.0,"48,74,38,155,214,96",7.7,5.32
"7.7-124,161,119,225,7,54",4.7,2.0,19.0,"124,161,119,225,7,54",7.7,4.7
"7.7-236,193,171,217,136,197",14.33,2.0,127.0,"236,193,171,217,136,197",7.7,14.33
"7.7-176,223,193,193,47,17",5.08,2.0,2.0,"176,223,193,193,47,17",7.7,5.08
"7.7-72,125,46,236,65,206",5.98,1.0,2.0,"72,125,46,236,65,206",7.7,5.98
"7.7-156,174,211,194,70,96",6.77,1.0,3.0,"156,174,211,194,70,96",7.7,6.77
"7.7-168,226,195,232,204,104",5.37,4.0,4.0,"168,226,195,232,204,104",7.7,5.37
"7.7-168,226,195,233,6,76",5.38,3.0,3.0,"168,226,195,233,6,76",7.7,5.38
"7.7-48,74,38,219,214,98",6.23,2.0,3.0,"48,74,38,219,214,98",7.7,6.23
"7.7-48,74,39,155,214,98",14.5,2.0,2.0,"48,74,39,155,214,98",7.7,14.5
"7.7-32,50,55,210,96,61",6.17,1.0,2.0,"32,50,55,210,96,61",7.7,6.17
"7.7-172,93,92,15,82,225",14.95,2.0,130.0,"172,93,92,15,82,225",7.7,14.95
"7.7-76,24,154,44,218,251",6.67,1.0,12.0,"76,24,154,44,218,251",7.7,6.67
"7.7-64,140,31,52,183,11",6.35,1.0,2.0,"64,140,31,52,183,11",7.7,6.35
"7.7-152,59,103,48,125,41",6.87,1.0,3.0,"152,59,103,48,125,41",7.7,6.87
"7.7-116,21,117,93,235,62",7.33,2.0,46.0,"116,21,117,93,235,62",7.7,7.33
"7.7-216,50,20,254,96,65",7.15,1.0,2.0,"216,50,20,254,96,65",7.7,7.15
"7.7-248,45,124,72,127,16",7.33,5.0,178.0,"248,45,124,72,127,16",7.7,7.33
"7.7-208,90,253,157,51,31",7.35,5.0,5.0,"208,90,253,157,51,31",7.7,7.35
"7.7-112,74,38,155,214,98",6.83,1.0,2.0,"112,74,38,155,214,98",7.7,6.83
"7.7-4,212,66,137,157,91",6.75,2.0,4.0,"4,212,66,137,157,91",7.7,6.75
"7.7-28,209,7,152,33,91",15.23,2.0,13.0,"28,209,7,152,33,91",7.7,15.23
"7.7-8,74,207,67,147,223",7.27,2.0,2.0,"8,74,207,67,147,223",7.7,7.27
"7.7-72,76,134,151,123,179",7.3,1.0,11.0,"72,76,134,151,123,179",7.7,7.3
"7.7-224,185,77,225,63,182",7.75,2.0,2.0,"224,185,77,225,63,182",7.7,7.75
"7.7-164,4,80,242,145,20",7.78,3.0,4.0,"164,4,80,242,145,20",7.7,7.78
"7.7-220,245,5,135,188,48",8.02,1.0,9.0,"220,245,5,135,188,48",7.7,8.02
"7.7-92,255,255,144,7,131",7.95,2.0,15.0,"92,255,255,144,7,131",7.7,7.95
"7.7-196,152,92,41,196,143",8.02,1.0,8.0,"196,152,92,41,196,143",7.7,8.02
"7.7-208,64,239,26,134,191",7.98,7.0,8.0,"208,64,239,26,134,191",7.7,7.98
"7.7-40,53,69,96,185,108",11.93,3.0,50.0,"40,53,69,96,185,108",7.7,11.93
"7.7-168,152,146,10,133,107",23.83,1.0,9.0,"168,152,146,10,133,107",7.7,23.83
"7.7-136,191,228,175,202,9",23.82,2.0,14.0,"136,191,228,175,202,9",7.7,23.82
"7.7-172,115,82,76,172,89",23.93,2.0,7.0,"172,115,82,76,172,89",7.7,23.93
"7.8-32,50,51,210,96,61",11.98,6.0,4184.0,"32,50,51,210,96,61",7.8,11.98
"7.8-208,151,254,41,36,198",11.9,3.0,173.0,"208,151,254,41,36,198",7.8,11.9
"7.8-48,74,38,133,29,213",11.98,7.0,4251.0,"48,74,38,133,29,213",7.8,11.98
"7.8-48,74,38,155,214,98",12.0,12.0,11646.0,"48,74,38,155,214,98",7.8,12.0
"7.8-168,152,146,10,133,107",4.48,1.0,313.0,"168,152,146,10,133,107",7.8,4.48
"7.8-172,115,82,76,172,89",11.82,2.0,305.0,"172,115,82,76,172,89",7.8,11.82
"7.8-20,178,229,137,47,142",11.98,6.0,3244.0,"20,178,229,137,47,142",7.8,11.98
"7.8-112,71,233,44,21,7",11.98,2.0,901.0,"112,71,233,44,21,7",7.8,11.98
"7.8-136,191,228,175,202,9",4.03,2.0,69.0,"136,191,228,175,202,9",7.8,4.03
"7.8-64,140,31,52,191,11",11.95,4.0,492.0,"64,140,31,52,191,11",7.8,11.95
"7.8-252,107,240,89,142,53",12.0,2.0,3126.0,"252,107,240,89,142,53",7.8,12.0
"7.8-64,140,31,142,167,149",4.87,5.0,508.0,"64,140,31,142,167,149",7.8,4.87
"7.8-220,240,144,185,104,48",11.98,3.0,834.0,"220,240,144,185,104,48",7.8,11.98
"7.8-184,55,101,29,72,107",12.0,4.0,1534.0,"184,55,101,29,72,107",7.8,12.0
"7.8-4,207,140,11,128,186",12.0,4.0,504.0,"4,207,140,11,128,186",7.8,12.0
"7.8-64,68,253,44,108,157",12.0,3.0,135.0,"64,68,253,44,108,157",7.8,12.0
"7.8-92,102,108,72,204,105",12.0,6.0,337.0,"92,102,108,72,204,105",7.8,12.0
"7.8-88,102,186,101,140,144",11.88,2.0,504.0,"88,102,186,101,140,144",7.8,11.88
"7.8-112,138,9,131,175,199",12.0,3.0,733.0,"112,138,9,131,175,199",7.8,12.0
"7.8-236,1,238,73,129,10",11.62,2.0,99.0,"236,1,238,73,129,10",7.8,11.62
"7.8-236,193,171,217,136,197",12.0,2.0,154.0,"236,193,171,217,136,197",7.8,12.0
"7.8-36,82,106,59,81,234",12.0,2.0,240.0,"36,82,106,59,81,234",7.8,12.0
"7.8-220,245,5,135,187,95",4.7,2.0,88.0,"220,245,5,135,187,95",7.8,4.7
"7.8-172,93,92,15,82,225",3.62,2.0,204.0,"172,93,92,15,82,225",7.8,3.62
"7.8-156,95,90,12,124,73",12.02,7.0,592.0,"156,95,90,12,124,73",7.8,12.02
"7.8-240,103,40,135,90,171",12.02,3.0,777.0,"240,103,40,135,90,171",7.8,12.02
"7.8-204,129,42,183,42,73",11.85,9.0,554.0,"204,129,42,183,42,73",7.8,11.85
"7.8-48,69,150,180,24,101",12.02,3.0,677.0,"48,69,150,180,24,101",7.8,12.02
"7.8-8,250,121,45,167,67",4.0,4.0,539.0,"8,250,121,45,167,67",7.8,4.0
"7.8-240,98,90,159,90,25",1.27,2.0,17.0,"240,98,90,159,90,25",7.8,1.27
"7.8-8,250,121,183,224,101",4.2,3.0,105.0,"8,250,121,183,224,101",7.8,4.2
"7.8-88,214,151,17,133,245",12.0,2.0,21.0,"88,214,151,17,133,245",7.8,12.0
"7.8-88,198,240,41,58,135",12.03,11.0,921.0,"88,198,240,41,58,135",7.8,12.03
"7.8-220,114,155,222,161,114",4.92,6.0,103.0,"220,114,155,222,161,114",7.8,4.92
"7.8-176,241,236,211,105,14",4.92,2.0,128.0,"176,241,236,211,105,14",7.8,4.92
"7.8-48,231,188,153,110,173",4.95,3.0,33.0,"48,231,188,153,110,173",7.8,4.95
"7.8-208,151,254,40,222,169",12.03,4.0,238.0,"208,151,254,40,222,169",7.8,12.03
"7.8-88,133,233,252,89,161",4.52,2.0,19.0,"88,133,233,252,89,161",7.8,4.52
"7.8-104,74,174,67,128,132",4.88,4.0,40.0,"104,74,174,67,128,132",7.8,4.88
"7.8-208,151,254,41,36,162",4.97,2.0,27.0,"208,151,254,41,36,162",7.8,4.97
"7.8-240,27,108,132,118,12",12.03,2.0,115.0,"240,27,108,132,118,12",7.8,12.03
"7.8-164,201,57,9,43,253",11.92,7.0,413.0,"164,201,57,9,43,253",7.8,11.92
"7.8-132,65,103,218,221,212",5.02,4.0,53.0,"132,65,103,218,221,212",7.8,5.02
"7.8-124,218,195,126,234,181",12.03,4.0,117.0,"124,218,195,126,234,181",7.8,12.03
"7.8-164,125,159,153,152,106",11.58,4.0,152.0,"164,125,159,153,152,106",7.8,11.58
"7.8-76,234,174,20,76,243",12.1,1.0,13.0,"76,234,174,20,76,243",7.8,12.1
"7.8-180,48,74,38,155,214",11.95,1.0,5.0,"180,48,74,38,155,214",7.8,11.95
"7.8-184,148,54,32,44,55",10.52,5.0,1323.0,"184,148,54,32,44,55",7.8,10.52
"7.8-128,214,5,75,8,213",12.08,6.0,156.0,"128,214,5,75,8,213",7.8,12.08
"7.8-28,66,125,50,93,223",12.07,2.0,120.0,"28,66,125,50,93,223",7.8,12.07
"7.8-8,250,121,194,19,245",5.07,3.0,72.0,"8,250,121,194,19,245",7.8,5.07
"7.8-108,33,162,235,7,87",12.18,2.0,120.0,"108,33,162,235,7,87",7.8,12.18
"7.8-24,2,174,207,62,51",10.58,2.0,72.0,"24,2,174,207,62,51",7.8,10.58
"7.8-248,45,124,72,127,16",12.22,7.0,317.0,"248,45,124,72,127,16",7.8,12.22
"7.8-152,207,83,224,116,138",4.2,2.0,163.0,"152,207,83,224,116,138",7.8,4.2
"7.8-20,94,105,93,76,199",12.13,4.0,224.0,"20,94,105,93,76,199",7.8,12.13
"7.8-8,74,207,99,147,223",12.32,7.0,36.0,"8,74,207,99,147,223",7.8,12.32
"7.8-24,208,197,242,97,13",5.13,4.0,9.0,"24,208,197,242,97,13",7.8,5.13
"7.8-48,74,38,133,29,85",2.88,1.0,2.0,"48,74,38,133,29,85",7.8,2.88
"7.8-248,45,125,72,127,16",3.15,1.0,2.0,"248,45,125,72,127,16",7.8,3.15
"7.8-164,204,185,229,56,107",12.55,5.0,40.0,"164,204,185,229,56,107",7.8,12.55
"7.8-156,174,211,194,70,96",4.98,1.0,5.0,"156,174,211,194,70,96",7.8,4.98
"7.8-28,2,25,109,232,179",12.4,3.0,40.0,"28,2,25,109,232,179",7.8,12.4
"7.8-16,74,38,133,29,213",4.32,1.0,2.0,"16,74,38,133,29,213",7.8,4.32
"7.8-168,226,195,233,6,76",3.38,1.0,2.0,"168,226,195,233,6,76",7.8,3.38
"7.8-220,240,144,185,96,48",5.4,2.0,3.0,"220,240,144,185,96,48",7.8,5.4
"7.8-92,74,31,185,183,247",5.47,1.0,7.0,"92,74,31,185,183,247",7.8,5.47
"7.8-48,74,38,155,86,98",3.87,2.0,3.0,"48,74,38,155,86,98",7.8,3.87
"7.8-220,240,144,185,104,112",5.78,1.0,2.0,"220,240,144,185,104,112",7.8,5.78
"7.8-100,82,106,59,81,234",5.58,1.0,2.0,"100,82,106,59,81,234",7.8,5.58
"7.8-112,58,81,118,159,27",11.47,4.0,934.0,"112,58,81,118,159,27",7.8,11.47
"7.8-48,74,39,155,214,98",5.9,2.0,2.0,"48,74,39,155,214,98",7.8,5.9
"7.8-176,223,193,193,47,17",5.38,5.0,26.0,"176,223,193,193,47,17",7.8,5.38
"7.8-4,207,141,11,128,186",5.77,1.0,2.0,"4,207,141,11,128,186",7.8,5.77
"7.8-64,200,31,163,246,107",6.27,1.0,13.0,"64,200,31,163,246,107",7.8,6.27
"7.8-108,217,76,95,253,145",12.88,9.0,185.0,"108,217,76,95,253,145",7.8,12.88
"7.8-164,125,159,153,164,102",5.33,1.0,7.0,"164,125,159,153,164,102",7.8,5.33
"7.8-156,40,64,137,101,160",5.57,3.0,16.0,"156,40,64,137,101,160",7.8,5.57
"7.8-48,123,172,71,127,119",5.22,1.0,4.0,"48,123,172,71,127,119",7.8,5.22
"7.8-204,8,251,70,125,190",13.65,2.0,2.0,"204,8,251,70,125,190",7.8,13.65
"7.8-48,74,6,155,214,98",6.35,2.0,2.0,"48,74,6,155,214,98",7.8,6.35
"7.8-216,50,20,254,96,65",5.8,3.0,3.0,"216,50,20,254,96,65",7.8,5.8
"7.8-20,146,229,137,47,142",6.55,2.0,2.0,"20,146,229,137,47,142",7.8,6.55
"7.8-220,240,144,249,104,48",5.57,1.0,3.0,"220,240,144,249,104,48",7.8,5.57
"7.8-228,163,47,85,234,94",6.07,2.0,4.0,"228,163,47,85,234,94",7.8,6.07
"7.8-156,116,3,24,100,145",10.88,7.0,110.0,"156,116,3,24,100,145",7.8,10.88
"7.8-20,178,245,137,47,142",5.97,1.0,2.0,"20,178,245,137,47,142",7.8,5.97
"7.8-164,220,240,144,185,104",6.68,1.0,2.0,"164,220,240,144,185,104",7.8,6.68
"7.8-12,216,108,203,4,136",5.07,2.0,3.0,"12,216,108,203,4,136",7.8,5.07
"7.8-140,37,5,134,24,48",6.2,4.0,53.0,"140,37,5,134,24,48",7.8,6.2
"7.8-44,21,225,16,68,88",7.35,2.0,2.0,"44,21,225,16,68,88",7.8,7.35
"7.8-252,124,2,134,99,96",5.37,2.0,30.0,"252,124,2,134,99,96",7.8,5.37
"7.8-32,40,62,78,233,36",6.95,2.0,6.0,"32,40,62,78,233,36",7.8,6.95
"7.8-32,40,62,78,237,188",7.32,2.0,7.0,"32,40,62,78,237,188",7.8,7.32
"7.8-168,226,195,232,204,104",5.37,2.0,2.0,"168,226,195,232,204,104",7.8,5.37
"7.8-140,217,214,204,25,121",12.07,2.0,5.0,"140,217,214,204,25,121",7.8,12.07
"7.8-36,17,69,161,50,93",6.47,3.0,175.0,"36,17,69,161,50,93",7.8,6.47
"7.8-28,209,7,152,33,91",7.35,2.0,507.0,"28,209,7,152,33,91",7.8,7.35
"7.8-48,74,38,27,214,98",7.8,3.0,4.0,"48,74,38,27,214,98",7.8,7.8
"7.8-72,76,134,151,123,179",7.55,1.0,12.0,"72,76,134,151,123,179",7.8,7.55
"7.8-212,131,4,236,83,154",6.82,1.0,6.0,"212,131,4,236,83,154",7.8,6.82
"7.8-12,75,84,85,61,8",7.57,3.0,7.0,"12,75,84,85,61,8",7.8,7.57
"7.8-24,242,44,249,231,91",6.98,2.0,5.0,"24,242,44,249,231,91",7.8,6.98
"7.8-116,21,117,93,235,62",7.85,2.0,127.0,"116,21,117,93,235,62",7.8,7.85
"7.8-152,59,103,48,125,41",6.77,1.0,2.0,"152,59,103,48,125,41",7.8,6.77
"7.8-184,99,146,169,68,54",7.12,1.0,2.0,"184,99,146,169,68,54",7.8,7.12
"7.8-164,201,57,205,13,69",7.85,8.0,186.0,"164,201,57,205,13,69",7.8,7.85
"7.8-160,220,240,144,185,104",14.63,1.0,2.0,"160,220,240,144,185,104",7.8,14.63
"7.8-48,123,172,71,127,62",7.6,1.0,2.0,"48,123,172,71,127,62",7.8,7.6
"7.8-172,115,82,79,166,205",6.6,2.0,2.0,"172,115,82,79,166,205",7.8,6.6
"7.8-60,134,209,115,214,231",7.68,7.0,25.0,"60,134,209,115,214,231",7.8,7.68
"7.8-164,201,57,9,107,253",7.33,1.0,2.0,"164,201,57,9,107,253",7.8,7.33
"7.8-208,110,152,171,43,95",6.83,6.0,11.0,"208,110,152,171,43,95",7.8,6.83
"7.8-48,74,38,159,214,98",7.67,2.0,2.0,"48,74,38,159,214,98",7.8,7.67
"7.8-76,24,154,44,218,251",8.38,1.0,11.0,"76,24,154,44,218,251",7.8,8.38
"7.8-108,247,132,46,111,88",14.92,3.0,5.0,"108,247,132,46,111,88",7.8,14.92
"7.8-48,123,172,71,127,116",7.0,2.0,2.0,"48,123,172,71,127,116",7.8,7.0
"7.8-48,74,102,155,214,98",7.93,1.0,3.0,"48,74,102,155,214,98",7.8,7.93
"7.8-48,123,172,71,160,113",7.07,2.0,2.0,"48,123,172,71,160,113",7.8,7.07
"7.8-48,74,38,219,214,98",7.73,2.0,2.0,"48,74,38,219,214,98",7.8,7.73
"7.8-212,80,63,212,233,211",7.12,2.0,2.0,"212,80,63,212,233,211",7.8,7.12
"7.8-136,247,191,181,5,197",7.6,1.0,100.0,"136,247,191,181,5,197",7.8,7.6
"7.8-244,96,226,16,224,222",8.52,1.0,2.0,"244,96,226,16,224,222",7.8,8.52
"7.8-240,98,90,159,90,22",7.52,7.0,97.0,"240,98,90,159,90,22",7.8,7.52
"7.8-220,245,5,135,188,48",8.5,2.0,38.0,"220,245,5,135,188,48",7.8,8.5
"7.8-48,123,172,71,160,50",7.52,1.0,2.0,"48,123,172,71,160,50",7.8,7.52
"7.8-72,149,7,30,171,33",8.73,2.0,4.0,"72,149,7,30,171,33",7.8,8.73
"7.8-32,114,13,57,246,228",7.7,8.0,13.0,"32,114,13,57,246,228",7.8,7.7
"7.8-20,159,182,86,222,181",14.28,2.0,4.0,"20,159,182,86,222,181",7.8,14.28
"7.8-108,177,88,58,181,202",8.63,3.0,6.0,"108,177,88,58,181,202",7.8,8.63
"7.8-212,202,110,152,68,229",8.77,9.0,25.0,"212,202,110,152,68,229",7.8,8.77
"7.8-32,50,51,210,112,61",12.52,2.0,3.0,"32,50,51,210,112,61",7.8,12.52
"7.8-164,75,213,152,247,174",7.88,3.0,3.0,"164,75,213,152,247,174",7.8,7.88
"7.8-48,236,165,220,64,63",8.6,2.0,6.0,"48,236,165,220,64,63",7.8,8.6
"7.8-92,255,255,144,7,131",15.85,2.0,71.0,"92,255,255,144,7,131",7.8,15.85
"7.8-48,78,38,155,214,98",12.93,3.0,4.0,"48,78,38,155,214,98",7.8,12.93
"7.8-40,53,69,96,185,108",9.08,3.0,112.0,"40,53,69,96,185,108",7.8,9.08
"7.8-48,74,54,155,214,98",16.15,3.0,3.0,"48,74,54,155,214,98",7.8,16.15
"7.8-156,245,49,209,69,163",8.43,1.0,3.0,"156,245,49,209,69,163",7.8,8.43
"7.8-68,216,120,87,119,51",13.15,1.0,94.0,"68,216,120,87,119,51",7.8,13.15
"7.8-156,116,3,202,211,133",8.43,2.0,5.0,"156,116,3,202,211,133",7.8,8.43
"7.8-164,118,229,160,225,193",9.18,1.0,2.0,"164,118,229,160,225,193",7.8,9.18
"7.8-164,48,74,38,155,214",13.08,2.0,4.0,"164,48,74,38,155,214",7.8,13.08
"7.8-116,165,20,178,229,137",9.13,2.0,2.0,"116,165,20,178,229,137",7.8,9.13
"7.8-152,59,103,48,125,65",8.82,1.0,2.0,"152,59,103,48,125,65",7.8,8.82
"7.8-20,178,101,137,47,142",8.63,2.0,2.0,"20,178,101,137,47,142",7.8,8.63
"7.8-48,74,38,155,214,114",9.33,1.0,2.0,"48,74,38,155,214,114",7.8,9.33
"7.8-220,245,5,135,188,57",9.48,2.0,4.0,"220,245,5,135,188,57",7.8,9.48
"7.8-60,87,79,155,146,240",9.48,2.0,4.0,"60,87,79,155,146,240",7.8,9.48
"7.8-32,100,203,94,219,103",9.5,2.0,2.0,"32,100,203,94,219,103",7.8,9.5
"7.8-48,74,38,155,214,96",9.62,2.0,3.0,"48,74,38,155,214,96",7.8,9.62
"7.8-160,110,168,60,136,95",9.62,1.0,2.0,"160,110,168,60,136,95",7.8,9.62
"7.8-8,179,175,7,212,61",9.67,1.0,3.0,"8,179,175,7,212,61",7.8,9.67
"7.8-120,54,204,215,101,217",9.65,7.0,10.0,"120,54,204,215,101,217",7.8,9.65
"7.8-48,90,38,155,214,98",9.72,2.0,2.0,"48,90,38,155,214,98",7.8,9.72
"7.8-172,48,74,38,155,214",16.35,1.0,3.0,"172,48,74,38,155,214",7.8,16.35
"7.8-88,68,152,162,248,114",9.8,3.0,3.0,"88,68,152,162,248,114",7.8,9.8
"7.8-148,49,203,230,172,175",9.85,4.0,9.0,"148,49,203,230,172,175",7.8,9.85
"7.8-8,74,207,163,234,79",9.85,4.0,17.0,"8,74,207,163,234,79",7.8,9.85
"7.8-164,20,178,229,137,47",19.38,2.0,2.0,"164,20,178,229,137,47",7.8,19.38
"7.8-164,10,2,230,91,252",15.83,1.0,3.0,"164,10,2,230,91,252",7.8,15.83
"7.8-212,109,109,134,11,60",18.07,2.0,3.0,"212,109,109,134,11,60",7.8,18.07
"7.8-240,144,185,104,48,160",17.67,1.0,2.0,"240,144,185,104,48,160",7.8,17.67
"7.8-240,144,185,104,48,162",20.18,2.0,3.0,"240,144,185,104,48,162",7.8,20.18
"7.8-140,83,195,148,92,46",18.48,1.0,2.0,"140,83,195,148,92,46",7.8,18.48
"7.8-164,126,21,95,1,139",22.2,1.0,2.0,"164,126,21,95,1,139",7.8,22.2
"7.8-164,240,27,108,132,118",22.2,1.0,2.0,"164,240,27,108,132,118",7.8,22.2
"7.8-168,182,234,111,120,131",22.92,1.0,2.0,"168,182,234,111,120,131",7.8,22.92
"7.8-144,195,95,15,4,30",23.57,1.0,2.0,"144,195,95,15,4,30",7.8,23.57
"7.8-108,135,25,15,123,144",23.87,1.0,44.0,"108,135,25,15,123,144",7.8,23.87
"7.8-56,251,20,50,26,70",23.9,3.0,67.0,"56,251,20,50,26,70",7.8,23.9
"7.9-48,74,38,155,214,98",11.98,13.0,14662.0,"48,74,38,155,214,98",7.9,11.98
"7.9-236,193,171,217,136,197",11.98,2.0,749.0,"236,193,171,217,136,197",7.9,11.98
"7.9-172,115,82,76,172,89",11.98,3.0,332.0,"172,115,82,76,172,89",7.9,11.98
"7.9-32,50,51,210,96,61",11.98,5.0,6180.0,"32,50,51,210,96,61",7.9,11.98
"7.9-48,74,38,133,29,213",11.98,6.0,4268.0,"48,74,38,133,29,213",7.9,11.98
"7.9-92,102,108,72,204,105",11.07,7.0,923.0,"92,102,108,72,204,105",7.9,11.07
"7.9-108,135,25,15,123,144",4.53,6.0,1284.0,"108,135,25,15,123,144",7.9,4.53
"7.9-156,95,90,12,124,73",11.98,8.0,1630.0,"156,95,90,12,124,73",7.9,11.98
"7.9-8,250,121,45,167,67",10.75,8.0,449.0,"8,250,121,45,167,67",7.9,10.75
"7.9-112,138,9,131,175,199",12.0,4.0,495.0,"112,138,9,131,175,199",7.9,12.0
"7.9-252,107,240,89,142,53",12.0,3.0,3481.0,"252,107,240,89,142,53",7.9,12.0
"7.9-108,33,162,235,7,87",11.97,3.0,419.0,"108,33,162,235,7,87",7.9,11.97
"7.9-20,178,229,137,47,142",12.0,7.0,3944.0,"20,178,229,137,47,142",7.9,12.0
"7.9-56,251,20,50,26,70",3.17,3.0,53.0,"56,251,20,50,26,70",7.9,3.17
"7.9-220,240,144,185,104,48",11.97,6.0,1078.0,"220,240,144,185,104,48",7.9,11.97
"7.9-164,204,185,229,56,107",11.98,5.0,101.0,"164,204,185,229,56,107",7.9,11.98
"7.9-188,206,37,205,244,50",5.03,2.0,10.0,"188,206,37,205,244,50",7.9,5.03
"7.9-8,74,207,99,147,223",11.97,7.0,354.0,"8,74,207,99,147,223",7.9,11.97
"7.9-64,140,31,52,191,11",11.98,4.0,423.0,"64,140,31,52,191,11",7.9,11.98
"7.9-60,134,209,115,214,231",11.93,9.0,152.0,"60,134,209,115,214,231",7.9,11.93
"7.9-48,69,150,180,24,101",12.0,2.0,642.0,"48,69,150,180,24,101",7.9,12.0
"7.9-248,45,124,72,127,16",12.0,7.0,564.0,"248,45,124,72,127,16",7.9,12.0
"7.9-4,207,140,11,128,186",11.98,4.0,1296.0,"4,207,140,11,128,186",7.9,11.98
"7.9-208,151,254,40,222,169",5.62,4.0,541.0,"208,151,254,40,222,169",7.9,5.62
"7.9-76,234,174,20,76,243",5.35,1.0,50.0,"76,234,174,20,76,243",7.9,5.35
"7.9-64,68,253,44,108,157",11.9,3.0,180.0,"64,68,253,44,108,157",7.9,11.9
"7.9-220,245,5,135,187,95",10.87,1.0,80.0,"220,245,5,135,187,95",7.9,10.87
"7.9-112,71,233,44,21,7",12.0,2.0,1412.0,"112,71,233,44,21,7",7.9,12.0
"7.9-36,82,106,59,81,234",11.98,2.0,202.0,"36,82,106,59,81,234",7.9,11.98
"7.9-164,201,57,9,43,253",11.15,5.0,454.0,"164,201,57,9,43,253",7.9,11.15
"7.9-184,55,101,29,72,107",12.0,6.0,929.0,"184,55,101,29,72,107",7.9,12.0
"7.9-128,214,5,75,8,213",12.0,6.0,215.0,"128,214,5,75,8,213",7.9,12.0
"7.9-208,151,254,41,36,198",12.02,4.0,722.0,"208,151,254,41,36,198",7.9,12.02
"7.9-140,37,5,134,24,48",11.93,3.0,47.0,"140,37,5,134,24,48",7.9,11.93
"7.9-48,74,6,133,29,213",4.7,1.0,3.0,"48,74,6,133,29,213",7.9,4.7
"7.9-88,198,240,41,58,135",12.03,11.0,448.0,"88,198,240,41,58,135",7.9,12.03
"7.9-8,250,121,183,224,101",12.02,2.0,127.0,"8,250,121,183,224,101",7.9,12.02
"7.9-124,218,195,126,234,181",12.03,3.0,100.0,"124,218,195,126,234,181",7.9,12.03
"7.9-28,66,125,50,93,223",7.02,2.0,274.0,"28,66,125,50,93,223",7.9,7.02
"7.9-164,125,159,153,152,106",11.9,5.0,57.0,"164,125,159,153,152,106",7.9,11.9
"7.9-252,171,144,115,155,102",4.2,2.0,14.0,"252,171,144,115,155,102",7.9,4.2
"7.9-204,129,42,183,42,73",11.97,9.0,818.0,"204,129,42,183,42,73",7.9,11.97
"7.9-88,102,186,101,140,144",11.83,2.0,297.0,"88,102,186,101,140,144",7.9,11.83
"7.9-240,27,108,132,118,12",12.17,2.0,306.0,"240,27,108,132,118,12",7.9,12.17
"7.9-80,210,245,240,233,85",5.65,1.0,7.0,"80,210,245,240,233,85",7.9,5.65
"7.9-64,140,31,142,167,149",8.6,5.0,315.0,"64,140,31,142,167,149",7.9,8.6
"7.9-152,207,83,224,116,138",4.45,1.0,17.0,"152,207,83,224,116,138",7.9,4.45
"7.9-48,231,188,153,110,173",5.4,1.0,5.0,"48,231,188,153,110,173",7.9,5.4
"7.9-24,2,174,207,62,51",12.28,3.0,222.0,"24,2,174,207,62,51",7.9,12.28
"7.9-28,2,25,109,232,179",12.3,2.0,58.0,"28,2,25,109,232,179",7.9,12.3
"7.9-32,238,40,60,214,136",5.77,1.0,13.0,"32,238,40,60,214,136",7.9,5.77
"7.9-48,74,38,155,86,98",5.82,4.0,5.0,"48,74,38,155,86,98",7.9,5.82
"7.9-104,74,174,67,128,132",9.05,4.0,21.0,"104,74,174,67,128,132",7.9,9.05
"7.9-64,200,31,163,246,107",5.93,1.0,7.0,"64,200,31,163,246,107",7.9,5.93
"7.9-140,37,5,198,24,48",2.98,1.0,3.0,"140,37,5,198,24,48",7.9,2.98
"7.9-240,103,40,135,90,171",12.5,2.0,101.0,"240,103,40,135,90,171",7.9,12.5
"7.9-24,208,197,242,97,13",5.97,1.0,14.0,"24,208,197,242,97,13",7.9,5.97
"7.9-184,148,54,32,44,55",12.63,13.0,476.0,"184,148,54,32,44,55",7.9,12.63
"7.9-48,74,38,155,214,66",6.02,2.0,4.0,"48,74,38,155,214,66",7.9,6.02
"7.9-168,226,195,233,6,76",5.38,3.0,6.0,"168,226,195,233,6,76",7.9,5.38
"7.9-20,94,105,93,76,199",12.6,4.0,551.0,"20,94,105,93,76,199",7.9,12.6
"7.9-220,240,144,249,104,48",5.0,2.0,3.0,"220,240,144,249,104,48",7.9,5.0
"7.9-12,147,143,199,241,133",6.32,2.0,64.0,"12,147,143,199,241,133",7.9,6.32
"7.9-164,48,74,38,155,214",9.35,3.0,7.0,"164,48,74,38,155,214",7.9,9.35
"7.9-240,144,185,104,48,161",11.65,2.0,3.0,"240,144,185,104,48,161",7.9,11.65
"7.9-104,48,161,48,74,38",8.57,2.0,2.0,"104,48,161,48,74,38",7.9,8.57
"7.9-240,144,185,104,48,164",5.83,2.0,3.0,"240,144,185,104,48,164",7.9,5.83
"7.9-92,74,31,185,183,247",5.48,2.0,7.0,"92,74,31,185,183,247",7.9,5.48
"7.9-48,74,102,155,214,98",6.25,3.0,3.0,"48,74,102,155,214,98",7.9,6.25
"7.9-136,17,150,74,78,239",6.37,6.0,48.0,"136,17,150,74,78,239",7.9,6.37
"7.9-228,163,47,85,234,94",5.37,2.0,8.0,"228,163,47,85,234,94",7.9,5.37
"7.9-204,8,251,70,125,190",5.02,3.0,3.0,"204,8,251,70,125,190",7.9,5.02
"7.9-72,125,46,223,247,70",3.28,2.0,2.0,"72,125,46,223,247,70",7.9,3.28
"7.9-112,58,81,118,159,27",12.9,2.0,464.0,"112,58,81,118,159,27",7.9,12.9
"7.9-108,247,132,46,111,88",4.18,2.0,8.0,"108,247,132,46,111,88",7.9,4.18
"7.9-212,109,109,134,11,60",6.72,3.0,302.0,"212,109,109,134,11,60",7.9,6.72
"7.9-140,217,214,204,25,121",6.72,2.0,28.0,"140,217,214,204,25,121",7.9,6.72
"7.9-172,48,74,38,155,214",12.22,1.0,22.0,"172,48,74,38,155,214",7.9,12.22
"7.9-160,32,50,51,210,96",11.63,4.0,8.0,"160,32,50,51,210,96",7.9,11.63
"7.9-28,54,187,20,163,246",12.13,2.0,108.0,"28,54,187,20,163,246",7.9,12.13
"7.9-48,74,38,159,214,98",10.95,2.0,2.0,"48,74,38,159,214,98",7.9,10.95
"7.9-48,74,38,155,214,96",6.75,5.0,13.0,"48,74,38,155,214,96",7.9,6.75
"7.9-160,48,74,38,155,214",13.08,6.0,15.0,"160,48,74,38,155,214",7.9,13.08
"7.9-116,21,117,93,235,62",11.83,2.0,329.0,"116,21,117,93,235,62",7.9,11.83
"7.9-48,75,38,155,214,98",6.9,2.0,5.0,"48,75,38,155,214,98",7.9,6.9
"7.9-236,1,238,73,129,10",5.37,1.0,17.0,"236,1,238,73,129,10",7.9,5.37
"7.9-108,217,76,95,253,145",12.45,5.0,103.0,"108,217,76,95,253,145",7.9,12.45
"7.9-216,50,20,254,96,65",6.72,2.0,2.0,"216,50,20,254,96,65",7.9,6.72
"7.9-36,82,106,59,81,232",6.08,2.0,3.0,"36,82,106,59,81,232",7.9,6.08
"7.9-212,131,4,236,83,154",5.85,2.0,2.0,"212,131,4,236,83,154",7.9,5.85
"7.9-220,240,144,185,104,112",7.17,1.0,4.0,"220,240,144,185,104,112",7.9,7.17
"7.9-8,250,121,194,19,245",12.88,2.0,7.0,"8,250,121,194,19,245",7.9,12.88
"7.9-240,144,185,104,48,168",12.75,1.0,3.0,"240,144,185,104,48,168",7.9,12.75
"7.9-240,144,185,104,48,170",6.63,1.0,2.0,"240,144,185,104,48,170",7.9,6.63
"7.9-24,217,143,31,141,109",6.98,6.0,30.0,"24,217,143,31,141,109",7.9,6.98
"7.9-88,214,151,17,133,245",12.75,1.0,80.0,"88,214,151,17,133,245",7.9,12.75
"7.9-164,220,240,144,185,104",12.75,1.0,8.0,"164,220,240,144,185,104",7.9,12.75
"7.9-168,184,55,101,29,72",13.47,3.0,4.0,"168,184,55,101,29,72",7.9,13.47
"7.9-152,151,204,174,182,173",6.37,2.0,2.0,"152,151,204,174,182,173",7.9,6.37
"7.9-48,90,38,155,214,98",7.75,3.0,3.0,"48,90,38,155,214,98",7.9,7.75
"7.9-36,17,69,161,50,93",14.25,3.0,166.0,"36,17,69,161,50,93",7.9,14.25
"7.9-48,74,38,155,215,98",7.15,3.0,3.0,"48,74,38,155,215,98",7.9,7.15
"7.9-48,74,6,155,214,98",7.87,4.0,5.0,"48,74,6,155,214,98",7.9,7.87
"7.9-172,112,58,81,118,159",8.13,2.0,5.0,"172,112,58,81,118,159",7.9,8.13
"7.9-148,54,32,44,55,169",5.2,2.0,2.0,"148,54,32,44,55,169",7.9,5.2
"7.9-144,195,95,15,4,30",14.45,2.0,143.0,"144,195,95,15,4,30",7.9,14.45
"7.9-164,112,58,81,118,159",14.45,1.0,3.0,"164,112,58,81,118,159",7.9,14.45
"7.9-148,54,32,44,55,177",5.62,2.0,2.0,"148,54,32,44,55,177",7.9,5.62
"7.9-172,36,17,69,161,50",11.17,1.0,3.0,"172,36,17,69,161,50",7.9,11.17
"7.9-92,255,255,144,7,131",12.98,2.0,48.0,"92,255,255,144,7,131",7.9,12.98
"7.9-164,82,37,35,140,128",7.07,2.0,2.0,"164,82,37,35,140,128",7.9,7.07
"7.9-168,8,250,121,45,167",11.17,1.0,4.0,"168,8,250,121,45,167",7.9,11.17
"7.9-172,48,74,38,133,29",7.32,2.0,5.0,"172,48,74,38,133,29",7.9,7.32
"7.9-164,125,159,153,164,102",7.95,1.0,6.0,"164,125,159,153,164,102",7.9,7.95
"7.9-224,55,191,183,220,186",13.77,1.0,30.0,"224,55,191,183,220,186",7.9,13.77
"7.9-12,155,85,59,171,1",13.62,1.0,3.0,"12,155,85,59,171,1",7.9,13.62
"7.9-168,28,54,187,20,163",13.62,1.0,3.0,"168,28,54,187,20,163",7.9,13.62
"7.9-168,48,74,38,155,214",5.83,2.0,2.0,"168,48,74,38,155,214",7.9,5.83
"7.9-164,20,178,229,137,47",7.92,2.0,2.0,"164,20,178,229,137,47",7.9,7.92
"7.9-156,116,3,24,100,145",7.98,7.0,48.0,"156,116,3,24,100,145",7.9,7.98
"7.9-72,76,134,151,123,179",8.25,2.0,9.0,"72,76,134,151,123,179",7.9,8.25
"7.9-32,50,51,210,64,61",6.15,1.0,2.0,"32,50,51,210,64,61",7.9,6.15
"7.9-176,223,193,193,47,17",6.9,5.0,6.0,"176,223,193,193,47,17",7.9,6.9
"7.9-192,46,37,42,205,205",14.9,3.0,14.0,"192,46,37,42,205,205",7.9,14.9
"7.9-16,74,38,155,214,98",8.43,2.0,3.0,"16,74,38,155,214,98",7.9,8.43
"7.9-40,53,69,96,185,108",14.72,4.0,52.0,"40,53,69,96,185,108",7.9,14.72
"7.9-48,74,38,133,29,85",7.95,2.0,2.0,"48,74,38,133,29,85",7.9,7.95
"7.9-224,39,108,16,137,97",11.57,2.0,17.0,"224,39,108,16,137,97",7.9,11.57
"7.9-208,151,254,41,36,162",14.05,1.0,15.0,"208,151,254,41,36,162",7.9,14.05
"7.9-160,178,143,129,35,16",13.5,2.0,3.0,"160,178,143,129,35,16",7.9,13.5
"7.9-180,48,74,38,155,214",14.9,2.0,17.0,"180,48,74,38,155,214",7.9,14.9
"7.9-140,52,1,73,215,79",8.6,2.0,21.0,"140,52,1,73,215,79",7.9,8.6
"7.9-164,32,50,51,210,96",14.9,1.0,2.0,"164,32,50,51,210,96",7.9,14.9
"7.9-64,156,31,142,167,149",6.42,1.0,2.0,"64,156,31,142,167,149",7.9,6.42
"7.9-156,174,211,194,70,96",13.95,1.0,5.0,"156,174,211,194,70,96",7.9,13.95
"7.9-208,151,254,12,69,58",6.35,2.0,2.0,"208,151,254,12,69,58",7.9,6.35
"7.9-116,195,48,25,244,36",7.92,2.0,4.0,"116,195,48,25,244,36",7.9,7.92
"7.9-12,75,84,85,61,8",7.3,4.0,4.0,"12,75,84,85,61,8",7.9,7.3
"7.9-28,218,39,24,17,106",8.82,2.0,41.0,"28,218,39,24,17,106",7.9,8.82
"7.9-132,65,103,218,221,212",15.22,4.0,64.0,"132,65,103,218,221,212",7.9,15.22
"7.9-48,66,38,155,214,98",8.63,4.0,5.0,"48,66,38,155,214,98",7.9,8.63
"7.9-28,209,7,152,33,91",13.4,1.0,141.0,"28,209,7,152,33,91",7.9,13.4
"7.9-48,74,38,153,214,98",8.72,2.0,3.0,"48,74,38,153,214,98",7.9,8.72
"7.9-124,125,61,133,174,241",15.47,3.0,52.0,"124,125,61,133,174,241",7.9,15.47
"7.9-212,26,63,183,185,195",14.27,1.0,21.0,"212,26,63,183,185,195",7.9,14.27
"7.9-176,241,236,211,105,14",15.17,1.0,12.0,"176,241,236,211,105,14",7.9,15.17
"7.9-68,216,120,87,119,51",11.4,1.0,90.0,"68,216,120,87,119,51",7.9,11.4
"7.9-20,178,197,137,47,142",9.15,2.0,2.0,"20,178,197,137,47,142",7.9,9.15
"7.9-20,178,229,137,45,142",8.13,2.0,2.0,"20,178,229,137,45,142",7.9,8.13
"7.9-76,24,154,44,218,251",8.9,2.0,18.0,"76,24,154,44,218,251",7.9,8.9
"7.9-52,252,161,107,189,127",7.33,2.0,4.0,"52,252,161,107,189,127",7.9,7.33
"7.9-108,177,88,58,181,202",8.07,5.0,6.0,"108,177,88,58,181,202",7.9,8.07
"7.9-72,125,46,236,65,206",7.7,2.0,2.0,"72,125,46,236,65,206",7.9,7.7
"7.9-16,74,38,133,29,213",9.18,2.0,5.0,"16,74,38,133,29,213",7.9,9.18
"7.9-52,74,38,155,214,98",15.78,2.0,3.0,"52,74,38,155,214,98",7.9,15.78
"7.9-212,240,144,185,104,48",9.15,1.0,2.0,"212,240,144,185,104,48",7.9,9.15
"7.9-244,96,226,16,224,222",14.93,1.0,4.0,"244,96,226,16,224,222",7.9,14.93
"7.9-48,74,38,155,214,99",8.77,3.0,3.0,"48,74,38,155,214,99",7.9,8.77
"7.9-160,64,68,253,44,108",10.9,1.0,3.0,"160,64,68,253,44,108",7.9,10.9
"7.9-20,176,229,137,47,142",8.9,2.0,2.0,"20,176,229,137,47,142",7.9,8.9
"7.9-160,48,74,38,133,29",14.78,2.0,3.0,"160,48,74,38,133,29",7.9,14.78
"7.9-128,138,139,124,94,97",12.75,2.0,2.0,"128,138,139,124,94,97",7.9,12.75
"7.9-220,245,5,135,188,48",14.85,1.0,14.0,"220,245,5,135,188,48",7.9,14.85
"7.9-88,102,184,101,140,144",9.55,1.0,2.0,"88,102,184,101,140,144",7.9,9.55
"7.9-112,74,38,155,214,98",9.52,4.0,6.0,"112,74,38,155,214,98",7.9,9.52
"7.9-48,123,172,71,160,50",8.2,2.0,3.0,"48,123,172,71,160,50",7.9,8.2
"7.9-112,71,233,44,21,23",9.4,2.0,2.0,"112,71,233,44,21,23",7.9,9.4
"7.9-48,74,38,155,214,114",9.4,3.0,4.0,"48,74,38,155,214,114",7.9,9.4
"7.9-240,98,90,159,90,22",16.0,9.0,18.0,"240,98,90,159,90,22",7.9,16.0
"7.9-48,74,36,133,29,213",9.68,2.0,2.0,"48,74,36,133,29,213",7.9,9.68
"7.9-48,123,172,71,160,113",9.58,3.0,4.0,"48,123,172,71,160,113",7.9,9.58
"7.9-48,123,172,71,127,116",9.27,2.0,2.0,"48,123,172,71,127,116",7.9,9.27
"7.9-208,151,254,41,36,214",9.77,1.0,2.0,"208,151,254,41,36,214",7.9,9.77
"7.9-48,74,39,155,214,98",15.92,4.0,4.0,"48,74,39,155,214,98",7.9,15.92
"7.9-72,149,7,30,171,33",9.48,1.0,5.0,"72,149,7,30,171,33",7.9,9.48
"7.9-48,74,38,27,214,98",9.92,1.0,4.0,"48,74,38,27,214,98",7.9,9.92
"7.9-220,240,144,185,120,48",8.8,2.0,2.0,"220,240,144,185,120,48",7.9,8.8
"7.9-252,107,244,89,142,53",9.12,2.0,2.0,"252,107,244,89,142,53",7.9,9.12
"7.9-92,240,144,185,104,48",9.8,2.0,3.0,"92,240,144,185,104,48",7.9,9.8
"7.9-220,240,144,185,96,48",9.92,1.0,4.0,"220,240,144,185,96,48",7.9,9.92
"7.9-48,74,38,149,29,213",15.15,2.0,2.0,"48,74,38,149,29,213",7.9,15.15
"7.9-8,64,243,228,220,193",9.42,2.0,2.0,"8,64,243,228,220,193",7.9,9.42
"7.9-176,118,229,160,225,193",10.38,1.0,2.0,"176,118,229,160,225,193",7.9,10.38
"7.9-124,161,119,225,7,54",14.17,2.0,86.0,"124,161,119,225,7,54",7.9,14.17
"7.9-184,148,54,33,44,55",9.98,2.0,3.0,"184,148,54,33,44,55",7.9,9.98
"7.9-168,32,50,51,210,96",16.35,1.0,6.0,"168,32,50,51,210,96",7.9,16.35
"7.9-184,48,74,38,155,214",9.05,1.0,2.0,"184,48,74,38,155,214",7.9,9.05
"7.9-168,48,74,38,133,29",9.05,1.0,2.0,"168,48,74,38,133,29",7.9,9.05
"7.9-168,134,172,164,111,65",16.35,1.0,3.0,"168,134,172,164,111,65",7.9,16.35
"7.9-168,20,178,229,137,47",9.67,2.0,3.0,"168,20,178,229,137,47",7.9,9.67
"7.9-184,23,101,29,72,107",9.5,1.0,2.0,"184,23,101,29,72,107",7.9,9.5
"7.9-12,216,108,203,4,136",9.82,2.0,2.0,"12,216,108,203,4,136",7.9,9.82
"7.9-164,10,2,230,91,252",9.1,1.0,2.0,"164,10,2,230,91,252",7.9,9.1
"7.9-240,144,185,104,48,163",12.4,2.0,6.0,"240,144,185,104,48,163",7.9,12.4
"7.9-240,144,185,104,48,158",9.27,1.0,2.0,"240,144,185,104,48,158",7.9,9.27
"7.9-240,144,185,104,48,166",12.4,2.0,2.0,"240,144,185,104,48,166",7.9,12.4
"7.9-160,10,2,230,91,252",9.12,2.0,2.0,"160,10,2,230,91,252",7.9,9.12
"7.9-20,178,229,9,47,142",9.53,2.0,2.0,"20,178,229,9,47,142",7.9,9.53
"7.9-160,20,178,229,137,47",10.5,3.0,3.0,"160,20,178,229,137,47",7.9,10.5
"7.9-152,59,103,48,125,41",9.38,1.0,2.0,"152,59,103,48,125,41",7.9,9.38
"7.9-48,74,38,147,214,98",9.67,2.0,2.0,"48,74,38,147,214,98",7.9,9.67
"7.9-32,18,51,210,96,61",9.98,1.0,2.0,"32,18,51,210,96,61",7.9,9.98
"7.9-32,50,51,210,96,29",16.47,1.0,2.0,"32,50,51,210,96,29",7.9,16.47
"7.9-172,146,50,118,180,60",9.3,2.0,3.0,"172,146,50,118,180,60",7.9,9.3
"7.9-4,229,152,221,141,3",10.15,2.0,15.0,"4,229,152,221,141,3",7.9,10.15
"7.9-164,57,182,9,232,83",10.05,2.0,2.0,"164,57,182,9,232,83",7.9,10.05
"7.9-156,116,3,40,83,167",10.08,4.0,15.0,"156,116,3,40,83,167",7.9,10.08
"7.9-48,74,36,155,214,98",10.08,3.0,3.0,"48,74,36,155,214,98",7.9,10.08
"7.9-240,181,209,65,81,106",9.45,6.0,9.0,"240,181,209,65,81,106",7.9,9.45
"7.9-112,58,81,86,159,27",9.75,1.0,2.0,"112,58,81,86,159,27",7.9,9.75
"7.9-32,50,51,211,96,61",9.65,2.0,3.0,"32,50,51,211,96,61",7.9,9.65
"7.9-32,50,51,210,96,53",14.6,1.0,2.0,"32,50,51,210,96,53",7.9,14.6
"7.9-204,174,182,173,171,1",15.6,2.0,2.0,"204,174,182,173,171,1",7.9,15.6
"7.9-164,48,74,38,133,29",16.42,1.0,5.0,"164,48,74,38,133,29",7.9,16.42
"7.9-140,31,52,191,11,168",15.93,2.0,2.0,"140,31,52,191,11,168",7.9,15.93
"7.9-112,26,81,118,159,27",9.83,2.0,3.0,"112,26,81,118,159,27",7.9,9.83
"7.9-48,72,38,155,214,98",10.35,3.0,3.0,"48,72,38,155,214,98",7.9,10.35
"7.9-48,74,38,219,214,98",10.12,3.0,3.0,"48,74,38,219,214,98",7.9,10.12
"7.9-252,107,240,89,143,53",9.78,1.0,2.0,"252,107,240,89,143,53",7.9,9.78
"7.9-144,185,104,48,168,1",15.95,1.0,2.0,"144,185,104,48,168,1",7.9,15.95
"7.9-196,152,92,41,196,143",9.73,1.0,5.0,"196,152,92,41,196,143",7.9,9.73
"7.9-76,199,162,48,74,38",15.65,2.0,2.0,"76,199,162,48,74,38",7.9,15.65
"7.9-92,102,186,101,140,144",10.38,1.0,2.0,"92,102,186,101,140,144",7.9,10.38
"7.9-204,102,10,209,112,18",10.28,3.0,12.0,"204,102,10,209,112,18",7.9,10.28
"7.9-64,69,218,201,121,51",10.05,4.0,6.0,"64,69,218,201,121,51",7.9,10.05
"7.9-48,74,39,133,29,213",10.4,2.0,2.0,"48,74,39,133,29,213",7.9,10.4
"7.9-20,178,229,137,47,134",10.17,2.0,3.0,"20,178,229,137,47,134",7.9,10.17
"7.9-220,240,144,189,104,48",14.17,1.0,3.0,"220,240,144,189,104,48",7.9,14.17
"7.9-48,74,54,155,214,98",10.42,3.0,3.0,"48,74,54,155,214,98",7.9,10.42
"7.9-20,178,101,137,47,142",10.67,2.0,3.0,"20,178,101,137,47,142",7.9,10.67
"7.9-160,110,247,96,234,205",10.45,1.0,2.0,"160,110,247,96,234,205",7.9,10.45
"7.9-172,26,242,44,233,231",10.27,1.0,2.0,"172,26,242,44,233,231",7.9,10.27
"7.9-164,204,129,42,183,42",12.98,2.0,2.0,"164,204,129,42,183,42",7.9,12.98
"7.9-48,161,48,74,38,155",10.55,1.0,2.0,"48,161,48,74,38,155",7.9,10.55
"7.9-240,144,185,104,48,160",16.12,1.0,2.0,"240,144,185,104,48,160",7.9,16.12
"7.9-144,185,104,48,159,48",16.12,1.0,2.0,"144,185,104,48,159,48",7.9,16.12
"7.9-220,240,16,185,104,48",10.45,1.0,2.0,"220,240,16,185,104,48",7.9,10.45
"7.9-80,58,81,118,159,27",10.57,1.0,2.0,"80,58,81,118,159,27",7.9,10.57
"7.9-240,27,108,148,118,12",10.92,1.0,3.0,"240,27,108,148,118,12",7.9,10.92
"7.9-176,241,236,166,12,79",15.78,4.0,9.0,"176,241,236,166,12,79",7.9,15.78
"7.9-140,83,195,148,92,46",10.95,2.0,6.0,"140,83,195,148,92,46",7.9,10.95
"7.9-212,187,200,117,73,53",10.75,2.0,12.0,"212,187,200,117,73,53",7.9,10.75
"7.9-28,218,39,24,17,74",10.97,2.0,3.0,"28,218,39,24,17,74",7.9,10.97
"7.9-88,100,186,101,140,144",14.22,1.0,2.0,"88,100,186,101,140,144",7.9,14.22
"7.9-164,164,125,159,153,152",16.03,1.0,2.0,"164,164,125,159,153,152",7.9,16.03
"7.9-56,55,139,223,234,228",11.03,4.0,6.0,"56,55,139,223,234,228",7.9,11.03
"7.9-184,148,54,32,45,55",11.03,2.0,3.0,"184,148,54,32,45,55",7.9,11.03
"7.9-112,74,38,133,29,213",17.38,2.0,2.0,"112,74,38,133,29,213",7.9,17.38
"7.9-204,129,42,181,42,73",11.12,1.0,2.0,"204,129,42,181,42,73",7.9,11.12
"7.9-32,50,51,210,112,61",11.15,1.0,2.0,"32,50,51,210,112,61",7.9,11.15
"7.9-88,133,233,252,89,161",15.37,1.0,2.0,"88,133,233,252,89,161",7.9,15.37
"7.9-160,164,125,159,153,152",19.65,2.0,3.0,"160,164,125,159,153,152",7.9,19.65
"7.9-172,164,111,65,172,168",19.67,1.0,2.0,"172,164,111,65,172,168",7.9,19.67
"7.9-172,164,111,65,172,164",19.67,1.0,3.0,"172,164,111,65,172,164",7.9,19.67
"7.9-172,164,111,65,172,160",16.15,1.0,3.0,"172,164,111,65,172,160",7.9,16.15
"7.9-172,184,55,101,29,72",17.65,1.0,2.0,"172,184,55,101,29,72",7.9,17.65
"7.9-172,164,111,65,172,162",19.67,1.0,5.0,"172,164,111,65,172,162",7.9,19.67
"7.9-180,71,245,166,44,220",20.42,2.0,9.0,"180,71,245,166,44,220",7.9,20.42
"7.9-204,174,182,173,161,86",19.43,2.0,2.0,"204,174,182,173,161,86",7.9,19.43
"7.9-104,160,62,174,96,98",19.12,3.0,10.0,"104,160,62,174,96,98",7.9,19.12
"7.9-176,26,242,44,233,231",17.25,1.0,4.0,"176,26,242,44,233,231",7.9,17.25
"7.9-168,86,34,94,53,30",17.25,1.0,2.0,"168,86,34,94,53,30",7.9,17.25
"7.9-164,8,250,121,45,167",17.25,1.0,2.0,"164,8,250,121,45,167",7.9,17.25
"7.9-160,62,174,96,98,161",17.47,2.0,2.0,"160,62,174,96,98,161",7.9,17.47
"7.9-164,164,201,57,9,43",17.25,1.0,3.0,"164,164,201,57,9,43",7.9,17.25
"7.9-204,174,182,173,163,1",17.25,1.0,2.0,"204,174,182,173,163,1",7.9,17.25
"7.9-164,124,125,61,133,174",19.45,2.0,5.0,"164,124,125,61,133,174",7.9,19.45
"7.9-16,182,161,86,34,94",19.75,1.0,2.0,"16,182,161,86,34,94",7.9,19.75
"7.9-180,15,179,136,78,201",20.53,1.0,5.0,"180,15,179,136,78,201",7.9,20.53
"7.9-168,142,182,214,236,44",21.62,1.0,3.0,"168,142,182,214,236,44",7.9,21.62
"7.9-172,2,118,121,49,55",20.97,1.0,2.0,"172,2,118,121,49,55",7.9,20.97
"7.9-172,172,115,82,76,172",21.72,1.0,2.0,"172,172,115,82,76,172",7.9,21.72
"7.9-224,55,191,185,108,92",21.72,1.0,2.0,"224,55,191,185,108,92",7.9,21.72
"7.9-172,164,111,65,172,175",23.3,1.0,2.0,"172,164,111,65,172,175",7.9,23.3
"7.9-164,176,241,236,211,105",23.3,1.0,2.0,"164,176,241,236,211,105",7.9,23.3
"7.9-160,112,71,233,44,21",23.63,1.0,2.0,"160,112,71,233,44,21",7.9,23.63
"7.9-164,110,6,79,190,223",23.63,1.0,2.0,"164,110,6,79,190,223",7.9,23.63
"7.10-112,138,9,131,175,199",11.98,4.0,2646.0,"112,138,9,131,175,199",7.10,11.98
"7.10-252,107,240,89,142,53",11.98,5.0,7254.0,"252,107,240,89,142,53",7.10,11.98
"7.10-36,17,69,161,50,93",11.6,4.0,1328.0,"36,17,69,161,50,93",7.10,11.6
"7.10-64,140,31,52,191,11",11.95,4.0,832.0,"64,140,31,52,191,11",7.10,11.95
"7.10-184,148,54,32,44,55",12.0,9.0,2707.0,"184,148,54,32,44,55",7.10,12.0
"7.10-236,193,171,217,136,197",11.98,2.0,1784.0,"236,193,171,217,136,197",7.10,11.98
"7.10-48,74,38,155,214,98",12.0,13.0,22368.0,"48,74,38,155,214,98",7.10,12.0
"7.10-112,71,233,44,21,7",12.0,3.0,2488.0,"112,71,233,44,21,7",7.10,12.0
"7.10-240,27,108,132,118,12",11.97,2.0,1396.0,"240,27,108,132,118,12",7.10,11.97
"7.10-212,26,63,183,185,195",11.95,1.0,157.0,"212,26,63,183,185,195",7.10,11.95
"7.10-48,74,38,133,29,213",12.0,8.0,9088.0,"48,74,38,133,29,213",7.10,12.0
"7.10-32,50,51,210,96,61",12.0,7.0,9253.0,"32,50,51,210,96,61",7.10,12.0
"7.10-220,240,144,185,104,48",11.97,10.0,2350.0,"220,240,144,185,104,48",7.10,11.97
"7.10-184,55,101,29,72,107",11.83,6.0,954.0,"184,55,101,29,72,107",7.10,11.83
"7.10-156,95,90,12,124,73",11.98,9.0,2547.0,"156,95,90,12,124,73",7.10,11.98
"7.10-248,45,124,72,127,16",11.95,7.0,1005.0,"248,45,124,72,127,16",7.10,11.95
"7.10-48,69,150,180,24,101",11.98,4.0,1486.0,"48,69,150,180,24,101",7.10,11.98
"7.10-124,125,61,133,174,241",11.95,6.0,3094.0,"124,125,61,133,174,241",7.10,11.95
"7.10-20,178,229,137,47,142",2.87,5.0,1885.0,"20,178,229,137,47,142",7.10,2.87
"7.10-172,115,82,76,172,89",11.9,7.0,600.0,"172,115,82,76,172,89",7.10,11.9
"7.10-192,46,37,42,205,205",11.97,3.0,313.0,"192,46,37,42,205,205",7.10,11.97
"7.10-4,207,140,11,128,186",11.98,6.0,1168.0,"4,207,140,11,128,186",7.10,11.98
"7.10-8,250,121,194,19,245",11.97,3.0,894.0,"8,250,121,194,19,245",7.10,11.97
"7.10-240,103,40,135,90,171",11.98,4.0,1057.0,"240,103,40,135,90,171",7.10,11.98
"7.10-208,151,254,41,36,198",11.98,5.0,1857.0,"208,151,254,41,36,198",7.10,11.98
"7.10-36,82,106,59,81,234",11.98,2.0,583.0,"36,82,106,59,81,234",7.10,11.98
"7.10-88,198,240,41,58,135",12.0,11.0,2355.0,"88,198,240,41,58,135",7.10,12.0
"7.10-8,74,207,99,147,223",11.93,6.0,336.0,"8,74,207,99,147,223",7.10,11.93
"7.10-104,160,62,174,96,98",11.98,4.0,1026.0,"104,160,62,174,96,98",7.10,11.98
"7.10-180,71,245,166,44,220",11.75,4.0,1939.0,"180,71,245,166,44,220",7.10,11.75
"7.10-176,241,236,211,105,14",12.0,4.0,493.0,"176,241,236,211,105,14",7.10,12.0
"7.10-164,134,172,164,111,65",8.07,5.0,8.0,"164,134,172,164,111,65",7.10,8.07
"7.10-180,48,74,38,155,214",10.15,2.0,47.0,"180,48,74,38,155,214",7.10,10.15
"7.10-168,184,55,101,29,72",1.6,1.0,2.0,"168,184,55,101,29,72",7.10,1.6
"7.10-84,210,179,48,74,38",4.18,2.0,2.0,"84,210,179,48,74,38",7.10,4.18
"7.10-108,33,162,235,7,87",12.0,3.0,865.0,"108,33,162,235,7,87",7.10,12.0
"7.10-8,250,121,183,224,101",11.35,4.0,540.0,"8,250,121,183,224,101",7.10,11.35
"7.10-128,214,5,75,8,213",12.0,6.0,356.0,"128,214,5,75,8,213",7.10,12.0
"7.10-140,37,5,134,24,48",12.0,4.0,276.0,"140,37,5,134,24,48",7.10,12.0
"7.10-172,26,242,44,233,231",11.85,2.0,11.0,"172,26,242,44,233,231",7.10,11.85
"7.10-164,20,94,105,93,76",7.08,2.0,3.0,"164,20,94,105,93,76",7.10,7.08
"7.10-112,58,81,118,159,27",11.58,5.0,1724.0,"112,58,81,118,159,27",7.10,11.58
"7.10-8,250,121,45,167,67",12.02,6.0,2072.0,"8,250,121,45,167,67",7.10,12.02
"7.10-164,201,57,9,43,253",11.65,5.0,1052.0,"164,201,57,9,43,253",7.10,11.65
"7.10-172,32,50,51,210,96",11.65,2.0,25.0,"172,32,50,51,210,96",7.10,11.65
"7.10-20,15,46,89,154,179",3.48,1.0,2.0,"20,15,46,89,154,179",7.10,3.48
"7.10-164,190,234,192,191,84",5.72,2.0,7.0,"164,190,234,192,191,84",7.10,5.72
"7.10-168,190,234,192,191,84",11.35,2.0,6.0,"168,190,234,192,191,84",7.10,11.35
"7.10-172,20,94,105,93,76",11.35,2.0,3.0,"172,20,94,105,93,76",7.10,11.35
"7.10-124,161,119,225,7,54",10.12,2.0,273.0,"124,161,119,225,7,54",7.10,10.12
"7.10-28,2,25,109,232,179",11.27,3.0,176.0,"28,2,25,109,232,179",7.10,11.27
"7.10-168,114,174,255,247,2",10.47,4.0,5.0,"168,114,174,255,247,2",7.10,10.47
"7.10-164,116,21,117,93,235",10.4,2.0,3.0,"164,116,21,117,93,235",7.10,10.4
"7.10-164,204,185,229,56,107",12.0,7.0,354.0,"164,204,185,229,56,107",7.10,12.0
"7.10-80,210,245,240,233,85",11.47,2.0,17.0,"80,210,245,240,233,85",7.10,11.47
"7.10-164,125,159,153,152,106",12.05,6.0,4355.0,"164,125,159,153,152,106",7.10,12.05
"7.10-140,83,195,148,92,46",10.97,2.0,78.0,"140,83,195,148,92,46",7.10,10.97
"7.10-240,89,142,53,170,1",5.32,2.0,4.0,"240,89,142,53,170,1",7.10,5.32
"7.10-64,140,31,142,167,149",11.5,11.0,1336.0,"64,140,31,142,167,149",7.10,11.5
"7.10-28,54,187,20,163,246",12.05,2.0,409.0,"28,54,187,20,163,246",7.10,12.05
"7.10-24,2,174,207,62,51",11.6,3.0,408.0,"24,2,174,207,62,51",7.10,11.6
"7.10-88,198,208,41,58,135",2.77,2.0,5.0,"88,198,208,41,58,135",7.10,2.77
"7.10-48,90,38,155,214,98",10.17,6.0,18.0,"48,90,38,155,214,98",7.10,10.17
"7.10-64,68,253,44,108,157",12.02,9.0,462.0,"64,68,253,44,108,157",7.10,12.02
"7.10-144,195,95,15,4,30",11.32,2.0,329.0,"144,195,95,15,4,30",7.10,11.32
"7.10-168,20,94,105,93,76",8.93,2.0,2.0,"168,20,94,105,93,76",7.10,8.93
"7.10-160,112,58,81,118,159",8.27,2.0,5.0,"160,112,58,81,118,159",7.10,8.27
"7.10-20,94,105,93,76,199",12.05,4.0,575.0,"20,94,105,93,76,199",7.10,12.05
"7.10-168,124,125,61,133,174",11.72,3.0,9.0,"168,124,125,61,133,174",7.10,11.72
"7.10-160,62,174,96,98,163",7.48,1.0,3.0,"160,62,174,96,98,163",7.10,7.48
"7.10-168,144,195,95,15,4",5.05,2.0,2.0,"168,144,195,95,15,4",7.10,5.05
"7.10-168,48,74,38,133,29",10.22,2.0,9.0,"168,48,74,38,133,29",7.10,10.22
"7.10-168,112,58,81,118,159",10.18,2.0,9.0,"168,112,58,81,118,159",7.10,10.18
"7.10-12,216,108,203,4,136",11.27,2.0,4.0,"12,216,108,203,4,136",7.10,11.27
"7.10-88,214,151,17,133,245",11.87,1.0,280.0,"88,214,151,17,133,245",7.10,11.87
"7.10-88,214,240,41,58,135",4.72,3.0,3.0,"88,214,240,41,58,135",7.10,4.72
"7.10-8,250,89,183,224,101",5.3,2.0,2.0,"8,250,89,183,224,101",7.10,5.3
"7.10-92,102,108,72,204,105",12.07,2.0,1598.0,"92,102,108,72,204,105",7.10,12.07
"7.10-204,174,182,173,180,1",0.8,2.0,2.0,"204,174,182,173,180,1",7.10,0.8
"7.10-204,129,42,183,42,73",12.03,10.0,1317.0,"204,129,42,183,42,73",7.10,12.03
"7.10-104,128,62,174,96,98",7.15,1.0,2.0,"104,128,62,174,96,98",7.10,7.15
"7.10-124,218,195,126,234,181",12.05,4.0,194.0,"124,218,195,126,234,181",7.10,12.05
"7.10-28,66,125,50,93,223",11.98,2.0,385.0,"28,66,125,50,93,223",7.10,11.98
"7.10-108,135,25,15,123,144",4.38,3.0,18.0,"108,135,25,15,123,144",7.10,4.38
"7.10-168,48,74,38,155,214",10.55,2.0,9.0,"168,48,74,38,155,214",7.10,10.55
"7.10-240,89,142,53,176,1",5.4,2.0,2.0,"240,89,142,53,176,1",7.10,5.4
"7.10-172,48,74,38,155,214",11.77,3.0,37.0,"172,48,74,38,155,214",7.10,11.77
"7.10-164,114,174,255,247,2",10.55,5.0,9.0,"164,114,174,255,247,2",7.10,10.55
"7.10-96,61,161,48,74,38",10.27,2.0,2.0,"96,61,161,48,74,38",7.10,10.27
"7.10-48,74,38,155,86,98",11.2,6.0,19.0,"48,74,38,155,86,98",7.10,11.2
"7.10-220,245,5,135,187,95",12.1,1.0,167.0,"220,245,5,135,187,95",7.10,12.1
"7.10-164,124,125,61,133,174",7.6,2.0,6.0,"164,124,125,61,133,174",7.10,7.6
"7.10-160,62,174,96,98,170",1.18,2.0,2.0,"160,62,174,96,98,170",7.10,1.18
"7.10-164,164,201,57,9,43",6.33,2.0,8.0,"164,164,201,57,9,43",7.10,6.33
"7.10-160,48,74,38,155,214",11.5,7.0,42.0,"160,48,74,38,155,214",7.10,11.5
"7.10-48,74,38,155,214,96",10.27,5.0,32.0,"48,74,38,155,214,96",7.10,10.27
"7.10-112,74,38,133,29,213",8.63,2.0,9.0,"112,74,38,133,29,213",7.10,8.63
"7.10-176,26,242,44,233,231",6.33,1.0,3.0,"176,26,242,44,233,231",7.10,6.33
"7.10-92,255,255,144,7,131",10.92,2.0,209.0,"92,255,255,144,7,131",7.10,10.92
"7.10-164,112,58,81,118,159",10.03,2.0,11.0,"164,112,58,81,118,159",7.10,10.03
"7.10-208,151,254,40,222,169",12.2,7.0,584.0,"208,151,254,40,222,169",7.10,12.2
"7.10-48,160,64,68,253,44",9.85,2.0,4.0,"48,160,64,68,253,44",7.10,9.85
"7.10-44,204,230,183,227,126",11.63,2.0,6.0,"44,204,230,183,227,126",7.10,11.63
"7.10-68,169,230,78,209,162",3.3,2.0,2.0,"68,169,230,78,209,162",7.10,3.3
"7.10-204,174,182,173,181,1",11.63,2.0,3.0,"204,174,182,173,181,1",7.10,11.63
"7.10-240,98,90,159,90,22",11.18,9.0,260.0,"240,98,90,159,90,22",7.10,11.18
"7.10-112,122,81,118,159,27",8.32,1.0,2.0,"112,122,81,118,159,27",7.10,8.32
"7.10-208,151,254,41,36,162",11.6,3.0,993.0,"208,151,254,41,36,162",7.10,11.6
"7.10-180,118,20,15,46,89",0.75,1.0,2.0,"180,118,20,15,46,89",7.10,0.75
"7.10-180,71,245,166,60,220",11.53,2.0,5.0,"180,71,245,166,60,220",7.10,11.53
"7.10-148,54,32,44,55,162",5.08,1.0,2.0,"148,54,32,44,55,162",7.10,5.08
"7.10-160,8,250,121,45,167",10.98,2.0,2.0,"160,8,250,121,45,167",7.10,10.98
"7.10-48,231,188,153,110,173",11.53,11.0,78.0,"48,231,188,153,110,173",7.10,11.53
"7.10-104,74,174,67,128,132",11.82,4.0,44.0,"104,74,174,67,128,132",7.10,11.82
"7.10-76,234,174,20,76,243",12.18,1.0,72.0,"76,234,174,20,76,243",7.10,12.18
"7.10-108,217,76,95,253,145",11.77,6.0,191.0,"108,217,76,95,253,145",7.10,11.77
"7.10-156,95,90,76,124,73",6.47,2.0,2.0,"156,95,90,76,124,73",7.10,6.47
"7.10-204,8,251,70,125,190",10.93,4.0,12.0,"204,8,251,70,125,190",7.10,10.93
"7.10-132,65,103,218,221,212",12.32,7.0,146.0,"132,65,103,218,221,212",7.10,12.32
"7.10-88,214,23,17,133,245",6.37,1.0,2.0,"88,214,23,17,133,245",7.10,6.37
"7.10-56,251,20,50,26,70",3.98,1.0,16.0,"56,251,20,50,26,70",7.10,3.98
"7.10-152,59,103,48,125,41",11.1,2.0,7.0,"152,59,103,48,125,41",7.10,11.1
"7.10-48,74,38,155,212,98",12.15,3.0,10.0,"48,74,38,155,212,98",7.10,12.15
"7.10-116,239,75,169,204,195",6.23,2.0,40.0,"116,239,75,169,204,195",7.10,6.23
"7.10-32,238,40,60,214,136",12.38,1.0,10.0,"32,238,40,60,214,136",7.10,12.38
"7.10-20,15,46,89,154,163",6.0,2.0,3.0,"20,15,46,89,154,163",7.10,6.0
"7.10-48,74,36,155,214,98",8.38,4.0,14.0,"48,74,36,155,214,98",7.10,8.38
"7.10-88,102,186,101,140,144",12.47,2.0,687.0,"88,102,186,101,140,144",7.10,12.47
"7.10-168,86,34,94,53,30",8.67,1.0,2.0,"168,86,34,94,53,30",7.10,8.67
"7.10-240,144,185,104,48,164",11.37,3.0,7.0,"240,144,185,104,48,164",7.10,11.37
"7.10-164,86,34,94,53,30",11.72,3.0,10.0,"164,86,34,94,53,30",7.10,11.72
"7.10-160,62,174,96,98,161",3.42,2.0,3.0,"160,62,174,96,98,161",7.10,3.42
"7.10-176,154,151,204,174,182",11.88,2.0,5.0,"176,154,151,204,174,182",7.10,11.88
"7.10-164,48,74,38,155,214",10.88,5.0,20.0,"164,48,74,38,155,214",7.10,10.88
"7.10-8,250,121,45,135,67",6.75,2.0,6.0,"8,250,121,45,135,67",7.10,6.75
"7.10-60,134,209,115,214,231",11.8,12.0,763.0,"60,134,209,115,214,231",7.10,11.8
"7.10-112,71,233,44,85,7",11.85,2.0,7.0,"112,71,233,44,85,7",7.10,11.85
"7.10-252,190,123,146,220,35",12.47,4.0,353.0,"252,190,123,146,220,35",7.10,12.47
"7.10-240,144,185,104,48,163",5.57,3.0,8.0,"240,144,185,104,48,163",7.10,5.57
"7.10-96,61,162,190,234,192",2.07,1.0,2.0,"96,61,162,190,234,192",7.10,2.07
"7.10-168,32,50,51,210,96",9.38,2.0,8.0,"168,32,50,51,210,96",7.10,9.38
"7.10-164,32,50,51,210,96",11.18,2.0,10.0,"164,32,50,51,210,96",7.10,11.18
"7.10-32,50,51,210,96,53",9.0,3.0,12.0,"32,50,51,210,96,53",7.10,9.0
"7.10-160,204,129,42,183,42",2.3,2.0,2.0,"160,204,129,42,183,42",7.10,2.3
"7.10-164,112,71,233,44,21",9.13,2.0,6.0,"164,112,71,233,44,21",7.10,9.13
"7.10-172,164,111,65,172,165",10.48,2.0,3.0,"172,164,111,65,172,165",7.10,10.48
"7.10-240,144,185,104,48,166",10.42,2.0,9.0,"240,144,185,104,48,166",7.10,10.42
"7.10-204,193,171,217,136,197",10.35,2.0,2.0,"204,193,171,217,136,197",7.10,10.35
"7.10-236,65,171,217,136,197",9.03,2.0,3.0,"236,65,171,217,136,197",7.10,9.03
"7.10-112,138,13,131,175,199",8.7,1.0,2.0,"112,138,13,131,175,199",7.10,8.7
"7.10-72,125,46,223,247,70",9.43,2.0,7.0,"72,125,46,223,247,70",7.10,9.43
"7.10-240,144,185,104,48,162",11.42,2.0,7.0,"240,144,185,104,48,162",7.10,11.42
"7.10-240,144,185,104,48,161",9.63,2.0,11.0,"240,144,185,104,48,161",7.10,9.63
"7.10-220,240,144,185,104,16",5.73,2.0,2.0,"220,240,144,185,104,16",7.10,5.73
"7.10-164,125,159,153,164,102",1.18,1.0,2.0,"164,125,159,153,164,102",7.10,1.18
"7.10-204,174,182,173,160,48",10.63,2.0,2.0,"204,174,182,173,160,48",7.10,10.63
"7.10-160,48,74,38,133,29",9.7,3.0,11.0,"160,48,74,38,133,29",7.10,9.7
"7.10-12,75,84,85,61,8",9.5,3.0,10.0,"12,75,84,85,61,8",7.10,9.5
"7.10-64,12,31,52,191,11",8.63,1.0,3.0,"64,12,31,52,191,11",7.10,8.63
"7.10-168,178,143,129,35,16",4.83,2.0,3.0,"168,178,143,129,35,16",7.10,4.83
"7.10-188,206,37,205,244,50",12.52,2.0,26.0,"188,206,37,205,244,50",7.10,12.52
"7.10-216,50,20,254,96,65",12.42,4.0,23.0,"216,50,20,254,96,65",7.10,12.42
"7.10-236,209,171,217,136,197",9.93,2.0,3.0,"236,209,171,217,136,197",7.10,9.93
"7.10-92,74,31,185,183,247",12.5,2.0,13.0,"92,74,31,185,183,247",7.10,12.5
"7.10-48,74,38,153,214,98",12.05,7.0,15.0,"48,74,38,153,214,98",7.10,12.05
"7.10-168,164,125,159,153,152",12.68,3.0,10.0,"168,164,125,159,153,152",7.10,12.68
"7.10-168,118,229,160,225,193",10.05,2.0,3.0,"168,118,229,160,225,193",7.10,10.05
"7.10-100,163,48,74,38,155",6.02,2.0,2.0,"100,163,48,74,38,155",7.10,6.02
"7.10-168,122,143,119,54,64",7.57,2.0,2.0,"168,122,143,119,54,64",7.10,7.57
"7.10-160,178,159,12,155,85",7.57,2.0,3.0,"160,178,159,12,155,85",7.10,7.57
"7.10-172,118,229,160,225,193",11.28,1.0,5.0,"172,118,229,160,225,193",7.10,11.28
"7.10-180,125,159,153,152,106",10.83,3.0,7.0,"180,125,159,153,152,106",7.10,10.83
"7.10-240,27,124,132,118,12",7.48,2.0,5.0,"240,27,124,132,118,12",7.10,7.48
"7.10-244,96,226,16,224,222",12.73,1.0,14.0,"244,96,226,16,224,222",7.10,12.73
"7.10-124,125,61,133,174,209",5.67,2.0,2.0,"124,125,61,133,174,209",7.10,5.67
"7.10-168,142,182,214,236,44",8.2,2.0,4.0,"168,142,182,214,236,44",7.10,8.2
"7.10-172,124,125,61,133,174",3.92,2.0,2.0,"172,124,125,61,133,174",7.10,3.92
"7.10-204,174,182,173,169,218",5.5,2.0,2.0,"204,174,182,173,169,218",7.10,5.5
"7.10-164,178,143,129,35,16",11.93,2.0,5.0,"164,178,143,129,35,16",7.10,11.93
"7.10-160,178,143,129,35,16",8.38,1.0,2.0,"160,178,143,129,35,16",7.10,8.38
"7.10-204,129,42,183,10,73",6.58,2.0,2.0,"204,129,42,183,10,73",7.10,6.58
"7.10-204,174,182,173,171,1",3.92,2.0,2.0,"204,174,182,173,171,1",7.10,3.92
"7.10-176,124,125,61,133,174",12.28,2.0,3.0,"176,124,125,61,133,174",7.10,12.28
"7.10-172,48,74,38,133,29",12.22,2.0,18.0,"172,48,74,38,133,29",7.10,12.22
"7.10-48,90,38,133,29,213",9.22,4.0,10.0,"48,90,38,133,29,213",7.10,9.22
"7.10-52,74,38,155,214,98",10.92,6.0,18.0,"52,74,38,155,214,98",7.10,10.92
"7.10-184,148,54,32,60,55",4.37,1.0,2.0,"184,148,54,32,60,55",7.10,4.37
"7.10-160,4,207,140,11,128",11.57,2.0,5.0,"160,4,207,140,11,128",7.10,11.57
"7.10-164,164,125,159,153,152",11.6,3.0,15.0,"164,164,125,159,153,152",7.10,11.6
"7.10-124,125,125,133,174,241",9.5,2.0,8.0,"124,125,125,133,174,241",7.10,9.5
"7.10-240,144,185,104,48,168",11.17,2.0,6.0,"240,144,185,104,48,168",7.10,11.17
"7.10-172,164,111,65,172,160",3.97,2.0,5.0,"172,164,111,65,172,160",7.10,3.97
"7.10-172,164,111,65,172,170",2.6,1.0,2.0,"172,164,111,65,172,170",7.10,2.6
"7.10-172,10,2,230,91,252",5.83,1.0,4.0,"172,10,2,230,91,252",7.10,5.83
"7.10-172,164,111,65,172,174",6.72,2.0,2.0,"172,164,111,65,172,174",7.10,6.72
"7.10-36,162,183,48,74,38",7.33,2.0,2.0,"36,162,183,48,74,38",7.10,7.33
"7.10-64,156,31,142,167,149",5.15,1.0,2.0,"64,156,31,142,167,149",7.10,5.15
"7.10-196,64,246,220,81,179",10.52,4.0,26.0,"196,64,246,220,81,179",7.10,10.52
"7.10-80,143,76,102,201,25",13.18,3.0,1347.0,"80,143,76,102,201,25",7.10,13.18
"7.10-240,144,185,104,48,181",4.02,1.0,3.0,"240,144,185,104,48,181",7.10,4.02
"7.10-76,102,201,25,168,220",10.42,2.0,5.0,"76,102,201,25,168,220",7.10,10.42
"7.10-184,80,143,76,102,201",10.42,2.0,14.0,"184,80,143,76,102,201",7.10,10.42
"7.10-88,133,233,252,89,161",13.1,3.0,204.0,"88,133,233,252,89,161",7.10,13.1
"7.10-104,48,158,48,74,38",4.35,2.0,3.0,"104,48,158,48,74,38",7.10,4.35
"7.10-104,48,184,80,143,76",10.15,1.0,2.0,"104,48,184,80,143,76",7.10,10.15
"7.10-240,144,185,104,48,165",9.77,1.0,8.0,"240,144,185,104,48,165",7.10,9.77
"7.10-240,144,185,104,48,159",5.63,3.0,5.0,"240,144,185,104,48,159",7.10,5.63
"7.10-104,48,185,80,143,76",10.42,1.0,4.0,"104,48,185,80,143,76",7.10,10.42
"7.10-124,125,61,149,174,241",9.48,2.0,4.0,"124,125,61,149,174,241",7.10,9.48
"7.10-172,164,111,65,172,168",5.08,2.0,4.0,"172,164,111,65,172,168",7.10,5.08
"7.10-160,180,71,245,166,44",8.78,1.0,3.0,"160,180,71,245,166,44",7.10,8.78
"7.10-212,131,4,236,83,154",11.45,3.0,14.0,"212,131,4,236,83,154",7.10,11.45
"7.10-24,242,44,249,231,91",6.32,2.0,4.0,"24,242,44,249,231,91",7.10,6.32
"7.10-236,1,238,73,129,10",10.0,1.0,19.0,"236,1,238,73,129,10",7.10,10.0
"7.10-240,144,185,104,48,179",3.57,2.0,2.0,"240,144,185,104,48,179",7.10,3.57
"7.10-128,186,83,64,235,161",4.03,1.0,2.0,"128,186,83,64,235,161",7.10,4.03
"7.10-176,118,229,160,225,193",9.65,2.0,5.0,"176,118,229,160,225,193",7.10,9.65
"7.10-160,225,193,100,175,1",8.8,2.0,3.0,"160,225,193,100,175,1",7.10,8.8
"7.10-164,110,142,185,103,158",12.03,1.0,3.0,"164,110,142,185,103,158",7.10,12.03
"7.10-140,11,128,186,176,1",9.35,2.0,3.0,"140,11,128,186,176,1",7.10,9.35
"7.10-164,142,182,214,236,44",9.55,3.0,5.0,"164,142,182,214,236,44",7.10,9.55
"7.10-164,204,129,42,183,42",11.68,2.0,2.0,"164,204,129,42,183,42",7.10,11.68
"7.10-160,164,125,159,153,152",13.28,2.0,6.0,"160,164,125,159,153,152",7.10,13.28
"7.10-164,48,74,38,133,29",11.15,2.0,6.0,"164,48,74,38,133,29",7.10,11.15
"7.10-172,164,111,65,172,163",11.15,2.0,3.0,"172,164,111,65,172,163",7.10,11.15
"7.10-168,134,172,164,111,65",4.67,1.0,2.0,"168,134,172,164,111,65",7.10,4.67
"7.10-48,74,54,155,214,98",13.15,8.0,28.0,"48,74,54,155,214,98",7.10,13.15
"7.10-224,55,191,183,220,186",12.05,2.0,1544.0,"224,55,191,183,220,186",7.10,12.05
"7.10-156,116,3,24,100,145",11.9,8.0,168.0,"156,116,3,24,100,145",7.10,11.9
"7.10-124,125,61,133,46,241",12.68,3.0,3.0,"124,125,61,133,46,241",7.10,12.68
"7.10-4,207,141,11,128,186",9.0,2.0,2.0,"4,207,141,11,128,186",7.10,9.0
"7.10-48,164,110,247,96,234",4.85,2.0,2.0,"48,164,110,247,96,234",7.10,4.85
"7.10-240,144,185,104,48,158",8.92,2.0,4.0,"240,144,185,104,48,158",7.10,8.92
"7.10-144,185,104,48,160,48",6.53,1.0,2.0,"144,185,104,48,160,48",7.10,6.53
"7.10-104,48,160,48,74,38",4.5,2.0,2.0,"104,48,160,48,74,38",7.10,4.5
"7.10-144,185,104,48,164,110",10.03,2.0,2.0,"144,185,104,48,164,110",7.10,10.03
"7.10-48,72,38,155,214,98",10.77,5.0,14.0,"48,72,38,155,214,98",7.10,10.77
"7.10-220,240,144,185,105,48",11.88,2.0,4.0,"220,240,144,185,105,48",7.10,11.88
"7.10-104,48,163,48,74,38",4.85,2.0,2.0,"104,48,163,48,74,38",7.10,4.85
"7.10-96,61,183,48,74,38",4.9,2.0,2.0,"96,61,183,48,74,38",7.10,4.9
"7.10-160,112,71,233,44,21",13.05,1.0,4.0,"160,112,71,233,44,21",7.10,13.05
"7.10-160,20,94,105,93,76",8.48,2.0,2.0,"160,20,94,105,93,76",7.10,8.48
"7.10-12,163,112,138,9,131",4.22,1.0,2.0,"12,163,112,138,9,131",7.10,4.22
"7.10-124,125,61,133,190,241",6.23,1.0,4.0,"124,125,61,133,190,241",7.10,6.23
"7.10-32,50,19,210,96,61",10.73,2.0,5.0,"32,50,19,210,96,61",7.10,10.73
"7.10-160,114,174,255,247,2",10.75,4.0,8.0,"160,114,174,255,247,2",7.10,10.75
"7.10-164,125,31,153,152,106",11.27,2.0,6.0,"164,125,31,153,152,106",7.10,11.27
"7.10-48,74,38,155,214,114",12.92,7.0,18.0,"48,74,38,155,214,114",7.10,12.92
"7.10-196,152,92,41,196,143",13.05,3.0,149.0,"196,152,92,41,196,143",7.10,13.05
"7.10-172,204,129,42,183,42",11.78,1.0,2.0,"172,204,129,42,183,42",7.10,11.78
"7.10-172,112,58,81,118,159",13.27,2.0,13.0,"172,112,58,81,118,159",7.10,13.27
"7.10-240,144,185,104,48,167",11.95,3.0,6.0,"240,144,185,104,48,167",7.10,11.95
"7.10-68,216,120,87,119,51",13.88,1.0,750.0,"68,216,120,87,119,51",7.10,13.88
"7.10-144,185,104,48,167,1",11.65,1.0,3.0,"144,185,104,48,167,1",7.10,11.65
"7.10-172,164,111,65,172,166",5.08,2.0,2.0,"172,164,111,65,172,166",7.10,5.08
"7.10-240,144,185,104,48,169",6.77,2.0,3.0,"240,144,185,104,48,169",7.10,6.77
"7.10-168,220,240,144,185,104",11.95,2.0,6.0,"168,220,240,144,185,104",7.10,11.95
"7.10-220,112,144,185,104,48",11.2,4.0,5.0,"220,112,144,185,104,48",7.10,11.2
"7.10-160,220,240,144,185,104",10.25,3.0,6.0,"160,220,240,144,185,104",7.10,10.25
"7.10-48,162,48,74,38,155",7.68,3.0,4.0,"48,162,48,74,38,155",7.10,7.68
"7.10-36,82,106,59,81,232",11.4,2.0,3.0,"36,82,106,59,81,232",7.10,11.4
"7.10-164,38,22,111,140,65",8.63,2.0,3.0,"164,38,22,111,140,65",7.10,8.63
"7.10-48,74,38,27,214,98",11.77,6.0,17.0,"48,74,38,27,214,98",7.10,11.77
"7.10-12,75,84,85,60,206",10.92,2.0,3.0,"12,75,84,85,60,206",7.10,10.92
"7.10-44,21,225,16,68,88",4.83,2.0,2.0,"44,21,225,16,68,88",7.10,4.83
"7.10-164,110,247,96,234,205",12.73,2.0,7.0,"164,110,247,96,234,205",7.10,12.73
"7.10-240,144,185,104,48,180",7.22,2.0,2.0,"240,144,185,104,48,180",7.10,7.22
"7.10-164,220,240,144,185,104",13.37,4.0,15.0,"164,220,240,144,185,104",7.10,13.37
"7.10-160,110,247,96,234,205",14.02,2.0,4.0,"160,110,247,96,234,205",7.10,14.02
"7.10-128,186,83,64,235,165",8.38,2.0,2.0,"128,186,83,64,235,165",7.10,8.38
"7.10-160,112,138,9,131,175",7.25,2.0,2.0,"160,112,138,9,131,175",7.10,7.25
"7.10-152,151,204,174,182,173",9.37,2.0,3.0,"152,151,204,174,182,173",7.10,9.37
"7.10-64,140,31,199,197,169",5.47,3.0,3.0,"64,140,31,199,197,169",7.10,5.47
"7.10-224,55,191,185,108,92",8.5,2.0,304.0,"224,55,191,185,108,92",7.10,8.5
"7.10-228,163,47,85,234,94",14.47,3.0,20.0,"228,163,47,85,234,94",7.10,14.47
"7.10-240,89,142,53,168,1",13.08,2.0,6.0,"240,89,142,53,168,1",7.10,13.08
"7.10-172,164,125,159,153,152",13.97,2.0,7.0,"172,164,125,159,153,152",7.10,13.97
"7.10-88,243,109,29,241,175",6.4,2.0,2.0,"88,243,109,29,241,175",7.10,6.4
"7.10-168,226,195,233,6,76",13.4,4.0,7.0,"168,226,195,233,6,76",7.10,13.4
"7.10-240,144,185,104,48,160",13.6,3.0,6.0,"240,144,185,104,48,160",7.10,13.6
"7.10-240,144,185,104,48,183",12.9,2.0,4.0,"240,144,185,104,48,183",7.10,12.9
"7.10-76,24,154,44,218,251",13.67,8.0,99.0,"76,24,154,44,218,251",7.10,13.67
"7.10-140,217,214,204,25,121",13.88,2.0,26.0,"140,217,214,204,25,121",7.10,13.88
"7.10-112,71,201,44,21,7",11.93,2.0,3.0,"112,71,201,44,21,7",7.10,11.93
"7.10-116,195,48,25,244,36",8.5,2.0,8.0,"116,195,48,25,244,36",7.10,8.5
"7.10-40,53,69,96,185,108",13.6,5.0,137.0,"40,53,69,96,185,108",7.10,13.6
"7.10-100,71,85,23,160,177",5.98,5.0,6.0,"100,71,85,23,160,177",7.10,5.98
"7.10-48,74,38,219,214,98",11.63,7.0,20.0,"48,74,38,219,214,98",7.10,11.63
"7.10-72,76,134,151,123,179",14.78,2.0,50.0,"72,76,134,151,123,179",7.10,14.78
"7.10-164,208,151,254,41,36",12.75,1.0,11.0,"164,208,151,254,41,36",7.10,12.75
"7.10-44,233,231,91,179,1",7.12,1.0,2.0,"44,233,231,91,179,1",7.10,7.12
"7.10-176,48,74,38,155,214",14.25,3.0,9.0,"176,48,74,38,155,214",7.10,14.25
"7.10-188,95,246,246,99,95",7.12,2.0,4.0,"188,95,246,246,99,95",7.10,7.12
"7.10-136,191,228,175,202,9",14.88,9.0,199.0,"136,191,228,175,202,9",7.10,14.88
"7.10-56,110,162,243,30,77",6.5,3.0,3.0,"56,110,162,243,30,77",7.10,6.5
"7.10-204,174,182,173,168,1",9.0,1.0,2.0,"204,174,182,173,168,1",7.10,9.0
"7.10-252,213,167,156,95,90",5.95,1.0,2.0,"252,213,167,156,95,90",7.10,5.95
"7.10-184,99,146,169,68,54",6.08,1.0,3.0,"184,99,146,169,68,54",7.10,6.08
"7.10-116,21,117,93,235,62",14.98,3.0,934.0,"116,21,117,93,235,62",7.10,14.98
"7.10-152,59,103,48,125,65",13.32,2.0,5.0,"152,59,103,48,125,65",7.10,13.32
"7.10-164,8,250,121,45,167",8.53,2.0,5.0,"164,8,250,121,45,167",7.10,8.53
"7.10-28,225,146,123,210,174",6.03,2.0,2.0,"28,225,146,123,210,174",7.10,6.03
"7.10-44,204,230,183,225,147",6.03,1.0,2.0,"44,204,230,183,225,147",7.10,6.03
"7.10-240,89,142,53,171,1",10.05,2.0,6.0,"240,89,142,53,171,1",7.10,10.05
"7.10-168,178,139,28,55,66",11.1,2.0,2.0,"168,178,139,28,55,66",7.10,11.1
"7.10-168,50,219,105,98,113",10.03,2.0,4.0,"168,50,219,105,98,113",7.10,10.03
"7.10-32,18,51,210,96,61",12.88,3.0,12.0,"32,18,51,210,96,61",7.10,12.88
"7.10-176,114,174,255,247,2",11.1,2.0,2.0,"176,114,174,255,247,2",7.10,11.1
"7.10-240,89,142,53,175,1",10.7,2.0,3.0,"240,89,142,53,175,1",7.10,10.7
"7.10-104,48,161,48,74,38",7.37,1.0,2.0,"104,48,161,48,74,38",7.10,7.37
"7.10-48,160,48,74,38,155",11.3,1.0,3.0,"48,160,48,74,38,155",7.10,11.3
"7.10-164,112,138,9,131,175",11.1,2.0,3.0,"164,112,138,9,131,175",7.10,11.1
"7.10-172,164,111,65,172,167",6.12,2.0,3.0,"172,164,111,65,172,167",7.10,6.12
"7.10-240,89,142,53,166,1",6.48,2.0,2.0,"240,89,142,53,166,1",7.10,6.48
"7.10-168,112,138,9,131,175",8.32,2.0,3.0,"168,112,138,9,131,175",7.10,8.32
"7.10-172,252,107,240,89,142",7.8,1.0,2.0,"172,252,107,240,89,142",7.10,7.8
"7.10-240,89,142,53,177,1",9.55,2.0,4.0,"240,89,142,53,177,1",7.10,9.55
"7.10-172,164,111,65,172,169",7.63,2.0,2.0,"172,164,111,65,172,169",7.10,7.63
"7.10-144,185,104,48,168,1",7.77,2.0,2.0,"144,185,104,48,168,1",7.10,7.77
"7.10-240,144,185,104,48,174",6.13,2.0,2.0,"240,144,185,104,48,174",7.10,6.13
"7.10-48,74,6,133,29,213",13.17,4.0,15.0,"48,74,6,133,29,213",7.10,13.17
"7.10-44,204,230,183,227,125",12.8,3.0,10.0,"44,204,230,183,227,125",7.10,12.8
"7.10-156,245,49,209,69,163",13.65,9.0,112.0,"156,245,49,209,69,163",7.10,13.65
"7.10-160,32,50,51,210,96",10.12,3.0,4.0,"160,32,50,51,210,96",7.10,10.12
"7.10-96,61,164,48,74,38",6.18,1.0,2.0,"96,61,164,48,74,38",7.10,6.18
"7.10-172,164,111,65,172,177",6.83,2.0,3.0,"172,164,111,65,172,177",7.10,6.83
"7.10-188,66,140,151,139,119",10.82,7.0,10.0,"188,66,140,151,139,119",7.10,10.82
"7.10-160,64,140,31,52,191",8.05,2.0,2.0,"160,64,140,31,52,191",7.10,8.05
"7.10-44,233,231,91,170,1",11.92,2.0,2.0,"44,233,231,91,170,1",7.10,11.92
"7.10-164,172,115,82,76,172",10.1,2.0,3.0,"164,172,115,82,76,172",7.10,10.1
"7.10-8,250,121,45,231,67",9.32,2.0,3.0,"8,250,121,45,231,67",7.10,9.32
"7.10-168,8,250,121,45,167",13.18,2.0,7.0,"168,8,250,121,45,167",7.10,13.18
"7.10-160,154,151,204,174,182",12.92,2.0,3.0,"160,154,151,204,174,182",7.10,12.92
"7.10-96,61,167,218,161,25",13.23,2.0,3.0,"96,61,167,218,161,25",7.10,13.23
"7.10-172,164,111,65,172,184",8.8,1.0,2.0,"172,164,111,65,172,184",7.10,8.8
"7.10-32,40,62,78,233,36",14.47,2.0,15.0,"32,40,62,78,233,36",7.10,14.47
"7.10-164,125,159,217,152,106",13.97,2.0,5.0,"164,125,159,217,152,106",7.10,13.97
"7.10-228,201,57,9,43,253",9.0,2.0,3.0,"228,201,57,9,43,253",7.10,9.0
"7.10-12,250,121,45,167,67",12.4,2.0,6.0,"12,250,121,45,167,67",7.10,12.4
"7.10-212,240,144,185,104,48",13.38,3.0,5.0,"212,240,144,185,104,48",7.10,13.38
"7.10-72,149,7,30,171,33",14.68,1.0,7.0,"72,149,7,30,171,33",7.10,14.68
"7.10-252,107,240,93,142,53",15.15,2.0,4.0,"252,107,240,93,142,53",7.10,15.15
"7.10-104,160,62,174,96,114",11.18,2.0,4.0,"104,160,62,174,96,114",7.10,11.18
"7.10-32,50,51,210,96,125",14.63,2.0,7.0,"32,50,51,210,96,125",7.10,14.63
"7.10-48,161,48,74,38,155",7.63,2.0,2.0,"48,161,48,74,38,155",7.10,7.63
"7.10-36,17,69,33,50,93",10.48,1.0,2.0,"36,17,69,33,50,93",7.10,10.48
"7.10-160,225,193,100,166,1",11.5,2.0,2.0,"160,225,193,100,166,1",7.10,11.5
"7.10-188,106,209,65,143,224",13.0,7.0,50.0,"188,106,209,65,143,224",7.10,13.0
"7.10-96,61,174,48,74,38",9.52,1.0,2.0,"96,61,174,48,74,38",7.10,9.52
"7.10-180,71,245,166,44,221",9.57,1.0,5.0,"180,71,245,166,44,221",7.10,9.57
"7.10-160,208,151,254,41,36",14.68,2.0,5.0,"160,208,151,254,41,36",7.10,14.68
"7.10-168,112,71,233,44,21",15.08,2.0,8.0,"168,112,71,233,44,21",7.10,15.08
"7.10-28,209,7,152,33,91",15.0,5.0,251.0,"28,209,7,152,33,91",7.10,15.0
"7.10-160,164,201,57,9,43",13.5,2.0,7.0,"160,164,201,57,9,43",7.10,13.5
"7.10-172,172,115,82,76,172",10.5,2.0,2.0,"172,172,115,82,76,172",7.10,10.5
"7.10-44,233,231,91,167,1",10.38,2.0,2.0,"44,233,231,91,167,1",7.10,10.38
"7.10-20,159,182,86,222,181",9.95,1.0,4.0,"20,159,182,86,222,181",7.10,9.95
"7.10-164,125,223,153,152,106",13.85,2.0,9.0,"164,125,223,153,152,106",7.10,13.85
"7.10-8,250,121,45,39,67",9.7,2.0,3.0,"8,250,121,45,39,67",7.10,9.7
"7.10-140,31,142,167,149,160",13.7,2.0,3.0,"140,31,142,167,149,160",7.10,13.7
"7.10-52,252,161,107,189,127",12.93,2.0,9.0,"52,252,161,107,189,127",7.10,12.93
"7.10-140,31,142,167,149,171",7.77,2.0,2.0,"140,31,142,167,149,171",7.10,7.77
"7.10-148,54,32,44,55,166",13.73,2.0,2.0,"148,54,32,44,55,166",7.10,13.73
"7.10-204,129,58,183,42,73",8.75,2.0,2.0,"204,129,58,183,42,73",7.10,8.75
"7.10-48,74,6,155,214,98",13.87,7.0,24.0,"48,74,6,155,214,98",7.10,13.87
"7.10-48,74,38,155,214,99",12.98,6.0,22.0,"48,74,38,155,214,99",7.10,12.98
"7.10-164,125,159,153,152,122",10.27,3.0,4.0,"164,125,159,153,152,122",7.10,10.27
"7.10-224,39,108,16,137,97",9.3,2.0,21.0,"224,39,108,16,137,97",7.10,9.3
"7.10-48,74,38,155,214,66",15.2,9.0,24.0,"48,74,38,155,214,66",7.10,15.2
"7.10-96,61,177,48,74,38",15.33,2.0,3.0,"96,61,177,48,74,38",7.10,15.33
"7.10-48,148,53,197,58,225",11.57,5.0,59.0,"48,148,53,197,58,225",7.10,11.57
"7.10-32,50,51,210,112,61",14.58,3.0,8.0,"32,50,51,210,112,61",7.10,14.58
"7.10-160,62,119,35,208,235",10.1,2.0,2.0,"160,62,119,35,208,235",7.10,10.1
"7.10-180,71,245,166,12,220",9.8,1.0,2.0,"180,71,245,166,12,220",7.10,9.8
"7.10-160,8,250,121,194,19",14.98,2.0,4.0,"160,8,250,121,194,19",7.10,14.98
"7.10-164,10,2,230,91,252",8.83,3.0,3.0,"164,10,2,230,91,252",7.10,8.83
"7.10-48,66,38,155,214,98",12.1,5.0,16.0,"48,66,38,155,214,98",7.10,12.1
"7.10-208,151,255,41,36,198",10.63,2.0,3.0,"208,151,255,41,36,198",7.10,10.63
"7.10-48,74,102,155,214,98",13.57,7.0,13.0,"48,74,102,155,214,98",7.10,13.57
"7.10-104,160,62,174,112,98",11.73,1.0,2.0,"104,160,62,174,112,98",7.10,11.73
"7.10-88,103,186,101,140,144",12.52,2.0,2.0,"88,103,186,101,140,144",7.10,12.52
"7.10-220,245,5,135,188,48",15.85,2.0,151.0,"220,245,5,135,188,48",7.10,15.85
"7.10-88,199,240,41,58,135",8.87,2.0,3.0,"88,199,240,41,58,135",7.10,8.87
"7.10-180,15,179,136,78,201",9.63,3.0,84.0,"180,15,179,136,78,201",7.10,9.63
"7.10-204,102,10,209,112,18",13.28,1.0,19.0,"204,102,10,209,112,18",7.10,13.28
"7.10-156,174,211,194,70,96",15.83,1.0,20.0,"156,174,211,194,70,96",7.10,15.83
"7.10-164,93,159,153,152,106",13.42,3.0,4.0,"164,93,159,153,152,106",7.10,13.42
"7.10-64,140,31,158,167,149",15.35,3.0,5.0,"64,140,31,158,167,149",7.10,15.35
"7.10-48,75,38,133,29,213",14.22,3.0,16.0,"48,75,38,133,29,213",7.10,14.22
"7.10-160,156,95,90,12,124",14.85,1.0,2.0,"160,156,95,90,12,124",7.10,14.85
"7.10-252,107,241,89,142,53",10.08,2.0,3.0,"252,107,241,89,142,53",7.10,10.08
"7.10-252,107,112,89,142,53",15.62,2.0,4.0,"252,107,112,89,142,53",7.10,15.62
"7.10-252,105,240,89,142,53",10.53,2.0,3.0,"252,105,240,89,142,53",7.10,10.53
"7.10-204,129,42,55,42,73",10.47,1.0,2.0,"204,129,42,55,42,73",7.10,10.47
"7.10-108,177,88,58,181,202",14.53,2.0,3.0,"108,177,88,58,181,202",7.10,14.53
"7.10-124,179,123,208,149,129",15.25,2.0,315.0,"124,179,123,208,149,129",7.10,15.25
"7.10-92,102,108,72,204,73",9.75,2.0,2.0,"92,102,108,72,204,73",7.10,9.75
"7.10-160,62,174,96,98,173",9.57,1.0,2.0,"160,62,174,96,98,173",7.10,9.57
"7.10-144,197,74,103,36,41",8.45,10.0,40.0,"144,197,74,103,36,41",7.10,8.45
"7.10-20,15,46,89,154,170",15.48,1.0,2.0,"20,15,46,89,154,170",7.10,15.48
"7.10-32,50,51,210,100,61",11.85,2.0,4.0,"32,50,51,210,100,61",7.10,11.85
"7.10-48,78,38,133,29,213",13.65,2.0,5.0,"48,78,38,133,29,213",7.10,13.65
"7.10-164,154,151,204,174,182",15.4,1.0,3.0,"164,154,151,204,174,182",7.10,15.4
"7.10-112,71,233,36,21,7",11.2,1.0,3.0,"112,71,233,36,21,7",7.10,11.2
"7.10-204,174,182,173,162,48",14.88,1.0,3.0,"204,174,182,173,162,48",7.10,14.88
"7.10-172,86,34,94,53,30",12.35,1.0,5.0,"172,86,34,94,53,30",7.10,12.35
"7.10-160,62,174,96,98,166",11.45,1.0,2.0,"160,62,174,96,98,166",7.10,11.45
"7.10-124,183,123,208,149,129",11.28,2.0,3.0,"124,183,123,208,149,129",7.10,11.28
"7.10-16,63,68,154,172,113",8.42,2.0,2.0,"16,63,68,154,172,113",7.10,8.42
"7.10-24,208,197,242,97,13",13.98,1.0,13.0,"24,208,197,242,97,13",7.10,13.98
"7.10-220,240,144,249,104,48",12.73,2.0,4.0,"220,240,144,249,104,48",7.10,12.73
"7.10-48,123,172,71,160,113",14.47,2.0,6.0,"48,123,172,71,160,113",7.10,14.47
"7.10-252,107,240,89,143,53",9.47,2.0,2.0,"252,107,240,89,143,53",7.10,9.47
"7.10-76,102,201,25,161,220",12.73,1.0,2.0,"76,102,201,25,161,220",7.10,12.73
"7.10-48,74,39,155,214,98",14.57,5.0,18.0,"48,74,39,155,214,98",7.10,14.57
"7.10-16,74,38,155,214,98",13.43,4.0,8.0,"16,74,38,155,214,98",7.10,13.43
"7.10-220,240,145,185,104,48",12.23,2.0,2.0,"220,240,145,185,104,48",7.10,12.23
"7.10-48,74,38,155,214,102",13.98,4.0,9.0,"48,74,38,155,214,102",7.10,13.98
"7.10-164,125,159,153,216,106",13.05,1.0,5.0,"164,125,159,153,216,106",7.10,13.05
"7.10-88,198,240,9,58,135",10.6,2.0,2.0,"88,198,240,9,58,135",7.10,10.6
"7.10-48,74,38,155,215,98",13.42,4.0,16.0,"48,74,38,155,215,98",7.10,13.42
"7.10-176,223,193,193,47,17",15.32,5.0,10.0,"176,223,193,193,47,17",7.10,15.32
"7.10-164,201,57,1,43,253",11.77,2.0,3.0,"164,201,57,1,43,253",7.10,11.77
"7.10-240,27,108,132,118,28",13.93,1.0,2.0,"240,27,108,132,118,28",7.10,13.93
"7.10-148,23,4,73,252,213",12.47,3.0,3.0,"148,23,4,73,252,213",7.10,12.47
"7.10-8,218,121,45,167,67",14.95,2.0,5.0,"8,218,121,45,167,67",7.10,14.95
"7.10-252,107,240,89,142,117",11.77,2.0,4.0,"252,107,240,89,142,117",7.10,11.77
"7.10-88,198,240,41,59,135",9.48,1.0,2.0,"88,198,240,41,59,135",7.10,9.48
"7.10-32,50,49,210,96,61",15.0,4.0,6.0,"32,50,49,210,96,61",7.10,15.0
"7.10-48,74,38,159,214,98",15.02,5.0,17.0,"48,74,38,159,214,98",7.10,15.02
"7.10-164,125,159,153,152,107",13.28,4.0,12.0,"164,125,159,153,152,107",7.10,13.28
"7.10-80,210,245,240,233,217",12.02,1.0,2.0,"80,210,245,240,233,217",7.10,12.02
"7.10-220,240,144,185,96,48",15.55,2.0,3.0,"220,240,144,185,96,48",7.10,15.55
"7.10-252,99,240,89,142,53",14.25,2.0,2.0,"252,99,240,89,142,53",7.10,14.25
"7.10-252,107,208,89,142,53",11.9,2.0,2.0,"252,107,208,89,142,53",7.10,11.9
"7.10-172,115,82,76,44,89",10.75,2.0,2.0,"172,115,82,76,44,89",7.10,10.75
"7.10-220,240,208,185,104,48",15.78,2.0,3.0,"220,240,208,185,104,48",7.10,15.78
"7.10-124,125,61,133,172,241",12.32,2.0,2.0,"124,125,61,133,172,241",7.10,12.32
"7.10-48,74,39,133,29,213",16.52,2.0,17.0,"48,74,39,133,29,213",7.10,16.52
"7.10-224,242,114,160,138,175",14.4,2.0,2.0,"224,242,114,160,138,175",7.10,14.4
"7.10-164,184,148,54,32,44",14.67,2.0,2.0,"164,184,148,54,32,44",7.10,14.67
"7.10-176,204,129,42,183,42",13.02,2.0,2.0,"176,204,129,42,183,42",7.10,13.02
"7.10-48,72,38,133,29,213",11.6,2.0,5.0,"48,72,38,133,29,213",7.10,11.6
"7.10-204,174,182,173,166,124",15.7,2.0,2.0,"204,174,182,173,166,124",7.10,15.7
"7.10-204,129,42,183,43,73",10.73,1.0,2.0,"204,129,42,183,43,73",7.10,10.73
"7.10-188,115,82,76,172,89",11.75,2.0,2.0,"188,115,82,76,172,89",7.10,11.75
"7.10-88,198,240,41,58,151",10.7,1.0,3.0,"88,198,240,41,58,151",7.10,10.7
"7.10-104,160,63,174,96,98",9.37,1.0,2.0,"104,160,63,174,96,98",7.10,9.37
"7.10-48,74,36,133,29,213",13.3,3.0,5.0,"48,74,36,133,29,213",7.10,13.3
"7.10-208,151,254,41,4,198",12.3,2.0,2.0,"208,151,254,41,4,198",7.10,12.3
"7.10-220,240,144,185,120,48",12.58,3.0,3.0,"220,240,144,185,120,48",7.10,12.58
"7.10-32,50,51,211,96,61",13.33,2.0,4.0,"32,50,51,211,96,61",7.10,13.33
"7.10-164,125,159,153,153,106",11.78,2.0,3.0,"164,125,159,153,153,106",7.10,11.78
"7.10-124,125,61,133,175,241",14.95,2.0,5.0,"124,125,61,133,175,241",7.10,14.95
"7.10-252,217,8,43,220,46",10.72,7.0,30.0,"252,217,8,43,220,46",7.10,10.72
"7.10-112,62,81,118,159,27",12.12,2.0,4.0,"112,62,81,118,159,27",7.10,12.12
"7.10-112,58,81,86,159,27",11.72,2.0,4.0,"112,58,81,86,159,27",7.10,11.72
"7.10-24,250,121,45,167,67",13.63,2.0,3.0,"24,250,121,45,167,67",7.10,13.63
"7.10-220,252,18,60,80,160",15.73,2.0,2.0,"220,252,18,60,80,160",7.10,15.73
"7.10-240,89,142,53,173,1",11.58,2.0,2.0,"240,89,142,53,173,1",7.10,11.58
"7.10-192,217,86,4,17,163",10.1,2.0,3.0,"192,217,86,4,17,163",7.10,10.1
"7.10-48,74,38,133,93,213",13.87,3.0,10.0,"48,74,38,133,93,213",7.10,13.87
"7.10-92,102,108,72,76,105",13.82,2.0,3.0,"92,102,108,72,76,105",7.10,13.82
"7.10-8,250,121,45,167,71",10.75,2.0,4.0,"8,250,121,45,167,71",7.10,10.75
"7.10-88,102,154,101,140,144",11.82,2.0,3.0,"88,102,154,101,140,144",7.10,11.82
"7.10-192,217,86,4,17,179",9.95,2.0,2.0,"192,217,86,4,17,179",7.10,9.95
"7.10-140,31,52,191,11,175",16.15,2.0,2.0,"140,31,52,191,11,175",7.10,16.15
"7.10-160,62,174,96,98,162",12.02,1.0,2.0,"160,62,174,96,98,162",7.10,12.02
"7.10-164,201,49,9,43,253",9.85,1.0,2.0,"164,201,49,9,43,253",7.10,9.85
"7.10-144,185,104,48,159,48",13.0,1.0,3.0,"144,185,104,48,159,48",7.10,13.0
"7.10-252,107,240,89,134,53",12.27,2.0,4.0,"252,107,240,89,134,53",7.10,12.27
"7.10-8,251,121,45,167,67",15.4,1.0,4.0,"8,251,121,45,167,67",7.10,15.4
"7.10-36,82,106,51,81,234",11.3,2.0,2.0,"36,82,106,51,81,234",7.10,11.3
"7.10-64,69,218,104,146,86",12.95,3.0,3.0,"64,69,218,104,146,86",7.10,12.95
"7.10-36,82,106,59,81,226",15.73,1.0,2.0,"36,82,106,59,81,226",7.10,15.73
"7.10-168,104,160,62,174,96",16.05,2.0,3.0,"168,104,160,62,174,96",7.10,16.05
"7.10-160,88,198,240,41,58",16.05,1.0,2.0,"160,88,198,240,41,58",7.10,16.05
"7.10-164,125,159,153,152,110",13.0,1.0,3.0,"164,125,159,153,152,110",7.10,13.0
"7.10-88,70,186,101,140,144",10.78,2.0,2.0,"88,70,186,101,140,144",7.10,10.78
"7.10-92,102,108,72,204,109",9.95,2.0,2.0,"92,102,108,72,204,109",7.10,9.95
"7.10-88,102,186,101,156,144",12.58,1.0,3.0,"88,102,186,101,156,144",7.10,12.58
"7.10-208,151,254,41,36,214",12.73,1.0,2.0,"208,151,254,41,36,214",7.10,12.73
"7.10-112,71,105,44,21,7",13.53,1.0,6.0,"112,71,105,44,21,7",7.10,13.53
"7.10-92,102,124,72,204,105",14.8,2.0,9.0,"92,102,124,72,204,105",7.10,14.8
"7.10-48,74,38,197,29,213",11.63,4.0,7.0,"48,74,38,197,29,213",7.10,11.63
"7.10-36,82,106,123,81,234",11.63,2.0,2.0,"36,82,106,123,81,234",7.10,11.63
"7.10-104,160,62,166,96,98",15.82,2.0,4.0,"104,160,62,166,96,98",7.10,15.82
"7.10-164,117,159,153,152,106",15.07,1.0,2.0,"164,117,159,153,152,106",7.10,15.07
"7.10-48,74,54,133,29,213",14.1,3.0,8.0,"48,74,54,133,29,213",7.10,14.1
"7.10-104,160,30,174,96,98",10.05,2.0,4.0,"104,160,30,174,96,98",7.10,10.05
"7.10-48,78,38,155,214,98",11.98,3.0,7.0,"48,78,38,155,214,98",7.10,11.98
"7.10-124,125,61,133,174,245",12.0,2.0,3.0,"124,125,61,133,174,245",7.10,12.0
"7.10-32,50,51,210,64,61",13.48,2.0,7.0,"32,50,51,210,64,61",7.10,13.48
"7.10-208,151,254,57,36,198",16.68,1.0,4.0,"208,151,254,57,36,198",7.10,16.68
"7.10-160,62,174,96,98,172",13.78,1.0,2.0,"160,62,174,96,98,172",7.10,13.78
"7.10-104,160,62,174,96,96",10.05,1.0,2.0,"104,160,62,174,96,96",7.10,10.05
"7.10-112,58,81,118,31,27",14.97,1.0,2.0,"112,58,81,118,31,27",7.10,14.97
"7.10-204,174,182,173,179,1",16.32,2.0,4.0,"204,174,182,173,179,1",7.10,16.32
"7.10-104,161,62,174,96,98",13.08,1.0,2.0,"104,161,62,174,96,98",7.10,13.08
"7.10-8,250,121,37,167,67",10.83,1.0,2.0,"8,250,121,37,167,67",7.10,10.83
"7.10-112,58,81,118,159,25",10.85,2.0,2.0,"112,58,81,118,159,25",7.10,10.85
"7.10-164,205,57,9,43,253",12.25,2.0,3.0,"164,205,57,9,43,253",7.10,12.25
"7.10-236,193,171,217,128,197",10.88,2.0,4.0,"236,193,171,217,128,197",7.10,10.88
"7.10-92,118,108,72,204,105",12.42,1.0,5.0,"92,118,108,72,204,105",7.10,12.42
"7.10-236,193,187,217,136,197",16.93,2.0,2.0,"236,193,187,217,136,197",7.10,16.93
"7.10-140,37,5,134,16,48",15.72,2.0,2.0,"140,37,5,134,16,48",7.10,15.72
"7.10-8,254,121,45,167,67",11.17,1.0,2.0,"8,254,121,45,167,67",7.10,11.17
"7.10-48,74,38,147,214,98",13.87,4.0,6.0,"48,74,38,147,214,98",7.10,13.87
"7.10-32,50,51,82,96,61",13.87,2.0,3.0,"32,50,51,82,96,61",7.10,13.87
"7.10-112,58,81,119,159,27",15.58,2.0,5.0,"112,58,81,119,159,27",7.10,15.58
"7.10-204,129,42,183,58,73",11.2,2.0,2.0,"204,129,42,183,58,73",7.10,11.2
"7.10-112,59,81,118,159,27",14.77,2.0,3.0,"112,59,81,118,159,27",7.10,14.77
"7.10-4,212,66,52,226,225",10.12,2.0,3.0,"4,212,66,52,226,225",7.10,10.12
"7.10-84,34,94,53,30,145",13.1,2.0,2.0,"84,34,94,53,30,145",7.10,13.1
"7.10-36,80,106,59,81,234",11.1,2.0,2.0,"36,80,106,59,81,234",7.10,11.1
"7.10-148,23,1,73,252,213",16.18,3.0,9.0,"148,23,1,73,252,213",7.10,16.18
"7.10-252,111,240,89,142,53",16.78,2.0,3.0,"252,111,240,89,142,53",7.10,16.78
"7.10-48,74,38,149,29,213",16.93,2.0,14.0,"48,74,38,149,29,213",7.10,16.93
"7.10-164,125,159,153,152,98",10.63,2.0,2.0,"164,125,159,153,152,98",7.10,10.63
"7.10-16,74,38,133,29,213",15.78,4.0,7.0,"16,74,38,133,29,213",7.10,15.78
"7.10-164,125,159,153,144,106",13.32,1.0,5.0,"164,125,159,153,144,106",7.10,13.32
"7.10-104,160,62,174,96,102",10.23,2.0,2.0,"104,160,62,174,96,102",7.10,10.23
"7.10-164,201,57,9,47,253",12.3,2.0,2.0,"164,201,57,9,47,253",7.10,12.3
"7.10-148,71,245,166,44,220",14.48,2.0,3.0,"148,71,245,166,44,220",7.10,14.48
"7.10-48,75,38,155,214,98",15.23,5.0,22.0,"48,75,38,155,214,98",7.10,15.23
"7.10-180,71,117,166,44,220",16.32,2.0,2.0,"180,71,117,166,44,220",7.10,16.32
"7.10-32,50,51,208,96,61",12.22,2.0,3.0,"32,50,51,208,96,61",7.10,12.22
"7.10-112,50,81,118,159,27",12.15,2.0,2.0,"112,50,81,118,159,27",7.10,12.15
"7.10-12,112,74,181,222,86",14.1,2.0,5.0,"12,112,74,181,222,86",7.10,14.1
"7.10-104,224,62,174,96,98",12.03,1.0,3.0,"104,224,62,174,96,98",7.10,12.03
"7.10-108,160,62,174,96,98",13.48,2.0,2.0,"108,160,62,174,96,98",7.10,13.48
"7.10-32,50,51,210,96,29",14.75,2.0,5.0,"32,50,51,210,96,29",7.10,14.75
"7.10-180,71,245,164,44,220",14.38,2.0,3.0,"180,71,245,164,44,220",7.10,14.38
"7.10-48,74,38,133,21,213",15.43,3.0,7.0,"48,74,38,133,21,213",7.10,15.43
"7.10-252,107,240,89,142,21",14.82,3.0,4.0,"252,107,240,89,142,21",7.10,14.82
"7.10-20,94,105,220,154,7",13.8,5.0,14.0,"20,94,105,220,154,7",7.10,13.8
"7.10-252,107,240,89,140,53",13.35,3.0,7.0,"252,107,240,89,140,53",7.10,13.35
"7.10-48,50,51,210,96,61",14.23,2.0,5.0,"48,50,51,210,96,61",7.10,14.23
"7.10-176,241,236,166,12,79",15.38,8.0,34.0,"176,241,236,166,12,79",7.10,15.38
"7.10-104,176,62,174,96,98",10.42,2.0,2.0,"104,176,62,174,96,98",7.10,10.42
"7.10-252,107,240,89,206,53",12.15,1.0,2.0,"252,107,240,89,206,53",7.10,12.15
"7.10-168,28,54,187,20,163",10.88,2.0,2.0,"168,28,54,187,20,163",7.10,10.88
"7.10-160,50,219,105,98,113",10.37,1.0,2.0,"160,50,219,105,98,113",7.10,10.37
"7.10-164,125,159,25,152,106",14.5,3.0,4.0,"164,125,159,25,152,106",7.10,14.5
"7.10-168,182,234,111,120,131",10.53,2.0,2.0,"168,182,234,111,120,131",7.10,10.53
"7.10-88,102,187,101,140,144",15.1,1.0,2.0,"88,102,187,101,140,144",7.10,15.1
"7.10-180,71,245,167,44,220",15.68,1.0,2.0,"180,71,245,167,44,220",7.10,15.68
"7.10-180,71,245,38,44,220",16.82,2.0,3.0,"180,71,245,38,44,220",7.10,16.82
"7.10-220,241,144,185,104,48",13.85,2.0,2.0,"220,241,144,185,104,48",7.10,13.85
"7.10-8,250,121,45,167,65",14.17,1.0,3.0,"8,250,121,45,167,65",7.10,14.17
"7.10-240,31,108,132,118,12",12.13,1.0,2.0,"240,31,108,132,118,12",7.10,12.13
"7.10-96,50,51,210,96,61",15.03,2.0,8.0,"96,50,51,210,96,61",7.10,15.03
"7.10-32,48,51,210,96,61",13.42,3.0,7.0,"32,48,51,210,96,61",7.10,13.42
"7.10-92,102,76,72,204,105",10.88,2.0,2.0,"92,102,76,72,204,105",7.10,10.88
"7.10-116,58,81,118,159,27",12.18,2.0,3.0,"116,58,81,118,159,27",7.10,12.18
"7.10-208,195,95,15,4,30",11.92,1.0,2.0,"208,195,95,15,4,30",7.10,11.92
"7.10-252,213,162,248,45,124",14.9,2.0,2.0,"252,213,162,248,45,124",7.10,14.9
"7.10-220,240,144,185,104,112",15.32,2.0,2.0,"220,240,144,185,104,112",7.10,15.32
"7.10-180,87,245,166,44,220",16.05,2.0,5.0,"180,87,245,166,44,220",7.10,16.05
"7.10-8,250,121,45,167,83",11.43,1.0,2.0,"8,250,121,45,167,83",7.10,11.43
"7.10-220,240,144,57,104,48",13.97,2.0,2.0,"220,240,144,57,104,48",7.10,13.97
"7.10-20,207,140,11,128,186",15.02,2.0,3.0,"20,207,140,11,128,186",7.10,15.02
"7.10-20,94,105,93,76,197",10.67,1.0,2.0,"20,94,105,93,76,197",7.10,10.67
"7.10-160,124,125,61,133,174",12.0,2.0,3.0,"160,124,125,61,133,174",7.10,12.0
"7.10-124,125,29,133,174,241",12.62,1.0,4.0,"124,125,29,133,174,241",7.10,12.62
"7.10-132,125,159,153,152,106",12.58,3.0,4.0,"132,125,159,153,152,106",7.10,12.58
"7.10-148,23,64,73,252,213",14.55,3.0,7.0,"148,23,64,73,252,213",7.10,14.55
"7.10-148,23,16,73,252,213",15.47,4.0,7.0,"148,23,16,73,252,213",7.10,15.47
"7.10-112,58,81,118,223,27",14.5,2.0,4.0,"112,58,81,118,223,27",7.10,14.5
"7.10-48,74,38,5,29,213",15.13,3.0,5.0,"48,74,38,5,29,213",7.10,15.13
"7.10-100,82,106,59,81,234",11.58,2.0,2.0,"100,82,106,59,81,234",7.10,11.58
"7.10-52,71,245,166,44,220",11.47,2.0,2.0,"52,71,245,166,44,220",7.10,11.47
"7.10-180,71,245,166,36,220",12.32,2.0,2.0,"180,71,245,166,36,220",7.10,12.32
"7.10-96,230,240,177,80,251",10.98,6.0,24.0,"96,230,240,177,80,251",7.10,10.98
"7.10-44,233,231,91,165,112",10.98,1.0,2.0,"44,233,231,91,165,112",7.10,10.98
"7.10-132,172,164,111,65,172",12.78,2.0,3.0,"132,172,164,111,65,172",7.10,12.78
"7.10-32,50,51,214,96,61",16.23,2.0,3.0,"32,50,51,214,96,61",7.10,16.23
"7.10-88,100,186,101,140,144",14.73,1.0,2.0,"88,100,186,101,140,144",7.10,14.73
"7.10-48,74,102,133,29,213",12.38,2.0,4.0,"48,74,102,133,29,213",7.10,12.38
"7.10-112,58,85,118,159,27",14.3,1.0,3.0,"112,58,85,118,159,27",7.10,14.3
"7.10-8,251,121,183,224,101",16.68,2.0,2.0,"8,251,121,183,224,101",7.10,16.68
"7.10-112,58,81,118,159,31",12.4,1.0,2.0,"112,58,81,118,159,31",7.10,12.4
"7.10-252,107,244,89,142,53",13.53,1.0,3.0,"252,107,244,89,142,53",7.10,13.53
"7.10-112,71,233,44,21,5",12.75,1.0,2.0,"112,71,233,44,21,5",7.10,12.75
"7.10-220,107,240,89,142,53",11.45,2.0,2.0,"220,107,240,89,142,53",7.10,11.45
"7.10-96,160,62,174,96,98",16.23,2.0,2.0,"96,160,62,174,96,98",7.10,16.23
"7.10-144,199,95,15,4,30",12.67,2.0,4.0,"144,199,95,15,4,30",7.10,12.67
"7.10-8,250,113,45,167,67",11.92,2.0,2.0,"8,250,113,45,167,67",7.10,11.92
"7.10-192,129,53,1,14,201",11.43,2.0,3.0,"192,129,53,1,14,201",7.10,11.43
"7.10-112,58,81,116,159,27",13.98,2.0,3.0,"112,58,81,116,159,27",7.10,13.98
"7.10-32,114,51,210,96,61",14.35,2.0,3.0,"32,114,51,210,96,61",7.10,14.35
"7.10-160,157,193,211,143,65",16.98,2.0,41.0,"160,157,193,211,143,65",7.10,16.98
"7.10-124,125,53,133,174,241",12.73,2.0,2.0,"124,125,53,133,174,241",7.10,12.73
"7.10-32,40,62,78,237,188",16.63,2.0,12.0,"32,40,62,78,237,188",7.10,16.63
"7.10-252,123,240,89,142,53",11.95,2.0,3.0,"252,123,240,89,142,53",7.10,11.95
"7.10-180,124,125,61,133,174",15.7,2.0,2.0,"180,124,125,61,133,174",7.10,15.7
"7.10-164,201,57,205,13,69",15.32,4.0,45.0,"164,201,57,205,13,69",7.10,15.32
"7.10-164,66,91,20,175,212",11.85,2.0,2.0,"164,66,91,20,175,212",7.10,11.85
"7.10-164,4,207,140,11,128",13.37,1.0,3.0,"164,4,207,140,11,128",7.10,13.37
"7.10-180,71,245,182,44,220",11.97,1.0,3.0,"180,71,245,182,44,220",7.10,11.97
"7.10-92,102,108,76,204,105",12.93,2.0,4.0,"92,102,108,76,204,105",7.10,12.93
"7.10-116,122,144,24,70,127",11.57,5.0,10.0,"116,122,144,24,70,127",7.10,11.57
"7.10-220,240,16,185,104,48",15.83,1.0,2.0,"220,240,16,185,104,48",7.10,15.83
"7.10-180,71,245,230,44,220",13.07,2.0,2.0,"180,71,245,230,44,220",7.10,13.07
"7.10-164,57,182,9,232,83",13.17,1.0,2.0,"164,57,182,9,232,83",7.10,13.17
"7.10-172,115,82,76,173,89",12.93,1.0,2.0,"172,115,82,76,173,89",7.10,12.93
"7.10-164,4,80,243,57,197",11.67,2.0,2.0,"164,4,80,243,57,197",7.10,11.67
"7.10-252,107,240,89,14,53",15.57,2.0,3.0,"252,107,240,89,14,53",7.10,15.57
"7.10-92,102,108,88,204,105",15.9,1.0,3.0,"92,102,108,88,204,105",7.10,15.9
"7.10-8,250,121,13,167,67",12.0,1.0,2.0,"8,250,121,13,167,67",7.10,12.0
"7.10-72,250,121,45,167,67",12.12,2.0,2.0,"72,250,121,45,167,67",7.10,12.12
"7.10-252,193,171,217,136,197",16.1,1.0,3.0,"252,193,171,217,136,197",7.10,16.1
"7.10-8,250,121,194,23,245",13.05,2.0,4.0,"8,250,121,194,23,245",7.10,13.05
"7.10-112,71,233,44,21,71",13.03,1.0,2.0,"112,71,233,44,21,71",7.10,13.03
"7.10-112,58,81,118,159,91",13.32,1.0,2.0,"112,58,81,118,159,91",7.10,13.32
"7.10-92,102,108,72,204,97",13.22,2.0,2.0,"92,102,108,72,204,97",7.10,13.22
"7.10-12,250,121,183,224,101",15.75,2.0,2.0,"12,250,121,183,224,101",7.10,15.75
"7.10-92,102,108,64,204,105",15.2,1.0,2.0,"92,102,108,64,204,105",7.10,15.2
"7.10-32,51,51,210,96,61",16.08,1.0,5.0,"32,51,51,210,96,61",7.10,16.08
"7.10-164,156,95,90,12,124",16.93,2.0,3.0,"164,156,95,90,12,124",7.10,16.93
"7.10-92,100,108,72,204,105",12.37,1.0,2.0,"92,100,108,72,204,105",7.10,12.37
"7.10-48,74,38,133,29,85",15.9,4.0,7.0,"48,74,38,133,29,85",7.10,15.9
"7.10-112,27,108,132,118,12",15.25,2.0,2.0,"112,27,108,132,118,12",7.10,15.25
"7.10-164,201,57,9,35,253",13.38,2.0,2.0,"164,201,57,9,35,253",7.10,13.38
"7.10-100,105,78,137,205,168",12.48,2.0,2.0,"100,105,78,137,205,168",7.10,12.48
"7.10-172,115,82,76,172,93",17.82,3.0,3.0,"172,115,82,76,172,93",7.10,17.82
"7.10-112,74,38,155,214,98",14.5,5.0,7.0,"112,74,38,155,214,98",7.10,14.5
"7.10-48,66,38,133,29,213",14.68,3.0,5.0,"48,66,38,133,29,213",7.10,14.68
"7.10-252,75,240,89,142,53",15.55,2.0,3.0,"252,75,240,89,142,53",7.10,15.55
"7.10-172,115,83,76,172,89",12.65,1.0,2.0,"172,115,83,76,172,89",7.10,12.65
"7.10-220,245,5,135,188,57",16.72,2.0,13.0,"220,245,5,135,188,57",7.10,16.72
"7.10-208,151,254,33,36,198",18.18,2.0,3.0,"208,151,254,33,36,198",7.10,18.18
"7.10-252,107,240,89,158,53",13.03,2.0,2.0,"252,107,240,89,158,53",7.10,13.03
"7.10-204,129,42,151,42,73",16.87,1.0,2.0,"204,129,42,151,42,73",7.10,16.87
"7.10-128,214,5,91,8,213",13.72,2.0,2.0,"128,214,5,91,8,213",7.10,13.72
"7.10-60,134,209,115,214,247",17.42,2.0,2.0,"60,134,209,115,214,247",7.10,17.42
"7.10-140,37,5,132,24,48",16.13,2.0,2.0,"140,37,5,132,24,48",7.10,16.13
"7.10-160,225,193,100,169,1",16.95,1.0,2.0,"160,225,193,100,169,1",7.10,16.95
"7.10-32,50,51,210,97,61",15.1,2.0,4.0,"32,50,51,210,97,61",7.10,15.1
"7.10-36,125,159,153,152,106",16.08,2.0,3.0,"36,125,159,153,152,106",7.10,16.08
"7.10-112,58,81,118,159,19",14.25,2.0,5.0,"112,58,81,118,159,19",7.10,14.25
"7.10-108,132,118,12,178,1",16.43,2.0,2.0,"108,132,118,12,178,1",7.10,16.43
"7.10-124,107,240,89,142,53",13.28,1.0,2.0,"124,107,240,89,142,53",7.10,13.28
"7.10-36,50,51,210,96,61",14.95,2.0,3.0,"36,50,51,210,96,61",7.10,14.95
"7.10-8,250,89,194,19,245",17.05,1.0,2.0,"8,250,89,194,19,245",7.10,17.05
"7.10-20,94,105,93,77,199",18.5,1.0,2.0,"20,94,105,93,77,199",7.10,18.5
"7.10-80,58,81,118,159,27",13.63,1.0,3.0,"80,58,81,118,159,27",7.10,13.63
"7.10-52,74,38,133,29,213",15.87,4.0,5.0,"52,74,38,133,29,213",7.10,15.87
"7.10-116,138,9,131,175,199",18.25,2.0,2.0,"116,138,9,131,175,199",7.10,18.25
"7.10-124,125,61,133,174,113",13.72,2.0,2.0,"124,125,61,133,174,113",7.10,13.72
"7.10-20,94,121,93,76,199",18.45,1.0,2.0,"20,94,121,93,76,199",7.10,18.45
"7.10-112,26,81,118,159,27",14.53,1.0,2.0,"112,26,81,118,159,27",7.10,14.53
"7.10-4,229,152,221,141,3",14.68,2.0,13.0,"4,229,152,221,141,3",7.10,14.68
"7.10-52,191,11,171,104,160",18.2,2.0,2.0,"52,191,11,171,104,160",7.10,18.2
"7.10-228,125,159,153,152,106",15.25,1.0,3.0,"228,125,159,153,152,106",7.10,15.25
"7.10-88,102,186,101,140,148",16.8,2.0,5.0,"88,102,186,101,140,148",7.10,16.8
"7.10-32,50,115,210,96,61",15.23,1.0,3.0,"32,50,115,210,96,61",7.10,15.23
"7.10-180,71,245,166,44,92",17.17,1.0,2.0,"180,71,245,166,44,92",7.10,17.17
"7.10-88,2,174,207,62,51",14.15,1.0,2.0,"88,2,174,207,62,51",7.10,14.15
"7.10-240,89,142,53,179,1",17.4,2.0,3.0,"240,89,142,53,179,1",7.10,17.4
"7.10-100,170,178,139,28,55",15.05,2.0,2.0,"100,170,178,139,28,55",7.10,15.05
"7.10-164,125,151,153,152,106",14.17,1.0,2.0,"164,125,151,153,152,106",7.10,14.17
"7.10-92,125,61,133,174,241",15.9,2.0,2.0,"92,125,61,133,174,241",7.10,15.9
"7.10-104,160,62,174,97,98",17.92,2.0,3.0,"104,160,62,174,97,98",7.10,17.92
"7.10-192,46,37,43,205,205",15.58,1.0,2.0,"192,46,37,43,205,205",7.10,15.58
"7.10-128,86,5,75,8,213",15.45,2.0,2.0,"128,86,5,75,8,213",7.10,15.45
"7.10-40,49,102,184,207,131",14.32,3.0,3.0,"40,49,102,184,207,131",7.10,14.32
"7.10-160,86,34,94,53,30",18.45,1.0,2.0,"160,86,34,94,53,30",7.10,18.45
"7.10-208,151,254,41,85,80",14.58,3.0,4.0,"208,151,254,41,85,80",7.10,14.58
"7.10-220,240,144,185,104,49",17.43,1.0,2.0,"220,240,144,185,104,49",7.10,17.43
"7.10-132,201,57,9,43,253",15.97,2.0,2.0,"132,201,57,9,43,253",7.10,15.97
"7.10-164,201,57,9,11,253",16.07,2.0,2.0,"164,201,57,9,11,253",7.10,16.07
"7.10-32,54,51,210,96,61",18.38,3.0,4.0,"32,54,51,210,96,61",7.10,18.38
"7.10-164,217,57,9,43,253",15.97,2.0,2.0,"164,217,57,9,43,253",7.10,15.97
"7.10-164,125,159,153,152,74",15.38,1.0,2.0,"164,125,159,153,152,74",7.10,15.38
"7.10-112,138,9,131,175,197",15.15,2.0,3.0,"112,138,9,131,175,197",7.10,15.15
"7.10-60,165,129,97,150,109",15.2,3.0,5.0,"60,165,129,97,150,109",7.10,15.2
"7.10-212,103,211,1,129,133",15.2,4.0,4.0,"212,103,211,1,129,133",7.10,15.2
"7.10-236,193,171,217,136,69",16.42,1.0,2.0,"236,193,171,217,136,69",7.10,16.42
"7.10-124,125,61,133,166,241",15.42,2.0,2.0,"124,125,61,133,166,241",7.10,15.42
"7.10-60,165,129,247,226,15",16.33,2.0,65.0,"60,165,129,247,226,15",7.10,16.33
"7.10-20,15,46,89,154,178",19.58,1.0,2.0,"20,15,46,89,154,178",7.10,19.58
"7.10-172,18,25,15,96,236",17.8,2.0,2.0,"172,18,25,15,96,236",7.10,17.8
"7.10-168,60,136,95,198,161",16.65,1.0,2.0,"168,60,136,95,198,161",7.10,16.65
"7.10-88,102,186,101,140,208",18.0,2.0,2.0,"88,102,186,101,140,208",7.10,18.0
"7.10-236,193,171,217,152,197",17.68,1.0,2.0,"236,193,171,217,152,197",7.10,17.68
"7.10-220,49,209,165,183,7",16.97,2.0,2.0,"220,49,209,165,183,7",7.10,16.97
"7.10-168,60,136,95,198,163",18.1,2.0,2.0,"168,60,136,95,198,163",7.10,18.1
"7.10-80,143,68,102,201,25",17.42,2.0,3.0,"80,143,68,102,201,25",7.10,17.42
"7.10-12,75,84,85,60,182",19.15,2.0,3.0,"12,75,84,85,60,182",7.10,19.15
"7.10-80,143,76,103,201,25",17.97,2.0,2.0,"80,143,76,103,201,25",7.10,17.97
"7.10-136,3,233,226,168,73",18.4,1.0,2.0,"136,3,233,226,168,73",7.10,18.4
"7.10-80,143,76,102,201,17",19.3,1.0,4.0,"80,143,76,102,201,17",7.10,19.3
"7.10-168,226,195,232,204,104",17.37,2.0,2.0,"168,226,195,232,204,104",7.10,17.37
"7.10-96,7,196,123,7,77",17.5,5.0,5.0,"96,7,196,123,7,77",7.10,17.5
"7.10-108,33,162,235,7,85",18.4,1.0,2.0,"108,33,162,235,7,85",7.10,18.4
"7.10-236,43,176,48,74,38",18.62,2.0,2.0,"236,43,176,48,74,38",7.10,18.62
"7.10-160,62,174,96,98,178",20.15,1.0,2.0,"160,62,174,96,98,178",7.10,20.15
"7.10-160,64,68,253,44,108",18.48,1.0,2.0,"160,64,68,253,44,108",7.10,18.48
"7.10-76,102,201,25,166,220",18.78,1.0,2.0,"76,102,201,25,166,220",7.10,18.78
"7.10-104,160,62,174,96,99",19.92,2.0,2.0,"104,160,62,174,96,99",7.10,19.92
"7.10-76,24,26,44,218,251",17.93,2.0,2.0,"76,24,26,44,218,251",7.10,17.93
"7.10-76,102,201,25,167,220",19.03,1.0,3.0,"76,102,201,25,167,220",7.10,19.03
"7.10-76,102,201,25,165,220",19.52,1.0,2.0,"76,102,201,25,165,220",7.10,19.52
"7.10-140,182,214,236,44,106",20.03,2.0,2.0,"140,182,214,236,44,106",7.10,20.03
"7.10-80,143,76,102,193,25",20.1,2.0,3.0,"80,143,76,102,193,25",7.10,20.1
"7.10-144,173,247,200,14,93",19.25,3.0,57.0,"144,173,247,200,14,93",7.10,19.25
"7.10-20,198,151,49,18,5",19.33,4.0,210.0,"20,198,151,49,18,5",7.10,19.33
"7.10-36,121,243,168,250,69",18.73,3.0,110.0,"36,121,243,168,250,69",7.10,18.73
"7.10-252,124,2,134,99,96",19.78,4.0,81.0,"252,124,2,134,99,96",7.10,19.78
"7.10-84,167,3,191,88,22",19.32,3.0,6.0,"84,167,3,191,88,22",7.10,19.32
"7.10-84,14,88,109,169,239",19.37,3.0,144.0,"84,14,88,109,169,239",7.10,19.37
"7.10-164,4,80,213,195,23",18.77,3.0,14.0,"164,4,80,213,195,23",7.10,18.77
"7.10-228,25,193,118,158,73",19.02,3.0,6.0,"228,25,193,118,158,73",7.10,19.02
"7.10-108,247,132,46,111,88",19.22,3.0,4.0,"108,247,132,46,111,88",7.10,19.22
"7.10-252,87,77,30,202,166",19.13,1.0,2.0,"252,87,77,30,202,166",7.10,19.13
"7.10-180,80,143,76,102,201",21.33,2.0,5.0,"180,80,143,76,102,201",7.10,21.33
"7.10-84,186,214,178,227,13",19.45,4.0,9.0,"84,186,214,178,227,13",7.10,19.45
"7.10-252,171,144,115,155,102",19.82,1.0,2.0,"252,171,144,115,155,102",7.10,19.82
"7.10-8,250,121,181,224,101",20.78,1.0,3.0,"8,250,121,181,224,101",7.10,20.78
"7.10-164,114,233,219,38,184",19.82,2.0,2.0,"164,114,233,219,38,184",7.10,19.82
"7.10-96,61,176,48,74,38",21.12,1.0,2.0,"96,61,176,48,74,38",7.10,21.12
"7.10-164,134,115,188,19,24",19.62,1.0,2.0,"164,134,115,188,19,24",7.10,19.62
"7.10-148,54,32,44,55,178",21.65,1.0,2.0,"148,54,32,44,55,178",7.10,21.65
"7.10-208,151,126,41,36,198",21.0,1.0,2.0,"208,151,126,41,36,198",7.10,21.0
"7.10-140,31,52,191,11,162",20.28,2.0,2.0,"140,31,52,191,11,162",7.10,20.28
"7.10-160,62,174,96,98,159",20.02,1.0,2.0,"160,62,174,96,98,159",7.10,20.02
"7.10-180,86,34,94,53,30",20.02,1.0,2.0,"180,86,34,94,53,30",7.10,20.02
"7.10-156,95,90,28,124,73",20.5,2.0,2.0,"156,95,90,28,124,73",7.10,20.5
"7.10-48,123,172,71,160,107",21.7,1.0,2.0,"48,123,172,71,160,107",7.10,21.7
"7.10-148,84,206,226,188,13",20.15,2.0,2.0,"148,84,206,226,188,13",7.10,20.15
"7.10-68,102,252,225,114,201",20.27,2.0,2.0,"68,102,252,225,114,201",7.10,20.27
"7.10-168,152,146,10,133,107",21.88,1.0,7.0,"168,152,146,10,133,107",7.10,21.88
"7.10-32,115,141,57,27,31",20.52,4.0,4.0,"32,115,141,57,27,31",7.10,20.52
"7.10-80,207,76,102,201,25",20.92,1.0,2.0,"80,207,76,102,201,25",7.10,20.92
"7.10-196,64,246,34,203,41",22.28,1.0,5.0,"196,64,246,34,203,41",7.10,22.28
"7.10-8,179,175,7,212,61",21.6,1.0,6.0,"8,179,175,7,212,61",7.10,21.6
"7.10-184,20,54,32,44,55",22.05,2.0,2.0,"184,20,54,32,44,55",7.10,22.05
"7.10-4,212,66,137,157,91",22.87,1.0,2.0,"4,212,66,137,157,91",7.10,22.87
"7.10-72,70,193,161,116,246",23.2,2.0,45.0,"72,70,193,161,116,246",7.10,23.2
"7.11-184,148,54,32,44,55",11.03,13.0,1386.0,"184,148,54,32,44,55",7.11,11.03
"7.11-176,241,236,211,105,14",11.73,5.0,454.0,"176,241,236,211,105,14",7.11,11.73
"7.11-32,50,51,210,96,61",12.0,6.0,9127.0,"32,50,51,210,96,61",7.11,12.0
"7.11-48,74,38,155,214,98",12.0,12.0,10947.0,"48,74,38,155,214,98",7.11,12.0
"7.11-48,74,38,133,29,213",12.0,7.0,8637.0,"48,74,38,133,29,213",7.11,12.0
"7.11-8,250,121,45,167,67",11.98,6.0,1864.0,"8,250,121,45,167,67",7.11,11.98
"7.11-28,54,187,20,163,246",5.02,2.0,335.0,"28,54,187,20,163,246",7.11,5.02
"7.11-252,107,240,89,142,53",12.0,3.0,7257.0,"252,107,240,89,142,53",7.11,12.0
"7.11-4,207,140,11,128,186",11.98,6.0,1271.0,"4,207,140,11,128,186",7.11,11.98
"7.11-156,95,90,12,124,73",12.0,9.0,3128.0,"156,95,90,12,124,73",7.11,12.0
"7.11-220,245,5,135,187,95",11.92,1.0,122.0,"220,245,5,135,187,95",7.11,11.92
"7.11-88,102,186,101,140,144",11.5,2.0,601.0,"88,102,186,101,140,144",7.11,11.5
"7.11-212,26,63,183,185,195",11.98,1.0,154.0,"212,26,63,183,185,195",7.11,11.98
"7.11-236,193,171,217,136,197",11.97,3.0,2044.0,"236,193,171,217,136,197",7.11,11.97
"7.11-48,69,150,180,24,101",11.98,5.0,1594.0,"48,69,150,180,24,101",7.11,11.98
"7.11-8,74,207,99,147,223",12.0,6.0,185.0,"8,74,207,99,147,223",7.11,12.0
"7.11-164,125,159,153,152,106",12.0,6.0,4626.0,"164,125,159,153,152,106",7.11,12.0
"7.11-208,151,254,41,36,198",12.0,4.0,1337.0,"208,151,254,41,36,198",7.11,12.0
"7.11-184,148,22,32,44,55",5.8,2.0,2.0,"184,148,22,32,44,55",7.11,5.8
"7.11-204,129,42,183,42,73",11.98,10.0,867.0,"204,129,42,183,42,73",7.11,11.98
"7.11-20,94,105,93,76,199",11.75,5.0,944.0,"20,94,105,93,76,199",7.11,11.75
"7.11-88,198,240,41,58,135",11.85,13.0,1383.0,"88,198,240,41,58,135",7.11,11.85
"7.11-112,71,233,44,21,7",12.0,3.0,2598.0,"112,71,233,44,21,7",7.11,12.0
"7.11-140,37,5,134,24,48",11.97,6.0,148.0,"140,37,5,134,24,48",7.11,11.97
"7.11-240,103,40,135,90,171",12.0,3.0,912.0,"240,103,40,135,90,171",7.11,12.0
"7.11-172,115,82,76,172,89",12.0,5.0,425.0,"172,115,82,76,172,89",7.11,12.0
"7.11-112,138,9,131,175,199",12.0,4.0,2157.0,"112,138,9,131,175,199",7.11,12.0
"7.11-208,151,254,40,222,169",11.83,4.0,347.0,"208,151,254,40,222,169",7.11,11.83
"7.11-220,240,144,185,104,48",11.98,3.0,1702.0,"220,240,144,185,104,48",7.11,11.98
"7.11-8,250,121,194,19,245",11.9,4.0,738.0,"8,250,121,194,19,245",7.11,11.9
"7.11-124,125,61,133,174,241",12.0,3.0,1402.0,"124,125,61,133,174,241",7.11,12.0
"7.11-240,27,108,132,118,12",11.97,2.0,524.0,"240,27,108,132,118,12",7.11,11.97
"7.11-116,21,117,93,235,62",11.7,2.0,1138.0,"116,21,117,93,235,62",7.11,11.7
"7.11-64,140,31,52,191,11",12.02,4.0,1127.0,"64,140,31,52,191,11",7.11,12.02
"7.11-248,45,124,72,127,16",11.98,7.0,865.0,"248,45,124,72,127,16",7.11,11.98
"7.11-252,190,123,146,220,35",12.02,4.0,1009.0,"252,190,123,146,220,35",7.11,12.02
"7.11-188,206,37,205,244,50",0.95,1.0,6.0,"188,206,37,205,244,50",7.11,0.95
"7.11-128,214,5,75,8,213",12.0,7.0,332.0,"128,214,5,75,8,213",7.11,12.0
"7.11-220,245,5,135,188,48",10.9,2.0,191.0,"220,245,5,135,188,48",7.11,10.9
"7.11-156,174,211,194,70,96",10.9,1.0,17.0,"156,174,211,194,70,96",7.11,10.9
"7.11-192,46,37,42,205,205",10.43,4.0,176.0,"192,46,37,42,205,205",7.11,10.43
"7.11-108,33,162,235,7,87",12.03,3.0,1484.0,"108,33,162,235,7,87",7.11,12.03
"7.11-184,55,101,29,72,107",12.05,6.0,1666.0,"184,55,101,29,72,107",7.11,12.05
"7.11-104,160,62,174,96,98",12.03,4.0,1033.0,"104,160,62,174,96,98",7.11,12.03
"7.11-172,86,34,94,53,30",9.93,1.0,4.0,"172,86,34,94,53,30",7.11,9.93
"7.11-112,58,81,118,159,27",11.63,4.0,1402.0,"112,58,81,118,159,27",7.11,11.63
"7.11-144,195,95,15,4,30",11.42,3.0,156.0,"144,195,95,15,4,30",7.11,11.42
"7.11-168,86,34,94,53,30",10.32,2.0,5.0,"168,86,34,94,53,30",7.11,10.32
"7.11-168,112,58,81,118,159",0.6,2.0,3.0,"168,112,58,81,118,159",7.11,0.6
"7.11-96,98,168,20,94,105",0.6,2.0,2.0,"96,98,168,20,94,105",7.11,0.6
"7.11-160,62,174,96,98,170",5.6,3.0,3.0,"160,62,174,96,98,170",7.11,5.6
"7.11-172,20,94,105,93,76",4.95,2.0,4.0,"172,20,94,105,93,76",7.11,4.95
"7.11-164,10,2,230,91,252",11.42,2.0,4.0,"164,10,2,230,91,252",7.11,11.42
"7.11-164,112,58,81,118,159",11.42,2.0,12.0,"164,112,58,81,118,159",7.11,11.42
"7.11-196,49,236,43,169,48",1.67,2.0,2.0,"196,49,236,43,169,48",7.11,1.67
"7.11-32,50,19,210,96,61",8.95,3.0,10.0,"32,50,19,210,96,61",7.11,8.95
"7.11-160,62,174,96,98,167",10.83,2.0,3.0,"160,62,174,96,98,167",7.11,10.83
"7.11-64,140,31,142,167,149",11.85,7.0,634.0,"64,140,31,142,167,149",7.11,11.85
"7.11-80,143,76,102,201,25",11.18,3.0,2993.0,"80,143,76,102,201,25",7.11,11.18
"7.11-168,152,146,10,133,107",12.05,2.0,1047.0,"168,152,146,10,133,107",7.11,12.05
"7.11-164,204,185,229,56,107",12.02,10.0,402.0,"164,204,185,229,56,107",7.11,12.02
"7.11-124,218,195,126,234,181",11.93,4.0,170.0,"124,218,195,126,234,181",7.11,11.93
"7.11-64,68,253,44,108,157",12.05,3.0,602.0,"64,68,253,44,108,157",7.11,12.05
"7.11-88,133,233,252,89,161",12.05,2.0,94.0,"88,133,233,252,89,161",7.11,12.05
"7.11-36,82,106,59,81,234",12.07,2.0,623.0,"36,82,106,59,81,234",7.11,12.07
"7.11-24,2,174,207,62,51",12.02,4.0,349.0,"24,2,174,207,62,51",7.11,12.02
"7.11-184,148,54,36,44,55",8.07,2.0,3.0,"184,148,54,36,44,55",7.11,8.07
"7.11-88,214,151,17,133,245",11.57,2.0,367.0,"88,214,151,17,133,245",7.11,11.57
"7.11-212,131,4,236,83,154",10.17,1.0,10.0,"212,131,4,236,83,154",7.11,10.17
"7.11-208,151,254,41,36,162",12.07,3.0,360.0,"208,151,254,41,36,162",7.11,12.07
"7.11-72,76,134,151,123,179",3.75,2.0,56.0,"72,76,134,151,123,179",7.11,3.75
"7.11-220,109,205,125,41,209",11.75,4.0,838.0,"220,109,205,125,41,209",7.11,11.75
"7.11-220,245,5,135,188,57",8.47,2.0,140.0,"220,245,5,135,188,57",7.11,8.47
"7.11-240,89,142,53,177,1",6.85,1.0,4.0,"240,89,142,53,177,1",7.11,6.85
"7.11-160,48,74,38,133,29",0.32,2.0,2.0,"160,48,74,38,133,29",7.11,0.32
"7.11-220,252,18,60,80,171",6.03,2.0,3.0,"220,252,18,60,80,171",7.11,6.03
"7.11-168,48,74,38,155,214",7.18,2.0,7.0,"168,48,74,38,155,214",7.11,7.18
"7.11-172,164,125,159,153,152",11.7,1.0,6.0,"172,164,125,159,153,152",7.11,11.7
"7.11-152,106,165,48,74,38",10.18,2.0,4.0,"152,106,165,48,74,38",7.11,10.18
"7.11-104,74,174,67,128,132",12.0,4.0,41.0,"104,74,174,67,128,132",7.11,12.0
"7.11-164,118,229,160,225,193",11.68,2.0,3.0,"164,118,229,160,225,193",7.11,11.68
"7.11-164,125,159,25,152,106",11.5,2.0,11.0,"164,125,159,25,152,106",7.11,11.5
"7.11-28,66,125,50,93,223",12.13,2.0,684.0,"28,66,125,50,93,223",7.11,12.13
"7.11-48,74,39,133,29,213",10.65,2.0,13.0,"48,74,39,133,29,213",7.11,10.65
"7.11-68,253,44,108,157,164",9.63,2.0,3.0,"68,253,44,108,157,164",7.11,9.63
"7.11-36,17,69,161,50,93",11.75,4.0,847.0,"36,17,69,161,50,93",7.11,11.75
"7.11-172,32,50,51,210,96",10.87,1.0,25.0,"172,32,50,51,210,96",7.11,10.87
"7.11-92,102,108,72,204,105",11.42,2.0,811.0,"92,102,108,72,204,105",7.11,11.42
"7.11-164,48,231,188,153,110",11.97,2.0,2.0,"164,48,231,188,153,110",7.11,11.97
"7.11-164,8,250,121,45,167",10.73,2.0,10.0,"164,8,250,121,45,167",7.11,10.73
"7.11-168,114,174,255,247,2",8.12,4.0,6.0,"168,114,174,255,247,2",7.11,8.12
"7.11-168,28,209,7,152,33",10.73,2.0,2.0,"168,28,209,7,152,33",7.11,10.73
"7.11-204,174,182,173,169,48",6.08,2.0,2.0,"204,174,182,173,169,48",7.11,6.08
"7.11-172,164,111,65,172,175",0.43,2.0,3.0,"172,164,111,65,172,175",7.11,0.43
"7.11-48,74,38,155,214,96",10.98,2.0,9.0,"48,74,38,155,214,96",7.11,10.98
"7.11-172,26,242,44,233,231",10.95,2.0,14.0,"172,26,242,44,233,231",7.11,10.95
"7.11-124,161,119,225,7,54",11.88,4.0,126.0,"124,161,119,225,7,54",7.11,11.88
"7.11-168,134,172,164,111,65",10.97,2.0,8.0,"168,134,172,164,111,65",7.11,10.97
"7.11-164,48,74,38,133,29",8.57,1.0,11.0,"164,48,74,38,133,29",7.11,8.57
"7.11-168,184,55,101,29,72",10.97,2.0,3.0,"168,184,55,101,29,72",7.11,10.97
"7.11-96,61,174,48,74,38",6.9,2.0,8.0,"96,61,174,48,74,38",7.11,6.9
"7.11-252,124,2,134,99,96",11.12,4.0,138.0,"252,124,2,134,99,96",7.11,11.12
"7.11-176,48,74,38,155,214",10.97,2.0,49.0,"176,48,74,38,155,214",7.11,10.97
"7.11-168,32,50,51,210,96",11.38,2.0,15.0,"168,32,50,51,210,96",7.11,11.38
"7.11-164,125,159,153,152,74",9.27,3.0,7.0,"164,125,159,153,152,74",7.11,9.27
"7.11-164,156,95,90,12,124",7.03,2.0,7.0,"164,156,95,90,12,124",7.11,7.03
"7.11-132,65,103,218,221,212",12.1,6.0,475.0,"132,65,103,218,221,212",7.11,12.1
"7.11-36,6,170,198,198,211",5.32,7.0,16.0,"36,6,170,198,198,211",7.11,5.32
"7.11-252,87,77,30,202,166",10.55,1.0,3.0,"252,87,77,30,202,166",7.11,10.55
"7.11-160,164,125,159,153,152",11.73,3.0,10.0,"160,164,125,159,153,152",7.11,11.73
"7.11-160,184,55,101,29,72",6.9,1.0,4.0,"160,184,55,101,29,72",7.11,6.9
"7.11-48,66,38,155,214,98",8.55,4.0,7.0,"48,66,38,155,214,98",7.11,8.55
"7.11-72,149,7,30,171,33",11.73,3.0,32.0,"72,149,7,30,171,33",7.11,11.73
"7.11-164,134,172,164,111,65",6.98,2.0,3.0,"164,134,172,164,111,65",7.11,6.98
"7.11-172,164,111,65,172,163",11.48,1.0,4.0,"172,164,111,65,172,163",7.11,11.48
"7.11-164,32,50,51,210,96",11.48,3.0,12.0,"164,32,50,51,210,96",7.11,11.48
"7.11-48,74,38,155,215,98",8.9,3.0,5.0,"48,74,38,155,215,98",7.11,8.9
"7.11-172,164,111,65,172,166",11.05,3.0,8.0,"172,164,111,65,172,166",7.11,11.05
"7.11-168,48,74,38,133,29",9.87,2.0,9.0,"168,48,74,38,133,29",7.11,9.87
"7.11-172,164,111,65,172,164",11.48,1.0,7.0,"172,164,111,65,172,164",7.11,11.48
"7.11-172,164,111,65,172,168",11.05,2.0,7.0,"172,164,111,65,172,168",7.11,11.05
"7.11-172,164,111,65,172,169",9.53,1.0,3.0,"172,164,111,65,172,169",7.11,9.53
"7.11-172,164,111,65,172,167",7.12,2.0,8.0,"172,164,111,65,172,167",7.11,7.12
"7.11-172,164,111,65,172,160",11.48,3.0,5.0,"172,164,111,65,172,160",7.11,11.48
"7.11-108,217,76,95,253,145",11.75,8.0,335.0,"108,217,76,95,253,145",7.11,11.75
"7.11-140,31,52,191,11,162",11.57,3.0,4.0,"140,31,52,191,11,162",7.11,11.57
"7.11-172,164,111,65,172,172",7.17,1.0,2.0,"172,164,111,65,172,172",7.11,7.17
"7.11-48,72,38,155,214,98",10.45,3.0,5.0,"48,72,38,155,214,98",7.11,10.45
"7.11-164,111,65,172,168,1",7.03,1.0,2.0,"164,111,65,172,168,1",7.11,7.03
"7.11-176,114,233,219,38,184",0.85,2.0,2.0,"176,114,233,219,38,184",7.11,0.85
"7.11-96,61,173,48,74,38",8.68,2.0,3.0,"96,61,173,48,74,38",7.11,8.68
"7.11-96,61,164,48,74,38",5.88,1.0,3.0,"96,61,164,48,74,38",7.11,5.88
"7.11-172,48,74,38,155,214",8.68,2.0,8.0,"172,48,74,38,155,214",7.11,8.68
"7.11-228,163,47,85,234,94",11.08,2.0,10.0,"228,163,47,85,234,94",7.11,11.08
"7.11-32,114,51,210,96,61",8.27,1.0,2.0,"32,114,51,210,96,61",7.11,8.27
"7.11-160,154,151,204,174,182",9.62,2.0,5.0,"160,154,151,204,174,182",7.11,9.62
"7.11-32,50,49,210,96,61",9.15,1.0,4.0,"32,50,49,210,96,61",7.11,9.15
"7.11-44,233,231,91,179,1",6.7,2.0,2.0,"44,233,231,91,179,1",7.11,6.7
"7.11-216,50,20,254,96,65",11.07,4.0,11.0,"216,50,20,254,96,65",7.11,11.07
"7.11-48,75,38,133,29,213",9.8,3.0,10.0,"48,75,38,133,29,213",7.11,9.8
"7.11-36,6,170,19,129,255",9.77,8.0,130.0,"36,6,170,19,129,255",7.11,9.77
"7.11-160,212,26,63,183,185",11.05,1.0,2.0,"160,212,26,63,183,185",7.11,11.05
"7.11-148,54,32,44,55,178",6.82,2.0,3.0,"148,54,32,44,55,178",7.11,6.82
"7.11-180,80,143,76,102,201",9.83,1.0,17.0,"180,80,143,76,102,201",7.11,9.83
"7.11-240,144,185,104,48,168",8.83,2.0,4.0,"240,144,185,104,48,168",7.11,8.83
"7.11-68,216,120,87,119,51",11.33,3.0,652.0,"68,216,120,87,119,51",7.11,11.33
"7.11-164,220,240,144,185,104",9.03,2.0,13.0,"164,220,240,144,185,104",7.11,9.03
"7.11-240,144,185,104,48,161",11.83,2.0,8.0,"240,144,185,104,48,161",7.11,11.83
"7.11-60,134,209,115,214,231",11.08,12.0,592.0,"60,134,209,115,214,231",7.11,11.08
"7.11-160,64,68,253,44,108",8.22,1.0,6.0,"160,64,68,253,44,108",7.11,8.22
"7.11-172,220,240,144,185,104",7.17,1.0,4.0,"172,220,240,144,185,104",7.11,7.17
"7.11-48,181,80,143,76,102",5.25,2.0,2.0,"48,181,80,143,76,102",7.11,5.25
"7.11-104,48,181,80,143,76",9.05,2.0,2.0,"104,48,181,80,143,76",7.11,9.05
"7.11-164,142,182,214,236,44",10.62,3.0,4.0,"164,142,182,214,236,44",7.11,10.62
"7.11-240,144,185,104,48,162",9.83,2.0,7.0,"240,144,185,104,48,162",7.11,9.83
"7.11-240,144,185,104,48,170",9.05,2.0,3.0,"240,144,185,104,48,170",7.11,9.05
"7.11-144,185,104,48,182,80",3.37,2.0,2.0,"144,185,104,48,182,80",7.11,3.37
"7.11-196,64,246,34,203,41",6.08,8.0,109.0,"196,64,246,34,203,41",7.11,6.08
"7.11-168,80,143,76,102,201",4.43,2.0,4.0,"168,80,143,76,102,201",7.11,4.43
"7.11-12,216,108,203,4,136",10.32,2.0,4.0,"12,216,108,203,4,136",7.11,10.32
"7.11-24,2,142,207,62,51",8.6,3.0,3.0,"24,2,142,207,62,51",7.11,8.6
"7.11-244,96,226,16,224,222",10.72,1.0,17.0,"244,96,226,16,224,222",7.11,10.72
"7.11-252,111,240,89,142,53",12.48,2.0,2.0,"252,111,240,89,142,53",7.11,12.48
"7.11-188,106,209,244,40,10",9.32,4.0,5.0,"188,106,209,244,40,10",7.11,9.32
"7.11-164,8,250,121,194,19",11.33,2.0,4.0,"164,8,250,121,194,19",7.11,11.33
"7.11-180,118,20,15,46,89",7.88,1.0,5.0,"180,118,20,15,46,89",7.11,7.88
"7.11-168,112,71,233,44,21",8.27,1.0,9.0,"168,112,71,233,44,21",7.11,8.27
"7.11-196,152,92,41,196,143",11.33,3.0,56.0,"196,152,92,41,196,143",7.11,11.33
"7.11-20,15,46,89,154,171",1.1,1.0,2.0,"20,15,46,89,154,171",7.11,1.1
"7.11-220,252,18,60,80,165",2.38,1.0,2.0,"220,252,18,60,80,165",7.11,2.38
"7.11-240,89,142,53,162,1",8.33,1.0,2.0,"240,89,142,53,162,1",7.11,8.33
"7.11-172,93,92,15,82,225",7.82,2.0,74.0,"172,93,92,15,82,225",7.11,7.82
"7.11-180,252,107,240,89,142",10.23,2.0,5.0,"180,252,107,240,89,142",7.11,10.23
"7.11-4,207,140,11,128,250",8.7,2.0,2.0,"4,207,140,11,128,250",7.11,8.7
"7.11-96,61,176,48,74,38",11.33,2.0,6.0,"96,61,176,48,74,38",7.11,11.33
"7.11-172,112,58,81,118,159",11.25,2.0,16.0,"172,112,58,81,118,159",7.11,11.25
"7.11-164,208,151,254,41,36",7.27,2.0,11.0,"164,208,151,254,41,36",7.11,7.27
"7.11-8,250,121,183,224,101",12.48,3.0,211.0,"8,250,121,183,224,101",7.11,12.48
"7.11-172,104,160,62,174,96",11.92,2.0,7.0,"172,104,160,62,174,96",7.11,11.92
"7.11-160,60,134,209,115,214",6.63,1.0,2.0,"160,60,134,209,115,214",7.11,6.63
"7.11-168,104,160,62,174,96",5.97,2.0,2.0,"168,104,160,62,174,96",7.11,5.97
"7.11-48,90,38,133,29,213",9.32,2.0,8.0,"48,90,38,133,29,213",7.11,9.32
"7.11-140,31,52,191,11,178",6.63,2.0,3.0,"140,31,52,191,11,178",7.11,6.63
"7.11-180,48,74,38,155,214",6.35,1.0,2.0,"180,48,74,38,155,214",7.11,6.35
"7.11-148,54,32,44,55,176",7.02,1.0,2.0,"148,54,32,44,55,176",7.11,7.02
"7.11-156,95,90,12,125,73",10.1,2.0,2.0,"156,95,90,12,125,73",7.11,10.1
"7.11-164,162,220,252,18,60",2.38,1.0,2.0,"164,162,220,252,18,60",7.11,2.38
"7.11-148,54,32,44,55,167",6.47,2.0,3.0,"148,54,32,44,55,167",7.11,6.47
"7.11-48,74,6,133,29,213",11.35,3.0,13.0,"48,74,6,133,29,213",7.11,11.35
"7.11-160,186,139,84,42,35",7.68,2.0,4.0,"160,186,139,84,42,35",7.11,7.68
"7.11-168,162,220,252,18,60",9.42,1.0,2.0,"168,162,220,252,18,60",7.11,9.42
"7.11-160,114,233,219,38,184",7.7,3.0,4.0,"160,114,233,219,38,184",7.11,7.7
"7.11-40,53,69,96,185,108",11.12,4.0,104.0,"40,53,69,96,185,108",7.11,11.12
"7.11-204,8,251,70,125,190",11.63,6.0,13.0,"204,8,251,70,125,190",7.11,11.63
"7.11-28,2,25,109,232,179",12.5,3.0,123.0,"28,2,25,109,232,179",7.11,12.5
"7.11-48,74,38,5,29,213",9.8,3.0,6.0,"48,74,38,5,29,213",7.11,9.8
"7.11-92,74,31,185,183,247",12.53,2.0,19.0,"92,74,31,185,183,247",7.11,12.53
"7.11-16,74,38,133,29,213",11.52,3.0,12.0,"16,74,38,133,29,213",7.11,11.52
"7.11-160,112,71,233,44,21",11.22,2.0,6.0,"160,112,71,233,44,21",7.11,11.22
"7.11-48,231,188,153,110,173",12.45,13.0,254.0,"48,231,188,153,110,173",7.11,12.45
"7.11-240,103,40,199,90,171",5.25,1.0,3.0,"240,103,40,199,90,171",7.11,5.25
"7.11-236,1,238,73,129,10",6.63,1.0,11.0,"236,1,238,73,129,10",7.11,6.63
"7.11-32,50,51,82,96,61",9.18,3.0,8.0,"32,50,51,82,96,61",7.11,9.18
"7.11-160,4,207,140,11,128",9.78,2.0,3.0,"160,4,207,140,11,128",7.11,9.78
"7.11-172,114,233,219,38,184",9.3,2.0,6.0,"172,114,233,219,38,184",7.11,9.3
"7.11-152,207,83,224,116,138",6.75,1.0,5.0,"152,207,83,224,116,138",7.11,6.75
"7.11-24,242,44,249,231,91",11.85,3.0,8.0,"24,242,44,249,231,91",7.11,11.85
"7.11-160,22,245,196,49,236",6.13,2.0,2.0,"160,22,245,196,49,236",7.11,6.13
"7.11-160,10,2,230,91,252",12.8,2.0,2.0,"160,10,2,230,91,252",7.11,12.8
"7.11-172,10,2,230,91,252",10.52,1.0,4.0,"172,10,2,230,91,252",7.11,10.52
"7.11-172,48,74,38,133,29",10.42,2.0,18.0,"172,48,74,38,133,29",7.11,10.42
"7.11-204,174,182,173,167,64",4.78,2.0,2.0,"204,174,182,173,167,64",7.11,4.78
"7.11-36,82,98,59,81,234",10.33,1.0,4.0,"36,82,98,59,81,234",7.11,10.33
"7.11-32,18,51,210,96,61",10.47,3.0,8.0,"32,18,51,210,96,61",7.11,10.47
"7.11-96,61,175,48,74,38",10.87,2.0,4.0,"96,61,175,48,74,38",7.11,10.87
"7.11-160,204,129,42,183,42",12.1,2.0,3.0,"160,204,129,42,183,42",7.11,12.1
"7.11-164,125,223,153,152,106",13.0,3.0,9.0,"164,125,223,153,152,106",7.11,13.0
"7.11-164,201,57,9,43,253",13.35,4.0,779.0,"164,201,57,9,43,253",7.11,13.35
"7.11-180,71,245,166,44,220",12.45,5.0,935.0,"180,71,245,166,44,220",7.11,12.45
"7.11-136,191,228,175,202,9",12.65,7.0,487.0,"136,191,228,175,202,9",7.11,12.65
"7.11-140,31,52,191,11,175",12.83,1.0,4.0,"140,31,52,191,11,175",7.11,12.83
"7.11-160,86,34,94,53,30",12.63,2.0,6.0,"160,86,34,94,53,30",7.11,12.63
"7.11-48,164,80,143,76,102",5.48,2.0,2.0,"48,164,80,143,76,102",7.11,5.48
"7.11-4,207,140,11,128,58",13.13,1.0,5.0,"4,207,140,11,128,58",7.11,13.13
"7.11-36,82,106,51,81,234",4.78,1.0,2.0,"36,82,106,51,81,234",7.11,4.78
"7.11-8,179,175,7,212,61",4.77,1.0,15.0,"8,179,175,7,212,61",7.11,4.77
"7.11-152,106,174,48,74,38",7.43,1.0,2.0,"152,106,174,48,74,38",7.11,7.43
"7.11-160,62,174,96,98,176",11.23,2.0,2.0,"160,62,174,96,98,176",7.11,11.23
"7.11-164,86,34,94,53,30",12.98,3.0,6.0,"164,86,34,94,53,30",7.11,12.98
"7.11-204,174,182,173,177,1",6.85,1.0,2.0,"204,174,182,173,177,1",7.11,6.85
"7.11-164,48,69,150,180,24",6.62,2.0,2.0,"164,48,69,150,180,24",7.11,6.62
"7.11-140,217,214,204,25,121",11.92,3.0,79.0,"140,217,214,204,25,121",7.11,11.92
"7.11-220,240,144,185,104,112",11.13,2.0,9.0,"220,240,144,185,104,112",7.11,11.13
"7.11-164,125,159,217,152,106",7.27,2.0,4.0,"164,125,159,217,152,106",7.11,7.27
"7.11-20,86,105,93,76,199",11.17,2.0,2.0,"20,86,105,93,76,199",7.11,11.17
"7.11-252,171,144,115,155,102",12.2,1.0,3.0,"252,171,144,115,155,102",7.11,12.2
"7.11-72,125,46,223,247,70",12.75,2.0,8.0,"72,125,46,223,247,70",7.11,12.75
"7.11-68,207,140,11,128,186",10.2,1.0,3.0,"68,207,140,11,128,186",7.11,10.2
"7.11-48,74,38,155,214,66",10.1,4.0,9.0,"48,74,38,155,214,66",7.11,10.1
"7.11-48,74,6,155,214,98",12.15,3.0,9.0,"48,74,6,155,214,98",7.11,12.15
"7.11-48,74,38,133,93,213",10.35,3.0,8.0,"48,74,38,133,93,213",7.11,10.35
"7.11-168,124,125,61,133,174",13.73,3.0,6.0,"168,124,125,61,133,174",7.11,13.73
"7.11-56,251,20,50,26,70",13.87,7.0,190.0,"56,251,20,50,26,70",7.11,13.87
"7.11-4,207,204,11,128,186",11.65,1.0,4.0,"4,207,204,11,128,186",7.11,11.65
"7.11-32,238,40,60,214,136",14.1,4.0,17.0,"32,238,40,60,214,136",7.11,14.1
"7.11-204,102,10,209,112,18",12.12,11.0,167.0,"204,102,10,209,112,18",7.11,12.12
"7.11-48,236,165,220,64,63",6.78,3.0,12.0,"48,236,165,220,64,63",7.11,6.78
"7.11-172,164,111,65,172,190",8.9,2.0,2.0,"172,164,111,65,172,190",7.11,8.9
"7.11-240,144,185,104,48,164",11.03,1.0,5.0,"240,144,185,104,48,164",7.11,11.03
"7.11-44,21,225,16,68,88",12.37,2.0,4.0,"44,21,225,16,68,88",7.11,12.37
"7.11-164,110,247,96,234,205",10.5,2.0,7.0,"164,110,247,96,234,205",7.11,10.5
"7.11-128,186,83,64,235,163",7.98,1.0,2.0,"128,186,83,64,235,163",7.11,7.98
"7.11-240,144,185,104,48,163",14.12,2.0,6.0,"240,144,185,104,48,163",7.11,14.12
"7.11-240,144,185,104,48,160",9.85,2.0,5.0,"240,144,185,104,48,160",7.11,9.85
"7.11-240,144,185,104,48,159",11.33,2.0,4.0,"240,144,185,104,48,159",7.11,11.33
"7.11-220,240,144,249,104,48",14.68,2.0,6.0,"220,240,144,249,104,48",7.11,14.68
"7.11-48,74,102,133,29,213",13.6,3.0,5.0,"48,74,102,133,29,213",7.11,13.6
"7.11-112,58,81,86,159,27",7.62,1.0,3.0,"112,58,81,86,159,27",7.11,7.62
"7.11-160,8,250,121,45,167",10.37,2.0,4.0,"160,8,250,121,45,167",7.11,10.37
"7.11-96,61,172,48,74,38",9.05,2.0,3.0,"96,61,172,48,74,38",7.11,9.05
"7.11-32,50,51,210,64,61",12.08,2.0,5.0,"32,50,51,210,64,61",7.11,12.08
"7.11-160,156,95,90,12,124",10.45,3.0,3.0,"160,156,95,90,12,124",7.11,10.45
"7.11-28,209,7,152,33,91",14.27,2.0,52.0,"28,209,7,152,33,91",7.11,14.27
"7.11-152,59,103,48,125,41",13.33,2.0,7.0,"152,59,103,48,125,41",7.11,13.33
"7.11-100,82,106,59,81,234",8.4,2.0,2.0,"100,82,106,59,81,234",7.11,8.4
"7.11-36,82,106,57,81,234",10.52,1.0,2.0,"36,82,106,57,81,234",7.11,10.52
"7.11-48,182,80,143,76,102",6.0,1.0,2.0,"48,182,80,143,76,102",7.11,6.0
"7.11-160,110,247,96,234,205",10.98,2.0,3.0,"160,110,247,96,234,205",7.11,10.98
"7.11-36,82,122,59,81,234",7.95,1.0,2.0,"36,82,122,59,81,234",7.11,7.95
"7.11-76,102,201,25,168,220",9.8,2.0,3.0,"76,102,201,25,168,220",7.11,9.8
"7.11-48,158,110,247,96,234",10.2,2.0,3.0,"48,158,110,247,96,234",7.11,10.2
"7.11-112,74,38,133,29,213",11.17,3.0,12.0,"112,74,38,133,29,213",7.11,11.17
"7.11-108,177,88,58,181,202",13.22,5.0,11.0,"108,177,88,58,181,202",7.11,13.22
"7.11-148,54,32,44,55,177",11.85,1.0,2.0,"148,54,32,44,55,177",7.11,11.85
"7.11-164,184,148,54,32,44",13.95,2.0,4.0,"164,184,148,54,32,44",7.11,13.95
"7.11-76,24,154,44,218,251",14.15,1.0,64.0,"76,24,154,44,218,251",7.11,14.15
"7.11-188,95,246,246,99,95",12.32,2.0,2.0,"188,95,246,246,99,95",7.11,12.32
"7.11-80,210,245,240,233,85",12.52,1.0,3.0,"80,210,245,240,233,85",7.11,12.52
"7.11-76,234,174,20,76,243",15.28,1.0,62.0,"76,234,174,20,76,243",7.11,15.28
"7.11-212,80,63,212,233,211",6.73,2.0,2.0,"212,80,63,212,233,211",7.11,6.73
"7.11-20,159,182,86,222,181",14.08,1.0,4.0,"20,159,182,86,222,181",7.11,14.08
"7.11-228,125,159,153,152,106",14.82,1.0,4.0,"228,125,159,153,152,106",7.11,14.82
"7.11-220,252,18,60,80,167",12.2,1.0,3.0,"220,252,18,60,80,167",7.11,12.2
"7.11-240,89,142,53,169,1",13.1,2.0,5.0,"240,89,142,53,169,1",7.11,13.1
"7.11-164,248,45,124,72,127",9.08,2.0,3.0,"164,248,45,124,72,127",7.11,9.08
"7.11-140,31,52,191,11,164",14.78,3.0,5.0,"140,31,52,191,11,164",7.11,14.78
"7.11-160,20,94,105,93,76",10.47,2.0,3.0,"160,20,94,105,93,76",7.11,10.47
"7.11-140,31,52,191,11,163",14.78,1.0,4.0,"140,31,52,191,11,163",7.11,14.78
"7.11-52,191,11,162,86,34",14.88,2.0,3.0,"52,191,11,162,86,34",7.11,14.88
"7.11-140,31,52,191,11,173",12.8,3.0,3.0,"140,31,52,191,11,173",7.11,12.8
"7.11-24,208,197,242,97,13",14.2,3.0,76.0,"24,208,197,242,97,13",7.11,14.2
"7.11-156,116,3,24,100,145",12.47,4.0,147.0,"156,116,3,24,100,145",7.11,12.47
"7.11-48,74,38,155,86,98",13.78,2.0,6.0,"48,74,38,155,86,98",7.11,13.78
"7.11-116,195,48,25,244,36",9.98,2.0,3.0,"116,195,48,25,244,36",7.11,9.98
"7.11-32,40,62,78,233,36",11.92,2.0,6.0,"32,40,62,78,233,36",7.11,11.92
"7.11-8,254,121,45,167,67",9.98,1.0,3.0,"8,254,121,45,167,67",7.11,9.98
"7.11-152,59,103,48,125,65",13.85,3.0,5.0,"152,59,103,48,125,65",7.11,13.85
"7.11-116,242,250,31,57,102",15.05,1.0,4.0,"116,242,250,31,57,102",7.11,15.05
"7.11-48,74,38,27,214,98",15.83,3.0,6.0,"48,74,38,27,214,98",7.11,15.83
"7.11-12,75,84,85,60,182",14.12,1.0,4.0,"12,75,84,85,60,182",7.11,14.12
"7.11-156,40,64,137,101,160",7.82,4.0,8.0,"156,40,64,137,101,160",7.11,7.82
"7.11-168,164,125,159,153,152",14.18,2.0,17.0,"168,164,125,159,153,152",7.11,14.18
"7.11-240,89,142,53,176,1",12.95,1.0,3.0,"240,89,142,53,176,1",7.11,12.95
"7.11-164,75,213,152,247,174",12.62,2.0,3.0,"164,75,213,152,247,174",7.11,12.62
"7.11-148,54,32,44,55,166",7.93,1.0,2.0,"148,54,32,44,55,166",7.11,7.93
"7.11-84,42,35,66,166,1",10.68,1.0,2.0,"84,42,35,66,166,1",7.11,10.68
"7.11-164,48,74,38,155,214",11.07,2.0,9.0,"164,48,74,38,155,214",7.11,11.07
"7.11-164,164,125,159,153,152",12.78,2.0,6.0,"164,164,125,159,153,152",7.11,12.78
"7.11-160,157,193,211,143,65",13.55,3.0,58.0,"160,157,193,211,143,65",7.11,13.55
"7.11-164,252,107,240,89,142",14.02,1.0,5.0,"164,252,107,240,89,142",7.11,14.02
"7.11-164,186,139,84,42,35",15.53,2.0,6.0,"164,186,139,84,42,35",7.11,15.53
"7.11-240,89,142,53,173,1",15.53,1.0,3.0,"240,89,142,53,173,1",7.11,15.53
"7.11-160,48,74,38,155,214",14.22,3.0,4.0,"160,48,74,38,155,214",7.11,14.22
"7.11-252,190,123,228,49,239",11.37,3.0,11.0,"252,190,123,228,49,239",7.11,11.37
"7.11-88,214,151,125,218,11",8.18,3.0,3.0,"88,214,151,125,218,11",7.11,8.18
"7.11-80,135,76,102,201,25",14.2,2.0,8.0,"80,135,76,102,201,25",7.11,14.2
"7.11-164,125,159,153,24,106",11.15,2.0,5.0,"164,125,159,153,24,106",7.11,11.15
"7.11-184,148,54,32,12,55",10.32,1.0,2.0,"184,148,54,32,12,55",7.11,10.32
"7.11-172,8,250,121,45,167",10.25,1.0,2.0,"172,8,250,121,45,167",7.11,10.25
"7.11-56,71,188,17,110,114",15.75,5.0,144.0,"56,71,188,17,110,114",7.11,15.75
"7.11-168,10,2,230,91,252",10.9,2.0,2.0,"168,10,2,230,91,252",7.11,10.9
"7.11-124,125,61,133,174,245",8.5,2.0,2.0,"124,125,61,133,174,245",7.11,8.5
"7.11-168,220,240,144,185,104",12.75,2.0,11.0,"168,220,240,144,185,104",7.11,12.75
"7.11-80,143,76,103,201,25",9.97,2.0,4.0,"80,143,76,103,201,25",7.11,9.97
"7.11-164,112,71,233,44,21",14.65,1.0,7.0,"164,112,71,233,44,21",7.11,14.65
"7.11-48,78,38,133,29,213",12.12,3.0,4.0,"48,78,38,133,29,213",7.11,12.12
"7.11-32,50,51,211,96,61",13.78,2.0,7.0,"32,50,51,211,96,61",7.11,13.78
"7.11-48,123,172,71,127,62",13.88,2.0,6.0,"48,123,172,71,127,62",7.11,13.88
"7.11-196,64,246,220,81,179",13.75,11.0,70.0,"196,64,246,220,81,179",7.11,13.75
"7.11-80,210,245,114,193,232",14.08,2.0,5.0,"80,210,245,114,193,232",7.11,14.08
"7.11-92,255,255,144,7,131",14.3,3.0,111.0,"92,255,255,144,7,131",7.11,14.3
"7.11-48,123,172,71,160,113",13.92,3.0,10.0,"48,123,172,71,160,113",7.11,13.92
"7.11-80,143,76,102,193,25",14.7,2.0,6.0,"80,143,76,102,193,25",7.11,14.7
"7.11-164,88,198,240,41,58",14.85,2.0,2.0,"164,88,198,240,41,58",7.11,14.85
"7.11-152,106,160,4,207,140",13.28,1.0,2.0,"152,106,160,4,207,140",7.11,13.28
"7.11-84,167,3,191,88,22",16.23,4.0,11.0,"84,167,3,191,88,22",7.11,16.23
"7.11-124,125,61,133,166,241",14.25,2.0,2.0,"124,125,61,133,166,241",7.11,14.25
"7.11-80,143,92,102,201,25",14.35,2.0,12.0,"80,143,92,102,201,25",7.11,14.35
"7.11-80,143,76,102,205,25",14.05,3.0,6.0,"80,143,76,102,205,25",7.11,14.05
"7.11-252,193,171,217,136,197",12.47,1.0,3.0,"252,193,171,217,136,197",7.11,12.47
"7.11-32,50,51,210,97,61",14.73,3.0,7.0,"32,50,51,210,97,61",7.11,14.73
"7.11-176,235,87,194,55,128",8.8,4.0,4.0,"176,235,87,194,55,128",7.11,8.8
"7.11-48,74,38,149,29,213",12.27,2.0,6.0,"48,74,38,149,29,213",7.11,12.27
"7.11-112,71,201,44,21,7",9.33,1.0,2.0,"112,71,201,44,21,7",7.11,9.33
"7.11-184,23,101,29,72,107",15.42,1.0,2.0,"184,23,101,29,72,107",7.11,15.42
"7.11-112,71,233,44,21,5",11.55,2.0,3.0,"112,71,233,44,21,5",7.11,11.55
"7.11-48,90,38,155,214,98",14.28,2.0,6.0,"48,90,38,155,214,98",7.11,14.28
"7.11-48,74,38,155,214,99",13.88,3.0,9.0,"48,74,38,155,214,99",7.11,13.88
"7.11-140,31,52,191,11,174",10.22,2.0,2.0,"140,31,52,191,11,174",7.11,10.22
"7.11-48,74,54,133,29,213",16.47,2.0,13.0,"48,74,54,133,29,213",7.11,16.47
"7.11-36,6,170,231,177,79",9.42,2.0,4.0,"36,6,170,231,177,79",7.11,9.42
"7.11-48,74,38,155,214,114",13.42,3.0,8.0,"48,74,38,155,214,114",7.11,13.42
"7.11-168,154,151,204,174,182",15.1,2.0,2.0,"168,154,151,204,174,182",7.11,15.1
"7.11-164,60,134,209,115,214",14.17,1.0,4.0,"164,60,134,209,115,214",7.11,14.17
"7.11-204,174,182,173,169,112",11.47,1.0,2.0,"204,174,182,173,169,112",7.11,11.47
"7.11-48,74,36,155,214,98",15.1,3.0,8.0,"48,74,36,155,214,98",7.11,15.1
"7.11-164,204,129,42,183,42",15.08,1.0,5.0,"164,204,129,42,183,42",7.11,15.08
"7.11-32,50,51,210,96,29",12.42,2.0,5.0,"32,50,51,210,96,29",7.11,12.42
"7.11-112,58,81,118,159,31",10.08,2.0,2.0,"112,58,81,118,159,31",7.11,10.08
"7.11-112,69,233,44,21,7",13.23,2.0,3.0,"112,69,233,44,21,7",7.11,13.23
"7.11-104,160,62,190,96,98",9.18,1.0,2.0,"104,160,62,190,96,98",7.11,9.18
"7.11-104,161,62,174,96,98",9.78,1.0,2.0,"104,161,62,174,96,98",7.11,9.78
"7.11-240,27,108,132,118,28",9.38,2.0,2.0,"240,27,108,132,118,28",7.11,9.38
"7.11-152,151,204,174,182,173",10.88,1.0,2.0,"152,151,204,174,182,173",7.11,10.88
"7.11-116,149,236,46,147,252",9.3,6.0,8.0,"116,149,236,46,147,252",7.11,9.3
"7.11-180,125,159,153,152,106",12.8,3.0,6.0,"180,125,159,153,152,106",7.11,12.8
"7.11-80,143,76,102,217,25",14.23,2.0,6.0,"80,143,76,102,217,25",7.11,14.23
"7.11-92,118,108,72,204,105",15.03,1.0,3.0,"92,118,108,72,204,105",7.11,15.03
"7.11-112,58,81,118,223,27",13.25,1.0,2.0,"112,58,81,118,223,27",7.11,13.25
"7.11-220,240,208,185,104,48",9.83,2.0,3.0,"220,240,208,185,104,48",7.11,9.83
"7.11-48,78,38,155,214,98",16.35,3.0,6.0,"48,78,38,155,214,98",7.11,16.35
"7.11-32,50,51,210,96,53",14.68,2.0,7.0,"32,50,51,210,96,53",7.11,14.68
"7.11-64,140,31,52,191,3",10.48,2.0,3.0,"64,140,31,52,191,3",7.11,10.48
"7.11-184,80,143,76,102,201",15.73,2.0,8.0,"184,80,143,76,102,201",7.11,15.73
"7.11-252,107,240,89,134,53",12.88,2.0,8.0,"252,107,240,89,134,53",7.11,12.88
"7.11-64,140,31,52,191,27",11.98,1.0,2.0,"64,140,31,52,191,27",7.11,11.98
"7.11-64,12,31,52,191,11",14.88,2.0,9.0,"64,12,31,52,191,11",7.11,14.88
"7.11-12,75,84,85,60,206",15.75,2.0,5.0,"12,75,84,85,60,206",7.11,15.75
"7.11-116,125,61,133,174,241",15.23,1.0,2.0,"116,125,61,133,174,241",7.11,15.23
"7.11-80,58,81,118,159,27",13.47,2.0,4.0,"80,58,81,118,159,27",7.11,13.47
"7.11-24,3,174,207,62,51",14.62,1.0,2.0,"24,3,174,207,62,51",7.11,14.62
"7.11-80,141,76,102,201,25",13.83,2.0,5.0,"80,141,76,102,201,25",7.11,13.83
"7.11-16,74,38,155,214,98",13.75,3.0,5.0,"16,74,38,155,214,98",7.11,13.75
"7.11-64,140,31,53,191,11",12.05,2.0,3.0,"64,140,31,53,191,11",7.11,12.05
"7.11-48,74,36,133,29,213",12.45,2.0,8.0,"48,74,36,133,29,213",7.11,12.45
"7.11-252,107,240,89,143,53",13.52,2.0,3.0,"252,107,240,89,143,53",7.11,13.52
"7.11-112,58,85,118,159,27",10.5,2.0,2.0,"112,58,85,118,159,27",7.11,10.5
"7.11-104,160,62,174,112,98",9.93,2.0,2.0,"104,160,62,174,112,98",7.11,9.93
"7.11-160,124,125,61,133,174",15.63,2.0,3.0,"160,124,125,61,133,174",7.11,15.63
"7.11-172,184,55,101,29,72",14.13,1.0,4.0,"172,184,55,101,29,72",7.11,14.13
"7.11-16,32,55,198,164,235",13.45,4.0,4.0,"16,32,55,198,164,235",7.11,13.45
"7.11-168,114,233,219,38,184",13.32,3.0,5.0,"168,114,233,219,38,184",7.11,13.32
"7.11-96,61,163,8,250,121",11.32,2.0,2.0,"96,61,163,8,250,121",7.11,11.32
"7.11-76,102,201,25,166,220",13.57,1.0,2.0,"76,102,201,25,166,220",7.11,13.57
"7.11-164,125,159,153,144,106",13.82,1.0,7.0,"164,125,159,153,144,106",7.11,13.82
"7.11-168,60,136,95,198,168",14.53,2.0,2.0,"168,60,136,95,198,168",7.11,14.53
"7.11-160,110,168,60,136,95",10.03,1.0,2.0,"160,110,168,60,136,95",7.11,10.03
"7.11-168,60,136,95,198,165",15.93,1.0,3.0,"168,60,136,95,198,165",7.11,15.93
"7.11-168,60,136,95,198,170",14.53,2.0,2.0,"168,60,136,95,198,170",7.11,14.53
"7.11-164,114,174,255,247,2",16.38,3.0,5.0,"164,114,174,255,247,2",7.11,16.38
"7.11-164,154,151,204,174,182",12.62,2.0,5.0,"164,154,151,204,174,182",7.11,12.62
"7.11-252,105,240,89,142,53",15.87,2.0,6.0,"252,105,240,89,142,53",7.11,15.87
"7.11-252,107,240,93,142,53",12.4,2.0,3.0,"252,107,240,93,142,53",7.11,12.4
"7.11-64,132,31,52,191,11",16.18,1.0,2.0,"64,132,31,52,191,11",7.11,16.18
"7.11-220,107,240,89,142,53",14.17,2.0,4.0,"220,107,240,89,142,53",7.11,14.17
"7.11-208,64,239,22,255,41",9.88,5.0,7.0,"208,64,239,22,255,41",7.11,9.88
"7.11-164,93,159,153,152,106",12.37,2.0,4.0,"164,93,159,153,152,106",7.11,12.37
"7.11-240,89,142,53,179,1",16.75,1.0,3.0,"240,89,142,53,179,1",7.11,16.75
"7.11-252,107,240,89,142,21",11.17,2.0,3.0,"252,107,240,89,142,21",7.11,11.17
"7.11-148,23,64,73,252,213",13.4,2.0,5.0,"148,23,64,73,252,213",7.11,13.4
"7.11-160,114,174,255,247,2",13.78,1.0,3.0,"160,114,174,255,247,2",7.11,13.78
"7.11-48,69,150,181,24,101",15.83,2.0,4.0,"48,69,150,181,24,101",7.11,15.83
"7.11-204,174,182,173,178,1",11.4,2.0,2.0,"204,174,182,173,178,1",7.11,11.4
"7.11-176,154,151,204,174,182",16.25,1.0,3.0,"176,154,151,204,174,182",7.11,16.25
"7.11-112,74,38,155,214,98",12.12,1.0,3.0,"112,74,38,155,214,98",7.11,12.12
"7.11-220,240,144,185,108,48",12.37,1.0,2.0,"220,240,144,185,108,48",7.11,12.37
"7.11-220,240,144,185,120,48",14.0,2.0,2.0,"220,240,144,185,120,48",7.11,14.0
"7.11-164,125,157,153,152,106",14.95,2.0,4.0,"164,125,157,153,152,106",7.11,14.95
"7.11-48,72,38,133,29,213",16.22,3.0,6.0,"48,72,38,133,29,213",7.11,16.22
"7.11-112,71,233,12,21,7",13.85,2.0,2.0,"112,71,233,12,21,7",7.11,13.85
"7.11-208,151,255,41,36,198",15.4,1.0,2.0,"208,151,255,41,36,198",7.11,15.4
"7.11-32,48,51,210,96,61",12.07,2.0,4.0,"32,48,51,210,96,61",7.11,12.07
"7.11-208,23,254,41,36,198",12.03,2.0,5.0,"208,23,254,41,36,198",7.11,12.03
"7.11-208,151,254,41,36,214",16.13,1.0,3.0,"208,151,254,41,36,214",7.11,16.13
"7.11-236,193,171,221,136,197",13.1,2.0,4.0,"236,193,171,221,136,197",7.11,13.1
"7.11-112,58,81,118,151,27",10.83,2.0,2.0,"112,58,81,118,151,27",7.11,10.83
"7.11-220,112,144,185,104,48",13.92,1.0,3.0,"220,112,144,185,104,48",7.11,13.92
"7.11-220,240,144,185,96,48",12.45,2.0,5.0,"220,240,144,185,96,48",7.11,12.45
"7.11-20,94,105,93,76,215",10.55,2.0,4.0,"20,94,105,93,76,215",7.11,10.55
"7.11-32,50,115,210,96,61",13.58,3.0,4.0,"32,50,115,210,96,61",7.11,13.58
"7.11-164,125,159,153,152,110",13.23,1.0,4.0,"164,125,159,153,152,110",7.11,13.23
"7.11-80,143,68,102,201,25",13.02,2.0,3.0,"80,143,68,102,201,25",7.11,13.02
"7.11-20,94,109,93,76,199",10.57,1.0,2.0,"20,94,109,93,76,199",7.11,10.57
"7.11-160,62,174,96,98,166",15.9,2.0,2.0,"160,62,174,96,98,166",7.11,15.9
"7.11-44,204,230,183,227,125",17.03,2.0,5.0,"44,204,230,183,227,125",7.11,17.03
"7.11-252,123,240,89,142,53",16.57,2.0,2.0,"252,123,240,89,142,53",7.11,16.57
"7.11-48,123,172,71,127,119",12.78,1.0,2.0,"48,123,172,71,127,119",7.11,12.78
"7.11-36,22,170,19,129,255",14.65,2.0,2.0,"36,22,170,19,129,255",7.11,14.65
"7.11-48,74,54,155,214,98",15.7,4.0,11.0,"48,74,54,155,214,98",7.11,15.7
"7.11-104,160,62,174,96,66",10.57,2.0,2.0,"104,160,62,174,96,66",7.11,10.57
"7.11-80,143,76,102,201,89",15.57,2.0,5.0,"80,143,76,102,201,89",7.11,15.57
"7.11-48,74,38,155,212,98",10.97,2.0,2.0,"48,74,38,155,212,98",7.11,10.97
"7.11-108,30,215,78,168,23",11.05,3.0,8.0,"108,30,215,78,168,23",7.11,11.05
"7.11-112,58,81,118,159,19",12.27,2.0,3.0,"112,58,81,118,159,19",7.11,12.27
"7.11-128,138,139,124,94,97",16.67,1.0,23.0,"128,138,139,124,94,97",7.11,16.67
"7.11-252,107,240,89,142,117",11.93,2.0,4.0,"252,107,240,89,142,117",7.11,11.93
"7.11-164,112,138,9,131,175",16.9,2.0,4.0,"164,112,138,9,131,175",7.11,16.9
"7.11-172,252,107,240,89,142",10.68,1.0,2.0,"172,252,107,240,89,142",7.11,10.68
"7.11-240,144,185,104,48,165",14.2,2.0,5.0,"240,144,185,104,48,165",7.11,14.2
"7.11-220,240,144,177,104,48",11.98,2.0,2.0,"220,240,144,177,104,48",7.11,11.98
"7.11-48,74,38,133,29,85",13.22,2.0,3.0,"48,74,38,133,29,85",7.11,13.22
"7.11-160,62,174,96,98,174",15.25,1.0,2.0,"160,62,174,96,98,174",7.11,15.25
"7.11-104,224,62,174,96,98",10.78,1.0,2.0,"104,224,62,174,96,98",7.11,10.78
"7.11-64,140,31,134,167,149",11.45,2.0,2.0,"64,140,31,134,167,149",7.11,11.45
"7.11-64,140,31,52,183,11",13.27,2.0,3.0,"64,140,31,52,183,11",7.11,13.27
"7.11-176,223,193,193,47,17",16.18,6.0,20.0,"176,223,193,193,47,17",7.11,16.18
"7.11-176,241,236,209,105,14",11.32,2.0,2.0,"176,241,236,209,105,14",7.11,11.32
"7.11-164,176,241,236,211,105",12.13,3.0,5.0,"164,176,241,236,211,105",7.11,12.13
"7.11-32,50,51,214,96,61",15.22,1.0,3.0,"32,50,51,214,96,61",7.11,15.22
"7.11-160,62,174,96,98,163",15.3,1.0,2.0,"160,62,174,96,98,163",7.11,15.3
"7.11-112,62,81,118,159,27",11.22,2.0,2.0,"112,62,81,118,159,27",7.11,11.22
"7.11-176,241,236,211,105,15",10.85,2.0,2.0,"176,241,236,211,105,15",7.11,10.85
"7.11-32,50,51,210,112,61",16.12,3.0,7.0,"32,50,51,210,112,61",7.11,16.12
"7.11-32,50,51,208,96,61",14.0,2.0,3.0,"32,50,51,208,96,61",7.11,14.0
"7.11-148,23,16,73,252,213",12.22,2.0,3.0,"148,23,16,73,252,213",7.11,12.22
"7.11-180,114,233,219,38,184",12.33,2.0,2.0,"180,114,233,219,38,184",7.11,12.33
"7.11-108,30,215,58,58,123",13.5,6.0,7.0,"108,30,215,58,58,123",7.11,13.5
"7.11-112,58,81,116,159,27",11.25,1.0,2.0,"112,58,81,116,159,27",7.11,11.25
"7.11-36,17,69,161,51,93",14.35,2.0,2.0,"36,17,69,161,51,93",7.11,14.35
"7.11-80,143,76,102,73,25",15.77,3.0,6.0,"80,143,76,102,73,25",7.11,15.77
"7.11-32,50,55,210,96,61",16.78,3.0,5.0,"32,50,55,210,96,61",7.11,16.78
"7.11-92,102,186,101,140,144",12.52,1.0,4.0,"92,102,186,101,140,144",7.11,12.52
"7.11-180,114,174,255,247,2",13.87,1.0,3.0,"180,114,174,255,247,2",7.11,13.87
"7.11-64,12,31,142,167,149",11.63,2.0,3.0,"64,12,31,142,167,149",7.11,11.63
"7.11-80,159,76,102,201,25",14.47,2.0,4.0,"80,159,76,102,201,25",7.11,14.47
"7.11-140,83,195,148,92,46",17.4,3.0,79.0,"140,83,195,148,92,46",7.11,17.4
"7.11-252,107,240,89,140,53",12.03,2.0,2.0,"252,107,240,89,140,53",7.11,12.03
"7.11-252,107,112,89,142,53",16.98,3.0,7.0,"252,107,112,89,142,53",7.11,16.98
"7.11-32,51,51,210,96,61",15.98,3.0,4.0,"32,51,51,210,96,61",7.11,15.98
"7.11-108,33,162,251,7,87",12.18,2.0,2.0,"108,33,162,251,7,87",7.11,12.18
"7.11-172,186,139,84,42,35",11.82,1.0,4.0,"172,186,139,84,42,35",7.11,11.82
"7.11-252,18,60,80,166,1",14.47,2.0,2.0,"252,18,60,80,166,1",7.11,14.47
"7.11-84,42,35,66,170,164",14.72,1.0,2.0,"84,42,35,66,170,164",7.11,14.72
"7.11-240,89,142,53,172,1",12.73,1.0,2.0,"240,89,142,53,172,1",7.11,12.73
"7.11-124,107,240,89,142,53",15.67,1.0,3.0,"124,107,240,89,142,53",7.11,15.67
"7.11-32,50,51,210,96,125",13.87,1.0,3.0,"32,50,51,210,96,125",7.11,13.87
"7.11-124,33,162,235,7,87",17.02,2.0,2.0,"124,33,162,235,7,87",7.11,17.02
"7.11-48,74,38,155,214,102",15.7,4.0,10.0,"48,74,38,155,214,102",7.11,15.7
"7.11-132,65,103,218,221,213",13.2,2.0,3.0,"132,65,103,218,221,213",7.11,13.2
"7.11-244,107,240,89,142,53",12.37,2.0,4.0,"244,107,240,89,142,53",7.11,12.37
"7.11-132,65,103,218,221,84",16.88,1.0,2.0,"132,65,103,218,221,84",7.11,16.88
"7.11-48,74,38,197,29,213",12.82,3.0,5.0,"48,74,38,197,29,213",7.11,12.82
"7.11-48,74,39,155,214,98",14.68,1.0,5.0,"48,74,39,155,214,98",7.11,14.68
"7.11-184,148,54,48,44,55",14.93,3.0,3.0,"184,148,54,48,44,55",7.11,14.93
"7.11-80,143,76,100,201,25",15.73,2.0,2.0,"80,143,76,100,201,25",7.11,15.73
"7.11-236,193,171,217,152,197",14.67,1.0,3.0,"236,193,171,217,152,197",7.11,14.67
"7.11-8,218,121,45,167,67",13.58,2.0,2.0,"8,218,121,45,167,67",7.11,13.58
"7.11-132,65,103,218,213,212",13.28,1.0,2.0,"132,65,103,218,213,212",7.11,13.28
"7.11-64,140,31,142,183,149",11.78,1.0,2.0,"64,140,31,142,183,149",7.11,11.78
"7.11-236,193,171,217,8,197",12.57,1.0,3.0,"236,193,171,217,8,197",7.11,12.57
"7.11-240,89,142,53,164,1",13.6,2.0,3.0,"240,89,142,53,164,1",7.11,13.6
"7.11-168,8,250,121,45,167",16.52,2.0,10.0,"168,8,250,121,45,167",7.11,16.52
"7.11-176,26,242,44,233,231",14.93,1.0,5.0,"176,26,242,44,233,231",7.11,14.93
"7.11-184,55,69,29,72,107",11.95,1.0,2.0,"184,55,69,29,72,107",7.11,11.95
"7.11-164,111,65,172,165,1",12.55,1.0,2.0,"164,111,65,172,165,1",7.11,12.55
"7.11-172,164,111,65,172,161",12.68,1.0,2.0,"172,164,111,65,172,161",7.11,12.68
"7.11-164,125,159,153,152,107",17.27,3.0,10.0,"164,125,159,153,152,107",7.11,17.27
"7.11-64,140,31,20,191,11",13.7,3.0,3.0,"64,140,31,20,191,11",7.11,13.7
"7.11-80,143,77,102,201,25",14.23,2.0,2.0,"80,143,77,102,201,25",7.11,14.23
"7.11-164,125,151,153,152,106",13.25,2.0,2.0,"164,125,151,153,152,106",7.11,13.25
"7.11-80,143,76,102,201,17",12.2,2.0,2.0,"80,143,76,102,201,17",7.11,12.2
"7.11-164,125,159,153,152,122",13.38,2.0,6.0,"164,125,159,153,152,122",7.11,13.38
"7.11-64,156,31,142,167,149",11.95,2.0,2.0,"64,156,31,142,167,149",7.11,11.95
"7.11-8,218,121,194,19,245",13.0,1.0,3.0,"8,218,121,194,19,245",7.11,13.0
"7.11-172,164,111,65,172,174",15.2,2.0,5.0,"172,164,111,65,172,174",7.11,15.2
"7.11-236,193,171,217,136,69",12.13,2.0,2.0,"236,193,171,217,136,69",7.11,12.13
"7.11-8,250,121,45,231,67",13.2,2.0,5.0,"8,250,121,45,231,67",7.11,13.2
"7.11-8,250,121,45,135,67",13.32,1.0,2.0,"8,250,121,45,135,67",7.11,13.32
"7.11-48,74,38,219,214,98",12.95,2.0,2.0,"48,74,38,219,214,98",7.11,12.95
"7.11-148,23,1,73,252,213",14.62,1.0,5.0,"148,23,1,73,252,213",7.11,14.62
"7.11-240,89,142,53,167,1",14.77,2.0,2.0,"240,89,142,53,167,1",7.11,14.77
"7.11-140,31,142,167,149,161",11.97,1.0,2.0,"140,31,142,167,149,161",7.11,11.97
"7.11-164,82,37,35,140,128",12.07,2.0,2.0,"164,82,37,35,140,128",7.11,12.07
"7.11-164,125,159,153,152,104",13.77,2.0,2.0,"164,125,159,153,152,104",7.11,13.77
"7.11-36,125,159,153,152,106",16.55,2.0,3.0,"36,125,159,153,152,106",7.11,16.55
"7.11-112,71,233,44,85,7",13.88,1.0,2.0,"112,71,233,44,85,7",7.11,13.88
"7.11-112,138,13,131,175,199",14.1,1.0,2.0,"112,138,13,131,175,199",7.11,14.1
"7.11-96,61,161,8,250,121",14.77,1.0,3.0,"96,61,161,8,250,121",7.11,14.77
"7.11-80,140,31,52,191,11",16.22,1.0,4.0,"80,140,31,52,191,11",7.11,16.22
"7.11-148,54,32,44,55,170",15.28,2.0,2.0,"148,54,32,44,55,170",7.11,15.28
"7.11-120,68,253,251,54,117",12.47,2.0,3.0,"120,68,253,251,54,117",7.11,12.47
"7.11-112,71,233,44,21,23",14.35,1.0,2.0,"112,71,233,44,21,23",7.11,14.35
"7.11-52,74,38,133,29,213",14.33,3.0,7.0,"52,74,38,133,29,213",7.11,14.33
"7.11-64,140,31,142,39,149",12.42,2.0,2.0,"64,140,31,142,39,149",7.11,12.42
"7.11-88,70,186,101,140,144",12.5,1.0,2.0,"88,70,186,101,140,144",7.11,12.5
"7.11-52,74,38,155,214,98",17.72,2.0,4.0,"52,74,38,155,214,98",7.11,17.72
"7.11-160,8,250,121,194,19",14.62,2.0,3.0,"160,8,250,121,194,19",7.11,14.62
"7.11-96,61,175,8,250,121",16.93,1.0,3.0,"96,61,175,8,250,121",7.11,16.93
"7.11-124,179,123,208,149,129",17.48,2.0,220.0,"124,179,123,208,149,129",7.11,17.48
"7.11-28,66,125,54,93,223",15.07,1.0,2.0,"28,66,125,54,93,223",7.11,15.07
"7.11-64,140,31,142,167,21",16.18,2.0,2.0,"64,140,31,142,167,21",7.11,16.18
"7.11-172,164,111,65,172,173",15.62,1.0,2.0,"172,164,111,65,172,173",7.11,15.62
"7.11-164,125,159,153,216,106",14.93,1.0,2.0,"164,125,159,153,216,106",7.11,14.93
"7.11-160,32,50,51,210,96",17.77,1.0,2.0,"160,32,50,51,210,96",7.11,17.77
"7.11-176,241,236,166,12,79",17.93,6.0,15.0,"176,241,236,166,12,79",7.11,17.93
"7.11-184,20,54,32,44,55",15.07,2.0,2.0,"184,20,54,32,44,55",7.11,15.07
"7.11-8,250,125,45,167,67",15.75,2.0,2.0,"8,250,125,45,167,67",7.11,15.75
"7.11-156,95,90,16,243,61",13.05,2.0,9.0,"156,95,90,16,243,61",7.11,13.05
"7.11-156,95,91,12,124,73",17.17,2.0,3.0,"156,95,91,12,124,73",7.11,17.17
"7.11-32,40,62,78,237,188",15.77,2.0,6.0,"32,40,62,78,237,188",7.11,15.77
"7.11-8,250,121,13,167,67",13.07,2.0,2.0,"8,250,121,13,167,67",7.11,13.07
"7.11-8,248,121,45,167,67",15.9,2.0,2.0,"8,248,121,45,167,67",7.11,15.9
"7.11-96,61,178,48,74,38",13.42,2.0,2.0,"96,61,178,48,74,38",7.11,13.42
"7.11-96,61,162,8,250,121",17.13,2.0,2.0,"96,61,162,8,250,121",7.11,17.13
"7.11-160,208,151,254,41,36",14.52,1.0,3.0,"160,208,151,254,41,36",7.11,14.52
"7.11-164,190,234,192,191,84",13.9,1.0,3.0,"164,190,234,192,191,84",7.11,13.9
"7.11-8,250,121,45,39,67",14.02,2.0,3.0,"8,250,121,45,39,67",7.11,14.02
"7.11-48,66,38,133,29,213",14.75,2.0,2.0,"48,66,38,133,29,213",7.11,14.75
"7.11-112,58,81,119,159,27",14.78,2.0,2.0,"112,58,81,119,159,27",7.11,14.78
"7.11-8,250,121,45,167,71",15.3,1.0,2.0,"8,250,121,45,167,71",7.11,15.3
"7.11-108,33,163,235,7,87",18.03,2.0,2.0,"108,33,163,235,7,87",7.11,18.03
"7.11-252,107,240,81,142,53",13.57,2.0,3.0,"252,107,240,81,142,53",7.11,13.57
"7.11-112,138,9,131,175,197",14.35,1.0,2.0,"112,138,9,131,175,197",7.11,14.35
"7.11-48,74,38,153,214,98",15.23,2.0,4.0,"48,74,38,153,214,98",7.11,15.23
"7.11-156,95,90,12,124,89",16.28,2.0,3.0,"156,95,90,12,124,89",7.11,16.28
"7.11-88,102,184,101,140,144",16.62,1.0,2.0,"88,102,184,101,140,144",7.11,16.62
"7.11-80,68,253,44,108,157",14.05,1.0,2.0,"80,68,253,44,108,157",7.11,14.05
"7.11-212,240,144,185,104,48",16.12,2.0,5.0,"212,240,144,185,104,48",7.11,16.12
"7.11-144,185,104,48,163,110",13.87,1.0,2.0,"144,185,104,48,163,110",7.11,13.87
"7.11-92,102,124,72,204,105",13.65,1.0,2.0,"92,102,124,72,204,105",7.11,13.65
"7.11-112,71,237,44,21,7",14.97,1.0,2.0,"112,71,237,44,21,7",7.11,14.97
"7.11-172,164,111,65,172,162",17.65,3.0,4.0,"172,164,111,65,172,162",7.11,17.65
"7.11-164,114,233,219,38,184",13.9,2.0,2.0,"164,114,233,219,38,184",7.11,13.9
"7.11-156,95,90,12,92,73",16.52,2.0,3.0,"156,95,90,12,92,73",7.11,16.52
"7.11-48,69,150,52,24,101",15.15,2.0,2.0,"48,69,150,52,24,101",7.11,15.15
"7.11-48,69,17,168,101,46",14.3,5.0,14.0,"48,69,17,168,101,46",7.11,14.3
"7.11-164,125,159,153,153,106",17.12,2.0,2.0,"164,125,159,153,153,106",7.11,17.12
"7.11-160,92,102,108,72,204",17.73,2.0,3.0,"160,92,102,108,72,204",7.11,17.73
"7.11-48,75,38,155,214,98",17.0,3.0,7.0,"48,75,38,155,214,98",7.11,17.0
"7.11-8,250,121,37,167,67",14.28,1.0,2.0,"8,250,121,37,167,67",7.11,14.28
"7.11-8,250,121,61,167,67",16.47,2.0,2.0,"8,250,121,61,167,67",7.11,16.47
"7.11-44,233,231,91,166,8",15.23,2.0,2.0,"44,233,231,91,166,8",7.11,15.23
"7.11-4,207,140,11,128,190",15.33,2.0,2.0,"4,207,140,11,128,190",7.11,15.33
"7.11-72,250,121,45,167,67",16.67,2.0,3.0,"72,250,121,45,167,67",7.11,16.67
"7.11-48,74,38,133,21,213",14.57,2.0,2.0,"48,74,38,133,21,213",7.11,14.57
"7.11-64,68,125,44,108,157",18.2,2.0,3.0,"64,68,125,44,108,157",7.11,18.2
"7.11-80,210,245,240,233,217",17.37,1.0,2.0,"80,210,245,240,233,217",7.11,17.37
"7.11-252,4,28,123,119,167",14.93,2.0,4.0,"252,4,28,123,119,167",7.11,14.93
"7.11-204,129,58,183,42,73",15.35,1.0,2.0,"204,129,58,183,42,73",7.11,15.35
"7.11-112,143,71,149,130,13",15.02,2.0,2.0,"112,143,71,149,130,13",7.11,15.02
"7.11-68,68,253,44,108,157",16.9,2.0,2.0,"68,68,253,44,108,157",7.11,16.9
"7.11-48,50,51,210,96,61",18.93,2.0,2.0,"48,50,51,210,96,61",7.11,18.93
"7.11-184,99,146,217,60,125",14.98,2.0,2.0,"184,99,146,217,60,125",7.11,14.98
"7.11-168,60,136,95,198,160",15.82,1.0,2.0,"168,60,136,95,198,160",7.11,15.82
"7.11-156,95,90,12,124,65",17.55,2.0,2.0,"156,95,90,12,124,65",7.11,17.55
"7.11-24,2,174,207,126,51",15.77,1.0,2.0,"24,2,174,207,126,51",7.11,15.77
"7.11-60,163,8,48,55,73",15.47,2.0,4.0,"60,163,8,48,55,73",7.11,15.47
"7.11-140,31,52,191,11,179",15.95,2.0,2.0,"140,31,52,191,11,179",7.11,15.95
"7.11-92,102,76,72,204,105",16.23,1.0,2.0,"92,102,76,72,204,105",7.11,16.23
"7.11-164,116,21,117,93,235",16.47,2.0,2.0,"164,116,21,117,93,235",7.11,16.47
"7.11-96,61,163,218,161,25",17.23,2.0,2.0,"96,61,163,218,161,25",7.11,17.23
"7.11-160,62,174,96,98,164",18.73,2.0,3.0,"160,62,174,96,98,164",7.11,18.73
"7.11-160,112,58,81,118,159",17.57,2.0,2.0,"160,112,58,81,118,159",7.11,17.57
"7.11-80,207,76,102,201,25",18.5,1.0,2.0,"80,207,76,102,201,25",7.11,18.5
"7.11-164,57,182,9,232,83",17.47,2.0,3.0,"164,57,182,9,232,83",7.11,17.47
"7.11-156,95,90,28,124,73",16.78,2.0,2.0,"156,95,90,28,124,73",7.11,16.78
"7.11-80,143,76,70,201,25",18.57,2.0,2.0,"80,143,76,70,201,25",7.11,18.57
"7.11-168,156,95,90,12,124",18.85,2.0,2.0,"168,156,95,90,12,124",7.11,18.85
"7.11-76,102,201,25,170,1",16.9,2.0,3.0,"76,102,201,25,170,1",7.11,16.9
"7.11-76,102,201,25,171,1",16.9,2.0,2.0,"76,102,201,25,171,1",7.11,16.9
"7.11-168,110,168,60,136,95",17.3,2.0,2.0,"168,110,168,60,136,95",7.11,17.3
"7.11-172,136,253,101,57,44",17.08,2.0,9.0,"172,136,253,101,57,44",7.11,17.08
"7.11-32,50,51,210,100,61",18.1,1.0,3.0,"32,50,51,210,100,61",7.11,18.1
"7.11-156,245,49,209,69,163",19.08,9.0,50.0,"156,245,49,209,69,163",7.11,19.08
"7.11-8,179,175,65,237,83",17.02,2.0,2.0,"8,179,175,65,237,83",7.11,17.02
"7.11-220,68,109,14,2,6",19.1,5.0,7.0,"220,68,109,14,2,6",7.11,19.1
"7.11-160,220,240,144,185,104",17.93,1.0,3.0,"160,220,240,144,185,104",7.11,17.93
"7.11-172,118,76,7,2,71",18.45,6.0,9.0,"172,118,76,7,2,71",7.11,18.45
"7.11-168,226,195,232,204,104",17.37,2.0,2.0,"168,226,195,232,204,104",7.11,17.37
"7.11-148,54,32,44,55,175",18.23,1.0,2.0,"148,54,32,44,55,175",7.11,18.23
"7.11-168,226,195,233,6,76",19.4,2.0,3.0,"168,226,195,233,6,76",7.11,19.4
"7.11-80,143,76,118,201,25",18.62,1.0,2.0,"80,143,76,118,201,25",7.11,18.62
"7.11-180,71,245,166,44,221",17.7,2.0,2.0,"180,71,245,166,44,221",7.11,17.7
"7.11-76,102,201,25,161,220",17.72,1.0,2.0,"76,102,201,25,161,220",7.11,17.72
"7.11-112,71,233,60,21,7",20.65,2.0,3.0,"112,71,233,60,21,7",7.11,20.65
"7.11-52,252,161,107,189,127",19.03,1.0,3.0,"52,252,161,107,189,127",7.11,19.03
"7.11-96,7,196,247,223,253",18.17,2.0,2.0,"96,7,196,247,223,253",7.11,18.17
"7.11-184,149,54,32,44,55",19.92,1.0,2.0,"184,149,54,32,44,55",7.11,19.92
"7.11-164,201,57,205,13,69",19.2,7.0,107.0,"164,201,57,205,13,69",7.11,19.2
"7.11-52,1,175,121,255,163",18.55,1.0,2.0,"52,1,175,121,255,163",7.11,18.55
"7.11-140,52,1,175,121,255",18.55,1.0,3.0,"140,52,1,175,121,255",7.11,18.55
"7.11-168,60,136,95,198,167",18.78,2.0,2.0,"168,60,136,95,198,167",7.11,18.78
"7.11-168,60,136,95,198,164",20.32,2.0,2.0,"168,60,136,95,198,164",7.11,20.32
"7.11-164,124,125,61,133,174",20.57,2.0,2.0,"164,124,125,61,133,174",7.11,20.57
"7.11-12,75,84,85,61,8",19.33,6.0,15.0,"12,75,84,85,61,8",7.11,19.33
"7.11-80,61,198,64,186,221",19.23,3.0,10.0,"80,61,198,64,186,221",7.11,19.23
"7.11-180,32,91,25,189,137",19.27,5.0,28.0,"180,32,91,25,189,137",7.11,19.27
"7.11-164,4,80,169,233,149",19.08,5.0,29.0,"164,4,80,169,233,149",7.11,19.08
"7.11-164,201,61,9,43,253",19.82,2.0,2.0,"164,201,61,9,43,253",7.11,19.82
"7.11-76,188,66,82,2,31",19.23,3.0,3.0,"76,188,66,82,2,31",7.11,19.23
"7.11-24,2,174,79,62,51",19.57,2.0,2.0,"24,2,174,79,62,51",7.11,19.57
"7.11-60,165,129,247,226,15",21.67,1.0,61.0,"60,165,129,247,226,15",7.11,21.67
"7.11-240,98,90,159,90,22",20.0,9.0,246.0,"240,98,90,159,90,22",7.11,20.0
"7.11-224,238,27,200,60,30",19.92,2.0,6.0,"224,238,27,200,60,30",7.11,19.92
"7.11-96,61,166,184,55,101",21.15,2.0,2.0,"96,61,166,184,55,101",7.11,21.15
"7.11-12,75,84,85,61,142",21.18,1.0,2.0,"12,75,84,85,61,142",7.11,21.18
"7.11-172,36,17,69,161,50",21.15,1.0,2.0,"172,36,17,69,161,50",7.11,21.15
"7.11-204,174,182,173,180,1",22.15,2.0,2.0,"204,174,182,173,180,1",7.11,22.15
"7.11-164,217,57,9,43,253",21.73,2.0,3.0,"164,217,57,9,43,253",7.11,21.73
"7.11-20,94,105,220,154,7",22.53,1.0,2.0,"20,94,105,220,154,7",7.11,22.53
"7.11-56,252,152,142,93,110",23.6,1.0,4.0,"56,252,152,142,93,110",7.11,23.6
"7.11-76,121,110,78,156,206",23.6,1.0,2.0,"76,121,110,78,156,206",7.11,23.6
"7.11-76,111,156,154,6,215",23.6,1.0,3.0,"76,111,156,154,6,215",7.11,23.6
"7.11-72,70,193,18,28,223",23.6,1.0,3.0,"72,70,193,18,28,223",7.11,23.6
"7.11-140,170,206,161,68,84",23.6,1.0,4.0,"140,170,206,161,68,84",7.11,23.6
"7.12-32,50,51,210,96,61",11.93,7.0,8024.0,"32,50,51,210,96,61",7.12,11.93
"7.12-184,55,101,29,72,107",11.98,6.0,2830.0,"184,55,101,29,72,107",7.12,11.98
"7.12-48,74,38,155,214,98",11.63,10.0,1576.0,"48,74,38,155,214,98",7.12,11.63
"7.12-240,103,40,135,90,171",11.93,4.0,1321.0,"240,103,40,135,90,171",7.12,11.93
"7.12-60,165,129,247,226,15",10.58,2.0,150.0,"60,165,129,247,226,15",7.12,10.58
"7.12-108,33,162,235,7,87",11.9,2.0,1072.0,"108,33,162,235,7,87",7.12,11.9
"7.12-208,151,254,41,36,198",11.87,4.0,1476.0,"208,151,254,41,36,198",7.12,11.87
"7.12-48,74,38,133,29,213",11.95,7.0,7820.0,"48,74,38,133,29,213",7.12,11.95
"7.12-172,115,82,76,172,89",11.88,10.0,1377.0,"172,115,82,76,172,89",7.12,11.88
"7.12-104,160,62,174,96,98",11.9,5.0,1388.0,"104,160,62,174,96,98",7.12,11.9
"7.12-124,125,61,133,174,241",11.97,3.0,3699.0,"124,125,61,133,174,241",7.12,11.97
"7.12-112,71,233,44,21,7",11.87,2.0,2397.0,"112,71,233,44,21,7",7.12,11.87
"7.12-236,193,171,217,136,197",11.85,3.0,904.0,"236,193,171,217,136,197",7.12,11.85
"7.12-252,190,123,146,220,35",11.87,2.0,2247.0,"252,190,123,146,220,35",7.12,11.87
"7.12-124,218,195,126,234,181",11.93,4.0,184.0,"124,218,195,126,234,181",7.12,11.93
"7.12-164,125,159,153,152,106",11.98,5.0,4584.0,"164,125,159,153,152,106",7.12,11.98
"7.12-252,107,240,89,142,53",11.92,4.0,7013.0,"252,107,240,89,142,53",7.12,11.92
"7.12-164,204,185,229,56,107",11.97,6.0,233.0,"164,204,185,229,56,107",7.12,11.97
"7.12-64,68,253,44,108,157",11.95,8.0,357.0,"64,68,253,44,108,157",7.12,11.95
"7.12-168,152,146,10,133,107",11.95,1.0,1165.0,"168,152,146,10,133,107",7.12,11.95
"7.12-48,69,150,180,24,101",11.88,4.0,1383.0,"48,69,150,180,24,101",7.12,11.88
"7.12-36,82,106,59,81,234",11.95,2.0,535.0,"36,82,106,59,81,234",7.12,11.95
"7.12-140,37,5,134,24,48",11.9,4.0,84.0,"140,37,5,134,24,48",7.12,11.9
"7.12-208,151,254,40,222,169",11.92,4.0,801.0,"208,151,254,40,222,169",7.12,11.92
"7.12-208,151,254,41,36,162",11.73,4.0,323.0,"208,151,254,41,36,162",7.12,11.73
"7.12-88,133,233,252,89,161",11.73,2.0,59.0,"88,133,233,252,89,161",7.12,11.73
"7.12-112,138,9,131,175,199",11.92,3.0,2221.0,"112,138,9,131,175,199",7.12,11.92
"7.12-24,2,174,207,62,51",11.82,6.0,341.0,"24,2,174,207,62,51",7.12,11.82
"7.12-156,95,90,12,124,73",11.9,8.0,2178.0,"156,95,90,12,124,73",7.12,11.9
"7.12-220,240,144,185,104,48",11.98,3.0,1748.0,"220,240,144,185,104,48",7.12,11.98
"7.12-8,250,121,45,167,67",11.97,7.0,2608.0,"8,250,121,45,167,67",7.12,11.97
"7.12-64,140,31,52,191,11",11.97,4.0,1250.0,"64,140,31,52,191,11",7.12,11.97
"7.12-172,32,50,51,210,96",10.48,1.0,32.0,"172,32,50,51,210,96",7.12,10.48
"7.12-20,94,105,93,76,199",11.97,4.0,1109.0,"20,94,105,93,76,199",7.12,11.97
"7.12-124,179,123,208,149,129",11.13,2.0,188.0,"124,179,123,208,149,129",7.12,11.13
"7.12-240,27,108,132,118,12",11.87,2.0,358.0,"240,27,108,132,118,12",7.12,11.87
"7.12-36,17,69,161,50,93",11.97,3.0,1237.0,"36,17,69,161,50,93",7.12,11.97
"7.12-184,148,54,32,44,55",11.97,8.0,1632.0,"184,148,54,32,44,55",7.12,11.97
"7.12-160,112,71,233,44,21",8.0,1.0,5.0,"160,112,71,233,44,21",7.12,8.0
"7.12-176,20,94,105,93,76",8.0,2.0,7.0,"176,20,94,105,93,76",7.12,8.0
"7.12-56,251,20,50,26,70",11.6,9.0,622.0,"56,251,20,50,26,70",7.12,11.6
"7.12-116,21,117,93,235,62",11.97,2.0,862.0,"116,21,117,93,235,62",7.12,11.97
"7.12-88,198,240,41,58,135",11.88,12.0,1125.0,"88,198,240,41,58,135",7.12,11.88
"7.12-180,71,245,166,44,220",11.97,5.0,2141.0,"180,71,245,166,44,220",7.12,11.97
"7.12-168,8,250,121,45,167",7.75,2.0,7.0,"168,8,250,121,45,167",7.12,7.75
"7.12-164,184,148,54,32,44",10.43,3.0,9.0,"164,184,148,54,32,44",7.12,10.43
"7.12-92,255,255,144,7,131",10.27,3.0,228.0,"92,255,255,144,7,131",7.12,10.27
"7.12-60,134,209,115,214,231",11.78,12.0,1558.0,"60,134,209,115,214,231",7.12,11.78
"7.12-148,54,32,44,55,171",8.0,1.0,4.0,"148,54,32,44,55,171",7.12,8.0
"7.12-48,90,38,133,29,213",9.5,2.0,13.0,"48,90,38,133,29,213",7.12,9.5
"7.12-164,88,198,240,41,58",10.73,1.0,11.0,"164,88,198,240,41,58",7.12,10.73
"7.12-204,129,42,183,42,73",11.87,11.0,1234.0,"204,129,42,183,42,73",7.12,11.87
"7.12-168,20,94,105,93,76",9.92,2.0,9.0,"168,20,94,105,93,76",7.12,9.92
"7.12-112,58,81,118,159,27",11.87,3.0,1658.0,"112,58,81,118,159,27",7.12,11.87
"7.12-64,140,31,117,95,237",8.17,5.0,7.0,"64,140,31,117,95,237",7.12,8.17
"7.12-160,88,198,240,41,58",8.55,2.0,4.0,"160,88,198,240,41,58",7.12,8.55
"7.12-240,41,58,135,177,1",6.75,1.0,2.0,"240,41,58,135,177,1",7.12,6.75
"7.12-160,62,174,96,98,169",8.88,2.0,6.0,"160,62,174,96,98,169",7.12,8.88
"7.12-164,156,95,90,12,124",9.62,6.0,11.0,"164,156,95,90,12,124",7.12,9.62
"7.12-8,250,121,183,224,101",11.78,3.0,409.0,"8,250,121,183,224,101",7.12,11.78
"7.12-4,207,140,11,128,186",11.93,5.0,1299.0,"4,207,140,11,128,186",7.12,11.93
"7.12-68,216,120,87,119,51",10.82,1.0,371.0,"68,216,120,87,119,51",7.12,10.82
"7.12-88,214,151,17,133,245",8.38,5.0,145.0,"88,214,151,17,133,245",7.12,8.38
"7.12-128,214,5,75,8,213",11.87,8.0,316.0,"128,214,5,75,8,213",7.12,11.87
"7.12-248,45,124,72,127,16",11.93,8.0,695.0,"248,45,124,72,127,16",7.12,11.93
"7.12-132,65,103,218,221,212",11.95,5.0,205.0,"132,65,103,218,221,212",7.12,11.95
"7.12-8,74,207,99,147,223",11.97,6.0,225.0,"8,74,207,99,147,223",7.12,11.97
"7.12-212,26,63,183,185,195",11.87,2.0,288.0,"212,26,63,183,185,195",7.12,11.87
"7.12-28,209,7,152,33,91",10.73,4.0,1309.0,"28,209,7,152,33,91",7.12,10.73
"7.12-220,109,205,125,41,209",12.0,4.0,894.0,"220,109,205,125,41,209",7.12,12.0
"7.12-48,74,38,149,29,213",10.93,3.0,18.0,"48,74,38,149,29,213",7.12,10.93
"7.12-56,71,188,17,110,114",3.07,7.0,138.0,"56,71,188,17,110,114",7.12,3.07
"7.12-164,201,57,9,43,253",11.93,9.0,689.0,"164,201,57,9,43,253",7.12,11.93
"7.12-156,95,94,12,124,73",5.77,2.0,2.0,"156,95,94,12,124,73",7.12,5.77
"7.12-28,66,125,50,93,223",11.98,2.0,740.0,"28,66,125,50,93,223",7.12,11.98
"7.12-160,220,240,144,185,104",10.88,1.0,9.0,"160,220,240,144,185,104",7.12,10.88
"7.12-220,245,5,135,187,95",11.83,2.0,195.0,"220,245,5,135,187,95",7.12,11.83
"7.12-104,74,174,67,128,132",11.98,4.0,53.0,"104,74,174,67,128,132",7.12,11.98
"7.12-32,238,40,60,214,136",9.98,1.0,8.0,"32,238,40,60,214,136",7.12,9.98
"7.12-88,102,186,101,140,144",12.02,2.0,795.0,"88,102,186,101,140,144",7.12,12.02
"7.12-220,95,90,12,124,73",8.07,3.0,3.0,"220,95,90,12,124,73",7.12,8.07
"7.12-8,250,121,194,19,245",12.02,3.0,722.0,"8,250,121,194,19,245",7.12,12.02
"7.12-48,74,39,133,29,213",9.2,2.0,21.0,"48,74,39,133,29,213",7.12,9.2
"7.12-172,26,242,44,233,231",10.92,1.0,17.0,"172,26,242,44,233,231",7.12,10.92
"7.12-160,60,134,209,115,214",11.1,2.0,3.0,"160,60,134,209,115,214",7.12,11.1
"7.12-32,51,51,210,96,61",9.7,2.0,6.0,"32,51,51,210,96,61",7.12,9.7
"7.12-92,102,108,72,204,105",10.4,2.0,367.0,"92,102,108,72,204,105",7.12,10.4
"7.12-164,8,250,121,194,19",8.87,1.0,3.0,"164,8,250,121,194,19",7.12,8.87
"7.12-176,204,129,42,183,42",4.82,1.0,2.0,"176,204,129,42,183,42",7.12,4.82
"7.12-140,52,1,175,121,255",11.52,11.0,159.0,"140,52,1,175,121,255",7.12,11.52
"7.12-164,114,174,255,247,2",7.12,2.0,3.0,"164,114,174,255,247,2",7.12,7.12
"7.12-80,143,76,102,201,25",12.15,3.0,2172.0,"80,143,76,102,201,25",7.12,12.15
"7.12-164,10,2,230,91,252",8.67,2.0,6.0,"164,10,2,230,91,252",7.12,8.67
"7.12-36,82,74,59,81,234",8.22,2.0,2.0,"36,82,74,59,81,234",7.12,8.22
"7.12-240,144,185,104,48,169",8.58,1.0,5.0,"240,144,185,104,48,169",7.12,8.58
"7.12-76,102,201,25,165,220",5.37,1.0,2.0,"76,102,201,25,165,220",7.12,5.37
"7.12-140,83,195,148,92,46",11.32,2.0,106.0,"140,83,195,148,92,46",7.12,11.32
"7.12-164,125,159,25,152,106",10.08,2.0,8.0,"164,125,159,25,152,106",7.12,10.08
"7.12-52,252,161,107,189,127",11.62,2.0,10.0,"52,252,161,107,189,127",7.12,11.62
"7.12-164,28,209,7,152,33",8.98,2.0,13.0,"164,28,209,7,152,33",7.12,8.98
"7.12-32,50,51,210,97,61",10.25,2.0,10.0,"32,50,51,210,97,61",7.12,10.25
"7.12-160,208,151,254,41,36",10.7,2.0,11.0,"160,208,151,254,41,36",7.12,10.7
"7.12-160,92,102,108,72,204",6.98,1.0,4.0,"160,92,102,108,72,204",7.12,6.98
"7.12-76,234,174,20,76,243",9.08,3.0,41.0,"76,234,174,20,76,243",7.12,9.08
"7.12-108,217,76,95,253,145",11.75,8.0,237.0,"108,217,76,95,253,145",7.12,11.75
"7.12-124,125,61,149,174,241",9.8,2.0,6.0,"124,125,61,149,174,241",7.12,9.8
"7.12-4,207,141,11,128,186",5.63,2.0,2.0,"4,207,141,11,128,186",7.12,5.63
"7.12-228,163,47,85,234,94",12.17,2.0,10.0,"228,163,47,85,234,94",7.12,12.17
"7.12-48,231,188,153,110,173",12.23,11.0,107.0,"48,231,188,153,110,173",7.12,12.23
"7.12-64,140,31,142,167,149",12.33,7.0,2007.0,"64,140,31,142,167,149",7.12,12.33
"7.12-48,74,38,133,21,213",8.57,4.0,8.0,"48,74,38,133,21,213",7.12,8.57
"7.12-164,125,159,157,152,106",11.62,2.0,3.0,"164,125,159,157,152,106",7.12,11.62
"7.12-176,118,229,160,225,193",0.93,1.0,2.0,"176,118,229,160,225,193",7.12,0.93
"7.12-136,3,233,226,168,73",11.0,4.0,69.0,"136,3,233,226,168,73",7.12,11.0
"7.12-100,173,164,125,159,153",6.52,2.0,2.0,"100,173,164,125,159,153",7.12,6.52
"7.12-168,164,125,159,153,152",7.22,3.0,17.0,"168,164,125,159,153,152",7.12,7.22
"7.12-160,157,193,211,143,65",7.0,3.0,23.0,"160,157,193,211,143,65",7.12,7.0
"7.12-100,168,164,125,159,153",6.3,2.0,2.0,"100,168,164,125,159,153",7.12,6.3
"7.12-164,164,125,159,153,152",9.32,2.0,6.0,"164,164,125,159,153,152",7.12,9.32
"7.12-164,4,207,140,11,128",2.12,1.0,2.0,"164,4,207,140,11,128",7.12,2.12
"7.12-164,80,70,27,140,33",12.08,7.0,303.0,"164,80,70,27,140,33",7.12,12.08
"7.12-164,104,160,62,174,96",9.1,2.0,7.0,"164,104,160,62,174,96",7.12,9.1
"7.12-164,86,34,94,53,30",9.45,3.0,15.0,"164,86,34,94,53,30",7.12,9.45
"7.12-160,62,174,96,98,164",9.25,3.0,9.0,"160,62,174,96,98,164",7.12,9.25
"7.12-160,62,174,96,98,175",8.18,3.0,4.0,"160,62,174,96,98,175",7.12,8.18
"7.12-160,62,174,96,98,160",9.72,2.0,3.0,"160,62,174,96,98,160",7.12,9.72
"7.12-160,62,174,96,98,161",10.48,2.0,5.0,"160,62,174,96,98,161",7.12,10.48
"7.12-176,154,151,204,174,182",8.5,1.0,8.0,"176,154,151,204,174,182",7.12,8.5
"7.12-164,208,151,254,41,36",9.47,2.0,9.0,"164,208,151,254,41,36",7.12,9.47
"7.12-168,88,198,240,41,58",8.63,1.0,5.0,"168,88,198,240,41,58",7.12,8.63
"7.12-164,8,250,121,45,167",11.38,2.0,14.0,"164,8,250,121,45,167",7.12,11.38
"7.12-20,15,46,89,154,165",6.98,2.0,2.0,"20,15,46,89,154,165",7.12,6.98
"7.12-72,250,121,45,167,67",12.37,2.0,3.0,"72,250,121,45,167,67",7.12,12.37
"7.12-212,131,4,236,83,154",11.12,2.0,8.0,"212,131,4,236,83,154",7.12,11.12
"7.12-156,116,3,24,100,145",10.82,8.0,528.0,"156,116,3,24,100,145",7.12,10.82
"7.12-196,152,92,41,196,143",11.8,3.0,86.0,"196,152,92,41,196,143",7.12,11.8
"7.12-32,50,51,210,64,61",10.87,2.0,8.0,"32,50,51,210,64,61",7.12,10.87
"7.12-140,31,52,191,11,160",10.37,3.0,4.0,"140,31,52,191,11,160",7.12,10.37
"7.12-180,86,34,94,53,30",9.58,2.0,5.0,"180,86,34,94,53,30",7.12,9.58
"7.12-20,15,46,89,154,163",4.53,2.0,2.0,"20,15,46,89,154,163",7.12,4.53
"7.12-44,233,231,91,167,124",8.32,2.0,3.0,"44,233,231,91,167,124",7.12,8.32
"7.12-44,233,231,91,170,1",1.98,1.0,2.0,"44,233,231,91,170,1",7.12,1.98
"7.12-92,240,144,185,104,48",9.1,2.0,4.0,"92,240,144,185,104,48",7.12,9.1
"7.12-168,226,195,233,6,76",11.4,2.0,6.0,"168,226,195,233,6,76",7.12,11.4
"7.12-152,59,103,48,125,41",12.27,2.0,7.0,"152,59,103,48,125,41",7.12,12.27
"7.12-92,74,31,185,183,247",12.55,2.0,13.0,"92,74,31,185,183,247",7.12,12.55
"7.12-248,135,241,149,138,83",12.7,7.0,637.0,"248,135,241,149,138,83",7.12,12.7
"7.12-252,171,144,115,155,102",11.45,2.0,10.0,"252,171,144,115,155,102",7.12,11.45
"7.12-160,154,151,204,174,182",9.23,2.0,6.0,"160,154,151,204,174,182",7.12,9.23
"7.12-172,164,111,65,172,165",5.48,2.0,2.0,"172,164,111,65,172,165",7.12,5.48
"7.12-124,161,119,225,7,54",10.43,4.0,300.0,"124,161,119,225,7,54",7.12,10.43
"7.12-64,140,31,52,183,11",8.73,2.0,5.0,"64,140,31,52,183,11",7.12,8.73
"7.12-240,89,142,53,168,1",7.77,1.0,3.0,"240,89,142,53,168,1",7.12,7.77
"7.12-164,80,143,76,102,201",7.45,2.0,4.0,"164,80,143,76,102,201",7.12,7.45
"7.12-228,125,159,153,152,106",12.5,4.0,10.0,"228,125,159,153,152,106",7.12,12.5
"7.12-168,110,168,60,136,95",7.73,2.0,7.0,"168,110,168,60,136,95",7.12,7.73
"7.12-220,245,5,135,188,48",12.03,2.0,162.0,"220,245,5,135,188,48",7.12,12.03
"7.12-168,60,136,95,198,168",7.08,1.0,7.0,"168,60,136,95,198,168",7.12,7.08
"7.12-168,60,136,95,198,162",7.43,1.0,8.0,"168,60,136,95,198,162",7.12,7.43
"7.12-64,67,240,215,21,166",3.22,1.0,2.0,"64,67,240,215,21,166",7.12,3.22
"7.12-168,60,136,95,198,167",7.43,2.0,8.0,"168,60,136,95,198,167",7.12,7.43
"7.12-244,96,226,16,224,222",5.08,2.0,4.0,"244,96,226,16,224,222",7.12,5.08
"7.12-196,64,246,34,203,41",7.0,3.0,134.0,"196,64,246,34,203,41",7.12,7.0
"7.12-76,102,201,25,172,220",7.8,2.0,2.0,"76,102,201,25,172,220",7.12,7.8
"7.12-80,141,76,102,201,25",5.75,2.0,2.0,"80,141,76,102,201,25",7.12,5.75
"7.12-180,80,143,76,102,201",7.08,1.0,13.0,"180,80,143,76,102,201",7.12,7.08
"7.12-184,80,143,76,102,201",7.82,2.0,14.0,"184,80,143,76,102,201",7.12,7.82
"7.12-164,110,247,96,234,205",5.02,2.0,2.0,"164,110,247,96,234,205",7.12,5.02
"7.12-80,143,76,102,73,25",7.82,1.0,2.0,"80,143,76,102,73,25",7.12,7.82
"7.12-104,48,184,80,143,76",7.82,2.0,3.0,"104,48,184,80,143,76",7.12,7.82
"7.12-168,220,240,144,185,104",11.98,2.0,21.0,"168,220,240,144,185,104",7.12,11.98
"7.12-36,17,69,161,48,93",9.18,2.0,3.0,"36,17,69,161,48,93",7.12,9.18
"7.12-240,89,142,53,167,51",4.67,2.0,2.0,"240,89,142,53,167,51",7.12,4.67
"7.12-240,89,142,53,176,1",4.42,1.0,2.0,"240,89,142,53,176,1",7.12,4.42
"7.12-164,186,139,84,42,35",7.57,1.0,2.0,"164,186,139,84,42,35",7.12,7.57
"7.12-152,106,160,4,207,140",6.4,2.0,2.0,"152,106,160,4,207,140",7.12,6.4
"7.12-160,64,140,31,52,191",9.12,3.0,5.0,"160,64,140,31,52,191",7.12,9.12
"7.12-164,32,50,51,210,96",13.02,3.0,22.0,"164,32,50,51,210,96",7.12,13.02
"7.12-168,184,55,101,29,72",8.23,1.0,8.0,"168,184,55,101,29,72",7.12,8.23
"7.12-160,180,71,245,166,44",11.68,3.0,7.0,"160,180,71,245,166,44",7.12,11.68
"7.12-96,50,51,210,96,61",9.78,2.0,3.0,"96,50,51,210,96,61",7.12,9.78
"7.12-96,61,166,184,55,101",7.65,1.0,2.0,"96,61,166,184,55,101",7.12,7.65
"7.12-252,87,77,30,202,161",9.47,1.0,2.0,"252,87,77,30,202,161",7.12,9.47
"7.12-164,48,74,38,133,29",10.48,1.0,6.0,"164,48,74,38,133,29",7.12,10.48
"7.12-176,114,233,219,38,184",8.02,3.0,3.0,"176,114,233,219,38,184",7.12,8.02
"7.12-164,180,71,245,166,44",8.78,3.0,4.0,"164,180,71,245,166,44",7.12,8.78
"7.12-172,88,198,240,41,58",7.47,2.0,2.0,"172,88,198,240,41,58",7.12,7.47
"7.12-252,124,2,134,99,96",12.23,3.0,99.0,"252,124,2,134,99,96",7.12,12.23
"7.12-48,75,38,133,29,213",11.57,2.0,11.0,"48,75,38,133,29,213",7.12,11.57
"7.12-204,174,182,173,161,8",9.02,2.0,2.0,"204,174,182,173,161,8",7.12,9.02
"7.12-164,20,94,105,93,76",6.55,1.0,2.0,"164,20,94,105,93,76",7.12,6.55
"7.12-160,62,174,96,98,159",8.17,2.0,2.0,"160,62,174,96,98,159",7.12,8.17
"7.12-160,28,209,7,152,33",10.03,2.0,6.0,"160,28,209,7,152,33",7.12,10.03
"7.12-176,8,250,121,45,167",9.95,1.0,3.0,"176,8,250,121,45,167",7.12,9.95
"7.12-164,82,37,35,140,128",13.03,2.0,2.0,"164,82,37,35,140,128",7.12,13.03
"7.12-24,242,44,249,231,91",6.43,3.0,3.0,"24,242,44,249,231,91",7.12,6.43
"7.12-12,75,84,85,61,8",11.2,4.0,10.0,"12,75,84,85,61,8",7.12,11.2
"7.12-252,107,112,89,142,53",10.43,3.0,9.0,"252,107,112,89,142,53",7.12,10.43
"7.12-76,213,119,170,111,119",13.02,1.0,29.0,"76,213,119,170,111,119",7.12,13.02
"7.12-156,116,3,130,126,7",13.28,6.0,234.0,"156,116,3,130,126,7",7.12,13.28
"7.12-224,55,191,183,220,186",10.7,2.0,390.0,"224,55,191,183,220,186",7.12,10.7
"7.12-76,121,110,78,156,206",13.28,3.0,1278.0,"76,121,110,78,156,206",7.12,13.28
"7.12-116,3,130,126,7,163",4.43,1.0,3.0,"116,3,130,126,7,163",7.12,4.43
"7.12-140,170,206,161,68,84",13.05,8.0,1270.0,"140,170,206,161,68,84",7.12,13.05
"7.12-164,80,70,102,229,159",12.75,7.0,561.0,"164,80,70,102,229,159",7.12,12.75
"7.12-4,237,51,58,71,236",13.28,2.0,499.0,"4,237,51,58,71,236",7.12,13.28
"7.12-80,70,102,229,159,165",6.78,2.0,2.0,"80,70,102,229,159,165",7.12,6.78
"7.12-164,248,45,124,72,127",10.58,2.0,2.0,"164,248,45,124,72,127",7.12,10.58
"7.12-160,172,115,82,76,172",9.37,2.0,6.0,"160,172,115,82,76,172",7.12,9.37
"7.12-32,18,51,210,96,61",10.03,2.0,8.0,"32,18,51,210,96,61",7.12,10.03
"7.12-4,207,140,11,128,58",12.18,4.0,9.0,"4,207,140,11,128,58",7.12,12.18
"7.12-112,26,81,118,159,27",10.1,2.0,6.0,"112,26,81,118,159,27",7.12,10.1
"7.12-164,126,21,95,1,139",10.4,3.0,5.0,"164,126,21,95,1,139",7.12,10.4
"7.12-20,94,73,93,76,199",9.43,1.0,3.0,"20,94,73,93,76,199",7.12,9.43
"7.12-160,8,250,121,45,167",13.48,2.0,8.0,"160,8,250,121,45,167",7.12,13.48
"7.12-164,240,27,108,132,118",9.7,1.0,3.0,"164,240,27,108,132,118",7.12,9.7
"7.12-148,54,32,44,55,164",12.2,2.0,5.0,"148,54,32,44,55,164",7.12,12.2
"7.12-96,61,164,86,34,94",10.47,2.0,3.0,"96,61,164,86,34,94",7.12,10.47
"7.12-168,172,115,82,76,172",8.05,3.0,5.0,"168,172,115,82,76,172",7.12,8.05
"7.12-164,112,58,81,118,159",10.25,2.0,10.0,"164,112,58,81,118,159",7.12,10.25
"7.12-32,50,55,210,96,61",12.75,2.0,4.0,"32,50,55,210,96,61",7.12,12.75
"7.12-56,255,20,50,26,70",12.77,1.0,3.0,"56,255,20,50,26,70",7.12,12.77
"7.12-172,115,82,76,140,89",9.3,1.0,2.0,"172,115,82,76,140,89",7.12,9.3
"7.12-8,250,121,45,231,67",11.78,2.0,8.0,"8,250,121,45,231,67",7.12,11.78
"7.12-152,151,204,174,182,173",11.0,3.0,5.0,"152,151,204,174,182,173",7.12,11.0
"7.12-160,156,95,90,12,124",9.9,3.0,10.0,"160,156,95,90,12,124",7.12,9.9
"7.12-252,213,161,248,45,124",8.15,1.0,2.0,"252,213,161,248,45,124",7.12,8.15
"7.12-164,110,168,60,136,95",9.9,1.0,6.0,"164,110,168,60,136,95",7.12,9.9
"7.12-124,125,61,133,238,241",10.27,2.0,6.0,"124,125,61,133,238,241",7.12,10.27
"7.12-52,17,69,161,50,93",10.0,2.0,3.0,"52,17,69,161,50,93",7.12,10.0
"7.12-236,193,163,217,136,197",11.1,1.0,3.0,"236,193,163,217,136,197",7.12,11.1
"7.12-56,251,20,50,18,70",6.68,2.0,2.0,"56,251,20,50,18,70",7.12,6.68
"7.12-236,1,238,73,129,10",13.1,1.0,91.0,"236,1,238,73,129,10",7.12,13.1
"7.12-172,220,240,144,185,104",8.72,1.0,2.0,"172,220,240,144,185,104",7.12,8.72
"7.12-144,185,104,48,171,1",10.93,1.0,5.0,"144,185,104,48,171,1",7.12,10.93
"7.12-240,144,185,104,48,170",10.58,2.0,6.0,"240,144,185,104,48,170",7.12,10.58
"7.12-240,144,185,104,48,164",10.93,2.0,9.0,"240,144,185,104,48,164",7.12,10.93
"7.12-240,144,185,104,48,172",8.72,1.0,6.0,"240,144,185,104,48,172",7.12,8.72
"7.12-136,191,228,175,202,9",14.03,9.0,317.0,"136,191,228,175,202,9",7.12,14.03
"7.12-172,36,17,69,161,50",11.82,3.0,6.0,"172,36,17,69,161,50",7.12,11.82
"7.12-172,112,58,81,118,159",9.73,2.0,8.0,"172,112,58,81,118,159",7.12,9.73
"7.12-160,62,174,96,98,176",10.0,3.0,4.0,"160,62,174,96,98,176",7.12,10.0
"7.12-172,28,209,7,152,33",11.03,2.0,5.0,"172,28,209,7,152,33",7.12,11.03
"7.12-160,112,58,81,118,159",9.77,1.0,2.0,"160,112,58,81,118,159",7.12,9.77
"7.12-160,62,174,96,98,163",12.62,2.0,4.0,"160,62,174,96,98,163",7.12,12.62
"7.12-164,154,151,204,174,182",11.37,2.0,2.0,"164,154,151,204,174,182",7.12,11.37
"7.12-168,60,136,95,198,163",10.3,1.0,6.0,"168,60,136,95,198,163",7.12,10.3
"7.12-168,60,136,95,198,171",11.77,2.0,5.0,"168,60,136,95,198,171",7.12,11.77
"7.12-160,86,159,174,104,143",8.65,2.0,4.0,"160,86,159,174,104,143",7.12,8.65
"7.12-164,86,159,174,104,143",11.3,2.0,6.0,"164,86,159,174,104,143",7.12,11.3
"7.12-124,73,163,218,161,25",8.53,2.0,2.0,"124,73,163,218,161,25",7.12,8.53
"7.12-168,60,136,95,198,164",11.77,2.0,9.0,"168,60,136,95,198,164",7.12,11.77
"7.12-168,60,136,95,198,170",8.2,1.0,5.0,"168,60,136,95,198,170",7.12,8.2
"7.12-168,60,136,95,198,161",4.85,1.0,2.0,"168,60,136,95,198,161",7.12,4.85
"7.12-12,124,73,161,218,161",8.02,2.0,2.0,"12,124,73,161,218,161",7.12,8.02
"7.12-60,165,156,95,90,12",8.93,2.0,2.0,"60,165,156,95,90,12",7.12,8.93
"7.12-172,184,55,101,29,72",8.2,1.0,5.0,"172,184,55,101,29,72",7.12,8.2
"7.12-164,124,125,61,133,174",13.97,3.0,16.0,"164,124,125,61,133,174",7.12,13.97
"7.12-184,148,54,48,44,55",9.88,1.0,2.0,"184,148,54,48,44,55",7.12,9.88
"7.12-148,54,32,44,55,169",10.77,1.0,2.0,"148,54,32,44,55,169",7.12,10.77
"7.12-148,54,32,44,55,162",7.83,2.0,2.0,"148,54,32,44,55,162",7.12,7.83
"7.12-88,198,240,57,58,135",7.82,1.0,2.0,"88,198,240,57,58,135",7.12,7.82
"7.12-176,241,236,211,105,14",8.68,1.0,12.0,"176,241,236,211,105,14",7.12,8.68
"7.12-48,74,38,133,29,85",11.48,2.0,5.0,"48,74,38,133,29,85",7.12,11.48
"7.12-108,247,132,46,111,88",6.9,2.0,2.0,"108,247,132,46,111,88",7.12,6.9
"7.12-124,107,240,89,142,53",12.57,2.0,6.0,"124,107,240,89,142,53",7.12,12.57
"7.12-72,149,7,30,171,33",14.27,3.0,17.0,"72,149,7,30,171,33",7.12,14.27
"7.12-156,174,211,194,70,96",13.33,2.0,27.0,"156,174,211,194,70,96",7.12,13.33
"7.12-44,21,225,16,68,88",12.25,1.0,4.0,"44,21,225,16,68,88",7.12,12.25
"7.12-108,177,88,58,181,202",14.22,5.0,18.0,"108,177,88,58,181,202",7.12,14.22
"7.12-124,125,61,133,174,113",10.37,3.0,3.0,"124,125,61,133,174,113",7.12,10.37
"7.12-252,107,240,89,14,53",10.5,2.0,4.0,"252,107,240,89,14,53",7.12,10.5
"7.12-240,89,142,53,177,1",5.98,1.0,2.0,"240,89,142,53,177,1",7.12,5.98
"7.12-172,164,125,159,153,152",9.02,1.0,7.0,"172,164,125,159,153,152",7.12,9.02
"7.12-64,140,31,206,167,149",14.0,1.0,2.0,"64,140,31,206,167,149",7.12,14.0
"7.12-160,110,168,60,136,95",11.47,2.0,7.0,"160,110,168,60,136,95",7.12,11.47
"7.12-168,60,136,95,198,166",9.37,1.0,8.0,"168,60,136,95,198,166",7.12,9.37
"7.12-168,60,136,95,198,165",10.82,2.0,9.0,"168,60,136,95,198,165",7.12,10.82
"7.12-168,226,195,232,204,104",11.37,2.0,2.0,"168,226,195,232,204,104",7.12,11.37
"7.12-160,62,174,96,98,167",13.42,2.0,6.0,"160,62,174,96,98,167",7.12,13.42
"7.12-160,62,174,96,98,173",10.68,2.0,6.0,"160,62,174,96,98,173",7.12,10.68
"7.12-96,61,160,124,125,61",11.5,2.0,2.0,"96,61,160,124,125,61",7.12,11.5
"7.12-172,104,160,62,174,96",11.15,1.0,5.0,"172,104,160,62,174,96",7.12,11.15
"7.12-160,62,174,96,98,162",10.88,2.0,6.0,"160,62,174,96,98,162",7.12,10.88
"7.12-8,248,121,45,167,67",10.72,2.0,2.0,"8,248,121,45,167,67",7.12,10.72
"7.12-172,86,34,94,53,30",11.77,2.0,6.0,"172,86,34,94,53,30",7.12,11.77
"7.12-32,50,51,210,96,29",10.63,2.0,5.0,"32,50,51,210,96,29",7.12,10.63
"7.12-8,179,175,7,212,61",10.32,2.0,13.0,"8,179,175,7,212,61",7.12,10.32
"7.12-76,111,156,154,6,215",11.53,3.0,177.0,"76,111,156,154,6,215",7.12,11.53
"7.12-56,252,152,142,93,110",14.72,3.0,326.0,"56,252,152,142,93,110",7.12,14.72
"7.12-164,140,170,206,161,68",11.93,2.0,2.0,"164,140,170,206,161,68",7.12,11.93
"7.12-164,252,107,240,89,142",9.13,1.0,3.0,"164,252,107,240,89,142",7.12,9.13
"7.12-72,70,193,18,28,223",14.72,2.0,1440.0,"72,70,193,18,28,223",7.12,14.72
"7.12-220,240,144,249,104,48",14.03,2.0,6.0,"220,240,144,249,104,48",7.12,14.03
"7.12-72,76,134,151,123,179",11.92,2.0,15.0,"72,76,134,151,123,179",7.12,11.92
"7.12-4,207,12,11,128,186",10.42,3.0,5.0,"4,207,12,11,128,186",7.12,10.42
"7.12-164,201,57,205,13,69",12.73,7.0,89.0,"164,201,57,205,13,69",7.12,12.73
"7.12-204,102,10,209,112,18",11.67,1.0,26.0,"204,102,10,209,112,18",7.12,11.67
"7.12-168,48,69,150,180,24",6.02,1.0,2.0,"168,48,69,150,180,24",7.12,6.02
"7.12-172,93,92,15,83,168",14.9,3.0,278.0,"172,93,92,15,83,168",7.12,14.9
"7.12-144,120,65,31,69,55",14.75,3.0,566.0,"144,120,65,31,69,55",7.12,14.75
"7.12-184,99,146,169,68,54",14.52,1.0,23.0,"184,99,146,169,68,54",7.12,14.52
"7.12-28,2,25,109,232,179",14.67,3.0,46.0,"28,2,25,109,232,179",7.12,14.67
"7.12-104,250,185,90,111,164",12.6,2.0,2.0,"104,250,185,90,111,164",7.12,12.6
"7.12-220,186,162,212,187,200",6.85,2.0,2.0,"220,186,162,212,187,200",7.12,6.85
"7.12-212,187,200,3,91,23",13.12,7.0,346.0,"212,187,200,3,91,23",7.12,13.12
"7.12-116,76,161,98,31,201",14.97,2.0,400.0,"116,76,161,98,31,201",7.12,14.97
"7.12-156,245,49,209,69,163",12.77,7.0,38.0,"156,245,49,209,69,163",7.12,12.77
"7.12-148,144,52,42,136,89",12.92,6.0,144.0,"148,144,52,42,136,89",7.12,12.92
"7.12-160,10,2,230,91,252",11.43,2.0,4.0,"160,10,2,230,91,252",7.12,11.43
"7.12-172,164,111,65,172,163",9.82,3.0,4.0,"172,164,111,65,172,163",7.12,9.82
"7.12-120,65,31,69,55,172",9.4,2.0,2.0,"120,65,31,69,55,172",7.12,9.4
"7.12-204,8,251,70,125,190",13.38,5.0,7.0,"204,8,251,70,125,190",7.12,13.38
"7.12-64,156,31,142,167,149",14.82,1.0,3.0,"64,156,31,142,167,149",7.12,14.82
"7.12-36,82,106,59,81,232",14.4,2.0,3.0,"36,82,106,59,81,232",7.12,14.4
"7.12-240,89,142,53,168,112",9.22,2.0,2.0,"240,89,142,53,168,112",7.12,9.22
"7.12-44,204,230,183,227,122",12.92,2.0,5.0,"44,204,230,183,227,122",7.12,12.92
"7.12-172,146,50,67,121,50",11.9,9.0,143.0,"172,146,50,67,121,50",7.12,11.9
"7.12-160,48,74,38,133,29",11.32,2.0,3.0,"160,48,74,38,133,29",7.12,11.32
"7.12-160,82,228,115,255,53",12.33,2.0,2.0,"160,82,228,115,255,53",7.12,12.33
"7.12-164,156,116,3,24,100",9.43,1.0,2.0,"164,156,116,3,24,100",7.12,9.43
"7.12-136,95,198,161,248,45",11.25,2.0,2.0,"136,95,198,161,248,45",7.12,11.25
"7.12-168,10,2,230,91,252",11.63,2.0,4.0,"168,10,2,230,91,252",7.12,11.63
"7.12-36,50,51,210,96,61",13.37,2.0,4.0,"36,50,51,210,96,61",7.12,13.37
"7.12-172,172,115,82,76,172",12.58,2.0,2.0,"172,172,115,82,76,172",7.12,12.58
"7.12-196,64,246,63,76,187",6.27,3.0,3.0,"196,64,246,63,76,187",7.12,6.27
"7.12-180,173,163,89,69,117",12.73,2.0,3.0,"180,173,163,89,69,117",7.12,12.73
"7.12-84,167,3,191,88,22",14.68,2.0,6.0,"84,167,3,191,88,22",7.12,14.68
"7.12-164,4,80,213,195,23",14.7,5.0,35.0,"164,4,80,213,195,23",7.12,14.7
"7.12-164,201,57,25,43,253",12.52,2.0,2.0,"164,201,57,25,43,253",7.12,12.52
"7.12-64,246,34,203,41,169",7.0,1.0,2.0,"64,246,34,203,41,169",7.12,7.0
"7.12-128,186,83,64,235,169",6.32,1.0,2.0,"128,186,83,64,235,169",7.12,6.32
"7.12-240,144,185,104,48,165",9.8,2.0,2.0,"240,144,185,104,48,165",7.12,9.8
"7.12-104,48,166,82,128,186",9.5,2.0,2.0,"104,48,166,82,128,186",7.12,9.5
"7.12-164,220,240,144,185,104",13.97,3.0,12.0,"164,220,240,144,185,104",7.12,13.97
"7.12-240,144,185,104,48,167",12.03,1.0,5.0,"240,144,185,104,48,167",7.12,12.03
"7.12-12,147,143,206,149,155",13.27,8.0,329.0,"12,147,143,206,149,155",7.12,13.27
"7.12-16,246,5,136,198,53",13.05,6.0,35.0,"16,246,5,136,198,53",7.12,13.05
"7.12-176,223,193,193,47,17",13.23,6.0,17.0,"176,223,193,193,47,17",7.12,13.23
"7.12-76,161,98,31,201,171",6.98,1.0,2.0,"76,161,98,31,201,171",7.12,6.98
"7.12-168,112,138,9,131,175",11.67,2.0,3.0,"168,112,138,9,131,175",7.12,11.67
"7.12-32,40,62,78,237,188",15.05,2.0,15.0,"32,40,62,78,237,188",7.12,15.05
"7.12-32,50,51,82,96,61",12.77,3.0,9.0,"32,50,51,82,96,61",7.12,12.77
"7.12-160,190,234,192,191,84",13.93,2.0,5.0,"160,190,234,192,191,84",7.12,13.93
"7.12-196,64,246,220,81,179",12.63,3.0,78.0,"196,64,246,220,81,179",7.12,12.63
"7.12-164,118,229,160,225,193",12.07,2.0,4.0,"164,118,229,160,225,193",7.12,12.07
"7.12-172,10,2,230,91,252",7.95,1.0,2.0,"172,10,2,230,91,252",7.12,7.95
"7.12-160,22,245,196,49,236",6.72,1.0,2.0,"160,22,245,196,49,236",7.12,6.72
"7.12-168,32,50,51,210,96",8.3,2.0,2.0,"168,32,50,51,210,96",7.12,8.3
"7.12-20,94,105,220,154,7",6.83,2.0,2.0,"20,94,105,220,154,7",7.12,6.83
"7.12-160,112,138,9,131,175",11.47,1.0,2.0,"160,112,138,9,131,175",7.12,11.47
"7.12-116,242,250,31,57,102",13.95,3.0,9.0,"116,242,250,31,57,102",7.12,13.95
"7.12-168,114,233,219,38,184",9.83,2.0,3.0,"168,114,233,219,38,184",7.12,9.83
"7.12-52,113,70,159,232,68",6.93,2.0,2.0,"52,113,70,159,232,68",7.12,6.93
"7.12-168,86,34,94,53,30",12.37,3.0,13.0,"168,86,34,94,53,30",7.12,12.37
"7.12-164,112,71,233,44,21",13.95,2.0,9.0,"164,112,71,233,44,21",7.12,13.95
"7.12-168,92,255,255,144,7",7.65,1.0,2.0,"168,92,255,255,144,7",7.12,7.65
"7.12-148,54,32,44,55,179",14.22,2.0,3.0,"148,54,32,44,55,179",7.12,14.22
"7.12-204,174,182,173,165,86",11.0,2.0,3.0,"204,174,182,173,165,86",7.12,11.0
"7.12-172,82,37,35,140,128",7.32,1.0,2.0,"172,82,37,35,140,128",7.12,7.32
"7.12-80,140,31,52,191,11",12.78,2.0,3.0,"80,140,31,52,191,11",7.12,12.78
"7.12-160,86,34,94,53,30",13.4,3.0,7.0,"160,86,34,94,53,30",7.12,13.4
"7.12-176,64,140,31,52,191",12.17,2.0,2.0,"176,64,140,31,52,191",7.12,12.17
"7.12-124,125,29,133,174,241",11.57,2.0,5.0,"124,125,29,133,174,241",7.12,11.57
"7.12-204,174,182,173,163,180",8.62,2.0,2.0,"204,174,182,173,163,180",7.12,8.62
"7.12-160,62,174,96,98,172",11.97,2.0,6.0,"160,62,174,96,98,172",7.12,11.97
"7.12-20,94,105,93,77,199",10.52,2.0,4.0,"20,94,105,93,77,199",7.12,10.52
"7.12-224,101,165,104,160,62",12.03,2.0,2.0,"224,101,165,104,160,62",7.12,12.03
"7.12-160,62,174,96,98,179",12.25,1.0,2.0,"160,62,174,96,98,179",7.12,12.25
"7.12-76,24,154,44,218,251",14.78,1.0,15.0,"76,24,154,44,218,251",7.12,14.78
"7.12-176,126,17,39,195,207",7.83,7.0,9.0,"176,126,17,39,195,207",7.12,7.83
"7.12-84,14,88,109,169,239",7.38,3.0,30.0,"84,14,88,109,169,239",7.12,7.38
"7.12-28,70,125,50,93,223",8.18,1.0,3.0,"28,70,125,50,93,223",7.12,8.18
"7.12-252,107,240,93,142,53",15.23,2.0,9.0,"252,107,240,93,142,53",7.12,15.23
"7.12-28,209,7,24,33,91",13.45,2.0,4.0,"28,209,7,24,33,91",7.12,13.45
"7.12-80,143,76,102,201,17",12.9,2.0,7.0,"80,143,76,102,201,17",7.12,12.9
"7.12-164,212,187,200,3,91",10.55,2.0,2.0,"164,212,187,200,3,91",7.12,10.55
"7.12-176,48,69,150,180,24",10.13,1.0,2.0,"176,48,69,150,180,24",7.12,10.13
"7.12-172,164,111,65,172,173",13.02,3.0,4.0,"172,164,111,65,172,173",7.12,13.02
"7.12-16,177,248,92,211,109",13.85,6.0,474.0,"16,177,248,92,211,109",7.12,13.85
"7.12-172,164,111,65,172,162",8.92,2.0,2.0,"172,164,111,65,172,162",7.12,8.92
"7.12-160,16,177,248,92,211",10.12,2.0,2.0,"160,16,177,248,92,211",7.12,10.12
"7.12-148,54,32,44,55,175",14.23,3.0,3.0,"148,54,32,44,55,175",7.12,14.23
"7.12-28,209,7,152,33,95",10.7,2.0,2.0,"28,209,7,152,33,95",7.12,10.7
"7.12-208,110,152,171,43,95",11.3,7.0,19.0,"208,110,152,171,43,95",7.12,11.3
"7.12-16,163,164,125,159,153",12.77,2.0,2.0,"16,163,164,125,159,153",7.12,12.77
"7.12-172,164,111,65,172,169",10.15,1.0,2.0,"172,164,111,65,172,169",7.12,10.15
"7.12-204,174,182,173,175,1",9.15,1.0,3.0,"204,174,182,173,175,1",7.12,9.15
"7.12-240,144,185,104,48,160",14.63,2.0,6.0,"240,144,185,104,48,160",7.12,14.63
"7.12-76,102,201,25,160,220",9.25,1.0,2.0,"76,102,201,25,160,220",7.12,9.25
"7.12-240,144,185,104,48,159",9.77,1.0,3.0,"240,144,185,104,48,159",7.12,9.77
"7.12-160,105,116,245,102,94",8.18,6.0,26.0,"160,105,116,245,102,94",7.12,8.18
"7.12-168,60,134,209,115,214",13.02,2.0,6.0,"168,60,134,209,115,214",7.12,13.02
"7.12-96,98,162,86,34,94",11.73,2.0,2.0,"96,98,162,86,34,94",7.12,11.73
"7.12-104,160,62,174,96,99",11.73,2.0,2.0,"104,160,62,174,96,99",7.12,11.73
"7.12-88,100,186,101,140,144",12.65,2.0,5.0,"88,100,186,101,140,144",7.12,12.65
"7.12-48,123,172,71,127,116",14.25,3.0,4.0,"48,123,172,71,127,116",7.12,14.25
"7.12-32,40,62,78,233,36",13.98,2.0,19.0,"32,40,62,78,233,36",7.12,13.98
"7.12-48,123,172,71,160,113",14.42,4.0,19.0,"48,123,172,71,160,113",7.12,14.42
"7.12-80,135,76,102,201,25",13.47,2.0,7.0,"80,135,76,102,201,25",7.12,13.47
"7.12-88,102,186,101,140,208",13.78,2.0,3.0,"88,102,186,101,140,208",7.12,13.78
"7.12-44,93,52,13,81,65",12.93,4.0,6.0,"44,93,52,13,81,65",7.12,12.93
"7.12-88,102,186,101,140,16",12.72,2.0,3.0,"88,102,186,101,140,16",7.12,12.72
"7.12-12,75,84,85,60,206",14.12,2.0,3.0,"12,75,84,85,60,206",7.12,14.12
"7.12-80,143,76,102,201,89",13.35,2.0,6.0,"80,143,76,102,201,89",7.12,13.35
"7.12-56,123,20,50,26,70",12.03,2.0,2.0,"56,123,20,50,26,70",7.12,12.03
"7.12-160,164,125,159,153,152",13.27,2.0,4.0,"160,164,125,159,153,152",7.12,13.27
"7.12-252,87,77,30,202,166",12.13,2.0,4.0,"252,87,77,30,202,166",7.12,12.13
"7.12-96,160,62,174,96,98",12.33,3.0,5.0,"96,160,62,174,96,98",7.12,12.33
"7.12-64,140,31,158,167,149",15.35,3.0,3.0,"64,140,31,158,167,149",7.12,15.35
"7.12-48,69,148,180,24,101",12.17,2.0,3.0,"48,69,148,180,24,101",7.12,12.17
"7.12-104,160,62,174,97,98",12.83,2.0,6.0,"104,160,62,174,97,98",7.12,12.83
"7.12-12,124,73,168,164,125",10.45,2.0,2.0,"12,124,73,168,164,125",7.12,10.45
"7.12-160,156,116,3,24,100",13.17,3.0,5.0,"160,156,116,3,24,100",7.12,13.17
"7.12-152,33,91,164,8,250",12.98,1.0,2.0,"152,33,91,164,8,250",7.12,12.98
"7.12-160,62,174,96,98,181",12.85,1.0,2.0,"160,62,174,96,98,181",7.12,12.85
"7.12-160,62,174,96,98,165",11.77,3.0,3.0,"160,62,174,96,98,165",7.12,11.77
"7.12-80,207,76,102,201,25",12.85,2.0,6.0,"80,207,76,102,201,25",7.12,12.85
"7.12-180,71,245,182,44,220",13.38,1.0,4.0,"180,71,245,182,44,220",7.12,13.38
"7.12-220,213,5,135,187,95",13.32,2.0,2.0,"220,213,5,135,187,95",7.12,13.32
"7.12-8,2,230,91,252,60",10.75,2.0,3.0,"8,2,230,91,252,60",7.12,10.75
"7.12-164,125,31,153,152,106",13.85,2.0,5.0,"164,125,31,153,152,106",7.12,13.85
"7.12-96,61,166,86,34,94",13.13,2.0,2.0,"96,61,166,86,34,94",7.12,13.13
"7.12-236,65,171,217,136,197",13.18,1.0,3.0,"236,65,171,217,136,197",7.12,13.18
"7.12-160,8,250,121,194,19",15.12,1.0,5.0,"160,8,250,121,194,19",7.12,15.12
"7.12-80,143,76,102,217,25",13.75,2.0,8.0,"80,143,76,102,217,25",7.12,13.75
"7.12-88,102,186,101,140,148",13.45,2.0,5.0,"88,102,186,101,140,148",7.12,13.45
"7.12-164,125,159,153,24,106",15.18,1.0,4.0,"164,125,159,153,24,106",7.12,15.18
"7.12-76,102,201,25,170,1",11.07,1.0,4.0,"76,102,201,25,170,1",7.12,11.07
"7.12-76,102,201,25,172,1",10.82,1.0,6.0,"76,102,201,25,172,1",7.12,10.82
"7.12-76,102,201,25,171,1",10.17,1.0,3.0,"76,102,201,25,171,1",7.12,10.17
"7.12-96,98,165,86,34,94",8.93,1.0,2.0,"96,98,165,86,34,94",7.12,8.93
"7.12-148,54,32,44,55,163",10.52,2.0,2.0,"148,54,32,44,55,163",7.12,10.52
"7.12-140,31,52,191,11,166",12.47,2.0,4.0,"140,31,52,191,11,166",7.12,12.47
"7.12-160,62,174,96,98,178",14.93,3.0,6.0,"160,62,174,96,98,178",7.12,14.93
"7.12-180,252,107,240,89,142",12.52,1.0,2.0,"180,252,107,240,89,142",7.12,12.52
"7.12-252,107,240,89,134,53",11.85,1.0,3.0,"252,107,240,89,134,53",7.12,11.85
"7.12-56,71,188,9,136,174",9.05,5.0,8.0,"56,71,188,9,136,174",7.12,9.05
"7.12-32,50,51,210,112,61",15.52,3.0,11.0,"32,50,51,210,112,61",7.12,15.52
"7.12-48,74,54,133,29,213",16.15,4.0,13.0,"48,74,54,133,29,213",7.12,16.15
"7.12-252,107,240,89,142,117",14.75,2.0,5.0,"252,107,240,89,142,117",7.12,14.75
"7.12-48,50,51,210,96,61",14.67,3.0,13.0,"48,50,51,210,96,61",7.12,14.67
"7.12-164,4,80,242,145,20",9.58,3.0,5.0,"164,4,80,242,145,20",7.12,9.58
"7.12-48,236,165,220,64,63",9.42,2.0,4.0,"48,236,165,220,64,63",7.12,9.42
"7.12-80,143,76,70,201,25",10.37,2.0,2.0,"80,143,76,70,201,25",7.12,10.37
"7.12-180,71,245,166,60,220",14.62,2.0,8.0,"180,71,245,166,60,220",7.12,14.62
"7.12-172,164,111,65,172,175",11.35,2.0,2.0,"172,164,111,65,172,175",7.12,11.35
"7.12-208,151,254,33,36,198",15.65,2.0,4.0,"208,151,254,33,36,198",7.12,15.65
"7.12-240,98,90,159,90,22",15.37,9.0,187.0,"240,98,90,159,90,22",7.12,15.37
"7.12-20,198,227,176,109,163",10.98,2.0,2.0,"20,198,227,176,109,163",7.12,10.98
"7.12-160,56,251,20,50,26",10.67,2.0,2.0,"160,56,251,20,50,26",7.12,10.67
"7.12-76,102,201,25,167,220",10.95,2.0,2.0,"76,102,201,25,167,220",7.12,10.95
"7.12-144,195,95,15,4,30",15.35,2.0,389.0,"144,195,95,15,4,30",7.12,15.35
"7.12-168,112,71,233,44,21",13.43,1.0,5.0,"168,112,71,233,44,21",7.12,13.43
"7.12-36,82,106,123,81,234",16.02,1.0,3.0,"36,82,106,123,81,234",7.12,16.02
"7.12-80,143,92,102,201,25",14.17,2.0,9.0,"80,143,92,102,201,25",7.12,14.17
"7.12-164,125,159,153,153,106",13.35,4.0,5.0,"164,125,159,153,153,106",7.12,13.35
"7.12-252,111,240,89,142,53",13.07,2.0,5.0,"252,111,240,89,142,53",7.12,13.07
"7.12-8,251,121,45,167,67",14.02,2.0,4.0,"8,251,121,45,167,67",7.12,14.02
"7.12-164,125,159,153,152,104",11.95,3.0,3.0,"164,125,159,153,152,104",7.12,11.95
"7.12-148,71,245,166,44,220",12.62,2.0,4.0,"148,71,245,166,44,220",7.12,12.62
"7.12-32,50,51,210,96,53",14.15,3.0,7.0,"32,50,51,210,96,53",7.12,14.15
"7.12-32,50,49,210,96,61",13.1,1.0,7.0,"32,50,49,210,96,61",7.12,13.1
"7.12-28,66,125,54,93,223",12.12,2.0,2.0,"28,66,125,54,93,223",7.12,12.12
"7.12-252,105,240,89,142,53",12.55,1.0,3.0,"252,105,240,89,142,53",7.12,12.55
"7.12-88,214,23,17,133,245",13.57,2.0,3.0,"88,214,23,17,133,245",7.12,13.57
"7.12-80,15,76,102,201,25",14.08,2.0,4.0,"80,15,76,102,201,25",7.12,14.08
"7.12-76,224,219,185,49,244",9.52,2.0,2.0,"76,224,219,185,49,244",7.12,9.52
"7.12-180,71,245,166,12,220",12.73,3.0,3.0,"180,71,245,166,12,220",7.12,12.73
"7.12-220,109,205,125,105,209",10.23,2.0,4.0,"220,109,205,125,105,209",7.12,10.23
"7.12-164,125,159,153,144,106",13.37,2.0,7.0,"164,125,159,153,144,106",7.12,13.37
"7.12-32,50,51,211,96,61",14.67,3.0,12.0,"32,50,51,211,96,61",7.12,14.67
"7.12-164,93,159,153,152,106",11.98,3.0,5.0,"164,93,159,153,152,106",7.12,11.98
"7.12-8,254,121,45,167,67",14.43,2.0,5.0,"8,254,121,45,167,67",7.12,14.43
"7.12-164,125,223,153,152,106",13.4,3.0,7.0,"164,125,223,153,152,106",7.12,13.4
"7.12-124,125,61,133,174,209",13.9,2.0,6.0,"124,125,61,133,174,209",7.12,13.9
"7.12-216,50,20,254,96,65",16.75,5.0,16.0,"216,50,20,254,96,65",7.12,16.75
"7.12-112,71,233,44,85,7",11.32,1.0,4.0,"112,71,233,44,85,7",7.12,11.32
"7.12-160,62,174,96,98,177",13.32,2.0,4.0,"160,62,174,96,98,177",7.12,13.32
"7.12-204,174,182,173,176,1",11.25,2.0,2.0,"204,174,182,173,176,1",7.12,11.25
"7.12-164,57,182,9,232,83",15.8,3.0,5.0,"164,57,182,9,232,83",7.12,15.8
"7.12-40,53,69,96,185,108",15.6,3.0,83.0,"40,53,69,96,185,108",7.12,15.6
"7.12-8,242,121,45,167,67",14.37,2.0,5.0,"8,242,121,45,167,67",7.12,14.37
"7.12-32,50,19,210,96,61",13.07,2.0,10.0,"32,50,19,210,96,61",7.12,13.07
"7.12-124,125,61,133,174,245",13.55,2.0,4.0,"124,125,61,133,174,245",7.12,13.55
"7.12-4,207,140,11,128,154",13.7,2.0,3.0,"4,207,140,11,128,154",7.12,13.7
"7.12-112,138,9,3,175,199",12.83,2.0,2.0,"112,138,9,3,175,199",7.12,12.83
"7.12-20,159,182,86,222,181",15.63,2.0,6.0,"20,159,182,86,222,181",7.12,15.63
"7.12-104,160,62,174,96,114",13.05,1.0,2.0,"104,160,62,174,96,114",7.12,13.05
"7.12-84,34,94,53,30,145",12.65,2.0,5.0,"84,34,94,53,30,145",7.12,12.65
"7.12-112,58,85,118,159,27",13.42,2.0,6.0,"112,58,85,118,159,27",7.12,13.42
"7.12-176,241,236,166,12,79",15.02,9.0,24.0,"176,241,236,166,12,79",7.12,15.02
"7.12-8,250,121,45,183,67",14.48,2.0,4.0,"8,250,121,45,183,67",7.12,14.48
"7.12-8,250,113,45,167,67",12.92,2.0,4.0,"8,250,113,45,167,67",7.12,12.92
"7.12-164,8,250,121,183,224",9.9,1.0,2.0,"164,8,250,121,183,224",7.12,9.9
"7.12-148,54,32,44,55,165",15.38,2.0,2.0,"148,54,32,44,55,165",7.12,15.38
"7.12-168,184,148,54,32,44",11.7,1.0,4.0,"168,184,148,54,32,44",7.12,11.7
"7.12-48,74,36,133,29,213",13.9,2.0,12.0,"48,74,36,133,29,213",7.12,13.9
"7.12-148,54,32,44,55,167",16.72,2.0,2.0,"148,54,32,44,55,167",7.12,16.72
"7.12-8,250,125,45,167,67",16.37,2.0,5.0,"8,250,125,45,167,67",7.12,16.37
"7.12-252,107,240,89,142,21",15.37,2.0,3.0,"252,107,240,89,142,21",7.12,15.37
"7.12-104,160,62,190,96,98",14.72,2.0,6.0,"104,160,62,190,96,98",7.12,14.72
"7.12-220,68,109,32,248,60",11.73,6.0,10.0,"220,68,109,32,248,60",7.12,11.73
"7.12-164,125,159,153,152,110",11.33,2.0,2.0,"164,125,159,153,152,110",7.12,11.33
"7.12-40,53,69,97,185,108",13.15,2.0,2.0,"40,53,69,97,185,108",7.12,13.15
"7.12-184,55,101,93,72,107",16.23,2.0,2.0,"184,55,101,93,72,107",7.12,16.23
"7.12-180,71,245,166,44,92",11.15,2.0,2.0,"180,71,245,166,44,92",7.12,11.15
"7.12-248,45,124,72,95,16",11.9,1.0,2.0,"248,45,124,72,95,16",7.12,11.9
"7.12-240,144,185,104,48,181",13.58,2.0,2.0,"240,144,185,104,48,181",7.12,13.58
"7.12-236,193,171,217,136,213",13.12,1.0,2.0,"236,193,171,217,136,213",7.12,13.12
"7.12-48,74,6,133,29,213",13.2,3.0,11.0,"48,74,6,133,29,213",7.12,13.2
"7.12-252,190,123,146,220,51",13.13,1.0,5.0,"252,190,123,146,220,51",7.12,13.13
"7.12-164,125,159,153,152,107",14.48,4.0,21.0,"164,125,159,153,152,107",7.12,14.48
"7.12-8,250,121,45,39,67",12.78,1.0,2.0,"8,250,121,45,39,67",7.12,12.78
"7.12-112,71,233,44,21,5",14.07,1.0,3.0,"112,71,233,44,21,5",7.12,14.07
"7.12-252,107,208,89,142,53",11.7,2.0,2.0,"252,107,208,89,142,53",7.12,11.7
"7.12-48,74,38,133,93,213",14.77,3.0,11.0,"48,74,38,133,93,213",7.12,14.77
"7.12-104,176,62,174,96,98",13.1,3.0,5.0,"104,176,62,174,96,98",7.12,13.1
"7.12-168,134,172,164,111,65",11.0,1.0,2.0,"168,134,172,164,111,65",7.12,11.0
"7.12-48,78,38,133,29,213",15.52,2.0,6.0,"48,78,38,133,29,213",7.12,15.52
"7.12-32,50,51,208,96,61",14.13,3.0,5.0,"32,50,51,208,96,61",7.12,14.13
"7.12-60,134,209,115,215,231",15.25,3.0,6.0,"60,134,209,115,215,231",7.12,15.25
"7.12-212,240,144,185,104,48",15.23,2.0,8.0,"212,240,144,185,104,48",7.12,15.23
"7.12-48,69,150,181,24,101",13.82,1.0,2.0,"48,69,150,181,24,101",7.12,13.82
"7.12-252,193,171,217,136,197",16.75,2.0,2.0,"252,193,171,217,136,197",7.12,16.75
"7.12-104,160,30,174,96,98",14.32,3.0,4.0,"104,160,30,174,96,98",7.12,14.32
"7.12-220,107,240,89,142,53",14.0,2.0,3.0,"220,107,240,89,142,53",7.12,14.0
"7.12-240,144,185,104,48,168",13.42,1.0,3.0,"240,144,185,104,48,168",7.12,13.42
"7.12-240,144,185,104,48,166",14.18,2.0,4.0,"240,144,185,104,48,166",7.12,14.18
"7.12-80,143,76,103,201,25",14.35,1.0,3.0,"80,143,76,103,201,25",7.12,14.35
"7.12-240,144,185,104,48,180",13.55,2.0,3.0,"240,144,185,104,48,180",7.12,13.55
"7.12-156,95,82,12,124,73",11.63,1.0,2.0,"156,95,82,12,124,73",7.12,11.63
"7.12-112,217,35,94,2,82",10.42,5.0,9.0,"112,217,35,94,2,82",7.12,10.42
"7.12-8,250,89,45,167,67",13.45,2.0,3.0,"8,250,89,45,167,67",7.12,13.45
"7.12-104,160,54,174,96,98",13.0,1.0,3.0,"104,160,54,174,96,98",7.12,13.0
"7.12-76,129,42,183,42,73",11.62,2.0,3.0,"76,129,42,183,42,73",7.12,11.62
"7.12-16,74,38,133,29,213",14.8,3.0,10.0,"16,74,38,133,29,213",7.12,14.8
"7.12-180,71,245,166,44,212",12.65,2.0,2.0,"180,71,245,166,44,212",7.12,12.65
"7.12-124,125,61,133,142,241",11.23,2.0,3.0,"124,125,61,133,142,241",7.12,11.23
"7.12-156,95,90,12,116,73",12.85,2.0,3.0,"156,95,90,12,116,73",7.12,12.85
"7.12-12,250,121,45,167,67",14.68,2.0,4.0,"12,250,121,45,167,67",7.12,14.68
"7.12-116,58,81,118,159,27",13.23,2.0,5.0,"116,58,81,118,159,27",7.12,13.23
"7.12-96,98,164,8,250,121",13.02,2.0,2.0,"96,98,164,8,250,121",7.12,13.02
"7.12-168,104,160,62,174,96",14.02,2.0,4.0,"168,104,160,62,174,96",7.12,14.02
"7.12-180,69,245,166,44,220",13.2,2.0,4.0,"180,69,245,166,44,220",7.12,13.2
"7.12-96,61,163,8,250,121",13.95,1.0,4.0,"96,61,163,8,250,121",7.12,13.95
"7.12-160,62,174,96,98,180",11.67,2.0,2.0,"160,62,174,96,98,180",7.12,11.67
"7.12-220,240,144,189,104,48",13.72,2.0,3.0,"220,240,144,189,104,48",7.12,13.72
"7.12-156,84,3,24,100,145",13.82,2.0,2.0,"156,84,3,24,100,145",7.12,13.82
"7.12-164,125,159,153,152,98",13.68,3.0,7.0,"164,125,159,153,152,98",7.12,13.68
"7.12-172,252,107,240,89,142",10.58,1.0,2.0,"172,252,107,240,89,142",7.12,10.58
"7.12-252,107,240,89,140,53",15.05,1.0,3.0,"252,107,240,89,140,53",7.12,15.05
"7.12-48,69,150,244,24,101",14.73,2.0,3.0,"48,69,150,244,24,101",7.12,14.73
"7.12-36,125,159,153,152,106",17.15,3.0,7.0,"36,125,159,153,152,106",7.12,17.15
"7.12-92,118,108,72,204,105",11.98,1.0,4.0,"92,118,108,72,204,105",7.12,11.98
"7.12-92,102,108,72,204,73",14.15,1.0,5.0,"92,102,108,72,204,73",7.12,14.15
"7.12-80,143,76,102,205,25",11.43,2.0,3.0,"80,143,76,102,205,25",7.12,11.43
"7.12-156,95,90,12,125,73",14.05,2.0,2.0,"156,95,90,12,125,73",7.12,14.05
"7.12-252,62,123,146,220,35",13.03,1.0,3.0,"252,62,123,146,220,35",7.12,13.03
"7.12-32,50,51,210,96,125",11.23,2.0,2.0,"32,50,51,210,96,125",7.12,11.23
"7.12-148,23,4,73,252,213",13.05,2.0,4.0,"148,23,4,73,252,213",7.12,13.05
"7.12-104,224,62,174,96,98",14.57,2.0,3.0,"104,224,62,174,96,98",7.12,14.57
"7.12-156,95,90,12,124,65",10.85,2.0,2.0,"156,95,90,12,124,65",7.12,10.85
"7.12-80,143,76,102,193,25",15.83,2.0,7.0,"80,143,76,102,193,25",7.12,15.83
"7.12-164,125,159,153,152,74",13.08,1.0,3.0,"164,125,159,153,152,74",7.12,13.08
"7.12-80,159,76,102,201,25",12.65,1.0,3.0,"80,159,76,102,201,25",7.12,12.65
"7.12-164,125,159,217,152,106",14.55,3.0,8.0,"164,125,159,217,152,106",7.12,14.55
"7.12-244,107,240,89,142,53",15.55,2.0,6.0,"244,107,240,89,142,53",7.12,15.55
"7.12-168,82,228,115,255,53",12.58,2.0,2.0,"168,82,228,115,255,53",7.12,12.58
"7.12-80,70,102,229,159,162",14.63,2.0,2.0,"80,70,102,229,159,162",7.12,14.63
"7.12-168,156,95,90,12,124",12.17,3.0,6.0,"168,156,95,90,12,124",7.12,12.17
"7.12-68,253,44,108,157,159",11.73,2.0,2.0,"68,253,44,108,157,159",7.12,11.73
"7.12-88,214,240,41,58,135",13.75,3.0,6.0,"88,214,240,41,58,135",7.12,13.75
"7.12-112,58,81,118,159,19",13.6,2.0,2.0,"112,58,81,118,159,19",7.12,13.6
"7.12-156,95,90,12,124,89",14.0,4.0,5.0,"156,95,90,12,124,89",7.12,14.0
"7.12-88,199,240,41,58,135",14.57,1.0,4.0,"88,199,240,41,58,135",7.12,14.57
"7.12-24,3,174,207,62,51",13.07,2.0,3.0,"24,3,174,207,62,51",7.12,13.07
"7.12-108,72,204,105,179,1",12.23,1.0,3.0,"108,72,204,105,179,1",7.12,12.23
"7.12-160,62,174,96,98,174",13.07,2.0,4.0,"160,62,174,96,98,174",7.12,13.07
"7.12-104,160,62,46,96,98",15.42,2.0,2.0,"104,160,62,46,96,98",7.12,15.42
"7.12-60,251,20,50,26,70",12.75,1.0,2.0,"60,251,20,50,26,70",7.12,12.75
"7.12-112,71,237,44,21,7",14.28,2.0,3.0,"112,71,237,44,21,7",7.12,14.28
"7.12-160,240,27,108,132,118",12.28,2.0,3.0,"160,240,27,108,132,118",7.12,12.28
"7.12-96,61,177,48,74,38",12.23,1.0,3.0,"96,61,177,48,74,38",7.12,12.23
"7.12-172,115,82,76,172,93",15.42,3.0,5.0,"172,115,82,76,172,93",7.12,15.42
"7.12-156,95,90,28,124,73",14.15,3.0,4.0,"156,95,90,28,124,73",7.12,14.15
"7.12-180,71,245,38,44,220",14.72,1.0,5.0,"180,71,245,38,44,220",7.12,14.72
"7.12-172,164,111,65,172,177",11.83,1.0,4.0,"172,164,111,65,172,177",7.12,11.83
"7.12-116,3,24,100,145,161",11.83,1.0,2.0,"116,3,24,100,145,161",7.12,11.83
"7.12-220,85,131,232,48,95",15.62,9.0,219.0,"220,85,131,232,48,95",7.12,15.62
"7.12-172,83,82,76,172,89",14.9,2.0,3.0,"172,83,82,76,172,89",7.12,14.9
"7.12-32,50,51,214,96,61",14.7,5.0,9.0,"32,50,51,214,96,61",7.12,14.7
"7.12-112,71,105,44,21,7",12.07,2.0,2.0,"112,71,105,44,21,7",7.12,12.07
"7.12-156,95,90,76,124,73",15.48,3.0,5.0,"156,95,90,76,124,73",7.12,15.48
"7.12-112,58,81,118,159,31",13.57,1.0,2.0,"112,58,81,118,159,31",7.12,13.57
"7.12-84,94,105,93,76,199",13.62,2.0,3.0,"84,94,105,93,76,199",7.12,13.62
"7.12-136,64,59,109,57,4",11.97,2.0,2.0,"136,64,59,109,57,4",7.12,11.97
"7.12-88,198,240,41,122,135",15.32,2.0,2.0,"88,198,240,41,122,135",7.12,15.32
"7.12-164,172,115,82,76,172",14.75,2.0,10.0,"164,172,115,82,76,172",7.12,14.75
"7.12-48,66,38,133,29,213",13.85,3.0,7.0,"48,66,38,133,29,213",7.12,13.85
"7.12-80,143,76,118,201,25",15.13,1.0,2.0,"80,143,76,118,201,25",7.12,15.13
"7.12-32,50,51,210,100,61",14.05,2.0,7.0,"32,50,51,210,100,61",7.12,14.05
"7.12-184,23,101,29,72,107",13.12,1.0,3.0,"184,23,101,29,72,107",7.12,13.12
"7.12-48,74,38,5,29,213",13.98,3.0,8.0,"48,74,38,5,29,213",7.12,13.98
"7.12-148,23,64,73,252,213",15.95,3.0,6.0,"148,23,64,73,252,213",7.12,15.95
"7.12-104,160,63,174,96,98",14.85,2.0,4.0,"104,160,63,174,96,98",7.12,14.85
"7.12-112,74,38,133,29,213",14.85,2.0,9.0,"112,74,38,133,29,213",7.12,14.85
"7.12-112,59,81,118,159,27",13.2,1.0,2.0,"112,59,81,118,159,27",7.12,13.2
"7.12-112,56,81,118,159,27",13.73,2.0,3.0,"112,56,81,118,159,27",7.12,13.73
"7.12-164,190,234,192,191,84",14.43,2.0,3.0,"164,190,234,192,191,84",7.12,14.43
"7.12-76,102,201,25,169,1",12.23,2.0,2.0,"76,102,201,25,169,1",7.12,12.23
"7.12-32,54,51,210,96,61",12.3,2.0,3.0,"32,54,51,210,96,61",7.12,12.3
"7.12-92,102,76,72,204,105",13.53,1.0,2.0,"92,102,76,72,204,105",7.12,13.53
"7.12-32,50,115,210,96,61",15.67,2.0,6.0,"32,50,115,210,96,61",7.12,15.67
"7.12-204,129,42,183,46,73",12.05,2.0,2.0,"204,129,42,183,46,73",7.12,12.05
"7.12-236,193,235,217,136,197",12.32,1.0,2.0,"236,193,235,217,136,197",7.12,12.32
"7.12-176,26,242,44,233,231",14.73,1.0,12.0,"176,26,242,44,233,231",7.12,14.73
"7.12-116,195,48,25,244,36",17.53,3.0,6.0,"116,195,48,25,244,36",7.12,17.53
"7.12-160,124,125,61,133,174",14.53,3.0,6.0,"160,124,125,61,133,174",7.12,14.53
"7.12-168,124,125,61,133,174",15.57,3.0,5.0,"168,124,125,61,133,174",7.12,15.57
"7.12-164,134,115,188,19,24",14.33,2.0,3.0,"164,134,115,188,19,24",7.12,14.33
"7.12-88,198,244,41,58,135",12.1,1.0,2.0,"88,198,244,41,58,135",7.12,12.1
"7.12-88,198,240,41,26,135",15.02,2.0,5.0,"88,198,240,41,26,135",7.12,15.02
"7.12-92,102,108,64,204,105",13.72,1.0,2.0,"92,102,108,64,204,105",7.12,13.72
"7.12-116,21,117,93,235,126",13.47,1.0,2.0,"116,21,117,93,235,126",7.12,13.47
"7.12-184,55,101,29,88,107",14.68,1.0,4.0,"184,55,101,29,88,107",7.12,14.68
"7.12-204,129,42,183,40,73",12.27,2.0,2.0,"204,129,42,183,40,73",7.12,12.27
"7.12-148,95,90,12,124,73",12.73,3.0,5.0,"148,95,90,12,124,73",7.12,12.73
"7.12-48,123,172,71,127,62",15.38,1.0,2.0,"48,123,172,71,127,62",7.12,15.38
"7.12-88,198,240,41,56,135",14.18,1.0,3.0,"88,198,240,41,56,135",7.12,14.18
"7.12-240,103,40,199,90,171",14.32,2.0,4.0,"240,103,40,199,90,171",7.12,14.32
"7.12-240,144,185,104,48,161",12.63,2.0,5.0,"240,144,185,104,48,161",7.12,12.63
"7.12-236,193,171,217,140,197",14.35,3.0,4.0,"236,193,171,217,140,197",7.12,14.35
"7.12-8,254,121,194,19,245",16.65,1.0,2.0,"8,254,121,194,19,245",7.12,16.65
"7.12-20,94,105,85,76,199",13.32,2.0,4.0,"20,94,105,85,76,199",7.12,13.32
"7.12-48,74,102,133,29,213",16.75,2.0,6.0,"48,74,102,133,29,213",7.12,16.75
"7.12-180,87,245,166,44,220",11.95,2.0,2.0,"180,87,245,166,44,220",7.12,11.95
"7.12-172,164,111,65,172,171",14.98,1.0,2.0,"172,164,111,65,172,171",7.12,14.98
"7.12-72,125,46,223,247,70",16.63,2.0,10.0,"72,125,46,223,247,70",7.12,16.63
"7.12-148,23,1,73,252,213",15.5,2.0,4.0,"148,23,1,73,252,213",7.12,15.5
"7.12-160,28,66,125,50,93",12.6,2.0,2.0,"160,28,66,125,50,93",7.12,12.6
"7.12-252,107,240,89,206,53",15.03,3.0,6.0,"252,107,240,89,206,53",7.12,15.03
"7.12-32,114,51,210,96,61",15.02,2.0,5.0,"32,114,51,210,96,61",7.12,15.02
"7.12-88,198,240,41,62,135",11.92,1.0,2.0,"88,198,240,41,62,135",7.12,11.92
"7.12-8,250,121,37,167,67",14.35,2.0,6.0,"8,250,121,37,167,67",7.12,14.35
"7.12-172,60,138,125,14,165",14.05,1.0,4.0,"172,60,138,125,14,165",7.12,14.05
"7.12-124,125,61,133,190,241",15.53,3.0,7.0,"124,125,61,133,190,241",7.12,15.53
"7.12-144,185,104,48,179,80",12.27,2.0,3.0,"144,185,104,48,179,80",7.12,12.27
"7.12-180,71,213,166,44,220",13.42,2.0,3.0,"180,71,213,166,44,220",7.12,13.42
"7.12-92,102,124,72,204,105",14.03,1.0,3.0,"92,102,124,72,204,105",7.12,14.03
"7.12-32,48,51,210,96,61",15.58,2.0,12.0,"32,48,51,210,96,61",7.12,15.58
"7.12-204,129,42,247,42,73",14.93,1.0,2.0,"204,129,42,247,42,73",7.12,14.93
"7.12-204,129,42,183,42,89",13.13,1.0,2.0,"204,129,42,183,42,89",7.12,13.13
"7.12-48,74,38,197,29,213",15.1,3.0,11.0,"48,74,38,197,29,213",7.12,15.1
"7.12-160,204,129,42,183,42",14.53,3.0,6.0,"160,204,129,42,183,42",7.12,14.53
"7.12-180,71,117,166,44,220",13.58,2.0,3.0,"180,71,117,166,44,220",7.12,13.58
"7.12-204,129,42,181,42,73",12.5,1.0,2.0,"204,129,42,181,42,73",7.12,12.5
"7.12-28,66,125,48,93,223",12.88,2.0,2.0,"28,66,125,48,93,223",7.12,12.88
"7.12-208,151,254,41,100,162",12.72,1.0,2.0,"208,151,254,41,100,162",7.12,12.72
"7.12-168,82,171,146,198,80",13.77,1.0,3.0,"168,82,171,146,198,80",7.12,13.77
"7.12-124,93,61,133,174,241",14.57,2.0,3.0,"124,93,61,133,174,241",7.12,14.57
"7.12-8,250,121,61,167,67",15.63,1.0,2.0,"8,250,121,61,167,67",7.12,15.63
"7.12-20,94,109,93,76,199",13.45,1.0,2.0,"20,94,109,93,76,199",7.12,13.45
"7.12-116,229,160,225,193,100",13.43,3.0,3.0,"116,229,160,225,193,100",7.12,13.43
"7.12-148,54,32,44,55,172",16.78,1.0,3.0,"148,54,32,44,55,172",7.12,16.78
"7.12-164,56,251,20,50,26",14.03,1.0,3.0,"164,56,251,20,50,26",7.12,14.03
"7.12-16,32,55,198,164,235",14.38,3.0,3.0,"16,32,55,198,164,235",7.12,14.38
"7.12-168,112,58,81,118,159",14.05,2.0,5.0,"168,112,58,81,118,159",7.12,14.05
"7.12-36,17,69,161,18,93",12.5,1.0,2.0,"36,17,69,161,18,93",7.12,12.5
"7.12-164,125,159,153,152,122",14.25,2.0,7.0,"164,125,159,153,152,122",7.12,14.25
"7.12-112,58,81,86,159,27",14.53,2.0,5.0,"112,58,81,86,159,27",7.12,14.53
"7.12-88,196,240,41,58,135",13.83,1.0,2.0,"88,196,240,41,58,135",7.12,13.83
"7.12-164,125,159,153,216,106",18.02,1.0,2.0,"164,125,159,153,216,106",7.12,18.02
"7.12-112,71,233,60,21,7",14.53,2.0,3.0,"112,71,233,60,21,7",7.12,14.53
"7.12-36,17,69,161,51,93",14.05,2.0,4.0,"36,17,69,161,51,93",7.12,14.05
"7.12-28,209,7,152,97,91",15.17,2.0,4.0,"28,209,7,152,97,91",7.12,15.17
"7.12-32,168,164,125,159,153",14.07,2.0,2.0,"32,168,164,125,159,153",7.12,14.07
"7.12-240,144,185,104,48,162",14.62,1.0,5.0,"240,144,185,104,48,162",7.12,14.62
"7.12-240,89,142,53,167,1",14.3,2.0,4.0,"240,89,142,53,167,1",7.12,14.3
"7.12-80,71,233,44,21,7",13.93,1.0,2.0,"80,71,233,44,21,7",7.12,13.93
"7.12-92,209,7,152,33,91",12.75,1.0,2.0,"92,209,7,152,33,91",7.12,12.75
"7.12-204,129,42,55,42,73",15.88,3.0,4.0,"204,129,42,55,42,73",7.12,15.88
"7.12-204,129,34,183,42,73",12.7,2.0,2.0,"204,129,34,183,42,73",7.12,12.7
"7.12-168,154,151,204,174,182",12.6,1.0,3.0,"168,154,151,204,174,182",7.12,12.6
"7.12-160,164,201,57,9,43",16.67,3.0,5.0,"160,164,201,57,9,43",7.12,16.67
"7.12-28,81,7,152,33,91",15.4,1.0,4.0,"28,81,7,152,33,91",7.12,15.4
"7.12-36,21,69,161,50,93",12.68,1.0,2.0,"36,21,69,161,50,93",7.12,12.68
"7.12-112,62,81,118,159,27",15.27,2.0,8.0,"112,62,81,118,159,27",7.12,15.27
"7.12-124,125,61,133,46,241",17.37,2.0,5.0,"124,125,61,133,46,241",7.12,17.37
"7.12-112,71,201,44,21,7",14.53,1.0,5.0,"112,71,201,44,21,7",7.12,14.53
"7.12-116,125,61,133,174,241",14.67,1.0,2.0,"116,125,61,133,174,241",7.12,14.67
"7.12-28,213,7,152,33,91",12.67,1.0,3.0,"28,213,7,152,33,91",7.12,12.67
"7.12-80,210,245,240,233,217",12.53,2.0,2.0,"80,210,245,240,233,217",7.12,12.53
"7.12-48,72,38,133,29,213",15.25,3.0,5.0,"48,72,38,133,29,213",7.12,15.25
"7.12-64,12,31,52,191,11",17.55,2.0,5.0,"64,12,31,52,191,11",7.12,17.55
"7.12-172,115,82,68,172,89",13.83,2.0,2.0,"172,115,82,68,172,89",7.12,13.83
"7.12-64,156,31,52,191,11",16.33,2.0,6.0,"64,156,31,52,191,11",7.12,16.33
"7.12-68,253,44,108,157,164",12.62,1.0,2.0,"68,253,44,108,157,164",7.12,12.62
"7.12-8,250,121,45,167,83",15.27,2.0,4.0,"8,250,121,45,167,83",7.12,15.27
"7.12-220,240,144,185,105,48",15.57,2.0,3.0,"220,240,144,185,105,48",7.12,15.57
"7.12-136,95,198,166,172,115",15.78,2.0,2.0,"136,95,198,166,172,115",7.12,15.78
"7.12-96,87,161,77,235,163",15.97,2.0,2.0,"96,87,161,77,235,163",7.12,15.97
"7.12-160,32,50,51,210,96",15.2,2.0,3.0,"160,32,50,51,210,96",7.12,15.2
"7.12-168,48,74,38,133,29",13.93,2.0,3.0,"168,48,74,38,133,29",7.12,13.93
"7.12-4,79,140,11,128,186",13.38,1.0,2.0,"4,79,140,11,128,186",7.12,13.38
"7.12-192,46,37,42,205,205",17.08,2.0,65.0,"192,46,37,42,205,205",7.12,17.08
"7.12-160,114,233,219,38,184",14.5,3.0,3.0,"160,114,233,219,38,184",7.12,14.5
"7.12-160,4,207,140,11,128",13.85,2.0,3.0,"160,4,207,140,11,128",7.12,13.85
"7.12-164,112,138,9,131,175",14.82,2.0,7.0,"164,112,138,9,131,175",7.12,14.82
"7.12-240,144,185,104,48,173",15.2,1.0,2.0,"240,144,185,104,48,173",7.12,15.2
"7.12-168,80,143,76,102,201",14.58,2.0,2.0,"168,80,143,76,102,201",7.12,14.58
"7.12-152,34,239,8,233,105",17.83,2.0,486.0,"152,34,239,8,233,105",7.12,17.83
"7.12-184,154,42,104,62,244",17.43,1.0,32.0,"184,154,42,104,62,244",7.12,17.43
"7.12-72,81,197,94,156,205",17.93,2.0,251.0,"72,81,197,94,156,205",7.12,17.93
"7.12-164,82,128,186,83,64",15.18,2.0,2.0,"164,82,128,186,83,64",7.12,15.18
"7.12-252,75,240,89,142,53",14.12,2.0,3.0,"252,75,240,89,142,53",7.12,14.12
"7.12-112,58,81,118,151,27",14.38,2.0,3.0,"112,58,81,118,151,27",7.12,14.38
"7.12-8,250,121,45,167,71",14.6,1.0,3.0,"8,250,121,45,167,71",7.12,14.6
"7.12-52,69,150,180,24,101",12.85,1.0,2.0,"52,69,150,180,24,101",7.12,12.85
"7.12-240,144,185,104,48,171",12.73,2.0,2.0,"240,144,185,104,48,171",7.12,12.73
"7.12-160,64,68,253,44,108",15.22,2.0,4.0,"160,64,68,253,44,108",7.12,15.22
"7.12-204,174,182,173,162,180",18.13,2.0,2.0,"204,174,182,173,162,180",7.12,18.13
"7.12-80,70,27,140,33,165",15.52,2.0,2.0,"80,70,27,140,33,165",7.12,15.52
"7.12-88,198,240,9,58,135",16.18,2.0,2.0,"88,198,240,9,58,135",7.12,16.18
"7.12-180,71,245,164,44,220",15.85,1.0,3.0,"180,71,245,164,44,220",7.12,15.85
"7.12-52,191,11,163,86,34",14.25,2.0,2.0,"52,191,11,163,86,34",7.12,14.25
"7.12-168,36,17,69,161,50",13.15,2.0,2.0,"168,36,17,69,161,50",7.12,13.15
"7.12-36,17,69,33,50,93",13.22,2.0,2.0,"36,17,69,33,50,93",7.12,13.22
"7.12-8,250,121,13,167,67",14.7,2.0,4.0,"8,250,121,13,167,67",7.12,14.7
"7.12-140,31,52,191,11,178",15.28,1.0,2.0,"140,31,52,191,11,178",7.12,15.28
"7.12-160,62,174,96,98,171",16.32,1.0,5.0,"160,62,174,96,98,171",7.12,16.32
"7.12-20,209,7,152,33,91",15.65,2.0,4.0,"20,209,7,152,33,91",7.12,15.65
"7.12-160,62,174,96,98,166",15.52,2.0,4.0,"160,62,174,96,98,166",7.12,15.52
"7.12-28,209,7,216,33,91",13.0,1.0,2.0,"28,209,7,216,33,91",7.12,13.0
"7.12-20,94,121,93,76,199",14.08,1.0,2.0,"20,94,121,93,76,199",7.12,14.08
"7.12-140,182,214,236,44,106",14.35,2.0,2.0,"140,182,214,236,44,106",7.12,14.35
"7.12-112,58,81,118,159,91",16.27,2.0,5.0,"112,58,81,118,159,91",7.12,16.27
"7.12-92,125,61,133,174,241",14.85,2.0,5.0,"92,125,61,133,174,241",7.12,14.85
"7.12-24,250,121,45,167,67",14.52,2.0,3.0,"24,250,121,45,167,67",7.12,14.52
"7.12-196,129,42,183,42,73",18.03,2.0,3.0,"196,129,42,183,42,73",7.12,18.03
"7.12-36,81,69,161,50,93",14.57,2.0,4.0,"36,81,69,161,50,93",7.12,14.57
"7.12-44,233,231,91,171,48",15.23,2.0,2.0,"44,233,231,91,171,48",7.12,15.23
"7.12-172,48,74,38,133,29",15.58,2.0,16.0,"172,48,74,38,133,29",7.12,15.58
"7.12-164,36,17,69,161,50",13.23,1.0,2.0,"164,36,17,69,161,50",7.12,13.23
"7.12-156,95,90,12,124,77",15.42,3.0,3.0,"156,95,90,12,124,77",7.12,15.42
"7.12-28,66,125,18,93,223",14.25,1.0,3.0,"28,66,125,18,93,223",7.12,14.25
"7.12-180,71,245,166,36,220",14.3,3.0,4.0,"180,71,245,166,36,220",7.12,14.3
"7.12-252,99,240,89,142,53",13.47,1.0,2.0,"252,99,240,89,142,53",7.12,13.47
"7.12-36,17,69,161,54,93",16.27,1.0,2.0,"36,17,69,161,54,93",7.12,16.27
"7.12-92,255,255,144,7,3",14.05,2.0,2.0,"92,255,255,144,7,3",7.12,14.05
"7.12-124,134,209,115,214,231",17.15,1.0,3.0,"124,134,209,115,214,231",7.12,17.15
"7.12-184,55,117,29,72,107",13.75,1.0,2.0,"184,55,117,29,72,107",7.12,13.75
"7.12-104,160,62,142,96,98",14.87,2.0,6.0,"104,160,62,142,96,98",7.12,14.87
"7.12-76,102,201,25,160,110",13.23,2.0,3.0,"76,102,201,25,160,110",7.12,13.23
"7.12-160,110,247,96,234,205",14.4,2.0,5.0,"160,110,247,96,234,205",7.12,14.4
"7.12-252,107,241,89,142,53",14.37,2.0,2.0,"252,107,241,89,142,53",7.12,14.37
"7.12-112,50,81,118,159,27",14.98,1.0,3.0,"112,50,81,118,159,27",7.12,14.98
"7.12-156,95,91,12,124,73",15.15,2.0,2.0,"156,95,91,12,124,73",7.12,15.15
"7.12-52,71,245,166,44,220",14.67,2.0,2.0,"52,71,245,166,44,220",7.12,14.67
"7.12-220,240,144,185,72,48",15.2,1.0,2.0,"220,240,144,185,72,48",7.12,15.2
"7.12-60,135,209,115,214,231",17.05,2.0,3.0,"60,135,209,115,214,231",7.12,17.05
"7.12-240,144,185,104,48,158",13.33,2.0,2.0,"240,144,185,104,48,158",7.12,13.33
"7.12-140,115,82,76,172,89",14.5,2.0,2.0,"140,115,82,76,172,89",7.12,14.5
"7.12-204,129,42,183,10,73",13.58,1.0,2.0,"204,129,42,183,10,73",7.12,13.58
"7.12-240,27,108,132,118,4",14.3,2.0,3.0,"240,27,108,132,118,4",7.12,14.3
"7.12-28,66,125,50,93,215",16.42,2.0,3.0,"28,66,125,50,93,215",7.12,16.42
"7.12-236,193,171,217,8,197",15.18,2.0,2.0,"236,193,171,217,8,197",7.12,15.18
"7.12-36,17,85,161,50,93",14.63,1.0,2.0,"36,17,85,161,50,93",7.12,14.63
"7.12-180,71,245,166,44,221",16.57,2.0,5.0,"180,71,245,166,44,221",7.12,16.57
"7.12-228,115,255,53,91,166",14.77,2.0,2.0,"228,115,255,53,91,166",7.12,14.77
"7.12-208,151,254,105,36,162",15.63,1.0,2.0,"208,151,254,105,36,162",7.12,15.63
"7.12-64,140,31,53,191,11",16.7,2.0,2.0,"64,140,31,53,191,11",7.12,16.7
"7.12-240,27,108,132,118,13",14.35,1.0,2.0,"240,27,108,132,118,13",7.12,14.35
"7.12-96,98,166,36,17,69",14.28,2.0,2.0,"96,98,166,36,17,69",7.12,14.28
"7.12-48,148,53,197,58,225",16.3,6.0,34.0,"48,148,53,197,58,225",7.12,16.3
"7.12-164,142,182,214,236,44",14.78,2.0,3.0,"164,142,182,214,236,44",7.12,14.78
"7.12-108,132,118,12,170,1",14.65,1.0,2.0,"108,132,118,12,170,1",7.12,14.65
"7.12-164,60,134,209,115,214",14.88,2.0,4.0,"164,60,134,209,115,214",7.12,14.88
"7.12-160,62,174,96,98,168",14.88,2.0,2.0,"160,62,174,96,98,168",7.12,14.88
"7.12-240,89,142,53,170,1",14.32,1.0,2.0,"240,89,142,53,170,1",7.12,14.32
"7.12-168,16,177,248,92,211",15.97,2.0,2.0,"168,16,177,248,92,211",7.12,15.97
"7.12-44,233,231,91,178,1",13.53,1.0,2.0,"44,233,231,91,178,1",7.12,13.53
"7.12-204,174,182,173,179,1",15.5,2.0,2.0,"204,174,182,173,179,1",7.12,15.5
"7.12-188,8,250,121,45,167",15.63,2.0,2.0,"188,8,250,121,45,167",7.12,15.63
"7.12-148,54,32,44,55,168",13.53,1.0,2.0,"148,54,32,44,55,168",7.12,13.53
"7.12-112,58,81,118,159,25",16.75,2.0,4.0,"112,58,81,118,159,25",7.12,16.75
"7.12-204,174,182,173,162,86",13.53,2.0,2.0,"204,174,182,173,162,86",7.12,13.53
"7.12-220,112,144,185,104,48",15.38,1.0,2.0,"220,112,144,185,104,48",7.12,15.38
"7.12-140,31,52,191,11,162",14.4,2.0,3.0,"140,31,52,191,11,162",7.12,14.4
"7.12-172,184,148,54,32,44",17.22,2.0,2.0,"172,184,148,54,32,44",7.12,17.22
"7.12-104,32,62,174,96,98",16.3,1.0,2.0,"104,32,62,174,96,98",7.12,16.3
"7.12-180,125,159,153,152,106",16.73,2.0,6.0,"180,125,159,153,152,106",7.12,16.73
"7.12-236,115,82,76,172,89",15.95,3.0,3.0,"236,115,82,76,172,89",7.12,15.95
"7.12-164,125,157,153,152,106",15.38,4.0,4.0,"164,125,157,153,152,106",7.12,15.38
"7.12-204,174,182,173,162,124",14.62,2.0,2.0,"204,174,182,173,162,124",7.12,14.62
"7.12-124,125,61,133,166,241",15.35,3.0,3.0,"124,125,61,133,166,241",7.12,15.35
"7.12-28,209,5,152,33,91",16.4,1.0,2.0,"28,209,5,152,33,91",7.12,16.4
"7.12-240,144,185,104,48,163",15.42,2.0,2.0,"240,144,185,104,48,163",7.12,15.42
"7.12-220,240,145,185,104,48",16.22,2.0,3.0,"220,240,145,185,104,48",7.12,16.22
"7.12-88,2,174,207,62,51",14.52,2.0,2.0,"88,2,174,207,62,51",7.12,14.52
"7.12-124,125,61,5,174,241",17.35,2.0,3.0,"124,125,61,5,174,241",7.12,17.35
"7.12-4,207,140,11,144,186",15.03,2.0,3.0,"4,207,140,11,144,186",7.12,15.03
"7.12-20,94,105,93,76,197",15.17,2.0,4.0,"20,94,105,93,76,197",7.12,15.17
"7.12-124,125,61,133,175,241",15.47,3.0,4.0,"124,125,61,133,175,241",7.12,15.47
"7.12-80,151,254,40,222,169",15.7,2.0,2.0,"80,151,254,40,222,169",7.12,15.7
"7.12-80,138,9,131,175,199",17.9,2.0,2.0,"80,138,9,131,175,199",7.12,17.9
"7.12-8,250,121,45,135,67",16.48,1.0,2.0,"8,250,121,45,135,67",7.12,16.48
"7.12-240,27,108,132,118,76",14.97,2.0,2.0,"240,27,108,132,118,76",7.12,14.97
"7.12-52,74,38,133,29,213",17.78,3.0,6.0,"52,74,38,133,29,213",7.12,17.78
"7.12-180,71,245,230,44,220",14.6,2.0,2.0,"180,71,245,230,44,220",7.12,14.6
"7.12-220,240,144,185,104,112",17.13,2.0,3.0,"220,240,144,185,104,112",7.12,17.13
"7.12-88,102,186,101,132,144",16.87,2.0,2.0,"88,102,186,101,132,144",7.12,16.87
"7.12-148,23,16,73,252,213",16.13,2.0,4.0,"148,23,16,73,252,213",7.12,16.13
"7.12-172,124,125,61,133,174",15.58,1.0,3.0,"172,124,125,61,133,174",7.12,15.58
"7.12-204,174,182,173,172,48",14.62,1.0,2.0,"204,174,182,173,172,48",7.12,14.62
"7.12-96,61,163,86,34,94",15.63,2.0,2.0,"96,61,163,86,34,94",7.12,15.63
"7.12-164,64,140,31,52,191",18.95,2.0,3.0,"164,64,140,31,52,191",7.12,18.95
"7.12-112,138,73,131,175,199",16.1,2.0,2.0,"112,138,73,131,175,199",7.12,16.1
"7.12-8,122,121,45,167,67",15.43,2.0,2.0,"8,122,121,45,167,67",7.12,15.43
"7.12-172,115,82,92,172,89",15.98,2.0,2.0,"172,115,82,92,172,89",7.12,15.98
"7.12-160,118,229,160,225,193",14.32,1.0,2.0,"160,118,229,160,225,193",7.12,14.32
"7.12-184,148,54,32,44,53",17.45,2.0,2.0,"184,148,54,32,44,53",7.12,17.45
"7.12-112,58,81,119,159,27",15.68,2.0,4.0,"112,58,81,119,159,27",7.12,15.68
"7.12-252,107,240,81,142,53",16.33,2.0,3.0,"252,107,240,81,142,53",7.12,16.33
"7.12-240,89,142,53,171,1",15.48,1.0,2.0,"240,89,142,53,171,1",7.12,15.48
"7.12-100,71,205,135,160,247",16.17,4.0,26.0,"100,71,205,135,160,247",7.12,16.17
"7.12-48,69,150,180,16,101",16.42,1.0,2.0,"48,69,150,180,16,101",7.12,16.42
"7.12-112,138,25,131,175,199",15.42,2.0,2.0,"112,138,25,131,175,199",7.12,15.42
"7.12-112,58,81,118,31,27",17.28,2.0,4.0,"112,58,81,118,31,27",7.12,17.28
"7.12-184,148,55,32,44,55",18.47,1.0,2.0,"184,148,55,32,44,55",7.12,18.47
"7.12-112,71,233,12,21,7",15.47,1.0,3.0,"112,71,233,12,21,7",7.12,15.47
"7.12-120,160,62,174,96,98",16.65,3.0,4.0,"120,160,62,174,96,98",7.12,16.65
"7.12-20,90,252,52,211,125",14.92,2.0,2.0,"20,90,252,52,211,125",7.12,14.92
"7.12-64,140,31,52,159,11",16.78,2.0,3.0,"64,140,31,52,159,11",7.12,16.78
"7.12-164,125,159,145,152,106",15.98,2.0,3.0,"164,125,159,145,152,106",7.12,15.98
"7.12-140,31,52,191,11,171",15.12,1.0,5.0,"140,31,52,191,11,171",7.12,15.12
"7.12-104,160,62,166,96,98",15.77,2.0,2.0,"104,160,62,166,96,98",7.12,15.77
"7.12-180,71,245,167,44,220",15.2,2.0,2.0,"180,71,245,167,44,220",7.12,15.2
"7.12-252,107,244,89,142,53",18.47,2.0,6.0,"252,107,244,89,142,53",7.12,18.47
"7.12-8,250,121,45,167,65",15.85,2.0,3.0,"8,250,121,45,167,65",7.12,15.85
"7.12-236,193,171,221,136,197",15.9,2.0,2.0,"236,193,171,221,136,197",7.12,15.9
"7.12-96,98,169,218,161,25",15.78,2.0,2.0,"96,98,169,218,161,25",7.12,15.78
"7.12-104,164,62,174,96,98",16.25,3.0,7.0,"104,164,62,174,96,98",7.12,16.25
"7.12-44,233,231,91,166,86",16.4,2.0,2.0,"44,233,231,91,166,86",7.12,16.4
"7.12-172,114,233,219,38,184",15.52,1.0,2.0,"172,114,233,219,38,184",7.12,15.52
"7.12-124,179,127,208,149,129",17.6,2.0,2.0,"124,179,127,208,149,129",7.12,17.6
"7.12-236,193,171,217,128,197",16.08,1.0,3.0,"236,193,171,217,128,197",7.12,16.08
"7.12-236,209,171,217,136,197",16.13,2.0,2.0,"236,209,171,217,136,197",7.12,16.13
"7.12-20,94,105,93,76,71",19.08,2.0,2.0,"20,94,105,93,76,71",7.12,19.08
"7.12-112,58,81,118,223,27",17.2,2.0,3.0,"112,58,81,118,223,27",7.12,17.2
"7.12-184,148,22,32,44,55",19.35,1.0,2.0,"184,148,22,32,44,55",7.12,19.35
"7.12-56,148,54,32,44,55",16.27,2.0,2.0,"56,148,54,32,44,55",7.12,16.27
"7.12-124,125,61,133,172,241",16.82,3.0,4.0,"124,125,61,133,172,241",7.12,16.82
"7.12-140,31,52,191,11,167",18.47,2.0,2.0,"140,31,52,191,11,167",7.12,18.47
"7.12-112,122,81,118,159,27",17.67,1.0,3.0,"112,122,81,118,159,27",7.12,17.67
"7.12-132,125,159,153,152,106",16.98,4.0,6.0,"132,125,159,153,152,106",7.12,16.98
"7.12-104,160,62,174,96,96",16.12,2.0,2.0,"104,160,62,174,96,96",7.12,16.12
"7.12-220,245,5,135,252,48",15.92,2.0,2.0,"220,245,5,135,252,48",7.12,15.92
"7.12-116,138,9,131,175,199",16.87,1.0,2.0,"116,138,9,131,175,199",7.12,16.87
"7.12-92,102,108,76,204,105",15.87,2.0,2.0,"92,102,108,76,204,105",7.12,15.87
"7.12-56,251,20,50,27,70",15.9,1.0,2.0,"56,251,20,50,27,70",7.12,15.9
"7.12-184,148,54,32,12,55",19.27,2.0,2.0,"184,148,54,32,12,55",7.12,19.27
"7.12-36,17,69,225,50,93",19.32,2.0,2.0,"36,17,69,225,50,93",7.12,19.32
"7.12-92,100,108,72,204,105",16.73,1.0,2.0,"92,100,108,72,204,105",7.12,16.73
"7.12-152,59,103,48,125,65",18.9,1.0,3.0,"152,59,103,48,125,65",7.12,18.9
"7.12-96,61,166,8,250,121",17.67,2.0,2.0,"96,61,166,8,250,121",7.12,17.67
"7.12-36,121,243,216,47,121",16.12,2.0,4.0,"36,121,243,216,47,121",7.12,16.12
"7.12-152,207,83,224,116,138",19.37,1.0,18.0,"152,207,83,224,116,138",7.12,19.37
"7.12-144,199,95,15,4,30",16.5,1.0,2.0,"144,199,95,15,4,30",7.12,16.5
"7.12-252,107,240,89,143,53",18.7,2.0,4.0,"252,107,240,89,143,53",7.12,18.7
"7.12-108,160,62,174,96,98",16.65,2.0,3.0,"108,160,62,174,96,98",7.12,16.65
"7.12-164,26,30,75,81,191",17.17,2.0,2.0,"164,26,30,75,81,191",7.12,17.17
"7.12-64,140,31,52,191,27",19.63,1.0,2.0,"64,140,31,52,191,27",7.12,19.63
"7.12-88,102,187,101,140,144",16.97,1.0,2.0,"88,102,187,101,140,144",7.12,16.97
"7.12-104,160,62,174,96,66",17.2,2.0,3.0,"104,160,62,174,96,66",7.12,17.2
"7.12-80,210,245,240,233,85",18.98,2.0,15.0,"80,210,245,240,233,85",7.12,18.98
"7.12-124,125,125,133,174,241",17.53,2.0,3.0,"124,125,125,133,174,241",7.12,17.53
"7.12-20,207,140,11,128,186",17.52,2.0,2.0,"20,207,140,11,128,186",7.12,17.52
"7.12-80,58,81,118,159,27",16.58,1.0,2.0,"80,58,81,118,159,27",7.12,16.58
"7.12-140,171,206,161,68,84",17.13,2.0,2.0,"140,171,206,161,68,84",7.12,17.13
"7.12-140,170,206,161,84,84",17.47,2.0,3.0,"140,170,206,161,84,84",7.12,17.47
"7.12-156,80,209,184,151,229",18.88,8.0,20.0,"156,80,209,184,151,229",7.12,18.88
"7.12-140,170,206,33,68,84",17.13,2.0,2.0,"140,170,206,33,68,84",7.12,17.13
"7.12-92,111,156,154,6,215",17.02,2.0,2.0,"92,111,156,154,6,215",7.12,17.02
"7.12-44,204,230,183,227,125",18.52,2.0,7.0,"44,204,230,183,227,125",7.12,18.52
"7.12-164,4,80,121,19,111",16.83,2.0,2.0,"164,4,80,121,19,111",7.12,16.83
"7.12-156,80,209,66,189,45",16.83,2.0,2.0,"156,80,209,66,189,45",7.12,16.83
"7.12-236,193,187,217,136,197",18.97,2.0,2.0,"236,193,187,217,136,197",7.12,18.97
"7.12-124,125,61,197,174,241",20.0,2.0,3.0,"124,125,61,197,174,241",7.12,20.0
"7.12-60,134,209,119,214,231",18.58,2.0,3.0,"60,134,209,119,214,231",7.12,18.58
"7.12-152,33,91,166,86,34",17.27,2.0,2.0,"152,33,91,166,86,34",7.12,17.27
"7.12-112,138,9,195,175,199",17.07,2.0,2.0,"112,138,9,195,175,199",7.12,17.07
"7.12-220,49,209,208,178,141",17.12,2.0,2.0,"220,49,209,208,178,141",7.12,17.12
"7.12-220,240,144,177,104,48",17.53,2.0,3.0,"220,240,144,177,104,48",7.12,17.53
"7.12-180,80,70,27,140,33",17.67,2.0,3.0,"180,80,70,27,140,33",7.12,17.67
"7.12-232,63,103,9,28,223",18.38,2.0,4.0,"232,63,103,9,28,223",7.12,18.38
"7.12-100,5,228,17,93,91",17.23,2.0,2.0,"100,5,228,17,93,91",7.12,17.23
"7.12-124,125,53,133,174,241",17.73,2.0,2.0,"124,125,53,133,174,241",7.12,17.73
"7.12-100,82,106,59,81,234",17.63,2.0,2.0,"100,82,106,59,81,234",7.12,17.63
"7.12-184,164,164,125,159,153",18.42,2.0,2.0,"184,164,164,125,159,153",7.12,18.42
"7.12-224,55,63,183,220,186",18.05,2.0,3.0,"224,55,63,183,220,186",7.12,18.05
"7.12-4,237,51,50,71,236",18.2,2.0,2.0,"4,237,51,50,71,236",7.12,18.2
"7.12-220,68,109,108,94,160",17.83,3.0,3.0,"220,68,109,108,94,160",7.12,17.83
"7.12-8,122,121,194,19,245",20.1,1.0,2.0,"8,122,121,194,19,245",7.12,20.1
"7.12-72,149,7,241,12,239",19.32,5.0,51.0,"72,149,7,241,12,239",7.12,19.32
"7.12-28,95,90,12,124,73",20.87,2.0,2.0,"28,95,90,12,124,73",7.12,20.87
"7.12-60,134,209,115,214,103",18.98,3.0,3.0,"60,134,209,115,214,103",7.12,18.98
"7.12-60,134,209,83,214,231",20.9,2.0,2.0,"60,134,209,83,214,231",7.12,20.9
"7.12-164,80,70,102,245,159",19.52,2.0,2.0,"164,80,70,102,245,159",7.12,19.52
"7.12-12,216,108,203,4,136",19.02,2.0,2.0,"12,216,108,203,4,136",7.12,19.02
"7.12-80,70,102,229,159,172",18.82,2.0,2.0,"80,70,102,229,159,172",7.12,18.82
"7.12-48,123,172,71,127,119",18.6,1.0,2.0,"48,123,172,71,127,119",7.12,18.6
"7.12-224,106,88,107,45,142",18.95,4.0,6.0,"224,106,88,107,45,142",7.12,18.95
"7.12-60,150,209,115,214,231",18.78,2.0,2.0,"60,150,209,115,214,231",7.12,18.78
"7.12-12,145,143,206,149,155",19.33,2.0,2.0,"12,145,143,206,149,155",7.12,19.33
"7.12-44,109,193,102,86,157",21.38,3.0,179.0,"44,109,193,102,86,157",7.12,21.38
"7.12-104,160,62,174,112,98",19.38,2.0,2.0,"104,160,62,174,112,98",7.12,19.38
"7.12-204,174,182,173,172,36",21.43,2.0,2.0,"204,174,182,173,172,36",7.12,21.43
"7.12-100,167,164,125,159,153",20.18,2.0,2.0,"100,167,164,125,159,153",7.12,20.18
"7.12-212,187,200,54,24,217",19.7,3.0,9.0,"212,187,200,54,24,217",7.12,19.7
"7.12-180,165,172,27,232,229",19.7,5.0,21.0,"180,165,172,27,232,229",7.12,19.7
"7.12-52,8,188,243,248,24",21.03,4.0,13.0,"52,8,188,243,248,24",7.12,21.03
"7.12-184,149,54,32,44,55",21.47,2.0,3.0,"184,149,54,32,44,55",7.12,21.47
"7.12-164,217,57,9,43,253",21.57,2.0,3.0,"164,217,57,9,43,253",7.12,21.57
"7.12-140,217,214,204,25,121",21.03,2.0,27.0,"140,217,214,204,25,121",7.12,21.03
"7.12-164,4,80,153,167,73",20.92,3.0,16.0,"164,4,80,153,167,73",7.12,20.92
"7.12-112,71,233,84,148,169",20.98,3.0,5.0,"112,71,233,84,148,169",7.12,20.98
"7.12-40,58,77,49,206,211",22.6,2.0,265.0,"40,58,77,49,206,211",7.12,22.6
"7.12-248,135,241,149,138,81",21.93,2.0,2.0,"248,135,241,149,138,81",7.12,21.93
"7.12-52,18,249,1,50,72",22.45,3.0,23.0,"52,18,249,1,50,72",7.12,22.45
"7.12-132,27,119,107,15,168",22.72,3.0,125.0,"132,27,119,107,15,168",7.12,22.72
"7.12-44,204,230,183,227,123",21.98,2.0,2.0,"44,204,230,183,227,123",7.12,21.98
"7.12-200,226,101,223,161,131",22.98,2.0,12.0,"200,226,101,223,161,131",7.12,22.98
"7.12-64,140,31,14,167,149",23.17,2.0,2.0,"64,140,31,14,167,149",7.12,23.17
"7.12-224,39,108,16,137,97",22.8,2.0,6.0,"224,39,108,16,137,97",7.12,22.8
"7.12-72,70,193,160,137,123",23.53,1.0,4.0,"72,70,193,160,137,123",7.12,23.53
"7.12-124,112,219,159,148,108",23.57,1.0,3.0,"124,112,219,159,148,108",7.12,23.57
"7.13-116,21,117,93,235,62",15.43,2.0,17.0,"116,21,117,93,235,62",7.13,15.43
"7.13-240,27,108,132,118,12",15.43,2.0,25.0,"240,27,108,132,118,12",7.13,15.43
"7.13-36,82,106,59,81,234",15.65,2.0,37.0,"36,82,106,59,81,234",7.13,15.65
"7.13-220,240,144,185,104,48",15.65,3.0,19.0,"220,240,144,185,104,48",7.13,15.65
"7.13-164,204,185,229,56,107",15.63,1.0,24.0,"164,204,185,229,56,107",7.13,15.63
"7.13-184,55,101,29,72,107",15.65,2.0,21.0,"184,55,101,29,72,107",7.13,15.65
"7.13-80,143,76,102,201,25",15.65,2.0,27.0,"80,143,76,102,201,25",7.13,15.65
"7.13-140,37,5,134,24,48",18.4,1.0,2.0,"140,37,5,134,24,48",7.13,18.4
"7.13-108,217,76,95,253,145",18.53,1.0,4.0,"108,217,76,95,253,145",7.13,18.53
"7.13-164,220,240,144,185,104",17.87,2.0,2.0,"164,220,240,144,185,104",7.13,17.87
"7.13-184,99,146,169,68,54",18.57,1.0,7.0,"184,99,146,169,68,54",7.13,18.57
"7.13-88,102,186,101,140,144",18.55,2.0,9.0,"88,102,186,101,140,144",7.13,18.55
"7.13-184,148,54,32,44,55",18.8,5.0,11.0,"184,148,54,32,44,55",7.13,18.8
"7.13-28,66,125,50,93,223",17.78,2.0,4.0,"28,66,125,50,93,223",7.13,17.78
"7.13-24,2,174,207,62,51",19.3,2.0,4.0,"24,2,174,207,62,51",7.13,19.3
"7.13-156,95,90,12,124,73",19.38,5.0,44.0,"156,95,90,12,124,73",7.13,19.38
"7.13-140,170,206,161,68,84",19.38,6.0,22.0,"140,170,206,161,68,84",7.13,19.38
"7.13-164,125,159,153,152,106",19.4,4.0,60.0,"164,125,159,153,152,106",7.13,19.4
"7.13-236,1,238,73,129,10",17.33,1.0,2.0,"236,1,238,73,129,10",7.13,17.33
"7.13-112,138,9,131,175,199",19.7,2.0,47.0,"112,138,9,131,175,199",7.13,19.7
"7.13-252,107,240,89,142,53",19.7,2.0,81.0,"252,107,240,89,142,53",7.13,19.7
"7.13-32,50,51,210,96,61",20.25,4.0,75.0,"32,50,51,210,96,61",7.13,20.25
"7.13-20,94,105,93,76,199",19.22,2.0,9.0,"20,94,105,93,76,199",7.13,19.22
"7.13-28,209,7,152,33,91",20.05,2.0,24.0,"28,209,7,152,33,91",7.13,20.05
"7.13-60,134,209,115,214,231",19.63,3.0,6.0,"60,134,209,115,214,231",7.13,19.63
"7.13-72,70,193,161,116,246",20.13,2.0,8.0,"72,70,193,161,116,246",7.13,20.13
"7.13-160,110,168,60,136,95",19.18,2.0,2.0,"160,110,168,60,136,95",7.13,19.18
"7.13-168,60,136,95,198,166",17.92,2.0,2.0,"168,60,136,95,198,166",7.13,17.92
"7.13-248,45,124,72,127,16",20.03,3.0,6.0,"248,45,124,72,127,16",7.13,20.03
"7.13-252,190,123,146,220,35",20.55,1.0,33.0,"252,190,123,146,220,35",7.13,20.55
"7.13-112,71,233,44,21,7",20.55,2.0,25.0,"112,71,233,44,21,7",7.13,20.55
"7.13-48,74,38,133,29,213",20.55,4.0,70.0,"48,74,38,133,29,213",7.13,20.55
"7.13-180,71,245,166,44,220",20.65,4.0,34.0,"180,71,245,166,44,220",7.13,20.65
"7.13-208,151,254,41,36,198",20.65,3.0,38.0,"208,151,254,41,36,198",7.13,20.65
"7.13-88,198,240,41,58,135",20.65,5.0,13.0,"88,198,240,41,58,135",7.13,20.65
"7.13-8,250,121,45,167,67",20.47,2.0,25.0,"8,250,121,45,167,67",7.13,20.47
"7.13-144,195,95,15,4,30",19.58,2.0,15.0,"144,195,95,15,4,30",7.13,19.58
"7.13-172,26,242,44,233,231",18.55,1.0,2.0,"172,26,242,44,233,231",7.13,18.55
"7.13-8,250,121,183,224,101",20.07,1.0,2.0,"8,250,121,183,224,101",7.13,20.07
"7.13-68,216,120,87,119,51",19.88,1.0,9.0,"68,216,120,87,119,51",7.13,19.88
"7.13-220,240,144,189,104,48",20.25,1.0,2.0,"220,240,144,189,104,48",7.13,20.25
"7.13-204,129,42,183,42,73",20.98,2.0,18.0,"204,129,42,183,42,73",7.13,20.98
"7.13-76,24,154,44,218,251",19.5,1.0,2.0,"76,24,154,44,218,251",7.13,19.5
"7.13-164,252,107,240,89,142",21.08,1.0,4.0,"164,252,107,240,89,142",7.13,21.08
"7.13-4,207,140,11,128,186",21.03,3.0,12.0,"4,207,140,11,128,186",7.13,21.03
"7.13-172,115,82,76,172,89",21.12,3.0,20.0,"172,115,82,76,172,89",7.13,21.12
"7.13-172,164,125,159,153,152",18.23,1.0,2.0,"172,164,125,159,153,152",7.13,18.23
"7.13-156,116,3,130,126,7",21.08,1.0,3.0,"156,116,3,130,126,7",7.13,21.08
"7.13-48,148,53,197,58,225",21.13,2.0,7.0,"48,148,53,197,58,225",7.13,21.13
"7.13-164,32,50,51,210,96",20.28,1.0,3.0,"164,32,50,51,210,96",7.13,20.28
"7.13-192,203,241,128,223,206",20.37,2.0,5.0,"192,203,241,128,223,206",7.13,20.37
"7.13-160,180,71,245,166,44",19.98,2.0,2.0,"160,180,71,245,166,44",7.13,19.98
"7.13-160,112,71,233,44,21",19.43,2.0,2.0,"160,112,71,233,44,21",7.13,19.43
"7.13-172,164,111,65,172,166",19.23,1.0,2.0,"172,164,111,65,172,166",7.13,19.23
"7.13-168,184,55,101,29,72",19.68,1.0,3.0,"168,184,55,101,29,72",7.13,19.68
"7.13-164,126,40,34,24,55",21.28,3.0,3.0,"164,126,40,34,24,55",7.13,21.28
"7.13-36,17,69,161,50,93",21.1,3.0,10.0,"36,17,69,161,50,93",7.13,21.1
"7.13-64,140,31,142,167,149",21.1,6.0,11.0,"64,140,31,142,167,149",7.13,21.1
"7.13-176,241,236,211,105,14",19.45,1.0,2.0,"176,241,236,211,105,14",7.13,19.45
"7.13-160,48,74,38,133,29",20.47,1.0,2.0,"160,48,74,38,133,29",7.13,20.47
"7.13-164,36,17,69,161,50",21.07,2.0,3.0,"164,36,17,69,161,50",7.13,21.07
"7.13-240,103,40,135,90,171",21.83,1.0,6.0,"240,103,40,135,90,171",7.13,21.83
"7.13-176,8,250,121,45,167",19.77,1.0,4.0,"176,8,250,121,45,167",7.13,19.77
"7.13-196,152,92,41,196,143",19.77,1.0,2.0,"196,152,92,41,196,143",7.13,19.77
"7.13-176,204,129,42,183,42",19.77,1.0,3.0,"176,204,129,42,183,42",7.13,19.77
"7.13-156,40,64,136,132,82",21.92,3.0,3.0,"156,40,64,136,132,82",7.13,21.92
"7.13-168,152,146,10,133,107",22.08,1.0,8.0,"168,152,146,10,133,107",7.13,22.08
"7.13-56,251,20,50,26,70",21.52,2.0,7.0,"56,251,20,50,26,70",7.13,21.52
"7.13-164,80,70,27,140,33",22.35,1.0,4.0,"164,80,70,27,140,33",7.13,22.35
"7.13-72,70,193,160,137,123",22.4,1.0,3.0,"72,70,193,160,137,123",7.13,22.4
"7.13-140,217,214,204,25,121",22.08,2.0,7.0,"140,217,214,204,25,121",7.13,22.08
"7.13-44,109,193,102,86,157",22.4,1.0,6.0,"44,109,193,102,86,157",7.13,22.4
"7.13-112,58,81,118,159,27",22.22,2.0,10.0,"112,58,81,118,159,27",7.13,22.22
"7.13-164,112,58,81,118,159",21.37,1.0,2.0,"164,112,58,81,118,159",7.13,21.37
"7.13-164,8,250,121,45,167",20.87,1.0,2.0,"164,8,250,121,45,167",7.13,20.87
"7.13-168,134,172,164,111,65",21.55,2.0,2.0,"168,134,172,164,111,65",7.13,21.55
"7.13-64,140,31,52,191,11",22.65,1.0,11.0,"64,140,31,52,191,11",7.13,22.65
"7.13-168,144,195,95,15,4",21.85,1.0,3.0,"168,144,195,95,15,4",7.13,21.85
"7.13-136,191,228,175,202,9",22.32,1.0,3.0,"136,191,228,175,202,9",7.13,22.32
"7.13-124,218,195,126,234,181",22.23,1.0,2.0,"124,218,195,126,234,181",7.13,22.23
"7.13-40,53,69,96,185,108",22.77,2.0,2.0,"40,53,69,96,185,108",7.13,22.77
"7.13-48,74,38,149,29,213",22.43,1.0,2.0,"48,74,38,149,29,213",7.13,22.43
"7.13-36,125,159,153,152,106",22.63,1.0,2.0,"36,125,159,153,152,106",7.13,22.63
"7.13-168,28,209,7,152,33",22.53,1.0,2.0,"168,28,209,7,152,33",7.13,22.53
"7.13-208,151,254,41,36,162",22.53,1.0,2.0,"208,151,254,41,36,162",7.13,22.53
"7.13-8,250,121,194,19,245",22.53,1.0,3.0,"8,250,121,194,19,245",7.13,22.53
"7.13-92,102,108,72,204,105",23.23,1.0,2.0,"92,102,108,72,204,105",7.13,23.23
"7.13-20,154,16,154,204,112",23.07,1.0,2.0,"20,154,16,154,204,112",7.13,23.07
"7.13-236,193,171,217,136,197",23.27,2.0,4.0,"236,193,171,217,136,197",7.13,23.27
"7.13-48,69,150,180,24,101",23.5,1.0,13.0,"48,69,150,180,24,101",7.13,23.5
"7.13-220,245,5,135,187,95",23.5,1.0,2.0,"220,245,5,135,187,95",7.13,23.5
"7.13-248,135,241,149,138,83",23.63,2.0,3.0,"248,135,241,149,138,83",7.13,23.63
"7.13-144,120,65,31,69,55",23.9,1.0,7.0,"144,120,65,31,69,55",7.13,23.9
"7.13-72,81,197,94,156,205",23.92,1.0,15.0,"72,81,197,94,156,205",7.13,23.92
"7.13-4,237,51,58,71,236",23.88,1.0,7.0,"4,237,51,58,71,236",7.13,23.88
"7.13-72,70,193,137,57,37",23.92,2.0,6.0,"72,70,193,137,57,37",7.13,23.92
"7.13-108,33,162,235,7,87",23.92,1.0,6.0,"108,33,162,235,7,87",7.13,23.92
"7.13-116,76,161,98,31,201",23.92,1.0,5.0,"116,76,161,98,31,201",7.13,23.92
"7.13-40,58,77,49,206,211",23.92,1.0,5.0,"40,58,77,49,206,211",7.13,23.92
"7.13-56,252,152,142,93,110",23.93,1.0,13.0,"56,252,152,142,93,110",7.13,23.93
"7.13-76,121,110,92,225,133",23.93,1.0,3.0,"76,121,110,92,225,133",7.13,23.93
"7.13-164,201,57,205,13,69",23.97,1.0,11.0,"164,201,57,205,13,69",7.13,23.97
"7.14-240,27,108,132,118,12",11.93,2.0,1517.0,"240,27,108,132,118,12",7.14,11.93
"7.14-252,107,240,89,142,53",11.98,3.0,6292.0,"252,107,240,89,142,53",7.14,11.98
"7.14-112,138,9,131,175,199",11.95,4.0,2806.0,"112,138,9,131,175,199",7.14,11.95
"7.14-44,109,193,102,86,157",8.8,1.0,86.0,"44,109,193,102,86,157",7.14,8.8
"7.14-184,55,101,29,72,107",11.98,7.0,2521.0,"184,55,101,29,72,107",7.14,11.98
"7.14-48,74,38,133,29,213",11.98,7.0,5470.0,"48,74,38,133,29,213",7.14,11.98
"7.14-180,71,245,166,44,220",11.98,4.0,1607.0,"180,71,245,166,44,220",7.14,11.98
"7.14-156,95,90,12,124,73",11.98,9.0,2139.0,"156,95,90,12,124,73",7.14,11.98
"7.14-116,76,161,98,31,201",12.0,3.0,216.0,"116,76,161,98,31,201",7.14,12.0
"7.14-132,65,103,218,221,212",11.95,8.0,337.0,"132,65,103,218,221,212",7.14,11.95
"7.14-164,240,27,108,132,118",8.73,2.0,13.0,"164,240,27,108,132,118",7.14,8.73
"7.14-148,54,32,44,55,171",6.53,4.0,5.0,"148,54,32,44,55,171",7.14,6.53
"7.14-28,66,125,50,93,223",11.93,2.0,483.0,"28,66,125,50,93,223",7.14,11.93
"7.14-184,148,54,32,44,55",12.0,12.0,2123.0,"184,148,54,32,44,55",7.14,12.0
"7.14-32,50,51,210,96,61",12.0,7.0,7083.0,"32,50,51,210,96,61",7.14,12.0
"7.14-252,190,123,146,220,35",12.0,2.0,2685.0,"252,190,123,146,220,35",7.14,12.0
"7.14-208,151,254,41,36,198",10.78,5.0,1101.0,"208,151,254,41,36,198",7.14,10.78
"7.14-172,115,82,76,172,89",12.0,10.0,1237.0,"172,115,82,76,172,89",7.14,12.0
"7.14-244,96,226,16,224,222",10.27,1.0,13.0,"244,96,226,16,224,222",7.14,10.27
"7.14-64,140,31,52,191,11",11.97,4.0,415.0,"64,140,31,52,191,11",7.14,11.97
"7.14-164,204,185,229,56,107",9.12,5.0,217.0,"164,204,185,229,56,107",7.14,9.12
"7.14-184,99,146,169,68,54",5.0,1.0,8.0,"184,99,146,169,68,54",7.14,5.0
"7.14-80,143,76,102,201,25",11.98,3.0,1782.0,"80,143,76,102,201,25",7.14,11.98
"7.14-116,21,117,93,235,62",10.5,8.0,1089.0,"116,21,117,93,235,62",7.14,10.5
"7.14-48,69,150,180,24,101",12.0,3.0,1224.0,"48,69,150,180,24,101",7.14,12.0
"7.14-164,201,57,205,13,69",10.35,5.0,1280.0,"164,201,57,205,13,69",7.14,10.35
"7.14-164,125,159,153,152,106",12.0,6.0,4523.0,"164,125,159,153,152,106",7.14,12.0
"7.14-72,81,197,94,156,205",10.53,4.0,460.0,"72,81,197,94,156,205",7.14,10.53
"7.14-56,252,152,142,93,110",10.53,3.0,265.0,"56,252,152,142,93,110",7.14,10.53
"7.14-36,82,106,59,81,234",11.98,2.0,984.0,"36,82,106,59,81,234",7.14,11.98
"7.14-220,245,5,135,187,95",11.48,2.0,193.0,"220,245,5,135,187,95",7.14,11.48
"7.14-112,71,233,44,21,7",12.0,2.0,2178.0,"112,71,233,44,21,7",7.14,12.0
"7.14-248,135,241,149,138,83",3.73,7.0,184.0,"248,135,241,149,138,83",7.14,3.73
"7.14-124,218,195,126,234,181",11.95,4.0,166.0,"124,218,195,126,234,181",7.14,11.95
"7.14-72,70,193,160,137,123",7.33,3.0,15.0,"72,70,193,160,137,123",7.14,7.33
"7.14-236,193,171,217,136,197",11.63,3.0,530.0,"236,193,171,217,136,197",7.14,11.63
"7.14-40,58,77,49,206,211",10.47,2.0,828.0,"40,58,77,49,206,211",7.14,10.47
"7.14-140,170,206,161,68,84",12.0,9.0,1790.0,"140,170,206,161,68,84",7.14,12.0
"7.14-144,120,65,31,69,55",11.98,4.0,60.0,"144,120,65,31,69,55",7.14,11.98
"7.14-72,70,193,137,57,37",3.9,3.0,204.0,"72,70,193,137,57,37",7.14,3.9
"7.14-52,8,188,243,248,24",8.4,4.0,16.0,"52,8,188,243,248,24",7.14,8.4
"7.14-204,129,42,183,42,73",12.0,12.0,1493.0,"204,129,42,183,42,73",7.14,12.0
"7.14-156,116,3,130,126,7",12.0,4.0,192.0,"156,116,3,130,126,7",7.14,12.0
"7.14-124,112,219,159,148,108",10.47,3.0,72.0,"124,112,219,159,148,108",7.14,10.47
"7.14-4,237,51,58,71,236",10.47,4.0,300.0,"4,237,51,58,71,236",7.14,10.47
"7.14-108,33,162,235,7,87",11.98,3.0,1123.0,"108,33,162,235,7,87",7.14,11.98
"7.14-244,209,8,186,93,206",9.62,2.0,2.0,"244,209,8,186,93,206",7.14,9.62
"7.14-4,207,140,11,128,186",12.03,6.0,864.0,"4,207,140,11,128,186",7.14,12.03
"7.14-160,56,251,20,50,26",7.87,3.0,4.0,"160,56,251,20,50,26",7.14,7.87
"7.14-220,140,27,5,237,87",8.32,6.0,10.0,"220,140,27,5,237,87",7.14,8.32
"7.14-160,48,74,38,133,29",5.8,2.0,5.0,"160,48,74,38,133,29",7.14,5.8
"7.14-40,34,24,55,129,163",5.55,2.0,2.0,"40,34,24,55,129,163",7.14,5.55
"7.14-164,142,182,214,236,44",5.77,2.0,3.0,"164,142,182,214,236,44",7.14,5.77
"7.14-48,148,53,197,58,225",11.65,9.0,1321.0,"48,148,53,197,58,225",7.14,11.65
"7.14-160,164,125,159,153,152",10.1,3.0,10.0,"160,164,125,159,153,152",7.14,10.1
"7.14-168,226,195,233,6,76",8.75,2.0,3.0,"168,226,195,233,6,76",7.14,8.75
"7.14-212,26,63,183,185,195",8.02,2.0,45.0,"212,26,63,183,185,195",7.14,8.02
"7.14-28,209,7,152,33,91",12.03,6.0,1810.0,"28,209,7,152,33,91",7.14,12.03
"7.14-88,198,240,41,58,135",11.68,14.0,1482.0,"88,198,240,41,58,135",7.14,11.68
"7.14-56,251,20,50,26,70",8.5,6.0,440.0,"56,251,20,50,26,70",7.14,8.5
"7.14-60,134,209,115,214,231",12.02,13.0,1173.0,"60,134,209,115,214,231",7.14,12.02
"7.14-48,74,39,133,29,213",7.22,4.0,7.0,"48,74,39,133,29,213",7.14,7.22
"7.14-8,250,121,45,167,67",12.03,4.0,2596.0,"8,250,121,45,167,67",7.14,12.03
"7.14-32,238,40,60,214,136",9.9,1.0,11.0,"32,238,40,60,214,136",7.14,9.9
"7.14-164,201,57,9,43,253",12.02,6.0,488.0,"164,201,57,9,43,253",7.14,12.02
"7.14-24,2,174,207,62,51",10.87,9.0,535.0,"24,2,174,207,62,51",7.14,10.87
"7.14-8,250,121,183,224,101",10.6,3.0,294.0,"8,250,121,183,224,101",7.14,10.6
"7.14-208,151,254,40,222,169",12.07,4.0,544.0,"208,151,254,40,222,169",7.14,12.07
"7.14-60,165,129,247,226,15",6.82,2.0,30.0,"60,165,129,247,226,15",7.14,6.82
"7.14-92,102,108,72,204,105",12.0,3.0,754.0,"92,102,108,72,204,105",7.14,12.0
"7.14-36,125,159,153,152,106",10.18,3.0,7.0,"36,125,159,153,152,106",7.14,10.18
"7.14-240,103,40,135,90,171",12.08,1.0,1281.0,"240,103,40,135,90,171",7.14,12.08
"7.14-140,37,5,134,24,48",12.02,5.0,76.0,"140,37,5,134,24,48",7.14,12.02
"7.14-148,54,32,44,55,167",11.73,3.0,5.0,"148,54,32,44,55,167",7.14,11.73
"7.14-220,240,144,185,104,48",12.08,10.0,1776.0,"220,240,144,185,104,48",7.14,12.08
"7.14-156,40,64,136,132,82",8.38,8.0,320.0,"156,40,64,136,132,82",7.14,8.38
"7.14-164,184,148,54,32,44",5.25,3.0,4.0,"164,184,148,54,32,44",7.14,5.25
"7.14-164,118,229,160,225,193",9.73,4.0,6.0,"164,118,229,160,225,193",7.14,9.73
"7.14-40,64,136,132,82,175",6.62,2.0,3.0,"40,64,136,132,82,175",7.14,6.62
"7.14-248,195,158,150,36,116",7.1,6.0,58.0,"248,195,158,150,36,116",7.14,7.1
"7.14-100,165,112,138,9,131",2.87,2.0,2.0,"100,165,112,138,9,131",7.14,2.87
"7.14-160,225,193,100,172,1",6.62,2.0,2.0,"160,225,193,100,172,1",7.14,6.62
"7.14-164,80,70,27,140,33",10.63,8.0,492.0,"164,80,70,27,140,33",7.14,10.63
"7.14-112,154,9,131,175,199",6.78,2.0,3.0,"112,154,9,131,175,199",7.14,6.78
"7.14-40,53,69,96,185,108",10.3,4.0,160.0,"40,53,69,96,185,108",7.14,10.3
"7.14-240,89,142,53,173,1",8.38,1.0,3.0,"240,89,142,53,173,1",7.14,8.38
"7.14-160,112,138,9,131,175",10.4,1.0,5.0,"160,112,138,9,131,175",7.14,10.4
"7.14-88,102,186,101,140,144",11.93,2.0,901.0,"88,102,186,101,140,144",7.14,11.93
"7.14-180,8,250,121,45,167",10.88,2.0,7.0,"180,8,250,121,45,167",7.14,10.88
"7.14-176,26,242,44,233,231",10.15,2.0,11.0,"176,26,242,44,233,231",7.14,10.15
"7.14-36,17,69,161,50,93",10.85,3.0,1271.0,"36,17,69,161,50,93",7.14,10.85
"7.14-248,45,124,72,127,16",12.1,8.0,716.0,"248,45,124,72,127,16",7.14,12.1
"7.14-124,107,156,13,48,251",0.22,3.0,4.0,"124,107,156,13,48,251",7.14,0.22
"7.14-44,21,225,16,68,88",2.6,2.0,3.0,"44,21,225,16,68,88",7.14,2.6
"7.14-104,74,174,67,128,132",10.52,4.0,39.0,"104,74,174,67,128,132",7.14,10.52
"7.14-168,152,146,10,133,107",12.12,1.0,1058.0,"168,152,146,10,133,107",7.14,12.12
"7.14-32,50,51,82,96,61",10.0,3.0,10.0,"32,50,51,82,96,61",7.14,10.0
"7.14-208,151,254,41,36,162",12.13,10.0,429.0,"208,151,254,41,36,162",7.14,12.13
"7.14-108,217,76,95,253,145",8.65,9.0,86.0,"108,217,76,95,253,145",7.14,8.65
"7.14-168,8,250,121,45,167",10.8,2.0,17.0,"168,8,250,121,45,167",7.14,10.8
"7.14-188,95,246,246,99,95",8.63,2.0,5.0,"188,95,246,246,99,95",7.14,8.63
"7.14-152,33,91,165,144,195",8.35,2.0,4.0,"152,33,91,165,144,195",7.14,8.35
"7.14-144,195,95,15,4,30",10.62,3.0,782.0,"144,195,95,15,4,30",7.14,10.62
"7.14-20,90,252,52,211,125",7.57,2.0,3.0,"20,90,252,52,211,125",7.14,7.57
"7.14-112,58,81,118,159,27",11.78,4.0,1509.0,"112,58,81,118,159,27",7.14,11.78
"7.14-136,191,228,175,202,9",10.8,3.0,294.0,"136,191,228,175,202,9",7.14,10.8
"7.14-172,112,58,81,118,159",11.67,2.0,14.0,"172,112,58,81,118,159",7.14,11.67
"7.14-44,233,231,91,175,1",10.52,2.0,2.0,"44,233,231,91,175,1",7.14,10.52
"7.14-44,233,231,91,169,8",8.52,2.0,3.0,"44,233,231,91,169,8",7.14,8.52
"7.14-152,151,204,174,182,173",12.13,4.0,58.0,"152,151,204,174,182,173",7.14,12.13
"7.14-48,74,54,133,29,213",7.17,3.0,8.0,"48,74,54,133,29,213",7.14,7.17
"7.14-168,144,195,95,15,4",8.75,2.0,12.0,"168,144,195,95,15,4",7.14,8.75
"7.14-168,28,209,7,152,33",8.88,2.0,8.0,"168,28,209,7,152,33",7.14,8.88
"7.14-64,140,31,142,167,149",12.13,13.0,1269.0,"64,140,31,142,167,149",7.14,12.13
"7.14-32,54,51,210,96,61",6.95,2.0,4.0,"32,54,51,210,96,61",7.14,6.95
"7.14-84,167,3,191,88,22",12.17,3.0,13.0,"84,167,3,191,88,22",7.14,12.17
"7.14-168,140,217,214,204,25",0.38,1.0,2.0,"168,140,217,214,204,25",7.14,0.38
"7.14-148,54,32,44,55,170",9.87,2.0,3.0,"148,54,32,44,55,170",7.14,9.87
"7.14-140,217,214,204,25,121",10.67,3.0,240.0,"140,217,214,204,25,121",7.14,10.67
"7.14-240,89,142,53,168,51",6.55,2.0,3.0,"240,89,142,53,168,51",7.14,6.55
"7.14-164,125,151,153,152,106",9.43,3.0,5.0,"164,125,151,153,152,106",7.14,9.43
"7.14-252,105,240,89,142,53",10.07,1.0,7.0,"252,105,240,89,142,53",7.14,10.07
"7.14-148,54,32,44,55,162",5.83,3.0,4.0,"148,54,32,44,55,162",7.14,5.83
"7.14-240,89,142,53,162,164",8.05,2.0,3.0,"240,89,142,53,162,164",7.14,8.05
"7.14-168,184,148,54,32,44",12.15,2.0,4.0,"168,184,148,54,32,44",7.14,12.15
"7.14-148,54,32,44,55,166",5.33,3.0,3.0,"148,54,32,44,55,166",7.14,5.33
"7.14-240,89,142,53,166,1",2.95,1.0,2.0,"240,89,142,53,166,1",7.14,2.95
"7.14-64,69,218,201,121,51",6.68,6.0,39.0,"64,69,218,201,121,51",7.14,6.68
"7.14-252,171,144,115,155,102",12.18,2.0,14.0,"252,171,144,115,155,102",7.14,12.18
"7.14-184,154,42,104,62,244",12.2,3.0,191.0,"184,154,42,104,62,244",7.14,12.2
"7.14-124,179,123,208,149,129",10.77,2.0,141.0,"124,179,123,208,149,129",7.14,10.77
"7.14-8,74,207,99,147,223",12.28,7.0,298.0,"8,74,207,99,147,223",7.14,12.28
"7.14-148,53,197,58,225,170",7.52,2.0,4.0,"148,53,197,58,225,170",7.14,7.52
"7.14-20,94,105,93,76,199",12.3,4.0,862.0,"20,94,105,93,76,199",7.14,12.3
"7.14-236,1,238,73,129,10",10.55,1.0,45.0,"236,1,238,73,129,10",7.14,10.55
"7.14-36,82,106,59,81,232",5.37,1.0,11.0,"36,82,106,59,81,232",7.14,5.37
"7.14-80,143,76,102,73,25",4.2,2.0,2.0,"80,143,76,102,73,25",7.14,4.2
"7.14-88,198,208,41,58,135",8.1,2.0,3.0,"88,198,208,41,58,135",7.14,8.1
"7.14-8,179,175,7,212,61",12.37,1.0,12.0,"8,179,175,7,212,61",7.14,12.37
"7.14-72,149,7,30,171,33",10.65,1.0,15.0,"72,149,7,30,171,33",7.14,10.65
"7.14-48,74,38,149,29,213",7.58,2.0,9.0,"48,74,38,149,29,213",7.14,7.58
"7.14-184,80,143,76,102,201",8.57,2.0,2.0,"184,80,143,76,102,201",7.14,8.57
"7.14-164,252,107,240,89,142",10.85,1.0,9.0,"164,252,107,240,89,142",7.14,10.85
"7.14-168,164,125,159,153,152",10.85,3.0,28.0,"168,164,125,159,153,152",7.14,10.85
"7.14-164,112,138,9,131,175",7.4,2.0,3.0,"164,112,138,9,131,175",7.14,7.4
"7.14-216,158,97,141,69,200",5.97,2.0,3.0,"216,158,97,141,69,200",7.14,5.97
"7.14-32,84,250,87,207,6",6.25,5.0,20.0,"32,84,250,87,207,6",7.14,6.25
"7.14-32,109,140,145,63,169",8.72,2.0,2.0,"32,109,140,145,63,169",7.14,8.72
"7.14-220,252,18,60,80,165",12.5,3.0,6.0,"220,252,18,60,80,165",7.14,12.5
"7.14-164,125,223,153,152,106",10.33,4.0,12.0,"164,125,223,153,152,106",7.14,10.33
"7.14-140,31,142,167,149,177",7.77,2.0,4.0,"140,31,142,167,149,177",7.14,7.77
"7.14-164,64,140,31,142,167",6.98,5.0,11.0,"164,64,140,31,142,167",7.14,6.98
"7.14-240,144,185,104,48,181",8.35,1.0,3.0,"240,144,185,104,48,181",7.14,8.35
"7.14-240,144,185,104,48,168",5.57,1.0,3.0,"240,144,185,104,48,168",7.14,5.57
"7.14-240,144,185,104,48,161",9.18,2.0,5.0,"240,144,185,104,48,161",7.14,9.18
"7.14-252,60,164,184,55,101",8.95,2.0,2.0,"252,60,164,184,55,101",7.14,8.95
"7.14-68,216,120,87,119,51",12.02,1.0,404.0,"68,216,120,87,119,51",7.14,12.02
"7.14-168,220,240,144,185,104",10.0,2.0,8.0,"168,220,240,144,185,104",7.14,10.0
"7.14-192,203,241,128,223,206",6.75,8.0,86.0,"192,203,241,128,223,206",7.14,6.75
"7.14-152,146,27,125,235,177",8.72,2.0,2.0,"152,146,27,125,235,177",7.14,8.72
"7.14-172,60,134,209,115,214",9.32,3.0,3.0,"172,60,134,209,115,214",7.14,9.32
"7.14-168,152,146,27,125,235",8.77,6.0,109.0,"168,152,146,27,125,235",7.14,8.77
"7.14-96,230,240,177,80,251",9.17,12.0,98.0,"96,230,240,177,80,251",7.14,9.17
"7.14-176,210,235,207,232,60",3.65,2.0,2.0,"176,210,235,207,232,60",7.14,3.65
"7.14-220,68,109,46,82,108",8.72,7.0,32.0,"220,68,109,46,82,108",7.14,8.72
"7.14-164,125,159,145,152,106",5.65,3.0,3.0,"164,125,159,145,152,106",7.14,5.65
"7.14-40,64,136,132,82,173",7.18,2.0,2.0,"40,64,136,132,82,173",7.14,7.18
"7.14-44,204,230,183,225,147",10.78,4.0,7.0,"44,204,230,183,225,147",7.14,10.78
"7.14-140,42,206,161,68,84",7.8,2.0,3.0,"140,42,206,161,68,84",7.14,7.8
"7.14-160,48,148,53,197,58",12.18,3.0,4.0,"160,48,148,53,197,58",7.14,12.18
"7.14-240,98,90,159,90,22",10.83,6.0,135.0,"240,98,90,159,90,22",7.14,10.83
"7.14-172,164,111,65,172,164",5.9,1.0,5.0,"172,164,111,65,172,164",7.14,5.9
"7.14-168,60,136,95,198,165",12.07,2.0,8.0,"168,60,136,95,198,165",7.14,12.07
"7.14-48,74,38,155,214,98",10.93,5.0,25.0,"48,74,38,155,214,98",7.14,10.93
"7.14-8,250,121,194,19,245",12.57,4.0,538.0,"8,250,121,194,19,245",7.14,12.57
"7.14-20,154,16,154,204,112",12.57,5.0,265.0,"20,154,16,154,204,112",7.14,12.57
"7.14-148,53,197,58,225,163",6.53,2.0,3.0,"148,53,197,58,225,163",7.14,6.53
"7.14-4,79,140,11,128,186",7.1,1.0,2.0,"4,79,140,11,128,186",7.14,7.1
"7.14-172,164,111,65,172,168",6.18,2.0,4.0,"172,164,111,65,172,168",7.14,6.18
"7.14-164,8,74,207,99,147",9.68,2.0,2.0,"164,8,74,207,99,147",7.14,9.68
"7.14-148,53,197,58,225,159",7.6,3.0,4.0,"148,53,197,58,225,159",7.14,7.6
"7.14-40,34,24,55,129,179",8.37,2.0,2.0,"40,34,24,55,129,179",7.14,8.37
"7.14-148,53,197,58,225,161",12.07,2.0,5.0,"148,53,197,58,225,161",7.14,12.07
"7.14-168,60,136,95,198,167",12.18,2.0,5.0,"168,60,136,95,198,167",7.14,12.18
"7.14-164,156,95,90,12,124",11.73,5.0,12.0,"164,156,95,90,12,124",7.14,11.73
"7.14-140,31,142,167,149,162",9.0,2.0,2.0,"140,31,142,167,149,162",7.14,9.0
"7.14-160,126,40,34,24,55",8.28,2.0,4.0,"160,126,40,34,24,55",7.14,8.28
"7.14-168,10,2,230,91,252",9.32,1.0,4.0,"168,10,2,230,91,252",7.14,9.32
"7.14-176,36,17,69,161,50",11.28,1.0,4.0,"176,36,17,69,161,50",7.14,11.28
"7.14-28,209,7,153,33,91",10.23,2.0,6.0,"28,209,7,153,33,91",7.14,10.23
"7.14-64,140,31,52,159,11",9.52,2.0,2.0,"64,140,31,52,159,11",7.14,9.52
"7.14-40,34,24,55,129,165",9.02,2.0,3.0,"40,34,24,55,129,165",7.14,9.02
"7.14-140,31,142,167,149,161",7.62,2.0,2.0,"140,31,142,167,149,161",7.14,7.62
"7.14-80,210,245,240,233,85",11.6,2.0,14.0,"80,210,245,240,233,85",7.14,11.6
"7.14-252,111,240,89,142,53",8.83,1.0,4.0,"252,111,240,89,142,53",7.14,8.83
"7.14-44,204,230,183,227,122",10.63,1.0,2.0,"44,204,230,183,227,122",7.14,10.63
"7.14-36,82,106,59,81,226",7.68,2.0,2.0,"36,82,106,59,81,226",7.14,7.68
"7.14-92,255,255,144,7,131",12.23,3.0,132.0,"92,255,255,144,7,131",7.14,12.23
"7.14-36,82,98,59,81,234",9.35,2.0,4.0,"36,82,98,59,81,234",7.14,9.35
"7.14-212,131,4,236,83,154",11.18,2.0,13.0,"212,131,4,236,83,154",7.14,11.18
"7.14-44,204,230,183,227,125",10.92,2.0,6.0,"44,204,230,183,227,125",7.14,10.92
"7.14-76,24,154,44,218,251",11.2,2.0,152.0,"76,24,154,44,218,251",7.14,11.2
"7.14-240,144,185,104,48,163",12.22,2.0,4.0,"240,144,185,104,48,163",7.14,12.22
"7.14-92,74,31,185,183,247",10.58,2.0,11.0,"92,74,31,185,183,247",7.14,10.58
"7.14-64,140,31,158,167,149",10.1,2.0,4.0,"64,140,31,158,167,149",7.14,10.1
"7.14-168,156,95,90,12,124",9.22,2.0,3.0,"168,156,95,90,12,124",7.14,9.22
"7.14-72,70,193,161,116,246",11.38,4.0,523.0,"72,70,193,161,116,246",7.14,11.38
"7.14-160,156,95,90,12,124",12.35,5.0,10.0,"160,156,95,90,12,124",7.14,12.35
"7.14-172,164,125,159,153,152",11.83,2.0,13.0,"172,164,125,159,153,152",7.14,11.83
"7.14-40,64,136,132,82,171",7.4,2.0,2.0,"40,64,136,132,82,171",7.14,7.4
"7.14-156,40,64,128,132,82",7.87,2.0,2.0,"156,40,64,128,132,82",7.14,7.87
"7.14-252,107,240,89,158,53",8.78,2.0,4.0,"252,107,240,89,158,53",7.14,8.78
"7.14-48,123,172,71,127,116",10.53,4.0,10.0,"48,123,172,71,127,116",7.14,10.53
"7.14-164,140,170,206,161,68",11.83,2.0,12.0,"164,140,170,206,161,68",7.14,11.83
"7.14-140,170,207,161,68,84",5.05,2.0,2.0,"140,170,207,161,68,84",7.14,5.05
"7.14-24,208,197,242,97,13",12.9,8.0,48.0,"24,208,197,242,97,13",7.14,12.9
"7.14-44,233,231,91,178,1",12.22,2.0,2.0,"44,233,231,91,178,1",7.14,12.22
"7.14-160,112,58,81,118,159",9.53,1.0,5.0,"160,112,58,81,118,159",7.14,9.53
"7.14-180,184,148,54,32,44",8.45,2.0,5.0,"180,184,148,54,32,44",7.14,8.45
"7.14-132,27,119,107,15,168",12.93,5.0,463.0,"132,27,119,107,15,168",7.14,12.93
"7.14-252,107,208,89,142,53",8.72,1.0,4.0,"252,107,208,89,142,53",7.14,8.72
"7.14-180,252,107,240,89,142",8.52,2.0,5.0,"180,252,107,240,89,142",7.14,8.52
"7.14-176,70,146,159,255,161",8.65,3.0,7.0,"176,70,146,159,255,161",7.14,8.65
"7.14-160,118,229,160,225,193",9.93,3.0,3.0,"160,118,229,160,225,193",7.14,9.93
"7.14-52,252,161,107,189,127",4.92,1.0,3.0,"52,252,161,107,189,127",7.14,4.92
"7.14-124,161,119,225,7,54",9.07,1.0,15.0,"124,161,119,225,7,54",7.14,9.07
"7.14-44,233,231,91,176,1",7.52,2.0,2.0,"44,233,231,91,176,1",7.14,7.52
"7.14-164,180,71,245,166,44",12.62,2.0,9.0,"164,180,71,245,166,44",7.14,12.62
"7.14-160,110,6,79,190,223",11.07,2.0,4.0,"160,110,6,79,190,223",7.14,11.07
"7.14-204,102,10,209,112,18",11.45,7.0,207.0,"204,102,10,209,112,18",7.14,11.45
"7.14-160,204,129,42,183,42",10.7,3.0,5.0,"160,204,129,42,183,42",7.14,10.7
"7.14-76,102,201,25,165,220",8.65,1.0,4.0,"76,102,201,25,165,220",7.14,8.65
"7.14-168,194,254,196,110,104",2.47,2.0,2.0,"168,194,254,196,110,104",7.14,2.47
"7.14-140,31,142,167,149,166",10.67,3.0,6.0,"140,31,142,167,149,166",7.14,10.67
"7.14-176,114,233,219,38,184",10.68,2.0,4.0,"176,114,233,219,38,184",7.14,10.68
"7.14-96,61,173,1,128,194",4.07,2.0,2.0,"96,61,173,1,128,194",7.14,4.07
"7.14-160,8,250,121,183,224",5.08,1.0,4.0,"160,8,250,121,183,224",7.14,5.08
"7.14-140,31,142,167,149,165",11.75,2.0,3.0,"140,31,142,167,149,165",7.14,11.75
"7.14-160,112,71,233,44,21",6.12,1.0,2.0,"160,112,71,233,44,21",7.14,6.12
"7.14-96,50,51,210,96,61",7.6,3.0,4.0,"96,50,51,210,96,61",7.14,7.6
"7.14-112,74,38,133,29,213",8.17,3.0,8.0,"112,74,38,133,29,213",7.14,8.17
"7.14-164,36,17,69,161,50",7.38,2.0,4.0,"164,36,17,69,161,50",7.14,7.38
"7.14-164,20,94,105,93,76",6.12,1.0,3.0,"164,20,94,105,93,76",7.14,6.12
"7.14-36,82,106,123,81,234",8.32,1.0,4.0,"36,82,106,123,81,234",7.14,8.32
"7.14-160,208,151,254,41,36",10.05,2.0,4.0,"160,208,151,254,41,36",7.14,10.05
"7.14-160,134,172,164,111,65",10.8,3.0,3.0,"160,134,172,164,111,65",7.14,10.8
"7.14-236,44,106,163,112,58",9.68,2.0,2.0,"236,44,106,163,112,58",7.14,9.68
"7.14-168,88,198,240,41,58",11.68,3.0,5.0,"168,88,198,240,41,58",7.14,11.68
"7.14-180,28,209,7,152,33",5.17,1.0,2.0,"180,28,209,7,152,33",7.14,5.17
"7.14-112,138,13,131,175,199",9.73,2.0,3.0,"112,138,13,131,175,199",7.14,9.73
"7.14-156,174,211,194,70,96",11.88,1.0,52.0,"156,174,211,194,70,96",7.14,11.88
"7.14-220,240,144,185,96,48",10.48,2.0,5.0,"220,240,144,185,96,48",7.14,10.48
"7.14-164,86,159,174,104,143",10.45,3.0,6.0,"164,86,159,174,104,143",7.14,10.45
"7.14-252,213,164,218,161,25",11.15,2.0,2.0,"252,213,164,218,161,25",7.14,11.15
"7.14-148,23,16,73,252,213",9.98,5.0,8.0,"148,23,16,73,252,213",7.14,9.98
"7.14-160,110,168,60,136,95",12.97,3.0,10.0,"160,110,168,60,136,95",7.14,12.97
"7.14-212,26,63,131,183,163",7.5,4.0,15.0,"212,26,63,131,183,163",7.14,7.5
"7.14-12,162,64,140,31,142",9.38,1.0,4.0,"12,162,64,140,31,142",7.14,9.38
"7.14-160,64,140,31,142,167",11.32,2.0,5.0,"160,64,140,31,142,167",7.14,11.32
"7.14-240,19,108,132,118,12",9.0,1.0,4.0,"240,19,108,132,118,12",7.14,9.0
"7.14-160,240,27,108,132,118",11.32,1.0,5.0,"160,240,27,108,132,118",7.14,11.32
"7.14-216,50,20,254,96,65",11.93,4.0,15.0,"216,50,20,254,96,65",7.14,11.93
"7.14-164,164,125,159,153,152",11.52,4.0,9.0,"164,164,125,159,153,152",7.14,11.52
"7.14-12,124,73,167,164,125",9.57,2.0,2.0,"12,124,73,167,164,125",7.14,9.57
"7.14-172,114,233,219,38,184",11.38,3.0,3.0,"172,114,233,219,38,184",7.14,11.38
"7.14-204,8,251,70,125,190",12.2,2.0,5.0,"204,8,251,70,125,190",7.14,12.2
"7.14-48,123,172,71,160,50",10.73,3.0,11.0,"48,123,172,71,160,50",7.14,10.73
"7.14-32,109,140,145,63,166",8.18,3.0,3.0,"32,109,140,145,63,166",7.14,8.18
"7.14-172,164,111,65,172,170",10.88,3.0,4.0,"172,164,111,65,172,170",7.14,10.88
"7.14-164,134,172,164,111,65",9.8,2.0,4.0,"164,134,172,164,111,65",7.14,9.8
"7.14-72,149,7,241,12,239",10.62,2.0,11.0,"72,149,7,241,12,239",7.14,10.62
"7.14-248,45,124,88,127,16",6.3,2.0,2.0,"248,45,124,88,127,16",7.14,6.3
"7.14-192,46,37,42,205,205",12.35,4.0,75.0,"192,46,37,42,205,205",7.14,12.35
"7.14-80,70,27,140,33,167",11.45,2.0,2.0,"80,70,27,140,33,167",7.14,11.45
"7.14-168,248,45,124,72,127",7.77,2.0,3.0,"168,248,45,124,72,127",7.14,7.77
"7.14-12,216,108,203,4,136",6.78,3.0,3.0,"12,216,108,203,4,136",7.14,6.78
"7.14-164,125,159,25,152,106",11.67,3.0,7.0,"164,125,159,25,152,106",7.14,11.67
"7.14-80,143,76,102,217,25",12.4,2.0,7.0,"80,143,76,102,217,25",7.14,12.4
"7.14-76,102,201,25,172,220",6.68,2.0,2.0,"76,102,201,25,172,220",7.14,6.68
"7.14-144,185,104,48,163,110",11.2,2.0,3.0,"144,185,104,48,163,110",7.14,11.2
"7.14-48,161,110,247,96,234",11.2,2.0,3.0,"48,161,110,247,96,234",7.14,11.2
"7.14-172,164,111,65,172,163",10.47,2.0,4.0,"172,164,111,65,172,163",7.14,10.47
"7.14-144,185,104,48,167,1",7.27,2.0,2.0,"144,185,104,48,167,1",7.14,7.27
"7.14-172,164,111,65,172,160",4.08,1.0,2.0,"172,164,111,65,172,160",7.14,4.08
"7.14-168,184,55,101,29,72",12.83,2.0,9.0,"168,184,55,101,29,72",7.14,12.83
"7.14-172,204,129,42,183,42",7.58,2.0,2.0,"172,204,129,42,183,42",7.14,7.58
"7.14-204,174,182,173,163,1",12.87,2.0,2.0,"204,174,182,173,163,1",7.14,12.87
"7.14-32,18,51,210,96,61",9.4,3.0,9.0,"32,18,51,210,96,61",7.14,9.4
"7.14-156,116,3,24,100,145",12.48,5.0,407.0,"156,116,3,24,100,145",7.14,12.48
"7.14-168,60,136,95,198,160",13.82,2.0,5.0,"168,60,136,95,198,160",7.14,13.82
"7.14-160,32,50,51,210,96",10.08,2.0,4.0,"160,32,50,51,210,96",7.14,10.08
"7.14-168,60,136,95,198,170",13.88,3.0,4.0,"168,60,136,95,198,170",7.14,13.88
"7.14-148,53,197,58,225,167",8.93,2.0,3.0,"148,53,197,58,225,167",7.14,8.93
"7.14-40,34,24,55,129,164",10.87,2.0,3.0,"40,34,24,55,129,164",7.14,10.87
"7.14-168,60,136,95,198,162",13.53,3.0,6.0,"168,60,136,95,198,162",7.14,13.53
"7.14-160,140,170,206,161,68",13.37,3.0,8.0,"160,140,170,206,161,68",7.14,13.37
"7.14-164,60,134,209,115,214",10.98,3.0,3.0,"164,60,134,209,115,214",7.14,10.98
"7.14-164,126,40,34,24,55",10.22,2.0,5.0,"164,126,40,34,24,55",7.14,10.22
"7.14-172,184,55,101,29,72",12.47,2.0,9.0,"172,184,55,101,29,72",7.14,12.47
"7.14-164,154,151,204,174,182",12.13,3.0,5.0,"164,154,151,204,174,182",7.14,12.13
"7.14-160,8,250,121,194,19",9.58,2.0,5.0,"160,8,250,121,194,19",7.14,9.58
"7.14-196,152,92,41,196,143",11.63,2.0,54.0,"196,152,92,41,196,143",7.14,11.63
"7.14-148,54,32,44,55,165",7.68,1.0,2.0,"148,54,32,44,55,165",7.14,7.68
"7.14-172,172,115,82,76,172",14.17,2.0,4.0,"172,172,115,82,76,172",7.14,14.17
"7.14-148,54,32,44,55,161",10.43,2.0,3.0,"148,54,32,44,55,161",7.14,10.43
"7.14-28,2,25,109,232,179",14.2,2.0,85.0,"28,2,25,109,232,179",7.14,14.2
"7.14-224,238,27,200,231,100",7.7,10.0,23.0,"224,238,27,200,231,100",7.14,7.7
"7.14-40,34,24,55,129,167",9.25,2.0,3.0,"40,34,24,55,129,167",7.14,9.25
"7.14-176,20,94,105,93,76",13.42,2.0,7.0,"176,20,94,105,93,76",7.14,13.42
"7.14-140,31,142,167,149,179",12.33,2.0,3.0,"140,31,142,167,149,179",7.14,12.33
"7.14-172,20,94,105,93,76",8.42,1.0,3.0,"172,20,94,105,93,76",7.14,8.42
"7.14-168,226,195,232,204,104",11.37,2.0,3.0,"168,226,195,232,204,104",7.14,11.37
"7.14-176,241,236,166,12,79",12.4,6.0,20.0,"176,241,236,166,12,79",7.14,12.4
"7.14-240,89,142,53,161,50",10.32,2.0,2.0,"240,89,142,53,161,50",7.14,10.32
"7.14-168,112,138,9,131,175",5.53,1.0,2.0,"168,112,138,9,131,175",7.14,5.53
"7.14-52,18,249,1,50,72",12.73,3.0,12.0,"52,18,249,1,50,72",7.14,12.73
"7.14-164,194,209,50,217,204",9.73,2.0,2.0,"164,194,209,50,217,204",7.14,9.73
"7.14-172,164,111,65,172,177",9.33,2.0,2.0,"172,164,111,65,172,177",7.14,9.33
"7.14-68,84,167,164,125,159",7.1,2.0,2.0,"68,84,167,164,125,159",7.14,7.1
"7.14-160,225,193,100,167,1",8.15,1.0,2.0,"160,225,193,100,167,1",7.14,8.15
"7.14-172,164,111,65,172,166",9.43,2.0,4.0,"172,164,111,65,172,166",7.14,9.43
"7.14-164,10,2,230,91,252",10.58,4.0,4.0,"164,10,2,230,91,252",7.14,10.58
"7.14-140,31,142,167,149,170",10.85,2.0,2.0,"140,31,142,167,149,170",7.14,10.85
"7.14-172,164,111,65,172,161",9.85,2.0,2.0,"172,164,111,65,172,161",7.14,9.85
"7.14-172,48,74,38,133,29",14.18,3.0,7.0,"172,48,74,38,133,29",7.14,14.18
"7.14-164,32,50,51,210,96",11.38,1.0,7.0,"164,32,50,51,210,96",7.14,11.38
"7.14-172,164,111,65,172,165",9.32,1.0,3.0,"172,164,111,65,172,165",7.14,9.32
"7.14-168,114,233,219,38,184",12.6,1.0,2.0,"168,114,233,219,38,184",7.14,12.6
"7.14-168,48,74,38,133,29",12.63,2.0,8.0,"168,48,74,38,133,29",7.14,12.63
"7.14-160,154,151,204,174,182",12.6,2.0,7.0,"160,154,151,204,174,182",7.14,12.6
"7.14-116,242,250,31,57,102",12.63,3.0,21.0,"116,242,250,31,57,102",7.14,12.63
"7.14-80,142,73,24,8,214",6.75,8.0,56.0,"80,142,73,24,8,214",7.14,6.75
"7.14-176,241,236,211,105,14",8.0,3.0,254.0,"176,241,236,211,105,14",7.14,8.0
"7.14-192,129,53,18,88,161",6.23,1.0,2.0,"192,129,53,18,88,161",7.14,6.23
"7.14-164,56,251,20,50,26",10.88,2.0,5.0,"164,56,251,20,50,26",7.14,10.88
"7.14-140,31,142,167,149,171",10.62,2.0,3.0,"140,31,142,167,149,171",7.14,10.62
"7.14-252,4,28,247,178,183",10.7,6.0,11.0,"252,4,28,247,178,183",7.14,10.7
"7.14-40,34,24,55,129,178",11.45,2.0,4.0,"40,34,24,55,129,178",7.14,11.45
"7.14-24,242,44,249,231,91",12.97,1.0,2.0,"24,242,44,249,231,91",7.14,12.97
"7.14-28,209,71,152,33,91",11.3,3.0,5.0,"28,209,71,152,33,91",7.14,11.3
"7.14-48,74,38,197,29,213",11.83,3.0,7.0,"48,74,38,197,29,213",7.14,11.83
"7.14-152,59,103,48,125,65",13.43,2.0,9.0,"152,59,103,48,125,65",7.14,13.43
"7.14-132,27,119,107,79,168",10.33,2.0,2.0,"132,27,119,107,79,168",7.14,10.33
"7.14-160,225,193,100,171,1",9.72,1.0,2.0,"160,225,193,100,171,1",7.14,9.72
"7.14-40,64,136,132,82,163",8.57,2.0,2.0,"40,64,136,132,82,163",7.14,8.57
"7.14-16,223,139,5,11,64",6.48,2.0,2.0,"16,223,139,5,11,64",7.14,6.48
"7.14-176,223,193,193,47,17",13.77,4.0,9.0,"176,223,193,193,47,17",7.14,13.77
"7.14-12,75,84,85,61,8",13.58,4.0,11.0,"12,75,84,85,61,8",7.14,13.58
"7.14-12,75,84,85,60,206",11.38,2.0,6.0,"12,75,84,85,60,206",7.14,11.38
"7.14-220,245,5,135,188,48",14.95,2.0,126.0,"220,245,5,135,188,48",7.14,14.95
"7.14-32,40,62,78,233,36",13.58,2.0,25.0,"32,40,62,78,233,36",7.14,13.58
"7.14-208,127,196,1,205,135",7.08,4.0,5.0,"208,127,196,1,205,135",7.14,7.08
"7.14-24,135,64,164,126,114",7.25,4.0,8.0,"24,135,64,164,126,114",7.14,7.25
"7.14-48,123,172,71,127,62",13.37,4.0,13.0,"48,123,172,71,127,62",7.14,13.37
"7.14-164,125,159,153,152,122",12.7,3.0,7.0,"164,125,159,153,152,122",7.14,12.7
"7.14-20,94,105,220,154,7",7.22,3.0,4.0,"20,94,105,220,154,7",7.14,7.22
"7.14-72,76,134,151,123,179",7.32,1.0,2.0,"72,76,134,151,123,179",7.14,7.32
"7.14-168,64,140,31,142,167",14.42,2.0,5.0,"168,64,140,31,142,167",7.14,14.42
"7.14-168,142,182,214,236,44",14.45,4.0,6.0,"168,142,182,214,236,44",7.14,14.45
"7.14-48,75,38,133,29,213",13.72,2.0,12.0,"48,75,38,133,29,213",7.14,13.72
"7.14-112,142,9,131,175,199",12.68,2.0,2.0,"112,142,9,131,175,199",7.14,12.68
"7.14-44,233,231,91,167,8",11.25,2.0,3.0,"44,233,231,91,167,8",7.14,11.25
"7.14-160,28,209,7,152,33",10.33,2.0,4.0,"160,28,209,7,152,33",7.14,10.33
"7.14-164,28,209,7,152,33",13.45,2.0,12.0,"164,28,209,7,152,33",7.14,13.45
"7.14-80,58,81,118,159,27",8.47,1.0,2.0,"80,58,81,118,159,27",7.14,8.47
"7.14-76,199,173,144,195,95",9.35,2.0,2.0,"76,199,173,144,195,95",7.14,9.35
"7.14-168,112,58,81,118,159",11.82,1.0,6.0,"168,112,58,81,118,159",7.14,11.82
"7.14-76,111,156,154,6,215",15.75,7.0,602.0,"76,111,156,154,6,215",7.14,15.75
"7.14-140,31,142,167,149,167",11.62,5.0,8.0,"140,31,142,167,149,167",7.14,11.62
"7.14-252,107,240,89,143,53",12.07,2.0,3.0,"252,107,240,89,143,53",7.14,12.07
"7.14-80,143,76,102,193,25",10.58,2.0,7.0,"80,143,76,102,193,25",7.14,10.58
"7.14-24,3,174,207,62,51",14.02,1.0,3.0,"24,3,174,207,62,51",7.14,14.02
"7.14-160,180,71,245,166,44",14.5,3.0,5.0,"160,180,71,245,166,44",7.14,14.5
"7.14-172,8,250,121,45,167",15.35,2.0,19.0,"172,8,250,121,45,167",7.14,15.35
"7.14-168,92,255,255,144,7",11.53,1.0,3.0,"168,92,255,255,144,7",7.14,11.53
"7.14-140,31,142,167,149,169",11.63,3.0,4.0,"140,31,142,167,149,169",7.14,11.63
"7.14-172,115,86,76,172,89",12.87,2.0,2.0,"172,115,86,76,172,89",7.14,12.87
"7.14-156,95,90,12,92,73",12.57,2.0,2.0,"156,95,90,12,92,73",7.14,12.57
"7.14-92,102,108,64,204,105",11.48,2.0,2.0,"92,102,108,64,204,105",7.14,11.48
"7.14-44,220,163,112,58,81",9.42,2.0,2.0,"44,220,163,112,58,81",7.14,9.42
"7.14-172,164,111,65,172,167",10.2,2.0,3.0,"172,164,111,65,172,167",7.14,10.2
"7.14-160,38,22,111,140,65",15.35,2.0,2.0,"160,38,22,111,140,65",7.14,15.35
"7.14-124,218,195,118,234,181",9.82,2.0,2.0,"124,218,195,118,234,181",7.14,9.82
"7.14-164,125,159,217,152,106",13.73,1.0,5.0,"164,125,159,217,152,106",7.14,13.73
"7.14-252,107,112,89,142,53",9.75,1.0,2.0,"252,107,112,89,142,53",7.14,9.75
"7.14-156,116,3,20,179,27",13.25,3.0,3.0,"156,116,3,20,179,27",7.14,13.25
"7.14-172,115,82,68,172,89",13.55,1.0,2.0,"172,115,82,68,172,89",7.14,13.55
"7.14-48,66,38,133,29,213",8.6,2.0,2.0,"48,66,38,133,29,213",7.14,8.6
"7.14-72,125,46,223,247,70",13.05,2.0,5.0,"72,125,46,223,247,70",7.14,13.05
"7.14-164,125,159,153,144,106",12.67,3.0,14.0,"164,125,159,153,144,106",7.14,12.67
"7.14-224,106,88,107,45,142",8.1,2.0,3.0,"224,106,88,107,45,142",7.14,8.1
"7.14-160,148,26,36,89,17",9.32,3.0,27.0,"160,148,26,36,89,17",7.14,9.32
"7.14-224,55,191,185,108,92",15.68,1.0,165.0,"224,55,191,185,108,92",7.14,15.68
"7.14-168,112,71,233,44,21",14.45,1.0,6.0,"168,112,71,233,44,21",7.14,14.45
"7.14-48,74,38,133,93,213",12.83,1.0,5.0,"48,74,38,133,93,213",7.14,12.83
"7.14-32,50,51,210,64,61",14.22,2.0,6.0,"32,50,51,210,64,61",7.14,14.22
"7.14-32,40,62,78,233,160",9.9,2.0,2.0,"32,40,62,78,233,160",7.14,9.9
"7.14-220,49,209,208,178,141",8.43,3.0,6.0,"220,49,209,208,178,141",7.14,8.43
"7.14-204,174,182,173,167,1",9.5,2.0,3.0,"204,174,182,173,167,1",7.14,9.5
"7.14-20,50,26,70,168,1",12.07,3.0,3.0,"20,50,26,70,168,1",7.14,12.07
"7.14-32,40,62,78,237,188",14.18,2.0,9.0,"32,40,62,78,237,188",7.14,14.18
"7.14-172,146,50,67,121,50",13.02,9.0,80.0,"172,146,50,67,121,50",7.14,13.02
"7.14-148,54,32,44,55,169",15.8,2.0,2.0,"148,54,32,44,55,169",7.14,15.8
"7.14-36,80,70,27,140,33",14.22,3.0,3.0,"36,80,70,27,140,33",7.14,14.22
"7.14-160,58,183,166,10,239",13.83,3.0,3.0,"160,58,183,166,10,239",7.14,13.83
"7.14-80,70,27,140,33,166",13.83,3.0,3.0,"80,70,27,140,33,166",7.14,13.83
"7.14-240,27,76,132,118,12",12.37,1.0,4.0,"240,27,76,132,118,12",7.14,12.37
"7.14-140,31,142,167,149,163",11.68,2.0,3.0,"140,31,142,167,149,163",7.14,11.68
"7.14-164,116,21,117,93,235",9.17,1.0,2.0,"164,116,21,117,93,235",7.14,9.17
"7.14-172,26,242,44,233,231",15.87,1.0,8.0,"172,26,242,44,233,231",7.14,15.87
"7.14-240,144,185,104,48,164",12.0,2.0,6.0,"240,144,185,104,48,164",7.14,12.0
"7.14-220,240,144,185,105,48",10.5,1.0,2.0,"220,240,144,185,105,48",7.14,10.5
"7.14-160,110,247,96,234,205",13.72,2.0,6.0,"160,110,247,96,234,205",7.14,13.72
"7.14-164,220,240,144,185,104",15.68,2.0,9.0,"164,220,240,144,185,104",7.14,15.68
"7.14-240,144,185,104,48,165",11.38,2.0,8.0,"240,144,185,104,48,165",7.14,11.38
"7.14-140,170,206,161,84,84",12.9,2.0,3.0,"140,170,206,161,84,84",7.14,12.9
"7.14-112,138,9,131,175,215",11.0,2.0,3.0,"112,138,9,131,175,215",7.14,11.0
"7.14-164,93,159,153,152,106",13.08,2.0,5.0,"164,93,159,153,152,106",7.14,13.08
"7.14-140,170,206,129,68,84",13.78,3.0,3.0,"140,170,206,129,68,84",7.14,13.78
"7.14-132,168,28,209,7,152",12.22,2.0,2.0,"132,168,28,209,7,152",7.14,12.22
"7.14-80,210,245,241,18,92",14.63,1.0,3.0,"80,210,245,241,18,92",7.14,14.63
"7.14-140,234,206,161,68,84",10.32,2.0,2.0,"140,234,206,161,68,84",7.14,10.32
"7.14-112,71,233,60,21,7",13.03,1.0,3.0,"112,71,233,60,21,7",7.14,13.03
"7.14-172,115,82,76,173,89",9.05,1.0,2.0,"172,115,82,76,173,89",7.14,9.05
"7.14-64,140,31,142,135,149",12.02,3.0,4.0,"64,140,31,142,135,149",7.14,12.02
"7.14-220,240,16,185,104,48",13.48,2.0,3.0,"220,240,16,185,104,48",7.14,13.48
"7.14-164,125,159,153,152,104",13.88,3.0,6.0,"164,125,159,153,152,104",7.14,13.88
"7.14-32,109,140,145,63,164",11.77,2.0,4.0,"32,109,140,145,63,164",7.14,11.77
"7.14-156,95,90,12,125,73",13.1,2.0,3.0,"156,95,90,12,125,73",7.14,13.1
"7.14-8,250,121,45,135,67",14.13,2.0,12.0,"8,250,121,45,135,67",7.14,14.13
"7.14-252,107,240,89,134,53",12.28,2.0,8.0,"252,107,240,89,134,53",7.14,12.28
"7.14-160,72,70,193,161,116",10.72,2.0,4.0,"160,72,70,193,161,116",7.14,10.72
"7.14-80,143,76,102,201,17",11.67,2.0,4.0,"80,143,76,102,201,17",7.14,11.67
"7.14-8,250,121,13,167,67",13.23,1.0,8.0,"8,250,121,13,167,67",7.14,13.23
"7.14-140,83,195,148,92,46",14.88,2.0,44.0,"140,83,195,148,92,46",7.14,14.88
"7.14-116,138,9,131,175,199",11.53,2.0,3.0,"116,138,9,131,175,199",7.14,11.53
"7.14-32,51,51,210,96,61",12.12,2.0,4.0,"32,51,51,210,96,61",7.14,12.12
"7.14-64,140,31,142,167,213",11.92,2.0,2.0,"64,140,31,142,167,213",7.14,11.92
"7.14-8,250,89,45,167,67",13.52,2.0,5.0,"8,250,89,45,167,67",7.14,13.52
"7.14-164,125,31,153,152,106",13.68,4.0,5.0,"164,125,31,153,152,106",7.14,13.68
"7.14-108,33,178,235,7,87",9.97,2.0,2.0,"108,33,178,235,7,87",7.14,9.97
"7.14-48,74,38,5,29,213",11.42,1.0,4.0,"48,74,38,5,29,213",7.14,11.42
"7.14-12,75,84,85,60,182",11.78,2.0,2.0,"12,75,84,85,60,182",7.14,11.78
"7.14-240,103,40,199,90,171",13.02,1.0,4.0,"240,103,40,199,90,171",7.14,13.02
"7.14-40,34,24,55,129,172",10.52,2.0,2.0,"40,34,24,55,129,172",7.14,10.52
"7.14-172,10,2,230,91,252",13.08,2.0,3.0,"172,10,2,230,91,252",7.14,13.08
"7.14-80,143,92,102,201,25",12.25,2.0,3.0,"80,143,92,102,201,25",7.14,12.25
"7.14-208,151,254,12,69,58",9.27,2.0,2.0,"208,151,254,12,69,58",7.14,9.27
"7.14-48,74,6,133,29,213",13.22,3.0,8.0,"48,74,6,133,29,213",7.14,13.22
"7.14-164,204,129,42,183,42",9.25,1.0,2.0,"164,204,129,42,183,42",7.14,9.25
"7.14-240,144,185,104,48,173",9.85,2.0,2.0,"240,144,185,104,48,173",7.14,9.85
"7.14-160,184,55,101,29,72",11.32,2.0,6.0,"160,184,55,101,29,72",7.14,11.32
"7.14-32,48,51,210,96,61",14.37,2.0,12.0,"32,48,51,210,96,61",7.14,14.37
"7.14-4,126,86,164,57,207",12.65,2.0,3.0,"4,126,86,164,57,207",7.14,12.65
"7.14-48,74,38,133,29,85",12.98,3.0,5.0,"48,74,38,133,29,85",7.14,12.98
"7.14-220,107,240,89,142,53",12.78,1.0,4.0,"220,107,240,89,142,53",7.14,12.78
"7.14-112,138,9,129,175,199",14.4,2.0,3.0,"112,138,9,129,175,199",7.14,14.4
"7.14-164,136,64,59,109,57",10.3,1.0,3.0,"164,136,64,59,109,57",7.14,10.3
"7.14-108,177,88,58,181,202",14.42,5.0,13.0,"108,177,88,58,181,202",7.14,14.42
"7.14-252,213,169,164,125,159",9.95,1.0,2.0,"252,213,169,164,125,159",7.14,9.95
"7.14-252,75,240,89,142,53",12.8,2.0,4.0,"252,75,240,89,142,53",7.14,12.8
"7.14-8,242,121,45,167,67",16.2,2.0,5.0,"8,242,121,45,167,67",7.14,16.2
"7.14-8,250,121,45,167,83",13.58,2.0,4.0,"8,250,121,45,167,83",7.14,13.58
"7.14-112,71,233,12,21,7",13.85,1.0,2.0,"112,71,233,12,21,7",7.14,13.85
"7.14-172,220,240,144,185,104",13.53,1.0,6.0,"172,220,240,144,185,104",7.14,13.53
"7.14-240,144,185,104,48,162",13.33,1.0,4.0,"240,144,185,104,48,162",7.14,13.33
"7.14-8,250,121,109,167,67",13.08,1.0,4.0,"8,250,121,109,167,67",7.14,13.08
"7.14-20,159,182,86,222,181",15.08,2.0,13.0,"20,159,182,86,222,181",7.14,15.08
"7.14-112,71,233,44,21,71",13.88,1.0,3.0,"112,71,233,44,21,71",7.14,13.88
"7.14-208,151,254,41,36,214",10.27,1.0,2.0,"208,151,254,41,36,214",7.14,10.27
"7.14-140,31,142,167,149,180",10.37,2.0,2.0,"140,31,142,167,149,180",7.14,10.37
"7.14-140,31,142,167,149,159",14.83,2.0,2.0,"140,31,142,167,149,159",7.14,14.83
"7.14-172,115,83,76,172,89",14.13,2.0,4.0,"172,115,83,76,172,89",7.14,14.13
"7.14-80,207,76,102,201,25",11.67,2.0,6.0,"80,207,76,102,201,25",7.14,11.67
"7.14-112,50,81,118,159,27",13.1,2.0,4.0,"112,50,81,118,159,27",7.14,13.1
"7.14-80,135,76,102,201,25",14.2,2.0,6.0,"80,135,76,102,201,25",7.14,14.2
"7.14-8,250,121,45,167,71",13.72,2.0,6.0,"8,250,121,45,167,71",7.14,13.72
"7.14-8,250,121,45,183,67",14.22,1.0,3.0,"8,250,121,45,183,67",7.14,14.22
"7.14-48,69,150,52,24,101",14.75,1.0,4.0,"48,69,150,52,24,101",7.14,14.75
"7.14-32,50,51,211,96,61",14.98,3.0,6.0,"32,50,51,211,96,61",7.14,14.98
"7.14-40,34,24,55,129,170",12.05,2.0,2.0,"40,34,24,55,129,170",7.14,12.05
"7.14-8,218,121,45,167,67",12.32,2.0,2.0,"8,218,121,45,167,67",7.14,12.32
"7.14-204,129,42,183,42,65",14.02,3.0,5.0,"204,129,42,183,42,65",7.14,14.02
"7.14-32,50,115,210,96,61",11.97,2.0,5.0,"32,50,115,210,96,61",7.14,11.97
"7.14-184,55,117,29,72,107",13.83,2.0,3.0,"184,55,117,29,72,107",7.14,13.83
"7.14-52,74,38,133,29,213",12.42,1.0,3.0,"52,74,38,133,29,213",7.14,12.42
"7.14-48,50,51,210,96,61",11.13,2.0,3.0,"48,50,51,210,96,61",7.14,11.13
"7.14-88,198,240,41,58,7",15.05,4.0,7.0,"88,198,240,41,58,7",7.14,15.05
"7.14-88,198,240,105,58,135",14.18,2.0,3.0,"88,198,240,105,58,135",7.14,14.18
"7.14-88,198,240,45,58,135",9.83,1.0,2.0,"88,198,240,45,58,135",7.14,9.83
"7.14-80,198,240,41,58,135",10.72,2.0,2.0,"80,198,240,41,58,135",7.14,10.72
"7.14-172,28,209,7,152,33",12.12,2.0,8.0,"172,28,209,7,152,33",7.14,12.12
"7.14-168,172,115,82,76,172",16.42,2.0,6.0,"168,172,115,82,76,172",7.14,16.42
"7.14-160,88,198,240,41,58",13.43,2.0,5.0,"160,88,198,240,41,58",7.14,13.43
"7.14-80,140,31,142,167,149",13.82,2.0,2.0,"80,140,31,142,167,149",7.14,13.82
"7.14-112,58,81,118,151,27",13.68,2.0,2.0,"112,58,81,118,151,27",7.14,13.68
"7.14-180,71,245,166,60,220",12.0,1.0,3.0,"180,71,245,166,60,220",7.14,12.0
"7.14-56,148,54,32,44,55",15.27,2.0,3.0,"56,148,54,32,44,55",7.14,15.27
"7.14-8,250,125,45,167,67",12.13,1.0,2.0,"8,250,125,45,167,67",7.14,12.13
"7.14-80,143,68,102,201,25",15.07,2.0,4.0,"80,143,68,102,201,25",7.14,15.07
"7.14-188,148,54,32,44,55",12.6,2.0,2.0,"188,148,54,32,44,55",7.14,12.6
"7.14-204,129,42,183,58,73",14.93,2.0,3.0,"204,129,42,183,58,73",7.14,14.93
"7.14-80,143,76,102,201,89",11.13,2.0,4.0,"80,143,76,102,201,89",7.14,11.13
"7.14-172,164,111,65,172,169",11.4,2.0,2.0,"172,164,111,65,172,169",7.14,11.4
"7.14-172,164,111,65,172,184",11.7,2.0,2.0,"172,164,111,65,172,184",7.14,11.7
"7.14-240,144,185,104,48,167",10.23,1.0,4.0,"240,144,185,104,48,167",7.14,10.23
"7.14-76,102,201,25,167,220",12.15,1.0,2.0,"76,102,201,25,167,220",7.14,12.15
"7.14-184,20,54,32,44,55",15.42,2.0,3.0,"184,20,54,32,44,55",7.14,15.42
"7.14-164,125,159,153,24,106",13.62,3.0,5.0,"164,125,159,153,24,106",7.14,13.62
"7.14-112,71,105,44,21,7",13.22,1.0,3.0,"112,71,105,44,21,7",7.14,13.22
"7.14-112,71,233,44,21,5",11.78,1.0,2.0,"112,71,233,44,21,5",7.14,11.78
"7.14-48,78,38,133,29,213",13.53,2.0,4.0,"48,78,38,133,29,213",7.14,13.53
"7.14-208,151,255,41,36,198",12.7,1.0,2.0,"208,151,255,41,36,198",7.14,12.7
"7.14-64,12,31,142,167,149",15.32,3.0,7.0,"64,12,31,142,167,149",7.14,15.32
"7.14-160,157,193,211,143,65",16.02,3.0,41.0,"160,157,193,211,143,65",7.14,16.02
"7.14-148,23,64,73,252,213",13.7,3.0,7.0,"148,23,64,73,252,213",7.14,13.7
"7.14-156,95,94,12,124,73",13.0,2.0,3.0,"156,95,94,12,124,73",7.14,13.0
"7.14-252,107,240,89,140,53",13.65,2.0,6.0,"252,107,240,89,140,53",7.14,13.65
"7.14-220,240,144,249,104,48",12.97,1.0,7.0,"220,240,144,249,104,48",7.14,12.97
"7.14-32,50,51,210,96,53",14.52,1.0,9.0,"32,50,51,210,96,53",7.14,14.52
"7.14-48,90,38,133,29,213",12.62,2.0,4.0,"48,90,38,133,29,213",7.14,12.62
"7.14-84,94,105,93,76,199",11.73,2.0,2.0,"84,94,105,93,76,199",7.14,11.73
"7.14-204,129,42,181,42,73",10.63,2.0,2.0,"204,129,42,181,42,73",7.14,10.63
"7.14-184,148,54,36,44,55",13.07,2.0,2.0,"184,148,54,36,44,55",7.14,13.07
"7.14-148,54,32,44,55,163",14.1,2.0,3.0,"148,54,32,44,55,163",7.14,14.1
"7.14-172,32,50,51,210,96",15.92,2.0,8.0,"172,32,50,51,210,96",7.14,15.92
"7.14-44,233,231,91,176,8",13.07,2.0,2.0,"44,233,231,91,176,8",7.14,13.07
"7.14-60,135,209,115,214,231",13.72,1.0,4.0,"60,135,209,115,214,231",7.14,13.72
"7.14-172,144,195,95,15,4",12.42,2.0,4.0,"172,144,195,95,15,4",7.14,12.42
"7.14-44,233,231,91,179,1",13.72,1.0,2.0,"44,233,231,91,179,1",7.14,13.72
"7.14-212,240,144,185,104,48",13.93,2.0,3.0,"212,240,144,185,104,48",7.14,13.93
"7.14-148,54,32,44,55,172",17.1,2.0,2.0,"148,54,32,44,55,172",7.14,17.1
"7.14-60,134,81,115,214,231",13.32,2.0,2.0,"60,134,81,115,214,231",7.14,13.32
"7.14-28,213,7,152,33,91",14.02,2.0,5.0,"28,213,7,152,33,91",7.14,14.02
"7.14-20,94,105,93,92,199",10.33,2.0,2.0,"20,94,105,93,92,199",7.14,10.33
"7.14-8,250,121,45,231,67",13.55,2.0,5.0,"8,250,121,45,231,67",7.14,13.55
"7.14-144,195,95,7,4,30",12.75,1.0,2.0,"144,195,95,7,4,30",7.14,12.75
"7.14-60,198,209,115,214,231",15.32,2.0,2.0,"60,198,209,115,214,231",7.14,15.32
"7.14-20,95,105,93,76,199",15.28,2.0,6.0,"20,95,105,93,76,199",7.14,15.28
"7.14-28,209,7,152,1,91",13.72,2.0,5.0,"28,209,7,152,1,91",7.14,13.72
"7.14-88,102,186,101,156,144",14.45,2.0,5.0,"88,102,186,101,156,144",7.14,14.45
"7.14-156,95,88,12,124,73",12.73,2.0,2.0,"156,95,88,12,124,73",7.14,12.73
"7.14-236,193,171,217,8,197",12.77,1.0,2.0,"236,193,171,217,8,197",7.14,12.77
"7.14-172,164,111,65,172,162",11.75,3.0,4.0,"172,164,111,65,172,162",7.14,11.75
"7.14-180,71,245,164,44,220",11.17,1.0,2.0,"180,71,245,164,44,220",7.14,11.17
"7.14-92,102,186,101,140,144",14.82,1.0,3.0,"92,102,186,101,140,144",7.14,14.82
"7.14-88,198,240,41,56,135",15.28,2.0,3.0,"88,198,240,41,56,135",7.14,15.28
"7.14-240,27,108,132,118,76",11.42,1.0,3.0,"240,27,108,132,118,76",7.14,11.42
"7.14-32,50,51,210,112,61",14.25,2.0,5.0,"32,50,51,210,112,61",7.14,14.25
"7.14-152,106,160,58,183,166",13.22,2.0,2.0,"152,106,160,58,183,166",7.14,13.22
"7.14-252,213,162,156,95,90",16.75,2.0,2.0,"252,213,162,156,95,90",7.14,16.75
"7.14-32,50,51,210,96,125",12.97,2.0,6.0,"32,50,51,210,96,125",7.14,12.97
"7.14-20,94,73,93,76,199",11.83,2.0,4.0,"20,94,73,93,76,199",7.14,11.83
"7.14-88,198,240,41,62,135",10.97,2.0,2.0,"88,198,240,41,62,135",7.14,10.97
"7.14-28,66,125,50,93,215",13.07,2.0,2.0,"28,66,125,50,93,215",7.14,13.07
"7.14-32,114,51,210,96,61",12.87,1.0,4.0,"32,114,51,210,96,61",7.14,12.87
"7.14-112,138,9,131,173,199",12.63,2.0,2.0,"112,138,9,131,173,199",7.14,12.63
"7.14-112,71,233,44,21,23",14.5,1.0,5.0,"112,71,233,44,21,23",7.14,14.5
"7.14-168,110,168,60,136,95",16.63,1.0,5.0,"168,110,168,60,136,95",7.14,16.63
"7.14-164,125,159,157,152,106",14.03,2.0,4.0,"164,125,159,157,152,106",7.14,14.03
"7.14-164,57,182,9,232,83",13.08,2.0,2.0,"164,57,182,9,232,83",7.14,13.08
"7.14-180,71,117,166,44,220",15.48,1.0,6.0,"180,71,117,166,44,220",7.14,15.48
"7.14-32,50,51,210,97,61",12.87,3.0,7.0,"32,50,51,210,97,61",7.14,12.87
"7.14-88,102,186,101,140,148",12.9,2.0,2.0,"88,102,186,101,140,148",7.14,12.9
"7.14-88,198,240,41,122,135",14.33,1.0,4.0,"88,198,240,41,122,135",7.14,14.33
"7.14-176,8,250,121,45,167",13.78,1.0,2.0,"176,8,250,121,45,167",7.14,13.78
"7.14-40,34,24,55,129,162",12.37,3.0,5.0,"40,34,24,55,129,162",7.14,12.37
"7.14-112,27,108,132,118,12",13.18,2.0,4.0,"112,27,108,132,118,12",7.14,13.18
"7.14-220,240,144,185,104,112",14.2,1.0,4.0,"220,240,144,185,104,112",7.14,14.2
"7.14-112,10,9,131,175,199",14.43,2.0,3.0,"112,10,9,131,175,199",7.14,14.43
"7.14-92,240,144,185,104,48",15.6,2.0,9.0,"92,240,144,185,104,48",7.14,15.6
"7.14-32,50,51,214,96,61",15.58,2.0,4.0,"32,50,51,214,96,61",7.14,15.58
"7.14-220,112,144,185,104,48",15.77,2.0,5.0,"220,112,144,185,104,48",7.14,15.77
"7.14-88,196,240,41,58,135",14.18,2.0,2.0,"88,196,240,41,58,135",7.14,14.18
"7.14-88,198,240,41,58,151",14.55,2.0,6.0,"88,198,240,41,58,151",7.14,14.55
"7.14-164,248,45,124,72,127",14.18,3.0,6.0,"164,248,45,124,72,127",7.14,14.18
"7.14-148,53,197,58,225,162",16.95,1.0,8.0,"148,53,197,58,225,162",7.14,16.95
"7.14-160,246,253,126,20,207",13.82,1.0,3.0,"160,246,253,126,20,207",7.14,13.82
"7.14-168,48,148,53,197,58",12.52,3.0,4.0,"168,48,148,53,197,58",7.14,12.52
"7.14-180,71,245,166,44,212",12.87,1.0,2.0,"180,71,245,166,44,212",7.14,12.87
"7.14-12,32,211,15,4,229",11.18,3.0,9.0,"12,32,211,15,4,229",7.14,11.18
"7.14-88,199,240,41,58,135",15.8,2.0,8.0,"88,199,240,41,58,135",7.14,15.8
"7.14-28,209,7,24,33,91",12.17,2.0,3.0,"28,209,7,24,33,91",7.14,12.17
"7.14-16,74,38,133,29,213",14.23,1.0,3.0,"16,74,38,133,29,213",7.14,14.23
"7.14-88,198,240,41,59,135",15.4,2.0,2.0,"88,198,240,41,59,135",7.14,15.4
"7.14-220,240,144,177,104,48",14.57,2.0,4.0,"220,240,144,177,104,48",7.14,14.57
"7.14-172,36,17,69,161,50",16.17,2.0,4.0,"172,36,17,69,161,50",7.14,16.17
"7.14-20,15,46,89,154,180",15.18,2.0,3.0,"20,15,46,89,154,180",7.14,15.18
"7.14-164,112,71,233,44,21",17.15,1.0,11.0,"164,112,71,233,44,21",7.14,17.15
"7.14-44,233,231,91,164,8",15.23,1.0,2.0,"44,233,231,91,164,8",7.14,15.23
"7.14-168,36,17,69,161,50",15.87,2.0,4.0,"168,36,17,69,161,50",7.14,15.87
"7.14-164,112,58,81,118,159",15.23,2.0,8.0,"164,112,58,81,118,159",7.14,15.23
"7.14-164,88,198,240,41,58",15.02,2.0,5.0,"164,88,198,240,41,58",7.14,15.02
"7.14-220,240,144,185,104,49",12.3,2.0,4.0,"220,240,144,185,104,49",7.14,12.3
"7.14-164,117,159,153,152,106",14.2,2.0,2.0,"164,117,159,153,152,106",7.14,14.2
"7.14-92,198,240,41,58,135",11.33,2.0,2.0,"92,198,240,41,58,135",7.14,11.33
"7.14-8,250,121,45,167,65",16.32,1.0,2.0,"8,250,121,45,167,65",7.14,16.32
"7.14-48,123,172,71,160,113",15.3,4.0,22.0,"48,123,172,71,160,113",7.14,15.3
"7.14-252,107,240,89,14,53",15.48,2.0,7.0,"252,107,240,89,14,53",7.14,15.48
"7.14-32,50,49,210,96,61",12.45,1.0,3.0,"32,50,49,210,96,61",7.14,12.45
"7.14-48,69,150,181,24,101",13.42,1.0,3.0,"48,69,150,181,24,101",7.14,13.42
"7.14-112,71,233,44,85,7",13.7,1.0,5.0,"112,71,233,44,85,7",7.14,13.7
"7.14-140,31,142,167,149,176",15.2,1.0,2.0,"140,31,142,167,149,176",7.14,15.2
"7.14-60,136,95,198,170,1",13.7,2.0,2.0,"60,136,95,198,170,1",7.14,13.7
"7.14-120,68,253,251,54,117",13.8,2.0,3.0,"120,68,253,251,54,117",7.14,13.8
"7.14-160,26,32,109,140,145",11.47,2.0,2.0,"160,26,32,109,140,145",7.14,11.47
"7.14-160,225,193,100,166,164",12.1,2.0,2.0,"160,225,193,100,166,164",7.14,12.1
"7.14-164,156,40,64,136,132",13.7,2.0,5.0,"164,156,40,64,136,132",7.14,13.7
"7.14-116,89,9,53,135,187",13.68,3.0,18.0,"116,89,9,53,135,187",7.14,13.68
"7.14-156,245,49,209,69,163",15.6,9.0,67.0,"156,245,49,209,69,163",7.14,15.6
"7.14-172,22,245,196,49,236",15.28,2.0,3.0,"172,22,245,196,49,236",7.14,15.28
"7.14-164,8,250,121,45,167",16.88,2.0,6.0,"164,8,250,121,45,167",7.14,16.88
"7.14-164,8,250,121,183,224",15.63,2.0,2.0,"164,8,250,121,183,224",7.14,15.63
"7.14-144,185,104,48,160,110",12.75,1.0,2.0,"144,185,104,48,160,110",7.14,12.75
"7.14-220,240,145,185,104,48",12.53,1.0,2.0,"220,240,145,185,104,48",7.14,12.53
"7.14-112,138,9,131,47,199",14.03,2.0,2.0,"112,138,9,131,47,199",7.14,14.03
"7.14-220,240,144,153,104,48",12.58,1.0,3.0,"220,240,144,153,104,48",7.14,12.58
"7.14-156,95,90,28,124,73",14.22,1.0,3.0,"156,95,90,28,124,73",7.14,14.22
"7.14-168,60,136,95,198,163",17.12,2.0,9.0,"168,60,136,95,198,163",7.14,17.12
"7.14-240,27,108,132,86,12",13.08,2.0,5.0,"240,27,108,132,86,12",7.14,13.08
"7.14-148,54,32,44,55,168",13.15,2.0,2.0,"148,54,32,44,55,168",7.14,13.15
"7.14-164,125,159,153,152,74",14.35,3.0,4.0,"164,125,159,153,152,74",7.14,14.35
"7.14-164,125,157,153,152,106",13.78,2.0,2.0,"164,125,157,153,152,106",7.14,13.78
"7.14-28,40,64,136,132,82",12.4,2.0,2.0,"28,40,64,136,132,82",7.14,12.4
"7.14-192,181,205,232,172,223",11.37,2.0,3.0,"192,181,205,232,172,223",7.14,11.37
"7.14-48,148,53,197,59,225",15.43,2.0,2.0,"48,148,53,197,59,225",7.14,15.43
"7.14-116,195,48,25,244,36",14.9,2.0,2.0,"116,195,48,25,244,36",7.14,14.9
"7.14-204,174,182,173,179,1",15.43,2.0,4.0,"204,174,182,173,179,1",7.14,15.43
"7.14-40,34,24,55,129,174",13.42,2.0,2.0,"40,34,24,55,129,174",7.14,13.42
"7.14-248,45,124,72,127,20",14.07,2.0,2.0,"248,45,124,72,127,20",7.14,14.07
"7.14-8,250,121,37,167,67",14.13,2.0,3.0,"8,250,121,37,167,67",7.14,14.13
"7.14-28,209,7,152,33,89",15.23,1.0,3.0,"28,209,7,152,33,89",7.14,15.23
"7.14-164,240,98,90,159,90",15.47,2.0,2.0,"164,240,98,90,159,90",7.14,15.47
"7.14-160,66,67,240,71,165",12.88,2.0,2.0,"160,66,67,240,71,165",7.14,12.88
"7.14-44,233,231,91,175,8",13.57,1.0,2.0,"44,233,231,91,175,8",7.14,13.57
"7.14-152,33,91,172,8,250",14.48,2.0,2.0,"152,33,91,172,8,250",7.14,14.48
"7.14-184,148,118,32,44,55",13.82,2.0,3.0,"184,148,118,32,44,55",7.14,13.82
"7.14-180,69,245,166,44,220",12.32,1.0,2.0,"180,69,245,166,44,220",7.14,12.32
"7.14-148,23,4,73,252,213",14.1,3.0,5.0,"148,23,4,73,252,213",7.14,14.1
"7.14-48,123,172,71,160,110",13.07,3.0,4.0,"48,123,172,71,160,110",7.14,13.07
"7.14-252,190,123,146,220,51",17.3,1.0,5.0,"252,190,123,146,220,51",7.14,17.3
"7.14-240,27,100,132,118,12",14.57,1.0,4.0,"240,27,100,132,118,12",7.14,14.57
"7.14-180,71,245,166,44,92",14.25,1.0,4.0,"180,71,245,166,44,92",7.14,14.25
"7.14-8,254,121,45,167,67",14.13,2.0,2.0,"8,254,121,45,167,67",7.14,14.13
"7.14-208,151,254,57,36,198",12.08,2.0,2.0,"208,151,254,57,36,198",7.14,12.08
"7.14-80,71,233,44,21,7",14.87,1.0,2.0,"80,71,233,44,21,7",7.14,14.87
"7.14-88,198,241,41,58,135",15.8,1.0,3.0,"88,198,241,41,58,135",7.14,15.8
"7.14-48,69,151,180,24,101",11.92,1.0,2.0,"48,69,151,180,24,101",7.14,11.92
"7.14-112,71,201,44,21,7",15.82,1.0,3.0,"112,71,201,44,21,7",7.14,15.82
"7.14-56,53,69,96,185,108",12.32,2.0,2.0,"56,53,69,96,185,108",7.14,12.32
"7.14-168,60,136,95,198,166",17.27,2.0,8.0,"168,60,136,95,198,166",7.14,17.27
"7.14-48,123,172,71,160,131",16.18,2.0,2.0,"48,123,172,71,160,131",7.14,16.18
"7.14-160,248,45,124,72,127",14.83,3.0,5.0,"160,248,45,124,72,127",7.14,14.83
"7.14-168,60,136,95,198,164",17.43,1.0,5.0,"168,60,136,95,198,164",7.14,17.43
"7.14-172,48,148,53,197,58",12.22,3.0,3.0,"172,48,148,53,197,58",7.14,12.22
"7.14-80,143,76,118,201,25",13.5,2.0,2.0,"80,143,76,118,201,25",7.14,13.5
"7.14-220,241,144,185,104,48",14.67,2.0,4.0,"220,241,144,185,104,48",7.14,14.67
"7.14-180,80,143,76,102,201",15.05,1.0,6.0,"180,80,143,76,102,201",7.14,15.05
"7.14-80,143,76,102,201,29",11.75,2.0,2.0,"80,143,76,102,201,29",7.14,11.75
"7.14-24,18,174,207,62,51",16.17,2.0,2.0,"24,18,174,207,62,51",7.14,16.17
"7.14-8,251,121,183,224,101",15.8,1.0,2.0,"8,251,121,183,224,101",7.14,15.8
"7.14-156,40,64,152,132,82",14.12,2.0,2.0,"156,40,64,152,132,82",7.14,14.12
"7.14-180,71,245,167,44,220",16.32,1.0,2.0,"180,71,245,167,44,220",7.14,16.32
"7.14-48,148,53,197,58,241",17.38,2.0,8.0,"48,148,53,197,58,241",7.14,17.38
"7.14-240,27,108,4,118,12",12.68,2.0,2.0,"240,27,108,4,118,12",7.14,12.68
"7.14-64,140,95,142,167,149",17.55,2.0,2.0,"64,140,95,142,167,149",7.14,17.55
"7.14-164,125,159,153,216,106",16.35,2.0,5.0,"164,125,159,153,216,106",7.14,16.35
"7.14-32,50,51,210,100,61",15.57,1.0,3.0,"32,50,51,210,100,61",7.14,15.57
"7.14-64,140,31,142,183,149",12.48,2.0,2.0,"64,140,31,142,183,149",7.14,12.48
"7.14-4,207,12,11,128,186",14.62,2.0,2.0,"4,207,12,11,128,186",7.14,14.62
"7.14-136,95,198,165,218,161",11.88,1.0,2.0,"136,95,198,165,218,161",7.14,11.88
"7.14-64,140,31,206,167,149",14.72,1.0,2.0,"64,140,31,206,167,149",7.14,14.72
"7.14-20,94,97,93,76,199",15.03,1.0,3.0,"20,94,97,93,76,199",7.14,15.03
"7.14-172,118,229,160,225,193",12.5,1.0,3.0,"172,118,229,160,225,193",7.14,12.5
"7.14-224,36,129,147,143,130",14.5,7.0,10.0,"224,36,129,147,143,130",7.14,14.5
"7.14-32,109,140,145,63,161",15.62,3.0,4.0,"32,109,140,145,63,161",7.14,15.62
"7.14-164,125,159,153,152,107",14.98,4.0,6.0,"164,125,159,153,152,107",7.14,14.98
"7.14-180,125,159,153,152,106",15.37,4.0,6.0,"180,125,159,153,152,106",7.14,15.37
"7.14-52,71,245,166,44,220",12.85,1.0,3.0,"52,71,245,166,44,220",7.14,12.85
"7.14-80,241,74,188,183,234",14.65,3.0,4.0,"80,241,74,188,183,234",7.14,14.65
"7.14-92,3,57,58,106,21",13.83,2.0,15.0,"92,3,57,58,106,21",7.14,13.83
"7.14-20,94,105,93,76,71",16.18,2.0,2.0,"20,94,105,93,76,71",7.14,16.18
"7.14-4,205,140,11,128,186",14.8,2.0,2.0,"4,205,140,11,128,186",7.14,14.8
"7.14-36,17,69,177,50,93",12.87,1.0,2.0,"36,17,69,177,50,93",7.14,12.87
"7.14-204,129,106,183,42,73",15.0,2.0,2.0,"204,129,106,183,42,73",7.14,15.0
"7.14-180,87,245,166,44,220",13.17,1.0,4.0,"180,87,245,166,44,220",7.14,13.17
"7.14-32,50,19,210,96,61",18.05,1.0,4.0,"32,50,19,210,96,61",7.14,18.05
"7.14-12,124,73,161,218,161",12.25,1.0,3.0,"12,124,73,161,218,161",7.14,12.25
"7.14-36,17,69,161,18,93",16.05,2.0,2.0,"36,17,69,161,18,93",7.14,16.05
"7.14-164,125,159,153,152,98",15.85,3.0,5.0,"164,125,159,153,152,98",7.14,15.85
"7.14-20,154,16,155,204,112",16.32,2.0,2.0,"20,154,16,155,204,112",7.14,16.32
"7.14-48,148,53,213,58,225",12.68,1.0,2.0,"48,148,53,213,58,225",7.14,12.68
"7.14-216,45,124,72,127,16",14.62,2.0,3.0,"216,45,124,72,127,16",7.14,14.62
"7.14-164,208,151,254,41,36",16.0,2.0,6.0,"164,208,151,254,41,36",7.14,16.0
"7.14-224,72,211,29,147,111",14.42,6.0,15.0,"224,72,211,29,147,111",7.14,14.42
"7.14-164,110,168,60,136,95",14.9,2.0,3.0,"164,110,168,60,136,95",7.14,14.9
"7.14-148,53,197,58,225,168",13.03,2.0,2.0,"148,53,197,58,225,168",7.14,13.03
"7.14-64,204,31,142,167,149",15.62,2.0,2.0,"64,204,31,142,167,149",7.14,15.62
"7.14-180,71,245,182,44,220",13.32,2.0,2.0,"180,71,245,182,44,220",7.14,13.32
"7.14-64,140,31,14,167,149",14.22,3.0,5.0,"64,140,31,14,167,149",7.14,14.22
"7.14-156,154,6,215,162,184",17.27,2.0,2.0,"156,154,6,215,162,184",7.14,17.27
"7.14-252,45,124,72,127,16",15.0,1.0,2.0,"252,45,124,72,127,16",7.14,15.0
"7.14-220,252,18,60,80,167",16.37,3.0,3.0,"220,252,18,60,80,167",7.14,16.37
"7.14-168,118,229,160,225,193",12.83,1.0,2.0,"168,118,229,160,225,193",7.14,12.83
"7.14-220,252,18,60,80,166",13.15,2.0,2.0,"220,252,18,60,80,166",7.14,13.15
"7.14-172,208,151,254,40,222",15.93,2.0,2.0,"172,208,151,254,40,222",7.14,15.93
"7.14-164,76,111,156,154,6",17.27,2.0,3.0,"164,76,111,156,154,6",7.14,17.27
"7.14-96,212,233,117,232,93",13.83,2.0,5.0,"96,212,233,117,232,93",7.14,13.83
"7.14-164,132,27,119,107,15",14.5,2.0,3.0,"164,132,27,119,107,15",7.14,14.5
"7.14-172,34,161,72,192,168",13.68,2.0,2.0,"172,34,161,72,192,168",7.14,13.68
"7.14-220,213,5,135,187,95",14.65,1.0,2.0,"220,213,5,135,187,95",7.14,14.65
"7.14-60,134,209,115,214,247",13.8,2.0,3.0,"60,134,209,115,214,247",7.14,13.8
"7.14-252,107,244,89,142,53",16.15,2.0,4.0,"252,107,244,89,142,53",7.14,16.15
"7.14-164,18,130,63,76,234",14.32,2.0,2.0,"164,18,130,63,76,234",7.14,14.32
"7.14-180,71,245,166,12,220",14.8,1.0,3.0,"180,71,245,166,12,220",7.14,14.8
"7.14-120,45,124,72,127,16",18.28,2.0,2.0,"120,45,124,72,127,16",7.14,18.28
"7.14-20,198,227,176,109,163",12.75,1.0,2.0,"20,198,227,176,109,163",7.14,12.75
"7.14-48,74,102,133,29,213",14.48,2.0,2.0,"48,74,102,133,29,213",7.14,14.48
"7.14-172,227,66,30,105,116",14.05,5.0,10.0,"172,227,66,30,105,116",7.14,14.05
"7.14-76,75,249,224,34,23",14.07,5.0,11.0,"76,75,249,224,34,23",7.14,14.07
"7.14-164,178,86,71,167,139",12.97,2.0,4.0,"164,178,86,71,167,139",7.14,12.97
"7.14-156,93,90,12,124,73",15.97,2.0,2.0,"156,93,90,12,124,73",7.14,15.97
"7.14-160,60,134,209,115,214",14.47,3.0,3.0,"160,60,134,209,115,214",7.14,14.47
"7.14-164,48,74,38,133,29",16.08,2.0,5.0,"164,48,74,38,133,29",7.14,16.08
"7.14-188,55,101,29,72,107",15.35,2.0,2.0,"188,55,101,29,72,107",7.14,15.35
"7.14-56,123,20,50,26,70",14.73,2.0,2.0,"56,123,20,50,26,70",7.14,14.73
"7.14-28,66,125,48,93,223",14.7,1.0,2.0,"28,66,125,48,93,223",7.14,14.7
"7.14-76,121,110,78,156,206",16.95,3.0,138.0,"76,121,110,78,156,206",7.14,16.95
"7.14-180,165,172,138,160,85",16.83,4.0,19.0,"180,165,172,138,160,85",7.14,16.83
"7.14-180,71,245,38,44,220",14.63,1.0,3.0,"180,71,245,38,44,220",7.14,14.63
"7.14-24,250,121,45,167,67",14.93,1.0,3.0,"24,250,121,45,167,67",7.14,14.93
"7.14-48,148,53,197,26,225",15.63,1.0,6.0,"48,148,53,197,26,225",7.14,15.63
"7.14-48,74,38,133,21,213",13.75,2.0,3.0,"48,74,38,133,21,213",7.14,13.75
"7.14-52,17,69,161,50,93",16.3,2.0,3.0,"52,17,69,161,50,93",7.14,16.3
"7.14-48,74,36,133,29,213",15.45,2.0,3.0,"48,74,36,133,29,213",7.14,15.45
"7.14-28,66,117,50,93,223",15.57,2.0,2.0,"28,66,117,50,93,223",7.14,15.57
"7.14-8,250,121,61,167,67",15.57,1.0,5.0,"8,250,121,61,167,67",7.14,15.57
"7.14-180,71,245,134,44,220",13.32,1.0,2.0,"180,71,245,134,44,220",7.14,13.32
"7.14-180,71,245,166,36,220",14.72,2.0,4.0,"180,71,245,166,36,220",7.14,14.72
"7.14-20,209,7,152,33,91",15.25,2.0,3.0,"20,209,7,152,33,91",7.14,15.25
"7.14-48,148,21,197,58,225",13.25,2.0,4.0,"48,148,21,197,58,225",7.14,13.25
"7.14-168,168,164,125,159,153",16.17,2.0,2.0,"168,168,164,125,159,153",7.14,16.17
"7.14-176,118,229,160,225,193",13.75,1.0,3.0,"176,118,229,160,225,193",7.14,13.75
"7.14-40,64,136,132,82,178",13.35,2.0,2.0,"40,64,136,132,82,178",7.14,13.35
"7.14-152,106,165,140,170,206",17.5,2.0,2.0,"152,106,165,140,170,206",7.14,17.5
"7.14-8,122,121,45,167,67",16.75,2.0,2.0,"8,122,121,45,167,67",7.14,16.75
"7.14-168,60,134,209,115,214",14.77,2.0,3.0,"168,60,134,209,115,214",7.14,14.77
"7.14-28,64,125,50,93,223",14.85,2.0,4.0,"28,64,125,50,93,223",7.14,14.85
"7.14-92,209,7,152,33,91",16.28,2.0,2.0,"92,209,7,152,33,91",7.14,16.28
"7.14-236,115,82,76,172,89",15.67,1.0,2.0,"236,115,82,76,172,89",7.14,15.67
"7.14-240,27,108,148,118,12",15.95,1.0,2.0,"240,27,108,148,118,12",7.14,15.95
"7.14-16,148,53,197,58,225",13.28,2.0,2.0,"16,148,53,197,58,225",7.14,13.28
"7.14-36,17,69,161,50,85",16.45,2.0,2.0,"36,17,69,161,50,85",7.14,16.45
"7.14-40,34,24,55,129,166",14.97,1.0,2.0,"40,34,24,55,129,166",7.14,14.97
"7.14-60,161,60,134,209,115",14.8,2.0,2.0,"60,161,60,134,209,115",7.14,14.8
"7.14-20,50,26,70,169,1",14.4,2.0,2.0,"20,50,26,70,169,1",7.14,14.4
"7.14-164,4,80,250,189,36",14.7,4.0,8.0,"164,4,80,250,189,36",7.14,14.7
"7.14-236,193,171,217,136,69",14.17,1.0,2.0,"236,193,171,217,136,69",7.14,14.17
"7.14-236,92,132,108,106,139",14.7,2.0,2.0,"236,92,132,108,106,139",7.14,14.7
"7.14-56,251,20,114,26,70",14.3,2.0,3.0,"56,251,20,114,26,70",7.14,14.3
"7.14-240,89,142,53,177,1",14.88,1.0,2.0,"240,89,142,53,177,1",7.14,14.88
"7.14-240,89,142,53,175,1",17.57,1.0,3.0,"240,89,142,53,175,1",7.14,17.57
"7.14-208,151,254,105,36,162",14.03,2.0,2.0,"208,151,254,105,36,162",7.14,14.03
"7.14-36,82,122,59,81,234",13.55,1.0,2.0,"36,82,122,59,81,234",7.14,13.55
"7.14-36,17,85,161,50,93",13.52,1.0,3.0,"36,17,85,161,50,93",7.14,13.52
"7.14-36,17,69,225,50,93",16.37,2.0,3.0,"36,17,69,225,50,93",7.14,16.37
"7.14-208,151,254,41,37,162",16.1,2.0,3.0,"208,151,254,41,37,162",7.14,16.1
"7.14-36,17,69,33,50,93",16.78,2.0,2.0,"36,17,69,33,50,93",7.14,16.78
"7.14-156,95,90,4,124,73",13.77,2.0,2.0,"156,95,90,4,124,73",7.14,13.77
"7.14-204,129,42,183,46,73",13.45,1.0,2.0,"204,129,42,183,46,73",7.14,13.45
"7.14-36,21,69,161,50,93",13.47,2.0,2.0,"36,21,69,161,50,93",7.14,13.47
"7.14-56,251,20,50,27,70",13.58,1.0,2.0,"56,251,20,50,27,70",7.14,13.58
"7.14-12,250,121,45,167,67",15.03,1.0,2.0,"12,250,121,45,167,67",7.14,15.03
"7.14-148,71,245,166,44,220",14.58,2.0,3.0,"148,71,245,166,44,220",7.14,14.58
"7.14-72,63,233,161,60,195",13.43,6.0,10.0,"72,63,233,161,60,195",7.14,13.43
"7.14-32,50,51,210,96,29",16.43,3.0,4.0,"32,50,51,210,96,29",7.14,16.43
"7.14-220,240,148,185,104,48",13.65,2.0,3.0,"220,240,148,185,104,48",7.14,13.65
"7.14-28,209,7,152,49,91",14.9,2.0,2.0,"28,209,7,152,49,91",7.14,14.9
"7.14-12,44,84,254,216,198",13.45,3.0,6.0,"12,44,84,254,216,198",7.14,13.45
"7.14-20,209,105,79,189,193",13.68,2.0,4.0,"20,209,105,79,189,193",7.14,13.68
"7.14-64,132,31,142,167,149",14.38,3.0,3.0,"64,132,31,142,167,149",7.14,14.38
"7.14-164,172,115,82,76,172",18.18,2.0,2.0,"164,172,115,82,76,172",7.14,18.18
"7.14-220,240,208,185,104,48",15.43,2.0,2.0,"220,240,208,185,104,48",7.14,15.43
"7.14-80,138,9,131,175,199",16.22,1.0,2.0,"80,138,9,131,175,199",7.14,16.22
"7.14-168,60,136,95,198,172",16.42,2.0,3.0,"168,60,136,95,198,172",7.14,16.42
"7.14-4,17,69,161,50,93",17.42,2.0,2.0,"4,17,69,161,50,93",7.14,17.42
"7.14-56,251,20,50,26,68",14.83,1.0,2.0,"56,251,20,50,26,68",7.14,14.83
"7.14-80,143,76,70,201,25",14.45,2.0,4.0,"80,143,76,70,201,25",7.14,14.45
"7.14-56,255,20,50,26,70",14.77,3.0,3.0,"56,255,20,50,26,70",7.14,14.77
"7.14-184,119,101,29,72,107",15.8,1.0,4.0,"184,119,101,29,72,107",7.14,15.8
"7.14-156,116,3,40,83,167",13.88,2.0,6.0,"156,116,3,40,83,167",7.14,13.88
"7.14-88,102,186,101,140,145",15.13,1.0,2.0,"88,102,186,101,140,145",7.14,15.13
"7.14-88,70,186,101,140,144",15.75,1.0,2.0,"88,70,186,101,140,144",7.14,15.75
"7.14-32,109,140,145,63,171",18.37,2.0,3.0,"32,109,140,145,63,171",7.14,18.37
"7.14-40,34,24,55,129,160",14.77,2.0,3.0,"40,34,24,55,129,160",7.14,14.77
"7.14-8,251,121,45,167,67",15.03,1.0,2.0,"8,251,121,45,167,67",7.14,15.03
"7.14-252,123,240,89,142,53",16.9,3.0,3.0,"252,123,240,89,142,53",7.14,16.9
"7.14-48,69,150,244,24,101",15.1,1.0,2.0,"48,69,150,244,24,101",7.14,15.1
"7.14-48,72,38,133,29,213",14.08,1.0,2.0,"48,72,38,133,29,213",7.14,14.08
"7.14-88,214,240,41,58,135",17.02,1.0,4.0,"88,214,240,41,58,135",7.14,17.02
"7.14-228,167,197,215,52,125",13.88,3.0,8.0,"228,167,197,215,52,125",7.14,13.88
"7.14-252,62,123,146,220,35",16.05,2.0,3.0,"252,62,123,146,220,35",7.14,16.05
"7.14-48,251,20,50,26,70",15.4,3.0,3.0,"48,251,20,50,26,70",7.14,15.4
"7.14-156,40,64,136,148,82",15.12,2.0,2.0,"156,40,64,136,148,82",7.14,15.12
"7.14-252,99,240,89,142,53",14.53,2.0,2.0,"252,99,240,89,142,53",7.14,14.53
"7.14-8,250,89,194,19,245",16.02,1.0,2.0,"8,250,89,194,19,245",7.14,16.02
"7.14-140,31,52,191,11,163",16.67,1.0,2.0,"140,31,52,191,11,163",7.14,16.67
"7.14-140,170,206,225,68,84",15.37,2.0,4.0,"140,170,206,225,68,84",7.14,15.37
"7.14-152,207,83,224,116,138",15.92,1.0,32.0,"152,207,83,224,116,138",7.14,15.92
"7.14-124,253,130,25,77,8",14.02,2.0,2.0,"124,253,130,25,77,8",7.14,14.02
"7.14-32,40,62,78,236,248",14.03,2.0,2.0,"32,40,62,78,236,248",7.14,14.03
"7.14-148,23,1,73,252,213",16.25,2.0,7.0,"148,23,1,73,252,213",7.14,16.25
"7.14-204,170,206,161,68,84",15.03,1.0,2.0,"204,170,206,161,68,84",7.14,15.03
"7.14-60,87,79,155,146,240",17.2,2.0,7.0,"60,87,79,155,146,240",7.14,17.2
"7.14-20,198,227,176,109,162",16.52,1.0,2.0,"20,198,227,176,109,162",7.14,16.52
"7.14-252,107,240,93,142,53",15.63,2.0,3.0,"252,107,240,93,142,53",7.14,15.63
"7.14-156,170,206,161,68,84",15.77,2.0,3.0,"156,170,206,161,68,84",7.14,15.77
"7.14-8,254,121,194,19,245",16.25,2.0,3.0,"8,254,121,194,19,245",7.14,16.25
"7.14-28,209,7,152,97,91",15.73,1.0,2.0,"28,209,7,152,97,91",7.14,15.73
"7.14-116,21,117,85,235,62",14.3,2.0,2.0,"116,21,117,85,235,62",7.14,14.3
"7.14-164,125,159,153,153,106",15.8,4.0,5.0,"164,125,159,153,153,106",7.14,15.8
"7.14-164,8,250,121,194,19",17.97,3.0,5.0,"164,8,250,121,194,19",7.14,17.97
"7.14-40,34,24,55,129,161",15.38,2.0,2.0,"40,34,24,55,129,161",7.14,15.38
"7.14-148,53,197,58,225,160",18.7,1.0,3.0,"148,53,197,58,225,160",7.14,18.7
"7.14-160,86,159,174,104,143",18.37,1.0,4.0,"160,86,159,174,104,143",7.14,18.37
"7.14-140,171,206,161,68,84",15.82,1.0,3.0,"140,171,206,161,68,84",7.14,15.82
"7.14-188,62,203,146,146,187",14.9,3.0,5.0,"188,62,203,146,146,187",7.14,14.9
"7.14-92,118,108,72,204,105",14.95,1.0,2.0,"92,118,108,72,204,105",7.14,14.95
"7.14-188,62,203,100,105,141",14.95,3.0,8.0,"188,62,203,100,105,141",7.14,14.95
"7.14-168,154,151,204,174,182",18.8,2.0,8.0,"168,154,151,204,174,182",7.14,18.8
"7.14-252,217,8,154,23,249",14.87,2.0,3.0,"252,217,8,154,23,249",7.14,14.87
"7.14-184,23,101,29,72,107",16.68,2.0,4.0,"184,23,101,29,72,107",7.14,16.68
"7.14-28,66,125,54,93,223",14.92,1.0,2.0,"28,66,125,54,93,223",7.14,14.92
"7.14-140,31,142,167,149,168",15.77,3.0,3.0,"140,31,142,167,149,168",7.14,15.77
"7.14-156,95,82,12,124,73",16.52,2.0,2.0,"156,95,82,12,124,73",7.14,16.52
"7.14-152,246,33,199,124,188",15.48,3.0,5.0,"152,246,33,199,124,188",7.14,15.48
"7.14-92,100,108,72,204,105",15.13,2.0,2.0,"92,100,108,72,204,105",7.14,15.13
"7.14-112,58,81,119,159,27",15.67,1.0,3.0,"112,58,81,119,159,27",7.14,15.67
"7.14-112,56,81,118,159,27",14.93,1.0,2.0,"112,56,81,118,159,27",7.14,14.93
"7.14-112,69,233,44,21,7",15.7,1.0,3.0,"112,69,233,44,21,7",7.14,15.7
"7.14-88,102,190,101,140,144",17.48,2.0,2.0,"88,102,190,101,140,144",7.14,17.48
"7.14-220,95,90,12,124,73",17.15,2.0,2.0,"220,95,90,12,124,73",7.14,17.15
"7.14-196,129,42,183,42,73",16.13,1.0,3.0,"196,129,42,183,42,73",7.14,16.13
"7.14-112,58,81,118,159,91",15.68,2.0,3.0,"112,58,81,118,159,91",7.14,15.68
"7.14-240,31,108,132,118,12",16.83,2.0,3.0,"240,31,108,132,118,12",7.14,16.83
"7.14-136,63,228,175,202,9",15.9,1.0,2.0,"136,63,228,175,202,9",7.14,15.9
"7.14-112,59,81,118,159,27",16.82,2.0,4.0,"112,59,81,118,159,27",7.14,16.82
"7.14-88,198,240,41,26,135",16.33,2.0,3.0,"88,198,240,41,26,135",7.14,16.33
"7.14-60,150,209,115,214,231",17.65,2.0,2.0,"60,150,209,115,214,231",7.14,17.65
"7.14-96,61,175,8,250,121",17.17,1.0,2.0,"96,61,175,8,250,121",7.14,17.17
"7.14-32,44,55,168,8,250",18.15,2.0,2.0,"32,44,55,168,8,250",7.14,18.15
"7.14-28,209,7,152,33,95",17.12,1.0,3.0,"28,209,7,152,33,95",7.14,17.12
"7.14-160,218,161,25,196,123",15.15,2.0,2.0,"160,218,161,25,196,123",7.14,15.15
"7.14-28,209,7,216,33,91",16.35,1.0,4.0,"28,209,7,216,33,91",7.14,16.35
"7.14-112,26,81,118,159,27",15.32,1.0,2.0,"112,26,81,118,159,27",7.14,15.32
"7.14-112,58,81,118,31,27",17.18,2.0,5.0,"112,58,81,118,31,27",7.14,17.18
"7.14-204,129,42,55,42,73",15.23,2.0,2.0,"204,129,42,55,42,73",7.14,15.23
"7.14-40,34,24,55,129,171",15.93,2.0,3.0,"40,34,24,55,129,171",7.14,15.93
"7.14-252,107,240,89,142,117",16.57,2.0,3.0,"252,107,240,89,142,117",7.14,16.57
"7.14-204,129,42,183,10,73",16.52,1.0,2.0,"204,129,42,183,10,73",7.14,16.52
"7.14-140,31,142,167,149,184",17.35,3.0,3.0,"140,31,142,167,149,184",7.14,17.35
"7.14-192,110,37,42,205,205",15.4,1.0,2.0,"192,110,37,42,205,205",7.14,15.4
"7.14-164,162,220,252,18,60",17.2,2.0,2.0,"164,162,220,252,18,60",7.14,17.2
"7.14-240,89,142,53,169,1",19.43,2.0,2.0,"240,89,142,53,169,1",7.14,19.43
"7.14-28,81,7,152,33,91",16.55,1.0,2.0,"28,81,7,152,33,91",7.14,16.55
"7.14-252,107,240,89,142,21",18.05,3.0,3.0,"252,107,240,89,142,21",7.14,18.05
"7.14-112,58,81,118,159,19",16.08,1.0,2.0,"112,58,81,118,159,19",7.14,16.08
"7.14-152,106,161,4,207,140",16.67,1.0,2.0,"152,106,161,4,207,140",7.14,16.67
"7.14-124,218,195,126,106,181",16.22,2.0,2.0,"124,218,195,126,106,181",7.14,16.22
"7.14-112,58,81,86,159,27",16.18,1.0,3.0,"112,58,81,86,159,27",7.14,16.18
"7.14-56,251,20,48,26,70",16.05,2.0,3.0,"56,251,20,48,26,70",7.14,16.05
"7.14-60,134,209,115,214,229",15.83,2.0,2.0,"60,134,209,115,214,229",7.14,15.83
"7.14-60,132,209,115,214,231",17.23,2.0,3.0,"60,132,209,115,214,231",7.14,17.23
"7.14-204,129,34,183,42,73",17.57,2.0,3.0,"204,129,34,183,42,73",7.14,17.57
"7.14-112,122,81,118,159,27",18.53,2.0,7.0,"112,122,81,118,159,27",7.14,18.53
"7.14-88,103,186,101,140,144",17.62,2.0,2.0,"88,103,186,101,140,144",7.14,17.62
"7.14-204,129,42,183,42,89",16.15,1.0,2.0,"204,129,42,183,42,89",7.14,16.15
"7.14-140,31,142,167,149,172",17.45,1.0,3.0,"140,31,142,167,149,172",7.14,17.45
"7.14-160,202,181,118,230,64",15.57,1.0,2.0,"160,202,181,118,230,64",7.14,15.57
"7.14-168,32,50,51,210,96",17.5,1.0,2.0,"168,32,50,51,210,96",7.14,17.5
"7.14-140,31,142,167,149,174",15.72,2.0,2.0,"140,31,142,167,149,174",7.14,15.72
"7.14-96,246,240,177,80,251",15.97,2.0,2.0,"96,246,240,177,80,251",7.14,15.97
"7.14-124,33,162,235,7,87",15.67,1.0,2.0,"124,33,162,235,7,87",7.14,15.67
"7.14-80,70,27,140,33,163",16.87,2.0,2.0,"80,70,27,140,33,163",7.14,16.87
"7.14-204,129,42,183,40,73",16.25,1.0,2.0,"204,129,42,183,40,73",7.14,16.25
"7.14-116,239,75,132,114,223",15.9,4.0,18.0,"116,239,75,132,114,223",7.14,15.9
"7.14-20,50,26,70,180,1",15.87,2.0,2.0,"20,50,26,70,180,1",7.14,15.87
"7.14-180,71,213,166,44,220",16.02,2.0,2.0,"180,71,213,166,44,220",7.14,16.02
"7.14-184,152,146,27,125,235",16.02,2.0,2.0,"184,152,146,27,125,235",7.14,16.02
"7.14-108,132,118,12,179,1",16.35,2.0,2.0,"108,132,118,12,179,1",7.14,16.35
"7.14-152,34,239,8,233,105",18.92,4.0,303.0,"152,34,239,8,233,105",7.14,18.92
"7.14-164,152,34,239,8,233",16.12,1.0,2.0,"164,152,34,239,8,233",7.14,16.12
"7.14-76,213,119,170,111,119",19.93,4.0,37.0,"76,213,119,170,111,119",7.14,19.93
"7.14-84,170,164,125,159,153",16.25,2.0,2.0,"84,170,164,125,159,153",7.14,16.25
"7.14-88,214,151,231,179,213",16.28,4.0,8.0,"88,214,151,231,179,213",7.14,16.28
"7.14-116,58,81,118,159,27",16.55,2.0,2.0,"116,58,81,118,159,27",7.14,16.55
"7.14-240,89,142,53,176,1",16.42,1.0,2.0,"240,89,142,53,176,1",7.14,16.42
"7.14-56,251,20,54,26,70",16.62,2.0,2.0,"56,251,20,54,26,70",7.14,16.62
"7.14-204,174,182,173,169,112",17.87,2.0,2.0,"204,174,182,173,169,112",7.14,17.87
"7.14-12,163,112,138,9,131",16.45,1.0,2.0,"12,163,112,138,9,131",7.14,16.45
"7.14-84,14,88,109,169,239",17.85,3.0,14.0,"84,14,88,109,169,239",7.14,17.85
"7.14-120,251,20,50,26,70",16.63,2.0,2.0,"120,251,20,50,26,70",7.14,16.63
"7.14-84,165,142,182,214,236",18.93,2.0,2.0,"84,165,142,182,214,236",7.14,18.93
"7.14-8,250,121,66,19,245",16.83,2.0,2.0,"8,250,121,66,19,245",7.14,16.83
"7.14-180,88,198,240,41,58",18.73,1.0,2.0,"180,88,198,240,41,58",7.14,18.73
"7.14-164,64,140,31,52,191",19.03,2.0,2.0,"164,64,140,31,52,191",7.14,19.03
"7.14-92,137,96,36,109,163",16.97,2.0,2.0,"92,137,96,36,109,163",7.14,16.97
"7.14-184,55,69,29,72,107",17.33,1.0,3.0,"184,55,69,29,72,107",7.14,17.33
"7.14-72,250,121,194,19,245",17.63,2.0,2.0,"72,250,121,194,19,245",7.14,17.63
"7.14-32,50,51,208,96,61",17.37,1.0,2.0,"32,50,51,208,96,61",7.14,17.37
"7.14-4,207,140,11,144,186",18.23,1.0,2.0,"4,207,140,11,144,186",7.14,18.23
"7.14-164,84,70,27,140,33",17.72,1.0,2.0,"164,84,70,27,140,33",7.14,17.72
"7.14-208,151,222,40,222,169",18.03,1.0,2.0,"208,151,222,40,222,169",7.14,18.03
"7.14-184,55,101,93,72,107",19.0,1.0,2.0,"184,55,101,93,72,107",7.14,19.0
"7.14-112,71,233,36,21,7",20.45,1.0,3.0,"112,71,233,36,21,7",7.14,20.45
"7.14-76,103,156,154,6,215",18.77,2.0,2.0,"76,103,156,154,6,215",7.14,18.77
"7.14-80,61,198,64,174,75",18.05,2.0,2.0,"80,61,198,64,174,75",7.14,18.05
"7.14-164,110,247,96,234,205",18.57,1.0,2.0,"164,110,247,96,234,205",7.14,18.57
"7.14-72,125,46,236,65,206",18.7,2.0,2.0,"72,125,46,236,65,206",7.14,18.7
"7.14-24,2,174,79,62,51",18.73,2.0,2.0,"24,2,174,79,62,51",7.14,18.73
"7.14-76,121,110,78,156,207",18.87,1.0,3.0,"76,121,110,78,156,207",7.14,18.87
"7.14-152,59,103,48,125,41",19.32,2.0,3.0,"152,59,103,48,125,41",7.14,19.32
"7.14-100,188,88,186,223,176",21.55,2.0,16.0,"100,188,88,186,223,176",7.14,21.55
"7.14-232,79,37,195,200,27",19.7,9.0,14.0,"232,79,37,195,200,27",7.14,19.7
"7.14-48,231,188,153,110,173",20.08,10.0,70.0,"48,231,188,153,110,173",7.14,20.08
"7.14-60,6,209,115,214,231",19.32,2.0,2.0,"60,6,209,115,214,231",7.14,19.32
"7.14-96,61,162,218,161,25",19.4,1.0,2.0,"96,61,162,218,161,25",7.14,19.4
"7.14-44,233,231,91,171,48",20.98,1.0,2.0,"44,233,231,91,171,48",7.14,20.98
"7.14-212,77,164,136,232,150",19.65,3.0,4.0,"212,77,164,136,232,150",7.14,19.65
"7.14-168,152,146,183,136,73",19.7,2.0,5.0,"168,152,146,183,136,73",7.14,19.7
"7.14-100,17,69,161,50,93",19.98,1.0,2.0,"100,17,69,161,50,93",7.14,19.98
"7.14-156,116,3,202,211,133",21.92,3.0,24.0,"156,116,3,202,211,133",7.14,21.92
"7.14-240,181,209,194,157,124",20.15,4.0,20.0,"240,181,209,194,157,124",7.14,20.15
"7.14-240,89,142,53,168,1",22.02,1.0,2.0,"240,89,142,53,168,1",7.14,22.02
"7.14-176,252,54,92,62,89",20.62,2.0,4.0,"176,252,54,92,62,89",7.14,20.62
"7.14-240,89,142,53,168,178",22.18,2.0,2.0,"240,89,142,53,168,178",7.14,22.18
"7.14-140,170,206,152,150,120",20.7,3.0,3.0,"140,170,206,152,150,120",7.14,20.7
"7.14-76,161,98,31,201,178",21.95,1.0,2.0,"76,161,98,31,201,178",7.14,21.95
"7.14-164,26,30,75,81,191",22.28,1.0,2.0,"164,26,30,75,81,191",7.14,22.28
"7.14-168,60,136,95,198,161",22.97,1.0,3.0,"168,60,136,95,198,161",7.14,22.97
"7.14-172,93,92,15,78,98",23.85,1.0,13.0,"172,93,92,15,78,98",7.14,23.85
"7.15-164,125,159,153,152,106",7.52,7.0,3500.0,"164,125,159,153,152,106",7.15,7.52
"7.15-252,107,240,89,142,53",7.52,5.0,4211.0,"252,107,240,89,142,53",7.15,7.52
"7.15-180,71,245,166,44,220",7.45,4.0,939.0,"180,71,245,166,44,220",7.15,7.45
"7.15-184,55,101,29,72,107",7.48,8.0,1414.0,"184,55,101,29,72,107",7.15,7.48
"7.15-184,148,54,32,44,55",7.47,10.0,2590.0,"184,148,54,32,44,55",7.15,7.47
"7.15-208,151,254,40,222,169",7.52,6.0,1159.0,"208,151,254,40,222,169",7.15,7.52
"7.15-76,111,156,154,6,215",7.52,5.0,914.0,"76,111,156,154,6,215",7.15,7.52
"7.15-140,170,206,161,68,84",7.52,9.0,1110.0,"140,170,206,161,68,84",7.15,7.52
"7.15-64,140,31,142,167,149",7.32,10.0,1517.0,"64,140,31,142,167,149",7.15,7.32
"7.15-116,76,161,98,31,201",7.42,4.0,296.0,"116,76,161,98,31,201",7.15,7.42
"7.15-156,95,90,12,124,73",7.52,8.0,2380.0,"156,95,90,12,124,73",7.15,7.52
"7.15-144,120,65,31,69,55",7.5,4.0,244.0,"144,120,65,31,69,55",7.15,7.5
"7.15-112,71,233,44,21,7",7.35,2.0,1611.0,"112,71,233,44,21,7",7.15,7.35
"7.15-8,250,121,45,167,67",7.42,9.0,1806.0,"8,250,121,45,167,67",7.15,7.42
"7.15-32,50,51,210,96,61",7.48,7.0,6200.0,"32,50,51,210,96,61",7.15,7.48
"7.15-20,154,16,154,204,112",7.32,6.0,362.0,"20,154,16,154,204,112",7.15,7.32
"7.15-48,74,38,133,29,213",7.38,7.0,2460.0,"48,74,38,133,29,213",7.15,7.38
"7.15-204,129,42,183,42,73",7.2,9.0,540.0,"204,129,42,183,42,73",7.15,7.2
"7.15-48,69,150,180,24,101",7.47,4.0,830.0,"48,69,150,180,24,101",7.15,7.47
"7.15-4,207,140,11,128,186",7.52,6.0,914.0,"4,207,140,11,128,186",7.15,7.52
"7.15-184,154,42,104,62,244",7.5,3.0,445.0,"184,154,42,104,62,244",7.15,7.5
"7.15-76,213,119,170,111,119",7.52,5.0,275.0,"76,213,119,170,111,119",7.15,7.52
"7.15-140,37,5,134,24,48",4.45,6.0,66.0,"140,37,5,134,24,48",7.15,4.45
"7.15-168,152,146,10,133,107",7.4,1.0,584.0,"168,152,146,10,133,107",7.15,7.4
"7.15-164,204,185,229,56,107",6.9,3.0,98.0,"164,204,185,229,56,107",7.15,6.9
"7.15-220,240,144,185,104,48",7.4,3.0,1256.0,"220,240,144,185,104,48",7.15,7.4
"7.15-36,82,106,59,81,234",7.45,2.0,408.0,"36,82,106,59,81,234",7.15,7.45
"7.15-240,103,40,135,90,171",7.4,1.0,948.0,"240,103,40,135,90,171",7.15,7.4
"7.15-252,190,123,146,220,35",7.35,1.0,829.0,"252,190,123,146,220,35",7.15,7.35
"7.15-172,115,82,76,172,89",7.52,6.0,1123.0,"172,115,82,76,172,89",7.15,7.52
"7.15-220,240,144,249,104,48",6.73,1.0,8.0,"220,240,144,249,104,48",7.15,6.73
"7.15-156,116,3,202,211,133",3.57,6.0,282.0,"156,116,3,202,211,133",7.15,3.57
"7.15-248,45,124,72,127,16",7.05,7.0,474.0,"248,45,124,72,127,16",7.15,7.05
"7.15-20,94,105,93,76,199",6.68,4.0,417.0,"20,94,105,93,76,199",7.15,6.68
"7.15-8,74,207,99,147,223",7.05,6.0,54.0,"8,74,207,99,147,223",7.15,7.05
"7.15-208,151,254,41,36,198",7.35,3.0,730.0,"208,151,254,41,36,198",7.15,7.35
"7.15-156,116,3,130,126,7",7.48,4.0,211.0,"156,116,3,130,126,7",7.15,7.48
"7.15-148,23,16,73,252,213",7.25,3.0,8.0,"148,23,16,73,252,213",7.15,7.25
"7.15-8,250,121,194,19,245",7.23,4.0,496.0,"8,250,121,194,19,245",7.15,7.23
"7.15-64,140,23,142,167,149",6.08,2.0,2.0,"64,140,23,142,167,149",7.15,6.08
"7.15-192,46,37,42,205,205",7.02,3.0,56.0,"192,46,37,42,205,205",7.15,7.02
"7.15-28,209,7,152,33,91",7.2,2.0,75.0,"28,209,7,152,33,91",7.15,7.2
"7.15-80,143,76,102,201,25",7.38,3.0,1068.0,"80,143,76,102,201,25",7.15,7.38
"7.15-24,208,197,242,97,13",4.72,5.0,37.0,"24,208,197,242,97,13",7.15,4.72
"7.15-220,245,5,135,187,95",7.28,2.0,55.0,"220,245,5,135,187,95",7.15,7.28
"7.15-172,93,92,15,78,98",0.72,2.0,22.0,"172,93,92,15,78,98",7.15,0.72
"7.15-8,179,175,7,212,61",7.33,1.0,96.0,"8,179,175,7,212,61",7.15,7.33
"7.15-60,134,209,115,214,231",7.53,10.0,162.0,"60,134,209,115,214,231",7.15,7.53
"7.15-164,201,57,9,43,253",3.72,5.0,245.0,"164,201,57,9,43,253",7.15,3.72
"7.15-132,65,103,218,221,212",7.47,5.0,134.0,"132,65,103,218,221,212",7.15,7.47
"7.15-104,74,174,67,128,132",6.35,3.0,22.0,"104,74,174,67,128,132",7.15,6.35
"7.15-76,111,156,158,6,215",6.97,2.0,2.0,"76,111,156,158,6,215",7.15,6.97
"7.15-84,167,3,191,88,22",6.07,5.0,36.0,"84,167,3,191,88,22",7.15,6.07
"7.15-108,33,162,235,7,87",7.53,3.0,398.0,"108,33,162,235,7,87",7.15,7.53
"7.15-240,27,108,132,118,12",4.3,8.0,285.0,"240,27,108,132,118,12",7.15,4.3
"7.15-124,218,195,126,234,181",7.42,4.0,128.0,"124,218,195,126,234,181",7.15,7.42
"7.15-88,102,186,101,140,144",7.58,2.0,315.0,"88,102,186,101,140,144",7.15,7.58
"7.15-124,107,156,13,48,251",0.17,9.0,17.0,"124,107,156,13,48,251",7.15,0.17
"7.15-72,81,197,94,156,205",0.32,2.0,27.0,"72,81,197,94,156,205",7.15,0.32
"7.15-244,96,226,16,224,222",2.12,1.0,2.0,"244,96,226,16,224,222",7.15,2.12
"7.15-160,184,55,101,29,72",6.6,1.0,2.0,"160,184,55,101,29,72",7.15,6.6
"7.15-172,184,55,101,29,72",6.88,1.0,2.0,"172,184,55,101,29,72",7.15,6.88
"7.15-236,44,106,165,184,55",3.2,2.0,2.0,"236,44,106,165,184,55",7.15,3.2
"7.15-100,188,88,186,223,176",0.27,2.0,5.0,"100,188,88,186,223,176",7.15,0.27
"7.15-132,27,119,107,15,168",7.57,3.0,166.0,"132,27,119,107,15,168",7.15,7.57
"7.15-160,157,193,211,143,65",7.55,3.0,23.0,"160,157,193,211,143,65",7.15,7.55
"7.15-24,2,174,207,62,51",7.47,2.0,158.0,"24,2,174,207,62,51",7.15,7.47
"7.15-44,21,225,16,68,88",2.6,2.0,3.0,"44,21,225,16,68,88",7.15,2.6
"7.15-236,1,238,73,129,10",3.4,1.0,13.0,"236,1,238,73,129,10",7.15,3.4
"7.15-80,210,245,240,233,85",7.68,2.0,12.0,"80,210,245,240,233,85",7.15,7.68
"7.15-28,66,125,50,93,223",7.38,2.0,62.0,"28,66,125,50,93,223",7.15,7.38
"7.15-4,207,140,11,128,58",7.53,2.0,2.0,"4,207,140,11,128,58",7.15,7.53
"7.15-112,138,9,131,175,199",7.67,3.0,577.0,"112,138,9,131,175,199",7.15,7.67
"7.15-164,80,70,27,140,33",7.7,7.0,259.0,"164,80,70,27,140,33",7.15,7.7
"7.15-44,109,193,102,86,157",0.45,1.0,5.0,"44,109,193,102,86,157",7.15,0.45
"7.15-252,171,144,115,155,102",7.68,2.0,12.0,"252,171,144,115,155,102",7.15,7.68
"7.15-228,125,159,153,152,106",3.68,1.0,3.0,"228,125,159,153,152,106",7.15,3.68
"7.15-156,95,90,12,92,73",5.0,2.0,2.0,"156,95,90,12,92,73",7.15,5.0
"7.15-164,164,125,159,153,152",7.18,4.0,7.0,"164,164,125,159,153,152",7.15,7.18
"7.15-92,102,108,72,204,105",4.6,8.0,240.0,"92,102,108,72,204,105",7.15,4.6
"7.15-80,210,245,241,18,92",6.9,2.0,23.0,"80,210,245,241,18,92",7.15,6.9
"7.15-112,58,81,118,159,27",7.75,3.0,263.0,"112,58,81,118,159,27",7.15,7.75
"7.15-36,125,159,153,152,106",7.25,2.0,4.0,"36,125,159,153,152,106",7.15,7.25
"7.15-72,149,7,30,171,33",4.22,4.0,18.0,"72,149,7,30,171,33",7.15,4.22
"7.15-116,21,117,93,235,62",4.63,3.0,584.0,"116,21,117,93,235,62",7.15,4.63
"7.15-184,148,54,48,44,55",6.57,2.0,2.0,"184,148,54,48,44,55",7.15,6.57
"7.15-168,220,240,144,185,104",7.63,2.0,4.0,"168,220,240,144,185,104",7.15,7.63
"7.15-48,74,39,133,29,213",7.77,2.0,9.0,"48,74,39,133,29,213",7.15,7.77
"7.15-252,107,244,89,142,53",8.1,2.0,4.0,"252,107,244,89,142,53",7.15,8.1
"7.15-168,8,250,121,45,167",7.93,2.0,7.0,"168,8,250,121,45,167",7.15,7.93
"7.15-36,17,69,161,50,93",7.27,3.0,459.0,"36,17,69,161,50,93",7.15,7.27
"7.15-164,8,250,121,45,167",7.93,2.0,5.0,"164,8,250,121,45,167",7.15,7.93
"7.15-160,178,143,129,35,16",6.78,1.0,2.0,"160,178,143,129,35,16",7.15,6.78
"7.15-64,140,31,52,191,11",8.02,4.0,150.0,"64,140,31,52,191,11",7.15,8.02
"7.15-136,191,228,175,202,9",7.65,5.0,94.0,"136,191,228,175,202,9",7.15,7.65
"7.15-140,31,142,167,149,166",7.73,3.0,4.0,"140,31,142,167,149,166",7.15,7.73
"7.15-72,125,46,236,65,206",4.27,1.0,2.0,"72,125,46,236,65,206",7.15,4.27
"7.15-236,193,171,217,136,197",8.13,3.0,473.0,"236,193,171,217,136,197",7.15,8.13
"7.15-168,226,195,233,6,76",5.42,3.0,4.0,"168,226,195,233,6,76",7.15,5.42
"7.15-184,80,143,76,102,201",5.45,1.0,6.0,"184,80,143,76,102,201",7.15,5.45
"7.15-8,250,121,183,224,101",7.33,3.0,164.0,"8,250,121,183,224,101",7.15,7.33
"7.15-152,59,103,48,125,41",6.83,2.0,4.0,"152,59,103,48,125,41",7.15,6.83
"7.15-92,74,31,185,183,247",7.6,1.0,7.0,"92,74,31,185,183,247",7.15,7.6
"7.15-152,151,204,174,182,173",8.25,4.0,44.0,"152,151,204,174,182,173",7.15,8.25
"7.15-36,82,106,123,81,234",7.73,2.0,7.0,"36,82,106,123,81,234",7.15,7.73
"7.15-40,58,77,49,206,211",5.82,1.0,6.0,"40,58,77,49,206,211",7.15,5.82
"7.15-208,151,254,41,36,162",7.9,2.0,99.0,"208,151,254,41,36,162",7.15,7.9
"7.15-180,165,172,138,160,85",4.62,7.0,148.0,"180,165,172,138,160,85",7.15,4.62
"7.15-108,217,76,95,253,145",7.37,3.0,36.0,"108,217,76,95,253,145",7.15,7.37
"7.15-156,245,49,209,69,163",7.88,3.0,7.0,"156,245,49,209,69,163",7.15,7.88
"7.15-240,144,185,104,48,170",6.08,1.0,2.0,"240,144,185,104,48,170",7.15,6.08
"7.15-176,154,151,204,174,182",8.4,2.0,4.0,"176,154,151,204,174,182",7.15,8.4
"7.15-88,198,240,41,58,135",8.72,6.0,720.0,"88,198,240,41,58,135",7.15,8.72
"7.15-164,125,223,153,152,106",8.77,2.0,7.0,"164,125,223,153,152,106",7.15,8.77
"7.15-20,94,105,220,154,7",5.03,3.0,7.0,"20,94,105,220,154,7",7.15,5.03
"7.15-128,138,139,124,94,97",5.03,2.0,6.0,"128,138,139,124,94,97",7.15,5.03
"7.15-216,50,20,254,96,65",7.67,4.0,9.0,"216,50,20,254,96,65",7.15,7.67
"7.15-240,144,185,104,48,161",6.3,2.0,2.0,"240,144,185,104,48,161",7.15,6.3
"7.15-116,3,24,100,145,164",3.25,2.0,2.0,"116,3,24,100,145,164",7.15,3.25
"7.15-36,82,98,59,81,234",7.38,2.0,3.0,"36,82,98,59,81,234",7.15,7.38
"7.15-68,216,120,87,119,51",9.02,1.0,33.0,"68,216,120,87,119,51",7.15,9.02
"7.15-240,144,185,104,48,162",8.8,2.0,3.0,"240,144,185,104,48,162",7.15,8.8
"7.15-4,207,140,11,128,250",8.7,1.0,2.0,"4,207,140,11,128,250",7.15,8.7
"7.15-212,131,4,236,83,154",5.38,2.0,3.0,"212,131,4,236,83,154",7.15,5.38
"7.15-164,114,233,219,38,184",8.92,4.0,6.0,"164,114,233,219,38,184",7.15,8.92
"7.15-48,69,17,168,101,46",6.93,6.0,9.0,"48,69,17,168,101,46",7.15,6.93
"7.15-156,116,3,24,100,145",7.22,4.0,64.0,"156,116,3,24,100,145",7.15,7.22
"7.15-168,114,233,219,38,184",5.47,3.0,3.0,"168,114,233,219,38,184",7.15,5.47
"7.15-96,61,162,218,161,25",8.47,1.0,2.0,"96,61,162,218,161,25",7.15,8.47
"7.15-164,220,240,144,185,104",8.33,2.0,5.0,"164,220,240,144,185,104",7.15,8.33
"7.15-236,209,171,217,136,197",7.72,2.0,2.0,"236,209,171,217,136,197",7.15,7.72
"7.15-32,238,40,60,214,136",8.22,1.0,3.0,"32,238,40,60,214,136",7.15,8.22
"7.15-32,50,51,210,96,53",8.37,3.0,4.0,"32,50,51,210,96,53",7.15,8.37
"7.15-140,37,5,198,24,48",6.02,1.0,3.0,"140,37,5,198,24,48",7.15,6.02
"7.15-176,208,151,254,40,222",5.3,2.0,4.0,"176,208,151,254,40,222",7.15,5.3
"7.15-40,53,69,96,185,108",9.27,3.0,53.0,"40,53,69,96,185,108",7.15,9.27
"7.15-48,74,38,155,214,98",9.33,4.0,17.0,"48,74,38,155,214,98",7.15,9.33
"7.15-4,237,51,58,71,236",9.22,3.0,225.0,"4,237,51,58,71,236",7.15,9.22
"7.15-172,252,107,240,89,142",9.32,1.0,6.0,"172,252,107,240,89,142",7.15,9.32
"7.15-240,89,142,53,176,1",4.9,1.0,3.0,"240,89,142,53,176,1",7.15,4.9
"7.15-240,89,142,53,173,1",5.88,1.0,2.0,"240,89,142,53,173,1",7.15,5.88
"7.15-36,82,106,59,81,232",8.9,1.0,3.0,"36,82,106,59,81,232",7.15,8.9
"7.15-100,82,106,59,81,234",8.45,1.0,4.0,"100,82,106,59,81,234",7.15,8.45
"7.15-76,161,98,31,201,171",6.1,2.0,2.0,"76,161,98,31,201,171",7.15,6.1
"7.15-168,164,125,159,153,152",9.53,3.0,11.0,"168,164,125,159,153,152",7.15,9.53
"7.15-176,223,193,193,47,17",8.8,4.0,10.0,"176,223,193,193,47,17",7.15,8.8
"7.15-48,74,38,133,29,85",9.73,2.0,3.0,"48,74,38,133,29,85",7.15,9.73
"7.15-172,83,82,76,172,89",8.23,2.0,2.0,"172,83,82,76,172,89",7.15,8.23
"7.15-152,59,103,48,125,65",8.48,2.0,2.0,"152,59,103,48,125,65",7.15,8.48
"7.15-28,2,25,109,232,179",9.17,1.0,6.0,"28,2,25,109,232,179",7.15,9.17
"7.15-224,55,191,185,108,92",10.08,1.0,586.0,"224,55,191,185,108,92",7.15,10.08
"7.15-48,148,53,197,58,225",9.43,8.0,543.0,"48,148,53,197,58,225",7.15,9.43
"7.15-160,110,168,60,136,95",8.33,1.0,5.0,"160,110,168,60,136,95",7.15,8.33
"7.15-168,60,136,95,198,163",9.07,2.0,3.0,"168,60,136,95,198,163",7.15,9.07
"7.15-124,161,119,218,83,242",7.78,9.0,90.0,"124,161,119,218,83,242",7.15,7.78
"7.15-60,136,95,198,164,1",9.25,1.0,2.0,"60,136,95,198,164,1",7.15,9.25
"7.15-164,156,95,90,12,124",8.58,2.0,5.0,"164,156,95,90,12,124",7.15,8.58
"7.15-168,60,136,95,198,168",8.17,1.0,2.0,"168,60,136,95,198,168",7.15,8.17
"7.15-148,53,197,58,225,159",5.13,1.0,2.0,"148,53,197,58,225,159",7.15,5.13
"7.15-168,60,136,95,198,167",8.17,1.0,2.0,"168,60,136,95,198,167",7.15,8.17
"7.15-168,48,148,53,197,58",8.17,2.0,4.0,"168,48,148,53,197,58",7.15,8.17
"7.15-52,252,161,107,189,127",5.32,2.0,2.0,"52,252,161,107,189,127",7.15,5.32
"7.15-124,161,119,225,7,54",6.25,5.0,15.0,"124,161,119,225,7,54",7.15,6.25
"7.15-64,140,31,124,254,5",5.6,3.0,3.0,"64,140,31,124,254,5",7.15,5.6
"7.15-252,107,240,89,158,53",9.93,3.0,4.0,"252,107,240,89,158,53",7.15,9.93
"7.15-152,34,239,8,233,105",8.82,3.0,282.0,"152,34,239,8,233,105",7.15,8.82
"7.15-76,121,110,78,156,206",10.32,3.0,260.0,"76,121,110,78,156,206",7.15,10.32
"7.15-172,186,139,84,42,35",9.65,1.0,3.0,"172,186,139,84,42,35",7.15,9.65
"7.15-36,82,106,59,81,226",10.27,2.0,2.0,"36,82,106,59,81,226",7.15,10.27
"7.15-204,102,10,209,112,18",7.08,2.0,11.0,"204,102,10,209,112,18",7.15,7.08
"7.15-12,216,108,203,4,136",8.7,2.0,2.0,"12,216,108,203,4,136",7.15,8.7
"7.15-252,124,2,134,99,96",6.45,3.0,58.0,"252,124,2,134,99,96",7.15,6.45
"7.15-220,240,144,185,96,48",10.2,2.0,4.0,"220,240,144,185,96,48",7.15,10.2
"7.15-48,123,172,71,127,116",6.65,3.0,4.0,"48,123,172,71,127,116",7.15,6.65
"7.15-160,58,183,166,10,239",10.32,2.0,4.0,"160,58,183,166,10,239",7.15,10.32
"7.15-168,142,182,214,236,44",6.98,2.0,2.0,"168,142,182,214,236,44",7.15,6.98
"7.15-172,164,125,159,153,152",9.1,2.0,3.0,"172,164,125,159,153,152",7.15,9.1
"7.15-164,32,50,51,210,96",6.58,1.0,2.0,"164,32,50,51,210,96",7.15,6.58
"7.15-196,152,92,41,196,143",10.55,3.0,82.0,"196,152,92,41,196,143",7.15,10.55
"7.15-168,250,89,5,126,9",10.05,2.0,2.0,"168,250,89,5,126,9",7.15,10.05
"7.15-164,252,107,240,89,142",8.5,2.0,3.0,"164,252,107,240,89,142",7.15,8.5
"7.15-72,70,193,160,137,123",10.32,2.0,5.0,"72,70,193,160,137,123",7.15,10.32
"7.15-32,40,62,78,237,188",10.67,2.0,7.0,"32,40,62,78,237,188",7.15,10.67
"7.15-76,24,154,44,218,251",10.52,2.0,59.0,"76,24,154,44,218,251",7.15,10.52
"7.15-184,148,54,32,44,23",9.37,2.0,4.0,"184,148,54,32,44,23",7.15,9.37
"7.15-20,71,45,243,179,201",6.72,3.0,3.0,"20,71,45,243,179,201",7.15,6.72
"7.15-48,123,172,71,160,113",9.73,4.0,6.0,"48,123,172,71,160,113",7.15,9.73
"7.15-168,36,17,69,161,50",7.28,2.0,3.0,"168,36,17,69,161,50",7.15,7.28
"7.15-176,26,242,44,233,231",10.4,1.0,3.0,"176,26,242,44,233,231",7.15,10.4
"7.15-48,123,172,71,127,62",8.43,2.0,2.0,"48,123,172,71,127,62",7.15,8.43
"7.15-32,40,62,78,233,36",9.48,2.0,13.0,"32,40,62,78,233,36",7.15,9.48
"7.15-72,76,134,151,123,179",7.13,1.0,2.0,"72,76,134,151,123,179",7.15,7.13
"7.15-160,26,32,109,140,145",7.08,1.0,3.0,"160,26,32,109,140,145",7.15,7.08
"7.15-76,121,110,78,156,207",8.7,1.0,3.0,"76,121,110,78,156,207",7.15,8.7
"7.15-164,125,159,157,152,106",10.98,2.0,2.0,"164,125,159,157,152,106",7.15,10.98
"7.15-164,48,69,150,180,24",8.97,1.0,2.0,"164,48,69,150,180,24",7.15,8.97
"7.15-112,130,9,131,175,199",9.8,2.0,2.0,"112,130,9,131,175,199",7.15,9.8
"7.15-252,107,240,93,142,53",10.43,2.0,3.0,"252,107,240,93,142,53",7.15,10.43
"7.15-252,111,240,89,142,53",10.27,2.0,3.0,"252,111,240,89,142,53",7.15,10.27
"7.15-76,99,113,12,162,43",7.25,3.0,3.0,"76,99,113,12,162,43",7.15,7.25
"7.15-8,250,89,45,167,67",10.87,2.0,3.0,"8,250,89,45,167,67",7.15,10.87
"7.15-52,8,188,243,248,24",7.62,4.0,10.0,"52,8,188,243,248,24",7.15,7.62
"7.15-216,45,124,72,127,16",10.32,2.0,2.0,"216,45,124,72,127,16",7.15,10.32
"7.15-108,177,88,58,181,202",11.1,7.0,10.0,"108,177,88,58,181,202",7.15,11.1
"7.15-8,250,121,45,167,71",8.4,2.0,2.0,"8,250,121,45,167,71",7.15,8.4
"7.15-164,80,70,102,229,159",7.92,7.0,176.0,"164,80,70,102,229,159",7.15,7.92
"7.15-156,174,211,194,70,96",10.2,2.0,13.0,"156,174,211,194,70,96",7.15,10.2
"7.15-220,245,5,135,188,48",11.27,2.0,52.0,"220,245,5,135,188,48",7.15,11.27
"7.15-48,74,54,133,29,213",10.65,1.0,9.0,"48,74,54,133,29,213",7.15,10.65
"7.15-240,89,142,53,175,1",11.0,1.0,2.0,"240,89,142,53,175,1",7.15,11.0
"7.15-200,226,101,223,161,131",9.8,4.0,108.0,"200,226,101,223,161,131",7.15,9.8
"7.15-140,217,214,204,25,121",11.22,7.0,53.0,"140,217,214,204,25,121",7.15,11.22
"7.15-164,125,159,153,152,104",11.38,1.0,4.0,"164,125,159,153,152,104",7.15,11.38
"7.15-168,32,50,51,210,96",10.67,1.0,5.0,"168,32,50,51,210,96",7.15,10.67
"7.15-172,142,182,214,236,44",10.57,2.0,3.0,"172,142,182,214,236,44",7.15,10.57
"7.15-164,180,71,245,166,44",9.9,1.0,2.0,"164,180,71,245,166,44",7.15,9.9
"7.15-92,255,255,144,7,131",11.22,2.0,52.0,"92,255,255,144,7,131",7.15,11.22
"7.15-168,88,198,240,41,58",9.9,1.0,3.0,"168,88,198,240,41,58",7.15,9.9
"7.15-164,112,71,233,44,21",10.87,1.0,5.0,"164,112,71,233,44,21",7.15,10.87
"7.15-180,8,250,121,45,167",7.8,1.0,2.0,"180,8,250,121,45,167",7.15,7.8
"7.15-172,26,242,44,233,231",11.25,1.0,5.0,"172,26,242,44,233,231",7.15,11.25
"7.15-160,180,71,245,166,44",10.68,2.0,2.0,"160,180,71,245,166,44",7.15,10.68
"7.15-32,50,51,210,96,29",11.22,2.0,4.0,"32,50,51,210,96,29",7.15,11.22
"7.15-116,242,250,31,57,102",8.15,1.0,2.0,"116,242,250,31,57,102",7.15,8.15
"7.15-80,143,92,102,201,25",11.12,2.0,4.0,"80,143,92,102,201,25",7.15,11.12
"7.15-52,74,38,133,29,213",9.3,1.0,3.0,"52,74,38,133,29,213",7.15,9.3
"7.15-164,125,159,25,152,106",11.08,2.0,7.0,"164,125,159,25,152,106",7.15,11.08
"7.15-172,115,82,76,140,89",11.15,1.0,4.0,"172,115,82,76,140,89",7.15,11.15
"7.15-96,50,51,210,96,61",9.83,2.0,2.0,"96,50,51,210,96,61",7.15,9.83
"7.15-32,50,51,210,112,61",10.82,2.0,5.0,"32,50,51,210,112,61",7.15,10.82
"7.15-48,50,51,210,96,61",11.3,2.0,3.0,"48,50,51,210,96,61",7.15,11.3
"7.15-172,32,50,51,210,96",10.95,2.0,6.0,"172,32,50,51,210,96",7.15,10.95
"7.15-240,103,40,199,90,171",11.05,1.0,3.0,"240,103,40,199,90,171",7.15,11.05
"7.15-88,214,240,41,58,135",8.88,2.0,2.0,"88,214,240,41,58,135",7.15,8.88
"7.15-100,71,205,135,160,247",11.53,4.0,12.0,"100,71,205,135,160,247",7.15,11.53
"7.15-32,50,51,210,64,61",11.05,2.0,4.0,"32,50,51,210,64,61",7.15,11.05
"7.15-32,40,62,78,233,160",10.63,3.0,23.0,"32,40,62,78,233,160",7.15,10.63
"7.15-80,143,76,102,217,25",10.67,2.0,3.0,"80,143,76,102,217,25",7.15,10.67
"7.15-80,143,76,102,201,89",10.42,2.0,2.0,"80,143,76,102,201,89",7.15,10.42
"7.15-84,90,166,64,201,116",8.92,10.0,24.0,"84,90,166,64,201,116",7.15,8.92
"7.15-116,138,9,131,175,199",10.42,2.0,2.0,"116,138,9,131,175,199",7.15,10.42
"7.15-56,252,152,142,93,110",10.07,2.0,38.0,"56,252,152,142,93,110",7.15,10.07
"7.15-180,80,143,76,102,201",9.22,2.0,2.0,"180,80,143,76,102,201",7.15,9.22
"7.15-80,143,68,102,201,25",9.42,1.0,2.0,"80,143,68,102,201,25",7.15,9.42
"7.15-52,18,249,1,50,72",9.63,1.0,4.0,"52,18,249,1,50,72",7.15,9.63
"7.15-252,107,240,89,142,21",11.6,2.0,2.0,"252,107,240,89,142,21",7.15,11.6
"7.15-64,140,31,143,167,149",10.63,1.0,2.0,"64,140,31,143,167,149",7.15,10.63
"7.15-64,140,31,140,167,149",10.55,2.0,2.0,"64,140,31,140,167,149",7.15,10.55
"7.15-164,125,159,145,152,106",11.43,2.0,2.0,"164,125,159,145,152,106",7.15,11.43
"7.15-252,107,112,89,142,53",11.73,3.0,5.0,"252,107,112,89,142,53",7.15,11.73
"7.15-80,143,76,102,193,25",11.22,1.0,2.0,"80,143,76,102,193,25",7.15,11.22
"7.15-84,90,166,133,13,255",9.57,6.0,6.0,"84,90,166,133,13,255",7.15,9.57
"7.15-64,156,31,142,167,149",11.85,1.0,2.0,"64,156,31,142,167,149",7.15,11.85
"7.15-252,105,240,89,142,53",11.93,2.0,2.0,"252,105,240,89,142,53",7.15,11.93
"7.15-92,240,144,185,104,48",9.93,1.0,2.0,"92,240,144,185,104,48",7.15,9.93
"7.15-124,176,115,164,199,70",9.87,5.0,17.0,"124,176,115,164,199,70",7.15,9.87
"7.15-112,71,233,60,21,7",10.35,1.0,3.0,"112,71,233,60,21,7",7.15,10.35
"7.15-244,209,8,186,93,206",10.58,1.0,6.0,"244,209,8,186,93,206",7.15,10.58
"7.15-184,201,181,67,201,73",9.9,3.0,14.0,"184,201,181,67,201,73",7.15,9.9
"7.15-212,26,63,183,185,195",11.15,1.0,3.0,"212,26,63,183,185,195",7.15,11.15
"7.15-8,49,164,123,69,254",9.92,3.0,5.0,"8,49,164,123,69,254",7.15,9.92
"7.15-76,121,110,92,225,133",11.08,1.0,12.0,"76,121,110,92,225,133",7.15,11.08
"7.15-112,71,233,44,85,7",10.77,1.0,3.0,"112,71,233,44,85,7",7.15,10.77
"7.15-164,125,159,153,153,106",10.98,1.0,2.0,"164,125,159,153,153,106",7.15,10.98
"7.15-172,220,240,144,185,104",9.47,1.0,3.0,"172,220,240,144,185,104",7.15,9.47
"7.15-240,144,185,104,48,165",10.48,2.0,2.0,"240,144,185,104,48,165",7.15,10.48
"7.15-168,80,143,76,102,201",9.47,1.0,2.0,"168,80,143,76,102,201",7.15,9.47
"7.15-48,182,80,143,76,102",9.52,1.0,2.0,"48,182,80,143,76,102",7.15,9.52
"7.15-240,144,185,104,48,164",11.97,2.0,3.0,"240,144,185,104,48,164",7.15,11.97
"7.15-32,50,51,82,96,61",11.62,2.0,4.0,"32,50,51,82,96,61",7.15,11.62
"7.15-36,50,51,210,96,61",12.03,2.0,5.0,"36,50,51,210,96,61",7.15,12.03
"7.15-184,201,181,70,142,93",9.95,4.0,6.0,"184,201,181,70,142,93",7.15,9.95
"7.15-148,23,64,73,252,213",11.27,2.0,3.0,"148,23,64,73,252,213",7.15,11.27
"7.15-236,193,187,217,136,197",10.28,2.0,3.0,"236,193,187,217,136,197",7.15,10.28
"7.15-64,140,31,142,39,149",10.7,2.0,2.0,"64,140,31,142,39,149",7.15,10.7
"7.15-160,156,95,90,12,124",11.58,2.0,3.0,"160,156,95,90,12,124",7.15,11.58
"7.15-168,172,115,82,76,172",10.4,1.0,2.0,"168,172,115,82,76,172",7.15,10.4
"7.15-36,82,122,59,81,234",10.5,2.0,2.0,"36,82,122,59,81,234",7.15,10.5
"7.15-8,250,113,45,167,67",11.58,2.0,2.0,"8,250,113,45,167,67",7.15,11.58
"7.15-76,121,110,78,156,222",10.35,2.0,2.0,"76,121,110,78,156,222",7.15,10.35
"7.15-8,250,125,45,167,67",11.38,2.0,6.0,"8,250,125,45,167,67",7.15,11.38
"7.15-144,195,95,15,4,30",10.48,2.0,104.0,"144,195,95,15,4,30",7.15,10.48
"7.15-164,125,159,217,152,106",11.87,3.0,4.0,"164,125,159,217,152,106",7.15,11.87
"7.15-252,107,240,89,14,53",12.3,2.0,4.0,"252,107,240,89,14,53",7.15,12.3
"7.15-164,117,159,153,152,106",10.57,2.0,3.0,"164,117,159,153,152,106",7.15,10.57
"7.15-32,50,51,208,96,61",12.32,2.0,6.0,"32,50,51,208,96,61",7.15,12.32
"7.15-208,151,254,41,36,214",12.2,2.0,4.0,"208,151,254,41,36,214",7.15,12.2
"7.15-148,23,1,73,252,213",11.0,3.0,4.0,"148,23,1,73,252,213",7.15,11.0
"7.15-208,151,254,33,36,198",11.68,2.0,2.0,"208,151,254,33,36,198",7.15,11.68
"7.15-48,74,38,5,29,213",10.82,2.0,2.0,"48,74,38,5,29,213",7.15,10.82
"7.15-48,74,38,133,93,213",12.27,1.0,8.0,"48,74,38,133,93,213",7.15,12.27
"7.15-80,207,76,102,201,25",11.18,2.0,3.0,"80,207,76,102,201,25",7.15,11.18
"7.15-184,148,52,32,44,55",10.38,2.0,3.0,"184,148,52,32,44,55",7.15,10.38
"7.15-80,143,77,102,201,25",10.3,2.0,2.0,"80,143,77,102,201,25",7.15,10.3
"7.15-8,250,121,45,231,67",12.3,2.0,8.0,"8,250,121,45,231,67",7.15,12.3
"7.15-48,90,38,133,29,213",12.25,2.0,8.0,"48,90,38,133,29,213",7.15,12.25
"7.15-208,23,254,41,36,198",12.28,1.0,3.0,"208,23,254,41,36,198",7.15,12.28
"7.15-112,71,233,12,21,7",11.23,1.0,2.0,"112,71,233,12,21,7",7.15,11.23
"7.15-72,70,193,161,116,246",12.57,3.0,46.0,"72,70,193,161,116,246",7.15,12.57
"7.15-172,8,250,121,45,167",12.15,2.0,4.0,"172,8,250,121,45,167",7.15,12.15
"7.15-148,54,32,44,55,176",10.23,1.0,2.0,"148,54,32,44,55,176",7.15,10.23
"7.15-168,154,151,204,174,182",10.23,1.0,2.0,"168,154,151,204,174,182",7.15,10.23
"7.15-8,250,121,13,167,67",12.02,2.0,4.0,"8,250,121,13,167,67",7.15,12.02
"7.15-164,184,148,54,32,44",10.23,1.0,3.0,"164,184,148,54,32,44",7.15,10.23
"7.15-252,107,240,89,140,53",12.07,3.0,5.0,"252,107,240,89,140,53",7.15,12.07
"7.15-184,55,69,29,72,107",12.35,2.0,4.0,"184,55,69,29,72,107",7.15,12.35
"7.15-236,193,171,221,136,197",11.3,2.0,2.0,"236,193,171,221,136,197",7.15,11.3
"7.15-252,107,240,89,134,53",12.48,3.0,10.0,"252,107,240,89,134,53",7.15,12.48
"7.15-48,149,53,197,58,225",11.5,2.0,2.0,"48,149,53,197,58,225",7.15,11.5
"7.15-188,148,54,32,44,55",12.22,3.0,3.0,"188,148,54,32,44,55",7.15,12.22
"7.15-48,148,53,213,58,225",11.65,2.0,2.0,"48,148,53,213,58,225",7.15,11.65
"7.15-48,148,53,197,26,225",10.32,1.0,2.0,"48,148,53,197,26,225",7.15,10.32
"7.15-32,50,55,210,96,61",12.38,2.0,2.0,"32,50,55,210,96,61",7.15,12.38
"7.15-80,61,198,64,146,148",10.33,2.0,2.0,"80,61,198,64,146,148",7.15,10.33
"7.15-236,86,35,96,239,25",10.38,2.0,2.0,"236,86,35,96,239,25",7.15,10.38
"7.15-168,112,71,233,44,21",12.52,1.0,4.0,"168,112,71,233,44,21",7.15,12.52
"7.15-48,20,53,197,58,225",11.97,2.0,4.0,"48,20,53,197,58,225",7.15,11.97
"7.15-108,30,215,44,159,245",10.57,2.0,6.0,"108,30,215,44,159,245",7.15,10.57
"7.15-168,156,95,90,12,124",10.78,1.0,2.0,"168,156,95,90,12,124",7.15,10.78
"7.15-164,125,159,153,24,106",12.28,2.0,2.0,"164,125,159,153,24,106",7.15,12.28
"7.15-164,93,159,153,152,106",12.45,2.0,3.0,"164,93,159,153,152,106",7.15,12.45
"7.15-220,240,144,185,104,112",12.02,2.0,6.0,"220,240,144,185,104,112",7.15,12.02
"7.15-72,250,121,45,167,67",12.5,2.0,3.0,"72,250,121,45,167,67",7.15,12.5
"7.15-108,193,171,217,136,197",12.7,2.0,2.0,"108,193,171,217,136,197",7.15,12.7
"7.15-172,208,151,254,40,222",12.07,1.0,2.0,"172,208,151,254,40,222",7.15,12.07
"7.15-176,114,233,219,38,184",12.28,3.0,3.0,"176,114,233,219,38,184",7.15,12.28
"7.15-160,154,151,204,174,182",10.67,1.0,2.0,"160,154,151,204,174,182",7.15,10.67
"7.15-164,125,159,153,152,122",12.87,3.0,4.0,"164,125,159,153,152,122",7.15,12.87
"7.15-112,71,233,44,21,23",12.7,1.0,2.0,"112,71,233,44,21,23",7.15,12.7
"7.15-8,250,121,37,167,67",12.18,2.0,3.0,"8,250,121,37,167,67",7.15,12.18
"7.15-112,74,38,133,29,213",12.5,1.0,3.0,"112,74,38,133,29,213",7.15,12.5
"7.15-220,240,144,189,104,48",12.63,2.0,3.0,"220,240,144,189,104,48",7.15,12.63
"7.15-164,125,159,153,152,98",11.52,2.0,2.0,"164,125,159,153,152,98",7.15,11.52
"7.15-12,75,84,85,61,8",11.73,3.0,4.0,"12,75,84,85,61,8",7.15,11.73
"7.15-220,95,90,12,124,73",12.82,2.0,2.0,"220,95,90,12,124,73",7.15,12.82
"7.15-32,18,51,210,96,61",12.77,3.0,8.0,"32,18,51,210,96,61",7.15,12.77
"7.15-156,95,82,12,124,73",11.57,2.0,2.0,"156,95,82,12,124,73",7.15,11.57
"7.15-8,122,121,45,167,67",11.68,1.0,3.0,"8,122,121,45,167,67",7.15,11.68
"7.15-156,95,90,12,124,65",12.97,1.0,3.0,"156,95,90,12,124,65",7.15,12.97
"7.15-148,53,197,58,225,169",11.18,1.0,2.0,"148,53,197,58,225,169",7.15,11.18
"7.15-148,53,197,58,225,171",12.27,1.0,2.0,"148,53,197,58,225,171",7.15,12.27
"7.15-148,53,197,58,225,162",12.37,2.0,2.0,"148,53,197,58,225,162",7.15,12.37
"7.15-148,53,197,58,225,165",12.27,1.0,2.0,"148,53,197,58,225,165",7.15,12.27
"7.15-80,143,76,102,205,25",11.2,1.0,2.0,"80,143,76,102,205,25",7.15,11.2
"7.15-220,112,144,185,104,48",12.62,2.0,2.0,"220,112,144,185,104,48",7.15,12.62
"7.15-92,198,240,41,58,135",12.62,2.0,2.0,"92,198,240,41,58,135",7.15,12.62
"7.15-88,198,240,9,58,135",11.8,2.0,2.0,"88,198,240,9,58,135",7.15,11.8
"7.15-80,210,245,114,193,232",12.27,2.0,3.0,"80,210,245,114,193,232",7.15,12.27
"7.15-172,115,82,76,188,89",12.77,1.0,3.0,"172,115,82,76,188,89",7.15,12.77
"7.15-248,45,124,72,125,16",12.78,1.0,3.0,"248,45,124,72,125,16",7.15,12.78
"7.15-240,144,185,104,48,171",12.48,2.0,2.0,"240,144,185,104,48,171",7.15,12.48
"7.15-172,115,82,76,172,81",13.02,1.0,5.0,"172,115,82,76,172,81",7.15,13.02
"7.15-172,172,115,82,76,172",12.43,1.0,4.0,"172,172,115,82,76,172",7.15,12.43
"7.15-160,4,207,140,11,128",11.83,1.0,2.0,"160,4,207,140,11,128",7.15,11.83
"7.15-20,94,73,93,76,199",11.73,1.0,2.0,"20,94,73,93,76,199",7.15,11.73
"7.15-252,123,240,89,142,53",13.2,2.0,3.0,"252,123,240,89,142,53",7.15,13.2
"7.15-184,155,42,104,62,244",11.98,2.0,2.0,"184,155,42,104,62,244",7.15,11.98
"7.15-88,103,186,101,140,144",13.12,1.0,3.0,"88,103,186,101,140,144",7.15,13.12
"7.15-180,71,245,166,60,220",11.75,1.0,2.0,"180,71,245,166,60,220",7.15,11.75
"7.15-156,95,94,12,124,73",13.25,2.0,2.0,"156,95,94,12,124,73",7.15,13.25
"7.15-184,148,54,33,44,55",11.9,2.0,2.0,"184,148,54,33,44,55",7.15,11.9
"7.15-8,250,121,45,167,83",12.7,1.0,3.0,"8,250,121,45,167,83",7.15,12.7
"7.15-32,50,115,210,96,61",13.07,1.0,2.0,"32,50,115,210,96,61",7.15,13.07
"7.15-16,148,53,197,58,225",11.83,1.0,2.0,"16,148,53,197,58,225",7.15,11.83
"7.15-32,50,51,210,97,61",11.98,2.0,3.0,"32,50,51,210,97,61",7.15,11.98
"7.15-32,114,51,210,96,61",13.1,3.0,5.0,"32,114,51,210,96,61",7.15,13.1
"7.15-176,241,236,166,12,79",13.03,5.0,16.0,"176,241,236,166,12,79",7.15,13.03
"7.15-12,250,121,45,167,67",13.13,2.0,3.0,"12,250,121,45,167,67",7.15,13.13
"7.15-32,50,49,210,96,61",12.78,2.0,4.0,"32,50,49,210,96,61",7.15,12.78
"7.15-48,74,6,133,29,213",13.02,2.0,7.0,"48,74,6,133,29,213",7.15,13.02
"7.15-16,74,38,133,29,213",12.63,1.0,3.0,"16,74,38,133,29,213",7.15,12.63
"7.15-180,71,117,166,44,220",13.15,1.0,4.0,"180,71,117,166,44,220",7.15,13.15
"7.15-44,204,230,183,227,125",12.42,3.0,6.0,"44,204,230,183,227,125",7.15,12.42
"7.15-48,74,38,149,29,213",13.05,2.0,5.0,"48,74,38,149,29,213",7.15,13.05
"7.15-52,71,245,166,44,220",12.82,1.0,2.0,"52,71,245,166,44,220",7.15,12.82
"7.15-32,50,51,210,96,125",12.8,1.0,2.0,"32,50,51,210,96,125",7.15,12.8
"7.15-20,94,109,93,76,199",12.42,2.0,2.0,"20,94,109,93,76,199",7.15,12.42
"7.15-48,74,38,197,29,213",13.07,2.0,2.0,"48,74,38,197,29,213",7.15,13.07
"7.15-48,66,38,133,29,213",12.05,1.0,2.0,"48,66,38,133,29,213",7.15,12.05
"7.15-48,236,165,220,64,63",12.47,2.0,3.0,"48,236,165,220,64,63",7.15,12.47
"7.15-168,64,140,31,142,167",13.07,2.0,3.0,"168,64,140,31,142,167",7.15,13.07
"7.15-184,55,117,29,72,107",13.23,3.0,5.0,"184,55,117,29,72,107",7.15,13.23
"7.15-32,50,51,211,96,61",12.83,2.0,3.0,"32,50,51,211,96,61",7.15,12.83
"7.15-8,218,121,45,167,67",12.47,2.0,3.0,"8,218,121,45,167,67",7.15,12.47
"7.15-44,233,231,91,167,1",12.05,2.0,2.0,"44,233,231,91,167,1",7.15,12.05
"7.15-140,31,142,167,149,172",13.08,2.0,3.0,"140,31,142,167,149,172",7.15,13.08
"7.15-160,208,151,254,41,36",12.43,2.0,2.0,"160,208,151,254,41,36",7.15,12.43
"7.15-140,31,142,167,149,163",13.08,1.0,2.0,"140,31,142,167,149,163",7.15,13.08
"7.15-164,125,159,153,152,107",13.17,2.0,4.0,"164,125,159,153,152,107",7.15,13.17
"7.15-168,58,183,166,10,239",13.3,3.0,3.0,"168,58,183,166,10,239",7.15,13.3
"7.15-164,125,151,153,152,106",12.72,2.0,2.0,"164,125,151,153,152,106",7.15,12.72
"7.15-164,125,159,153,152,74",13.37,2.0,2.0,"164,125,159,153,152,74",7.15,13.37
"7.15-176,148,54,32,44,55",13.03,2.0,2.0,"176,148,54,32,44,55",7.15,13.03
"7.15-160,64,140,31,142,167",13.12,3.0,3.0,"160,64,140,31,142,167",7.15,13.12
"7.15-32,51,51,210,96,61",13.37,2.0,4.0,"32,51,51,210,96,61",7.15,13.37
"7.15-172,36,17,69,161,50",12.25,1.0,2.0,"172,36,17,69,161,50",7.15,12.25
"7.15-172,184,148,54,32,44",12.95,2.0,2.0,"172,184,148,54,32,44",7.15,12.95
"7.15-80,140,31,142,167,149",12.17,2.0,4.0,"80,140,31,142,167,149",7.15,12.17
"7.15-112,71,105,44,21,7",13.33,1.0,2.0,"112,71,105,44,21,7",7.15,13.33
"7.15-36,17,69,161,48,93",12.53,2.0,2.0,"36,17,69,161,48,93",7.15,12.53
"7.15-168,152,146,183,136,73",12.22,2.0,3.0,"168,152,146,183,136,73",7.15,12.22
"7.15-48,74,38,133,21,213",13.18,2.0,5.0,"48,74,38,133,21,213",7.15,13.18
"7.15-88,198,240,41,58,133",12.3,1.0,2.0,"88,198,240,41,58,133",7.15,12.3
"7.15-164,64,140,31,142,167",13.45,2.0,2.0,"164,64,140,31,142,167",7.15,13.45
"7.15-140,31,142,167,149,170",13.2,2.0,2.0,"140,31,142,167,149,170",7.15,13.2
"7.15-36,17,69,177,50,93",12.6,2.0,4.0,"36,17,69,177,50,93",7.15,12.6
"7.15-236,193,175,217,136,197",13.33,2.0,2.0,"236,193,175,217,136,197",7.15,13.33
"7.15-48,72,38,133,29,213",12.98,1.0,3.0,"48,72,38,133,29,213",7.15,12.98
"7.15-164,201,57,205,13,69",12.57,3.0,13.0,"164,201,57,205,13,69",7.15,12.57
"7.15-32,50,19,210,96,61",13.45,1.0,6.0,"32,50,19,210,96,61",7.15,13.45
"7.15-188,95,246,246,99,95",12.8,1.0,2.0,"188,95,246,246,99,95",7.15,12.8
"7.15-112,58,81,86,159,27",13.27,1.0,2.0,"112,58,81,86,159,27",7.15,13.27
"7.15-180,71,245,182,44,220",13.0,1.0,2.0,"180,71,245,182,44,220",7.15,13.0
"7.15-164,178,143,129,35,16",12.38,2.0,2.0,"164,178,143,129,35,16",7.15,12.38
"7.15-172,20,94,105,93,76",12.38,1.0,2.0,"172,20,94,105,93,76",7.15,12.38
"7.15-52,17,69,161,50,93",12.57,1.0,2.0,"52,17,69,161,50,93",7.15,12.57
"7.15-184,148,54,32,44,53",12.87,2.0,2.0,"184,148,54,32,44,53",7.15,12.87
"7.15-36,81,69,161,50,93",12.73,2.0,2.0,"36,81,69,161,50,93",7.15,12.73
"7.15-88,198,240,57,58,135",12.85,1.0,2.0,"88,198,240,57,58,135",7.15,12.85
"7.15-48,74,102,133,29,213",13.6,2.0,5.0,"48,74,102,133,29,213",7.15,13.6
"7.15-172,115,82,76,44,89",13.07,1.0,2.0,"172,115,82,76,44,89",7.15,13.07
"7.15-164,142,182,214,236,44",13.13,2.0,3.0,"164,142,182,214,236,44",7.15,13.13
"7.15-112,138,9,131,239,199",12.98,1.0,2.0,"112,138,9,131,239,199",7.15,12.98
"7.15-48,148,21,197,58,225",13.22,1.0,4.0,"48,148,21,197,58,225",7.15,13.22
"7.15-8,250,121,45,167,65",13.08,1.0,2.0,"8,250,121,45,167,65",7.15,13.08
"7.15-4,207,140,11,128,187",13.62,2.0,2.0,"4,207,140,11,128,187",7.15,13.62
"7.15-168,48,74,38,133,29",13.27,1.0,2.0,"168,48,74,38,133,29",7.15,13.27
"7.15-48,75,38,133,29,213",13.48,1.0,2.0,"48,75,38,133,29,213",7.15,13.48
"7.15-140,83,195,148,92,46",14.05,3.0,59.0,"140,83,195,148,92,46",7.15,14.05
"7.15-184,23,101,29,72,107",14.02,1.0,2.0,"184,23,101,29,72,107",7.15,14.02
"7.15-248,45,124,72,95,16",13.68,2.0,2.0,"248,45,124,72,95,16",7.15,13.68
"7.15-28,95,90,12,124,73",13.93,2.0,3.0,"28,95,90,12,124,73",7.15,13.93
"7.15-164,110,168,60,136,95",13.35,1.0,2.0,"164,110,168,60,136,95",7.15,13.35
"7.15-252,213,173,172,115,82",13.35,1.0,2.0,"252,213,173,172,115,82",7.15,13.35
"7.15-208,151,254,40,222,185",13.88,3.0,3.0,"208,151,254,40,222,185",7.15,13.88
"7.15-164,125,159,153,144,106",14.2,1.0,2.0,"164,125,159,153,144,106",7.15,14.2
"7.15-164,48,74,38,133,29",13.55,1.0,2.0,"164,48,74,38,133,29",7.15,13.55
"7.15-208,151,254,40,222,161",13.82,2.0,2.0,"208,151,254,40,222,161",7.15,13.82
"7.15-180,125,159,153,152,106",13.92,2.0,2.0,"180,125,159,153,152,106",7.15,13.92
"7.15-176,8,250,121,45,167",14.23,2.0,4.0,"176,8,250,121,45,167",7.15,14.23
"7.15-180,252,107,240,89,142",13.8,1.0,2.0,"180,252,107,240,89,142",7.15,13.8
"7.15-144,121,65,31,69,55",13.88,2.0,2.0,"144,121,65,31,69,55",7.15,13.88
"7.15-208,151,254,40,94,169",14.45,1.0,2.0,"208,151,254,40,94,169",7.15,14.45
"7.15-8,254,121,45,167,67",14.35,1.0,2.0,"8,254,121,45,167,67",7.15,14.35
"7.15-48,69,150,180,16,101",14.47,2.0,2.0,"48,69,150,180,16,101",7.15,14.47
"7.15-8,250,121,45,135,67",14.53,1.0,2.0,"8,250,121,45,135,67",7.15,14.53
"7.17-48,74,38,133,29,213",19.22,2.0,3.0,"48,74,38,133,29,213",7.17,19.22
"7.17-132,27,119,107,15,168",19.82,1.0,2.0,"132,27,119,107,15,168",7.17,19.82
"7.17-164,125,159,153,152,106",21.62,2.0,7.0,"164,125,159,153,152,106",7.17,21.62
"7.17-72,81,197,94,156,205",20.85,1.0,4.0,"72,81,197,94,156,205",7.17,20.85
"7.17-240,89,142,53,176,1",20.85,1.0,2.0,"240,89,142,53,176,1",7.17,20.85
"7.17-20,178,229,137,47,142",21.55,2.0,2.0,"20,178,229,137,47,142",7.17,21.55
"7.17-252,107,240,89,142,53",21.75,2.0,5.0,"252,107,240,89,142,53",7.17,21.75
"7.18-48,74,38,133,29,213",8.17,5.0,3645.0,"48,74,38,133,29,213",7.18,8.17
"7.18-36,17,69,161,50,93",6.72,4.0,767.0,"36,17,69,161,50,93",7.18,6.72
"7.18-168,20,178,229,137,47",4.03,1.0,2.0,"168,20,178,229,137,47",7.18,4.03
"7.18-20,178,229,137,47,142",8.17,7.0,2194.0,"20,178,229,137,47,142",7.18,8.17
"7.18-164,8,250,121,194,19",7.08,1.0,3.0,"164,8,250,121,194,19",7.18,7.08
"7.18-92,102,108,72,204,105",7.97,2.0,583.0,"92,102,108,72,204,105",7.18,7.97
"7.18-88,198,240,41,58,135",8.17,8.0,1117.0,"88,198,240,41,58,135",7.18,8.17
"7.18-28,209,7,152,33,91",8.1,3.0,1301.0,"28,209,7,152,33,91",7.18,8.1
"7.18-32,50,51,210,96,61",8.17,6.0,3495.0,"32,50,51,210,96,61",7.18,8.17
"7.18-168,28,209,7,152,33",0.02,1.0,3.0,"168,28,209,7,152,33",7.18,0.02
"7.18-184,148,54,32,44,55",8.17,9.0,1567.0,"184,148,54,32,44,55",7.18,8.17
"7.18-180,71,245,166,44,220",8.13,4.0,943.0,"180,71,245,166,44,220",7.18,8.13
"7.18-208,151,254,41,36,198",8.12,3.0,442.0,"208,151,254,41,36,198",7.18,8.12
"7.18-8,250,121,45,167,67",8.05,5.0,1185.0,"8,250,121,45,167,67",7.18,8.05
"7.18-112,71,233,44,21,7",8.13,2.0,826.0,"112,71,233,44,21,7",7.18,8.13
"7.18-172,26,242,44,233,231",0.02,1.0,2.0,"172,26,242,44,233,231",7.18,0.02
"7.18-8,250,121,194,19,245",8.17,3.0,545.0,"8,250,121,194,19,245",7.18,8.17
"7.18-148,54,32,44,55,169",7.22,2.0,3.0,"148,54,32,44,55,169",7.18,7.22
"7.18-148,54,32,44,55,163",7.22,3.0,5.0,"148,54,32,44,55,163",7.18,7.22
"7.18-180,8,250,121,45,167",5.05,2.0,3.0,"180,8,250,121,45,167",7.18,5.05
"7.18-204,129,42,183,42,73",8.12,12.0,717.0,"204,129,42,183,42,73",7.18,8.12
"7.18-20,94,105,93,76,199",6.72,4.0,210.0,"20,94,105,93,76,199",7.18,6.72
"7.18-24,2,174,207,62,51",7.93,3.0,167.0,"24,2,174,207,62,51",7.18,7.93
"7.18-112,58,81,118,159,27",8.13,3.0,1535.0,"112,58,81,118,159,27",7.18,8.13
"7.18-20,154,16,154,204,112",8.13,8.0,363.0,"20,154,16,154,204,112",7.18,8.13
"7.18-92,255,255,144,7,131",6.42,3.0,98.0,"92,255,255,144,7,131",7.18,6.42
"7.18-144,195,95,15,4,30",7.57,3.0,586.0,"144,195,95,15,4,30",7.18,7.57
"7.18-8,250,121,183,224,101",7.88,3.0,92.0,"8,250,121,183,224,101",7.18,7.88
"7.18-80,143,76,102,201,25",9.37,2.0,1565.0,"80,143,76,102,201,25",7.18,9.37
"7.18-220,240,144,185,104,48",9.35,3.0,1252.0,"220,240,144,185,104,48",7.18,9.35
"7.18-76,188,66,19,133,240",7.42,4.0,4.0,"76,188,66,19,133,240",7.18,7.42
"7.18-108,217,76,95,253,145",9.85,7.0,153.0,"108,217,76,95,253,145",7.18,9.85
"7.18-164,125,223,153,152,106",10.52,1.0,4.0,"164,125,223,153,152,106",7.18,10.52
"7.18-4,207,140,11,128,186",10.63,5.0,294.0,"4,207,140,11,128,186",7.18,10.63
"7.18-164,125,159,153,152,106",10.75,6.0,1544.0,"164,125,159,153,152,106",7.18,10.75
"7.18-156,95,90,12,124,73",10.92,6.0,650.0,"156,95,90,12,124,73",7.18,10.92
"7.18-48,69,150,180,24,101",11.47,3.0,596.0,"48,69,150,180,24,101",7.18,11.47
"7.18-132,65,103,218,221,212",11.47,3.0,127.0,"132,65,103,218,221,212",7.18,11.47
"7.18-252,107,240,89,142,53",11.48,3.0,2452.0,"252,107,240,89,142,53",7.18,11.48
"7.18-112,138,9,131,175,199",11.43,4.0,943.0,"112,138,9,131,175,199",7.18,11.43
"7.18-196,64,246,34,203,41",11.35,6.0,252.0,"196,64,246,34,203,41",7.18,11.35
"7.18-240,27,108,132,118,12",11.58,2.0,986.0,"240,27,108,132,118,12",7.18,11.58
"7.18-160,240,27,108,132,118",10.63,2.0,5.0,"160,240,27,108,132,118",7.18,10.63
"7.18-44,255,238,86,45,209",11.58,2.0,759.0,"44,255,238,86,45,209",7.18,11.58
"7.18-236,193,171,217,136,197",11.53,2.0,205.0,"236,193,171,217,136,197",7.18,11.53
"7.18-164,201,57,9,43,253",11.63,5.0,307.0,"164,201,57,9,43,253",7.18,11.63
"7.18-108,250,167,124,18,1",10.43,5.0,115.0,"108,250,167,124,18,1",7.18,10.43
"7.18-64,140,31,142,167,149",11.78,11.0,693.0,"64,140,31,142,167,149",7.18,11.78
"7.18-148,54,32,44,55,168",7.75,2.0,2.0,"148,54,32,44,55,168",7.18,7.75
"7.18-164,64,140,31,142,167",11.15,2.0,2.0,"164,64,140,31,142,167",7.18,11.15
"7.18-168,48,74,38,133,29",7.9,1.0,2.0,"168,48,74,38,133,29",7.18,7.9
"7.18-172,115,82,76,172,89",12.07,8.0,780.0,"172,115,82,76,172,89",7.18,12.07
"7.18-60,134,209,115,214,231",11.43,11.0,91.0,"60,134,209,115,214,231",7.18,11.43
"7.18-184,55,101,29,72,107",12.1,2.0,544.0,"184,55,101,29,72,107",7.18,12.1
"7.18-124,161,119,225,7,54",12.03,1.0,156.0,"124,161,119,225,7,54",7.18,12.03
"7.18-88,102,186,101,140,144",12.47,2.0,323.0,"88,102,186,101,140,144",7.18,12.47
"7.18-116,122,144,29,152,239",8.93,2.0,2.0,"116,122,144,29,152,239",7.18,8.93
"7.18-160,148,26,106,76,115",8.93,2.0,2.0,"160,148,26,106,76,115",7.18,8.93
"7.18-48,74,39,133,29,213",11.43,2.0,2.0,"48,74,39,133,29,213",7.18,11.43
"7.18-176,241,236,149,108,56",9.0,3.0,3.0,"176,241,236,149,108,56",7.18,9.0
"7.18-192,181,215,177,191,11",10.28,3.0,64.0,"192,181,215,177,191,11",7.18,10.28
"7.18-40,58,77,49,206,211",12.57,2.0,595.0,"40,58,77,49,206,211",7.18,12.57
"7.18-76,121,110,92,225,133",12.62,2.0,48.0,"76,121,110,92,225,133",7.18,12.62
"7.18-40,53,69,96,185,108",12.63,3.0,134.0,"40,53,69,96,185,108",7.18,12.63
"7.18-40,49,102,240,235,181",12.43,6.0,34.0,"40,49,102,240,235,181",7.18,12.43
"7.18-156,116,3,24,100,145",11.68,9.0,193.0,"156,116,3,24,100,145",7.18,11.68
"7.18-32,40,62,78,233,160",10.25,2.0,4.0,"32,40,62,78,233,160",7.18,10.25
"7.18-136,191,228,175,202,9",10.92,2.0,52.0,"136,191,228,175,202,9",7.18,10.92
"7.18-116,21,117,93,235,62",12.63,2.0,309.0,"116,21,117,93,235,62",7.18,12.63
"7.18-28,66,125,50,93,223",12.62,2.0,103.0,"28,66,125,50,93,223",7.18,12.62
"7.18-220,22,178,82,60,241",12.5,8.0,175.0,"220,22,178,82,60,241",7.18,12.5
"7.18-252,124,2,134,99,96",9.22,4.0,29.0,"252,124,2,134,99,96",7.18,9.22
"7.18-156,116,3,130,126,7",12.65,5.0,105.0,"156,116,3,130,126,7",7.18,12.65
"7.18-220,109,205,125,41,209",12.55,2.0,386.0,"220,109,205,125,41,209",7.18,12.55
"7.18-132,27,119,107,15,168",11.17,5.0,308.0,"132,27,119,107,15,168",7.18,11.17
"7.18-4,237,51,58,71,236",9.42,1.0,37.0,"4,237,51,58,71,236",7.18,9.42
"7.18-76,192,10,202,59,191",12.68,2.0,167.0,"76,192,10,202,59,191",7.18,12.68
"7.18-76,2,32,111,66,59",12.67,7.0,615.0,"76,2,32,111,66,59",7.18,12.67
"7.18-36,82,106,59,81,234",12.67,2.0,242.0,"36,82,106,59,81,234",7.18,12.67
"7.18-168,152,146,10,133,107",12.68,1.0,742.0,"168,152,146,10,133,107",7.18,12.68
"7.18-116,76,161,98,31,201",12.57,3.0,242.0,"116,76,161,98,31,201",7.18,12.57
"7.18-172,237,92,135,223,242",12.58,2.0,94.0,"172,237,92,135,223,242",7.18,12.58
"7.18-224,19,181,243,221,87",9.3,2.0,92.0,"224,19,181,243,221,87",7.18,9.3
"7.18-248,45,124,72,127,16",12.6,3.0,245.0,"248,45,124,72,127,16",7.18,12.6
"7.18-140,170,206,161,68,84",11.98,10.0,646.0,"140,170,206,161,68,84",7.18,11.98
"7.18-76,213,119,170,111,119",11.32,2.0,38.0,"76,213,119,170,111,119",7.18,11.32
"7.18-72,81,197,94,156,205",12.6,4.0,1483.0,"72,81,197,94,156,205",7.18,12.6
"7.18-208,151,254,41,36,162",12.62,2.0,400.0,"208,151,254,41,36,162",7.18,12.62
"7.18-48,123,172,71,127,62",10.25,2.0,2.0,"48,123,172,71,127,62",7.18,10.25
"7.18-8,74,207,99,147,223",12.45,6.0,141.0,"8,74,207,99,147,223",7.18,12.45
"7.18-220,245,5,135,188,48",12.53,1.0,61.0,"220,245,5,135,188,48",7.18,12.53
"7.18-32,40,62,78,233,36",10.8,1.0,8.0,"32,40,62,78,233,36",7.18,10.8
"7.18-100,188,88,186,223,176",12.62,3.0,50.0,"100,188,88,186,223,176",7.18,12.62
"7.18-76,2,32,160,146,82",12.22,6.0,13.0,"76,2,32,160,146,82",7.18,12.22
"7.18-164,204,185,229,56,107",12.7,2.0,75.0,"164,204,185,229,56,107",7.18,12.7
"7.18-72,70,193,161,116,246",12.6,2.0,75.0,"72,70,193,161,116,246",7.18,12.6
"7.18-72,76,134,151,123,179",9.72,1.0,4.0,"72,76,134,151,123,179",7.18,9.72
"7.18-208,151,254,40,222,169",12.68,5.0,217.0,"208,151,254,40,222,169",7.18,12.68
"7.18-20,159,182,86,222,181",12.08,2.0,6.0,"20,159,182,86,222,181",7.18,12.08
"7.18-24,208,197,242,97,13",10.18,6.0,7.0,"24,208,197,242,97,13",7.18,10.18
"7.18-224,55,191,185,108,92",12.63,1.0,227.0,"224,55,191,185,108,92",7.18,12.63
"7.18-196,64,246,220,81,179",12.23,6.0,104.0,"196,64,246,220,81,179",7.18,12.23
"7.18-176,252,54,92,62,89",12.67,2.0,52.0,"176,252,54,92,62,89",7.18,12.67
"7.18-220,245,5,135,187,95",12.62,2.0,56.0,"220,245,5,135,187,95",7.18,12.62
"7.18-168,164,125,159,153,152",11.87,2.0,3.0,"168,164,125,159,153,152",7.18,11.87
"7.18-160,4,207,140,11,128",9.3,1.0,2.0,"160,4,207,140,11,128",7.18,9.3
"7.18-80,210,245,240,233,85",12.35,2.0,10.0,"80,210,245,240,233,85",7.18,12.35
"7.18-108,215,31,1,165,17",9.38,3.0,44.0,"108,215,31,1,165,17",7.18,9.38
"7.18-56,252,152,142,93,110",12.6,2.0,161.0,"56,252,152,142,93,110",7.18,12.6
"7.18-204,102,10,209,112,18",10.88,5.0,80.0,"204,102,10,209,112,18",7.18,10.88
"7.18-24,158,44,153,108,178",12.55,4.0,37.0,"24,158,44,153,108,178",7.18,12.55
"7.18-240,103,40,135,90,171",12.78,1.0,956.0,"240,103,40,135,90,171",7.18,12.78
"7.18-44,21,225,16,68,88",12.22,3.0,5.0,"44,21,225,16,68,88",7.18,12.22
"7.18-108,177,88,58,181,202",11.87,4.0,9.0,"108,177,88,58,181,202",7.18,11.87
"7.18-220,68,109,56,146,61",9.35,3.0,3.0,"220,68,109,56,146,61",7.18,9.35
"7.18-12,75,84,85,61,8",9.57,1.0,2.0,"12,75,84,85,61,8",7.18,9.57
"7.18-216,50,20,254,96,65",11.33,4.0,6.0,"216,50,20,254,96,65",7.18,11.33
"7.18-168,226,195,233,6,76",11.42,2.0,2.0,"168,226,195,233,6,76",7.18,11.42
"7.18-244,96,226,16,224,222",12.67,1.0,20.0,"244,96,226,16,224,222",7.18,12.67
"7.18-192,46,37,42,205,205",12.78,3.0,64.0,"192,46,37,42,205,205",7.18,12.78
"7.18-48,123,172,71,160,113",11.63,4.0,9.0,"48,123,172,71,160,113",7.18,11.63
"7.18-48,123,172,71,127,116",9.5,2.0,2.0,"48,123,172,71,127,116",7.18,9.5
"7.18-124,112,219,159,148,108",11.42,1.0,6.0,"124,112,219,159,148,108",7.18,11.42
"7.18-160,157,193,211,143,65",12.5,3.0,62.0,"160,157,193,211,143,65",7.18,12.5
"7.18-144,120,65,31,69,55",12.8,2.0,138.0,"144,120,65,31,69,55",7.18,12.8
"7.18-44,109,193,102,86,157",12.92,1.0,14.0,"44,109,193,102,86,157",7.18,12.92
"7.18-156,174,211,194,70,96",11.32,1.0,8.0,"156,174,211,194,70,96",7.18,11.32
"7.18-252,190,123,146,220,35",10.05,2.0,16.0,"252,190,123,146,220,35",7.18,10.05
"7.18-76,121,110,78,156,206",12.85,3.0,246.0,"76,121,110,78,156,206",7.18,12.85
"7.18-76,121,110,78,156,207",12.85,3.0,57.0,"76,121,110,78,156,207",7.18,12.85
"7.18-28,2,25,109,232,179",11.93,2.0,37.0,"28,2,25,109,232,179",7.18,11.93
"7.18-92,74,31,185,183,247",12.67,2.0,5.0,"92,74,31,185,183,247",7.18,12.67
"7.18-252,171,144,115,155,102",11.93,2.0,3.0,"252,171,144,115,155,102",7.18,11.93
"7.18-164,57,182,9,232,83",12.95,2.0,3.0,"164,57,182,9,232,83",7.18,12.95
"7.18-68,216,120,87,119,51",12.22,1.0,257.0,"68,216,120,87,119,51",7.18,12.22
"7.18-228,125,159,153,152,106",12.7,1.0,3.0,"228,125,159,153,152,106",7.18,12.7
"7.18-212,131,4,236,83,154",11.85,1.0,6.0,"212,131,4,236,83,154",7.18,11.85
"7.18-108,33,162,235,7,87",13.0,3.0,200.0,"108,33,162,235,7,87",7.18,13.0
"7.18-96,230,240,154,21,215",11.08,8.0,21.0,"96,230,240,154,21,215",7.18,11.08
"7.18-116,195,48,25,244,36",9.88,2.0,2.0,"116,195,48,25,244,36",7.18,9.88
"7.18-32,238,40,60,214,136",11.05,2.0,6.0,"32,238,40,60,214,136",7.18,11.05
"7.18-228,163,47,85,234,94",12.52,2.0,6.0,"228,163,47,85,234,94",7.18,12.52
"7.18-152,34,239,8,233,105",13.1,5.0,626.0,"152,34,239,8,233,105",7.18,13.1
"7.18-20,90,252,52,211,125",13.07,2.0,6.0,"20,90,252,52,211,125",7.18,13.07
"7.18-32,195,143,154,172,97",11.17,9.0,21.0,"32,195,143,154,172,97",7.18,11.17
"7.18-164,80,70,27,140,33",12.83,6.0,88.0,"164,80,70,27,140,33",7.18,12.83
"7.18-80,143,76,102,201,17",12.3,1.0,2.0,"80,143,76,102,201,17",7.18,12.3
"7.18-152,59,103,48,125,65",12.75,2.0,3.0,"152,59,103,48,125,65",7.18,12.75
"7.18-80,210,245,241,18,92",11.8,2.0,2.0,"80,210,245,241,18,92",7.18,11.8
"7.18-48,50,51,210,96,61",12.33,2.0,2.0,"48,50,51,210,96,61",7.18,12.33
"7.18-48,74,102,133,29,213",12.03,1.0,3.0,"48,74,102,133,29,213",7.18,12.03
"7.18-64,69,218,107,91,35",10.88,7.0,9.0,"64,69,218,107,91,35",7.18,10.88
"7.18-64,68,253,54,202,98",10.88,2.0,2.0,"64,68,253,54,202,98",7.18,10.88
"7.18-16,152,195,15,47,192",11.03,2.0,3.0,"16,152,195,15,47,192",7.18,11.03
"7.18-160,220,240,144,185,104",12.6,1.0,3.0,"160,220,240,144,185,104",7.18,12.6
"7.18-180,80,143,76,102,201",11.27,1.0,4.0,"180,80,143,76,102,201",7.18,11.27
"7.18-168,220,240,144,185,104",10.83,1.0,2.0,"168,220,240,144,185,104",7.18,10.83
"7.18-164,220,240,144,185,104",13.12,2.0,2.0,"164,220,240,144,185,104",7.18,13.12
"7.18-140,37,5,134,24,48",12.47,2.0,58.0,"140,37,5,134,24,48",7.18,12.47
"7.18-196,152,92,41,196,143",13.55,3.0,38.0,"196,152,92,41,196,143",7.18,13.55
"7.18-152,59,103,48,125,41",11.97,1.0,4.0,"152,59,103,48,125,41",7.18,11.97
"7.18-176,241,236,166,12,79",12.45,6.0,24.0,"176,241,236,166,12,79",7.18,12.45
"7.18-20,71,45,69,60,115",12.98,2.0,23.0,"20,71,45,69,60,115",7.18,12.98
"7.18-220,240,144,177,104,48",12.23,2.0,2.0,"220,240,144,177,104,48",7.18,12.23
"7.18-76,24,154,44,218,251",13.65,6.0,55.0,"76,24,154,44,218,251",7.18,13.65
"7.18-140,52,1,175,121,255",11.38,8.0,229.0,"140,52,1,175,121,255",7.18,11.38
"7.18-48,74,54,133,29,213",11.55,2.0,2.0,"48,74,54,133,29,213",7.18,11.55
"7.18-104,74,174,67,128,132",13.65,3.0,15.0,"104,74,174,67,128,132",7.18,13.65
"7.18-212,26,63,183,185,195",13.58,1.0,4.0,"212,26,63,183,185,195",7.18,13.58
"7.18-240,27,108,132,118,28",12.88,1.0,2.0,"240,27,108,132,118,28",7.18,12.88
"7.18-224,39,108,16,137,97",11.95,2.0,17.0,"224,39,108,16,137,97",7.18,11.95
"7.18-64,140,31,117,95,237",11.42,5.0,9.0,"64,140,31,117,95,237",7.18,11.42
"7.18-36,121,243,216,47,121",11.47,2.0,10.0,"36,121,243,216,47,121",7.18,11.47
"7.18-48,123,172,71,160,50",13.63,1.0,3.0,"48,123,172,71,160,50",7.18,13.63
"7.18-116,242,250,31,57,102",12.97,2.0,5.0,"116,242,250,31,57,102",7.18,12.97
"7.18-48,74,38,133,29,85",13.6,2.0,3.0,"48,74,38,133,29,85",7.18,13.6
"7.18-120,68,253,251,54,117",12.62,2.0,2.0,"120,68,253,251,54,117",7.18,12.62
"7.18-72,70,193,78,219,217",14.07,2.0,21.0,"72,70,193,78,219,217",7.18,14.07
"7.18-224,238,27,201,210,17",11.9,8.0,15.0,"224,238,27,201,210,17",7.18,11.9
"7.18-48,78,38,133,29,213",12.7,2.0,2.0,"48,78,38,133,29,213",7.18,12.7
"7.18-220,240,144,249,104,48",13.5,1.0,5.0,"220,240,144,249,104,48",7.18,13.5
"7.18-72,149,7,30,171,33",13.9,1.0,5.0,"72,149,7,30,171,33",7.18,13.9
"7.18-12,75,84,85,60,182",13.58,2.0,4.0,"12,75,84,85,60,182",7.18,13.58
"7.18-220,240,16,185,104,48",14.05,1.0,4.0,"220,240,16,185,104,48",7.18,14.05
"7.18-112,58,81,118,31,27",12.23,1.0,2.0,"112,58,81,118,31,27",7.18,12.23
"7.18-48,74,38,133,21,213",13.28,2.0,2.0,"48,74,38,133,21,213",7.18,13.28
"7.18-188,95,246,246,99,95",14.05,1.0,2.0,"188,95,246,246,99,95",7.18,14.05
"7.18-164,80,70,102,229,159",12.57,3.0,64.0,"164,80,70,102,229,159",7.18,12.57
"7.18-160,148,26,36,89,17",14.25,4.0,69.0,"160,148,26,36,89,17",7.18,14.25
"7.18-80,61,198,63,196,108",12.48,2.0,2.0,"80,61,198,63,196,108",7.18,12.48
"7.18-240,98,90,159,90,22",12.65,7.0,36.0,"240,98,90,159,90,22",7.18,12.65
"7.18-156,245,49,209,69,163",12.68,4.0,11.0,"156,245,49,209,69,163",7.18,12.68
"7.18-32,40,62,78,237,188",13.3,1.0,2.0,"32,40,62,78,237,188",7.18,13.3
"7.18-48,231,188,153,110,173",14.45,6.0,18.0,"48,231,188,153,110,173",7.18,14.45
"7.18-52,8,188,243,248,24",14.63,1.0,19.0,"52,8,188,243,248,24",7.18,14.63
"7.18-44,169,240,18,181,97",13.15,2.0,6.0,"44,169,240,18,181,97",7.18,13.15
"7.18-8,250,121,45,39,67",14.32,1.0,2.0,"8,250,121,45,39,67",7.18,14.32
"7.18-8,179,175,7,212,61",14.63,2.0,13.0,"8,179,175,7,212,61",7.18,14.63
"7.18-164,204,185,239,89,33",13.68,2.0,8.0,"164,204,185,239,89,33",7.18,13.68
"7.18-124,179,123,208,149,129",14.65,2.0,83.0,"124,179,123,208,149,129",7.18,14.65
"7.18-64,141,31,142,167,21",13.98,1.0,2.0,"64,141,31,142,167,21",7.18,13.98
"7.18-72,149,7,241,12,239",13.83,2.0,3.0,"72,149,7,241,12,239",7.18,13.83
"7.18-148,54,32,44,55,171",14.4,1.0,2.0,"148,54,32,44,55,171",7.18,14.4
"7.18-168,184,148,54,32,44",14.4,1.0,3.0,"168,184,148,54,32,44",7.18,14.4
"7.18-160,88,198,240,41,58",14.4,1.0,2.0,"160,88,198,240,41,58",7.18,14.4
"7.18-184,148,54,48,44,55",15.3,2.0,2.0,"184,148,54,48,44,55",7.18,15.3
"7.18-8,250,121,195,19,245",14.65,1.0,2.0,"8,250,121,195,19,245",7.18,14.65
"7.18-48,74,38,155,214,98",15.02,1.0,2.0,"48,74,38,155,214,98",7.18,15.02
"7.18-32,50,51,210,112,61",15.07,1.0,4.0,"32,50,51,210,112,61",7.18,15.07
"7.18-164,4,80,111,146,194",14.67,2.0,8.0,"164,4,80,111,146,194",7.18,14.67
"7.18-112,71,233,36,21,7",15.15,1.0,2.0,"112,71,233,36,21,7",7.18,15.15
"7.18-160,110,247,96,234,205",15.07,1.0,2.0,"160,110,247,96,234,205",7.18,15.07
"7.18-240,144,185,104,48,168",15.38,1.0,2.0,"240,144,185,104,48,168",7.18,15.38
